branch,fid,start,end,reason,facility_name
10973,L:10034:10049:138,2016-01-19 08:00:00,2016-02-02 08:00:00,planned,Mooe St - Urich Tap Substation 138 kV Line 1
3712,L:6637:6651:138,2016-01-17 08:00:00,2016-01-28 08:00:00,planned,Van Buren - Abilene Maple St 138 kV #1
6366,L:7914:8241:138,2016-01-12 08:00:00,2016-01-31 08:00:00,planned,119Th Street - Kleen 138 kV Cir. 1
7757,L:8516:8791:138,2016-01-17 08:00:00,2016-01-26 08:00:00,planned,Tucannon River - Plant Avenue 138 kV
15378,L:19039:19332:100,2016-01-18 08:00:00,2016-01-19 08:00:00,planned,Gaucho - Cagnon Rd 100 kV Line 1
16098,L:19391:19441:100,2016-01-16 08:00:00,2016-01-20 08:00:00,planned,Bowes - Glenns Ferry 100 kV Cir. 1
7763,L:8519:8547:138,2016-01-13 08:00:00,2016-01-29 08:00:00,planned,Austin - 7Th St 138 kV Circuit 2
677,L:5301:6877:138,2016-01-17 08:00:00,2016-01-18 08:00:00,planned,Strahan - Adair Substation 138 kV Cir. 1
18397,L:21203:21738:100,2016-01-14 08:00:00,2016-01-31 08:00:00,planned,Graphic Packaging - Dow St Chrles Operations 100 kV Ckt 1
12824,L:17592:17593:138,2016-01-18 08:00:00,2016-02-04 08:00:00,planned,Bulan - Hazard 138 kV Ckt 1
15417,L:19054:19059:100,2016-01-19 08:00:00,2016-01-21 08:00:00,planned,N Park - Sugarcreek 100 kV
16170,L:19425:19426:100,2016-01-11 08:00:00,2016-01-14 08:00:00,planned,Lucas - Iona 100 kV #1
13236,L:17927:18295:138,2016-01-11 08:00:00,2016-01-12 08:00:00,planned,Tahoe City - Main St Substation 138 kV Line 1
17717,L:20067:20120:100,2016-01-13 08:00:00,2016-01-20 08:00:00,planned,Golden Vly Substation - Alum Ridge 100 kV Circuit 1
14680,L:18741:19625:100,2016-01-18 08:00:00,2016-01-20 08:00:00,planned,Mcewen Substation - Stephentown 100 kV Circuit 1
13578,L:18105:18115:138,2016-01-10 08:00:00,2016-01-27 08:00:00,planned,Camuy 7601 - Western Digital 138 kV Circuit 1
4916,L:7178:7218:138,2016-01-16 08:00:00,2016-01-27 08:00:00,planned,Michigamme Falls Hy - Scanlon 138 kV #1
2479,L:6033:7115:138,2016-01-18 08:00:00,2016-01-25 08:00:00,planned,Dixon Tap - Hamilton Pa 138 kV Circuit 1
393,L:5172:5188:138,2016-01-19 08:00:00,2016-02-04 08:00:00,planned,Rhode Island State Energy Ctr - Waldwick 138 kV Line 1
19329,L:22831:22836:100,2016-01-11 08:00:00,2016-01-18 08:00:00,planned,Morganville - Polson 100 kV Line 1
2301,L:5981:5988:138,2016-01-15 08:00:00,2016-02-04 08:00:00,planned,Benndale - Pirkey Substation 138 kV #2
12135,L:16959:17445:138,2016-01-13 08:00:00,2016-01-26 08:00:00,planned,Mtu - Garrott 138 kV Cir. 1
7778,L:8525:9094:138,2016-01-10 08:00:00,2016-01-17 08:00:00,planned,Sulphur Springs - Bengies 138 kV Circuit 1
1057,L:5494:6188:138,2016-01-15 08:00:00,2016-01-25 08:00:00,planned,Rittenhouse - Sun City 138 kV
15666,L:19174:19568:100,2016-01-17 08:00:00,2016-02-06 08:00:00,planned,Akron - Overlook 100 kV Circuit 1
20353,L:23169:23170:100,2016-01-12 08:00:00,2016-01-24 08:00:00,planned,Lockport - Putts Bridge 100 kV Cir. 1
11146,L:10137:10274:138,2016-01-19 08:00:00,2016-01-26 08:00:00,planned,Northern Steel Casing Substation - Philip Morris 138 kV Line 1
17997,L:20238:20239:100,2016-01-11 08:00:00,2016-01-31 08:00:00,planned,Rodeo - Sepluveda 100 kV Circuit 1
20590,L:23283:23474:100,2016-01-13 08:00:00,2016-01-20 08:00:00,planned,Foreman North - Belridge 1A 100 kV Cir. 1
1219,L:5557:5563:138,2016-01-11 08:00:00,2016-01-23 08:00:00,planned,Beardsley Tap Substation - Jamestown 138 kV
17852,L:20142:20148:100,2016-01-14 08:00:00,2016-01-21 08:00:00,planned,Cahullia - Canas Tc 100 kV
17128,L:19792:19793:100,2016-01-15 08:00:00,2016-01-16 08:00:00,planned,Lake Geneva - Eastlake Sta 100 kV
8099,L:8693:9688:138,2016-01-17 08:00:00,2016-01-29 08:00:00,planned,Clarendon - Radnor Heights 138 kV Cir. 1
11039,L:10077:10078:138,2016-01-16 08:00:00,2016-01-27 08:00:00,planned,Norris City N - 4602 Coamo 138 kV Ckt 1
15024,L:18882:19237:100,2016-01-17 08:00:00,2016-02-01 08:00:00,planned,Fourth Branch Hydroelectric Facility - 30Th Ave 100 kV #1
8592,L:8929:8953:138,2016-01-16 08:00:00,2016-01-28 08:00:00,planned,Mohave Electric - Nasa 138 kV
19496,L:22872:22930:100,2016-01-11 08:00:00,2016-01-14 08:00:00,planned,Sun Prairie Substation - Canreed 100 kV Line 1
6800,L:8148:8286:345,2016-01-11 08:00:00,2016-01-24 08:00:00,planned,Southgate - Lsu 345 kV Cir. 1
7300,L:8319:8352:138,2016-01-14 08:00:00,2016-02-03 08:00:00,planned,Queen City - Sunset Lae 138 kV Circuit 1
9067,L:9130:9131:138,2016-01-11 08:00:00,2016-01-24 08:00:00,planned,Gordonsville - Gordonsville Energy Lp 138 kV Circuit 1
7883,L:8594:8726:138,2016-01-17 08:00:00,2016-01-22 08:00:00,planned,Sollers Warf - Port Wing 138 kV Circuit 1
5022,L:7217:7382:138,2016-01-17 08:00:00,2016-02-06 08:00:00,planned,Jerusalem - Willow Lawn 138 kV
6312,L:7881:7920:138,2016-01-19 08:00:00,2016-01-23 08:00:00,planned,Pratt 2 Substation - Gibson 138 kV Circuit 1
4193,L:6943:6946:138,2016-01-13 08:00:00,2016-01-14 08:00:00,planned,Tunnel - Mogan 138 kV Ckt 1
9992,L:9625:16877:345,2016-01-14 08:00:00,2016-01-31 08:00:00,planned,John Sevier Substation - N Ublin 345 kV Cir. 1
16106,L:19393:19585:100,2016-01-14 08:00:00,2016-01-29 08:00:00,planned,Hiawatha Ese - Tunica 100 kV Line 1
11509,L:10295:10305:138,2016-01-10 08:00:00,2016-01-21 08:00:00,planned,Hilltop 230115Kv - Surry 138 kV line
10952,L:10024:10025:138,2016-01-15 08:00:00,2016-01-31 08:00:00,planned,Santee - Morrison 138 kV
9211,L:9197:9198:138,2016-01-19 08:00:00,2016-01-22 08:00:00,planned,Verdant - De Solar 1725 Drywall Dr 138 kV #1
19084,L:22590:22594:100,2016-01-18 08:00:00,2016-01-31 08:00:00,planned,Rittenhouse Tap 2 - Factor 1 8011 100 kV #1
12958,L:17721:17835:138,2016-01-19 08:00:00,2016-02-08 08:00:00,planned,J K Smith - Crabb Riv Road 138 kV Ckt 1
15154,L:18935:19189:100,2016-01-11 08:00:00,2016-01-24 08:00:00,planned,Avena Tap 2 - Burleson 100 kV Circuit 1
9167,L:9168:9195:138,2016-01-11 08:00:00,2016-01-21 08:00:00,planned,Hermanas Davila 1705 - Miners 138 kV Line 1
16944,L:19726:19820:100,2016-01-12 08:00:00,2016-01-29 08:00:00,planned,Cypress-Manzanita - Brush 100 kV Ckt 1
10458,L:9786:9788:138,2016-01-19 08:00:00,2016-02-02 08:00:00,planned,Jim Creek - Big Creek 1 138 kV Circuit 1
20626,L:23297:23346:100,2016-01-10 08:00:00,2016-01-24 08:00:00,planned,Peosta - Mile-Hi 100 kV
7476,L:8399:18448:138,2016-01-18 08:00:00,2016-01-30 08:00:00,planned,Trego - Angle Lake 138 kV Line 1
9039,L:9113:9129:138,2016-01-16 08:00:00,2016-01-21 08:00:00,planned,Hard Rock - Reiner Road 138 kV #1
19784,L:22962:23053:230,2016-01-19 08:00:00,2016-02-04 08:00:00,planned,Poplar Bluff Generating Sta - Evergreen Park 230 kV Line
16886,L:19696:20033:230,2016-01-19 08:00:00,2016-01-22 08:00:00,planned,West Austintown - Thomaston 230 kV Cir. 1
8458,L:8852:8881:138,2016-01-16 08:00:00,2016-01-29 08:00:00,planned,Derwood - Kenlworth 138 kV
5301,L:7368:7375:138,2016-01-19 08:00:00,2016-01-21 08:00:00,planned,Woodville - Napoleonville 138 kV Circuit 1
19761,L:22951:22962:230,2016-01-15 08:00:00,2016-01-29 08:00:00,planned,Jim Chrisal - Poplar Bluff Generating Station 230 kV Line
15936,L:19306:19589:100,2016-01-18 08:00:00,2016-02-06 08:00:00,planned,Wall St - Firstenergy W H Sammis 100 kV #1
7808,L:8538:8542:138,2016-01-10 08:00:00,2016-01-18 08:00:00,planned,Hartley - Raphael Road 138 kV Circuit 1
13458,L:18040:18049:138,2016-01-12 08:00:00,2016-01-24 08:00:00,planned,Westmoreland N - Moorepark 138 kV Line
15083,L:18909:19278:100,2016-01-17 08:00:00,2016-01-25 08:00:00,planned,Rosenberg Substation - Radfords Run Wind Farm 100 kV Cir. 1
7353,L:8342:8388:138,2016-01-12 08:00:00,2016-01-29 08:00:00,planned,Carrcroft - Silver Side Road 138 kV
11267,L:10219:10225:138,2016-01-17 08:00:00,2016-01-18 08:00:00,planned,Comox Substation - Orted 138 kV
15669,L:19175:19182:100,2016-01-12 08:00:00,2016-01-24 08:00:00,planned,Calderwood - Bertram 100 kV #1
6300,L:7878:7905:138,2016-01-11 08:00:00,2016-01-28 08:00:00,planned,Galloway Substation - Iron Bridge 138 kV Circuit 1
17179,L:19815:19880:100,2016-02-04 19:00:00,2016-02-18 19:00:00,planned,Norway - Wintun 100 kV line
6634,L:8061:8062:138,2016-02-04 19:00:00,2016-02-23 19:00:00,planned,Reenergy Ashland Substation - Mcclain Energy Facility 138 kV #1
4332,L:7034:7035:138,2016-02-11 19:00:00,2016-02-23 19:00:00,planned,Waymart Wind - Klondike 138 kV
16330,L:19530:19540:100,2016-02-09 19:00:00,2016-02-17 19:00:00,planned,Austrop - Killen 100 kV Circuit 1
17510,L:19968:20076:100,2016-02-09 19:00:00,2016-02-23 19:00:00,planned,Bedford 2 - Saugus 100 kV #1
14909,L:18839:18862:100,2016-02-12 19:00:00,2016-02-29 19:00:00,planned,Loma Vista - Cedar Hill 100 kV Cir. 1
12420,L:17154:19262:100,2016-02-12 19:00:00,2016-02-14 19:00:00,planned,Hale - Everglades City 100 kV Circuit 2
17630,L:20020:20025:100,2016-02-05 19:00:00,2016-02-19 19:00:00,planned,Parr Gt - St Croix Falls 100 kV line
16890,L:19698:20014:100,2016-02-08 19:00:00,2016-02-15 19:00:00,planned,Newark - Jonesboro 100 kV Circuit 1
799,L:5366:5392:138,2016-02-12 19:00:00,2016-02-23 19:00:00,planned,Belleville - Cook Rd 138 kV Circuit 1
11025,L:10070:10291:345,2016-02-10 19:00:00,2016-02-17 19:00:00,planned,Corners - Idalia 345 kV Line 1
6251,L:7853:7856:138,2016-02-07 19:00:00,2016-02-17 19:00:00,planned,Portuguez - Sanford 138 kV line
9267,L:9225:9227:138,2016-02-10 19:00:00,2016-02-24 19:00:00,planned,Blue Ridge - Desmet 138 kV
5464,L:7459:7461:138,2016-02-04 19:00:00,2016-02-21 19:00:00,planned,Craggy - Hoytdale 138 kV Line 1
6076,L:7764:19648:230,2016-02-11 19:00:00,2016-02-20 19:00:00,planned,Aes Columbia Power - Western Fher 230 kV L
20709,L:23334:23517:100,2016-02-04 19:00:00,2016-02-24 19:00:00,planned,Mulberry Substation - Dixon Hydroelectric Dam 100 kV Circuit 1
12969,L:17735:17736:138,2016-02-08 19:00:00,2016-02-16 19:00:00,planned,Paul Sweet - Allings Crossing 138 kV
15547,L:19113:19466:100,2016-02-12 19:00:00,2016-02-20 19:00:00,planned,Avera - Tillman 100 kV Ckt 1
20205,L:23115:23116:100,2016-02-05 19:00:00,2016-02-09 19:00:00,planned,Floral Park - New Madrid 100 kV Ckt 2
5913,L:7694:7800:138,2016-02-12 19:00:00,2016-02-14 19:00:00,planned,Round Rock S - Johnsonburg Mill 138 kV Line
2437,L:6020:6022:138,2016-02-07 19:00:00,2016-02-23 19:00:00,planned,Rotary Park - Cape Canaveral Substation 138 kV
13404,L:18008:19150:100,2016-02-11 19:00:00,2016-02-14 19:00:00,planned,Round Rock - Kenzig 100 kV
5062,L:7233:8220:500,2016-02-10 19:00:00,2016-02-28 19:00:00,planned,Thayer - Youngwood 500 kV Ckt 1
16961,L:19732:19815:100,2016-02-07 19:00:00,2016-02-08 19:00:00,planned,Nelson - Norway 100 kV Circuit 1
14281,L:18559:18605:138,2016-02-11 19:00:00,2016-02-17 19:00:00,planned,Alamogordo Solar Energy Ctr - Wites Crk 138 kV Circuit 1
6756,L:8118:8123:138,2016-02-13 19:00:00,2016-02-20 19:00:00,planned,Amco - Covington 138 kV Line 1
7415,L:8379:8392:138,2016-02-08 19:00:00,2016-02-16 19:00:00,planned,Bayard - Taftsville 138 kV Ckt 1
10718,L:9913:10159:138,2016-02-06 19:00:00,2016-02-18 19:00:00,planned,Occoquan - Covanta Fairfax Energy 138 kV #1
18987,L:22325:23027:100,2016-02-05 19:00:00,2016-02-22 19:00:00,planned,River Mill - Arbors 100 kV Cir. 2
16825,L:19659:19926:100,2016-02-04 19:00:00,2016-02-20 19:00:00,planned,S Dakota Wind Energy Cente - Northadams 100 kV
20640,L:23302:23310:100,2016-02-12 19:00:00,2016-02-23 19:00:00,planned,South Hall - Deep Springs 100 kV Circuit 1
12143,L:16969:17313:138,2016-02-08 19:00:00,2016-02-21 19:00:00,planned,Huntersville Delivery No 2 - Mount Olive 138 kV Circuit 1
19620,L:22901:22925:100,2016-02-09 19:00:00,2016-02-16 19:00:00,planned,Fruit Industries - Marks 100 kV Cir. 1
1003,L:5474:5994:138,2016-02-11 19:00:00,2016-02-22 19:00:00,planned,Higgins - Bergen Generating Station 138 kV Line
1015,L:5478:5948:138,2016-02-12 19:00:00,2016-02-20 19:00:00,planned,Uc Davis - Woodrng 138 kV
14279,L:18558:18604:138,2016-02-13 19:00:00,2016-02-18 19:00:00,planned,Grand Ronde - Glenshire 138 kV Circuit 1
18673,L:21778:21790:100,2016-02-09 19:00:00,2016-02-14 19:00:00,planned,Arden Hills - Cheyene 100 kV Cir. 1
3645,L:6597:6609:138,2016-02-12 19:00:00,2016-02-17 19:00:00,planned,Warm Springs - Boyer 138 kV Line 1
2411,L:6008:6012:138,2016-02-12 19:00:00,2016-02-22 19:00:00,planned,W Receiving Substation - Auld 138 kV Circuit 1
9463,L:9325:9328:138,2016-02-07 19:00:00,2016-02-22 19:00:00,planned,Melones - Nine Mile Crk 138 kV #1
2799,L:6183:6202:138,2016-02-23 19:00:00,2016-03-06 19:00:00,planned,Buxmot - Worthington 138 kV
10864,L:9971:9986:138,2016-02-29 19:00:00,2016-03-10 19:00:00,planned,Trask - Loving S 138 kV Cir. 1
6239,L:7846:7847:138,2016-02-28 19:00:00,2016-03-10 19:00:00,planned,Saylor - Lower Ollala 138 kV Line 1
1123,L:5519:5808:138,2016-02-24 19:00:00,2016-03-12 19:00:00,planned,Cushman - Fowler 138 kV Ckt 1
10889,L:9983:9987:138,2016-02-28 19:00:00,2016-03-05 19:00:00,planned,Running Springs - Lakeside 138 kV
20433,L:23205:23339:100,2016-02-27 19:00:00,2016-03-12 19:00:00,planned,Ankeny - Boykins 100 kV Line 1
17277,L:19858:19866:100,2016-03-02 19:00:00,2016-03-17 19:00:00,planned,Crystal Mountain Generation - Lodi Stig 100 kV Line 1
15919,L:19298:19299:100,2016-02-23 19:00:00,2016-03-01 19:00:00,planned,Twin Lakes - Holt Switch 100 kV Circuit 1
13858,L:18275:18276:138,2016-02-25 19:00:00,2016-03-05 19:00:00,planned,S Summitville Substation - Nash Substation 138 kV Cir. 1
20702,L:23331:23334:100,2016-03-02 19:00:00,2016-03-10 19:00:00,planned,S Scottsvile - Mulberry 100 kV L
15251,L:18981:19346:100,2016-02-25 19:00:00,2016-03-01 19:00:00,planned,Rec Newark - St. Lawrence 100 kV #1
20777,L:23384:23386:100,2016-03-01 19:00:00,2016-03-11 19:00:00,planned,Korona - E Clearwater Subdivsion 100 kV Ckt 1
8308,L:8793:8798:138,2016-02-28 19:00:00,2016-03-19 19:00:00,planned,Winton - Crestbrook 138 kV #1
5425,L:7437:8291:138,2016-02-27 19:00:00,2016-03-08 19:00:00,planned,Watertown - Armstrong 138 kV #1
17441,L:19936:20260:100,2016-03-03 19:00:00,2016-03-22 19:00:00,planned,Tewksbury - Avon Lake 100 kV Line
14921,L:18843:19570:100,2016-02-25 19:00:00,2016-03-04 19:00:00,planned,Sidney - Wagley Robertson 100 kV
15364,L:19034:19072:100,2016-02-29 19:00:00,2016-03-14 19:00:00,planned,Wadsworth Substation - Ebroad Street 100 kV Line 1
21059,L:23466:23501:100,2016-02-23 19:00:00,2016-02-26 19:00:00,planned,Suter Substation - Ce Turbo 100 kV Cir. 1
19281,L:22818:23310:100,2016-03-03 19:00:00,2016-03-07 19:00:00,planned,Green Bluff - Deep Springs 100 kV Circuit 2
14792,L:18794:18805:100,2016-02-25 19:00:00,2016-03-04 19:00:00,planned,Medicine Lake - Hamilton Hydro 100 kV L
8432,L:8844:9718:138,2016-02-27 19:00:00,2016-03-17 19:00:00,planned,North Canaan - Swinks Mill 138 kV Cir. 2
11244,L:10203:10207:138,2016-02-29 19:00:00,2016-03-06 19:00:00,planned,Myrle - Suffolk 138 kV
9886,L:9565:9566:138,2016-02-27 19:00:00,2016-02-29 19:00:00,planned,Shiloh - Lebanon 138 kV Line 1
13391,L:18003:18004:138,2016-03-02 19:00:00,2016-03-22 19:00:00,planned,S Jefferson - East Proctorville 138 kV Cir. 1
17131,L:19793:19918:100,2016-02-25 19:00:00,2016-03-15 19:00:00,planned,Eastlake Station - White 100 kV #1
13572,L:18103:18120:138,2016-03-03 19:00:00,2016-03-15 19:00:00,planned,Rio Pecos - Lockheed 2 Tap 138 kV #1
1541,L:5704:5819:500,2016-02-24 19:00:00,2016-03-01 19:00:00,planned,Camp Far West - Roy 500 kV
14764,L:18780:18879:100,2016-03-02 19:00:00,2016-03-11 19:00:00,planned,Thomas Substation - Wps Power Niagaa 100 kV Line 1
13620,L:18133:18449:138,2016-03-01 19:00:00,2016-03-03 19:00:00,planned,Artesin - Gill 138 kV
10693,L:9900:10164:138,2016-02-25 19:00:00,2016-03-08 19:00:00,planned,Bridge - Riverview Substation 138 kV
7419,L:8381:8392:138,2016-02-25 19:00:00,2016-03-11 19:00:00,planned,University Of Florida - Taftsville 138 kV #1
17037,L:19753:20285:100,2016-02-23 19:00:00,2016-03-11 19:00:00,planned,Brigatano - Jm Manufacturing 100 kV L
15155,L:18936:19505:100,2016-02-25 19:00:00,2016-03-03 19:00:00,planned,Sub 18936 - Arabi 100 kV Ckt 1
8007,L:8663:8680:138,2016-02-28 19:00:00,2016-03-09 19:00:00,planned,Lake Platte - Indian 138 kV Circuit 1
5906,L:7686:7688:138,2016-02-26 19:00:00,2016-03-09 19:00:00,planned,Powersville Road - Packard 138 kV Line 1
10807,L:9946:10276:138,2016-02-24 19:00:00,2016-03-01 19:00:00,planned,Short Pump - Denny Terrace 138 kV
3258,L:6396:6405:138,2016-03-01 19:00:00,2016-03-12 19:00:00,planned,Harrisburg Facility - Woodmont 138 kV line
9385,L:9282:9466:138,2016-02-28 19:00:00,2016-03-09 19:00:00,planned,Universiity - Meadow Lake Wind Farm Llc 138 kV L
15793,L:19228:19229:100,2016-02-29 19:00:00,2016-03-04 19:00:00,planned,Viscount - Bridgewater Substation 100 kV
972,L:5448:5910:138,2016-03-03 19:00:00,2016-03-05 19:00:00,planned,Northside - Njt Meadowlands Rail Substaion 138 kV Line 1
9487,L:9334:9379:138,2016-03-03 19:00:00,2016-03-12 19:00:00,planned,Pearsall Power Plant - Hoosier Fairview 138 kV Circuit 1
18814,L:22013:22037:100,2016-02-28 19:00:00,2016-03-19 19:00:00,planned,Grimley Rd - Adams St 100 kV #1
6308,L:7880:8221:345,2016-03-03 19:00:00,2016-03-05 19:00:00,planned,Sta L Scattergood - Frederic Diesel 345 kV #1
1268,L:5581:5911:138,2016-02-26 19:00:00,2016-03-09 19:00:00,planned,Beardsley St Substation - Alessandro 138 kV line
6312,L:7881:7920:138,2016-02-29 19:00:00,2016-03-09 19:00:00,planned,Gibson - Pratt 2 138 kV Circuit 1
15278,L:18995:19054:100,2016-02-25 19:00:00,2016-03-16 19:00:00,planned,Sugacreek Substation - Allatoona 100 kV Line 2
14482,L:18687:19524:230,2016-03-02 19:00:00,2016-03-15 19:00:00,planned,S Milford - Wolverine Creek 230 kV Circuit 1
20286,L:23142:23183:100,2016-02-24 19:00:00,2016-03-05 19:00:00,planned,Warrenville - Prager 100 kV Cir. 1
9575,L:9376:9447:138,2016-03-03 19:00:00,2016-03-10 19:00:00,planned,Astoria Generating Station - M105 138 kV
3777,L:6681:7022:138,2016-04-06 08:00:00,2016-04-15 08:00:00,planned,Springhill - Shell Chemical 138 kV Cir. 1
8441,L:8847:9896:345,2016-03-30 08:00:00,2016-04-16 08:00:00,planned,Engle-Eastern Tap - Dranesville 345 kV
363,L:5158:5329:138,2016-04-06 08:00:00,2016-04-15 08:00:00,planned,Tipton - Shadow 138 kV Cir. 1
2695,L:6126:6127:138,2016-04-04 08:00:00,2016-04-20 08:00:00,planned,Mouton - Palm 138 kV Circuit 1
5298,L:7366:8188:138,2016-03-30 08:00:00,2016-04-17 08:00:00,planned,Sagola - Archibald 138 kV #1
13230,L:17924:18250:138,2016-04-02 08:00:00,2016-04-05 08:00:00,planned,Lansing Bwl Reo Town Plant - Badoura 11534 Kv 138 kV line
9295,L:9240:9245:138,2016-04-02 08:00:00,2016-04-09 08:00:00,planned,Ss3142 - Ralston Tap 138 kV #1
1528,L:5696:5714:138,2016-04-02 08:00:00,2016-04-13 08:00:00,planned,Nssau - Railroad 138 kV Ckt 1
5482,L:7467:18147:138,2016-04-04 08:00:00,2016-04-24 08:00:00,planned,E Liverpool - Portrero Substation 138 kV #1
15850,L:19265:19267:100,2016-04-05 08:00:00,2016-04-15 08:00:00,planned,Southpac - Bridgehampton 100 kV Ckt 1
1060,L:5495:6148:138,2016-03-31 08:00:00,2016-04-16 08:00:00,planned,Edward L. Addison Generating Plant Substation - Egle Mtn 138 kV Line 1
14707,L:18750:18757:230,2016-04-04 08:00:00,2016-04-12 08:00:00,planned,Hollis - West Bellaire 230 kV #1
15691,L:19187:19195:100,2016-04-03 08:00:00,2016-04-14 08:00:00,planned,F B Culley - Rockingham 100 kV Cir. 1
9892,L:9569:16816:138,2016-03-30 08:00:00,2016-04-19 08:00:00,planned,Mccullough - Short Hills 138 kV #1
9307,L:9244:9640:138,2016-04-06 08:00:00,2016-04-17 08:00:00,planned,Lewis River - Bandhead 138 kV line
17297,L:19865:20298:230,2016-04-06 08:00:00,2016-04-17 08:00:00,planned,Trigen St. Louis - Lake Lure Substation 230 kV
786,L:5361:5792:138,2016-03-29 08:00:00,2016-04-05 08:00:00,planned,Darby - Jefferies Station 138 kV Circuit 1
17180,L:19816:20091:230,2016-04-04 08:00:00,2016-04-15 08:00:00,planned,Treat - Chamberlin 230 kV #1
1800,L:5850:5851:138,2016-03-28 08:00:00,2016-03-30 08:00:00,planned,Sjve Madera - Mammoth Pacific 2 138 kV
1584,L:5732:5735:138,2016-04-02 08:00:00,2016-04-10 08:00:00,planned,Woodside - Centro Judicial 138 kV Cir. 1
2596,L:6076:6095:138,2016-03-28 08:00:00,2016-04-17 08:00:00,planned,Elkhorn City - Multitrade Of Pittsylvania Lp 138 kV #1
14604,L:18710:18716:100,2016-03-30 08:00:00,2016-04-17 08:00:00,planned,Huston - Pittsburg 100 kV Ckt 1
17571,L:19992:21397:100,2016-04-04 08:00:00,2016-04-11 08:00:00,planned,Salinas - Leesburg Central 100 kV Ckt 1
19754,L:22951:22960:100,2016-04-06 08:00:00,2016-04-09 08:00:00,planned,Jim Chrisal - Drummond 100 kV Ckt 2
14197,L:18496:18511:138,2016-04-04 08:00:00,2016-04-06 08:00:00,planned,P.T.S - Northwood Cust 138 kV Line 1
19476,L:22868:23518:100,2016-03-29 08:00:00,2016-03-30 08:00:00,planned,Wommack - Progress Energy Clermont 100 kV
5729,L:7577:8157:138,2016-04-06 08:00:00,2016-04-19 08:00:00,planned,Fairlawn - American Crystal Sugar Drayton 138 kV Circuit 1
6604,L:8045:8074:138,2016-04-02 08:00:00,2016-04-07 08:00:00,planned,Carbon Limestone - Fondo Del Seguro Del Estado 138 kV #1
4241,L:6981:6987:138,2016-03-28 08:00:00,2016-04-07 08:00:00,planned,Frackville - Epsy 138 kV L
20084,L:23064:23066:100,2016-04-04 08:00:00,2016-04-07 08:00:00,planned,Baja Tap - Oaklad D 100 kV Ckt 1
13784,L:18228:18250:138,2016-04-06 08:00:00,2016-04-08 08:00:00,planned,Wards Hollow - Lansing Bwl Reo Town Plant Substation 138 kV Cir. 1
7875,L:8590:8593:138,2016-04-02 08:00:00,2016-04-14 08:00:00,planned,Sunderland Substation - K St 138 kV Ckt 1
12498,L:17215:17218:138,2016-03-30 08:00:00,2016-04-05 08:00:00,planned,Interchange - Complejo De Aguirre 230 138 kV #1
14781,L:18789:19202:100,2016-04-01 08:00:00,2016-04-10 08:00:00,planned,Rochester Hydro - Limon Wind 1 100 kV Cir. 1
16265,L:19494:19548:230,2016-04-02 08:00:00,2016-04-04 08:00:00,planned,Certainteed - Hanging Rock 230 kV Ckt 1
10916,L:10001:10134:138,2016-04-03 08:00:00,2016-04-13 08:00:00,planned,Cogentrix - Clay Crk 138 kV Circuit 1
2924,L:6237:7126:138,2016-04-05 08:00:00,2016-04-20 08:00:00,planned,N Marion - Limerick 2 138 kV #1
13561,L:18097:18160:138,2016-03-29 08:00:00,2016-04-07 08:00:00,planned,Edgeley - S Randolph 138 kV Line 1
4041,L:6836:6838:138,2016-04-02 08:00:00,2016-04-11 08:00:00,planned,Juniata - Cully 138 kV Cir. 1
6060,L:7759:7852:138,2016-04-04 08:00:00,2016-04-17 08:00:00,planned,S Fifth St - Hanson 138 kV L
5263,L:7344:7348:138,2016-04-04 08:00:00,2016-04-13 08:00:00,planned,Barton - Spillway 138 kV Ckt 1
6540,L:8008:8009:138,2016-03-30 08:00:00,2016-04-01 08:00:00,planned,Lowndes - Rosholt 138 kV Circuit 1
534,L:5237:5306:345,2016-04-04 08:00:00,2016-04-13 08:00:00,planned,Mountlaurel - Coffee Port 345 kV
17377,L:19900:20133:230,2016-04-03 08:00:00,2016-04-13 08:00:00,planned,Alleghany - Martha Lake 230 kV Line 1
8310,L:8794:8802:138,2016-04-01 08:00:00,2016-04-19 08:00:00,planned,El Cerrito Sta G - Ucsd 138 kV L
17341,L:19888:19931:100,2016-03-30 08:00:00,2016-04-14 08:00:00,planned,Moorcroft - Waterloo Hydroelectric Project 100 kV
15897,L:19288:19540:500,2016-03-31 08:00:00,2016-04-01 08:00:00,planned,Killen - Great Lakes Substation 500 kV
7899,L:8606:8827:138,2016-03-30 08:00:00,2016-04-09 08:00:00,planned,Eagle Valley In - Pine Luff 34Th & Main 138 kV Circuit 1
167,L:3352:3667:161,2016-04-03 08:00:00,2016-04-19 08:00:00,planned,Garrison - W Hamlin 161 kV Ckt 1
14265,L:18547:18555:138,2016-04-01 08:00:00,2016-04-21 08:00:00,planned,Hoefsoa2 - Eaton Park 138 kV
391,L:5171:5770:138,2016-04-03 08:00:00,2016-04-06 08:00:00,planned,Danskammer - Snettisham Substation 138 kV
19861,L:22982:23095:230,2016-04-01 08:00:00,2016-04-08 08:00:00,planned,Commonwealth Edison Des Plaines - San Andres 230 kV Line
10325,L:9734:10070:345,2016-04-04 08:00:00,2016-04-23 08:00:00,planned,Corners - Fredericksburg 345 kV
20217,L:23122:23124:100,2016-03-30 08:00:00,2016-04-16 08:00:00,planned,Elmhurst - Saxon Crk 100 kV Line 1
9700,L:9439:9652:138,2016-04-01 08:00:00,2016-04-02 08:00:00,planned,Chewelah - Twin Branch 2 138 kV
6518,L:7992:7995:138,2016-04-01 08:00:00,2016-04-07 08:00:00,planned,Millennium Power - Cobble Hill 138 kV Circuit 1
460,L:5203:5964:138,2016-04-04 08:00:00,2016-04-24 08:00:00,planned,Altamont - Waveland 138 kV Line 1
19804,L:22967:23027:100,2016-03-28 08:00:00,2016-04-02 08:00:00,planned,Rock Tavern 2 - Arbors 100 kV Circuit 1
5038,L:7223:7312:138,2016-03-29 08:00:00,2016-04-13 08:00:00,planned,North - Sugar Island 138 kV Line 1
8474,L:8867:8931:138,2016-04-05 08:00:00,2016-04-21 08:00:00,planned,Metzerott Rd - Duval 138 kV #1
14048,L:18387:18534:138,2016-05-24 18:00:00,2016-06-13 18:00:00,planned,Mullens - Sophia 138 kV Line 1
4592,L:7116:7139:500,2016-05-26 18:00:00,2016-06-12 18:00:00,planned,Northwest Tap - Lcec N. 5 500 kV Line 1
8380,L:8827:8831:138,2016-05-26 18:00:00,2016-06-03 18:00:00,planned,Pine Bluff 34Th & Main - Rosecrans 138 kV Ckt 1
17826,L:20117:20118:100,2016-05-23 18:00:00,2016-06-05 18:00:00,planned,Molalla - Hambrick 100 kV Circuit 1
19225,L:22791:23423:100,2016-05-29 18:00:00,2016-06-06 18:00:00,planned,Central Ferry - Aidlin Tap 100 kV Ckt 1
13948,L:18331:18758:100,2016-05-22 18:00:00,2016-06-02 18:00:00,planned,Carlyss - Kammer 2 100 kV Cir. 1
10936,L:10012:10020:138,2016-05-24 18:00:00,2016-06-06 18:00:00,planned,Lanexa - Ocoee 3 138 kV #1
5273,L:7349:7370:138,2016-05-30 18:00:00,2016-06-17 18:00:00,planned,Lawndale - Potlatch 138 kV #1
17806,L:20101:20202:100,2016-05-26 18:00:00,2016-06-12 18:00:00,planned,Congress - Gilchrist Substation 100 kV Line 1
5728,L:7577:7578:138,2016-05-28 18:00:00,2016-06-01 18:00:00,planned,Himes - Fairlawn 138 kV Circuit 1
3856,L:6722:6725:138,2016-05-23 18:00:00,2016-06-08 18:00:00,planned,Sandhill - Glory Rd 138 kV Circuit 1
5272,L:7349:7365:138,2016-05-23 18:00:00,2016-06-02 18:00:00,planned,Chatom - Lawdale 138 kV
5857,L:7664:8251:345,2016-05-25 18:00:00,2016-06-09 18:00:00,planned,Algoma - Waterside 345 kV Circuit 1
7618,L:8463:9088:138,2016-05-24 18:00:00,2016-06-08 18:00:00,planned,Berkeley F - Portner 138 kV Ckt 1
7676,L:8486:8561:138,2016-05-25 18:00:00,2016-06-02 18:00:00,planned,Frederick Rd - Hollofield 138 kV Line 1
327,L:5139:5922:138,2016-05-29 18:00:00,2016-06-08 18:00:00,planned,Phillippi - Mill 138 kV Ckt 1
17681,L:20046:20183:100,2016-05-23 18:00:00,2016-05-27 18:00:00,planned,St Just 1203 - Bath 100 kV Line 1
18627,L:21764:21772:100,2016-05-23 18:00:00,2016-06-02 18:00:00,planned,Hillcrst - Rose Hill 100 kV Circuit 1
7608,L:8458:8459:138,2016-05-25 18:00:00,2016-06-13 18:00:00,planned,Horno - Tri-County 138 kV line
12360,L:17079:17421:138,2016-05-22 18:00:00,2016-05-29 18:00:00,planned,Darien - Sycamore 138 kV Line 1
3176,L:6354:6358:138,2016-05-27 18:00:00,2016-06-05 18:00:00,planned,Archer Daniels Midland Cedar Rapids - Atchelitz 138 kV Line 1
9771,L:9489:9650:138,2016-05-25 18:00:00,2016-05-28 18:00:00,planned,J Woodruff - Mecklenburg Power Station Substation 138 kV Circuit 1
17343,L:19889:19902:100,2016-05-30 18:00:00,2016-06-06 18:00:00,planned,Oranetree - Fostoria 100 kV Circuit 1
3043,L:6296:6299:138,2016-05-29 18:00:00,2016-06-04 18:00:00,planned,Lenape - Hicross 138 kV Circuit 1
1782,L:5843:5886:138,2016-05-31 18:00:00,2016-06-14 18:00:00,planned,Piney Rd - Mc Farlnd 138 kV
19450,L:22859:23071:100,2016-05-23 18:00:00,2016-06-05 18:00:00,planned,Wauchula Substation - Lind 100 kV Line 1
18015,L:20249:20314:100,2016-05-29 18:00:00,2016-06-08 18:00:00,planned,E Jackson 1&2 - Statesville Delivery No 3 100 kV
14200,L:18498:18500:138,2016-05-22 18:00:00,2016-06-10 18:00:00,planned,Peaceable - Forest 138 kV
19937,L:23007:23412:100,2016-05-22 18:00:00,2016-06-01 18:00:00,planned,Airport Rd - Big Timber Auto 100 kV Circuit 1
14655,L:18731:19523:100,2016-05-24 18:00:00,2016-06-03 18:00:00,planned,Lucas Co - Colorado Green 100 kV #1
18731,L:21836:22096:100,2016-05-27 18:00:00,2016-06-11 18:00:00,planned,Bow Lake - Juno Beach 100 kV Ckt 1
6285,L:7872:8184:138,2016-05-28 18:00:00,2016-06-03 18:00:00,planned,Adobe - Lake City 138 kV Line 1
8251,L:8754:8756:138,2016-05-31 18:00:00,2016-06-07 18:00:00,planned,Twin Bridges - Ferncliff 138 kV Cir. 1
5828,L:7648:7651:138,2016-05-23 18:00:00,2016-06-09 18:00:00,planned,Marlette - Floresville 138 kV Cir. 1
8215,L:8734:8748:138,2016-05-22 18:00:00,2016-05-29 18:00:00,planned,Jonesboro Spa - Mccain 138 kV
19693,L:22927:22945:100,2016-05-29 18:00:00,2016-06-01 18:00:00,planned,Olinda - Bingen 100 kV
6820,L:8166:8258:138,2016-05-26 18:00:00,2016-06-14 18:00:00,planned,Whitney - Glade 138 kV
15990,L:19333:19334:100,2016-05-28 18:00:00,2016-06-11 18:00:00,planned,Caples - New Holstein Sw Sta 100 kV Cir. 1
17399,L:19915:19916:100,2016-06-11 17:00:00,2016-06-28 17:00:00,planned,Sierra Pine - Germantown Sw Yd Substation 100 kV Cir. 1
20571,L:23276:23291:100,2016-06-14 17:00:00,2016-06-25 17:00:00,planned,Bear Crk - Covanta Allingford Energy 100 kV Cir. 1
459,L:5203:5765:138,2016-06-18 17:00:00,2016-06-26 17:00:00,planned,Saddle Brook - Altamont 138 kV Cir. 1
20821,L:23405:23519:100,2016-06-15 17:00:00,2016-06-19 17:00:00,planned,Douglaston - Shiprock Tap 100 kV
17604,L:20007:20009:100,2016-06-15 17:00:00,2016-07-04 17:00:00,planned,Gould - Olympia 100 kV Ckt 2
13508,L:18063:18100:138,2016-06-14 17:00:00,2016-06-29 17:00:00,planned,Meadow Bridge - Hofman 138 kV Line 1
11283,L:10229:10236:138,2016-06-18 17:00:00,2016-06-30 17:00:00,planned,Weed Junction - National 138 kV Circuit 1
20573,L:23276:23305:100,2016-06-11 17:00:00,2016-06-20 17:00:00,planned,Bear Creek - Elk Grove 100 kV #1
15617,L:19148:19531:100,2016-06-17 17:00:00,2016-06-20 17:00:00,planned,Mesa Heights - Bristers 100 kV
15563,L:19125:19126:100,2016-06-20 17:00:00,2016-06-27 17:00:00,planned,Picway - Norwich 100 kV Line
321,L:5136:5407:138,2016-06-14 17:00:00,2016-06-29 17:00:00,planned,Medical Ctr - Malabar 138 kV L
20347,L:23165:23224:100,2016-06-11 17:00:00,2016-06-25 17:00:00,planned,West Sparta - Brevort 100 kV Line 2
3114,L:6325:7123:138,2016-06-12 17:00:00,2016-06-14 17:00:00,planned,Yamato - Foster Wheeler Mt Carmel Cogen 138 kV #1
9891,L:9568:16817:138,2016-06-18 17:00:00,2016-07-08 17:00:00,planned,Yanke - Bayport 138 kV Circuit 1
5362,L:7412:7445:138,2016-06-12 17:00:00,2016-06-24 17:00:00,planned,Spicewood - Catawba 2 138 kV #1
5413,L:7431:7693:138,2016-06-15 17:00:00,2016-07-01 17:00:00,planned,Cumberland - Gran Grae 138 kV Line 1
3806,L:6693:6694:138,2016-06-12 17:00:00,2016-06-26 17:00:00,planned,Seminola - Rosemark 138 kV line
9555,L:9369:9671:138,2016-06-14 17:00:00,2016-06-23 17:00:00,planned,Keswick - West Bassett 138 kV #1
7355,L:8343:8388:138,2016-06-12 17:00:00,2016-06-25 17:00:00,planned,Brandywine - Carrcroft 138 kV Circuit 1
17327,L:19879:19929:100,2016-06-12 17:00:00,2016-06-29 17:00:00,planned,Hutchinson Plant 1 - Angel Mounds 100 kV Cir. 1
7052,L:8259:8288:138,2016-06-20 17:00:00,2016-06-30 17:00:00,planned,Deer Park Energy Ctr Substation - North Allegheny Windpower Project 138 kV
4076,L:6871:6880:138,2016-06-11 17:00:00,2016-06-22 17:00:00,planned,Sargent - Morgan Community Solar 138 kV Line 1
18857,L:22024:22493:230,2016-06-15 17:00:00,2016-06-23 17:00:00,planned,Mt. Harris - Buckeye 230 kV Cir. 1
1479,L:5678:5711:138,2016-06-11 17:00:00,2016-06-23 17:00:00,planned,Mayberry Tap - Dpc Oakdale 138 kV Circuit 1
9700,L:9439:9652:138,2016-06-11 17:00:00,2016-06-18 17:00:00,planned,Twin Branch 2 - Chewelah 138 kV Cir. 1
7625,L:8465:8566:138,2016-06-18 17:00:00,2016-06-21 17:00:00,planned,Erdman - Monument Street 138 kV Ckt 1
10946,L:10017:10018:138,2016-06-18 17:00:00,2016-06-24 17:00:00,planned,Comorn Dp - Bollman Tap 1 138 kV Circuit 1
8428,L:8843:8869:138,2016-06-12 17:00:00,2016-07-02 17:00:00,planned,Montgomery Village - Emory Grove 138 kV
18829,L:22017:22030:100,2016-06-19 17:00:00,2016-07-02 17:00:00,planned,Lusher - Lake Crystal 100 kV
13246,L:17931:18286:138,2016-06-17 17:00:00,2016-06-20 17:00:00,planned,Hopkins - S Meadow 138 kV
1505,L:5685:5829:138,2016-07-24 16:00:00,2016-08-01 16:00:00,planned,Willows A Substation - North Endicott 138 kV Ckt 1
11024,L:10070:10307:138,2016-07-24 16:00:00,2016-07-28 16:00:00,planned,Corners - Cwec Dewey 138 kV
20682,L:23317:23526:100,2016-07-22 16:00:00,2016-07-30 16:00:00,planned,Mesquite Town E - Quantum Lake Power Lp 100 kV Ckt 1
9847,L:9536:9632:138,2016-07-23 16:00:00,2016-08-02 16:00:00,planned,Seneca Terminal - Woodward-Tap1 138 kV #1
15919,L:19298:19299:100,2016-07-23 16:00:00,2016-07-28 16:00:00,planned,Twin Lakes - Holt Switch 100 kV #1
16853,L:19678:19697:100,2016-07-20 16:00:00,2016-07-29 16:00:00,planned,Salineville - Brer Hill 100 kV
7357,L:8343:8388:138,2016-07-23 16:00:00,2016-08-01 16:00:00,planned,Brandywine - Crrcroft 138 kV Line 3
14811,L:18800:19591:100,2016-07-21 16:00:00,2016-07-25 16:00:00,planned,Kirksville - Harmon 100 kV Cir. 1
53,L:2755:2957:161,2016-07-20 16:00:00,2016-07-26 16:00:00,planned,Ottawa Avenue Substation - Gila 161 kV Circuit 1
9030,L:9110:9111:138,2016-07-19 16:00:00,2016-07-30 16:00:00,planned,Sperstition - Redhill 138 kV Cir. 1
8274,L:8772:9064:138,2016-07-16 16:00:00,2016-08-01 16:00:00,planned,Waupun Correctional Central Heating Plt - Deep Creek Substation 138 kV L
3271,L:6409:6577:138,2016-07-20 16:00:00,2016-08-08 16:00:00,planned,Lewisburg Substation - Choupique 138 kV Line 1
10719,L:9913:10165:138,2016-07-24 16:00:00,2016-08-13 16:00:00,planned,Occoquan - Entergy Station S 138 kV Line 1
3360,L:6450:6759:345,2016-07-18 16:00:00,2016-07-31 16:00:00,planned,S Fork - Hobart 345 kV Line 1
12704,L:17411:17428:138,2016-07-23 16:00:00,2016-07-25 16:00:00,planned,Ditmar - Briar 138 kV
20771,L:23368:23429:100,2016-07-20 16:00:00,2016-07-24 16:00:00,planned,Neset 2 - Cayey Tc 100 kV Cir. 1
10352,L:9742:9816:138,2016-07-19 16:00:00,2016-07-23 16:00:00,planned,Jameson - Anasco 6101 138 kV Line 1
8012,L:8664:8666:138,2016-07-23 16:00:00,2016-07-27 16:00:00,planned,Raton - Bunker Tap 138 kV Line 1
2957,L:6252:8355:138,2016-07-17 16:00:00,2016-08-02 16:00:00,planned,Everest - Silver City 138 kV Circuit 1
5406,L:7430:7690:138,2016-07-19 16:00:00,2016-08-07 16:00:00,planned,Mabury Tap - Circle 1 138 kV #1
12746,L:17521:17736:345,2016-07-19 16:00:00,2016-08-08 16:00:00,planned,Tyee - Allings Crossing 345 kV Circuit 1
6717,L:8093:8257:500,2016-07-25 16:00:00,2016-08-02 16:00:00,planned,Westland - Milford 500 kV
6058,L:7758:7824:138,2016-07-21 16:00:00,2016-08-03 16:00:00,planned,Muscoda Industrial - Skito 138 kV Line 1
10384,L:9755:10214:138,2016-07-17 16:00:00,2016-08-03 16:00:00,planned,Cordova Park - Macho Springs 138 kV Circuit 1
9642,L:9406:9659:138,2016-07-22 16:00:00,2016-08-06 16:00:00,planned,Blacksith - Celanese Acetate Llc 138 kV Circuit 1
7221,L:8286:8292:500,2016-07-18 16:00:00,2016-07-21 16:00:00,planned,Blue Ravine-School - Lsu 500 kV
8722,L:9004:9006:138,2016-07-20 16:00:00,2016-07-24 16:00:00,planned,Hewitt Rd - Fmc 138 kV Line 1
11606,L:10354:10356:138,2016-07-16 16:00:00,2016-07-28 16:00:00,planned,Grens Road - Tilton Substation 138 kV
20282,L:23140:23161:230,2016-07-22 16:00:00,2016-08-10 16:00:00,planned,Rapides - Turley 230 kV Cir. 1
18819,L:22015:22022:100,2016-07-25 16:00:00,2016-08-13 16:00:00,planned,Freemont - Concord 100 kV
15758,L:19215:19221:100,2016-07-17 16:00:00,2016-08-01 16:00:00,planned,Gibsonia - Fayetteville S 100 kV Line 1
5983,L:7725:8030:138,2016-07-20 16:00:00,2016-07-28 16:00:00,planned,Red Oak Ap - Copper Mtn Solar 2 138 kV Line 1
9961,L:9608:16807:138,2016-08-10 16:00:00,2016-08-11 16:00:00,planned,Friendswood - Ou Spirit Wind Farm 138 kV Line 1
15331,L:19019:19021:100,2016-08-09 16:00:00,2016-08-29 16:00:00,planned,Dodd Road - Post Substation 100 kV Line 1
12467,L:17177:17795:138,2016-08-09 16:00:00,2016-08-21 16:00:00,planned,Auburn2 - Golo 138 kV Circuit 1
14923,L:18844:18858:100,2016-08-04 16:00:00,2016-08-11 16:00:00,planned,Calapooya - E Springfield 100 kV Ckt 1
5119,L:7255:7282:138,2016-08-05 16:00:00,2016-08-23 16:00:00,planned,Brownfield Switching - Pinkerton 138 kV #1
18620,L:21763:21775:100,2016-08-04 16:00:00,2016-08-24 16:00:00,planned,Copus - Waynedale 100 kV #1
15020,L:18881:18883:100,2016-08-06 16:00:00,2016-08-23 16:00:00,planned,Montana - Dead River Substation 100 kV Ckt 1
5387,L:7422:7423:138,2016-08-07 16:00:00,2016-08-17 16:00:00,planned,Bear Canyon - Mid America 138 kV
19597,L:22890:23466:100,2016-08-04 16:00:00,2016-08-06 16:00:00,planned,East Sanger - Ce Turbo 100 kV
17613,L:20012:20256:100,2016-08-03 16:00:00,2016-08-13 16:00:00,planned,Algood - Neligh 100 kV Circuit 1
12250,L:17010:17444:138,2016-08-08 16:00:00,2016-08-10 16:00:00,planned,University Of Colorado - Unimd 138 kV Line 1
12832,L:17595:17771:138,2016-08-04 16:00:00,2016-08-08 16:00:00,planned,Hausen Creek - Scovill Rock 138 kV Ckt 1
14172,L:18482:18574:138,2016-08-04 16:00:00,2016-08-05 16:00:00,planned,Randall St - Taft 138 kV
10855,L:9965:9971:138,2016-08-09 16:00:00,2016-08-21 16:00:00,planned,South Glens Fall Hydroelectric - Trask 138 kV #1
17212,L:19828:20082:100,2016-08-12 16:00:00,2016-08-15 16:00:00,planned,Mccall Substtaion - Ellendale 100 kV Ckt 1
13979,L:18346:18348:138,2016-08-12 16:00:00,2016-08-23 16:00:00,planned,J St - Progress Energy Electric-Belleview 138 kV Line
13890,L:18298:18301:138,2016-08-11 16:00:00,2016-08-17 16:00:00,planned,Chauncey - John Day Construction 138 kV Circuit 1
15478,L:19076:19094:100,2016-08-10 16:00:00,2016-08-15 16:00:00,planned,Taylor - Lucent 100 kV Ckt 2
8686,L:8986:8987:138,2016-08-12 16:00:00,2016-08-18 16:00:00,planned,Malin - Roosevelt 138 kV #1
20588,L:23282:23317:100,2016-08-03 16:00:00,2016-08-20 16:00:00,planned,Quantum Lke Power Lp - Defiance 100 kV Line 2
13190,L:17897:17903:138,2016-08-04 16:00:00,2016-08-24 16:00:00,planned,Sunny Slope - Elliot Park Substation 138 kV Cir. 1
14919,L:18843:19499:100,2016-08-03 16:00:00,2016-08-23 16:00:00,planned,Wagley Robertson - Santa Isabel Tc 100 kV Ckt 1
3244,L:6388:8103:345,2016-08-07 16:00:00,2016-08-15 16:00:00,planned,Priceville - Peoria Substation 345 kV #1
10932,L:10010:10209:138,2016-08-10 16:00:00,2016-08-25 16:00:00,planned,Berkley Road - Chuckatuck Substation 138 kV
17340,L:19887:19931:100,2016-08-03 16:00:00,2016-08-22 16:00:00,planned,Barret - Moorcroft 100 kV Cir. 1
8264,L:8765:9064:138,2016-08-07 16:00:00,2016-08-18 16:00:00,planned,Crowleys - Deep Crk 138 kV
25,L:2631:2722:161,2016-08-10 16:00:00,2016-08-18 16:00:00,planned,Aecc Hydro Sta 2 - Molino 161 kV Line 1
9038,L:9113:9124:138,2016-08-11 16:00:00,2016-08-16 16:00:00,planned,Hard Rock - Proffit 138 kV Ckt 1
6101,L:7780:7785:138,2016-08-03 16:00:00,2016-08-05 16:00:00,planned,Morris - Nichols 138 kV #1
15587,L:19131:19565:230,2016-08-06 16:00:00,2016-08-11 16:00:00,planned,Getchel - Reedy Crk 230 kV Cir. 1
17834,L:20126:20127:100,2016-08-04 16:00:00,2016-08-08 16:00:00,planned,Fremont Energy Ctr - Rathdrum 100 kV Cir. 1
19636,L:22908:22916:100,2016-08-08 16:00:00,2016-08-09 16:00:00,planned,George Neal S - Bedford Park Substation 100 kV
18486,L:21631:21682:100,2016-08-04 16:00:00,2016-08-21 16:00:00,planned,Fermi - Rancho Mission Viejo 100 kV Ckt 2
21381,L:23882:24570:100,2016-08-07 16:00:00,2016-08-27 16:00:00,planned,Fremont Community Digester Llc - Revere Co 100 kV Ckt 1
1092,L:5508:5530:138,2016-08-11 16:00:00,2016-08-22 16:00:00,planned,Siloam Springs Southwest Substation - Sara-1 138 kV Circuit 1
15003,L:18870:18871:100,2016-08-12 16:00:00,2016-08-21 16:00:00,planned,La Grande - Golden Ring 100 kV Line 1
2842,L:6201:6207:138,2016-08-03 16:00:00,2016-08-19 16:00:00,planned,East Leesville - Driftwood 138 kV Ckt 1
14450,L:18683:18687:345,2016-08-03 16:00:00,2016-08-06 16:00:00,planned,Jim Hill - South Milford 345 kV Cir. 1
2650,L:6110:6123:138,2016-08-06 16:00:00,2016-08-17 16:00:00,planned,William F Wyman - Friendswood Rit 138 kV Cir. 1
3448,L:6492:6705:138,2016-08-08 16:00:00,2016-08-25 16:00:00,planned,Amfor - Perez Substation 138 kV Circuit 1
14224,L:18521:18523:138,2016-08-11 16:00:00,2016-08-31 16:00:00,planned,Cpi Usa Nc Southport - Ramey Field 2 7006 138 kV Cir. 1
20644,L:23302:23495:500,2016-08-05 16:00:00,2016-08-07 16:00:00,planned,Rocky Road Power Llc Substation - S Hall 500 kV Cir. 1
8387,L:8829:8830:138,2016-08-07 16:00:00,2016-08-19 16:00:00,planned,Lea National - Gentilly Road 138 kV Ckt 1
2920,L:6236:8353:138,2016-08-12 16:00:00,2016-08-23 16:00:00,planned,Wheler Dam - Sewell Crk Energy Substation 138 kV Line 1
323,L:5138:5142:138,2016-08-06 16:00:00,2016-08-17 16:00:00,planned,Woolworth Road Co Op - Juneau 138 kV Ckt 1
10520,L:9817:18212:138,2016-08-12 16:00:00,2016-08-17 16:00:00,planned,Duck Creek - Simpson Tuart 138 kV Circuit 1
8492,L:8877:9887:138,2016-08-09 16:00:00,2016-08-16 16:00:00,planned,Richburg - West Lebanon 138 kV Line 1
10240,L:9687:9844:138,2016-08-09 16:00:00,2016-08-17 16:00:00,planned,Hayfield - Van Dom 138 kV Line 1
13569,L:18102:18116:138,2016-08-08 16:00:00,2016-08-17 16:00:00,planned,Cluff - Ravensworth 138 kV Line 1
12798,L:17580:17583:138,2016-08-05 16:00:00,2016-08-11 16:00:00,planned,Badoura 230115 Kv - Coachella City 138 kV #1
19402,L:22849:22873:230,2016-08-11 16:00:00,2016-08-29 16:00:00,planned,Clifton Wilson - Moreno Tap 230 kV Cir. 1
5310,L:7377:7392:138,2016-08-08 16:00:00,2016-08-24 16:00:00,planned,Watertown Power Plant - N Fork Dam 138 kV Ckt 1
13989,L:18351:18352:138,2016-08-11 16:00:00,2016-08-26 16:00:00,planned,Keowee - Fiberglas 138 kV Line 1
3724,L:6644:7112:138,2016-08-04 16:00:00,2016-08-13 16:00:00,planned,Black Riv - Talenenergy Martins Creek Llc Harwood 138 kV
1463,L:5674:5944:138,2016-08-08 16:00:00,2016-08-25 16:00:00,planned,Halsey - San German 6401 138 kV #1
20293,L:23144:23146:100,2016-08-09 16:00:00,2016-08-18 16:00:00,planned,Chensource - Saddle Creek 100 kV Ckt 2
16375,L:19537:19594:230,2016-08-07 16:00:00,2016-08-22 16:00:00,planned,Washington Energy Facility - Muskingum Riv 230 kV Line
2444,L:6024:6032:138,2016-08-08 16:00:00,2016-08-19 16:00:00,planned,Northview - Coly 138 kV #1
1012,L:5477:5499:138,2016-08-07 16:00:00,2016-08-26 16:00:00,planned,Sabc Innovative Plastics Mt. Vernon - Phelon Parts 138 kV Ckt 1
15810,L:19239:19253:100,2016-08-07 16:00:00,2016-08-27 16:00:00,planned,Bayou Chico - Plymouth 3 100 kV Line 1
2722,L:6142:6776:138,2016-08-03 16:00:00,2016-08-14 16:00:00,planned,Fairway Tap - Jack Creek 138 kV Line 1
9098,L:9141:9181:138,2016-08-07 16:00:00,2016-08-26 16:00:00,planned,E Longmeadow - Seguin 138 kV
738,L:5333:5335:138,2016-08-09 16:00:00,2016-08-27 16:00:00,planned,Shenandoah - Aeropuerto 138 kV Ckt 1
2175,L:5952:5997:138,2016-08-11 16:00:00,2016-08-18 16:00:00,planned,Howard Down - Salmon Crk 138 kV
6902,L:8220:8228:345,2016-08-07 16:00:00,2016-08-27 16:00:00,planned,Youngwood - Sevierville 345 kV
5001,L:7208:7228:138,2016-08-09 16:00:00,2016-08-18 16:00:00,planned,Ross Prairie - Shiloah Iv 138 kV L
6903,L:8220:8235:345,2016-09-07 17:00:00,2016-09-16 17:00:00,planned,Youngwod - Florence 345 kV Line 1
14818,L:18802:18807:100,2016-09-01 17:00:00,2016-09-17 17:00:00,planned,Glebe - Midpoint 2 100 kV #2
14806,L:18799:18823:230,2016-08-30 17:00:00,2016-09-15 17:00:00,planned,Hamilton Peaking - Port Union 230 kV
14165,L:18479:18480:138,2016-08-31 17:00:00,2016-09-12 17:00:00,planned,San German 6403 - Sand Sta 138 kV
17740,L:20080:20123:100,2016-09-02 17:00:00,2016-09-21 17:00:00,planned,Thunderbird - Seasons-Bruceville 100 kV Ckt 1
13,L:2621:2622:161,2016-08-31 17:00:00,2016-09-12 17:00:00,planned,Suncrest - Cahone 161 kV Circuit 1
486,L:5215:5767:138,2016-09-02 17:00:00,2016-09-03 17:00:00,planned,Iron Mtn Substation - Wine Crk Sta Substation 138 kV
16094,L:19389:19413:230,2016-09-07 17:00:00,2016-09-14 17:00:00,planned,Staunton - Hailey 230 kV Cir. 1
20559,L:23270:24027:230,2016-09-04 17:00:00,2016-09-16 17:00:00,planned,Admin - Tsawassen Beach Terminal 230 kV #1
14604,L:18710:18716:100,2016-09-04 17:00:00,2016-09-07 17:00:00,planned,Pittsburg - Huston 100 kV Line 1
6079,L:7765:7773:138,2016-09-05 17:00:00,2016-09-10 17:00:00,planned,Citrus-Coloma - Crist 138 kV Cir. 1
13852,L:18269:18339:138,2016-08-30 17:00:00,2016-09-06 17:00:00,planned,Cutrale Citrus Juices Usa Ii Substation - Sub 18339 138 kV Ckt 1
9035,L:9111:9117:138,2016-08-30 17:00:00,2016-09-19 17:00:00,planned,Re Hill - Watt Rd 138 kV
13192,L:17899:17913:138,2016-09-01 17:00:00,2016-09-10 17:00:00,planned,Damon - Miles City 138 kV
798,L:5365:5774:138,2016-09-08 17:00:00,2016-09-25 17:00:00,planned,Flanders - Alsea 138 kV
10732,L:9917:9918:138,2016-09-08 17:00:00,2016-09-20 17:00:00,planned,Remington Ct - Morrisville 138 kV
16683,L:19595:19597:100,2016-09-01 17:00:00,2016-09-07 17:00:00,planned,Centerville Sw - Aldrich 100 kV Line 1
20708,L:23334:23369:100,2016-09-08 17:00:00,2016-09-27 17:00:00,planned,Mulberry - Channelview 100 kV Cir. 1
14096,L:18427:18432:138,2016-09-07 17:00:00,2016-09-17 17:00:00,planned,Longview Power Plant - Ft Martin 138 kV Line 1
17695,L:20051:20086:100,2016-09-03 17:00:00,2016-09-06 17:00:00,planned,B&W Susbtation Substation - Portage Lakes 100 kV Circuit 1
701,L:5311:6892:138,2016-08-31 17:00:00,2016-09-14 17:00:00,planned,Chase - Riggsville 138 kV
2536,L:6057:6979:138,2016-09-05 17:00:00,2016-09-16 17:00:00,planned,Joshua Falls - Quindaro Substation 138 kV Line
11979,L:16481:16489:138,2016-09-04 17:00:00,2016-09-08 17:00:00,planned,Pine Ridge - Montrose 138 kV #1
6536,L:8006:8008:138,2016-08-31 17:00:00,2016-09-11 17:00:00,planned,Vitulli - Lowndes Substation 138 kV
3198,L:6363:6839:138,2016-09-03 17:00:00,2016-09-19 17:00:00,planned,Lone Butte - Lake Rd Mo 138 kV
2088,L:5933:8340:138,2016-09-06 17:00:00,2016-09-09 17:00:00,planned,Dell City - Willmar 138 kV Circuit 1
20472,L:23228:23235:100,2016-09-04 17:00:00,2016-09-24 17:00:00,planned,Parksville - Mid-Georgia Cogeneration Facility 100 kV Ckt 1
3748,L:6655:6666:138,2016-09-07 17:00:00,2016-09-09 17:00:00,planned,Calvo - Abilene Industril Park 138 kV Ckt 1
4077,L:6871:6882:138,2016-09-01 17:00:00,2016-09-12 17:00:00,planned,Sargent - Mint Farm 138 kV Line 1
15664,L:19173:19184:100,2016-09-05 17:00:00,2016-09-17 17:00:00,planned,N Main - Alpha 100 kV Circuit 1
4739,L:7139:8552:138,2016-09-03 17:00:00,2016-09-22 17:00:00,planned,Northwest Tap - Harlan Y 138 kV #1
14728,L:18760:18761:100,2016-09-07 17:00:00,2016-09-16 17:00:00,planned,Glencoe - Ryegate Power Sta 100 kV Cir. 1
3511,L:6524:7075:138,2016-09-06 17:00:00,2016-09-07 17:00:00,planned,San Luis Obispo - Holladay 138 kV #1
14769,L:18785:18884:100,2016-09-03 17:00:00,2016-09-04 17:00:00,planned,Adirondack - Poteet 100 kV Cir. 1
15539,L:19108:19118:100,2016-09-03 17:00:00,2016-09-10 17:00:00,planned,Caterpillr - East Hills 100 kV Cir. 1
17832,L:20125:20126:100,2016-09-03 17:00:00,2016-09-23 17:00:00,planned,San Rafael - Fremont Energy Center 100 kV
1046,L:5490:5898:138,2016-08-30 17:00:00,2016-09-19 17:00:00,planned,Car Care - Klein 138 kV Line 1
9750,L:9479:9483:138,2016-08-30 17:00:00,2016-09-02 17:00:00,planned,Pratt'S - Harmony Hills 138 kV Cir. 1
17875,L:20152:20169:230,2016-09-02 17:00:00,2016-09-03 17:00:00,planned,Simon Street - Sunnyside 230 kV
4920,L:7181:7562:138,2016-08-30 17:00:00,2016-09-07 17:00:00,planned,Coronet - Poly 138 kV Cir. 1
3643,L:6596:6618:138,2016-09-08 17:00:00,2016-09-15 17:00:00,planned,Talenenergy Martin Creek Llc Allentown - Freeman 138 kV Cir. 1
6836,L:8178:8196:138,2016-09-05 17:00:00,2016-09-09 17:00:00,planned,Ripple - Ivanpah 138 kV #1
13018,L:17779:17780:138,2016-09-08 17:00:00,2016-09-26 17:00:00,planned,Creedmoor - Naselle 138 kV #1
19389,L:22846:23467:100,2016-09-03 17:00:00,2016-09-21 17:00:00,planned,Prosser - Maxwelton 100 kV #1
8556,L:8914:8950:138,2016-09-02 17:00:00,2016-09-04 17:00:00,planned,Buena Vista - Wildercroft 138 kV #1
6548,L:8011:8279:345,2016-09-04 17:00:00,2016-09-18 17:00:00,planned,Florida 8602 - Homer City 345 kV Ckt 1
12317,L:17045:17048:138,2016-09-04 17:00:00,2016-09-10 17:00:00,planned,West Ina Substation - Cooper Ranch 138 kV Cir. 1
20606,L:23289:23304:100,2016-08-31 17:00:00,2016-09-14 17:00:00,planned,Tate & Lyle Decatur Plant Cogen - Pinal 100 kV Ckt 2
3939,L:6762:6773:138,2016-09-04 17:00:00,2016-09-09 17:00:00,planned,Denton Dr - Hartman 138 kV Line 1
7127,L:8270:8273:345,2016-09-06 17:00:00,2016-09-23 17:00:00,planned,Midand - Beaver Valley 345 kV Ckt 1
20443,L:23215:23297:100,2016-09-04 17:00:00,2016-09-07 17:00:00,planned,Lay Dam - Peosta 100 kV L
16735,L:19621:19622:100,2016-10-16 17:00:00,2016-11-05 17:00:00,planned,Southwest Lima - Clackamas 100 kV
17418,L:19920:19931:100,2016-10-12 17:00:00,2016-10-27 17:00:00,planned,Stent Tap - Moorcroft 100 kV
3988,L:6793:7129:138,2016-10-13 17:00:00,2016-10-23 17:00:00,planned,Rolling Hills - Portland Sta 138 kV Circuit 1
944,L:5428:6918:138,2016-10-11 17:00:00,2016-10-23 17:00:00,planned,Deptford - Zumbro Falls 138 kV
9669,L:9421:9425:138,2016-10-16 17:00:00,2016-10-31 17:00:00,planned,Plaster City - Hanover St 138 kV Cir. 1
10529,L:9821:9917:138,2016-10-13 17:00:00,2016-10-22 17:00:00,planned,East Bernard - Remington Ct Substation 138 kV Circuit 1
2916,L:6235:8329:138,2016-10-17 17:00:00,2016-10-25 17:00:00,planned,Milltown Substation - Coffey 138 kV Ckt 1
11141,L:10130:10269:138,2016-10-15 17:00:00,2016-10-24 17:00:00,planned,Chesapeake Energy Center - Elizabeth Riv Power Sta 138 kV Circuit 1
11205,L:10177:10284:138,2016-10-11 17:00:00,2016-10-14 17:00:00,planned,Butternut - Willow 138 kV Ckt 1
14987,L:18862:19566:500,2016-10-16 17:00:00,2016-11-02 17:00:00,planned,Cedar Hill - Gist Creek 500 kV Line
18813,L:22013:22021:100,2016-10-15 17:00:00,2016-11-03 17:00:00,planned,Grimley Rd - Rossmoor Tap 2 100 kV Circuit 2
8021,L:8665:9072:138,2016-10-11 17:00:00,2016-10-28 17:00:00,planned,Huntington Beach - Goddard Steam Plant 138 kV Cir. 1
20693,L:23326:23327:100,2016-10-14 17:00:00,2016-10-24 17:00:00,planned,Geismar - Tuco 100 kV Line 1
15740,L:19207:19211:100,2016-10-11 17:00:00,2016-10-17 17:00:00,planned,Terminal - Finneytown 100 kV Ckt 2
1105,L:5513:5809:138,2016-10-13 17:00:00,2016-10-20 17:00:00,planned,Colorado Powerstation Substation - Vista 138 kV Circuit 1
17213,L:19829:19832:100,2016-10-16 17:00:00,2016-10-20 17:00:00,planned,Davson - Fairmount 100 kV Line
3120,L:6328:6825:138,2016-10-15 17:00:00,2016-10-27 17:00:00,planned,Mossyrock Pp - Pine Tree Acres Wm Lfgte 138 kV Line 1
20529,L:23261:23262:100,2016-10-10 17:00:00,2016-10-17 17:00:00,planned,Rancho Seco - Reid Gardner 100 kV Line 1
20010,L:23027:23028:100,2016-10-12 17:00:00,2016-10-19 17:00:00,planned,Alpaugh - Arbors 100 kV Circuit 1
19233,L:22792:23428:100,2016-10-12 17:00:00,2016-11-01 17:00:00,planned,Wheelabrator Saugus - Winston 100 kV Cir. 1
15503,L:19090:19117:100,2016-10-19 17:00:00,2016-11-07 17:00:00,planned,Talpa - Salt Springs Substation 100 kV #1
9714,L:9451:18488:138,2016-10-16 17:00:00,2016-10-25 17:00:00,planned,Myakka - Pittsfield Generating Lp 138 kV Line 1
9112,L:9145:9666:138,2016-10-12 17:00:00,2016-10-23 17:00:00,planned,Injction - Lowmoor 138 kV Ckt 1
11025,L:10070:10291:345,2016-10-10 17:00:00,2016-10-30 17:00:00,planned,Corners - Idalia 345 kV #1
14200,L:18498:18500:138,2016-10-19 17:00:00,2016-10-20 17:00:00,planned,Peaceable Substation - Forest 138 kV Line 1
15193,L:18952:22248:100,2016-10-15 17:00:00,2016-10-21 17:00:00,planned,Bair - Kayenta 100 kV
12942,L:17710:17714:138,2016-10-11 17:00:00,2016-10-25 17:00:00,planned,Iron Mt - Henpeck 138 kV Cir. 1
6106,L:7784:7786:138,2016-10-17 17:00:00,2016-11-01 17:00:00,planned,Cortland - Homestead Wind Llc 138 kV Line 1
9359,L:9268:18358:138,2016-10-14 17:00:00,2016-10-24 17:00:00,planned,Laeger - Norco 138 kV Circuit 1
8462,L:8856:8870:138,2016-10-19 17:00:00,2016-11-02 17:00:00,planned,Clarksburg - Moonstone 138 kV #1
7326,L:8328:8638:138,2016-10-15 17:00:00,2016-10-27 17:00:00,planned,Met Center - Glasgow Substation 138 kV Cir. 1
13374,L:17992:18705:345,2016-10-14 17:00:00,2016-10-17 17:00:00,planned,Main Line - Tristate 345 kV Ckt 1
4548,L:7111:7162:345,2016-10-12 17:00:00,2016-10-16 17:00:00,planned,Michigan Avenue - N. Shannon 345 kV
7908,L:8610:8859:138,2016-10-19 17:00:00,2016-11-07 17:00:00,planned,N Gatlinburg - W Somerville 138 kV Cir. 1
3403,L:6469:6953:138,2016-10-12 17:00:00,2016-10-19 17:00:00,planned,Llanerch - Warner 138 kV Ckt 1
17803,L:20099:20105:100,2016-10-12 17:00:00,2016-10-15 17:00:00,planned,Don Julio-Lorac Vista - Sub 20105 100 kV Circuit 1
8526,L:8900:8941:138,2016-10-10 17:00:00,2016-10-24 17:00:00,planned,Riverdale - Solar 138 kV Cir. 1
13142,L:17872:17883:138,2016-10-18 17:00:00,2016-10-28 17:00:00,planned,Bluff Point Wind Facility - Idaho Falls 138 kV Cir. 1
17639,L:20024:20035:100,2016-10-14 17:00:00,2016-10-18 17:00:00,planned,Yorba Linda - Belle Vista 100 kV Cir. 1
7333,L:8331:8642:138,2016-10-12 17:00:00,2016-10-19 17:00:00,planned,San Manuel - Boerne 138 kV
7792,L:8529:8569:138,2016-10-11 17:00:00,2016-10-14 17:00:00,planned,Texlake - Pahokee 138 kV #2
13772,L:18222:18701:138,2016-10-18 17:00:00,2016-11-01 17:00:00,planned,Belfort - London Substation 138 kV #1
1059,L:5495:6147:138,2016-10-14 17:00:00,2016-10-15 17:00:00,planned,Columbia Falls - Edward L. Addison Generating Plant 138 kV Cir. 1
20000,L:23025:23096:100,2016-10-15 17:00:00,2016-10-19 17:00:00,planned,Spruce - Spills 100 kV Ckt 1
20800,L:23396:23414:100,2016-10-12 17:00:00,2016-10-23 17:00:00,planned,L V Sutton Combined Cycle - Peabody 100 kV line
1489,L:5681:5962:138,2016-10-18 17:00:00,2016-10-21 17:00:00,planned,Chester - Minden 138 kV Line 1
13474,L:18048:18593:138,2016-10-11 17:00:00,2016-10-30 17:00:00,planned,Beardsley - Ellington 138 kV Ckt 1
17825,L:20116:20121:100,2016-10-17 17:00:00,2016-10-24 17:00:00,planned,Creelman - Forbing Road 100 kV
12115,L:16944:16945:138,2016-10-10 17:00:00,2016-10-12 17:00:00,planned,Us Ord Depot-Herlong - N Little Rock Levy 138 kV Cir. 1
3059,L:6301:8637:345,2016-10-12 17:00:00,2016-10-26 17:00:00,planned,East Cool Springs - Salina 345 kV Cir. 1
9320,L:9252:16808:138,2016-10-17 17:00:00,2016-10-28 17:00:00,planned,Sanborn - Central Hudson Beacon 138 kV #1
10540,L:9825:9826:138,2016-10-13 17:00:00,2016-10-26 17:00:00,planned,Yauco Hidro 2 - Imperial Vly 138 kV #1
16474,L:19554:19557:500,2016-10-13 17:00:00,2016-10-15 17:00:00,planned,Dresden - Conesville Station 500 kV line
8797,L:9046:9055:345,2016-10-10 17:00:00,2016-10-26 17:00:00,planned,Vienna Operations - Ubc S Campus 345 kV Cir. 1
10591,L:9852:10164:138,2016-10-14 17:00:00,2016-10-27 17:00:00,planned,Devon - Riverview 138 kV Line
9857,L:9546:9575:138,2016-10-15 17:00:00,2016-10-27 17:00:00,planned,Sweetwater Substation - Upper Mechanicville 138 kV Line 1
13329,L:17976:17977:138,2016-10-12 17:00:00,2016-10-14 17:00:00,planned,Pinehurst - County Line Wp 138 kV Ckt 1
20591,L:23283:23474:100,2016-10-16 17:00:00,2016-10-29 17:00:00,planned,Belridge 1A - Foreman N 100 kV
7361,L:8346:8384:138,2016-10-15 17:00:00,2016-10-25 17:00:00,planned,New Astle - Basn Rd 138 kV Line 1
9194,L:9185:9436:345,2016-10-16 17:00:00,2016-10-18 17:00:00,planned,Hood - Dayton Substation 345 kV #1
13811,L:18244:18260:138,2016-10-11 17:00:00,2016-10-23 17:00:00,planned,Tower Hill - Nassau Energy Corp 138 kV #1
3251,L:6392:6424:138,2016-11-14 19:00:00,2016-12-03 19:00:00,planned,Kellnersville - Hummelstown 138 kV Line 1
15799,L:19232:19234:100,2016-11-19 19:00:00,2016-11-26 19:00:00,planned,Sunrise Power - Lucerne 100 kV Cir. 1
6727,L:8094:20217:100,2016-11-17 19:00:00,2016-11-24 19:00:00,planned,Old Hickory - Cassidy 100 kV #1
15622,L:19151:19153:100,2016-11-12 19:00:00,2016-11-21 19:00:00,planned,Pinn Rd - Lafayatte Concord Road 100 kV Cir. 1
20810,L:23399:23403:100,2016-11-17 19:00:00,2016-12-07 19:00:00,planned,Brodie Lane - Rapids Energy Center 100 kV Circuit 1
1497,L:5683:5696:345,2016-11-18 19:00:00,2016-11-25 19:00:00,planned,Nassau - Weber 345 kV Line 1
12240,L:17005:17583:138,2016-11-15 19:00:00,2016-11-22 19:00:00,planned,Manati 8404 - Badoura 230115 Kv 138 kV Ckt 1
7802,L:8535:8543:138,2016-11-18 19:00:00,2016-11-28 19:00:00,planned,Ealy - Kitimat 138 kV
9189,L:9182:9185:138,2016-11-14 19:00:00,2016-11-15 19:00:00,planned,Barneys - Hood 138 kV
17627,L:20018:20032:230,2016-11-15 19:00:00,2016-11-29 19:00:00,planned,Brookfield - Belmont 230 kV #1
4966,L:7195:7253:345,2016-11-13 19:00:00,2016-11-27 19:00:00,planned,W Branch - Mcclellan-Bell 345 kV #1
16173,L:19427:19428:100,2016-11-20 19:00:00,2016-11-21 19:00:00,planned,O. H. Hutchings Station - Cooks Pond 100 kV Ckt 2
20261,L:23137:23171:230,2016-11-12 19:00:00,2016-12-01 19:00:00,planned,Meadows - Endako Cust 230 kV #1
5861,L:7666:7667:138,2016-11-18 19:00:00,2016-12-04 19:00:00,planned,S Baltimore - Bairoa 3008 138 kV Line 1
12094,L:16922:17390:138,2016-11-20 19:00:00,2016-11-29 19:00:00,planned,Eddy Ac-Dc-Ac Tie - Monticelo 138 kV Cir. 1
1233,L:5561:5631:138,2016-11-14 19:00:00,2016-11-23 19:00:00,planned,Segs 7 - Dow Chemical 138 kV Circuit 1
17460,L:19943:19961:100,2016-11-16 19:00:00,2016-11-22 19:00:00,planned,Gilstrap - Abbe 100 kV L
10180,L:9669:11154:345,2016-11-12 19:00:00,2016-11-25 19:00:00,planned,Clover - Mcclellan-Adc Substation 345 kV Ckt 1
16239,L:19478:19483:100,2016-11-21 19:00:00,2016-12-01 19:00:00,planned,Shirland Ave - Walker 100 kV #1
19175,L:22777:22779:100,2016-11-15 19:00:00,2016-11-26 19:00:00,planned,Hatfield Kp - Whitewater 100 kV #1
14006,L:18364:18367:138,2016-11-20 19:00:00,2016-12-01 19:00:00,planned,Hamilton Wolfe Rd - Belcher Tn 138 kV Cir. 1
20112,L:23079:23155:100,2016-11-17 19:00:00,2016-12-02 19:00:00,planned,E Jacksn - Aec 300 100 kV #2
7974,L:8651:9070:138,2016-11-13 19:00:00,2016-11-27 19:00:00,planned,Sunbright - Brandywine Power Facility 138 kV
8516,L:8893:8905:138,2016-11-12 19:00:00,2016-11-29 19:00:00,planned,Veirs Mill - Black Mesa 138 kV Cir. 1
8188,L:8720:9853:138,2016-11-12 19:00:00,2016-11-22 19:00:00,planned,Palmers Corner - Westwing Substation 138 kV L
1596,L:5741:5896:138,2016-11-15 19:00:00,2016-12-01 19:00:00,planned,Tilcon - Naea Ocean Peaking Power Llc 138 kV Line 1
10644,L:9874:9911:138,2016-11-20 19:00:00,2016-11-23 19:00:00,planned,Sub 9874 - Country Club 2 138 kV Ckt 1
19682,L:22922:23514:100,2016-11-16 19:00:00,2016-11-17 19:00:00,planned,Cascade Steel - Mi-Wuk 100 kV Circuit 3
2747,L:6156:6866:138,2016-11-13 19:00:00,2016-11-22 19:00:00,planned,Des Moines - Byberry 138 kV Ckt 1
20578,L:23278:23302:100,2016-11-17 19:00:00,2016-12-07 19:00:00,planned,S Hall - Libertyville 100 kV L
8481,L:8872:8889:138,2016-11-15 19:00:00,2016-11-21 19:00:00,planned,Summit Lake Wps - Monta Vista Upper Substation 138 kV #2
16154,L:19416:19421:100,2016-11-17 19:00:00,2016-11-30 19:00:00,planned,Minnehaha - Hempstead 100 kV Cir. 1
12315,L:17044:17046:138,2016-11-14 19:00:00,2016-11-26 19:00:00,planned,Llano Estacado - Allston 138 kV
19712,L:22933:22971:100,2016-11-17 19:00:00,2016-12-06 19:00:00,planned,Storage Tek I - Sunrise 100 kV Cir. 3
3949,L:6767:6768:138,2016-11-13 19:00:00,2016-11-28 19:00:00,planned,Victor - Shellburn 138 kV Circuit 1
3281,L:6414:6995:138,2016-11-12 19:00:00,2016-11-26 19:00:00,planned,Jones - Crockett 138 kV #1
3038,L:6292:6300:138,2016-11-14 19:00:00,2016-11-27 19:00:00,planned,Sta Fg - Lake June Pump 138 kV Cir. 1
10566,L:9840:10082:138,2016-11-20 19:00:00,2016-12-06 19:00:00,planned,Vapor - Jardines Metropolitanos 1310 138 kV
9710,L:9448:9449:138,2016-11-18 19:00:00,2016-12-05 19:00:00,planned,San Bernard - Raymond Substation 138 kV Line 1
838,L:5376:5430:138,2016-11-14 19:00:00,2016-12-02 19:00:00,planned,Turnpike - Palmer Tc 138 kV Circuit 1
10632,L:9870:9896:138,2016-11-20 19:00:00,2016-12-07 19:00:00,planned,Hoeygo - Dranesville 138 kV Circuit 1
13498,L:18059:18685:138,2016-11-18 19:00:00,2016-12-03 19:00:00,planned,Pantego - Bckley Current 138 kV
20160,L:23101:23117:100,2016-11-12 19:00:00,2016-11-25 19:00:00,planned,Madison Windpower Llc - Tahiti 100 kV
14649,L:18729:18733:100,2016-11-17 19:00:00,2016-11-19 19:00:00,planned,Trimble - Greens Bayou 345 100 kV
8198,L:8725:9000:138,2016-12-07 19:00:00,2016-12-15 19:00:00,planned,Bellgreen Substation - Saratoga 138 kV
20338,L:23161:23263:500,2016-12-14 19:00:00,2016-12-25 19:00:00,planned,Los Ositos - Turley 500 kV
20749,L:23353:25101:100,2016-12-09 19:00:00,2016-12-12 19:00:00,planned,Sta 11 - Bonneville 100 kV #1
20155,L:23098:23150:100,2016-12-09 19:00:00,2016-12-28 19:00:00,planned,Slocum Terminal - Haslerud 100 kV Line 1
5116,L:7253:7389:345,2016-12-10 19:00:00,2016-12-19 19:00:00,planned,Goodyear Lake Plant - Mcclellan-Bell Substation 345 kV Ckt 1
9857,L:9546:9575:138,2016-12-14 19:00:00,2017-01-03 19:00:00,planned,Sweetwater - Upper Mechanicville 138 kV Circuit 1
13489,L:18056:18057:138,2016-12-08 19:00:00,2016-12-17 19:00:00,planned,Hargis Herbert - Gladeview 138 kV Line 1
15421,L:19055:19056:100,2016-12-13 19:00:00,2016-12-20 19:00:00,planned,Huntington - Ainsworth Wind 100 kV Circuit 1
13276,L:17951:18035:138,2016-12-06 19:00:00,2016-12-18 19:00:00,planned,Chimacum - Leonard Road 138 kV line
4474,L:7101:7154:138,2016-12-13 19:00:00,2016-12-23 19:00:00,planned,St Nicholas Cogen Project - Grizzly 138 kV
658,L:5292:6899:138,2016-12-06 19:00:00,2016-12-26 19:00:00,planned,Sub 5292 - Woodlynne 138 kV Ckt 1
2127,L:5943:6203:138,2016-12-07 19:00:00,2016-12-24 19:00:00,planned,Dpc Elroy Substation - Hutchinson Plant2 Substation 138 kV Line 1
3056,L:6300:6521:345,2016-12-13 19:00:00,2016-12-19 19:00:00,planned,Lake June Pump - Hedges 345 kV #1
18874,L:22032:22584:230,2016-12-08 19:00:00,2016-12-20 19:00:00,planned,University - Locust 230 kV Circuit 1
666,L:5296:6843:138,2016-12-09 19:00:00,2016-12-14 19:00:00,planned,Murray - Skyline 138 kV Cir. 1
10286,L:9720:9794:138,2016-12-14 19:00:00,2016-12-18 19:00:00,planned,Montverde - Alkali 138 kV Cir. 1
13197,L:17902:17905:138,2016-12-06 19:00:00,2016-12-08 19:00:00,planned,Millbrae Tap - Beechhurst 138 kV #1
7809,L:8538:8542:138,2016-12-13 19:00:00,2016-12-16 19:00:00,planned,Raphael Rd - Hartley 138 kV Circuit 2
938,L:5426:5993:138,2016-12-06 19:00:00,2016-12-08 19:00:00,planned,Merrill - Copans 138 kV
1728,L:5821:5960:345,2016-12-14 19:00:00,2016-12-29 19:00:00,planned,Kilner - Edison 345 kV #1
14324,L:18596:18598:138,2016-12-15 19:00:00,2016-12-23 19:00:00,planned,First St Tap - Blackrock 138 kV Line 1
10775,L:9935:10014:138,2016-12-07 19:00:00,2016-12-27 19:00:00,planned,Plumas Sierra Rea - Toano 138 kV line
21404,L:24025:24039:100,2016-12-12 19:00:00,2016-12-30 19:00:00,planned,Rumford Industrial Park - N Omaha 100 kV Cir. 1
580,L:5256:5941:138,2016-12-13 19:00:00,2016-12-26 19:00:00,planned,Levttown - Second Fork Substation 138 kV Ckt 1
18316,L:20997:22598:100,2016-12-08 19:00:00,2016-12-11 19:00:00,planned,Marley - Lone Ine 3 Substation 100 kV
10532,L:9822:9925:138,2016-12-09 19:00:00,2016-12-25 19:00:00,planned,Gastonia Duke St - Oak Green 138 kV Circuit 1
8458,L:8852:8881:138,2016-12-07 19:00:00,2016-12-09 19:00:00,planned,Derwood - Kenilworth 138 kV
10786,L:9940:10079:138,2016-12-06 19:00:00,2016-12-09 19:00:00,planned,Kanaka - Milaca 138 kV Cir. 1
17461,L:19943:19961:100,2016-12-13 19:00:00,2016-12-21 19:00:00,planned,Gilstrap Substation - Abbe 100 kV L
9337,L:9259:9488:138,2016-12-09 19:00:00,2016-12-14 19:00:00,planned,Hatfields Ferry Power Sta - Batesville 138 kV Cir. 1
4952,L:7192:7356:138,2016-12-07 19:00:00,2016-12-21 19:00:00,planned,Cargill - West Riverside 138 kV L
14000,L:18359:18668:138,2016-12-13 19:00:00,2016-12-25 19:00:00,planned,Greenack-Fairoaks - Taylorville S 138 kV #1
12132,L:16958:16959:138,2016-12-13 19:00:00,2016-12-23 19:00:00,planned,Juan Domingo 1903 - Mtu Substation 138 kV Cir. 1
20223,L:23125:23182:100,2016-12-07 19:00:00,2016-12-14 19:00:00,planned,Tiana - Baker River 100 kV line
20335,L:23160:23162:100,2016-12-12 19:00:00,2016-12-19 19:00:00,planned,Cinder Butte - El Cajon 100 kV
514,L:5229:5231:138,2016-12-07 19:00:00,2016-12-25 19:00:00,planned,Everett - Mount Jackson D.P 138 kV Cir. 1
20310,L:23147:23525:100,2016-12-12 19:00:00,2016-12-14 19:00:00,planned,White Heath - Fall Riv 100 kV Ckt 1
3146,L:6341:6645:138,2016-12-14 19:00:00,2016-12-15 19:00:00,planned,Susquehanna - East Grangeville 138 kV Cir. 1
13922,L:18320:18322:138,2016-12-06 19:00:00,2016-12-17 19:00:00,planned,Sand Hill - Glendale Hts 138 kV Line 1
20082,L:23063:23292:100,2016-12-13 19:00:00,2017-01-02 19:00:00,planned,Ramer - Trinity Dam 100 kV Line 1
11978,L:16481:16486:138,2016-12-09 19:00:00,2016-12-16 19:00:00,planned,Pine Ridge - Deedsville 138 kV #1
15318,L:19013:19107:100,2016-12-09 19:00:00,2016-12-28 19:00:00,planned,Blackberry - Rancho Santa Fe 100 kV
1800,L:5850:5851:138,2016-12-06 19:00:00,2016-12-15 19:00:00,planned,Sjve Madera - Mammoth Pacific 2 138 kV Ckt 1
3540,L:6534:6551:138,2016-12-10 19:00:00,2016-12-16 19:00:00,planned,Unionville - Pacheco Substation 138 kV Ckt 1
2484,L:6036:6056:138,2016-12-08 19:00:00,2016-12-18 19:00:00,planned,Vly Springs Substation - Converse Flats 138 kV #1
3760,L:6662:7037:138,2016-12-15 19:00:00,2016-12-17 19:00:00,planned,E J West - Bearwallow 138 kV Ckt 1
4999,L:7207:18152:138,2016-12-14 19:00:00,2016-12-26 19:00:00,planned,Ivar - Tahsis Village 138 kV Circuit 1
5607,L:7525:8252:500,2016-12-08 19:00:00,2016-12-27 19:00:00,planned,West Medway - Boomerang 500 kV #1
545,L:5240:5300:138,2016-12-09 19:00:00,2016-12-29 19:00:00,planned,Gvrd Sewage - Sanders 138 kV Cir. 1
15452,L:19064:19118:100,2016-12-12 19:00:00,2016-12-24 19:00:00,planned,Greg Stbella Vista - East Hills 100 kV Cir. 2
14301,L:18575:18584:138,2016-12-15 19:00:00,2016-12-26 19:00:00,planned,Fiberboard - Tarpon Springs 138 kV Ckt 1
9474,L:9327:10118:138,2016-12-15 19:00:00,2016-12-28 19:00:00,planned,Wilderness Dp - Ardmore 138 kV Ckt 1
9356,L:9266:18362:138,2016-12-11 19:00:00,2016-12-25 19:00:00,planned,Hurley - Rosalia 138 kV Cir. 1
16615,L:19579:19594:500,2016-12-08 19:00:00,2016-12-20 19:00:00,planned,Tidd - Muskingum River 500 kV #1
10745,L:9920:9932:138,2016-12-10 19:00:00,2016-12-20 19:00:00,planned,Oak Lawn - Arvah B Hopkins 138 kV Ckt 1
17282,L:19861:20263:100,2016-12-11 19:00:00,2016-12-19 19:00:00,planned,Stryker - Anaverde 100 kV line
11980,L:16481:16489:138,2016-12-11 19:00:00,2016-12-30 19:00:00,planned,Pine Ridge - Montrose 138 kV Line
4927,L:7184:7221:345,2016-12-13 19:00:00,2016-12-26 19:00:00,planned,Bauer - Martin Lakes 345 kV Cir. 1
7373,L:8356:8376:138,2016-12-15 19:00:00,2016-12-16 19:00:00,planned,Flournoy - Twin Cities-Snodgrass 138 kV #1
5373,L:7416:7418:138,2016-12-11 19:00:00,2016-12-19 19:00:00,planned,Maunabo Tc - Federalgen Tap 138 kV #1
2988,L:6268:6771:138,2016-12-10 19:00:00,2016-12-15 19:00:00,planned,La Quinta - Betzwood 138 kV Ckt 1
19927,L:23005:23499:100,2016-12-12 19:00:00,2016-12-28 19:00:00,planned,Moize Crk - Georgia Pacific Paper 100 kV
6701,L:8088:8090:138,2016-12-07 19:00:00,2016-12-24 19:00:00,planned,Divide - Whiteside 138 kV Cir. 1
12518,L:17223:17471:138,2016-12-07 19:00:00,2016-12-25 19:00:00,planned,S O Purdom - Las Cruces 138 kV
5957,L:7710:8030:138,2016-12-08 19:00:00,2016-12-23 19:00:00,planned,Copper Mountain Solar 2 - Foothill 138 kV
3305,L:6428:6450:138,2016-12-15 19:00:00,2017-01-03 19:00:00,planned,Middletown - S Fork 138 kV Circuit 1
8306,L:8789:8791:138,2011-12-27 19:00:00,2012-01-05 19:00:00,planned,Neosho - Tucannon Riv 138 kV Line
9882,L:9562:9603:138,2011-12-29 19:00:00,2012-01-01 19:00:00,planned,Claypool Hill - Coal Crk 138 kV
20536,L:23262:23263:100,2012-01-01 19:00:00,2012-01-15 19:00:00,planned,Los Ositos - Rancho Seco 100 kV
2060,L:5929:6800:138,2012-01-01 19:00:00,2012-01-09 19:00:00,planned,Fairground - Glendon 138 kV line
11615,L:10356:11200:138,2011-12-26 19:00:00,2012-01-08 19:00:00,planned,Tilton - Berwind 138 kV Circuit 1
17078,L:19775:19813:100,2011-12-25 19:00:00,2012-01-05 19:00:00,planned,Glendale South Tap 5 - Golflinks 100 kV Cir. 1
6319,L:7884:7892:138,2012-01-02 19:00:00,2012-01-08 19:00:00,planned,Palm Canyon - Stex5 Substation 138 kV Line 1
16831,L:19665:20296:100,2011-12-28 19:00:00,2011-12-30 19:00:00,planned,Perry - Northward Substation 100 kV #1
6071,L:7764:8093:345,2011-12-30 19:00:00,2012-01-18 19:00:00,planned,Western Fher - Milford 345 kV Circuit 1
4266,L:6994:7028:138,2012-01-03 19:00:00,2012-01-12 19:00:00,planned,Brier - Andrew York & 138 kV Circuit 1
3654,L:6598:7124:500,2012-01-03 19:00:00,2012-01-08 19:00:00,planned,Ruch - Big Tree 500 kV
7275,L:8303:8382:138,2011-12-26 19:00:00,2012-01-12 19:00:00,planned,Vaughn - Milford Solar Farm 138 kV Ckt 1
3857,L:6723:6724:138,2012-01-01 19:00:00,2012-01-03 19:00:00,planned,Tenth St - Winder 138 kV L
3466,L:6503:6511:138,2012-01-01 19:00:00,2012-01-12 19:00:00,planned,Emigration - Walton Bainbidge Power Facility Substation 138 kV Ckt 1
1923,L:5900:6928:138,2012-01-01 19:00:00,2012-01-09 19:00:00,planned,Municipal Light - Daffin Gin 138 kV
6600,L:8043:8050:138,2011-12-28 19:00:00,2012-01-04 19:00:00,planned,Bonnie Nook - Lowellville 138 kV
2939,L:6243:6267:138,2011-12-30 19:00:00,2012-01-17 19:00:00,planned,Arden - Greenland 138 kV line
19935,L:23007:23031:100,2011-12-29 19:00:00,2012-01-06 19:00:00,planned,Airport Road - Burnett 11514 Kv 100 kV
10557,L:9838:10027:138,2012-01-02 19:00:00,2012-01-09 19:00:00,planned,Mackay - Sisk 138 kV #1
14770,L:18785:19216:100,2011-12-26 19:00:00,2012-01-11 19:00:00,planned,Adirondack - Great Lakes Hydro America - Me 100 kV Circuit 1
18391,L:21200:21201:100,2012-01-01 19:00:00,2012-01-16 19:00:00,planned,Kalamazoo River Generating Sta - Louisiana 1 100 kV #1
18010,L:20247:20286:100,2012-01-01 19:00:00,2012-01-07 19:00:00,planned,Bowling Green Generating Station Substation - Marbo 100 kV Ckt 1
8234,L:8742:17910:345,2011-12-26 19:00:00,2012-01-04 19:00:00,planned,Kearneyville - Huntingdon 345 kV Circuit 1
2709,L:6135:6163:138,2012-01-03 19:00:00,2012-01-20 19:00:00,planned,Kinder Morgan - Mayberry 138 kV
286,L:5122:5129:138,2012-01-01 19:00:00,2012-01-09 19:00:00,planned,Mayaguez - Apple River 138 kV Cir. 1
5468,L:7461:7473:138,2012-01-01 19:00:00,2012-01-17 19:00:00,planned,Edison-Ball - Hoytdale 138 kV Cir. 1
3342,L:6443:6935:138,2011-12-27 19:00:00,2011-12-28 19:00:00,planned,Sharon Hill - Gibsonton 138 kV
1244,L:5568:5950:138,2011-12-30 19:00:00,2012-01-19 19:00:00,planned,La Jara - Orange Park 138 kV
20175,L:23104:23118:100,2012-01-02 19:00:00,2012-01-13 19:00:00,planned,Davey Town - Pontchartrain Park 100 kV
10718,L:9913:10159:138,2011-12-28 19:00:00,2012-01-16 19:00:00,planned,Occouan - Covanta Fairfax Energy 138 kV Ckt 1
15005,L:18873:19582:100,2011-12-31 19:00:00,2012-01-09 19:00:00,planned,Pratt - Yellow Crk 100 kV Circuit 1
5924,L:7699:7701:138,2011-12-30 19:00:00,2012-01-04 19:00:00,planned,Live Oak - Ironbound 138 kV Circuit 1
9099,L:9141:9196:138,2011-12-30 19:00:00,2012-01-14 19:00:00,planned,E Longmeadow - Las Monjas 1416 138 kV #1
5613,L:7528:7531:138,2011-12-26 19:00:00,2012-01-05 19:00:00,planned,Kennecott - Williams 138 kV Circuit 1
9045,L:9118:9119:138,2011-12-31 19:00:00,2012-01-11 19:00:00,planned,Canal - Booneville 138 kV Line 1
9154,L:9162:9293:138,2012-01-02 19:00:00,2012-01-06 19:00:00,planned,Carite - South Crk 138 kV #1
13589,L:18110:18491:138,2011-12-25 19:00:00,2012-01-06 19:00:00,planned,Rio Blanco 2702 - Ladd 138 kV Cir. 1
3725,L:6646:6663:138,2012-01-03 19:00:00,2012-01-11 19:00:00,planned,N Mesa - Rio 138 kV
10200,L:9674:18127:345,2011-12-30 19:00:00,2012-01-19 19:00:00,planned,Front Royal - Cason Lane 345 kV #1
19979,L:23018:23052:100,2011-12-30 19:00:00,2012-01-04 19:00:00,planned,Brea - Crestwood 100 kV Line 1
2542,L:6060:6622:138,2011-12-25 19:00:00,2012-01-08 19:00:00,planned,Strawberry Belt - Wescosville 138 kV
16741,L:19626:19645:230,2011-12-29 19:00:00,2012-01-08 19:00:00,planned,Dorchester - Demoss 230 kV Line 1
2676,L:6121:6122:138,2011-12-29 19:00:00,2012-01-06 19:00:00,planned,Jefferson Substation - General Electric 138 kV
2253,L:5970:6434:138,2012-01-03 19:00:00,2012-01-14 19:00:00,planned,St. Clair - Gregg 138 kV Cir. 1
19867,L:22984:22986:100,2012-01-02 19:00:00,2012-01-12 19:00:00,planned,Selle - Eastern Office 100 kV Circuit 1
13710,L:18186:18344:138,2011-12-30 19:00:00,2012-01-08 19:00:00,planned,Cottageville Substation - Idahome 138 kV Circuit 1
7944,L:8626:8630:138,2011-12-29 19:00:00,2012-01-02 19:00:00,planned,Unisource Sq Hi - Four Corners 138 kV Circuit 1
1788,L:5845:5850:138,2011-12-29 19:00:00,2012-01-15 19:00:00,planned,Sjve Madera - Carolina Pueblo 1602 138 kV Line 1
4147,L:6916:6921:138,2011-12-31 19:00:00,2012-01-01 19:00:00,planned,Master - Westmoreland 138 kV
7406,L:8374:8376:138,2011-12-25 19:00:00,2011-12-31 19:00:00,planned,Twin Cities-Snodgrass - Nine Mile 138 kV Circuit 1
5583,L:7517:7631:138,2011-12-27 19:00:00,2012-01-11 19:00:00,planned,Urbana Perkins Rd - Philp 138 kV Line 1
2199,L:5958:7136:345,2011-12-28 19:00:00,2012-01-16 19:00:00,planned,Cimarron - Visalia 345 kV
11001,L:10050:10051:138,2011-12-27 19:00:00,2012-01-13 19:00:00,planned,White City - Leyendecker 138 kV Line 1
8569,L:8918:8974:138,2011-12-30 19:00:00,2012-01-14 19:00:00,planned,Japanese Mesa - Industrial 138 kV #1
5593,L:7521:7984:138,2011-12-25 19:00:00,2012-01-10 19:00:00,planned,Fisher Rd Substation - Medina 138 kV Cir. 1
20716,L:23337:23341:100,2011-12-30 19:00:00,2012-01-09 19:00:00,planned,Ware Shoals Hydro Project Substation - Imc 3 100 kV
15494,L:19084:19089:100,2011-12-25 19:00:00,2012-01-09 19:00:00,planned,Westinghouse - Maraschino 100 kV
13918,L:18317:18479:138,2012-01-02 19:00:00,2012-01-17 19:00:00,planned,Benwood - Sand Station 138 kV Cir. 1
2027,L:5924:5984:345,2012-01-03 19:00:00,2012-01-23 19:00:00,planned,Rochster - Cedar Sta 345 kV Cir. 1
9230,L:9206:9207:138,2012-01-03 19:00:00,2012-01-04 19:00:00,planned,Bovine - East Berkshire 138 kV Line 1
4378,L:7060:8546:138,2011-12-27 19:00:00,2012-01-02 19:00:00,planned,E Knoxville - Merchandise Substation 138 kV Cir. 1
13615,L:18130:18143:138,2011-12-27 19:00:00,2012-01-09 19:00:00,planned,Granite Hills Tap - E Terra Haute 138 kV #1
14149,L:18465:18466:138,2012-01-01 19:00:00,2012-01-15 19:00:00,planned,Etowah - Rubart 138 kV Circuit 1
16221,L:19467:19468:100,2011-12-29 19:00:00,2012-01-04 19:00:00,planned,Cpu Silicon - Athena 100 kV line
10018,L:9635:9665:138,2011-12-28 19:00:00,2011-12-29 19:00:00,planned,Buck Hydro - Norway Pt Hydropower Project 138 kV Cir. 1
9874,L:9555:9557:138,2011-12-29 19:00:00,2012-01-11 19:00:00,planned,Bushnell East - 3014 Rio Canas 138 kV Line 1
1805,L:5854:5874:138,2011-12-29 19:00:00,2012-01-01 19:00:00,planned,Fanwood - Woodard 138 kV Circuit 1
14177,L:18485:18641:138,2011-12-30 19:00:00,2012-01-18 19:00:00,planned,Dluzerne - Tuluay 138 kV Line 1
9107,L:9143:9144:138,2012-01-02 19:00:00,2012-01-18 19:00:00,planned,E Meriden - Story 138 kV
17043,L:19755:19768:100,2011-12-28 19:00:00,2012-01-11 19:00:00,planned,Monterey - Chetwynd 100 kV Line 1
15940,L:19308:20068:100,2012-01-02 19:00:00,2012-01-05 19:00:00,planned,Sweeny - Crisp Plant 100 kV Line 1
13327,L:17975:18750:138,2012-01-02 19:00:00,2012-01-22 19:00:00,planned,Fairbanks - West Bellaire Substation 138 kV Line 1
10262,L:9700:9788:138,2012-02-04 08:00:00,2012-02-17 08:00:00,planned,Kapstone - Jim Crk 138 kV line
10369,L:9747:10305:138,2012-02-11 08:00:00,2012-02-14 08:00:00,planned,Agana - Hilltop 230115Kv 138 kV
17659,L:20036:20038:100,2012-02-07 08:00:00,2012-02-10 08:00:00,planned,Cornersburg - Petro Lewis 100 kV Ckt 1
20303,L:23145:23398:230,2012-02-13 08:00:00,2012-03-01 08:00:00,planned,Capri - Gualala 230 kV Circuit 1
9154,L:9162:9293:138,2012-02-07 08:00:00,2012-02-25 08:00:00,planned,Carite - Soth Creek 138 kV Circuit 1
10958,L:10028:10078:138,2012-02-07 08:00:00,2012-02-16 08:00:00,planned,White Stone - 4602 Coamo 138 kV Cir. 1
3620,L:6585:6588:138,2012-02-13 08:00:00,2012-02-22 08:00:00,planned,Industry - Blue Ake 138 kV Circuit 1
6223,L:7833:7839:138,2012-02-09 08:00:00,2012-02-13 08:00:00,planned,Columbine - Geysers Tap 1 138 kV Line 1
5311,L:7377:7419:138,2012-02-06 08:00:00,2012-02-14 08:00:00,planned,Watertown Power Plant - Allegheny No. 5 Hydro Sta 138 kV Line 1
19963,L:23015:23161:230,2012-02-10 08:00:00,2012-02-17 08:00:00,planned,Scot - Turley 230 kV Circuit 1
15618,L:19149:19152:100,2012-02-09 08:00:00,2012-02-24 08:00:00,planned,Metrowest - Willimantic 100 kV Ckt 1
1587,L:5734:5762:138,2012-02-06 08:00:00,2012-02-18 08:00:00,planned,Pine Hills - Capitola 138 kV #1
10681,L:9896:10155:345,2012-02-04 08:00:00,2012-02-05 08:00:00,planned,Dranesville - Rienzi 345 kV Line 1
4482,L:7103:7122:500,2012-02-04 08:00:00,2012-02-21 08:00:00,planned,Coggon - Talenenergy Martins Crk Llc Harrisburg 500 kV Circuit 1
9792,L:9497:9498:138,2012-02-11 08:00:00,2012-02-17 08:00:00,planned,Pella Peaking - S Christiansburg 138 kV Line
19814,L:22970:22974:100,2012-02-12 08:00:00,2012-02-14 08:00:00,planned,Pittsford - Line Crk 100 kV #2
11149,L:10138:10272:138,2012-02-05 08:00:00,2012-02-14 08:00:00,planned,Marquette Energy Centr - Prince William Dp 138 kV
13425,L:18021:18639:138,2012-02-04 08:00:00,2012-02-19 08:00:00,planned,Progress Park - Federalgen 138 kV Circuit 1
14942,L:18850:18853:100,2012-02-06 08:00:00,2012-02-14 08:00:00,planned,Enon - Salt Wells Tap 100 kV Ckt 1
17716,L:20066:21751:100,2012-02-10 08:00:00,2012-02-21 08:00:00,planned,Vischer Ferry - Dixie College 100 kV L
13151,L:17877:17878:138,2012-02-05 08:00:00,2012-02-20 08:00:00,planned,Cawelo B - San Angelo Red Crk 138 kV #1
4387,L:7065:7068:138,2012-02-09 08:00:00,2012-02-27 08:00:00,planned,Casky - Comanche 138 kV Cir. 1
11382,L:10270:10277:138,2012-02-07 08:00:00,2012-02-17 08:00:00,planned,Quantico - Possum Pt 138 kV Line 1
3067,L:6305:6308:138,2012-02-09 08:00:00,2012-02-13 08:00:00,planned,Muston - E.E. Stevenson 138 kV Circuit 1
6929,L:8232:8234:138,2012-02-04 08:00:00,2012-02-09 08:00:00,planned,Woodsville - Pantex S 138 kV #1
7963,L:8641:8644:138,2012-02-13 08:00:00,2012-02-28 08:00:00,planned,Sky Ranch - Perryville 138 kV
17126,L:19791:19797:230,2012-02-06 08:00:00,2012-02-23 08:00:00,planned,Beatrice Substation - Goose Lake 230 kV Circuit 1
10532,L:9822:9925:138,2012-02-13 08:00:00,2012-02-23 08:00:00,planned,Gastonia Duke Street - Oak Green 138 kV Cir. 1
11013,L:10060:10062:138,2012-02-09 08:00:00,2012-02-18 08:00:00,planned,Beco - Pine Bend Substation 138 kV #1
8759,L:9026:17901:138,2012-02-08 08:00:00,2012-02-24 08:00:00,planned,Cherry Run - Oreg 3 Inc 138 kV #1
15656,L:19169:19182:100,2012-02-04 08:00:00,2012-02-05 08:00:00,planned,Bellbrook - Calderwood 100 kV Cir. 1
6773,L:8129:8254:138,2012-02-10 08:00:00,2012-02-12 08:00:00,planned,Marathon - Pontotoc 138 kV
2038,L:5925:7111:500,2012-02-12 08:00:00,2012-02-15 08:00:00,planned,Glen Gardner - Michigan Avenue 500 kV Cir. 1
8570,L:8919:8951:138,2012-02-09 08:00:00,2012-02-12 08:00:00,planned,Levitt - Prairie Wind Farm 138 kV Line
14066,L:18400:18401:138,2012-02-12 08:00:00,2012-02-23 08:00:00,planned,Gate Ii - Cinder Substation 138 kV Line 1
13869,L:18283:18608:138,2012-02-09 08:00:00,2012-02-17 08:00:00,planned,Surrey Substation - Riverbank 138 kV Cir. 1
13024,L:17784:17786:138,2012-02-08 08:00:00,2012-02-11 08:00:00,planned,Third & Hatch - Rio Bravo Substation 138 kV
5112,L:7252:8190:138,2012-02-04 08:00:00,2012-02-24 08:00:00,planned,Southeast Gate - Curry Ford 138 kV Ckt 1
13676,L:18167:18177:138,2012-02-08 08:00:00,2012-02-18 08:00:00,planned,Five Corners - South Nile 138 kV Line 1
15908,L:19292:19496:100,2012-02-05 08:00:00,2012-02-23 08:00:00,planned,Vly Switch - Descanso 100 kV
620,L:5276:7156:138,2012-02-08 08:00:00,2012-02-18 08:00:00,planned,Holcomb - Croydon 138 kV Ckt 1
3378,L:6456:7097:138,2012-02-09 08:00:00,2012-02-17 08:00:00,planned,Trainer - 52Nd Street 138 kV Ckt 2
14060,L:18396:18414:138,2012-02-13 08:00:00,2012-02-22 08:00:00,planned,Shannon - Apison Pike 138 kV Circuit 1
4988,L:7203:7382:138,2012-02-06 08:00:00,2012-02-15 08:00:00,planned,Wllow Lawn - Argo 138 kV Ckt 1
9347,L:9263:9270:138,2012-02-08 08:00:00,2012-02-12 08:00:00,planned,Turkey Pen - Garden Crk 138 kV Line 1
523,L:5233:5928:138,2012-02-05 08:00:00,2012-02-07 08:00:00,planned,Lak Marion - Mt Poso 138 kV Ckt 1
3677,L:6607:7124:345,2012-02-04 08:00:00,2012-02-08 08:00:00,planned,Plattsburgh - Big Tree 345 kV Circuit 1
2654,L:6112:6114:138,2012-02-08 08:00:00,2012-02-20 08:00:00,planned,Central - Martel 138 kV Cir. 1
17455,L:19941:19943:100,2012-02-05 08:00:00,2012-02-07 08:00:00,planned,Gilstrap - Calera T.S 100 kV Cir. 2
15647,L:19166:19568:100,2012-02-04 08:00:00,2012-02-05 08:00:00,planned,Jarales Tap - Akron 100 kV Cir. 1
3640,L:6595:6606:138,2012-02-05 08:00:00,2012-02-23 08:00:00,planned,Point Street - Phelps Dodge 138 kV L
16169,L:19424:19532:100,2012-02-08 08:00:00,2012-02-28 08:00:00,planned,Cane Island - Avola 100 kV Cir. 1
17044,L:19755:19770:100,2012-03-05 20:00:00,2012-03-24 20:00:00,planned,Monterey - Moab 100 kV
17797,L:20097:20111:100,2012-02-28 20:00:00,2012-03-05 20:00:00,planned,Ravenna - Brady 100 kV #1
9465,L:9325:9921:138,2012-03-01 20:00:00,2012-03-13 20:00:00,planned,Redbed Plains Wind Farm - Melones 138 kV Circuit 1
9485,L:9333:9334:138,2012-02-25 20:00:00,2012-03-01 20:00:00,planned,E Krok - Pearsall Power Plant 138 kV Cir. 1
12413,L:17153:17157:138,2012-02-29 20:00:00,2012-03-01 20:00:00,planned,Ft Lancaster - Bonwood 138 kV Cir. 1
5235,L:7321:7326:138,2012-02-26 20:00:00,2012-03-15 20:00:00,planned,Westdale - Racoon Bend 138 kV
770,L:5354:5378:138,2012-02-25 20:00:00,2012-03-16 20:00:00,planned,Enid - Jet 138 kV Ckt 1
1580,L:5731:5732:138,2012-02-27 20:00:00,2012-03-03 20:00:00,planned,Woodside - Hughes 138 kV Line 1
8267,L:8768:18508:138,2012-02-27 20:00:00,2012-03-01 20:00:00,planned,Heardmot - White Sands Missile Range 138 kV Cir. 1
14268,L:18553:18554:138,2012-02-28 20:00:00,2012-03-19 20:00:00,planned,Camanche - Stotesbury 138 kV #1
11276,L:10223:10228:138,2012-02-26 20:00:00,2012-02-28 20:00:00,planned,Seminole Electric Cooperative - Thalia 138 kV Line
7361,L:8346:8384:138,2012-02-29 20:00:00,2012-03-11 20:00:00,planned,New Castle Substation - Basin Rd 138 kV Line 1
12067,L:16913:16914:138,2012-02-27 20:00:00,2012-03-08 20:00:00,planned,Inskip - Smithtool 138 kV Circuit 1
12013,L:16809:16831:138,2012-02-28 20:00:00,2012-03-13 20:00:00,planned,Rainsville Substation - Arrowhead Lake 138 kV Ckt 1
18952,L:22244:22552:100,2012-03-03 20:00:00,2012-03-16 20:00:00,planned,Aic - Carbona 100 kV #1
21495,L:24592:24600:230,2012-02-27 20:00:00,2012-02-28 20:00:00,planned,Farragut Substation - Maalaea 230 kV Circuit 1
14414,L:18662:18663:138,2012-03-05 20:00:00,2012-03-12 20:00:00,planned,Zeeland Generating Station - Trinity 138 kV Cir. 1
9915,L:9583:9594:138,2012-02-27 20:00:00,2012-03-17 20:00:00,planned,Phlpott - Broadford 138 kV Cir. 1
19605,L:22893:22896:100,2012-03-05 20:00:00,2012-03-17 20:00:00,planned,Bakersfield - Coulter 100 kV line
13685,L:18171:18172:138,2012-02-27 20:00:00,2012-03-18 20:00:00,planned,West Murray - North Springfield Substation 138 kV #1
79,L:2797:5939:138,2012-02-28 20:00:00,2012-03-07 20:00:00,planned,Blakesleejct - Latham 138 kV #1
19590,L:22888:23492:100,2012-02-28 20:00:00,2012-03-16 20:00:00,planned,Nw Term - Henagar Substation 100 kV
14085,L:18419:18420:138,2012-02-27 20:00:00,2012-03-07 20:00:00,planned,Bluestone - Dragon Court 138 kV
8488,L:8876:10070:345,2012-02-25 20:00:00,2012-03-02 20:00:00,planned,Kingsberry - Corners Substation 345 kV #1
17019,L:19746:19762:100,2012-03-03 20:00:00,2012-03-11 20:00:00,planned,Reeves Substation - Jarvis 100 kV Cir. 2
13763,L:18217:18221:138,2012-02-28 20:00:00,2012-03-12 20:00:00,planned,Kelly Crk - Kanawha River 138 kV Line 1
5722,L:7575:8038:345,2012-02-25 20:00:00,2012-03-11 20:00:00,planned,Meadow Lake Wind Farm Ii Llc - Dragon St Substation 345 kV
16788,L:19646:20058:100,2012-03-03 20:00:00,2012-03-04 20:00:00,planned,Intalco Substation - Madisonburg 100 kV Ckt 1
3579,L:6553:6556:138,2012-03-01 20:00:00,2012-03-20 20:00:00,planned,Hygiene - Fuller Tap 138 kV Cir. 1
20003,L:23026:23095:100,2012-03-01 20:00:00,2012-03-20 20:00:00,planned,Fener - San Andres 100 kV Circuit 2
20567,L:23274:23304:100,2012-02-26 20:00:00,2012-03-10 20:00:00,planned,Tate & Lyle Decatur Plant Cogen - Seaton 100 kV
854,L:5383:6000:138,2012-03-01 20:00:00,2012-03-07 20:00:00,planned,Diamond Bar - Grayson Substation 138 kV
8158,L:8713:8722:138,2012-03-01 20:00:00,2012-03-08 20:00:00,planned,Southwest - Lyonsdale Associates 138 kV
12777,L:17572:17659:138,2012-03-05 20:00:00,2012-03-18 20:00:00,planned,New Haven Harbor - Lark Ellen 138 kV Cir. 1
16116,L:19396:19413:230,2012-03-03 20:00:00,2012-03-10 20:00:00,planned,Tc Water - Hailey 230 kV Ckt 1
8785,L:9040:9043:138,2012-02-29 20:00:00,2012-03-12 20:00:00,planned,Sierra - Clermont E Substation 138 kV
19380,L:22844:23518:100,2012-03-04 20:00:00,2012-03-20 20:00:00,planned,Jax Heights - Progress Energy Clermont 100 kV #1
6588,L:8038:8041:138,2012-03-01 20:00:00,2012-03-14 20:00:00,planned,Chaves - Dragon St 138 kV Ckt 1
12687,L:17397:17636:138,2012-03-04 20:00:00,2012-03-08 20:00:00,planned,Yellowcake - Villa Del Carmen 138 kV #1
17818,L:20112:20202:100,2012-02-25 20:00:00,2012-03-08 20:00:00,planned,Gilchrist - Eric 100 kV
7268,L:8300:8389:138,2012-02-29 20:00:00,2012-03-14 20:00:00,planned,Mckee Run - Highway M 138 kV Line 1
13979,L:18346:18348:138,2012-03-05 20:00:00,2012-03-21 20:00:00,planned,J St - Progress Energy Electric-Belleview 138 kV #1
20837,L:23411:23455:100,2012-03-04 20:00:00,2012-03-13 20:00:00,planned,Bathurst - Manlove-Folsom 100 kV
18702,L:21796:22493:230,2012-02-28 20:00:00,2012-03-13 20:00:00,planned,Buckeye - Robison Park 230 kV
4055,L:6851:6861:138,2012-02-28 20:00:00,2012-03-16 20:00:00,planned,W Jax Substation - S Gorham 138 kV line
7770,L:8523:8789:138,2012-03-05 20:00:00,2012-03-16 20:00:00,planned,Falling Branch - Neosho 138 kV #1
17575,L:19995:20006:100,2012-02-26 20:00:00,2012-03-13 20:00:00,planned,Maclen - U S Alliance Coosa Pines 100 kV
9849,L:9540:9542:138,2012-03-02 20:00:00,2012-03-12 20:00:00,planned,Shute - Roanke 138 kV Circuit 1
16003,L:19341:19342:100,2012-02-29 20:00:00,2012-03-08 20:00:00,planned,Power Delivery Pt - Lake Hubbard Pump Station Substation 100 kV Ckt 1
2705,L:6134:6135:138,2012-03-04 20:00:00,2012-03-14 20:00:00,planned,Neshaminy - Mayberry 138 kV Line 1
6100,L:7777:7778:138,2012-03-05 20:00:00,2012-03-11 20:00:00,planned,Reedsburg - Blountville Sw Station 138 kV #1
14126,L:18444:18445:138,2012-03-02 20:00:00,2012-03-15 20:00:00,planned,Cheraw Cash Rd - Ecoelectrica 138 kV Cir. 1
17327,L:19879:19929:100,2012-02-27 20:00:00,2012-03-11 20:00:00,planned,Angel Mounds - Hutchinson Plant 1 100 kV
1368,L:5626:5732:345,2012-04-12 21:00:00,2012-04-18 21:00:00,planned,No Wall - Woodside 345 kV Ckt 1
3750,L:6657:6658:138,2012-04-12 21:00:00,2012-05-02 21:00:00,planned,Wapato - Oakland L 138 kV
7983,L:8654:9899:138,2012-04-07 21:00:00,2012-04-24 21:00:00,planned,Louisville - Walden N Generation Sta 138 kV Cir. 1
9882,L:9562:9603:138,2012-04-07 21:00:00,2012-04-13 21:00:00,planned,Coal Ck - Claypool Hill 138 kV Cir. 1
5048,L:7227:7284:138,2012-04-12 21:00:00,2012-04-24 21:00:00,planned,Thompson Peak Tap - 2Nd T 138 kV Ckt 1
18996,L:22333:22920:100,2012-04-09 21:00:00,2012-04-16 21:00:00,planned,Vasquez - Uncasville Substation 100 kV Cir. 1
1138,L:5524:5955:138,2012-04-11 21:00:00,2012-04-24 21:00:00,planned,Yardville Solar Farm - Springfield Substation 138 kV L
2164,L:5947:7149:500,2012-04-10 21:00:00,2012-04-27 21:00:00,planned,Terry - Steel City 500 kV Cir. 1
10390,L:9759:9761:138,2012-04-08 21:00:00,2012-04-23 21:00:00,planned,Wheelabrator Portsmouth - Reeves Ave 138 kV #1
515,L:5229:5236:138,2012-04-13 21:00:00,2012-04-25 21:00:00,planned,T.S. Power - Everett 138 kV Cir. 1
19215,L:22786:23502:100,2012-04-12 21:00:00,2012-04-15 21:00:00,planned,Freehaven-Lakepark - Rockton 100 kV Cir. 1
12582,L:17314:17634:138,2012-04-13 21:00:00,2012-04-18 21:00:00,planned,Amoco - Narod Substation 138 kV Circuit 1
4332,L:7034:7035:138,2012-04-08 21:00:00,2012-04-19 21:00:00,planned,Waymart Wind - Klondike Substation 138 kV Circuit 1
3345,L:6443:7140:138,2012-04-15 21:00:00,2012-04-26 21:00:00,planned,Bucks Crk - Sharon Hill 138 kV Circuit 1
4845,L:7161:7731:138,2012-04-12 21:00:00,2012-04-22 21:00:00,planned,Talenenergy Martins Crk Llc Lock Haven - Tropical 138 kV Line 1
545,L:5240:5300:138,2012-04-16 21:00:00,2012-04-23 21:00:00,planned,Sanders - Gvrd Sewage 138 kV Ckt 1
7364,L:8348:8352:138,2012-04-07 21:00:00,2012-04-26 21:00:00,planned,Red Lion Energy Ctr - Queen City 138 kV Line 1
15109,L:18919:19284:100,2012-04-14 21:00:00,2012-04-29 21:00:00,planned,Doyle Energy Facility - Sasco Crk 100 kV Circuit 1
21496,L:24592:24606:500,2012-04-15 21:00:00,2012-04-27 21:00:00,planned,Top Crop Substation - Maalaea 500 kV Cir. 1
1905,L:5897:5913:138,2012-04-09 21:00:00,2012-04-16 21:00:00,planned,Agrico - Mickleton 138 kV Line 1
10358,L:9744:9769:138,2012-04-07 21:00:00,2012-04-17 21:00:00,planned,Shively - Olympic Pipe 138 kV
720,L:5320:6891:138,2012-04-12 21:00:00,2012-04-27 21:00:00,planned,Cartwright - Cuthbert 138 kV Cir. 1
4999,L:7207:18152:138,2012-04-16 21:00:00,2012-05-04 21:00:00,planned,Ivar - Tahsis Village 138 kV Circuit 1
14634,L:18725:18726:100,2012-04-08 21:00:00,2012-04-22 21:00:00,planned,Wagon Mound - Vernon Hill 100 kV Circuit 1
17587,L:20000:20007:100,2012-04-11 21:00:00,2012-04-21 21:00:00,planned,Tracy - Gould Substation 100 kV Cir. 1
7791,L:8529:8569:138,2012-04-14 21:00:00,2012-04-18 21:00:00,planned,Texlae - Pahokee 138 kV #1
12412,L:17153:17155:138,2012-04-14 21:00:00,2012-04-19 21:00:00,planned,Brittany Woods - Ft Lancaster 138 kV L
16790,L:19646:20061:100,2012-04-10 21:00:00,2012-04-29 21:00:00,planned,Keystone Heights Electrical - Madisonburg Substation 100 kV Circuit 2
16909,L:19708:19711:100,2012-04-16 21:00:00,2012-04-29 21:00:00,planned,Los Medanos - Elm 100 kV Circuit 1
9760,L:9482:9511:138,2012-04-14 21:00:00,2012-04-30 21:00:00,planned,Siuc - Frankln-Laguna 138 kV #1
14910,L:18842:19383:100,2012-04-10 21:00:00,2012-04-14 21:00:00,planned,Wirt - Firstenergy R E Burger 100 kV Line
3819,L:6702:8110:138,2012-04-07 21:00:00,2012-04-09 21:00:00,planned,Hurricane Crk - Garibaldi 138 kV Circuit 1
15558,L:19124:19131:230,2012-04-11 21:00:00,2012-04-21 21:00:00,planned,Beatty - Getchel 230 kV
9616,L:9394:9397:138,2012-04-09 21:00:00,2012-04-11 21:00:00,planned,West Winchester - Antelope Mine 138 kV Line 1
12145,L:16969:17720:138,2012-04-16 21:00:00,2012-04-29 21:00:00,planned,Huntersville Delivery No 2 - Chemolite 138 kV Ckt 1
9248,L:9215:9216:138,2012-04-13 21:00:00,2012-05-03 21:00:00,planned,Walls - Calipatria 138 kV
10402,L:9761:10108:138,2012-05-27 17:00:00,2012-06-15 17:00:00,planned,Reeves Ave Substation - Thole St 138 kV Cir. 1
597,L:5264:5915:138,2012-05-29 17:00:00,2012-06-01 17:00:00,planned,Kuser Rd - South Columbia Substation 138 kV
570,L:5249:5250:138,2012-05-27 17:00:00,2012-06-01 17:00:00,planned,Port Acres Bulk - Altadena 138 kV Line 1
20053,L:23048:23089:100,2012-05-24 17:00:00,2012-06-03 17:00:00,planned,Stauffer - Jeffersonville Kentucky Avenue 100 kV Line 1
7688,L:8488:8516:345,2012-05-21 17:00:00,2012-05-27 17:00:00,planned,Plant Avenue - Vly Way 345 kV #1
3457,L:6497:6709:138,2012-05-28 17:00:00,2012-05-31 17:00:00,planned,O'Gara - Ayer 138 kV
6717,L:8093:8257:500,2012-05-22 17:00:00,2012-05-24 17:00:00,planned,Milford - Westland 500 kV Circuit 1
814,L:5369:5399:138,2012-05-23 17:00:00,2012-05-30 17:00:00,planned,Aldene - Pit 7 Tap Substation 138 kV Ckt 1
1805,L:5854:5874:138,2012-05-23 17:00:00,2012-06-08 17:00:00,planned,Woodard - Fanwood 138 kV #1
15830,L:19251:19265:100,2012-05-20 17:00:00,2012-06-04 17:00:00,planned,Southpac - Interbay 100 kV line
13267,L:17947:17957:138,2012-05-25 17:00:00,2012-06-14 17:00:00,planned,Petro Canada Substation - Napavine 138 kV
19736,L:22945:22953:100,2012-05-24 17:00:00,2012-06-02 17:00:00,planned,Peachton - Bingen 100 kV Circuit 1
3620,L:6585:6588:138,2012-05-28 17:00:00,2012-06-04 17:00:00,planned,Industry - Blue Lake Substation 138 kV
14597,L:18707:19543:230,2012-05-22 17:00:00,2012-05-27 17:00:00,planned,Sporn - Gavin Power Llc 230 kV Ckt 1
9251,L:9218:9291:138,2012-05-22 17:00:00,2012-05-27 17:00:00,planned,Boonsboro - Allens Falls 138 kV
4356,L:7047:7087:138,2012-05-27 17:00:00,2012-06-04 17:00:00,planned,Illinois 4 - Minnesota Riv Substation 138 kV Line 1
2708,L:6134:6866:138,2012-05-24 17:00:00,2012-06-03 17:00:00,planned,Neshaminy - Byberry 138 kV Ckt 1
13377,L:17994:18009:138,2012-05-21 17:00:00,2012-06-03 17:00:00,planned,Sauk City Phillips St - Texon Hydroelectric Project 138 kV Ckt 1
13349,L:17982:18279:138,2012-05-26 17:00:00,2012-06-04 17:00:00,planned,Sheridan - Cliffside 138 kV Line 1
20692,L:23325:23485:100,2012-05-29 17:00:00,2012-06-15 17:00:00,planned,Quantum - Aaa 100 kV
9312,L:9247:9249:138,2012-05-29 17:00:00,2012-06-15 17:00:00,planned,Stony Brook - Ramey Field 1 7004 138 kV #1
4079,L:6873:6883:138,2012-05-20 17:00:00,2012-05-26 17:00:00,planned,Wekiwa Substation - Burholme 138 kV Line
1850,L:5889:6800:138,2012-05-23 17:00:00,2012-06-06 17:00:00,planned,Glendon - Horicon 138 kV
11256,L:10213:10221:138,2012-05-23 17:00:00,2012-05-28 17:00:00,planned,Nugget - Brandy Branch 138 kV
7747,L:8515:8554:138,2012-05-24 17:00:00,2012-06-10 17:00:00,planned,Trumbull - Decatur Adm N 138 kV line
5440,L:7449:7562:138,2012-05-23 17:00:00,2012-06-04 17:00:00,planned,Poly Substation - Matin 138 kV Cir. 1
10350,L:9741:10267:138,2012-05-27 17:00:00,2012-05-30 17:00:00,planned,Turner Rd - Tyler Substation 138 kV Cir. 1
1017,L:5479:5480:138,2012-05-22 17:00:00,2012-06-09 17:00:00,planned,Shawsille - Glencliff 138 kV Line 1
17794,L:20097:20104:100,2012-05-26 17:00:00,2012-05-29 17:00:00,planned,Rvenna Substation - Hanna 100 kV Line
11984,L:16482:16896:138,2012-05-20 17:00:00,2012-05-31 17:00:00,planned,Bertwood - Ft Patrick Henry 138 kV L
9771,L:9489:9650:138,2012-05-20 17:00:00,2012-05-26 17:00:00,planned,J Woodruff - Mecklenburg Power Sta 138 kV #1
5731,L:7579:8038:138,2012-05-26 17:00:00,2012-06-07 17:00:00,planned,N Slope Llc - Dragon St 138 kV #1
3792,L:6687:7130:138,2012-05-27 17:00:00,2012-06-10 17:00:00,planned,Talenenergy Martins Creek Llc Williamsport - Elimsport 138 kV Circuit 1
12490,L:17209:17654:138,2012-05-26 17:00:00,2012-06-14 17:00:00,planned,Jerome Prairie - Elkhart Lake 138 kV Circuit 1
3228,L:6381:6417:138,2012-05-26 17:00:00,2012-06-05 17:00:00,planned,Beeline - Wilde 138 kV Ckt 1
321,L:5136:5407:138,2012-05-28 17:00:00,2012-06-04 17:00:00,planned,Malabar - Medical Ctr 138 kV Ckt 1
21467,L:24080:24083:100,2012-05-27 17:00:00,2012-06-09 17:00:00,planned,West Dover - Paul D. Johnson 100 kV
1721,L:5819:5874:138,2012-05-23 17:00:00,2012-06-11 17:00:00,planned,Camp Far W - Fanwood 138 kV Ckt 1
8417,L:8841:8886:138,2012-05-29 17:00:00,2012-06-12 17:00:00,planned,E Cullman - Twinbrook Substation 138 kV Circuit 1
6737,L:8103:8105:138,2012-05-20 17:00:00,2012-06-08 17:00:00,planned,Peoria - Mertens 138 kV
8268,L:8769:8770:138,2012-05-25 17:00:00,2012-05-30 17:00:00,planned,Las Cruces 3602 - Pixley 138 kV
19655,L:22915:22918:100,2012-05-22 17:00:00,2012-05-25 17:00:00,planned,Salinas Urbano - Peetz 100 kV
2414,L:6011:6020:138,2012-05-24 17:00:00,2012-06-10 17:00:00,planned,Herricks - Rotary Park 138 kV Line 1
3525,L:6531:6550:345,2012-05-27 17:00:00,2012-06-03 17:00:00,planned,Trentwood - Chattahoochee Energy Faciity 345 kV L
3490,L:6513:7166:345,2012-05-26 17:00:00,2012-06-07 17:00:00,planned,Market St - South Bloomington 345 kV Cir. 1
996,L:5463:5469:138,2012-05-26 17:00:00,2012-06-11 17:00:00,planned,Kingsland - Segs 6 138 kV
17425,L:19922:19930:100,2012-05-26 17:00:00,2012-05-28 17:00:00,planned,Hell Gate - Fort 100 kV Circuit 1
6701,L:8088:8090:138,2012-05-20 17:00:00,2012-06-06 17:00:00,planned,Whiteside - Divide 138 kV Line 1
732,L:5328:5337:138,2012-05-25 17:00:00,2012-06-07 17:00:00,planned,Arcer - Hooterville 138 kV Circuit 1
10611,L:9862:9916:138,2012-05-23 17:00:00,2012-06-12 17:00:00,planned,Fruitridge & S. Land Park Substation - Clark 138 kV Line
20393,L:23179:23513:100,2012-05-27 17:00:00,2012-06-15 17:00:00,planned,Huebner - Bonanza 100 kV #1
20338,L:23161:23263:500,2012-05-29 17:00:00,2012-06-11 17:00:00,planned,Turley - Los Ositos 500 kV Cir. 1
10544,L:9830:9837:138,2012-05-23 17:00:00,2012-06-07 17:00:00,planned,Fort White - Sechelt 138 kV Ckt 1
13525,L:18069:18549:138,2012-05-21 17:00:00,2012-06-08 17:00:00,planned,Homart - Stony Point 138 kV Cir. 1
6314,L:7882:7894:138,2012-05-21 17:00:00,2012-05-28 17:00:00,planned,Bluff - Uatac Substation 138 kV
14687,L:18742:18745:100,2012-05-28 17:00:00,2012-06-14 17:00:00,planned,St. Thomas Hospital - Kalamazoo 100 kV #1
18022,L:20257:20312:100,2012-05-26 17:00:00,2012-06-06 17:00:00,planned,Lion Mountain - Cottonwood Crk 100 kV
10992,L:10046:10048:138,2012-05-26 17:00:00,2012-06-08 17:00:00,planned,Southaven - Leesburg Substation 138 kV Line 1
7881,L:8592:8597:138,2012-05-21 17:00:00,2012-05-24 17:00:00,planned,Roe'S Corner - Imperial Terminal Tower 138 kV #1
10638,L:9872:9877:138,2012-05-20 17:00:00,2012-06-09 17:00:00,planned,Ellerbe Rd - Waterport 138 kV Line 1
15155,L:18936:19505:100,2012-05-22 17:00:00,2012-06-11 17:00:00,planned,Sub 18936 - Arabi 100 kV Line 1
7790,L:8528:8567:138,2012-05-23 17:00:00,2012-06-02 17:00:00,planned,Hazelwood - Oroville 138 kV Line 1
9891,L:9568:16817:138,2012-05-26 17:00:00,2012-06-13 17:00:00,planned,Bayport - Yanke 138 kV #1
1786,L:5844:5850:345,2012-06-16 17:00:00,2012-06-27 17:00:00,planned,Schoharie - Sjve Madera 345 kV Line 1
16477,L:19555:19580:100,2012-06-12 17:00:00,2012-06-24 17:00:00,planned,Souhwest Shreveport - Woodland Biomass Tap 100 kV
14958,L:18854:19048:230,2012-06-19 17:00:00,2012-06-27 17:00:00,planned,E Marysville - Jacks Creek 230 kV Line
20526,L:23259:23399:100,2012-06-17 17:00:00,2012-06-24 17:00:00,planned,Snyder - Rapids Energy Ctr 100 kV Ckt 2
17290,L:19862:19974:100,2012-06-16 17:00:00,2012-06-20 17:00:00,planned,Icegen Substation - Santo Domingo 100 kV Cir. 1
1046,L:5490:5898:138,2012-06-21 17:00:00,2012-07-08 17:00:00,planned,Klein - Car Care 138 kV Ckt 1
19831,L:22974:23145:230,2012-06-19 17:00:00,2012-07-08 17:00:00,planned,Line Crk - Capri 230 kV Circuit 1
9430,L:9308:9352:138,2012-06-17 17:00:00,2012-06-28 17:00:00,planned,Santa Fe Station Pnm - Zanja 138 kV
7493,L:8406:8443:138,2012-06-16 17:00:00,2012-06-23 17:00:00,planned,W Townsend Substation - Sauk Dpc Solar Substation 138 kV Line 1
882,L:5398:5861:138,2012-06-17 17:00:00,2012-06-23 17:00:00,planned,Naval Air Sta - Uvalde Reit 138 kV #1
6269,L:7866:8146:138,2012-06-17 17:00:00,2012-06-28 17:00:00,planned,Medco Substation - Turkey Pt 138 kV Cir. 1
5712,L:7568:8157:138,2012-06-13 17:00:00,2012-06-29 17:00:00,planned,American Crystal Sugar Drayton - Secord 138 kV #1
14741,L:18768:18877:230,2012-06-18 17:00:00,2012-07-07 17:00:00,planned,Pinetree - Woodlawn 230 kV
300,L:5130:5142:138,2012-06-12 17:00:00,2012-06-19 17:00:00,planned,West Asheville - Woolworth Rd Co Op 138 kV Circuit 1
7770,L:8523:8789:138,2012-06-13 17:00:00,2012-06-14 17:00:00,planned,Falling Branch - Neosho 138 kV Cir. 1
13810,L:18244:18257:138,2012-06-20 17:00:00,2012-06-29 17:00:00,planned,Nassau Energy Corp - Mosaic Co Bartow Facility Substation 138 kV Line 1
281,L:5120:5995:345,2012-06-15 17:00:00,2012-06-19 17:00:00,planned,Oneida - Acb Energy Parntners Llc - Mtf Cogen 345 kV
4087,L:6880:6933:138,2012-06-17 17:00:00,2012-06-24 17:00:00,planned,Morgan Community Solar - Wheatland Sta 138 kV Ckt 1
6333,L:7892:7901:138,2012-06-20 17:00:00,2012-07-01 17:00:00,planned,Palm Canyon - Tans Mtn Oil Cust Tap 138 kV Circuit 1
639,L:5285:5320:138,2012-06-14 17:00:00,2012-07-04 17:00:00,planned,Cartwright - Sienna 138 kV
9646,L:9409:18440:138,2012-06-21 17:00:00,2012-06-30 17:00:00,planned,Mount Si - Kimballton 138 kV Line 1
9984,L:9623:17625:138,2012-06-19 17:00:00,2012-06-21 17:00:00,planned,Taos - Stockton Cogen 138 kV
17618,L:20014:20042:100,2012-06-15 17:00:00,2012-06-28 17:00:00,planned,Jonesboro - Empire 100 kV #1
10967,L:10032:10054:138,2012-06-18 17:00:00,2012-07-02 17:00:00,planned,Eastgate - Hicks 138 kV Ckt 1
9596,L:9385:9667:138,2012-06-13 17:00:00,2012-06-16 17:00:00,planned,Leesville - Mcminnville 138 kV
4051,L:6847:6857:138,2012-06-19 17:00:00,2012-07-02 17:00:00,planned,Laurel Wind Farm - Bluegrass 138 kV
6540,L:8008:8009:138,2012-06-12 17:00:00,2012-06-15 17:00:00,planned,Lowndes - Rosholt 138 kV #1
1497,L:5683:5696:345,2012-06-13 17:00:00,2012-06-18 17:00:00,planned,Nassau - Weber 345 kV
4521,L:7108:7118:500,2012-06-17 17:00:00,2012-06-18 17:00:00,planned,Face Rock Substation - Peach Bottom 500 kV Cir. 1
1032,L:5482:5962:138,2012-06-20 17:00:00,2012-06-29 17:00:00,planned,Quail - Chester 138 kV
8393,L:8834:8842:138,2012-06-18 17:00:00,2012-07-05 17:00:00,planned,Kleber - Alumax 138 kV #1
7344,L:8338:8343:138,2012-06-12 17:00:00,2012-06-20 17:00:00,planned,Cachete1 1526 1530 - Brandywine 138 kV Circuit 1
8361,L:8822:8954:138,2012-06-21 17:00:00,2012-06-25 17:00:00,planned,Laurel - Crystal Springs 138 kV Ckt 1
3505,L:6521:6545:138,2012-06-13 17:00:00,2012-06-28 17:00:00,planned,Leola - Hedges 138 kV Ckt 1
20358,L:23170:23259:100,2012-06-13 17:00:00,2012-07-03 17:00:00,planned,Putts Ridge - Snyder 100 kV Cir. 2
4740,L:7139:8629:345,2012-06-18 17:00:00,2012-07-03 17:00:00,planned,Northwest Tap - Athens 345 kV Line 1
19767,L:22953:22956:100,2012-06-13 17:00:00,2012-06-30 17:00:00,planned,Peachton - Jansn Ln 100 kV Ckt 1
5878,L:7672:8103:500,2012-06-12 17:00:00,2012-06-21 17:00:00,planned,Orchard Road - Peoria 500 kV Ckt 1
20049,L:23048:23052:100,2012-06-20 17:00:00,2012-07-04 17:00:00,planned,Cestwood - Stauffer 100 kV Line
2175,L:5952:5997:138,2012-06-19 17:00:00,2012-06-23 17:00:00,planned,Howard Down - Salmon Creek 138 kV Line 1
11054,L:10086:10285:138,2012-06-18 17:00:00,2012-06-24 17:00:00,planned,Hughson - Jennings Lodge 138 kV Circuit 2
5982,L:7725:8018:138,2012-06-18 17:00:00,2012-06-27 17:00:00,planned,Red Oak Ap - Miller Coors Eden Llc Substation 138 kV Line 1
3490,L:6513:7166:345,2012-06-17 17:00:00,2012-06-22 17:00:00,planned,Market St - South Bloomington 345 kV Line 1
5176,L:7286:7389:345,2012-06-20 17:00:00,2012-07-04 17:00:00,planned,S3143 - Goodyear Lake Plant 345 kV Ckt 1
316,L:5135:5284:138,2012-06-21 17:00:00,2012-07-06 17:00:00,planned,California - Sickler 138 kV Line 1
13306,L:17965:19579:138,2012-06-17 17:00:00,2012-06-21 17:00:00,planned,Tidd - Weirton 138 kV Circuit 1
678,L:5302:6900:138,2012-06-14 17:00:00,2012-06-16 17:00:00,planned,Wheeler Mt - Milagro Cogeneration 138 kV Ckt 1
20075,L:23059:23090:100,2012-06-15 17:00:00,2012-07-04 17:00:00,planned,La Cygne - Delta Power 100 kV Circuit 1
7071,L:8262:8275:345,2012-06-17 17:00:00,2012-06-23 17:00:00,planned,Dessau - Norfork 345 kV #1
2528,L:6052:7134:345,2012-06-17 17:00:00,2012-06-27 17:00:00,planned,Folsom Prison - Ontelaunee Energy Center 345 kV #1
2199,L:5958:7136:345,2012-06-13 17:00:00,2012-06-17 17:00:00,planned,Visalia - Cimarron 345 kV
13766,L:18218:18234:138,2012-06-12 17:00:00,2012-06-28 17:00:00,planned,Hopkinsville - Cox 138 kV Cir. 1
10585,L:9848:9914:138,2012-06-16 17:00:00,2012-06-20 17:00:00,planned,Butt Vly - Franconia 138 kV #1
6537,L:8006:8017:138,2012-07-11 15:00:00,2012-07-14 15:00:00,planned,Vitulli - Carbondale Nw Substation 138 kV Ckt 1
2038,L:5925:7111:500,2012-07-15 15:00:00,2012-07-16 15:00:00,planned,Glen Gardner - Michigan Avenue 500 kV #1
15459,L:19068:19069:100,2012-07-12 15:00:00,2012-07-15 15:00:00,planned,Short Mtn - Eridge 100 kV Cir. 1
9528,L:9356:9649:138,2012-07-18 15:00:00,2012-07-26 15:00:00,planned,Ingles St - Westcott 138 kV
5762,L:7604:7633:138,2012-07-10 15:00:00,2012-07-14 15:00:00,planned,Univ Of Nc Chapel Hill Cogen Facility - La Neuville 138 kV Cir. 1
4387,L:7065:7068:138,2012-07-10 15:00:00,2012-07-27 15:00:00,planned,Comanche - Casky 138 kV
15997,L:19337:19454:100,2012-07-17 15:00:00,2012-07-18 15:00:00,planned,Martin Luther King - Big Grassy 100 kV Line 1
19621,L:22901:22937:100,2012-07-12 15:00:00,2012-07-24 15:00:00,planned,Bryan St - Fruit Industries 100 kV Ckt 1
19330,L:22831:22836:100,2012-07-10 15:00:00,2012-07-30 15:00:00,planned,Morganville - Polson 100 kV Ckt 2
9737,L:9470:9475:138,2012-07-10 15:00:00,2012-07-19 15:00:00,planned,Fort Rock Midstate - Finney 138 kV line
10163,L:9666:18117:345,2012-07-12 15:00:00,2012-07-26 15:00:00,planned,Lowmoor - Modena 345 kV Circuit 1
10751,L:9922:10071:138,2012-07-17 15:00:00,2012-07-29 15:00:00,planned,Depot Substation - Wells Ic 138 kV Circuit 1
760,L:5346:5350:138,2012-07-11 15:00:00,2012-07-26 15:00:00,planned,Blountsville - Ft Rock Substation 138 kV Line
20790,L:23388:23390:100,2012-07-11 15:00:00,2012-07-18 15:00:00,planned,Amelia Bulk - West Hempstead 100 kV
10723,L:9915:10070:345,2012-07-09 15:00:00,2012-07-15 15:00:00,planned,Corners - Pomona Hts 345 kV Ckt 1
6822,L:8168:8174:138,2012-07-15 15:00:00,2012-08-04 15:00:00,planned,Wilis - Ishua Switch Tower 138 kV Ckt 1
16751,L:19631:19633:100,2012-07-15 15:00:00,2012-07-17 15:00:00,planned,Otsego - Elma 100 kV
19741,L:22950:23438:100,2012-07-11 15:00:00,2012-07-12 15:00:00,planned,Sky Lake - Albeni Falls Substation 100 kV #1
1017,L:5479:5480:138,2012-07-12 15:00:00,2012-07-18 15:00:00,planned,Glencliff - Shawsville 138 kV #1
373,L:5163:5170:138,2012-07-12 15:00:00,2012-07-23 15:00:00,planned,Maywood - Mcphersn 2 138 kV Line 1
14163,L:18476:18564:138,2012-07-15 15:00:00,2012-07-25 15:00:00,planned,Cane Run Switching - Butler Municipal Power Plant 138 kV
9320,L:9252:16808:138,2012-07-11 15:00:00,2012-07-26 15:00:00,planned,Sanborn - Central Hudson Beacon 138 kV
4507,L:7105:7117:345,2012-07-11 15:00:00,2012-07-29 15:00:00,planned,Inver Hills - Kalamazoo-San Juan 345 kV Circuit 1
15440,L:19062:19084:100,2012-07-12 15:00:00,2012-07-28 15:00:00,planned,Westinghouse Substation - Little Union 100 kV #2
12000,L:16490:16884:138,2012-07-17 15:00:00,2012-07-31 15:00:00,planned,Mar - Riviera 138 kV
19510,L:22873:23005:230,2012-07-18 15:00:00,2012-07-19 15:00:00,planned,Clifton Wilson - Moize Creek Substation 230 kV Ckt 2
17305,L:19870:20206:100,2012-07-18 15:00:00,2012-08-04 15:00:00,planned,Norfolk - Twinsburg 100 kV Cir. 1
7306,L:8320:8321:138,2012-07-18 15:00:00,2012-07-21 15:00:00,planned,Peavine - Belfry 138 kV Circuit 1
12996,L:17761:18412:138,2012-07-14 15:00:00,2012-08-01 15:00:00,planned,Boscobel Muni - Evergreen 138 kV #1
18099,L:20276:20311:100,2012-07-11 15:00:00,2012-07-28 15:00:00,planned,Perry 162 - Saint Cloud 100 kV Circuit 1
10680,L:9896:10070:345,2012-07-18 15:00:00,2012-08-05 15:00:00,planned,Dranesville - Corners Substation 345 kV Line 1
19697,L:22928:22948:100,2012-07-16 15:00:00,2012-07-30 15:00:00,planned,Opal Cliffs - Unibon 9501 100 kV Ckt 1
1057,L:5494:6188:138,2012-07-18 15:00:00,2012-08-03 15:00:00,planned,Sun City - Rittenhouse 138 kV Circuit 1
18821,L:22016:22021:100,2012-07-16 15:00:00,2012-08-03 15:00:00,planned,Dunlap - Rossmoor Tap 2 Substation 100 kV Cir. 1
13029,L:17787:17791:138,2012-07-15 15:00:00,2012-07-30 15:00:00,planned,Sub 17791 - Siletz 138 kV Circuit 1
5538,L:7493:7516:138,2012-07-12 15:00:00,2012-07-21 15:00:00,planned,Isanti - Bison 138 kV Cir. 1
8391,L:8833:8929:138,2012-07-12 15:00:00,2012-07-15 15:00:00,planned,Mohave Electric - Beltsville 138 kV Line 1
468,L:5209:5212:138,2012-07-16 15:00:00,2012-08-05 15:00:00,planned,Tweedy - Fair Lawn 138 kV
16933,L:19721:19727:100,2012-07-10 15:00:00,2012-07-12 15:00:00,planned,Hunter Creek - Juniper Substation 100 kV Line 1
17028,L:19749:19771:100,2012-07-10 15:00:00,2012-07-26 15:00:00,planned,Baldwin - Cleveland Thermal 100 kV Line 1
9728,L:9466:9467:138,2012-07-13 15:00:00,2012-08-01 15:00:00,planned,Eagle Pt Power Plant - Meadow Lake Wind Farm Llc 138 kV Ckt 1
6701,L:8088:8090:138,2012-07-14 15:00:00,2012-08-03 15:00:00,planned,Whiteside - Divide 138 kV Line 1
12865,L:17616:18607:138,2012-07-09 15:00:00,2012-07-13 15:00:00,planned,40Th St Substation - Current Crk 138 kV #1
8424,L:8842:9856:138,2012-07-13 15:00:00,2012-07-29 15:00:00,planned,Quaker Hill - Alumax 138 kV Cir. 2
551,L:5242:5272:138,2012-07-11 15:00:00,2012-07-19 15:00:00,planned,Lammers - Desoto Next Generation Solar Energy 138 kV line
9415,L:9300:9303:138,2012-07-18 15:00:00,2012-07-23 15:00:00,planned,Crcuit 40 - Safeway Stores 138 kV Circuit 1
20319,L:23151:23153:100,2012-07-10 15:00:00,2012-07-12 15:00:00,planned,Southwyck - Penryn 100 kV line
7985,L:8655:8665:138,2012-07-11 15:00:00,2012-07-18 15:00:00,planned,Blueridge - Huntington Beach 138 kV Cir. 1
16166,L:19422:19551:100,2012-07-17 15:00:00,2012-07-28 15:00:00,planned,Santa Rose Geothermal - Milvon 100 kV Cir. 1
6302,L:7879:7884:138,2012-07-12 15:00:00,2012-07-25 15:00:00,planned,Connellsville - Sotex5 138 kV
8296,L:8782:8798:138,2012-07-10 15:00:00,2012-07-14 15:00:00,planned,Soport - Crestbrook 138 kV Ckt 1
16057,L:19368:19373:100,2012-07-12 15:00:00,2012-07-25 15:00:00,planned,Ambrosia - Stephenson 100 kV
8872,L:9070:9098:345,2012-07-12 15:00:00,2012-07-22 15:00:00,planned,Brandywine Power Facility - Monroe St Substation 345 kV #1
12071,L:16915:16916:138,2012-07-12 15:00:00,2012-08-01 15:00:00,planned,Opp - Cico 138 kV #1
12325,L:17049:17360:138,2012-07-11 15:00:00,2012-07-26 15:00:00,planned,Wheatland - Araby 138 kV Cir. 1
1532,L:5700:5840:138,2012-07-09 15:00:00,2012-07-28 15:00:00,planned,Hcf - Mill Cteek 138 kV
20344,L:23164:23224:100,2012-07-14 15:00:00,2012-07-20 15:00:00,planned,Los Altos - Brevort 100 kV Cir. 1
20750,L:23354:23355:100,2012-07-09 15:00:00,2012-07-13 15:00:00,planned,Skaggs Island - Pioneer Prairie Phase I 100 kV Cir. 1
5650,L:7546:8251:138,2012-07-13 15:00:00,2012-07-19 15:00:00,planned,Waterside - Columbus South 138 kV #1
3914,L:6752:6753:138,2012-07-15 15:00:00,2012-07-28 15:00:00,planned,Calaveras - Fredonia 138 kV Ckt 1
19485,L:22871:22998:100,2012-07-13 15:00:00,2012-08-02 15:00:00,planned,Crown - Woodchuck 100 kV Line
17557,L:19986:21394:230,2012-07-10 15:00:00,2012-07-30 15:00:00,planned,Tejon - Mt.Pleasant 230 kV
18478,L:21518:21520:100,2012-07-16 15:00:00,2012-08-02 15:00:00,planned,Rainsville Tap - Aep E Watervliet 100 kV L
2684,L:6124:6125:345,2012-07-12 15:00:00,2012-07-18 15:00:00,planned,Acec Roslin - Sheyenne 345 kV Circuit 1
1841,L:5884:6704:138,2012-07-12 15:00:00,2012-07-30 15:00:00,planned,Pomelo - Rio Bravo Poso 138 kV Cir. 1
3270,L:6408:6577:138,2012-07-14 15:00:00,2012-07-30 15:00:00,planned,Willett St - Lewisburg Substation 138 kV
15298,L:19006:19007:100,2012-07-13 15:00:00,2012-08-02 15:00:00,planned,Tulu - Powerline Elkhorn 100 kV line
7293,L:8316:8390:138,2012-07-11 15:00:00,2012-07-16 15:00:00,planned,Sylvarena - Delaware City Plant Substation 138 kV #1
3592,L:6560:7079:138,2012-07-18 15:00:00,2012-08-07 15:00:00,planned,Purdue Northwest - Kimball 138 kV Ckt 1
19592,L:22888:23528:100,2012-07-14 15:00:00,2012-07-23 15:00:00,planned,Henagar - Aiyansh 100 kV L
4136,L:6907:6919:138,2012-07-10 15:00:00,2012-07-15 15:00:00,planned,Angora - Taft Cogeneration Facility 138 kV Cir. 1
19755,L:22951:22960:100,2012-07-17 15:00:00,2012-07-31 15:00:00,planned,Jim Christal - Drummond 100 kV Line 3
4200,L:6955:7030:138,2012-07-18 15:00:00,2012-08-07 15:00:00,planned,Keller - North Proctorville Substation 138 kV
6634,L:8061:8062:138,2012-07-09 15:00:00,2012-07-28 15:00:00,planned,Reenergy Ashland - Mcclain Energy Facility 138 kV Cir. 1
2461,L:6028:8522:138,2012-07-31 16:00:00,2012-08-09 16:00:00,planned,Gas - Ogallala 138 kV Cir. 1
18699,L:21794:21808:100,2012-07-31 16:00:00,2012-08-19 16:00:00,planned,Siamous - Harper 100 kV #1
10325,L:9734:10070:345,2012-08-02 16:00:00,2012-08-10 16:00:00,planned,Corners - Fredericksburg 345 kV #1
7395,L:8366:8371:138,2012-07-27 16:00:00,2012-07-29 16:00:00,planned,Woodenshoe Substation - Ess Lewes 138 kV Line
7848,L:8566:9086:138,2012-07-29 16:00:00,2012-08-16 16:00:00,planned,Monument St - Highlandown 138 kV Ckt 1
12541,L:17237:17783:138,2012-07-30 16:00:00,2012-08-07 16:00:00,planned,New London Avenue - Tumbler Ridge 138 kV #1
5621,L:7532:8288:345,2012-07-31 16:00:00,2012-08-09 16:00:00,planned,Dpc New Lisbon - North Allegheny Windpower Project 345 kV Ckt 1
13160,L:17882:18418:138,2012-07-31 16:00:00,2012-08-11 16:00:00,planned,Arch Crk - Fairbury 138 kV Cir. 1
6068,L:7762:7769:138,2012-07-31 16:00:00,2012-08-07 16:00:00,planned,Timnath Substation - Kossuth 138 kV
8013,L:8664:8677:138,2012-07-27 16:00:00,2012-08-06 16:00:00,planned,Raton - Pit 7 138 kV Ckt 1
13588,L:18110:18489:138,2012-08-02 16:00:00,2012-08-13 16:00:00,planned,Rio Blanco 2702 - Butano 138 kV
12320,L:17047:17048:138,2012-07-30 16:00:00,2012-08-06 16:00:00,planned,Ocoee - West Ina 138 kV
3492,L:6513:6515:138,2012-07-29 16:00:00,2012-08-11 16:00:00,planned,Stockhouse Rd - Market St 138 kV Line 1
17363,L:19894:19907:100,2012-08-01 16:00:00,2012-08-12 16:00:00,planned,Plaza Street - Buena Vista Pumps 100 kV #1
19410,L:22849:22853:100,2012-07-28 16:00:00,2012-08-02 16:00:00,planned,Moreno Tap - Comed Devon 100 kV Line 2
2816,L:6192:6598:345,2012-07-25 16:00:00,2012-07-29 16:00:00,planned,Williston - Ruch 345 kV Ckt 1
19357,L:22840:22960:100,2012-08-01 16:00:00,2012-08-04 16:00:00,planned,Drummond Substation - Rogers 100 kV line
15756,L:19213:19221:230,2012-07-29 16:00:00,2012-08-03 16:00:00,planned,Gibsonia - Wood 230 kV #1
833,L:5375:5389:138,2012-07-31 16:00:00,2012-08-12 16:00:00,planned,Ocotillo - Miller St 138 kV
15301,L:19007:19565:100,2012-07-25 16:00:00,2012-08-11 16:00:00,planned,Reedy Crk - Powerline Elkhorn 100 kV Circuit 1
16750,L:19630:19640:100,2012-08-02 16:00:00,2012-08-20 16:00:00,planned,40Th Place - U.S. Gypsum 100 kV Line 1
4395,L:7068:7115:138,2012-07-28 16:00:00,2012-08-17 16:00:00,planned,Casky Substation - Hamilton Pa 138 kV L
9577,L:9376:9639:138,2012-07-25 16:00:00,2012-08-05 16:00:00,planned,Astoria Generating Station - Denver City 138 kV
7991,L:8657:8658:138,2012-08-02 16:00:00,2012-08-05 16:00:00,planned,Great Falls Rainbow - Chief 138 kV
14418,L:18665:18677:138,2012-07-30 16:00:00,2012-08-17 16:00:00,planned,Baileysvile - Mullensille 138 kV Line 1
14022,L:18372:18373:138,2012-08-02 16:00:00,2012-08-11 16:00:00,planned,Coalinga 2 - Dundee Substation 138 kV Circuit 1
54,L:2755:2968:161,2012-07-31 16:00:00,2012-08-18 16:00:00,planned,Seminole - Ottawa Avenue 161 kV L
16748,L:19629:19638:100,2012-07-29 16:00:00,2012-08-13 16:00:00,planned,West Akron - Forest Grove 100 kV Ckt 1
532,L:5237:5255:138,2012-07-25 16:00:00,2012-07-26 16:00:00,planned,Mount Laurel - Lumberon 138 kV
6120,L:7791:7793:138,2012-07-25 16:00:00,2012-08-12 16:00:00,planned,Little Rock Roland Rd - White River 138 kV Line 1
4113,L:6892:6910:138,2012-07-25 16:00:00,2012-08-09 16:00:00,planned,Saxon Pump - Riggsville 138 kV
11203,L:10175:10284:138,2012-08-02 16:00:00,2012-08-20 16:00:00,planned,Laguna - Butternut 138 kV Line 1
11116,L:10117:10169:138,2012-08-01 16:00:00,2012-08-21 16:00:00,planned,Holly Springs - Condon 138 kV Cir. 1
15009,L:18876:18902:100,2012-07-29 16:00:00,2012-08-06 16:00:00,planned,Ammonia - Loveridge Rd 100 kV
17714,L:20064:20190:100,2012-07-25 16:00:00,2012-07-26 16:00:00,planned,Johnsons Corners - Star 100 kV #1
6589,L:8038:8042:138,2012-07-28 16:00:00,2012-08-15 16:00:00,planned,Dragon St - 253Rd Place 138 kV
9184,L:9179:9180:138,2012-07-25 16:00:00,2012-07-27 16:00:00,planned,Nm Potash 1 - Grottoes 138 kV Ckt 1
1626,L:5759:5762:138,2012-07-26 16:00:00,2012-08-14 16:00:00,planned,Lake Chelan Project - Capitoa Substation 138 kV
17520,L:19973:19996:100,2012-08-01 16:00:00,2012-08-05 16:00:00,planned,Arkansas Nuclear One Substation - Hillabee Sta 100 kV Cir. 1
20694,L:23326:24062:100,2012-08-03 16:00:00,2012-08-15 16:00:00,planned,Tuco - Bonners Ferry 100 kV Cir. 1
11144,L:10133:10137:138,2012-07-29 16:00:00,2012-08-02 16:00:00,planned,Disputanta - Northern Steel Casting 138 kV Cir. 1
20077,L:23060:23090:100,2012-07-27 16:00:00,2012-08-11 16:00:00,planned,Conrath Dpc Solar - Delta Power 100 kV Circuit 1
20786,L:23387:23458:230,2012-07-29 16:00:00,2012-08-16 16:00:00,planned,Ultragen - Big Lake 230 kV
13502,L:18061:18078:138,2012-07-25 16:00:00,2012-08-13 16:00:00,planned,Vetrans Blvd - Grade Lane 138 kV #1
20788,L:23387:23440:100,2012-07-26 16:00:00,2012-08-08 16:00:00,planned,Ultragen - Bethel 100 kV Ckt 1
2861,L:6215:6233:138,2012-08-03 16:00:00,2012-08-20 16:00:00,planned,Mona - Snarr 138 kV Circuit 1
16057,L:19368:19373:100,2012-07-25 16:00:00,2012-08-04 16:00:00,planned,Stephenson - Ambrosia 100 kV Cir. 1
8350,L:8815:8825:138,2012-07-25 16:00:00,2012-08-10 16:00:00,planned,Long Reach - Howard 138 kV Cir. 1
6774,L:8130:8131:138,2012-07-28 16:00:00,2012-08-07 16:00:00,planned,Gm Alison - Westfork 138 kV L
3331,L:6438:6443:138,2012-07-25 16:00:00,2012-08-09 16:00:00,planned,Concho - Sharon Hill 138 kV Circuit 1
19834,L:22974:22992:100,2012-07-27 16:00:00,2012-08-12 16:00:00,planned,Line Crk - W Charleston 100 kV Line 1
7357,L:8343:8388:138,2012-08-02 16:00:00,2012-08-22 16:00:00,planned,Bandywine - Carrcroft 138 kV line
5906,L:7686:7688:138,2012-07-30 16:00:00,2012-08-11 16:00:00,planned,Powersville Road - Packard Substation 138 kV Circuit 1
11233,L:10197:10270:138,2012-08-01 16:00:00,2012-08-04 16:00:00,planned,Dewing - Quantico 138 kV #1
10236,L:9686:9851:138,2012-09-01 17:00:00,2012-09-12 17:00:00,planned,New Plymounth - Canadian Hills Wind 138 kV #1
20103,L:23076:23140:100,2012-08-29 17:00:00,2012-09-09 17:00:00,planned,Pleasant Hill - Rapides 100 kV #1
13501,L:18060:18695:138,2012-09-07 17:00:00,2012-09-13 17:00:00,planned,Sweatt - Hawks Nest Hydro 138 kV Line 1
3563,L:6543:6575:138,2012-09-02 17:00:00,2012-09-19 17:00:00,planned,Uknown12262 - West Point 138 kV #1
3089,L:6315:7151:138,2012-08-29 17:00:00,2012-08-30 17:00:00,planned,Englewood - Union Carbide 138 kV #1
13735,L:18198:18686:345,2012-09-05 17:00:00,2012-09-06 17:00:00,planned,Azalea Solar Llc - Amos Substation 345 kV Circuit 1
9351,L:9265:9347:138,2012-09-03 17:00:00,2012-09-22 17:00:00,planned,Haysi - Totem 138 kV Circuit 1
3656,L:6598:7149:500,2012-08-30 17:00:00,2012-09-18 17:00:00,planned,Ruch - Steel City 500 kV Cir. 1
532,L:5237:5255:138,2012-08-29 17:00:00,2012-09-06 17:00:00,planned,Mount Laurel - Lumberton 138 kV Circuit 1
17943,L:20197:20203:100,2012-09-06 17:00:00,2012-09-20 17:00:00,planned,Water - S Akron 100 kV
20105,L:23076:23153:100,2012-08-29 17:00:00,2012-09-17 17:00:00,planned,Pleasant Hill - Southwyck 100 kV Line 1
5514,L:7482:7563:138,2012-09-02 17:00:00,2012-09-06 17:00:00,planned,Russellville - Nottely 138 kV Circuit 1
14630,L:18723:18725:100,2012-08-29 17:00:00,2012-09-01 17:00:00,planned,Mcdonald - Wagon Mound 100 kV #1
8507,L:8889:8911:138,2012-09-05 17:00:00,2012-09-14 17:00:00,planned,Summit Lake Wps - Glenwood 138 kV Cir. 1
9062,L:9126:9175:138,2012-09-02 17:00:00,2012-09-12 17:00:00,planned,Church - Crozet 138 kV #1
9156,L:9163:9193:138,2012-08-31 17:00:00,2012-09-06 17:00:00,planned,Macks Inn - Pinto 138 kV Line
746,L:5338:5970:138,2012-09-06 17:00:00,2012-09-07 17:00:00,planned,Texum Substation - St. Clair 138 kV Ckt 1
6401,L:7931:7951:138,2012-08-31 17:00:00,2012-09-15 17:00:00,planned,Laconner - Zoar 138 kV Line
4374,L:7058:8490:138,2012-09-05 17:00:00,2012-09-19 17:00:00,planned,Twisp - Ripp 138 kV Line
5288,L:7355:8290:138,2012-09-05 17:00:00,2012-09-20 17:00:00,planned,Terror Lake Microgrid - Zebra 138 kV Circuit 1
7599,L:8451:8585:138,2012-08-29 17:00:00,2012-09-06 17:00:00,planned,Potholes Substation - Bankhead Dam 138 kV Circuit 1
21027,L:23459:23530:230,2012-09-03 17:00:00,2012-09-06 17:00:00,planned,Trrora - Elwood 230 kV #1
9034,L:9111:9631:345,2012-09-02 17:00:00,2012-09-16 17:00:00,planned,Fluvanna P.S - Red Hll 345 kV Cir. 1
16777,L:19643:20303:230,2012-08-31 17:00:00,2012-09-14 17:00:00,planned,Canal Road - Chartle Pond 230 kV
15414,L:19054:19134:230,2012-08-29 17:00:00,2012-08-30 17:00:00,planned,Sugarcreek - Fishhawk 230 kV Circuit 1
13761,L:18216:18270:138,2012-09-05 17:00:00,2012-09-17 17:00:00,planned,Big Oaks - New Glarus 138 kV
1190,L:5548:5983:138,2012-09-02 17:00:00,2012-09-11 17:00:00,planned,South Kirkland Substation - Peninsula Park 138 kV Circuit 1
9070,L:9131:9132:138,2012-09-07 17:00:00,2012-09-19 17:00:00,planned,Gordonsville Energy Lp - Nevada Solar One 138 kV Line 1
3119,L:6328:6329:138,2012-09-04 17:00:00,2012-09-11 17:00:00,planned,Pheasant Branch - Mossyrock Pp 138 kV Ckt 1
7297,L:8318:8327:138,2012-09-03 17:00:00,2012-09-04 17:00:00,planned,Mt. Pleaant - Waterloo Solar Llc 138 kV Cir. 1
5699,L:7564:7582:138,2012-09-05 17:00:00,2012-09-07 17:00:00,planned,Cranberry - 5069 Univ. Catolica 138 kV Cir. 1
7132,L:8270:8273:138,2012-09-04 17:00:00,2012-09-13 17:00:00,planned,Midland - Beaver Valley 138 kV Circuit 1
13702,L:18182:18184:138,2012-09-07 17:00:00,2012-09-16 17:00:00,planned,Firstenergy Harrison Power Sta - Northwoods Substation 138 kV #1
19806,L:22968:23027:100,2012-08-30 17:00:00,2012-09-13 17:00:00,planned,Lansing - Arbors 100 kV Circuit 2
419,L:5183:5209:138,2012-08-30 17:00:00,2012-09-13 17:00:00,planned,Smiley - Fair Lawn 138 kV
14219,L:18515:18518:138,2012-09-02 17:00:00,2012-09-19 17:00:00,planned,Lemon Creek - Little River 138 kV Cir. 1
14172,L:18482:18574:138,2012-09-02 17:00:00,2012-09-21 17:00:00,planned,Randall St - Taft 138 kV Line 1
15926,L:19301:19304:100,2012-09-04 17:00:00,2012-09-09 17:00:00,planned,Valmy - Grs Richmond 100 kV Line 1
20486,L:23236:23250:100,2012-09-05 17:00:00,2012-09-19 17:00:00,planned,Bicknell - La Plata 100 kV Circuit 1
9540,L:9363:9364:138,2012-08-30 17:00:00,2012-09-06 17:00:00,planned,Balch - Gallatin Tn 138 kV
5466,L:7460:7481:138,2012-09-07 17:00:00,2012-09-15 17:00:00,planned,S Lake Geneva - Negley 138 kV line
16212,L:19455:19554:230,2012-09-03 17:00:00,2012-09-05 17:00:00,planned,Judith Gap - Dresden 230 kV #1
3940,L:6762:6774:138,2012-09-03 17:00:00,2012-09-06 17:00:00,planned,Denton Dr - Ramos 138 kV Line 1
14177,L:18485:18641:138,2012-09-03 17:00:00,2012-09-13 17:00:00,planned,Tulucay - Dluzere 138 kV Cir. 1
10913,L:10000:10308:138,2012-08-31 17:00:00,2012-09-06 17:00:00,planned,Alpine - Barland 138 kV Circuit 1
5164,L:7278:7396:138,2012-09-02 17:00:00,2012-09-11 17:00:00,planned,Universal - Ainsworth Substation 138 kV #1
2435,L:6019:6366:138,2012-09-02 17:00:00,2012-09-05 17:00:00,planned,Ridge - Blythewood Substation 138 kV Cir. 1
6621,L:8054:8055:138,2012-08-30 17:00:00,2012-09-15 17:00:00,planned,Sixth Street - Bayou Mrcus 138 kV Circuit 1
8857,L:9068:9097:138,2012-09-01 17:00:00,2012-09-13 17:00:00,planned,Oakland I - Easton 2 138 kV Line
18127,L:20280:20309:500,2012-09-07 17:00:00,2012-09-12 17:00:00,planned,Richland - Troy Energy Llc 500 kV Line
11037,L:10075:10155:138,2012-09-04 17:00:00,2012-09-17 17:00:00,planned,Locust Vly - Rienzi Substation 138 kV Circuit 1
19359,L:22840:22960:100,2012-08-31 17:00:00,2012-09-20 17:00:00,planned,Rogers - Drummond 100 kV line
17469,L:19946:20059:100,2012-09-02 17:00:00,2012-09-18 17:00:00,planned,Fishhole - Menands 100 kV
19588,L:22887:23145:230,2012-08-29 17:00:00,2012-09-11 17:00:00,planned,Capri - Burwell 230 kV Line
3707,L:6635:6663:138,2012-09-04 17:00:00,2012-09-16 17:00:00,planned,Lookingglass - North Mesa 138 kV
3178,L:6354:6364:138,2012-09-02 17:00:00,2012-09-08 17:00:00,planned,Nef - Archer Daniels Midland Cedar Rapids 138 kV Circuit 1
10567,L:9841:10020:138,2012-09-03 17:00:00,2012-09-07 17:00:00,planned,Ocoee 3 - Guadalupe 138 kV Ckt 1
12200,L:16991:17584:138,2012-09-07 17:00:00,2012-09-09 17:00:00,planned,Mwd Temecal - Richardson 138 kV Ckt 1
8224,L:8738:8764:138,2012-08-30 17:00:00,2012-09-07 17:00:00,planned,Rock Spring - Monocacy 138 kV Ckt 1
1696,L:5805:5806:138,2012-08-30 17:00:00,2012-09-17 17:00:00,planned,Hatchet Ridge Wind Substation - St. Johns Substation 138 kV Line 1
3754,L:6659:6679:138,2012-09-03 17:00:00,2012-09-06 17:00:00,planned,Spencer Switch - Strathcona 138 kV Cir. 1
16033,L:19348:19349:100,2012-09-03 17:00:00,2012-09-13 17:00:00,planned,Blue Racer Substation - Arco Western Energy 100 kV
956,L:5440:5468:138,2012-09-07 17:00:00,2012-09-13 17:00:00,planned,Port St - Newark Bay Cogeneration Partnership Lp 138 kV Ckt 2
12348,L:17060:17320:138,2012-08-31 17:00:00,2012-09-01 17:00:00,planned,Peaksview - Drop 5 Substation 138 kV Line 1
2607,L:6084:6094:138,2012-09-02 17:00:00,2012-09-13 17:00:00,planned,N Longwood - New Gulf 138 kV Ckt 1
13301,L:17962:19303:100,2012-09-05 17:00:00,2012-09-10 17:00:00,planned,Butterfield - Blue Plains 100 kV #1
11072,L:10100:10129:138,2012-09-06 17:00:00,2012-09-18 17:00:00,planned,Upalco - Churchland Substation 138 kV #1
12154,L:16971:16972:138,2012-09-03 17:00:00,2012-09-11 17:00:00,planned,Kern Riv 3 - Cartersville 138 kV Line 1
6339,L:7896:7897:138,2012-09-05 17:00:00,2012-09-22 17:00:00,planned,Greenwood - Heye Meyer 138 kV Cir. 1
13197,L:17902:17905:138,2012-09-06 17:00:00,2012-09-15 17:00:00,planned,Millbrae Tap - Beechhurst 138 kV Line 1
6773,L:8129:8254:138,2012-10-03 20:00:00,2012-10-21 20:00:00,planned,Marathon - Pontotoc 138 kV #1
13406,L:18009:18012:138,2012-09-29 20:00:00,2012-10-13 20:00:00,planned,Texon Ydroelectric Project - Milton 138 kV
15298,L:19006:19007:100,2012-10-03 20:00:00,2012-10-09 20:00:00,planned,Tulu - Powerline Elkhorn 100 kV
8107,L:8696:8702:138,2012-09-25 20:00:00,2012-09-26 20:00:00,planned,Grinding - Pepco 117 138 kV Line 1
18310,L:20995:22598:100,2012-09-30 20:00:00,2012-10-11 20:00:00,planned,Marley - Oak Knoll 100 kV #2
4429,L:7088:7103:345,2012-09-25 20:00:00,2012-10-12 20:00:00,planned,Northern Hills - Coggon 345 kV
19804,L:22967:23027:100,2012-09-24 20:00:00,2012-09-27 20:00:00,planned,Arbors - Rock Tavern 2 100 kV Ckt 1
14424,L:18671:18673:138,2012-09-26 20:00:00,2012-09-27 20:00:00,planned,Sea Island - Itmann 138 kV Line
1865,L:5891:5971:345,2012-09-26 20:00:00,2012-10-03 20:00:00,planned,Chambers - Dist 1000 345 kV Line 1
14910,L:18842:19383:100,2012-09-29 20:00:00,2012-10-18 20:00:00,planned,Firstenergy R E Burger - Wirt 100 kV Circuit 1
6841,L:8181:8198:138,2012-10-01 20:00:00,2012-10-20 20:00:00,planned,Cowlitz - Water St 138 kV #1
5436,L:7447:7478:138,2012-09-26 20:00:00,2012-10-09 20:00:00,planned,Raccoon - Chesterfield 138 kV #1
15253,L:18981:19145:230,2012-09-24 20:00:00,2012-09-28 20:00:00,planned,Walsenburg - Rec Newark 230 kV Cir. 1
4072,L:6865:6883:138,2012-10-01 20:00:00,2012-10-18 20:00:00,planned,Meyer - Burholme 138 kV
4806,L:7152:7162:138,2012-09-24 20:00:00,2012-09-30 20:00:00,planned,Isp Switching - N. Shannon Substation 138 kV
6570,L:8032:8107:138,2012-09-27 20:00:00,2012-10-02 20:00:00,planned,Longmire - Big Stone 138 kV Cir. 1
1026,L:5481:5484:138,2012-09-25 20:00:00,2012-09-28 20:00:00,planned,Pearl Plant - Lemolo No 1 Hydro 138 kV Circuit 1
565,L:5246:5319:138,2012-09-27 20:00:00,2012-09-30 20:00:00,planned,Kettle Morraine - N. Lee 138 kV Circuit 1
4447,L:7096:7166:500,2012-09-27 20:00:00,2012-10-09 20:00:00,planned,S Bloomington Substation - Archbald Power Station 500 kV Ckt 1
13375,L:17993:17997:138,2012-09-26 20:00:00,2012-10-01 20:00:00,planned,Debeque - W Huntington 138 kV Circuit 1
19449,L:22858:22882:100,2012-10-02 20:00:00,2012-10-22 20:00:00,planned,Grassmere - Deer Valley 100 kV Circuit 1
13614,L:18130:18141:138,2012-10-02 20:00:00,2012-10-11 20:00:00,planned,E Terra Haute - Difficulty 138 kV
15139,L:18929:18937:100,2012-09-24 20:00:00,2012-09-27 20:00:00,planned,Ekluta - Kimball Rd 100 kV
18474,L:21514:21517:100,2012-10-01 20:00:00,2012-10-02 20:00:00,planned,Canonicus - Stuey Road 100 kV Circuit 1
1919,L:5899:6878:138,2012-10-02 20:00:00,2012-10-18 20:00:00,planned,Henry Rd - Ottawa 138 kV Circuit 1
15963,L:19322:19327:100,2012-10-01 20:00:00,2012-10-03 20:00:00,planned,Grooms Rd - Pantano 100 kV Ckt 1
14656,L:18731:19526:100,2012-10-02 20:00:00,2012-10-16 20:00:00,planned,Lucas Co Substation - Devola 100 kV
1652,L:5778:5961:138,2012-10-01 20:00:00,2012-10-12 20:00:00,planned,Riverbend - Eastridge 138 kV #2
13559,L:18096:18160:138,2012-09-27 20:00:00,2012-10-01 20:00:00,planned,Marcy - S Randoph Substation 138 kV Line 1
13256,L:17939:17943:138,2012-09-28 20:00:00,2012-10-11 20:00:00,planned,La Bajada - Volusia 138 kV Cir. 1
2091,L:5933:6429:345,2012-09-28 20:00:00,2012-09-30 20:00:00,planned,Saville - Del City 345 kV
13848,L:18267:18338:345,2012-10-01 20:00:00,2012-10-05 20:00:00,planned,Fourth Plain Substation - Milroy 345 kV #1
15565,L:19125:19565:100,2012-09-25 20:00:00,2012-10-09 20:00:00,planned,Picway - Reedy Creek 100 kV
18175,L:20293:20308:100,2012-10-02 20:00:00,2012-10-22 20:00:00,planned,Black Canyon - Metalcan 100 kV Line 1
5569,L:7509:8250:345,2012-09-27 20:00:00,2012-10-06 20:00:00,planned,William F Matson Generating Station - Seguin W 345 kV Circuit 1
13854,L:18271:18521:138,2012-09-30 20:00:00,2012-10-20 20:00:00,planned,Cpi Usa Nc Southport - Tackett Reek 138 kV Ckt 1
5629,L:7535:7536:138,2012-09-24 20:00:00,2012-10-12 20:00:00,planned,Mered - Howard Beach 138 kV
5156,L:7273:7375:138,2012-09-27 20:00:00,2012-10-08 20:00:00,planned,Kettner Substation - Woodville 138 kV
8160,L:8713:9698:138,2012-09-26 20:00:00,2012-10-07 20:00:00,planned,Southwest - Inyokern Town 138 kV Cir. 1
13140,L:17871:17873:138,2012-09-30 20:00:00,2012-10-08 20:00:00,planned,Delight - Coyte 138 kV L
9252,L:9218:9657:138,2012-09-24 20:00:00,2012-10-11 20:00:00,planned,Boonsboro - Ralston 138 kV
6179,L:7818:7864:138,2012-09-25 20:00:00,2012-10-06 20:00:00,planned,El Monte - Cactus 138 kV Circuit 1
15450,L:19064:19105:100,2012-09-28 20:00:00,2012-10-13 20:00:00,planned,Vallejo B - Greg Stbella Vista 100 kV Ckt 1
19902,L:22995:23160:100,2012-10-01 20:00:00,2012-10-10 20:00:00,planned,Acec Wildrose - El Cajon 100 kV Line 1
1364,L:5624:5737:138,2012-09-25 20:00:00,2012-10-04 20:00:00,planned,N. Holly Springs - Serramonte 138 kV #1
2573,L:6069:7169:138,2012-09-29 20:00:00,2012-10-15 20:00:00,planned,Ashley Substation - Ironwood Llc 138 kV Circuit 1
12767,L:17567:17659:138,2012-10-03 20:00:00,2012-10-21 20:00:00,planned,Corson Station - New Haven Harbor 138 kV Cir. 1
3084,L:6313:6314:138,2012-10-02 20:00:00,2012-10-09 20:00:00,planned,Duval Clear - Falling Water 138 kV L
488,L:5216:5464:138,2012-10-01 20:00:00,2012-10-10 20:00:00,planned,Repro Substation - Triune 138 kV Cir. 1
14294,L:18569:18604:138,2012-09-30 20:00:00,2012-10-08 20:00:00,planned,Graham - Grand Ronde 138 kV
1850,L:5889:6800:138,2012-09-27 20:00:00,2012-10-01 20:00:00,planned,Horicon Substation - Glendon 138 kV Circuit 1
9096,L:9141:9149:138,2012-10-03 20:00:00,2012-10-18 20:00:00,planned,Timberwolf - East Longmeadow 138 kV line
20910,L:23442:23498:230,2012-09-26 20:00:00,2012-10-10 20:00:00,planned,Nrg Rockford I - Hooksink 230 kV line
14332,L:18601:18603:138,2012-09-28 20:00:00,2012-10-03 20:00:00,planned,Ojo - Stanford 138 kV Cir. 1
20130,L:23087:23416:230,2012-10-02 20:00:00,2012-10-19 20:00:00,planned,Grove Street - North Cambridge 230 kV Ckt 1
13505,L:18062:18526:138,2012-09-26 20:00:00,2012-10-14 20:00:00,planned,Dunlavy - Gay Mills 138 kV Line 1
11128,L:10122:10288:138,2012-09-27 20:00:00,2012-10-12 20:00:00,planned,Medtronic - Merriam Park 138 kV line
9291,L:9238:9245:138,2012-10-02 20:00:00,2012-10-20 20:00:00,planned,Ralston Tap - Cloverdale 138 kV Ckt 1
15324,L:19018:19021:100,2012-09-25 20:00:00,2012-10-03 20:00:00,planned,Benton Harbor - Post 100 kV Line 1
9678,L:9425:9646:138,2012-09-30 20:00:00,2012-10-20 20:00:00,planned,Glen Haven - Hanover St 138 kV #1
7703,L:8496:8563:138,2012-10-01 20:00:00,2012-10-02 20:00:00,planned,Hacienda Las Carolinas - Rattlesnake 138 kV Cir. 1
3135,L:6335:6826:138,2012-11-26 18:00:00,2012-11-29 18:00:00,planned,Sampson - Lena 138 kV
21367,L:23877:23878:100,2012-11-25 18:00:00,2012-12-07 18:00:00,planned,Leader - Fouke 100 kV Ckt 1
866,L:5389:5860:138,2012-11-23 18:00:00,2012-11-24 18:00:00,planned,Ocotillo - Flagstaff 138 kV Line 1
7267,L:8300:8387:138,2012-11-26 18:00:00,2012-11-30 18:00:00,planned,Mckee Run - Nrg Energy Center Dover 138 kV Ckt 1
18458,L:21388:21395:100,2012-11-20 18:00:00,2012-12-08 18:00:00,planned,Lunar - Brawley 100 kV Circuit 1
8375,L:8826:8828:138,2012-11-26 18:00:00,2012-12-04 18:00:00,planned,Bronx - S Butler 138 kV #1
7952,L:8634:9078:138,2012-11-22 18:00:00,2012-11-25 18:00:00,planned,Hogan - Rock Springs 138 kV Circuit 1
13265,L:17946:18261:138,2012-11-25 18:00:00,2012-12-15 18:00:00,planned,Dale Mabry - Camp Substation 138 kV #1
16090,L:19386:19399:100,2012-11-23 18:00:00,2012-12-08 18:00:00,planned,Rockwood - Mormon Flat Dam 100 kV Cir. 1
13682,L:18169:18313:138,2012-11-20 18:00:00,2012-11-28 18:00:00,planned,Cedar Bayou - Pruntytown 138 kV #1
13986,L:18349:18647:138,2012-11-19 18:00:00,2012-11-25 18:00:00,planned,Poynette - Lakeport 138 kV
4403,L:7071:7132:138,2012-11-20 18:00:00,2012-11-29 18:00:00,planned,Channing - Plant 31 Paper Mill 138 kV
1871,L:5891:8337:138,2012-11-19 18:00:00,2012-12-06 18:00:00,planned,Dist 1000 - Wellman 138 kV
3029,L:6288:6767:138,2012-11-24 18:00:00,2012-12-06 18:00:00,planned,Victor - Russell Fork 138 kV Ckt 1
9205,L:9193:9194:138,2012-11-22 18:00:00,2012-12-02 18:00:00,planned,Pinto Substation - Waynesboro 138 kV #1
533,L:5237:6852:138,2012-11-21 18:00:00,2012-12-03 18:00:00,planned,Mount Laurel - Palm Village Substation 138 kV
273,L:5118:5127:138,2012-11-20 18:00:00,2012-12-02 18:00:00,planned,Big Eddy Substation - Acoa Primary 138 kV Line
20629,L:23299:23357:100,2012-11-22 18:00:00,2012-11-29 18:00:00,planned,N Wenatchee - Markland 100 kV line
10630,L:9869:10158:138,2012-11-19 18:00:00,2012-11-28 18:00:00,planned,Wiccopee - Corvallis 138 kV #1
13729,L:18197:18199:138,2012-11-24 18:00:00,2012-12-01 18:00:00,planned,Ripley - Sagent Road 138 kV #1
9071,L:9131:9484:138,2012-11-21 18:00:00,2012-12-09 18:00:00,planned,Gordonsville Energy Lp - Sweden Switches 138 kV #1
10079,L:9648:18443:138,2012-11-25 18:00:00,2012-12-13 18:00:00,planned,Glen Lyn - Gray'S Flat 138 kV
17228,L:19836:19903:100,2012-11-19 18:00:00,2012-12-08 18:00:00,planned,Laporte Switch & - Pitchfork 100 kV Ckt 1
20510,L:23253:23264:100,2012-11-18 18:00:00,2012-12-06 18:00:00,planned,Tanker - Nance 100 kV Line
8287,L:8778:8779:138,2012-11-25 18:00:00,2012-11-29 18:00:00,planned,Cloverdae East - Moreland 138 kV line
14992,L:18863:18867:100,2012-11-19 18:00:00,2012-11-28 18:00:00,planned,Denton W Interchange - Great Falls Sc 100 kV line
9171,L:9170:9437:138,2012-11-20 18:00:00,2012-12-02 18:00:00,planned,Trincomali - N River D.P 138 kV #1
19597,L:22890:23466:100,2012-11-22 18:00:00,2012-11-24 18:00:00,planned,E Sanger - Ce Turbo 100 kV Line 1
15278,L:18995:19054:100,2012-11-19 18:00:00,2012-12-01 18:00:00,planned,Allatoona - Sugarcreek 100 kV Circuit 2
18705,L:21798:21809:100,2012-11-20 18:00:00,2012-12-07 18:00:00,planned,S Springfield - Grabill 100 kV L
12578,L:17312:17315:138,2012-11-22 18:00:00,2012-12-02 18:00:00,planned,C W Tippy - Westville 138 kV Ckt 1
6309,L:7880:7905:138,2012-11-19 18:00:00,2012-12-08 18:00:00,planned,Sta L Scattergood - Galloway 138 kV Circuit 1
13985,L:18349:18354:138,2012-11-27 18:00:00,2012-11-29 18:00:00,planned,Lakeport - Las Lomas 138 kV line
21440,L:24063:24065:100,2012-11-25 18:00:00,2012-12-06 18:00:00,planned,Jones Rd 30 - Amo 100 kV Ckt 1
8752,L:9019:9021:138,2012-11-27 18:00:00,2012-12-14 18:00:00,planned,East Hagerstown - Jollyville 138 kV Cir. 1
18751,L:21977:21978:100,2012-11-21 18:00:00,2012-12-06 18:00:00,planned,Villa Mar 1657 - Colegio 6006 100 kV Cir. 1
5630,L:7535:8288:138,2012-11-19 18:00:00,2012-11-20 18:00:00,planned,Merced - N Allegheny Windpower Project 138 kV Line 1
9735,L:9468:9469:138,2012-11-24 18:00:00,2012-12-14 18:00:00,planned,Beach Grove Substation - Coldwater 138 kV Cir. 1
6838,L:8179:8189:138,2012-11-23 18:00:00,2012-12-12 18:00:00,planned,Frankenheimer - Woods 138 kV #1
20696,L:23327:23485:100,2012-11-25 18:00:00,2012-11-29 18:00:00,planned,Geismar - Aaa 100 kV Ckt 1
19629,L:22904:22930:100,2012-11-23 18:00:00,2012-12-06 18:00:00,planned,Solemint - Canreed 100 kV
1437,L:5664:5691:138,2012-11-22 18:00:00,2012-12-09 18:00:00,planned,Gillette - Cavendish 138 kV Line
13596,L:18116:18122:138,2012-12-24 18:00:00,2012-12-25 18:00:00,planned,Ravensworth - Roslyn 138 kV
18831,L:22017:22725:100,2012-12-18 18:00:00,2012-12-22 18:00:00,planned,Lusher Substation - Elkhart Hydro 100 kV #2
18736,L:21839:21841:100,2012-12-20 18:00:00,2013-01-06 18:00:00,planned,Indiana Harbor E 5 Ac Station - Freedom Power Project 100 kV
4994,L:7205:7285:138,2012-12-23 18:00:00,2012-12-24 18:00:00,planned,Big Riv - Lsp-Cottage Grove Lp 138 kV #1
13538,L:18082:18272:138,2012-12-17 18:00:00,2012-12-24 18:00:00,planned,East Lake Wales - Hookdale Substation 138 kV Circuit 1
16272,L:19497:19538:100,2012-12-23 18:00:00,2012-12-24 18:00:00,planned,Stinson - Helberg 100 kV L
1501,L:5683:7111:500,2012-12-22 18:00:00,2012-12-26 18:00:00,planned,Weber - Michigan Avenue 500 kV Circuit 1
2714,L:6136:6868:138,2012-12-25 18:00:00,2013-01-04 18:00:00,planned,Tolson Solar Substation - Melrose 138 kV Cir. 1
10300,L:9725:9793:345,2012-12-24 18:00:00,2012-12-27 18:00:00,planned,Miller Redwood - Baraga Vlg 345 kV Ckt 1
3710,L:6636:6667:138,2012-12-24 18:00:00,2013-01-04 18:00:00,planned,Erie St - Fulford 138 kV Circuit 1
9952,L:9601:18355:138,2012-12-24 18:00:00,2013-01-08 18:00:00,planned,Woods Lake Substation - W Lane 138 kV
10359,L:9744:10265:138,2012-12-19 18:00:00,2013-01-07 18:00:00,planned,Shively - Geysers Tap 2 138 kV Cir. 1
20866,L:23425:23430:100,2012-12-26 18:00:00,2012-12-28 18:00:00,planned,Cherry Vy - Sewanee 100 kV
11541,L:10303:10307:138,2012-12-19 18:00:00,2012-12-29 18:00:00,planned,Woods Dp - Cwec Dewey 138 kV Circuit 2
3367,L:6452:6949:138,2012-12-19 18:00:00,2012-12-20 18:00:00,planned,Mortan - Clinton Battery 138 kV
14998,L:18864:18865:100,2012-12-19 18:00:00,2012-12-23 18:00:00,planned,Pinedale-Rio Linda - Hamilton St 100 kV
4507,L:7105:7117:345,2012-12-19 18:00:00,2012-12-22 18:00:00,planned,Kalamazoo-San Juan - Inver Hills 345 kV Cir. 1
15656,L:19169:19182:100,2012-12-24 18:00:00,2013-01-12 18:00:00,planned,Bellbrook - Calderwood 100 kV Circuit 1
18340,L:21037:21716:230,2012-12-17 18:00:00,2013-01-03 18:00:00,planned,El Sol - Cook 230 kV Ckt 2
11061,L:10092:10253:138,2012-12-18 18:00:00,2013-01-02 18:00:00,planned,Seaford - Warwick 138 kV
11950,L:16192:16812:138,2012-12-19 18:00:00,2013-01-08 18:00:00,planned,Vilas - Jonesborough 138 kV Line 1
16236,L:19475:19476:100,2012-12-26 18:00:00,2013-01-10 18:00:00,planned,Clymer - Don Marquis 2 100 kV
17311,L:19873:20100:100,2012-12-22 18:00:00,2012-12-23 18:00:00,planned,Holly Sugar - Hiram 100 kV
7773,L:8524:8567:138,2012-12-25 18:00:00,2013-01-02 18:00:00,planned,Fullerton - Oroville 138 kV Line 1
1225,L:5559:5658:138,2012-12-25 18:00:00,2013-01-01 18:00:00,planned,Honey - Rio Bayamon Dev 1709 138 kV Line 1
10457,L:9785:9787:138,2012-12-21 18:00:00,2012-12-22 18:00:00,planned,Trabue - Westchase 138 kV Line 1
15203,L:18960:22248:100,2012-12-23 18:00:00,2013-01-12 18:00:00,planned,Oconto Falls Upper - Kayenta 100 kV
18008,L:20246:20252:100,2012-12-18 18:00:00,2013-01-05 18:00:00,planned,Ford City - Wing Lane 100 kV
4965,L:7195:7382:138,2012-12-26 18:00:00,2013-01-04 18:00:00,planned,W Branch - Willow Lawn 138 kV Line 1
2431,L:6017:6018:138,2012-12-20 18:00:00,2012-12-23 18:00:00,planned,Galt - Pleasant Grove 138 kV #1
9221,L:9202:9211:138,2012-12-18 18:00:00,2012-12-25 18:00:00,planned,Takelma - Santee Cooper 138 kV Ckt 1
18377,L:21195:21719:230,2012-12-24 18:00:00,2012-12-25 18:00:00,planned,Caliente - Parkview Battery 230 kV Line
19291,L:22822:22991:100,2012-12-26 18:00:00,2013-01-13 18:00:00,planned,Bel Air Tap - Murfreesboro 100 kV #1
10767,L:9931:10297:138,2012-12-17 18:00:00,2012-12-21 18:00:00,planned,Ag Reliant - Brigham 138 kV #1
7588,L:8449:8451:138,2012-12-22 18:00:00,2012-12-25 18:00:00,planned,Gulf Breeze - Bankhead Dam 138 kV Ckt 1
6302,L:7879:7884:138,2012-12-25 18:00:00,2013-01-10 18:00:00,planned,Connellsville - Sotex5 138 kV Ckt 1
12886,L:17634:17635:138,2012-12-19 18:00:00,2013-01-04 18:00:00,planned,Amoco - Washington St 138 kV Circuit 1
16777,L:19643:20303:230,2012-12-26 18:00:00,2013-01-11 18:00:00,planned,Chartley Pond - Canal Road 230 kV #1
5059,L:7232:8227:138,2012-12-20 18:00:00,2013-01-05 18:00:00,planned,Bullard - Bristol - Hewitt Rd 138 kV Line 1
12256,L:17014:17335:138,2012-12-26 18:00:00,2013-01-11 18:00:00,planned,Corral - Haines City E Substation 138 kV Circuit 1
8390,L:8833:8865:138,2012-12-20 18:00:00,2012-12-22 18:00:00,planned,Beltsville - Syosset 138 kV
18268,L:20985:20987:100,2012-12-17 18:00:00,2012-12-23 18:00:00,planned,Port Of Stockton - Hagar 100 kV L
1411,L:5646:5648:138,2012-12-20 18:00:00,2012-12-28 18:00:00,planned,Wixom - Shell 138 kV
18591,L:21755:21776:100,2012-12-24 18:00:00,2013-01-08 18:00:00,planned,Velasco - Flora Site B 100 kV
13826,L:18248:18271:138,2012-12-17 18:00:00,2012-12-29 18:00:00,planned,Tackett Crk - Robble Ave 138 kV Ckt 1
13283,L:17954:18020:138,2012-12-22 18:00:00,2013-01-08 18:00:00,planned,Rec Red Hak - American Riv Parkway 138 kV Line 1
16904,L:19706:19707:100,2012-12-18 18:00:00,2012-12-28 18:00:00,planned,Ninemile Pt - Warrensburg 100 kV Line 1
623,L:5277:5928:138,2012-12-24 18:00:00,2013-01-11 18:00:00,planned,Ochoa - Lake Marion 138 kV #1
21077,L:23475:24600:230,2012-12-19 18:00:00,2012-12-26 18:00:00,planned,Morris Cogeneration Llc - Farragut 230 kV L
8049,L:8677:9093:138,2012-12-25 18:00:00,2013-01-12 18:00:00,planned,Harbeson - Pit 7 138 kV Line 1
19097,L:22673:22742:100,2012-12-19 18:00:00,2012-12-24 18:00:00,planned,Wabash - Gruver 100 kV Ckt 1
11089,L:10105:10111:138,2012-12-23 18:00:00,2012-12-25 18:00:00,planned,Alvey - Monohans 138 kV Cir. 1
14819,L:18803:19580:230,2012-12-26 18:00:00,2013-01-01 18:00:00,planned,Woodland Biomass Tap - O'Brien Substation 230 kV Line 1
1203,L:5551:5652:138,2012-12-21 18:00:00,2012-12-24 18:00:00,planned,Pinckneyville - Busch 138 kV Cir. 1
8018,L:8665:8677:138,2012-12-17 18:00:00,2012-12-22 18:00:00,planned,Huntington Beach - Pit 7 138 kV Circuit 1
3686,L:6614:6797:138,2012-12-21 18:00:00,2013-01-02 18:00:00,planned,N Bloomfield - Wild Rose Substation 138 kV Cir. 1
6386,L:7923:8262:345,2012-12-22 18:00:00,2012-12-24 18:00:00,planned,Texas Eastern5 - Dessau Substation 345 kV Cir. 1
9275,L:9228:9597:138,2012-12-19 18:00:00,2012-12-26 18:00:00,planned,Empire Energy Ctr - Dunnellon 138 kV
17642,L:20028:20224:100,2012-12-20 18:00:00,2012-12-26 18:00:00,planned,Niles Power Plant - Newton Bulk 100 kV #1
11039,L:10077:10078:138,2012-12-20 18:00:00,2013-01-08 18:00:00,planned,Norris City North - 4602 Coamo 138 kV
14062,L:18398:18608:138,2012-12-24 18:00:00,2013-01-11 18:00:00,planned,Surrey - Stples 138 kV
19353,L:22838:22966:100,2012-12-21 18:00:00,2013-01-01 18:00:00,planned,Florida Power Development - South Holland 100 kV L
11218,L:10184:10279:138,2013-01-17 19:00:00,2013-01-19 19:00:00,planned,Vereda 3103 - N Anna 138 kV Cir. 1
780,L:5359:5450:138,2013-01-18 19:00:00,2013-02-03 19:00:00,planned,Athenia - Grayling Generating Sta 138 kV Cir. 1
13348,L:17982:17983:138,2013-01-18 19:00:00,2013-02-02 19:00:00,planned,Sheridan - Gravel Ridge 138 kV Circuit 1
17227,L:19836:19837:100,2013-01-22 19:00:00,2013-02-06 19:00:00,planned,Memphis - Laporte Switch & 100 kV Circuit 1
8642,L:8951:8952:138,2013-01-14 19:00:00,2013-01-26 19:00:00,planned,Boulder Basin - Prairie Wind Farm 138 kV #1
4137,L:6907:6924:138,2013-01-19 19:00:00,2013-02-04 19:00:00,planned,Taft Cogeneration Facility Substation - Reclaim 138 kV Ckt 1
19353,L:22838:22966:100,2013-01-17 19:00:00,2013-01-26 19:00:00,planned,S Holland - Florida Power Development Substation 100 kV Cir. 1
15402,L:19051:19137:100,2013-01-16 19:00:00,2013-01-30 19:00:00,planned,Curlw - Schoolcraft 100 kV Ckt 1
2665,L:6117:6118:138,2013-01-14 19:00:00,2013-01-29 19:00:00,planned,Harvey Couch - Sumiden Wire 138 kV
9745,L:9475:9487:138,2013-01-20 19:00:00,2013-01-31 19:00:00,planned,Finney - Auburn Lfg Energy Facility 138 kV #1
16478,L:19555:19580:100,2013-01-13 19:00:00,2013-02-02 19:00:00,planned,Southwest Shreveport - Woodland Biomass Tap 100 kV L
6268,L:7866:8131:138,2013-01-18 19:00:00,2013-02-07 19:00:00,planned,Turkey Point - Westfork 138 kV Ckt 1
765,L:5349:5989:138,2013-01-22 19:00:00,2013-01-26 19:00:00,planned,Silver Star - Cumberland Nj 138 kV
20499,L:23244:23246:100,2013-01-17 19:00:00,2013-01-26 19:00:00,planned,Valley Stream - Tenaja 100 kV
13978,L:18344:18345:138,2013-01-15 19:00:00,2013-01-31 19:00:00,planned,Idahome - North Monroe 138 kV Cir. 1
7530,L:8422:8455:138,2013-01-15 19:00:00,2013-01-21 19:00:00,planned,Border - N Lakeville 138 kV #1
19361,L:22840:23017:100,2013-01-16 19:00:00,2013-01-24 19:00:00,planned,Rogers - Balch 1 100 kV Ckt 2
6078,L:7765:7766:138,2013-01-22 19:00:00,2013-02-01 19:00:00,planned,Citrus-Coloma - Alberta 138 kV
9532,L:9358:9359:138,2013-01-15 19:00:00,2013-02-04 19:00:00,planned,S Anton - 22Nd St 138 kV
13786,L:18229:18271:138,2013-01-16 19:00:00,2013-01-27 19:00:00,planned,Tackett Crk - Dalewood 138 kV Ckt 1
945,L:5428:6931:138,2013-01-22 19:00:00,2013-02-05 19:00:00,planned,Deptford - Thorofare 138 kV
18711,L:21802:21805:100,2013-01-18 19:00:00,2013-01-26 19:00:00,planned,Laotto - Mitchell Creek 100 kV
1200,L:5551:5572:138,2013-01-17 19:00:00,2013-01-26 19:00:00,planned,Busch - Barnegat 138 kV Circuit 1
2583,L:6072:7172:345,2013-01-20 19:00:00,2013-02-06 19:00:00,planned,Moser Generating Sta - Oregon City Substation 345 kV Ckt 1
6869,L:8205:8208:138,2013-01-17 19:00:00,2013-02-04 19:00:00,planned,International Paper Jay Hydro - Nebo 138 kV Ckt 1
1059,L:5495:6147:138,2013-01-17 19:00:00,2013-02-04 19:00:00,planned,Edward L. Addison Generating Plant Substation - Columbia Falls 138 kV #1
7724,L:8504:8560:138,2013-01-13 19:00:00,2013-01-28 19:00:00,planned,Pingree - Falls Hydro 138 kV Circuit 1
3339,L:6440:6733:138,2013-01-13 19:00:00,2013-01-20 19:00:00,planned,Cavanaugh - Lolita Substation 138 kV
13342,L:17979:18618:138,2013-01-22 19:00:00,2013-02-08 19:00:00,planned,Iep - Mattoon East 138 kV #1
11277,L:10224:10226:138,2013-01-21 19:00:00,2013-02-05 19:00:00,planned,Potter Station 2 - Lynnhaven 138 kV
6663,L:8073:8074:138,2013-01-16 19:00:00,2013-01-22 19:00:00,planned,Gillett - Fondo Del Seguro Del Estado 138 kV
9307,L:9244:9640:138,2013-01-19 19:00:00,2013-01-21 19:00:00,planned,Lewis Riv - Bandhead 138 kV #1
9446,L:9318:9818:138,2013-01-18 19:00:00,2013-01-28 19:00:00,planned,Old Chapel - Lusk 138 kV #1
3139,L:6337:6789:138,2013-01-15 19:00:00,2013-01-17 19:00:00,planned,Rose Garden - Poncha 138 kV Ckt 1
12427,L:17157:19241:138,2013-01-14 19:00:00,2013-01-23 19:00:00,planned,Bonwood - Airport Lane 138 kV Ckt 1
2336,L:5989:5995:500,2013-01-15 19:00:00,2013-01-26 19:00:00,planned,Acb Energy Parntners Llc - Mtf Cogen - Cumberland Nj 500 kV Ckt 1
12991,L:17759:17760:138,2013-01-21 19:00:00,2013-01-31 19:00:00,planned,Tom Watkins - Kimper 138 kV #1
19609,L:22895:22930:100,2013-01-21 19:00:00,2013-01-31 19:00:00,planned,Canreed - Boyles 100 kV Circuit 2
707,L:5313:7128:138,2013-01-16 19:00:00,2013-02-01 19:00:00,planned,Abernethy - Garden City 138 kV #1
21266,L:23510:23527:500,2013-01-15 19:00:00,2013-01-22 19:00:00,planned,Shady Oaks Wind Farm - Richardson Woodhaven 500 kV L
9524,L:9352:9353:138,2013-01-19 19:00:00,2013-02-07 19:00:00,planned,Floyd - Zanja 138 kV #1
1762,L:5833:5846:138,2013-01-17 19:00:00,2013-01-27 19:00:00,planned,Tokio - Jose 138 kV
1021,L:5480:5526:345,2013-01-21 19:00:00,2013-01-25 19:00:00,planned,Glencliff - Sperryville 345 kV #1
14194,L:18495:18509:138,2013-01-22 19:00:00,2013-02-09 19:00:00,planned,Johnsville Substation - North Batesville 138 kV L
15367,L:19035:19094:230,2013-01-16 19:00:00,2013-01-30 19:00:00,planned,Hiasee River - Lucent 230 kV Line 1
19629,L:22904:22930:100,2013-01-18 19:00:00,2013-01-20 19:00:00,planned,Solemint - Canreed 100 kV Cir. 1
10534,L:9823:9968:138,2013-01-13 19:00:00,2013-01-30 19:00:00,planned,Sta Q Harbor - Elizabeth Lake 138 kV Line 1
18740,L:21841:22095:100,2013-01-21 19:00:00,2013-02-06 19:00:00,planned,Freedom Power Project - Emrld 100 kV Circuit 1
2464,L:6029:8735:138,2013-01-17 19:00:00,2013-01-25 19:00:00,planned,Cove Avenue - Tyson Substation 138 kV Ckt 1
19903,L:22995:23175:100,2013-01-15 19:00:00,2013-01-18 19:00:00,planned,Military Trail - Acec Wildrose 100 kV
17202,L:19823:19824:100,2013-01-20 19:00:00,2013-01-21 19:00:00,planned,Witer Park E - Chevron 100 kV #1
5831,L:7649:7671:138,2013-01-22 19:00:00,2013-02-08 19:00:00,planned,Eastmont - Casey W 138 kV L
19871,L:22985:23084:100,2013-01-20 19:00:00,2013-01-26 19:00:00,planned,Keelers - S Colton 100 kV Line 1
6238,L:7845:7848:138,2013-01-20 19:00:00,2013-01-27 19:00:00,planned,Hastings - Greenwell 138 kV Circuit 1
9880,L:9560:9561:138,2013-01-20 19:00:00,2013-02-04 19:00:00,planned,Dickens Substation - Landsville 138 kV Ckt 1
12719,L:17427:17430:138,2013-01-14 19:00:00,2013-02-02 19:00:00,planned,Hiatus - Pachmann 138 kV Circuit 1
6806,L:8155:8159:138,2013-01-13 19:00:00,2013-01-25 19:00:00,planned,Karns - Shelton Rd 138 kV Cir. 1
10918,L:10002:10260:138,2013-01-14 19:00:00,2013-02-01 19:00:00,planned,Bigelow - Hopewell 138 kV Cir. 1
5194,L:7294:7400:138,2013-01-19 19:00:00,2013-02-03 19:00:00,planned,Fairmont - Koksilah Tap 138 kV Line 1
4380,L:7061:8504:138,2013-01-16 19:00:00,2013-01-27 19:00:00,planned,Pingree - Highlands Park 138 kV Line
2717,L:6139:6174:138,2013-01-17 19:00:00,2013-01-29 19:00:00,planned,Wilmarth Substation - George St 138 kV Circuit 1
17689,L:20049:20139:100,2013-01-15 19:00:00,2013-01-22 19:00:00,planned,Raber - Marion N 100 kV #1
6188,L:7819:7823:345,2013-01-19 19:00:00,2013-02-08 19:00:00,planned,Boulevard Substation - Rush Citycaps 345 kV
11001,L:10050:10051:138,2013-01-20 19:00:00,2013-01-24 19:00:00,planned,White City - Leyendecker 138 kV Cir. 1
3510,L:6523:6526:138,2013-01-18 19:00:00,2013-02-03 19:00:00,planned,Fish Creek - Roza 138 kV
3144,L:6340:6341:138,2013-01-16 19:00:00,2013-02-05 19:00:00,planned,Fountain Head - Susquehanna 138 kV Line
11038,L:10075:10161:138,2013-01-21 19:00:00,2013-01-27 19:00:00,planned,Locust Vly - Lindendale D.P 138 kV Circuit 1
11031,L:10073:10275:138,2013-01-22 19:00:00,2013-01-30 19:00:00,planned,W Garrard - Battery Hts Dp 138 kV Ckt 1
2511,L:6046:7172:345,2013-01-30 19:00:00,2013-02-17 19:00:00,planned,Gibralter Cust - Moser Generating Sta 345 kV
14675,L:18739:18742:100,2013-01-28 19:00:00,2013-01-30 19:00:00,planned,Amsterdam - St. Thomas Hospital 100 kV
4118,L:6897:7120:138,2013-01-25 19:00:00,2013-02-07 19:00:00,planned,Schuylkill - Janesville General Sw Yd 138 kV L
7442,L:8386:8826:138,2013-02-01 19:00:00,2013-02-07 19:00:00,planned,Warren F Sam Beasley Generation Station - S Butler 138 kV
16144,L:19411:19551:100,2013-01-24 19:00:00,2013-01-31 19:00:00,planned,Victorville - Milvon 100 kV Ckt 1
16513,L:19562:19566:500,2013-01-30 19:00:00,2013-02-04 19:00:00,planned,Pawtucket Power Associates Substation - Gist Creek 500 kV Circuit 1
640,L:5286:5303:138,2013-01-26 19:00:00,2013-02-13 19:00:00,planned,Sparwood - Eureka Sta E Substation 138 kV
9503,L:9339:9517:138,2013-01-24 19:00:00,2013-02-01 19:00:00,planned,Danville New Design Plant Substation - Salton Sea 1 138 kV Ckt 1
19228,L:22791:23479:100,2013-01-28 19:00:00,2013-02-17 19:00:00,planned,Central Ferry - Balboa 100 kV #1
325,L:5138:5922:138,2013-01-26 19:00:00,2013-01-27 19:00:00,planned,Juneau - Mill 138 kV
8285,L:8777:8779:138,2013-01-28 19:00:00,2013-01-29 19:00:00,planned,Moreland - Aibonito Pds 138 kV Circuit 1
9286,L:9234:9648:138,2013-01-30 19:00:00,2013-02-13 19:00:00,planned,S Texa - Glen Lyn 138 kV Ckt 1
17071,L:19766:19780:100,2013-02-01 19:00:00,2013-02-10 19:00:00,planned,Roundpond - Imperial 100 kV
18866,L:22027:22310:100,2013-01-26 19:00:00,2013-02-10 19:00:00,planned,Lehma - Mclain 100 kV
5046,L:7226:7383:138,2013-01-30 19:00:00,2013-02-11 19:00:00,planned,Sta D - Solomon Forks Wind Project Llc 138 kV Ckt 1
5196,L:7295:8269:138,2013-01-30 19:00:00,2013-02-17 19:00:00,planned,Logans Ferry - Cuyamungue Tap Jmec 138 kV Line 1
4484,L:7103:7159:500,2013-01-25 19:00:00,2013-02-10 19:00:00,planned,Brunner Island - Coggon 500 kV Line
17074,L:19769:19775:100,2013-01-25 19:00:00,2013-02-11 19:00:00,planned,Glendale S Tap 5 - D B Wilson 100 kV Circuit 1
20259,L:23136:23149:100,2013-02-01 19:00:00,2013-02-04 19:00:00,planned,Nebraska City - South Carthage 100 kV #1
17562,L:19988:20002:100,2013-01-24 19:00:00,2013-01-30 19:00:00,planned,Oneta - Bowline Point 100 kV
8431,L:8844:9718:138,2013-01-29 19:00:00,2013-02-01 19:00:00,planned,Swinks Mill Substation - N Canaan 138 kV Ckt 1
5535,L:7492:7961:138,2013-01-30 19:00:00,2013-02-09 19:00:00,planned,Nyssa - Minco 138 kV Circuit 1
7507,L:8410:8453:138,2013-01-26 19:00:00,2013-02-01 19:00:00,planned,Vaca-Dixon Substation - S Perry 138 kV
8276,L:8773:8797:138,2013-01-27 19:00:00,2013-02-15 19:00:00,planned,Julia - Larence Livermore 138 kV Ckt 1
2425,L:6016:7938:138,2013-01-31 19:00:00,2013-02-05 19:00:00,planned,Missouri City Substation - Fayettevile 138 kV #1
20169,L:23103:23104:100,2013-02-01 19:00:00,2013-02-19 19:00:00,planned,Pontchartrain Park - Sponge 100 kV Cir. 3
8155,L:8712:9100:138,2013-01-30 19:00:00,2013-02-09 19:00:00,planned,Lake Louise - Summit Lake 138 kV line
8123,L:8702:8714:138,2013-01-31 19:00:00,2013-02-20 19:00:00,planned,Pepco 117 - Pepco Harvard 138 kV Line
5938,L:7703:7807:138,2013-01-26 19:00:00,2013-01-27 19:00:00,planned,Lauderdale - Gateway 138 kV Line 1
15117,L:18922:18938:100,2013-01-31 19:00:00,2013-02-04 19:00:00,planned,South Coshocton - Calmar 100 kV #1
13324,L:17974:19533:138,2013-01-24 19:00:00,2013-02-02 19:00:00,planned,Copco 2 2 - Usk 138 kV Circuit 1
2598,L:6077:6081:138,2013-01-26 19:00:00,2013-01-30 19:00:00,planned,East Bench - Horse Ranch 138 kV Circuit 1
2529,L:6052:7138:345,2013-01-23 19:00:00,2013-02-07 19:00:00,planned,Folsom Prison - W Lafayette 345 kV
9977,L:9621:17629:138,2013-01-31 19:00:00,2013-02-17 19:00:00,planned,Rosholt Cwec - Hansford 138 kV Cir. 1
17613,L:20012:20256:100,2013-01-28 19:00:00,2013-02-16 19:00:00,planned,Neligh - Algood 100 kV Cir. 1
20241,L:23132:23446:230,2013-01-28 19:00:00,2013-02-06 19:00:00,planned,Van Buren St Substation - Elgin Energy Center Llc 230 kV Cir. 1
264,L:4818:6111:138,2013-01-28 19:00:00,2013-02-12 19:00:00,planned,S Windsor Substation - Brindley 138 kV
197,L:3541:5819:500,2013-02-01 19:00:00,2013-02-13 19:00:00,planned,Pseg Linden Generating Sta - Camp Far W 500 kV Circuit 1
17813,L:20109:20201:100,2013-01-28 19:00:00,2013-01-30 19:00:00,planned,Tibbits - Detour 100 kV
5771,L:7606:7630:138,2013-01-25 19:00:00,2013-01-31 19:00:00,planned,Castro Valley - Marshall Dam 138 kV Line 1
17969,L:20216:20224:100,2013-01-27 19:00:00,2013-02-16 19:00:00,planned,Girard - Newton Bulk 100 kV
10417,L:9768:10696:138,2013-01-26 19:00:00,2013-02-12 19:00:00,planned,Thrasher - Ghost Ranch 138 kV
13382,L:17998:18006:138,2013-01-29 19:00:00,2013-02-03 19:00:00,planned,Darrah - Prt Angeles 138 kV Line 1
17023,L:19746:19799:100,2013-01-23 19:00:00,2013-01-29 19:00:00,planned,Jarvis - Portside Energy 100 kV Line
6083,L:7768:19648:138,2013-01-23 19:00:00,2013-02-08 19:00:00,planned,Cairo Bend - Aes Columbia Power 138 kV
6075,L:7764:7769:138,2013-01-30 19:00:00,2013-02-08 19:00:00,planned,Western Fher - Timnath 138 kV Ckt 1
3536,L:6533:6565:138,2013-01-29 19:00:00,2013-02-08 19:00:00,planned,Eagle Substation - Caveman Substation 138 kV Line 1
4138,L:6908:6914:138,2013-01-30 19:00:00,2013-02-16 19:00:00,planned,Oneta Energy Ctr - Leidesdorff-Coloma Substation 138 kV Line 1
20496,L:23242:23243:100,2013-03-05 19:00:00,2013-03-13 19:00:00,planned,Sibley - Kirker 100 kV
10715,L:9910:10159:138,2013-02-25 19:00:00,2013-03-06 19:00:00,planned,South Miami - Covanta Fairfax Energy 138 kV Ckt 1
14900,L:18836:18866:100,2013-03-06 19:00:00,2013-03-09 19:00:00,planned,Fayette Plant 1 - Stagg 100 kV Cir. 1
20040,L:23042:23072:100,2013-03-06 19:00:00,2013-03-26 19:00:00,planned,Golf Mill - Stuttgart Ricuskey 100 kV line
9177,L:9174:9181:138,2013-03-05 19:00:00,2013-03-20 19:00:00,planned,Craigsville - Seguin 138 kV Ckt 1
17932,L:20187:20195:100,2013-02-27 19:00:00,2013-03-07 19:00:00,planned,Outfall - Thornton 100 kV Circuit 1
14100,L:18429:18431:138,2013-02-26 19:00:00,2013-02-27 19:00:00,planned,Collins Ferry - Action 138 kV Cir. 1
853,L:5383:5446:138,2013-02-25 19:00:00,2013-03-08 19:00:00,planned,North Avenue - Diamond Bar 138 kV Cir. 2
13244,L:17930:18295:138,2013-02-28 19:00:00,2013-03-11 19:00:00,planned,Hewett - Mai St 138 kV Ckt 1
2418,L:6013:6014:138,2013-02-27 19:00:00,2013-03-18 19:00:00,planned,Pulpgen Substation - Five Flls 138 kV
5470,L:7463:7464:138,2013-03-06 19:00:00,2013-03-10 19:00:00,planned,Molex - Freeport 138 kV Cir. 1
21481,L:24206:24208:100,2013-03-06 19:00:00,2013-03-25 19:00:00,planned,Certified - Stiles 100 kV #1
17019,L:19746:19762:100,2013-03-02 19:00:00,2013-03-09 19:00:00,planned,Jarvis - Reeves 100 kV #2
10264,L:9703:9706:138,2013-03-04 19:00:00,2013-03-21 19:00:00,planned,Deepcreek - Glen Carlyn Substation 138 kV Circuit 1
5436,L:7447:7478:138,2013-02-26 19:00:00,2013-03-01 19:00:00,planned,Chesterfield - Raccoon 138 kV #1
5581,L:7516:7629:138,2013-02-25 19:00:00,2013-03-14 19:00:00,planned,Highland Wind Project Pa - Isanti 138 kV #1
2562,L:6065:6101:138,2013-03-02 19:00:00,2013-03-08 19:00:00,planned,Lullwater - Carl Bailey 138 kV #1
9457,L:9322:9395:138,2013-02-27 19:00:00,2013-03-10 19:00:00,planned,Domtar 2 Tap - Hp Hood Ct 138 kV Ckt 1
17321,L:19876:19883:100,2013-03-02 19:00:00,2013-03-15 19:00:00,planned,Georgia Pacific Substation - El Sobrante 100 kV Line 1
4,L:2601:2620:161,2013-03-06 19:00:00,2013-03-11 19:00:00,planned,North Lakes - Gary Works 161 kV L
6410,L:7935:7948:138,2013-02-27 19:00:00,2013-03-02 19:00:00,planned,New Vt Hanlon - Ne Benton Substation 138 kV line
1051,L:5492:5516:138,2013-02-28 19:00:00,2013-03-18 19:00:00,planned,Engle-Eastern - Keene 138 kV #1
15109,L:18919:19284:100,2013-03-01 19:00:00,2013-03-11 19:00:00,planned,Doyle Energy Facility - Sasco Crk 100 kV Circuit 1
3842,L:6714:6719:138,2013-03-03 19:00:00,2013-03-19 19:00:00,planned,Blue Mtn - Cwec Iola 138 kV
4548,L:7111:7162:345,2013-02-25 19:00:00,2013-03-01 19:00:00,planned,Michigan Avenue - N. Shannon 345 kV
14908,L:18839:18861:100,2013-03-04 19:00:00,2013-03-19 19:00:00,planned,Urana Substation - Loma Vista 100 kV Cir. 1
16846,L:19673:20146:100,2013-02-28 19:00:00,2013-03-12 19:00:00,planned,Sundance Hill - Oakwood St 100 kV Line 1
2977,L:6263:8333:138,2013-02-25 19:00:00,2013-03-01 19:00:00,planned,Lawther Dr - Rocky Mtn Hydroelectric Plant 138 kV #1
17509,L:19968:19989:100,2013-03-05 19:00:00,2013-03-20 19:00:00,planned,Bedford 2 - Decant 100 kV #1
10821,L:9954:9960:138,2013-03-01 19:00:00,2013-03-06 19:00:00,planned,Ninnescah Wind Energy Llc - Shellbank 138 kV #1
3629,L:6589:6982:138,2013-02-27 19:00:00,2013-03-09 19:00:00,planned,Pinnacle Peak Walc - Quartz Creek 138 kV Circuit 1
6603,L:8044:8075:138,2013-02-27 19:00:00,2013-03-10 19:00:00,planned,Zona Libre 6007 - Paxton 138 kV Cir. 1
13655,L:18157:18159:138,2013-02-27 19:00:00,2013-03-01 19:00:00,planned,Port Neches - Donnells-Curtis 138 kV
10498,L:9807:9813:138,2013-03-05 19:00:00,2013-03-06 19:00:00,planned,Shockoe - Acca 138 kV Ckt 1
9558,L:9371:9372:138,2013-03-06 19:00:00,2013-03-21 19:00:00,planned,Golden 69 - Louisiana Avenue 138 kV Line
2610,L:6085:7134:345,2013-03-03 19:00:00,2013-03-11 19:00:00,planned,Richardlake - Ontelaunee Energy Center 345 kV L
16714,L:19609:19617:230,2013-03-05 19:00:00,2013-03-23 19:00:00,planned,Eastown Road - Garnet 230 kV Cir. 1
4234,L:6977:6979:138,2013-02-27 19:00:00,2013-03-17 19:00:00,planned,Compo - Quindaro 138 kV Cir. 1
664,L:5295:6903:138,2013-03-02 19:00:00,2013-03-16 19:00:00,planned,Targhee Tap - Clayton 138 kV Line 1
2783,L:6175:6176:138,2013-03-02 19:00:00,2013-03-10 19:00:00,planned,East Dublin Tap - Wallops Island 138 kV
11238,L:10199:10201:138,2013-03-03 19:00:00,2013-03-04 19:00:00,planned,Roney - Haines City 138 kV Line
9710,L:9448:9449:138,2013-02-27 19:00:00,2013-03-03 19:00:00,planned,San Bernard - Raymond 138 kV Circuit 1
12697,L:17401:17402:138,2013-02-26 19:00:00,2013-02-27 19:00:00,planned,Hanging Rock Energy Facility - Makalapa 138 kV Line 1
2736,L:6149:6199:138,2013-03-03 19:00:00,2013-03-16 19:00:00,planned,Wolcott - Pelton 138 kV Cir. 1
19198,L:22781:23109:100,2013-02-27 19:00:00,2013-03-19 19:00:00,planned,Abilene South - Viking Energy Of Mcbain 100 kV Circuit 1
7996,L:8660:9093:138,2013-02-25 19:00:00,2013-02-26 19:00:00,planned,Harbeson - North Nashville 138 kV Circuit 1
12838,L:17599:17608:138,2013-02-27 19:00:00,2013-03-19 19:00:00,planned,Marble Tie - Sta B 138 kV Circuit 1
5788,L:7617:8135:138,2013-02-28 19:00:00,2013-03-01 19:00:00,planned,Apalachia Substation - Vernon Terminal 138 kV Circuit 1
19543,L:22878:22914:100,2013-02-26 19:00:00,2013-03-08 19:00:00,planned,Ketchikan - Getty Oil 100 kV #1
2884,L:6223:6640:138,2013-02-26 19:00:00,2013-03-09 19:00:00,planned,Panther Crk Energy Facility - Cedarvale 138 kV
8626,L:8947:8970:138,2013-03-04 19:00:00,2013-03-06 19:00:00,planned,Brevard - Carpinteria 138 kV Line 1
16843,L:19671:20214:100,2013-03-03 19:00:00,2013-03-23 19:00:00,planned,Spring Grove - W K Sanders 100 kV Cir. 1
2915,L:6234:7733:138,2013-03-02 19:00:00,2013-03-21 19:00:00,planned,Barberton - Kendall 138 kV Line 1
10670,L:9892:10059:138,2013-02-26 19:00:00,2013-02-27 19:00:00,planned,Sterling Park - Davis Drive 138 kV Cir. 1
3745,L:6653:6665:138,2013-03-01 19:00:00,2013-03-17 19:00:00,planned,Moab Salt - Northport 138 kV Circuit 1
14146,L:18462:18685:138,2013-03-06 19:00:00,2013-03-11 19:00:00,planned,Buckley Current - Prior 138 kV Ckt 1
10732,L:9917:9918:138,2013-02-28 19:00:00,2013-03-17 19:00:00,planned,Remington Ct - Morrisville 138 kV
19484,L:22871:22886:100,2013-03-01 19:00:00,2013-03-05 19:00:00,planned,Woodchuck - Flax Hill 100 kV
7792,L:8529:8569:138,2013-03-02 19:00:00,2013-03-14 19:00:00,planned,Pahokee - Texlake Substation 138 kV
13437,L:18029:18036:138,2013-03-05 19:00:00,2013-03-25 19:00:00,planned,Hungry Hose - Kcp&L Smartgrid Innovation Park 138 kV Line
9027,L:9108:9483:138,2013-03-01 19:00:00,2013-03-21 19:00:00,planned,Cedar Hill Switching - Pratt'S 138 kV
13940,L:18329:18706:345,2013-02-27 19:00:00,2013-03-01 19:00:00,planned,Dollarhide - Franz Holmes 345 kV Line 1
16911,L:19709:19710:100,2013-03-06 19:00:00,2013-03-12 19:00:00,planned,Rockview - Niguel 100 kV Ckt 1
14653,L:18730:18735:100,2013-03-02 19:00:00,2013-03-06 19:00:00,planned,Plains - Ellensburg 100 kV Circuit 2
18726,L:21835:21836:100,2013-03-05 19:00:00,2013-03-12 19:00:00,planned,Hartford City - Bow Lake Substation 100 kV Line 1
15823,L:19244:19262:100,2013-03-04 19:00:00,2013-03-06 19:00:00,planned,Ash Street Station 223 Substation - Everglades City 100 kV Cir. 1
20276,L:23140:23141:100,2013-02-25 19:00:00,2013-03-06 19:00:00,planned,Rapides - Ft Gage 100 kV Circuit 1
16224,L:19470:19495:100,2013-02-28 19:00:00,2013-03-05 19:00:00,planned,Vasco - Honk Falls 100 kV L
12023,L:16814:16896:138,2013-03-02 19:00:00,2013-03-07 19:00:00,planned,Monserate - Fort Patrick Henry 138 kV Cir. 2
13404,L:18008:19150:100,2013-03-06 19:00:00,2013-03-21 19:00:00,planned,Round Rock - Kenzig 100 kV Circuit 1
14038,L:18380:18383:138,2013-03-28 08:00:00,2013-04-06 08:00:00,planned,Sanger - Freehold Substation 138 kV #1
10031,L:9638:9662:345,2013-03-28 08:00:00,2013-04-07 08:00:00,planned,Farrell - Clinch River 345 kV L
10317,L:9732:10281:138,2013-04-03 08:00:00,2013-04-22 08:00:00,planned,Capitol - Jesse L Terry 138 kV
16179,L:19432:19434:100,2013-03-27 08:00:00,2013-04-16 08:00:00,planned,Elizabeth Creek - Blackhaw Sw Yd 100 kV Cir. 1
15241,L:18978:18996:100,2013-04-01 08:00:00,2013-04-18 08:00:00,planned,Mustang - Nelway 100 kV line
2435,L:6019:6366:138,2013-03-27 08:00:00,2013-04-04 08:00:00,planned,Ridge - Blythewood 138 kV Circuit 1
16730,L:19617:19893:500,2013-04-01 08:00:00,2013-04-15 08:00:00,planned,Garnet - Tecumseh 500 kV Cir. 1
1759,L:5832:6965:138,2013-03-29 08:00:00,2013-04-05 08:00:00,planned,Odin - Ward 138 kV
2376,L:5999:6140:138,2013-04-02 08:00:00,2013-04-07 08:00:00,planned,Planta Santurce - Cummings 138 kV #1
17555,L:19986:21655:500,2013-03-28 08:00:00,2013-04-07 08:00:00,planned,Papermate - Tejon 500 kV Circuit 1
14828,L:18808:19575:100,2013-04-03 08:00:00,2013-04-04 08:00:00,planned,Salt Wells - Woodsdale Substation 100 kV #1
1628,L:5764:5966:138,2013-04-01 08:00:00,2013-04-15 08:00:00,planned,Bremeton - West Crossville 138 kV Ckt 1
4212,L:6963:6968:138,2013-03-28 08:00:00,2013-03-31 08:00:00,planned,Monrovia - Nesbit 138 kV Line
1394,L:5639:5645:138,2013-03-28 08:00:00,2013-04-08 08:00:00,planned,Embarcadero Substation - Edwardsport Sta 138 kV Cir. 1
6314,L:7882:7894:138,2013-03-29 08:00:00,2013-04-01 08:00:00,planned,Bluff - Umatac 138 kV
10268,L:9705:9717:138,2013-03-26 08:00:00,2013-04-11 08:00:00,planned,Cherrydale - Alto 138 kV #1
18649,L:21771:21800:100,2013-03-28 08:00:00,2013-04-15 08:00:00,planned,Salinas Rural - Robison Park 2 100 kV
2416,L:6012:7068:138,2013-04-01 08:00:00,2013-04-06 08:00:00,planned,Casky - W Receiving 138 kV
10820,L:9954:9959:138,2013-04-02 08:00:00,2013-04-17 08:00:00,planned,Ninnescah Wind Nergy Llc - Newport News 138 kV Cir. 1
19654,L:22914:22924:100,2013-03-27 08:00:00,2013-03-30 08:00:00,planned,Hayford - Ketchikan 100 kV
1651,L:5778:5961:138,2013-03-27 08:00:00,2013-04-12 08:00:00,planned,Eastridge - Riverbend 138 kV Ckt 1
16946,L:19727:19778:100,2013-03-31 08:00:00,2013-04-10 08:00:00,planned,Juniper - Calden 100 kV #1
15847,L:19261:19263:100,2013-03-28 08:00:00,2013-04-01 08:00:00,planned,Silvr Grove - Plant X 100 kV #1
8844,L:9065:18501:138,2013-03-29 08:00:00,2013-03-31 08:00:00,planned,Highway 46 - Roth Rock N Wind Farm Llc 138 kV Line 1
1418,L:5650:5983:138,2013-04-01 08:00:00,2013-04-17 08:00:00,planned,San Andreas Tap - Peninsula Park 138 kV Ckt 1
9231,L:9206:9217:138,2013-04-04 08:00:00,2013-04-23 08:00:00,planned,East Berkshire - Ivy Hill 138 kV Circuit 1
13773,L:18223:18235:138,2013-04-03 08:00:00,2013-04-09 08:00:00,planned,State - Sabana Grande 6501 138 kV
1340,L:5614:5723:138,2013-04-02 08:00:00,2013-04-16 08:00:00,planned,Dinner Lake - Lakewood 138 kV Circuit 1
9403,L:9293:9294:138,2013-04-04 08:00:00,2013-04-10 08:00:00,planned,Carite - Rainey 138 kV Ckt 1
3982,L:6790:7022:138,2013-03-31 08:00:00,2013-04-02 08:00:00,planned,Panda Patriot Generation Plant - Shell Chemical 138 kV Ckt 1
2498,L:6043:6624:138,2013-03-26 08:00:00,2013-03-29 08:00:00,planned,Edwards - Claude Vandyke Substation 138 kV Circuit 1
9064,L:9127:9419:138,2013-03-30 08:00:00,2013-04-18 08:00:00,planned,Involta - Lolo 138 kV #1
14816,L:18802:18804:100,2013-04-02 08:00:00,2013-04-05 08:00:00,planned,Midpoint2 - Mccoll Road 100 kV Line
6088,L:7773:7779:138,2013-04-02 08:00:00,2013-04-05 08:00:00,planned,Sewalls - Crist 138 kV
7282,L:8307:8604:138,2013-04-01 08:00:00,2013-04-10 08:00:00,planned,Norcross - Alturas De Mayaguez 6012 138 kV #1
15403,L:19052:19094:230,2013-03-29 08:00:00,2013-04-11 08:00:00,planned,Lucent - Blue Ribbon 230 kV
13651,L:18154:18155:138,2013-03-26 08:00:00,2013-04-09 08:00:00,planned,Yazoo - Hitchcock 138 kV Cir. 1
17855,L:20144:20151:100,2013-03-27 08:00:00,2013-03-29 08:00:00,planned,Belden Village - Twisselman 100 kV Ckt 1
5920,L:7697:8253:138,2013-04-01 08:00:00,2013-04-02 08:00:00,planned,Hilmar - Piney Creek Project 138 kV Cir. 1
14180,L:18486:18488:138,2013-03-29 08:00:00,2013-04-07 08:00:00,planned,Southwind - Pittsfield Generating Lp 138 kV Ckt 1
10366,L:9747:10008:138,2013-03-29 08:00:00,2013-04-14 08:00:00,planned,Agana - Calmat 138 kV Ckt 2
15038,L:18891:18892:100,2013-03-31 08:00:00,2013-04-11 08:00:00,planned,Broadway - Shredder Tap Substation 100 kV Line 1
3005,L:6276:6575:138,2013-04-02 08:00:00,2013-04-22 08:00:00,planned,Uknown12262 - Eagle Creek 138 kV Ckt 1
401,L:5175:5195:138,2013-03-30 08:00:00,2013-03-31 08:00:00,planned,Garfield - Meadow Lane Tap 138 kV
7790,L:8528:8567:138,2013-03-31 08:00:00,2013-04-01 08:00:00,planned,Oroville - Hazelwood 138 kV Ckt 1
11138,L:10128:10551:345,2013-05-28 17:00:00,2013-06-12 17:00:00,planned,La Cienega - Princeton Mn 345 kV
3513,L:6525:7118:138,2013-05-29 17:00:00,2013-06-02 17:00:00,planned,Livingston Ridge - Face Rock 138 kV #1
10668,L:9891:10036:138,2013-05-28 17:00:00,2013-06-04 17:00:00,planned,Wells Substation - Amarillo S 138 kV line
19473,L:22868:22980:100,2013-05-29 17:00:00,2013-06-04 17:00:00,planned,Wommack - New London 100 kV Cir. 1
17732,L:20075:20124:100,2013-05-24 17:00:00,2013-06-11 17:00:00,planned,Belle Glade - White Rock-Nike 100 kV #2
21222,L:23505:23506:500,2013-05-25 17:00:00,2013-06-07 17:00:00,planned,Lincoln - University Park N 500 kV
16330,L:19530:19540:100,2013-05-31 17:00:00,2013-06-15 17:00:00,planned,Killen - Austrop 100 kV Ckt 1
6356,L:7910:7917:138,2013-05-31 17:00:00,2013-06-15 17:00:00,planned,Westfield - Mahoning 138 kV Ckt 1
17569,L:19991:20305:100,2013-05-24 17:00:00,2013-05-29 17:00:00,planned,High Falls - Croghan Ny - Harelson 100 kV Circuit 1
7440,L:8386:8389:138,2013-05-31 17:00:00,2013-06-11 17:00:00,planned,Warren F Sam Beasley Generation Sta - Highway M 138 kV Ckt 1
19345,L:22835:23067:100,2013-05-27 17:00:00,2013-06-01 17:00:00,planned,Burnt Mill - W Sta Nj 100 kV
19979,L:23018:23052:100,2013-05-27 17:00:00,2013-06-10 17:00:00,planned,Brea - Crestwood 100 kV
21395,L:23947:24083:100,2013-05-25 17:00:00,2013-06-13 17:00:00,planned,W Dover - Prairiecreek Substation 100 kV Circuit 1
10827,L:9956:9959:138,2013-05-26 17:00:00,2013-05-30 17:00:00,planned,Webster St - Newport News 138 kV Circuit 1
3705,L:6634:7104:138,2013-05-24 17:00:00,2013-06-05 17:00:00,planned,Frontier Windpower - Cachete 1529 138 kV #1
12775,L:17570:17860:345,2013-05-23 17:00:00,2013-06-12 17:00:00,planned,Baker - W Paintsville 345 kV line
6611,L:8048:8052:138,2013-05-30 17:00:00,2013-06-12 17:00:00,planned,Spanish Fork - Blount 138 kV Cir. 1
2027,L:5924:5984:345,2013-05-23 17:00:00,2013-06-12 17:00:00,planned,Cedar Sta - Rochester 345 kV
18314,L:20996:22599:100,2013-05-23 17:00:00,2013-05-27 17:00:00,planned,Poinsett - Pokagon 100 kV Line 1
15883,L:19281:19571:500,2013-05-29 17:00:00,2013-06-14 17:00:00,planned,Jack Ramey Wind - Fatlick 500 kV
17476,L:19950:20294:100,2013-05-22 17:00:00,2013-06-02 17:00:00,planned,Baumhart - Mason 100 kV Ckt 1
12767,L:17567:17659:138,2013-05-30 17:00:00,2013-06-11 17:00:00,planned,Corson Sta - New Haven Harbor 138 kV Line
4825,L:7155:7175:500,2013-05-23 17:00:00,2013-05-28 17:00:00,planned,Indiantown Cogeneration Lp - Safe Harbor 500 kV Line 1
12455,L:17173:17175:138,2013-05-29 17:00:00,2013-06-12 17:00:00,planned,Ten Mile - Russ Ranch 138 kV
13246,L:17931:18286:138,2013-05-23 17:00:00,2013-05-25 17:00:00,planned,Hopkins - S Meadow Substation 138 kV
901,L:5408:7140:138,2013-05-22 17:00:00,2013-05-24 17:00:00,planned,Belcher - Bucks Creek 138 kV Line 1
5938,L:7703:7807:138,2013-05-23 17:00:00,2013-06-01 17:00:00,planned,Lauderdale - Gateway 138 kV Ckt 1
3146,L:6341:6645:138,2013-05-24 17:00:00,2013-05-30 17:00:00,planned,E Grangeville - Susquehanna 138 kV #1
11317,L:10253:10299:138,2013-05-28 17:00:00,2013-06-14 17:00:00,planned,Seaford - Irvine 138 kV
6969,L:8246:8253:500,2013-05-24 17:00:00,2013-06-04 17:00:00,planned,Handsome Lake - Piney Creek Project 500 kV Circuit 1
2819,L:6193:6207:138,2013-05-24 17:00:00,2013-06-09 17:00:00,planned,Decatu Co. Solar Res In - E Leesville 138 kV Ckt 1
14679,L:18741:19574:100,2013-05-26 17:00:00,2013-06-01 17:00:00,planned,Mcewen Substation - St Marys 100 kV Cir. 1
13167,L:17887:17889:138,2013-05-24 17:00:00,2013-06-06 17:00:00,planned,Mike Donteen - Heskett 138 kV #1
13359,L:17987:18340:138,2013-05-25 17:00:00,2013-06-06 17:00:00,planned,Linwood - Covanta Hennepin Energy 138 kV Circuit 1
6570,L:8032:8107:138,2013-05-27 17:00:00,2013-05-30 17:00:00,planned,Big Stone - Longmire 138 kV Ckt 1
4095,L:6884:7147:138,2013-05-22 17:00:00,2013-06-02 17:00:00,planned,Monroe Mo - Parrish 138 kV
380,L:5166:5187:138,2013-05-25 17:00:00,2013-06-02 17:00:00,planned,Peachland - Far Rockaway Substation 138 kV
15342,L:19024:19137:100,2013-05-25 17:00:00,2013-06-10 17:00:00,planned,Schoolcraft - Interstate 100 kV #1
7972,L:8651:8652:138,2013-05-24 17:00:00,2013-06-06 17:00:00,planned,Talbert Tap - Sunbright 138 kV Cir. 1
7572,L:8442:8818:138,2013-05-31 17:00:00,2013-06-06 17:00:00,planned,Lake Charles Polymers - E 138 kV Cir. 1
5789,L:7618:7627:138,2013-05-24 17:00:00,2013-05-26 17:00:00,planned,Dynegy Oakland Power Plant - Aecc Jonesboro N Substation 138 kV #1
13619,L:18132:18137:138,2013-05-24 17:00:00,2013-05-25 17:00:00,planned,2 Ac Sta - Mommoth Pacific 1 138 kV Cir. 1
3915,L:6752:6763:138,2013-06-16 16:00:00,2013-06-24 16:00:00,planned,Elroy - Calaveras 138 kV Ckt 1
14733,L:18764:19588:100,2013-06-20 16:00:00,2013-06-24 16:00:00,planned,Aidlin - Lockwood 100 kV Line
3799,L:6691:6999:138,2013-06-20 16:00:00,2013-06-23 16:00:00,planned,North Saraland - Hamilton Substation 138 kV
4156,L:6919:6940:138,2013-06-19 16:00:00,2013-06-30 16:00:00,planned,Angora - Hunt 138 kV
20355,L:23169:23418:100,2013-06-21 16:00:00,2013-06-26 16:00:00,planned,Will County - Lockport Substation 100 kV Cir. 1
6699,L:8085:8087:138,2013-06-24 16:00:00,2013-06-29 16:00:00,planned,Etiwanda - Essex Junction 19 138 kV Cir. 1
12970,L:17735:17737:138,2013-06-16 16:00:00,2013-06-25 16:00:00,planned,North Randolph - Paul Sweet 138 kV L
6916,L:8222:8226:138,2013-06-19 16:00:00,2013-07-08 16:00:00,planned,Luxor Substation - Pacific Ethanol 138 kV Circuit 1
17737,L:20077:20131:100,2013-06-19 16:00:00,2013-07-06 16:00:00,planned,Chico A - Dayton'S Blff 100 kV Ckt 1
8066,L:8681:8935:138,2013-06-21 16:00:00,2013-07-06 16:00:00,planned,Belagio - Farmington 138 kV Line 1
20887,L:23433:23521:100,2013-06-25 16:00:00,2013-07-11 16:00:00,planned,Sabrooke - Simplot 100 kV Cir. 1
15102,L:18916:18918:100,2013-06-16 16:00:00,2013-06-18 16:00:00,planned,Wagner Lake - Mcgregor Alte 100 kV Cir. 1
15403,L:19052:19094:230,2013-06-22 16:00:00,2013-07-11 16:00:00,planned,Blue Ribbon - Lucent 230 kV #1
4365,L:7053:7139:138,2013-06-18 16:00:00,2013-06-20 16:00:00,planned,Forman - Northwest Tap 138 kV line
19987,L:23021:23069:100,2013-06-17 16:00:00,2013-07-01 16:00:00,planned,Benson - Price Road Substation 100 kV Circuit 1
13431,L:18023:18644:138,2013-06-23 16:00:00,2013-07-09 16:00:00,planned,Nilles Corner - Ringling 138 kV #1
13558,L:18096:18098:138,2013-06-25 16:00:00,2013-06-27 16:00:00,planned,Canadaville - Marcy 138 kV Line 1
13471,L:18047:18176:138,2013-06-20 16:00:00,2013-06-28 16:00:00,planned,Roebuck - Anheuser Busch 138 kV Line 1
21405,L:24026:24029:100,2013-06-18 16:00:00,2013-06-19 16:00:00,planned,Humbolt Term - Goodyear 100 kV Line 1
19512,L:22873:23011:100,2013-06-17 16:00:00,2013-06-20 16:00:00,planned,Clifton Wilson Substation - Vly Home Tap 1 100 kV Line 1
13158,L:17881:17886:138,2013-06-24 16:00:00,2013-06-25 16:00:00,planned,Greenstone - Mammoth Substation 138 kV
6615,L:8049:8084:138,2013-06-21 16:00:00,2013-07-06 16:00:00,planned,Oracle - Morgan'S Corner 138 kV #1
15119,L:18923:18931:230,2013-06-16 16:00:00,2013-06-21 16:00:00,planned,Rocktenn Coshocton Mill - West Millersburg 230 kV
13665,L:18163:18166:138,2013-06-20 16:00:00,2013-07-02 16:00:00,planned,Abel - Faron St 138 kV Line 1
12547,L:17271:17273:138,2013-06-17 16:00:00,2013-07-01 16:00:00,planned,West Pt Municipal - Dickinson 138 kV Circuit 1
20534,L:23261:23420:100,2013-06-24 16:00:00,2013-07-06 16:00:00,planned,Rid Gardner - E Ellensburg 100 kV Ckt 3
3044,L:6297:8354:138,2013-06-21 16:00:00,2013-07-02 16:00:00,planned,Menaul Tap - South Whitehall 138 kV #1
16143,L:19411:19423:100,2013-06-21 16:00:00,2013-06-26 16:00:00,planned,Victorville - Midlothian S 100 kV
8240,L:8747:8859:138,2013-06-18 16:00:00,2013-06-29 16:00:00,planned,Badger Creek - W Somerville 138 kV Cir. 1
15014,L:18878:18898:230,2013-06-23 16:00:00,2013-07-11 16:00:00,planned,Cherry Grove Switching - Idle Hour 230 kV Line 1
10653,L:9882:9884:138,2013-06-18 16:00:00,2013-06-27 16:00:00,planned,Station 138 - Braddock 138 kV
21090,L:23477:24612:230,2013-06-19 16:00:00,2013-07-08 16:00:00,planned,Grand Ridge Battery Projects - Cadiz 230 kV L
14636,L:18725:19525:100,2013-06-23 16:00:00,2013-07-03 16:00:00,planned,Huson - Wagon Mound 100 kV Line 1
7966,L:8643:8645:138,2013-06-23 16:00:00,2013-07-12 16:00:00,planned,Holland - Joppa 345 138 kV Ckt 1
4163,L:6927:6939:138,2013-06-20 16:00:00,2013-07-04 16:00:00,planned,N Gate Riverside Alte - Bemidji 138 kV
16365,L:19535:19578:500,2013-06-21 16:00:00,2013-06-23 16:00:00,planned,Millercoors Trenton Brewery - A East Term Substation 500 kV
1043,L:5489:5810:138,2013-06-24 16:00:00,2013-06-28 16:00:00,planned,Greening Substation - Fish Creek 138 138 kV Ckt 1
6402,L:7931:9022:138,2013-06-25 16:00:00,2013-07-10 16:00:00,planned,East Waynesboro - La Conner 138 kV Line 1
19904,L:22995:23181:100,2013-06-24 16:00:00,2013-07-13 16:00:00,planned,Eastshore - Acec Wildrose 100 kV Cir. 1
1390,L:5637:5914:138,2013-06-18 16:00:00,2013-06-27 16:00:00,planned,Louetta Substation - Seaside Hts Power Plant 138 kV #1
7366,L:8349:8350:138,2013-06-25 16:00:00,2013-07-03 16:00:00,planned,Cocoa Beach - Miles O'Malley 138 kV
13232,L:17925:17942:138,2013-06-23 16:00:00,2013-06-28 16:00:00,planned,Shabdue - Mariana 138 kV Circuit 1
315,L:5135:5137:138,2013-06-18 16:00:00,2013-06-22 16:00:00,planned,California - Matt Funk 138 kV Circuit 1
14158,L:18473:18474:138,2013-06-19 16:00:00,2013-06-23 16:00:00,planned,Mohicanville - Custer Term 138 kV Circuit 1
5835,L:7651:8101:138,2013-06-22 16:00:00,2013-06-27 16:00:00,planned,Floresville - Camden South Carolina 138 kV
2858,L:6213:6222:138,2013-06-21 16:00:00,2013-06-24 16:00:00,planned,New Hanover County Wastec - W Yates Tap 138 kV Cir. 1
7023,L:8254:8271:345,2013-06-23 16:00:00,2013-07-06 16:00:00,planned,Pontotoc - N Lebanon 345 kV
10305,L:9726:9836:138,2013-06-24 16:00:00,2013-07-04 16:00:00,planned,Emporia - Racine 138 kV Ckt 1
8129,L:8704:8899:138,2013-06-22 16:00:00,2013-06-25 16:00:00,planned,Movie - Mitchell Northwest 138 kV Circuit 1
2917,L:6235:8336:138,2013-06-17 16:00:00,2013-06-19 16:00:00,planned,Milltown - Kiamensi Substation 138 kV L
15362,L:19033:19096:100,2013-06-21 16:00:00,2013-07-02 16:00:00,planned,Cocoplum - Brimly 100 kV Line 1
5150,L:7271:7273:138,2013-06-23 16:00:00,2013-06-27 16:00:00,planned,Biomass One Power Plant - Kettner 138 kV Circuit 1
576,L:5252:5941:138,2013-06-23 16:00:00,2013-07-07 16:00:00,planned,Second Fork Substation - Salton Sea 2 138 kV Ckt 1
12000,L:16490:16884:138,2013-06-21 16:00:00,2013-06-28 16:00:00,planned,Riviera - Mar 138 kV Cir. 1
17018,L:19746:19762:100,2013-06-18 16:00:00,2013-06-23 16:00:00,planned,Jarvis - Reeves 100 kV Circuit 1
19423,L:22850:23002:100,2013-06-24 16:00:00,2013-06-29 16:00:00,planned,Cataract Hydro - San Juan 100 kV Cir. 1
5653,L:7548:7549:138,2013-06-24 16:00:00,2013-07-04 16:00:00,planned,Huron - J H Campbell 138 kV Line 1
19640,L:22909:22938:100,2013-06-18 16:00:00,2013-07-05 16:00:00,planned,Telluride - Gamer Substation 100 kV Cir. 1
20777,L:23384:23386:100,2013-06-21 16:00:00,2013-07-05 16:00:00,planned,East Clearwater Subdivision - Korona 100 kV Ckt 1
19276,L:22817:23092:100,2013-06-20 16:00:00,2013-06-26 16:00:00,planned,Vilas Road - Tri-Corner 100 kV
15437,L:19061:19066:100,2013-06-18 16:00:00,2013-07-04 16:00:00,planned,Penobscot Energy Recovery Substation - Johnair 100 kV #1
16846,L:19673:20146:100,2013-06-20 16:00:00,2013-06-27 16:00:00,planned,Oakwood Street - Sundance Hill 100 kV Circuit 1
4045,L:6843:6873:138,2013-06-21 16:00:00,2013-07-05 16:00:00,planned,Skyline - Wekiwa 138 kV Circuit 1
17859,L:20145:20166:100,2013-06-23 16:00:00,2013-07-11 16:00:00,planned,Charity Rotch - Katella 100 kV line
10885,L:9980:9981:138,2013-06-22 16:00:00,2013-07-09 16:00:00,planned,Holland Energy Facility - Arriba 138 kV Ckt 1
9741,L:9472:9503:138,2013-06-18 16:00:00,2013-06-19 16:00:00,planned,Mandan Jct - Buckhorn 138 kV Circuit 1
20727,L:23342:23343:100,2013-06-21 16:00:00,2013-06-22 16:00:00,planned,Sinnott - Energizer Substation 100 kV L
4224,L:6972:7160:138,2013-06-17 16:00:00,2013-06-27 16:00:00,planned,Elephant Butte - Woodbury 138 kV
16232,L:19472:19492:230,2013-06-24 16:00:00,2013-07-04 16:00:00,planned,Cajalco - Tenth St 2 230 kV line
1773,L:5839:6963:138,2013-06-22 16:00:00,2013-07-06 16:00:00,planned,Barnett Shoals - Monrovia 138 kV
7317,L:8324:8383:138,2013-06-25 16:00:00,2013-07-09 16:00:00,planned,Macomb - Pensacola 138 kV #1
11298,L:10238:10239:138,2013-06-16 16:00:00,2013-06-25 16:00:00,planned,Spencer Interchange - Puerrtorican Cement 138 kV Circuit 1
20861,L:23422:23502:100,2013-06-22 16:00:00,2013-07-12 16:00:00,planned,Pico - Rockton 100 kV Line 1
17263,L:19852:20299:230,2013-06-18 16:00:00,2013-06-27 16:00:00,planned,Hagan - New Departure 230 kV
10738,L:9918:9919:138,2013-07-17 16:00:00,2013-08-03 16:00:00,planned,Sowego Dp Substation - Morrisville 138 kV #2
684,L:5306:5917:500,2013-07-15 16:00:00,2013-08-03 16:00:00,planned,Earlimart - Coffee Port 500 kV Circuit 1
9453,L:9321:9322:138,2013-07-16 16:00:00,2013-08-01 16:00:00,planned,Waupun - Domtar 2 Tap 138 kV Ckt 1
7664,L:8483:8569:138,2013-07-16 16:00:00,2013-08-05 16:00:00,planned,Bull Sluice - Texlake 138 kV #1
13579,L:18108:18109:138,2013-07-13 16:00:00,2013-07-23 16:00:00,planned,Dobbins - Andrew Square 138 kV Circuit 1
11105,L:10112:10115:138,2013-07-19 16:00:00,2013-07-28 16:00:00,planned,Cherrydale Solar Power Facility Substation - Jolly Hill 138 kV Ckt 1
6768,L:8127:8128:138,2013-07-10 16:00:00,2013-07-13 16:00:00,planned,88Th & Mingo - Harris Branch 138 kV L
14387,L:18646:18647:138,2013-07-10 16:00:00,2013-07-29 16:00:00,planned,Pynette - Brookfield Power Glen Falls Hydro 138 kV
472,L:5211:5214:138,2013-07-15 16:00:00,2013-07-19 16:00:00,planned,Shelby Tie - Seagoville Sw 138 kV Cir. 1
9993,L:9625:17626:345,2013-07-16 16:00:00,2013-07-31 16:00:00,planned,N Dublin Substation - Floa E Substation 345 kV Line 1
19672,L:22921:22923:100,2013-07-14 16:00:00,2013-07-20 16:00:00,planned,Edwardsport Sta 2 - Duley 100 kV #1
16357,L:19534:19553:100,2013-07-10 16:00:00,2013-07-24 16:00:00,planned,Natomas Crossing - N Intertie 100 kV #1
12088,L:16920:17385:138,2013-07-13 16:00:00,2013-07-14 16:00:00,planned,Monta Vista - Yale 138 kV Circuit 1
19999,L:23024:23181:100,2013-07-14 16:00:00,2013-07-28 16:00:00,planned,Eastshore - Electric 100 kV Circuit 2
15830,L:19251:19265:100,2013-07-14 16:00:00,2013-07-26 16:00:00,planned,Interbay - Southpac 100 kV
5093,L:7245:7288:138,2013-07-13 16:00:00,2013-07-31 16:00:00,planned,Hill Country 345 - Spencer 138 kV Line
17484,L:19952:20264:230,2013-07-11 16:00:00,2013-07-22 16:00:00,planned,Beaver - Barnes Jct 230 kV Cir. 1
8732,L:9008:9010:138,2013-07-10 16:00:00,2013-07-30 16:00:00,planned,Pleasant Garden - Wye Mills 138 kV
6807,L:8155:8160:138,2013-07-15 16:00:00,2013-07-31 16:00:00,planned,Shelton Rd - Douglas 138 kV Circuit 1
10745,L:9920:9932:138,2013-07-17 16:00:00,2013-07-25 16:00:00,planned,Oak Lawn - Arvah B Hopkins 138 kV L
14049,L:18388:18389:138,2013-07-17 16:00:00,2013-08-04 16:00:00,planned,Royalton - Dos Condados 138 kV Line 1
18022,L:20257:20312:100,2013-07-18 16:00:00,2013-07-28 16:00:00,planned,Cottonwood Crk - Lion Mtn 100 kV Cir. 1
14119,L:18438:18446:138,2013-07-14 16:00:00,2013-07-28 16:00:00,planned,Fishers Road - Houghton 138 kV Cir. 1
40,L:2650:5199:138,2013-07-13 16:00:00,2013-08-01 16:00:00,planned,Kirby - Jamacha Tap 138 kV line
9641,L:9406:9407:138,2013-07-14 16:00:00,2013-07-28 16:00:00,planned,Blacksmith - Grand Island 138 kV Line 1
26,L:2631:2928:161,2013-07-10 16:00:00,2013-07-23 16:00:00,planned,Leonia - Aecc Hydro Sta 2 161 kV Ckt 1
21174,L:23495:23520:230,2013-07-17 16:00:00,2013-07-24 16:00:00,planned,Big Meadows - Rocky Rd Power Llc 230 kV #2
14651,L:18730:18732:100,2013-07-14 16:00:00,2013-08-03 16:00:00,planned,Plans - N Haven 100 kV Cir. 1
13148,L:17874:17886:138,2013-07-12 16:00:00,2013-08-01 16:00:00,planned,Greenstone - Middlebury 138 kV Line
5243,L:7329:7351:138,2013-07-16 16:00:00,2013-07-31 16:00:00,planned,Herdlyn - Bondurant 138 kV Line 1
1628,L:5764:5966:138,2013-07-12 16:00:00,2013-07-17 16:00:00,planned,West Crossville - Bremerton 138 kV
314,L:5134:5352:138,2013-07-13 16:00:00,2013-07-16 16:00:00,planned,Fountain City - Jones Cove 138 kV #1
7756,L:8516:8541:138,2013-07-11 16:00:00,2013-07-15 16:00:00,planned,Joppatowne - Plant Avenue 138 kV Ckt 2
4740,L:7139:8629:345,2013-07-10 16:00:00,2013-07-21 16:00:00,planned,Northwest Tap - Athens 345 kV
14080,L:18410:18411:138,2013-07-10 16:00:00,2013-07-12 16:00:00,planned,Sacramento - White Riv Power Plant 138 kV
13581,L:18108:18115:138,2013-07-18 16:00:00,2013-07-21 16:00:00,planned,Dobbins - Western Digital 138 kV Ckt 1
8775,L:9036:9046:138,2013-07-12 16:00:00,2013-07-25 16:00:00,planned,Bishop Crk 3 - Ubc S Campus 138 kV
13596,L:18116:18122:138,2013-07-14 16:00:00,2013-08-03 16:00:00,planned,Ravensworth - Roslyn 138 kV Circuit 1
4693,L:7132:9078:345,2013-07-13 16:00:00,2013-07-31 16:00:00,planned,Plant 31 Paper Mill - Hogan 345 kV Line 1
9441,L:9315:9472:138,2013-07-14 16:00:00,2013-07-19 16:00:00,planned,Vallejo C - Mandan Junction 138 kV Circuit 1
4941,L:7188:7341:138,2013-07-18 16:00:00,2013-07-20 16:00:00,planned,Webbers Falls - Syracuse 2 138 kV
8828,L:9059:9076:138,2013-07-14 16:00:00,2013-07-22 16:00:00,planned,Calvert Cliffs - Queensbridge 138 kV L
19933,L:23006:23505:100,2013-07-18 16:00:00,2013-08-02 16:00:00,planned,Camanche Dam Substation - University Park N 100 kV Ckt 1
20803,L:23397:23400:100,2013-07-16 16:00:00,2013-07-24 16:00:00,planned,Joliet - Starkey Gulch 100 kV Cir. 1
4401,L:7070:8543:138,2013-07-17 16:00:00,2013-07-19 16:00:00,planned,Kitimat - Wray 138 kV Line
13566,L:18100:18118:138,2013-07-19 16:00:00,2013-08-08 16:00:00,planned,State Pen - Hofman 138 kV Line
12991,L:17759:17760:138,2013-07-12 16:00:00,2013-07-13 16:00:00,planned,Tom Watkins - Kimper 138 kV Cir. 1
5510,L:7481:19690:100,2013-07-19 16:00:00,2013-07-20 16:00:00,planned,South Lake Geneva Substation - Oso Blanco 100 kV Cir. 1
8676,L:8977:8983:138,2013-07-14 16:00:00,2013-07-18 16:00:00,planned,Grasonville - Marble 138 kV Circuit 1
19859,L:22982:23015:230,2013-07-18 16:00:00,2013-07-22 16:00:00,planned,Commonwealth Edison Des Plaines Substation - Scot 230 kV Cir. 1
2975,L:6262:8335:138,2013-07-12 16:00:00,2013-07-15 16:00:00,planned,Clay - Lake Gum 138 kV line
8693,L:8988:8993:138,2013-07-11 16:00:00,2013-07-21 16:00:00,planned,Liberty St - Carpenter Hill 138 kV L
10967,L:10032:10054:138,2013-07-12 16:00:00,2013-07-26 16:00:00,planned,Hicks - Eastgate 138 kV #1
3075,L:6309:6310:138,2013-07-16 16:00:00,2013-07-31 16:00:00,planned,Blackstone Junction - Hailesboro 4 Plant 138 kV Line 1
12070,L:16914:17236:138,2013-07-15 16:00:00,2013-07-28 16:00:00,planned,Skunk Crk - Smithtool 138 kV #1
3402,L:6468:6948:138,2013-07-18 16:00:00,2013-08-05 16:00:00,planned,Orange - Morton 138 kV Line 2
1095,L:5509:5810:138,2013-07-10 16:00:00,2013-07-30 16:00:00,planned,Fish Creek 138 - Playas 138 kV
17589,L:20003:20010:100,2013-07-15 16:00:00,2013-07-28 16:00:00,planned,Ford - Q & Watt 100 kV #1
5787,L:7616:7617:138,2013-07-13 16:00:00,2013-07-21 16:00:00,planned,Vernon Terminal - Smoky Hill 138 kV Cir. 1
15639,L:19160:19185:100,2013-07-17 16:00:00,2013-07-22 16:00:00,planned,Guernsey - Sub 19160 100 kV Line 1
9391,L:9286:9310:138,2013-07-13 16:00:00,2013-08-01 16:00:00,planned,Pe Ell Substation - Chase City 138 kV
11253,L:10208:10304:138,2013-07-12 16:00:00,2013-07-20 16:00:00,planned,Lake Kingman - Solway 138 kV
5821,L:7644:7647:138,2013-07-17 16:00:00,2013-07-18 16:00:00,planned,Salado Tap - Petersburg 138 kV Circuit 1
19908,L:22997:23450:100,2013-07-15 16:00:00,2013-07-17 16:00:00,planned,Franklin Park Substation - Montibelo 100 kV
10715,L:9910:10159:138,2013-07-19 16:00:00,2013-07-23 16:00:00,planned,S Miami - Covanta Fairfax Energy 138 kV #1
15418,L:19054:19059:100,2013-07-10 16:00:00,2013-07-20 16:00:00,planned,Sugarcreek - N Park 100 kV Ckt 2
19640,L:22909:22938:100,2013-07-11 16:00:00,2013-07-14 16:00:00,planned,Telluride - Gamer 100 kV #1
889,L:5401:5792:138,2013-07-11 16:00:00,2013-07-29 16:00:00,planned,Edes Tap 2 - Jefferies Sta 138 kV Cir. 1
15203,L:18960:22248:100,2013-07-15 16:00:00,2013-08-03 16:00:00,planned,Oconto Falls Upper - Kayenta 100 kV Ckt 1
7289,L:8313:8315:138,2013-07-10 16:00:00,2013-07-25 16:00:00,planned,Springfield - Nichols St - Escuela Urbana 138 kV Cir. 1
19861,L:22982:23095:230,2013-07-15 16:00:00,2013-07-21 16:00:00,planned,San Andres - Commonwealth Edison Des Plaines 230 kV #1
8120,L:8701:8942:138,2013-08-19 18:00:00,2013-08-20 18:00:00,planned,Linden - Winter 138 kV Circuit 1
739,L:5333:5974:138,2013-08-21 18:00:00,2013-09-04 18:00:00,planned,Aeropuerto - Middle Sta 138 kV Circuit 1
17869,L:20149:20179:100,2013-08-25 18:00:00,2013-09-09 18:00:00,planned,Pawling Substation - Maricopa 100 kV
1692,L:5803:8346:138,2013-08-25 18:00:00,2013-09-14 18:00:00,planned,Deepwater - New Castle 138 kV
5777,L:7609:7635:138,2013-08-20 18:00:00,2013-08-28 18:00:00,planned,Spring City Substation - Gmp Solar - Richmond Substation 138 kV
10236,L:9686:9851:138,2013-08-25 18:00:00,2013-08-30 18:00:00,planned,New Plymounth - Canadian Hills Wind 138 kV
2477,L:6031:8621:138,2013-08-22 18:00:00,2013-09-10 18:00:00,planned,Mckellar - Defrain 138 kV Ckt 1
273,L:5118:5127:138,2013-08-20 18:00:00,2013-08-23 18:00:00,planned,Big Eddy - Alcoa Primary 138 kV Cir. 1
8202,L:8726:8728:138,2013-08-24 18:00:00,2013-09-02 18:00:00,planned,Port Wing - Hammonds 138 kV Cir. 1
18740,L:21841:22095:100,2013-08-27 18:00:00,2013-09-04 18:00:00,planned,Emrld - Freedom Poer Project 100 kV Cir. 1
295,L:5125:5998:138,2013-08-27 18:00:00,2013-09-11 18:00:00,planned,Collins Creek - Viridity Energy Solutions Acua 138 kV Line 1
5943,L:7705:8249:138,2013-08-20 18:00:00,2013-08-21 18:00:00,planned,Shawville Station - Calpeak 138 kV Ckt 1
15364,L:19034:19072:100,2013-08-26 18:00:00,2013-09-02 18:00:00,planned,Wadsworth - E Broad St 100 kV Line 1
19835,L:22974:23026:100,2013-08-26 18:00:00,2013-09-15 18:00:00,planned,Line Creek - Fenner 100 kV Circuit 1
6444,L:7952:9022:138,2013-08-22 18:00:00,2013-08-27 18:00:00,planned,East Waynesboro - W Waynesboro 138 kV Ckt 1
13236,L:17927:18295:138,2013-08-19 18:00:00,2013-08-30 18:00:00,planned,Main St - Tahoe City 138 kV #1
3036,L:6291:6293:138,2013-08-21 18:00:00,2013-08-26 18:00:00,planned,Marana Tap - Bradford 138 kV Circuit 1
14936,L:18847:18861:100,2013-08-25 18:00:00,2013-09-01 18:00:00,planned,North Oakland - Urbana 100 kV Line 1
9951,L:9600:18386:138,2013-08-27 18:00:00,2013-09-03 18:00:00,planned,Carberry - Minnix Mountain 138 kV Line 1
8440,L:8847:9085:345,2013-08-20 18:00:00,2013-09-05 18:00:00,planned,Krugerville - Engle-Eastern Tap 345 kV Cir. 1
7599,L:8451:8585:138,2013-08-26 18:00:00,2013-09-11 18:00:00,planned,Potholes - Bankheaddam Substation 138 kV
6116,L:7788:7790:138,2013-08-24 18:00:00,2013-08-28 18:00:00,planned,E Calamus - Flathead Substation 138 kV
14066,L:18400:18401:138,2013-08-22 18:00:00,2013-09-08 18:00:00,planned,Cinder - Gate Ii 138 kV Line 1
5335,L:7402:8243:138,2013-08-25 18:00:00,2013-09-09 18:00:00,planned,Reno - Wasco 138 kV Cir. 1
15737,L:19206:19210:100,2013-08-24 18:00:00,2013-09-01 18:00:00,planned,Watson - Odessa 100 kV Circuit 1
19275,L:22817:23075:100,2013-08-26 18:00:00,2013-09-01 18:00:00,planned,Vilas Rd - Arlington Heights 100 kV #1
19940,L:23008:23410:100,2013-08-19 18:00:00,2013-09-07 18:00:00,planned,Northrop - Industrial Boulevard Sw 100 kV Ckt 1
12840,L:17600:17608:138,2013-08-21 18:00:00,2013-09-06 18:00:00,planned,Wildwood Mewd Substation - Marble Ie 138 kV Cir. 1
13272,L:17949:17950:138,2013-08-27 18:00:00,2013-08-30 18:00:00,planned,Dun Glenn Substation - Vermont Yankee 138 kV Circuit 1
15991,L:19334:19347:100,2013-08-25 18:00:00,2013-09-11 18:00:00,planned,Zephyhills - Caples 100 kV #1
1976,L:5916:6160:138,2013-08-23 18:00:00,2013-08-27 18:00:00,planned,Suntree Substation - Glen Head 138 kV Line 1
4104,L:6886:6912:138,2013-08-25 18:00:00,2013-08-26 18:00:00,planned,Bell Shoals - Callowhill 138 kV Line 1
12313,L:17043:17045:138,2013-08-24 18:00:00,2013-09-03 18:00:00,planned,North Tower - Cooper Ranch 138 kV #1
16757,L:19635:19718:100,2013-08-19 18:00:00,2013-09-07 18:00:00,planned,Brightwater - Carquinez 100 kV
8778,L:9037:9043:138,2013-08-21 18:00:00,2013-09-06 18:00:00,planned,Elmo - Clermont E 138 kV
7617,L:8463:9087:138,2013-08-24 18:00:00,2013-09-07 18:00:00,planned,Gray Manor - Berkeley F 138 kV Line 1
9868,L:9552:9553:138,2013-08-24 18:00:00,2013-09-04 18:00:00,planned,Unh 1 & Unh 2 - Rice 138 kV
7515,L:8415:8459:138,2013-08-23 18:00:00,2013-09-09 18:00:00,planned,Valley Ese - Tri-County Substation 138 kV Line 1
5446,L:7451:7472:138,2013-08-19 18:00:00,2013-08-30 18:00:00,planned,Centennial Wind Farm - Montpellier 138 kV #1
17990,L:20234:20265:100,2013-08-24 18:00:00,2013-08-27 18:00:00,planned,Mccartney - Bloomington Rogersst 100 kV Cir. 1
8118,L:8700:9062:138,2013-08-22 18:00:00,2013-09-02 18:00:00,planned,Pit 5 Tap - Colesville 138 kV #1
15226,L:18972:18992:100,2013-08-27 18:00:00,2013-09-05 18:00:00,planned,Muddy Ridge - Toketee 100 kV
6457,L:7961:7966:138,2013-08-19 18:00:00,2013-09-02 18:00:00,planned,Nyssa - Mason Road 138 kV Ckt 1
4096,L:6884:7147:138,2013-08-26 18:00:00,2013-09-06 18:00:00,planned,Monroe Mo - Parrish 138 kV Line 2
15790,L:19226:19241:230,2013-08-27 18:00:00,2013-09-04 18:00:00,planned,Meadowdale - Airport Lane 230 kV L
3350,L:6446:7140:138,2013-08-21 18:00:00,2013-08-24 18:00:00,planned,Cedarville - Bucks Creek 138 kV Cir. 1
4027,L:6829:6830:138,2013-08-25 18:00:00,2013-09-11 18:00:00,planned,Newdale - Dilley Switching 138 kV
14393,L:18651:18655:345,2013-09-05 15:00:00,2013-09-17 15:00:00,planned,Chilliwick - Orenco 345 kV Ckt 1
831,L:5373:5793:138,2013-09-07 15:00:00,2013-09-10 15:00:00,planned,Wolf Creek Generator - Casto 138 kV line
5948,L:7707:7708:138,2013-09-03 15:00:00,2013-09-04 15:00:00,planned,Bellis - Glenannan 138 kV #1
6450,L:7954:9024:138,2013-09-08 15:00:00,2013-09-18 15:00:00,planned,Reid - Boundary 138 kV #1
1773,L:5839:6963:138,2013-09-07 15:00:00,2013-09-11 15:00:00,planned,Monrovia - Barnett Shoals 138 kV Circuit 1
2934,L:6240:6244:138,2013-09-06 15:00:00,2013-09-22 15:00:00,planned,Gabrel - Satsuma 138 kV Circuit 1
7395,L:8366:8371:138,2013-09-02 15:00:00,2013-09-05 15:00:00,planned,Woodenshoe - Ess Lewes 138 kV
11904,L:11197:11198:138,2013-09-04 15:00:00,2013-09-07 15:00:00,planned,Bluemound - Rosemary Power Station 138 kV
547,L:5241:5306:138,2013-09-09 15:00:00,2013-09-27 15:00:00,planned,New Freedom - Coffee Port 138 kV line
16224,L:19470:19495:100,2013-09-09 15:00:00,2013-09-26 15:00:00,planned,Vasco - Honk Falls Substation 100 kV Circuit 1
13253,L:17937:18676:345,2013-09-11 15:00:00,2013-09-24 15:00:00,planned,Shaw - Mcgraws 345 kV Line 1
17351,L:19892:19904:100,2013-09-08 15:00:00,2013-09-27 15:00:00,planned,Sigel - Clearwater Paper App Cb 100 kV
19694,L:22927:22953:100,2013-09-04 15:00:00,2013-09-07 15:00:00,planned,Olinda - Peachton 100 kV Cir. 1
17267,L:19855:19933:100,2013-09-08 15:00:00,2013-09-27 15:00:00,planned,Azalea - Axtel 100 kV
7505,L:8409:8430:138,2013-09-11 15:00:00,2013-09-18 15:00:00,planned,Bay Ridge - Jeney 138 kV Circuit 1
13377,L:17994:18009:138,2013-09-02 15:00:00,2013-09-08 15:00:00,planned,Sauk City Phillips St - Texon Hydroelectric Project 138 kV Circuit 1
9234,L:9208:9209:138,2013-09-05 15:00:00,2013-09-23 15:00:00,planned,Hollybrook - White Clay 138 kV Ckt 1
20526,L:23259:23399:100,2013-09-10 15:00:00,2013-09-26 15:00:00,planned,Rapids Energy Ctr - Snyder 100 kV Ckt 2
3458,L:6497:6960:138,2013-09-02 15:00:00,2013-09-05 15:00:00,planned,O'Gara - Watercure 138 kV Cir. 1
12318,L:17045:17050:138,2013-09-04 15:00:00,2013-09-12 15:00:00,planned,Cooper Ranch - Carntown 138 kV #1
17435,L:19934:19942:100,2013-09-11 15:00:00,2013-09-20 15:00:00,planned,Columbus St - Tallassee Hydro Project 100 kV
6916,L:8222:8226:138,2013-09-02 15:00:00,2013-09-04 15:00:00,planned,Pacific Ethanol - Luxor 138 kV Circuit 1
8174,L:8717:8927:138,2013-09-03 15:00:00,2013-09-21 15:00:00,planned,Bouse Pumping Sta - Grand Jct 138 kV #1
6431,L:7943:7951:138,2013-09-10 15:00:00,2013-09-23 15:00:00,planned,Antrim - Zoar 138 kV #1
12819,L:17591:17753:138,2013-09-07 15:00:00,2013-09-27 15:00:00,planned,Trading Post - Bailey Substation 138 kV Circuit 1
16257,L:19491:19497:100,2013-09-06 15:00:00,2013-09-21 15:00:00,planned,Mayfield - Stinson 100 kV Cir. 1
6521,L:7994:7999:138,2013-09-02 15:00:00,2013-09-10 15:00:00,planned,Devil'S Slide - Garden Villas 138 kV Line 1
2118,L:5942:5979:138,2013-09-11 15:00:00,2013-09-24 15:00:00,planned,Depere - Fort Bliss 138 kV Line
7747,L:8515:8554:138,2013-09-11 15:00:00,2013-09-19 15:00:00,planned,Trumbull - Decatur Adm North 138 kV Cir. 1
9957,L:9604:18361:138,2013-09-04 15:00:00,2013-09-07 15:00:00,planned,Carrollton Country Club - Sub 18361 Substation 138 kV Line 1
20023,L:23035:23444:100,2013-09-02 15:00:00,2013-09-19 15:00:00,planned,Memphis Junction - Edwards St 100 kV Ckt 3
3153,L:6343:6402:138,2013-09-07 15:00:00,2013-09-22 15:00:00,planned,N Sweetwater - Paxton Crk Cogeneration Substation 138 kV #1
17620,L:20016:20018:100,2013-09-10 15:00:00,2013-09-16 15:00:00,planned,Masury - Brookfield 100 kV Ckt 1
16910,L:19708:19713:100,2013-09-06 15:00:00,2013-09-07 15:00:00,planned,Los Medanos - Ceilo 100 kV Circuit 1
9175,L:9173:9190:138,2013-09-02 15:00:00,2013-09-05 15:00:00,planned,Ellis Hydro - Moly Mills 138 kV Circuit 1
8600,L:8936:8939:138,2013-09-10 15:00:00,2013-09-24 15:00:00,planned,Cloverbank - Livingston Rd 138 kV Circuit 1
13711,L:18187:18194:138,2013-09-04 15:00:00,2013-09-19 15:00:00,planned,Ravenswood - Largo 138 kV Cir. 1
13773,L:18223:18235:138,2013-09-06 15:00:00,2013-09-24 15:00:00,planned,State - Sabana Grande 6501 138 kV Line 1
9134,L:9154:9160:138,2013-09-08 15:00:00,2013-09-22 15:00:00,planned,Monel - Navajo Dam Substation 138 kV Ckt 1
10794,L:9943:9949:138,2013-09-07 15:00:00,2013-09-08 15:00:00,planned,Frenchtown - W Hastings 138 kV Ckt 1
11997,L:16489:16877:138,2013-09-11 15:00:00,2013-09-15 15:00:00,planned,Montrose - John Sevier 138 kV Ckt 1
9604,L:9390:17896:138,2013-09-09 15:00:00,2013-09-29 15:00:00,planned,Thurlow Dam - Greens Bayou 69 138 kV Cir. 1
12102,L:16927:16928:138,2013-09-05 15:00:00,2013-09-08 15:00:00,planned,Fennimore - Appleway 138 kV Ckt 1
14094,L:18425:18426:138,2013-09-03 15:00:00,2013-09-18 15:00:00,planned,Triniad - Westover 138 kV #1
3786,L:6685:6688:138,2013-09-08 15:00:00,2013-09-26 15:00:00,planned,Basscreek - Napa 138 kV Cir. 1
1227,L:5560:5580:138,2013-09-02 15:00:00,2013-09-22 15:00:00,planned,Clayben - Midwind 138 kV #1
6200,L:7823:7838:138,2013-09-06 15:00:00,2013-09-16 15:00:00,planned,Rush Citycaps - Crmwa4 138 kV #1
3499,L:6517:6520:138,2013-09-06 15:00:00,2013-09-09 15:00:00,planned,Stamey - Recway 138 kV #1
17113,L:19782:19783:100,2013-09-05 15:00:00,2013-09-13 15:00:00,planned,Manslick - Oncor Mason 100 kV Cir. 1
14865,L:18822:19575:100,2013-09-11 15:00:00,2013-09-26 15:00:00,planned,Woodsdale - Eastland Dist 100 kV line
8509,L:8891:8894:138,2013-09-10 15:00:00,2013-09-22 15:00:00,planned,Kesington - Nih 138 kV Line 1
5338,L:7403:7916:138,2013-09-11 15:00:00,2013-09-13 15:00:00,planned,Tenaska Westmoreland Generating Sta - Taloga 138 kV
859,L:5385:5446:138,2013-09-02 15:00:00,2013-09-04 15:00:00,planned,N Avenue - Amistad 138 kV Line 1
6768,L:8127:8128:138,2013-09-06 15:00:00,2013-09-20 15:00:00,planned,Harris Branch - 88Th & Mingo 138 kV
6411,L:7935:7942:345,2013-09-05 15:00:00,2013-09-06 15:00:00,planned,New Vt Hanlon - Mwd Eastside Res 345 kV line
19000,L:22338:22943:100,2013-10-03 17:00:00,2013-10-19 17:00:00,planned,Winthrop - Ferguson Avenue 100 kV
8106,L:8695:9702:138,2013-09-25 17:00:00,2013-09-27 17:00:00,planned,Missle Site - 32Nd Street 138 kV
13207,L:17907:17909:138,2013-09-28 17:00:00,2013-10-10 17:00:00,planned,Scio - Monroe Ne 138 kV Line 1
19738,L:22946:23473:100,2013-09-27 17:00:00,2013-10-06 17:00:00,planned,Robbins Community Power Llc - Riverside Ga 100 kV Line
6604,L:8045:8074:138,2013-10-03 17:00:00,2013-10-11 17:00:00,planned,Carbon Limestone - Fondo Del Seguro Del Estado 138 kV Cir. 1
9421,L:9302:9414:138,2013-10-02 17:00:00,2013-10-07 17:00:00,planned,Corona - Melrose 4 138 kV Line 1
8726,L:9005:10027:138,2013-09-25 17:00:00,2013-10-14 17:00:00,planned,Whitman Substation - Sisk 138 kV Circuit 1
1855,L:5890:7162:345,2013-09-30 17:00:00,2013-10-04 17:00:00,planned,N. Shannon - Flatwood 345 kV #1
10363,L:9746:9750:138,2013-09-27 17:00:00,2013-10-14 17:00:00,planned,King'S Mill - Watsonville 138 kV Cir. 1
15190,L:18951:19390:100,2013-09-30 17:00:00,2013-10-10 17:00:00,planned,Animas - Blount St 100 kV
12827,L:17593:17624:138,2013-09-27 17:00:00,2013-09-29 17:00:00,planned,Hazard - Ovenfork Substation 138 kV Cir. 1
793,L:5364:5396:138,2013-09-30 17:00:00,2013-10-14 17:00:00,planned,Motorola - New Melones 138 kV Circuit 1
5761,L:7603:7608:138,2013-09-30 17:00:00,2013-10-02 17:00:00,planned,Kerman - Timberline 138 kV #1
13169,L:17888:18312:138,2013-09-29 17:00:00,2013-10-05 17:00:00,planned,Stadium Reit - Hecata 138 kV
830,L:5373:5777:138,2013-10-01 17:00:00,2013-10-15 17:00:00,planned,Casto - Bryat 138 kV Line 1
1048,L:5491:5493:138,2013-09-30 17:00:00,2013-10-02 17:00:00,planned,Fair Oaks - Hare 138 kV Cir. 1
1447,L:5670:5847:138,2013-10-04 17:00:00,2013-10-08 17:00:00,planned,Quaker - Big Creek 138 kV Circuit 1
19444,L:22855:22898:100,2013-09-30 17:00:00,2013-10-07 17:00:00,planned,Guardian Glass - Vancouver Airport 100 kV Circuit 1
20726,L:23341:23342:100,2013-10-01 17:00:00,2013-10-20 17:00:00,planned,Ware Shoals Hydro Project - Sinnott Substation 100 kV Line 1
14142,L:18457:18459:138,2013-09-29 17:00:00,2013-10-01 17:00:00,planned,Recovery Soco - Crossover 138 kV Line 1
12079,L:16917:16926:138,2013-10-02 17:00:00,2013-10-08 17:00:00,planned,Frost Bridge Substation - Smi 138 kV #1
9131,L:9153:9216:138,2013-09-29 17:00:00,2013-10-09 17:00:00,planned,Muck Valley Substation - Walls 138 kV Ckt 1
20993,L:23454:28028:161,2013-10-01 17:00:00,2013-10-15 17:00:00,planned,Quad Cities - Guayama Rural 4001 161 kV #1
1443,L:5668:5703:138,2013-09-28 17:00:00,2013-10-16 17:00:00,planned,Montville - No Mans Land 138 kV Ckt 1
7514,L:8415:8453:138,2013-09-25 17:00:00,2013-09-29 17:00:00,planned,Vly Ese - S Perry 138 kV Cir. 1
8116,L:8700:8703:138,2013-10-02 17:00:00,2013-10-07 17:00:00,planned,Campus Drive - Pit  Tap 138 kV
8199,L:8725:9013:138,2013-09-30 17:00:00,2013-10-14 17:00:00,planned,Bellgreen - Downey 138 kV Line 1
5938,L:7703:7807:138,2013-09-26 17:00:00,2013-10-14 17:00:00,planned,Gateway - Lauderdale 138 kV Ckt 1
4046,L:6844:6848:138,2013-09-26 17:00:00,2013-10-15 17:00:00,planned,W Frankfort - Ft Nelson 138 kV Cir. 1
12998,L:17762:18412:138,2013-10-01 17:00:00,2013-10-14 17:00:00,planned,Coleman - Evergreen 138 kV L
102,L:2943:2954:161,2013-09-29 17:00:00,2013-10-08 17:00:00,planned,Lasel Tap - North Bergen 161 kV L
2738,L:6151:6205:138,2013-09-27 17:00:00,2013-10-02 17:00:00,planned,Ft Ross - Kegonsa 138 kV
16087,L:19384:19435:100,2013-09-25 17:00:00,2013-10-13 17:00:00,planned,Miami - Trout Lake Ese 100 kV
21175,L:23495:23520:230,2013-11-16 19:00:00,2013-11-19 19:00:00,planned,Rocky Rd Power Llc - Big Meadows 230 kV Ckt 3
5650,L:7546:8251:138,2013-11-20 19:00:00,2013-12-07 19:00:00,planned,Waterside - Columbus S 138 kV Line 1
6600,L:8043:8050:138,2013-11-18 19:00:00,2013-12-08 19:00:00,planned,Bonnie Nook - Lowellville 138 kV Circuit 1
13563,L:18099:18101:138,2013-11-22 19:00:00,2013-12-10 19:00:00,planned,George Afb - Virgil Fodness 138 kV L
17662,L:20037:20043:100,2013-11-21 19:00:00,2013-11-24 19:00:00,planned,North Lima - Lawson Rd 100 kV L
8610,L:8937:8939:138,2013-11-17 19:00:00,2013-11-25 19:00:00,planned,Redwood City - Cloverbank 138 kV #1
17473,L:19948:19964:100,2013-11-25 19:00:00,2013-12-08 19:00:00,planned,Sierra Linda 1704 - Oberlin Oh Substation 100 kV Line 1
9650,L:9411:9412:138,2013-11-23 19:00:00,2013-11-28 19:00:00,planned,Riverton 11534 Kv - Us Gypsum 138 kV Ckt 1
16955,L:19730:19787:100,2013-11-24 19:00:00,2013-11-28 19:00:00,planned,Luttrell - Boonville Substation 100 kV Cir. 1
6279,L:7870:8194:138,2013-11-16 19:00:00,2013-11-27 19:00:00,planned,Kaiser - Apple Inc 138 kV
12119,L:16952:16954:138,2013-11-23 19:00:00,2013-12-12 19:00:00,planned,Astra Wind Farm - Fratt 138 kV Cir. 1
6959,L:8245:8279:345,2013-11-19 19:00:00,2013-11-28 19:00:00,planned,Seward - Homer City 345 kV
14835,L:18809:19428:100,2013-11-25 19:00:00,2013-12-11 19:00:00,planned,Jewett - Cooks Pond 100 kV Line 2
552,L:5242:5957:138,2013-11-19 19:00:00,2013-11-29 19:00:00,planned,Lammers - Coxs Coner 138 kV Circuit 1
6220,L:7831:7832:138,2013-11-18 19:00:00,2013-11-24 19:00:00,planned,Necanicum - Sanderson 138 kV
18020,L:20254:20280:230,2013-11-20 19:00:00,2013-12-10 19:00:00,planned,Big Horn - Troy Energy Llc Substation 230 kV #1
14307,L:18578:18638:138,2013-11-18 19:00:00,2013-12-06 19:00:00,planned,E County - Windrock 138 kV Line
5487,L:7470:7580:138,2013-11-19 19:00:00,2013-12-05 19:00:00,planned,Red Maple - Midway-Siena 138 kV Ckt 1
1244,L:5568:5950:138,2013-11-17 19:00:00,2013-11-22 19:00:00,planned,La Jara - Orange Park 138 kV Cir. 1
3361,L:6451:6471:138,2013-11-22 19:00:00,2013-12-03 19:00:00,planned,Kifer Substation - Rocky Hill 138 kV Circuit 1
9050,L:9119:9275:138,2013-11-19 19:00:00,2013-11-28 19:00:00,planned,Borger - Booneville 138 kV L
15944,L:19309:19913:100,2013-11-21 19:00:00,2013-11-28 19:00:00,planned,Sam Dam - Whiskeytown Substation 100 kV Cir. 1
16886,L:19696:20033:230,2013-11-17 19:00:00,2013-11-18 19:00:00,planned,Thomaston - W Austintown Substation 230 kV
19280,L:22818:23310:100,2013-11-16 19:00:00,2013-11-24 19:00:00,planned,Green Bluff - Deep Prings 100 kV Line 1
19515,L:22873:23054:100,2013-11-16 19:00:00,2013-12-03 19:00:00,planned,Clifton Wilson - Upper Gorge 100 kV Line
3548,L:6535:6570:138,2013-11-22 19:00:00,2013-12-06 19:00:00,planned,Lawrence Road - Banta Carbona 138 kV Cir. 1
13014,L:17776:17777:138,2013-11-21 19:00:00,2013-11-25 19:00:00,planned,Bennett - Pitts 138 kV Ckt 1
5431,L:7442:8002:138,2013-11-22 19:00:00,2013-12-12 19:00:00,planned,Turner Shoals - Sacheen 138 kV Line
18306,L:20995:22592:100,2013-11-25 19:00:00,2013-12-15 19:00:00,planned,Oak Knoll - 7Th Avenue 100 kV Circuit 1
12898,L:17657:17659:138,2013-11-21 19:00:00,2013-11-30 19:00:00,planned,Willowbrook - New Haven Harbor 138 kV Circuit 1
19298,L:22826:23178:100,2013-11-16 19:00:00,2013-12-06 19:00:00,planned,Alire Pnm - Dodge Jct 100 kV Circuit 1
18370,L:21194:21209:100,2013-11-19 19:00:00,2013-11-30 19:00:00,planned,Harney - Weeds Lake 100 kV
15093,L:18912:19045:100,2013-11-18 19:00:00,2013-11-25 19:00:00,planned,Port Edwards Mill - Forest Avenu Sta 100 kV Cir. 1
19859,L:22982:23015:230,2013-11-20 19:00:00,2013-12-07 19:00:00,planned,Commonwealth Edison Des Plaines - Scot 230 kV Line 1
9948,L:9599:9605:138,2013-11-24 19:00:00,2013-12-14 19:00:00,planned,Smith College Central Heating Plant - Team 138 kV L
2434,L:6019:6023:138,2013-11-17 19:00:00,2013-11-22 19:00:00,planned,Bythewood - Hnterstown Power Plant 138 kV Line 1
8626,L:8947:8970:138,2013-11-20 19:00:00,2013-12-05 19:00:00,planned,Brevard - Carpinteria 138 kV Circuit 1
197,L:3541:5819:500,2013-11-19 19:00:00,2013-11-25 19:00:00,planned,Camp Far West - Pseg Linden Generating Sta 500 kV
6282,L:7871:8196:138,2013-11-24 19:00:00,2013-11-25 19:00:00,planned,Ivanpah - Greenhorn 138 kV Circuit 1
325,L:5138:5922:138,2013-11-22 19:00:00,2013-12-02 19:00:00,planned,Juneau Substation - Mill 138 kV Ckt 1
15168,L:18942:18970:230,2013-11-19 19:00:00,2013-12-01 19:00:00,planned,Waldo - Knoll 230 kV
8178,L:8718:9688:138,2013-11-18 19:00:00,2013-12-05 19:00:00,planned,Arlington - Clarendon 138 kV Ckt 1
13795,L:18236:18251:138,2013-11-16 19:00:00,2013-11-28 19:00:00,planned,Millhopper - Chesterfield Ave Substation 138 kV Cir. 1
5216,L:7309:7313:138,2013-11-23 19:00:00,2013-12-10 19:00:00,planned,Railyard - Ba Creek 138 kV #1
18799,L:21994:21997:100,2013-11-18 19:00:00,2013-11-24 19:00:00,planned,Sibley No Two - Columbia Hills 100 kV Ckt 1
14029,L:18375:18382:138,2013-11-17 19:00:00,2013-12-06 19:00:00,planned,S Princeton - E Amsterdam 138 kV Cir. 1
7412,L:8378:9046:138,2013-11-19 19:00:00,2013-11-21 19:00:00,planned,Ubc South Campus - Lower Village Water Power Project 138 kV
15730,L:19203:19212:100,2013-11-25 19:00:00,2013-12-13 19:00:00,planned,Odessa Southwest - Indeck West Enfield Energy Ctr 100 kV Cir. 1
2805,L:6187:6195:138,2013-11-22 19:00:00,2013-11-26 19:00:00,planned,Doucette - Lancaster 138 kV Circuit 1
13996,L:18357:18364:138,2013-11-18 19:00:00,2013-11-29 19:00:00,planned,Hamilton Wolfe Road - Acec Calamus 138 kV Cir. 1
3473,L:6507:7096:138,2013-11-25 19:00:00,2013-12-13 19:00:00,planned,Archbald Power Sta - Lackawanna 138 kV Line
12602,L:17321:17326:138,2013-11-25 19:00:00,2013-12-11 19:00:00,planned,Grassland - St. Helens 138 kV line
6658,L:8073:20016:100,2013-11-19 19:00:00,2013-12-09 19:00:00,planned,Gillett - Masury 100 kV Line 1
925,L:5416:6950:138,2013-11-24 19:00:00,2013-12-08 19:00:00,planned,Majestic - Sea Land 1910 138 kV L
5001,L:7208:7228:138,2013-11-17 19:00:00,2013-12-06 19:00:00,planned,Ross Prairie - Shiloah Iv 138 kV Cir. 1
4355,L:7046:7088:138,2013-11-17 19:00:00,2013-11-18 19:00:00,planned,12Th Avenue - Northern Hills 138 kV line
2722,L:6142:6776:138,2013-11-19 19:00:00,2013-12-05 19:00:00,planned,Fairway Tap Substation - Jack Crk 138 kV Line 1
5341,L:7405:7406:138,2013-11-25 19:00:00,2013-12-08 19:00:00,planned,Heyburn - Scottville 138 kV Line 1
291,L:5124:5126:138,2013-11-19 19:00:00,2013-12-04 19:00:00,planned,Byllesby 2 - Mauckport 138 kV #1
14147,L:18463:18464:138,2013-11-24 19:00:00,2013-11-28 19:00:00,planned,Doreen - Myrtle-Date 138 kV Ckt 1
2671,L:6119:8120:138,2013-11-17 19:00:00,2013-12-05 19:00:00,planned,Oro Grande - Crstianitos 138 kV Cir. 1
12107,L:16941:16942:138,2013-11-19 19:00:00,2013-11-24 19:00:00,planned,Clifton Crk Loafer - Mid City 138 kV Ckt 1
755,L:5343:5893:138,2013-11-21 19:00:00,2013-11-22 19:00:00,planned,Wilis - Fargo 138 kV #1
20910,L:23442:23498:230,2013-11-18 19:00:00,2013-11-23 19:00:00,planned,Nrg Rockford I - Hooksink 230 kV Cir. 1
14957,L:18854:18859:230,2013-11-24 19:00:00,2013-12-04 19:00:00,planned,Ludington - E Marysville Substation 230 kV Line 1
8857,L:9068:9097:138,2013-11-19 19:00:00,2013-12-07 19:00:00,planned,Oakland I - Easton 2 138 kV
11026,L:10070:10291:345,2013-11-17 19:00:00,2013-11-21 19:00:00,planned,Corners - Idalia 345 kV line
1091,L:5507:5892:138,2013-12-03 19:00:00,2013-12-22 19:00:00,planned,Egin - Mt Pleasant 138 kV Line 1
20494,L:23240:23356:100,2013-12-08 19:00:00,2013-12-16 19:00:00,planned,Hideaway - Sellwood 100 kV #1
10401,L:9760:10300:138,2013-12-08 19:00:00,2013-12-21 19:00:00,planned,Mwd Etiwanda - Cato 138 kV Cir. 2
4437,L:7093:7094:138,2013-12-12 19:00:00,2013-12-15 19:00:00,planned,Los Mirasoles - Kenneth Ford 138 kV Cir. 1
12873,L:17623:17752:138,2013-12-10 19:00:00,2013-12-20 19:00:00,planned,Scott Street - Leslie 138 kV Circuit 1
8426,L:8842:9880:138,2013-12-09 19:00:00,2013-12-24 19:00:00,planned,Alumax - Air Force Base 138 kV Cir. 2
16219,L:19465:19565:100,2013-12-05 19:00:00,2013-12-09 19:00:00,planned,Reedy Crk - W Sta 100 kV Cir. 2
19656,L:22915:22918:100,2013-12-10 19:00:00,2013-12-30 19:00:00,planned,Salinas Urbano - Peetz 100 kV Cir. 2
6285,L:7872:8184:138,2013-12-04 19:00:00,2013-12-15 19:00:00,planned,Lake City - Adobe 138 kV #1
18768,L:21986:21987:100,2013-12-05 19:00:00,2013-12-09 19:00:00,planned,Rerc - Yreka 100 kV #1
6958,L:8245:8277:345,2013-12-10 19:00:00,2013-12-16 19:00:00,planned,Seward - Hyak 345 kV line
11541,L:10303:10307:138,2013-12-12 19:00:00,2013-12-31 19:00:00,planned,Woods Dp - Cwec Dewey 138 kV
20460,L:23222:23245:100,2013-12-12 19:00:00,2013-12-30 19:00:00,planned,Drum - Imhoff Tap 1 100 kV
8496,L:8879:8882:138,2013-12-07 19:00:00,2013-12-24 19:00:00,planned,West Pawhuska - Centennial 138 kV Circuit 1
9434,L:9311:9312:138,2013-12-10 19:00:00,2013-12-11 19:00:00,planned,Compton - Tarkio 138 kV
8217,L:8735:9066:138,2013-12-06 19:00:00,2013-12-24 19:00:00,planned,Tyson Substation - Caledonia Switching Yard 138 kV Circuit 1
2940,L:6244:6245:138,2013-12-04 19:00:00,2013-12-20 19:00:00,planned,E. Whitley - Satsuma 138 kV Circuit 1
9752,L:9479:10122:138,2013-12-09 19:00:00,2013-12-18 19:00:00,planned,Harmony Hills - Medtronic Substation 138 kV Line
14399,L:18655:18707:345,2013-12-07 19:00:00,2013-12-25 19:00:00,planned,Chilliwick - Sporn 345 kV #1
10593,L:9854:9881:138,2013-12-07 19:00:00,2013-12-15 19:00:00,planned,Colleyville - Alexandria 138 kV Cir. 1
18289,L:20994:22597:100,2013-12-06 19:00:00,2013-12-16 19:00:00,planned,Deltona - Wauna 100 kV
931,L:5421:5424:138,2013-12-10 19:00:00,2013-12-15 19:00:00,planned,Apple Data Ctr Pv - Meadow 138 kV Circuit 1
3733,L:6648:6665:138,2013-12-03 19:00:00,2013-12-21 19:00:00,planned,Vfw Park - Northport 138 kV Cir. 1
6085,L:7770:7771:138,2013-12-03 19:00:00,2013-12-19 19:00:00,planned,Bandini - Milstead 138 kV
13340,L:17978:18762:100,2013-12-06 19:00:00,2013-12-16 19:00:00,planned,Pedley - Honeyville 100 kV Circuit 1
6778,L:8133:8151:138,2013-12-12 19:00:00,2013-12-15 19:00:00,planned,Marshfork - Attala 138 kV #1
13594,L:18113:18115:138,2013-12-07 19:00:00,2013-12-14 19:00:00,planned,Western Digital - Ray Braswell 138 kV Cir. 1
3891,L:6741:6765:138,2013-12-07 19:00:00,2013-12-15 19:00:00,planned,Covanta Plymouth Renewable Energy - Ottauquechee Hydro 138 kV #1
9733,L:9467:9666:345,2013-12-04 19:00:00,2013-12-14 19:00:00,planned,Eagle Point Power Plant - Lowmoor 345 kV
6868,L:8204:8206:500,2013-12-12 19:00:00,2013-12-25 19:00:00,planned,Bellingham Cogeneration Facility - Hato Rey Gis 1403-1404 500 kV Line 1
13518,L:18067:18077:138,2013-12-03 19:00:00,2013-12-12 19:00:00,planned,Scarbro - Moyie Lake 138 kV
2882,L:6222:6716:138,2013-12-30 19:00:00,2014-01-16 19:00:00,planned,Astro - New Hanover County Wastec 138 kV Line 1
15003,L:18870:18871:100,2013-12-30 19:00:00,2014-01-14 19:00:00,planned,La Grande - Golden Ring 100 kV #1
14608,L:18712:18782:100,2013-12-29 19:00:00,2014-01-09 19:00:00,planned,Orinda - J M Stuart 100 kV
14022,L:18372:18373:138,2014-01-04 19:00:00,2014-01-05 19:00:00,planned,Dundee - Coaling 2 138 kV
10394,L:9759:10219:138,2014-01-04 19:00:00,2014-01-07 19:00:00,planned,Wheelabrator Portsmouth - Comox 138 kV #1
14392,L:18650:18654:138,2014-01-05 19:00:00,2014-01-08 19:00:00,planned,Deltral - Charca 138 kV Circuit 1
9448,L:9319:9320:138,2014-01-06 19:00:00,2014-01-12 19:00:00,planned,Randolph Field - Riverton 138 kV Circuit 1
13169,L:17888:18312:138,2013-12-30 19:00:00,2014-01-18 19:00:00,planned,Hecata - Stadium Reit 138 kV
6818,L:8163:8175:138,2013-12-29 19:00:00,2013-12-31 19:00:00,planned,East Levee - Kamwood 138 kV Line
3737,L:6648:7104:345,2013-12-30 19:00:00,2014-01-14 19:00:00,planned,Cachete 1529 - Vfw Park 345 kV Circuit 1
2798,L:6182:6186:138,2013-12-31 19:00:00,2014-01-10 19:00:00,planned,Kirtland Tap - Arcade 138 kV #1
17680,L:20045:20047:100,2013-12-30 19:00:00,2014-01-05 19:00:00,planned,Granger - Rosemont 100 kV Cir. 1
17540,L:19979:19980:100,2014-01-06 19:00:00,2014-01-25 19:00:00,planned,Bass Lake - Allen Jct Substation 100 kV L
10912,L:10000:10135:138,2013-12-29 19:00:00,2014-01-12 19:00:00,planned,Barland - Stover Substation 138 kV #1
18407,L:21207:21522:100,2013-12-31 19:00:00,2014-01-09 19:00:00,planned,Almena - Vasallo 100 kV Ckt 1
9764,L:9485:9820:138,2014-01-07 19:00:00,2014-01-10 19:00:00,planned,Meldrim - Sanger Power And Feed 138 kV
7148,L:8273:19533:500,2014-01-02 19:00:00,2014-01-08 19:00:00,planned,Usk - Beaver Vly 500 kV Ckt 1
17956,L:20206:20210:100,2014-01-03 19:00:00,2014-01-04 19:00:00,planned,Twinsburg - Geauga 100 kV
12026,L:16816:16888:138,2014-01-07 19:00:00,2014-01-27 19:00:00,planned,Short Hills - Pacificorp 138 kV Line 1
17082,L:19776:19823:100,2014-01-05 19:00:00,2014-01-09 19:00:00,planned,Winter Park E - Conroe Bulk 100 kV Ckt 2
13486,L:18055:18071:138,2014-01-05 19:00:00,2014-01-07 19:00:00,planned,Beury Mountain - Dania 138 kV
883,L:5399:5865:138,2013-12-29 19:00:00,2014-01-16 19:00:00,planned,Tecuseh Rd Substation - Aldene 138 kV Ckt 1
16244,L:19480:19483:100,2013-12-30 19:00:00,2014-01-01 19:00:00,planned,Kirkwood - Walker 100 kV Ckt 1
12158,L:16973:16974:138,2014-01-06 19:00:00,2014-01-23 19:00:00,planned,Corydon - South Batesville 138 kV
10399,L:9760:10269:138,2014-01-02 19:00:00,2014-01-04 19:00:00,planned,Cato - Chesapeake Energy Ctr 138 kV #1
3443,L:6489:6490:138,2013-12-30 19:00:00,2013-12-31 19:00:00,planned,Minn Valley - Maple Ridge 138 kV Circuit 1
1674,L:5798:8394:138,2014-01-06 19:00:00,2014-01-11 19:00:00,planned,Merriam - Hay Road 138 kV
10751,L:9922:10071:138,2014-01-06 19:00:00,2014-01-15 19:00:00,planned,Depot - Wellsic 138 kV Cir. 1
13487,L:18055:18458:138,2013-12-30 19:00:00,2014-01-11 19:00:00,planned,Reedsport - Dania 138 kV Line 1
12304,L:17039:17358:138,2014-01-01 19:00:00,2014-01-14 19:00:00,planned,Nebraska City 2 - Capistrano 138 kV Line 1
16732,L:19619:19623:100,2014-01-07 19:00:00,2014-01-13 19:00:00,planned,Sterling - Frostkraft 100 kV
9111,L:9145:9236:138,2013-12-29 19:00:00,2014-01-06 19:00:00,planned,Injection - Green Mountain 138 kV Ckt 1
13145,L:17873:17877:138,2014-02-12 08:00:00,2014-02-14 08:00:00,planned,Coyte - Cawelo B 138 kV
8452,L:8849:8869:138,2014-02-06 08:00:00,2014-02-16 08:00:00,planned,Tap - Montgomery Village 138 kV #2
14451,L:18683:18692:345,2014-02-06 08:00:00,2014-02-15 08:00:00,planned,State Line Combined Cycle - Jim Hill 345 kV Circuit 1
5649,L:7546:7548:138,2014-02-03 08:00:00,2014-02-20 08:00:00,planned,Columbus South - Huron 138 kV
20581,L:23280:23287:100,2014-02-03 08:00:00,2014-02-06 08:00:00,planned,Tulsa Southeast - Middleton 100 kV Ckt 1
9271,L:9226:9537:138,2014-02-09 08:00:00,2014-03-01 08:00:00,planned,Sithe - Bonsack Substation 138 kV Ckt 1
12498,L:17215:17218:138,2014-02-04 08:00:00,2014-02-07 08:00:00,planned,Inerchange - Complejo De Aguirre 230 138 kV Line 1
3833,L:6710:6713:138,2014-02-09 08:00:00,2014-02-13 08:00:00,planned,G.E. Control - Carmichael 138 kV
10497,L:9806:10174:138,2014-02-09 08:00:00,2014-02-27 08:00:00,planned,Carver Substation - Roundtop 138 kV Line
13449,L:18033:18226:138,2014-02-04 08:00:00,2014-02-22 08:00:00,planned,Clendenin - Turquoise 138 kV #1
15367,L:19035:19094:230,2014-02-04 08:00:00,2014-02-09 08:00:00,planned,Lucent - Hiwasee Riv 230 kV Ckt 1
10923,L:10004:10010:138,2014-02-11 08:00:00,2014-02-16 08:00:00,planned,Mercy Springs - Berkley Road 138 kV Circuit 1
7288,L:8311:8312:138,2014-02-06 08:00:00,2014-02-15 08:00:00,planned,Stranger Creek - Bandera Rd 138 kV Ckt 1
8308,L:8793:8798:138,2014-02-10 08:00:00,2014-02-20 08:00:00,planned,Winton - Crestbrook 138 kV #1
1992,L:5918:5937:138,2014-02-03 08:00:00,2014-02-20 08:00:00,planned,Alamitos - Ols Energy Chino 138 kV Ckt 1
10957,L:10027:10028:138,2014-02-05 08:00:00,2014-02-15 08:00:00,planned,Sisk - White Stone 138 kV Line 1
11211,L:10180:10181:138,2014-02-12 08:00:00,2014-02-25 08:00:00,planned,Todds Tavern Dp - Lamar 138 kV Line
3893,L:6742:6780:138,2014-02-10 08:00:00,2014-03-01 08:00:00,planned,Elks - Kent 138 kV #1
9053,L:9121:9138:138,2014-02-11 08:00:00,2014-02-13 08:00:00,planned,Walnut Crk Pp - Wichita Plant 138 kV Cir. 1
6175,L:7817:7824:138,2014-02-03 08:00:00,2014-02-13 08:00:00,planned,Brooksville W - Skito 138 kV #1
6499,L:7983:7986:138,2014-02-03 08:00:00,2014-02-16 08:00:00,planned,Kearney - Warrior Ridge Hydro 138 kV
19178,L:22777:23108:100,2014-02-10 08:00:00,2014-02-16 08:00:00,planned,Whitewater - Argenta 100 kV Cir. 1
19510,L:22873:23005:230,2014-02-06 08:00:00,2014-02-26 08:00:00,planned,Clifton Wilson - Moize Creek 230 kV Cir. 2
8642,L:8951:8952:138,2014-02-07 08:00:00,2014-02-12 08:00:00,planned,Prairie Wind Farm - Boulder Basin 138 kV Circuit 1
20346,L:23165:23224:100,2014-02-12 08:00:00,2014-02-28 08:00:00,planned,West Sparta - Brevort Substation 100 kV #1
14365,L:18630:18631:138,2014-02-12 08:00:00,2014-02-28 08:00:00,planned,Loon Lake - E Plant 138 kV Ckt 1
13921,L:18319:18635:138,2014-02-05 08:00:00,2014-02-20 08:00:00,planned,Emerald Lake - N Shore 138 kV Line 1
14399,L:18655:18707:345,2014-02-09 08:00:00,2014-02-12 08:00:00,planned,Sporn - Chilliwick 345 kV Line 1
9243,L:9214:9223:138,2014-02-08 08:00:00,2014-02-23 08:00:00,planned,Island Phoenix - Carters 138 kV #1
1573,L:5725:5726:138,2014-02-05 08:00:00,2014-02-09 08:00:00,planned,Cecil Field - Elk Mound 138 kV Ckt 1
158,L:3350:6708:138,2014-02-06 08:00:00,2014-02-08 08:00:00,planned,White Mt. Radio - Hudson 138 kV #1
7282,L:8307:8604:138,2014-02-10 08:00:00,2014-02-19 08:00:00,planned,Norcross - Alturas De Mayaguez 6012 138 kV Ckt 1
8492,L:8877:9887:138,2014-02-12 08:00:00,2014-02-24 08:00:00,planned,Richburg - West Lebanon 138 kV
17232,L:19838:20282:100,2014-02-04 08:00:00,2014-02-22 08:00:00,planned,Eastsound - Northwest Mandan Swicthing Sta 100 kV Ckt 1
5257,L:7337:8290:138,2014-02-11 08:00:00,2014-02-16 08:00:00,planned,Riverside Substation - Zebra 138 kV Ckt 1
3154,L:6344:6355:138,2014-02-03 08:00:00,2014-02-19 08:00:00,planned,Paradise Substation - Sidney A Murray Jr Hydroelectric 138 kV
15761,L:19216:19221:100,2014-02-03 08:00:00,2014-02-16 08:00:00,planned,Great Lakes Hydro America - Me Substation - Gibonia 100 kV Circuit 1
19319,L:22828:23026:100,2014-02-06 08:00:00,2014-02-15 08:00:00,planned,Prevost - Fener 100 kV
15349,L:19027:19030:230,2014-02-06 08:00:00,2014-02-19 08:00:00,planned,Goethe-Mayhew - Tulsa North 2 230 kV Line
6330,L:7891:7909:138,2014-02-11 08:00:00,2014-02-25 08:00:00,planned,Schick Substation - No Maries 138 kV
14780,L:18789:18815:100,2014-02-08 08:00:00,2014-02-10 08:00:00,planned,Limon Wind 1 - Cle Elum 100 kV Circuit 1
6327,L:7889:8184:138,2014-02-09 08:00:00,2014-02-23 08:00:00,planned,Drusilla - Lake City 138 kV Cir. 1
17243,L:19843:19932:100,2014-02-09 08:00:00,2014-02-13 08:00:00,planned,North Shore Beach - Shinrock 100 kV Ckt 1
7765,L:8520:8521:138,2014-02-05 08:00:00,2014-02-23 08:00:00,planned,Collin - Macheche 138 kV Circuit 1
12073,L:16915:17385:138,2014-02-10 08:00:00,2014-03-02 08:00:00,planned,Yale - Opp 138 kV Ckt 1
9836,L:9531:9534:138,2014-02-06 08:00:00,2014-02-26 08:00:00,planned,Stratford - Hancock 138 kV Cir. 1
16741,L:19626:19645:230,2014-02-05 08:00:00,2014-02-10 08:00:00,planned,Dorchester - Demoss 230 kV line
6969,L:8246:8253:500,2014-02-08 08:00:00,2014-02-11 08:00:00,planned,Handsome Lake - Piney Creek Project 500 kV Line 1
14588,L:18706:19533:345,2014-02-08 08:00:00,2014-02-26 08:00:00,planned,Dollarhide Substation - Usk 345 kV Circuit 1
1879,L:5892:5963:345,2014-02-12 08:00:00,2014-02-16 08:00:00,planned,Mt Pleasant - Mercer 345 kV Circuit 1
1651,L:5778:5961:138,2014-02-05 08:00:00,2014-02-20 08:00:00,planned,Eastridge - Riverbend 138 kV
4172,L:6930:6943:138,2014-02-10 08:00:00,2014-02-23 08:00:00,planned,Penrose - Morgan 138 kV Line 2
13591,L:18112:18704:138,2014-02-09 08:00:00,2014-02-10 08:00:00,planned,Parkin - Beech Ridge Energy Llc 138 kV Circuit 1
13144,L:17872:18561:138,2014-02-08 08:00:00,2014-02-15 08:00:00,planned,Bluff Pt Wind Facility - N Edinburg 138 kV Line 1
13266,L:17947:17948:138,2014-02-04 08:00:00,2014-02-24 08:00:00,planned,Seagraves - Napavine 138 kV
21495,L:24592:24600:230,2014-02-11 08:00:00,2014-02-23 08:00:00,planned,Malaea - Farragut 230 kV Cir. 1
15625,L:19154:19328:230,2014-02-10 08:00:00,2014-02-25 08:00:00,planned,Capitan - Sierra Pacific Industries Bfp 230 kV Line 1
13235,L:17927:18281:138,2014-02-04 08:00:00,2014-02-13 08:00:00,planned,Tahoe City Substation - Oakdale 138 kV Ckt 1
3197,L:6361:6388:345,2014-02-09 08:00:00,2014-02-10 08:00:00,planned,Cebolla - Priceville 345 kV Cir. 1
4056,L:6853:6856:138,2014-02-08 08:00:00,2014-02-20 08:00:00,planned,Sandstone Rapids Hy - Dowell 138 kV #1
502,L:5226:5235:138,2014-02-12 08:00:00,2014-03-04 08:00:00,planned,Nexen Chemicals - Sooner 138 kV
5663,L:7553:7584:138,2014-02-10 08:00:00,2014-02-15 08:00:00,planned,Irasburg - Butler 138 kV Cir. 1
4279,L:7003:7012:138,2014-02-08 08:00:00,2014-02-17 08:00:00,planned,Milliken - Avenue N 138 kV Circuit 1
15962,L:19321:19326:100,2014-02-07 08:00:00,2014-02-26 08:00:00,planned,Meade County Substation - Eustis 100 kV Circuit 1
21103,L:23480:23505:230,2014-02-12 08:00:00,2014-02-24 08:00:00,planned,Crete Energy Venture Llc - University Park N 230 kV Cir. 1
6602,L:8044:8050:138,2014-02-07 08:00:00,2014-02-27 08:00:00,planned,Lwellville - Zona Libre 6007 138 kV Line 1
20795,L:23393:23395:100,2014-03-02 20:00:00,2014-03-10 20:00:00,planned,W Riv Rd - Panguitch 100 kV
20921,L:23445:23477:230,2014-02-25 20:00:00,2014-03-14 20:00:00,planned,Grand Ridge Battery Projects - Manson 230 kV Cir. 2
14717,L:18754:19273:100,2014-02-24 20:00:00,2014-02-27 20:00:00,planned,South Cadiz - Wise 100 kV Circuit 1
1603,L:5745:5984:138,2014-03-02 20:00:00,2014-03-14 20:00:00,planned,Panther Substation - Cedar Station 138 kV Circuit 1
1722,L:5819:5877:345,2014-03-01 20:00:00,2014-03-08 20:00:00,planned,Tennessee - Camp Far W Substation 345 kV Line 1
7554,L:8434:8435:138,2014-02-24 20:00:00,2014-03-13 20:00:00,planned,Walerga-Galbrath - Glen Burnie 138 kV Line 1
698,L:5310:6893:138,2014-02-25 20:00:00,2014-02-26 20:00:00,planned,Clear Lake - Tuna 138 kV Cir. 1
14322,L:18595:18597:138,2014-02-23 20:00:00,2014-03-04 20:00:00,planned,Scobie Pond - Exeter Energy Lp Substation 138 kV Ckt 1
3558,L:6540:6547:138,2014-03-02 20:00:00,2014-03-22 20:00:00,planned,Jordan - Underwood 138 kV Cir. 1
9868,L:9552:9553:138,2014-02-24 20:00:00,2014-02-26 20:00:00,planned,Unh 1 & Uh 2 - Rice 138 kV Line
10330,L:9734:10279:345,2014-03-03 20:00:00,2014-03-12 20:00:00,planned,Fredericksburg Substation - North Anna 345 kV Ckt 2
960,L:5441:5460:138,2014-02-24 20:00:00,2014-03-10 20:00:00,planned,Aquedct - East Portal 138 kV Line 1
6901,L:8220:8223:138,2014-02-24 20:00:00,2014-03-01 20:00:00,planned,Youngwood - Dowling Substation 138 kV
12692,L:17398:19538:230,2014-02-24 20:00:00,2014-03-07 20:00:00,planned,Austin Northeast Substation - Helberg 230 kV
11400,L:10275:10307:138,2014-02-22 20:00:00,2014-02-26 20:00:00,planned,Cwec Dewey - Battery Hts Dp 138 kV Circuit 1
10714,L:9910:9914:138,2014-02-23 20:00:00,2014-03-01 20:00:00,planned,Franconia - South Miami 138 kV Line 1
17872,L:20150:20156:100,2014-03-01 20:00:00,2014-03-05 20:00:00,planned,Belding Substation - Scanton 3 100 kV Line 2
1385,L:5635:5646:138,2014-02-24 20:00:00,2014-03-15 20:00:00,planned,Brentwood - Wixom 138 kV Circuit 1
13422,L:18019:18573:138,2014-03-03 20:00:00,2014-03-19 20:00:00,planned,Ben Lomond - John St 1 3 4 & 5 138 kV line
15897,L:19288:19540:500,2014-02-25 20:00:00,2014-03-12 20:00:00,planned,Great Lakes - Killen 500 kV Circuit 1
1162,L:5535:6164:138,2014-02-28 20:00:00,2014-03-19 20:00:00,planned,Thalmann - Planta Tratamiento A.A.A 138 kV Circuit 1
13640,L:18149:18153:138,2014-02-27 20:00:00,2014-03-04 20:00:00,planned,S Chester - Big Basin 138 kV Circuit 1
6056,L:7756:8173:138,2014-03-01 20:00:00,2014-03-19 20:00:00,planned,D'Hanis - Knob 138 kV Line 1
6134,L:7798:7810:138,2014-03-03 20:00:00,2014-03-09 20:00:00,planned,W Diesel Generation Unit - Southwick 138 kV #1
10790,L:9942:9951:138,2014-02-22 20:00:00,2014-03-12 20:00:00,planned,Blackjack - Borden 138 kV Cir. 1
10846,L:9962:9963:138,2014-02-25 20:00:00,2014-03-10 20:00:00,planned,Potrero - Ennis 138 kV Circuit 1
7806,L:8537:8538:138,2014-02-26 20:00:00,2014-03-08 20:00:00,planned,Tulloch Tap - Hartley 138 kV Line 1
2534,L:6055:6063:138,2014-02-23 20:00:00,2014-03-11 20:00:00,planned,Eight Flags Energy - N Lke 138 kV Line 1
9116,L:9147:10261:138,2014-02-26 20:00:00,2014-03-03 20:00:00,planned,Nottoway Diesel Generating Facility - Pecos 138 kV Circuit 1
11993,L:16487:16490:138,2014-02-27 20:00:00,2014-03-08 20:00:00,planned,Rogersville - Mar 138 kV Cir. 1
1556,L:5716:5729:138,2014-02-28 20:00:00,2014-03-18 20:00:00,planned,Cedar Creek - Waunakee Municipal 2 138 kV
10616,L:9864:10070:345,2014-02-25 20:00:00,2014-03-08 20:00:00,planned,Loudon - Corners 345 kV Cir. 1
5213,L:7307:7313:138,2014-02-25 20:00:00,2014-03-06 20:00:00,planned,Bad Creek - Highland 138 kV Ckt 1
2799,L:6183:6202:138,2014-03-02 20:00:00,2014-03-10 20:00:00,planned,Buxmont - Worthington 138 kV Cir. 1
5847,L:7658:7736:138,2014-03-01 20:00:00,2014-03-04 20:00:00,planned,Wharton - Crystal Vly 138 kV L
17853,L:20143:20173:100,2014-02-26 20:00:00,2014-03-13 20:00:00,planned,Greenidge Generation Llc - Magas Collores 5805 100 kV
13212,L:17908:17909:138,2014-02-23 20:00:00,2014-03-02 20:00:00,planned,Scio - Caribbean University 138 kV Ckt 1
13585,L:18109:18121:138,2014-02-26 20:00:00,2014-03-09 20:00:00,planned,Andrew Square - N Bellevue 138 kV L
13194,L:17900:18447:138,2014-03-01 20:00:00,2014-03-21 20:00:00,planned,R S Nelson - Bahia 138 kV L
4392,L:7066:8504:138,2014-03-03 20:00:00,2014-03-08 20:00:00,planned,Piedmont Green Power - Pingree 138 kV #1
13050,L:17796:17797:138,2014-02-27 20:00:00,2014-03-03 20:00:00,planned,Stone - West Fairbault 138 kV Line 1
7475,L:8399:18395:138,2014-02-28 20:00:00,2014-03-07 20:00:00,planned,Trego - Brady Hts 138 kV
5609,L:7526:7529:138,2014-02-25 20:00:00,2014-02-26 20:00:00,planned,Frank Jenkins - Sundstrand 138 kV Cir. 1
5452,L:7455:7473:138,2014-03-01 20:00:00,2014-03-13 20:00:00,planned,Jasper Substation - Edison-Ball 138 kV Line 1
7565,L:8437:8823:138,2014-03-02 20:00:00,2014-03-22 20:00:00,planned,St Crispin - 14Th St 138 kV Line 1
16920,L:19716:20292:100,2014-03-31 20:00:00,2014-04-12 20:00:00,planned,Houma - City Of Shelby Electric Distribution 100 kV #1
13227,L:17921:18209:138,2014-03-30 20:00:00,2014-04-09 20:00:00,planned,Shepherdstown - Carnal Substation 138 kV
14877,L:18827:19274:230,2014-03-29 20:00:00,2014-04-05 20:00:00,planned,Aqualinda - Steensen Ss 109 230 kV
19616,L:22899:22902:100,2014-04-04 20:00:00,2014-04-11 20:00:00,planned,Southwestern - Albion Rd 100 kV Line 1
8312,L:8795:8805:138,2014-04-01 20:00:00,2014-04-21 20:00:00,planned,Ford Drive - Graceton 138 kV Cir. 1
15528,L:19101:19131:100,2014-04-02 20:00:00,2014-04-21 20:00:00,planned,Getchel - Sydney Rd 100 kV Ckt 2
20277,L:23140:23153:100,2014-04-02 20:00:00,2014-04-09 20:00:00,planned,Rapides - Southwyck 100 kV Ckt 1
12225,L:16996:17158:138,2014-04-07 20:00:00,2014-04-14 20:00:00,planned,Santa Juanita-Canyon Fall - Station 140 138 kV #1
516,L:5230:5231:138,2014-03-29 20:00:00,2014-04-16 20:00:00,planned,Hendron - Mount Jackson D.P 138 kV Cir. 1
12405,L:17151:19238:100,2014-03-31 20:00:00,2014-04-11 20:00:00,planned,Ashland - Babcock Substation 100 kV Circuit 1
12769,L:17568:17569:138,2014-04-05 20:00:00,2014-04-21 20:00:00,planned,Trashers - Devils Den 138 kV Cir. 1
17890,L:20165:20173:100,2014-03-31 20:00:00,2014-04-18 20:00:00,planned,Magas Collores 5805 - Wayview 100 kV
15671,L:19176:19569:100,2014-04-06 20:00:00,2014-04-14 20:00:00,planned,Wingate - Beulah 100 kV Ckt 1
20727,L:23342:23343:100,2014-04-07 20:00:00,2014-04-16 20:00:00,planned,Sinnot - Energizer 100 kV Line 1
21497,L:24592:24642:500,2014-04-01 20:00:00,2014-04-07 20:00:00,planned,Maalaea - Minonk Wind Farm 500 kV Cir. 1
6596,L:8040:8257:138,2014-04-02 20:00:00,2014-04-17 20:00:00,planned,Jemez Jmec - Westland 138 kV
18431,L:21375:21392:100,2014-04-06 20:00:00,2014-04-09 20:00:00,planned,Albany Green Energy - Fremont Substation 100 kV
14732,L:18763:19273:100,2014-04-01 20:00:00,2014-04-07 20:00:00,planned,South Cadiz - Cuyamungue 100 kV
10605,L:9860:9876:138,2014-03-30 20:00:00,2014-04-17 20:00:00,planned,Arrowhead - Burke-Sideburn 138 kV #1
3347,L:6445:6460:138,2014-04-03 20:00:00,2014-04-09 20:00:00,planned,Highlands - Beverly 138 kV
18731,L:21836:22096:100,2014-04-04 20:00:00,2014-04-06 20:00:00,planned,Bow Lake - Juno Beach 100 kV Ckt 1
2453,L:6026:6027:138,2014-03-31 20:00:00,2014-04-07 20:00:00,planned,Caledonia Alte - Burr Oak 138 kV Ckt 1
7903,L:8608:8626:138,2014-04-05 20:00:00,2014-04-12 20:00:00,planned,Frontier - Unisource Sq Hi 138 kV Circuit 1
6433,L:7945:7946:138,2014-03-29 20:00:00,2014-04-14 20:00:00,planned,Bitter Creek - Tornado 138 kV
10671,L:9893:10040:138,2014-04-06 20:00:00,2014-04-26 20:00:00,planned,Polad Rd - Haulover Substation 138 kV
3175,L:6354:6357:138,2014-04-02 20:00:00,2014-04-13 20:00:00,planned,Duckabush - Archer Daniels Midland Cedar Rapids 138 kV #1
13653,L:18156:18158:138,2014-04-07 20:00:00,2014-04-26 20:00:00,planned,High Winds - Rinn Vy 138 kV Ckt 1
9148,L:9161:9162:138,2014-04-03 20:00:00,2014-04-21 20:00:00,planned,Del Cerro - S Crk 138 kV Cir. 1
5276,L:7350:7372:138,2014-04-05 20:00:00,2014-04-20 20:00:00,planned,W New Madrid - Bruckner 138 kV Cir. 1
20790,L:23388:23390:100,2014-04-03 20:00:00,2014-04-14 20:00:00,planned,Amelia Bulk - W Hempstead 100 kV
7052,L:8259:8288:138,2014-04-02 20:00:00,2014-04-08 20:00:00,planned,Deer Park Energy Ctr - North Allegheny Windpower Project 138 kV Cir. 1
6452,L:7955:7959:138,2014-04-03 20:00:00,2014-04-08 20:00:00,planned,Flare Ave - Sub 7959 138 kV Line 1
9470,L:9327:9329:138,2014-04-02 20:00:00,2014-04-07 20:00:00,planned,Ardmore - Armory 138 kV
10420,L:9770:9832:138,2014-05-18 17:00:00,2014-06-05 17:00:00,planned,Walthall - Uknown 138 kV Line
8080,L:8686:8958:138,2014-05-19 17:00:00,2014-05-30 17:00:00,planned,Grand Teton - Bladensburg 138 kV
3830,L:6708:6728:138,2014-05-24 17:00:00,2014-06-06 17:00:00,planned,White Mt. Radio - Texaco Trading 138 kV Line 1
6724,L:8094:8096:138,2014-05-25 17:00:00,2014-06-07 17:00:00,planned,Old Hickory - Palmer 138 kV Line 1
17604,L:20007:20009:100,2014-05-23 17:00:00,2014-06-11 17:00:00,planned,Gould - Olympia 100 kV Cir. 2
21482,L:24207:24642:100,2014-05-25 17:00:00,2014-06-05 17:00:00,planned,Minonk Wind Farm - Coleman Hatchery 100 kV #1
20087,L:23065:23080:100,2014-05-27 17:00:00,2014-05-30 17:00:00,planned,Presque Isle Station Substation - Mogen 100 kV #1
10326,L:9734:10155:345,2014-05-18 17:00:00,2014-05-27 17:00:00,planned,Fredericksburg - Rienzi 345 kV Line 1
1087,L:5506:5732:345,2014-05-18 17:00:00,2014-06-07 17:00:00,planned,Lake - Woodside Substation 345 kV
16128,L:19401:19414:100,2014-05-19 17:00:00,2014-05-21 17:00:00,planned,Taunton Tap - Snohomish County 52Nd Street 100 kV Cir. 1
8673,L:8976:9010:138,2014-05-26 17:00:00,2014-06-02 17:00:00,planned,Villa Mar 2 1658 - Pleasant Garden 138 kV Circuit 1
16989,L:19739:19762:100,2014-05-19 17:00:00,2014-05-27 17:00:00,planned,Reeves - University Circle 100 kV
6936,L:8238:8239:138,2014-05-18 17:00:00,2014-06-06 17:00:00,planned,Drexel - Westley 138 kV #1
17750,L:20086:20096:230,2014-05-25 17:00:00,2014-06-01 17:00:00,planned,Old Forge - Portage Lakes 230 kV Circuit 1
5900,L:7681:8253:138,2014-05-20 17:00:00,2014-06-01 17:00:00,planned,Piney - Piney Crk Project 138 kV Circuit 1
2163,L:5947:7149:345,2014-05-27 17:00:00,2014-06-06 17:00:00,planned,Steel City - Terry 345 kV
19633,L:22907:23504:100,2014-05-18 17:00:00,2014-05-30 17:00:00,planned,Groton Muni - Ustick 100 kV Line 1
13822,L:18246:18249:138,2014-05-20 17:00:00,2014-05-30 17:00:00,planned,Frankfrt - S Ridge 138 kV
19910,L:22999:23501:100,2014-05-22 17:00:00,2014-06-10 17:00:00,planned,Sim Gideon - Suter 100 kV #1
18262,L:20982:20983:100,2014-05-27 17:00:00,2014-06-02 17:00:00,planned,Keystone Dam - North Bluff 100 kV Cir. 1
15735,L:19206:19208:100,2014-05-22 17:00:00,2014-06-09 17:00:00,planned,Odessa - Dpc Argyle 100 kV Circuit 1
536,L:5238:5250:138,2014-05-21 17:00:00,2014-05-25 17:00:00,planned,Altadena - Nales 138 kV Circuit 1
10510,L:9812:10309:138,2014-05-26 17:00:00,2014-06-13 17:00:00,planned,Marlboro - Kevlar 138 kV
1313,L:5606:5619:138,2014-05-25 17:00:00,2014-05-28 17:00:00,planned,Kettleman Hills - Skaggs Island Junction 1 138 kV Circuit 1
8625,L:8947:8967:138,2014-05-23 17:00:00,2014-05-28 17:00:00,planned,Brevard - Los Angeles Hts 138 kV #1
4347,L:7041:7083:138,2014-05-24 17:00:00,2014-05-28 17:00:00,planned,Lincoln Beach - Arpin Dam 138 kV Cir. 1
10922,L:10004:10005:138,2014-05-21 17:00:00,2014-05-28 17:00:00,planned,Mercy Springs - Yuba Gold Fields 138 kV Line 1
8514,L:8891:8942:138,2014-05-22 17:00:00,2014-06-09 17:00:00,planned,Kensington - Linden 138 kV #2
13413,L:18015:18582:138,2014-05-27 17:00:00,2014-06-11 17:00:00,planned,Rensselaer Ogen - Market Steet 138 kV Cir. 1
1177,L:5545:5547:138,2014-05-23 17:00:00,2014-06-01 17:00:00,planned,Terra Bella - Peach Orchard 138 kV #1
14923,L:18844:18858:100,2014-05-23 17:00:00,2014-05-24 17:00:00,planned,East Springfield - Calapooya Substation 100 kV Ckt 1
1725,L:5821:5823:138,2014-05-21 17:00:00,2014-05-26 17:00:00,planned,Vt Hanlon - Kilner 138 kV Cir. 1
7745,L:8514:8522:138,2014-06-17 18:00:00,2014-06-19 18:00:00,planned,Manteca - Gas 138 kV
6320,L:7885:7921:138,2014-06-14 18:00:00,2014-07-04 18:00:00,planned,Turin - East Hampton 138 kV Circuit 1
3760,L:6662:7037:138,2014-06-18 18:00:00,2014-06-21 18:00:00,planned,Bearwallow - E J West 138 kV Cir. 1
4063,L:6859:6926:138,2014-06-11 18:00:00,2014-06-17 18:00:00,planned,Windy Gap - Wakarusa 138 kV Line 1
15082,L:18909:19048:100,2014-06-10 18:00:00,2014-06-23 18:00:00,planned,Rosenberg Substation - Jacks Crk Substation 100 kV Line 1
1282,L:5591:5996:138,2014-06-11 18:00:00,2014-06-23 18:00:00,planned,Grimes - N Oaks 138 kV Cir. 1
76,L:2797:5447:138,2014-06-13 18:00:00,2014-06-14 18:00:00,planned,Blakeslee Jct - Candelaria Arenas 1718 138 kV Cir. 1
17187,L:19821:20053:100,2014-06-17 18:00:00,2014-06-23 18:00:00,planned,Mcclain - Gallo Substation 100 kV
20803,L:23397:23400:100,2014-06-16 18:00:00,2014-06-17 18:00:00,planned,Starkey Gulch - Joliet 100 kV #1
17905,L:20176:20180:100,2014-06-16 18:00:00,2014-06-24 18:00:00,planned,Greentown - Quintana 1418 100 kV
637,L:5284:6903:138,2014-06-13 18:00:00,2014-06-18 18:00:00,planned,Sckler - Clayton 138 kV Cir. 1
8487,L:8876:9884:345,2014-06-13 18:00:00,2014-06-14 18:00:00,planned,Kingsberry - Braddock 345 kV Line 1
6507,L:7987:7999:138,2014-06-09 18:00:00,2014-06-10 18:00:00,planned,Rogers Lake - Garden Villas 138 kV Cir. 1
10745,L:9920:9932:138,2014-06-09 18:00:00,2014-06-22 18:00:00,planned,Arvah B Hopkins - Oak Lawn 138 kV Line 1
15718,L:19199:19204:100,2014-06-13 18:00:00,2014-06-18 18:00:00,planned,California Ave - Walnut City 100 kV line
19877,L:22986:23067:100,2014-06-13 18:00:00,2014-06-23 18:00:00,planned,Eastern Office - Burnt Mill 100 kV
18434,L:21376:21377:100,2014-06-10 18:00:00,2014-06-17 18:00:00,planned,Darlington Ounty - Cathedral Square 100 kV #1
8667,L:8971:8974:138,2014-06-15 18:00:00,2014-06-21 18:00:00,planned,Logan Aluminum - Industrial 138 kV Ckt 1
1257,L:5574:5591:138,2014-06-15 18:00:00,2014-06-21 18:00:00,planned,Deans - Grims 138 kV Ckt 1
11957,L:16370:17230:138,2014-06-15 18:00:00,2014-06-21 18:00:00,planned,Thompson Falls - Oak Crk 138 kV #1
8380,L:8827:8831:138,2014-06-18 18:00:00,2014-06-20 18:00:00,planned,Pine Bluff 34Th & Main - Rosecrans 138 kV Ckt 1
14899,L:18836:18840:100,2014-06-17 18:00:00,2014-06-30 18:00:00,planned,Stagg - Indian River 100 kV #1
14174,L:18483:18706:138,2014-06-18 18:00:00,2014-06-26 18:00:00,planned,Pleasants Energy Llc - Dollarhide 138 kV #1
7361,L:8346:8384:138,2014-06-09 18:00:00,2014-06-13 18:00:00,planned,New Castle - Basin Rd 138 kV Line 1
6339,L:7896:7897:138,2014-06-14 18:00:00,2014-06-30 18:00:00,planned,Heye Meyer - Greenwood 138 kV #1
49,L:2734:2965:161,2014-06-11 18:00:00,2014-06-22 18:00:00,planned,Penhorn - Walteria 161 kV Ckt 1
7630,L:8467:8532:138,2014-06-11 18:00:00,2014-06-21 18:00:00,planned,Eaymond - Wave 138 kV Circuit 1
8283,L:8776:8799:138,2014-06-18 18:00:00,2014-07-07 18:00:00,planned,Dixon - Kaweah2 138 kV Line 1
20597,L:23287:23314:100,2014-06-09 18:00:00,2014-06-13 18:00:00,planned,Middleton - Crist Road Substation 100 kV Cir. 1
12917,L:17678:17680:138,2014-06-10 18:00:00,2014-06-12 18:00:00,planned,Cedar Mountain - Randolph Rd 138 kV #1
842,L:5379:5775:138,2014-06-12 18:00:00,2014-06-28 18:00:00,planned,Prairie - Dower 138 kV Ckt 1
17819,L:20113:20114:100,2014-06-11 18:00:00,2014-06-21 18:00:00,planned,Deerfield - Scotland Dam 100 kV Ckt 1
10374,L:9751:10100:138,2014-06-18 18:00:00,2014-06-20 18:00:00,planned,Upalco - Oshkosh 138 kV Cir. 1
12072,L:16915:16916:138,2014-06-14 18:00:00,2014-06-22 18:00:00,planned,Opp Substation - Cico 138 kV Circuit 2
3748,L:6655:6666:138,2014-06-18 18:00:00,2014-06-24 18:00:00,planned,Abilene Industrial Park - Calvo 138 kV Ckt 1
758,L:5345:5405:138,2014-06-13 18:00:00,2014-07-01 18:00:00,planned,Upper Pittsgrove - New Riv 138 kV Circuit 1
14287,L:18563:18588:138,2014-06-12 18:00:00,2014-06-17 18:00:00,planned,Anita - Essex Hilltop 138 kV #1
17575,L:19995:20006:100,2014-06-18 18:00:00,2014-07-01 18:00:00,planned,Maclean Substation - U S Alliance Coosa Pines 100 kV Line
7663,L:8483:8558:138,2014-06-18 18:00:00,2014-07-06 18:00:00,planned,Bull Sluice - Rio Nogales Substation 138 kV line
18511,L:21664:21719:500,2014-06-09 18:00:00,2014-06-25 18:00:00,planned,Caliente - Palisades 500 kV
15542,L:19110:19138:100,2014-06-16 18:00:00,2014-06-28 18:00:00,planned,Kleburg - Star City 100 kV Ckt 1
20701,L:23331:23333:100,2014-06-11 18:00:00,2014-06-16 18:00:00,planned,S Scottsvile - Invenergy Nelson Expansion Llc 100 kV Cir. 1
15211,L:18964:18968:100,2014-06-12 18:00:00,2014-06-24 18:00:00,planned,Grantlin-Siefker - Shouns 100 kV Ckt 1
3591,L:6560:7073:138,2014-06-13 18:00:00,2014-06-21 18:00:00,planned,Kimball - Shldon 138 kV Line 1
20285,L:23142:23177:100,2014-06-14 18:00:00,2014-07-02 18:00:00,planned,Subestacion Escuela Ii - Prager 100 kV
19274,L:22817:23038:100,2014-06-13 18:00:00,2014-06-24 18:00:00,planned,Vilas Rd - Prospect Hts 100 kV #1
17459,L:19942:19950:100,2014-06-11 18:00:00,2014-06-25 18:00:00,planned,Tallassee Hydro Project - Baumhart 100 kV Circuit 1
9292,L:9238:9251:138,2014-06-09 18:00:00,2014-06-24 18:00:00,planned,Cloverdale - Mt. Union 138 kV Line 1
11122,L:10121:10188:138,2014-06-17 18:00:00,2014-06-21 18:00:00,planned,Yates Dam Substation - Germann 138 kV Circuit 1
15833,L:19255:19259:100,2014-06-12 18:00:00,2014-06-19 18:00:00,planned,Oulu - Upr 100 kV
11998,L:16489:16877:138,2014-06-18 18:00:00,2014-06-25 18:00:00,planned,Montrose - John Sevier 138 kV #2
8913,L:9079:9082:138,2014-06-15 18:00:00,2014-06-21 18:00:00,planned,Johnson Hill - Wagner Substation 138 kV Line 1
563,L:5245:5274:138,2014-06-14 18:00:00,2014-06-22 18:00:00,planned,Medford - Ashland City 138 kV line
806,L:5367:5372:345,2014-06-15 18:00:00,2014-06-16 18:00:00,planned,Paper - Laurel Ave 345 kV Cir. 1
2791,L:6179:6198:345,2014-06-13 18:00:00,2014-07-03 18:00:00,planned,Poston - Utica Junction Substation 345 kV Ckt 1
20029,L:23037:23042:100,2014-06-14 18:00:00,2014-07-03 18:00:00,planned,Stuttgart Ricuskey Substation - East 64Th St 100 kV Circuit 1
13690,L:18173:18181:138,2014-06-17 18:00:00,2014-06-30 18:00:00,planned,Glenn-Colusa Irrig - Cooper Nuclear Sta 138 kV #1
2696,L:6126:6133:138,2014-06-15 18:00:00,2014-07-03 18:00:00,planned,Palm Substation - High Hill 138 kV Ckt 1
580,L:5256:5941:138,2014-06-24 16:00:00,2014-06-27 16:00:00,planned,Levittown - Second Fork 138 kV Line 1
18694,L:21790:21791:100,2014-06-23 16:00:00,2014-07-08 16:00:00,planned,Cheyene - Vc Porterdale Hydroelectric 100 kV
18673,L:21778:21790:100,2014-07-02 16:00:00,2014-07-08 16:00:00,planned,Arden Hills - Cheyene 100 kV Ckt 1
15482,L:19078:19087:100,2014-06-25 16:00:00,2014-07-06 16:00:00,planned,Richard - Dilles Bottom 100 kV #1
18723,L:21834:22244:100,2014-06-29 16:00:00,2014-07-03 16:00:00,planned,Sacajawea - Aic 100 kV Ckt 1
13200,L:17903:17904:138,2014-06-27 16:00:00,2014-07-10 16:00:00,planned,Elliot Park - Shack Mills Sta 138 kV Cir. 1
3443,L:6489:6490:138,2014-06-24 16:00:00,2014-07-06 16:00:00,planned,Maple Ridge - Minn Vly 138 kV Ckt 1
632,L:5281:5323:138,2014-07-02 16:00:00,2014-07-17 16:00:00,planned,Dawson County - Bozeman S 138 kV
6926,L:8230:8239:138,2014-06-25 16:00:00,2014-07-09 16:00:00,planned,Drexel - Idaho Springs 138 kV #1
14363,L:18629:18630:138,2014-06-24 16:00:00,2014-06-29 16:00:00,planned,Las Pulgas - Loon Lake 138 kV Line
11173,L:10154:10157:138,2014-06-28 16:00:00,2014-07-10 16:00:00,planned,Elmer Smith - Plano 138 kV Line 1
7699,L:8493:8503:138,2014-07-01 16:00:00,2014-07-14 16:00:00,planned,Sparrows Pt - Amazon Mryland Dca1 138 kV Line 1
7829,L:8551:8552:138,2014-07-01 16:00:00,2014-07-17 16:00:00,planned,National Welders Ind - Hrlan Y 138 kV #1
6359,L:7911:8144:138,2014-06-23 16:00:00,2014-07-08 16:00:00,planned,Wascott - Wind Farm 138 kV Cir. 1
4083,L:6878:6899:138,2014-06-24 16:00:00,2014-07-13 16:00:00,planned,Ottawa - Woodlynne 138 kV Ckt 1
9786,L:9493:18117:345,2014-07-01 16:00:00,2014-07-04 16:00:00,planned,Modena - Clarkwild 345 kV Line
6817,L:8163:8169:138,2014-06-29 16:00:00,2014-07-07 16:00:00,planned,Stoddard - Kamwood 138 kV
13845,L:18266:18277:138,2014-06-26 16:00:00,2014-07-09 16:00:00,planned,Filbert - Mayville 138 kV
8817,L:9056:9085:345,2014-06-30 16:00:00,2014-07-17 16:00:00,planned,Krugrville - Jackson Mo 345 kV Line 1
7822,L:8544:8546:138,2014-06-23 16:00:00,2014-06-30 16:00:00,planned,Tovrea - Merchandise 138 kV Line 1
3667,L:6605:6632:138,2014-07-02 16:00:00,2014-07-15 16:00:00,planned,Del Bac Substation - Bradley Lake 138 kV #1
11026,L:10070:10291:345,2014-07-01 16:00:00,2014-07-04 16:00:00,planned,Corners - Idalia 345 kV
8406,L:8839:8895:138,2014-06-28 16:00:00,2014-06-29 16:00:00,planned,Havana - Tech Park 138 kV
15825,L:19245:19259:100,2014-06-23 16:00:00,2014-06-25 16:00:00,planned,Charles - Upr 100 kV Cir. 1
3782,L:6684:6685:138,2014-07-01 16:00:00,2014-07-19 16:00:00,planned,Basscreek - Nepco 138 kV line
16934,L:19722:19779:100,2014-07-01 16:00:00,2014-07-11 16:00:00,planned,Keith - Lester 100 kV
19597,L:22890:23466:100,2014-07-02 16:00:00,2014-07-07 16:00:00,planned,Esanger - Ce Turbo 100 kV Line
15266,L:18990:19348:230,2014-06-29 16:00:00,2014-07-09 16:00:00,planned,Lake Hodges - Blue Racer 230 kV Line 1
5909,L:7691:7692:138,2014-06-23 16:00:00,2014-07-09 16:00:00,planned,Meadow Lane - 56Th 138 kV Circuit 1
10629,L:9869:9873:138,2014-06-30 16:00:00,2014-07-08 16:00:00,planned,Riley - Corvallis 138 kV
14398,L:18655:18692:345,2014-06-23 16:00:00,2014-07-11 16:00:00,planned,State Line Combined Cycle - Chilliwick 345 kV line
6634,L:8061:8062:138,2014-07-01 16:00:00,2014-07-20 16:00:00,planned,Reenergy Ashland - Mcclain Energy Facility 138 kV #1
7519,L:8418:8482:138,2014-06-26 16:00:00,2014-07-05 16:00:00,planned,Davidson - Black Hills Power 138 kV Ckt 1
8043,L:8674:9070:138,2014-06-27 16:00:00,2014-07-13 16:00:00,planned,Brandywine Power Facility - Stateline 138 kV Ckt 1
15172,L:18946:19480:100,2014-06-28 16:00:00,2014-07-13 16:00:00,planned,Longview - Kirkwood 100 kV Cir. 1
6280,L:7870:8195:138,2014-06-23 16:00:00,2014-06-27 16:00:00,planned,Apple Inc - Mighoward 138 kV
1382,L:5633:5926:138,2014-06-24 16:00:00,2014-07-13 16:00:00,planned,St George Substation - Queensbury 138 kV
1252,L:5573:5820:138,2014-07-02 16:00:00,2014-07-21 16:00:00,planned,Nola - Destileri A Serralles Substation 138 kV Ckt 1
19583,L:22886:22887:230,2014-06-28 16:00:00,2014-07-14 16:00:00,planned,Burwell - Flax Hill 230 kV
4952,L:7192:7356:138,2014-08-27 18:00:00,2014-09-04 18:00:00,planned,West Riverside - Cargill 138 kV Cir. 1
5335,L:7402:8243:138,2014-08-25 18:00:00,2014-08-26 18:00:00,planned,Reno - Wasco 138 kV Cir. 1
15113,L:18920:18939:100,2014-08-21 18:00:00,2014-08-25 18:00:00,planned,Simms - Granite Falls 100 kV
4740,L:7139:8629:345,2014-08-24 18:00:00,2014-09-10 18:00:00,planned,Northwest Tap - Athens 345 kV
6778,L:8133:8151:138,2014-08-21 18:00:00,2014-08-31 18:00:00,planned,Marsh Fork - Attala 138 kV Circuit 1
15244,L:18979:19083:100,2014-08-25 18:00:00,2014-09-05 18:00:00,planned,Ne Irving - N Silver 100 kV
8512,L:8891:8910:138,2014-08-20 18:00:00,2014-09-06 18:00:00,planned,Sans Souci Substation - Kensington 138 kV line
9895,L:9570:16484:138,2014-08-22 18:00:00,2014-08-26 18:00:00,planned,Cumberland 2 - Bauxite 138 kV Cir. 1
5338,L:7403:7916:138,2014-08-21 18:00:00,2014-09-06 18:00:00,planned,Taloa Substation - Tenaska Westmoreland Generating Sta 138 kV
1236,L:5562:5932:138,2014-08-18 18:00:00,2014-08-19 18:00:00,planned,Milligan Substation - Marfa Alamito Crk 138 kV Line 1
1488,L:5681:5690:138,2014-08-18 18:00:00,2014-09-04 18:00:00,planned,Minden - Wynantskill 138 kV Circuit 1
15583,L:19131:19583:100,2014-08-19 18:00:00,2014-08-29 18:00:00,planned,Getchel - Telegraph Rd 100 kV
8612,L:8937:8939:138,2014-08-21 18:00:00,2014-09-01 18:00:00,planned,Cloverbank - Redwood City Substation 138 kV Circuit 3
6715,L:8093:8097:138,2014-08-25 18:00:00,2014-09-06 18:00:00,planned,Marshall St - Milford 138 kV Line
10554,L:9835:9836:138,2014-08-19 18:00:00,2014-09-06 18:00:00,planned,Gilboa - Rcine 138 kV Line 1
10972,L:10034:10045:138,2014-08-20 18:00:00,2014-09-08 18:00:00,planned,Moore St - Freestone 138 kV Cir. 1
9480,L:9330:9824:138,2014-08-27 18:00:00,2014-09-07 18:00:00,planned,Potash Jct - N Valley 138 kV
14418,L:18665:18677:138,2014-08-26 18:00:00,2014-09-15 18:00:00,planned,Baileysville - Mullensville 138 kV Cir. 1
3394,L:6463:7119:138,2014-08-25 18:00:00,2014-09-06 18:00:00,planned,Liberty Electric Power Plant - Griswald 138 kV L
16916,L:19712:20274:100,2014-08-25 18:00:00,2014-08-27 18:00:00,planned,Thomas Fitzhugh - Vanderbilt University Power Plant 100 kV #1
4313,L:7020:8152:138,2014-08-20 18:00:00,2014-08-29 18:00:00,planned,Stuart - Rankin 138 kV
984,L:5455:5470:138,2014-08-25 18:00:00,2014-08-27 18:00:00,planned,Airport - Lejeune 138 kV
10809,L:9947:9991:138,2014-08-20 18:00:00,2014-08-25 18:00:00,planned,Smallwood - Brookwood 138 kV Cir. 1
4251,L:6989:7154:138,2014-08-20 18:00:00,2014-09-05 18:00:00,planned,Locust Ridge Ii Llc - Grizzly 138 kV Circuit 1
14020,L:18371:18372:138,2014-08-22 18:00:00,2014-08-23 18:00:00,planned,Speedway - Coalinga 2 138 kV Cir. 1
18718,L:21810:22223:100,2014-08-25 18:00:00,2014-09-03 18:00:00,planned,Flaming Gorge Substation - Bruswick Nuclear Substation 100 kV #1
8647,L:8955:9889:138,2014-08-27 18:00:00,2014-09-05 18:00:00,planned,S Carlyle - Friona Rural 138 kV
4097,L:6885:6905:138,2014-08-18 18:00:00,2014-08-24 18:00:00,planned,Fox Lake Substation - Southwark 138 kV Line 1
6867,L:8204:18683:345,2014-08-18 18:00:00,2014-08-20 18:00:00,planned,Jim Hill - Bellingham Cogeneration Facility 345 kV Line 1
19664,L:22917:23051:100,2014-08-24 18:00:00,2014-08-31 18:00:00,planned,Chalk Hills Hy - Cochise 100 kV #1
17379,L:19901:19902:100,2014-08-25 18:00:00,2014-09-13 18:00:00,planned,Big Fish - Fostoria 100 kV Circuit 1
14969,L:18857:18872:100,2014-08-27 18:00:00,2014-09-08 18:00:00,planned,Central Ephrata Substation - Brodhead N 100 kV Line
3851,L:6720:6805:138,2014-08-27 18:00:00,2014-09-09 18:00:00,planned,Floral Ills - Belfast 138 kV
474,L:5212:5767:138,2014-08-21 18:00:00,2014-08-26 18:00:00,planned,Tweedy - Wine Crk Sta 138 kV Ckt 1
3089,L:6315:7151:138,2014-08-21 18:00:00,2014-09-07 18:00:00,planned,Union Carbide - Englewood 138 kV Cir. 1
11069,L:10098:10215:138,2014-08-24 18:00:00,2014-09-10 18:00:00,planned,Ruritn - Greenwich 138 kV Line 1
9912,L:9583:9586:138,2014-08-21 18:00:00,2014-09-03 18:00:00,planned,Philpott - Nogales 138 kV Circuit 1
13724,L:18193:18195:138,2014-08-27 18:00:00,2014-09-12 18:00:00,planned,Burley - Templeton 138 kV Circuit 1
15287,L:18999:19270:100,2014-08-21 18:00:00,2014-08-26 18:00:00,planned,Bellingham Substation - Cherokee County Cogen 100 kV Cir. 1
12775,L:17570:17860:345,2014-08-27 18:00:00,2014-09-15 18:00:00,planned,W Paintsville - Baker Substation 345 kV
17471,L:19947:19949:100,2014-08-26 18:00:00,2014-09-05 18:00:00,planned,White Bluff - Arvada 100 kV Line
19879,L:22987:23229:100,2014-08-22 18:00:00,2014-08-26 18:00:00,planned,Tollway - Greeley Substation 100 kV Cir. 1
4968,L:7196:7325:138,2014-08-20 18:00:00,2014-08-31 18:00:00,planned,Minette - Lake Agnes 138 kV Line 1
14606,L:18711:18717:100,2014-08-20 18:00:00,2014-08-23 18:00:00,planned,Spearman City - Moscw 100 kV Line
3244,L:6388:8103:345,2014-08-26 18:00:00,2014-08-27 18:00:00,planned,Priceville - Peoria 345 kV Circuit 1
371,L:5162:5199:138,2014-08-20 18:00:00,2014-08-24 18:00:00,planned,Hillcrest Solar - Jamacha Tap 138 kV Circuit 1
599,L:5265:5967:138,2014-08-19 18:00:00,2014-08-28 18:00:00,planned,Lawrence - Lawrence Sw 138 kV Line 1
6775,L:8130:8233:138,2014-08-18 18:00:00,2014-08-19 18:00:00,planned,Gm Alison - Three Peaks 138 kV Ckt 1
153,L:3197:5770:161,2014-08-22 18:00:00,2014-08-26 18:00:00,planned,Santan Substation - Snettisham 161 kV L
5533,L:7491:7496:138,2014-08-25 18:00:00,2014-09-14 18:00:00,planned,Kenowa - Prospect 138 kV Ckt 1
3157,L:6345:6405:138,2014-09-02 17:00:00,2014-09-10 17:00:00,planned,Grant - Wodmont 138 kV #1
17824,L:20114:20309:230,2014-09-01 17:00:00,2014-09-04 17:00:00,planned,Deerfield - Richland 230 kV #1
8401,L:8837:8884:138,2014-08-28 17:00:00,2014-08-31 17:00:00,planned,Beverlyfarms - Bells Mill Substation 138 kV
6794,L:8143:8248:138,2014-08-29 17:00:00,2014-09-14 17:00:00,planned,Whiterock - Herbster Dpc 138 kV #1
12098,L:16925:16926:138,2014-08-27 17:00:00,2014-09-10 17:00:00,planned,Sahtlam - Smi 138 kV Ckt 1
3951,L:6768:6936:138,2014-08-31 17:00:00,2014-09-03 17:00:00,planned,Robbie - Shellburn 138 kV Ckt 1
17165,L:19809:19811:100,2014-08-28 17:00:00,2014-08-29 17:00:00,planned,Fowles - Alford 100 kV Line 1
13027,L:17786:17787:138,2014-08-25 17:00:00,2014-09-05 17:00:00,planned,Rio Bravo - Siletz 138 kV
6508,L:7987:8250:138,2014-09-02 17:00:00,2014-09-15 17:00:00,planned,Rogers Lake - William F Matson Generating Sta 138 kV #1
9973,L:9617:9619:138,2014-08-31 17:00:00,2014-09-07 17:00:00,planned,Burtt Rd - Wylie 138 kV Cir. 1
13317,L:17969:18150:138,2014-08-26 17:00:00,2014-09-11 17:00:00,planned,Fix Substation - Circle Green 138 kV #1
7864,L:8574:8576:138,2014-08-28 17:00:00,2014-09-14 17:00:00,planned,Mount Washington - Barcelona 138 kV
14611,L:18713:19472:100,2014-08-28 17:00:00,2014-09-14 17:00:00,planned,Mount Horeb - Cajalco 100 kV #1
6117,L:7789:7821:138,2014-08-29 17:00:00,2014-09-11 17:00:00,planned,Brookhurst - Arpin 138 kV Line
4394,L:7067:7091:138,2014-08-29 17:00:00,2014-09-06 17:00:00,planned,P H Glatfelter - Trinity Bay 138 kV Line
15800,L:19233:19240:100,2014-09-01 17:00:00,2014-09-03 17:00:00,planned,Broken Bow - Florida'S Atural Growers 100 kV line
9645,L:9409:9495:138,2014-08-25 17:00:00,2014-08-31 17:00:00,planned,Mount Si - Meeker 138 kV Line 1
14671,L:18737:19352:100,2014-08-30 17:00:00,2014-09-10 17:00:00,planned,John Day 2 - Model City Energy Facility Substation 100 kV #1
5128,L:7259:7279:138,2014-08-27 17:00:00,2014-09-06 17:00:00,planned,Murder Crk - Zamora 138 kV
15991,L:19334:19347:100,2014-08-26 17:00:00,2014-09-11 17:00:00,planned,Caples - Zephyhills 100 kV Ckt 1
3489,L:6513:7133:345,2014-08-25 17:00:00,2014-08-31 17:00:00,planned,Market St - Eielson Afb Central Heat & Power Plant 345 kV
3339,L:6440:6733:138,2014-08-27 17:00:00,2014-08-30 17:00:00,planned,Cavanaugh - Lolita 138 kV Cir. 1
11002,L:10050:18207:138,2014-08-29 17:00:00,2014-09-04 17:00:00,planned,Leyndecker - Millville 138 kV Ckt 1
4272,L:6997:7145:138,2014-08-31 17:00:00,2014-09-15 17:00:00,planned,Sunbury - Placer 138 kV
13876,L:18289:18290:138,2014-09-02 17:00:00,2014-09-10 17:00:00,planned,Latrobe - Elk Creek 138 kV Circuit 1
9465,L:9325:9921:138,2014-08-27 17:00:00,2014-09-06 17:00:00,planned,Redbed Plains Wind Farm - Melones 138 kV Line 1
3639,L:6594:6618:138,2014-08-28 17:00:00,2014-09-05 17:00:00,planned,Fred H. Smith - Freeman 138 kV
8178,L:8718:9688:138,2014-09-01 17:00:00,2014-09-07 17:00:00,planned,Clarendon - Arlington 138 kV
1202,L:5551:5579:138,2014-09-01 17:00:00,2014-09-11 17:00:00,planned,Busch - Double Bridges 138 kV Ckt 1
15349,L:19027:19030:230,2014-08-27 17:00:00,2014-09-10 17:00:00,planned,Tulsa N 2 - Goethe-Mayhew 230 kV Line 1
18944,L:22225:22226:100,2014-08-26 17:00:00,2014-09-06 17:00:00,planned,West Hill - South Rtland 100 kV line
16531,L:19566:19575:500,2014-08-25 17:00:00,2014-09-03 17:00:00,planned,Gist Crk - Woodsdale 500 kV Cir. 1
19867,L:22984:22986:100,2014-08-27 17:00:00,2014-09-02 17:00:00,planned,Selle - Eastern Office 100 kV Line 1
2799,L:6183:6202:138,2014-08-31 17:00:00,2014-09-08 17:00:00,planned,Worthington - Buxmont 138 kV Line 1
10866,L:9972:9982:138,2014-09-01 17:00:00,2014-09-15 17:00:00,planned,Footville - Elmont 138 kV
3036,L:6291:6293:138,2014-09-01 17:00:00,2014-09-20 17:00:00,planned,Marana Tap - Bradford 138 kV Circuit 1
15296,L:19005:19073:100,2014-08-27 17:00:00,2014-09-16 17:00:00,planned,Millers Fery - Hawkins St 100 kV Ckt 1
16489,L:19557:19587:500,2014-08-27 17:00:00,2014-09-07 17:00:00,planned,Inyokern - Conesville Station 500 kV #1
7298,L:8318:8635:138,2014-08-28 17:00:00,2014-09-13 17:00:00,planned,Mt. Pleasant - Prides Corner 138 kV Ckt 1
20067,L:23056:23087:230,2014-08-25 17:00:00,2014-09-04 17:00:00,planned,Guilbeau Electric - N Cambridge 230 kV
18420,L:21274:21280:100,2014-09-01 17:00:00,2014-09-05 17:00:00,planned,Lake Mirror - Kearny 100 kV Cir. 1
16718,L:19610:19618:100,2014-08-31 17:00:00,2014-09-11 17:00:00,planned,Nathan - Cornell-Milwaukee 100 kV Ckt 1
7933,L:8621:8631:138,2014-08-28 17:00:00,2014-09-14 17:00:00,planned,Chiloquin Substation - Defrain 138 kV #1
9587,L:9382:9446:138,2014-08-31 17:00:00,2014-09-06 17:00:00,planned,Fieldale - Wta 138 kV L
18838,L:22019:22022:100,2014-08-30 17:00:00,2014-09-12 17:00:00,planned,Concord - Highway 123 100 kV
2463,L:6029:8620:138,2014-09-02 17:00:00,2014-09-03 17:00:00,planned,Ussc Substation - Cove Avenue 138 kV Line 1
1129,L:5521:6171:138,2014-08-24 17:00:00,2014-09-03 17:00:00,planned,Walnut - Falls Substation 138 kV
19541,L:22878:22901:100,2014-08-28 17:00:00,2014-09-06 17:00:00,planned,Fruit Industries - Getty Oil 100 kV Ckt 1
9768,L:9488:9676:138,2014-08-28 17:00:00,2014-09-02 17:00:00,planned,Kerr Dam - Batesville 138 kV
1017,L:5479:5480:138,2014-08-24 17:00:00,2014-09-03 17:00:00,planned,Shawsville - Glencliff 138 kV Cir. 1
1101,L:5512:5920:138,2014-08-27 17:00:00,2014-09-13 17:00:00,planned,New Barnesville - Patton Chapel 138 kV
15201,L:18959:18960:100,2014-08-26 17:00:00,2014-09-03 17:00:00,planned,Wauneta - Oconto Falls Upper 100 kV
15657,L:19170:19172:100,2014-08-28 17:00:00,2014-09-09 17:00:00,planned,Trebein - Greene 100 kV Circuit 1
5205,L:7299:7335:138,2014-08-30 17:00:00,2014-09-16 17:00:00,planned,Cartanza - Oakland 138 kV Circuit 1
14190,L:18494:18495:138,2014-10-07 20:00:00,2014-10-24 20:00:00,planned,North Batesville - Norwood 138 kV
10714,L:9910:9914:138,2014-10-13 20:00:00,2014-10-21 20:00:00,planned,South Miami - Franconia 138 kV Circuit 1
14000,L:18359:18668:138,2014-10-11 20:00:00,2014-10-24 20:00:00,planned,Greenback-Fairoaks - Taylorville S 138 kV Circuit 1
19869,L:22985:23016:100,2014-10-15 20:00:00,2014-10-23 20:00:00,planned,Chaffee Gas Recovery - Keelers 100 kV Line 1
14284,L:18561:18562:138,2014-10-15 20:00:00,2014-10-21 20:00:00,planned,Lcec No. 25 - N Edinburg 138 kV Ckt 1
10504,L:9810:9815:138,2014-10-06 20:00:00,2014-10-14 20:00:00,planned,Waldron - Mountain Lake 138 kV Line 1
4958,L:7193:18698:345,2014-10-14 20:00:00,2014-10-30 20:00:00,planned,Syl Laskin - Kamer 345 kV #1
7350,L:8342:8347:138,2014-10-06 20:00:00,2014-10-24 20:00:00,planned,Eden - Silver Side Road 138 kV
13717,L:18189:18583:138,2014-10-08 20:00:00,2014-10-24 20:00:00,planned,Kelly 3 - Gainesville Renewable Energy Center 138 kV
15435,L:19060:19105:100,2014-10-15 20:00:00,2014-10-24 20:00:00,planned,Ironwood - Vallejo B 100 kV
8689,L:8987:8992:138,2014-10-10 20:00:00,2014-10-13 20:00:00,planned,Roosevelt - Crater 138 kV Ckt 1
7606,L:8457:8458:138,2014-10-07 20:00:00,2014-10-08 20:00:00,planned,Waugh Chapel - Horno 138 kV Cir. 1
19417,L:22849:22900:100,2014-10-14 20:00:00,2014-10-31 20:00:00,planned,Moreno Tap - Lamping Sta 100 kV Cir. 1
2960,L:6254:7110:138,2014-10-13 20:00:00,2014-10-16 20:00:00,planned,Scarcello Substation - Mengercrk 138 kV
19689,L:22926:23492:100,2014-10-06 20:00:00,2014-10-24 20:00:00,planned,Los Esteros - Nw Term 100 kV Cir. 1
15099,L:18915:18917:100,2014-10-08 20:00:00,2014-10-16 20:00:00,planned,Sila Ray - Ballinger Humble Pump Exxon 100 kV #1
4409,L:7076:7080:138,2014-10-11 20:00:00,2014-10-30 20:00:00,planned,Northfield - Hinton 138 kV
4227,L:6974:6977:138,2014-10-09 20:00:00,2014-10-19 20:00:00,planned,Shelline - Compo 138 kV Line 1
7487,L:8404:18388:138,2014-10-07 20:00:00,2014-10-14 20:00:00,planned,Tecuya - Royalton 138 kV
17852,L:20142:20148:100,2014-10-08 20:00:00,2014-10-12 20:00:00,planned,Cahullia - Canas Tc Substation 100 kV
14809,L:18799:19591:100,2014-10-11 20:00:00,2014-10-14 20:00:00,planned,Harmon - Hamilton Peaking 100 kV
19868,L:22984:23065:100,2014-10-13 20:00:00,2014-10-15 20:00:00,planned,Selle - Presque Isle Sta 100 kV Circuit 1
14283,L:18560:18562:138,2014-10-06 20:00:00,2014-10-23 20:00:00,planned,Pingston - Lcec No. 25 Substation 138 kV
620,L:5276:7156:138,2014-10-14 20:00:00,2014-10-30 20:00:00,planned,Croydon - Holcomb 138 kV L
7599,L:8451:8585:138,2014-10-09 20:00:00,2014-10-24 20:00:00,planned,Potholes - Bankhead Dam 138 kV #1
12766,L:17567:17568:138,2014-10-11 20:00:00,2014-10-12 20:00:00,planned,Corson Sta - Trashers 138 kV Cir. 1
1901,L:5896:5930:345,2014-10-09 20:00:00,2014-10-11 20:00:00,planned,Tilcon - Tulare 345 kV Line 1
1128,L:5521:6167:138,2014-10-15 20:00:00,2014-10-30 20:00:00,planned,Walnut - Mcdowell 138 kV Ckt 1
2556,L:6065:6533:345,2014-11-14 19:00:00,2014-11-20 19:00:00,planned,Carl Bailey - Eagle Substation 345 kV Line 1
1053,L:5492:5594:138,2014-11-16 19:00:00,2014-12-06 19:00:00,planned,Engle-Eastern - Ampor 138 kV line
1155,L:5532:6153:138,2014-11-10 19:00:00,2014-11-12 19:00:00,planned,Lutesville - Hf Lee Plant 138 kV
10447,L:9779:9781:138,2014-11-12 19:00:00,2014-11-14 19:00:00,planned,Harrowgate - Harvell 138 kV
6859,L:8193:8198:138,2014-11-10 19:00:00,2014-11-30 19:00:00,planned,Cwlitz - Ft Gibson 138 kV
2753,L:6157:6200:345,2014-11-10 19:00:00,2014-11-21 19:00:00,planned,Warrington - Forest City Lightplant Substation 345 kV Ckt 1
898,L:5406:5420:138,2014-11-13 19:00:00,2014-11-15 19:00:00,planned,W Kelso - N Plains Substation 138 kV Circuit 1
8392,L:8833:8959:138,2014-11-15 19:00:00,2014-11-27 19:00:00,planned,Beltsille - Geismar Cogen 138 kV
1148,L:5529:5534:138,2014-11-10 19:00:00,2014-11-13 19:00:00,planned,Langley - Revelstoke Substation 138 kV line
10483,L:9798:9800:138,2014-11-16 19:00:00,2014-12-06 19:00:00,planned,Ensign Wind Llc - Andrews 138 kV Ckt 1
10323,L:9734:10183:138,2014-11-11 19:00:00,2014-11-26 19:00:00,planned,Fredericksburg Substation - Backfoot 138 kV
15504,L:19090:19536:100,2014-11-15 19:00:00,2014-11-28 19:00:00,planned,Dodge Park Engine No 1 - Talpa 100 kV
6404,L:7932:7938:138,2014-11-17 19:00:00,2014-11-25 19:00:00,planned,Fayetteville - Grand Pt 138 kV Circuit 1
13683,L:18170:18315:138,2014-11-16 19:00:00,2014-11-19 19:00:00,planned,Killeen - N Albertville 138 kV #1
2967,L:6258:6300:138,2014-11-09 19:00:00,2014-11-12 19:00:00,planned,Lake June Pump - W Brookfield 138 kV Cir. 1
13161,L:17882:18506:138,2014-11-12 19:00:00,2014-11-17 19:00:00,planned,Arch Crk - Cape Coral 138 kV
19370,L:22842:23005:100,2014-11-11 19:00:00,2014-11-15 19:00:00,planned,Cuba City South - Moize Creek 100 kV Ckt 1
7704,L:8496:8817:138,2014-11-15 19:00:00,2014-11-24 19:00:00,planned,Hunters Pt - Hacienda Las Carolinas 138 kV
2627,L:6093:6099:138,2014-11-14 19:00:00,2014-12-03 19:00:00,planned,Woodland - Pilot Knob Substation 138 kV Cir. 1
14118,L:18438:18445:138,2014-11-12 19:00:00,2014-11-13 19:00:00,planned,Fishers Rd - Ecoelectrica 138 kV
7858,L:8573:8586:138,2014-11-15 19:00:00,2014-12-03 19:00:00,planned,Purewater - East Owson 138 kV
1199,L:5551:5571:138,2014-11-12 19:00:00,2014-11-18 19:00:00,planned,Busch - Sayreville Cogeneration Facility 138 kV Ckt 1
17877,L:20153:20170:100,2014-11-17 19:00:00,2014-12-07 19:00:00,planned,Shady Grove - Mcintosh Al 100 kV Cir. 1
8364,L:8823:8866:138,2014-11-13 19:00:00,2014-11-25 19:00:00,planned,St Crispin - Pomerado 138 kV Circuit 1
19292,L:22823:22824:100,2014-11-17 19:00:00,2014-11-20 19:00:00,planned,Rock Rapids - Acec Spring Lake 100 kV Cir. 1
9604,L:9390:17896:138,2014-11-10 19:00:00,2014-11-11 19:00:00,planned,Thurlow Dam - Greens Bayou 69 138 kV
667,L:5296:6858:138,2014-11-10 19:00:00,2014-11-26 19:00:00,planned,Virginia Key - Muray Substation 138 kV Ckt 1
15004,L:18872:19581:100,2014-11-11 19:00:00,2014-11-22 19:00:00,planned,Brodhead N - Big Shanty 100 kV
15450,L:19064:19105:100,2014-11-15 19:00:00,2014-11-20 19:00:00,planned,Greg Stbella Vista - Vallejo B 100 kV Line 1
20737,L:23347:23351:100,2014-11-13 19:00:00,2014-12-02 19:00:00,planned,Cromo - Horne Payne 100 kV L
10493,L:9803:9815:138,2014-11-18 19:00:00,2014-11-26 19:00:00,planned,Edina - Waldron 138 kV #1
7365,L:8348:8390:138,2014-11-17 19:00:00,2014-12-03 19:00:00,planned,Delaware City Plant - Red Lion Energy Ctr 138 kV
7031,L:8256:8276:345,2014-11-13 19:00:00,2014-11-29 19:00:00,planned,Granada - Victoria Tc 7001-7007-7008 345 kV L
3615,L:6582:6584:138,2014-11-11 19:00:00,2014-11-19 19:00:00,planned,Rock-Tenn Mill - Chemawa 138 kV
6484,L:7975:18632:138,2014-11-14 19:00:00,2014-12-02 19:00:00,planned,Scranton - Bourne 138 kV Line 1
12672,L:17387:17388:138,2014-11-16 19:00:00,2014-12-06 19:00:00,planned,Webb - Acacia 138 kV Ckt 1
1284,L:5592:5816:138,2014-11-15 19:00:00,2014-12-04 19:00:00,planned,Brownlee - Manchaca 138 kV
2736,L:6149:6199:138,2014-11-15 19:00:00,2014-12-03 19:00:00,planned,Pelton Substation - Wolcott Substation 138 kV
17500,L:19961:19963:100,2014-11-17 19:00:00,2014-11-25 19:00:00,planned,Abbe - Bellows Falls 100 kV #1
15266,L:18990:19348:230,2014-11-11 19:00:00,2014-11-15 19:00:00,planned,Lake Hodges - Blue Racer Substation 230 kV Line 1
12230,L:16998:19258:138,2014-11-17 19:00:00,2014-11-27 19:00:00,planned,Bedford - P & W Aircraft 138 kV Cir. 1
6908,L:8221:8230:138,2014-11-15 19:00:00,2014-11-29 19:00:00,planned,Frederic Diesel - Idaho Springs 138 kV L
11306,L:10242:10247:138,2014-11-16 19:00:00,2014-11-27 19:00:00,planned,Cherry - Virginia Beach 138 kV Ckt 1
20103,L:23076:23140:100,2014-11-16 19:00:00,2014-11-17 19:00:00,planned,Pleasant Hill - Rapides 100 kV Cir. 1
1870,L:5891:8337:138,2014-11-09 19:00:00,2014-11-12 19:00:00,planned,Dist 1000 - Wellman 138 kV #1
984,L:5455:5470:138,2014-11-12 19:00:00,2014-11-16 19:00:00,planned,Airport - Lejeune 138 kV #1
8107,L:8696:8702:138,2014-11-15 19:00:00,2014-11-22 19:00:00,planned,Grinding - Pepco 117 138 kV
11105,L:10112:10115:138,2014-11-14 19:00:00,2014-11-23 19:00:00,planned,Cherrydale Solar Power Facility - Jolly Hill Substation 138 kV Cir. 1
2883,L:6222:6724:138,2014-11-18 19:00:00,2014-11-29 19:00:00,planned,New Hanover County Wastec - Winder 138 kV Line
19375,L:22843:23070:100,2014-11-09 19:00:00,2014-11-16 19:00:00,planned,Harllee Branch - N Troy 100 kV Circuit 1
17859,L:20145:20166:100,2014-11-16 19:00:00,2014-11-20 19:00:00,planned,Charity Rotch - Katella 100 kV Cir. 1
11375,L:10269:10286:138,2014-11-09 19:00:00,2014-11-24 19:00:00,planned,Pilar - Chesapeake Energy Ctr 138 kV
3901,L:6747:6926:138,2014-11-12 19:00:00,2014-11-14 19:00:00,planned,Tarlett - Wakarusa 138 kV Ckt 1
20019,L:23035:23088:100,2014-11-18 19:00:00,2014-11-30 19:00:00,planned,Tinley Park - Memphis Jct 100 kV Line 2
16870,L:19685:19701:230,2014-11-10 19:00:00,2014-11-19 19:00:00,planned,Leetonia - N. Haven 230 kV Ckt 1
312,L:5133:5146:138,2014-11-18 19:00:00,2014-12-06 19:00:00,planned,Bedford Rural - Cuero 138 kV Circuit 1
6536,L:8006:8008:138,2014-11-13 19:00:00,2014-11-19 19:00:00,planned,Vitulli - Lowndes 138 kV Cir. 1
13586,L:18109:18461:138,2014-11-16 19:00:00,2014-11-30 19:00:00,planned,San Lorenzo 3301 - Andrew Square 138 kV Line 1
961,L:5441:5465:138,2014-11-09 19:00:00,2014-11-15 19:00:00,planned,Aqueduct Substation - Carlstadt 138 kV Ckt 1
969,L:5447:5934:138,2014-11-16 19:00:00,2014-12-04 19:00:00,planned,Candelaria Arenas 1718 - Acec Friendship 138 kV Line 1
19476,L:22868:23518:100,2014-11-11 19:00:00,2014-11-18 19:00:00,planned,Wommack - Progress Energy Clermont 100 kV
17635,L:20022:20227:100,2014-11-11 19:00:00,2014-11-21 19:00:00,planned,Windham - Gas Turbine Ia 100 kV L
8752,L:9019:9021:138,2014-11-17 19:00:00,2014-12-05 19:00:00,planned,Jollyville - East Hagerstown 138 kV Line 1
9890,L:9568:16479:138,2014-12-01 18:00:00,2014-12-03 18:00:00,planned,Donaldson Crk - Yanke 138 kV Ckt 1
6778,L:8133:8151:138,2014-12-08 18:00:00,2014-12-09 18:00:00,planned,Marsh Fork - Attala 138 kV Circuit 1
13006,L:17767:17770:138,2014-11-30 18:00:00,2014-12-07 18:00:00,planned,East Kingston - W Aamsville 138 kV Circuit 1
2776,L:6168:6867:138,2014-12-03 18:00:00,2014-12-13 18:00:00,planned,Elm Crk - Miramar 138 kV Line 2
17078,L:19775:19813:100,2014-11-30 18:00:00,2014-12-15 18:00:00,planned,Glendale South Tap 5 - Golflinks 100 kV Cir. 1
14775,L:18787:19515:100,2014-12-03 18:00:00,2014-12-07 18:00:00,planned,Priest River Substation - Fern Hill 100 kV #1
4739,L:7139:8552:138,2014-11-29 18:00:00,2014-12-06 18:00:00,planned,Northwest Tap - Harlan Y 138 kV Ckt 1
15391,L:19046:19469:100,2014-12-08 18:00:00,2014-12-25 18:00:00,planned,Atlanta - Calhoun City 100 kV Circuit 1
7513,L:8414:8449:138,2014-11-29 18:00:00,2014-12-01 18:00:00,planned,Gulf Breeze - San Angelo Jackson Street 138 kV Circuit 1
8687,L:8986:8993:138,2014-12-01 18:00:00,2014-12-07 18:00:00,planned,Malin - Carpenter Hill 138 kV #1
21223,L:23505:23508:500,2014-12-08 18:00:00,2014-12-28 18:00:00,planned,University Park N - Dresden Generating Station 500 kV Cir. 1
7392,L:8364:8365:138,2014-12-07 18:00:00,2014-12-25 18:00:00,planned,Angola - Robinsonville 138 kV Circuit 1
3949,L:6767:6768:138,2014-11-30 18:00:00,2014-12-11 18:00:00,planned,Shellburn - Victor 138 kV Circuit 1
14115,L:18437:18441:138,2014-12-06 18:00:00,2014-12-11 18:00:00,planned,Jones Street - Katonah 138 kV Ckt 1
7572,L:8442:8818:138,2014-12-07 18:00:00,2014-12-12 18:00:00,planned,East Substation - Lake Charles Polymers 138 kV line
11129,L:10123:10125:138,2014-12-02 18:00:00,2014-12-14 18:00:00,planned,Cal City - Shipyard 138 kV Circuit 1
20053,L:23048:23089:100,2014-11-30 18:00:00,2014-12-15 18:00:00,planned,Stauffer Substation - Jeffersonville Kentucky Avenue 100 kV Circuit 1
15719,L:19199:19204:100,2014-12-03 18:00:00,2014-12-17 18:00:00,planned,Walnut City - California Ave 100 kV
6837,L:8178:8197:138,2014-11-30 18:00:00,2014-12-01 18:00:00,planned,Ripple - Crane 138 kV #1
20577,L:23278:23300:100,2014-12-03 18:00:00,2014-12-13 18:00:00,planned,Libertyville - Delgen 100 kV
6343,L:7898:8280:138,2014-12-08 18:00:00,2014-12-14 18:00:00,planned,Ronco - Toro Negro 2 9901 138 kV Cir. 1
13440,L:18030:18036:138,2014-12-04 18:00:00,2014-12-19 18:00:00,planned,Mackinac - Kcp&L Smartgrid Innovation Park 138 kV Circuit 1
11283,L:10229:10236:138,2014-11-30 18:00:00,2014-12-14 18:00:00,planned,Weed Junction - National 138 kV Circuit 1
3475,L:6508:6520:138,2014-12-03 18:00:00,2014-12-14 18:00:00,planned,Ronkonkoma - Recway 138 kV Line
10252,L:9694:9703:138,2014-12-07 18:00:00,2014-12-21 18:00:00,planned,Deepcreek - Annandale 138 kV Line 1
9623,L:9398:9399:138,2014-12-04 18:00:00,2014-12-17 18:00:00,planned,Hanger - Chaparral 138 kV Cir. 1
8512,L:8891:8910:138,2014-12-08 18:00:00,2014-12-18 18:00:00,planned,Kensington - Sans Souci 138 kV Circuit 2
9857,L:9546:9575:138,2014-12-02 18:00:00,2014-12-05 18:00:00,planned,Upper Mechanicville - Sweetwater 138 kV Line 1
6816,L:8160:8255:345,2014-12-08 18:00:00,2014-12-20 18:00:00,planned,Scrubgrass Generating Plant - Douglas 345 kV Ckt 1
8246,L:8751:10052:138,2014-12-05 18:00:00,2014-12-07 18:00:00,planned,Knox-Florin - Lovettsville 138 kV Line
6230,L:7840:7845:138,2014-12-03 18:00:00,2014-12-23 18:00:00,planned,Universal Studios Studio Master - Hastings 138 kV #1
20553,L:23266:23268:100,2014-12-03 18:00:00,2014-12-07 18:00:00,planned,Gavilan Peak - Plano 2 Substation 100 kV
19861,L:22982:23095:230,2014-12-02 18:00:00,2014-12-11 18:00:00,planned,San Andres - Commonwealth Edison Des Plaines 230 kV #1
17828,L:20119:20268:100,2014-12-06 18:00:00,2014-12-15 18:00:00,planned,W Mount Vernon - Strawon 100 kV Line
2735,L:6149:6177:138,2014-12-04 18:00:00,2014-12-19 18:00:00,planned,Mckee - Wolcott 138 kV Line
14729,L:18760:18762:100,2014-12-02 18:00:00,2014-12-19 18:00:00,planned,Ryegate Power Station - Honeyville 100 kV Line 1
17240,L:19842:20135:100,2014-12-07 18:00:00,2014-12-08 18:00:00,planned,Christmas Vly - Harkness 100 kV Cir. 1
2946,L:6249:6282:138,2014-12-02 18:00:00,2014-12-08 18:00:00,planned,Primm Substation - Joes 138 kV Line 1
5433,L:7444:7689:138,2014-12-03 18:00:00,2014-12-16 18:00:00,planned,Georgetown - Allegheny Hydro No 9 138 kV Cir. 1
7567,L:8439:8449:138,2014-11-29 18:00:00,2014-12-09 18:00:00,planned,Glf Breeze Substation - San Simeon-Stefano 138 kV Ckt 1
15508,L:19092:19536:100,2014-12-01 18:00:00,2014-12-16 18:00:00,planned,Reaver - Dodge Park Engine No 1 100 kV
7854,L:8571:8577:138,2014-11-30 18:00:00,2014-12-17 18:00:00,planned,Coldspring - Lilac 138 kV Ckt 1
19231,L:22792:22796:100,2014-12-02 18:00:00,2014-12-09 18:00:00,planned,Wheelabrator Saugus - Tompkinsville Ps 100 kV Circuit 1
12067,L:16913:16914:138,2014-12-03 18:00:00,2014-12-06 18:00:00,planned,Inskip - Smithtool 138 kV Circuit 1
9798,L:9504:9701:138,2014-12-04 18:00:00,2014-12-08 18:00:00,planned,Jetersville - Willamina 138 kV #1
10771,L:9934:9935:138,2014-11-29 18:00:00,2014-12-16 18:00:00,planned,Plumas Sierra Rea - Mears Corners 138 kV Ckt 1
13004,L:17764:17765:138,2014-12-03 18:00:00,2014-12-05 18:00:00,planned,Batavia Power Plant Substation - Tarzanastation U 138 kV #1
919,L:5413:5419:138,2014-12-05 18:00:00,2014-12-13 18:00:00,planned,Tomac - Henning 138 kV Ckt 1
3392,L:6463:6948:138,2014-12-05 18:00:00,2014-12-08 18:00:00,planned,Liberty Electric Power Plat - Morton 138 kV Circuit 1
14735,L:18765:18766:100,2014-12-08 18:00:00,2014-12-10 18:00:00,planned,Villa Terrace Wrec - White Springs 100 kV Line
5349,L:7409:7442:138,2014-12-04 18:00:00,2014-12-17 18:00:00,planned,800900 Network - Sacheen 138 kV Cir. 1
7565,L:8437:8823:138,2014-12-07 18:00:00,2014-12-18 18:00:00,planned,14Th Street - St Crispin 138 kV
9751,L:9479:9826:138,2014-12-03 18:00:00,2014-12-06 18:00:00,planned,Harmony Hills Substation - Imperial Vly 138 kV Line 1
19036,L:22394:22398:100,2014-12-08 18:00:00,2014-12-10 18:00:00,planned,Winterset - San Felipe 100 kV Circuit 1
19891,L:22989:23015:100,2014-11-29 18:00:00,2014-12-17 18:00:00,planned,Scot - Itasca 100 kV Ckt 2
14922,L:18843:19576:500,2014-12-07 18:00:00,2014-12-21 18:00:00,planned,Wagley Robertson - Larson Street 500 kV Line 1
19373,L:22843:23004:100,2014-12-07 18:00:00,2014-12-27 18:00:00,planned,North Troy - Skokie 2 100 kV Line 1
17812,L:20104:20201:100,2014-11-30 18:00:00,2014-12-17 18:00:00,planned,Hanna - Tibbits 100 kV Cir. 1
6839,L:8180:17964:138,2014-11-30 18:00:00,2014-12-17 18:00:00,planned,Lst Horizon - Carlsbad Waterfield 138 kV
15062,L:18895:19515:100,2014-12-08 18:00:00,2014-12-16 18:00:00,planned,Foster - Fern Hill 100 kV #1
14871,L:18826:18829:100,2014-12-04 18:00:00,2014-12-18 18:00:00,planned,Carrollton Substation - Domhill 100 kV Circuit 1
17022,L:19746:19774:100,2014-11-29 18:00:00,2014-12-04 18:00:00,planned,Jarvis - Blue Raine 100 kV
13153,L:17878:17880:138,2014-12-03 18:00:00,2014-12-11 18:00:00,planned,Gaines Co - San Angelo Red Crk Substation 138 kV Ckt 1
20531,L:23261:23262:100,2014-12-05 18:00:00,2014-12-25 18:00:00,planned,Reid Gardner - Rancho Seco Substation 100 kV #3
10218,L:9679:10283:138,2014-12-07 18:00:00,2014-12-26 18:00:00,planned,Oyehut - Commonwealth Chesapeake 138 kV
3044,L:6297:8354:138,2015-01-01 19:00:00,2015-01-20 19:00:00,planned,S Whitehall - Menaul Tap 138 kV Line
17154,L:19805:19820:100,2015-01-06 19:00:00,2015-01-07 19:00:00,planned,West Richfield - Brush 100 kV Line 1
1276,L:5587:5650:138,2015-01-03 19:00:00,2015-01-23 19:00:00,planned,Industrial Way - San Andreas Tap Substation 138 kV Ckt 1
20447,L:23216:23350:100,2015-01-04 19:00:00,2015-01-19 19:00:00,planned,Sequoyah - Sprintbrook 100 kV line
15029,L:18885:18888:100,2015-01-01 19:00:00,2015-01-21 19:00:00,planned,Golden Sands - Rosendale 100 kV Cir. 1
9849,L:9540:9542:138,2014-12-30 19:00:00,2015-01-07 19:00:00,planned,Shute - Roanoke 138 kV Circuit 1
16016,L:19344:19346:100,2015-01-06 19:00:00,2015-01-13 19:00:00,planned,Larsen Memorial - St. Lawrence 100 kV Line
17747,L:20083:20304:100,2015-01-01 19:00:00,2015-01-21 19:00:00,planned,Haviland - Scituate 100 kV
15158,L:18939:19191:100,2015-01-06 19:00:00,2015-01-23 19:00:00,planned,Granite Falls - Orange Riv 100 kV Line 1
11977,L:16481:16483:138,2015-01-03 19:00:00,2015-01-10 19:00:00,planned,Pine Rdge - E Millinocket Mill 138 kV Circuit 2
17426,L:19922:19930:100,2015-01-04 19:00:00,2015-01-24 19:00:00,planned,Fort - Hell Gate 100 kV Cir. 2
9167,L:9168:9195:138,2015-01-02 19:00:00,2015-01-18 19:00:00,planned,Hermanas Davila 1705 - Miners 138 kV
20460,L:23222:23245:100,2014-12-31 19:00:00,2015-01-08 19:00:00,planned,Drum - Imhoff Tap 1 100 kV
19721,L:22936:22950:100,2015-01-03 19:00:00,2015-01-09 19:00:00,planned,Uruhart - Sky Lake 100 kV #1
10551,L:9833:10211:138,2015-01-01 19:00:00,2015-01-04 19:00:00,planned,High Springs - C-Fair 138 kV Ckt 1
6016,L:7739:7854:138,2015-01-04 19:00:00,2015-01-21 19:00:00,planned,Three Points - Erie W 138 kV Line 1
5741,L:7591:7662:138,2015-01-01 19:00:00,2015-01-13 19:00:00,planned,Eel Weir - Elk Plain 138 kV
15139,L:18929:18937:100,2015-01-03 19:00:00,2015-01-17 19:00:00,planned,Eklutna - Kimball Road 100 kV Circuit 1
8434,L:8845:8854:138,2015-01-06 19:00:00,2015-01-21 19:00:00,planned,Rockville - Lower Middlebury 138 kV L
10504,L:9810:9815:138,2015-01-01 19:00:00,2015-01-13 19:00:00,planned,Mtn Lake - Waldron 138 kV #1
19921,L:23005:23446:500,2014-12-31 19:00:00,2015-01-07 19:00:00,planned,Moize Creek - Elgin Energy Center Llc 500 kV Cir. 1
20162,L:23102:23103:100,2015-01-06 19:00:00,2015-01-18 19:00:00,planned,Rio Grande City Substation - Sponge 100 kV
2530,L:6052:6054:138,2015-01-05 19:00:00,2015-01-11 19:00:00,planned,Folsom Prison - Overton 138 kV #1
16267,L:19494:19498:100,2015-01-07 19:00:00,2015-01-12 19:00:00,planned,Certainteed - Pine Island 100 kV
17306,L:19870:20208:100,2015-01-06 19:00:00,2015-01-23 19:00:00,planned,Norfolk - Maxwell 100 kV
3127,L:6332:6820:138,2015-01-05 19:00:00,2015-01-17 19:00:00,planned,Evergreen Tap 2 - Menton 138 kV L
1434,L:5663:5665:138,2015-01-01 19:00:00,2015-01-10 19:00:00,planned,Magnoia - Linde 138 kV
772,L:5355:5379:138,2015-01-01 19:00:00,2015-01-19 19:00:00,planned,Abbott - Dower Substation 138 kV #1
11259,L:10215:10218:138,2015-01-01 19:00:00,2015-01-04 19:00:00,planned,Greenwich Substation - Davis Substation 138 kV #1
12341,L:17056:17714:138,2015-01-01 19:00:00,2015-01-11 19:00:00,planned,Iron Mt - Happy Canyon 138 kV Cir. 1
10556,L:9838:10025:138,2014-12-30 19:00:00,2015-01-07 19:00:00,planned,Santee - Mackay 138 kV Line 1
9285,L:9234:9408:138,2015-01-01 19:00:00,2015-01-14 19:00:00,planned,Greater Detroit Resource Recovery - S Texa 138 kV Ckt 1
1336,L:5613:5896:345,2015-01-07 19:00:00,2015-01-13 19:00:00,planned,San Justo - Tilcon 345 kV Cir. 1
11129,L:10123:10125:138,2015-01-04 19:00:00,2015-01-17 19:00:00,planned,Shipyard - Cal City 138 kV Cir. 1
6378,L:7922:8280:345,2015-01-05 19:00:00,2015-01-07 19:00:00,planned,Gratigny - Ronco 345 kV Ckt 1
10604,L:9859:9878:138,2015-01-01 19:00:00,2015-01-15 19:00:00,planned,Sideburn - Keene Mill 138 kV Cir. 1
8281,L:8775:9057:138,2015-01-03 19:00:00,2015-01-12 19:00:00,planned,Rocky Ford - Perryman 138 kV Ckt 1
11071,L:10099:10304:138,2015-01-06 19:00:00,2015-01-07 19:00:00,planned,S Bellevue - Lake Kingman 138 kV #1
5239,L:7324:7371:138,2015-01-05 19:00:00,2015-01-14 19:00:00,planned,Danz Ave Sw Sta - Cabinet Gorge 138 kV
13353,L:17984:18622:138,2015-01-01 19:00:00,2015-01-04 19:00:00,planned,Mtn Springs - Glennville 138 kV Line 1
14360,L:18626:18629:138,2015-01-02 19:00:00,2015-01-03 19:00:00,planned,Alger - Las Pulgas 138 kV
8008,L:8663:8682:138,2014-12-30 19:00:00,2015-01-04 19:00:00,planned,Lake Platte - Culleoka 138 kV #1
381,L:5166:5457:138,2014-12-29 19:00:00,2015-01-09 19:00:00,planned,Far Rockaway - Greers Ferry 138 kV line
13492,L:18056:18531:138,2015-01-05 19:00:00,2015-01-22 19:00:00,planned,Gladeview - Bradley 138 kV Line
5972,L:7717:7719:138,2015-01-03 19:00:00,2015-01-23 19:00:00,planned,Churchs Ferry - Antelope 138 kV
15639,L:19160:19185:100,2015-01-01 19:00:00,2015-01-21 19:00:00,planned,Sub 19160 - Guernsey 100 kV #1
12930,L:17697:17698:138,2015-01-05 19:00:00,2015-01-12 19:00:00,planned,Calistoga 199 - Leake 138 kV #1
6884,L:8213:8226:138,2014-12-29 19:00:00,2015-01-02 19:00:00,planned,Pacific Ethanol - Hesperia 138 kV
6600,L:8043:8050:138,2014-12-29 19:00:00,2015-01-16 19:00:00,planned,Bonnie Nook - Lwellville 138 kV line
15680,L:19179:19569:230,2015-01-03 19:00:00,2015-01-08 19:00:00,planned,Sugar Creek - Wingate Substation 230 kV
17258,L:19850:20072:100,2015-01-04 19:00:00,2015-01-21 19:00:00,planned,Castalia - Clear Crossing 100 kV
1450,L:5671:5704:500,2015-01-03 19:00:00,2015-01-14 19:00:00,planned,Roy Substation - Needham 500 kV Circuit 1
19298,L:22826:23178:100,2015-01-06 19:00:00,2015-01-07 19:00:00,planned,Alire Pnm - Dodge Junction Substation 100 kV Line
12019,L:16813:16815:138,2015-01-03 19:00:00,2015-01-21 19:00:00,planned,King City - Boone Dam 138 kV Cir. 1
12967,L:17734:17736:138,2014-12-30 19:00:00,2015-01-10 19:00:00,planned,Butts Substation - Allings Crossing 138 kV line
5006,L:7211:7380:138,2014-12-31 19:00:00,2015-01-03 19:00:00,planned,Crescent - Tonopah 138 kV #1
17975,L:20220:20310:100,2015-01-02 19:00:00,2015-01-10 19:00:00,planned,Meander Substation - Black Ranch 100 kV Ckt 1
10886,L:9980:10276:138,2014-12-31 19:00:00,2015-01-01 19:00:00,planned,Denny Terrace - Arriba 138 kV Line 1
14961,L:18854:18856:100,2015-01-04 19:00:00,2015-01-07 19:00:00,planned,E Marysville - Sugarloaf 100 kV Ckt 1
19085,L:22590:22594:100,2014-12-30 19:00:00,2014-12-31 19:00:00,planned,Factor 1 8011 Substation - Rittenhouse Tap 2 100 kV Line 2
18874,L:22032:22584:230,2015-01-03 19:00:00,2015-01-08 19:00:00,planned,University Substation - Locust 230 kV Line 1
11982,L:16482:16813:138,2015-01-03 19:00:00,2015-01-22 19:00:00,planned,Bertwood - King City 138 kV #2
20197,L:23112:23524:100,2015-01-01 19:00:00,2015-01-16 19:00:00,planned,Wells St - Haines 100 kV #1
14117,L:18438:18442:138,2015-01-01 19:00:00,2015-01-03 19:00:00,planned,Svp - Fishers Rd 138 kV Line 1
12841,L:17600:17609:138,2014-12-29 19:00:00,2015-01-02 19:00:00,planned,Wildwood Mewd - Lake Serene 138 kV
13380,L:17996:18011:138,2015-01-07 19:00:00,2015-01-14 19:00:00,planned,Coppermine Substation - Tuscola Sta 138 kV Circuit 1
2483,L:6035:6063:138,2015-01-07 19:00:00,2015-01-25 19:00:00,planned,Ojus - Eight Flags Energy 138 kV Ckt 1
8284,L:8776:9057:138,2015-02-15 08:00:00,2015-02-20 08:00:00,planned,Perryman - Kaweah 2 138 kV Cir. 1
17495,L:19958:19959:100,2015-02-14 08:00:00,2015-02-27 08:00:00,planned,Heritage - Ryan 100 kV #1
859,L:5385:5446:138,2015-02-19 08:00:00,2015-03-07 08:00:00,planned,Amistad - N Avenue 138 kV Circuit 1
13163,L:17883:18592:138,2015-02-13 08:00:00,2015-02-15 08:00:00,planned,Idaho Falls - Mass 138 kV Line
1362,L:5623:5628:138,2015-02-20 08:00:00,2015-03-12 08:00:00,planned,Esc Industrial M. Such 1423 Substation - Lincolnville 138 kV Line 1
1152,L:5531:6004:138,2015-02-16 08:00:00,2015-02-19 08:00:00,planned,Lobelville - Clarksville 138 kV Line 1
8312,L:8795:8805:138,2015-02-14 08:00:00,2015-02-28 08:00:00,planned,Ford Drive - Graceton 138 kV Line
12708,L:17414:17423:138,2015-02-12 08:00:00,2015-02-24 08:00:00,planned,Hardin - Raco 138 kV #1
5948,L:7707:7708:138,2015-02-14 08:00:00,2015-02-15 08:00:00,planned,Bellis - Glenannan 138 kV Ckt 1
18377,L:21195:21719:230,2015-02-12 08:00:00,2015-02-18 08:00:00,planned,Parkview Battery - Caliente 230 kV Line
10339,L:9737:10264:138,2015-02-18 08:00:00,2015-03-02 08:00:00,planned,Bear Island - N Doswell Substation 138 kV Cir. 1
17235,L:19840:19845:100,2015-02-18 08:00:00,2015-02-24 08:00:00,planned,Mcmin - Flat Rock 100 kV Circuit 1
7980,L:8653:8659:138,2015-02-16 08:00:00,2015-02-18 08:00:00,planned,Aquasco - Norway Hills 138 kV
7336,L:8333:8335:138,2015-02-17 08:00:00,2015-02-20 08:00:00,planned,Rocky Mtn Hydroelectric Plant - Lake Gum 138 kV #1
19763,L:22951:23480:230,2015-02-17 08:00:00,2015-02-27 08:00:00,planned,Jim Christal - Crete Energy Venture Llc 230 kV Circuit 1
20482,L:23235:23446:100,2015-02-17 08:00:00,2015-02-24 08:00:00,planned,Mid-Georgia Cogeneration Facility - Elgin Energy Center Llc 100 kV Cir. 2
14957,L:18854:18859:230,2015-02-11 08:00:00,2015-02-20 08:00:00,planned,Ludington - E Marysville 230 kV
14649,L:18729:18733:100,2015-02-11 08:00:00,2015-02-17 08:00:00,planned,Trimble - Greens Bayou 345 100 kV Cir. 1
11033,L:10073:10306:138,2015-02-13 08:00:00,2015-02-16 08:00:00,planned,Comal - West Garrard 138 kV Circuit 1
13555,L:18093:18587:138,2015-02-14 08:00:00,2015-02-21 08:00:00,planned,Culbertson - Bee Crk 138 kV
8062,L:8680:9852:345,2015-02-19 08:00:00,2015-02-28 08:00:00,planned,Devon - Indian 345 kV Line 1
20069,L:23056:23416:230,2015-02-19 08:00:00,2015-03-07 08:00:00,planned,Guilbeau Electric - Grove St 230 kV Cir. 1
17828,L:20119:20268:100,2015-02-13 08:00:00,2015-02-16 08:00:00,planned,Strawton - W Mount Vernon 100 kV
13779,L:18225:18239:138,2015-02-20 08:00:00,2015-02-27 08:00:00,planned,Litchfield - Seward Junction 138 kV
5786,L:7615:8149:138,2015-02-11 08:00:00,2015-02-20 08:00:00,planned,Intermountain - Panno 138 kV
17409,L:19918:19928:100,2015-02-11 08:00:00,2015-02-22 08:00:00,planned,White - St. Charles Power Plant 100 kV
20469,L:23227:23495:230,2015-02-13 08:00:00,2015-02-19 08:00:00,planned,Rocky Rd Power Llc - Mason Crk 230 kV
5999,L:7734:7736:138,2015-03-02 19:00:00,2015-03-12 19:00:00,planned,Malden - Crystal Vly 138 kV Cir. 1
13852,L:18269:18339:138,2015-03-05 19:00:00,2015-03-15 19:00:00,planned,Cutrale Citrus Juices Usa Ii Substation - Sub 18339 138 kV Ckt 1
2460,L:6028:7053:138,2015-03-05 19:00:00,2015-03-20 19:00:00,planned,Forman - Ogallala 138 kV
13215,L:17908:17910:345,2015-03-02 19:00:00,2015-03-15 19:00:00,planned,Caribbean University - Kearneyville 345 kV Ckt 1
6783,L:8136:8151:138,2015-03-05 19:00:00,2015-03-24 19:00:00,planned,Hooversville Substation - Attala 138 kV
20620,L:23293:23300:100,2015-02-27 19:00:00,2015-03-07 19:00:00,planned,Smelter - Delgen Substation 100 kV Circuit 1
2920,L:6236:8353:138,2015-02-26 19:00:00,2015-03-11 19:00:00,planned,Sewell Crk Energy - Wheeler Dam 138 kV #1
9550,L:9369:9667:345,2015-02-24 19:00:00,2015-03-09 19:00:00,planned,W Bassett - Leesville Substation 345 kV Line 1
1243,L:5568:5827:138,2015-02-25 19:00:00,2015-03-03 19:00:00,planned,Cheserville - La Jara 138 kV
9934,L:9592:9618:138,2015-03-03 19:00:00,2015-03-12 19:00:00,planned,West Siloam Springs - Coolidge 138 kV Circuit 1
3496,L:6514:6657:138,2015-03-05 19:00:00,2015-03-10 19:00:00,planned,Kig St - Wapato 138 kV
5591,L:7521:7957:138,2015-02-24 19:00:00,2015-02-26 19:00:00,planned,Hintz - Fisher Rd 138 kV
13734,L:18198:18646:138,2015-02-27 19:00:00,2015-03-13 19:00:00,planned,Azalea Solar Llc - Brookfield Power Glen Falls Hydro 138 kV Line 1
16357,L:19534:19553:100,2015-02-25 19:00:00,2015-03-05 19:00:00,planned,North Intertie - Natomas Crossing 100 kV Circuit 1
10217,L:9679:9680:138,2015-02-27 19:00:00,2015-03-01 19:00:00,planned,Oyehut - Wattsville 138 kV #1
12430,L:17159:17577:138,2015-02-27 19:00:00,2015-03-16 19:00:00,planned,Front - Gallatin Mo 138 kV Circuit 1
1903,L:5896:5930:500,2015-03-01 19:00:00,2015-03-08 19:00:00,planned,Tulare - Tilcon 500 kV Cir. 1
5210,L:7306:7310:138,2015-03-03 19:00:00,2015-03-18 19:00:00,planned,Longview2 - Loughridge 138 kV #1
2778,L:6168:7156:138,2015-03-03 19:00:00,2015-03-18 19:00:00,planned,Elm Crk - Croydon Substation 138 kV Circuit 2
20253,L:23134:23140:100,2015-02-28 19:00:00,2015-03-04 19:00:00,planned,Lombard - Rapides 100 kV
18697,L:21793:21795:100,2015-03-02 19:00:00,2015-03-18 19:00:00,planned,Spy Run - Industrial Park 100 kV Circuit 1
18794,L:21993:21995:100,2015-02-24 19:00:00,2015-03-09 19:00:00,planned,Desoto - Nuclear Uels 100 kV #2
13036,L:17788:17791:138,2015-03-05 19:00:00,2015-03-24 19:00:00,planned,Danish Creamery - Sub 17791 138 kV Circuit 2
15551,L:19119:19565:100,2015-02-24 19:00:00,2015-02-28 19:00:00,planned,Bixby - Reedy Creek 100 kV Ckt 1
3214,L:6373:6374:138,2015-02-26 19:00:00,2015-03-11 19:00:00,planned,Wrightsville - Serra 138 kV L
3799,L:6691:6999:138,2015-02-27 19:00:00,2015-03-01 19:00:00,planned,Hamilton - N Saraland 138 kV L
14158,L:18473:18474:138,2015-02-27 19:00:00,2015-03-15 19:00:00,planned,Mohicanville Substation - Custer Term 138 kV Circuit 1
17183,L:19818:19821:100,2015-03-02 19:00:00,2015-03-06 19:00:00,planned,Lewisville - Mcclain 100 kV Circuit 1
19211,L:22785:23428:100,2015-03-04 19:00:00,2015-03-17 19:00:00,planned,Middlesboro - Winston 100 kV
370,L:5162:5168:138,2015-03-02 19:00:00,2015-03-07 19:00:00,planned,Hillcrest Solar - New Milford 138 kV Line 1
13860,L:18276:18600:138,2015-03-01 19:00:00,2015-03-17 19:00:00,planned,S Summitville - Bel Air 138 kV
19275,L:22817:23075:100,2015-02-27 19:00:00,2015-03-17 19:00:00,planned,Arlington Heights - Vilas Rd 100 kV Ckt 1
12856,L:17612:17613:138,2015-03-02 19:00:00,2015-03-05 19:00:00,planned,Cordrey Substation - Wayside Substation 138 kV Circuit 1
19745,L:22951:23505:500,2015-02-27 19:00:00,2015-03-06 19:00:00,planned,Jim Christal - University Park North 500 kV #1
1616,L:5754:5758:138,2015-02-26 19:00:00,2015-03-14 19:00:00,planned,Hood Riv - Goose Haven 138 kV
18702,L:21796:22493:230,2015-03-04 19:00:00,2015-03-20 19:00:00,planned,Robison Park - Buckeye 230 kV Line 1
13779,L:18225:18239:138,2015-03-02 19:00:00,2015-03-17 19:00:00,planned,Seward Junction - Litchfield 138 kV Ckt 1
12070,L:16914:17236:138,2015-03-04 19:00:00,2015-03-09 19:00:00,planned,Smithtool - Skunk Creek 138 kV
5777,L:7609:7635:138,2015-03-05 19:00:00,2015-03-14 19:00:00,planned,Spring City Substation - Gmp Solar - Richmond 138 kV Line 1
3727,L:6647:6673:138,2015-03-05 19:00:00,2015-03-25 19:00:00,planned,Sub 6647 - Midlake 138 kV
5780,L:7611:7614:138,2015-02-28 19:00:00,2015-03-05 19:00:00,planned,Greenbush - Mcindoes 138 kV
19371,L:22842:23499:100,2015-02-28 19:00:00,2015-03-12 19:00:00,planned,Cuba City S Substation - Georgia Pacific Paper 100 kV
17837,L:20129:20130:100,2015-02-27 19:00:00,2015-03-18 19:00:00,planned,Nooksett Hydro - Clyde Hill 100 kV line
19770,L:22955:23473:100,2015-02-24 19:00:00,2015-03-01 19:00:00,planned,Wildwood - Riverside Ga 100 kV #1
20314,L:23148:23451:100,2015-03-29 08:00:00,2015-04-02 08:00:00,planned,Picadilly - Morrison Lane 100 kV Line
3203,L:6369:6370:138,2015-03-24 08:00:00,2015-03-26 08:00:00,planned,Camas - Brookings County 138 kV Ckt 1
20377,L:23171:23496:230,2015-03-29 08:00:00,2015-04-08 08:00:00,planned,Endako Cust - Sunset Pt 230 kV #1
20055,L:23049:23051:100,2015-03-27 08:00:00,2015-04-12 08:00:00,planned,Cochise - Alsip 100 kV Line 1
27,L:2631:2940:161,2015-03-23 08:00:00,2015-04-01 08:00:00,planned,Aecc Hydro Sta 2 - Bergen 161 kV Cir. 1
8011,L:8664:8665:138,2015-03-27 08:00:00,2015-03-31 08:00:00,planned,Huntington Beach - Raton 138 kV Circuit 1
1005,L:5475:5477:138,2015-03-27 08:00:00,2015-04-05 08:00:00,planned,Plstic - Sabic Innovative Plastics Mt. Vernon 138 kV #1
12590,L:17317:17628:138,2015-03-27 08:00:00,2015-04-13 08:00:00,planned,Shawmut - Beaver Crk 138 kV L
3362,L:6452:6917:138,2015-03-28 08:00:00,2015-04-02 08:00:00,planned,Mortan Substation - Island Road 138 kV Cir. 1
13384,L:17999:18623:138,2015-03-31 08:00:00,2015-04-01 08:00:00,planned,Wynn Joyce - S Canton 2 138 kV Circuit 1
16383,L:19538:19548:230,2015-03-27 08:00:00,2015-03-31 08:00:00,planned,Helberg - Hanging Rock 230 kV Ckt 1
17203,L:19823:19824:100,2015-03-28 08:00:00,2015-04-03 08:00:00,planned,Winter Park E - Chevron 100 kV
18251,L:20945:21196:100,2015-04-01 08:00:00,2015-04-09 08:00:00,planned,Segs 5 - Katy 100 kV
17640,L:20027:20215:100,2015-03-24 08:00:00,2015-04-03 08:00:00,planned,Hooker Substation - Lincoln Park 100 kV #1
3473,L:6507:7096:138,2015-03-27 08:00:00,2015-04-06 08:00:00,planned,Lackawanna - Archbald Power Sta 138 kV line
9955,L:9602:18361:138,2015-03-27 08:00:00,2015-04-02 08:00:00,planned,Sub 18361 - Sandy Ridge 138 kV Cir. 1
5187,L:7290:7388:138,2015-03-25 08:00:00,2015-03-27 08:00:00,planned,Cimmaron-E Natamos - La Pointe 138 kV Ckt 1
7406,L:8374:8376:138,2015-03-27 08:00:00,2015-04-14 08:00:00,planned,Nine Mile - Twin Cities-Snodgrass 138 kV
10783,L:9939:10076:138,2015-03-23 08:00:00,2015-03-31 08:00:00,planned,Heber - Sebastian 138 kV Circuit 1
6443,L:7952:7953:138,2015-03-24 08:00:00,2015-03-27 08:00:00,planned,West Waynesboro - Montauk 138 kV Circuit 1
18663,L:21774:21794:100,2015-03-24 08:00:00,2015-04-07 08:00:00,planned,State Street - Sicamous 100 kV
6632,L:8059:8060:138,2015-03-29 08:00:00,2015-03-30 08:00:00,planned,Bastrop W Substation - Bingham Pumps 138 kV #1
8532,L:8901:8930:138,2015-03-28 08:00:00,2015-04-14 08:00:00,planned,N Ogden - Burtonsville Substation 138 kV
6297,L:7877:7907:138,2015-04-01 08:00:00,2015-04-05 08:00:00,planned,Driscoll - Livingston 138 kV Ckt 1
9077,L:9133:9134:138,2015-04-01 08:00:00,2015-04-14 08:00:00,planned,Palm Springs - Newburg 138 kV Ckt 1
7871,L:8582:8586:138,2015-04-01 08:00:00,2015-04-06 08:00:00,planned,Center - E Towson 138 kV Cir. 1
17272,L:19857:19868:100,2015-04-01 08:00:00,2015-04-18 08:00:00,planned,Poust - St Stephen 100 kV Cir. 1
9745,L:9475:9487:138,2015-03-23 08:00:00,2015-04-05 08:00:00,planned,Finney - Auburn Lfg Energy Facility Substation 138 kV #1
12914,L:17674:17764:138,2015-03-27 08:00:00,2015-04-01 08:00:00,planned,Orick - Batavia Power Plant 138 kV Circuit 1
12005,L:16802:16804:138,2015-04-01 08:00:00,2015-04-21 08:00:00,planned,Winona - Sullivan 138 kV line
8725,L:9005:9007:138,2015-03-26 08:00:00,2015-04-11 08:00:00,planned,Hutchins - Whitman 138 kV Cir. 1
503,L:5226:5273:138,2015-03-30 08:00:00,2015-04-01 08:00:00,planned,Nexen Chemicals - Waterford 3 138 kV Cir. 1
15185,L:18949:19400:100,2015-03-28 08:00:00,2015-04-10 08:00:00,planned,Coyotept - S Cannon Falls 100 kV line
10898,L:9988:9992:138,2015-03-25 08:00:00,2015-04-09 08:00:00,planned,Brick Church - Procal 138 kV Cir. 1
17639,L:20024:20035:100,2015-03-31 08:00:00,2015-04-11 08:00:00,planned,Yorba Linda - Belle Vista 100 kV Circuit 1
15551,L:19119:19565:100,2015-03-23 08:00:00,2015-03-29 08:00:00,planned,Bixby - Reedy Creek 100 kV #1
21404,L:24025:24039:100,2015-04-01 08:00:00,2015-04-21 08:00:00,planned,N Omaha - Rumford Industrial Park 100 kV Line 1
5738,L:7590:7601:138,2015-03-24 08:00:00,2015-03-28 08:00:00,planned,Hedda - Land O Lakes 138 kV Cir. 1
16964,L:19733:19773:100,2015-03-30 08:00:00,2015-04-14 08:00:00,planned,Eagle Eye - Lents 100 kV Ckt 1
8111,L:8697:8899:138,2015-03-23 08:00:00,2015-04-02 08:00:00,planned,Grant Avenue - Mitchell Northwest 138 kV #1
872,L:5393:5862:138,2015-03-25 08:00:00,2015-04-12 08:00:00,planned,W Side - Mt Hope 138 kV Circuit 1
18890,L:22038:22309:100,2015-03-28 08:00:00,2015-04-04 08:00:00,planned,Hillcroft Substation - Palmyra Municipal 2 100 kV Circuit 1
535,L:5237:5999:345,2015-03-25 08:00:00,2015-03-31 08:00:00,planned,Mount Laurel - Cummings 345 kV #1
3063,L:6303:7732:138,2015-03-30 08:00:00,2015-04-07 08:00:00,planned,Fruitland - Bridge Riv 138 kV L
652,L:5290:6954:138,2015-03-28 08:00:00,2015-04-03 08:00:00,planned,Sunny Isles - Seminoe 138 kV #1
9972,L:9617:9618:138,2015-03-24 08:00:00,2015-04-02 08:00:00,planned,Coolidge Substation - Wylie 138 kV L
20849,L:23416:23449:230,2015-03-30 08:00:00,2015-03-31 08:00:00,planned,Joliet 29 - Grove St 230 kV Line 2
18254,L:20946:21519:100,2015-04-01 08:00:00,2015-04-05 08:00:00,planned,Norwood Sw - Lake Placid Substation 100 kV Ckt 1
15532,L:19103:19128:100,2015-04-01 08:00:00,2015-04-07 08:00:00,planned,Bolton - Reenergy Black River 100 kV line
16938,L:19724:19800:100,2015-03-23 08:00:00,2015-03-24 08:00:00,planned,Hernandez - Macedonia 100 kV Circuit 1
19264,L:22812:23391:100,2015-03-27 08:00:00,2015-04-01 08:00:00,planned,Young Rw - Felton 100 kV Line 1
9162,L:9165:9293:138,2015-03-27 08:00:00,2015-04-06 08:00:00,planned,Russell Downtown - Carite 138 kV
8139,L:8707:8713:138,2015-04-01 08:00:00,2015-04-11 08:00:00,planned,Southwest - Buzzard Pt 138 kV #1
2794,L:6179:6842:138,2015-03-30 08:00:00,2015-04-12 08:00:00,planned,Poston - Woodbourne 138 kV #1
17232,L:19838:20282:100,2015-03-27 08:00:00,2015-04-16 08:00:00,planned,Eastsound - Northwest Mandan Swicthing Sta 100 kV #1
8617,L:8938:9693:138,2015-03-27 08:00:00,2015-04-09 08:00:00,planned,Gallahn Road - Wethersfield 138 kV
10902,L:9991:10171:138,2015-05-22 17:00:00,2015-06-03 17:00:00,planned,Brookwood - Johnson Falls 138 kV Cir. 1
1289,L:5596:5960:138,2015-05-21 17:00:00,2015-05-25 17:00:00,planned,Laurel City - Edison 138 kV Circuit 1
12669,L:17385:17388:138,2015-05-26 17:00:00,2015-06-09 17:00:00,planned,Yale - Acacia 138 kV Ckt 1
3133,L:6335:6788:138,2015-05-25 17:00:00,2015-05-28 17:00:00,planned,Sampson - Blue Water 138 kV
19242,L:22798:23422:100,2015-05-19 17:00:00,2015-05-30 17:00:00,planned,E Rockton Substation - Pico 100 kV Circuit 1
18468,L:21394:21396:100,2015-05-25 17:00:00,2015-06-06 17:00:00,planned,Samaria - Mt.Pleasant 100 kV Circuit 1
19429,L:22852:22862:100,2015-05-28 17:00:00,2015-06-11 17:00:00,planned,Southside - Philadlephia 100 kV Circuit 1
1411,L:5646:5648:138,2015-05-21 17:00:00,2015-05-31 17:00:00,planned,Wixom - Shell 138 kV Ckt 1
19798,L:22965:23027:100,2015-05-27 17:00:00,2015-06-03 17:00:00,planned,Lower Granite - Arbors 100 kV
2199,L:5958:7136:345,2015-05-26 17:00:00,2015-06-01 17:00:00,planned,Cimarron - Visalia Substation 345 kV line
826,L:5372:5374:138,2015-05-22 17:00:00,2015-05-31 17:00:00,planned,Yauco Plaza - Laurel Ave 138 kV
14647,L:18728:19524:100,2015-05-21 17:00:00,2015-06-10 17:00:00,planned,Vacaville Tap - Wolverine Creek 100 kV
18865,L:22027:22028:100,2015-05-22 17:00:00,2015-06-09 17:00:00,planned,Lehma - Huntingdon District 100 kV Line 1
3177,L:6354:6363:138,2015-05-20 17:00:00,2015-05-23 17:00:00,planned,Archer Daniels Midland Cedar Rapids - Lone Butte 138 kV Cir. 1
1062,L:5495:6193:138,2015-05-22 17:00:00,2015-05-27 17:00:00,planned,Decatur Co. Solar Res In - Edward L. Addison Generating Plant 138 kV
14421,L:18667:18679:138,2015-05-27 17:00:00,2015-06-15 17:00:00,planned,Ocena Substation - Jewfish Crk 138 kV Ckt 1
5973,L:7717:7720:138,2015-05-19 17:00:00,2015-05-26 17:00:00,planned,Churchs Ferry - Southwest Jackson 138 kV
17438,L:19935:19945:100,2015-05-25 17:00:00,2015-05-30 17:00:00,planned,Sand Dock - Denmark 100 kV Cir. 1
14410,L:18659:18703:138,2015-05-20 17:00:00,2015-05-27 17:00:00,planned,Dean Forest - Villa Prades 1335 138 kV Cir. 1
17265,L:19853:19932:100,2015-05-27 17:00:00,2015-06-13 17:00:00,planned,North Shore Beach - Caribou Generation Sta 100 kV
10541,L:9825:9921:138,2015-05-28 17:00:00,2015-05-31 17:00:00,planned,Redbed Plains Wind Farm - Yauco Hidro 2 138 kV Circuit 1
8202,L:8726:8728:138,2015-05-27 17:00:00,2015-06-07 17:00:00,planned,Hammonds - Port Wing 138 kV #1
3760,L:6662:7037:138,2015-05-25 17:00:00,2015-05-26 17:00:00,planned,E J West - Bearwallow 138 kV Line
5550,L:7501:7523:138,2015-05-24 17:00:00,2015-06-06 17:00:00,planned,Ocean Ave - 32Nd St 138 kV Circuit 1
21379,L:23881:23883:100,2015-05-19 17:00:00,2015-06-05 17:00:00,planned,Rexburg - Bolton Alls Substation 100 kV Circuit 1
13174,L:17891:18203:138,2015-05-26 17:00:00,2015-06-13 17:00:00,planned,Lamar Hvdc Tie Substation - Folsom 138 kV Line 1
9208,L:9196:9654:138,2015-05-21 17:00:00,2015-05-22 17:00:00,planned,Bath County - Las Monjas 1416 138 kV #1
4009,L:6812:7111:345,2015-05-21 17:00:00,2015-06-04 17:00:00,planned,Michigan Avenue - Barnham 345 kV #1
15583,L:19131:19583:100,2015-05-20 17:00:00,2015-05-23 17:00:00,planned,Telegraph Rd Substation - Getchel 100 kV
9223,L:9203:9204:138,2015-05-25 17:00:00,2015-06-04 17:00:00,planned,Campville - Ross Fork 138 kV #1
19877,L:22986:23067:100,2015-05-23 17:00:00,2015-06-04 17:00:00,planned,Eastern Office Substation - Burnt Mill 100 kV Line 1
8013,L:8664:8677:138,2015-05-28 17:00:00,2015-06-09 17:00:00,planned,Raton - Pit 7 Substation 138 kV Ckt 1
20796,L:23394:23395:100,2015-05-24 17:00:00,2015-05-25 17:00:00,planned,W Cullman - W Riv Rd 100 kV #1
13698,L:18178:18426:138,2015-05-26 17:00:00,2015-05-31 17:00:00,planned,Erath - Trinidad 138 kV #1
19175,L:22777:22779:100,2015-05-28 17:00:00,2015-06-08 17:00:00,planned,Whitewater - Hatfield Kp 100 kV Cir. 1
3225,L:6380:6386:138,2015-05-20 17:00:00,2015-06-04 17:00:00,planned,Guanica Pueblo 561 - Goria 138 kV line
9106,L:9142:18125:138,2015-05-21 17:00:00,2015-05-31 17:00:00,planned,Hoot Lake - Rob Roy 138 kV line
13239,L:17929:17934:138,2015-05-25 17:00:00,2015-06-07 17:00:00,planned,Northeast Gate - Santa Rosa Top O' Da Hill 138 kV L
3875,L:6732:6855:138,2015-05-25 17:00:00,2015-06-05 17:00:00,planned,Dike - Middle Fork 138 kV Line 1
9544,L:9367:9641:138,2015-05-25 17:00:00,2015-06-14 17:00:00,planned,Bremo Bluff - Brownfield City Substation 138 kV #1
5409,L:7431:7440:138,2015-05-26 17:00:00,2015-05-28 17:00:00,planned,Cumberland - Sub 7440 138 kV Circuit 1
7948,L:8632:8871:138,2015-05-19 17:00:00,2015-05-28 17:00:00,planned,Mount Zion - Oliver Dam 138 kV Line 1
7273,L:8302:8599:138,2015-05-21 17:00:00,2015-06-08 17:00:00,planned,Indian Flat - Ripon 138 kV Ckt 1
10965,L:10031:10146:138,2015-05-28 17:00:00,2015-06-15 17:00:00,planned,Brambleton Substation - Southwest Research Institute 138 kV Circuit 1
20758,L:23357:23507:100,2015-05-24 17:00:00,2015-06-09 17:00:00,planned,Markland - Wilton 2 100 kV Line 1
7522,L:8419:8512:138,2015-05-26 17:00:00,2015-06-10 17:00:00,planned,Irving - Pumphrey 138 kV Cir. 1
20556,L:23267:23269:100,2015-05-20 17:00:00,2015-05-23 17:00:00,planned,Carmichael Id - Monterey Naval Lab Substation 100 kV Cir. 1
19604,L:22892:23482:100,2015-05-19 17:00:00,2015-05-25 17:00:00,planned,Wainiha Hydro - Santa Clara 100 kV Circuit 1
13207,L:17907:17909:138,2015-05-21 17:00:00,2015-05-26 17:00:00,planned,Scio - Monroe Ne 138 kV
7894,L:8601:8602:138,2015-05-20 17:00:00,2015-05-22 17:00:00,planned,Cidra Pueblo Substation - Pasco Cnty Solid Waste Resource Recovery 138 kV Circuit 1
5570,L:7509:8288:345,2015-05-19 17:00:00,2015-05-21 17:00:00,planned,N Allegheny Windpower Project - Seguin W 345 kV Ckt 1
17496,L:19958:20301:100,2015-05-26 17:00:00,2015-06-11 17:00:00,planned,Ryan - Seville 100 kV Circuit 1
9856,L:9546:9556:138,2015-05-20 17:00:00,2015-05-27 17:00:00,planned,Sweetwaer - Mathew 138 kV #1
17923,L:20184:20193:100,2015-05-24 17:00:00,2015-05-25 17:00:00,planned,Evans - Tallmadge 100 kV #2
7981,L:8653:8969:138,2015-05-27 17:00:00,2015-06-05 17:00:00,planned,Aquasco - Crain Highway Substation 138 kV Line 1
9629,L:9399:18127:345,2015-05-27 17:00:00,2015-06-15 17:00:00,planned,Chaparral - Cason Lane 345 kV
20228,L:23127:23166:100,2015-05-25 17:00:00,2015-06-13 17:00:00,planned,Goodhue Solar - La Veta 100 kV Cir. 1
12558,L:17279:17473:138,2015-05-19 17:00:00,2015-05-26 17:00:00,planned,Blewett - Salt Fork Wind 138 kV L
3337,L:6439:6470:138,2015-05-20 17:00:00,2015-06-02 17:00:00,planned,Upper Darby - Snow Canyon 138 kV Cir. 1
9938,L:9595:18355:138,2015-05-27 17:00:00,2015-06-13 17:00:00,planned,Faraday - West Lane 138 kV Circuit 1
16046,L:19362:19366:100,2015-05-24 17:00:00,2015-05-27 17:00:00,planned,Central Plains Wind Farm - Johnson Rd 100 kV
6164,L:7809:7811:138,2015-05-27 17:00:00,2015-06-15 17:00:00,planned,Daves Falls - Carbon Ctr Substation 138 kV L
5421,L:7436:7443:138,2015-05-27 17:00:00,2015-06-15 17:00:00,planned,Sweet Gum Flats - Bronson 138 kV Ckt 1
20175,L:23104:23118:100,2015-05-23 17:00:00,2015-05-25 17:00:00,planned,Davey Ton - Pontchartrin Park 100 kV Circuit 1
9722,L:9457:9458:138,2015-05-27 17:00:00,2015-06-03 17:00:00,planned,Fremont Canyon - Rodburn 138 kV Line 1
4241,L:6981:6987:138,2015-05-20 17:00:00,2015-05-28 17:00:00,planned,Frackville - Epsy Substation 138 kV #1
16948,L:19728:19730:100,2015-05-24 17:00:00,2015-06-04 17:00:00,planned,Luttrell - Ix Center Substation 100 kV Line 1
1923,L:5900:6928:138,2015-05-21 17:00:00,2015-05-28 17:00:00,planned,Municipal Light - Daffin Gin 138 kV
17309,L:19872:20099:100,2015-05-23 17:00:00,2015-06-09 17:00:00,planned,Don Julio-Lorac Vista Substation - Helna 100 kV #1
10367,L:9747:10285:138,2015-05-25 17:00:00,2015-06-10 17:00:00,planned,Agana - Jennings Lodge 138 kV Line 1
9677,L:9425:9434:138,2015-05-27 17:00:00,2015-06-16 17:00:00,planned,Grand Ave Plant Substation - Hanover St 138 kV #1
19199,L:22782:22783:100,2015-05-19 17:00:00,2015-05-21 17:00:00,planned,Friendsville - Newberry 100 kV
15151,L:18933:20236:100,2015-05-28 17:00:00,2015-06-13 17:00:00,planned,Fitchburg - Marys River 100 kV Circuit 2
6268,L:7866:8131:138,2015-06-16 17:00:00,2015-06-25 17:00:00,planned,Turkey Pt - Westfork 138 kV
437,L:5191:5764:138,2015-06-18 17:00:00,2015-06-24 17:00:00,planned,Granville - Bremerton Substation 138 kV
19781,L:22961:22962:230,2015-06-21 17:00:00,2015-07-01 17:00:00,planned,Poplar Bluff Generatng Sta - Washington Park 230 kV Ckt 1
15301,L:19007:19565:100,2015-06-18 17:00:00,2015-06-25 17:00:00,planned,Powerline Elkhorn - Reedy Crk 100 kV L
689,L:5306:5318:345,2015-06-15 17:00:00,2015-06-24 17:00:00,planned,Coffee Port - Oak Villa 345 kV
7525,L:8420:8429:138,2015-06-20 17:00:00,2015-06-23 17:00:00,planned,S Gatlinburg - Gove 138 kV
3677,L:6607:7124:345,2015-06-18 17:00:00,2015-07-03 17:00:00,planned,Big Tree - Plattsburgh 345 kV Line
3166,L:6347:6352:138,2015-06-16 17:00:00,2015-06-25 17:00:00,planned,Oil Shale - Sunset 138 kV Cir. 1
15830,L:19251:19265:100,2015-06-22 17:00:00,2015-06-30 17:00:00,planned,Interbay - Southpac 100 kV Line 1
3260,L:6398:6416:138,2015-06-20 17:00:00,2015-07-05 17:00:00,planned,La Jolla - Covanta Indianapolis Energy Substation 138 kV Circuit 1
17998,L:20239:20241:100,2015-06-22 17:00:00,2015-07-04 17:00:00,planned,Sepluveda - Smuckers 100 kV Ckt 1
2794,L:6179:6842:138,2015-06-22 17:00:00,2015-06-26 17:00:00,planned,Poston - Woodbourne Substation 138 kV #1
1575,L:5727:5985:138,2015-06-23 17:00:00,2015-06-29 17:00:00,planned,Neset - Patton Lane 138 kV
3514,L:6525:7175:138,2015-06-16 17:00:00,2015-06-17 17:00:00,planned,Livingston Ridge - Safe Harbor 138 kV Cir. 1
16053,L:19367:19369:100,2015-06-15 17:00:00,2015-06-29 17:00:00,planned,Plainfield South - Liberty 100 kV Circuit 1
10736,L:9917:10292:138,2015-06-18 17:00:00,2015-06-27 17:00:00,planned,Remington Ct - Harris Hydro 138 kV Ckt 1
6577,L:8036:8041:138,2015-06-22 17:00:00,2015-07-07 17:00:00,planned,North Road Peak Substation - Chaves 138 kV Circuit 1
21005,L:23455:23506:230,2015-06-22 17:00:00,2015-06-23 17:00:00,planned,Manlove-Folsom - Lincoln 230 kV #1
20393,L:23179:23513:100,2015-06-21 17:00:00,2015-06-27 17:00:00,planned,Bonanza - Huebner 100 kV Circuit 1
18496,L:21655:21682:500,2015-06-17 17:00:00,2015-06-19 17:00:00,planned,Papermate - Fermi 500 kV
2819,L:6193:6207:138,2015-06-21 17:00:00,2015-07-07 17:00:00,planned,Decatur Co. Solar Res In Substation - E Leesville 138 kV Line
16145,L:19411:19551:100,2015-06-23 17:00:00,2015-07-06 17:00:00,planned,Victorville - Milvon 100 kV Ckt 2
13942,L:18330:18683:138,2015-06-18 17:00:00,2015-07-03 17:00:00,planned,Jim Hill - Cross Park 138 kV Circuit 1
5586,L:7519:7538:138,2015-06-19 17:00:00,2015-07-04 17:00:00,planned,Almyra - Alabaster 138 kV Line 1
17437,L:19934:19954:100,2015-06-20 17:00:00,2015-06-29 17:00:00,planned,Columbus St - Rapide Croche 100 kV #1
3495,L:6514:6656:138,2015-06-15 17:00:00,2015-06-29 17:00:00,planned,King St - James River Power Station 138 kV #1
3636,L:6593:6598:138,2015-06-20 17:00:00,2015-06-30 17:00:00,planned,Spencer Hydro - Ruch 138 kV
5010,L:7213:7268:138,2015-06-23 17:00:00,2015-06-29 17:00:00,planned,Wrightwood - Twin Branch Substation 138 kV Circuit 1
15988,L:19332:19335:100,2015-06-14 17:00:00,2015-06-24 17:00:00,planned,Cagon Road - Circle Blvd 100 kV Line 1
2807,L:6189:6593:138,2015-06-14 17:00:00,2015-06-18 17:00:00,planned,Line Crk Coal - Spencer Hydro 138 kV #1
3124,L:6330:6334:138,2015-06-22 17:00:00,2015-06-28 17:00:00,planned,Beaveton - Newton 138 kV Circuit 1
10570,L:9844:9845:138,2015-06-15 17:00:00,2015-06-16 17:00:00,planned,Van Dom - Thurston 138 kV Ckt 1
2999,L:6274:6557:138,2015-06-23 17:00:00,2015-06-25 17:00:00,planned,Hoover - Teal 138 kV Cir. 1
841,L:5378:5470:138,2015-06-21 17:00:00,2015-07-01 17:00:00,planned,Enid - Lejeune 138 kV L
12295,L:17036:17860:138,2015-06-16 17:00:00,2015-06-28 17:00:00,planned,Baker Substation - Palaau Power 138 kV #1
3176,L:6354:6358:138,2015-06-15 17:00:00,2015-06-25 17:00:00,planned,Atchelitz Substation - Archer Daniels Midland Cedar Rapids 138 kV
18607,L:21761:21977:100,2015-06-22 17:00:00,2015-06-27 17:00:00,planned,Villa Mar 1657 - Ege 100 kV Ckt 1
11482,L:10291:10292:138,2015-06-20 17:00:00,2015-07-07 17:00:00,planned,Idala - Harris Hydro 138 kV Circuit 1
17390,L:19910:20236:100,2015-06-14 17:00:00,2015-06-15 17:00:00,planned,Marys Riv - Trail 100 kV Cir. 1
10370,L:9747:10305:138,2015-06-16 17:00:00,2015-06-28 17:00:00,planned,Hilltop 230115Kv Substation - Agana 138 kV Ckt 3
15575,L:19130:19134:230,2015-06-18 17:00:00,2015-07-03 17:00:00,planned,Brownsville Indl.Pk - Fishhawk Substation 230 kV Circuit 1
14645,L:18727:18731:100,2015-07-18 17:00:00,2015-08-02 17:00:00,planned,Meridian Street - Lucas Co 100 kV Line 1
17031,L:19751:19773:100,2015-07-16 17:00:00,2015-07-22 17:00:00,planned,Lents - Kepler 100 kV Cir. 1
4002,L:6804:7102:138,2015-07-12 17:00:00,2015-07-14 17:00:00,planned,Cimarron River - Quincy 138 kV Circuit 1
4368,L:7055:7089:138,2015-07-13 17:00:00,2015-07-22 17:00:00,planned,Martin Crk - Stadium 138 kV Cir. 1
9492,L:9335:9444:138,2015-07-13 17:00:00,2015-07-20 17:00:00,planned,Moonshine - Axton 138 kV
6696,L:8084:19664:100,2015-07-17 17:00:00,2015-08-03 17:00:00,planned,St Landry Substation - Oracle 100 kV
3510,L:6523:6526:138,2015-07-19 17:00:00,2015-07-23 17:00:00,planned,Roza - Fis Crk 138 kV Ckt 1
102,L:2943:2954:161,2015-07-19 17:00:00,2015-07-22 17:00:00,planned,N Bergn - Lasel Tap 161 kV
16210,L:19453:19461:100,2015-07-15 17:00:00,2015-07-22 17:00:00,planned,Oakmont S - Brinkerhoff 100 kV L
11386,L:10272:10293:138,2015-07-19 17:00:00,2015-08-03 17:00:00,planned,Prince William Dp - Clover Hill 138 kV L
10673,L:9894:10061:138,2015-07-12 17:00:00,2015-07-19 17:00:00,planned,Dulles Substation - Riteaid 138 kV Ckt 1
19642,L:22909:22971:100,2015-07-19 17:00:00,2015-08-05 17:00:00,planned,Teluride - Sunrise 100 kV Ckt 2
5480,L:7466:7565:138,2015-07-15 17:00:00,2015-07-24 17:00:00,planned,Taber - Reynolds 138 kV Line 1
8161,L:8713:9710:138,2015-07-18 17:00:00,2015-07-21 17:00:00,planned,Southwest - Luxemburg 24.9 138 kV Ckt 1
13617,L:18131:18448:138,2015-07-19 17:00:00,2015-07-22 17:00:00,planned,Kerrville Legion - Angle Lake 138 kV
9738,L:9470:9721:138,2015-07-11 17:00:00,2015-07-30 17:00:00,planned,Wooton - Fort Rock Midstate 138 kV Circuit 1
12100,L:16925:17639:138,2015-07-15 17:00:00,2015-07-16 17:00:00,planned,Koda Biomass Plant - Satlam 138 kV Line 1
17128,L:19792:19793:100,2015-07-20 17:00:00,2015-08-01 17:00:00,planned,Eastlake Sta - Lake Geneva 100 kV #1
20462,L:23223:23247:100,2015-07-18 17:00:00,2015-07-20 17:00:00,planned,Mexico Intertie - Oswego 100 kV Ckt 1
3795,L:6689:7130:138,2015-07-18 17:00:00,2015-08-05 17:00:00,planned,Tropico - Talenenergy Martins Crk Llc Williamsport 138 kV Line 1
6895,L:8219:8221:138,2015-07-20 17:00:00,2015-08-05 17:00:00,planned,University Of Northern Iowa - Frederic Diesel 138 kV #1
18757,L:21982:22398:100,2015-07-16 17:00:00,2015-07-24 17:00:00,planned,Aladdin - San Felipe 100 kV Cir. 1
4367,L:7054:8626:138,2015-07-15 17:00:00,2015-07-21 17:00:00,planned,Culberson - Unisource Sq Hi 138 kV Circuit 1
13410,L:18012:18013:138,2015-07-11 17:00:00,2015-07-20 17:00:00,planned,Lakehead Delavan - Milton 138 kV L
16000,L:19338:19462:230,2015-07-16 17:00:00,2015-07-17 17:00:00,planned,Sw 5Th - G-P Gypsum 230 kV #1
17275,L:19858:19859:100,2015-07-20 17:00:00,2015-08-05 17:00:00,planned,Crystal Mtn Generation - Oakhurst 100 kV Ckt 1
13995,L:18356:18370:138,2015-07-16 17:00:00,2015-08-04 17:00:00,planned,Dry Fork - Welch 138 kV
14389,L:18647:18648:138,2015-07-14 17:00:00,2015-07-21 17:00:00,planned,Poynette - Poole Ph 138 kV Circuit 1
559,L:5244:5274:138,2015-07-17 17:00:00,2015-07-20 17:00:00,planned,Medford - Foreman Cement Substation 138 kV Circuit 1
19469,L:22866:23002:100,2015-08-12 17:00:00,2015-08-27 17:00:00,planned,Mcloughlin - Sn Juan 100 kV
6671,L:8075:8084:138,2015-08-14 17:00:00,2015-08-30 17:00:00,planned,Oracle - Paxton 138 kV Circuit 1
17875,L:20152:20169:230,2015-08-16 17:00:00,2015-08-21 17:00:00,planned,Sunnyside - Simon St 230 kV Circuit 1
5902,L:7683:7684:138,2015-08-10 17:00:00,2015-08-20 17:00:00,planned,Madison-Kenneth - Deltaport Tap 138 kV
20391,L:23179:23237:100,2015-08-16 17:00:00,2015-08-17 17:00:00,planned,Bonanza - Last Chance 100 kV #1
8032,L:8667:8668:138,2015-08-15 17:00:00,2015-08-21 17:00:00,planned,Deerhaven - Radnor 138 kV
14921,L:18843:19570:100,2015-08-14 17:00:00,2015-08-20 17:00:00,planned,Wagley Robertson - Sidney 100 kV Ckt 1
4598,L:7118:7155:500,2015-08-17 17:00:00,2015-08-23 17:00:00,planned,Face Rock - Indiantown Cogeneration Lp 500 kV Ckt 1
13022,L:17783:17790:138,2015-08-13 17:00:00,2015-08-23 17:00:00,planned,New London Avenue Substation - Ponchatola 138 kV Cir. 1
14757,L:18775:19277:100,2015-08-11 17:00:00,2015-08-25 17:00:00,planned,Hospital - Goodrich 100 kV Circuit 1
15396,L:19049:19076:100,2015-08-17 17:00:00,2015-08-23 17:00:00,planned,Ductile Substation - Taylor 100 kV
3982,L:6790:7022:138,2015-08-12 17:00:00,2015-08-27 17:00:00,planned,Panda Patriot Generation Plant - Shell Chemical 138 kV Circuit 1
5945,L:7706:7721:138,2015-08-11 17:00:00,2015-08-19 17:00:00,planned,S Plant - Pilot Rock 138 kV
20331,L:23158:23164:100,2015-08-16 17:00:00,2015-09-04 17:00:00,planned,Gibson Sta - Los Altos 100 kV
8044,L:8675:9093:138,2015-08-11 17:00:00,2015-08-25 17:00:00,planned,Harbeson - Clintmoore 138 kV Cir. 1
2453,L:6026:6027:138,2015-08-13 17:00:00,2015-08-17 17:00:00,planned,Caledonia Alte - Burr Oak 138 kV
1502,L:5683:7162:500,2015-08-17 17:00:00,2015-08-26 17:00:00,planned,N. Shannon - Weber 500 kV Circuit 1
2642,L:6103:6528:138,2015-08-13 17:00:00,2015-08-24 17:00:00,planned,Port Llen La - East City 138 kV L
942,L:5427:5971:345,2015-08-16 17:00:00,2015-09-02 17:00:00,planned,Cantua - Chambers 345 kV
7554,L:8434:8435:138,2015-08-15 17:00:00,2015-08-22 17:00:00,planned,Walerga-Galbrath - Glen Burnie 138 kV Ckt 1
19584,L:22886:22982:230,2015-08-10 17:00:00,2015-08-17 17:00:00,planned,Commonwealth Edison Des Plaines - Flax Hill 230 kV Cir. 1
17273,L:19857:20263:100,2015-08-11 17:00:00,2015-08-22 17:00:00,planned,Poust - Stryker 100 kV Line 1
13726,L:18194:18346:138,2015-08-13 17:00:00,2015-08-31 17:00:00,planned,Ravenswood - J Street 138 kV #1
13942,L:18330:18683:138,2015-08-15 17:00:00,2015-08-20 17:00:00,planned,Cross Park - Jim Hill 138 kV Cir. 1
7581,L:8445:8921:138,2015-08-13 17:00:00,2015-08-19 17:00:00,planned,Black Lake - Black Knight 138 kV
8749,L:9018:9019:138,2015-08-15 17:00:00,2015-08-26 17:00:00,planned,Ess Wesel - Jollyville Substation 138 kV Cir. 1
9092,L:9139:9140:138,2015-08-15 17:00:00,2015-08-25 17:00:00,planned,Clifton Forge - Humbug Substation 138 kV
6105,L:7782:7788:138,2015-08-16 17:00:00,2015-08-18 17:00:00,planned,Broad St - Flathead 138 kV Cir. 1
15851,L:19265:19267:100,2015-08-12 17:00:00,2015-08-13 17:00:00,planned,Southpac - Bridgehampton 100 kV Circuit 2
15141,L:18930:18935:100,2015-08-10 17:00:00,2015-08-17 17:00:00,planned,Burleson - Gansner 100 kV Line 1
20689,L:23323:23324:100,2015-08-14 17:00:00,2015-09-02 17:00:00,planned,Marseilles Lock And Dam Hydro - Sta A 100 kV Line 1
1966,L:5913:5975:138,2015-08-15 17:00:00,2015-09-02 17:00:00,planned,Agrico - W Deptford Energy Sta 138 kV Ckt 1
20777,L:23384:23386:100,2015-08-10 17:00:00,2015-08-26 17:00:00,planned,East Clearwater Subdivision - Koona 100 kV Ckt 1
285,L:5121:5125:138,2015-08-10 17:00:00,2015-08-15 17:00:00,planned,Geysers Tap 9 - Collins Creek Substation 138 kV Line 1
13984,L:18348:18707:138,2015-08-15 17:00:00,2015-08-27 17:00:00,planned,Sporn - Progress Energy Electric-Belleview 138 kV Circuit 1
8419,L:8841:8891:138,2015-08-14 17:00:00,2015-08-24 17:00:00,planned,Twinbrook - Kensington 138 kV Cir. 1
10886,L:9980:10276:138,2015-08-15 17:00:00,2015-08-30 17:00:00,planned,Denny Terrace - Arriba 138 kV
17440,L:19936:19960:100,2015-08-16 17:00:00,2015-08-26 17:00:00,planned,Tewksbury - Sylmar E 100 kV Cir. 1
9900,L:9575:18156:138,2015-08-17 17:00:00,2015-08-27 17:00:00,planned,Upper Mechanicville Substation - High Winds 138 kV Cir. 1
2534,L:6055:6063:138,2015-08-14 17:00:00,2015-09-02 17:00:00,planned,North Lake Substation - Eight Flags Energy 138 kV
2958,L:6253:6461:138,2015-08-10 17:00:00,2015-08-29 17:00:00,planned,Casa Grande - Northwest Beloit 138 kV Ckt 1
6289,L:7874:8148:138,2015-08-11 17:00:00,2015-08-21 17:00:00,planned,Great Falls Vt - Southgate 138 kV Cir. 1
6195,L:7823:7841:345,2015-08-09 17:00:00,2015-08-27 17:00:00,planned,Rush Citycaps - Getz 345 kV
18648,L:21771:21793:100,2015-08-17 17:00:00,2015-08-22 17:00:00,planned,Spy Run - Salinas Rural 100 kV
17838,L:20129:20307:100,2015-08-09 17:00:00,2015-08-11 17:00:00,planned,Ulrich - Nooksett Hydro 100 kV Line 1
14719,L:18756:18759:100,2015-08-15 17:00:00,2015-08-19 17:00:00,planned,Pisgah - Overlake 100 kV
6239,L:7846:7847:138,2015-08-30 17:00:00,2015-09-15 17:00:00,planned,Saylor - Lower Ollala 138 kV Circuit 1
1046,L:5490:5898:138,2015-09-06 17:00:00,2015-09-26 17:00:00,planned,Car Care - Klein 138 kV Circuit 1
8225,L:8739:8750:138,2015-08-30 17:00:00,2015-09-17 17:00:00,planned,Westside - Walkersville 138 kV Ckt 1
6598,L:8042:8044:138,2015-09-07 17:00:00,2015-09-27 17:00:00,planned,Zona Libre 6007 - 253Rd Place 138 kV Circuit 1
8800,L:9048:9050:138,2015-09-05 17:00:00,2015-09-14 17:00:00,planned,Harbor - Ocean City 138 kV Circuit 1
15678,L:19179:19186:230,2015-09-06 17:00:00,2015-09-21 17:00:00,planned,Sugar Creek - Arab 230 kV #1
1786,L:5844:5850:345,2015-09-03 17:00:00,2015-09-18 17:00:00,planned,Schoharie - Sjve Madera 345 kV Ckt 1
8544,L:8910:8912:138,2015-09-08 17:00:00,2015-09-23 17:00:00,planned,Sans Souci Substation - Van Ness 138 kV
3923,L:6757:6952:138,2015-09-01 17:00:00,2015-09-12 17:00:00,planned,Pulaski - Scyene Rd Tap 138 kV
8943,L:9085:10037:138,2015-08-30 17:00:00,2015-09-02 17:00:00,planned,Krugerville - Spring Gap 138 kV
14146,L:18462:18685:138,2015-08-30 17:00:00,2015-09-16 17:00:00,planned,Prior - Buckley Current 138 kV
10839,L:9959:10128:345,2015-09-07 17:00:00,2015-09-21 17:00:00,planned,Newport News - Princeton Mn 345 kV
15437,L:19061:19066:100,2015-08-30 17:00:00,2015-09-07 17:00:00,planned,Penobscot Energy Recovery - Johnair 100 kV line
16615,L:19579:19594:500,2015-09-02 17:00:00,2015-09-15 17:00:00,planned,Tidd - Muskingum Riv 500 kV Cir. 1
12982,L:17754:17755:138,2015-09-03 17:00:00,2015-09-06 17:00:00,planned,Ft Dodge - Coulee Ave 138 kV Line
13161,L:17882:18506:138,2015-08-30 17:00:00,2015-09-15 17:00:00,planned,Arh Creek - Cape Coral 138 kV Line
15965,L:19323:19331:100,2015-08-31 17:00:00,2015-09-13 17:00:00,planned,W Hills - Lee Vining Substation 100 kV Circuit 1
10850,L:9963:10103:138,2015-09-05 17:00:00,2015-09-23 17:00:00,planned,Frio Town - Ennis 138 kV Circuit 1
9624,L:9398:9577:138,2015-09-05 17:00:00,2015-09-11 17:00:00,planned,Hanger - Carroll 138 kV Line 1
5835,L:7651:8101:138,2015-09-04 17:00:00,2015-09-24 17:00:00,planned,Foresville - Camden South Carolina 138 kV L
1287,L:5595:5932:138,2015-09-05 17:00:00,2015-09-10 17:00:00,planned,Franklin - Milligan 138 kV Cir. 1
6843,L:8183:8201:138,2015-09-02 17:00:00,2015-09-11 17:00:00,planned,Delray - Glen Ullin Sation 6 138 kV Cir. 1
9051,L:9119:9368:138,2015-09-03 17:00:00,2015-09-04 17:00:00,planned,Booneville - Hall 138 kV Ckt 1
18899,L:22043:22576:100,2015-08-30 17:00:00,2015-09-17 17:00:00,planned,Hinkley - Sumpter 100 kV #1
5621,L:7532:8288:345,2015-09-03 17:00:00,2015-09-17 17:00:00,planned,Dpc New Lisbon - North Allegheny Windpower Project 345 kV Circuit 1
10454,L:9784:9797:138,2015-08-30 17:00:00,2015-09-08 17:00:00,planned,Sub 9784 - Whiting Refinery 138 kV Ckt 1
17360,L:19893:19900:230,2015-09-07 17:00:00,2015-09-23 17:00:00,planned,Tecuseh - Martha Lake 230 kV Line
19870,L:22985:23016:100,2015-09-07 17:00:00,2015-09-24 17:00:00,planned,Keelers - Chaffee Gas Recovery Substation 100 kV
12671,L:17386:17387:138,2015-09-03 17:00:00,2015-09-17 17:00:00,planned,Factory Substation - Webb 138 kV Cir. 1
8008,L:8663:8682:138,2015-09-07 17:00:00,2015-09-20 17:00:00,planned,Culleoka - Lake Platte Substation 138 kV
17108,L:19780:19784:230,2015-09-01 17:00:00,2015-09-21 17:00:00,planned,Imperial - Amador 230 kV Line 1
8011,L:8664:8665:138,2015-09-05 17:00:00,2015-09-25 17:00:00,planned,Raton Substation - Huntington Beach 138 kV Circuit 1
5313,L:7378:7553:138,2015-09-08 17:00:00,2015-09-22 17:00:00,planned,Butler - Avon Par N 138 kV Circuit 1
16948,L:19728:19730:100,2015-09-07 17:00:00,2015-09-27 17:00:00,planned,Ix Ctr - Luttrell 100 kV #1
2948,L:6250:6292:138,2015-08-31 17:00:00,2015-09-09 17:00:00,planned,Horse Flat - Sta Fg Substation 138 kV Circuit 1
5368,L:7414:7445:138,2015-09-05 17:00:00,2015-09-06 17:00:00,planned,Simpson - Spiewood 138 kV
779,L:5358:5374:138,2015-08-30 17:00:00,2015-09-02 17:00:00,planned,Yauco Plaza - Cedar Grove 138 kV Line 1
19772,L:22957:23514:100,2015-08-31 17:00:00,2015-09-20 17:00:00,planned,Morganton Sta 5 - Mi-Wuk Substation 100 kV Line 1
16949,L:19728:19731:100,2015-08-30 17:00:00,2015-09-07 17:00:00,planned,Plumas - Ix Ctr 100 kV #1
19803,L:22967:22975:100,2015-09-06 17:00:00,2015-09-11 17:00:00,planned,Valerie - Rock Tavern 2 100 kV Ckt 1
1386,L:5635:5656:138,2015-09-08 17:00:00,2015-09-17 17:00:00,planned,Brentwood - Monmouth Landfill Gas To Energy 138 kV Line 1
10803,L:9944:10276:138,2015-09-03 17:00:00,2015-09-12 17:00:00,planned,Challenge - Denny Terrace 138 kV Circuit 2
9966,L:9612:9614:138,2015-09-04 17:00:00,2015-09-11 17:00:00,planned,Pyote - Rector 138 kV Ckt 1
12086,L:16920:16925:138,2015-09-05 17:00:00,2015-09-21 17:00:00,planned,Sahtlam - Monta Vista 138 kV Line 1
13546,L:18088:18139:138,2015-09-03 17:00:00,2015-09-16 17:00:00,planned,Sawgrass - Roeding 138 kV Line 1
5447,L:7451:7474:138,2015-09-08 17:00:00,2015-09-22 17:00:00,planned,Richland Chambers Substation - Montpellier 138 kV #1
14377,L:18641:18645:138,2015-09-02 17:00:00,2015-09-20 17:00:00,planned,Dluzerne - Amea Peaking 138 kV
6751,L:8115:8117:138,2015-09-08 17:00:00,2015-09-19 17:00:00,planned,Greenhills - Gis 138 kV
12466,L:17177:17178:138,2015-09-05 17:00:00,2015-09-20 17:00:00,planned,Aburn 2 - Nelson Cable 138 kV
8158,L:8713:8722:138,2015-08-30 17:00:00,2015-09-15 17:00:00,planned,Southwest - Lyonsdale Associates 138 kV Ckt 2
9960,L:9608:9611:138,2015-09-02 17:00:00,2015-09-18 17:00:00,planned,Ou Spirit Wind Farm - Abingdon 138 kV Ckt 1
19473,L:22868:22980:100,2015-08-31 17:00:00,2015-09-11 17:00:00,planned,New London - Wommack 100 kV
18960,L:22294:22299:100,2015-09-07 17:00:00,2015-09-20 17:00:00,planned,Contee Rd - North Tomah 100 kV Cir. 1
9313,L:9247:9323:138,2015-09-02 17:00:00,2015-09-14 17:00:00,planned,Stony Brook - Hill 138 kV Cir. 1
11052,L:10085:10095:138,2015-08-31 17:00:00,2015-09-01 17:00:00,planned,Anatolia - Vesper 138 kV Line 1
4354,L:7045:7049:138,2015-09-03 17:00:00,2015-09-12 17:00:00,planned,East Broad - Brandow 138 kV Line 1
2217,L:5961:5994:138,2015-09-02 17:00:00,2015-09-17 17:00:00,planned,Riverbend - Bergen Generating Sta 138 kV Line 3
20012,L:23029:23404:100,2015-08-30 17:00:00,2015-09-04 17:00:00,planned,Hoist - Central Tie 100 kV Line 1
13008,L:17768:18412:138,2015-10-12 08:00:00,2015-10-14 08:00:00,planned,Evergreen - Barrensh 138 kV Line 1
3791,L:6687:6698:138,2015-10-14 08:00:00,2015-10-31 08:00:00,planned,Elimsport - Chelsa 138 kV Circuit 1
16858,L:19680:19693:100,2015-10-14 08:00:00,2015-10-31 08:00:00,planned,Beechwood - Tsawassen 100 kV
5426,L:7438:8266:138,2015-10-18 08:00:00,2015-11-05 08:00:00,planned,Keystone - Collins 138 kV #1
3000,L:6274:6569:138,2015-10-11 08:00:00,2015-10-30 08:00:00,planned,Hoover - Lost Hillschevron 138 kV L
15317,L:19013:19028:100,2015-10-11 08:00:00,2015-10-25 08:00:00,planned,Rancho Santa Fe Substation - Gosling 100 kV
13894,L:18299:18399:345,2015-10-12 08:00:00,2015-10-24 08:00:00,planned,N Pt - Ragland 345 kV Circuit 1
8109,L:8696:9709:138,2015-10-11 08:00:00,2015-10-17 08:00:00,planned,Grinding - Squamish 138 kV Line 1
12523,L:17227:17619:138,2015-10-19 08:00:00,2015-10-24 08:00:00,planned,Gerald Eagle Electric Substation - Tukwila Sta 138 kV Cir. 1
14680,L:18741:19625:100,2015-10-19 08:00:00,2015-10-27 08:00:00,planned,Mcewen - Stephentown 100 kV Ckt 1
20063,L:23054:23071:100,2015-10-18 08:00:00,2015-11-05 08:00:00,planned,Wauchula - Uppr Gorge 100 kV
10445,L:9778:9808:138,2015-10-15 08:00:00,2015-10-21 08:00:00,planned,Barlow - Centralia Substation 138 kV
17387,L:19907:20313:100,2015-10-18 08:00:00,2015-11-06 08:00:00,planned,Buena Vista Pumps Substation - Cecil 100 kV L
18704,L:21797:21806:100,2015-10-15 08:00:00,2015-11-01 08:00:00,planned,Stolle Rd - East Mesa 2 100 kV #1
204,L:3646:8059:138,2015-10-16 08:00:00,2015-11-02 08:00:00,planned,Fulton Mo - Bastrop W 138 kV #1
9425,L:9306:9515:138,2015-10-18 08:00:00,2015-10-23 08:00:00,planned,Whitestone - E Sidney 138 kV Ckt 1
5214,L:7307:7343:138,2015-10-14 08:00:00,2015-10-27 08:00:00,planned,Highlad - Euclid 138 kV Line 1
17970,L:20216:20224:100,2015-10-17 08:00:00,2015-11-02 08:00:00,planned,Girard - Newton Bulk 100 kV Line 2
8007,L:8663:8680:138,2015-10-10 08:00:00,2015-10-29 08:00:00,planned,Lake Platte - Indian 138 kV Circuit 1
13563,L:18099:18101:138,2015-10-19 08:00:00,2015-11-02 08:00:00,planned,George Afb - Virgil Fodness Substation 138 kV Circuit 1
13765,L:18218:18219:138,2015-10-12 08:00:00,2015-10-14 08:00:00,planned,Hopkinsville - Belle West Virginia Plant 138 kV
12910,L:17673:17675:138,2015-10-10 08:00:00,2015-10-28 08:00:00,planned,Locusst - Greenacres 138 kV Circuit 1
1095,L:5509:5810:138,2015-10-11 08:00:00,2015-10-23 08:00:00,planned,Playas Substation - Fish Crk 138 138 kV Ckt 1
15176,L:18948:18951:100,2015-10-14 08:00:00,2015-10-28 08:00:00,planned,Striker Ind - Animas 100 kV
1502,L:5683:7162:500,2015-10-11 08:00:00,2015-10-30 08:00:00,planned,Weber - N. Shannon 500 kV Circuit 1
17365,L:19895:19906:100,2015-10-18 08:00:00,2015-10-19 08:00:00,planned,E Findlay - N Beaver Dam 100 kV
2707,L:6134:6201:138,2015-10-15 08:00:00,2015-11-04 08:00:00,planned,Neshaminy - Driftwood 138 kV
9526,L:9354:9637:138,2015-10-14 08:00:00,2015-10-31 08:00:00,planned,Franks - Claytor Substation 138 kV L
8326,L:8806:8855:138,2015-10-19 08:00:00,2015-11-06 08:00:00,planned,Tesoro - Mcmillan 138 kV Circuit 1
9812,L:9514:9515:138,2015-11-15 19:00:00,2015-12-03 19:00:00,planned,East Sidney - Shepaug 138 kV Cir. 1
210,L:3650:8126:161,2015-11-18 19:00:00,2015-11-30 19:00:00,planned,Welport Substation - North Gila Substation 161 kV
9368,L:9273:9277:138,2015-11-22 19:00:00,2015-11-30 19:00:00,planned,Edward Pike - Clement 138 kV Circuit 1
20577,L:23278:23300:100,2015-11-18 19:00:00,2015-11-23 19:00:00,planned,Delgen - Libertyville 100 kV Ckt 1
14655,L:18731:19523:100,2015-11-18 19:00:00,2015-11-30 19:00:00,planned,Lucas Co - Colorado Green 100 kV Line 1
14652,L:18730:18735:100,2015-11-20 19:00:00,2015-12-03 19:00:00,planned,Plains - Ellensburg 100 kV Ckt 1
858,L:5384:5776:138,2015-11-16 19:00:00,2015-11-18 19:00:00,planned,Rockford - Montclair Cogen Facility 138 kV Circuit 1
3749,L:6655:7170:138,2015-11-14 19:00:00,2015-12-04 19:00:00,planned,Calvo - Hunlock Unit 4 138 kV #1
517,L:5230:5258:138,2015-11-15 19:00:00,2015-11-21 19:00:00,planned,Hendron - Terrace 138 kV Ckt 1
10533,L:9822:10122:138,2015-11-20 19:00:00,2015-12-05 19:00:00,planned,Oak Green - Medtronic 138 kV
15784,L:19223:19224:100,2015-11-21 19:00:00,2015-12-05 19:00:00,planned,John R Kelly - Clarene 100 kV Circuit 1
5760,L:7602:7604:138,2015-11-18 19:00:00,2015-11-25 19:00:00,planned,Univ Of Nc Chapel Hill Cogen Facility - Cadyville 138 kV Ckt 1
6245,L:7847:7851:138,2015-11-16 19:00:00,2015-12-05 19:00:00,planned,Lower Ollala - Acec Chateau 138 kV Line 1
3300,L:6426:6436:138,2015-11-19 19:00:00,2015-11-21 19:00:00,planned,Chittenden Substation - Foulk 138 kV Ckt 1
19964,L:23015:23495:230,2015-11-23 19:00:00,2015-12-07 19:00:00,planned,Rocky Road Power Llc - Scot 230 kV Cir. 1
5090,L:7243:7336:138,2015-11-17 19:00:00,2015-11-28 19:00:00,planned,Quail Vly - Sandy 138 kV Circuit 1
17896,L:20171:20239:100,2015-11-14 19:00:00,2015-11-21 19:00:00,planned,Dalton - Sepluveda 100 kV Cir. 1
5949,L:7707:7709:138,2015-11-22 19:00:00,2015-12-06 19:00:00,planned,Stegall - Bellis 138 kV Circuit 1
5583,L:7517:7631:138,2015-11-15 19:00:00,2015-12-01 19:00:00,planned,Philip - Urbana Perkins Road 138 kV Ckt 1
9503,L:9339:9517:138,2015-11-21 19:00:00,2015-12-09 19:00:00,planned,Danville New Design Plant - Salton Sea 1 138 kV Cir. 1
423,L:5184:5195:138,2015-11-17 19:00:00,2015-11-25 19:00:00,planned,Meadow Lane Tap - Norwel 138 kV Ckt 2
14376,L:18640:18650:138,2015-11-14 19:00:00,2015-11-30 19:00:00,planned,Thermopolis - Charca 138 kV #1
19663,L:22917:23050:100,2015-11-19 19:00:00,2015-11-21 19:00:00,planned,Chalk Hills Hy - Old Mead Road 100 kV Ckt 1
16746,L:19628:19629:100,2015-11-15 19:00:00,2015-11-18 19:00:00,planned,Forest Grove - Todd 100 kV Ckt 1
280,L:5120:5945:345,2015-11-14 19:00:00,2015-11-23 19:00:00,planned,Oneida - Bl England Station 345 kV Cir. 1
18011,L:20247:20313:100,2015-11-23 19:00:00,2015-12-13 19:00:00,planned,Bowling Green Generating Sta - Cecil 100 kV Line 1
17244,L:19844:19845:100,2015-11-17 19:00:00,2015-11-20 19:00:00,planned,Mcminn - Avery 100 kV Ckt 1
628,L:5279:5977:138,2015-11-17 19:00:00,2015-12-03 19:00:00,planned,Raceway - Cii Carbon Llc 138 kV Cir. 1
2457,L:6026:7139:345,2015-11-15 19:00:00,2015-12-05 19:00:00,planned,Caledonia Alte - Northwest Tap 345 kV
17385,L:19906:20257:100,2015-11-16 19:00:00,2015-11-20 19:00:00,planned,North Beaver Dam Substation - Lion Mountain 100 kV Ckt 1
19176,L:22777:22789:100,2015-11-20 19:00:00,2015-11-27 19:00:00,planned,Arsenal Hill - Whitewater 100 kV Cir. 1
12671,L:17386:17387:138,2015-11-21 19:00:00,2015-12-03 19:00:00,planned,Factory - Webb 138 kV Line 1
6740,L:8105:8111:138,2015-11-21 19:00:00,2015-12-07 19:00:00,planned,Mertens - Lewistown 138 kV Line 1
14881,L:18827:19675:100,2015-11-14 19:00:00,2015-11-16 19:00:00,planned,Aqualinda - Mohawk 100 kV Ckt 2
971,L:5448:5473:138,2015-11-22 19:00:00,2015-11-29 19:00:00,planned,Northside - Harden 138 kV #1
17237,L:19841:19843:100,2015-11-20 19:00:00,2015-12-03 19:00:00,planned,Shinrock Substation - Fischer 100 kV Ckt 1
16855,L:19679:19682:100,2015-11-19 19:00:00,2015-11-26 19:00:00,planned,Alliance Castings - Terrell 100 kV
5218,L:7310:7315:138,2015-11-20 19:00:00,2015-11-26 19:00:00,planned,Roselle - Loughridge 138 kV L
14011,L:18367:18369:138,2015-11-19 19:00:00,2015-12-05 19:00:00,planned,Gary - Belcher Mtn 138 kV Line 1
19451,L:22860:22973:100,2015-11-16 19:00:00,2015-11-18 19:00:00,planned,Renwind - Burro Bridge 100 kV Circuit 1
9936,L:9593:9594:138,2015-11-18 19:00:00,2015-12-05 19:00:00,planned,Red Lion - Broadford 138 kV Line
12686,L:17397:17404:138,2015-11-22 19:00:00,2015-11-23 19:00:00,planned,Sol - Yellowcake 138 kV
15526,L:19100:19102:100,2015-11-19 19:00:00,2015-12-02 19:00:00,planned,Flambeau Solar Partners - Estacada 100 kV Circuit 1
5569,L:7509:8250:345,2015-11-21 19:00:00,2015-11-30 19:00:00,planned,Seguin W - William F Matson Generating Station 345 kV Cir. 1
3398,L:6467:8345:138,2015-11-20 19:00:00,2015-12-08 19:00:00,planned,Eklutna Generation Sta - Silverbrook 138 kV Circuit 1
20682,L:23317:23526:100,2015-11-15 19:00:00,2015-11-30 19:00:00,planned,Quantum Lake Power Lp Substation - Mesquite Town E 100 kV
4579,L:7114:7130:345,2015-11-18 19:00:00,2015-12-07 19:00:00,planned,Montour Station - Talenenergy Martins Crk Llc Williamsport 345 kV Cir. 1
547,L:5241:5306:138,2015-11-19 19:00:00,2015-11-22 19:00:00,planned,New Freedom - Coffee Port 138 kV Line 1
16301,L:19513:19522:100,2015-11-20 19:00:00,2015-11-22 19:00:00,planned,Montello - Union Falls 100 kV #1
4002,L:6804:7102:138,2015-11-19 19:00:00,2015-11-30 19:00:00,planned,Quincy - Cimarron Riv Substation 138 kV Line 1
16094,L:19389:19413:230,2015-11-14 19:00:00,2015-11-30 19:00:00,planned,Hailey - Staunton 230 kV Cir. 1
2418,L:6013:6014:138,2015-11-16 19:00:00,2015-12-01 19:00:00,planned,Five Falls - Pulpgen 138 kV #1
6268,L:7866:8131:138,2015-11-17 19:00:00,2015-11-24 19:00:00,planned,Turkey Pt - Westfork 138 kV line
13788,L:18230:18255:138,2015-11-16 19:00:00,2015-11-24 19:00:00,planned,Chemical - Alum Creek 138 kV Circuit 1
7705,L:8497:8811:138,2015-11-20 19:00:00,2015-11-25 19:00:00,planned,Dumas - Kern Canyon 138 kV Ckt 1
15691,L:19187:19195:100,2015-11-20 19:00:00,2015-12-06 19:00:00,planned,Rockingham - F B Culley 100 kV Circuit 1
15391,L:19046:19469:100,2015-11-15 19:00:00,2015-12-01 19:00:00,planned,Calhoun City - Atlanta 100 kV
16151,L:19413:19578:500,2015-11-18 19:00:00,2015-12-04 19:00:00,planned,Hailey - A E Term 500 kV
17006,L:19744:20279:100,2015-11-18 19:00:00,2015-11-28 19:00:00,planned,Canyon - Aneth 100 kV Cir. 1
20800,L:23396:23414:100,2015-11-16 19:00:00,2015-11-28 19:00:00,planned,Peabody - L V Sutton Combined Cycle 100 kV
7578,L:8443:8450:138,2015-11-16 19:00:00,2015-11-25 19:00:00,planned,Sauk Dpc Solar - Hardwick 138 kV Circuit 1
17651,L:20032:20034:230,2015-11-21 19:00:00,2015-12-05 19:00:00,planned,Belmont Substation - Canfield 230 kV
15666,L:19174:19568:100,2015-11-23 19:00:00,2015-12-03 19:00:00,planned,Akron - Overlook 100 kV Line 1
10670,L:9892:10059:138,2015-11-14 19:00:00,2015-11-25 19:00:00,planned,Davis Drive - Sterling Park 138 kV line
4,L:2601:2620:161,2015-11-23 19:00:00,2015-11-28 19:00:00,planned,Gary Works - N Lakes 161 kV #1
13559,L:18096:18160:138,2015-11-14 19:00:00,2015-11-16 19:00:00,planned,South Randolph - Marcy 138 kV Ckt 1
10385,L:9756:9758:138,2015-11-30 19:00:00,2015-12-17 19:00:00,planned,Puna Geothermal Venturei Substation - A Whoch 138 kV Cir. 1
4988,L:7203:7382:138,2015-11-30 19:00:00,2015-12-12 19:00:00,planned,Argo - Willow Lawn 138 kV Line 1
2880,L:6220:6672:138,2015-11-30 19:00:00,2015-12-12 19:00:00,planned,Dunn Siding - Leesburg Picciola 138 kV Cir. 1
17606,L:20008:20253:100,2015-12-07 19:00:00,2015-12-22 19:00:00,planned,Mcdonnell - Seneca City Of 100 kV Circuit 1
11132,L:10127:10129:138,2015-12-05 19:00:00,2015-12-15 19:00:00,planned,Churchland - Ubc North Campus 138 kV #1
934,L:5423:5425:138,2015-12-01 19:00:00,2015-12-18 19:00:00,planned,Tolo - Canadys Substation 138 kV Cir. 1
429,L:5187:5455:138,2015-11-30 19:00:00,2015-12-13 19:00:00,planned,Peachland - Airport 138 kV #1
3012,L:6280:6298:345,2015-12-07 19:00:00,2015-12-20 19:00:00,planned,Cromby - Mesa View 345 kV
18992,L:22332:23514:100,2015-12-02 19:00:00,2015-12-14 19:00:00,planned,Calumet Energy Team Llc - Mi-Wuk 100 kV
9750,L:9479:9483:138,2015-12-02 19:00:00,2015-12-03 19:00:00,planned,Harmony Hills - Pratt'S 138 kV Ckt 1
15481,L:19078:19083:100,2015-12-01 19:00:00,2015-12-20 19:00:00,planned,Richard - North Silver 100 kV L
2753,L:6157:6200:345,2015-12-01 19:00:00,2015-12-11 19:00:00,planned,Forest City Light Plant - Warrington 345 kV #1
8419,L:8841:8891:138,2015-12-04 19:00:00,2015-12-19 19:00:00,planned,Kensington - Twinbrook 138 kV
20887,L:23433:23521:100,2015-12-05 19:00:00,2015-12-17 19:00:00,planned,Sabrooke - Simplot 100 kV
17238,L:19841:20132:100,2015-12-02 19:00:00,2015-12-15 19:00:00,planned,Fischer - J.M. Shafer 100 kV
140,L:3171:3508:161,2015-11-29 19:00:00,2015-12-09 19:00:00,planned,Mccabe - Minue St 161 kV
17018,L:19746:19762:100,2015-12-07 19:00:00,2015-12-24 19:00:00,planned,Jarvis - Reeves 100 kV Circuit 1
10757,L:9927:10065:138,2015-12-03 19:00:00,2015-12-17 19:00:00,planned,Wheler - Pine Tree Acres 138 kV
11904,L:11197:11198:138,2015-11-30 19:00:00,2015-12-11 19:00:00,planned,Rosemary Power Sta - Bluemound 138 kV #1
3510,L:6523:6526:138,2015-12-01 19:00:00,2015-12-21 19:00:00,planned,Fish Creek - Roza 138 kV L
9391,L:9286:9310:138,2015-12-08 19:00:00,2015-12-11 19:00:00,planned,Chase City - Pe Ell 138 kV
8076,L:8684:9713:138,2015-12-03 19:00:00,2015-12-08 19:00:00,planned,N Alexandria - Potomac Riv 138 kV #1
10566,L:9840:10082:138,2015-12-08 19:00:00,2015-12-23 19:00:00,planned,Jardines Metropolitanos 1310 - Vapor 138 kV Ckt 1
19743,L:22950:23491:100,2015-12-07 19:00:00,2015-12-23 19:00:00,planned,Sky Lake - Fisk St 100 kV Cir. 2
13825,L:18247:18680:138,2015-12-08 19:00:00,2015-12-24 19:00:00,planned,Hughesair - Harrison St 138 kV
1634,L:5769:5786:138,2015-12-06 19:00:00,2015-12-25 19:00:00,planned,Jackson Rd - Passaic Vly Water Commission 138 kV Ckt 1
333,L:5143:5154:138,2015-12-07 19:00:00,2015-12-20 19:00:00,planned,Northwest Texarkana - Minotola Sta 138 kV Ckt 1
6372,L:7919:7971:138,2015-12-06 19:00:00,2015-12-07 19:00:00,planned,Gans - Hat Crk 2 138 kV Line 1
5297,L:7365:7368:138,2015-12-01 19:00:00,2015-12-05 19:00:00,planned,Napoleonville - Chatom 138 kV #1
21442,L:24064:24067:100,2015-12-06 19:00:00,2015-12-10 19:00:00,planned,Glenbrook - Quil Ceda 100 kV Circuit 1
11188,L:10161:10165:138,2015-12-08 19:00:00,2015-12-23 19:00:00,planned,Lindendale D.P - Entergy Sa S 138 kV Ckt 2
5938,L:7703:7807:138,2016-01-16 08:00:00,2016-01-31 08:00:00,planned,Lauderdale - Gateway 138 kV
18909,L:22097:22395:100,2016-01-17 08:00:00,2016-01-20 08:00:00,planned,Vail - Makahoy Substation 100 kV
18406,L:21206:21523:100,2016-01-12 08:00:00,2016-01-17 08:00:00,planned,Romeo - Arkansas 100 kV Ckt 1
6699,L:8085:8087:138,2016-01-19 08:00:00,2016-02-02 08:00:00,planned,Essex Junction 19 - Etiwanda 138 kV Circuit 1
5859,L:7665:7675:138,2016-01-14 08:00:00,2016-02-03 08:00:00,planned,Cardinal - Matanzas 138 kV Line 1
19357,L:22840:22960:100,2016-01-14 08:00:00,2016-01-16 08:00:00,planned,Rogers - Drummond 100 kV Line 1
6748,L:8113:8114:138,2016-01-19 08:00:00,2016-01-23 08:00:00,planned,Glen Avon Substation - Port Madison 138 kV
1621,L:5755:5757:138,2016-01-19 08:00:00,2016-02-03 08:00:00,planned,Mount Tom - Garvins Falls 138 kV
17766,L:20090:20097:100,2016-01-14 08:00:00,2016-01-20 08:00:00,planned,Ashdown 69 - Ravenna 100 kV Circuit 1
9585,L:9380:9423:138,2016-01-18 08:00:00,2016-02-06 08:00:00,planned,Penook - Rapson 138 kV #1
18280,L:20991:21710:100,2016-01-17 08:00:00,2016-01-23 08:00:00,planned,Sister Lakes - Berrien Springs Substation 100 kV #1
5854,L:7663:8251:138,2016-01-12 08:00:00,2016-01-29 08:00:00,planned,Station 153 - Waterside 138 kV Line 1
5574,L:7512:7513:138,2016-01-13 08:00:00,2016-01-22 08:00:00,planned,Woodlands Substation - Kenedy 138 kV
15734,L:19205:19248:100,2016-01-12 08:00:00,2016-01-14 08:00:00,planned,Five Pints - Grs Lyon 100 kV Ckt 1
11221,L:10189:10192:138,2016-01-18 08:00:00,2016-01-26 08:00:00,planned,Cranes Corer - Lone Tree Substation 138 kV Circuit 1
17520,L:19973:19996:100,2016-01-13 08:00:00,2016-02-02 08:00:00,planned,Arkansas Nuclear One - Hillabee Sta 100 kV Ckt 1
5616,L:7530:7531:138,2016-01-14 08:00:00,2016-02-02 08:00:00,planned,Nantahala - Kennecott 138 kV Line 1
7031,L:8256:8276:345,2016-01-10 08:00:00,2016-01-30 08:00:00,planned,Victoria Tc 7001-7007-7008 - Granada 345 kV Cir. 1
9075,L:9132:9485:138,2016-01-17 08:00:00,2016-02-04 08:00:00,planned,Meldrim - Nevada Solar One 138 kV #1
7727,L:8505:8530:138,2016-01-14 08:00:00,2016-01-20 08:00:00,planned,Goudchaux - Rosemore B 138 kV Line 1
19299,L:22826:23184:100,2016-01-11 08:00:00,2016-01-22 08:00:00,planned,Dodge Jct - South Shaftbury 100 kV #1
701,L:5311:6892:138,2016-01-19 08:00:00,2016-01-31 08:00:00,planned,Chase - Riggsville 138 kV
9408,L:9297:9529:138,2016-01-19 08:00:00,2016-01-28 08:00:00,planned,Jacksons Ferry Substation - Chisholm 138 kV Line 1
3373,L:6454:6468:138,2016-01-13 08:00:00,2016-01-15 08:00:00,planned,Point Beach Station - Orange 138 kV L
17505,L:19965:20276:100,2016-01-14 08:00:00,2016-02-01 08:00:00,planned,Saint Cloud - Sour Lake 100 kV #1
14992,L:18863:18867:100,2016-01-19 08:00:00,2016-01-24 08:00:00,planned,Denton W Interchange Substation - Great Falls Sc 100 kV L
9971,L:9616:9618:138,2016-01-12 08:00:00,2016-01-22 08:00:00,planned,Goulding - Coolidge Substation 138 kV
10649,L:9877:9915:138,2016-01-10 08:00:00,2016-01-12 08:00:00,planned,Waterport - Pomona Hts 138 kV Circuit 1
3480,L:6511:6648:345,2016-01-11 08:00:00,2016-01-17 08:00:00,planned,Emigration - Vfw Park 345 kV Circuit 1
5116,L:7253:7389:345,2016-01-16 08:00:00,2016-02-05 08:00:00,planned,Mcclellan-Bell - Goodyear Lake Plant 345 kV Circuit 1
17813,L:20109:20201:100,2016-01-16 08:00:00,2016-01-20 08:00:00,planned,Tibbits - Detour 100 kV Line 1
5459,L:7457:7459:138,2016-01-16 08:00:00,2016-01-24 08:00:00,planned,N Havasu - Craggy 138 kV Ckt 1
15183,L:18949:19576:230,2016-01-12 08:00:00,2016-01-22 08:00:00,planned,Coyote Point - Larson St 230 kV #1
6186,L:7819:7831:138,2016-01-15 08:00:00,2016-01-31 08:00:00,planned,Boulevard - Necanicum 138 kV line
19682,L:22922:23514:100,2016-01-17 08:00:00,2016-02-02 08:00:00,planned,Mi-Wuk - Cascade Steel 100 kV
9347,L:9263:9270:138,2016-01-10 08:00:00,2016-01-14 08:00:00,planned,Turkey Pen - Garden Creek 138 kV Cir. 1
662,L:5294:6932:138,2016-01-11 08:00:00,2016-01-12 08:00:00,planned,Waneeta - Warren 138 kV
8620,L:8943:8959:138,2016-01-12 08:00:00,2016-01-18 08:00:00,planned,Sandy Spring - Geismar Cogen 138 kV Circuit 1
5535,L:7492:7961:138,2016-01-17 08:00:00,2016-01-25 08:00:00,planned,Minco - Nyssa 138 kV Ckt 1
18621,L:21763:21779:100,2016-01-16 08:00:00,2016-01-22 08:00:00,planned,Wayedale - Mckinley 100 kV #1
10876,L:9975:10278:345,2016-01-18 08:00:00,2016-02-02 08:00:00,planned,Northern Neck - Whirlwind 345 kV
13978,L:18344:18345:138,2016-01-13 08:00:00,2016-01-19 08:00:00,planned,North Monroe - Idahome 138 kV
2300,L:5981:5988:138,2016-01-10 08:00:00,2016-01-22 08:00:00,planned,Benndale Substation - Pirkey 138 kV Cir. 1
13512,L:18065:18217:138,2016-01-10 08:00:00,2016-01-20 08:00:00,planned,Kanawha Riv - Amboy 138 kV Circuit 1
6591,L:8038:8257:345,2016-01-16 08:00:00,2016-02-05 08:00:00,planned,Westland - Dragon St 345 kV #1
15092,L:18912:18913:100,2016-01-18 08:00:00,2016-01-24 08:00:00,planned,Forest Avenue Station - C.H. Dexter 100 kV Line 1
19778,L:22959:22964:100,2016-01-12 08:00:00,2016-01-20 08:00:00,planned,Dal Grauer - Blue Island 100 kV Circuit 2
249,L:3836:6116:138,2016-01-14 08:00:00,2016-01-31 08:00:00,planned,Lawrence County Sta - Cedar Ridge Wind Alte 138 kV
3301,L:6426:6447:138,2016-01-17 08:00:00,2016-01-30 08:00:00,planned,Chittenden - Modern Innovative Energy Llc 138 kV
16034,L:19348:19350:100,2016-01-10 08:00:00,2016-01-20 08:00:00,planned,Blue Racer - Muskogee 100 kV Line 1
17109,L:19780:20091:230,2016-01-11 08:00:00,2016-01-18 08:00:00,planned,Chamberlin - Imperial 230 kV
13562,L:18097:18478:138,2016-01-16 08:00:00,2016-01-18 08:00:00,planned,Elk City Llc - Edgeley 138 kV #1
15101,L:18916:18917:100,2016-01-10 08:00:00,2016-01-21 08:00:00,planned,Wagner Lake - Ballinger Humble Pump Exxon 100 kV Cir. 1
1976,L:5916:6160:138,2016-01-11 08:00:00,2016-01-23 08:00:00,planned,Suntree - Glen Head 138 kV #1
14948,L:18852:19168:100,2016-01-14 08:00:00,2016-01-21 08:00:00,planned,Yellow Springs - Ellsworth Hydro Station 100 kV Ckt 1
734,L:5330:5331:138,2016-01-14 08:00:00,2016-01-15 08:00:00,planned,Bearden - Elk River City Of 138 kV #1
8443,L:8847:8858:138,2016-01-10 08:00:00,2016-01-19 08:00:00,planned,Standard Oil 5 Substation - Engle-Eastern Tap 138 kV
16786,L:19645:19646:100,2016-01-18 08:00:00,2016-01-21 08:00:00,planned,Demoss - Madisonburg 100 kV #2
474,L:5212:5767:138,2016-01-10 08:00:00,2016-01-26 08:00:00,planned,Wine Crk Sta - Tweedy Substation 138 kV Ckt 1
8820,L:9057:9103:138,2016-01-16 08:00:00,2016-01-20 08:00:00,planned,Perryman - Sharon Amtrak 138 kV Line 1
108,L:2957:2965:161,2016-01-13 08:00:00,2016-01-14 08:00:00,planned,Gila - Penhorn 161 kV Cir. 1
4373,L:7057:7143:138,2016-01-17 08:00:00,2016-01-22 08:00:00,planned,Lancaster County Resource Recovery - Little Mtn 138 kV #1
6014,L:7738:7854:345,2016-01-18 08:00:00,2016-01-31 08:00:00,planned,Karn - Erie W 345 kV Cir. 1
17417,L:19920:19931:100,2016-01-19 08:00:00,2016-01-27 08:00:00,planned,Moorcroft - Stent Tap 100 kV Cir. 1
20710,L:23335:23464:100,2016-01-17 08:00:00,2016-01-22 08:00:00,planned,Strathmore - Goldmine 100 kV Circuit 1
12293,L:17035:18620:138,2016-01-18 08:00:00,2016-01-20 08:00:00,planned,Peebles - Fortson 138 kV line
11483,L:10291:10292:138,2016-01-14 08:00:00,2016-01-25 08:00:00,planned,Idalia - Harris Hydro 138 kV
3777,L:6681:7022:138,2016-01-13 08:00:00,2016-01-17 08:00:00,planned,Springhill - Shell Chemical Substation 138 kV line
17699,L:20054:20056:230,2016-01-13 08:00:00,2016-01-20 08:00:00,planned,Williams Lake - North Medina 230 kV Cir. 1
13702,L:18182:18184:138,2016-02-12 19:00:00,2016-02-26 19:00:00,planned,Firstenergy Harrison Power Station - Northwoods 138 kV Line 1
20025,L:23036:23074:100,2016-02-05 19:00:00,2016-02-12 19:00:00,planned,Wilkins - Bellaire 100 kV
8592,L:8929:8953:138,2016-02-09 19:00:00,2016-02-15 19:00:00,planned,Mohave Electric - Nasa 138 kV Ckt 1
4064,L:6860:6869:138,2016-02-09 19:00:00,2016-02-16 19:00:00,planned,E Batavia Substation - Sandy Run 138 kV #1
13659,L:18160:18697:345,2016-02-11 19:00:00,2016-02-18 19:00:00,planned,South Randolph - Stevensville 345 kV Ckt 1
8462,L:8856:8870:138,2016-02-10 19:00:00,2016-02-27 19:00:00,planned,Clarksburg - Moonstone 138 kV Circuit 1
8585,L:8925:8964:138,2016-02-04 19:00:00,2016-02-05 19:00:00,planned,Waitsburg - Smarr Energy Center Substation 138 kV Circuit 1
10684,L:9896:9904:138,2016-02-11 19:00:00,2016-02-29 19:00:00,planned,Dranesville - Rainbow Falls Hydro 138 kV Cir. 2
14156,L:18471:18472:138,2016-02-09 19:00:00,2016-02-22 19:00:00,planned,Cibolo - Pidgeon 138 kV
6663,L:8073:8074:138,2016-02-08 19:00:00,2016-02-20 19:00:00,planned,Gillett - Fondo Del Seguro Del Estado 138 kV Cir. 1
12992,L:17759:18417:138,2016-02-09 19:00:00,2016-02-12 19:00:00,planned,Turkey Creek - Tom Watkins 138 kV
7503,L:8408:8415:138,2016-02-11 19:00:00,2016-02-29 19:00:00,planned,Leggett - Vly Ese 138 kV Circuit 1
2934,L:6240:6244:138,2016-02-09 19:00:00,2016-02-19 19:00:00,planned,Satsuma - Gabriel Substation 138 kV Circuit 1
4991,L:7204:7384:138,2016-02-04 19:00:00,2016-02-17 19:00:00,planned,Rancho Vistoso - Alabama Switch 138 kV
10450,L:9781:9794:138,2016-02-08 19:00:00,2016-02-15 19:00:00,planned,Alkali - Harrowgate 138 kV #1
15064,L:18897:19575:230,2016-02-10 19:00:00,2016-02-12 19:00:00,planned,Woodsdale - New Scotland 230 kV
640,L:5286:5303:138,2016-02-06 19:00:00,2016-02-23 19:00:00,planned,Sparwood Substation - Eureka Sta E 138 kV Cir. 1
1532,L:5700:5840:138,2016-02-13 19:00:00,2016-02-25 19:00:00,planned,Hcf - Mill Cteek 138 kV Line 1
4967,L:7195:8206:345,2016-02-08 19:00:00,2016-02-10 19:00:00,planned,W Branch - Hato Rey Gis 1403-1404 345 kV Cir. 1
3119,L:6328:6329:138,2016-02-09 19:00:00,2016-02-24 19:00:00,planned,Mossyrck Pp Substation - Pheasant Branch 138 kV Line
2656,L:6113:6683:138,2016-02-11 19:00:00,2016-03-02 19:00:00,planned,Grover - Nile Creek Terminal 138 kV Cir. 1
9857,L:9546:9575:138,2016-02-08 19:00:00,2016-02-14 19:00:00,planned,Upper Mechanicville - Sweetwater 138 kV Ckt 1
2695,L:6126:6127:138,2016-02-13 19:00:00,2016-03-01 19:00:00,planned,Palm - Mouton 138 kV Circuit 1
2251,L:5970:6005:345,2016-02-06 19:00:00,2016-02-12 19:00:00,planned,St. Clair - Woodstown 345 kV Cir. 1
17158,L:19807:20199:230,2016-02-13 19:00:00,2016-02-17 19:00:00,planned,Bayou Vista - Ruskin 230 kV Line 1
15166,L:18942:20261:500,2016-02-08 19:00:00,2016-02-17 19:00:00,planned,Waldo - Galion Generating Sta 500 kV
17070,L:19766:19780:100,2016-02-09 19:00:00,2016-02-23 19:00:00,planned,Roundpond - Imperial 100 kV Ckt 1
12344,L:17058:17060:138,2016-02-05 19:00:00,2016-02-09 19:00:00,planned,Knott - Peaksview 138 kV Circuit 1
7657,L:8480:8526:138,2016-02-08 19:00:00,2016-02-10 19:00:00,planned,Dinosaur - Middle River 138 kV Cir. 1
19334,L:22832:23092:100,2016-02-05 19:00:00,2016-02-15 19:00:00,planned,Nelson Road Substation - Tri-Corner 100 kV Ckt 1
21094,L:23478:23497:100,2016-02-11 19:00:00,2016-02-13 19:00:00,planned,Dixleta - Sterling Steel 100 kV Line 1
15965,L:19323:19331:100,2016-02-10 19:00:00,2016-02-27 19:00:00,planned,Lee Vining - W Hills 100 kV
254,L:3849:3850:161,2016-02-06 19:00:00,2016-02-11 19:00:00,planned,Pensacola Florida Plant - Ruthbelle 161 kV Line 1
16431,L:19545:20065:100,2016-02-08 19:00:00,2016-02-09 19:00:00,planned,Celina Solar Project 1 Llc - Dickson 100 kV #1
9651,L:9411:9941:138,2016-02-04 19:00:00,2016-02-17 19:00:00,planned,Us Gypsum - Gustine 138 kV #1
19411,L:22849:22853:100,2016-02-11 19:00:00,2016-02-18 19:00:00,planned,Moreo Tap - Comed Devon 100 kV Ckt 3
15092,L:18912:18913:100,2016-02-07 19:00:00,2016-02-27 19:00:00,planned,C.H. Dexter - Forest Avenue Sta 100 kV #1
19059,L:22574:22751:100,2016-02-13 19:00:00,2016-03-03 19:00:00,planned,Stave Falls - Castle Hills 100 kV Line 1
9524,L:9352:9353:138,2016-02-05 19:00:00,2016-02-21 19:00:00,planned,Zanja - Floyd 138 kV Circuit 1
288,L:5123:5149:138,2016-02-08 19:00:00,2016-02-19 19:00:00,planned,Navy Mole - Falls City 138 kV
9077,L:9133:9134:138,2016-02-13 19:00:00,2016-03-01 19:00:00,planned,Palm Springs - Newburg 138 kV #1
17687,L:20048:20273:100,2016-02-10 19:00:00,2016-02-22 19:00:00,planned,El Patio - Rittman 100 kV Cir. 1
11219,L:10185:10196:138,2016-02-04 19:00:00,2016-02-09 19:00:00,planned,Edenville - Blue Lagoon 138 kV Line
5668,L:7555:8244:500,2016-02-10 19:00:00,2016-03-01 19:00:00,planned,Aes Beaver Valley Partners Beaver Vly - Lions Road 500 kV
12293,L:17035:18620:138,2016-02-11 19:00:00,2016-02-21 19:00:00,planned,Peebles - Fortson 138 kV Cir. 1
10689,L:9898:10061:138,2016-02-06 19:00:00,2016-02-21 19:00:00,planned,Hemdon - Riteaid Substation 138 kV #1
16054,L:19367:19545:100,2016-02-09 19:00:00,2016-02-21 19:00:00,planned,Plainfied S - Celina Solar Project 1 Llc Substation 100 kV Ckt 1
21476,L:24089:24592:230,2016-02-06 19:00:00,2016-02-21 19:00:00,planned,Alachua - Maalaea 230 kV Line 1
1502,L:5683:7162:500,2016-02-12 19:00:00,2016-02-29 19:00:00,planned,N. Shannon - Weber 500 kV Ckt 1
20759,L:23360:23361:100,2016-02-11 19:00:00,2016-02-23 19:00:00,planned,Redding Power - Gulf City 100 kV Line 1
11993,L:16487:16490:138,2016-02-10 19:00:00,2016-02-21 19:00:00,planned,Rgersville - Mar 138 kV Line 1
19768,L:22955:22964:100,2016-02-09 19:00:00,2016-02-27 19:00:00,planned,Wildwood - Blue Island 100 kV
11074,L:10101:10109:138,2016-02-09 19:00:00,2016-02-14 19:00:00,planned,Schnitzer Steel - North Madison 345138Kv 138 kV Ckt 1
6253,L:7853:7858:138,2016-02-06 19:00:00,2016-02-13 19:00:00,planned,Portuguez - Stiles Sw Sta 138 kV Ckt 1
15782,L:19222:19253:100,2016-02-05 19:00:00,2016-02-12 19:00:00,planned,Deerfield 5 Substation - Plymouth 3 100 kV #1
3599,L:6570:6574:138,2016-02-07 19:00:00,2016-02-12 19:00:00,planned,Bloomington Whitehall Pike - Banta Carbona 138 kV Line
6285,L:7872:8184:138,2016-02-28 19:00:00,2016-03-01 19:00:00,planned,Adobe - Lake City 138 kV Cir. 1
10791,L:9942:10276:138,2016-02-26 19:00:00,2016-03-10 19:00:00,planned,Dnny Terrace - Blackjack 138 kV #1
4498,L:7104:7170:138,2016-03-01 19:00:00,2016-03-05 19:00:00,planned,Hunlock Unit 4 Substation - Cachete 1529 Substation 138 kV Cir. 1
10852,L:9964:9982:138,2016-02-26 19:00:00,2016-03-04 19:00:00,planned,Macneil Substation - Elmont 138 kV Cir. 1
9881,L:9562:9563:138,2016-02-23 19:00:00,2016-03-06 19:00:00,planned,Claypool Hill - Seattle City N 138 kV
3501,L:6519:6664:138,2016-02-29 19:00:00,2016-03-02 19:00:00,planned,Dumbarton - Weatherspoon Plant Station 138 kV Ckt 1
9812,L:9514:9515:138,2016-02-26 19:00:00,2016-03-04 19:00:00,planned,E Sidney - Shepaug 138 kV Line 1
13867,L:18281:18284:138,2016-03-01 19:00:00,2016-03-10 19:00:00,planned,Oakdale - East Franklin 138 kV Line 1
9561,L:9372:9383:138,2016-03-01 19:00:00,2016-03-15 19:00:00,planned,Golden 69 - Kelim Substation 138 kV Ckt 1
19931,L:23006:23091:100,2016-02-23 19:00:00,2016-03-05 19:00:00,planned,Camanche Dam Substation - Lake Hubbard 100 kV #1
10383,L:9754:9757:138,2016-02-24 19:00:00,2016-02-28 19:00:00,planned,Yadkin - R  Morrow Substation 138 kV Circuit 1
287,L:5122:5145:138,2016-02-23 19:00:00,2016-03-12 19:00:00,planned,Mayaguez - Hawkins 138 kV #1
1662,L:5784:5792:138,2016-02-24 19:00:00,2016-03-02 19:00:00,planned,County Line - Jefferies Sta 138 kV
5924,L:7699:7701:138,2016-03-03 19:00:00,2016-03-08 19:00:00,planned,Live Oak - Ironbound 138 kV #1
2728,L:6145:6598:138,2016-02-28 19:00:00,2016-03-06 19:00:00,planned,Health Administrative Service - Ruch Substation 138 kV Ckt 1
2480,L:6034:6351:138,2016-03-01 19:00:00,2016-03-02 19:00:00,planned,Holloman A.F.B - Port Hudson 138 kV Circuit 1
16967,L:19734:19928:100,2016-02-25 19:00:00,2016-03-14 19:00:00,planned,Progressive - St. Charles Power Plant 100 kV
15525,L:19099:19132:100,2016-03-01 19:00:00,2016-03-19 19:00:00,planned,Hiawatha - St Cloud 100 kV
3005,L:6276:6575:138,2016-03-01 19:00:00,2016-03-18 19:00:00,planned,Eagle Crk - Uknown12262 138 kV Ckt 1
19645,L:22912:22933:100,2016-02-23 19:00:00,2016-03-02 19:00:00,planned,Storage Tek I - Indian Head 100 kV Cir. 1
18994,L:22332:23514:100,2016-03-01 19:00:00,2016-03-17 19:00:00,planned,Calumet Energy Team Llc Substation - Mi-Wuk 100 kV
13356,L:17985:18340:138,2016-03-03 19:00:00,2016-03-20 19:00:00,planned,Hurricane - Covanta Hennepin Energy 138 kV
763,L:5347:5978:138,2016-02-26 19:00:00,2016-03-01 19:00:00,planned,Woodstock - Wolfskill 138 kV Line 1
18799,L:21994:21997:100,2016-03-01 19:00:00,2016-03-11 19:00:00,planned,Columbia Hills - Sibley No Two 100 kV #1
19768,L:22955:22964:100,2016-02-24 19:00:00,2016-03-12 19:00:00,planned,Wildwood - Blue Sland 100 kV Cir. 1
14893,L:18832:18845:100,2016-02-27 19:00:00,2016-03-03 19:00:00,planned,Robbinsville - Windhub 100 kV
509,L:5228:5236:138,2016-03-01 19:00:00,2016-03-08 19:00:00,planned,Santa Rosa - T.S. Power 138 kV #1
19377,L:22843:23499:100,2016-02-29 19:00:00,2016-03-15 19:00:00,planned,Georgia Pacific Paper - N Troy 100 kV Circuit 2
17441,L:19936:20260:100,2016-02-29 19:00:00,2016-03-15 19:00:00,planned,Twksbury - Avon Lake 100 kV #1
3083,L:6312:7027:138,2016-02-24 19:00:00,2016-03-01 19:00:00,planned,Redondo 1 - W Gilman Rd 138 kV Circuit 1
1156,L:5532:6155:138,2016-02-23 19:00:00,2016-03-07 19:00:00,planned,Lutesville - Linton 138 kV Line
18913,L:22100:22673:100,2016-03-03 19:00:00,2016-03-11 19:00:00,planned,Deer Crk - Gruver 100 kV Ckt 1
14647,L:18728:19524:100,2016-02-26 19:00:00,2016-03-13 19:00:00,planned,Vacaville Tap - Wolverine Creek 100 kV #1
15391,L:19046:19469:100,2016-03-01 19:00:00,2016-03-17 19:00:00,planned,Calhoun City Substation - Atlanta 100 kV Line 1
5560,L:7506:8132:138,2016-02-26 19:00:00,2016-03-12 19:00:00,planned,Oxford Dam - Eldredge Formby 138 kV #1
5415,L:7432:7686:138,2016-03-03 19:00:00,2016-03-23 19:00:00,planned,Powersville Rd - Cold Spring Rd 138 kV Line 1
15155,L:18936:19505:100,2016-02-23 19:00:00,2016-03-06 19:00:00,planned,Sub 18936 - Arabi 100 kV Circuit 1
4973,L:7198:7271:138,2016-02-25 19:00:00,2016-02-26 19:00:00,planned,Orange Grove-Watt Substation - Biomass One Power Plant 138 kV
20278,L:23140:23153:100,2016-02-26 19:00:00,2016-03-06 19:00:00,planned,Rapides - Southwyck 100 kV Ckt 2
21429,L:24035:24600:500,2016-03-03 19:00:00,2016-03-07 19:00:00,planned,Washington Park Ds - Farragut 500 kV Ckt 1
2603,L:6080:7134:138,2016-02-23 19:00:00,2016-02-29 19:00:00,planned,Almeda - Ontelaunee Energy Center 138 kV #1
6642,L:8064:8071:138,2016-02-29 19:00:00,2016-03-03 19:00:00,planned,Maarthur - Essex 138 kV Circuit 1
8974,L:9091:9098:345,2016-03-02 19:00:00,2016-03-17 19:00:00,planned,Morgantown - Monroe St Substation 345 kV Circuit 1
2078,L:5931:5960:345,2016-02-26 19:00:00,2016-03-10 19:00:00,planned,Read Oak Sta - Edison 345 kV
15261,L:18987:19358:100,2016-02-26 19:00:00,2016-03-14 19:00:00,planned,S Knoxville - North Knox Substation 100 kV Circuit 1
10218,L:9679:10283:138,2016-02-26 19:00:00,2016-03-05 19:00:00,planned,Oyehut - Commonwealth Chesapeake 138 kV Cir. 1
20186,L:23107:23228:100,2016-02-25 19:00:00,2016-03-10 19:00:00,planned,Storey - Parksville 100 kV #1
17825,L:20116:20121:100,2016-02-23 19:00:00,2016-02-26 19:00:00,planned,Forbing Rd - Creelman 100 kV
5577,L:7514:7524:138,2016-03-02 19:00:00,2016-03-06 19:00:00,planned,Skidaway - Spring Vly 138 kV Circuit 1
20407,L:23187:23224:100,2016-03-03 19:00:00,2016-03-11 19:00:00,planned,Brevort - Maguire Rd 100 kV Line
17684,L:20047:20192:100,2016-02-28 19:00:00,2016-03-19 19:00:00,planned,Rosemont Substation - Copley 100 kV #1
8625,L:8947:8967:138,2016-02-25 19:00:00,2016-03-06 19:00:00,planned,Brevard - Los Angeles Hts 138 kV
578,L:5253:5300:138,2016-02-23 19:00:00,2016-02-26 19:00:00,planned,Gvrd Sewage - Chevgen 138 kV
7392,L:8364:8365:138,2016-03-01 19:00:00,2016-03-18 19:00:00,planned,Angola - Robinsonville 138 kV
639,L:5285:5320:138,2016-02-23 19:00:00,2016-03-14 19:00:00,planned,Cartwright - Sienna 138 kV Line
4365,L:7053:7139:138,2016-02-24 19:00:00,2016-03-12 19:00:00,planned,Forman - Northwet Tap 138 kV Circuit 1
12445,L:17167:17458:138,2016-03-31 08:00:00,2016-04-10 08:00:00,planned,Tims Ford - Hutchinson County 138 kV #1
9226,L:9203:9521:138,2016-04-06 08:00:00,2016-04-21 08:00:00,planned,Ross Fork - Otter 138 kV Circuit 1
16997,L:19741:19767:100,2016-03-29 08:00:00,2016-04-16 08:00:00,planned,Fap - Rabbit Creek 100 kV #1
17453,L:19941:20264:230,2016-04-02 08:00:00,2016-04-16 08:00:00,planned,Calera T.S - Beaver 230 kV
15549,L:19116:19135:100,2016-03-31 08:00:00,2016-04-15 08:00:00,planned,Eugene - Belridge 1B 100 kV Ckt 1
16990,L:19739:19762:100,2016-04-05 08:00:00,2016-04-21 08:00:00,planned,University Circle - Reeves 100 kV Ckt 2
10700,L:9904:9905:138,2016-04-05 08:00:00,2016-04-18 08:00:00,planned,Sully - Rainbow Falls Hydro 138 kV Ckt 1
9741,L:9472:9503:138,2016-03-31 08:00:00,2016-04-04 08:00:00,planned,Buckhorn - Mandan Jct 138 kV #1
2653,L:6112:6113:138,2016-04-05 08:00:00,2016-04-12 08:00:00,planned,Central - Groer 138 kV #1
772,L:5355:5379:138,2016-04-03 08:00:00,2016-04-18 08:00:00,planned,Abbott - Dower 138 kV
14612,L:18714:18773:230,2016-04-05 08:00:00,2016-04-20 08:00:00,planned,Galeville - Allendale Biomass 230 kV #1
2688,L:6125:6126:138,2016-04-06 08:00:00,2016-04-19 08:00:00,planned,Acec Roslin - Palm 138 kV Circuit 1
15396,L:19049:19076:100,2016-03-29 08:00:00,2016-04-07 08:00:00,planned,Ductile - Taylor 100 kV
8063,L:8680:10277:345,2016-04-05 08:00:00,2016-04-11 08:00:00,planned,Possum Pt - Indian 345 kV Line 1
17019,L:19746:19762:100,2016-04-02 08:00:00,2016-04-22 08:00:00,planned,Jarvis Substation - Reeves 100 kV #2
9502,L:9339:9444:138,2016-04-03 08:00:00,2016-04-21 08:00:00,planned,Danville New Design Plant - Axton 138 kV L
6661,L:8073:20215:100,2016-04-02 08:00:00,2016-04-19 08:00:00,planned,Gillett Substation - Hooker 100 kV #1
20641,L:23302:23310:100,2016-04-05 08:00:00,2016-04-07 08:00:00,planned,South Hall - Deep Springs 100 kV
10659,L:9884:10155:345,2016-04-01 08:00:00,2016-04-05 08:00:00,planned,Braddock - Rienzi 345 kV
13257,L:17940:18232:138,2016-03-29 08:00:00,2016-04-04 08:00:00,planned,Hernshaw - Boone 138 kV
6043,L:7752:7771:138,2016-04-01 08:00:00,2016-04-12 08:00:00,planned,Carrizo Plains - Bandini 138 kV Cir. 1
17619,L:20015:20037:100,2016-04-05 08:00:00,2016-04-10 08:00:00,planned,Lawson Rd Substation - Ellis 100 kV #1
18796,L:21993:21999:100,2016-03-31 08:00:00,2016-04-06 08:00:00,planned,Nuclear Fuels - Pineville 100 kV Cir. 1
9665,L:9420:9432:138,2016-03-29 08:00:00,2016-03-30 08:00:00,planned,Coopers Corner - Welco 138 kV Ckt 1
10375,L:9751:10210:138,2016-04-06 08:00:00,2016-04-24 08:00:00,planned,Oshkosh - Grantsville 138 kV Ckt 1
13867,L:18281:18284:138,2016-03-31 08:00:00,2016-04-03 08:00:00,planned,Oakdale - East Franklin 138 kV Ckt 1
1836,L:5882:7111:138,2016-04-06 08:00:00,2016-04-18 08:00:00,planned,Michigan Avenue - Martins Crk 138 kV Ckt 1
3332,L:6438:6443:138,2016-04-04 08:00:00,2016-04-10 08:00:00,planned,Concho - Sharon Hill 138 kV Circuit 2
19756,L:22951:23047:100,2016-04-06 08:00:00,2016-04-12 08:00:00,planned,Jim Christal - Hiwasee Dam 100 kV Line 1
17364,L:19895:19896:100,2016-04-05 08:00:00,2016-04-07 08:00:00,planned,East Findlay - York Ctr 100 kV Circuit 1
3341,L:6442:6465:138,2016-04-03 08:00:00,2016-04-16 08:00:00,planned,Loraine County Project - Paxson Dirve 138 kV
8778,L:9037:9043:138,2016-03-31 08:00:00,2016-04-06 08:00:00,planned,Clermont E - Elmo 138 kV Ckt 1
11608,L:10354:10367:138,2016-03-28 08:00:00,2016-04-02 08:00:00,planned,Greens Road - Wyman Hydro 138 kV Ckt 1
8414,L:8841:8876:345,2016-03-28 08:00:00,2016-04-02 08:00:00,planned,Kingsberry Substation - Twinbrook 345 kV Circuit 1
14833,L:18809:19535:230,2016-03-28 08:00:00,2016-04-14 08:00:00,planned,Jewett - Millercoors Trenton Brewery 230 kV Circuit 1
16790,L:19646:20061:100,2016-04-06 08:00:00,2016-04-14 08:00:00,planned,Madisonburg Substation - Keystone Hts Electrical Substation 100 kV Cir. 2
13690,L:18173:18181:138,2016-04-03 08:00:00,2016-04-09 08:00:00,planned,Glenn-Colusa Irrig Substation - Cooper Nuclear Station 138 kV Cir. 1
13965,L:18338:18705:345,2016-04-06 08:00:00,2016-04-08 08:00:00,planned,Milroy Substation - Tristate 345 kV
14008,L:18365:18385:138,2016-04-03 08:00:00,2016-04-20 08:00:00,planned,Deuce - E Bridgewter 138 kV Ckt 1
16982,L:19738:19760:230,2016-04-05 08:00:00,2016-04-21 08:00:00,planned,Macon Solar Power Project - Kelly 230 kV Line 1
720,L:5320:6891:138,2016-04-05 08:00:00,2016-04-16 08:00:00,planned,Cartwright - Cuthbert 138 kV Line 1
1161,L:5535:5536:138,2016-04-03 08:00:00,2016-04-09 08:00:00,planned,Planta Tratamiento A.A.A Substation - I-94 138 kV Cir. 1
11075,L:10101:10217:138,2016-04-05 08:00:00,2016-04-21 08:00:00,planned,Schnitzer Steel - Diamond Springs 138 kV line
9449,L:9319:9607:138,2016-04-05 08:00:00,2016-04-07 08:00:00,planned,Randolph Field - North Delphos Substation 138 kV Circuit 1
19775,L:22958:22963:100,2016-04-04 08:00:00,2016-04-07 08:00:00,planned,Hegewisch - Tower Automotive 100 kV
8829,L:9059:9089:345,2016-03-30 08:00:00,2016-04-07 08:00:00,planned,Chalk T - Calvert Cliffs 345 kV Circuit 1
15793,L:19228:19229:100,2016-04-04 08:00:00,2016-04-23 08:00:00,planned,Viscount - Bidgewater 100 kV Circuit 1
17194,L:19822:19824:100,2016-04-04 08:00:00,2016-04-14 08:00:00,planned,Quaker Oats - Chevron 100 kV
12578,L:17312:17315:138,2016-03-28 08:00:00,2016-04-13 08:00:00,planned,C W Tippy - Wesville 138 kV #1
10338,L:9736:10264:138,2016-03-30 08:00:00,2016-04-15 08:00:00,planned,Lake Charles Plant - Bear Island 138 kV
15157,L:18937:18980:100,2016-04-01 08:00:00,2016-04-07 08:00:00,planned,Kimball Road - New Spackenkill 100 kV Line 1
12808,L:17584:17586:138,2016-04-02 08:00:00,2016-04-16 08:00:00,planned,Mwd Temescal - White Tanks Aps 138 kV Cir. 2
17212,L:19828:20082:100,2016-04-03 08:00:00,2016-04-20 08:00:00,planned,Ellendale - Mccall Substtaion 100 kV Circuit 1
2479,L:6033:7115:138,2016-03-31 08:00:00,2016-04-01 08:00:00,planned,Dixon Tap - Hamilton Pa Substation 138 kV Ckt 1
19794,L:22965:23455:230,2016-04-04 08:00:00,2016-04-22 08:00:00,planned,Lower Granite - Manlove-Folsom Substation 230 kV Ckt 1
12501,L:17215:17786:138,2016-04-06 08:00:00,2016-04-08 08:00:00,planned,Rio Bravo - Interchange 138 kV
3992,L:6795:6813:138,2016-04-02 08:00:00,2016-04-03 08:00:00,planned,Spring Crk - Pomaria 138 kV Line 1
20605,L:23289:23304:100,2016-03-31 08:00:00,2016-04-14 08:00:00,planned,Pinal - Tate & Lyle Decatur Plant Cogen 100 kV Line 1
5814,L:7640:7810:138,2016-04-01 08:00:00,2016-04-18 08:00:00,planned,Potato Rapids - Southwick 138 kV #1
3815,L:6700:6701:138,2016-04-01 08:00:00,2016-04-19 08:00:00,planned,Marcus Hook Refinery Cogen - Colorado Riv 138 kV Circuit 1
17129,L:19792:19927:100,2016-03-31 08:00:00,2016-04-06 08:00:00,planned,Lake Geneva - Carencro 100 kV Line 1
7262,L:8297:8308:138,2016-03-30 08:00:00,2016-04-02 08:00:00,planned,Dover Sun Park - Honcut 138 kV Cir. 1
12099,L:16925:17359:138,2016-04-03 08:00:00,2016-04-21 08:00:00,planned,Sahtlam - Sugarmill 138 kV Circuit 1
13869,L:18283:18608:138,2016-03-29 08:00:00,2016-04-14 08:00:00,planned,Riverbank - Surrey 138 kV
13788,L:18230:18255:138,2016-03-28 08:00:00,2016-04-02 08:00:00,planned,Chemical - Alum Creek 138 kV Cir. 1
8234,L:8742:17910:345,2016-03-31 08:00:00,2016-04-08 08:00:00,planned,Huntingdon - Kearneyville 345 kV Circuit 1
8103,L:8694:8836:138,2016-05-26 18:00:00,2016-06-12 18:00:00,planned,Normal West-Parkside Substaition - Bethesda 138 kV Line
13727,L:18195:18350:138,2016-05-22 18:00:00,2016-06-01 18:00:00,planned,Templeton - Bringhurst 138 kV Circuit 1
17367,L:19896:19897:100,2016-05-22 18:00:00,2016-06-11 18:00:00,planned,W Melrose - Yrk Ctr 100 kV
20333,L:23158:23224:100,2016-05-25 18:00:00,2016-05-29 18:00:00,planned,Gibson Sta - Brevort 100 kV
15700,L:19191:19193:100,2016-05-25 18:00:00,2016-05-27 18:00:00,planned,Orange Riv - Browns Vly 100 kV Cir. 1
19802,L:22966:23500:100,2016-05-31 18:00:00,2016-06-10 18:00:00,planned,Florida Power Development - Messik 100 kV Cir. 1
15052,L:18894:18896:100,2016-05-22 18:00:00,2016-06-08 18:00:00,planned,Wesmeco Substation - Spene 100 kV #1
12434,L:17160:17586:138,2016-05-23 18:00:00,2016-05-29 18:00:00,planned,Carmenita - White Tanks Aps 138 kV Ckt 1
13452,L:18034:18263:138,2016-05-31 18:00:00,2016-06-19 18:00:00,planned,Gold Hill - E Sparta 138 kV #1
17745,L:20083:20084:100,2016-05-24 18:00:00,2016-05-28 18:00:00,planned,Scituate - Pearland 100 kV #1
13780,L:18226:18236:138,2016-05-22 18:00:00,2016-06-05 18:00:00,planned,Millhopper - Turquoise 138 kV Ckt 1
11192,L:10166:10277:138,2016-05-27 18:00:00,2016-06-06 18:00:00,planned,Novec Smoketown - Possum Pt 138 kV Cir. 1
7990,L:8656:8669:138,2016-05-29 18:00:00,2016-06-12 18:00:00,planned,Ryceville - Coachella Valley 138 kV
5933,L:7702:7709:345,2016-05-25 18:00:00,2016-05-31 18:00:00,planned,San German Tc 6406 - Stegall 345 kV
18138,L:20283:20314:100,2016-05-28 18:00:00,2016-06-09 18:00:00,planned,Bowling Green Electric No 4 - Statesville Delivery No 3 100 kV
11105,L:10112:10115:138,2016-05-22 18:00:00,2016-06-01 18:00:00,planned,Cherrydale Solar Power Facility - Jolly Hill 138 kV Ckt 1
13776,L:18224:18240:138,2016-05-22 18:00:00,2016-06-03 18:00:00,planned,Runge - Mres Alexandria 138 kV Circuit 1
15830,L:19251:19265:100,2016-05-28 18:00:00,2016-05-31 18:00:00,planned,Interbay - Southpac 100 kV Circuit 1
8244,L:8749:8856:138,2016-05-28 18:00:00,2016-06-09 18:00:00,planned,Clarsburg - Wissota 138 kV #1
9696,L:9436:9482:345,2016-05-24 18:00:00,2016-05-30 18:00:00,planned,Dayon Substation - Franklin-Laguna 345 kV #1
2060,L:5929:6800:138,2016-05-28 18:00:00,2016-06-15 18:00:00,planned,Fairground - Glendon 138 kV Line 1
8274,L:8772:9064:138,2016-05-27 18:00:00,2016-06-04 18:00:00,planned,Waupun Correctional Central Heating Plt - Deep Crk 138 kV
6890,L:8217:8218:138,2016-05-31 18:00:00,2016-06-10 18:00:00,planned,Cholame - Armawak 138 kV Ckt 1
14023,L:18372:18381:138,2016-05-30 18:00:00,2016-06-16 18:00:00,planned,Coalinga 2 - Red Tail 138 kV Cir. 1
12674,L:17388:17662:138,2016-05-28 18:00:00,2016-06-07 18:00:00,planned,Acacia Substation - Hernano 138 kV
17037,L:19753:20285:100,2016-05-27 18:00:00,2016-06-09 18:00:00,planned,Brigatano Substation - Jm Manufacturing 100 kV Ckt 1
13918,L:18317:18479:138,2016-05-23 18:00:00,2016-05-28 18:00:00,planned,Benwood - Sand Sta 138 kV Circuit 1
4117,L:6897:6946:138,2016-05-25 18:00:00,2016-05-30 18:00:00,planned,Tunnel - Schuylkill 138 kV Ckt 1
15497,L:19086:19092:100,2016-05-22 18:00:00,2016-06-10 18:00:00,planned,Mariposa - Reaver 100 kV Cir. 1
5587,L:7519:8259:138,2016-05-22 18:00:00,2016-06-09 18:00:00,planned,Deer Park Energy Center - Almyra 138 kV Line 1
17698,L:20052:20192:100,2016-05-28 18:00:00,2016-05-29 18:00:00,planned,Copley - Silver Spur 100 kV Circuit 1
20447,L:23216:23350:100,2016-05-22 18:00:00,2016-05-27 18:00:00,planned,Sequoyah - Sprintbrook 100 kV Line 1
15356,L:19030:19281:500,2016-05-25 18:00:00,2016-06-02 18:00:00,planned,Jack Ramey Wind - Goethe-Mayhew 500 kV Ckt 1
14377,L:18641:18645:138,2016-05-29 18:00:00,2016-05-30 18:00:00,planned,Amea Peaking - Dluzerne 138 kV Cir. 1
15925,L:19301:19302:100,2016-05-24 18:00:00,2016-05-26 18:00:00,planned,Hammond Station - Valmy 100 kV
6855,L:8190:8237:138,2016-05-26 18:00:00,2016-06-09 18:00:00,planned,Curry Ford - Monongahela L&D4 Hydroelectric Project 138 kV Line
3776,L:6681:6993:138,2016-05-22 18:00:00,2016-06-05 18:00:00,planned,Springhill - Camgen 138 kV #1
20312,L:23148:23165:100,2016-05-28 18:00:00,2016-05-30 18:00:00,planned,Picadilly Substation - West Sparta 100 kV Line 1
18368,L:21194:21203:100,2016-05-25 18:00:00,2016-06-01 18:00:00,planned,Harney - Dow St Charles Operations 100 kV Line 1
4662,L:7127:9103:345,2016-05-27 18:00:00,2016-06-09 18:00:00,planned,Sharon Amtrak - Amps 345 kV
17100,L:19780:19783:100,2016-05-26 18:00:00,2016-05-30 18:00:00,planned,Imperial - Oncor Mason 100 kV Circuit 2
7769,L:8523:8775:138,2016-05-31 18:00:00,2016-06-12 18:00:00,planned,Falling Branch - Rocky Ford 138 kV Cir. 1
19405,L:22849:22886:230,2016-05-29 18:00:00,2016-06-08 18:00:00,planned,Moreno Tap Substation - Flax Hill 230 kV Circuit 1
19806,L:22968:23027:100,2016-06-17 17:00:00,2016-06-22 17:00:00,planned,Lansing - Arbors 100 kV
651,L:5290:6938:138,2016-06-17 17:00:00,2016-07-04 17:00:00,planned,Sunny Isles - Bala 138 kV Circuit 1
13339,L:17978:18756:100,2016-06-14 17:00:00,2016-06-27 17:00:00,planned,Overlake Substation - Pedey 100 kV line
5887,L:7673:8103:345,2016-06-16 17:00:00,2016-07-01 17:00:00,planned,Peoria - West Campus 345 kV Circuit 1
13490,L:18056:18061:138,2016-06-11 17:00:00,2016-06-29 17:00:00,planned,Grade Lane - Gladeview 138 kV #1
489,L:5220:5785:138,2016-06-20 17:00:00,2016-06-22 17:00:00,planned,Cayetano - Calectric 138 kV
6820,L:8166:8258:138,2016-06-15 17:00:00,2016-07-01 17:00:00,planned,Whitney - Glade Substation 138 kV Cir. 1
13109,L:17843:18705:345,2016-06-11 17:00:00,2016-06-29 17:00:00,planned,Hubbardstown - Tristate Substation 345 kV
1499,L:5683:5925:345,2016-06-15 17:00:00,2016-06-20 17:00:00,planned,Glen Gardner - Weber 345 kV Ckt 1
16286,L:19504:19505:100,2016-06-17 17:00:00,2016-07-03 17:00:00,planned,W New Philadelphia - Arabi 100 kV line
12831,L:17595:17769:138,2016-06-20 17:00:00,2016-07-05 17:00:00,planned,Hausen Crk - Sunnyslope 138 kV Circuit 1
19634,L:22907:23504:100,2016-06-14 17:00:00,2016-06-27 17:00:00,planned,Groton Muni - Ustick 100 kV
5317,L:7381:7447:138,2016-06-11 17:00:00,2016-06-18 17:00:00,planned,Aguada 7201 - Chesterfield 138 kV Line 1
7280,L:8305:8360:138,2016-06-19 17:00:00,2016-06-29 17:00:00,planned,Greenbrae - Sagebrush 138 kV
19454,L:22862:22894:100,2016-06-20 17:00:00,2016-06-21 17:00:00,planned,Philadlephia - Lincoln St S 100 kV Ckt 1
10397,L:9760:10213:138,2016-06-12 17:00:00,2016-06-17 17:00:00,planned,Cato - Brandy Branch 138 kV #1
20348,L:23166:23257:100,2016-06-11 17:00:00,2016-06-13 17:00:00,planned,Aguilita 5817 - La Veta 100 kV #1
16701,L:19604:20234:100,2016-06-14 17:00:00,2016-06-16 17:00:00,planned,W Dallas Tap - Mccartney 100 kV Circuit 1
10854,L:9965:9966:138,2016-06-19 17:00:00,2016-07-05 17:00:00,planned,South Glens Falls Hydroelectric - Finley Combustion 138 kV #1
8711,L:8997:9003:138,2016-06-11 17:00:00,2016-06-22 17:00:00,planned,Drop 2 - Scottsdale 138 kV #1
15978,L:19327:19328:100,2016-06-17 17:00:00,2016-07-01 17:00:00,planned,Capitan - Pantano 100 kV
11313,L:10248:10290:138,2016-06-13 17:00:00,2016-06-27 17:00:00,planned,Tricou - Birchwood 138 kV
2647,L:6109:6986:138,2016-06-19 17:00:00,2016-07-01 17:00:00,planned,Washingon - Block Island 138 kV Line 1
9121,L:9149:9151:138,2016-06-20 17:00:00,2016-07-01 17:00:00,planned,Guaynabo Pueblo 1901 1904 - Timberwolf 138 kV Line 1
17837,L:20129:20130:100,2016-06-15 17:00:00,2016-06-16 17:00:00,planned,Nooksett Hydro - Clyde Hill 100 kV Ckt 1
20350,L:23167:23189:100,2016-06-13 17:00:00,2016-06-29 17:00:00,planned,Spring Brook - Route 59 100 kV
10603,L:9859:9875:138,2016-06-14 17:00:00,2016-06-15 17:00:00,planned,Sideburn - Tony Lappos 138 kV #1
9964,L:9611:9613:138,2016-06-16 17:00:00,2016-06-20 17:00:00,planned,Abingdon - Elverta-Cherrybrooke 138 kV Ckt 1
934,L:5423:5425:138,2016-06-16 17:00:00,2016-06-17 17:00:00,planned,Tolo - Canadys 138 kV
10600,L:9858:9888:138,2016-06-15 17:00:00,2016-06-23 17:00:00,planned,Green Sprngs - Port Allen Hi 138 kV #1
5908,L:7689:8281:138,2016-06-16 17:00:00,2016-06-26 17:00:00,planned,Allegheny Hydro No 8 - Allegheny Hydro No 9 138 kV line
1594,L:5739:5757:138,2016-06-19 17:00:00,2016-07-06 17:00:00,planned,Garvins Falls - Murfreesboro Road Substation 138 kV Ckt 1
16132,L:19404:19414:100,2016-06-16 17:00:00,2016-06-19 17:00:00,planned,Taunton Tap - Hamakua Energy Plant 100 kV
3315,L:6431:6462:138,2016-06-15 17:00:00,2016-06-18 17:00:00,planned,Alcoa Sw Sta - Edic 138 kV Cir. 1
5534,L:7492:7500:138,2016-06-17 17:00:00,2016-06-27 17:00:00,planned,Minco - Jackson 138 kV
7691,L:8489:8560:138,2016-06-15 17:00:00,2016-06-21 17:00:00,planned,6Th South - Falls Hydro 138 kV
20317,L:23150:23180:100,2016-06-16 17:00:00,2016-06-30 17:00:00,planned,Byhalia - Slocum Terminal 100 kV Cir. 1
815,L:5369:5862:138,2016-07-22 16:00:00,2016-07-27 16:00:00,planned,Pit 7 Tap - W Side 138 kV Line 1
6041,L:7751:7764:138,2016-07-20 16:00:00,2016-07-26 16:00:00,planned,Western Fher - Beechwood Dp 138 kV Ckt 1
7810,L:8539:8557:138,2016-07-17 16:00:00,2016-08-06 16:00:00,planned,Notch Cliff - Shaw Road 138 kV Circuit 1
7873,L:8587:9082:138,2016-07-18 16:00:00,2016-08-04 16:00:00,planned,Johnson Hill - Brandon Shores 138 kV
2552,L:6064:6532:138,2016-07-22 16:00:00,2016-07-28 16:00:00,planned,Brodhead Central - Ykk Usa Chestney 138 kV #1
21368,L:23878:23883:100,2016-07-21 16:00:00,2016-08-05 16:00:00,planned,Bolton Falls Substation - Fouke Substation 100 kV Circuit 1
2253,L:5970:6434:138,2016-07-19 16:00:00,2016-07-20 16:00:00,planned,St. Clair - Gregg 138 kV
19886,L:22988:23446:100,2016-07-23 16:00:00,2016-08-02 16:00:00,planned,Doodridge - Elgin Energy Center Llc 100 kV
6595,L:8040:8051:138,2016-07-17 16:00:00,2016-08-06 16:00:00,planned,Tahkenitch - Jemez Jmec 138 kV Line 1
8424,L:8842:9856:138,2016-07-20 16:00:00,2016-07-25 16:00:00,planned,Alumax - Quaker Ill 138 kV #2
11981,L:16482:16813:138,2016-07-22 16:00:00,2016-08-10 16:00:00,planned,Bertwood - King City 138 kV Cir. 1
19686,L:22925:22931:100,2016-07-24 16:00:00,2016-08-06 16:00:00,planned,Marks - Ashe 100 kV
443,L:5192:5770:345,2016-07-22 16:00:00,2016-08-02 16:00:00,planned,Snettisham - Peterson 345 kV #1
15570,L:19128:19139:100,2016-07-25 16:00:00,2016-08-13 16:00:00,planned,Bolton - Ballah Switch 100 kV Ckt 1
12794,L:17578:19240:100,2016-07-21 16:00:00,2016-08-04 16:00:00,planned,Broken Bow - Wachtel-Oak 100 kV Line
7104,L:8267:8276:500,2016-07-23 16:00:00,2016-08-01 16:00:00,planned,Victoria Tc 7001-7007-7008 - Love Bird 500 kV Cir. 1
14080,L:18410:18411:138,2016-07-22 16:00:00,2016-07-24 16:00:00,planned,Sacramento - White River Power Plant 138 kV #1
19356,L:22839:22969:100,2016-07-21 16:00:00,2016-08-10 16:00:00,planned,Sand Ridge - Segs 3 100 kV #1
21387,L:23886:23887:100,2016-07-19 16:00:00,2016-07-20 16:00:00,planned,Saltville - Cherokee 100 kV
19557,L:22883:22931:100,2016-07-22 16:00:00,2016-08-07 16:00:00,planned,Ashe - Henley Tap 100 kV Cir. 1
13014,L:17776:17777:138,2016-07-25 16:00:00,2016-08-09 16:00:00,planned,Bennett - Pitts 138 kV Circuit 1
2092,L:5933:7163:345,2016-07-20 16:00:00,2016-07-26 16:00:00,planned,Dell City - Marcus Hook Energy Lp Substation 345 kV Ckt 1
1866,L:5891:6005:345,2016-07-19 16:00:00,2016-08-02 16:00:00,planned,Woodstown - Dist 1000 345 kV Circuit 1
13208,L:17907:17918:138,2016-07-19 16:00:00,2016-08-07 16:00:00,planned,Polk Substation - Monroe Ne 138 kV #1
15241,L:18978:18996:100,2016-07-20 16:00:00,2016-07-25 16:00:00,planned,Nelway - Mutang 100 kV Line 1
7967,L:8643:9104:138,2016-07-19 16:00:00,2016-08-08 16:00:00,planned,Conowingo - Holland 138 kV #1
17707,L:20061:20281:100,2016-07-22 16:00:00,2016-07-24 16:00:00,planned,Keystone Hts Electrical - Lake Catherine 100 kV Circuit 1
6696,L:8084:19664:100,2016-07-16 16:00:00,2016-08-04 16:00:00,planned,St Landry - Orale 100 kV
771,L:5354:5450:138,2016-07-23 16:00:00,2016-08-08 16:00:00,planned,Jet - Grayling Generating Station 138 kV Cir. 1
4267,L:6995:6997:138,2016-07-18 16:00:00,2016-08-04 16:00:00,planned,Plaer - Crockett 138 kV Line 1
11168,L:10150:10155:138,2016-07-16 16:00:00,2016-07-25 16:00:00,planned,Rienzi - Cornelius 138 kV #1
17372,L:19897:20315:230,2016-07-24 16:00:00,2016-07-25 16:00:00,planned,W Melrose - Timber Switch 230 kV
759,L:5346:5349:138,2016-07-24 16:00:00,2016-08-12 16:00:00,planned,Fort Rock Substation - Silver Star 138 kV Circuit 1
17737,L:20077:20131:100,2016-07-22 16:00:00,2016-08-10 16:00:00,planned,Chic A - Dayton'S Bluff 100 kV Line 1
17999,L:20241:20281:100,2016-07-17 16:00:00,2016-07-28 16:00:00,planned,Smuckers - Lake Atherine 100 kV Line
19593,L:22888:23528:100,2016-07-24 16:00:00,2016-07-26 16:00:00,planned,Henagar - Aiyansh 100 kV Circuit 2
4965,L:7195:7382:138,2016-07-23 16:00:00,2016-08-03 16:00:00,planned,Willow Lawn - W Branch 138 kV Ckt 1
13672,L:18164:18693:345,2016-07-17 16:00:00,2016-08-04 16:00:00,planned,Bridgeport Energy - Harrison 345 kV Ckt 1
8762,L:9029:9030:138,2016-07-21 16:00:00,2016-07-31 16:00:00,planned,Dam No. 4 Hydro Station Substation - Firstenergy R Paul Smith Power Sta 138 kV #1
14938,L:18847:19353:100,2016-07-21 16:00:00,2016-08-07 16:00:00,planned,N Oakland - San Ysidro 100 kV Circuit 1
14675,L:18739:18742:100,2016-07-18 16:00:00,2016-08-06 16:00:00,planned,St. Thomas Hospital - Amsterdam Substation 100 kV L
9963,L:9610:9620:138,2016-07-21 16:00:00,2016-08-08 16:00:00,planned,Dennis Sta - Alief 138 kV Circuit 1
14211,L:18507:18508:138,2016-07-22 16:00:00,2016-08-05 16:00:00,planned,Soldotna Substation - White Sands Missile Range 138 kV Ckt 1
458,L:5203:5204:138,2016-07-19 16:00:00,2016-07-29 16:00:00,planned,Altamont - Quogue 138 kV Ckt 1
18914,L:22100:22673:100,2016-08-09 16:00:00,2016-08-13 16:00:00,planned,Deer Crk - Guver 100 kV Cir. 2
13843,L:18265:18269:138,2016-08-06 16:00:00,2016-08-12 16:00:00,planned,Cutrale Citrus Juices Usa Ii - 36Th St 138 kV #1
17302,L:19869:19871:100,2016-08-09 16:00:00,2016-08-24 16:00:00,planned,Case - La Vernia 100 kV
3474,L:6508:6510:138,2016-08-04 16:00:00,2016-08-21 16:00:00,planned,Ronkonkoma - Church Street 138 kV Ckt 1
9241,L:9213:9383:138,2016-08-10 16:00:00,2016-08-16 16:00:00,planned,Shepherds N - Kelim 138 kV Circuit 1
3874,L:6732:6756:138,2016-08-08 16:00:00,2016-08-17 16:00:00,planned,Kingstree - Middle Fork 138 kV
14507,L:18692:18706:345,2016-08-12 16:00:00,2016-08-27 16:00:00,planned,Dollarhide - State Line Combined Cycle 345 kV Line 1
3328,L:6437:7099:138,2016-08-09 16:00:00,2016-08-16 16:00:00,planned,Beresford - Eddystone 138 kV Ckt 1
15322,L:19015:19467:100,2016-08-10 16:00:00,2016-08-21 16:00:00,planned,Vineyard - Athena 100 kV #1
9680,L:9426:9430:138,2016-08-09 16:00:00,2016-08-11 16:00:00,planned,Halfax - Sinai 138 kV Circuit 1
11065,L:10096:10208:138,2016-08-11 16:00:00,2016-08-18 16:00:00,planned,Craney Island - Solway 138 kV Line 1
3633,L:6592:6616:138,2016-08-10 16:00:00,2016-08-27 16:00:00,planned,Northampton Generating Company Lp - Greenwood Mi 138 kV
1069,L:5501:5925:138,2016-08-06 16:00:00,2016-08-17 16:00:00,planned,Glen Gardner - Stella 138 kV Cir. 1
1298,L:5599:5908:138,2016-08-03 16:00:00,2016-08-17 16:00:00,planned,Midulla Generating Station - Old Bridge Clean Energy Center 138 kV
18741,L:21842:22000:100,2016-08-03 16:00:00,2016-08-10 16:00:00,planned,Lorin Industries - Tennoll 100 kV #1
5102,L:7249:7285:138,2016-08-09 16:00:00,2016-08-24 16:00:00,planned,Big Riv - Pcospnm 138 kV Circuit 1
9540,L:9363:9364:138,2016-08-11 16:00:00,2016-08-16 16:00:00,planned,Gallatin Tn - Balch 138 kV line
10870,L:9973:9978:138,2016-08-03 16:00:00,2016-08-07 16:00:00,planned,Williamson - Highway 22 138 kV Line 1
7664,L:8483:8569:138,2016-08-03 16:00:00,2016-08-08 16:00:00,planned,Texlake - Bull Sluice 138 kV Line 1
9552,L:9369:9374:138,2016-08-06 16:00:00,2016-08-11 16:00:00,planned,W Bassett - Brodhead S 138 kV
10420,L:9770:9832:138,2016-08-12 16:00:00,2016-08-19 16:00:00,planned,Uknown - Walthall 138 kV
2533,L:6053:6057:138,2016-08-11 16:00:00,2016-08-19 16:00:00,planned,W Mcalln - Joshua Falls Substation 138 kV
20835,L:23410:23413:100,2016-08-07 16:00:00,2016-08-14 16:00:00,planned,Industrial Boulevard Sw - Fall Creek 100 kV Cir. 1
15029,L:18885:18888:100,2016-08-06 16:00:00,2016-08-20 16:00:00,planned,Golden Sands - Rosendale 100 kV #1
13347,L:17981:18609:138,2016-08-05 16:00:00,2016-08-21 16:00:00,planned,Orday - Trumbo 138 kV Cir. 1
17917,L:20181:20203:100,2016-08-10 16:00:00,2016-08-13 16:00:00,planned,Pine - Water 100 kV Circuit 2
18629,L:21764:21784:100,2016-08-09 16:00:00,2016-08-19 16:00:00,planned,Rose Hill - Moreau 100 kV Cir. 1
13165,L:17885:17887:138,2016-08-09 16:00:00,2016-08-20 16:00:00,planned,Mike Donteen - Mcclelland 138 kV
1487,L:5680:5836:138,2016-08-08 16:00:00,2016-08-19 16:00:00,planned,Jones Bluff - Rubidoux 138 kV Circuit 1
7868,L:8581:8583:138,2016-08-03 16:00:00,2016-08-22 16:00:00,planned,Yankee Doodle - Sharon Spring 138 kV Line 1
20675,L:23316:23474:100,2016-08-05 16:00:00,2016-08-15 16:00:00,planned,Clearlake - Foreman N 100 kV
12339,L:17055:17056:138,2016-09-01 17:00:00,2016-09-03 17:00:00,planned,Compton Rd - Happy Canyon 138 kV L
5256,L:7336:7339:138,2016-09-02 17:00:00,2016-09-05 17:00:00,planned,Sandy - Elk Horn 138 kV Cir. 1
7539,L:8425:8973:138,2016-09-06 17:00:00,2016-09-24 17:00:00,planned,Lanpri - Bonnie Brae 138 kV #1
7668,L:8484:8578:138,2016-09-08 17:00:00,2016-09-23 17:00:00,planned,Torrington Terminal - Aj Swope 138 kV
4913,L:7177:7179:138,2016-09-01 17:00:00,2016-09-21 17:00:00,planned,Em St - Sagamore Plant Cogeneration 138 kV #1
8155,L:8712:9100:138,2016-08-31 17:00:00,2016-09-17 17:00:00,planned,Lake Louise - Summit Lake 138 kV #1
13022,L:17783:17790:138,2016-09-04 17:00:00,2016-09-22 17:00:00,planned,New London Avenue - Ponchatoula 138 kV Line
5712,L:7568:8157:138,2016-09-02 17:00:00,2016-09-19 17:00:00,planned,American Crystal Sugar Drayton - Secord 138 kV Ckt 1
1854,L:5890:5943:345,2016-09-08 17:00:00,2016-09-28 17:00:00,planned,Flatwood - Hutchinson Plant 2 345 kV Cir. 1
9214,L:9198:9200:138,2016-09-01 17:00:00,2016-09-16 17:00:00,planned,De Solar 1725 Drywall Dr - Caguas Tc 138 kV Cir. 1
12538,L:17237:17778:138,2016-09-04 17:00:00,2016-09-06 17:00:00,planned,Grafton - Tumbler Ridge 138 kV
2687,L:6125:7141:345,2016-09-03 17:00:00,2016-09-19 17:00:00,planned,Derby - Acec Roslin 345 kV Line 1
6661,L:8073:20215:100,2016-09-01 17:00:00,2016-09-11 17:00:00,planned,Gillett - Hooker 100 kV
9650,L:9411:9412:138,2016-08-30 17:00:00,2016-09-10 17:00:00,planned,Us Gypsum - Riverton 11534 Kv 138 kV Line 1
10806,L:9946:9986:138,2016-09-01 17:00:00,2016-09-04 17:00:00,planned,Short Pump Substation - Loving S 138 kV line
15020,L:18881:18883:100,2016-09-05 17:00:00,2016-09-07 17:00:00,planned,Montana - Dead Riv 100 kV Ckt 1
4924,L:7183:7477:138,2016-09-03 17:00:00,2016-09-06 17:00:00,planned,Weyerhaeuser White Riv - Owens Brockway 138 kV #1
823,L:5372:5401:345,2016-08-30 17:00:00,2016-09-16 17:00:00,planned,Laurel Ave - Edes Tap 2 345 kV #1
9013,L:9102:18501:138,2016-09-07 17:00:00,2016-09-21 17:00:00,planned,Flatiron - Roth Rock North Wind Farm Llc 138 kV
19394,L:22848:23466:100,2016-09-07 17:00:00,2016-09-11 17:00:00,planned,Maximo - Ce Turbo 100 kV Ckt 1
20524,L:23258:23420:100,2016-09-04 17:00:00,2016-09-18 17:00:00,planned,Yabucoa - East Ellensburg 100 kV Ckt 1
11179,L:10155:10277:345,2016-09-02 17:00:00,2016-09-17 17:00:00,planned,Rienzi - Possum Pt 345 kV Cir. 1
323,L:5138:5142:138,2016-09-07 17:00:00,2016-09-20 17:00:00,planned,Woolworth Rd Co Op - Juneau 138 kV Line 1
8387,L:8829:8830:138,2016-09-04 17:00:00,2016-09-06 17:00:00,planned,Gentilly Road Substation - Lea National 138 kV Cir. 1
18287,L:20994:20997:100,2016-09-03 17:00:00,2016-09-10 17:00:00,planned,Wauna - Lone Pine 3 100 kV
8275,L:8773:8785:138,2016-09-08 17:00:00,2016-09-18 17:00:00,planned,White Trail - Lawrence Livermore 138 kV Ckt 1
12712,L:17419:17420:138,2016-08-31 17:00:00,2016-09-04 17:00:00,planned,Lake Blaine - Parks 138 kV Circuit 1
9552,L:9369:9374:138,2016-09-04 17:00:00,2016-09-07 17:00:00,planned,W Bassett - Brodhead South 138 kV Line 1
4013,L:6814:7121:138,2016-09-05 17:00:00,2016-09-16 17:00:00,planned,Sumner - Santa Isabel 138 kV Cir. 1
8328,L:8807:8832:138,2016-09-02 17:00:00,2016-09-17 17:00:00,planned,Ackley - Brighton 138 kV Circuit 1
15588,L:19133:19134:100,2016-10-16 17:00:00,2016-11-01 17:00:00,planned,Wansley - Fishhak 100 kV Ckt 1
2513,L:6047:6184:138,2016-10-13 17:00:00,2016-10-25 17:00:00,planned,Raceland - Plaquemine Cogeneration Plant 138 kV Line 1
4325,L:7027:7732:138,2016-10-10 17:00:00,2016-10-29 17:00:00,planned,W Gilman Road - Bridge River 138 kV Line 1
4248,L:6988:7101:138,2016-10-11 17:00:00,2016-10-29 17:00:00,planned,St Nicholas Cogen Project - Marengo-Sprr 138 kV
15200,L:18958:19556:100,2016-10-17 17:00:00,2016-10-24 17:00:00,planned,Websterville - Arcanum Peaking 100 kV
13863,L:18279:18285:138,2016-10-11 17:00:00,2016-10-13 17:00:00,planned,Birch Creek - Cliffside Substation 138 kV #1
14984,L:18862:18867:100,2016-10-13 17:00:00,2016-10-25 17:00:00,planned,Cedar Hill - Great Falls Sc 100 kV Circuit 3
8743,L:9015:9080:138,2016-10-16 17:00:00,2016-10-31 17:00:00,planned,Senate Wind - Maryland Solar 138 kV #1
4305,L:7016:7017:138,2016-10-11 17:00:00,2016-10-17 17:00:00,planned,Metro - Holbrook 138 kV Circuit 1
16050,L:19364:19531:100,2016-10-11 17:00:00,2016-10-17 17:00:00,planned,Mill Run - Bristers 100 kV Line 1
5047,L:7227:7270:138,2016-10-17 17:00:00,2016-10-31 17:00:00,planned,Mon Valley Works - Thompson Peak Tap 138 kV Cir. 1
5709,L:7567:7683:138,2016-10-19 17:00:00,2016-11-06 17:00:00,planned,Pelham - Madison-Kenneth 138 kV line
16477,L:19555:19580:100,2016-10-18 17:00:00,2016-10-27 17:00:00,planned,Southwest Shreveport - Woodland Biomass Tap 100 kV Cir. 1
10458,L:9786:9788:138,2016-10-19 17:00:00,2016-10-27 17:00:00,planned,Big Creek 1 - Jim Crk 138 kV Ckt 1
8114,L:8698:8724:138,2016-10-14 17:00:00,2016-10-15 17:00:00,planned,O St - Rosslyn 138 kV
20565,L:23274:23275:100,2016-10-18 17:00:00,2016-10-29 17:00:00,planned,Seaton - Colwood Tap 100 kV Circuit 1
19614,L:22898:22906:100,2016-10-14 17:00:00,2016-10-18 17:00:00,planned,Coto Lauel - Guardian Glass 100 kV
5495,L:7475:18147:138,2016-10-13 17:00:00,2016-10-20 17:00:00,planned,Highland City - Portrero Substation 138 kV Ckt 1
16300,L:19513:19519:100,2016-10-17 17:00:00,2016-10-25 17:00:00,planned,John Day Substation - Union Falls 100 kV Line 1
1800,L:5850:5851:138,2016-10-11 17:00:00,2016-10-12 17:00:00,planned,Sjve Madera - Mammoth Pacifc 2 138 kV #1
20885,L:23432:23479:100,2016-10-11 17:00:00,2016-10-14 17:00:00,planned,Kilarc - Balboa 100 kV Ckt 1
6548,L:8011:8279:345,2016-10-11 17:00:00,2016-10-13 17:00:00,planned,Homer City - Florida 8602 Substation 345 kV Cir. 1
6284,L:7872:8183:138,2016-10-16 17:00:00,2016-11-03 17:00:00,planned,Adobe - Delray 138 kV
5712,L:7568:8157:138,2016-10-13 17:00:00,2016-10-15 17:00:00,planned,Secord - American Crystal Sugar Drayton 138 kV #1
10428,L:9774:9775:138,2016-10-16 17:00:00,2016-11-02 17:00:00,planned,Cornell-Up - Danville Westover Plant 138 kV
14185,L:18490:18492:138,2016-10-19 17:00:00,2016-10-26 17:00:00,planned,Randolf Ctr Substation - Fordham 138 kV #1
19571,L:22884:22886:230,2016-10-10 17:00:00,2016-10-26 17:00:00,planned,Comed Substation - Flax Hill 230 kV
12104,L:16928:16929:138,2016-10-18 17:00:00,2016-10-25 17:00:00,planned,Fennimore - Vec Underhill 138 kV
17247,L:19846:19917:230,2016-10-12 17:00:00,2016-10-23 17:00:00,planned,Adams - West Batesville 230 kV Cir. 1
19225,L:22791:23423:100,2016-10-13 17:00:00,2016-11-02 17:00:00,planned,Central Ferry Substation - Aidlin Tap 100 kV Circuit 1
15506,L:19091:19134:230,2016-10-17 17:00:00,2016-10-20 17:00:00,planned,Keyes-Fibre Co - Fishhawk 230 kV Circuit 1
13434,L:18025:18572:138,2016-10-17 17:00:00,2016-10-23 17:00:00,planned,Cullman - Sandario 138 kV Line 1
14865,L:18822:19575:100,2016-10-10 17:00:00,2016-10-17 17:00:00,planned,Eastland Dist - Woodsdale Substation 100 kV
13729,L:18197:18199:138,2016-10-15 17:00:00,2016-10-17 17:00:00,planned,Ripley - Sargent Rd 138 kV Line 1
6329,L:7890:7909:138,2016-10-11 17:00:00,2016-10-28 17:00:00,planned,Azusa - No Maries 138 kV Ckt 1
8282,L:8775:9057:138,2016-10-13 17:00:00,2016-10-17 17:00:00,planned,Rocky Ford - Perryman 138 kV Line 2
10562,L:9839:10264:138,2016-10-10 17:00:00,2016-10-20 17:00:00,planned,Bear Island - Winger 138 kV
4017,L:6819:6828:138,2016-10-17 17:00:00,2016-10-19 17:00:00,planned,Oakley - Marsh Run Ct 138 kV Ckt 1
19315,L:22827:23495:230,2016-10-12 17:00:00,2016-10-18 17:00:00,planned,Rocky Road Power Llc - Seymour Johnson 230 kV
8239,L:8745:8753:138,2016-10-12 17:00:00,2016-10-26 17:00:00,planned,Coconut Grove - Bowman Street 138 kV L
17119,L:19786:19797:100,2016-10-19 17:00:00,2016-11-07 17:00:00,planned,Combee Road - Beatrice 100 kV Line 1
20393,L:23179:23513:100,2016-10-10 17:00:00,2016-10-15 17:00:00,planned,Bonanza Substation - Huebner 100 kV Line 1
6210,L:7826:7834:138,2016-10-12 17:00:00,2016-10-30 17:00:00,planned,Goshen - Franklin Drive Substation 138 kV Cir. 1
15065,L:18898:19213:230,2016-10-11 17:00:00,2016-10-30 17:00:00,planned,Idl Hour - Wood 230 kV
15102,L:18916:18918:100,2016-10-10 17:00:00,2016-10-22 17:00:00,planned,Wagner Lake Substation - Mcgregor Alte 100 kV
14736,L:18765:18781:100,2016-10-17 17:00:00,2016-10-18 17:00:00,planned,Southwest Hartford - Villa Terrace Wrec 100 kV Cir. 1
17778,L:20094:20107:100,2016-10-14 17:00:00,2016-10-29 17:00:00,planned,Dashville - Wyoga 100 kV Line 1
3819,L:6702:8110:138,2016-11-20 19:00:00,2016-11-21 19:00:00,planned,Hurricane Crk - Garibaldi 138 kV Circuit 1
2488,L:6038:6040:138,2016-11-13 19:00:00,2016-11-18 19:00:00,planned,Ochiltree - Mayport 138 kV
15858,L:19267:19268:100,2016-11-18 19:00:00,2016-11-30 19:00:00,planned,S Mission - Bridgehampton 100 kV Circuit 1
11316,L:10251:10252:138,2016-11-14 19:00:00,2016-11-20 19:00:00,planned,Burns - Ravalli 138 kV
19580,L:22886:23000:100,2016-11-17 19:00:00,2016-11-22 19:00:00,planned,Flax Hill - Lost Hills Substation 100 kV Ckt 1
14645,L:18727:18731:100,2016-11-17 19:00:00,2016-12-05 19:00:00,planned,Meridian St - Lucas Co Substation 100 kV Ckt 1
5882,L:7672:7673:345,2016-11-14 19:00:00,2016-11-24 19:00:00,planned,W Campus - Orchard Rd Substation 345 kV Ckt 1
10636,L:9871:9907:138,2016-11-16 19:00:00,2016-11-26 19:00:00,planned,Sprecher - Walney 138 kV
7531,L:8423:8460:138,2016-11-16 19:00:00,2016-11-25 19:00:00,planned,Stone Lake - Cordova-Folsom 138 kV #1
17243,L:19843:19932:100,2016-11-21 19:00:00,2016-11-26 19:00:00,planned,N Shore Beach - Shinrock 100 kV #1
19093,L:22598:22599:100,2016-11-16 19:00:00,2016-11-28 19:00:00,planned,Marley - Pokagon 100 kV
4177,L:6935:7140:138,2016-11-15 19:00:00,2016-11-25 19:00:00,planned,Gibsonton Substation - Bucks Creek 138 kV
17406,L:19917:20133:230,2016-11-21 19:00:00,2016-11-25 19:00:00,planned,W Batesville - Alleghany 230 kV Line 1
5472,L:7464:8037:138,2016-11-21 19:00:00,2016-12-04 19:00:00,planned,Ponderosa - Freeport 138 kV Cir. 1
14210,L:18506:18696:138,2016-11-15 19:00:00,2016-11-30 19:00:00,planned,Mountaineer Wind Energy Ctr - Cape Coral 138 kV Ckt 1
752,L:5342:5807:138,2016-11-18 19:00:00,2016-12-05 19:00:00,planned,Parkrose - Section 138 kV
11143,L:10130:10286:138,2016-11-21 19:00:00,2016-12-11 19:00:00,planned,Elizabeth River Power Sta - Pillar 138 kV Ckt 2
2808,L:6189:6611:138,2016-11-19 19:00:00,2016-12-01 19:00:00,planned,Line Crk Coal - Rialto 138 kV Line 1
6060,L:7759:7852:138,2016-11-12 19:00:00,2016-11-13 19:00:00,planned,S Fifth Street - Hanson Substation 138 kV Circuit 1
13640,L:18149:18153:138,2016-11-20 19:00:00,2016-11-30 19:00:00,planned,S Chester - Big Basin 138 kV Line 1
7848,L:8566:9086:138,2016-11-18 19:00:00,2016-12-07 19:00:00,planned,Monument St - Highlandtown 138 kV Ckt 1
10293,L:9724:9725:138,2016-11-20 19:00:00,2016-12-04 19:00:00,planned,Nexen Tap - Miller Redwood 138 kV Ckt 1
3085,L:6313:6823:138,2016-11-14 19:00:00,2016-11-19 19:00:00,planned,Duval Cear - Fox Crk 138 kV L
19497,L:22872:22930:100,2016-11-19 19:00:00,2016-12-03 19:00:00,planned,Canreed - Sun Prairie 100 kV Circuit 2
7751,L:8516:8525:345,2016-11-14 19:00:00,2016-11-16 19:00:00,planned,Plant Avenue - Sulpur Springs 345 kV
12208,L:16992:19256:100,2016-11-17 19:00:00,2016-11-18 19:00:00,planned,Refinery - Douglas Dam 100 kV Circuit 1
17771,L:20091:20206:100,2016-11-13 19:00:00,2016-11-26 19:00:00,planned,Chamberlin - Twinsburg 100 kV #1
3881,L:6736:6766:138,2016-11-20 19:00:00,2016-11-28 19:00:00,planned,Blanchard - Whtpain 138 kV Ckt 1
3084,L:6313:6314:138,2016-11-19 19:00:00,2016-11-24 19:00:00,planned,Duval Clear - Falling Water 138 kV Ckt 1
20010,L:23027:23028:100,2016-11-14 19:00:00,2016-12-04 19:00:00,planned,Arbors - Alpaugh 100 kV Line
4390,L:7066:7078:138,2016-11-14 19:00:00,2016-12-04 19:00:00,planned,Piedmont Green Power - Blair 138 kV
20515,L:23255:23508:100,2016-11-13 19:00:00,2016-11-23 19:00:00,planned,Kendall County Generation Facility - Dresden Genrating Station 100 kV Circuit 2
20641,L:23302:23310:100,2016-11-16 19:00:00,2016-11-20 19:00:00,planned,S Hall - Deep Springs 100 kV Line
11460,L:10286:10300:138,2016-11-17 19:00:00,2016-11-21 19:00:00,planned,Pillar - Mwd Etiwanda 138 kV Cir. 1
3157,L:6345:6405:138,2016-11-21 19:00:00,2016-12-07 19:00:00,planned,Woodmont - Grant 138 kV Line 1
9723,L:9457:16479:138,2016-11-20 19:00:00,2016-12-04 19:00:00,planned,Fremont Canyon Substation - Donaldsn Crk 138 kV #1
16758,L:19635:20119:100,2016-11-18 19:00:00,2016-11-23 19:00:00,planned,W Mount Vernon - Brightwater 100 kV #1
8629,L:8948:8950:138,2016-11-16 19:00:00,2016-12-02 19:00:00,planned,Toaping Castle - Wildercroft 138 kV Line 2
17975,L:20220:20310:100,2016-11-14 19:00:00,2016-11-15 19:00:00,planned,Meander - Black Ranch 100 kV Ckt 1
18428,L:21283:21377:100,2016-11-12 19:00:00,2016-11-16 19:00:00,planned,Alta - Darlington County 100 kV Cir. 1
12836,L:17597:17771:138,2016-11-14 19:00:00,2016-11-26 19:00:00,planned,Topmost - Scovill Rock 138 kV L
16311,L:19520:19522:100,2016-11-16 19:00:00,2016-11-23 19:00:00,planned,Dacono Substation - Montello 100 kV Line 1
6738,L:8103:8106:138,2016-11-20 19:00:00,2016-12-09 19:00:00,planned,Peoria - Yeagertown 138 kV Cir. 1
18294,L:20995:21664:500,2016-11-12 19:00:00,2016-12-02 19:00:00,planned,Oak Knoll - Palisades 500 kV Cir. 1
2747,L:6156:6866:138,2016-11-15 19:00:00,2016-11-21 19:00:00,planned,Des Moines - Byberry 138 kV #1
9428,L:9307:9525:138,2016-11-17 19:00:00,2016-11-30 19:00:00,planned,N Huntington - Urban 138 kV
8554,L:8914:8949:138,2016-11-20 19:00:00,2016-12-10 19:00:00,planned,Buena Vista Substation - Columbus Denois Creek 138 kV Ckt 2
11197,L:10168:10278:138,2016-11-21 19:00:00,2016-12-07 19:00:00,planned,Middleburgh Substation - Northern Neck Substation 138 kV
15195,L:18953:22247:100,2016-11-21 19:00:00,2016-12-04 19:00:00,planned,Arco - Silver Hawk 100 kV Line 1
10276,L:9712:9845:138,2016-11-19 19:00:00,2016-12-03 19:00:00,planned,Westone S Yd - Thurston 138 kV Ckt 1
11194,L:10166:10277:138,2016-11-18 19:00:00,2016-12-05 19:00:00,planned,Novec Smoketown - Possum Point 138 kV
19837,L:22974:23033:100,2016-11-16 19:00:00,2016-11-25 19:00:00,planned,Eufaula - Lin Crk 100 kV line
7766,L:8520:8630:138,2016-11-21 19:00:00,2016-12-05 19:00:00,planned,Macheche - Four Corners 138 kV Cir. 1
8236,L:8743:8746:138,2016-11-12 19:00:00,2016-11-21 19:00:00,planned,Norgate - North Alderwood 138 kV Line 1
5425,L:7437:8291:138,2016-11-13 19:00:00,2016-11-30 19:00:00,planned,Armstrong - Watertown 138 kV Line
9525,L:9354:9356:138,2016-11-15 19:00:00,2016-11-16 19:00:00,planned,Ingles St - Claytor 138 kV
21429,L:24035:24600:500,2016-11-13 19:00:00,2016-11-22 19:00:00,planned,Washington Park Ds - Farragut 500 kV Cir. 1
2593,L:6074:6284:138,2016-11-16 19:00:00,2016-12-03 19:00:00,planned,Limerick - Woonsocket 138 kV Cir. 1
9244,L:9214:9521:138,2016-12-14 19:00:00,2016-12-16 19:00:00,planned,Island Phoenix - Otter 138 kV L
17579,L:19997:19998:100,2016-12-11 19:00:00,2016-12-17 19:00:00,planned,Brackenridge - Daniel Siding 100 kV #1
6407,L:7934:7936:138,2016-12-07 19:00:00,2016-12-08 19:00:00,planned,Uncer - Elgin Switching 138 kV Cir. 1
8704,L:8993:9041:138,2016-12-12 19:00:00,2016-12-25 19:00:00,planned,Carpenter Hill - Auburn 138 kV Line
19670,L:22920:22923:100,2016-12-11 19:00:00,2016-12-20 19:00:00,planned,Duley - Uncasville 100 kV Cir. 1
12650,L:17353:17354:138,2016-12-11 19:00:00,2016-12-14 19:00:00,planned,Cornuta - Vierra 138 kV #1
3963,L:6775:6781:138,2016-12-08 19:00:00,2016-12-10 19:00:00,planned,Anthony - Racer 138 kV Line 1
5571,L:7509:7521:138,2016-12-14 19:00:00,2016-12-21 19:00:00,planned,Fisher Road Substation - Seguin W 138 kV Circuit 1
14301,L:18575:18584:138,2016-12-13 19:00:00,2016-12-19 19:00:00,planned,Fiberboard - Tarpon Springs 138 kV Cir. 1
10457,L:9785:9787:138,2016-12-12 19:00:00,2016-12-16 19:00:00,planned,Westchase - Trabue 138 kV Line
2871,L:6218:7135:138,2016-12-08 19:00:00,2016-12-09 19:00:00,planned,Shred - Sistrunk 138 kV #1
4229,L:6975:6982:138,2016-12-09 19:00:00,2016-12-25 19:00:00,planned,Noxon - Quartz Crk 138 kV Circuit 1
6262,L:7860:7861:138,2016-12-08 19:00:00,2016-12-18 19:00:00,planned,Sleepy Eye - Deer Park 138 kV Cir. 1
10542,L:9827:9828:138,2016-12-14 19:00:00,2016-12-31 19:00:00,planned,Agua Mansa - 7Th Avenue N 138 kV Line
88,L:2921:5453:138,2016-12-08 19:00:00,2016-12-27 19:00:00,planned,S. Macon - 12Th St 138 kV Ckt 1
8061,L:8680:9846:345,2016-12-15 19:00:00,2016-12-20 19:00:00,planned,Indian - Harewood 345 kV Ckt 1
7281,L:8306:8307:138,2016-12-07 19:00:00,2016-12-25 19:00:00,planned,Vernon - Norcross 138 kV Line 1
7752,L:8516:8783:345,2016-12-13 19:00:00,2016-12-16 19:00:00,planned,Plant Avenue - Keystone Hts Electric 345 kV
16244,L:19480:19483:100,2016-12-07 19:00:00,2016-12-21 19:00:00,planned,Walker - Kirkwood Substation 100 kV Ckt 1
9142,L:9157:9186:138,2016-12-12 19:00:00,2016-12-31 19:00:00,planned,Ricardson Collins Boulevard - Andersen 138 kV line
15184,L:18949:19400:100,2016-12-14 19:00:00,2016-12-25 19:00:00,planned,Coyote Pt - S Cannon Falls Substation 100 kV Cir. 1
15616,L:19148:19149:100,2016-12-14 19:00:00,2016-12-22 19:00:00,planned,Metrowest - Mesa Hts 100 kV Line
20579,L:23278:23302:100,2016-12-09 19:00:00,2016-12-10 19:00:00,planned,S Hall - Libertyville 100 kV
15957,L:19318:19333:100,2016-12-09 19:00:00,2016-12-18 19:00:00,planned,New Holstein Sw Sta - White Rock-Folsom Substation 100 kV #1
15142,L:18930:19507:100,2016-12-07 19:00:00,2016-12-24 19:00:00,planned,Gansner Substation - Kodak Rd 100 kV Ckt 1
3601,L:6571:6574:138,2016-12-07 19:00:00,2016-12-10 19:00:00,planned,Bloomngton Whitehall Pike - Filtrotec 138 kV Circuit 1
5448,L:7452:7476:138,2016-12-08 19:00:00,2016-12-12 19:00:00,planned,Mansfield Sta - E Port Orchard 138 kV Cir. 1
586,L:5260:5276:138,2016-12-08 19:00:00,2016-12-24 19:00:00,planned,Ibm Cottle - Holcomb 138 kV Cir. 1
19347,L:22836:22916:100,2016-12-13 19:00:00,2016-12-17 19:00:00,planned,Morganville - Bedford Park 100 kV Cir. 1
19188,L:22779:22793:100,2016-12-11 19:00:00,2016-12-25 19:00:00,planned,Hatfield Kp - Cave Jct 100 kV #1
14345,L:18611:18613:138,2016-12-11 19:00:00,2016-12-16 19:00:00,planned,Packaging Of America Tomahawk Mill - Piercefield 138 kV L
2476,L:6031:8620:138,2016-12-07 19:00:00,2016-12-09 19:00:00,planned,Ussc - Mckellar 138 kV Line 1
15884,L:19281:19462:230,2016-12-14 19:00:00,2016-12-15 19:00:00,planned,Jack Ramey Wind - G-P Gypsum 230 kV #1
20389,L:23178:23513:100,2016-12-11 19:00:00,2016-12-29 19:00:00,planned,Alire Pnm - Huebner 100 kV Line
3176,L:6354:6358:138,2016-12-09 19:00:00,2016-12-23 19:00:00,planned,Archer Daniels Midland Cedar Rapids - Atchelitz 138 kV
5239,L:7324:7371:138,2016-12-15 19:00:00,2016-12-16 19:00:00,planned,Danz Ave Sw Sta - Cabinet Gorge 138 kV Line 1
3419,L:6477:6479:138,2016-12-13 19:00:00,2016-12-19 19:00:00,planned,Maljamar - Robiedae 138 kV Ckt 1
13317,L:17969:18150:138,2016-12-07 19:00:00,2016-12-16 19:00:00,planned,Fix - Circle Green 138 kV Circuit 1
15195,L:18953:22247:100,2016-12-06 19:00:00,2016-12-20 19:00:00,planned,Silver Hawk - Arco 100 kV #1
17155,L:19805:19956:100,2016-12-11 19:00:00,2016-12-17 19:00:00,planned,Stoney - W Richfield 100 kV
14219,L:18515:18518:138,2016-12-11 19:00:00,2016-12-13 19:00:00,planned,Lemon Crk - Little River 138 kV Line 1
2415,L:6011:8629:138,2016-12-13 19:00:00,2017-01-02 19:00:00,planned,Athens - Herricks 138 kV Cir. 1
16701,L:19604:20234:100,2016-12-12 19:00:00,2016-12-28 19:00:00,planned,Mccartney - West Dallas Tap 100 kV Circuit 1
2622,L:6090:6534:138,2017-01-04 19:00:00,2017-01-13 19:00:00,planned,Kennedy - Paheco 138 kV
10993,L:10046:10059:138,2017-01-01 19:00:00,2017-01-16 19:00:00,planned,Sterling Park - Leesburg 138 kV Ckt 1
19872,L:22985:23084:100,2017-01-02 19:00:00,2017-01-17 19:00:00,planned,Keelers - S Colton 100 kV Line 2
9829,L:9526:9529:138,2017-01-06 19:00:00,2017-01-16 19:00:00,planned,Southard - Chisholm 138 kV Circuit 1
4863,L:7163:8341:138,2017-01-01 19:00:00,2017-01-11 19:00:00,planned,Marcus Hook Energy Lp - Citisteel 138 kV L
788,L:5362:5385:138,2017-01-01 19:00:00,2017-01-13 19:00:00,planned,Federal Square - Amistad 138 kV Ckt 2
8100,L:8693:9708:138,2017-01-07 19:00:00,2017-01-18 19:00:00,planned,Tulloch - Radnor Heights 138 kV L
978,L:5452:5469:138,2016-12-31 19:00:00,2017-01-09 19:00:00,planned,Segs 6 - Yacht Club D.S Substation 138 kV Cir. 1
7520,L:8418:8585:138,2017-01-05 19:00:00,2017-01-06 19:00:00,planned,Potholes - Black Hills Power 138 kV Cir. 1
15847,L:19261:19263:100,2017-01-07 19:00:00,2017-01-13 19:00:00,planned,Plant X - Silver Grove 100 kV Cir. 1
9506,L:9342:17625:138,2017-01-06 19:00:00,2017-01-17 19:00:00,planned,Du Pont - Taos 138 kV Circuit 1
12105,L:16929:17797:138,2017-01-01 19:00:00,2017-01-10 19:00:00,planned,Vec Underhill - West Fairbault Substation 138 kV Cir. 1
10273,L:9709:9714:138,2017-01-05 19:00:00,2017-01-11 19:00:00,planned,Squamish - Pentagon 138 kV Line 1
12145,L:16969:17720:138,2017-01-03 19:00:00,2017-01-16 19:00:00,planned,Huntersville Delivery No2 - Chemolite 138 kV
9403,L:9293:9294:138,2017-01-04 19:00:00,2017-01-20 19:00:00,planned,Carite - Rainey 138 kV
6704,L:8089:8154:138,2017-01-04 19:00:00,2017-01-21 19:00:00,planned,Division Substation - Curry Rd 138 kV Circuit 1
1749,L:5827:5960:345,2017-01-01 19:00:00,2017-01-06 19:00:00,planned,Chesterville - Edison 345 kV #1
10531,L:9822:9826:138,2017-01-03 19:00:00,2017-01-11 19:00:00,planned,Oak Green - Imperial Vly 138 kV #1
14934,L:18847:19348:230,2017-01-07 19:00:00,2017-01-17 19:00:00,planned,Blue Racer - N Oakland 230 kV #1
15526,L:19100:19102:100,2017-01-01 19:00:00,2017-01-04 19:00:00,planned,Flambeau Solar Partners - Estacada 100 kV #1
14868,L:18825:19272:100,2017-01-07 19:00:00,2017-01-16 19:00:00,planned,Tuscaloosa T.S - E Orange 100 kV #1
465,L:5206:5780:138,2017-01-08 19:00:00,2017-01-27 19:00:00,planned,Macksburg - Hawthorne 138 kV
2409,L:6007:6360:138,2017-01-07 19:00:00,2017-01-18 19:00:00,planned,Cemex - Craven 138 kV Circuit 1
1055,L:5493:5990:138,2016-12-31 19:00:00,2017-01-10 19:00:00,planned,Fair Oaks - Fay St 138 kV Circuit 1
3788,L:6686:7105:138,2017-01-03 19:00:00,2017-01-17 19:00:00,planned,Kalamazoo-San Juan - Melones Tap 1 138 kV
373,L:5163:5170:138,2017-01-05 19:00:00,2017-01-14 19:00:00,planned,Mcpherson 2 - Maywood 138 kV Cir. 1
5716,L:7573:7586:138,2016-12-31 19:00:00,2017-01-08 19:00:00,planned,Campbell - Mac Hts 138 kV Circuit 1
13183,L:17894:17914:138,2017-01-08 19:00:00,2017-01-14 19:00:00,planned,Nipetown - Westhill 138 kV Circuit 1
11976,L:16481:16483:138,2017-01-09 19:00:00,2017-01-28 19:00:00,planned,Pine Ridge - E Millinocket Mill 138 kV #1
8888,L:9075:18691:345,2017-01-06 19:00:00,2017-01-07 19:00:00,planned,Martinsville - Greenland Gap 345 kV #1
16863,L:19682:20162:100,2017-01-07 19:00:00,2017-01-13 19:00:00,planned,Alliance Castings - Colby City Of 100 kV Line 1
806,L:5367:5372:345,2017-01-04 19:00:00,2017-01-18 19:00:00,planned,Paper - Laurel Ave 345 kV
2596,L:6076:6095:138,2017-01-03 19:00:00,2017-01-07 19:00:00,planned,Elkhorn City - Multitrade Of Pittsylvania Lp 138 kV Circuit 1
8032,L:8667:8668:138,2017-01-09 19:00:00,2017-01-19 19:00:00,planned,Radnor - Deerhaven 138 kV Circuit 1
10465,L:9791:10265:138,2017-01-07 19:00:00,2017-01-24 19:00:00,planned,Dolgeville Hydro Substation - Geysers Tap 2 138 kV Ckt 1
6059,L:7758:7859:138,2017-01-01 19:00:00,2017-01-13 19:00:00,planned,Muscoda Industrial - Fairport 138 kV Circuit 1
16175,L:19430:19551:100,2017-01-06 19:00:00,2017-01-07 19:00:00,planned,Milvon - E J Stoneman Station 100 kV line
3897,L:6744:6745:138,2017-01-08 19:00:00,2017-01-27 19:00:00,planned,Wolf Pt Substation - North Boyertown 138 kV Cir. 1
3822,L:6703:6707:138,2017-01-03 19:00:00,2017-01-19 19:00:00,planned,Salmon Crk 1 - Honey Lake Substation 138 kV Line
9905,L:9578:9580:138,2017-01-08 19:00:00,2017-01-09 19:00:00,planned,Vancouver Shipyard - Thunder 138 kV
20768,L:23367:23521:100,2017-01-05 19:00:00,2017-01-18 19:00:00,planned,3 Mile Knoll - Simlot 100 kV Line 1
4055,L:6851:6861:138,2017-01-09 19:00:00,2017-01-26 19:00:00,planned,W Jax - S Gorham 138 kV Line 1
5289,L:7357:7375:138,2017-01-07 19:00:00,2017-01-26 19:00:00,planned,Hospers - Woodville 138 kV Cir. 1
13708,L:18185:18309:138,2017-01-08 19:00:00,2017-01-22 19:00:00,planned,Ave 52 - Aspen 138 kV Ckt 1
2856,L:6212:6221:138,2017-01-08 19:00:00,2017-01-22 19:00:00,planned,Caverns Rd - Reventure Park Substation 138 kV Line 1
840,L:5377:5403:138,2017-01-02 19:00:00,2017-01-05 19:00:00,planned,Barre City - Marion Drive 138 kV
2727,L:6144:6593:138,2016-12-31 19:00:00,2017-01-16 19:00:00,planned,Holt T.S - Spencer Hydro 138 kV Line
3103,L:6323:6324:138,2017-01-04 19:00:00,2017-01-15 19:00:00,planned,Pg Pulp - Olympus 138 kV
3254,L:6394:6413:138,2017-01-05 19:00:00,2017-01-18 19:00:00,planned,Westwood - Brule 138 kV #1
1564,L:5721:5759:138,2017-01-03 19:00:00,2017-01-07 19:00:00,planned,Kansas Riv Project Substation - Lake Chelan Project 138 kV Ckt 1
21466,L:24080:24089:230,2017-01-01 19:00:00,2017-01-15 19:00:00,planned,Paul D. Johnson - Alachua 230 kV Ckt 1
5356,L:7410:8266:345,2017-01-05 19:00:00,2017-01-23 19:00:00,planned,Paul - Keysone 345 kV
8418,L:8841:8887:138,2017-01-07 19:00:00,2017-01-18 19:00:00,planned,Twinbrook - Parklawn 138 kV
17838,L:20129:20307:100,2017-01-07 19:00:00,2017-01-12 19:00:00,planned,Nooksett Hydro - Ulrich 100 kV Cir. 1
18886,L:22036:22310:100,2017-01-05 19:00:00,2017-01-23 19:00:00,planned,Ligonir - Mclain 100 kV Ckt 1
8274,L:8772:9064:138,2017-01-02 19:00:00,2017-01-19 19:00:00,planned,Deep Crk - Waupun Correctional Central Heating Plt Substation 138 kV #1
21393,L:23942:23947:100,2017-01-06 19:00:00,2017-01-16 19:00:00,planned,First Lift - Prairiecreek 100 kV L
13437,L:18029:18036:138,2016-12-31 19:00:00,2017-01-15 19:00:00,planned,Kcp&L Smartgrid Innovation Park - Hungry Horse 138 kV Cir. 1
13502,L:18061:18078:138,2017-01-04 19:00:00,2017-01-05 19:00:00,planned,Veterans Blvd - Grade Lane 138 kV Line 1
7789,L:8528:8565:138,2017-01-04 19:00:00,2017-01-21 19:00:00,planned,Wolf Road - Hazelwood 138 kV Ckt 1
3321,L:6433:6471:138,2017-01-06 19:00:00,2017-01-17 19:00:00,planned,Kifer - Goose Crk 138 kV Cir. 1
19275,L:22817:23075:100,2017-01-08 19:00:00,2017-01-24 19:00:00,planned,Vilas Rd - Arlington Heights 100 kV Cir. 1
2806,L:6187:6776:138,2017-01-02 19:00:00,2017-01-17 19:00:00,planned,Jack Crk Substation - Doucette 138 kV Cir. 1
20305,L:23145:23445:230,2017-01-05 19:00:00,2017-01-17 19:00:00,planned,Manson - Capri 230 kV Ckt 2
12911,L:17673:17676:138,2017-01-07 19:00:00,2017-01-09 19:00:00,planned,Locusst - International Paper Vicksburg Mill 138 kV Line 1
16913,L:19710:19712:100,2017-01-06 19:00:00,2017-01-10 19:00:00,planned,Niguel - Vanderbilt University Power Plant 100 kV #1
1109,L:5514:7136:500,2017-01-02 19:00:00,2017-01-03 19:00:00,planned,Charlton Street - Visalia 500 kV Ckt 1
330,L:5141:5281:138,2017-01-09 19:00:00,2017-01-28 19:00:00,planned,Olmos - Dawson County Substation 138 kV Circuit 1
1412,L:5646:5649:138,2017-01-04 19:00:00,2017-01-17 19:00:00,planned,Wixom - Murdock Rd Substation 138 kV #1
1443,L:5668:5703:138,2017-02-09 19:00:00,2017-02-14 19:00:00,planned,No Mans Land - Montville 138 kV #1
9619,L:9396:18129:138,2017-02-04 19:00:00,2017-02-21 19:00:00,planned,N Pole Substation - Stelco Substation 138 kV L
7993,L:8658:9091:138,2017-02-02 19:00:00,2017-02-14 19:00:00,planned,Morgantown - Chief 138 kV #1
984,L:5455:5470:138,2017-02-02 19:00:00,2017-02-17 19:00:00,planned,Airport - Lejeune 138 kV Ckt 1
3752,L:6658:7113:138,2017-02-08 19:00:00,2017-02-23 19:00:00,planned,Oakland L - Jenkins 138 kV Line 1
2215,L:5961:5994:138,2017-01-31 19:00:00,2017-02-04 19:00:00,planned,Riverbend - Bergen Geneating Sta 138 kV Ckt 1
329,L:5140:5152:138,2017-02-01 19:00:00,2017-02-07 19:00:00,planned,Dorothy - Lincoln Station 138 kV #1
20149,L:23095:23181:100,2017-02-04 19:00:00,2017-02-19 19:00:00,planned,Eastshore - San Andres 100 kV Circuit 3
17706,L:20061:20240:100,2017-01-31 19:00:00,2017-02-16 19:00:00,planned,Keystone Hts Electrical - Halls 100 kV Line 1
20682,L:23317:23526:100,2017-01-31 19:00:00,2017-02-12 19:00:00,planned,Quantum Lake Power Lp Substation - Mesquite Twn E 100 kV Cir. 1
15688,L:19183:19185:100,2017-02-04 19:00:00,2017-02-18 19:00:00,planned,Guernsey - West Rutland 100 kV #1
12672,L:17387:17388:138,2017-02-09 19:00:00,2017-02-24 19:00:00,planned,Webb - Acacia 138 kV Cir. 1
3067,L:6305:6308:138,2017-02-03 19:00:00,2017-02-09 19:00:00,planned,Mauston - E.E. Stevenson 138 kV Line 1
18618,L:21763:21766:100,2017-02-08 19:00:00,2017-02-13 19:00:00,planned,Waynedale - Kampsville 100 kV Circuit 1
11608,L:10354:10367:138,2017-02-07 19:00:00,2017-02-22 19:00:00,planned,Greens Road - Wyman Hydro Substation 138 kV Cir. 1
9275,L:9228:9597:138,2017-02-02 19:00:00,2017-02-15 19:00:00,planned,Empire Energy Ctr - Dunnellon 138 kV Ckt 1
17651,L:20032:20034:230,2017-02-09 19:00:00,2017-02-22 19:00:00,planned,Belmont - Canfield 230 kV #1
5179,L:7286:8269:138,2017-02-05 19:00:00,2017-02-06 19:00:00,planned,Ss313 - Logans Ferry 138 kV
4965,L:7195:7382:138,2017-02-02 19:00:00,2017-02-21 19:00:00,planned,Willow Lawn - West Branch 138 kV Cir. 1
11851,L:11130:11209:345,2017-02-03 19:00:00,2017-02-17 19:00:00,planned,Roanoke Rapids - Gaston 345 kV Ckt 1
13200,L:17903:17904:138,2017-02-07 19:00:00,2017-02-26 19:00:00,planned,Elliot Park - Shack Mlls Station 138 kV Line 1
13990,L:18351:18353:138,2017-01-31 19:00:00,2017-02-16 19:00:00,planned,Keowee - Vaseux 138 kV Line
11945,L:16191:16835:138,2017-02-06 19:00:00,2017-02-13 19:00:00,planned,Mooney - Lake Mine 138 kV L
16490,L:19557:19594:500,2017-02-06 19:00:00,2017-02-09 19:00:00,planned,Conesville Sta Substation - Muskingum River 500 kV
696,L:5309:6845:138,2017-02-04 19:00:00,2017-02-09 19:00:00,planned,Sta G Atwater - Baird 138 kV
9671,L:9422:9522:138,2017-01-31 19:00:00,2017-02-14 19:00:00,planned,Watermill - San Jose Sta. A 138 kV L
17545,L:19981:21276:100,2017-02-01 19:00:00,2017-02-14 19:00:00,planned,Yaphank - Morocco 100 kV Circuit 1
10634,L:9870:9898:138,2017-02-02 19:00:00,2017-02-05 19:00:00,planned,Honeygo - Hemdon 138 kV
3100,L:6321:6323:138,2017-02-06 19:00:00,2017-02-15 19:00:00,planned,S Street - Pg Pulp 138 kV Circuit 1
17001,L:19742:19753:100,2017-02-02 19:00:00,2017-02-04 19:00:00,planned,Sierraville - Brigatano 100 kV Cir. 1
15018,L:18880:18888:100,2017-02-02 19:00:00,2017-02-07 19:00:00,planned,Rosendale - Key Biscayne 100 kV #1
18729,L:21835:22225:100,2017-02-07 19:00:00,2017-02-24 19:00:00,planned,W Hill - Hartford City 100 kV #1
6270,L:7866:8147:138,2017-02-07 19:00:00,2017-02-15 19:00:00,planned,Brooks Hill - Turky Pt 138 kV line
15948,L:19312:19316:100,2017-02-05 19:00:00,2017-02-25 19:00:00,planned,24Th St - Hillsdale Jct 100 kV Cir. 1
19796,L:22965:22967:100,2017-01-31 19:00:00,2017-02-09 19:00:00,planned,Lowergranite - Rock Tavern 2 100 kV #1
17915,L:20181:20192:100,2017-02-01 19:00:00,2017-02-11 19:00:00,planned,Pine - Copley Substation 100 kV
15500,L:19089:19583:100,2017-02-08 19:00:00,2017-02-09 19:00:00,planned,Maraschino - Telegraph Rd 100 kV Line 1
9392,L:9286:9312:138,2017-02-08 19:00:00,2017-02-12 19:00:00,planned,Pe Ell - Tarkio 138 kV
2328,L:5988:6922:138,2017-02-08 19:00:00,2017-02-11 19:00:00,planned,Benndale - Jefferson Tap 138 kV Cir. 1
12840,L:17600:17608:138,2017-02-04 19:00:00,2017-02-21 19:00:00,planned,Marble Tie Substation - Wildwod Mewd 138 kV Line 1
327,L:5139:5922:138,2017-02-06 19:00:00,2017-02-11 19:00:00,planned,Phillippi - Mill 138 kV Line 1
3850,L:6720:6803:138,2017-02-02 19:00:00,2017-02-14 19:00:00,planned,Floral Hills - Hubbard 138 kV #1
16839,L:19669:19882:230,2017-02-04 19:00:00,2017-02-24 19:00:00,planned,First Ave - Ledges 230 kV Cir. 1
2600,L:6078:6082:138,2017-01-31 19:00:00,2017-02-10 19:00:00,planned,Evergreen Community Power - West 138 kV Cir. 1
20424,L:23196:23197:100,2017-02-02 19:00:00,2017-02-09 19:00:00,planned,Vacouver Island - Billeaud 100 kV Circuit 1
10392,L:9759:10130:138,2017-02-03 19:00:00,2017-02-16 19:00:00,planned,Wheelabrator Portsmouth - Elizabeth Riv Power Sta Substation 138 kV line
4914,L:7177:7220:138,2017-02-02 19:00:00,2017-02-11 19:00:00,planned,Sagamore Plant Cogeneration - Imhoff Tap 2 138 kV
6629,L:8056:8166:138,2017-02-03 19:00:00,2017-02-23 19:00:00,planned,Whitney - Gurley 138 kV Cir. 1
13504,L:18062:18064:138,2017-02-03 19:00:00,2017-02-10 19:00:00,planned,Gay Mils - Hartsel 138 kV
14716,L:18754:18828:100,2017-02-02 19:00:00,2017-02-13 19:00:00,planned,Wise - Mckinney 100 kV Line
20532,L:23261:23420:100,2017-02-01 19:00:00,2017-02-02 19:00:00,planned,Reid Gardner - Eastellensburg 100 kV L
20628,L:23298:23299:100,2017-02-05 19:00:00,2017-02-21 19:00:00,planned,Mars Hill - North Wenatchee 100 kV Circuit 1
12073,L:16915:17385:138,2017-02-06 19:00:00,2017-02-20 19:00:00,planned,Opp - Yale 138 kV
5478,L:7465:19691:100,2017-02-03 19:00:00,2017-02-21 19:00:00,planned,Kingsburg - Russel Term 100 kV line
18731,L:21836:22096:100,2017-02-06 19:00:00,2017-02-09 19:00:00,planned,Juno Beach - Bow Lake 100 kV Line 1
10638,L:9872:9877:138,2017-01-31 19:00:00,2017-02-04 19:00:00,planned,Ellerbe Rd - Waterport Substation 138 kV Line
20066,L:23055:23466:100,2017-01-31 19:00:00,2017-02-11 19:00:00,planned,Kewaunee - Ce Turbo 100 kV Ckt 1
3555,L:6539:6550:138,2017-02-06 19:00:00,2017-02-16 19:00:00,planned,Blooming Prairie - Chattahoochee Energy Facility 138 kV
7539,L:8425:8973:138,2017-02-03 19:00:00,2017-02-15 19:00:00,planned,Bonnie Brae - Lanpri 138 kV Cir. 1
19493,L:22872:22974:230,2017-02-08 19:00:00,2017-02-22 19:00:00,planned,Sun Prairie Substation - Lie Creek 230 kV Ckt 1
10651,L:9881:10158:138,2017-02-08 19:00:00,2017-02-12 19:00:00,planned,Alexandria - Wiccopee Substation 138 kV Line 1
10668,L:9891:10036:138,2017-02-07 19:00:00,2017-02-19 19:00:00,planned,Wells - Amarillo S 138 kV Line 1
2080,L:5931:5983:345,2017-02-04 19:00:00,2017-02-13 19:00:00,planned,Peninsula Park - Read Oak Station 345 kV Line 1
2960,L:6254:7110:138,2017-02-05 19:00:00,2017-02-14 19:00:00,planned,Scarcello - Menger Crk 138 kV
4966,L:7195:7253:345,2017-02-06 19:00:00,2017-02-24 19:00:00,planned,W Branch - Mcclellan-Bell 345 kV Cir. 1
13248,L:17933:17938:138,2017-01-31 19:00:00,2017-02-18 19:00:00,planned,La Sierra - 18Th Avenue North 138 kV #1
13930,L:18324:18684:138,2017-01-31 19:00:00,2017-02-03 19:00:00,planned,Floyds Knos - Hannibal Port Power Project 138 kV Circuit 1
17196,L:19822:20266:230,2017-02-08 19:00:00,2017-02-14 19:00:00,planned,Quaker Oats - Siler City 230 kV Circuit 1
10745,L:9920:9932:138,2017-02-07 19:00:00,2017-02-26 19:00:00,planned,Oak Lawn - Arvah B Hopkins Substation 138 kV #1
1429,L:5655:5931:500,2017-03-11 20:00:00,2017-03-26 20:00:00,planned,Woodcreek - Read Oak Station 500 kV Circuit 1
4056,L:6853:6856:138,2017-03-12 20:00:00,2017-03-21 20:00:00,planned,Sandstone Rapids Hy - Dowell 138 kV Cir. 1
547,L:5241:5306:138,2017-03-06 20:00:00,2017-03-12 20:00:00,planned,New Freedom - Coffee Port 138 kV
19469,L:22866:23002:100,2017-03-11 20:00:00,2017-03-22 20:00:00,planned,San Juan - Mcloughlin 100 kV
5119,L:7255:7282:138,2017-03-10 20:00:00,2017-03-17 20:00:00,planned,Brownfield Switching - Pinkerton 138 kV Cir. 1
14424,L:18671:18673:138,2017-03-10 20:00:00,2017-03-30 20:00:00,planned,Itmann - Sea Island 138 kV Ckt 1
1179,L:5546:5583:138,2017-03-13 20:00:00,2017-03-15 20:00:00,planned,Highline - Parlin Power Plant 138 kV #1
405,L:5177:5778:138,2017-03-14 20:00:00,2017-03-18 20:00:00,planned,Campo Fresco 1 Substation - Eastridge 138 kV Circuit 1
7002,L:8250:8274:500,2017-03-09 20:00:00,2017-03-21 20:00:00,planned,Chambersburg - William F Matson Generating Sta 500 kV Line 1
4976,L:7199:7371:138,2017-03-08 20:00:00,2017-03-25 20:00:00,planned,Duguao 2101 - Cabinet Gorge 138 kV Circuit 1
1088,L:5506:5566:138,2017-03-08 20:00:00,2017-03-12 20:00:00,planned,Lake - Milhurst Solar 138 kV #1
13921,L:18319:18635:138,2017-03-11 20:00:00,2017-03-29 20:00:00,planned,N Shore - Emerald Lke Substation 138 kV
5071,L:7234:8227:138,2017-03-10 20:00:00,2017-03-26 20:00:00,planned,Air Liuide - Bristol - Hewitt Rd 138 kV L
13723,L:18193:18194:138,2017-03-13 20:00:00,2017-03-28 20:00:00,planned,Burley - Ravenswood 138 kV
13289,L:17957:18086:138,2017-03-08 20:00:00,2017-03-12 20:00:00,planned,Grants Pass - Petro Canada 138 kV
6244,L:7847:7849:138,2017-03-11 20:00:00,2017-03-26 20:00:00,planned,Geer - Lower Ollala 138 kV Circuit 1
14038,L:18380:18383:138,2017-03-15 20:00:00,2017-04-02 20:00:00,planned,Snger - Freehold 138 kV Ckt 1
8637,L:8949:8968:345,2017-03-15 20:00:00,2017-04-04 20:00:00,planned,Columbus Denois Crk - Jason 345 kV
14325,L:18596:18683:138,2017-03-08 20:00:00,2017-03-18 20:00:00,planned,First St Tap - Jim Hill 138 kV Line 1
12585,L:17315:17633:138,2017-03-10 20:00:00,2017-03-12 20:00:00,planned,Geysers Tap 3 - Westville 138 kV
5719,L:7574:8088:138,2017-03-07 20:00:00,2017-03-18 20:00:00,planned,Callaway - Whiteside 138 kV Cir. 1
9675,L:9424:9519:138,2017-03-12 20:00:00,2017-03-20 20:00:00,planned,Covanta Southeastern Connecticut Company - Chatham 138 kV
6783,L:8136:8151:138,2017-03-09 20:00:00,2017-03-17 20:00:00,planned,Hooversville Substation - Attala 138 kV #1
8011,L:8664:8665:138,2017-03-09 20:00:00,2017-03-22 20:00:00,planned,Huntington Beach - Raton 138 kV
5767,L:7605:8276:345,2017-03-13 20:00:00,2017-03-27 20:00:00,planned,Oasis - Victoria Tc 7001-7007-7008 345 kV Ckt 1
9813,L:9514:9516:138,2017-03-12 20:00:00,2017-03-17 20:00:00,planned,Shepaug - Wickett Gulf 138 kV #1
14969,L:18857:18872:100,2017-03-12 20:00:00,2017-03-31 20:00:00,planned,Brodhead N - Central Ephrata 100 kV #1
2118,L:5942:5979:138,2017-03-08 20:00:00,2017-03-12 20:00:00,planned,Depere - Fort Bliss 138 kV Ckt 1
1303,L:5600:5629:138,2017-03-06 20:00:00,2017-03-17 20:00:00,planned,Milagro - Decherd 138 kV Cir. 1
17939,L:20194:20195:100,2017-03-09 20:00:00,2017-03-28 20:00:00,planned,Outfall Substation - Towne 100 kV #1
16033,L:19348:19349:100,2017-03-09 20:00:00,2017-03-14 20:00:00,planned,Arco Western Energy Substation - Blue Racer 100 kV Ckt 1
2716,L:6139:6168:138,2017-03-14 20:00:00,2017-03-21 20:00:00,planned,Wilmarth - Elm Creek 138 kV Circuit 1
14315,L:18589:18592:138,2017-03-07 20:00:00,2017-03-23 20:00:00,planned,Mass - Paddy'S Run 138 kV #1
17053,L:19758:19790:100,2017-03-07 20:00:00,2017-03-08 20:00:00,planned,Burro Canyon - Cannon 100 kV
584,L:5259:6137:138,2017-03-12 20:00:00,2017-03-13 20:00:00,planned,Eddington - Second Imperial Geothermal 138 kV Ckt 1
3577,L:6550:6551:138,2017-03-09 20:00:00,2017-03-18 20:00:00,planned,Chattahoochee Energy Facility - Unionville 138 kV
17795,L:20097:20106:100,2017-03-09 20:00:00,2017-03-26 20:00:00,planned,Ravenna - Benndale 230 100 kV Circuit 1
14171,L:18481:18599:138,2017-03-11 20:00:00,2017-03-13 20:00:00,planned,Campbelltown Substation - Eastom 138 kV Ckt 1
8598,L:8934:8964:138,2017-03-13 20:00:00,2017-03-21 20:00:00,planned,Steed Rd - Waitsburg 138 kV
17935,L:20188:20193:100,2017-03-15 20:00:00,2017-03-20 20:00:00,planned,Edgerton - Evans 100 kV Ckt 2
11156,L:10142:10277:138,2017-03-06 20:00:00,2017-03-23 20:00:00,planned,Bridle Trails - Possum Point 138 kV Ckt 1
1627,L:5761:5930:138,2017-03-08 20:00:00,2017-03-23 20:00:00,planned,Leisure Village - Tulare 138 kV Line 1
8681,L:8979:9013:138,2017-03-09 20:00:00,2017-03-10 20:00:00,planned,Bozman - Downey 138 kV Cir. 1
14011,L:18367:18369:138,2017-03-15 20:00:00,2017-04-01 20:00:00,planned,Belcher Mtn - Gary 138 kV Ckt 1
17287,L:19862:19863:100,2017-03-10 20:00:00,2017-03-17 20:00:00,planned,Icegen - Greenport 100 kV Circuit 1
15367,L:19035:19094:230,2017-03-09 20:00:00,2017-03-11 20:00:00,planned,Lucent - Hiwasee Riv 230 kV Line 1
8372,L:8824:8832:138,2017-03-08 20:00:00,2017-03-16 20:00:00,planned,Pluess - Ackley 138 kV Ckt 1
5999,L:7734:7736:138,2017-04-19 18:00:00,2017-04-30 18:00:00,planned,Malden - Crystal Vly 138 kV #1
7531,L:8423:8460:138,2017-04-26 18:00:00,2017-05-01 18:00:00,planned,Stone Lake - Cordova-Folsom 138 kV Line 1
706,L:5313:6898:138,2017-04-25 18:00:00,2017-04-26 18:00:00,planned,Abernethy - Don 138 kV Ckt 1
6531,L:8003:8005:138,2017-04-20 18:00:00,2017-04-25 18:00:00,planned,St Johns - E Arlington 138 kV
3101,L:6321:6330:138,2017-04-27 18:00:00,2017-05-03 18:00:00,planned,Newton - S Street 138 kV Cir. 1
3521,L:6530:6545:138,2017-04-20 18:00:00,2017-04-26 18:00:00,planned,Poncha Junction - Leola 138 kV Circuit 1
12794,L:17578:19240:100,2017-04-23 18:00:00,2017-05-12 18:00:00,planned,Wachtel-Oak - Broken Bow 100 kV Ckt 1
7251,L:8293:8393:138,2017-04-24 18:00:00,2017-05-09 18:00:00,planned,Asphalt Mines - Van Sant Sta 138 kV Ckt 1
20577,L:23278:23300:100,2017-04-19 18:00:00,2017-05-04 18:00:00,planned,Libertyville - Delgen 100 kV Cir. 1
10273,L:9709:9714:138,2017-04-25 18:00:00,2017-04-28 18:00:00,planned,Squamish - Pentagon 138 kV #1
18773,L:21988:21989:100,2017-04-19 18:00:00,2017-04-30 18:00:00,planned,Labarre - Canamah 100 kV Line 1
13676,L:18167:18177:138,2017-04-21 18:00:00,2017-05-06 18:00:00,planned,S Nile - Five Corners 138 kV Line 1
12665,L:17366:17367:138,2017-04-20 18:00:00,2017-04-23 18:00:00,planned,Beneva - Munk 138 kV Cir. 1
18819,L:22015:22022:100,2017-04-27 18:00:00,2017-05-06 18:00:00,planned,Concord - Freemont 100 kV Circuit 1
3852,L:6720:6811:138,2017-04-23 18:00:00,2017-04-29 18:00:00,planned,Floral Hills - Sierra Pacific Lumber 138 kV Line 1
17290,L:19862:19974:100,2017-04-25 18:00:00,2017-05-09 18:00:00,planned,Icegen - Santo Domingo 100 kV
8620,L:8943:8959:138,2017-04-24 18:00:00,2017-04-28 18:00:00,planned,Sandy Spring - Geismar Cogen 138 kV line
18591,L:21755:21776:100,2017-04-19 18:00:00,2017-04-28 18:00:00,planned,Velasco - Flora Site B 100 kV Ckt 1
20209,L:23117:23363:100,2017-04-23 18:00:00,2017-04-29 18:00:00,planned,Tahiti - Stillwell 100 kV
1091,L:5507:5892:138,2017-04-28 18:00:00,2017-05-03 18:00:00,planned,Egin - Mt Pleasant 138 kV Ckt 1
20388,L:23178:23239:100,2017-04-27 18:00:00,2017-05-16 18:00:00,planned,Alire Pnm - Red Butte 100 kV #1
9180,L:9176:9191:138,2017-04-23 18:00:00,2017-04-27 18:00:00,planned,Fishersville Substation - Windermere 138 kV Ckt 1
2438,L:6020:8620:138,2017-04-23 18:00:00,2017-04-25 18:00:00,planned,Ussc - Rotary Park 138 kV
137,L:3150:3541:161,2017-04-20 18:00:00,2017-05-02 18:00:00,planned,Jordan Riv - Pseg Linden Generating Sta 161 kV L
13809,L:18244:18245:138,2017-04-22 18:00:00,2017-04-25 18:00:00,planned,Vina - Nassau Energy Corp 138 kV Line 1
16019,L:19344:19345:230,2017-04-26 18:00:00,2017-05-08 18:00:00,planned,Larsen Memorial Substation - Orange Blossom Electric 230 kV Line 1
4765,L:7144:7154:345,2017-04-27 18:00:00,2017-05-12 18:00:00,planned,Wheelabrator Frackville Energy - Grizzly 345 kV Circuit 1
9918,L:9584:9619:138,2017-04-20 18:00:00,2017-05-02 18:00:00,planned,Burtt Rd - Kasson-Banta Carbona Junction 138 kV Cir. 1
17919,L:20182:20316:100,2017-04-20 18:00:00,2017-04-28 18:00:00,planned,Dixon Landing - Sackett Substation 100 kV #1
14217,L:18514:18515:138,2017-04-20 18:00:00,2017-05-06 18:00:00,planned,Osawatomie - Lemon Crk 138 kV
20233,L:23128:23465:100,2017-04-19 18:00:00,2017-04-21 18:00:00,planned,Sherman St - Hitchland 100 kV Cir. 1
13931,L:18326:18330:138,2017-04-25 18:00:00,2017-05-06 18:00:00,planned,Cross Park - Rocky Reach 138 kV Cir. 1
17463,L:19944:19953:100,2017-04-22 18:00:00,2017-05-08 18:00:00,planned,Homesake Substation - Columbia Energy Center Sc 100 kV Line 1
13364,L:17990:17993:138,2017-04-24 18:00:00,2017-05-06 18:00:00,planned,E Huntington - Debeque Substation 138 kV Line 1
10925,L:10005:10212:138,2017-04-27 18:00:00,2017-05-06 18:00:00,planned,Bogue - Yuba Gold Fields 138 kV #1
18395,L:21202:21212:100,2017-04-22 18:00:00,2017-05-12 18:00:00,planned,Revital - Vicksburg 100 kV Ckt 1
5484,L:7467:18153:138,2017-04-27 18:00:00,2017-05-07 18:00:00,planned,E Liverpool - S Chester 138 kV Circuit 1
20130,L:23087:23416:230,2017-04-24 18:00:00,2017-05-07 18:00:00,planned,North Cambridge - Grove St 230 kV Circuit 1
19377,L:22843:23499:100,2017-04-27 18:00:00,2017-05-17 18:00:00,planned,North Troy - Georgia Pacifc Paper 100 kV
8340,L:8810:8943:138,2017-04-26 18:00:00,2017-05-03 18:00:00,planned,Riverplae - Sandy Spring 138 kV Cir. 1
2037,L:5925:5947:500,2017-04-24 18:00:00,2017-05-11 18:00:00,planned,Glen Gardner - Terry 500 kV Ckt 1
3874,L:6732:6756:138,2017-04-25 18:00:00,2017-05-13 18:00:00,planned,Middle Fork Substation - Kingstree 138 kV Line 1
9834,L:9529:9626:138,2017-04-26 18:00:00,2017-05-06 18:00:00,planned,Chisolm - Hartman Creek 138 kV Cir. 1
10896,L:9988:10264:345,2017-04-24 18:00:00,2017-04-26 18:00:00,planned,Brick Church - Bear Island 345 kV
1206,L:5553:5554:138,2017-04-25 18:00:00,2017-05-05 18:00:00,planned,Lafayette Rd Station - Metuchen 138 kV Ckt 1
1782,L:5843:5886:138,2017-04-24 18:00:00,2017-05-13 18:00:00,planned,Piney Rd - Mc Farlnd 138 kV
5231,L:7319:7355:138,2017-04-21 18:00:00,2017-04-24 18:00:00,planned,Terror Lake Microgrid - Harts Island 138 kV
12347,L:17059:17751:138,2017-04-20 18:00:00,2017-04-25 18:00:00,planned,Stirling - Lone Oak 138 kV
18432,L:21375:21393:100,2017-04-27 18:00:00,2017-05-10 18:00:00,planned,Albany Green Energy - Silicon Ranch Millington 100 kV Line
13262,L:17944:17946:138,2017-04-24 18:00:00,2017-05-13 18:00:00,planned,12Th Avenue S - Dale Mabry 138 kV Ckt 1
1696,L:5805:5806:138,2017-04-26 18:00:00,2017-05-01 18:00:00,planned,Hatchet Ridge Wind - St. Johns 138 kV Cir. 1
3157,L:6345:6405:138,2017-04-20 18:00:00,2017-05-04 18:00:00,planned,Woodmont - Grant 138 kV
571,L:5249:5263:138,2017-04-21 18:00:00,2017-04-28 18:00:00,planned,Port Acres Bulk - Apache 138 kV Cir. 1
6688,L:8083:8085:138,2017-04-19 18:00:00,2017-04-27 18:00:00,planned,Esse Jct 19 - Gordon 138 kV Line 1
5766,L:7605:7613:138,2017-04-28 18:00:00,2017-05-17 18:00:00,planned,Oasis - Rattlesnake Crk Wind Project 138 kV Cir. 1
7814,L:8541:8542:138,2017-04-21 18:00:00,2017-05-06 18:00:00,planned,Joppatowne - Raphael Road 138 kV Cir. 1
18370,L:21194:21209:100,2017-04-25 18:00:00,2017-05-07 18:00:00,planned,Harney - Weeds Lake 100 kV line
10665,L:9886:10063:138,2017-05-16 17:00:00,2017-05-28 17:00:00,planned,Tysons - Hunter 138 kV #1
10846,L:9962:9963:138,2017-05-15 17:00:00,2017-06-03 17:00:00,planned,Ennis - Potrero 138 kV Circuit 1
7643,L:8472:8572:138,2017-05-10 17:00:00,2017-05-21 17:00:00,planned,Tyhee - Scggin 138 kV Line
12940,L:17709:17712:138,2017-05-17 17:00:00,2017-05-24 17:00:00,planned,Avon - Mill C 138 kV Line 1
18632,L:21765:21768:100,2017-05-10 17:00:00,2017-05-11 17:00:00,planned,Illinois Rd - 13Th S 100 kV Cir. 1
13230,L:17924:18250:138,2017-05-14 17:00:00,2017-05-19 17:00:00,planned,Badoura 11534 Kv - Lansing Bwl Reo Town Plant 138 kV Cir. 1
6782,L:8135:8146:138,2017-05-16 17:00:00,2017-05-21 17:00:00,planned,Apalachia - Medco 138 kV
19277,L:22817:23092:100,2017-05-13 17:00:00,2017-06-02 17:00:00,planned,Vilas Road - Tri-Corner 100 kV Cir. 2
21393,L:23942:23947:100,2017-05-19 17:00:00,2017-05-29 17:00:00,planned,First Lift - Prairiecreek 100 kV #1
1006,L:5475:5486:138,2017-05-13 17:00:00,2017-05-31 17:00:00,planned,Plastic - Gilmore 138 kV Ckt 1
19605,L:22893:22896:100,2017-05-18 17:00:00,2017-05-30 17:00:00,planned,Bakersfield - Coulter 100 kV Circuit 1
9443,L:9316:9421:138,2017-05-17 17:00:00,2017-05-27 17:00:00,planned,Warrenton - Plaster City 138 kV Line 1
17573,L:19994:19999:100,2017-05-11 17:00:00,2017-05-13 17:00:00,planned,Frisco - Newark Energy Ctr 100 kV Circuit 1
9557,L:9370:9513:138,2017-05-10 17:00:00,2017-05-19 17:00:00,planned,Portable Generator 3 - Elm St 138 kV Line 1
15436,L:19060:19136:100,2017-05-18 17:00:00,2017-05-26 17:00:00,planned,Ironwood - Mazomanie 100 kV Circuit 1
11098,L:10108:10217:138,2017-05-16 17:00:00,2017-05-26 17:00:00,planned,Thole St - Diamond Springs 138 kV
15997,L:19337:19454:100,2017-05-16 17:00:00,2017-06-03 17:00:00,planned,Martin Luther King - Big Grassy 100 kV Line 1
1529,L:5697:5704:138,2017-05-18 17:00:00,2017-06-02 17:00:00,planned,West Johnson City - Roy 138 kV Cir. 1
2720,L:6142:6143:138,2017-05-16 17:00:00,2017-05-19 17:00:00,planned,Highland Hills - Fairway Tap 138 kV Ckt 1
8628,L:8948:8950:138,2017-05-13 17:00:00,2017-05-14 17:00:00,planned,Toaping Castle - Wildercroft 138 kV Circuit 1
5062,L:7233:8220:500,2017-05-15 17:00:00,2017-05-18 17:00:00,planned,Thayer Substation - Youngwood 500 kV #1
6021,L:7741:7766:138,2017-05-11 17:00:00,2017-05-21 17:00:00,planned,Garland - Aberta 138 kV Line 1
8974,L:9091:9098:345,2017-05-11 17:00:00,2017-05-19 17:00:00,planned,Monroe St - Morgantown 345 kV Line 1
10451,L:9782:9834:138,2017-05-17 17:00:00,2017-05-23 17:00:00,planned,Lakemont - Ceda Bayou Plant 138 kV Ckt 1
15974,L:19326:19548:230,2017-05-13 17:00:00,2017-05-23 17:00:00,planned,Eustis - Hanging Rock 230 kV
14015,L:18368:18369:138,2017-05-13 17:00:00,2017-05-20 17:00:00,planned,Gary - Wec 138 kV Cir. 1
6401,L:7931:7951:138,2017-05-11 17:00:00,2017-05-13 17:00:00,planned,La Conner - Zoar 138 kV Cir. 1
3222,L:6378:6380:138,2017-05-12 17:00:00,2017-05-27 17:00:00,planned,Lares 7901 7903 - Guanica Pueblo 5601 138 kV
9325,L:9254:16806:138,2017-05-13 17:00:00,2017-05-21 17:00:00,planned,Horseshoe Lake Substation - N Bristol 138 kV
3152,L:6343:6397:138,2017-05-12 17:00:00,2017-05-28 17:00:00,planned,N Sweetwater - Beattty 138 kV
4365,L:7053:7139:138,2017-05-17 17:00:00,2017-05-31 17:00:00,planned,Foman - Northwest Tap 138 kV Circuit 1
13282,L:17954:17955:138,2017-05-10 17:00:00,2017-05-18 17:00:00,planned,Gilmer - Rec Red Hawk 138 kV Line
1506,L:5685:5903:138,2017-05-19 17:00:00,2017-06-02 17:00:00,planned,Willows A - Don Henry 138 kV #1
12044,L:16876:16895:345,2017-05-15 17:00:00,2017-05-19 17:00:00,planned,Westboro - Sullivan Gardens 345 kV #1
20827,L:23407:23506:100,2017-05-14 17:00:00,2017-05-21 17:00:00,planned,Lincoln - Wilton 100 kV Circuit 1
5142,L:7267:7280:138,2017-05-13 17:00:00,2017-05-17 17:00:00,planned,Teichert Aggregates - Helong 138 kV
8275,L:8773:8785:138,2017-05-18 17:00:00,2017-06-06 17:00:00,planned,Lawrence Livermore - White Trail 138 kV
877,L:5395:5879:138,2017-05-17 17:00:00,2017-05-22 17:00:00,planned,Forbestown - Summit 138 kV Circuit 1
9702,L:9441:9442:138,2017-05-19 17:00:00,2017-06-06 17:00:00,planned,Long Beach - Mount Clinton 138 kV Ckt 1
5844,L:7656:7674:138,2017-05-18 17:00:00,2017-05-21 17:00:00,planned,Delta - Warehouse Electric 138 kV Line 1
10230,L:9684:10271:138,2017-05-10 17:00:00,2017-05-21 17:00:00,planned,Perdue Diesel Generation Facility - Central Beach 138 kV line
7505,L:8409:8430:138,2017-05-16 17:00:00,2017-05-20 17:00:00,planned,Bay Ridge - Jenney 138 kV Ckt 1
4970,L:7197:7242:138,2017-05-18 17:00:00,2017-06-05 17:00:00,planned,Blue Riv - Montour Substation 138 kV Line 1
1284,L:5592:5816:138,2017-06-09 18:00:00,2017-06-28 18:00:00,planned,Manchaca - Brownlee 138 kV Ckt 1
10943,L:10014:10295:345,2017-06-08 18:00:00,2017-06-26 18:00:00,planned,Surry - Toano 345 kV L
15382,L:19040:19286:100,2017-06-05 18:00:00,2017-06-15 18:00:00,planned,Sudbury - Bandy 100 kV
13681,L:18169:18170:138,2017-06-05 18:00:00,2017-06-20 18:00:00,planned,Ceda Bayou - Killeen 138 kV Line 1
8755,L:9023:9027:138,2017-06-05 18:00:00,2017-06-12 18:00:00,planned,De Sabla - Salton Sea 3 138 kV Circuit 1
17445,L:19940:19961:100,2017-06-11 18:00:00,2017-06-30 18:00:00,planned,Abbe - Bear Crk Solar 100 kV Line 1
12395,L:17147:17148:138,2017-06-13 18:00:00,2017-07-03 18:00:00,planned,Eduction - Lone Pine 2 138 kV Ckt 1
14074,L:18405:18406:138,2017-06-04 18:00:00,2017-06-06 18:00:00,planned,Hoggard - Briar Mtn 138 kV
5557,L:7504:8397:138,2017-06-10 18:00:00,2017-06-14 18:00:00,planned,Bedford Rd - Sewall 138 kV Cir. 1
10965,L:10031:10146:138,2017-06-08 18:00:00,2017-06-20 18:00:00,planned,Brambleton - Southwest Research Institute 138 kV Line 1
20063,L:23054:23071:100,2017-06-04 18:00:00,2017-06-24 18:00:00,planned,Upper Gorge - Wauchula Substation 100 kV
11304,L:10241:10246:138,2017-06-07 18:00:00,2017-06-14 18:00:00,planned,London Bridge - Basf 138 kV
20176,L:23104:23520:230,2017-06-04 18:00:00,2017-06-11 18:00:00,planned,Big Meadows - Pontchartrain Park 230 kV Line 1
16788,L:19646:20058:100,2017-06-11 18:00:00,2017-06-21 18:00:00,planned,Madisonburg - Intalco 100 kV Cir. 1
10881,L:9977:9998:138,2017-06-13 18:00:00,2017-06-28 18:00:00,planned,Greenleaf - Del Rio Substation 138 kV #1
6060,L:7759:7852:138,2017-06-07 18:00:00,2017-06-12 18:00:00,planned,Hanson - S Fifth Street 138 kV
14450,L:18683:18687:345,2017-06-12 18:00:00,2017-06-19 18:00:00,planned,Jim Hill - S Milford 345 kV Ckt 1
4434,L:7090:7175:345,2017-06-09 18:00:00,2017-06-11 18:00:00,planned,Yrkana - Safe Harbor 345 kV Cir. 1
11276,L:10223:10228:138,2017-06-13 18:00:00,2017-06-16 18:00:00,planned,Thalia - Seminole Electric Cooperative 138 kV L
10561,L:9839:9841:138,2017-06-08 18:00:00,2017-06-27 18:00:00,planned,Winger - Guadalupe Substation 138 kV #1
159,L:3350:6956:138,2017-06-05 18:00:00,2017-06-11 18:00:00,planned,Hudson - St. John 138 kV Ckt 1
1429,L:5655:5931:500,2017-06-09 18:00:00,2017-06-10 18:00:00,planned,Woodcreek - Read Oak Station 500 kV #1
604,L:5267:5537:138,2017-06-09 18:00:00,2017-06-19 18:00:00,planned,Uleta - Hi Desert 138 kV Ckt 1
9681,L:9426:9646:138,2017-06-06 18:00:00,2017-06-19 18:00:00,planned,Halifax - Glen Haven 138 kV Cir. 1
16773,L:19642:19645:100,2017-06-12 18:00:00,2017-06-27 18:00:00,planned,Demoss - W Salem 100 kV
15811,L:19239:19259:100,2017-06-04 18:00:00,2017-06-05 18:00:00,planned,Upr - Bayou Chico 100 kV Cir. 1
14037,L:18379:18385:138,2017-06-07 18:00:00,2017-06-20 18:00:00,planned,Delue - Ball 138 kV Cir. 1
17593,L:20005:20300:230,2017-06-05 18:00:00,2017-06-21 18:00:00,planned,Firstenergy Bay Shore - Kemmerr 230 kV line
8113,L:8698:8722:138,2017-06-12 18:00:00,2017-06-21 18:00:00,planned,O St - Lyonsdale Associates 138 kV #1
837,L:5376:5381:138,2017-06-12 18:00:00,2017-06-20 18:00:00,planned,Turnpike - Pca 138 kV Line
9813,L:9514:9516:138,2017-06-04 18:00:00,2017-06-14 18:00:00,planned,Wickett Gulf - Shepaug 138 kV Circuit 1
19734,L:22944:22971:100,2017-06-05 18:00:00,2017-06-11 18:00:00,planned,Sunrise - Saint Joseph 100 kV Circuit 1
20866,L:23425:23430:100,2017-06-10 18:00:00,2017-06-25 18:00:00,planned,Sewanee - Cherry Valley 100 kV Cir. 1
11357,L:10265:10267:138,2017-06-13 18:00:00,2017-06-17 18:00:00,planned,Geysers Tap 2 - Tyler 138 kV Cir. 1
1461,L:5673:5875:138,2017-06-08 18:00:00,2017-06-12 18:00:00,planned,Murray Hill Solar - Shelby 138 kV
804,L:5367:5878:138,2017-06-06 18:00:00,2017-06-16 18:00:00,planned,West Montgomery - Paper Substation 138 kV Line 1
15447,L:19063:19070:100,2017-06-13 18:00:00,2017-07-02 18:00:00,planned,Morgan County - Ludlow Route 103 100 kV Line 1
5372,L:7415:7435:138,2017-06-11 18:00:00,2017-06-13 18:00:00,planned,Fuller - Manville 138 kV #1
17426,L:19922:19930:100,2017-06-09 18:00:00,2017-06-20 18:00:00,planned,Hell Gate - Ft 100 kV #2
10542,L:9827:9828:138,2017-06-09 18:00:00,2017-06-29 18:00:00,planned,7Th Avenue N - Agu Mansa 138 kV Ckt 1
3464,L:6502:6518:138,2017-06-06 18:00:00,2017-06-07 18:00:00,planned,Lieberman Substation - Eureka Reit 138 kV Circuit 1
17356,L:19893:20264:500,2017-06-05 18:00:00,2017-06-13 18:00:00,planned,Tecumseh - Beaver 500 kV Cir. 1
14982,L:18862:18867:100,2017-06-04 18:00:00,2017-06-13 18:00:00,planned,Great Falls Sc - Cedar Hill 100 kV Line 1
17216,L:19830:19831:100,2017-06-09 18:00:00,2017-06-28 18:00:00,planned,Pgg - Prince G - Twin Lake 100 kV Line
14105,L:18433:18434:138,2017-06-11 18:00:00,2017-06-12 18:00:00,planned,Serfgen - Ta3 Substation 138 kV Circuit 1
3689,L:6616:6816:138,2017-06-11 18:00:00,2017-06-22 18:00:00,planned,Northampton Generating Company Lp - Sno-King 138 kV
8519,L:8896:8903:138,2017-06-06 18:00:00,2017-06-11 18:00:00,planned,Wheaton - Subestacion Escuela I 138 kV Circuit 1
10009,L:9632:9636:138,2017-06-12 18:00:00,2017-06-14 18:00:00,planned,Seneca Terminal - Yemassee 138 kV
8691,L:8987:10283:138,2017-06-12 18:00:00,2017-06-26 18:00:00,planned,Roosevelt - Commonwealth Chesapeake 138 kV Circuit 1
7910,L:8611:8615:138,2017-06-09 18:00:00,2017-06-15 18:00:00,planned,Weiser - Burke 138 kV
20761,L:23361:23436:100,2017-06-08 18:00:00,2017-06-09 18:00:00,planned,Gulfcity - Wempletown 100 kV Ckt 1
2731,L:6147:6186:138,2017-06-04 18:00:00,2017-06-05 18:00:00,planned,Columbia Falls - Kirtland Tap 138 kV Line 1
19800,L:22965:23027:100,2017-06-12 18:00:00,2017-06-19 18:00:00,planned,Lower Granite - Arbors 100 kV
20818,L:23403:23420:100,2017-06-09 18:00:00,2017-06-25 18:00:00,planned,East Ellensburg - Brodie Lane 100 kV
17326,L:19878:19921:100,2017-06-13 18:00:00,2017-06-22 18:00:00,planned,South Elma Substation - Leroy Center 100 kV Cir. 1
3946,L:6764:6772:345,2017-06-13 18:00:00,2017-06-29 18:00:00,planned,N Wales - Okay 345 kV Line 1
1615,L:5754:5756:138,2017-06-07 18:00:00,2017-06-14 18:00:00,planned,Hood River - Manitous 138 kV L
1008,L:5476:5500:138,2017-06-06 18:00:00,2017-06-19 18:00:00,planned,Mabton - Forward Energy Center 138 kV Ckt 1
6752,L:8116:8117:138,2017-06-07 18:00:00,2017-06-08 18:00:00,planned,Gis - Minico 138 kV Line 1
773,L:5355:5768:138,2017-06-06 18:00:00,2017-06-08 18:00:00,planned,Abbott - Little Ogeechee 138 kV Ckt 1
20681,L:23317:23512:230,2017-06-13 18:00:00,2017-06-23 18:00:00,planned,Quantum Lake Power Lp - Zion 230 kV line
3832,L:6710:6712:138,2017-06-10 18:00:00,2017-06-19 18:00:00,planned,G.E. Control - Grouse Creek 138 kV Circuit 1
6340,L:7896:18499:138,2017-06-10 18:00:00,2017-06-17 18:00:00,planned,Greenwood Substation - Brandonville 138 kV
8352,L:8816:8824:138,2017-06-13 18:00:00,2017-06-29 18:00:00,planned,Pluess - Park Ave 138 kV line
20708,L:23334:23369:100,2017-06-06 18:00:00,2017-06-21 18:00:00,planned,Mulberry - Channelview 100 kV Cir. 1
13203,L:17905:17919:138,2017-06-04 18:00:00,2017-06-15 18:00:00,planned,Beechhurst - Sevier 138 kV L
5437,L:7448:7468:138,2017-06-07 18:00:00,2017-06-15 18:00:00,planned,Lone Pine - Blackburn 138 kV
3734,L:6648:6678:138,2017-06-07 18:00:00,2017-06-18 18:00:00,planned,Vfw Park - Ltg Pleasant Hill 138 kV Circuit 1
20225,L:23126:23226:100,2017-06-06 18:00:00,2017-06-24 18:00:00,planned,West Pine - Aurora 100 kV Circuit 1
16214,L:19456:19459:100,2017-06-06 18:00:00,2017-06-11 18:00:00,planned,Juan Tabo - Berns Substation 100 kV Cir. 1
9070,L:9131:9132:138,2017-06-07 18:00:00,2017-06-13 18:00:00,planned,Gordonsville Energy Lp - Nevada Solar One 138 kV
15017,L:18879:18880:100,2017-07-12 17:00:00,2017-07-30 17:00:00,planned,Thomas Substation - Key Biscayne Substation 100 kV Ckt 1
8527,L:8900:8948:138,2017-07-16 17:00:00,2017-07-27 17:00:00,planned,Solar - Toaping Castle 138 kV Line
16803,L:19649:19660:100,2017-07-12 17:00:00,2017-07-14 17:00:00,planned,Story City - Anson County Generation Facility 100 kV Line 1
8387,L:8829:8830:138,2017-07-20 17:00:00,2017-07-22 17:00:00,planned,Gentilly Road - Lea National 138 kV
17460,L:19943:19961:100,2017-07-11 17:00:00,2017-07-26 17:00:00,planned,Gilstrap Substation - Abbe 100 kV
87,L:2921:5216:138,2017-07-12 17:00:00,2017-07-14 17:00:00,planned,Trune Substation - S. Macon 138 kV Circuit 1
3078,L:6309:7647:345,2017-07-14 17:00:00,2017-07-15 17:00:00,planned,Hailesboro 4 Plant - Salado Tap 345 kV Circuit 1
9623,L:9398:9399:138,2017-07-16 17:00:00,2017-08-03 17:00:00,planned,Hanger - Chaparral Substation 138 kV
4332,L:7034:7035:138,2017-07-14 17:00:00,2017-07-24 17:00:00,planned,Klondike - Waymart Wind Substation 138 kV Ckt 1
15076,L:18906:18907:100,2017-07-18 17:00:00,2017-07-30 17:00:00,planned,Moweaqua - Magella 100 kV Ckt 1
13608,L:18128:18141:138,2017-07-19 17:00:00,2017-07-30 17:00:00,planned,Florida City - Difficulty 138 kV Circuit 1
21466,L:24080:24089:230,2017-07-11 17:00:00,2017-07-12 17:00:00,planned,Paul D. Johnson - Alachua 230 kV Cir. 1
18007,L:20246:20249:100,2017-07-16 17:00:00,2017-07-22 17:00:00,planned,Ford City - East Jackson 1&2 100 kV Cir. 1
8308,L:8793:8798:138,2017-07-19 17:00:00,2017-07-20 17:00:00,planned,Winton - Crestbrook 138 kV
14790,L:18793:19211:100,2017-07-20 17:00:00,2017-07-25 17:00:00,planned,Guion - Finneytown 100 kV Cir. 1
12530,L:17230:17796:138,2017-07-11 17:00:00,2017-07-12 17:00:00,planned,Oak Crk Substation - Stone 138 kV
21302,L:23516:23520:100,2017-07-11 17:00:00,2017-07-29 17:00:00,planned,Big Meadows - Alchem 100 kV Line 1
586,L:5260:5276:138,2017-07-15 17:00:00,2017-08-02 17:00:00,planned,Ibm Cottle - Holcomb 138 kV Circuit 1
15302,L:19008:19009:100,2017-07-12 17:00:00,2017-07-21 17:00:00,planned,Westrock Hodge La - W Millersport 100 kV
13527,L:18070:18263:138,2017-07-18 17:00:00,2017-07-24 17:00:00,planned,Carbondale Substation - E Sparta 138 kV Circuit 1
5518,L:7485:8034:138,2017-07-12 17:00:00,2017-07-28 17:00:00,planned,Badger - New Castle Plant 138 kV #1
10846,L:9962:9963:138,2017-07-14 17:00:00,2017-07-27 17:00:00,planned,Potrero - Ennis Substation 138 kV #1
19630,L:22904:22930:100,2017-07-11 17:00:00,2017-07-29 17:00:00,planned,Canreed - Solemint Substation 100 kV L
3270,L:6408:6577:138,2017-07-13 17:00:00,2017-07-26 17:00:00,planned,Lewisburg - Willett St 138 kV L
8192,L:8721:9691:138,2017-07-17 17:00:00,2017-08-05 17:00:00,planned,East Stockton Substation - Jefferson Street 138 kV Line
14393,L:18651:18655:345,2017-07-13 17:00:00,2017-08-01 17:00:00,planned,Orenco - Chilliwick 345 kV Ckt 1
17890,L:20165:20173:100,2017-07-18 17:00:00,2017-07-20 17:00:00,planned,Wayview - Magas Collores 5805 100 kV Line 1
14174,L:18483:18706:138,2017-07-16 17:00:00,2017-07-27 17:00:00,planned,Dollarhide Substation - Pleasants Energy Llc 138 kV Line 1
19952,L:23013:23085:100,2017-07-12 17:00:00,2017-07-24 17:00:00,planned,Mancos - Wayne Substation 100 kV Circuit 1
943,L:5427:6900:138,2017-07-20 17:00:00,2017-07-27 17:00:00,planned,Cantua - Milagro Cogeneration 138 kV
8177,L:8718:8719:138,2017-07-17 17:00:00,2017-08-03 17:00:00,planned,Dc Water Chp Substation - Arlington 138 kV L
4235,L:6978:6983:138,2017-07-14 17:00:00,2017-07-29 17:00:00,planned,Asbury - Gaston Rd 138 kV Line 1
3770,L:6673:6674:138,2017-07-12 17:00:00,2017-07-22 17:00:00,planned,Sandy Valley - Midlake 138 kV #1
16016,L:19344:19346:100,2017-07-15 17:00:00,2017-07-29 17:00:00,planned,St. Lawrence - Larsen Memorial 100 kV
15160,L:18940:18999:100,2017-07-11 17:00:00,2017-07-29 17:00:00,planned,Boudoin - Bellingham 100 kV Cir. 1
9258,L:9219:9664:138,2017-07-18 17:00:00,2017-07-22 17:00:00,planned,Reusens - Avon Park 138 kV Circuit 1
11164,L:10147:10148:138,2017-07-12 17:00:00,2017-07-17 17:00:00,planned,Calaveras 345 - Otten Substation 138 kV Line 1
13263,L:17945:18291:138,2017-07-11 17:00:00,2017-07-16 17:00:00,planned,San Jacinto - Valleyview 138 kV Line 1
5276,L:7350:7372:138,2017-07-19 17:00:00,2017-07-29 17:00:00,planned,Bruckner - W New Madrid 138 kV Line
415,L:5181:5204:138,2017-07-14 17:00:00,2017-07-24 17:00:00,planned,White Feather Generating Station - Quogue 138 kV #1
20089,L:23068:23069:100,2017-07-17 17:00:00,2017-08-05 17:00:00,planned,Rhodendron Switching Substation - Benson 100 kV Circuit 1
867,L:5389:5860:138,2017-07-12 17:00:00,2017-07-18 17:00:00,planned,Ocotillo - Flagstaff 138 kV Line 2
8618,L:8939:9853:138,2017-07-20 17:00:00,2017-07-24 17:00:00,planned,Cloverbank - Westwing 138 kV
9261,L:9221:9291:138,2017-07-19 17:00:00,2017-07-24 17:00:00,planned,Brooville - Allens Falls 138 kV line
8023,L:8665:9077:138,2017-07-11 17:00:00,2017-07-12 17:00:00,planned,Morgntown Generating Plant - Huntington Beach 138 kV Line
4169,L:6928:6941:138,2017-07-15 17:00:00,2017-07-30 17:00:00,planned,Perry St - Municipal Light 138 kV
9745,L:9475:9487:138,2017-07-15 17:00:00,2017-07-21 17:00:00,planned,Auburn Lfg Energy Facility - Finney 138 kV
14258,L:18544:18550:138,2017-07-11 17:00:00,2017-07-22 17:00:00,planned,Hinton Ap - Betsy Layne 138 kV Cir. 1
14644,L:18727:18728:100,2017-07-15 17:00:00,2017-07-30 17:00:00,planned,Meridian Street - Vacaville Tap 100 kV Ckt 1
12829,L:17594:17596:138,2017-07-16 17:00:00,2017-07-27 17:00:00,planned,Consolidated Coal - Harbert 138 kV Cir. 1
19385,L:22845:23071:100,2017-07-18 17:00:00,2017-07-30 17:00:00,planned,Hydeville - Wauchula 100 kV #1
2053,L:5927:5979:345,2017-07-16 17:00:00,2017-07-31 17:00:00,planned,24Th & Gardendale - Fort Bliss Substation 345 kV #1
9971,L:9616:9618:138,2017-07-16 17:00:00,2017-07-22 17:00:00,planned,Goulding Substation - Coolidge Substation 138 kV Circuit 1
5612,L:7527:8278:138,2017-07-17 17:00:00,2017-07-28 17:00:00,planned,Altoona - Amfrac 138 kV #1
13772,L:18222:18701:138,2017-07-13 17:00:00,2017-07-23 17:00:00,planned,Belfort - London 138 kV #1
10459,L:9786:9789:138,2017-07-13 17:00:00,2017-07-21 17:00:00,planned,Holden - Big Creek 1 138 kV
6269,L:7866:8146:138,2017-07-15 17:00:00,2017-07-18 17:00:00,planned,Turkey Pt - Medco 138 kV line
12582,L:17314:17634:138,2017-07-11 17:00:00,2017-07-30 17:00:00,planned,Narod - Amoco 138 kV Cir. 1
18308,L:20995:22596:100,2017-07-14 17:00:00,2017-07-27 17:00:00,planned,Cambria - Oak Knoll 100 kV Circuit 2
9966,L:9612:9614:138,2017-07-13 17:00:00,2017-07-20 17:00:00,planned,Pyote - Rector 138 kV Circuit 1
17784,L:20096:20108:230,2017-07-18 17:00:00,2017-08-04 17:00:00,planned,Old Forge - No Troy 230 kV Ckt 1
16265,L:19494:19548:230,2017-07-13 17:00:00,2017-07-17 17:00:00,planned,Hanging Rock - Certainteed 230 kV Cir. 1
575,L:5252:5280:138,2017-07-19 17:00:00,2017-07-26 17:00:00,planned,Salton Sea2 - Gaylord Container Bogalusa Substation 138 kV Ckt 1
18951,L:22244:22245:100,2017-07-15 17:00:00,2017-07-17 17:00:00,planned,Sneath-Pacifica Tap - Aic 100 kV Circuit 1
7331,L:8331:8332:138,2017-07-14 17:00:00,2017-07-26 17:00:00,planned,Sanmanuel - Morganton Parker Road 138 kV Ckt 1
1044,L:5489:5943:138,2017-07-11 17:00:00,2017-07-20 17:00:00,planned,Hutchinson Plant 2 - Greening 138 kV Cir. 1
16853,L:19678:19697:100,2017-07-20 17:00:00,2017-07-28 17:00:00,planned,Salineville - Brier Hill 100 kV
12080,L:16917:16927:138,2017-07-14 17:00:00,2017-07-20 17:00:00,planned,Frost Bridge - Appleway 138 kV Line 1
10295,L:9724:10273:138,2017-07-16 17:00:00,2017-07-22 17:00:00,planned,Nexen Tap - Pacheco Wind Power 138 kV Ckt 1
17263,L:19852:20299:230,2017-07-11 17:00:00,2017-07-30 17:00:00,planned,New Departure - Hagan 230 kV Cir. 1
21388,L:23887:24569:100,2017-08-13 17:00:00,2017-08-25 17:00:00,planned,Cherokee - Braidwood 100 kV Ckt 1
735,L:5330:5945:138,2017-08-13 17:00:00,2017-08-25 17:00:00,planned,Bl England Sta - Bearden 138 kV Ckt 1
16195,L:19444:19452:100,2017-08-18 17:00:00,2017-08-22 17:00:00,planned,Dead End - Chandlersville 100 kV
11390,L:10274:10308:138,2017-08-22 17:00:00,2017-09-11 17:00:00,planned,Philip Morris - Alpine 138 kV Circuit 1
3580,L:6553:6562:138,2017-08-15 17:00:00,2017-08-31 17:00:00,planned,Hygiene - N Hendrickson 138 kV
17269,L:19856:19932:100,2017-08-22 17:00:00,2017-08-25 17:00:00,planned,North Shre Beach - Lake Juliana 100 kV Ckt 1
368,L:5161:5767:138,2017-08-21 17:00:00,2017-09-03 17:00:00,planned,Wine Crk Sta - Goal Line 138 kV Circuit 1
15387,L:19044:19047:100,2017-08-13 17:00:00,2017-08-17 17:00:00,planned,Talega - Williams Field 100 kV #1
15956,L:19318:19319:100,2017-08-16 17:00:00,2017-08-23 17:00:00,planned,White Rock-Folsom - Cheboygan 100 kV Line 1
13545,L:18087:18091:138,2017-08-16 17:00:00,2017-09-04 17:00:00,planned,New Creek Wind - Wesmer 138 kV Line 1
13795,L:18236:18251:138,2017-08-15 17:00:00,2017-08-30 17:00:00,planned,Millhopper - Chesterfield Ve 138 kV
19942,L:23010:23034:100,2017-08-13 17:00:00,2017-08-24 17:00:00,planned,Lake Asbury Substation - Bellwod 100 kV Line 1
14452,L:18683:19543:345,2017-08-14 17:00:00,2017-09-01 17:00:00,planned,Jim Hill - Gavin Power Llc 345 kV
6443,L:7952:7953:138,2017-08-22 17:00:00,2017-09-10 17:00:00,planned,West Waynesboro - Montauk 138 kV Line 1
18828,L:22017:22021:100,2017-08-21 17:00:00,2017-08-25 17:00:00,planned,Lusher - Rossmoor Tap 2 100 kV Cir. 1
1327,L:5610:5634:138,2017-08-20 17:00:00,2017-08-25 17:00:00,planned,Atlantic - Jack County 138 kV
5647,L:7545:7547:138,2017-08-20 17:00:00,2017-08-29 17:00:00,planned,Porter - Ruth 138 kV Ckt 1
19835,L:22974:23026:100,2017-08-22 17:00:00,2017-09-01 17:00:00,planned,Line Creek - Fenner 100 kV Circuit 1
10965,L:10031:10146:138,2017-08-13 17:00:00,2017-08-15 17:00:00,planned,Brambleton - Suthwest Research Institute 138 kV
11240,L:10200:10201:138,2017-08-17 17:00:00,2017-08-22 17:00:00,planned,Havre Assinniboine - Roney 138 kV Circuit 1
10809,L:9947:9991:138,2017-08-14 17:00:00,2017-09-02 17:00:00,planned,Brookwood - Smallwood Substation 138 kV Line 1
13702,L:18182:18184:138,2017-08-13 17:00:00,2017-08-26 17:00:00,planned,Northwoods - Firstenergy Harrison Power Sta 138 kV #1
9218,L:9201:9202:138,2017-08-16 17:00:00,2017-08-29 17:00:00,planned,Tanglewilde Substation - Takelma 138 kV Cir. 1
4959,L:7193:7370:138,2017-08-22 17:00:00,2017-08-29 17:00:00,planned,Syl Laskin - Potlatch 138 kV line
12579,L:17312:17678:138,2017-08-14 17:00:00,2017-08-16 17:00:00,planned,C W Tippy - Cedar Mtn 138 kV Ckt 1
15274,L:18994:19058:100,2017-08-17 17:00:00,2017-08-25 17:00:00,planned,Pacolet Tie - S Bay Substation 100 kV Circuit 2
17999,L:20241:20281:100,2017-08-19 17:00:00,2017-09-08 17:00:00,planned,Lake Catherine - Smuckers 100 kV Cir. 1
10308,L:9727:11209:138,2017-08-19 17:00:00,2017-08-29 17:00:00,planned,Beach Haven - Gaston 138 kV
20349,L:23167:23189:100,2017-08-14 17:00:00,2017-08-26 17:00:00,planned,Spring Brook - Route 59 100 kV Circuit 1
15398,L:19049:19094:100,2017-08-21 17:00:00,2017-09-04 17:00:00,planned,Ductile - Lucent 100 kV Ckt 2
19176,L:22777:22789:100,2017-09-24 17:00:00,2017-10-09 17:00:00,planned,Arsenal Hill - Whitewater 100 kV #1
14535,L:18696:18702:345,2017-09-22 17:00:00,2017-10-09 17:00:00,planned,Mountaineer Wind Energy Center - Castle Gardens 345 kV #1
4437,L:7093:7094:138,2017-09-16 17:00:00,2017-10-04 17:00:00,planned,Los Mirasoles Substation - Kenneth Ford 138 kV Ckt 1
7570,L:8441:8442:138,2017-09-21 17:00:00,2017-10-03 17:00:00,planned,No. Wall - Lake Charles Polymers 138 kV Line 1
966,L:5444:5859:138,2017-09-16 17:00:00,2017-09-26 17:00:00,planned,Clay Street - 15Th St 138 kV Cir. 1
331,L:5141:5351:138,2017-09-25 17:00:00,2017-10-11 17:00:00,planned,Olmos Substation - Maunabo 4301 138 kV Circuit 1
14871,L:18826:18829:100,2017-09-22 17:00:00,2017-10-05 17:00:00,planned,Carrollton - Domhill 100 kV Line 1
7873,L:8587:9082:138,2017-09-21 17:00:00,2017-10-07 17:00:00,planned,Brandon Shores - Johnson Hill 138 kV Cir. 1
11274,L:10223:10226:138,2017-09-24 17:00:00,2017-10-12 17:00:00,planned,Thlia - Lynnhaven 138 kV #1
18794,L:21993:21995:100,2017-09-20 17:00:00,2017-10-09 17:00:00,planned,Desoto - Nuclear Fuels 100 kV #2
8261,L:8761:8763:138,2017-09-24 17:00:00,2017-10-03 17:00:00,planned,Miller - Kerr 138 kV Circuit 1
10695,L:9901:9908:138,2017-09-21 17:00:00,2017-10-03 17:00:00,planned,Masonville Uppco - San Carlos 138 kV Line 1
3757,L:6660:7113:138,2017-09-23 17:00:00,2017-10-09 17:00:00,planned,Sithe Independence Station - Jenkins Substation 138 kV Ckt 1
18880,L:22034:22575:100,2017-09-21 17:00:00,2017-10-02 17:00:00,planned,Hayden Bridge - Twin Branch 3 100 kV
18664,L:21774:21794:100,2017-09-16 17:00:00,2017-09-17 17:00:00,planned,State Street - Sicamous 100 kV Ckt 2
4440,L:7095:7159:138,2017-09-21 17:00:00,2017-09-24 17:00:00,planned,Brunner Island - Mohler 138 kV #1
12581,L:17313:17315:138,2017-09-25 17:00:00,2017-10-04 17:00:00,planned,Mount Olive - Westville 138 kV Cir. 1
5044,L:7225:7319:138,2017-09-25 17:00:00,2017-09-27 17:00:00,planned,Valley Children'S Hospital - Hart Island 138 kV
8334,L:8809:8812:138,2017-09-19 17:00:00,2017-10-04 17:00:00,planned,Alpla Caribe - Columbia 138 kV
5265,L:7345:7346:138,2017-09-22 17:00:00,2017-10-05 17:00:00,planned,Boulder Crk - Anton 138 kV line
20169,L:23103:23104:100,2017-09-22 17:00:00,2017-09-24 17:00:00,planned,Pontchartrain Park - Sponge 100 kV #3
6578,L:8036:8047:138,2017-09-19 17:00:00,2017-10-03 17:00:00,planned,N Road Peak - Miami Beach 138 kV #1
19349,L:22837:23057:100,2017-09-22 17:00:00,2017-10-03 17:00:00,planned,North Vernon - Arch Smith 100 kV Cir. 1
17687,L:20048:20273:100,2017-09-19 17:00:00,2017-09-30 17:00:00,planned,Ritman - El Patio Substation 100 kV Ckt 1
19611,L:22896:23482:100,2017-09-17 17:00:00,2017-10-03 17:00:00,planned,Coulter - Wainiha Hydro 100 kV Cir. 1
4940,L:7188:7253:138,2017-09-25 17:00:00,2017-10-06 17:00:00,planned,Mcclellan-Bell - Webbers Falls 138 kV
3284,L:6418:6419:138,2017-09-19 17:00:00,2017-10-09 17:00:00,planned,Browntown - Borough Of Middletown Mill Street 138 kV Circuit 1
15223,L:18970:19003:230,2017-09-23 17:00:00,2017-10-05 17:00:00,planned,Knoll - Rhinebeck 230 kV Circuit 1
16490,L:19557:19594:500,2017-09-25 17:00:00,2017-10-10 17:00:00,planned,Conesville Sta - Muskingum Riv Substation 500 kV Line
6820,L:8166:8258:138,2017-09-18 17:00:00,2017-09-24 17:00:00,planned,Whitney - Glade 138 kV Cir. 1
11018,L:10067:10139:138,2017-09-23 17:00:00,2017-10-05 17:00:00,planned,Novec Paradise - Gainesville 138 kV Cir. 1
3559,L:6541:6546:138,2017-09-21 17:00:00,2017-09-29 17:00:00,planned,N. Sardis - Rohrerstown 138 kV
7733,L:8507:9058:138,2017-09-25 17:00:00,2017-09-26 17:00:00,planned,Wheelabrator Baltimore Refuse Substation - Wilkens 138 kV Line 1
20147,L:23095:23181:100,2017-09-20 17:00:00,2017-09-25 17:00:00,planned,San Andres - Eastshore 100 kV
14174,L:18483:18706:138,2017-10-07 17:00:00,2017-10-20 17:00:00,planned,Pleasats Energy Llc - Dollarhide 138 kV Line 1
15563,L:19125:19126:100,2017-10-08 17:00:00,2017-10-11 17:00:00,planned,Picway - Norwich Substation 100 kV Line 2
19857,L:22981:23038:100,2017-10-10 17:00:00,2017-10-12 17:00:00,planned,Brookdale - Prospect Heights 100 kV Cir. 1
3247,L:6389:6398:138,2017-10-02 17:00:00,2017-10-17 17:00:00,planned,Lajolla - Vl Road 138 kV
16226,L:19471:19473:100,2017-10-08 17:00:00,2017-10-21 17:00:00,planned,Payne - Marana 100 kV Cir. 1
2271,L:5972:7129:345,2017-10-10 17:00:00,2017-10-19 17:00:00,planned,Yards Creek - Portland Station 345 kV Ckt 1
8060,L:8680:9091:345,2017-10-07 17:00:00,2017-10-16 17:00:00,planned,Morgantown - Indian 345 kV
10787,L:9941:9967:138,2017-10-05 17:00:00,2017-10-23 17:00:00,planned,Tres Vias - Gustine 138 kV
14747,L:18770:18887:100,2017-10-04 17:00:00,2017-10-16 17:00:00,planned,Beckjord - South Park 100 kV Cir. 1
13003,L:17764:18399:345,2017-10-05 17:00:00,2017-10-09 17:00:00,planned,Batavia Power Plant - Ragland 345 kV Cir. 1
11056,L:10087:10254:138,2017-10-07 17:00:00,2017-10-20 17:00:00,planned,Ft Eustis - Ponnequin Substation 138 kV
11020,L:10068:10070:138,2017-10-06 17:00:00,2017-10-14 17:00:00,planned,Usaa 1 - Corners 138 kV
11261,L:10216:10269:138,2017-10-01 17:00:00,2017-10-21 17:00:00,planned,Wilkins Slough - Chesapeake Energy Ctr 138 kV Circuit 1
3876,L:6733:6944:138,2017-10-02 17:00:00,2017-10-06 17:00:00,planned,Indian Springs - Cavanaugh 138 kV Circuit 1
17351,L:19892:19904:100,2017-10-04 17:00:00,2017-10-06 17:00:00,planned,Sigel - Clearwater Paper App Cb 100 kV Ckt 1
20567,L:23274:23304:100,2017-10-08 17:00:00,2017-10-27 17:00:00,planned,Seaton - Tate & Lyle Decatur Plant Cogen 100 kV
14621,L:18718:18720:100,2017-10-08 17:00:00,2017-10-27 17:00:00,planned,Barron - Crawfordville 100 kV #1
9199,L:9188:9190:138,2017-10-05 17:00:00,2017-10-08 17:00:00,planned,Ellis Hydro - Verona 138 kV Cir. 1
494,L:5224:5237:138,2017-10-02 17:00:00,2017-10-10 17:00:00,planned,Seven Mile - Mount Laurel 138 kV
5577,L:7514:7524:138,2017-10-09 17:00:00,2017-10-22 17:00:00,planned,Spring Vly - Skidaway 138 kV
20811,L:23399:23403:100,2017-10-04 17:00:00,2017-10-24 17:00:00,planned,Rapids Energy Center - Brodie Lane 100 kV
594,L:5263:6872:138,2017-10-06 17:00:00,2017-10-07 17:00:00,planned,Owens Illinois - Apace 138 kV Line 1
16206,L:19451:19636:230,2017-10-04 17:00:00,2017-10-21 17:00:00,planned,Chaska Sw Station - Findla Wind Farm 230 kV
2855,L:6212:6220:138,2017-10-10 17:00:00,2017-10-20 17:00:00,planned,Caverns Rd - Dunn Siding 138 kV Line
17433,L:19933:19935:100,2017-10-06 17:00:00,2017-10-14 17:00:00,planned,Azalea - Denmark Substation 100 kV line
2568,L:6067:6068:138,2017-10-06 17:00:00,2017-10-15 17:00:00,planned,Carson Crk - Sperry Substation 138 kV
9940,L:9596:9598:138,2017-10-01 17:00:00,2017-10-18 17:00:00,planned,Lonesome Pine Substation - Okeechobee 138 kV Ckt 1
16241,L:19479:19481:100,2017-10-05 17:00:00,2017-10-23 17:00:00,planned,Landmark - Como Lake Substation 100 kV Ckt 1
12825,L:17592:17593:138,2017-10-04 17:00:00,2017-10-14 17:00:00,planned,Bulan - Hazard 138 kV Circuit 2
8132,L:8705:9880:138,2017-10-09 17:00:00,2017-10-16 17:00:00,planned,Cia - Air Force Base 138 kV Circuit 1
8404,L:8838:8874:138,2017-10-02 17:00:00,2017-10-06 17:00:00,planned,Wallace - Devil'S Hill 138 kV Cir. 1
17645,L:20029:20306:100,2017-10-03 17:00:00,2017-10-07 17:00:00,planned,Mosier - Mineral Ridge 100 kV Ckt 1
3656,L:6598:7149:500,2017-10-09 17:00:00,2017-10-19 17:00:00,planned,Ruch Substation - Steel City 500 kV line
7550,L:8432:8455:138,2017-10-05 17:00:00,2017-10-10 17:00:00,planned,N Lakeville - El Paso Fs H-H 138 kV Cir. 1
20110,L:23079:23080:100,2017-10-02 17:00:00,2017-10-10 17:00:00,planned,E Jackson - Mogen 100 kV Cir. 1
4692,L:7132:8488:345,2017-10-07 17:00:00,2017-10-12 17:00:00,planned,Vlyway Substation - Plant 31 Paper Mill 345 kV Circuit 1
10511,L:9813:10172:138,2017-10-02 17:00:00,2017-10-20 17:00:00,planned,Luke St - Acca 138 kV Circuit 1
5430,L:7442:7443:138,2017-10-03 17:00:00,2017-10-10 17:00:00,planned,Sacheen - Sweet Gum Flats Substation 138 kV Cir. 1
12685,L:17397:17399:138,2017-10-01 17:00:00,2017-10-19 17:00:00,planned,Yellowcake - Mountain Avenue 138 kV #1
7375,L:8357:8375:138,2017-10-01 17:00:00,2017-10-14 17:00:00,planned,Bethpage - Ss3140 Substation 138 kV Circuit 1
6476,L:7971:18427:138,2017-10-07 17:00:00,2017-10-24 17:00:00,planned,Hat Creek 2 - Fort Marin 138 kV Line 1
10747,L:9921:9922:138,2017-10-04 17:00:00,2017-10-10 17:00:00,planned,Depot - Redbed Plains Wind Farm 138 kV
8646,L:8955:9842:138,2017-10-05 17:00:00,2017-10-15 17:00:00,planned,Wright Avenue Substation - South Carlyle 138 kV Line 1
2459,L:6027:8520:138,2017-10-07 17:00:00,2017-10-25 17:00:00,planned,Burr Oak - Macheche 138 kV Cir. 1
8005,L:8663:8671:138,2017-10-06 17:00:00,2017-10-18 17:00:00,planned,Lake Platte - York Canyon Substation 138 kV #1
20372,L:23171:23189:100,2017-10-07 17:00:00,2017-10-27 17:00:00,planned,Endako Cust - Route 59 100 kV Circuit 1
14867,L:18824:19549:100,2017-10-03 17:00:00,2017-10-18 17:00:00,planned,Contra Costa - Tuscola E 100 kV Cir. 1
10924,L:10004:10296:138,2017-10-03 17:00:00,2017-10-21 17:00:00,planned,Coffeeville - Mercy Springs 138 kV
6719,L:8093:20097:500,2017-10-01 17:00:00,2017-10-12 17:00:00,planned,Ravenna - Milford 500 kV Circuit 1
18748,L:21962:21963:100,2017-10-03 17:00:00,2017-10-22 17:00:00,planned,Coso 7 - Northstar 100 kV Line
9307,L:9244:9640:138,2017-10-01 17:00:00,2017-10-11 17:00:00,planned,Lewis Riv - Bandhead 138 kV Cir. 1
15524,L:19099:19102:100,2017-10-09 17:00:00,2017-10-14 17:00:00,planned,St Cloud - Estacada 100 kV Cir. 1
521,L:5232:6140:138,2017-10-05 17:00:00,2017-10-23 17:00:00,planned,Bustleton - Planta Santurce 138 kV
12719,L:17427:17430:138,2017-10-09 17:00:00,2017-10-29 17:00:00,planned,Hiatus - Pachmann 138 kV Cir. 1
15899,L:19288:19290:230,2017-10-05 17:00:00,2017-10-17 17:00:00,planned,Great Lakes - Southside Tap Substation 230 kV
20188,L:23107:23241:100,2017-10-05 17:00:00,2017-10-11 17:00:00,planned,Rodessa - Storey 100 kV Line 1
14061,L:18397:18405:138,2017-10-10 17:00:00,2017-10-11 17:00:00,planned,Trisonic - Briar Mtn 138 kV Line 1
12764,L:17566:17571:138,2017-10-06 17:00:00,2017-10-11 17:00:00,planned,Left Fork - Elsinore Tap 138 kV
4233,L:6976:6990:138,2017-10-06 17:00:00,2017-10-08 17:00:00,planned,Mesquite - Yelm Pp 138 kV Cir. 1
7159,L:8275:8280:500,2017-10-04 17:00:00,2017-10-21 17:00:00,planned,Norfork - Ronco 500 kV #1
2590,L:6073:6777:138,2017-10-06 17:00:00,2017-10-12 17:00:00,planned,North Chelea - Encinitas 138 kV Circuit 1
12455,L:17173:17175:138,2017-10-07 17:00:00,2017-10-13 17:00:00,planned,Ten Mile - Russ Ranch 138 kV Line 1
10393,L:9759:10132:138,2017-10-09 17:00:00,2017-10-17 17:00:00,planned,Wheelabrator Portsmouth - Gosport 138 kV L
13670,L:18164:18166:138,2017-10-03 17:00:00,2017-10-13 17:00:00,planned,Bridgeport Energy - Abel 138 kV Ckt 1
286,L:5122:5129:138,2017-10-07 17:00:00,2017-10-21 17:00:00,planned,Apple River - Mayaguez Substation 138 kV
254,L:3849:3850:161,2017-10-05 17:00:00,2017-10-25 17:00:00,planned,Ruthbelle - Pensacola Florida Plant 161 kV Cir. 1
17498,L:19959:20059:100,2017-11-01 19:00:00,2017-11-09 19:00:00,planned,Heritage - Fishole 100 kV Circuit 1
9576,L:9376:9450:138,2017-11-05 19:00:00,2017-11-25 19:00:00,planned,Astoria Generating Sta - Ridgeway 138 kV Cir. 1
7671,L:8485:8819:138,2017-11-10 19:00:00,2017-11-14 19:00:00,planned,Vicker - Bethany 138 kV
4190,L:6940:6954:138,2017-11-10 19:00:00,2017-11-13 19:00:00,planned,Hunt - Seminoe Substation 138 kV Circuit 1
9915,L:9583:9594:138,2017-11-03 19:00:00,2017-11-14 19:00:00,planned,Philpott - Broadford 138 kV Cir. 1
20424,L:23196:23197:100,2017-11-05 19:00:00,2017-11-06 19:00:00,planned,Vancouver Island - Billeaud 100 kV Cir. 1
10609,L:9861:9913:138,2017-11-05 19:00:00,2017-11-15 19:00:00,planned,Occoquan - Shawnigan Lake 138 kV
18353,L:21041:22022:230,2017-11-04 19:00:00,2017-11-20 19:00:00,planned,Three Rivers - Concord 230 kV Line 1
12005,L:16802:16804:138,2017-11-05 19:00:00,2017-11-23 19:00:00,planned,Winona - Sullivan Substation 138 kV Cir. 1
1976,L:5916:6160:138,2017-11-09 19:00:00,2017-11-18 19:00:00,planned,Suntree - Glen Head 138 kV #1
4227,L:6974:6977:138,2017-11-02 19:00:00,2017-11-19 19:00:00,planned,Shelline - Compo 138 kV Line 1
14781,L:18789:19202:100,2017-11-02 19:00:00,2017-11-12 19:00:00,planned,Rochester Hydro - Limon Wind 1 100 kV Ckt 1
20219,L:23123:23157:100,2017-11-06 19:00:00,2017-11-21 19:00:00,planned,Orcasan - Deposit 100 kV Ckt 1
373,L:5163:5170:138,2017-11-08 19:00:00,2017-11-19 19:00:00,planned,Maywood - Mcpherson 2 138 kV Ckt 1
4024,L:6827:6831:138,2017-11-06 19:00:00,2017-11-26 19:00:00,planned,Fillmore - Anheuser-Busch 138 kV
10624,L:9868:9875:138,2017-11-09 19:00:00,2017-11-20 19:00:00,planned,Clifton - Ton Lappos 138 kV
15385,L:19043:19044:100,2017-11-09 19:00:00,2017-11-17 19:00:00,planned,Caryville - Talega 100 kV Cir. 1
17008,L:19745:20285:100,2017-11-03 19:00:00,2017-11-04 19:00:00,planned,Jm Manufacturing - Tocoi 100 kV Circuit 1
5891,L:7677:8251:345,2017-11-05 19:00:00,2017-11-22 19:00:00,planned,Waterside - Gendale 345 kV #1
9175,L:9173:9190:138,2017-11-03 19:00:00,2017-11-05 19:00:00,planned,Ellis Hydro - Moly Mils 138 kV #1
4429,L:7088:7103:345,2017-11-03 19:00:00,2017-11-05 19:00:00,planned,Northern Hills - Coggon 345 kV Line 1
1779,L:5841:5843:138,2017-11-09 19:00:00,2017-11-15 19:00:00,planned,W Ooltewah - Piney Road 138 kV Cir. 1
19636,L:22908:22916:100,2017-11-07 19:00:00,2017-11-24 19:00:00,planned,Bedford Park - George Neal South 100 kV Cir. 2
4122,L:6899:6901:138,2017-11-03 19:00:00,2017-11-04 19:00:00,planned,Woodlynne - Cosmar 138 kV line
19025,L:22376:22377:100,2017-11-06 19:00:00,2017-11-17 19:00:00,planned,Olive - Southside Generating Sta 100 kV Ckt 1
16993,L:19740:19919:100,2017-11-07 19:00:00,2017-11-19 19:00:00,planned,Nottingham - Power Inn-Geneva Pointe Substation 100 kV Ckt 1
17501,L:19961:19963:100,2017-11-01 19:00:00,2017-11-06 19:00:00,planned,Abbe - Bellows Falls 100 kV #2
9673,L:9423:9522:138,2017-11-10 19:00:00,2017-11-28 19:00:00,planned,Rpson - San Jose Sta. A Substation 138 kV
1024,L:5480:5484:138,2017-11-07 19:00:00,2017-11-25 19:00:00,planned,Glencliff - Lemolo No 1 Hydro 138 kV Cir. 1
9761,L:9482:9555:138,2017-11-08 19:00:00,2017-11-21 19:00:00,planned,Franklin-Laguna - Bushnell East 138 kV Cir. 1
8155,L:8712:9100:138,2017-11-02 19:00:00,2017-11-08 19:00:00,planned,Lake Louise - Summit Lake 138 kV Line 1
13291,L:17958:18628:138,2017-11-03 19:00:00,2017-11-11 19:00:00,planned,Cleburne - Elliott 138 kV Line
8271,L:8771:8772:138,2017-11-09 19:00:00,2017-11-11 19:00:00,planned,Waupun Correctional Central Heating Plt - Nauvoo Substation 138 kV Circuit 1
19070,L:22582:22589:100,2017-11-05 19:00:00,2017-11-12 19:00:00,planned,Gravel Pit - Salamancafrank St 100 kV L
7400,L:8368:8369:138,2017-11-02 19:00:00,2017-11-10 19:00:00,planned,Harvard - Dorset 138 kV
13556,L:18094:18697:138,2017-11-07 19:00:00,2017-11-25 19:00:00,planned,Mount Storm - Stevensville 138 kV Circuit 1
13222,L:17919:18205:138,2017-11-09 19:00:00,2017-11-16 19:00:00,planned,Sevier - Holgate 138 kV
5460,L:7457:7462:138,2017-11-09 19:00:00,2017-11-20 19:00:00,planned,North Havasu - Stump Crk 138 kV Ckt 1
942,L:5427:5971:345,2017-11-05 19:00:00,2017-11-22 19:00:00,planned,Chambers - Cantua 345 kV Ckt 1
18649,L:21771:21800:100,2017-11-01 19:00:00,2017-11-04 19:00:00,planned,Salinas Rural - Robison Park 2 100 kV Line
3995,L:6798:6805:138,2017-11-02 19:00:00,2017-11-13 19:00:00,planned,Belfast - High Bridge 138 kV Ckt 1
5000,L:7208:7212:138,2017-11-03 19:00:00,2017-11-22 19:00:00,planned,Ross Prairie - Forman 2 138 kV #1
14983,L:18862:18867:100,2017-11-08 19:00:00,2017-11-24 19:00:00,planned,Cedar Hill - Great Falls Sc 100 kV Ckt 2
13798,L:18238:18517:138,2017-11-10 19:00:00,2017-11-11 19:00:00,planned,Consumers Energy - Pac Troutdale 138 kV Ckt 1
10775,L:9935:10014:138,2017-11-04 19:00:00,2017-11-13 19:00:00,planned,Plumassierra Rea - Toano Substation 138 kV
4221,L:6971:6982:138,2017-11-05 19:00:00,2017-11-12 19:00:00,planned,John B Rich Memorial Power Station - Quartz Crk 138 kV Line 1
10672,L:9894:9895:138,2017-11-04 19:00:00,2017-11-18 19:00:00,planned,Dulles - Ballson 138 kV Circuit 1
6050,L:7755:8258:345,2017-11-10 19:00:00,2017-11-24 19:00:00,planned,Wine Country Substation - Glade 345 kV #1
17276,L:19858:19863:100,2017-11-03 19:00:00,2017-11-16 19:00:00,planned,Greenport - Crystal Mtn Generation 100 kV #1
5777,L:7609:7635:138,2017-11-04 19:00:00,2017-11-15 19:00:00,planned,Spring City - Gmp Solar - Richmond 138 kV #1
736,L:5332:5333:138,2017-12-26 19:00:00,2018-01-10 19:00:00,planned,Elk Grove-Colton - Aeropuerto 138 kV
441,L:5192:5214:345,2017-12-27 19:00:00,2018-01-05 19:00:00,planned,Seagoville Sw - Peterson 345 kV
9039,L:9113:9129:138,2017-12-26 19:00:00,2017-12-29 19:00:00,planned,Reiner Rd - Hard Rock 138 kV L
16375,L:19537:19594:230,2017-12-23 19:00:00,2018-01-07 19:00:00,planned,Washington Energy Facility - Muskingum Iv 230 kV Ckt 1
14008,L:18365:18385:138,2017-12-21 19:00:00,2018-01-01 19:00:00,planned,E Bridgewater - Deluce 138 kV
1121,L:5518:5986:138,2017-12-27 19:00:00,2018-01-16 19:00:00,planned,Windsor - Sherwin 138 kV Cir. 1
7956,L:8636:8642:138,2017-12-26 19:00:00,2018-01-04 19:00:00,planned,Methanex - Boerne 138 kV line
18795,L:21993:21995:100,2017-12-28 19:00:00,2018-01-14 19:00:00,planned,Desoto - Nuclear Fuels 100 kV #3
9334,L:9258:16806:138,2017-12-21 19:00:00,2018-01-08 19:00:00,planned,North Bristol - Vicco 138 kV
13712,L:18188:18190:138,2017-12-28 19:00:00,2018-01-08 19:00:00,planned,Mt Gate Junction - Lamontville Rd 138 kV L
7752,L:8516:8783:345,2017-12-19 19:00:00,2017-12-31 19:00:00,planned,Plant Avenue - Keystone Heights Electric 345 kV
12754,L:17558:17847:138,2017-12-22 19:00:00,2018-01-07 19:00:00,planned,Edgewood - Port Ewards 138 kV Line 1
15275,L:18995:18996:100,2017-12-25 19:00:00,2018-01-11 19:00:00,planned,Mustang - Allatoona 100 kV Cir. 1
4385,L:7063:7090:138,2017-12-20 19:00:00,2018-01-09 19:00:00,planned,Yorkana - Massachusetts Street 138 kV
4401,L:7070:8543:138,2017-12-19 19:00:00,2017-12-30 19:00:00,planned,Wray - Kitimat 138 kV Line 1
5549,L:7499:7500:138,2017-12-19 19:00:00,2017-12-22 19:00:00,planned,Jackson - Coitsville 138 kV #1
5968,L:7715:7813:138,2017-12-21 19:00:00,2018-01-01 19:00:00,planned,Spencer Reit - Moshannon 138 kV Circuit 1
17081,L:19776:19823:100,2017-12-24 19:00:00,2017-12-30 19:00:00,planned,Conroe Bulk - Winter Park East 100 kV Circuit 1
16554,L:19571:19572:500,2017-12-27 19:00:00,2017-12-29 19:00:00,planned,Flatlick - Jersey Holdings 500 kV Circuit 1
7905,L:8609:8819:138,2017-12-22 19:00:00,2018-01-11 19:00:00,planned,Olivehurst - Bethany Substation 138 kV
19058,L:22574:22587:100,2017-12-28 19:00:00,2018-01-04 19:00:00,planned,Stave Falls Substation - Buffalo Rd 100 kV L
10249,L:9692:10164:138,2017-12-26 19:00:00,2018-01-14 19:00:00,planned,Riverview - Albert Pike 138 kV #1
787,L:5362:5385:138,2017-12-22 19:00:00,2017-12-31 19:00:00,planned,Amistad - Federal Square 138 kV L
13027,L:17786:17787:138,2017-12-27 19:00:00,2018-01-01 19:00:00,planned,Rio Bravo - Siletz 138 kV
6144,L:7802:7929:138,2017-12-20 19:00:00,2018-01-03 19:00:00,planned,Mukonago - Hidalgo Smelter 138 kV Circuit 1
15003,L:18870:18871:100,2017-12-28 19:00:00,2018-01-13 19:00:00,planned,Golden Ring - La Grande 100 kV Ckt 1
8420,L:8841:8891:138,2017-12-24 19:00:00,2018-01-01 19:00:00,planned,Kensington - Twinbrook 138 kV Line 2
4272,L:6997:7145:138,2018-01-03 19:00:00,2018-01-22 19:00:00,planned,Placer - Sunbury 138 kV
17741,L:20080:20124:100,2017-12-29 19:00:00,2018-01-15 19:00:00,planned,Thunderbird - Belle Glade 100 kV Cir. 1
12148,L:16970:17007:138,2017-12-27 19:00:00,2018-01-08 19:00:00,planned,Graceville - Union Center 138 kV Ckt 1
17073,L:19768:19770:100,2017-12-30 19:00:00,2018-01-02 19:00:00,planned,Chetwynd Substation - Moab 100 kV Line 1
13473,L:18048:18050:138,2018-01-03 19:00:00,2018-01-09 19:00:00,planned,Lee Highway - Beardsley 138 kV line
7695,L:8490:8556:138,2018-01-03 19:00:00,2018-01-09 19:00:00,planned,Shawan Rd - Ripp 138 kV Ckt 1
1462,L:5674:5712:138,2017-12-28 19:00:00,2018-01-01 19:00:00,planned,San German 6401 - Carreon 138 kV Line 1
3574,L:6549:6568:138,2018-01-01 19:00:00,2018-01-06 19:00:00,planned,Capay - High Falls 138 kV #1
3811,L:6696:6698:138,2017-12-29 19:00:00,2018-01-04 19:00:00,planned,Mirage - Chelsea 138 kV Cir. 1
6055,L:7756:8162:138,2018-01-05 19:00:00,2018-01-12 19:00:00,planned,D'Hanis - Rothwood 138 kV Circuit 1
20367,L:23171:23185:100,2017-12-29 19:00:00,2018-01-06 19:00:00,planned,Endako Cust Substation - Frontenac 100 kV Ckt 2
8543,L:8909:8942:138,2017-12-28 19:00:00,2018-01-07 19:00:00,planned,Linden - Sligo 138 kV #1
16475,L:19554:19587:500,2017-12-31 19:00:00,2018-01-01 19:00:00,planned,Dresden - Inyokern 500 kV
943,L:5427:6900:138,2017-12-28 19:00:00,2018-01-05 19:00:00,planned,Cantua - Milagro Cogeneration 138 kV
8913,L:9079:9082:138,2017-12-30 19:00:00,2018-01-15 19:00:00,planned,Johnson Hill - Waner 138 kV Circuit 1
1788,L:5845:5850:138,2017-12-29 19:00:00,2018-01-06 19:00:00,planned,Sjve Madera - Carolina Pueblo 1602 138 kV #1
16276,L:19501:20156:100,2017-12-28 19:00:00,2017-12-30 19:00:00,planned,Du Bay - S Cnton 3 Substation 100 kV #1
13301,L:17962:19303:100,2018-01-02 19:00:00,2018-01-19 19:00:00,planned,Butterfield - Blue Plains 100 kV
14143,L:18457:18460:138,2018-01-05 19:00:00,2018-01-15 19:00:00,planned,Haefling - Recovery Soco 138 kV Line 1
1587,L:5734:5762:138,2018-01-02 19:00:00,2018-01-03 19:00:00,planned,Pine Hills - Capitola 138 kV Ckt 1
7361,L:8346:8384:138,2017-12-28 19:00:00,2018-01-02 19:00:00,planned,New Castle - Basin Rd 138 kV Line 1
9256,L:9219:9667:345,2018-01-02 19:00:00,2018-01-05 19:00:00,planned,Reusens - Leesville 345 kV Cir. 1
4066,L:6862:6885:138,2018-01-05 19:00:00,2018-01-23 19:00:00,planned,Deaware - Southwark 138 kV
17687,L:20048:20273:100,2017-12-28 19:00:00,2018-01-14 19:00:00,planned,El Patio - Rittman 100 kV Line 1
7207,L:8283:8291:138,2017-12-27 19:00:00,2017-12-28 19:00:00,planned,Armstrong - Southbend Substation 138 kV Line 1
1663,L:5784:5966:138,2018-01-04 19:00:00,2018-01-18 19:00:00,planned,County Line - W Crossville 138 kV Circuit 1
15213,L:18965:18967:100,2017-12-28 19:00:00,2018-01-15 19:00:00,planned,Georgia-Pacific Brewton Mill - Geysers Tap 7 100 kV Cir. 1
15364,L:19034:19072:100,2018-01-02 19:00:00,2018-01-08 19:00:00,planned,Wadsworth - E Broad Street 100 kV Cir. 1
9889,L:9567:9610:138,2017-12-29 19:00:00,2018-01-16 19:00:00,planned,Girvan - Dennis Station 138 kV
9525,L:9354:9356:138,2018-01-04 19:00:00,2018-01-12 19:00:00,planned,Claytor - Ingles St 138 kV #1
20319,L:23151:23153:100,2018-01-02 19:00:00,2018-01-20 19:00:00,planned,Penryn - Southwyck 100 kV L
12014,L:16810:16831:138,2018-01-03 19:00:00,2018-01-11 19:00:00,planned,Arrowhead Lake - Walters Substation 138 kV L
9443,L:9316:9421:138,2017-12-27 19:00:00,2017-12-28 19:00:00,planned,Warrenton - Plaster City 138 kV L
17655,L:20033:20223:230,2018-01-02 19:00:00,2018-01-13 19:00:00,planned,Williamsport - W Austintown 230 kV Ckt 1
9594,L:9383:9385:138,2017-12-28 19:00:00,2017-12-29 19:00:00,planned,Kelim - Mcminnville 138 kV Line
16078,L:19378:19485:100,2018-01-05 19:00:00,2018-01-17 19:00:00,planned,Polaris - Kentucky Dam 100 kV #1
12914,L:17674:17764:138,2017-12-27 19:00:00,2018-01-11 19:00:00,planned,Batavia Power Plant - Orick 138 kV L
14898,L:18835:18988:100,2018-01-01 19:00:00,2018-01-04 19:00:00,planned,Mechanicsburg - Lyons Falls Hydroelectric 100 kV Ckt 1
6761,L:8125:8126:138,2018-01-04 19:00:00,2018-01-24 19:00:00,planned,Wlport - Jefferson Smurfit Corp 138 kV Line 1
18720,L:21811:22222:100,2018-01-04 19:00:00,2018-01-19 19:00:00,planned,Sorenson - Port Calcite 100 kV
2128,L:5943:5947:345,2017-12-30 19:00:00,2018-01-05 19:00:00,planned,Terry Substation - Hutchinson Plant 2 345 kV L
897,L:5406:5411:138,2018-01-04 19:00:00,2018-01-13 19:00:00,planned,W Kelso - Punta Gorda 138 kV
7765,L:8520:8521:138,2017-12-28 19:00:00,2018-01-11 19:00:00,planned,Collin - Macheche 138 kV Cir. 1
18576,L:21745:22243:100,2017-12-29 19:00:00,2018-01-01 19:00:00,planned,Dairymans Substation - Hale Co 100 kV
17916,L:20181:20203:100,2018-01-02 19:00:00,2018-01-12 19:00:00,planned,Water - Pine 100 kV
3473,L:6507:7096:138,2018-01-05 19:00:00,2018-01-07 19:00:00,planned,Archbald Power Sta - Lackawanna 138 kV
551,L:5242:5272:138,2018-01-01 19:00:00,2018-01-16 19:00:00,planned,Desoto Next Generation Solar Energy - Lammes 138 kV Line 1
3244,L:6388:8103:345,2017-12-28 19:00:00,2018-01-08 19:00:00,planned,Priceville - Peoria 345 kV Ckt 1
6352,L:7903:8225:138,2018-01-01 19:00:00,2018-01-15 19:00:00,planned,Switchback - Deadhead 138 kV
10278,L:9715:9902:138,2018-01-03 19:00:00,2018-01-09 19:00:00,planned,Carderock - Floraday 138 kV Cir. 1
12576,L:17310:17679:138,2017-12-28 19:00:00,2018-01-13 19:00:00,planned,Great Bend - Midwest Energy - Pines 138 kV #1
20169,L:23103:23104:100,2018-01-03 19:00:00,2018-01-19 19:00:00,planned,Sponge - Pontchartrain Park 100 kV Cir. 3
9487,L:9334:9379:138,2017-12-28 19:00:00,2018-01-14 19:00:00,planned,Hoosier Fairview - Pearsall Power Plant 138 kV Ckt 1
14375,L:18640:18644:138,2017-12-28 19:00:00,2018-01-08 19:00:00,planned,Theropolis - Nilles Corner 138 kV Ckt 1
4400,L:7070:7082:138,2018-01-03 19:00:00,2018-01-16 19:00:00,planned,Wray - Oreana 138 kV line
2949,L:6251:6256:138,2018-01-04 19:00:00,2018-01-10 19:00:00,planned,Wallisville - Dallman 138 kV #1
15220,L:18968:18972:100,2017-12-31 19:00:00,2018-01-03 19:00:00,planned,Shouns - Muddy Ridge Substation 100 kV Ckt 1
15531,L:19103:19106:100,2017-12-27 19:00:00,2018-01-13 19:00:00,planned,Rankin Lake - Renergy Black Riv 100 kV #1
9407,L:9297:9304:138,2018-01-02 19:00:00,2018-01-15 19:00:00,planned,Jacksns Ferry - Petaluma Sta A 138 kV Ckt 1
16176,L:19430:19551:100,2017-12-27 19:00:00,2018-01-11 19:00:00,planned,E J Stoneman Sta - Milvon Substation 100 kV
15725,L:19200:19211:100,2017-12-29 19:00:00,2018-01-09 19:00:00,planned,Innovation - Finneytown 100 kV
20507,L:23250:23251:100,2017-12-28 19:00:00,2018-01-03 19:00:00,planned,La Plata - Acton 100 kV Ckt 1
10499,L:9807:9815:138,2017-12-31 19:00:00,2018-01-05 19:00:00,planned,Shockoe - Waldron 138 kV Circuit 1
15962,L:19321:19326:100,2018-01-29 19:00:00,2018-02-11 19:00:00,planned,Eustis - Meade County 100 kV Line 1
9416,L:9300:9673:138,2018-01-24 19:00:00,2018-01-28 19:00:00,planned,Circuit 40 - Fries 138 kV Line 1
6573,L:8034:8036:138,2018-01-25 19:00:00,2018-01-27 19:00:00,planned,N Rd Peak - New Castle Plant 138 kV #1
6177,L:7818:7860:138,2018-02-01 19:00:00,2018-02-14 19:00:00,planned,Cactus - Deer Park 138 kV
14632,L:18724:18734:100,2018-01-30 19:00:00,2018-02-10 19:00:00,planned,Moapa - Poplar-Antelope 100 kV Circuit 1
12429,L:17158:17579:138,2018-01-26 19:00:00,2018-01-29 19:00:00,planned,Sta 140 - Kiya 138 kV #1
5626,L:7533:7626:138,2018-01-29 19:00:00,2018-02-09 19:00:00,planned,Newbury - Colonial Village 138 kV #1
16743,L:19626:19639:100,2018-02-01 19:00:00,2018-02-06 19:00:00,planned,Dorchester Substation - Berlin Gorham 100 kV Cir. 1
19641,L:22909:22971:100,2018-01-30 19:00:00,2018-02-12 19:00:00,planned,Telluride - Sunrise 100 kV Ckt 1
10645,L:9875:10158:138,2018-02-02 19:00:00,2018-02-04 19:00:00,planned,Wiccopee - Tony Lappos 138 kV Cir. 1
10287,L:9720:10261:138,2018-01-26 19:00:00,2018-01-30 19:00:00,planned,Montverde - Nottoway Diesel Generating Facility 138 kV Line 1
16055,L:19367:19560:100,2018-01-27 19:00:00,2018-02-03 19:00:00,planned,Plainfield South - Clint 100 kV line
19887,L:22988:23446:100,2018-02-01 19:00:00,2018-02-14 19:00:00,planned,Doodridge - Elgin Energy Center Llc 100 kV Circuit 3
3359,L:6450:6460:345,2018-01-26 19:00:00,2018-02-07 19:00:00,planned,South Fork - Beverly 345 kV L
14617,L:18717:18720:100,2018-01-25 19:00:00,2018-02-01 19:00:00,planned,Moscow - Crawfordville 100 kV
10693,L:9900:10164:138,2018-02-01 19:00:00,2018-02-19 19:00:00,planned,Riverview - Bridge 138 kV Ckt 2
5589,L:7520:7522:138,2018-01-26 19:00:00,2018-02-01 19:00:00,planned,Belvedere - Eagle Lake 138 kV Ckt 1
15549,L:19116:19135:100,2018-01-25 19:00:00,2018-01-28 19:00:00,planned,Belridge 1B - Eugene 100 kV Ckt 1
15937,L:19307:19311:100,2018-01-29 19:00:00,2018-02-16 19:00:00,planned,Paine Field - Bay Meadows 100 kV Line 1
17321,L:19876:19883:100,2018-01-28 19:00:00,2018-02-06 19:00:00,planned,Georgia Pacific - El Sobrante 100 kV L
7986,L:8655:9072:138,2018-01-31 19:00:00,2018-02-14 19:00:00,planned,Blueidge - Goddard Steam Plant 138 kV Cir. 1
13518,L:18067:18077:138,2018-01-27 19:00:00,2018-01-30 19:00:00,planned,Scarbro - Moyie Lake Substation 138 kV #1
17101,L:19780:19785:100,2018-01-25 19:00:00,2018-02-05 19:00:00,planned,Imperial - Saltspring Tap 100 kV Line
5590,L:7520:7538:138,2018-01-31 19:00:00,2018-02-10 19:00:00,planned,Belvedere - Alabaster 138 kV Circuit 1
5681,L:7557:7570:138,2018-01-25 19:00:00,2018-02-14 19:00:00,planned,Norfolk St - Puntledge 138 kV Line 1
4405,L:7074:7086:138,2018-01-24 19:00:00,2018-02-12 19:00:00,planned,York Generation Company Llc - Invermere Substation 138 kV
15573,L:19129:19466:100,2018-01-24 19:00:00,2018-01-27 19:00:00,planned,S Bay 2 - Tillman 100 kV Circuit 1
4115,L:6894:7173:138,2018-02-01 19:00:00,2018-02-15 19:00:00,planned,Jones Fork - Cal Sierra Development 138 kV Cir. 1
14990,L:18863:18867:100,2018-01-29 19:00:00,2018-01-31 19:00:00,planned,Great Falls Sc - Denton W Interchange Substation 100 kV
19438,L:22854:22856:100,2018-01-25 19:00:00,2018-01-30 19:00:00,planned,Lomas - Scyene Rd 100 kV #1
16994,L:19740:19927:100,2018-01-30 19:00:00,2018-02-11 19:00:00,planned,Nottingham Substation - Carencro 100 kV Ckt 1
3401,L:6468:6948:138,2018-01-30 19:00:00,2018-02-17 19:00:00,planned,Orange Substation - Morton 138 kV #1
7883,L:8594:8726:138,2018-01-24 19:00:00,2018-01-26 19:00:00,planned,Port Wing - Sollers Warf 138 kV Cir. 1
20772,L:23368:23431:100,2018-01-25 19:00:00,2018-02-03 19:00:00,planned,Gila River - Neset 2 100 kV #1
17050,L:19757:19795:100,2018-01-31 19:00:00,2018-02-08 19:00:00,planned,Lake Of The Woods Dp - Parma 100 kV
4395,L:7068:7115:138,2018-01-25 19:00:00,2018-02-06 19:00:00,planned,Hamilton Pa - Casky 138 kV
16206,L:19451:19636:230,2018-01-27 19:00:00,2018-01-28 19:00:00,planned,Chaska Sw Station - Findlay Wind Farm 230 kV Ckt 1
16962,L:19733:19753:100,2018-01-29 19:00:00,2018-02-13 19:00:00,planned,Eagle Ye - Brigatano Substation 100 kV
13826,L:18248:18271:138,2018-02-02 19:00:00,2018-02-22 19:00:00,planned,Robble Ave - Tackett Creek 138 kV Circuit 1
15491,L:19081:19088:100,2018-01-28 19:00:00,2018-01-29 19:00:00,planned,Goodman - Rush Island 100 kV
15071,L:18902:18904:100,2018-01-25 19:00:00,2018-02-13 19:00:00,planned,Zimmer - Loveridge Rd 100 kV Circuit 1
3147,L:6341:7109:138,2018-02-02 19:00:00,2018-02-04 19:00:00,planned,Susquehanna - Yermo 138 kV Ckt 1
13511,L:18064:18101:138,2018-01-26 19:00:00,2018-02-01 19:00:00,planned,Hartsel - Virgil Fodness 138 kV Circuit 1
15720,L:19199:19210:100,2018-01-29 19:00:00,2018-02-14 19:00:00,planned,Walnut City - Watson 100 kV Line 1
15313,L:19011:19033:100,2018-01-30 19:00:00,2018-02-17 19:00:00,planned,Cocoplum - Chapman 100 kV #1
17745,L:20083:20084:100,2018-01-31 19:00:00,2018-02-11 19:00:00,planned,Scituate - Pearland 100 kV
1022,L:5480:5815:345,2018-01-28 19:00:00,2018-02-17 19:00:00,planned,Glencliff - Willow Glen 345 kV Line 1
973,L:5448:5910:138,2018-01-28 19:00:00,2018-02-04 19:00:00,planned,Northside - Njt Meadowlands Rail Substaion 138 kV
20779,L:23385:23440:100,2018-01-25 19:00:00,2018-01-26 19:00:00,planned,Bethel - Reenergy Ft Fairfield 100 kV
1519,L:5693:5698:138,2018-01-29 19:00:00,2018-02-10 19:00:00,planned,Salisbury - Jcpl 138 kV Cir. 1
7403,L:8370:8381:138,2018-02-02 19:00:00,2018-02-05 19:00:00,planned,Rhame - University Of Florida 138 kV Line 1
7706,L:8497:8820:138,2018-02-01 19:00:00,2018-02-16 19:00:00,planned,United Power - Dumas 138 kV Cir. 1
7980,L:8653:8659:138,2018-01-26 19:00:00,2018-02-05 19:00:00,planned,Aquasco Substation - Norway Hills 138 kV Cir. 1
19900,L:22994:23176:100,2018-01-29 19:00:00,2018-02-16 19:00:00,planned,Oak Brook Substation - Bonney Lake 100 kV Circuit 1
13915,L:18317:18320:138,2018-01-24 19:00:00,2018-01-25 19:00:00,planned,Benwood - Glendale Heights 138 kV Circuit 1
1372,L:5626:5633:138,2018-01-28 19:00:00,2018-02-07 19:00:00,planned,St George - No Wall 138 kV #1
10792,L:9943:9944:138,2018-01-24 19:00:00,2018-02-02 19:00:00,planned,Frenchtown - Challenge 138 kV Ckt 1
547,L:5241:5306:138,2018-01-30 19:00:00,2018-02-18 19:00:00,planned,Coffee Port - New Freedom 138 kV Cir. 1
19283,L:22819:22833:100,2018-01-28 19:00:00,2018-02-09 19:00:00,planned,S Eloise - Edison Solar Ii 100 kV
20523,L:23258:23261:100,2018-01-28 19:00:00,2018-01-31 19:00:00,planned,Yabucoa - Reid Gardner 100 kV #1
16969,L:19735:19918:100,2018-03-11 20:00:00,2018-03-13 20:00:00,planned,Seal Rck - White 100 kV Line
6742,L:8107:8108:138,2018-03-19 20:00:00,2018-03-28 20:00:00,planned,Longmire - Wold Substation 138 kV Cir. 1
12956,L:17720:17721:138,2018-03-19 20:00:00,2018-03-30 20:00:00,planned,Chemolite - Crabb Riv Road 138 kV Cir. 1
20739,L:23348:23352:100,2018-03-12 20:00:00,2018-04-01 20:00:00,planned,Iris - Jepson 100 kV Line 1
19408,L:22849:23491:230,2018-03-16 20:00:00,2018-03-17 20:00:00,planned,Moreno Tap - Fisk Street 230 kV #1
8271,L:8771:8772:138,2018-03-18 20:00:00,2018-04-02 20:00:00,planned,Nauvoo - Waupun Correctional Central Heating Plt 138 kV Ckt 1
14502,L:18691:18697:345,2018-03-19 20:00:00,2018-03-30 20:00:00,planned,Greenland Gap - Stevensville 345 kV #1
17078,L:19775:19813:100,2018-03-18 20:00:00,2018-04-06 20:00:00,planned,Glendale S Tap 5 - Golflinks 100 kV #1
9642,L:9406:9659:138,2018-03-17 20:00:00,2018-03-30 20:00:00,planned,Blacksmith - Celanese Acetate Llc 138 kV Cir. 1
4308,L:7018:7019:138,2018-03-18 20:00:00,2018-03-29 20:00:00,planned,Standard Oil 3 - Lane 138 kV Cir. 1
2949,L:6251:6256:138,2018-03-13 20:00:00,2018-03-25 20:00:00,planned,Dallman - Wallisville 138 kV
573,L:5251:5928:138,2018-03-17 20:00:00,2018-03-31 20:00:00,planned,Lake Marion - Hilgad 138 kV Ckt 1
12372,L:17095:17097:138,2018-03-17 20:00:00,2018-03-28 20:00:00,planned,Fayetteville E - Gwf 4 138 kV
12340,L:17056:17057:138,2018-03-12 20:00:00,2018-03-19 20:00:00,planned,Happy Canyon Substation - Brookridge 138 kV
2839,L:6200:6206:138,2018-03-17 20:00:00,2018-04-02 20:00:00,planned,Powell - Forest City Light Plant 138 kV #1
8130,L:8704:9716:138,2018-03-14 20:00:00,2018-03-20 20:00:00,planned,Movie - Oliver St 138 kV Ckt 1
18996,L:22333:22920:100,2018-03-19 20:00:00,2018-04-06 20:00:00,planned,Vasquez - Uncasville Substation 100 kV Cir. 1
9346,L:9263:9264:138,2018-03-20 20:00:00,2018-04-07 20:00:00,planned,Knotty Poplar - Turkey Pen 138 kV
19417,L:22849:22900:100,2018-03-13 20:00:00,2018-03-21 20:00:00,planned,Lamping Station - Moreno Tap 100 kV Cir. 1
5579,L:7515:8259:138,2018-03-13 20:00:00,2018-03-16 20:00:00,planned,Lytton Springs - Deer Park Energy Ctr 138 kV line
16999,L:19741:20285:100,2018-03-11 20:00:00,2018-03-17 20:00:00,planned,Jm Manufacturing - Fap 100 kV Cir. 1
10601,L:9858:9895:138,2018-03-13 20:00:00,2018-03-30 20:00:00,planned,Ballston - Green Springs 138 kV Line 1
5675,L:7555:7557:345,2018-03-18 20:00:00,2018-04-05 20:00:00,planned,Lions Road - Norfolk St 345 kV Ckt 1
17253,L:19848:19916:100,2018-03-15 20:00:00,2018-03-25 20:00:00,planned,James B. Black - Sierra Pine 100 kV
14908,L:18839:18861:100,2018-03-15 20:00:00,2018-03-24 20:00:00,planned,Loma Vista - Urbana 100 kV Circuit 1
4274,L:6998:7023:138,2018-03-13 20:00:00,2018-03-31 20:00:00,planned,North Slidell - Woodleaf Substation 138 kV Ckt 1
20218,L:23122:23176:100,2018-04-08 08:00:00,2018-04-27 08:00:00,planned,Elmhurst - Bonney Lake 100 kV Line 1
3680,L:6608:7149:138,2018-04-03 08:00:00,2018-04-12 08:00:00,planned,Lancaster Distribution Substation - Steel City Substation 138 kV line
9342,L:9261:17762:138,2018-04-02 08:00:00,2018-04-08 08:00:00,planned,Haddam - Coleman 138 kV Line 1
13990,L:18351:18353:138,2018-04-02 08:00:00,2018-04-12 08:00:00,planned,Keowee - Vaseux 138 kV Ckt 1
18614,L:21763:21774:230,2018-04-06 08:00:00,2018-04-14 08:00:00,planned,Waynedale - State Street 230 kV Line
1587,L:5734:5762:138,2018-04-03 08:00:00,2018-04-17 08:00:00,planned,Pine Hills - Capitola 138 kV Line
13444,L:18031:18037:138,2018-04-03 08:00:00,2018-04-20 08:00:00,planned,Mulberry Cogeneration Facility - Kent County 138 kV #1
16089,L:19385:19435:100,2018-04-01 08:00:00,2018-04-18 08:00:00,planned,Rock Island - Miami 100 kV Line 1
15567,L:19126:19138:100,2018-04-01 08:00:00,2018-04-13 08:00:00,planned,Norwich - Star City 100 kV Ckt 1
10811,L:9948:10276:138,2018-04-06 08:00:00,2018-04-21 08:00:00,planned,Perrine - Denny Terrace 138 kV Line 1
14641,L:18726:18735:100,2018-04-07 08:00:00,2018-04-13 08:00:00,planned,Vernon Hill - Ellensburg 100 kV Line 2
4364,L:7053:7067:138,2018-04-09 08:00:00,2018-04-20 08:00:00,planned,P H Glatfelter - Forman 138 kV L
3037,L:6291:6298:138,2018-04-03 08:00:00,2018-04-13 08:00:00,planned,Marana Tap - Mesa View 138 kV Cir. 1
8266,L:8766:9065:138,2018-04-07 08:00:00,2018-04-27 08:00:00,planned,Metonga - Highway 46 138 kV
19479,L:22869:22886:100,2018-04-05 08:00:00,2018-04-16 08:00:00,planned,S Bradley - Flax Hill 100 kV #1
5615,L:7529:7541:138,2018-04-02 08:00:00,2018-04-15 08:00:00,planned,Sundstrand - Mauka Fit One 138 kV Line 1
3703,L:6633:6636:138,2018-04-06 08:00:00,2018-04-07 08:00:00,planned,Eie St - Desal 138 kV Line 1
14887,L:18830:19674:100,2018-04-09 08:00:00,2018-04-19 08:00:00,planned,Washington Avenue - Redmond 100 kV Circuit 1
9072,L:9131:9643:138,2018-04-06 08:00:00,2018-04-23 08:00:00,planned,Louisa Generation Facility - Gordonsville Energy Lp 138 kV #1
14160,L:18474:18477:138,2018-04-08 08:00:00,2018-04-27 08:00:00,planned,Custer Term - Dresden Drive 138 kV #1
19620,L:22901:22925:100,2018-04-07 08:00:00,2018-04-09 08:00:00,planned,Fruit Industries - Marks 100 kV L
10792,L:9943:9944:138,2018-04-07 08:00:00,2018-04-17 08:00:00,planned,Frenchtown - Challenge 138 kV Ckt 1
3017,L:6281:6785:138,2018-04-01 08:00:00,2018-04-02 08:00:00,planned,Catawba - Cibolo Crk 138 kV
8488,L:8876:10070:345,2018-04-06 08:00:00,2018-04-12 08:00:00,planned,Kingsberry - Corners 345 kV Ckt 1
6439,L:7949:7958:138,2018-03-31 08:00:00,2018-04-18 08:00:00,planned,Holy Pond - Mcconnellsburg 138 kV Line 1
584,L:5259:6137:138,2018-04-08 08:00:00,2018-04-10 08:00:00,planned,Eddington - Second Imperial Geothermal 138 kV Ckt 1
10365,L:9747:10008:138,2018-04-04 08:00:00,2018-04-07 08:00:00,planned,Agana - Calmat 138 kV Cir. 1
297,L:5128:5984:138,2018-04-02 08:00:00,2018-04-05 08:00:00,planned,Allegany Cogen - Cedar Sta 138 kV
18712,L:21802:21975:100,2018-04-09 08:00:00,2018-04-15 08:00:00,planned,Noble - Mitchell Crk 100 kV Cir. 1
14655,L:18731:19523:100,2018-04-05 08:00:00,2018-04-06 08:00:00,planned,Lucas Co - Colorado Green 100 kV
11012,L:10059:10062:138,2018-04-02 08:00:00,2018-04-05 08:00:00,planned,Sterling Park - Beco Substation 138 kV
1256,L:5574:5586:138,2018-03-31 08:00:00,2018-04-07 08:00:00,planned,Deans - Front Steet Substation 138 kV
3450,L:6493:7133:138,2018-04-07 08:00:00,2018-04-10 08:00:00,planned,Hammonsville - Eielson Afb Central Heat & Power Plant 138 kV Circuit 1
9313,L:9247:9323:138,2018-04-02 08:00:00,2018-04-14 08:00:00,planned,Hill - Stony Brook 138 kV
7533,L:8424:8445:138,2018-04-08 08:00:00,2018-04-24 08:00:00,planned,Melones Tap 2 - Black Knight 138 kV
7331,L:8331:8332:138,2018-03-31 08:00:00,2018-04-18 08:00:00,planned,San Manuel - Morganton Parker Rd Substation 138 kV Circuit 1
15628,L:19155:19294:100,2018-04-04 08:00:00,2018-04-23 08:00:00,planned,Skelton - Parkchester Substation 100 kV Line 1
3734,L:6648:6678:138,2018-04-02 08:00:00,2018-04-20 08:00:00,planned,Ltg Pleasant Hill - Vfwpark 138 kV Line 1
19903,L:22995:23175:100,2018-04-07 08:00:00,2018-04-09 08:00:00,planned,Acec Wildrose - Military Trail 100 kV Cir. 1
7832,L:8554:8609:138,2018-03-31 08:00:00,2018-04-07 08:00:00,planned,Decatur Adm N - Olivehurst Substation 138 kV L
10594,L:9855:9885:138,2018-03-31 08:00:00,2018-04-05 08:00:00,planned,Galows Road Substation - Idylwood 138 kV Line
3842,L:6714:6719:138,2018-04-06 08:00:00,2018-04-23 08:00:00,planned,Cwec Iola - Blue Mtn Substation 138 kV Ckt 1
5552,L:7502:7510:138,2018-04-08 08:00:00,2018-04-10 08:00:00,planned,Gulfgate - Big Hill 138 kV
9223,L:9203:9204:138,2018-04-03 08:00:00,2018-04-20 08:00:00,planned,Ross Fork - Campville 138 kV #1
11219,L:10185:10196:138,2018-04-06 08:00:00,2018-04-12 08:00:00,planned,Edenville - Blue Laoon 138 kV Line
17107,L:19780:20204:100,2018-04-08 08:00:00,2018-04-15 08:00:00,planned,Genoa - Imperial 100 kV
3782,L:6684:6685:138,2018-04-09 08:00:00,2018-04-18 08:00:00,planned,Basscreek - Nepco 138 kV Circuit 1
12022,L:16814:16896:138,2018-03-31 08:00:00,2018-04-07 08:00:00,planned,Fort Patrick Henry - Monserate 138 kV Circuit 1
20590,L:23283:23474:100,2018-04-04 08:00:00,2018-04-21 08:00:00,planned,Foreman N - Belridge 1A 100 kV Line 1
4052,L:6847:6870:138,2018-03-31 08:00:00,2018-04-05 08:00:00,planned,Bluegrass - North Wayne 138 kV
2486,L:6037:6108:138,2018-04-01 08:00:00,2018-04-12 08:00:00,planned,Crag View - Tokay 138 kV
1428,L:5655:5930:500,2018-04-02 08:00:00,2018-04-22 08:00:00,planned,Woodcreek - Tulare 500 kV Cir. 1
547,L:5241:5306:138,2018-04-01 08:00:00,2018-04-06 08:00:00,planned,Coffee Port Substation - New Freedom 138 kV Cir. 1
11115,L:10115:10271:138,2018-04-06 08:00:00,2018-04-24 08:00:00,planned,Jolly Hill - Central Beach 138 kV Line 1
2761,L:6159:6180:138,2018-05-23 18:00:00,2018-05-25 18:00:00,planned,Ocean Rd - Dana Substation 138 kV
7742,L:8512:8583:138,2018-05-20 18:00:00,2018-05-27 18:00:00,planned,Pumphrey - Sharon Spring 138 kV Line 1
5357,L:7410:8284:345,2018-05-23 18:00:00,2018-06-10 18:00:00,planned,Paul - Shoals 345 kV L
20430,L:23201:23454:100,2018-05-24 18:00:00,2018-06-05 18:00:00,planned,20 Plant Substation - Guayama Rural 4001 100 kV #2
19945,L:23011:23040:100,2018-05-29 18:00:00,2018-06-14 18:00:00,planned,Ioco - Valley Home Tap 1 Substation 100 kV Cir. 1
16810,L:19651:19652:100,2018-05-27 18:00:00,2018-06-06 18:00:00,planned,Battery Energy Storage System - Joe Ast 100 kV Circuit 1
16749,L:19630:19638:100,2018-05-23 18:00:00,2018-06-10 18:00:00,planned,West Akron - 40Th Place 100 kV Ckt 1
1761,L:5833:5844:138,2018-05-25 18:00:00,2018-06-01 18:00:00,planned,Tokio - Schoharie 138 kV #1
16701,L:19604:20234:100,2018-05-22 18:00:00,2018-06-11 18:00:00,planned,Mccartney - West Dallas Tap 100 kV
17346,L:19890:19891:100,2018-05-29 18:00:00,2018-06-03 18:00:00,planned,S Berwick - St. Cloud 100 kV
12814,L:17590:17593:138,2018-05-24 18:00:00,2018-06-06 18:00:00,planned,Moulton - Hazard 138 kV Circuit 1
16833,L:19667:19668:100,2018-05-23 18:00:00,2018-06-12 18:00:00,planned,Pierremont - Aes Shady Point Llc 100 kV #1
10318,L:9733:10190:138,2018-05-21 18:00:00,2018-06-09 18:00:00,planned,Stillwater - Slabtown 138 kV
17105,L:19780:19800:100,2018-05-21 18:00:00,2018-06-10 18:00:00,planned,Imperial - Hernandez 100 kV Circuit 1
3679,L:6608:6619:138,2018-05-24 18:00:00,2018-06-08 18:00:00,planned,Lancaster Distribution - Red Hills Generating Facility 138 kV Line
16365,L:19535:19578:500,2018-05-26 18:00:00,2018-06-03 18:00:00,planned,A E Term - Millercoors Trenton Brewery 500 kV Ckt 1
17483,L:19952:19954:100,2018-05-27 18:00:00,2018-06-07 18:00:00,planned,Barnes Jct - Rapide Croche 100 kV
10825,L:9955:9960:138,2018-05-27 18:00:00,2018-05-29 18:00:00,planned,Whealton - Shellbank 138 kV
16122,L:19398:19409:100,2018-05-21 18:00:00,2018-05-22 18:00:00,planned,S. Baldwyn - Hell Crk 100 kV #1
6424,L:7941:7944:138,2018-05-24 18:00:00,2018-06-05 18:00:00,planned,Mtn View - Round Rock Northeast 138 kV Line 1
4081,L:6875:6886:138,2018-05-28 18:00:00,2018-06-12 18:00:00,planned,Fitzgerald - Bell Shoals 138 kV
6739,L:8104:8111:138,2018-05-24 18:00:00,2018-06-04 18:00:00,planned,Delaney - Lewistown 138 kV line
14958,L:18854:19048:230,2018-05-27 18:00:00,2018-06-15 18:00:00,planned,E Marysville - Jacks Creek 230 kV Ckt 1
13739,L:18199:18254:138,2018-05-28 18:00:00,2018-06-09 18:00:00,planned,Srgent Road - Industrial Acres Substation 138 kV #1
17099,L:19780:19783:100,2018-05-25 18:00:00,2018-06-06 18:00:00,planned,Imperial - Oncor Mason Substation 100 kV Cir. 1
20320,L:23151:23159:100,2018-05-29 18:00:00,2018-06-01 18:00:00,planned,Penryn - Acec Winnebago 100 kV Ckt 1
9373,L:9276:9650:345,2018-05-28 18:00:00,2018-06-05 18:00:00,planned,Station G - Mecklenbur Power Sta 345 kV Ckt 1
9855,L:9546:9548:138,2018-05-24 18:00:00,2018-06-08 18:00:00,planned,Sweetwater - Darbytown Cts 138 kV Cir. 1
1254,L:5574:5577:138,2018-05-20 18:00:00,2018-05-22 18:00:00,planned,Dodgeville - Deans 138 kV Circuit 1
8148,L:8710:8947:138,2018-06-15 17:00:00,2018-06-25 17:00:00,planned,Kingswood - Brevard 138 kV Line
6837,L:8178:8197:138,2018-06-15 17:00:00,2018-06-18 17:00:00,planned,Ripple - Crane 138 kV L
14792,L:18794:18805:100,2018-06-16 17:00:00,2018-06-17 17:00:00,planned,Medicine Lake - Hamilton Hydro 100 kV Cir. 1
6347,L:7900:18435:138,2018-06-09 17:00:00,2018-06-26 17:00:00,planned,Hatfield - University Hospital Substation 138 kV #1
7612,L:8462:8480:138,2018-06-18 17:00:00,2018-06-29 17:00:00,planned,S Manchester - Dinosaur 138 kV
8426,L:8842:9880:138,2018-06-15 17:00:00,2018-06-18 17:00:00,planned,Air Force Base - Alumax 138 kV Line
2711,L:6136:6161:138,2018-06-12 17:00:00,2018-06-27 17:00:00,planned,Melrose - Horse Heaven 138 kV Line 1
18294,L:20995:21664:500,2018-06-15 17:00:00,2018-06-22 17:00:00,planned,Palisades - Oak Knoll 500 kV
6472,L:7967:7978:138,2018-06-17 17:00:00,2018-06-28 17:00:00,planned,Westt Lexington Chesterfield - Arverne 138 kV
6102,L:7781:7782:138,2018-06-11 17:00:00,2018-06-19 17:00:00,planned,Inez - Broad St 138 kV Line 1
14131,L:18451:18455:138,2018-06-16 17:00:00,2018-06-22 17:00:00,planned,Kent County Waste To Energy Facility - Sanitreat 138 kV Cir. 1
10551,L:9833:10211:138,2018-06-16 17:00:00,2018-07-06 17:00:00,planned,High Springs - Cy-Fair 138 kV #1
3677,L:6607:7124:345,2018-06-09 17:00:00,2018-06-12 17:00:00,planned,Big Tree - Pattsburgh 345 kV Ckt 1
19738,L:22946:23473:100,2018-06-14 17:00:00,2018-06-25 17:00:00,planned,Riverside Ga - Robbins Community Power Llc Substation 100 kV Ckt 1
18614,L:21763:21774:230,2018-06-14 17:00:00,2018-07-03 17:00:00,planned,State St - Waynedale 230 kV Circuit 1
6289,L:7874:8148:138,2018-06-12 17:00:00,2018-06-27 17:00:00,planned,Southgate - Great Falls Vt 138 kV Circuit 1
13492,L:18056:18531:138,2018-06-17 17:00:00,2018-06-29 17:00:00,planned,Gladeview - Bradley 138 kV Line
5915,L:7694:7808:138,2018-06-11 17:00:00,2018-06-16 17:00:00,planned,Round Rock South - Holt Dam 138 kV
19719,L:22935:23056:230,2018-06-18 17:00:00,2018-07-07 17:00:00,planned,Guilbeau Electric - Bordertown 230 kV #2
5218,L:7310:7315:138,2018-06-18 17:00:00,2018-06-27 17:00:00,planned,Loughridge - Roselle 138 kV Ckt 1
9751,L:9479:9826:138,2018-06-09 17:00:00,2018-06-19 17:00:00,planned,Imperial Vly - Harmony Hills 138 kV
5256,L:7336:7339:138,2018-06-15 17:00:00,2018-06-19 17:00:00,planned,Sandy - Elk Horn 138 kV
12409,L:17152:17576:138,2018-06-10 17:00:00,2018-06-16 17:00:00,planned,Magrudr - 99 Islands 138 kV Cir. 1
14982,L:18862:18867:100,2018-06-15 17:00:00,2018-07-05 17:00:00,planned,Cedar Hill - Great Fall Sc 100 kV Cir. 1
5424,L:7437:7439:138,2018-06-11 17:00:00,2018-07-01 17:00:00,planned,Watertown - Marshall Il 138 kV Ckt 1
13889,L:18297:18302:138,2018-06-13 17:00:00,2018-06-17 17:00:00,planned,Mud Fork - Chauncey Tap 138 kV Line 1
12882,L:17630:17632:138,2018-06-18 17:00:00,2018-07-04 17:00:00,planned,Narrows - Rafter J 138 kV
12714,L:17420:17421:138,2018-06-14 17:00:00,2018-07-02 17:00:00,planned,Darien - Parks 138 kV Cir. 1
3185,L:6357:6379:138,2018-06-11 17:00:00,2018-06-24 17:00:00,planned,Duckabush - Hilltop Tap 138 kV Ckt 1
1377,L:5630:5645:138,2018-06-17 17:00:00,2018-07-06 17:00:00,planned,Apra Hts - Edwardsport Sta 138 kV
3848,L:6718:6723:138,2018-06-16 17:00:00,2018-06-28 17:00:00,planned,Hemingway - Tenth St 138 kV Circuit 1
14774,L:18787:18895:100,2018-06-18 17:00:00,2018-06-29 17:00:00,planned,Foster - Priest River 100 kV Circuit 1
3116,L:6326:7123:138,2018-06-13 17:00:00,2018-06-19 17:00:00,planned,Lynn Valley - Foster Wheeler Mt Carmel Cogen 138 kV
20441,L:23214:23216:100,2018-06-09 17:00:00,2018-06-19 17:00:00,planned,St Francois - Sequoyah 100 kV Line 1
13483,L:18053:18056:138,2018-06-10 17:00:00,2018-06-21 17:00:00,planned,Gauley Mountain - Gladeview 138 kV Line 1
15292,L:19002:19004:100,2018-06-15 17:00:00,2018-06-26 17:00:00,planned,Sperling - V C Summer 100 kV line
3402,L:6468:6948:138,2018-06-12 17:00:00,2018-06-13 17:00:00,planned,Orange - Morton Substation 138 kV
6406,L:7933:7934:138,2018-06-13 17:00:00,2018-06-20 17:00:00,planned,Gum Street - Elgin Switching 138 kV Circuit 1
3872,L:6731:6774:138,2018-06-18 17:00:00,2018-07-04 17:00:00,planned,Leakesville Goab - Ramos 138 kV
3401,L:6468:6948:138,2018-06-11 17:00:00,2018-06-21 17:00:00,planned,Morton - Orange 138 kV line
4534,L:7109:7123:500,2018-06-13 17:00:00,2018-06-23 17:00:00,planned,Yermo - Foster Wheeler Mt Carmel Cogen 500 kV #1
2486,L:6037:6108:138,2018-06-15 17:00:00,2018-06-21 17:00:00,planned,Crag View - Tokay 138 kV
1553,L:5713:5795:138,2018-06-15 17:00:00,2018-07-04 17:00:00,planned,Nagel - Underground Tap 138 kV Cir. 1
15916,L:19296:19567:100,2018-06-16 17:00:00,2018-06-24 17:00:00,planned,Lick - Roman Nose 100 kV
108,L:2957:2965:161,2018-06-11 17:00:00,2018-06-27 17:00:00,planned,Gila - Penhorn Substation 161 kV Cir. 1
3399,L:6467:8345:138,2018-06-13 17:00:00,2018-06-21 17:00:00,planned,Silverbrook - Eklutna Generation Sta 138 kV
13728,L:18196:18198:138,2018-06-11 17:00:00,2018-06-19 17:00:00,planned,Richlands - Azalea Solar Llc 138 kV Line
16971,L:19735:19920:100,2018-06-14 17:00:00,2018-07-03 17:00:00,planned,Sel Rock - Stent Tap 100 kV Line 1
9459,L:9322:9674:138,2018-06-15 17:00:00,2018-06-30 17:00:00,planned,Domtar 2 Tap - Front Royal 138 kV Cir. 2
17372,L:19897:20315:230,2018-06-11 17:00:00,2018-06-16 17:00:00,planned,Timber Switch - West Melrose 230 kV Circuit 1
11982,L:16482:16813:138,2018-06-17 17:00:00,2018-06-19 17:00:00,planned,Bertwood - King City 138 kV Ckt 2
3114,L:6325:7123:138,2018-06-14 17:00:00,2018-06-17 17:00:00,planned,Yamato - Foster Wheeler Mt Carmel Cgen 138 kV Cir. 1
15464,L:19071:19075:100,2018-06-26 18:00:00,2018-07-03 18:00:00,planned,Parkr - Gurabo 3101 100 kV #1
16772,L:19641:20060:100,2018-06-25 18:00:00,2018-07-08 18:00:00,planned,Brownstown - Wisdom 100 kV Ckt 1
862,L:5387:5860:138,2018-06-24 18:00:00,2018-07-01 18:00:00,planned,Doremus Place - Flagstaff 138 kV Cir. 1
2878,L:6219:7142:138,2018-06-29 18:00:00,2018-07-15 18:00:00,planned,Murrin - Lyons 138 kV #1
19493,L:22872:22974:230,2018-06-23 18:00:00,2018-07-10 18:00:00,planned,Sun Prairie - Line Crk 230 kV Line
13565,L:18099:18118:138,2018-06-29 18:00:00,2018-07-02 18:00:00,planned,State Pen - George Afb 138 kV Cir. 1
14779,L:18789:18798:100,2018-06-25 18:00:00,2018-07-03 18:00:00,planned,Limon Wind 1 - Scottsboro 100 kV Ckt 1
9915,L:9583:9594:138,2018-06-29 18:00:00,2018-07-04 18:00:00,planned,Philpott - Broadford 138 kV
52,L:2755:2797:161,2018-07-01 18:00:00,2018-07-19 18:00:00,planned,Ottawa Avenue - Blakeslee Jct 161 kV
1244,L:5568:5950:138,2018-06-27 18:00:00,2018-07-07 18:00:00,planned,Orange Park - La Jara Substation 138 kV Circuit 1
19852,L:22979:22982:230,2018-06-30 18:00:00,2018-07-02 18:00:00,planned,Felida - Commonwealth Edison Des Plaines 230 kV Circuit 1
20107,L:23077:23153:100,2018-06-29 18:00:00,2018-07-03 18:00:00,planned,Derby Hll - Southwyk 100 kV
1722,L:5819:5877:345,2018-06-28 18:00:00,2018-07-16 18:00:00,planned,Camp Far W - Tennessee 345 kV
7660,L:8481:8562:138,2018-07-01 18:00:00,2018-07-02 18:00:00,planned,Dillard-Orange - New Iberia 138 kV #1
11121,L:10119:10279:138,2018-07-02 18:00:00,2018-07-13 18:00:00,planned,Indrio - N Anna 138 kV Line 1
14379,L:18642:18687:138,2018-07-01 18:00:00,2018-07-09 18:00:00,planned,Rindal - S Milford 138 kV Cir. 1
3338,L:6440:6451:138,2018-06-24 18:00:00,2018-07-12 18:00:00,planned,Lolita - Rocky Hill 138 kV
7764,L:8519:8547:138,2018-07-01 18:00:00,2018-07-04 18:00:00,planned,7Th St - Austin 138 kV Line 3
10213,L:9677:9684:138,2018-06-28 18:00:00,2018-07-13 18:00:00,planned,Port Costa Brick Tap - Perdue Diesel Generation Facility 138 kV Cir. 1
20314,L:23148:23451:100,2018-06-28 18:00:00,2018-07-03 18:00:00,planned,Morrison Lane - Picadilly 100 kV Circuit 1
666,L:5296:6843:138,2018-07-01 18:00:00,2018-07-03 18:00:00,planned,Murray - Skyline 138 kV
10594,L:9855:9885:138,2018-06-25 18:00:00,2018-07-01 18:00:00,planned,Idylwood - Gallows Rd 138 kV #1
7299,L:8319:8334:138,2018-06-25 18:00:00,2018-07-14 18:00:00,planned,Mooreville - Sunset Lake Substation 138 kV
6268,L:7866:8131:138,2018-06-30 18:00:00,2018-07-17 18:00:00,planned,Turkey Point - Westork 138 kV #1
21394,L:23946:24033:100,2018-06-28 18:00:00,2018-07-15 18:00:00,planned,Fitch Rd - South Edwards 100 kV
19453,L:22861:22998:100,2018-06-29 18:00:00,2018-07-08 18:00:00,planned,Station 204 - Crown 100 kV
8076,L:8684:9713:138,2018-06-28 18:00:00,2018-07-13 18:00:00,planned,Potomac Riv - N Alexandria 138 kV
19974,L:23017:23030:100,2018-06-23 18:00:00,2018-06-26 18:00:00,planned,West Clovis - Balc 1 100 kV
6532,L:8003:8017:138,2018-06-29 18:00:00,2018-07-14 18:00:00,planned,Carbondale Nw - E Arlington 138 kV
16219,L:19465:19565:100,2018-06-27 18:00:00,2018-07-11 18:00:00,planned,W Station - Reedy Crk 100 kV L
3246,L:6388:6403:138,2018-06-26 18:00:00,2018-07-13 18:00:00,planned,Priceville - Findlay 138 kV #1
18359,L:21043:21515:100,2018-06-29 18:00:00,2018-07-06 18:00:00,planned,2 Generating Sta - Constantine Hydro 100 kV Line
5738,L:7590:7601:138,2018-06-29 18:00:00,2018-07-09 18:00:00,planned,Hedda - Land O Lakes 138 kV line
795,L:5364:5775:138,2018-06-26 18:00:00,2018-07-16 18:00:00,planned,Motorola - Prairie 138 kV Line 1
20213,L:23120:23121:100,2018-06-26 18:00:00,2018-07-06 18:00:00,planned,Zack - W Shawano 100 kV
3504,L:6521:7127:345,2018-06-30 18:00:00,2018-07-08 18:00:00,planned,Hedges Substation - Amps 345 kV
17772,L:20091:20206:100,2018-06-26 18:00:00,2018-07-02 18:00:00,planned,Chamberlin - Twinsburg 100 kV
17871,L:20150:20156:100,2018-06-30 18:00:00,2018-07-09 18:00:00,planned,Belding - S Canton 3 100 kV Cir. 1
19326,L:22829:23033:100,2018-06-23 18:00:00,2018-06-29 18:00:00,planned,Medina Lake - Eufaula 100 kV Ckt 1
15659,L:19171:19174:100,2018-06-26 18:00:00,2018-07-05 18:00:00,planned,Overlook - Colusa Junction 100 kV Ckt 1
5789,L:7618:7627:138,2018-06-25 18:00:00,2018-06-28 18:00:00,planned,Dynegy Oakland Power Plant - Aecc Jonesboro N 138 kV line
12622,L:17335:17444:138,2018-06-29 18:00:00,2018-07-09 18:00:00,planned,Unimed - Haines City E 138 kV Circuit 1
5119,L:7255:7282:138,2018-06-25 18:00:00,2018-07-15 18:00:00,planned,Brownfield Switching - Pinkerton 138 kV #1
3453,L:6494:6517:138,2018-07-01 18:00:00,2018-07-04 18:00:00,planned,Quendall Cable Sta - Stamey 138 kV Line 1
19424,L:22850:23002:100,2018-06-24 18:00:00,2018-07-11 18:00:00,planned,Cataract Hydro - San Juan 100 kV Line
14655,L:18731:19523:100,2018-07-02 18:00:00,2018-07-11 18:00:00,planned,Lucas Co - Colorado Green 100 kV #1
5845,L:7657:7668:138,2018-06-24 18:00:00,2018-07-03 18:00:00,planned,Alder Creek-Bradshaw - Montaguecabot 138 kV #1
13865,L:18280:18305:138,2018-06-24 18:00:00,2018-07-04 18:00:00,planned,Hustisford - Victory 138 kV #1
17605,L:20007:20010:100,2018-06-27 18:00:00,2018-07-10 18:00:00,planned,Ford - Gould 100 kV Line 1
17019,L:19746:19762:100,2018-06-27 18:00:00,2018-06-28 18:00:00,planned,Jarvis - Reeves Substation 100 kV line
13849,L:18267:18686:345,2018-06-28 18:00:00,2018-07-14 18:00:00,planned,Fourth Plain - Amos 345 kV Cir. 1
5806,L:7635:8256:138,2018-06-29 18:00:00,2018-07-01 18:00:00,planned,Gmp Solar - Richmond - Granada 138 kV
18359,L:21043:21515:100,2018-07-24 18:00:00,2018-08-07 18:00:00,planned,Constantine Ydro - 2 Generating Sta 100 kV Cir. 1
19999,L:23024:23181:100,2018-08-01 18:00:00,2018-08-14 18:00:00,planned,Eastshore - Electric 100 kV Line
6536,L:8006:8008:138,2018-07-24 18:00:00,2018-07-30 18:00:00,planned,Vitulli - Lowndes 138 kV Line 1
8049,L:8677:9093:138,2018-07-23 18:00:00,2018-07-28 18:00:00,planned,Harbeson - Pit 7 138 kV #1
1086,L:5506:5514:345,2018-07-26 18:00:00,2018-08-02 18:00:00,planned,Charlton St - Lake 345 kV
669,L:5297:5304:138,2018-07-29 18:00:00,2018-08-05 18:00:00,planned,Taylor Switching - Ephraim Cemetery 138 kV #1
14300,L:18575:18579:138,2018-07-31 18:00:00,2018-08-01 18:00:00,planned,Las Vegas 6306 - Fiberboard 138 kV
5800,L:7630:7631:138,2018-07-24 18:00:00,2018-08-02 18:00:00,planned,Marshall Dam - Philip 138 kV Circuit 1
7918,L:8612:8764:138,2018-07-30 18:00:00,2018-08-05 18:00:00,planned,Monocacy - Vineyard Tap 138 kV Circuit 1
19337,L:22833:22834:100,2018-07-26 18:00:00,2018-07-31 18:00:00,planned,Edison Solar Ii - Gwynneville 100 kV
7522,L:8419:8512:138,2018-07-24 18:00:00,2018-07-27 18:00:00,planned,Pumphrey - Irving 138 kV Cir. 1
5472,L:7464:8037:138,2018-07-31 18:00:00,2018-08-19 18:00:00,planned,Ponderosa - Freeport 138 kV Ckt 1
3247,L:6389:6398:138,2018-07-29 18:00:00,2018-08-10 18:00:00,planned,Vly Rd - La Jolla 138 kV Circuit 1
3586,L:6557:6572:138,2018-07-29 18:00:00,2018-08-18 18:00:00,planned,Decorative Panels Intl - Teal 138 kV Ckt 1
3551,L:6536:6537:138,2018-07-28 18:00:00,2018-08-11 18:00:00,planned,Engleside - Millwood 138 kV Cir. 1
4976,L:7199:7371:138,2018-07-27 18:00:00,2018-07-31 18:00:00,planned,Cabinet Gorge - Duguao 2101 138 kV
12769,L:17568:17569:138,2018-07-24 18:00:00,2018-08-10 18:00:00,planned,Devils Den - Trshers 138 kV
17002,L:19742:19799:100,2018-07-31 18:00:00,2018-08-15 18:00:00,planned,Sierraville - Portside Energy 100 kV
5557,L:7504:8397:138,2018-07-25 18:00:00,2018-08-10 18:00:00,planned,Sewall - Bedford Rd 138 kV Line 1
8077,L:8685:8696:138,2018-07-28 18:00:00,2018-07-31 18:00:00,planned,Grinding Substation - Badrock 138 kV Cir. 1
3475,L:6508:6520:138,2018-07-25 18:00:00,2018-08-03 18:00:00,planned,Ronkonkoma - Recway 138 kV L
13445,L:18031:18259:138,2018-07-30 18:00:00,2018-08-19 18:00:00,planned,Mulberry Cogeneration Facility - Randsburg 138 kV Line 1
19435,L:22853:22859:100,2018-07-25 18:00:00,2018-07-28 18:00:00,planned,Lind - Comed Devon 100 kV Line 1
3231,L:6382:7158:138,2018-07-28 18:00:00,2018-08-04 18:00:00,planned,York Haven - Camp Gary 138 kV
5844,L:7656:7674:138,2018-07-28 18:00:00,2018-08-06 18:00:00,planned,Delta - Warehouse Electric 138 kV #1
5007,L:7211:7381:138,2018-07-31 18:00:00,2018-08-07 18:00:00,planned,Crescent - Aguada 7201 Substation 138 kV Ckt 1
14612,L:18714:18773:230,2018-07-31 18:00:00,2018-08-16 18:00:00,planned,Galeville - Allendale Biomass 230 kV
2753,L:6157:6200:345,2018-07-27 18:00:00,2018-08-05 18:00:00,planned,Warrington - Forest City Light Plant 345 kV #1
6237,L:7844:7851:138,2018-08-01 18:00:00,2018-08-13 18:00:00,planned,Malaspina - Acec Chateau 138 kV L
7262,L:8297:8308:138,2018-07-23 18:00:00,2018-07-30 18:00:00,planned,Honcut - Dover Sun Park 138 kV #1
5892,L:7677:7989:138,2018-07-31 18:00:00,2018-08-04 18:00:00,planned,Roselawn - Glendale 138 kV Cir. 1
15900,L:19289:19486:100,2018-07-26 18:00:00,2018-08-10 18:00:00,planned,Harding - Claymont 100 kV Circuit 1
13326,L:17975:18321:138,2018-07-31 18:00:00,2018-08-18 18:00:00,planned,Fairbanks - Brues 138 kV Circuit 1
1281,L:5590:5820:138,2018-07-29 18:00:00,2018-08-09 18:00:00,planned,Greenbrook - Destileri A Serralles 138 kV Line 1
5663,L:7553:7584:138,2018-07-29 18:00:00,2018-08-11 18:00:00,planned,Butler - Iasburg 138 kV L
1439,L:5665:5697:138,2018-07-24 18:00:00,2018-07-31 18:00:00,planned,Linde - West Johnson City 138 kV Line 1
18331,L:21036:21522:100,2018-07-29 18:00:00,2018-08-14 18:00:00,planned,Vasallo - Canovanas Pueblo 2401 100 kV Ckt 1
10709,L:9909:10162:138,2018-07-30 18:00:00,2018-08-07 18:00:00,planned,Keuka - Rio Piedras Heights83 1345 138 kV L
19521,L:22874:22891:100,2018-07-27 18:00:00,2018-08-05 18:00:00,planned,Trinda Substation - Indian Lake 100 kV Line 1
3436,L:6485:6486:138,2018-07-27 18:00:00,2018-08-07 18:00:00,planned,Manhattan - Spinninng Spur I 138 kV Ckt 1
6867,L:8204:18683:345,2018-07-27 18:00:00,2018-07-29 18:00:00,planned,Jim Hill - Bellingham Cogeneration Facility Substation 345 kV
2595,L:6076:6088:138,2018-07-28 18:00:00,2018-08-08 18:00:00,planned,Elkhorn City - Hospital Distrito 7003 138 kV
20121,L:23086:23097:100,2018-07-28 18:00:00,2018-08-01 18:00:00,planned,Sub 23086 - South Shreveport 100 kV
16210,L:19453:19461:100,2018-07-30 18:00:00,2018-08-07 18:00:00,planned,Brinkerhoff - Oakmont South 100 kV
16081,L:19380:19386:100,2018-07-31 18:00:00,2018-08-06 18:00:00,planned,Eldean - Rockwood 100 kV Circuit 1
19553,L:22881:23447:100,2018-07-29 18:00:00,2018-08-17 18:00:00,planned,N Mesoppen - Fruithill 100 kV line
15153,L:18935:18939:100,2018-07-30 18:00:00,2018-08-18 18:00:00,planned,Burleson - Granite Falls 100 kV Line 1
11540,L:10303:10307:138,2018-07-29 18:00:00,2018-08-04 18:00:00,planned,Cwec Dewey - Woods Dp 138 kV Circuit 1
5305,L:7370:8200:138,2018-07-27 18:00:00,2018-08-16 18:00:00,planned,Potlatch - Blanchardville Substation 138 kV Circuit 1
3989,L:6794:6796:138,2018-07-30 18:00:00,2018-08-18 18:00:00,planned,Pilgrim - Niceville 138 kV
1231,L:5561:5617:138,2018-07-31 18:00:00,2018-08-05 18:00:00,planned,Segs 7 - Halfmoon Bay 138 kV Ckt 1
17968,L:20216:20219:100,2018-07-28 18:00:00,2018-08-05 18:00:00,planned,Aero - Girard Substation 100 kV Cir. 1
12697,L:17401:17402:138,2018-07-27 18:00:00,2018-07-30 18:00:00,planned,Hanging Rock Energy Facility - Makalapa 138 kV Line 1
9144,L:9158:9544:138,2018-07-28 18:00:00,2018-08-14 18:00:00,planned,Hazelwood Sta - Fairfield 138 kV Circuit 1
14640,L:18726:18735:100,2018-08-01 18:00:00,2018-08-17 18:00:00,planned,Ellensburg Substation - Vernon Hill 100 kV Line 1
4404,L:7071:7132:138,2018-08-01 18:00:00,2018-08-10 18:00:00,planned,Plant 31 Paper Mill - Channing 138 kV line
6333,L:7892:7901:138,2018-07-30 18:00:00,2018-08-11 18:00:00,planned,Palm Canyon - Tans Mtn Oil Cust Tap 138 kV Circuit 1
2808,L:6189:6611:138,2018-08-01 18:00:00,2018-08-06 18:00:00,planned,Line Crk Coal - Rialto 138 kV Cir. 1
1218,L:5556:5589:138,2018-08-01 18:00:00,2018-08-09 18:00:00,planned,Hyland Lfgte Facility - Tremval 138 kV #1
12746,L:17521:17736:345,2018-07-31 18:00:00,2018-08-08 18:00:00,planned,Tyee - Allings Crossing 345 kV #1
10344,L:9739:10281:138,2018-07-30 18:00:00,2018-08-16 18:00:00,planned,Ladysmith Ct - Jesse L Terry 138 kV Line 1
5116,L:7253:7389:345,2016-01-17 08:00:00,2016-02-01 08:00:00,planned,Mcclellan-Bell - Goodear Lake Plant 345 kV Line 1
8599,L:8935:8938:138,2016-01-11 08:00:00,2016-01-14 08:00:00,planned,Farmington - Gallahan Rd 138 kV Line 1
1616,L:5754:5758:138,2016-01-12 08:00:00,2016-02-01 08:00:00,planned,Hood Riv - Goose Haven 138 kV Line 1
14618,L:18717:19540:100,2016-01-18 08:00:00,2016-01-29 08:00:00,planned,Moscow - Killen 100 kV Cir. 1
2530,L:6052:6054:138,2016-01-14 08:00:00,2016-01-19 08:00:00,planned,Folsom Prison - Overton 138 kV Circuit 1
14062,L:18398:18608:138,2016-01-11 08:00:00,2016-01-12 08:00:00,planned,Surrey - Staples 138 kV Line 1
327,L:5139:5922:138,2016-01-17 08:00:00,2016-01-21 08:00:00,planned,Mill - Phillippi 138 kV
4988,L:7203:7382:138,2016-01-16 08:00:00,2016-01-21 08:00:00,planned,Willow Lawn - Argo 138 kV Line 1
5010,L:7213:7268:138,2016-01-12 08:00:00,2016-01-29 08:00:00,planned,Twin Branch Substation - Wrightwood 138 kV Cir. 1
8423,L:8842:9856:138,2016-01-11 08:00:00,2016-01-17 08:00:00,planned,Quaker Hill - Alumax 138 kV Cir. 1
17118,L:19785:20055:100,2016-01-18 08:00:00,2016-01-22 08:00:00,planned,Saltspring Tap - Union Chemical 100 kV Ckt 1
7317,L:8324:8383:138,2016-01-14 08:00:00,2016-02-02 08:00:00,planned,Penacola - Macomb 138 kV
15397,L:19049:19094:100,2016-01-12 08:00:00,2016-01-31 08:00:00,planned,Ductile - Lucent 100 kV Circuit 1
13103,L:17843:17860:138,2016-01-17 08:00:00,2016-01-22 08:00:00,planned,Hubbardstown - Baker 138 kV Line
16178,L:19430:19569:100,2016-01-14 08:00:00,2016-01-17 08:00:00,planned,E J Stoneman Sta - Wingate 100 kV Ckt 2
15150,L:18933:20236:100,2016-01-11 08:00:00,2016-01-20 08:00:00,planned,Fitchburg - Marys Riv 100 kV Line 1
18288,L:20994:22597:100,2016-01-12 08:00:00,2016-01-22 08:00:00,planned,Wauna - Deltona 100 kV #1
3116,L:6326:7123:138,2016-01-18 08:00:00,2016-01-26 08:00:00,planned,Lynn Vly - Foster Wheeler Mt Carmel Cogen 138 kV Cir. 1
20494,L:23240:23356:100,2016-01-13 08:00:00,2016-01-30 08:00:00,planned,Sellwood Substation - Hideaway 100 kV Circuit 1
2127,L:5943:6203:138,2016-01-12 08:00:00,2016-01-25 08:00:00,planned,Hutchinson Plant 2 - Dpc Elroy Substation 138 kV Line 1
18127,L:20280:20309:500,2016-01-16 08:00:00,2016-01-25 08:00:00,planned,Troy Energy Llc - Richland 500 kV #1
4969,L:7196:7367:138,2016-01-14 08:00:00,2016-01-16 08:00:00,planned,Pine Forest - Minette 138 kV
18816,L:22014:22018:100,2016-01-19 08:00:00,2016-01-28 08:00:00,planned,Station A St. John - Yahuecas 8203 100 kV
20417,L:23193:23260:100,2016-01-13 08:00:00,2016-01-22 08:00:00,planned,La Grange Substation - Leon 6003 100 kV Circuit 1
11147,L:10138:10144:138,2016-01-12 08:00:00,2016-02-01 08:00:00,planned,Marquette Energy Ctr - Vmea Peaking Gen 138 kV Cir. 1
4397,L:7069:8560:138,2016-01-19 08:00:00,2016-01-20 08:00:00,planned,Falls Hydro - Joppa Sta 138 kV #1
16074,L:19377:19378:100,2016-01-15 08:00:00,2016-02-02 08:00:00,planned,Jal - Polaris 100 kV Circuit 1
10601,L:9858:9895:138,2016-01-18 08:00:00,2016-01-20 08:00:00,planned,Green Springs - Ballston 138 kV line
680,L:5303:5318:138,2016-01-16 08:00:00,2016-01-26 08:00:00,planned,Sparwood - Oak Villa 138 kV #1
5016,L:7215:7247:138,2016-01-15 08:00:00,2016-01-29 08:00:00,planned,Gwinn - Glacier 138 kV Circuit 1
3754,L:6659:6679:138,2016-01-13 08:00:00,2016-01-19 08:00:00,planned,Spencer Switch - Strathcona 138 kV Cir. 1
5161,L:7276:7390:138,2016-01-16 08:00:00,2016-01-23 08:00:00,planned,Fairview - Yukon 138 kV Cir. 1
4061,L:6858:6867:138,2016-01-12 08:00:00,2016-01-17 08:00:00,planned,Virginia Key - Miramar 138 kV #1
13416,L:18016:18026:138,2016-01-15 08:00:00,2016-01-28 08:00:00,planned,Venwind Substation - Hayesville 138 kV Cir. 1
12342,L:17057:17712:138,2016-01-14 08:00:00,2016-01-24 08:00:00,planned,Brokridge - Avon 138 kV Cir. 1
19559,L:22883:22940:100,2016-01-13 08:00:00,2016-01-25 08:00:00,planned,Havelock - Henley Tap 100 kV Ckt 2
7380,L:8360:8371:138,2016-01-19 08:00:00,2016-01-25 08:00:00,planned,Sagebrush - Woodeshoe Substation 138 kV Line 1
10973,L:10034:10049:138,2016-01-18 08:00:00,2016-02-04 08:00:00,planned,Urich Tap - Moore St Substation 138 kV Line 1
13204,L:17906:17911:138,2016-01-10 08:00:00,2016-01-20 08:00:00,planned,Bayboro Substation - Roadway 138 kV
13039,L:17789:17791:138,2016-01-19 08:00:00,2016-02-04 08:00:00,planned,Beckham - Sub 17791 138 kV Cir. 1
601,L:5266:5915:138,2016-01-11 08:00:00,2016-01-25 08:00:00,planned,Yardville - South Columbia 138 kV Line 1
8089,L:8689:9100:138,2016-01-13 08:00:00,2016-02-02 08:00:00,planned,Osage Ia - Summit Lake Substation 138 kV Ckt 1
7104,L:8267:8276:500,2016-01-13 08:00:00,2016-01-21 08:00:00,planned,Love Bird - Victoria Tc 7001-7007-7008 500 kV #1
10397,L:9760:10213:138,2016-01-15 08:00:00,2016-02-02 08:00:00,planned,Cato - Brandy Branch 138 kV
20316,L:23149:23188:100,2016-01-17 08:00:00,2016-01-20 08:00:00,planned,S Carthage - Bayfield 100 kV Circuit 1
7977,L:8652:8962:138,2016-01-15 08:00:00,2016-01-31 08:00:00,planned,Talber Tap - Fry 138 kV
6058,L:7758:7824:138,2016-02-12 19:00:00,2016-02-23 19:00:00,planned,Muscoda Industrial - Skito 138 kV #1
9555,L:9369:9671:138,2016-02-11 19:00:00,2016-03-01 19:00:00,planned,Keswick Substation - W Bassett 138 kV
18709,L:21800:21803:100,2016-02-07 19:00:00,2016-02-16 19:00:00,planned,Wallen - Robison Park 2 100 kV #1
5307,L:7373:8264:138,2016-02-10 19:00:00,2016-02-28 19:00:00,planned,Logan Martin Dam - Picnic Pt 138 kV Cir. 1
13956,L:18336:18337:138,2016-02-05 19:00:00,2016-02-08 19:00:00,planned,Tendoy - Godfrey 138 kV Ckt 1
13382,L:17998:18006:138,2016-02-09 19:00:00,2016-02-12 19:00:00,planned,Port Angeles - Darrah 138 kV line
20352,L:23168:23418:100,2016-02-10 19:00:00,2016-02-27 19:00:00,planned,Rockaway Beach Substation - Will County 100 kV Cir. 1
15082,L:18909:19048:100,2016-02-11 19:00:00,2016-02-20 19:00:00,planned,Rosenberg - Jacks Creek 100 kV Circuit 1
3406,L:6472:6837:138,2016-02-05 19:00:00,2016-02-08 19:00:00,planned,Lakeside 1 - San Lorenzo 138 kV Cir. 1
10239,L:9687:9843:138,2016-02-05 19:00:00,2016-02-12 19:00:00,planned,Hayfield - Belvoir 138 kV Line 2
1472,L:5677:5698:138,2016-02-05 19:00:00,2016-02-11 19:00:00,planned,Hayfork - Salisbury 138 kV Circuit 1
6565,L:8026:8028:138,2016-02-11 19:00:00,2016-02-14 19:00:00,planned,Alley Park - Los Coches 138 kV Circuit 1
17544,L:19981:19992:100,2016-02-05 19:00:00,2016-02-13 19:00:00,planned,Yaphank - Leesburg Central 100 kV Ckt 1
966,L:5444:5859:138,2016-02-04 19:00:00,2016-02-13 19:00:00,planned,Clay Street - 15Th St 138 kV Circuit 1
15908,L:19292:19496:100,2016-02-12 19:00:00,2016-02-20 19:00:00,planned,Vly Switch - Descanso 100 kV Cir. 2
4497,L:7104:7109:345,2016-02-10 19:00:00,2016-02-18 19:00:00,planned,Cachete 1529 - Yermo 345 kV
9581,L:9378:9445:138,2016-02-09 19:00:00,2016-02-26 19:00:00,planned,Ward Switch - Stockton 138 kV Cir. 1
6888,L:8216:8217:138,2016-02-13 19:00:00,2016-02-26 19:00:00,planned,Coneaugh Hydro Plant Substation - Cholame 138 kV Circuit 1
18381,L:21195:21199:100,2016-02-06 19:00:00,2016-02-08 19:00:00,planned,Parkview Battery - Western Michigan University Power Plant 100 kV Circuit 1
21091,L:23477:24612:230,2016-02-07 19:00:00,2016-02-09 19:00:00,planned,Grand Ridge Battery Projects - Cadiz 230 kV Line 2
5103,L:7249:7301:138,2016-02-08 19:00:00,2016-02-17 19:00:00,planned,Pecospnm - St Albans 138 kV
17699,L:20054:20056:230,2016-02-13 19:00:00,2016-02-26 19:00:00,planned,North Medina - Williams Lake 230 kV Line 1
5376,L:7416:8012:138,2016-02-12 19:00:00,2016-02-13 19:00:00,planned,Federalgen Tap - Indiana University Of Pennsylvania 138 kV Line 1
10974,L:10034:10051:138,2016-02-07 19:00:00,2016-02-17 19:00:00,planned,Moore St - White City 138 kV Ckt 1
20206,L:23115:23265:100,2016-02-12 19:00:00,2016-02-27 19:00:00,planned,Floral Park - Gray Summit 2 100 kV #1
5006,L:7211:7380:138,2016-02-13 19:00:00,2016-02-19 19:00:00,planned,Crescent - Tonopah 138 kV Line 1
11982,L:16482:16813:138,2016-02-08 19:00:00,2016-02-25 19:00:00,planned,Bertwood - King City 138 kV #2
21539,L:25115:25117:100,2016-02-12 19:00:00,2016-02-14 19:00:00,planned,Elm W - Zion Energy Ctr 100 kV Circuit 1
9364,L:9270:9633:138,2016-02-11 19:00:00,2016-03-01 19:00:00,planned,Garden Creek - Kean Mtn And Grassy Crk 138 kV
10922,L:10004:10005:138,2016-02-13 19:00:00,2016-02-23 19:00:00,planned,Mercy Springs - Yuba Gold Fields 138 kV Line
9900,L:9575:18156:138,2016-02-09 19:00:00,2016-02-14 19:00:00,planned,High Winds - Upper Mechanicville 138 kV line
14352,L:18617:18618:138,2016-02-07 19:00:00,2016-02-14 19:00:00,planned,Mcgill - Mattoon E Substation 138 kV #1
5981,L:7724:7813:138,2016-02-10 19:00:00,2016-02-27 19:00:00,planned,Woodpcker - Spencer Reit 138 kV Ckt 1
10109,L:9654:18117:345,2016-02-13 19:00:00,2016-03-01 19:00:00,planned,Bath County - Modena 345 kV L
6142,L:7802:8258:345,2016-02-04 19:00:00,2016-02-07 19:00:00,planned,Hidalgo Smelter - Glade 345 kV
5740,L:7591:7593:138,2016-02-06 19:00:00,2016-02-17 19:00:00,planned,Elk Plain - Dairy Rd 138 kV Circuit 1
5005,L:7210:7562:138,2016-02-07 19:00:00,2016-02-18 19:00:00,planned,Great Bend - Sunflower - Poly 138 kV Cir. 1
12476,L:17182:17633:138,2016-02-07 19:00:00,2016-02-15 19:00:00,planned,Geysers Tap 3 - Edgar 138 kV Cir. 1
9645,L:9409:9495:138,2016-02-11 19:00:00,2016-02-18 19:00:00,planned,Mount Si - Meeker 138 kV Circuit 1
4056,L:6853:6856:138,2016-02-06 19:00:00,2016-02-17 19:00:00,planned,Dowell - Sandstone Rapids Hy 138 kV
6123,L:7792:7863:138,2016-02-06 19:00:00,2016-02-26 19:00:00,planned,Osborne - Hills Creek 138 kV Cir. 1
7583,L:8447:8448:138,2016-02-04 19:00:00,2016-02-21 19:00:00,planned,Dunkirk - Mount Harmony 138 kV Cir. 1
20333,L:23158:23224:100,2016-02-08 19:00:00,2016-02-25 19:00:00,planned,Gibson Station - Brvort 100 kV Circuit 1
14283,L:18560:18562:138,2016-02-12 19:00:00,2016-02-20 19:00:00,planned,Pingston - Lcec No. 25 138 kV Ckt 1
15881,L:19281:19548:500,2016-02-05 19:00:00,2016-02-17 19:00:00,planned,Jack Ramey Wind - Hanging Rock 500 kV Cir. 1
16176,L:19430:19551:100,2016-02-09 19:00:00,2016-02-16 19:00:00,planned,E J Stoneman Sta - Milvn 100 kV
18608,L:21762:21805:100,2016-02-11 19:00:00,2016-02-24 19:00:00,planned,Laotto - Palm Harbor 100 kV
14291,L:18567:18570:138,2016-02-07 19:00:00,2016-02-23 19:00:00,planned,Rainberry - Deridder Mill 138 kV Circuit 1
13239,L:17929:17934:138,2016-02-05 19:00:00,2016-02-06 19:00:00,planned,Northeast Gate - Santa Rosa Top O' Da Hill 138 kV #1
6110,L:7786:8161:138,2016-02-04 19:00:00,2016-02-19 19:00:00,planned,Homestead Wind Llc - Florida 138 kV Line 1
19804,L:22967:23027:100,2016-02-04 19:00:00,2016-02-08 19:00:00,planned,Arbors - Rock Tavern 2 100 kV Cir. 1
11054,L:10086:10285:138,2016-02-04 19:00:00,2016-02-18 19:00:00,planned,Hughson - Jennings Lodge 138 kV Cir. 2
6076,L:7764:19648:230,2016-02-12 19:00:00,2016-02-21 19:00:00,planned,Western Fher - Aes Columbia Power 230 kV
14589,L:18706:19527:230,2016-02-05 19:00:00,2016-02-19 19:00:00,planned,Dollarhide - Sayville 230 kV Ckt 1
8798,L:9047:9095:138,2016-02-09 19:00:00,2016-02-25 19:00:00,planned,Manistique - Eldorado 138 kV line
3315,L:6431:6462:138,2016-02-11 19:00:00,2016-02-20 19:00:00,planned,Alcoa Sw Station - Edic 138 kV Ckt 1
10270,L:9706:9883:138,2016-02-07 19:00:00,2016-02-16 19:00:00,planned,Glen Carlyn - Stepdown 138 kV Cir. 1
19360,L:22840:23017:100,2016-02-10 19:00:00,2016-03-01 19:00:00,planned,Rogers - Balch 1 Substation 100 kV Circuit 1
12282,L:17029:19548:230,2016-02-28 19:00:00,2016-03-03 19:00:00,planned,Hanging Rock - Alibates 230 kV Ckt 1
13829,L:18255:18278:138,2016-02-27 19:00:00,2016-03-17 19:00:00,planned,Alum Creek - Imran Woods-Whyte 138 kV
14240,L:18535:18541:138,2016-02-25 19:00:00,2016-03-13 19:00:00,planned,Gadsden - Domtar - Woodland Mill 138 kV Ckt 1
18840,L:22019:22575:100,2016-02-25 19:00:00,2016-03-11 19:00:00,planned,Hihway 123 - Hayden Bridge 100 kV Circuit 1
2163,L:5947:7149:345,2016-03-03 19:00:00,2016-03-17 19:00:00,planned,Terry - Steel City 345 kV Line 1
15055,L:18894:19518:100,2016-03-01 19:00:00,2016-03-20 19:00:00,planned,Santa Fe Energy - Spene 100 kV Line 1
12372,L:17095:17097:138,2016-02-28 19:00:00,2016-03-12 19:00:00,planned,Fayetteville E - Gwf 4 138 kV Cir. 1
17839,L:20133:20299:230,2016-02-26 19:00:00,2016-03-13 19:00:00,planned,Hagan - Alleghany 230 kV
8505,L:8888:8894:138,2016-02-28 19:00:00,2016-03-19 19:00:00,planned,Nih - Alden 138 kV Cir. 1
17729,L:20074:20079:100,2016-02-29 19:00:00,2016-03-12 19:00:00,planned,Lakeview - Cache Slough 100 kV Ckt 1
1109,L:5514:7136:500,2016-03-03 19:00:00,2016-03-08 19:00:00,planned,Charlton Street - Visalia 500 kV Cir. 1
2973,L:6261:6296:138,2016-02-24 19:00:00,2016-03-11 19:00:00,planned,Victoria - Lenape 138 kV Line 1
11460,L:10286:10300:138,2016-02-26 19:00:00,2016-03-12 19:00:00,planned,Pillar - Mwd Etiwanda 138 kV Line 1
19838,L:22975:23032:100,2016-03-01 19:00:00,2016-03-14 19:00:00,planned,Wellsville - Valerie 100 kV Line 1
3363,L:6452:6935:138,2016-02-25 19:00:00,2016-03-07 19:00:00,planned,Gibsonton - Mortan 138 kV #1
3329,L:6437:7099:138,2016-02-26 19:00:00,2016-03-16 19:00:00,planned,Eddystone - Beresford 138 kV Circuit 2
11304,L:10241:10246:138,2016-03-01 19:00:00,2016-03-11 19:00:00,planned,London Bridge Substation - Basf 138 kV
17589,L:20003:20010:100,2016-02-29 19:00:00,2016-03-11 19:00:00,planned,Q & Watt - Ford 100 kV L
2736,L:6149:6199:138,2016-02-25 19:00:00,2016-03-08 19:00:00,planned,Wolcott - Pelton 138 kV Cir. 1
513,L:5229:5750:345,2016-03-02 19:00:00,2016-03-03 19:00:00,planned,Everett - Russellville North 345 kV Line 1
20225,L:23126:23226:100,2016-02-23 19:00:00,2016-03-05 19:00:00,planned,Aurora - West Pine 100 kV
7479,L:8401:18391:138,2016-02-27 19:00:00,2016-03-12 19:00:00,planned,Shunock - Heffley Tap 138 kV Circuit 1
10496,L:9806:9807:138,2016-02-26 19:00:00,2016-02-29 19:00:00,planned,Carver - Shockoe 138 kV #1
12856,L:17612:17613:138,2016-03-02 19:00:00,2016-03-19 19:00:00,planned,Wayside - Cordrey 138 kV line
8849,L:9067:9096:138,2016-02-27 19:00:00,2016-03-13 19:00:00,planned,Desert Shores - Greene St Station 138 kV Cir. 1
458,L:5203:5204:138,2016-03-03 19:00:00,2016-03-12 19:00:00,planned,Altamont - Quogue 138 kV #1
14161,L:18475:18478:138,2016-03-01 19:00:00,2016-03-09 19:00:00,planned,Greenville Steam - Elk City Llc 138 kV
11296,L:10235:10236:138,2016-02-27 19:00:00,2016-03-10 19:00:00,planned,4Th Avenue N - National 138 kV Circuit 1
11,L:2620:2954:161,2016-02-25 19:00:00,2016-03-13 19:00:00,planned,North Lakes - N Bergen 161 kV Cir. 1
18851,L:22022:22024:230,2016-02-29 19:00:00,2016-03-19 19:00:00,planned,Mt. Harris Substation - Concord Substation 230 kV
2473,L:6030:8623:138,2016-03-01 19:00:00,2016-03-21 19:00:00,planned,Walla Walla - Cima 138 kV line
4401,L:7070:8543:138,2016-03-03 19:00:00,2016-03-11 19:00:00,planned,Wray - Kitimat Substation 138 kV
6325,L:7887:8262:138,2016-02-23 19:00:00,2016-02-26 19:00:00,planned,Indeck Silver Springs Energy Ctr - Dessau 138 kV Ckt 1
17709,L:20062:20064:100,2016-02-25 19:00:00,2016-03-06 19:00:00,planned,Sub 20062 - Star 100 kV Circuit 1
4062,L:6859:6874:138,2016-02-26 19:00:00,2016-02-28 19:00:00,planned,Catoosa - Windy Gap 138 kV Cir. 1
15631,L:19157:19321:100,2016-02-27 19:00:00,2016-03-12 19:00:00,planned,Hay Mill - Meade County 100 kV #1
16059,L:19368:20066:100,2016-02-28 19:00:00,2016-03-13 19:00:00,planned,Stephenson - Dixie College 100 kV Ckt 1
9042,L:9116:9117:138,2016-02-26 19:00:00,2016-03-06 19:00:00,planned,Barracks Road - Watt Rd 138 kV
9361,L:9268:18362:138,2016-02-25 19:00:00,2016-02-26 19:00:00,planned,Hurley - Norco 138 kV Ckt 1
19176,L:22777:22789:100,2016-02-27 19:00:00,2016-02-29 19:00:00,planned,Whitewater - Arsenal Hill 100 kV Ckt 1
20606,L:23289:23304:100,2016-02-27 19:00:00,2016-03-10 19:00:00,planned,Pinal - Tate & Lyle Decatur Plant Cogen 100 kV
6804,L:8153:8154:138,2016-02-27 19:00:00,2016-03-04 19:00:00,planned,Blue - Curry Rd 138 kV
7507,L:8410:8453:138,2016-02-28 19:00:00,2016-02-29 19:00:00,planned,Vaca-Dixon - S Perry 138 kV L
20042,L:23043:23499:100,2016-03-03 19:00:00,2016-03-16 19:00:00,planned,Georgia Pacific Paper - Wilson 1&2 100 kV #2
7956,L:8636:8642:138,2016-02-28 19:00:00,2016-03-15 19:00:00,planned,Methanex - Boerne 138 kV Ckt 1
5514,L:7482:7563:138,2016-03-03 19:00:00,2016-03-15 19:00:00,planned,Russellville - Nottely 138 kV Cir. 1
19073,L:22583:22595:100,2016-03-01 19:00:00,2016-03-08 19:00:00,planned,Calvert - Grandview Ave 100 kV Cir. 1
15998,L:19337:19457:100,2016-03-02 19:00:00,2016-03-04 19:00:00,planned,Martin Luther King - Walnut Grove 100 kV Ckt 1
15618,L:19149:19152:100,2016-02-29 19:00:00,2016-03-19 19:00:00,planned,Metrwest - Williantic Substation 100 kV
13779,L:18225:18239:138,2016-02-24 19:00:00,2016-03-12 19:00:00,planned,Litchfield - Seward Junction 138 kV Ckt 1
10664,L:9886:9897:138,2016-02-29 19:00:00,2016-03-04 19:00:00,planned,Tysons - Reston 138 kV Ckt 1
21424,L:24033:24609:100,2016-02-25 19:00:00,2016-02-29 19:00:00,planned,Fitch Rod - Naguabo 2701 100 kV Cir. 1
19263,L:22812:23201:100,2016-02-24 19:00:00,2016-03-12 19:00:00,planned,Young Rw - 20 Plant 100 kV Cir. 2
12285,L:17031:18616:138,2016-02-29 19:00:00,2016-03-14 19:00:00,planned,Washington Parish Energy Ctr - Oxnard 138 kV #1
4093,L:6883:6889:138,2016-02-25 19:00:00,2016-03-09 19:00:00,planned,Burholme - Bamber Vly 138 kV #1
2869,L:6218:6227:138,2016-02-25 19:00:00,2016-03-10 19:00:00,planned,Sistrunk - Oxford 138 kV L
13907,L:18311:18312:138,2016-03-01 19:00:00,2016-03-19 19:00:00,planned,Broward - Stadium Reit 138 kV Line 1
3113,L:6325:6669:138,2016-02-24 19:00:00,2016-02-27 19:00:00,planned,Yamato - Forest Hill 138 kV Line 1
10889,L:9983:9987:138,2016-02-29 19:00:00,2016-03-15 19:00:00,planned,Running Springs - Lakeside 138 kV L
15528,L:19101:19131:100,2016-03-03 19:00:00,2016-03-19 19:00:00,planned,Getchel - Sydney Rd 100 kV Cir. 2
2913,L:6233:6639:138,2016-03-02 19:00:00,2016-03-21 19:00:00,planned,Cameron - Snarr 138 kV
12794,L:17578:19240:100,2016-03-02 19:00:00,2016-03-20 19:00:00,planned,Wachtel-Oak - Broken Bow Substation 100 kV #1
11066,L:10097:10209:138,2016-02-25 19:00:00,2016-03-09 19:00:00,planned,Warner Pnm - Chuckatuck 138 kV Cir. 1
5559,L:7505:7512:138,2016-02-28 19:00:00,2016-03-14 19:00:00,planned,Princeton - Kenedy 138 kV Line 1
5337,L:7403:7404:138,2016-02-26 19:00:00,2016-03-16 19:00:00,planned,Tenaska Westmoreland Generating Sta - Westraver 138 kV
11098,L:10108:10217:138,2016-02-26 19:00:00,2016-02-27 19:00:00,planned,Thole Street Substation - Diamond Springs 138 kV Ckt 1
16829,L:19663:20211:100,2016-03-03 19:00:00,2016-03-04 19:00:00,planned,Belleair - Stallings 100 kV #1
311,L:5133:5974:345,2016-02-29 19:00:00,2016-03-14 19:00:00,planned,Bedford Rural - Middle Sta 345 kV Circuit 1
14883,L:18828:19192:100,2016-03-01 19:00:00,2016-03-07 19:00:00,planned,Mckinney - Stafford Junction 100 kV #1
3416,L:6475:6701:138,2016-03-01 19:00:00,2016-03-10 19:00:00,planned,Ge Alacua - Colorado Rver 138 kV Line 1
3207,L:6371:6374:138,2016-03-02 19:00:00,2016-03-13 19:00:00,planned,Serra - Chickahominy 138 kV
17461,L:19943:19961:100,2016-03-30 08:00:00,2016-04-02 08:00:00,planned,Gilstrap - Abbe 100 kV #2
3483,L:6511:6959:138,2016-03-28 08:00:00,2016-04-05 08:00:00,planned,Sheldon Springs Hydroelectric - Emigratin 138 kV Cir. 1
19710,L:22933:22971:100,2016-04-02 08:00:00,2016-04-16 08:00:00,planned,Storage Tek I - Sunrise 100 kV Line 1
9912,L:9583:9586:138,2016-04-01 08:00:00,2016-04-19 08:00:00,planned,Nogales - Philpott 138 kV Cir. 1
18023,L:20259:20312:100,2016-04-01 08:00:00,2016-04-10 08:00:00,planned,Plum St - Cottonwood Creek 100 kV Circuit 1
13365,L:17990:18006:138,2016-04-04 08:00:00,2016-04-21 08:00:00,planned,Darrah - E Huntington Substation 138 kV Ckt 1
17587,L:20000:20007:100,2016-03-29 08:00:00,2016-04-07 08:00:00,planned,Tracy - Gould 100 kV #1
10916,L:10001:10134:138,2016-04-02 08:00:00,2016-04-05 08:00:00,planned,Cogenrix - Clay Crk 138 kV
10994,L:10046:10061:138,2016-04-06 08:00:00,2016-04-09 08:00:00,planned,Leesburg - Riteaid 138 kV Cir. 1
15202,L:18960:22246:100,2016-03-28 08:00:00,2016-04-01 08:00:00,planned,South Bremerton - Oconto Falls Upper 100 kV Cir. 1
21435,L:24037:24038:100,2016-04-03 08:00:00,2016-04-16 08:00:00,planned,Wilmot - Hoodoo Wash 100 kV line
14322,L:18595:18597:138,2016-04-06 08:00:00,2016-04-21 08:00:00,planned,Scobie Pond - Exeter Energy Lp 138 kV Line 1
13870,L:18283:18613:138,2016-04-02 08:00:00,2016-04-14 08:00:00,planned,Packaging Of America Tomahawk Mill - Riverbank 138 kV
1161,L:5535:5536:138,2016-03-28 08:00:00,2016-04-02 08:00:00,planned,Planta Tratamiento A.A.A - I-94 138 kV Line 1
8491,L:8876:9902:138,2016-03-29 08:00:00,2016-04-09 08:00:00,planned,Floraday - Kingsberry 138 kV Line 2
20626,L:23297:23346:100,2016-04-02 08:00:00,2016-04-11 08:00:00,planned,Peosta - Mile-Hi 100 kV Ckt 1
8084,L:8688:8697:138,2016-03-29 08:00:00,2016-04-14 08:00:00,planned,Grant Avenue - Tokoma 138 kV Ckt 1
14304,L:18577:18580:138,2016-04-02 08:00:00,2016-04-11 08:00:00,planned,Walter Scott Energy Ctr - Gales Ferry 138 kV Ckt 1
20619,L:23293:23294:100,2016-04-06 08:00:00,2016-04-21 08:00:00,planned,Smelter - Bogard 100 kV Ckt 1
15751,L:19208:19258:230,2016-04-03 08:00:00,2016-04-18 08:00:00,planned,P & W Aircraft - Dpc Argyle 230 kV Cir. 1
8726,L:9005:10027:138,2016-03-29 08:00:00,2016-04-05 08:00:00,planned,Whitman - Sisk 138 kV #1
16769,L:19637:19717:230,2016-03-28 08:00:00,2016-04-11 08:00:00,planned,Eagle Rock - Midvalley 230 kV Cir. 1
20246,L:23132:23220:100,2016-04-05 08:00:00,2016-04-14 08:00:00,planned,Van Buren St - Bernardo 100 kV Ckt 1
14280,L:18559:18568:138,2016-04-04 08:00:00,2016-04-21 08:00:00,planned,Alamogordo Solar Energy Center - M.L. Hibbard S.E. Sta 138 kV Line 1
9468,L:9326:9607:138,2016-04-01 08:00:00,2016-04-18 08:00:00,planned,Silvergate - North Delphos 138 kV
5716,L:7573:7586:138,2016-03-30 08:00:00,2016-04-06 08:00:00,planned,Campbell - Mac Heights 138 kV Ckt 1
9895,L:9570:16484:138,2016-04-01 08:00:00,2016-04-16 08:00:00,planned,Cumberland 2 - Bauxite 138 kV Cir. 1
7032,L:8256:8288:345,2016-03-30 08:00:00,2016-04-16 08:00:00,planned,Granada - North Allegheny Windpower Project 345 kV Line 1
5518,L:7485:8034:138,2016-04-04 08:00:00,2016-04-17 08:00:00,planned,New Castle Plant - Badger 138 kV L
1543,L:5706:5707:138,2016-03-29 08:00:00,2016-04-02 08:00:00,planned,Hickory Withe Substation - Geneva Border City 138 kV Ckt 1
17956,L:20206:20210:100,2016-04-04 08:00:00,2016-04-22 08:00:00,planned,Twinsburg - Geauga 100 kV Circuit 1
19648,L:22912:23491:100,2016-04-01 08:00:00,2016-04-19 08:00:00,planned,Indian Head - Fisk Street 100 kV Ckt 1
14670,L:18737:18843:100,2016-03-28 08:00:00,2016-04-07 08:00:00,planned,Model City Energy Facility - Wagley Robertson Substation 100 kV line
6505,L:7987:7995:138,2016-04-06 08:00:00,2016-04-15 08:00:00,planned,Cobble Hill Substation - Rogers Lake 138 kV
13237,L:17928:17932:138,2016-05-22 18:00:00,2016-06-01 18:00:00,planned,Devers - Maricao 6301 138 kV
1558,L:5717:5749:138,2016-05-23 18:00:00,2016-06-10 18:00:00,planned,Valhalla - Ohio Falls 138 kV Circuit 1
315,L:5135:5137:138,2016-05-23 18:00:00,2016-06-10 18:00:00,planned,Matt Funk - California 138 kV Cir. 1
21025,L:23459:23475:230,2016-05-26 18:00:00,2016-06-02 18:00:00,planned,Terrora Substation - Morris Cogeneration Llc Substation 230 kV Ckt 1
3065,L:6304:6306:138,2016-05-31 18:00:00,2016-06-06 18:00:00,planned,York Crk - El Dorado Refinery 138 kV #1
7251,L:8293:8393:138,2016-05-28 18:00:00,2016-06-07 18:00:00,planned,Asphalt Mines - Van Sant Sta 138 kV
20579,L:23278:23302:100,2016-05-27 18:00:00,2016-06-01 18:00:00,planned,Libertyville - South Hall Substation 100 kV Line 2
15426,L:19057:19079:100,2016-05-30 18:00:00,2016-06-16 18:00:00,planned,South Broadway - Black Crk 100 kV #1
19282,L:22818:23310:100,2016-05-22 18:00:00,2016-06-06 18:00:00,planned,Deep Springs - Green Bluff 100 kV
20128,L:23087:23444:100,2016-05-31 18:00:00,2016-06-01 18:00:00,planned,N Cambridge - Edwards St 100 kV Ckt 2
13865,L:18280:18305:138,2016-05-28 18:00:00,2016-06-12 18:00:00,planned,Victory Substation - Hustisford Substation 138 kV #1
7983,L:8654:9899:138,2016-05-23 18:00:00,2016-06-04 18:00:00,planned,Walden North Generation Sta - Louiville 138 kV Cir. 1
1921,L:5900:5959:138,2016-05-24 18:00:00,2016-06-12 18:00:00,planned,Daffin Gin - Flint 138 kV Ckt 1
3610,L:6579:6580:138,2016-05-26 18:00:00,2016-06-08 18:00:00,planned,Montefiore - Golden Gate 138 kV #1
6026,L:7743:7787:138,2016-05-28 18:00:00,2016-06-15 18:00:00,planned,St. Augustine - Mcinnes 138 kV #1
20226,L:23126:23437:100,2016-05-27 18:00:00,2016-06-07 18:00:00,planned,Aurora - Electric Light Substation 100 kV Ckt 1
17106,L:19780:20204:100,2016-05-31 18:00:00,2016-06-16 18:00:00,planned,Genoa - Imperial 100 kV Line
7307,L:8320:8830:138,2016-05-25 18:00:00,2016-05-29 18:00:00,planned,Blfry - Lea National 138 kV #1
19507,L:22873:22886:230,2016-05-26 18:00:00,2016-05-31 18:00:00,planned,Clifton Wilson - Flax Hill 230 kV Cir. 1
3265,L:6406:6409:138,2016-05-29 18:00:00,2016-06-02 18:00:00,planned,Choupique - Sundance 138 kV Circuit 1
20068,L:23056:23087:230,2016-05-31 18:00:00,2016-06-07 18:00:00,planned,Guilbeau Electric - N Cambridge 230 kV #2
18799,L:21994:21997:100,2016-05-28 18:00:00,2016-06-05 18:00:00,planned,Sibley No Two - Columbia Hills 100 kV Circuit 1
16772,L:19641:20060:100,2016-05-30 18:00:00,2016-06-10 18:00:00,planned,Wisdom - Brownstown 100 kV Ckt 1
4134,L:6906:7157:138,2016-05-27 18:00:00,2016-06-06 18:00:00,planned,Eagle Pt - Rudd 138 kV Line
20582,L:23280:23305:100,2016-05-27 18:00:00,2016-06-01 18:00:00,planned,Tulsa Southeast - Elk Grove 100 kV
329,L:5140:5152:138,2016-05-23 18:00:00,2016-05-26 18:00:00,planned,Lincoln Station - Dorothy 138 kV
16002,L:19339:19340:100,2016-05-28 18:00:00,2016-06-03 18:00:00,planned,Monet - Wes Hebron 100 kV Circuit 1
12234,L:17000:17001:138,2016-05-29 18:00:00,2016-06-02 18:00:00,planned,Timber - Barstow 138 kV
18679,L:21783:21810:100,2016-05-22 18:00:00,2016-06-10 18:00:00,planned,Brasada Substation - Brunswick Nuclear 100 kV Line 1
7751,L:8516:8525:345,2016-05-30 18:00:00,2016-06-06 18:00:00,planned,Sulphur Springs - Plant Avenue 345 kV Cir. 1
1767,L:5836:5837:138,2016-05-31 18:00:00,2016-06-15 18:00:00,planned,Rubidoux - Vera 138 kV Cir. 1
14910,L:18842:19383:100,2016-05-30 18:00:00,2016-06-14 18:00:00,planned,Firstenergy R E Burger - Wirt 100 kV Line
6199,L:7823:7837:138,2016-05-31 18:00:00,2016-06-05 18:00:00,planned,Rush Citycaps - Bethel Road 138 kV
393,L:5172:5188:138,2016-05-29 18:00:00,2016-06-08 18:00:00,planned,Rhode Island State Energy Center - Waldwick 138 kV #1
18359,L:21043:21515:100,2016-05-30 18:00:00,2016-06-14 18:00:00,planned,Constantine Hydro - 2 Generating Sta 100 kV Cir. 1
5816,L:7641:7643:138,2016-05-22 18:00:00,2016-06-08 18:00:00,planned,Roberts - Delsur 138 kV #1
6814,L:8160:8161:138,2016-06-14 17:00:00,2016-06-19 17:00:00,planned,Douglas - Florida 138 kV Ckt 1
19099,L:22674:22742:100,2016-06-19 17:00:00,2016-06-22 17:00:00,planned,Lake Hemet - Wabash 100 kV
17043,L:19755:19768:100,2016-06-18 17:00:00,2016-07-06 17:00:00,planned,Chetwynd - Monterey 100 kV
16178,L:19430:19569:100,2016-06-12 17:00:00,2016-06-20 17:00:00,planned,E J Stoneman Sta - Wingate Substation 100 kV
1298,L:5599:5908:138,2016-06-16 17:00:00,2016-06-17 17:00:00,planned,Midulla Generating Sta - Old Bridge Clean Energy Ctr 138 kV #1
10809,L:9947:9991:138,2016-06-16 17:00:00,2016-06-27 17:00:00,planned,Smallwood - Broowood Substation 138 kV Ckt 1
10086,L:9650:9676:345,2016-06-13 17:00:00,2016-06-15 17:00:00,planned,Kerr Dam - Mecklenburg Power Sta 345 kV Line
13232,L:17925:17942:138,2016-06-14 17:00:00,2016-06-30 17:00:00,planned,Shabdue - Marianna 138 kV
14782,L:18790:19203:100,2016-06-12 17:00:00,2016-06-16 17:00:00,planned,San Bruno - Indeck West Enfield Energy Center 100 kV
20267,L:23139:23149:100,2016-06-15 17:00:00,2016-06-17 17:00:00,planned,S Carthage - Bruceville 100 kV Cir. 1
12199,L:16991:17580:138,2016-06-12 17:00:00,2016-07-02 17:00:00,planned,Richardson - Coachella City 138 kV #3
18308,L:20995:22596:100,2016-06-17 17:00:00,2016-06-28 17:00:00,planned,Oak Knoll - Cambria 100 kV Ckt 2
12226,L:16996:19258:138,2016-06-19 17:00:00,2016-07-03 17:00:00,planned,Santa Juanita-Canyon Fall - P & W Aircraft 138 kV
12105,L:16929:17797:138,2016-06-19 17:00:00,2016-06-23 17:00:00,planned,Vec Underhill - West Fairbault 138 kV Circuit 1
14150,L:18466:18467:138,2016-06-11 17:00:00,2016-06-29 17:00:00,planned,Etowah - Newman 138 kV line
9102,L:9141:9451:138,2016-06-14 17:00:00,2016-06-18 17:00:00,planned,East Longmeadow - Myakka 138 kV Cir. 1
16166,L:19422:19551:100,2016-06-17 17:00:00,2016-07-03 17:00:00,planned,Santa Rose Geothermal - Milvon 100 kV Line 1
7889,L:8598:8995:138,2016-06-14 17:00:00,2016-06-27 17:00:00,planned,Wlpole Substation - Grahamville 138 kV Ckt 1
19183,L:22778:23104:230,2016-06-14 17:00:00,2016-07-03 17:00:00,planned,Pontchartrain Park - 43Rd & S. Land Substation 230 kV Line 1
9268,L:9225:9237:138,2016-06-15 17:00:00,2016-06-28 17:00:00,planned,Blue Ridge - Albany Substation 138 kV Cir. 1
9348,L:9263:9348:138,2016-06-14 17:00:00,2016-07-03 17:00:00,planned,Brown - Turkey Pen 138 kV Cir. 1
10335,L:9735:9737:138,2016-06-13 17:00:00,2016-06-17 17:00:00,planned,Shullsburg - North Doswell 138 kV Ckt 1
13621,L:18134:18136:138,2016-06-15 17:00:00,2016-06-27 17:00:00,planned,Dock - Modular Power Llc 138 kV
5681,L:7557:7570:138,2016-06-20 17:00:00,2016-06-22 17:00:00,planned,Norfolk St - Puntledge 138 kV #1
14904,L:18837:19436:100,2016-06-17 17:00:00,2016-06-27 17:00:00,planned,Tomball - Dewitt Substation 100 kV Ckt 1
19387,L:22846:22850:100,2016-06-11 17:00:00,2016-06-25 17:00:00,planned,Prosser - Cataract Hydro 100 kV
9584,L:9380:9381:138,2016-06-12 17:00:00,2016-06-16 17:00:00,planned,Rose Park - Penhook 138 kV Ckt 1
11945,L:16191:16835:138,2016-06-12 17:00:00,2016-06-22 17:00:00,planned,Mooney - Lake Mine 138 kV #1
18579,L:21746:21748:100,2016-06-15 17:00:00,2016-06-28 17:00:00,planned,Bluffton - Santa Fe Sprigs 100 kV Cir. 1
11146,L:10137:10274:138,2016-06-18 17:00:00,2016-07-03 17:00:00,planned,Northern Steel Asting - Philip Morris 138 kV
4960,L:7194:7243:138,2016-06-12 17:00:00,2016-06-30 17:00:00,planned,Quail Vly - Collier 138 kV Line 1
17115,L:19783:19817:100,2016-06-13 17:00:00,2016-06-22 17:00:00,planned,Oncor Mason Substation - Delta Energy 100 kV
449,L:5196:5221:138,2016-06-18 17:00:00,2016-07-06 17:00:00,planned,Willow Run - Singleton 138 kV #1
8341,L:8810:9063:138,2016-06-14 17:00:00,2016-06-17 17:00:00,planned,Riverplace - Fairland 138 kV Cir. 1
8427,L:8843:8860:138,2016-06-15 17:00:00,2016-07-01 17:00:00,planned,Germantown - Emory Grove 138 kV
14767,L:18784:18879:100,2016-06-16 17:00:00,2016-07-06 17:00:00,planned,Thomas - Berkeley 100 kV Cir. 1
9613,L:9392:9674:138,2016-06-16 17:00:00,2016-06-19 17:00:00,planned,Woodland Tap - Front Royal 138 kV Circuit 1
3842,L:6714:6719:138,2016-06-17 17:00:00,2016-06-23 17:00:00,planned,Blue Mtn - Cwec Iola Substation 138 kV
542,L:5239:5247:138,2016-06-11 17:00:00,2016-06-12 17:00:00,planned,Sand Creek - Herrin 138 kV Cir. 1
1808,L:5855:5868:138,2016-06-12 17:00:00,2016-06-18 17:00:00,planned,Cordova - Byway 138 kV #2
17574,L:19994:21380:100,2016-06-12 17:00:00,2016-06-17 17:00:00,planned,Candelaria - Frisco 100 kV Circuit 1
21381,L:23882:24570:100,2016-06-20 17:00:00,2016-07-10 17:00:00,planned,Revere Co - Fremont Community Digester Llc 100 kV Circuit 1
876,L:5395:5876:138,2016-06-12 17:00:00,2016-06-20 17:00:00,planned,Cleveland - Forbestown 138 kV Ckt 1
6505,L:7987:7995:138,2016-06-14 17:00:00,2016-06-21 17:00:00,planned,Rogers Lake - Cobble Hill 138 kV Circuit 1
10695,L:9901:9908:138,2016-06-18 17:00:00,2016-06-25 17:00:00,planned,San Carlos - Masonille Uppco 138 kV
7692,L:8489:8802:138,2016-06-16 17:00:00,2016-06-21 17:00:00,planned,6Th S - Ucsd Substation 138 kV
13877,L:18289:18292:138,2016-06-20 17:00:00,2016-07-07 17:00:00,planned,Panda - Elk Crk 138 kV
13186,L:17895:17901:138,2016-06-12 17:00:00,2016-06-24 17:00:00,planned,Oreg 3 Inc - Horn Lake 138 kV #1
8440,L:8847:9085:345,2016-06-11 17:00:00,2016-06-30 17:00:00,planned,Engle-Eastern Tap - Krugerville 345 kV #1
11370,L:10268:10279:138,2016-06-18 17:00:00,2016-06-23 17:00:00,planned,Sharpe - N Anna 138 kV Cir. 1
2914,L:6234:6700:138,2016-06-19 17:00:00,2016-07-05 17:00:00,planned,Barberton - Marcus Hook Refinery Cogen Substation 138 kV Circuit 1
5538,L:7493:7516:138,2016-06-13 17:00:00,2016-07-02 17:00:00,planned,Bison - Isanti 138 kV #1
9028,L:9109:9111:138,2016-06-19 17:00:00,2016-07-06 17:00:00,planned,Red Hill - Little York 138 kV
18851,L:22022:22024:230,2016-06-15 17:00:00,2016-06-27 17:00:00,planned,Concord - Mt. Harris 230 kV
3455,L:6495:7035:138,2016-06-19 17:00:00,2016-06-20 17:00:00,planned,Vernon Vt - Klondike 138 kV Line
15887,L:19284:19911:100,2016-06-18 17:00:00,2016-07-01 17:00:00,planned,Sasco Crk - Philadelphia Substation 100 kV Cir. 1
9194,L:9185:9436:345,2016-06-15 17:00:00,2016-06-16 17:00:00,planned,Hood - Dayton 345 kV L
14293,L:18568:18569:138,2016-06-14 17:00:00,2016-06-29 17:00:00,planned,Graham Substation - M.L. Hibbard S.E. Station 138 kV #1
11105,L:10112:10115:138,2016-06-15 17:00:00,2016-06-25 17:00:00,planned,Cherrydale Solar Power Facility - Joll Hill 138 kV #1
646,L:5288:7120:138,2016-06-11 17:00:00,2016-06-19 17:00:00,planned,Janesville General Sw Yd - Mosher 138 kV Ckt 1
6415,L:7937:7943:138,2016-06-16 17:00:00,2016-06-25 17:00:00,planned,Texas Eastern - Antrim 138 kV
7909,L:8610:8862:138,2016-06-12 17:00:00,2016-06-28 17:00:00,planned,Middlebrook - N Gatlinburg 138 kV Line
18976,L:22306:22307:100,2016-06-19 17:00:00,2016-06-23 17:00:00,planned,Modesto Energy - French Camp 100 kV
643,L:5287:5320:138,2016-06-11 17:00:00,2016-06-28 17:00:00,planned,Hidden Vly - Cartwright 138 kV #1
16687,L:19596:19898:100,2016-06-11 17:00:00,2016-06-24 17:00:00,planned,Estero - Root Riv 100 kV Ckt 1
3183,L:6356:6380:138,2016-07-19 16:00:00,2016-07-20 16:00:00,planned,Rubber Roller Substation - Guanica Pueblo 5601 138 kV
1830,L:5880:5881:138,2016-07-17 16:00:00,2016-08-01 16:00:00,planned,Roosevelt County - Metomen 138 kV Line 1
8528,L:8900:8948:138,2016-07-20 16:00:00,2016-08-06 16:00:00,planned,Toaping Castle - Solar 138 kV Cir. 2
2751,L:6157:6730:138,2016-07-19 16:00:00,2016-07-23 16:00:00,planned,Stony Pt Tap - Warrington 138 kV Circuit 1
19634,L:22907:23504:100,2016-07-19 16:00:00,2016-07-23 16:00:00,planned,Ustick - Groton Muni 100 kV #2
16808,L:19651:19658:230,2016-07-19 16:00:00,2016-07-28 16:00:00,planned,Oregon Basin Substation - Battery Energy Storage System 230 kV Circuit 1
19628,L:22904:22919:100,2016-07-24 16:00:00,2016-08-11 16:00:00,planned,Solemint - Us Gypsum Oakfield 100 kV #3
17006,L:19744:20279:100,2016-07-16 16:00:00,2016-07-26 16:00:00,planned,Canyon - Aneth 100 kV Cir. 1
20029,L:23037:23042:100,2016-07-25 16:00:00,2016-08-08 16:00:00,planned,Stuttgart Ricuskey Substation - East 64Th St 100 kV Circuit 1
20190,L:23107:23350:100,2016-07-20 16:00:00,2016-07-24 16:00:00,planned,Storey - Sprintbrook 100 kV line
8699,L:8990:8991:138,2016-07-18 16:00:00,2016-08-02 16:00:00,planned,Alder Creek - Mcclung Substation 138 kV Ckt 1
12229,L:16998:17578:138,2016-07-17 16:00:00,2016-07-25 16:00:00,planned,Bedford - Wachtel-Oak 138 kV L
2612,L:6085:6093:138,2016-07-21 16:00:00,2016-07-24 16:00:00,planned,Richard Lake - Woodland Substation 138 kV Cir. 1
18423,L:21277:21284:100,2016-07-24 16:00:00,2016-07-27 16:00:00,planned,Geeral Motors - Uiversity Of South Florida 100 kV #1
13953,L:18333:18524:138,2016-07-21 16:00:00,2016-07-30 16:00:00,planned,Solway Ct - Ball Park 138 kV
19837,L:22974:23033:100,2016-07-18 16:00:00,2016-07-25 16:00:00,planned,Line Creek - Eufaula 100 kV #2
15724,L:19200:19208:100,2016-07-16 16:00:00,2016-07-21 16:00:00,planned,Innovation - Dpc Argyle 100 kV
21495,L:24592:24600:230,2016-07-21 16:00:00,2016-07-25 16:00:00,planned,Maalaea - Farragut 230 kV #1
4244,L:6983:6987:138,2016-07-21 16:00:00,2016-07-22 16:00:00,planned,Epsy - Gaston Rd 138 kV
9947,L:9598:9599:138,2016-07-25 16:00:00,2016-08-14 16:00:00,planned,Team - Okeechobee 138 kV Ckt 1
9344,L:9262:9264:138,2016-07-24 16:00:00,2016-08-10 16:00:00,planned,Looney Crk - Knotty Poplar 138 kV #1
16285,L:19503:20137:100,2016-07-25 16:00:00,2016-08-05 16:00:00,planned,Bolivar Substation - Niand 100 kV #1
1599,L:5742:5756:138,2016-07-21 16:00:00,2016-07-26 16:00:00,planned,S Haven - Manitous 138 kV #1
14168,L:18480:18483:138,2016-07-22 16:00:00,2016-08-09 16:00:00,planned,San German 6403 - Pleasants Energy Llc 138 kV Ckt 1
16779,L:19644:20237:100,2016-07-17 16:00:00,2016-07-31 16:00:00,planned,Wooster - Calero 100 kV Cir. 1
20971,L:23452:23527:500,2016-07-16 16:00:00,2016-07-23 16:00:00,planned,Easy Rd - Richardson Woodhaven 500 kV Cir. 1
11017,L:10065:10144:138,2016-07-18 16:00:00,2016-08-07 16:00:00,planned,Pine Tree Acres - Vmea Peaking Gen 138 kV
8680,L:8979:9012:138,2016-07-22 16:00:00,2016-08-07 16:00:00,planned,Bozman - Lava 138 kV Cir. 1
275,L:5119:5121:138,2016-07-23 16:00:00,2016-08-05 16:00:00,planned,Lake Riverside - Geysers Tap 9 138 kV
3655,L:6598:7126:500,2016-07-25 16:00:00,2016-08-04 16:00:00,planned,Ruch - Limerick 2 500 kV Circuit 1
20993,L:23454:28028:161,2016-07-17 16:00:00,2016-07-23 16:00:00,planned,Guayama Rural 4001 - Quad Cities 161 kV Circuit 1
1775,L:5840:6704:138,2016-07-21 16:00:00,2016-08-10 16:00:00,planned,Mill Cteek - Rio Bravo Poso 138 kV Ckt 1
7636,L:8469:8556:138,2016-07-22 16:00:00,2016-08-09 16:00:00,planned,Texas - Shawan Rd 138 kV Line 1
3085,L:6313:6823:138,2016-07-20 16:00:00,2016-07-21 16:00:00,planned,Duval Clear - Fox Crk 138 kV #1
10031,L:9638:9662:345,2016-07-17 16:00:00,2016-08-02 16:00:00,planned,Clinch River - Frrell 345 kV Cir. 1
10252,L:9694:9703:138,2016-07-21 16:00:00,2016-08-03 16:00:00,planned,Annandale - Deepcreek 138 kV Line
1290,L:5597:5931:138,2016-07-17 16:00:00,2016-08-06 16:00:00,planned,Read Oak Sta - N Beach 138 kV
18307,L:20995:22596:100,2016-07-22 16:00:00,2016-07-25 16:00:00,planned,Cambria - Oak Knoll 100 kV Line 1
7615,L:8462:8502:138,2016-07-23 16:00:00,2016-07-29 16:00:00,planned,Earl F Wisdom - South Manchester 138 kV
174,L:3442:3448:161,2016-07-22 16:00:00,2016-07-24 16:00:00,planned,Grand Haven Diesel Plant - Closter 161 kV
10923,L:10004:10010:138,2016-07-18 16:00:00,2016-07-23 16:00:00,planned,Mercy Springs - Berkley Rd Substation 138 kV Ckt 1
2486,L:6037:6108:138,2016-07-18 16:00:00,2016-08-07 16:00:00,planned,Crag View - Tokay 138 kV L
18699,L:21794:21808:100,2016-07-24 16:00:00,2016-08-08 16:00:00,planned,Sicamous - Harper 100 kV Line
14232,L:18528:18540:138,2016-07-24 16:00:00,2016-08-13 16:00:00,planned,Cherry Creek Substation - Devils Lake 138 kV #1
5799,L:7629:8276:138,2016-07-18 16:00:00,2016-08-04 16:00:00,planned,Highland Wind Project Pa - Victoria Tc 7001-7007-7008 Substation 138 kV
8558,L:8914:8950:138,2016-07-20 16:00:00,2016-08-04 16:00:00,planned,Buena Vista - Wildercroft 138 kV Circuit 3
13826,L:18248:18271:138,2016-07-20 16:00:00,2016-07-25 16:00:00,planned,Robble Ave - Tackett Creek 138 kV Circuit 1
19690,L:22926:23492:100,2016-07-16 16:00:00,2016-07-29 16:00:00,planned,Los Esteros Substation - Nw Term 100 kV
6569,L:8031:8032:138,2016-07-20 16:00:00,2016-07-24 16:00:00,planned,Sarival - Big Stone 138 kV Cir. 1
331,L:5141:5351:138,2016-07-22 16:00:00,2016-08-07 16:00:00,planned,Maunabo 4301 - Olmos 138 kV
11025,L:10070:10291:345,2016-07-22 16:00:00,2016-07-25 16:00:00,planned,Corners - Idalia 345 kV Circuit 1
20228,L:23127:23166:100,2016-07-25 16:00:00,2016-08-05 16:00:00,planned,La Vea - Goodhue Solar 100 kV Cir. 1
1231,L:5561:5617:138,2016-07-20 16:00:00,2016-07-29 16:00:00,planned,Segs 7 - Halfmoon Bay 138 kV
9105,L:9142:18123:138,2016-07-23 16:00:00,2016-07-30 16:00:00,planned,Diana Hydroelectric - Hoot Lake 138 kV Line 1
15997,L:19337:19454:100,2016-07-16 16:00:00,2016-07-25 16:00:00,planned,Martin Luther King - Big Grassy 100 kV
20825,L:23407:23414:100,2016-08-04 16:00:00,2016-08-18 16:00:00,planned,Wilton - Peabody Substation 100 kV Ckt 1
19709,L:22932:22953:100,2016-08-12 16:00:00,2016-08-22 16:00:00,planned,Falu 1334 - Peachton 100 kV #1
393,L:5172:5188:138,2016-08-03 16:00:00,2016-08-04 16:00:00,planned,Waldwick - Rhode Island State Energy Center 138 kV Line 1
8019,L:8665:8679:138,2016-08-04 16:00:00,2016-08-11 16:00:00,planned,Huntington Beach - Rossville 138 kV
20644,L:23302:23495:500,2016-08-11 16:00:00,2016-08-21 16:00:00,planned,S Hall - Rocky Rd Power Llc 500 kV
20148,L:23095:23181:100,2016-08-07 16:00:00,2016-08-16 16:00:00,planned,San Andres - Eastshore 100 kV
9768,L:9488:9676:138,2016-08-04 16:00:00,2016-08-16 16:00:00,planned,Batesville - Kerr Dam 138 kV
16063,L:19371:19375:100,2016-08-06 16:00:00,2016-08-15 16:00:00,planned,Derbigny - Firehole 100 kV
4048,L:6845:6851:138,2016-08-06 16:00:00,2016-08-23 16:00:00,planned,Baird - W Jax 138 kV
15820,L:19241:19244:100,2016-08-10 16:00:00,2016-08-11 16:00:00,planned,Airport Lane - Ash St Station 223 100 kV Ckt 1
9830,L:9527:9528:138,2016-08-09 16:00:00,2016-08-19 16:00:00,planned,W Loop - Buckley Substation 138 kV Circuit 1
8108,L:8696:8702:138,2016-08-08 16:00:00,2016-08-11 16:00:00,planned,Grinding - Pepco 117 138 kV Ckt 2
5074,L:7236:7551:138,2016-08-06 16:00:00,2016-08-19 16:00:00,planned,Sand Dunes - Unc 138 kV
5410,L:7431:7444:138,2016-08-03 16:00:00,2016-08-18 16:00:00,planned,Cumberland - Georgetown 138 kV Line 1
1427,L:5655:5656:138,2016-08-07 16:00:00,2016-08-27 16:00:00,planned,Woodcreek - Monmouth Landfill Gas To Energy Substation 138 kV #1
266,L:4818:7014:138,2016-08-08 16:00:00,2016-08-14 16:00:00,planned,S Windsor Substation - N Alvin 138 kV Circuit 1
20305,L:23145:23445:230,2016-08-11 16:00:00,2016-08-16 16:00:00,planned,Capri - Manson Substation 230 kV Ckt 2
15031,L:18886:19243:230,2016-08-10 16:00:00,2016-08-30 16:00:00,planned,North Belt - Paia Hydroelectric Plant 230 kV Ckt 1
8570,L:8919:8951:138,2016-08-06 16:00:00,2016-08-23 16:00:00,planned,Prairie Wind Farm - Levitt Substation 138 kV #1
20811,L:23399:23403:100,2016-08-11 16:00:00,2016-08-31 16:00:00,planned,Brodie Lane - Rapids Energy Center 100 kV Line 2
10846,L:9962:9963:138,2016-08-08 16:00:00,2016-08-18 16:00:00,planned,Ennis - Potrero 138 kV Circuit 1
16223,L:19470:19472:100,2016-08-08 16:00:00,2016-08-23 16:00:00,planned,Vasco - Cajalco 100 kV Ckt 1
7701,L:8494:8575:138,2016-08-11 16:00:00,2016-08-29 16:00:00,planned,Shafter - Riverside 3 138 kV
15148,L:18933:19914:100,2016-08-09 16:00:00,2016-08-22 16:00:00,planned,Fitchburg - Martinsville E 100 kV Circuit 1
15331,L:19019:19021:100,2016-08-11 16:00:00,2016-08-15 16:00:00,planned,Dodd Rd Substation - Post 100 kV
2987,L:6268:6279:138,2016-08-08 16:00:00,2016-08-22 16:00:00,planned,La Quinta - Pine Bluff W 138 kV Line 1
20813,L:23400:23406:100,2016-08-10 16:00:00,2016-08-30 16:00:00,planned,Joliet - Basalt 100 kV #1
18909,L:22097:22395:100,2016-08-09 16:00:00,2016-08-25 16:00:00,planned,Vail Substation - Makahoy 100 kV Cir. 1
15832,L:19254:19263:100,2016-08-06 16:00:00,2016-08-16 16:00:00,planned,Boswell Dairy Ave - Plant X 100 kV Ckt 1
13624,L:18139:18162:138,2016-08-11 16:00:00,2016-08-22 16:00:00,planned,Falling Spring Substation - Roeding 138 kV Circuit 1
6565,L:8026:8028:138,2016-08-09 16:00:00,2016-08-14 16:00:00,planned,Alley Park - Los Coches 138 kV Line
14293,L:18568:18569:138,2016-08-09 16:00:00,2016-08-19 16:00:00,planned,M.L. Hibbard S.E. Sta - Gaham 138 kV Circuit 1
4107,L:6887:6933:138,2016-08-06 16:00:00,2016-08-13 16:00:00,planned,Wheatland Sta - Freewater 138 kV Line 1
19292,L:22823:22824:100,2016-08-09 16:00:00,2016-08-22 16:00:00,planned,Rok Rapids - Acec Spring Lake 100 kV Circuit 1
8762,L:9029:9030:138,2016-08-12 16:00:00,2016-08-24 16:00:00,planned,Dam No. 4 Hydro Sta - Firstenergy R Paul Smith Power Sta 138 kV Circuit 1
8150,L:8710:8966:138,2016-08-12 16:00:00,2016-08-29 16:00:00,planned,Kingswood - De Zavala Rd 138 kV #1
11968,L:16416:16831:138,2016-08-09 16:00:00,2016-08-15 16:00:00,planned,Battlefield - Arrowhead Lake Substation 138 kV
4126,L:6902:6942:138,2016-08-10 16:00:00,2016-08-15 16:00:00,planned,Saragosa - Passyunk 138 kV Circuit 1
15007,L:18875:18887:100,2016-08-07 16:00:00,2016-08-24 16:00:00,planned,Pierce - Beckjord 100 kV Ckt 1
15868,L:19274:19579:230,2016-08-03 16:00:00,2016-08-10 16:00:00,planned,Tidd - Steensen Ss 109 230 kV L
9910,L:9582:9630:138,2016-08-06 16:00:00,2016-08-21 16:00:00,planned,Rec Clinton - Merret 138 kV #1
3442,L:6488:7006:138,2016-08-12 16:00:00,2016-08-31 16:00:00,planned,Kokomo Highland Park - Devine 138 kV Ckt 1
15009,L:18876:18902:100,2016-08-12 16:00:00,2016-08-29 16:00:00,planned,Loveridge Rd Substation - Ammonia 100 kV Circuit 1
13391,L:18003:18004:138,2016-08-05 16:00:00,2016-08-17 16:00:00,planned,East Proctorville - S Jefferson 138 kV line
18669,L:21776:21783:100,2016-08-04 16:00:00,2016-08-21 16:00:00,planned,Flora Site B - Brasada 100 kV
9893,L:9569:16817:138,2016-08-12 16:00:00,2016-08-19 16:00:00,planned,Bayport - Mccullough 138 kV
7915,L:8612:8849:345,2016-08-11 16:00:00,2016-08-22 16:00:00,planned,Vineyard Tap - Tap 345 kV Cir. 1
9612,L:9392:9579:138,2016-08-11 16:00:00,2016-08-29 16:00:00,planned,Woodland Tap - Henry Sta 138 kV
16688,L:19597:19908:100,2016-08-09 16:00:00,2016-08-14 16:00:00,planned,Aldrich - Rec Harmony 100 kV Cir. 1
495,L:5224:5248:138,2016-08-11 16:00:00,2016-08-17 16:00:00,planned,Seven Mile - Stelling 138 kV Circuit 1
9812,L:9514:9515:138,2016-08-05 16:00:00,2016-08-22 16:00:00,planned,Shepaug - E Sidney 138 kV #1
5633,L:7537:7543:138,2016-08-06 16:00:00,2016-08-08 16:00:00,planned,Dysart - Lynnwood 138 kV Cir. 1
7271,L:8301:8315:138,2016-08-08 16:00:00,2016-08-09 16:00:00,planned,Holcombe - Escuela Urbana Substation 138 kV Line 1
3592,L:6560:7079:138,2016-08-10 16:00:00,2016-08-23 16:00:00,planned,Kimball - Purdue Northwest 138 kV Ckt 1
19639,L:22908:23050:100,2016-08-03 16:00:00,2016-08-08 16:00:00,planned,George Neal S - Old Mead Rd 100 kV #1
1243,L:5568:5827:138,2016-08-04 16:00:00,2016-08-05 16:00:00,planned,Chesterville - La Jara 138 kV
16730,L:19617:19893:500,2016-08-03 16:00:00,2016-08-10 16:00:00,planned,Garnet - Tecumseh Substation 500 kV Circuit 1
18419,L:21273:21279:100,2016-08-08 16:00:00,2016-08-25 16:00:00,planned,Sioux Substation - Weslaco 100 kV Ckt 1
10544,L:9830:9837:138,2016-08-06 16:00:00,2016-08-19 16:00:00,planned,Fort White - Sechelt 138 kV Line 1
379,L:5166:5187:138,2016-08-07 16:00:00,2016-08-23 16:00:00,planned,Far Rockaway - Peachland 138 kV Circuit 1
10527,L:9820:10262:138,2016-08-05 16:00:00,2016-08-09 16:00:00,planned,Sanger Power And Feed - Electric Avenue Facility 138 kV line
10601,L:9858:9895:138,2016-08-31 17:00:00,2016-09-01 17:00:00,planned,Green Springs - Ballston Substation 138 kV Line 1
7413,L:8378:9047:138,2016-09-02 17:00:00,2016-09-22 17:00:00,planned,Lower Village Water Power Project - Manistique 138 kV #1
15626,L:19154:19572:230,2016-09-04 17:00:00,2016-09-07 17:00:00,planned,Sierra Pacific Industries Bfp - Jersey Holdings 230 kV
4982,L:7200:7236:138,2016-08-31 17:00:00,2016-09-09 17:00:00,planned,Unc - Ager 138 kV Cir. 1
16242,L:19480:19481:100,2016-08-30 17:00:00,2016-09-03 17:00:00,planned,Kirkwood - Como Lake 100 kV
19521,L:22874:22891:100,2016-09-06 17:00:00,2016-09-07 17:00:00,planned,Indian Lake - Trienda 100 kV #1
17237,L:19841:19843:100,2016-09-06 17:00:00,2016-09-24 17:00:00,planned,Fischer - Shinrock 100 kV Circuit 1
678,L:5302:6900:138,2016-09-04 17:00:00,2016-09-12 17:00:00,planned,Wheeler Mt - Milagro Cogeneration 138 kV Ckt 1
12510,L:17218:17614:138,2016-08-30 17:00:00,2016-09-07 17:00:00,planned,Soky Hills - Compejo De Aguirre 230 138 kV Line 1
10312,L:9730:10281:138,2016-09-08 17:00:00,2016-09-18 17:00:00,planned,Jesse L Terry - Ladysmith 138 kV Cir. 1
5621,L:7532:8288:345,2016-08-31 17:00:00,2016-09-02 17:00:00,planned,N Allegheny Windpower Project - Dpc New Lisbon 345 kV Circuit 1
3341,L:6442:6465:138,2016-09-06 17:00:00,2016-09-07 17:00:00,planned,Paxson Dirve - Loraine County Project 138 kV
14380,L:18642:18703:138,2016-09-01 17:00:00,2016-09-20 17:00:00,planned,Rindal - Dean Forest 138 kV #1
15978,L:19327:19328:100,2016-08-30 17:00:00,2016-09-16 17:00:00,planned,Pantano - Capitan 100 kV Line 1
2855,L:6212:6220:138,2016-08-30 17:00:00,2016-09-05 17:00:00,planned,Caverns Road - Dunn Siding 138 kV #1
9416,L:9300:9673:138,2016-09-06 17:00:00,2016-09-17 17:00:00,planned,Circuit 40 - Fries 138 kV Circuit 1
4196,L:6947:6950:138,2016-09-03 17:00:00,2016-09-18 17:00:00,planned,Annacis Island - Majestic 138 kV Ckt 1
20454,L:23218:23252:100,2016-09-02 17:00:00,2016-09-15 17:00:00,planned,Givens Pioneer Coop - Sawyer Ave 100 kV Line 1
7251,L:8293:8393:138,2016-09-05 17:00:00,2016-09-09 17:00:00,planned,Asphalt Mines - Van Sant Sta 138 kV Ckt 1
5698,L:7564:7565:138,2016-09-07 17:00:00,2016-09-08 17:00:00,planned,Cranberry - Reynolds 138 kV Circuit 1
9936,L:9593:9594:138,2016-09-04 17:00:00,2016-09-12 17:00:00,planned,Broadford - Red Lion 138 kV Circuit 1
19964,L:23015:23495:230,2016-09-03 17:00:00,2016-09-09 17:00:00,planned,Scot - Rocky Rd Power Llc 230 kV Cir. 1
6939,L:8240:8241:138,2016-09-04 17:00:00,2016-09-05 17:00:00,planned,Kleen - General Dynamics 138 kV #1
9762,L:9483:9643:138,2016-09-04 17:00:00,2016-09-10 17:00:00,planned,Prat'S - Louisa Generation Facility 138 kV Circuit 1
15486,L:19080:19101:100,2016-08-30 17:00:00,2016-09-16 17:00:00,planned,Hammer - Sydney Road 100 kV
3204,L:6370:6832:138,2016-09-03 17:00:00,2016-09-08 17:00:00,planned,Brookings County Substation - George Johnson 138 kV Cir. 1
12969,L:17735:17736:138,2016-09-03 17:00:00,2016-09-17 17:00:00,planned,Paul Sweet - Allings Crossing 138 kV Line 1
14965,L:18855:19354:100,2016-08-30 17:00:00,2016-09-04 17:00:00,planned,La Joie - Shaleton 100 kV Circuit 1
8241,L:8747:8863:138,2016-09-06 17:00:00,2016-09-25 17:00:00,planned,Badger Crek - Borrego 138 kV #1
8514,L:8891:8942:138,2016-08-30 17:00:00,2016-09-17 17:00:00,planned,Kensington - Linden 138 kV Ckt 2
930,L:5421:5422:138,2016-09-07 17:00:00,2016-09-10 17:00:00,planned,Apple Data Ctr Pv - Calpine Corp 138 kV
18311,L:20995:22032:230,2016-08-31 17:00:00,2016-09-05 17:00:00,planned,Oak Knoll Substation - University 230 kV line
7612,L:8462:8480:138,2016-09-08 17:00:00,2016-09-27 17:00:00,planned,South Manchester - Dinosaur 138 kV
18289,L:20994:22597:100,2016-09-01 17:00:00,2016-09-07 17:00:00,planned,Wauna - Deltona 100 kV Ckt 2
20567,L:23274:23304:100,2016-09-08 17:00:00,2016-09-09 17:00:00,planned,Seaton - Tate & Lyle Decatur Plant Cogen 100 kV
13545,L:18087:18091:138,2016-08-30 17:00:00,2016-08-31 17:00:00,planned,Wesmer - New Crk Wind 138 kV Circuit 1
3756,L:6660:6680:138,2016-09-06 17:00:00,2016-09-07 17:00:00,planned,Sithe Independence Station - Pauline 138 kV Circuit 1
8447,L:8848:8875:138,2016-09-01 17:00:00,2016-09-20 17:00:00,planned,Prtal - Cal Poly 138 kV Line 1
401,L:5175:5195:138,2016-08-31 17:00:00,2016-09-17 17:00:00,planned,Meadow Lane Tap - Garfield 138 kV Line 1
20494,L:23240:23356:100,2016-08-31 17:00:00,2016-09-17 17:00:00,planned,Sellwood - Hideaway 100 kV Line
19198,L:22781:23109:100,2016-08-31 17:00:00,2016-09-19 17:00:00,planned,Viking Energy Of Mcbain - Abilene S Substation 100 kV line
9755,L:9480:9481:138,2016-09-07 17:00:00,2016-09-19 17:00:00,planned,Page - Eisenhower 138 kV Cir. 1
12830,L:17594:17597:138,2016-09-02 17:00:00,2016-09-15 17:00:00,planned,Harbert - Topmost 138 kV Circuit 1
19333,L:22832:23063:100,2016-08-31 17:00:00,2016-09-04 17:00:00,planned,Trinity Dam - Nelson Rd 100 kV
6009,L:7738:7771:138,2016-09-01 17:00:00,2016-09-14 17:00:00,planned,Karn - Bandini 138 kV line
13957,L:18336:18352:138,2016-08-31 17:00:00,2016-09-14 17:00:00,planned,Fiberglas - Godfrey 138 kV Circuit 1
5038,L:7223:7312:138,2016-09-07 17:00:00,2016-09-23 17:00:00,planned,N - Sugar Island 138 kV #1
17151,L:19803:19819:100,2016-09-04 17:00:00,2016-09-20 17:00:00,planned,South Rapid City - Coos Bay 100 kV Cir. 1
5905,L:7685:7693:138,2016-08-30 17:00:00,2016-09-03 17:00:00,planned,Jim Ready - Gran Grae 138 kV Circuit 1
12771,L:17569:17572:138,2016-09-03 17:00:00,2016-09-06 17:00:00,planned,Devils Den - Lark Ellen 138 kV Circuit 1
16396,L:19540:19541:230,2016-09-08 17:00:00,2016-09-24 17:00:00,planned,Killen - Naranjo 5804 230 kV
6400,L:7931:7933:138,2016-09-03 17:00:00,2016-09-21 17:00:00,planned,La Conner - Gum St 138 kV Circuit 1
20581,L:23280:23287:100,2016-09-08 17:00:00,2016-09-19 17:00:00,planned,Tulsa Southeast - Middleon 100 kV
15019,L:18881:18882:100,2016-09-07 17:00:00,2016-09-18 17:00:00,planned,Dead Riv - Fourth Branch Hydroelectric Facility 100 kV
10910,L:9997:10172:138,2016-09-04 17:00:00,2016-09-20 17:00:00,planned,Nameless - Luke St 138 kV
12025,L:16815:16835:138,2016-09-04 17:00:00,2016-09-21 17:00:00,planned,Mooney Substation - Boone Dam 138 kV
18268,L:20985:20987:100,2016-08-31 17:00:00,2016-09-10 17:00:00,planned,Hagar - Port Of Stockton 100 kV Circuit 1
6096,L:7775:8093:500,2016-09-07 17:00:00,2016-09-15 17:00:00,planned,Milford - Trezevant 500 kV Cir. 1
818,L:5371:5704:138,2016-09-06 17:00:00,2016-09-25 17:00:00,planned,Roy - Whippany 138 kV Cir. 1
7868,L:8581:8583:138,2016-08-30 17:00:00,2016-09-15 17:00:00,planned,Sharon Spring - Yankee Doodle 138 kV Line 1
13840,L:18264:18525:138,2016-09-06 17:00:00,2016-09-12 17:00:00,planned,Keifer-Jckson Substation - Peters Mtn 138 kV #1
20485,L:23236:23249:100,2016-09-06 17:00:00,2016-09-24 17:00:00,planned,Bicknell - Mtn Ctr 100 kV Cir. 1
3668,L:6606:6626:138,2016-09-06 17:00:00,2016-09-10 17:00:00,planned,Luling - Pt Street 138 kV Circuit 1
605,L:5267:5892:138,2016-09-04 17:00:00,2016-09-19 17:00:00,planned,Uleta - Mt Pleasat 138 kV #1
18977,L:22306:22308:100,2016-08-30 17:00:00,2016-09-01 17:00:00,planned,Moesto Energy - Lagrange Substation 100 kV #1
12260,L:17015:17444:138,2016-08-31 17:00:00,2016-09-07 17:00:00,planned,Preacher Canyon - Unimed 138 kV
20717,L:23337:23362:100,2016-10-18 17:00:00,2016-11-02 17:00:00,planned,Imc 3 Substation - Livonia Avenue 100 kV Circuit 1
20340,L:23163:23177:100,2016-10-14 17:00:00,2016-10-29 17:00:00,planned,Subestacion Escuela Ii - Big Lake Phillips Pump 100 kV Cir. 1
12285,L:17031:18616:138,2016-10-13 17:00:00,2016-10-14 17:00:00,planned,Oxnard - Washington Parish Energy Ctr 138 kV
2707,L:6134:6201:138,2016-10-17 17:00:00,2016-10-30 17:00:00,planned,Neshaminy - Driftwood 138 kV Line 1
20249,L:23132:23245:100,2016-10-15 17:00:00,2016-10-16 17:00:00,planned,Drum - Van Buren St 100 kV Circuit 2
1051,L:5492:5516:138,2016-10-18 17:00:00,2016-10-28 17:00:00,planned,Keene - Engle-Eastern 138 kV Circuit 1
17664,L:20039:20044:100,2016-10-13 17:00:00,2016-10-24 17:00:00,planned,Clairemont Substation - Zedaker 100 kV Cir. 1
1596,L:5741:5896:138,2016-10-15 17:00:00,2016-10-29 17:00:00,planned,Naea Ocean Peaking Power Llc - Tilcon 138 kV #1
11606,L:10354:10356:138,2016-10-17 17:00:00,2016-10-23 17:00:00,planned,Greens Rd - Tilton 138 kV L
13273,L:17949:17953:138,2016-10-12 17:00:00,2016-10-29 17:00:00,planned,Dun Glenn Substation - Branch Brook 138 kV L
17706,L:20061:20240:100,2016-10-17 17:00:00,2016-10-29 17:00:00,planned,Keystone Hts Electrical - Halls 100 kV Line 1
951,L:5430:5452:138,2016-10-13 17:00:00,2016-10-14 17:00:00,planned,Palmer Tc Substation - Yacht Club D.S 138 kV Circuit 1
19350,L:22837:23096:100,2016-10-14 17:00:00,2016-10-19 17:00:00,planned,North Vernon - Spills 100 kV
10448,L:9779:9782:138,2016-10-19 17:00:00,2016-11-03 17:00:00,planned,Lakemont - Harvell 138 kV
21173,L:23495:23520:230,2016-10-13 17:00:00,2016-10-23 17:00:00,planned,Rocky Road Power Llc - Big Meadows Substation 230 kV Circuit 1
10325,L:9734:10070:345,2016-10-11 17:00:00,2016-10-26 17:00:00,planned,Corners - Fredericksburg Substation 345 kV Cir. 1
9563,L:9373:9386:138,2016-10-17 17:00:00,2016-10-23 17:00:00,planned,Oak Level - International Paper Livermore Hydro 138 kV Ckt 1
17028,L:19749:19771:100,2016-10-17 17:00:00,2016-10-24 17:00:00,planned,Cleveland Thermal - Baldwin 100 kV Cir. 1
17546,L:19983:19984:100,2016-10-11 17:00:00,2016-10-29 17:00:00,planned,West Lima - Remsburg 100 kV
11024,L:10070:10307:138,2016-10-10 17:00:00,2016-10-17 17:00:00,planned,Cwec Dewey - Corners 138 kV
18813,L:22013:22021:100,2016-10-11 17:00:00,2016-10-24 17:00:00,planned,Grimley Road - Rossmoor Tap 2 100 kV Ckt 2
20923,L:23445:23530:230,2016-10-15 17:00:00,2016-10-25 17:00:00,planned,Manson - Elwood 230 kV
21365,L:23876:23881:100,2016-10-14 17:00:00,2016-10-26 17:00:00,planned,Fort Atkinson - Rexburg Substation 100 kV
12626,L:17345:17365:138,2016-10-12 17:00:00,2016-10-28 17:00:00,planned,Wilder - Socrates 19 138 kV #1
20041,L:23043:23499:100,2016-10-18 17:00:00,2016-10-31 17:00:00,planned,Georgia Pcific Paper - Wilson 1&2 100 kV Circuit 1
6709,L:8092:20018:138,2016-10-14 17:00:00,2016-11-02 17:00:00,planned,Galaxy - Brookfield 138 kV #1
13272,L:17949:17950:138,2016-10-19 17:00:00,2016-10-27 17:00:00,planned,Vermont Yankee Substation - Dun Glenn 138 kV #1
15289,L:19000:19001:100,2016-10-12 17:00:00,2016-10-20 17:00:00,planned,Ellison - Exceksuir 100 kV Cir. 1
6027,L:7744:7754:138,2016-10-16 17:00:00,2016-10-27 17:00:00,planned,The Mosaic Company Plant City Facility - Twenty Nine Palms 138 kV Cir. 1
15489,L:19080:19577:100,2016-10-15 17:00:00,2016-10-24 17:00:00,planned,Hammer - Ozark Beach 100 kV Line 1
15920,L:19298:19703:100,2016-10-14 17:00:00,2016-11-02 17:00:00,planned,Holt Switch - Eighteenth Street Substation 100 kV Circuit 1
9553,L:9369:9385:138,2016-10-13 17:00:00,2016-10-25 17:00:00,planned,Mcminnville Substation - W Bassett 138 kV Line 1
17204,L:19825:19830:100,2016-10-17 17:00:00,2016-10-20 17:00:00,planned,Craven County Wood Energy Lp - Pgg - Prince G 100 kV #1
15354,L:19030:19094:230,2016-10-12 17:00:00,2016-10-20 17:00:00,planned,Goethe-Mayhew - Lucent 230 kV L
6625,L:8056:8287:345,2016-10-13 17:00:00,2016-10-28 17:00:00,planned,Gurley - South San Antonio 345 kV Cir. 1
5051,L:7229:8182:138,2016-10-15 17:00:00,2016-10-17 17:00:00,planned,Port Edwards - Power Inn-Elsie 138 kV
15878,L:19280:19489:100,2016-10-13 17:00:00,2016-10-14 17:00:00,planned,Cal Cement - Gwf Tracy 100 kV #1
15218,L:18967:19000:100,2016-10-14 17:00:00,2016-10-18 17:00:00,planned,Ellison - Georgia-Pacific Brewton Mill 100 kV Ckt 1
3147,L:6341:7109:138,2016-10-16 17:00:00,2016-11-04 17:00:00,planned,Yermo - Susquehanna 138 kV Ckt 1
20514,L:23255:23508:100,2016-10-17 17:00:00,2016-10-19 17:00:00,planned,Kendall County Generation Facility - Dresden Generating Station Substation 100 kV Circuit 1
8132,L:8705:9880:138,2016-11-13 19:00:00,2016-11-24 19:00:00,planned,Cia - Air Force Base 138 kV line
6196,L:7823:7847:345,2016-11-18 19:00:00,2016-12-05 19:00:00,planned,Rush Citycaps - Lower Ollala 345 kV
1023,L:5480:5947:345,2016-11-18 19:00:00,2016-11-22 19:00:00,planned,Glenclif Substation - Terry 345 kV #1
805,L:5367:5902:138,2016-11-21 19:00:00,2016-12-06 19:00:00,planned,Paper - Talentino Sw Sta 138 kV Cir. 1
3507,L:6522:6561:138,2016-11-17 19:00:00,2016-12-01 19:00:00,planned,Centralf - Donegal 138 kV #1
15195,L:18953:22247:100,2016-11-16 19:00:00,2016-11-27 19:00:00,planned,Silver Hawk Substation - Arco 100 kV
14736,L:18765:18781:100,2016-11-13 19:00:00,2016-11-20 19:00:00,planned,Villa Terrace Wrec - Southwest Hartford 100 kV Ckt 1
2906,L:6230:6231:138,2016-11-16 19:00:00,2016-11-29 19:00:00,planned,Big Crk 4 - Switch 138 kV
881,L:5397:5907:138,2016-11-13 19:00:00,2016-11-22 19:00:00,planned,Mandalay - Portland 138 kV
20585,L:23281:23282:100,2016-11-12 19:00:00,2016-11-26 19:00:00,planned,Defiance Substation - Central Campus Unm 100 kV Circuit 2
2228,L:5963:6179:345,2016-11-20 19:00:00,2016-11-23 19:00:00,planned,Mercer - Poston 345 kV L
19895,L:22990:23441:100,2016-11-19 19:00:00,2016-12-05 19:00:00,planned,Carmel Rohrer - Lakeside 2 100 kV Line 1
18829,L:22017:22030:100,2016-11-15 19:00:00,2016-12-02 19:00:00,planned,Lusher - Lake Crystal 100 kV
16107,L:19394:19585:100,2016-11-13 19:00:00,2016-11-16 19:00:00,planned,30Th Street - Tunica 100 kV
15068,L:18900:19220:100,2016-11-14 19:00:00,2016-12-01 19:00:00,planned,Cumberland Wi - Texsul 100 kV Ckt 1
601,L:5266:5915:138,2016-11-13 19:00:00,2016-11-24 19:00:00,planned,South Columbia - Yardville 138 kV
15072,L:18903:19262:100,2016-11-21 19:00:00,2016-11-28 19:00:00,planned,Everglades City - Buda 100 kV Circuit 1
14038,L:18380:18383:138,2016-11-12 19:00:00,2016-11-19 19:00:00,planned,Sanger - Freehold 138 kV Line 1
11200,L:10170:10278:138,2016-11-21 19:00:00,2016-12-11 19:00:00,planned,Dunnsville - Northern Neck 138 kV #1
18792,L:21992:22210:100,2016-11-13 19:00:00,2016-11-20 19:00:00,planned,Aep Edford - 90Th S 100 kV
13535,L:18078:18079:138,2016-11-15 19:00:00,2016-12-01 19:00:00,planned,Lawrenceville S - Veterans Blvd 138 kV Ckt 1
20577,L:23278:23300:100,2016-11-21 19:00:00,2016-11-27 19:00:00,planned,Libertyville Substation - Delgen 100 kV Ckt 1
3795,L:6689:7130:138,2016-11-13 19:00:00,2016-11-26 19:00:00,planned,Tropico - Talenenergy Martins Creek Llc Williamsport 138 kV Line 1
13511,L:18064:18101:138,2016-11-18 19:00:00,2016-11-26 19:00:00,planned,Virgil Fodness Substation - Hartsel 138 kV line
288,L:5123:5149:138,2016-11-20 19:00:00,2016-12-03 19:00:00,planned,Navy Mole - Falls City 138 kV Ckt 1
16943,L:19726:19806:100,2016-11-18 19:00:00,2016-11-29 19:00:00,planned,Jarrell E - Cypress-Manzanita 100 kV Line 1
9118,L:9148:9149:138,2016-11-18 19:00:00,2016-12-06 19:00:00,planned,Timberwolf - Ingledow 138 kV Line 1
1251,L:5573:5576:138,2016-12-08 19:00:00,2016-12-28 19:00:00,planned,Nola - Middlesex 138 kV Cir. 1
10245,L:9690:9694:138,2016-12-07 19:00:00,2016-12-20 19:00:00,planned,Morony Dam - Annandale 138 kV
20694,L:23326:24062:100,2016-12-13 19:00:00,2016-12-14 19:00:00,planned,Tuco - Bonners Ferry 100 kV #1
15228,L:18973:18976:100,2016-12-14 19:00:00,2016-12-15 19:00:00,planned,Haydn - Big Vly Lumber Co 100 kV Ckt 1
15095,L:18913:18918:100,2016-12-11 19:00:00,2016-12-16 19:00:00,planned,C.H. Dexter - Mcgregor Alte 100 kV
14651,L:18730:18732:100,2016-12-09 19:00:00,2016-12-18 19:00:00,planned,N Haven - Plains 100 kV Line 1
9893,L:9569:16817:138,2016-12-13 19:00:00,2016-12-20 19:00:00,planned,Mccullough - Bayport 138 kV
4649,L:7126:7172:345,2016-12-15 19:00:00,2016-12-26 19:00:00,planned,Limerick 2 - Moser Generating Sta 345 kV Circuit 1
2893,L:6225:6227:138,2016-12-09 19:00:00,2016-12-10 19:00:00,planned,Mill Seat Renewable Energy Facility - Oxford 138 kV L
17695,L:20051:20086:100,2016-12-13 19:00:00,2016-12-27 19:00:00,planned,B&W Susbtation - Portage Lakes 100 kV
13976,L:18343:18345:138,2016-12-12 19:00:00,2016-12-18 19:00:00,planned,Leon - N Monroe 138 kV #1
2855,L:6212:6220:138,2016-12-07 19:00:00,2016-12-15 19:00:00,planned,Dunn Siding Substation - Caverns Road 138 kV
15827,L:19246:19247:100,2016-12-06 19:00:00,2016-12-09 19:00:00,planned,Lobo - Ehrlich Road Substation 100 kV Circuit 1
2914,L:6234:6700:138,2016-12-07 19:00:00,2016-12-27 19:00:00,planned,Barberton Substation - Marcus Hook Refinery Cogen 138 kV Line
15202,L:18960:22246:100,2016-12-07 19:00:00,2016-12-24 19:00:00,planned,S Bremerton - Oconto Falls Upper 100 kV Circuit 1
15506,L:19091:19134:230,2016-12-10 19:00:00,2016-12-14 19:00:00,planned,Keyes-Fibre Co Substation - Fishhawk 230 kV Ckt 1
17081,L:19776:19823:100,2016-12-10 19:00:00,2016-12-15 19:00:00,planned,Conroe Bulk - Winter Park E 100 kV Line 1
10240,L:9687:9844:138,2016-12-11 19:00:00,2016-12-20 19:00:00,planned,Hayfield - Van Dom 138 kV
16058,L:19368:20065:100,2016-12-13 19:00:00,2016-12-26 19:00:00,planned,Stphenson - Dickson 100 kV Line 1
16396,L:19540:19541:230,2016-12-09 19:00:00,2016-12-17 19:00:00,planned,Killen - Nranjo 5804 230 kV Circuit 1
19098,L:22673:22742:100,2016-12-12 19:00:00,2016-12-17 19:00:00,planned,Gruver - Wabash 100 kV Ckt 2
14792,L:18794:18805:100,2016-12-15 19:00:00,2016-12-25 19:00:00,planned,Hamilton Hydro - Medicine Lake 100 kV
15452,L:19064:19118:100,2016-12-14 19:00:00,2017-01-02 19:00:00,planned,Greg Stbella Vista - E Hills Substation 100 kV
19733,L:22943:22957:100,2016-12-15 19:00:00,2016-12-19 19:00:00,planned,Winthrop - Morganton Sta 5 100 kV line
2967,L:6258:6300:138,2016-12-11 19:00:00,2016-12-24 19:00:00,planned,Lake June Pump - W Brookfield 138 kV #1
386,L:5168:5185:138,2016-12-15 19:00:00,2016-12-29 19:00:00,planned,Claus - New Milford 138 kV Cir. 1
19692,L:22927:22941:100,2016-12-11 19:00:00,2016-12-15 19:00:00,planned,Southeast Chicago Energy Project - Olida 100 kV Cir. 2
9277,L:9229:9230:138,2016-12-10 19:00:00,2016-12-14 19:00:00,planned,Nelson Dewey Sw Yd - Santa Maria Cogen 138 kV Ckt 1
1088,L:5506:5566:138,2016-12-12 19:00:00,2017-01-01 19:00:00,planned,Lake - Milhurst Solar Substation 138 kV Cir. 1
8742,L:9015:9019:138,2016-12-06 19:00:00,2016-12-15 19:00:00,planned,Jollyville - Senate Wind 138 kV
20839,L:23412:23413:100,2016-12-12 19:00:00,2016-12-22 19:00:00,planned,Fall Crk - Big Timber Auto 100 kV Circuit 1
944,L:5428:6918:138,2016-12-08 19:00:00,2016-12-09 19:00:00,planned,Deptford - Zumbro Falls 138 kV Line
2932,L:6240:6300:345,2016-12-07 19:00:00,2016-12-17 19:00:00,planned,Gabriel - Lake June Pump 345 kV #1
15718,L:19199:19204:100,2016-12-10 19:00:00,2016-12-21 19:00:00,planned,California Ave - Walnut City Substation 100 kV
16143,L:19411:19423:100,2016-12-15 19:00:00,2016-12-24 19:00:00,planned,Midlothian S - Victorville 100 kV
8028,L:8666:8673:138,2016-12-11 19:00:00,2016-12-29 19:00:00,planned,Westlake - Bunker Tap 138 kV Cir. 1
20375,L:23171:23221:100,2016-12-10 19:00:00,2016-12-29 19:00:00,planned,Endako Cust - Gates 100 kV #2
15706,L:19194:19534:100,2016-12-13 19:00:00,2016-12-18 19:00:00,planned,Natomas Crossing - Fritch 100 kV Line 1
20752,L:23355:23507:100,2016-12-13 19:00:00,2016-12-20 19:00:00,planned,Wilton 2 - Pioneer Prairie Phase I 100 kV Cir. 1
3524,L:6531:6533:345,2016-12-10 19:00:00,2016-12-17 19:00:00,planned,Trentwood - Eagle 345 kV Line
17753,L:20086:20303:230,2016-12-09 19:00:00,2016-12-20 19:00:00,planned,Portage Lakes - Chartley Pond 230 kV Ckt 1
15325,L:19018:19283:100,2016-12-09 19:00:00,2016-12-19 19:00:00,planned,Steel Sun - Benton Harbor 100 kV Line 1
20354,L:23169:23401:100,2016-12-15 19:00:00,2016-12-27 19:00:00,planned,Lockport - Lockport Powerhouse 100 kV Ckt 1
5714,L:7572:7574:138,2016-12-15 19:00:00,2016-12-19 19:00:00,planned,Callaway - Vegas 138 kV Line 1
17651,L:20032:20034:230,2016-12-15 19:00:00,2016-12-23 19:00:00,planned,Belmont - Canfield 230 kV Cir. 1
5432,L:7444:7560:138,2016-12-14 19:00:00,2016-12-19 19:00:00,planned,Georgetown - Siphon Drop Substation 138 kV Ckt 1
6705,L:8089:8156:138,2016-12-06 19:00:00,2016-12-26 19:00:00,planned,Division - Beargrass 138 kV #1
2001,L:5921:5970:500,2016-12-08 19:00:00,2016-12-11 19:00:00,planned,Hope Crk Substation - St. Clair 500 kV L
18354,L:21041:22584:230,2016-12-08 19:00:00,2016-12-19 19:00:00,planned,Three Rivers - Locust 230 kV Cir. 1
15229,L:18973:18977:100,2016-12-13 19:00:00,2016-12-15 19:00:00,planned,Lompoc - Hayden 100 kV L
14687,L:18742:18745:100,2016-12-11 19:00:00,2016-12-25 19:00:00,planned,St. Thomas Hospital - Kalamazoo 100 kV
8491,L:8876:9902:138,2016-12-09 19:00:00,2016-12-20 19:00:00,planned,Kingberry Substation - Floraday 138 kV Line
3276,L:6411:6418:138,2016-12-08 19:00:00,2016-12-28 19:00:00,planned,Blakely Mtn Substation - Browntown 138 kV Circuit 1
18588,L:21753:21812:100,2016-12-15 19:00:00,2016-12-30 19:00:00,planned,Woodburn - Monroeville 100 kV Cir. 1
8327,L:8806:8881:138,2016-12-07 19:00:00,2016-12-14 19:00:00,planned,Tesoro - Derwood Substation 138 kV Cir. 1
4134,L:6906:7157:138,2016-01-11 08:00:00,2016-01-24 08:00:00,planned,Rudd - Eagle Point 138 kV
5057,L:7231:7303:138,2016-01-16 08:00:00,2016-01-30 08:00:00,planned,Dravosburg - Wilmerding 138 kV #1
6809,L:8156:8246:138,2016-01-16 08:00:00,2016-01-20 08:00:00,planned,Beargrass - Handsome Lake 138 kV Ckt 1
1555,L:5715:5984:138,2016-01-16 08:00:00,2016-01-28 08:00:00,planned,Cedar Sta - North Bartow 138 kV
1552,L:5713:5788:138,2016-01-17 08:00:00,2016-02-03 08:00:00,planned,Underground Tap - Pleasant St 138 kV #1
16833,L:19667:19668:100,2016-01-15 08:00:00,2016-01-20 08:00:00,planned,Pierremont - Aes Shady Point Llc 100 kV #1
14143,L:18457:18460:138,2016-01-14 08:00:00,2016-01-30 08:00:00,planned,Haefling - Recovery Soco 138 kV Circuit 1
9521,L:9351:9353:138,2016-01-12 08:00:00,2016-01-20 08:00:00,planned,Wansley Combined Cycle - Floyd 138 kV Line 1
19634,L:22907:23504:100,2016-01-16 08:00:00,2016-01-30 08:00:00,planned,Groton Muni - Ustick Substation 100 kV Cir. 2
3454,L:6495:7032:138,2016-01-13 08:00:00,2016-01-24 08:00:00,planned,El Casco - Vernon Vt 138 kV L
9278,L:9229:9628:138,2016-01-16 08:00:00,2016-01-27 08:00:00,planned,Nelson Dewey Sw Yd - Spring St 138 kV Line 1
5277,L:7350:8290:138,2016-01-15 08:00:00,2016-02-04 08:00:00,planned,W New Adrid - Zebra 138 kV Ckt 1
3992,L:6795:6813:138,2016-01-12 08:00:00,2016-01-18 08:00:00,planned,Spring Crk - Pomaria 138 kV Line 1
3674,L:6607:6632:138,2016-01-19 08:00:00,2016-01-24 08:00:00,planned,Plattsburh - Bradley Lake 138 kV #1
17308,L:19872:19874:100,2016-01-19 08:00:00,2016-02-01 08:00:00,planned,Helena - Aztc Tap 100 kV
15551,L:19119:19565:100,2016-01-11 08:00:00,2016-01-27 08:00:00,planned,Bixby - Reedy Creek 100 kV
5117,L:7254:7305:138,2016-01-18 08:00:00,2016-01-23 08:00:00,planned,Clubhouse - Cottage Brook 138 kV
3831,L:6709:6711:138,2016-01-10 08:00:00,2016-01-20 08:00:00,planned,Tule - Ayer 138 kV
8453,L:8850:8881:138,2016-01-16 08:00:00,2016-02-02 08:00:00,planned,Lakeland Solar Energy Llc - Derwood 138 kV Ckt 1
6676,L:8078:8080:138,2016-01-14 08:00:00,2016-01-28 08:00:00,planned,Brandon Substation - Preble 138 kV Circuit 1
3305,L:6428:6450:138,2016-01-16 08:00:00,2016-01-19 08:00:00,planned,Middletown Substation - S Fork 138 kV #1
12656,L:17357:17359:138,2016-01-18 08:00:00,2016-01-22 08:00:00,planned,N City - Sugarmill 138 kV #1
7927,L:8616:8631:138,2016-01-18 08:00:00,2016-01-29 08:00:00,planned,Chiloquin - Seaway Sw 138 kV
7986,L:8655:9072:138,2016-01-11 08:00:00,2016-01-15 08:00:00,planned,Blueridge - Goddard Steam Plant 138 kV #1
9282,L:9231:9233:138,2016-01-15 08:00:00,2016-01-24 08:00:00,planned,Wylie Hydro - Laguna Beach 138 kV
10822,L:9954:10094:138,2016-01-17 08:00:00,2016-01-20 08:00:00,planned,Tamarisk - Ninnescah Wind Energy Llc 138 kV Ckt 1
17239,L:19842:19850:100,2016-01-11 08:00:00,2016-01-25 08:00:00,planned,Clear Crossing - Harkness 100 kV line
2750,L:6157:6208:138,2016-01-19 08:00:00,2016-01-29 08:00:00,planned,Warrington - Frogtown 138 kV Ckt 1
5978,L:7722:7729:138,2016-01-17 08:00:00,2016-01-26 08:00:00,planned,Santa Maria 5008 - Ft Clarke 138 kV Circuit 1
7400,L:8368:8369:138,2016-01-10 08:00:00,2016-01-13 08:00:00,planned,Harvard - Dorset 138 kV
6283,L:7872:7891:138,2016-01-11 08:00:00,2016-01-24 08:00:00,planned,Adobe - Schick 138 kV
18289,L:20994:22597:100,2016-01-16 08:00:00,2016-01-21 08:00:00,planned,Deltona - Wauna 100 kV Circuit 2
7847,L:8566:8577:138,2016-01-16 08:00:00,2016-01-19 08:00:00,planned,Lilac - Monument St 138 kV Line
1464,L:5675:5706:138,2016-01-10 08:00:00,2016-01-13 08:00:00,planned,Cheatham - Geneva Border City 138 kV Line 1
13353,L:17984:18622:138,2016-01-16 08:00:00,2016-02-05 08:00:00,planned,Mtn Springs - Glennville 138 kV Ckt 1
5552,L:7502:7510:138,2016-01-16 08:00:00,2016-02-01 08:00:00,planned,Big Hill - Gulfgate Substation 138 kV Ckt 1
5800,L:7630:7631:138,2016-01-10 08:00:00,2016-01-22 08:00:00,planned,Philip - Marshall Dam 138 kV Cir. 1
9336,L:9259:9474:138,2016-01-18 08:00:00,2016-01-22 08:00:00,planned,Hatfields Ferry Power Station - Copco 138 kV #1
16862,L:19682:20023:100,2016-01-14 08:00:00,2016-01-19 08:00:00,planned,Cashion - Alliance Castings 100 kV Ckt 1
9976,L:9621:9623:138,2016-01-11 08:00:00,2016-01-30 08:00:00,planned,Rosholt Cwec - Stockton Cogen 138 kV line
1730,L:5822:5874:138,2016-01-13 08:00:00,2016-01-21 08:00:00,planned,Ft Bidwell - Fanwood 138 kV
12479,L:17183:17617:138,2016-01-13 08:00:00,2016-01-28 08:00:00,planned,Bountstown - Kce Ny 1 138 kV Ckt 1
10737,L:9918:9919:138,2016-02-08 19:00:00,2016-02-15 19:00:00,planned,Morrisville - Sowego Dp 138 kV Ckt 1
435,L:5190:5217:138,2016-02-08 19:00:00,2016-02-13 19:00:00,planned,Hollister - Cresskill 138 kV Line 1
17324,L:19877:19879:100,2016-02-13 19:00:00,2016-03-03 19:00:00,planned,Brookhaven Substation - Anel Mounds 100 kV
11,L:2620:2954:161,2016-02-08 19:00:00,2016-02-22 19:00:00,planned,N Lakes - N Bergen 161 kV Circuit 1
13382,L:17998:18006:138,2016-02-06 19:00:00,2016-02-08 19:00:00,planned,Port Angeles - Darrah 138 kV Cir. 1
17556,L:19986:21726:500,2016-02-10 19:00:00,2016-02-23 19:00:00,planned,J R Whiting - Tejon 500 kV
15183,L:18949:19576:230,2016-02-09 19:00:00,2016-02-24 19:00:00,planned,Larson St - Coyote Pt 230 kV Ckt 1
17103,L:19780:19790:100,2016-02-13 19:00:00,2016-02-26 19:00:00,planned,Cannon - Imperial 100 kV
8915,L:9079:9092:138,2016-02-12 19:00:00,2016-02-18 19:00:00,planned,Wagner - Herbert A Agner 138 kV #2
5081,L:7239:7273:345,2016-02-09 19:00:00,2016-02-17 19:00:00,planned,Kettner - Smith 345 kV Line
7374,L:8356:8377:138,2016-02-13 19:00:00,2016-02-26 19:00:00,planned,Flournoy - Westwego 138 kV
912,L:5412:5981:138,2016-02-05 19:00:00,2016-02-10 19:00:00,planned,Pirkey - N Champaign 138 kV
19228,L:22791:23479:100,2016-02-08 19:00:00,2016-02-13 19:00:00,planned,Balba - Central Ferry 100 kV Ckt 1
20883,L:23431:23498:100,2016-02-04 19:00:00,2016-02-10 19:00:00,planned,Gila River - Hooksink 100 kV Circuit 2
7505,L:8409:8430:138,2016-02-08 19:00:00,2016-02-13 19:00:00,planned,Jenney - Bay Ridge 138 kV Circuit 1
13200,L:17903:17904:138,2016-02-10 19:00:00,2016-02-12 19:00:00,planned,Elliot Park - Shack Mills Sta 138 kV Cir. 1
12458,L:17174:17182:138,2016-02-08 19:00:00,2016-02-16 19:00:00,planned,Se Polk - Edgar 138 kV Ckt 1
19350,L:22837:23096:100,2016-02-09 19:00:00,2016-02-17 19:00:00,planned,N Vernon - Spills 100 kV Line 1
2661,L:6115:6128:138,2016-02-12 19:00:00,2016-02-18 19:00:00,planned,Armenia Mountain Wind Farm - Litchfield St 138 kV line
3028,L:6288:6290:138,2016-02-09 19:00:00,2016-02-22 19:00:00,planned,Burgess Biopower - Russell Fork 138 kV Circuit 1
19635,L:22908:22916:100,2016-02-09 19:00:00,2016-02-28 19:00:00,planned,George Neal South - Bedfordpark Substation 100 kV Line 1
5488,L:7471:8273:138,2016-02-08 19:00:00,2016-02-27 19:00:00,planned,Beaver Vly - Michigan 138 kV
17203,L:19823:19824:100,2016-02-09 19:00:00,2016-02-11 19:00:00,planned,Winter Park E - Chevron 100 kV Line 2
19073,L:22583:22595:100,2016-02-05 19:00:00,2016-02-23 19:00:00,planned,Grandview Ave - Calvert 100 kV L
10730,L:9917:9918:138,2016-02-12 19:00:00,2016-02-14 19:00:00,planned,Remington Ct - Morrisville 138 kV Line
14223,L:18520:18690:138,2016-02-12 19:00:00,2016-02-20 19:00:00,planned,Roberts Bills-Wilmont - Winfield 138 kV Ckt 1
7616,L:8463:8579:138,2016-02-11 19:00:00,2016-02-26 19:00:00,planned,Berkeley F - Skaggs Branch 138 kV
2972,L:6260:8350:138,2016-02-07 19:00:00,2016-02-14 19:00:00,planned,Soda Springs Power Plant - Cocoa Beach 138 kV Ckt 1
12206,L:16992:19219:100,2016-02-10 19:00:00,2016-02-12 19:00:00,planned,Douglas Dam - Cheek Substation 100 kV Line 1
18773,L:21988:21989:100,2016-02-07 19:00:00,2016-02-09 19:00:00,planned,Labarre - Canamah Substation 100 kV Cir. 1
4173,L:6934:7173:138,2016-02-08 19:00:00,2016-02-21 19:00:00,planned,North Philadelphia - Cal Sierra Development 138 kV
1870,L:5891:8337:138,2016-02-12 19:00:00,2016-02-19 19:00:00,planned,Wellman - Dist 1000 138 kV Line 1
2797,L:6181:6842:138,2016-02-07 19:00:00,2016-02-27 19:00:00,planned,Gaa - Woodbourne 138 kV #1
12683,L:17394:17843:138,2016-02-04 19:00:00,2016-02-24 19:00:00,planned,Hubbardstown - Hilltop 138 kV
1327,L:5610:5634:138,2016-02-04 19:00:00,2016-02-19 19:00:00,planned,Jack County - Atlantic 138 kV Ckt 1
16450,L:19549:19555:100,2016-02-09 19:00:00,2016-02-24 19:00:00,planned,Tuscola E - Southwest Shreveport 100 kV Circuit 1
12241,L:17006:17007:138,2016-02-11 19:00:00,2016-02-28 19:00:00,planned,Union Ctr - C D Mcintosh Jr 138 kV Line
3125,L:6330:6825:138,2016-02-05 19:00:00,2016-02-16 19:00:00,planned,Newtn - Pine Tree Acres Wm Lfgte 138 kV
3004,L:6276:6569:138,2016-02-09 19:00:00,2016-02-22 19:00:00,planned,Lost Hillschevron - Eagle Crk 138 kV line
19935,L:23007:23031:100,2016-02-08 19:00:00,2016-02-19 19:00:00,planned,Airport Road - Burnett 11514 Kv 100 kV Ckt 1
9752,L:9479:10122:138,2016-02-13 19:00:00,2016-02-27 19:00:00,planned,Medtronic - Harmony Hills 138 kV #1
5439,L:7449:7479:138,2016-02-07 19:00:00,2016-02-10 19:00:00,planned,Martin - Pine Bluf I.P Sw Sta 138 kV Ckt 1
8723,L:9004:10024:138,2016-02-04 19:00:00,2016-02-18 19:00:00,planned,Hewitt Road - Morrison 138 kV Circuit 1
19587,L:22887:23145:230,2016-02-12 19:00:00,2016-02-21 19:00:00,planned,Burwell - Capri 230 kV Cir. 1
20822,L:23405:23519:100,2016-02-05 19:00:00,2016-02-24 19:00:00,planned,Douglaston - Shiprock Tap 100 kV Line
3852,L:6720:6811:138,2016-02-06 19:00:00,2016-02-22 19:00:00,planned,Floral Hills - Sierra Pacific Lumber 138 kV Cir. 1
3980,L:6789:7114:138,2016-02-04 19:00:00,2016-02-20 19:00:00,planned,Montour Sta - Poncha 138 kV Circuit 1
12827,L:17593:17624:138,2016-02-05 19:00:00,2016-02-09 19:00:00,planned,Hazard - Ovenfork 138 kV L
3880,L:6736:6760:138,2016-02-10 19:00:00,2016-02-19 19:00:00,planned,Blanchard - Synata Hugoton 138 kV L
12516,L:17223:17224:138,2016-02-08 19:00:00,2016-02-11 19:00:00,planned,S O Purdom - Capitol Heat And Power 138 kV Ckt 1
14534,L:18696:18697:345,2016-02-11 19:00:00,2016-03-01 19:00:00,planned,Mountaineer Wind Energy Ctr - Stevensville 345 kV Circuit 1
2932,L:6240:6300:345,2016-02-13 19:00:00,2016-02-15 19:00:00,planned,Gabriel - Lake June Pump Substation 345 kV
3697,L:6626:6628:138,2016-02-11 19:00:00,2016-02-24 19:00:00,planned,Luling - Wilson 138 kV Cir. 1
8635,L:8949:8953:138,2016-02-12 19:00:00,2016-02-23 19:00:00,planned,Columbus Denois Crk - Nasa Substation 138 kV Line 1
14798,L:18796:19564:100,2016-02-07 19:00:00,2016-02-09 19:00:00,planned,Eschinger-Bruceville - Quartz 100 kV Circuit 1
19247,L:22802:23510:100,2016-02-04 19:00:00,2016-02-07 19:00:00,planned,Gertie - Shady Oaks Wind Farm 100 kV Line 1
17475,L:19949:19965:100,2016-02-11 19:00:00,2016-02-26 19:00:00,planned,Arvada - Sour Lake 100 kV Ckt 1
5282,L:7354:7364:138,2016-02-11 19:00:00,2016-02-25 19:00:00,planned,Kiamichi Sta - Kennedy Drive 138 kV Line 1
9196,L:9185:9192:138,2016-02-12 19:00:00,2016-03-03 19:00:00,planned,Hood - W.A. Parish 138 kV
10766,L:9931:10202:138,2016-02-07 19:00:00,2016-02-16 19:00:00,planned,Brigham - Kofa 138 kV line
8079,L:8686:8716:138,2016-02-07 19:00:00,2016-02-22 19:00:00,planned,Grand Teton - Memorial 138 kV line
14688,L:18742:19574:100,2016-02-11 19:00:00,2016-02-12 19:00:00,planned,St. Thomas Hospital - St Marys 100 kV line
3393,L:6463:6948:138,2016-02-04 19:00:00,2016-02-06 19:00:00,planned,Liberty Electric Power Plant - Morton 138 kV Circuit 2
11977,L:16481:16483:138,2016-02-13 19:00:00,2016-03-01 19:00:00,planned,Pine Ridge - E Millinocet Mill Substation 138 kV line
8709,L:8996:10116:138,2016-02-09 19:00:00,2016-02-27 19:00:00,planned,Montano - Zeeland Farm Services 138 kV #1
12392,L:17146:17161:138,2016-02-07 19:00:00,2016-02-12 19:00:00,planned,N Oxford - Acec Sherwood 138 kV
19822,L:22973:23501:100,2016-02-06 19:00:00,2016-02-14 19:00:00,planned,Burro Bridge - Suter 100 kV Ckt 2
16698,L:19603:20269:230,2016-02-09 19:00:00,2016-02-28 19:00:00,planned,Lost Canyon - Spanish Crk 230 kV
17961,L:20213:20214:100,2016-03-03 19:00:00,2016-03-11 19:00:00,planned,Agness Ave - Spring Grove 100 kV
5718,L:7573:8086:138,2016-03-03 19:00:00,2016-03-13 19:00:00,planned,Campbell Substation - Walsingham 138 kV Line 1
6613,L:8049:8052:138,2016-02-25 19:00:00,2016-03-07 19:00:00,planned,Spanish Fork - Morgan'S Corner 138 kV Line
3186,L:6358:6362:138,2016-02-23 19:00:00,2016-03-01 19:00:00,planned,Atchelitz Substation - Pt Of Rocks Substation 138 kV Line 1
17560,L:19987:21380:100,2016-03-02 19:00:00,2016-03-05 19:00:00,planned,Moss Landing - Candelaria 100 kV Ckt 1
6165,L:7809:8249:500,2016-02-28 19:00:00,2016-03-13 19:00:00,planned,Shawville Station - Carbonctr 500 kV Ckt 1
6024,L:7743:7744:138,2016-03-01 19:00:00,2016-03-21 19:00:00,planned,St. Augustine - The Mosaic Company Plant City Facility Substation 138 kV L
5376,L:7416:8012:138,2016-03-03 19:00:00,2016-03-12 19:00:00,planned,Federalgen Tap Substation - Indiana University Of Pennsylvania 138 kV Cir. 1
945,L:5428:6931:138,2016-02-25 19:00:00,2016-02-26 19:00:00,planned,Deptford - Thorofare 138 kV
649,L:5289:6904:138,2016-03-03 19:00:00,2016-03-19 19:00:00,planned,Deerfield 4 - Mcwilliams 138 kV Line 1
17487,L:19955:19956:100,2016-02-28 19:00:00,2016-03-04 19:00:00,planned,Stoney Substation - Mcintosh 100 kV Circuit 1
5701,L:7564:8273:500,2016-02-27 19:00:00,2016-03-18 19:00:00,planned,Beaver Ly - Cranberry 500 kV Ckt 1
9271,L:9226:9537:138,2016-02-29 19:00:00,2016-03-13 19:00:00,planned,Sithe - Bonsack 138 kV Circuit 1
10992,L:10046:10048:138,2016-02-24 19:00:00,2016-03-02 19:00:00,planned,Southaven - Leesburg Substation 138 kV #1
11943,L:16190:16810:138,2016-02-24 19:00:00,2016-02-25 19:00:00,planned,Key Largo Substation - Walters 138 kV Ckt 1
2118,L:5942:5979:138,2016-03-01 19:00:00,2016-03-11 19:00:00,planned,Depere - Fort Bliss 138 kV Cir. 1
19337,L:22833:22834:100,2016-03-02 19:00:00,2016-03-09 19:00:00,planned,Edison Solar Ii - Gwynneville Substation 100 kV
8059,L:8680:8937:345,2016-02-23 19:00:00,2016-02-28 19:00:00,planned,Indian - Redwood City Substation 345 kV Cir. 1
19025,L:22376:22377:100,2016-02-23 19:00:00,2016-03-11 19:00:00,planned,Olive - Souhside Generating Sta 100 kV
18671,L:21777:21792:100,2016-02-25 19:00:00,2016-03-01 19:00:00,planned,Hassen Cassel - Muldoon Mill 100 kV #1
9421,L:9302:9414:138,2016-03-01 19:00:00,2016-03-03 19:00:00,planned,Corona - Melrose 4 138 kV Cir. 1
10233,L:9686:9711:138,2016-02-27 19:00:00,2016-03-12 19:00:00,planned,Humboldt - New Plymounth 138 kV Circuit 1
11540,L:10303:10307:138,2016-02-24 19:00:00,2016-03-04 19:00:00,planned,Cwec Dewey - Wods Dp 138 kV #1
5644,L:7542:7544:138,2016-02-23 19:00:00,2016-03-06 19:00:00,planned,46Th Street - Slayden 138 kV Line 1
14780,L:18789:18815:100,2016-02-27 19:00:00,2016-03-04 19:00:00,planned,Limon Wind 1 - Cle Elum 100 kV
14087,L:18421:18422:138,2016-03-02 19:00:00,2016-03-12 19:00:00,planned,Mcneil - Rockland 138 kV Circuit 1
12345,L:17058:17591:138,2016-02-23 19:00:00,2016-03-05 19:00:00,planned,Knott - Trading Post 138 kV
20480,L:23233:23235:100,2016-03-02 19:00:00,2016-03-06 19:00:00,planned,Camie - Mid-Georgia Cogeeration Facility 100 kV Line
16789,L:19646:20061:100,2016-02-24 19:00:00,2016-03-13 19:00:00,planned,Madisonburg - Keystone Heights Electrical 100 kV Cir. 1
19543,L:22878:22914:100,2016-02-25 19:00:00,2016-02-27 19:00:00,planned,Getty Oil - Ketchikan 100 kV Circuit 1
7268,L:8300:8389:138,2016-02-29 19:00:00,2016-03-17 19:00:00,planned,Mckee Run - Highway M 138 kV
3726,L:6646:7151:138,2016-02-23 19:00:00,2016-02-28 19:00:00,planned,Rio - Englewood 138 kV Cir. 1
13536,L:18080:18695:138,2016-02-29 19:00:00,2016-03-13 19:00:00,planned,Hawks Nest Hydro - Brenas 9201 Substation 138 kV line
18324,L:21003:22592:100,2016-02-29 19:00:00,2016-03-12 19:00:00,planned,Pentland - 7Th Avenue 100 kV Line 1
7783,L:8526:8529:138,2016-03-01 19:00:00,2016-03-17 19:00:00,planned,Pahokee - Middle Riv 138 kV Circuit 1
13677,L:18167:18183:138,2016-02-23 19:00:00,2016-03-07 19:00:00,planned,Five Corners - Roseland 138 kV Ckt 1
19620,L:22901:22925:100,2016-02-25 19:00:00,2016-03-14 19:00:00,planned,Marks - Fruit Industries 100 kV Circuit 1
19643,L:22910:22947:100,2016-03-01 19:00:00,2016-03-07 19:00:00,planned,Carbonic - Amalia Substation 100 kV
14339,L:18608:18614:138,2016-02-23 19:00:00,2016-02-25 19:00:00,planned,Smithtown - Surrey 138 kV Ckt 1
5299,L:7366:8199:138,2016-02-23 19:00:00,2016-03-09 19:00:00,planned,Archibald - Manifold 138 kV Line 1
5736,L:7588:7589:138,2016-02-26 19:00:00,2016-03-07 19:00:00,planned,Dierks - West Cedar 138 kV Cir. 1
3147,L:6341:7109:138,2016-02-25 19:00:00,2016-03-03 19:00:00,planned,Susquehanna - Yermo 138 kV Circuit 1
20416,L:23193:23255:100,2016-03-01 19:00:00,2016-03-18 19:00:00,planned,La Grange - Kendall Ounty Generation Facility 100 kV Ckt 1
1233,L:5561:5631:138,2016-02-24 19:00:00,2016-03-14 19:00:00,planned,Dow Chemical - Segs 7 138 kV
13802,L:18240:18258:138,2016-02-24 19:00:00,2016-02-28 19:00:00,planned,Runge - Pipe Creek 138 kV Circuit 1
5141,L:7265:8263:138,2016-03-02 19:00:00,2016-03-12 19:00:00,planned,Gobain - Nietos 138 kV #1
19435,L:22853:22859:100,2016-03-03 19:00:00,2016-03-07 19:00:00,planned,Comed Devon - Lind 100 kV Cir. 1
19589,L:22888:23492:100,2016-02-26 19:00:00,2016-03-08 19:00:00,planned,Henagar - Nw Trm 100 kV Ckt 1
12454,L:17173:17174:138,2016-04-04 08:00:00,2016-04-10 08:00:00,planned,Russ Ranch - Se Polk 138 kV Circuit 1
10477,L:9796:10294:138,2016-04-02 08:00:00,2016-04-09 08:00:00,planned,Locks - Colvile 138 kV Ckt 1
8585,L:8925:8964:138,2016-04-01 08:00:00,2016-04-13 08:00:00,planned,Smarr Energy Ctr - Waitsburg 138 kV Cir. 1
19666,L:22918:22929:100,2016-03-31 08:00:00,2016-04-13 08:00:00,planned,Hog Bayou Energy Center - Peetz 100 kV Cir. 1
7824,L:8546:8570:138,2016-04-01 08:00:00,2016-04-11 08:00:00,planned,Merchandise - Pana 138 kV Line 1
2665,L:6117:6118:138,2016-04-06 08:00:00,2016-04-16 08:00:00,planned,Harvey Couch - Sumiden Wire 138 kV Cir. 1
5459,L:7457:7459:138,2016-04-03 08:00:00,2016-04-09 08:00:00,planned,North Havasu - Craggy 138 kV Ckt 1
6882,L:8212:8214:138,2016-03-28 08:00:00,2016-04-12 08:00:00,planned,Goldtree - Lawrence Hill 138 kV Cir. 1
19034,L:22393:22395:100,2016-04-02 08:00:00,2016-04-21 08:00:00,planned,Makahoy - Ga Square 100 kV Line 1
1100,L:5511:6169:138,2016-03-31 08:00:00,2016-04-05 08:00:00,planned,Estherville - Hanford 138 kV Circuit 1
17731,L:20075:20124:100,2016-04-04 08:00:00,2016-04-11 08:00:00,planned,White Rock-Nike - Belle Glade 100 kV Circuit 1
13921,L:18319:18635:138,2016-04-04 08:00:00,2016-04-13 08:00:00,planned,Emerald Lake - N Shore 138 kV Ckt 1
5298,L:7366:8188:138,2016-03-29 08:00:00,2016-04-01 08:00:00,planned,Archibald - Sagola 138 kV #1
14669,L:18736:18962:100,2016-04-06 08:00:00,2016-04-17 08:00:00,planned,Cole Substation - Roeder 100 kV Cir. 1
15002,L:18869:18872:100,2016-03-30 08:00:00,2016-04-19 08:00:00,planned,Pelicano - Brodhead N 100 kV #1
1273,L:5584:5942:138,2016-03-29 08:00:00,2016-04-12 08:00:00,planned,Sayreville - Depere 138 kV Circuit 1
1242,L:5567:5904:138,2016-03-30 08:00:00,2016-04-19 08:00:00,planned,Ft Mccoy Ocb Electric - Blodgett Substation 138 kV #1
8470,L:8864:8903:138,2016-04-04 08:00:00,2016-04-20 08:00:00,planned,Mattoon West - Wheaton 138 kV
3553,L:6538:6539:138,2016-03-31 08:00:00,2016-04-05 08:00:00,planned,Burle - Blooming Prairie 138 kV Ckt 1
7024,L:8254:8286:345,2016-04-02 08:00:00,2016-04-06 08:00:00,planned,Lsu - Pontotoc 345 kV Cir. 1
11316,L:10251:10252:138,2016-04-03 08:00:00,2016-04-10 08:00:00,planned,Burns - Ravalli 138 kV Ckt 1
16106,L:19393:19585:100,2016-04-06 08:00:00,2016-04-14 08:00:00,planned,Hiawatha Ese - Tunica Substation 100 kV Ckt 1
9710,L:9448:9449:138,2016-04-05 08:00:00,2016-04-22 08:00:00,planned,Raymond - San Bernard Substation 138 kV Line
618,L:5276:5277:138,2016-03-30 08:00:00,2016-04-03 08:00:00,planned,Ochoa - Holcomb Substation 138 kV Circuit 1
3527,L:6531:6549:138,2016-04-05 08:00:00,2016-04-09 08:00:00,planned,Trentwood - High Falls 138 kV Circuit 1
5857,L:7664:8251:345,2016-03-28 08:00:00,2016-03-29 08:00:00,planned,Waterside - Algoma 345 kV Cir. 1
5494,L:7475:8270:138,2016-04-06 08:00:00,2016-04-26 08:00:00,planned,Highland City Substation - Midland 138 kV Circuit 1
20882,L:23431:23498:100,2016-04-05 08:00:00,2016-04-22 08:00:00,planned,Gila River - Hooksink 100 kV Cir. 1
4284,L:7007:7009:138,2016-04-05 08:00:00,2016-04-17 08:00:00,planned,Fayette - Green Vly 138 kV Cir. 1
1383,L:5634:5919:138,2016-04-06 08:00:00,2016-04-18 08:00:00,planned,Southwood - Atlantic 138 kV Ckt 1
17568,L:19990:20006:100,2016-05-29 18:00:00,2016-06-05 18:00:00,planned,Cross Reactors - U S Alliance Coosa Pines 100 kV Circuit 1
2746,L:6156:6841:138,2016-05-29 18:00:00,2016-06-06 18:00:00,planned,Des Moines - Apollo 138 kV L
753,L:5342:5893:138,2016-05-23 18:00:00,2016-05-31 18:00:00,planned,Parkrose - Fargo 138 kV
9068,L:9130:9364:138,2016-05-25 18:00:00,2016-06-06 18:00:00,planned,Gordonsville - Gallatin Tn 138 kV Circuit 1
9306,L:9244:9542:138,2016-05-31 18:00:00,2016-06-15 18:00:00,planned,Lewis Riv - Roanoe 138 kV
16120,L:19397:19400:100,2016-05-25 18:00:00,2016-06-13 18:00:00,planned,Waterfront - South Cannon Falls 100 kV Line 1
12661,L:17362:17364:138,2016-05-24 18:00:00,2016-05-29 18:00:00,planned,Francis And Cedar - Brusbay 138 kV Ckt 1
11171,L:10153:10160:138,2016-05-25 18:00:00,2016-06-14 18:00:00,planned,Oakdale Power Station - Novec Country Club 138 kV Cir. 1
3362,L:6452:6917:138,2016-05-27 18:00:00,2016-05-28 18:00:00,planned,Mortan - Island Rd 138 kV
10246,L:9690:9885:138,2016-05-31 18:00:00,2016-06-02 18:00:00,planned,Morony Dam - Gallows Rd Substation 138 kV Ckt 1
10272,L:9708:9714:138,2016-05-23 18:00:00,2016-06-08 18:00:00,planned,Pentagon - Tulloch Substation 138 kV Line
3403,L:6469:6953:138,2016-05-26 18:00:00,2016-06-05 18:00:00,planned,Llanerch - Warner 138 kV Cir. 1
7471,L:8398:9069:138,2016-05-28 18:00:00,2016-06-05 18:00:00,planned,Aes Warrior Run Cogeneration Facility Substation - Westrock Southeast Llc 138 kV #1
15631,L:19157:19321:100,2016-05-31 18:00:00,2016-06-01 18:00:00,planned,Meade County - Hay Mill 100 kV #1
14775,L:18787:19515:100,2016-05-22 18:00:00,2016-06-05 18:00:00,planned,Priest Riv - Fern Hill 100 kV #1
9728,L:9466:9467:138,2016-05-31 18:00:00,2016-06-07 18:00:00,planned,Meadow Lake Wind Farm Llc - Eagle Pt Power Plant 138 kV Circuit 1
20023,L:23035:23444:100,2016-05-26 18:00:00,2016-06-07 18:00:00,planned,Memphis Jct - Edward St 100 kV #3
16542,L:19569:19578:230,2016-05-24 18:00:00,2016-05-30 18:00:00,planned,A East Term - Wingate 230 kV Ckt 1
1182,L:5547:5572:138,2016-05-29 18:00:00,2016-06-06 18:00:00,planned,Peach Orchard - Barnegat 138 kV Line
12989,L:17758:17763:138,2016-05-26 18:00:00,2016-06-04 18:00:00,planned,Draffin Substation - Fishtrap 138 kV
13106,L:17843:18620:138,2016-05-25 18:00:00,2016-06-13 18:00:00,planned,Hubbardstown - Fortson 138 kV Cir. 1
7774,L:8524:9099:138,2016-05-29 18:00:00,2016-06-06 18:00:00,planned,Fullerton - Windy Edge Station 138 kV Ckt 1
13594,L:18113:18115:138,2016-05-23 18:00:00,2016-05-26 18:00:00,planned,Western Digital - Ray Braswell 138 kV L
2670,L:6119:7014:138,2016-05-30 18:00:00,2016-06-03 18:00:00,planned,Oro Grande - North Alvin Substation 138 kV Circuit 1
3001,L:6275:8639:138,2016-05-31 18:00:00,2016-06-20 18:00:00,planned,N E - Air Products 1 138 kV Line 1
3851,L:6720:6805:138,2016-05-25 18:00:00,2016-06-11 18:00:00,planned,Belfast - Floral Hills 138 kV Circuit 1
6328,L:7890:7899:138,2016-05-28 18:00:00,2016-06-15 18:00:00,planned,Azusa - Prairie Sky Solar Farm 138 kV #1
14152,L:18469:19579:138,2016-05-30 18:00:00,2016-05-31 18:00:00,planned,Ilion - Tidd 138 kV Cir. 1
2895,L:6226:6623:138,2016-05-25 18:00:00,2016-05-28 18:00:00,planned,Marysville Substation - Embudo 138 kV
7332,L:8331:8637:138,2016-05-26 18:00:00,2016-05-31 18:00:00,planned,Salina - San Manuel 138 kV Line 1
9821,L:9518:9519:138,2016-05-28 18:00:00,2016-05-31 18:00:00,planned,Chatham - Bearskin 138 kV
15934,L:19305:19306:100,2016-05-23 18:00:00,2016-05-24 18:00:00,planned,Ingalis Substation - Firstenergy W H Sammis 100 kV Ckt 1
7165,L:8275:18699:345,2016-05-23 18:00:00,2016-05-27 18:00:00,planned,Norfork - Hassayampa Tap 345 kV line
11179,L:10155:10277:345,2016-05-30 18:00:00,2016-06-09 18:00:00,planned,Rienzi - Possum Point 345 kV Cir. 1
2418,L:6013:6014:138,2016-05-25 18:00:00,2016-05-27 18:00:00,planned,Pulpgen - Five Falls 138 kV Cir. 1
12518,L:17223:17471:138,2016-05-27 18:00:00,2016-06-01 18:00:00,planned,S O Purdom - Las Cruces 138 kV
15538,L:19106:19119:100,2016-05-30 18:00:00,2016-06-15 18:00:00,planned,Rankin Lake - Bixby 100 kV L
15651,L:19167:19403:100,2016-05-31 18:00:00,2016-06-18 18:00:00,planned,Deshler - Webster 100 kV
8711,L:8997:9003:138,2016-05-30 18:00:00,2016-06-16 18:00:00,planned,Scttsdale - Drop 2 138 kV Cir. 1
1684,L:5800:8394:138,2016-05-23 18:00:00,2016-05-30 18:00:00,planned,Amargosa - Hay Rd Substation 138 kV Line 1
9932,L:9591:9605:138,2016-05-23 18:00:00,2016-06-03 18:00:00,planned,Shrewsbury - Smith College Central Heating Plant 138 kV Cir. 1
19515,L:22873:23054:100,2016-05-26 18:00:00,2016-06-03 18:00:00,planned,Clifton Wilson - Upper Gorge 100 kV Circuit 1
20473,L:23229:23233:100,2016-05-29 18:00:00,2016-06-05 18:00:00,planned,Tollway Substation - Cambie Substation 100 kV Line
11401,L:10275:10307:138,2016-05-22 18:00:00,2016-05-24 18:00:00,planned,Cwec Dewey - Battery Heights Dp 138 kV
18020,L:20254:20280:230,2016-05-24 18:00:00,2016-06-12 18:00:00,planned,Bighorn - Troy Energy Llc 230 kV Circuit 1
7113,L:8268:18394:345,2016-05-28 18:00:00,2016-06-01 18:00:00,planned,Detroit - Ridgeley 345 kV Cir. 1
1091,L:5507:5892:138,2016-05-29 18:00:00,2016-05-31 18:00:00,planned,Egin - Mt Pleasant 138 kV
734,L:5330:5331:138,2016-05-28 18:00:00,2016-06-11 18:00:00,planned,Elk Riv City Of - Bearden 138 kV #1
706,L:5313:6898:138,2016-05-29 18:00:00,2016-06-01 18:00:00,planned,Don - Abernethy 138 kV line
5470,L:7463:7464:138,2016-05-26 18:00:00,2016-06-15 18:00:00,planned,Freport - Molex 138 kV L
5402,L:7429:7682:138,2016-05-31 18:00:00,2016-06-15 18:00:00,planned,Cooley - Maquoketa 138 kV
2137,L:5945:5984:500,2016-05-22 18:00:00,2016-06-08 18:00:00,planned,Bl England Sta - Cedar Station 500 kV Ckt 1
14145,L:18460:18685:138,2016-05-29 18:00:00,2016-06-13 18:00:00,planned,Buckley Current - Haefling 138 kV Line 1
14116,L:18437:18443:138,2016-05-26 18:00:00,2016-06-11 18:00:00,planned,Katonah - Gray'S Flat 138 kV Ckt 1
2038,L:5925:7111:500,2016-05-23 18:00:00,2016-06-03 18:00:00,planned,Michigan Avenue - Glen Gardner Substation 500 kV
19932,L:23006:23444:100,2016-05-22 18:00:00,2016-06-03 18:00:00,planned,Camanche Dam - Edwards St 100 kV Line 1
16094,L:19389:19413:230,2016-05-24 18:00:00,2016-06-12 18:00:00,planned,Staunton - Hailey 230 kV Line 1
9570,L:9374:9384:138,2016-05-26 18:00:00,2016-06-08 18:00:00,planned,Brodhead S - Rock Hill 138 kV Line 1
7544,L:8428:8595:138,2016-05-28 18:00:00,2016-06-08 18:00:00,planned,Marriott Hill - Clinton Lfgte Substation 138 kV Line
14789,L:18793:19206:100,2016-05-27 18:00:00,2016-06-09 18:00:00,planned,Odessa - Guion 100 kV Cir. 1
14794,L:18795:19431:100,2016-05-31 18:00:00,2016-06-11 18:00:00,planned,Churc Rock Tap - Md 1 100 kV
20682,L:23317:23526:100,2016-05-27 18:00:00,2016-05-30 18:00:00,planned,Mesquite Town E - Quantum Lake Power Lp 100 kV Line
20195,L:23111:23112:100,2016-05-27 18:00:00,2016-06-11 18:00:00,planned,Ocacoke - Wells St 100 kV Circuit 1
19284,L:22819:23285:100,2016-05-31 18:00:00,2016-06-17 18:00:00,planned,S Eloie - Guayama Pds 100 kV #1
15163,L:18941:19713:100,2016-05-28 18:00:00,2016-05-31 18:00:00,planned,Sylvan-Anelope - Celilo 100 kV
9345,L:9262:18362:138,2016-05-25 18:00:00,2016-06-06 18:00:00,planned,Hurley - Looney Creek 138 kV Cir. 1
17381,L:19903:20113:100,2016-06-20 17:00:00,2016-06-23 17:00:00,planned,Pitchfork - Scotland Dam 100 kV
14854,L:18816:18817:100,2016-06-18 17:00:00,2016-07-04 17:00:00,planned,Railway - Havasu 100 kV Cir. 1
13218,L:17912:17920:138,2016-06-17 17:00:00,2016-07-03 17:00:00,planned,Lone Star - Opequon 138 kV #1
10928,L:10007:10008:138,2016-06-18 17:00:00,2016-06-23 17:00:00,planned,Calmat - Olympia Hts 138 kV #1
6761,L:8125:8126:138,2016-06-19 17:00:00,2016-07-09 17:00:00,planned,Jefferson Smurfit Corp - Welport 138 kV Line 1
6267,L:7866:7880:138,2016-06-18 17:00:00,2016-06-19 17:00:00,planned,Station L Scattergood - Turke Pt 138 kV Line 1
20817,L:23403:23420:100,2016-06-18 17:00:00,2016-06-26 17:00:00,planned,Brodie Lane - E Ellensburg 100 kV Line 1
17347,L:19890:20134:100,2016-06-15 17:00:00,2016-06-21 17:00:00,planned,Praire Crk - St. Cloud 100 kV L
8607,L:8937:9846:345,2016-06-16 17:00:00,2016-07-01 17:00:00,planned,Redwood City - Harewood 345 kV line
18260,L:20965:20985:100,2016-06-19 17:00:00,2016-06-25 17:00:00,planned,Cruce Davila 8501 - Hagar 100 kV #1
12297,L:17037:17184:138,2016-06-14 17:00:00,2016-06-20 17:00:00,planned,Strasburg - Moshers 138 kV Line 1
4154,L:6919:6927:138,2016-06-14 17:00:00,2016-06-30 17:00:00,planned,Anora - North Gate Riverside Alte 138 kV Ckt 2
12478,L:17183:17566:138,2016-06-19 17:00:00,2016-06-30 17:00:00,planned,Blountstown - Left Fork 138 kV Cir. 1
12655,L:17357:17358:138,2016-06-12 17:00:00,2016-06-14 17:00:00,planned,N City - Capistrano 138 kV Ckt 1
2406,L:6006:6367:138,2016-06-15 17:00:00,2016-06-26 17:00:00,planned,Berthoud - Arburua 138 kV Line 1
9385,L:9282:9466:138,2016-06-14 17:00:00,2016-06-18 17:00:00,planned,Meadow Lake Wind Farm Llc - Universiity 138 kV #1
3894,L:6742:6937:138,2016-06-13 17:00:00,2016-06-22 17:00:00,planned,Kent - Vero Beach 138 kV #1
14760,L:18777:18778:100,2016-06-12 17:00:00,2016-06-26 17:00:00,planned,Broomfield - Luna 100 kV
585,L:5259:6848:138,2016-06-14 17:00:00,2016-06-17 17:00:00,planned,Eddington - Ftnelson 138 kV Line 1
20267,L:23139:23149:100,2016-06-13 17:00:00,2016-06-28 17:00:00,planned,Bruceville - South Carthage 100 kV L
20615,L:23291:23306:100,2016-06-12 17:00:00,2016-06-26 17:00:00,planned,Covanta Wallingford Energy - Iron River 100 kV Cir. 1
9969,L:9614:16807:138,2016-06-14 17:00:00,2016-07-02 17:00:00,planned,Rector - Friendswood 138 kV L
10880,L:9977:9996:138,2016-06-13 17:00:00,2016-06-19 17:00:00,planned,Del Rio - Kern Front 138 kV Cir. 1
12525,L:17228:17470:138,2016-06-11 17:00:00,2016-06-24 17:00:00,planned,Upland - Positronic 138 kV Circuit 1
17073,L:19768:19770:100,2016-06-12 17:00:00,2016-06-21 17:00:00,planned,Chetwynd - Moab 100 kV Cir. 1
5402,L:7429:7682:138,2016-06-20 17:00:00,2016-06-22 17:00:00,planned,Cooley - Maquoketa 138 kV Circuit 1
9807,L:9510:9511:138,2016-06-15 17:00:00,2016-06-28 17:00:00,planned,Siuc - Suncor 138 kV Ckt 1
8136,L:8706:9705:138,2016-06-19 17:00:00,2016-07-03 17:00:00,planned,Albatross - Alto 138 kV #1
16383,L:19538:19548:230,2016-06-15 17:00:00,2016-06-21 17:00:00,planned,Hanging Rock - Helberg 230 kV #1
14610,L:18713:18715:100,2016-07-17 16:00:00,2016-08-03 16:00:00,planned,Mannum - Mount Horeb 100 kV L
1512,L:5688:5787:138,2016-07-17 16:00:00,2016-07-19 16:00:00,planned,Society Hill - Bluebell 138 kV Cir. 1
4417,L:7082:7085:138,2016-07-23 16:00:00,2016-08-12 16:00:00,planned,W Phoenix - Oreana 138 kV Cir. 1
10489,L:9800:9949:138,2016-07-22 16:00:00,2016-07-29 16:00:00,planned,Andrews - W Hastings 138 kV
10408,L:9764:9765:138,2016-07-22 16:00:00,2016-07-24 16:00:00,planned,Kansas - Hickory 138 kV L
14816,L:18802:18804:100,2016-07-23 16:00:00,2016-08-11 16:00:00,planned,Mccoll Rd - Midpoint 2 100 kV Line 1
20589,L:23283:23313:100,2016-07-16 16:00:00,2016-07-29 16:00:00,planned,Playa Tap2 - Belridge 1A 100 kV Ckt 1
19440,L:22854:22884:100,2016-07-16 16:00:00,2016-07-27 16:00:00,planned,Scyene Rd - Comed 100 kV line
7356,L:8343:8388:138,2016-07-19 16:00:00,2016-07-28 16:00:00,planned,Carrcroft Substation - Brandywine 138 kV Circuit 2
7663,L:8483:8558:138,2016-07-20 16:00:00,2016-07-28 16:00:00,planned,Bull Sluice - Rio Nogales 138 kV Circuit 1
2721,L:6142:6762:138,2016-07-17 16:00:00,2016-08-02 16:00:00,planned,Denton Dr - Fairway Tap 138 kV Circuit 1
13022,L:17783:17790:138,2016-07-22 16:00:00,2016-08-02 16:00:00,planned,New London Avenue - Ponchatoula Substation 138 kV Circuit 1
6071,L:7764:8093:345,2016-07-19 16:00:00,2016-08-06 16:00:00,planned,Western Fher - Milford 345 kV Line 1
3690,L:6617:6802:138,2016-07-25 16:00:00,2016-08-08 16:00:00,planned,San Fernando - Shoreline 138 kV Circuit 1
2091,L:5933:6429:345,2016-07-17 16:00:00,2016-07-25 16:00:00,planned,Dell City - Saville 345 kV L
13997,L:18357:18376:138,2016-07-18 16:00:00,2016-07-22 16:00:00,planned,Acec Calamus - Bluefield Avenue 138 kV Circuit 1
7312,L:8321:8829:138,2016-07-22 16:00:00,2016-08-09 16:00:00,planned,Peavine - Gentilly Road 138 kV Circuit 1
19208,L:22785:22787:100,2016-07-17 16:00:00,2016-07-20 16:00:00,planned,Port Robson - Middlesboro 100 kV Ckt 2
17932,L:20187:20195:100,2016-07-19 16:00:00,2016-08-03 16:00:00,planned,Outfall - Thornton 100 kV #1
313,L:5134:5140:138,2016-07-23 16:00:00,2016-08-01 16:00:00,planned,Fountain City - Dorothy 138 kV
17766,L:20090:20097:100,2016-07-16 16:00:00,2016-07-31 16:00:00,planned,Ashdown 69 - Ravenna 100 kV
5892,L:7677:7989:138,2016-07-19 16:00:00,2016-08-03 16:00:00,planned,Glendale - Roselawn 138 kV
16450,L:19549:19555:100,2016-07-25 16:00:00,2016-07-26 16:00:00,planned,Tuscola East - Southwest Shreveport 100 kV Line 1
19777,L:22959:22964:100,2016-07-20 16:00:00,2016-08-07 16:00:00,planned,Dal Grauer - Blue Island 100 kV
5078,L:7238:7240:138,2016-07-24 16:00:00,2016-08-08 16:00:00,planned,Tocaloma Jct - Diamond Hill 138 kV Line 1
19479,L:22869:22886:100,2016-07-18 16:00:00,2016-08-03 16:00:00,planned,S Bradley - Flax Hill 100 kV line
8504,L:8887:8894:138,2016-07-18 16:00:00,2016-08-01 16:00:00,planned,Nih - Parklawn 138 kV Circuit 1
20226,L:23126:23437:100,2016-08-06 16:00:00,2016-08-10 16:00:00,planned,Aurora - Electric Light 100 kV #1
3891,L:6741:6765:138,2016-08-06 16:00:00,2016-08-25 16:00:00,planned,Ottauquechee Hydro - Covanta Plymouth Renewable Energy 138 kV
6021,L:7741:7766:138,2016-08-12 16:00:00,2016-08-28 16:00:00,planned,Garland - Alberta 138 kV
16862,L:19682:20023:100,2016-08-10 16:00:00,2016-08-22 16:00:00,planned,Cashion - Alliance Castings 100 kV
7719,L:8501:8502:138,2016-08-05 16:00:00,2016-08-18 16:00:00,planned,Nortech - Earl F Wisdom 138 kV Ckt 1
3996,L:6798:6807:138,2016-08-06 16:00:00,2016-08-23 16:00:00,planned,High Bridge - Kirkwall 138 kV Circuit 1
10731,L:9917:9918:138,2016-08-10 16:00:00,2016-08-22 16:00:00,planned,Morrisville - Remington Ct 138 kV Ckt 2
15582,L:19131:19577:100,2016-08-12 16:00:00,2016-08-26 16:00:00,planned,Getchel - Ozark Beach 100 kV #1
4367,L:7054:8626:138,2016-08-10 16:00:00,2016-08-17 16:00:00,planned,Culberson - Unisource Sq Hi 138 kV Circuit 1
8652,L:8961:8968:138,2016-08-05 16:00:00,2016-08-12 16:00:00,planned,Oak Grove - Jason 138 kV Circuit 1
20060,L:23053:23056:230,2016-08-11 16:00:00,2016-08-29 16:00:00,planned,Evergreen Park - Guilbeau Electric 230 kV Cir. 1
5039,L:7223:7322:138,2016-08-05 16:00:00,2016-08-09 16:00:00,planned,Ash - N 138 kV
8312,L:8795:8805:138,2016-08-09 16:00:00,2016-08-29 16:00:00,planned,Ford Drive - Graceton 138 kV Ckt 1
17487,L:19955:19956:100,2016-08-07 16:00:00,2016-08-16 16:00:00,planned,Stoney - Mcintosh Substation 100 kV L
18411,L:21210:21211:100,2016-08-06 16:00:00,2016-08-09 16:00:00,planned,Wickett - Kings Dominion 100 kV Line 1
2882,L:6222:6716:138,2016-08-11 16:00:00,2016-08-27 16:00:00,planned,Astro - New Hanover County Wastec 138 kV L
18307,L:20995:22596:100,2016-08-07 16:00:00,2016-08-18 16:00:00,planned,Oak Knoll - Cambria Substation 100 kV Line 1
3887,L:6739:6769:138,2016-08-12 16:00:00,2016-08-14 16:00:00,planned,Channel Island - Perkiomen 138 kV Ckt 1
6110,L:7786:8161:138,2016-08-11 16:00:00,2016-08-17 16:00:00,planned,Homestead Wind Llc - Florida 138 kV Line 1
11059,L:10090:10254:138,2016-08-03 16:00:00,2016-08-20 16:00:00,planned,Ponnequin Substation - Dow 138 kV Line 1
14059,L:18396:18397:138,2016-08-06 16:00:00,2016-08-12 16:00:00,planned,Shannon - Trisonic 138 kV
13392,L:18003:18005:138,2016-08-07 16:00:00,2016-08-25 16:00:00,planned,E Proctorville - Covanta Delaware Vly 138 kV #1
6840,L:8180:17971:138,2016-08-06 16:00:00,2016-08-11 16:00:00,planned,Carlsbad Waterfield - Decatur Energy Ctr 138 kV Circuit 1
4106,L:6887:6895:138,2016-08-12 16:00:00,2016-08-13 16:00:00,planned,Freewater - Jenkintown 138 kV #1
3052,L:6300:7127:500,2016-08-09 16:00:00,2016-08-20 16:00:00,planned,Lake June Pump - Amps 500 kV L
3179,L:6355:6364:138,2016-08-11 16:00:00,2016-08-27 16:00:00,planned,Sidney A Murray Jr Hydroelectric - Nef Substation 138 kV #1
14825,L:18807:19580:100,2016-08-03 16:00:00,2016-08-16 16:00:00,planned,Glebe - Woodland Biomass Tap Substation 100 kV Line 1
14192,L:18494:18504:138,2016-08-06 16:00:00,2016-08-24 16:00:00,planned,K I Sawyer - Norwood 138 kV
12908,L:17665:17826:138,2016-08-03 16:00:00,2016-08-23 16:00:00,planned,Tuller Hill - Lone Rock 138 kV Line
5936,L:7702:7806:138,2016-08-09 16:00:00,2016-08-28 16:00:00,planned,Browns Falls - San German Tc 6406 138 kV Circuit 1
6024,L:7743:7744:138,2016-08-10 16:00:00,2016-08-25 16:00:00,planned,St. Augustine - The Mosaic Company Plant City Facility 138 kV Line
6070,L:7764:7775:345,2016-08-03 16:00:00,2016-08-21 16:00:00,planned,Western Fher - Trezevant 345 kV
17874,L:20152:20168:230,2016-08-03 16:00:00,2016-08-18 16:00:00,planned,Timken Richville - Sunnyside 230 kV Line
558,L:5244:5258:138,2016-08-04 16:00:00,2016-08-21 16:00:00,planned,Foreman Cement Substation - Terrace 138 kV Ckt 1
3549,L:6535:6576:138,2016-09-01 17:00:00,2016-09-04 17:00:00,planned,Lawrence Road - Airway Hts 138 kV Circuit 1
6289,L:7874:8148:138,2016-08-30 17:00:00,2016-09-03 17:00:00,planned,Southgate - Great Falls Vt 138 kV Cir. 1
15412,L:19054:19091:230,2016-09-06 17:00:00,2016-09-16 17:00:00,planned,Sugarcreek - Keyes-Fibre Co 230 kV
1680,L:5800:8340:138,2016-09-08 17:00:00,2016-09-19 17:00:00,planned,Amargosa - Willmar 138 kV Circuit 2
6106,L:7784:7786:138,2016-09-01 17:00:00,2016-09-03 17:00:00,planned,Cortland - Homestead Wind Llc 138 kV Line 1
5243,L:7329:7351:138,2016-09-06 17:00:00,2016-09-08 17:00:00,planned,Herdlyn - Bondurant 138 kV Circuit 1
10932,L:10010:10209:138,2016-09-08 17:00:00,2016-09-16 17:00:00,planned,Cuckatuck - Berkley Road 138 kV Ckt 1
5959,L:7711:7716:138,2016-09-03 17:00:00,2016-09-22 17:00:00,planned,Punta Del Mar 7302 - Celery 138 kV #1
273,L:5118:5127:138,2016-08-30 17:00:00,2016-09-14 17:00:00,planned,Big Eddy - Alcoaprimary 138 kV Ckt 1
13747,L:18206:18210:138,2016-09-01 17:00:00,2016-09-16 17:00:00,planned,Ritter Park - Orofina 138 kV Ckt 1
3390,L:6461:6462:138,2016-09-03 17:00:00,2016-09-22 17:00:00,planned,Casa Grande - Alcoa Sw Station 138 kV Line
3131,L:6333:7114:138,2016-09-05 17:00:00,2016-09-19 17:00:00,planned,Bayou Cove Peaking Power - Montour Sta 138 kV #1
9364,L:9270:9633:138,2016-09-08 17:00:00,2016-09-18 17:00:00,planned,Garden Creek - Kean Mtn And Grassy Crk 138 kV Line 1
20587,L:23282:23317:100,2016-08-30 17:00:00,2016-09-03 17:00:00,planned,Defiance - Quantum Lake Power Lp 100 kV Line 1
6437,L:7948:7960:138,2016-08-30 17:00:00,2016-09-09 17:00:00,planned,Ne Benton - W Buxton Substation 138 kV Line 1
15976,L:19326:19331:100,2016-09-05 17:00:00,2016-09-14 17:00:00,planned,Eustis - Lee Vining 100 kV Cir. 1
7824,L:8546:8570:138,2016-09-06 17:00:00,2016-09-25 17:00:00,planned,Merchandise Substation - Pana 138 kV Line 1
5117,L:7254:7305:138,2016-09-03 17:00:00,2016-09-09 17:00:00,planned,Clubhouse - Cottag Brook 138 kV Circuit 1
6503,L:7986:7993:138,2016-09-04 17:00:00,2016-09-08 17:00:00,planned,Warrior Ridge Hydro - Tolson 138 kV
20579,L:23278:23302:100,2016-08-30 17:00:00,2016-09-17 17:00:00,planned,S Hall - Libertyville 100 kV
2878,L:6219:7142:138,2016-08-31 17:00:00,2016-09-11 17:00:00,planned,Lyons - Murrin Substation 138 kV
6118,L:7790:7865:138,2016-08-30 17:00:00,2016-09-08 17:00:00,planned,E Calamus Substation - Edgewater Station 138 kV Ckt 1
3514,L:6525:7175:138,2016-09-04 17:00:00,2016-09-24 17:00:00,planned,Safe Harbor - Livingston Ridge 138 kV Ckt 1
4052,L:6847:6870:138,2016-08-30 17:00:00,2016-09-09 17:00:00,planned,Bluegrass - North Wayne 138 kV #1
12318,L:17045:17050:138,2016-09-07 17:00:00,2016-09-18 17:00:00,planned,Cooper Ranch Substation - Carntown 138 kV
8273,L:8771:18094:138,2016-08-30 17:00:00,2016-09-04 17:00:00,planned,Mount Storm - Nauvoo Substation 138 kV Line 1
3715,L:6638:6654:138,2016-09-01 17:00:00,2016-09-08 17:00:00,planned,Forge 2 - Glen Carter 138 kV Line 1
6252,L:7853:7857:138,2016-09-07 17:00:00,2016-09-27 17:00:00,planned,Webster City - Portuguez 138 kV
7031,L:8256:8276:345,2016-08-31 17:00:00,2016-09-08 17:00:00,planned,Granada - Victoria Tc 7001-7007-7008 345 kV
525,L:5234:6146:138,2016-09-04 17:00:00,2016-09-16 17:00:00,planned,Anacacho - Tidewater 138 kV Ckt 1
16298,L:19512:19517:100,2016-09-06 17:00:00,2016-09-16 17:00:00,planned,Todhunter - Star Peak 100 kV
1342,L:5614:5930:138,2016-09-01 17:00:00,2016-09-06 17:00:00,planned,Tulare Substation - Lakewood 138 kV
14073,L:18404:18667:138,2016-08-31 17:00:00,2016-09-10 17:00:00,planned,Ibm Bailey Tap - Oceana 138 kV
8253,L:8755:8756:138,2016-09-07 17:00:00,2016-09-23 17:00:00,planned,Ferncliff - Kamer 138 kV #1
14758,L:18776:18778:100,2016-09-08 17:00:00,2016-09-13 17:00:00,planned,Foothill Placer - Luna 100 kV Line 1
9957,L:9604:18361:138,2016-09-04 17:00:00,2016-09-19 17:00:00,planned,Sub 18361 - Carrollton Country Club 138 kV
16594,L:19576:22739:500,2016-09-04 17:00:00,2016-09-17 17:00:00,planned,Larson St - Henry County 500 kV #1
2919,L:6236:6467:138,2016-09-03 17:00:00,2016-09-12 17:00:00,planned,Sewell Crk Energy - Eklutna Generation Station 138 kV
11206,L:10177:10287:138,2016-09-01 17:00:00,2016-09-07 17:00:00,planned,Willow Substation - Gleneden 138 kV Cir. 1
2089,L:5933:5970:345,2016-09-06 17:00:00,2016-09-21 17:00:00,planned,St. Clair - Dell City 345 kV Line 1
13109,L:17843:18705:345,2016-08-30 17:00:00,2016-09-15 17:00:00,planned,Tristate - Hubbardstown 345 kV Line 1
7343,L:8336:8351:138,2016-09-06 17:00:00,2016-09-09 17:00:00,planned,Kiamensi - Darlington Road 138 kV
17510,L:19968:20076:100,2016-08-31 17:00:00,2016-09-09 17:00:00,planned,Bedord 2 - Saugus 100 kV
14953,L:18853:19162:100,2016-09-06 17:00:00,2016-09-19 17:00:00,planned,Berkeley T - Enon 100 kV L
3264,L:6401:6404:138,2016-08-31 17:00:00,2016-09-15 17:00:00,planned,Lemolo Powerplant Number 2 - Parachute 138 kV Line 1
10824,L:9955:9956:138,2016-10-16 17:00:00,2016-11-05 17:00:00,planned,Whealton - Webster Street 138 kV #1
10896,L:9988:10264:345,2016-10-11 17:00:00,2016-10-13 17:00:00,planned,Brick Church - Bear Island 345 kV Ckt 1
15656,L:19169:19182:100,2016-10-13 17:00:00,2016-10-29 17:00:00,planned,Bellbrook - Calderwood 100 kV Circuit 1
14617,L:18717:18720:100,2016-10-19 17:00:00,2016-10-31 17:00:00,planned,Moscow Substation - Crawfordville 100 kV Cir. 1
14991,L:18863:18867:100,2016-10-19 17:00:00,2016-11-08 17:00:00,planned,Denton W Interchange - Great Falls Sc 100 kV #2
1149,L:5530:5892:138,2016-10-14 17:00:00,2016-10-24 17:00:00,planned,Mt Pleasant - Sara-1 138 kV
12211,L:16992:17581:138,2016-10-18 17:00:00,2016-10-30 17:00:00,planned,Hotchkiss - Douglas Dam 138 kV #1
16951,L:19729:19731:100,2016-10-18 17:00:00,2016-11-01 17:00:00,planned,Moorlands - Plumas 100 kV
21146,L:23490:23515:100,2016-10-16 17:00:00,2016-10-25 17:00:00,planned,Blythe Substation - Savage Rapids 100 kV #1
11158,L:10142:10289:138,2016-10-17 17:00:00,2016-11-02 17:00:00,planned,Bridle Trails - Thorndike 138 kV Cir. 2
16277,L:19501:20157:100,2016-10-14 17:00:00,2016-11-01 17:00:00,planned,Du Bay - Seymour 100 kV
3006,L:6277:6567:138,2016-10-15 17:00:00,2016-10-28 17:00:00,planned,Clearview - Golden Ponds Tap 138 kV #1
2980,L:6265:8638:138,2016-10-19 17:00:00,2016-10-27 17:00:00,planned,Bell-Winters - Glasgow 138 kV
9060,L:9125:9363:138,2016-10-14 17:00:00,2016-10-25 17:00:00,planned,Remington - Balch 138 kV
5388,L:7422:8013:138,2016-10-15 17:00:00,2016-11-04 17:00:00,planned,Mid America - Alma 138 kV Circuit 1
12700,L:17403:17404:138,2016-10-10 17:00:00,2016-10-12 17:00:00,planned,Sol - Portsmouth 138 kV #1
4325,L:7027:7732:138,2016-10-10 17:00:00,2016-10-13 17:00:00,planned,West Gilman Road - Bridge Riv 138 kV Ckt 1
3053,L:6300:7163:500,2016-10-15 17:00:00,2016-10-30 17:00:00,planned,Marcus Hook Energy Lp - Lake June Pump 500 kV Circuit 1
14085,L:18419:18420:138,2016-10-10 17:00:00,2016-10-21 17:00:00,planned,Dragon Court - Bluestone 138 kV Line 1
15605,L:19143:19354:100,2016-10-10 17:00:00,2016-10-12 17:00:00,planned,Palo Seco - Shaleton 100 kV
19277,L:22817:23092:100,2016-10-18 17:00:00,2016-10-30 17:00:00,planned,Vila Rd - Tri-Corner 100 kV Line 2
5723,L:7575:8083:345,2016-10-13 17:00:00,2016-10-29 17:00:00,planned,Meadow Lake Wind Farm Ii Llc - Gordon 345 kV
14024,L:18372:18437:138,2016-10-14 17:00:00,2016-10-26 17:00:00,planned,Coalinga 2 - Katonah 138 kV
1313,L:5606:5619:138,2016-10-15 17:00:00,2016-10-25 17:00:00,planned,Kettleman Hills Substation - Skaggs Island Jct 1 138 kV Cir. 1
17483,L:19952:19954:100,2016-10-18 17:00:00,2016-11-01 17:00:00,planned,Barnes Junction - Rapie Croche 100 kV
9765,L:9486:9530:138,2016-10-13 17:00:00,2016-10-24 17:00:00,planned,Covanta Essex Company - Kenmore 138 kV Line 1
12921,L:17691:17776:138,2016-10-11 17:00:00,2016-10-22 17:00:00,planned,Zobel - Bennett 138 kV #1
2730,L:6147:6152:138,2016-10-11 17:00:00,2016-10-31 17:00:00,planned,Columbia Falls - Buckingham 138 kV Line 1
4035,L:6833:7997:138,2016-10-11 17:00:00,2016-10-22 17:00:00,planned,Hazelton - Arroyo Tap 138 kV #1
5608,L:7526:7528:138,2016-10-18 17:00:00,2016-11-06 17:00:00,planned,Frank Jenkins Substation - Williams 138 kV Ckt 1
8396,L:8835:8877:138,2016-10-18 17:00:00,2016-10-22 17:00:00,planned,Wood Acres - Richburg 138 kV Ckt 1
9821,L:9518:9519:138,2016-10-14 17:00:00,2016-10-22 17:00:00,planned,Bearskin - Chatham 138 kV Circuit 1
10645,L:9875:10158:138,2016-10-19 17:00:00,2016-10-22 17:00:00,planned,Tony Lappos - Wiccopee 138 kV Circuit 1
1198,L:5551:5983:345,2016-10-16 17:00:00,2016-10-21 17:00:00,planned,Busch - Peninsula Park 345 kV Circuit 1
651,L:5290:6938:138,2016-10-11 17:00:00,2016-10-17 17:00:00,planned,Bala - Sunny Isls Substation 138 kV Cir. 1
908,L:5411:6005:345,2016-10-12 17:00:00,2016-10-18 17:00:00,planned,Woodstown - Punta Gorda 345 kV Ckt 1
17824,L:20114:20309:230,2016-10-18 17:00:00,2016-10-28 17:00:00,planned,Richland - Deerfield 230 kV #1
12833,L:17596:17753:138,2016-10-18 17:00:00,2016-11-03 17:00:00,planned,Consolidated Coal - Bailey 138 kV Cir. 1
10390,L:9759:9761:138,2016-10-19 17:00:00,2016-10-31 17:00:00,planned,Reeves Ave - Wheelabrator Portsmouth 138 kV Line
9646,L:9409:18440:138,2016-10-13 17:00:00,2016-10-25 17:00:00,planned,Mount Si - Kimballton 138 kV Circuit 1
1362,L:5623:5628:138,2016-10-13 17:00:00,2016-10-29 17:00:00,planned,Esc Industrial M. Suc 1423 - Lincolnville 138 kV Line 1
6427,L:7942:7944:138,2016-10-19 17:00:00,2016-10-31 17:00:00,planned,Mwd Eastside Res Substation - Round Rock Northeast 138 kV Ckt 1
3806,L:6693:6694:138,2016-10-19 17:00:00,2016-10-22 17:00:00,planned,Rosemark - Seminola Substation 138 kV Cir. 1
9153,L:9162:9289:138,2016-10-11 17:00:00,2016-10-19 17:00:00,planned,S Crk - Mecca 138 kV
5668,L:7555:8244:500,2016-10-18 17:00:00,2016-10-24 17:00:00,planned,Lions Rd - Aes Beaver Valley Partners Beaver Valley 500 kV Circuit 1
12092,L:16921:17386:138,2016-10-12 17:00:00,2016-10-22 17:00:00,planned,Factory Substation - Biddeford Ip 138 kV
2001,L:5921:5970:500,2016-10-18 17:00:00,2016-10-21 17:00:00,planned,Hope Crk - St. Clair 500 kV Circuit 1
10266,L:9704:9707:138,2016-10-19 17:00:00,2016-11-06 17:00:00,planned,Falls Church - F St 138 kV Circuit 1
11615,L:10356:11200:138,2016-10-12 17:00:00,2016-10-26 17:00:00,planned,Tilton - Berwind Substation 138 kV Circuit 1
10509,L:9812:10302:138,2016-10-16 17:00:00,2016-10-26 17:00:00,planned,Marlboro Substation - Lucky 138 kV Line 1
13882,L:18293:18302:138,2016-10-11 17:00:00,2016-10-25 17:00:00,planned,Logan - Chauncey Tap 138 kV
720,L:5320:6891:138,2016-10-17 17:00:00,2016-10-28 17:00:00,planned,Cartwright - Cuthbert Substation 138 kV Ckt 1
6828,L:8171:8287:138,2016-10-16 17:00:00,2016-10-21 17:00:00,planned,Lone Peak - South San Antonio 138 kV Circuit 1
19926,L:23005:23499:100,2016-10-16 17:00:00,2016-10-18 17:00:00,planned,Moize Creek - Georgia Pacific Paper 100 kV Line 1
9307,L:9244:9640:138,2016-10-11 17:00:00,2016-10-22 17:00:00,planned,Bandhead - Lewis River 138 kV Ckt 1
5990,L:7727:8281:345,2016-10-16 17:00:00,2016-10-20 17:00:00,planned,Lemon Cove - Allegheny Hydro No 8 345 kV Cir. 1
1203,L:5551:5652:138,2016-10-12 17:00:00,2016-10-27 17:00:00,planned,Pinckneyville - Busch 138 kV
15553,L:19120:19121:100,2016-10-19 17:00:00,2016-10-20 17:00:00,planned,Pioneer Generating Station - Rocky River 100 kV #1
17110,L:19781:19817:100,2016-10-10 17:00:00,2016-10-20 17:00:00,planned,West Memphis - Delta Energy 100 kV
17236,L:19840:20123:100,2016-10-10 17:00:00,2016-10-15 17:00:00,planned,Flat Rock Substation - Seasons-Bruceville 100 kV Line 1
8108,L:8696:8702:138,2016-10-15 17:00:00,2016-10-17 17:00:00,planned,Grinding - Pepco 117 138 kV
15269,L:18992:18997:100,2016-10-19 17:00:00,2016-11-01 17:00:00,planned,Toketee - Oahe 100 kV Line 1
18642,L:21769:21802:100,2016-10-11 17:00:00,2016-10-28 17:00:00,planned,Huntertown - Mitchell Crk Substation 100 kV Line 1
118,L:2971:5214:161,2016-10-15 17:00:00,2016-10-24 17:00:00,planned,Seagoville Sw - Dallas 161 kV Line
14958,L:18854:19048:230,2016-10-19 17:00:00,2016-11-02 17:00:00,planned,E Marysville - Jacks Crk 230 kV
14105,L:18433:18434:138,2016-10-12 17:00:00,2016-10-21 17:00:00,planned,Serfgen - Ta3 138 kV
9106,L:9142:18125:138,2016-10-19 17:00:00,2016-11-03 17:00:00,planned,Rob Roy - Hoot Lake 138 kV
19567,L:22884:22892:100,2016-10-13 17:00:00,2016-11-01 17:00:00,planned,Santa Clara - Comed 100 kV Circuit 2
8943,L:9085:10037:138,2016-10-14 17:00:00,2016-10-22 17:00:00,planned,Krugerville - Spring Gap 138 kV Line 1
968,L:5446:5863:138,2016-10-12 17:00:00,2016-10-22 17:00:00,planned,N Avenue - Howland Hook 138 kV
19812,L:22970:22973:100,2016-10-17 17:00:00,2016-10-24 17:00:00,planned,Pittsford - Burro Bridge 100 kV Ckt 3
19640,L:22909:22938:100,2016-11-12 19:00:00,2016-11-16 19:00:00,planned,Telluride - Gamer 100 kV Circuit 1
19586,L:22887:22993:230,2016-11-14 19:00:00,2016-11-20 19:00:00,planned,Gray Summit - Burwell 230 kV Ckt 1
18833,L:22018:22020:100,2016-11-19 19:00:00,2016-11-20 19:00:00,planned,Trap Falls - Yahuecas 8203 100 kV Ckt 1
14704,L:18749:18752:100,2016-11-21 19:00:00,2016-12-08 19:00:00,planned,Speidel - Pcket 100 kV Line 1
14792,L:18794:18805:100,2016-11-15 19:00:00,2016-11-26 19:00:00,planned,Medicine Lake - Hamilton Hydro 100 kV Ckt 1
2716,L:6139:6168:138,2016-11-15 19:00:00,2016-11-25 19:00:00,planned,Wilmarth - Elm Creek 138 kV Ckt 1
8336,L:8809:8814:138,2016-11-14 19:00:00,2016-11-30 19:00:00,planned,Columbia - Captive 138 kV
5226,L:7317:7325:138,2016-11-17 19:00:00,2016-11-23 19:00:00,planned,Dormont - Lake Agnes 138 kV Ckt 1
14622,L:18718:19470:100,2016-11-16 19:00:00,2016-11-22 19:00:00,planned,Barron - Vasco 100 kV Circuit 1
8034,L:8668:8669:138,2016-11-19 19:00:00,2016-12-04 19:00:00,planned,Radnor - Coachella Vly 138 kV #1
16259,L:19492:19538:230,2016-11-19 19:00:00,2016-12-01 19:00:00,planned,Tenth St 2 - Helberg 230 kV #1
2089,L:5933:5970:345,2016-11-13 19:00:00,2016-11-28 19:00:00,planned,Dell City - St. Clair 345 kV #1
6926,L:8230:8239:138,2016-11-20 19:00:00,2016-11-28 19:00:00,planned,Idaho Springs - Drexel Substation 138 kV L
4995,L:7206:7239:138,2016-11-17 19:00:00,2016-12-06 19:00:00,planned,Cayuga - Smith 138 kV Cir. 1
331,L:5141:5351:138,2016-11-15 19:00:00,2016-12-04 19:00:00,planned,Maunabo 4301 - Olmos 138 kV Ckt 1
11979,L:16481:16489:138,2016-11-20 19:00:00,2016-12-04 19:00:00,planned,Pine Ridge - Mntrose 138 kV
20685,L:23318:25115:100,2016-11-14 19:00:00,2016-11-30 19:00:00,planned,Havenside - Elm W 100 kV Cir. 1
8269,L:8769:18508:138,2016-11-18 19:00:00,2016-11-19 19:00:00,planned,Las Cruces 3602 - White Sands Missile Range 138 kV Line 1
8830,L:9059:9098:345,2016-11-13 19:00:00,2016-11-22 19:00:00,planned,Calvert Cliffs - Monroe St 345 kV #1
3507,L:6522:6561:138,2016-11-14 19:00:00,2016-11-17 19:00:00,planned,Centralf - Donegal Substation 138 kV Cir. 1
17731,L:20075:20124:100,2016-11-21 19:00:00,2016-12-05 19:00:00,planned,Belle Glade - White Rock-Nike 100 kV
10711,L:9909:10166:138,2016-11-13 19:00:00,2016-11-23 19:00:00,planned,Rio Piedras Heights83 1345 - Novec Smoketown 138 kV Line 1
3162,L:6346:6361:345,2016-11-17 19:00:00,2016-12-02 19:00:00,planned,Cebolla Substation - Mcfadden 345 kV
10918,L:10002:10260:138,2016-11-15 19:00:00,2016-11-18 19:00:00,planned,Bigelow - Hopewell 138 kV
6218,L:7829:7830:138,2016-11-12 19:00:00,2016-11-29 19:00:00,planned,Qualitech Substation - Columbia Mo 138 kV Cir. 1
10869,L:9973:9975:138,2016-11-15 19:00:00,2016-11-22 19:00:00,planned,Williamson - Whirlwind 138 kV
20377,L:23171:23496:230,2016-11-21 19:00:00,2016-12-09 19:00:00,planned,Endako Cust Substation - Sunset Pt 230 kV Line 1
7892,L:8600:8605:138,2016-11-17 19:00:00,2016-12-02 19:00:00,planned,Omro Substation - Hillsboro 138 kV L
4379,L:7061:7062:138,2016-11-17 19:00:00,2016-12-06 19:00:00,planned,Milford Depot - Highlands Park 138 kV Line
18401,L:21205:21211:100,2016-11-12 19:00:00,2016-12-02 19:00:00,planned,San Gerardo 1342 - Wickett 100 kV
5086,L:7241:7330:138,2016-11-20 19:00:00,2016-11-27 19:00:00,planned,Newberg Water Treatment Plant - W -Station 138 kV Ckt 1
9195,L:9185:9467:345,2016-11-20 19:00:00,2016-12-03 19:00:00,planned,Hood - Eagle Pt Power Plant 345 kV Line
7779,L:8525:9094:138,2016-11-19 19:00:00,2016-12-03 19:00:00,planned,Bengies - Sulphur Springs 138 kV Circuit 2
617,L:5275:5282:138,2016-11-21 19:00:00,2016-11-28 19:00:00,planned,S Cairo - Lonsdale 138 kV
1036,L:5485:5888:138,2016-11-12 19:00:00,2016-11-14 19:00:00,planned,Mayfair - Crowsnest Substation 138 kV #1
15186,L:18949:19400:100,2016-11-13 19:00:00,2016-12-02 19:00:00,planned,S Cannon Falls - Coyote Point 100 kV Cir. 3
20081,L:23062:23064:100,2016-11-12 19:00:00,2016-11-16 19:00:00,planned,Hills Chapel - Baja Tap 100 kV
15262,L:18988:18989:100,2016-11-12 19:00:00,2016-11-22 19:00:00,planned,Duke - Lyons Falls Hydroelectric 100 kV #1
9232,L:9207:9209:138,2016-11-13 19:00:00,2016-11-17 19:00:00,planned,Bovine - White Clay 138 kV Line 1
1361,L:5622:5894:138,2016-11-20 19:00:00,2016-12-03 19:00:00,planned,Smithburg - Enka 138 kV Cir. 1
1049,L:5491:5666:138,2016-11-13 19:00:00,2016-11-19 19:00:00,planned,Hare - Billings 138 kV Cir. 1
12684,L:17395:17401:138,2016-11-19 19:00:00,2016-11-29 19:00:00,planned,Russell - Makalapa 138 kV Line 1
19593,L:22888:23528:100,2016-11-16 19:00:00,2016-11-17 19:00:00,planned,Henagar - Aiyansh 100 kV Circuit 2
8137,L:8706:9717:138,2016-11-16 19:00:00,2016-11-19 19:00:00,planned,Cherrydale - Albatross 138 kV Line 1
4079,L:6873:6883:138,2016-12-13 19:00:00,2016-12-26 19:00:00,planned,Wekiwa - Burholme 138 kV Cir. 1
18419,L:21273:21279:100,2016-12-07 19:00:00,2016-12-17 19:00:00,planned,Sioux - Weslaco 100 kV Ckt 1
1055,L:5493:5990:138,2016-12-09 19:00:00,2016-12-28 19:00:00,planned,Fair Oaks - Fay St 138 kV Ckt 1
9604,L:9390:17896:138,2016-12-14 19:00:00,2016-12-21 19:00:00,planned,Thurlow Dam - Greens Bayou 69 138 kV Circuit 1
3438,L:6486:6513:138,2016-12-07 19:00:00,2016-12-11 19:00:00,planned,Spinninng Spur I - Market St 138 kV Line 1
20104,L:23076:23141:100,2016-12-14 19:00:00,2016-12-24 19:00:00,planned,Ft Gage - Pleasant Hill 100 kV
17551,L:19985:21378:100,2016-12-12 19:00:00,2016-12-24 19:00:00,planned,Sutlif - Lashaway 100 kV
5033,L:7221:7394:138,2016-12-08 19:00:00,2016-12-13 19:00:00,planned,Martin Lakes Substation - Millstone 138 kV Ckt 1
20734,L:23344:23352:100,2016-12-09 19:00:00,2016-12-20 19:00:00,planned,Sage D - Jepson 100 kV
17970,L:20216:20224:100,2016-12-09 19:00:00,2016-12-26 19:00:00,planned,Newton Bulk - Girard Substation 100 kV Line 2
7563,L:8436:8866:138,2016-12-14 19:00:00,2016-12-16 19:00:00,planned,Big Stone S - Pomerado 138 kV #1
18692,L:21788:21792:100,2016-12-10 19:00:00,2016-12-18 19:00:00,planned,Tonasket - Muldoon Mill 100 kV #1
5652,L:7547:7666:138,2016-12-13 19:00:00,2016-12-21 19:00:00,planned,Ruth - South Baltimore 138 kV
1289,L:5596:5960:138,2016-12-11 19:00:00,2016-12-14 19:00:00,planned,Edison - Laurel City Substation 138 kV Ckt 1
9147,L:9159:9274:138,2016-12-08 19:00:00,2016-12-24 19:00:00,planned,Deen - Coso 1-3 138 kV
2733,L:6148:6197:138,2016-12-08 19:00:00,2016-12-10 19:00:00,planned,Tahitian Village - Eagle Mountain 138 kV
11286,L:10230:10231:138,2016-12-14 19:00:00,2016-12-27 19:00:00,planned,Pasadena - Willow Glen 2 138 kV Circuit 1
19311,L:22827:23140:230,2016-12-10 19:00:00,2016-12-29 19:00:00,planned,Seymour Johnson - Rapides 230 kV
13425,L:18021:18639:138,2016-12-06 19:00:00,2016-12-22 19:00:00,planned,Federalgen - Progress Park 138 kV
6645,L:8065:8121:138,2016-12-14 19:00:00,2016-12-31 19:00:00,planned,Leadville - Laguna Niguel 138 kV Line
3669,L:6606:6630:138,2016-12-13 19:00:00,2016-12-26 19:00:00,planned,Pt St - Tascaderos 138 kV Circuit 1
5253,L:7333:7360:138,2016-12-07 19:00:00,2016-12-12 19:00:00,planned,Brunot Island - Davie 138 kV #1
19358,L:22840:22960:100,2016-12-09 19:00:00,2016-12-16 19:00:00,planned,Drummond - Rogers 100 kV
12463,L:17176:17274:138,2016-12-07 19:00:00,2016-12-22 19:00:00,planned,Lore - Oak Harbor 138 kV Line 1
639,L:5285:5320:138,2016-12-12 19:00:00,2016-12-13 19:00:00,planned,Sienna - Cartwright 138 kV Circuit 1
17877,L:20153:20170:100,2016-12-07 19:00:00,2016-12-18 19:00:00,planned,Mcintosh Al Substation - Shady Grove 100 kV #1
10636,L:9871:9907:138,2016-12-06 19:00:00,2016-12-26 19:00:00,planned,Sprecher - Walney 138 kV Circuit 1
20820,L:23404:23405:100,2016-12-07 19:00:00,2016-12-15 19:00:00,planned,Hoist - Douglaston 100 kV #1
2653,L:6112:6113:138,2016-12-15 19:00:00,2016-12-19 19:00:00,planned,Central - Grovr 138 kV #1
6413,L:7936:8274:138,2016-12-10 19:00:00,2016-12-11 19:00:00,planned,Uncer - Chambersburg 138 kV
15737,L:19206:19210:100,2016-12-12 19:00:00,2016-12-18 19:00:00,planned,Odessa - Watson 100 kV
15889,L:19285:19910:100,2016-12-12 19:00:00,2016-12-25 19:00:00,planned,Ft King - Trail 100 kV Cir. 1
8365,L:8823:8954:138,2016-12-11 19:00:00,2016-12-24 19:00:00,planned,St Crispin - Crystal Springs 138 kV Circuit 1
7154,L:8274:8282:138,2016-12-15 19:00:00,2016-12-21 19:00:00,planned,Chambersburg - Orchard Park Substation 138 kV #1
9338,L:9260:9722:138,2016-12-09 19:00:00,2016-12-29 19:00:00,planned,Balfour - Brodnax 138 kV Cir. 1
1051,L:5492:5516:138,2016-12-14 19:00:00,2016-12-24 19:00:00,planned,Keene - Engle-Eastern 138 kV Ckt 1
5255,L:7335:7337:138,2016-12-13 19:00:00,2016-12-31 19:00:00,planned,Cartanza - Riverside 138 kV Line 1
19817,L:22970:22974:100,2016-12-07 19:00:00,2016-12-08 19:00:00,planned,Pittsford - Line Crk 100 kV
14948,L:18852:19168:100,2016-12-12 19:00:00,2016-12-23 19:00:00,planned,Ellsworth Hydro Sta - Yellow Springs 100 kV
5963,L:7713:7797:138,2016-12-14 19:00:00,2016-12-30 19:00:00,planned,Dugas - Johanna 138 kV #1
6332,L:7892:7895:138,2016-12-10 19:00:00,2016-12-17 19:00:00,planned,Palm Canyon - Welfare 138 kV #1
11084,L:10104:10127:138,2016-12-10 19:00:00,2016-12-14 19:00:00,planned,Ubc North Campus - S. Land Park & 35Th Ave 138 kV Ckt 1
4507,L:7105:7117:345,2016-12-07 19:00:00,2016-12-26 19:00:00,planned,Kalamazoo-San Juan - Inver Hills 345 kV Cir. 1
303,L:5131:5133:345,2016-12-08 19:00:00,2016-12-11 19:00:00,planned,Cardiff - Bedford Rural 345 kV line
5661,L:7552:7558:138,2016-12-14 19:00:00,2016-12-27 19:00:00,planned,Gallagher Road - Bullick Hollow 138 kV Cir. 1
13720,L:18191:18200:138,2016-12-07 19:00:00,2016-12-15 19:00:00,planned,Pikes Creek - Soda Creek 138 kV Line 1
872,L:5393:5862:138,2016-12-15 19:00:00,2016-12-27 19:00:00,planned,Mt Hope - W Side Substation 138 kV #1
21028,L:23459:23530:230,2016-12-10 19:00:00,2016-12-14 19:00:00,planned,Terrora Substation - Elwood 230 kV Ckt 2
7316,L:8324:8346:138,2016-12-11 19:00:00,2016-12-19 19:00:00,planned,Pensacola - New Castle Substation 138 kV Ckt 1
3081,L:6311:6681:138,2016-12-13 19:00:00,2016-12-26 19:00:00,planned,Springhill - Grays River 138 kV
19080,L:22588:22766:100,2016-12-12 19:00:00,2016-12-22 19:00:00,planned,Drewry - Colfax 100 kV
11302,L:10241:10242:138,2016-12-08 19:00:00,2016-12-11 19:00:00,planned,Basf - Virginia Beach 138 kV
7756,L:8516:8541:138,2016-12-13 19:00:00,2016-12-24 19:00:00,planned,Plant Avenue - Joppatowne 138 kV
13603,L:18126:18128:138,2016-12-13 19:00:00,2016-12-29 19:00:00,planned,Florida City - Moss 138 kV Ckt 1
9229,L:9205:9220:138,2016-12-09 19:00:00,2016-12-28 19:00:00,planned,Wind Driver - Brush Tavern 138 kV Cir. 1
9250,L:9218:9219:138,2016-12-15 19:00:00,2016-12-28 19:00:00,planned,Boonsboro - Reusens 138 kV #1
17121,L:19787:19798:100,2016-12-13 19:00:00,2016-12-19 19:00:00,planned,Boonville - Fox 100 kV
417,L:5182:5214:138,2016-12-11 19:00:00,2016-12-22 19:00:00,planned,Hillsdale - Seagoville Sw 138 kV
12111,L:16942:16943:138,2016-12-14 19:00:00,2016-12-17 19:00:00,planned,Clifton Creek Loafer Substation - Boomer Lake Sta 138 kV Line 1
18381,L:21195:21199:100,2016-12-14 19:00:00,2016-12-25 19:00:00,planned,Parkview Battery - Western Michigan University Power Plant 100 kV Line 1
8205,L:8729:8730:138,2016-12-10 19:00:00,2016-12-17 19:00:00,planned,Tektronix - Riley Generating Sta 138 kV Line 1
1602,L:5745:5747:138,2016-01-17 08:00:00,2016-01-19 08:00:00,planned,Panther - Lake Crk 138 kV Circuit 1
912,L:5412:5981:138,2016-01-14 08:00:00,2016-01-30 08:00:00,planned,N Champaign - Pirkey 138 kV #1
9556,L:9370:9384:138,2016-01-13 08:00:00,2016-01-25 08:00:00,planned,Portable Generator 3 - Rock Hill Substation 138 kV
17929,L:20185:20195:100,2016-01-18 08:00:00,2016-01-19 08:00:00,planned,Eakron - Outfall 100 kV Cir. 1
14196,L:18496:18507:138,2016-01-11 08:00:00,2016-01-25 08:00:00,planned,Soldotna - P.T.S 138 kV Cir. 1
4991,L:7204:7384:138,2016-01-16 08:00:00,2016-01-31 08:00:00,planned,Alabama Switch - Rancho Vistoso 138 kV #1
6321,L:7885:8289:138,2016-01-11 08:00:00,2016-01-12 08:00:00,planned,Turin - Lake Lynn Hydro Station 138 kV Cir. 1
14276,L:18558:18702:345,2016-01-13 08:00:00,2016-01-30 08:00:00,planned,Glenshire - Castle Gardens 345 kV Ckt 1
5911,L:7694:7713:138,2016-01-11 08:00:00,2016-01-19 08:00:00,planned,Round Rock S - Johanna 138 kV Circuit 1
558,L:5244:5258:138,2016-01-19 08:00:00,2016-02-08 08:00:00,planned,Terrace - Foreman Cement 138 kV Ckt 1
12515,L:17222:17615:138,2016-01-15 08:00:00,2016-01-30 08:00:00,planned,Halona Pnm - Niagara 138 kV Cir. 1
956,L:5440:5468:138,2016-01-16 08:00:00,2016-02-05 08:00:00,planned,Newark Bay Cogeneration Partnership Lp - Port Street 138 kV Ckt 2
11988,L:16484:16485:138,2016-01-16 08:00:00,2016-02-04 08:00:00,planned,Cumberland 2 - Cold Crk 138 kV #1
11200,L:10170:10278:138,2016-01-14 08:00:00,2016-01-21 08:00:00,planned,Dunnsville - Northern Neck Substation 138 kV Cir. 1
1304,L:5600:5659:138,2016-01-12 08:00:00,2016-01-31 08:00:00,planned,Table Mt - Decherd 138 kV #1
19521,L:22874:22891:100,2016-01-16 08:00:00,2016-01-20 08:00:00,planned,Indian Lake - Trienda 100 kV Line 1
10794,L:9943:9949:138,2016-01-15 08:00:00,2016-02-01 08:00:00,planned,Frenchtown - West Hastings 138 kV Circuit 1
9587,L:9382:9446:138,2016-01-19 08:00:00,2016-01-23 08:00:00,planned,Wta - Fieldale 138 kV
1461,L:5673:5875:138,2016-01-16 08:00:00,2016-01-26 08:00:00,planned,Murray Hill Solar - Shelby 138 kV Ckt 1
2476,L:6031:8620:138,2016-01-16 08:00:00,2016-01-19 08:00:00,planned,Mckellar - Ussc 138 kV #1
16735,L:19621:19622:100,2016-01-17 08:00:00,2016-01-27 08:00:00,planned,Clackamas - Southwest Lima 100 kV
17455,L:19941:19943:100,2016-01-10 08:00:00,2016-01-12 08:00:00,planned,Gilstrap - Calera T.S 100 kV
3795,L:6689:7130:138,2016-01-18 08:00:00,2016-02-06 08:00:00,planned,Tropico - Talenenergy Martins Creek Llc Williamsport 138 kV Cir. 1
12454,L:17173:17174:138,2016-01-10 08:00:00,2016-01-28 08:00:00,planned,Russ Ranch - Se Polk 138 kV Ckt 1
19390,L:22847:22853:100,2016-01-17 08:00:00,2016-02-02 08:00:00,planned,Comed Devon - Niles 100 kV Ckt 1
15688,L:19183:19185:100,2016-01-14 08:00:00,2016-01-21 08:00:00,planned,W Rutland - Guernsey 100 kV Line 1
9128,L:9152:9153:138,2016-01-16 08:00:00,2016-01-18 08:00:00,planned,Muck Vly - Viking 138 kV Cir. 1
14142,L:18457:18459:138,2016-01-19 08:00:00,2016-01-27 08:00:00,planned,Recovery Soco - Crossover 138 kV #1
7278,L:8304:8307:138,2016-01-16 08:00:00,2016-01-25 08:00:00,planned,Norcross - St Johns Dp 138 kV
2983,L:6266:6426:138,2016-01-10 08:00:00,2016-01-22 08:00:00,planned,Tyrone - Chittenden 138 kV Ckt 1
20689,L:23323:23324:100,2016-01-11 08:00:00,2016-01-18 08:00:00,planned,Station A - Marseilles Lock And Dam Hydro 100 kV
9990,L:9625:17629:138,2016-01-18 08:00:00,2016-01-26 08:00:00,planned,Hansford - N Dublin 138 kV Circuit 1
15149,L:18933:19914:100,2016-01-10 08:00:00,2016-01-21 08:00:00,planned,Martinsville E - Fitchburg 100 kV
18308,L:20995:22596:100,2016-01-19 08:00:00,2016-02-08 08:00:00,planned,Oak Knoll - Cambria 100 kV
16729,L:19617:20114:230,2016-01-13 08:00:00,2016-01-21 08:00:00,planned,Garnet - Deerfield 230 kV
2446,L:6025:7167:138,2016-01-14 08:00:00,2016-01-31 08:00:00,planned,Riv Hills - Hunterstown 138 kV Line 1
2796,L:6181:6201:138,2016-01-11 08:00:00,2016-01-12 08:00:00,planned,Gaa - Driftwood 138 kV Circuit 1
2090,L:5933:5971:345,2016-01-13 08:00:00,2016-01-22 08:00:00,planned,Dell City Substation - Chambers 345 kV Line
19640,L:22909:22938:100,2016-01-17 08:00:00,2016-02-04 08:00:00,planned,Telluride - Gamer 100 kV Cir. 1
5268,L:7346:7375:138,2016-01-15 08:00:00,2016-01-16 08:00:00,planned,Boulder Crk - Woodville Substation 138 kV Ckt 1
18099,L:20276:20311:100,2016-01-11 08:00:00,2016-01-21 08:00:00,planned,Saint Cloud - Perry 162 100 kV Line 1
5411,L:7431:7688:138,2016-01-18 08:00:00,2016-02-03 08:00:00,planned,Cumberland - Packard 138 kV Cir. 1
9161,L:9164:9292:138,2016-01-14 08:00:00,2016-01-22 08:00:00,planned,S Lynchburg - Candler Mtn 138 kV Cir. 1
21027,L:23459:23530:230,2016-01-11 08:00:00,2016-01-18 08:00:00,planned,Elood - Terrora 230 kV Ckt 1
1341,L:5614:5724:138,2016-01-18 08:00:00,2016-01-29 08:00:00,planned,Peyton - Lakewood 138 kV Line 1
16743,L:19626:19639:100,2016-01-19 08:00:00,2016-01-20 08:00:00,planned,Dorchester - Berlin Gorham 100 kV Ckt 1
3064,L:6304:6305:138,2016-01-14 08:00:00,2016-02-03 08:00:00,planned,York Ck - Mauston 138 kV Cir. 1
19668,L:22918:22947:100,2016-01-13 08:00:00,2016-01-27 08:00:00,planned,Peetz - Carbonic 100 kV Circuit 2
17565,L:19990:19995:100,2016-01-19 08:00:00,2016-02-08 08:00:00,planned,Maclean - Cross Reactors 100 kV Line 1
13845,L:18266:18277:138,2016-01-16 08:00:00,2016-01-19 08:00:00,planned,Filbert Substation - Mayville 138 kV Line 1
1348,L:5618:5658:138,2016-01-14 08:00:00,2016-01-15 08:00:00,planned,Chief Brady - Rio Bayamon Dev 1709 138 kV Cir. 1
18486,L:21631:21682:100,2016-01-13 08:00:00,2016-01-22 08:00:00,planned,Rancho Mission Viejo - Fermi 100 kV
15822,L:19242:19257:230,2016-01-11 08:00:00,2016-01-22 08:00:00,planned,Deland W - Oak Park 230 kV Line
12206,L:16992:19219:100,2016-01-11 08:00:00,2016-01-29 08:00:00,planned,Douglas Dam - Cheek 100 kV
3472,L:6507:6520:138,2016-01-15 08:00:00,2016-01-29 08:00:00,planned,Recway - Lackawanna 138 kV Line 1
4918,L:7180:7480:138,2016-01-15 08:00:00,2016-01-20 08:00:00,planned,North Findlay - Yates 138 kV
7115,L:8268:18390:138,2016-01-17 08:00:00,2016-02-03 08:00:00,planned,Detroit - Black Oak 138 kV L
13612,L:18130:18138:138,2016-01-16 08:00:00,2016-01-23 08:00:00,planned,Gardiner - E Terra Haute 138 kV Ckt 1
11209,L:10179:10180:138,2016-01-10 08:00:00,2016-01-28 08:00:00,planned,Drayton - Lamar 138 kV Ckt 1
16954,L:19729:19939:100,2016-01-19 08:00:00,2016-01-31 08:00:00,planned,Riv St - Moorlands Substation 100 kV
15692,L:19187:19439:100,2016-01-10 08:00:00,2016-01-25 08:00:00,planned,F B Culley - Urich 100 kV Ckt 1
1224,L:5559:5647:138,2016-01-18 08:00:00,2016-01-27 08:00:00,planned,Honey Substation - North Camas 138 kV Ckt 1
1052,L:5492:5592:138,2016-01-17 08:00:00,2016-02-01 08:00:00,planned,Engle-Eastern - Brownlee 138 kV #1
5129,L:7260:7262:138,2016-01-12 08:00:00,2016-01-27 08:00:00,planned,Giffin - Roxy Ann 138 kV
5060,L:7232:8243:138,2016-01-10 08:00:00,2016-01-17 08:00:00,planned,Bullard - Wasco 138 kV Circuit 1
2860,L:6214:6715:138,2016-01-17 08:00:00,2016-02-03 08:00:00,planned,Proler - Bollman 138 kV #1
7640,L:8471:8580:138,2016-01-12 08:00:00,2016-01-26 08:00:00,planned,Bunker Lake - Clinton Power Station 138 kV line
3628,L:6589:6590:138,2016-01-19 08:00:00,2016-01-31 08:00:00,planned,Maple Lake Substation - Pinnacle Peak Walc 138 kV Ckt 1
14719,L:18756:18759:100,2016-01-15 08:00:00,2016-02-02 08:00:00,planned,Overlake - Pisgah 100 kV Circuit 1
51,L:2755:2774:161,2016-02-04 19:00:00,2016-02-19 19:00:00,planned,He Ramsey Substation - Ottawa Avenue 161 kV
9077,L:9133:9134:138,2016-02-08 19:00:00,2016-02-10 19:00:00,planned,Palm Springs - Newburg 138 kV Ckt 1
4071,L:6865:6872:138,2016-02-10 19:00:00,2016-02-20 19:00:00,planned,Meyer - Owens Illinois Substation 138 kV
6832,L:8176:18150:138,2016-02-08 19:00:00,2016-02-22 19:00:00,planned,Firestone - Circle Green 138 kV
1461,L:5673:5875:138,2016-02-08 19:00:00,2016-02-11 19:00:00,planned,Murray Hill Solar - Shelby 138 kV
21497,L:24592:24642:500,2016-02-11 19:00:00,2016-02-18 19:00:00,planned,Maalaea - Minonk Wind Farm 500 kV #1
7071,L:8262:8275:345,2016-02-05 19:00:00,2016-02-18 19:00:00,planned,Dessau - Norfork 345 kV Line 1
9460,L:9323:18446:138,2016-02-10 19:00:00,2016-02-11 19:00:00,planned,Hill - Houghton 138 kV
20060,L:23053:23056:230,2016-02-13 19:00:00,2016-02-15 19:00:00,planned,Evergreen Park - Guilbeau Electric 230 kV #1
8132,L:8705:9880:138,2016-02-04 19:00:00,2016-02-07 19:00:00,planned,Air Force Base - Cia 138 kV Line 1
12932,L:17698:17699:138,2016-02-05 19:00:00,2016-02-22 19:00:00,planned,Leake - Brokaw 138 kV
20163,L:23102:23103:100,2016-02-12 19:00:00,2016-02-20 19:00:00,planned,Rio Grande City - Sponge 100 kV line
5557,L:7504:8397:138,2016-02-13 19:00:00,2016-02-21 19:00:00,planned,Swall - Bedford Road 138 kV Line 1
13840,L:18264:18525:138,2016-02-05 19:00:00,2016-02-08 19:00:00,planned,Peters Mountain - Keifer-Jackson 138 kV Line 1
2539,L:6058:6624:138,2016-02-09 19:00:00,2016-02-16 19:00:00,planned,Claude Vandyke - Hutchinson Energy Ctr 138 kV Line 1
10621,L:9866:9867:138,2016-02-10 19:00:00,2016-03-01 19:00:00,planned,Bull Run - Greenwater 138 kV #1
11508,L:10295:10305:138,2016-02-07 19:00:00,2016-02-16 19:00:00,planned,Surry - Hilltop 230115Kv 138 kV Circuit 1
7486,L:8404:18134:138,2016-02-08 19:00:00,2016-02-25 19:00:00,planned,Tcuya - Dock 138 kV Cir. 1
1413,L:5646:5659:138,2016-02-13 19:00:00,2016-02-16 19:00:00,planned,Wixom - Table Mt 138 kV
17835,L:20126:20129:100,2016-02-09 19:00:00,2016-02-11 19:00:00,planned,Nooksett Hydro - Fremont Energy Ctr 100 kV Circuit 1
19480,L:22869:22900:100,2016-02-12 19:00:00,2016-02-26 19:00:00,planned,Lamping Sta - S Bradley 100 kV
18661,L:21774:21784:100,2016-02-09 19:00:00,2016-02-14 19:00:00,planned,Moreau - State St 100 kV Ckt 1
8782,L:9038:9043:138,2016-02-11 19:00:00,2016-02-12 19:00:00,planned,Clermont East - Big Crk 3 138 kV
11464,L:10287:10296:138,2016-02-07 19:00:00,2016-02-18 19:00:00,planned,Geneden Substation - Coffeeville 138 kV #1
5227,L:7317:7332:138,2016-02-12 19:00:00,2016-02-19 19:00:00,planned,Dormont - Marshall Wind Farm 138 kV Line 1
11291,L:10233:10237:138,2016-02-13 19:00:00,2016-02-24 19:00:00,planned,St. Martins - Upsco 138 kV Line 1
474,L:5212:5767:138,2016-02-10 19:00:00,2016-02-11 19:00:00,planned,Wine Crk Station - Tweedy Substation 138 kV line
11245,L:10204:10206:138,2016-02-11 19:00:00,2016-02-29 19:00:00,planned,Spiritwood Station - Waters 138 kV #1
7310,L:8321:8322:138,2016-02-12 19:00:00,2016-02-21 19:00:00,planned,Peavine Substation - Astoria 138 kV Cir. 2
15865,L:19270:19271:100,2016-02-09 19:00:00,2016-02-11 19:00:00,planned,Cherokee County Cogen - Plaster Substation 100 kV
16086,L:19384:19399:100,2016-02-04 19:00:00,2016-02-22 19:00:00,planned,Trout Lake Ese - Mormon Flat Dam 100 kV Circuit 1
5517,L:7484:7580:138,2016-02-04 19:00:00,2016-02-15 19:00:00,planned,Bond-Elk Grove Florin - Midway-Siena 138 kV Cir. 1
19321,L:22828:23528:100,2016-02-05 19:00:00,2016-02-23 19:00:00,planned,Aiyansh - Prevost 100 kV
1477,L:5677:5972:345,2016-02-26 19:00:00,2016-02-29 19:00:00,planned,Yards Creek - Hayfork 345 kV Cir. 1
14961,L:18854:18856:100,2016-02-26 19:00:00,2016-03-01 19:00:00,planned,East Marysville - Sugarloaf 100 kV
535,L:5237:5999:345,2016-02-27 19:00:00,2016-03-05 19:00:00,planned,Cummings - Mount Laurel Substation 345 kV
1713,L:5815:5816:138,2016-02-24 19:00:00,2016-02-27 19:00:00,planned,Manchaca - Willow Glen 138 kV
20834,L:23409:23417:100,2016-02-24 19:00:00,2016-03-15 19:00:00,planned,Bay De Noc - Beck St 100 kV #1
14162,L:18476:18478:138,2016-02-28 19:00:00,2016-03-10 19:00:00,planned,Cane Run Switching - Elk City Llc 138 kV Circuit 1
13630,L:18143:18388:138,2016-02-29 19:00:00,2016-03-17 19:00:00,planned,Granite Hills Tap - Royalton 138 kV Cir. 1
20197,L:23112:23524:100,2016-03-02 19:00:00,2016-03-03 19:00:00,planned,Haines - Wells St 100 kV Cir. 1
12530,L:17230:17796:138,2016-02-28 19:00:00,2016-03-09 19:00:00,planned,Oak Creek - Stone Substation 138 kV #1
19299,L:22826:23184:100,2016-03-03 19:00:00,2016-03-19 19:00:00,planned,S Shaftbury - Dodge Jct 100 kV #1
12237,L:17003:17582:138,2016-02-28 19:00:00,2016-03-09 19:00:00,planned,Ge3 - Weyerhaeuser Co 138 kV line
20309,L:23147:23159:100,2016-02-24 19:00:00,2016-02-29 19:00:00,planned,Fall Riv - Acec Winnebago 100 kV Ckt 1
4212,L:6963:6968:138,2016-03-03 19:00:00,2016-03-16 19:00:00,planned,Monrovia - Nesit 138 kV Cir. 1
17349,L:19891:19896:100,2016-03-02 19:00:00,2016-03-17 19:00:00,planned,S Berwick - York Ctr 100 kV Line 1
19590,L:22888:23492:100,2016-02-28 19:00:00,2016-02-29 19:00:00,planned,Henagar - Nw Term 100 kV
10016,L:9633:18368:345,2016-03-03 19:00:00,2016-03-08 19:00:00,planned,Wec - Kean Mtn And Grassy Crk 345 kV Ckt 1
15367,L:19035:19094:230,2016-02-24 19:00:00,2016-02-29 19:00:00,planned,Hiwasee Riv - Lucent 230 kV
13974,L:18342:18343:138,2016-02-26 19:00:00,2016-03-09 19:00:00,planned,Chiriaco - Leon 138 kV Ckt 1
12930,L:17697:17698:138,2016-02-28 19:00:00,2016-03-07 19:00:00,planned,Calistoga 199 - Leake 138 kV #1
20571,L:23276:23291:100,2016-03-01 19:00:00,2016-03-21 19:00:00,planned,Covanta Wallingford Energy - Bear Crk 100 kV L
14105,L:18433:18434:138,2016-03-01 19:00:00,2016-03-12 19:00:00,planned,Serfgen - Ta3 138 kV
13692,L:18175:18181:138,2016-03-03 19:00:00,2016-03-13 19:00:00,planned,Broadford 2 - Glenn-Colusa Irrig 138 kV
19484,L:22871:22886:100,2016-03-01 19:00:00,2016-03-06 19:00:00,planned,Flax Hill Substation - Woodchuck 100 kV
3087,L:6314:6981:138,2016-02-28 19:00:00,2016-03-17 19:00:00,planned,Frackville - Falling Water 138 kV #1
18784,L:21989:22765:230,2016-02-24 19:00:00,2016-03-11 19:00:00,planned,Canamah - Mount Holy 230 kV Ckt 1
18343,L:21038:21043:100,2016-02-26 19:00:00,2016-03-16 19:00:00,planned,Constanine Hydro - Corey 100 kV Ckt 1
16973,L:19735:19928:100,2016-03-01 19:00:00,2016-03-11 19:00:00,planned,St. Charles Power Plant - Seal Ock 100 kV Line 1
6081,L:7767:19648:138,2016-02-26 19:00:00,2016-03-12 19:00:00,planned,Brassua Hydroelectric Project - Aes Columbia Power 138 kV Line 1
7604,L:8456:8511:138,2016-03-02 19:00:00,2016-03-13 19:00:00,planned,Rubicon - Grant Hill 138 kV Circuit 1
17722,L:20071:20131:100,2016-02-23 19:00:00,2016-02-26 19:00:00,planned,Carr Substation - Dayton'S Bluff 100 kV Line
12656,L:17357:17359:138,2016-03-01 19:00:00,2016-03-20 19:00:00,planned,North City - Sugarmill 138 kV Ckt 1
18684,L:21784:21806:100,2016-02-23 19:00:00,2016-03-02 19:00:00,planned,Moreau - E Mesa 2 Substation 100 kV
12098,L:16925:16926:138,2016-02-26 19:00:00,2016-02-28 19:00:00,planned,Sahtlam - Smi 138 kV
8051,L:8678:8679:138,2016-03-02 19:00:00,2016-03-21 19:00:00,planned,Rome - Rossville 138 kV #1
3496,L:6514:6657:138,2016-02-26 19:00:00,2016-03-12 19:00:00,planned,King St - Wapato 138 kV Line
9294,L:9239:9250:138,2016-02-27 19:00:00,2016-03-09 19:00:00,planned,Igersoll Rand - Bethlehem Power Plant 138 kV Cir. 1
12526,L:17228:17471:138,2016-02-29 19:00:00,2016-03-13 19:00:00,planned,Upland - Las Cruces 138 kV Line 1
20289,L:23143:23147:100,2016-02-23 19:00:00,2016-02-28 19:00:00,planned,Lisle Substation - Fall Riv 100 kV #1
18833,L:22018:22020:100,2016-02-26 19:00:00,2016-03-06 19:00:00,planned,Trap Falls - Yahuecas 8203 100 kV Line 1
17907,L:20177:20203:230,2016-03-03 19:00:00,2016-03-12 19:00:00,planned,Dededo - Water 230 kV
3487,L:6513:7096:345,2016-02-28 19:00:00,2016-03-04 19:00:00,planned,Market St - Archbald Power Station 345 kV Cir. 1
20517,L:23256:23397:100,2016-03-03 19:00:00,2016-03-16 19:00:00,planned,Toston - Starkey Gulch 100 kV
6067,L:7762:7763:138,2016-02-27 19:00:00,2016-03-17 19:00:00,planned,Norris Dam - Kosuth 138 kV Cir. 1
19695,L:22927:22956:100,2016-02-24 19:00:00,2016-03-03 19:00:00,planned,Olinda - Janson Ln Substation 100 kV Line 1
14635,L:18725:19362:100,2016-03-02 19:00:00,2016-03-09 19:00:00,planned,Wagon Mound - Central Plains Wind Farm 100 kV #1
9264,L:9223:9387:138,2016-02-27 19:00:00,2016-02-29 19:00:00,planned,Galesburg Monmouth Boulevard - Cartes 138 kV Cir. 1
15235,L:18975:18978:100,2016-02-25 19:00:00,2016-02-29 19:00:00,planned,Nelway - Puerto De Ponce Substation 100 kV #1
13400,L:18007:18008:138,2016-02-23 19:00:00,2016-03-03 19:00:00,planned,Round Rock - Bracketville 138 kV #1
9646,L:9409:18440:138,2016-02-26 19:00:00,2016-03-03 19:00:00,planned,Mount Si - Kimballton 138 kV #1
9960,L:9608:9611:138,2016-02-23 19:00:00,2016-03-04 19:00:00,planned,Ou Spirit Wind Farm - Abingdon 138 kV #1
18728,L:21835:21842:100,2016-02-26 19:00:00,2016-03-15 19:00:00,planned,Tennoll - Hartford City 100 kV Line 1
15526,L:19100:19102:100,2016-02-27 19:00:00,2016-03-01 19:00:00,planned,Estacaa - Flambeau Solar Partners 100 kV Circuit 1
1113,L:5514:5516:138,2016-03-03 19:00:00,2016-03-21 19:00:00,planned,Charlton Street - Keene 138 kV Ckt 1
2892,L:6225:7135:345,2016-02-29 19:00:00,2016-03-01 19:00:00,planned,Mill Seat Renewable Energy Facility - Shred 345 kV Cir. 1
40,L:2650:5199:138,2016-02-25 19:00:00,2016-02-28 19:00:00,planned,Kirby - Jamacha Tap 138 kV
19377,L:22843:23499:100,2016-02-29 19:00:00,2016-03-15 19:00:00,planned,North Troy - Georgia Pacific Paper 100 kV
13155,L:17879:18164:345,2016-02-27 19:00:00,2016-03-18 19:00:00,planned,Wallingford - Bridgeport Energy Substation 345 kV #1
6041,L:7751:7764:138,2016-02-26 19:00:00,2016-03-05 19:00:00,planned,Beechwood Dp - Western Fher 138 kV Cir. 1
11157,L:10142:10289:138,2016-02-29 19:00:00,2016-03-11 19:00:00,planned,Bridle Trails - Thorndike Substation 138 kV
17803,L:20099:20105:100,2016-02-27 19:00:00,2016-03-16 19:00:00,planned,Sub 20105 - Don Julio-Lorac Vista 100 kV Circuit 1
9099,L:9141:9196:138,2016-04-02 08:00:00,2016-04-12 08:00:00,planned,East Longmeadow - Las Monjas 1416 138 kV
21360,L:23820:23877:100,2016-03-30 08:00:00,2016-04-14 08:00:00,planned,Spartanburg Water System - Leander 100 kV #1
13529,L:18072:18079:138,2016-03-29 08:00:00,2016-04-06 08:00:00,planned,Cooper Crk - Lawrenceville S 138 kV Cir. 1
12073,L:16915:17385:138,2016-04-02 08:00:00,2016-04-05 08:00:00,planned,Opp - Yale 138 kV line
16324,L:19524:19528:100,2016-03-31 08:00:00,2016-04-12 08:00:00,planned,Wolverine Crk - East Murray 100 kV Cir. 1
12173,L:16983:16984:138,2016-04-02 08:00:00,2016-04-07 08:00:00,planned,Bullittsville - Boeing Longacres 138 kV
19809,L:22969:23500:100,2016-04-04 08:00:00,2016-04-18 08:00:00,planned,Segs 3 - Messick 100 kV Line 1
12607,L:17324:17325:138,2016-04-05 08:00:00,2016-04-08 08:00:00,planned,Galion - Bear Creek Dam 138 kV Ckt 1
12853,L:17610:17611:138,2016-04-06 08:00:00,2016-04-26 08:00:00,planned,Broadview - Hillje 138 kV
19480,L:22869:22900:100,2016-04-06 08:00:00,2016-04-19 08:00:00,planned,Lamping Station - S Bradley 100 kV Circuit 1
13460,L:18041:18043:138,2016-03-29 08:00:00,2016-04-13 08:00:00,planned,Wartburg - Contra Costa 3 138 kV #1
365,L:5159:5331:138,2016-03-31 08:00:00,2016-04-14 08:00:00,planned,Barnesville - Elk River City Of Substation 138 kV Ckt 1
1477,L:5677:5972:345,2016-03-29 08:00:00,2016-04-11 08:00:00,planned,Hayfork - Yards Crk 345 kV Line 1
14342,L:18610:18624:138,2016-04-06 08:00:00,2016-04-10 08:00:00,planned,Walton - Holtsville Mgu 138 kV L
14751,L:18772:18877:230,2016-03-28 08:00:00,2016-04-12 08:00:00,planned,Pleasure Ridge - Woodlawn 230 kV #1
14006,L:18364:18367:138,2016-04-03 08:00:00,2016-04-11 08:00:00,planned,Hamilton Wolfe Road - Belcher Mtn 138 kV
15278,L:18995:19054:100,2016-03-31 08:00:00,2016-04-09 08:00:00,planned,Allatoona - Sugarcreek 100 kV Cir. 2
2761,L:6159:6180:138,2016-04-01 08:00:00,2016-04-02 08:00:00,planned,Dana - Ocean Road 138 kV
11020,L:10068:10070:138,2016-04-05 08:00:00,2016-04-09 08:00:00,planned,Usaa 1 - Corners 138 kV
5071,L:7234:8227:138,2016-04-04 08:00:00,2016-04-11 08:00:00,planned,Bristol - Hewitt Road - Air Liquie 138 kV Ckt 1
6564,L:8026:8027:138,2016-04-02 08:00:00,2016-04-07 08:00:00,planned,Alley Park - New Hollandale 138 kV Circuit 1
13974,L:18342:18343:138,2016-03-28 08:00:00,2016-04-13 08:00:00,planned,Leon - Chiriaco 138 kV line
720,L:5320:6891:138,2016-03-28 08:00:00,2016-03-29 08:00:00,planned,Cartwright - Cuthbert 138 kV Ckt 1
3441,L:6488:6501:138,2016-04-05 08:00:00,2016-04-22 08:00:00,planned,Devine - Bunker 2 Tap 138 kV Line 1
5017,L:7215:7253:138,2016-03-30 08:00:00,2016-04-07 08:00:00,planned,Gwinn - Mcclellan-Bell 138 kV Circuit 1
11950,L:16192:16812:138,2016-04-04 08:00:00,2016-04-14 08:00:00,planned,Vilas - Jonesborough 138 kV Cir. 1
4395,L:7068:7115:138,2016-04-04 08:00:00,2016-04-11 08:00:00,planned,Hamilton Pa - Casky 138 kV Ckt 1
18825,L:22016:22025:100,2016-03-31 08:00:00,2016-04-14 08:00:00,planned,Dunlap - Shawboro 100 kV
15285,L:18998:19539:100,2016-03-31 08:00:00,2016-04-06 08:00:00,planned,N Bench - Sykes Road 100 kV line
19733,L:22943:22957:100,2016-04-04 08:00:00,2016-04-09 08:00:00,planned,Winthrop - Morganton Sta 5 100 kV Line 1
1594,L:5739:5757:138,2016-04-01 08:00:00,2016-04-12 08:00:00,planned,Murfreesboro Road - Garvins Falls 138 kV Line 1
8136,L:8706:9705:138,2016-04-06 08:00:00,2016-04-10 08:00:00,planned,Albatross - Alto 138 kV
9697,L:9437:9438:138,2016-03-30 08:00:00,2016-04-01 08:00:00,planned,Mckamy - Trincomali 138 kV #1
491,L:5223:5539:138,2016-04-06 08:00:00,2016-04-07 08:00:00,planned,Middleburg - Milton R Young 138 kV Circuit 1
20260,L:23136:23152:100,2016-04-03 08:00:00,2016-04-13 08:00:00,planned,Nebraska City - Ponoma Substation 100 kV Line 1
6169,L:7814:7815:138,2016-03-28 08:00:00,2016-04-11 08:00:00,planned,Kahe 2 - Ranchtown 138 kV Ckt 1
20175,L:23104:23118:100,2016-03-31 08:00:00,2016-04-02 08:00:00,planned,Davey Town Substation - Pontcharrain Park 100 kV Line 1
288,L:5123:5149:138,2016-03-31 08:00:00,2016-04-06 08:00:00,planned,Falls City - Navy Mole 138 kV Cir. 1
12541,L:17237:17783:138,2016-04-06 08:00:00,2016-04-16 08:00:00,planned,New London Avenue - Tumbler Ridge 138 kV #1
16912,L:19709:19715:100,2016-04-01 08:00:00,2016-04-10 08:00:00,planned,Rockview - Charles R Lowman 100 kV
14878,L:18827:19275:230,2016-04-03 08:00:00,2016-04-23 08:00:00,planned,Aqualinda - Drouet 230 kV Circuit 1
19379,L:22844:23450:100,2016-04-05 08:00:00,2016-04-15 08:00:00,planned,Jax Hts - Franklin Park 100 kV
19895,L:22990:23441:100,2016-04-02 08:00:00,2016-04-08 08:00:00,planned,Carmel Rohrer - Lakeside 2 100 kV Cir. 1
3093,L:6317:6320:138,2016-04-05 08:00:00,2016-04-18 08:00:00,planned,N Bonneville - Schultz 138 kV #1
9856,L:9546:9556:138,2016-03-28 08:00:00,2016-04-01 08:00:00,planned,Sweetwater - Mathew Substation 138 kV Circuit 1
15433,L:19060:19063:100,2016-04-06 08:00:00,2016-04-15 08:00:00,planned,Morgan County - Ironwood 100 kV #1
8443,L:8847:8858:138,2016-04-04 08:00:00,2016-04-10 08:00:00,planned,Standard Oil 5 - Engle-Eastern Tap 138 kV
19383,L:22845:22998:100,2016-04-02 08:00:00,2016-04-19 08:00:00,planned,Hydville - Crown 100 kV Cir. 1
16510,L:19562:19566:230,2016-04-05 08:00:00,2016-04-15 08:00:00,planned,Pawtucket Power Associates - Gist Crk 230 kV Circuit 1
5770,L:7606:7610:138,2016-03-30 08:00:00,2016-04-02 08:00:00,planned,Castro Vly - Wasson Switching 138 kV Circuit 1
1624,L:5755:5924:345,2016-03-30 08:00:00,2016-03-31 08:00:00,planned,Mount Tom Substation - Rochester 345 kV #1
10421,L:9770:10265:138,2016-03-29 08:00:00,2016-04-14 08:00:00,planned,Walthall - Geysers Tap 2 138 kV Cir. 1
16903,L:19705:20258:230,2016-04-02 08:00:00,2016-04-10 08:00:00,planned,Sycamore Canyon - Miguel 230 kV Line 1
15478,L:19076:19094:100,2016-03-29 08:00:00,2016-04-01 08:00:00,planned,Taylor Substation - Lucent 100 kV Cir. 2
2746,L:6156:6841:138,2016-03-31 08:00:00,2016-04-07 08:00:00,planned,Des Moines Substation - Apollo 138 kV Line 1
13491,L:18056:18072:138,2016-03-30 08:00:00,2016-04-18 08:00:00,planned,Cooper Crk - Gladeview 138 kV
637,L:5284:6903:138,2016-04-04 08:00:00,2016-04-08 08:00:00,planned,Sickler - Clayton 138 kV Ckt 1
3653,L:6598:6601:138,2016-04-03 08:00:00,2016-04-17 08:00:00,planned,Ruch - Bodhead 138 kV Circuit 1
16701,L:19604:20234:100,2016-05-25 18:00:00,2016-06-05 18:00:00,planned,West Dallas Tap - Mccrtney Substation 100 kV #1
10258,L:9696:9850:138,2016-05-27 18:00:00,2016-06-06 18:00:00,planned,Bell Haven Substation - Viriginia Hills 138 kV Cir. 1
3221,L:6377:6401:138,2016-05-30 18:00:00,2016-06-10 18:00:00,planned,Crivitz Substation - Lemolo Powerplant Number 2 138 kV L
14062,L:18398:18608:138,2016-05-28 18:00:00,2016-06-12 18:00:00,planned,Staples - Surrey 138 kV #1
1456,L:5671:5795:138,2016-05-31 18:00:00,2016-06-11 18:00:00,planned,Nagel - Needham 138 kV #1
5036,L:7222:7302:138,2016-05-23 18:00:00,2016-05-26 18:00:00,planned,Walton Discover Power Facility - Elbe 138 kV Circuit 1
10510,L:9812:10309:138,2016-05-26 18:00:00,2016-05-27 18:00:00,planned,Kevlar - Marlboro 138 kV
13607,L:18128:18129:138,2016-05-27 18:00:00,2016-06-15 18:00:00,planned,Florida City - Stelco 138 kV
8653,L:8961:8972:138,2016-05-31 18:00:00,2016-06-03 18:00:00,planned,Ritchie - Oak Grove 138 kV Line 1
2445,L:6024:8621:138,2016-05-30 18:00:00,2016-06-01 18:00:00,planned,Defrain - Northview 138 kV Line 1
15898,L:19288:19586:500,2016-05-31 18:00:00,2016-06-05 18:00:00,planned,Great Lakes - Adkins 500 kV Circuit 1
14342,L:18610:18624:138,2016-05-29 18:00:00,2016-06-07 18:00:00,planned,Walton - Holtsville Mgu 138 kV
19775,L:22958:22963:100,2016-05-23 18:00:00,2016-05-25 18:00:00,planned,Tower Automotive - Hegewisch 100 kV Cir. 1
1438,L:5664:5828:138,2016-05-22 18:00:00,2016-06-11 18:00:00,planned,Cavendish - Gould City Sw Sta 138 kV Ckt 1
9094,L:9140:9146:138,2016-05-23 18:00:00,2016-06-03 18:00:00,planned,Clifton Forge - Heights Reit 138 kV #1
5579,L:7515:8259:138,2016-05-29 18:00:00,2016-06-16 18:00:00,planned,Deer Park Energy Ctr - Lytton Springs 138 kV #1
10906,L:9995:10302:138,2016-05-26 18:00:00,2016-05-27 18:00:00,planned,Northeast - Lucky 138 kV #1
2462,L:6029:8614:138,2016-05-28 18:00:00,2016-06-01 18:00:00,planned,Cove Avenue - Whitehurst Substation 138 kV #1
13984,L:18348:18707:138,2016-05-26 18:00:00,2016-06-03 18:00:00,planned,Progress Energy Electric-Belleview - Sporn 138 kV Circuit 1
17840,L:20134:20136:100,2016-05-23 18:00:00,2016-06-10 18:00:00,planned,Praire Crk - Incline 100 kV Ckt 1
1102,L:5512:6211:138,2016-05-26 18:00:00,2016-06-10 18:00:00,planned,Vega Alta 9101-9105 - New Barnesville 138 kV #1
14623,L:18719:18774:100,2016-05-23 18:00:00,2016-05-25 18:00:00,planned,Harvest Power Orlando - Villas De Castro 3013 100 kV Cir. 1
9274,L:9228:9408:138,2016-05-25 18:00:00,2016-06-03 18:00:00,planned,Dunnellon Substation - Greater Detroit Resource Recovery 138 kV #1
2830,L:6198:6200:345,2016-05-23 18:00:00,2016-06-08 18:00:00,planned,Utica Junction - Forest City Light Plant 345 kV Line 1
15915,L:19295:19509:100,2016-05-22 18:00:00,2016-06-02 18:00:00,planned,20Th St - Patchogue 100 kV #1
9278,L:9229:9628:138,2016-05-30 18:00:00,2016-06-01 18:00:00,planned,Spring Street - Nelson Dewey Sw Yd 138 kV Line 1
7948,L:8632:8871:138,2016-05-28 18:00:00,2016-06-12 18:00:00,planned,Mount Zion - Oliver Dam 138 kV #1
17433,L:19933:19935:100,2016-06-15 17:00:00,2016-06-23 17:00:00,planned,Denmark - Azalea 100 kV Ckt 1
14004,L:18363:18387:138,2016-06-16 17:00:00,2016-07-04 17:00:00,planned,Mullens - Bandera 138 kV Line 1
19579,L:22886:22889:100,2016-06-12 17:00:00,2016-06-28 17:00:00,planned,Flax Hill Substation - Higbee 100 kV #1
5178,L:7286:7395:138,2016-06-12 17:00:00,2016-06-20 17:00:00,planned,Ss3143 - Lakegen 138 kV Circuit 1
15309,L:19010:19107:100,2016-06-13 17:00:00,2016-06-14 17:00:00,planned,Randle - Blackberry 100 kV Line 1
7699,L:8493:8503:138,2016-06-19 17:00:00,2016-07-02 17:00:00,planned,Sparrows Point - Amazon Maryland Dca1 138 kV Ckt 1
17969,L:20216:20224:100,2016-06-14 17:00:00,2016-06-25 17:00:00,planned,Newton Bulk - Girard 100 kV L
8129,L:8704:8899:138,2016-06-14 17:00:00,2016-06-17 17:00:00,planned,Movie - Mitchell Northwest 138 kV Ckt 1
9522,L:9351:9359:138,2016-06-18 17:00:00,2016-06-23 17:00:00,planned,Wansley Combined Cycle - 22Nd St 138 kV
18353,L:21041:22022:230,2016-06-11 17:00:00,2016-06-27 17:00:00,planned,Thre Rivers - Concord 230 kV Circuit 1
9408,L:9297:9529:138,2016-06-18 17:00:00,2016-06-27 17:00:00,planned,Jacksons Ferry - Chisholm 138 kV Ckt 1
12241,L:17006:17007:138,2016-06-20 17:00:00,2016-06-27 17:00:00,planned,Union Ctr - C D Mcintosh Jr 138 kV Cir. 1
11071,L:10099:10304:138,2016-06-18 17:00:00,2016-06-23 17:00:00,planned,Lake Kingman - S Bellevue Substation 138 kV Cir. 1
5746,L:7594:7596:138,2016-06-16 17:00:00,2016-06-28 17:00:00,planned,Parr Substation - Ebensburg Power 138 kV
8276,L:8773:8797:138,2016-06-13 17:00:00,2016-06-30 17:00:00,planned,Lawrence Livermore - Julia 138 kV Line 1
14161,L:18475:18478:138,2016-06-19 17:00:00,2016-07-06 17:00:00,planned,Greenville Steam - Elk City Llc 138 kV
20350,L:23167:23189:100,2016-06-11 17:00:00,2016-06-27 17:00:00,planned,Route 59 - Spring Brook 100 kV Ckt 2
20420,L:23194:23329:100,2016-06-14 17:00:00,2016-07-01 17:00:00,planned,Shaky Joe Swamp Tap - Scott 100 kV Circuit 1
16227,L:19471:19493:100,2016-06-18 17:00:00,2016-07-07 17:00:00,planned,Payne - College Lake 100 kV #1
15233,L:18974:19558:100,2016-06-14 17:00:00,2016-06-27 17:00:00,planned,Pitchgen - H B Robinson 100 kV Ckt 1
17524,L:19975:20001:100,2016-06-18 17:00:00,2016-06-26 17:00:00,planned,Cambridge - Frey 100 kV Circuit 1
8170,L:8715:8939:138,2016-06-13 17:00:00,2016-07-02 17:00:00,planned,Cloverbank - Vaseaux Lake 138 kV Line 2
18072,L:20269:22708:500,2016-06-18 17:00:00,2016-06-28 17:00:00,planned,Montpelier Electric Generating Sta - Spanish Creek 500 kV Circuit 1
8909,L:9078:9104:345,2016-06-12 17:00:00,2016-06-23 17:00:00,planned,Conowingo - Hogan 345 kV Circuit 1
8676,L:8977:8983:138,2016-06-19 17:00:00,2016-06-29 17:00:00,planned,Grasonville - Marble 138 kV
17885,L:20159:20178:100,2016-06-13 17:00:00,2016-06-20 17:00:00,planned,Timken - Volcano 100 kV line
13106,L:17843:18620:138,2016-06-15 17:00:00,2016-06-22 17:00:00,planned,Hubbardstown Substation - Fortson 138 kV Line
11243,L:10203:10204:138,2016-06-17 17:00:00,2016-06-28 17:00:00,planned,Spiritwood Sta - Suffolk 138 kV Circuit 1
14679,L:18741:19574:100,2016-06-12 17:00:00,2016-06-28 17:00:00,planned,Mcewen - St Marys 100 kV
12176,L:16983:17574:138,2016-06-19 17:00:00,2016-06-27 17:00:00,planned,Boeing Longacres - W Fork 138 kV Line 1
19838,L:22975:23032:100,2016-07-25 16:00:00,2016-08-03 16:00:00,planned,Valerie - Wellsville 100 kV
19906,L:22996:23026:100,2016-07-25 16:00:00,2016-07-28 16:00:00,planned,Halesite - Fenner 100 kV L
15798,L:19231:19239:100,2016-07-17 16:00:00,2016-07-21 16:00:00,planned,Bayou Chico - Rock Tavern 100 kV Ckt 1
1446,L:5670:5842:138,2016-07-20 16:00:00,2016-07-30 16:00:00,planned,Big Crk - Biola 138 kV
3044,L:6297:8354:138,2016-07-24 16:00:00,2016-08-02 16:00:00,planned,S Whitehall - Menaul Tap 138 kV
15093,L:18912:19045:100,2016-07-22 16:00:00,2016-08-01 16:00:00,planned,Forest Avenue Sta - Port Edwards Mill 100 kV #1
5675,L:7555:7557:345,2016-07-24 16:00:00,2016-08-11 16:00:00,planned,Lions Rd - Norfolk Street 345 kV Line 1
3614,L:6582:6583:138,2016-07-21 16:00:00,2016-08-05 16:00:00,planned,Overton 2 - Rock-Tenn Mill 138 kV
18585,L:21750:21752:100,2016-07-22 16:00:00,2016-07-23 16:00:00,planned,Decatur - S Decatur 100 kV #1
319,L:5136:5157:345,2016-07-23 16:00:00,2016-08-11 16:00:00,planned,Medical Ctr - Kasson Tap 2 345 kV Cir. 1
1307,L:5602:5858:138,2016-07-17 16:00:00,2016-08-04 16:00:00,planned,Seagoville - Tittabawassee 138 kV
1055,L:5493:5990:138,2016-07-23 16:00:00,2016-08-07 16:00:00,planned,Fair Oaks - Fay St 138 kV Cir. 1
8643,L:8952:8953:138,2016-07-23 16:00:00,2016-08-05 16:00:00,planned,Boulder Basin - Nasa 138 kV Line 1
10038,L:9641:9658:138,2016-07-21 16:00:00,2016-07-30 16:00:00,planned,Bremo Bluff - Buhl 138 kV Line
2301,L:5981:5988:138,2016-07-23 16:00:00,2016-07-29 16:00:00,planned,Benndale - Pirkey 138 kV Line 2
10049,L:9643:9653:138,2016-07-22 16:00:00,2016-08-10 16:00:00,planned,Louisa Generation Facility - Jim Branch 138 kV Line 1
4914,L:7177:7220:138,2016-07-24 16:00:00,2016-08-07 16:00:00,planned,Imhoff Tap 2 Substation - Sagamore Plant Cogeneration 138 kV
17852,L:20142:20148:100,2016-07-24 16:00:00,2016-08-04 16:00:00,planned,Cahllia - Canas Tc 100 kV Circuit 1
9856,L:9546:9556:138,2016-07-17 16:00:00,2016-07-21 16:00:00,planned,Sweetwater - Mathew 138 kV Ckt 1
19178,L:22777:23108:100,2016-07-17 16:00:00,2016-07-30 16:00:00,planned,Whitewater - Argeta 100 kV
13222,L:17919:18205:138,2016-07-16 16:00:00,2016-07-28 16:00:00,planned,Seier - Holgate 138 kV
7875,L:8590:8593:138,2016-07-25 16:00:00,2016-08-07 16:00:00,planned,Sunderland - K St 138 kV Cir. 1
10756,L:9927:9928:138,2016-07-25 16:00:00,2016-07-31 16:00:00,planned,Wheeler - South Christianburg 138 kV #1
19900,L:22994:23176:100,2016-07-23 16:00:00,2016-08-12 16:00:00,planned,Oak Brook - Bonney Lake 100 kV #1
12290,L:17033:17036:138,2016-07-19 16:00:00,2016-07-26 16:00:00,planned,Palaau Power - Marine Air Base 138 kV Cir. 1
16289,L:19508:19547:100,2016-07-21 16:00:00,2016-07-25 16:00:00,planned,Dover - Grand Coulee 2 100 kV Cir. 1
9866,L:9551:9556:138,2016-07-25 16:00:00,2016-08-04 16:00:00,planned,Mt. View - Mathew 138 kV Circuit 1
14241,L:18535:18585:138,2016-07-18 16:00:00,2016-08-01 16:00:00,planned,Gadsden - Wimbledon Substation 138 kV #1
20370,L:23171:23187:100,2016-07-16 16:00:00,2016-07-18 16:00:00,planned,Endako Cust - Maguire Rd 100 kV Circuit 2
21435,L:24037:24038:100,2016-07-25 16:00:00,2016-08-02 16:00:00,planned,Wilmot - Hoodoo Wash 100 kV Cir. 1
580,L:5256:5941:138,2016-07-23 16:00:00,2016-08-04 16:00:00,planned,Second Fork Substation - Levittown 138 kV Line 1
9427,L:9307:9355:138,2016-07-25 16:00:00,2016-08-10 16:00:00,planned,North Huntington - Hebron 138 kV Circuit 1
19967,L:23015:23155:100,2016-07-17 16:00:00,2016-07-26 16:00:00,planned,Scot - Aec 300 100 kV #1
9586,L:9380:9667:138,2016-07-22 16:00:00,2016-08-05 16:00:00,planned,Penhook - Leesville 138 kV Ckt 1
9045,L:9118:9119:138,2016-08-10 16:00:00,2016-08-25 16:00:00,planned,Canal - Booneville 138 kV #1
20316,L:23149:23188:100,2016-08-03 16:00:00,2016-08-14 16:00:00,planned,S Carthage - Bayfield 100 kV
3926,L:6758:6784:138,2016-08-12 16:00:00,2016-08-28 16:00:00,planned,Barbadoes - Walnut Wind Farm 138 kV Line
16207,L:19451:20261:230,2016-08-03 16:00:00,2016-08-10 16:00:00,planned,Chaska Sw Station - Galion Generating Sta 230 kV #1
15694,L:19188:19275:230,2016-08-04 16:00:00,2016-08-15 16:00:00,planned,Barrett - Drouet 230 kV #1
1050,L:5492:5515:138,2016-08-10 16:00:00,2016-08-24 16:00:00,planned,Engle-Eastern - Ash Street 138 kV L
4740,L:7139:8629:345,2016-08-10 16:00:00,2016-08-20 16:00:00,planned,Northwest Tap - Athens 345 kV
6185,L:7819:7820:138,2016-08-06 16:00:00,2016-08-22 16:00:00,planned,Boulevard - Friendship 138 kV
8264,L:8765:9064:138,2016-08-04 16:00:00,2016-08-05 16:00:00,planned,Crowleys - Deep Crk Substation 138 kV Line
10375,L:9751:10210:138,2016-08-06 16:00:00,2016-08-20 16:00:00,planned,Oshkosh - Grantsville 138 kV Circuit 1
19087,L:22593:22766:100,2016-08-08 16:00:00,2016-08-18 16:00:00,planned,German - Colfx 100 kV Cir. 1
7267,L:8300:8387:138,2016-08-06 16:00:00,2016-08-14 16:00:00,planned,Mckee Run - Nrg Energy Center Dover 138 kV Line 1
11607,L:10354:10358:138,2016-08-12 16:00:00,2016-08-15 16:00:00,planned,Tollgate - Greens Road 138 kV line
4227,L:6974:6977:138,2016-08-09 16:00:00,2016-08-19 16:00:00,planned,Compo - Shelline 138 kV Ckt 1
7377,L:8357:9039:138,2016-08-06 16:00:00,2016-08-09 16:00:00,planned,Luquillo 2201 - Bethpage 138 kV
1326,L:5609:5662:138,2016-08-05 16:00:00,2016-08-12 16:00:00,planned,Seatac - Renaissance Station 138 kV Ckt 1
5853,L:7663:7666:138,2016-08-05 16:00:00,2016-08-13 16:00:00,planned,Sta 153 - S Baltimore 138 kV #1
3125,L:6330:6825:138,2016-08-07 16:00:00,2016-08-13 16:00:00,planned,Newton - Pine Tree Acres Wm Lfgte 138 kV Line 1
15645,L:19165:19405:100,2016-08-10 16:00:00,2016-08-27 16:00:00,planned,Ncpa 3&4 - Soutfield 100 kV Cir. 1
17952,L:20204:20205:100,2016-08-10 16:00:00,2016-08-13 16:00:00,planned,Hills - Genoa 100 kV L
7041,L:8257:20040:500,2016-08-08 16:00:00,2016-08-12 16:00:00,planned,Westland - Tartesso 500 kV
9680,L:9426:9430:138,2016-08-12 16:00:00,2016-08-13 16:00:00,planned,Sinai - Halifax 138 kV
18284,L:20993:21004:100,2016-08-10 16:00:00,2016-08-12 16:00:00,planned,Marcos - Glasscock 100 kV Cir. 1
2894,L:6226:6227:138,2016-08-05 16:00:00,2016-08-17 16:00:00,planned,Marysville Substation - Oxford 138 kV Circuit 1
20628,L:23298:23299:100,2016-08-03 16:00:00,2016-08-08 16:00:00,planned,Mars Hill - N Wenatchee 100 kV
14782,L:18790:19203:100,2016-08-07 16:00:00,2016-08-13 16:00:00,planned,San Bruno Substation - Indeck West Enfield Energy Center 100 kV Ckt 1
9882,L:9562:9603:138,2016-08-03 16:00:00,2016-08-06 16:00:00,planned,Claypool Hill - Coal Creek 138 kV Circuit 1
8638,L:8949:9089:345,2016-08-04 16:00:00,2016-08-22 16:00:00,planned,Chalk Pt - Columbus Denois Crk 345 kV Ckt 1
660,L:5293:6002:138,2016-08-12 16:00:00,2016-08-30 16:00:00,planned,Gloucester - Rec Laprairie 138 kV Cir. 1
6125,L:7793:7821:138,2016-08-11 16:00:00,2016-08-24 16:00:00,planned,Arpin - White River 138 kV Ckt 1
19038,L:22396:22401:100,2016-08-04 16:00:00,2016-08-16 16:00:00,planned,Millbrae - Anderson 100 kV Line 1
12425,L:17156:17587:138,2016-08-05 16:00:00,2016-08-21 16:00:00,planned,Brigham Rd - Acec Doylestown 138 kV Ckt 1
19308,L:22827:22993:230,2016-08-07 16:00:00,2016-08-15 16:00:00,planned,Seymour Johnson - Gray Summit 230 kV
15403,L:19052:19094:230,2016-08-03 16:00:00,2016-08-20 16:00:00,planned,Blue Ribbon - Lucent 230 kV
16837,L:19668:19671:100,2016-08-06 16:00:00,2016-08-25 16:00:00,planned,Aes Shady Pt Llc - W K Sanders 100 kV #1
11016,L:10065:10067:138,2016-08-04 16:00:00,2016-08-20 16:00:00,planned,Pine Tree Acres - Novec Paradise 138 kV #1
17870,L:20150:20154:100,2016-08-06 16:00:00,2016-08-26 16:00:00,planned,Beding - S E Canton 100 kV
14999,L:18866:19163:100,2016-08-12 16:00:00,2016-08-24 16:00:00,planned,Fayette Plant 1 - New Carlsle 100 kV Cir. 1
6640,L:8064:8065:138,2016-08-06 16:00:00,2016-08-13 16:00:00,planned,Macarthur - Leadville 138 kV
7857,L:8573:8576:138,2016-09-01 17:00:00,2016-09-09 17:00:00,planned,Barcelona - Purewater 138 kV Ckt 1
19913,L:23001:23004:100,2016-09-02 17:00:00,2016-09-05 17:00:00,planned,Skokie - Skokie 2 Substation 100 kV
16832,L:19665:20296:100,2016-09-07 17:00:00,2016-09-11 17:00:00,planned,Northward - Perry 100 kV
2904,L:6228:7106:138,2016-08-31 17:00:00,2016-09-03 17:00:00,planned,Wesco - Alamorio 138 kV
11294,L:10234:10246:138,2016-09-07 17:00:00,2016-09-19 17:00:00,planned,London Bridge - Sherbino I 138 kV Ckt 1
8174,L:8717:8927:138,2016-09-01 17:00:00,2016-09-11 17:00:00,planned,Grand Junction - Bouse Pumping Station 138 kV Ckt 1
20816,L:23402:23886:100,2016-09-05 17:00:00,2016-09-08 17:00:00,planned,Terminous Substation - Saltville 100 kV
12665,L:17366:17367:138,2016-09-07 17:00:00,2016-09-18 17:00:00,planned,Beneva Substation - Munk 138 kV
7705,L:8497:8811:138,2016-09-03 17:00:00,2016-09-16 17:00:00,planned,Dumas Substation - Kern Canyon 138 kV Line 1
16905,L:19706:19711:100,2016-09-06 17:00:00,2016-09-23 17:00:00,planned,Ninemile Pt Substation - Elm 100 kV
5559,L:7505:7512:138,2016-09-07 17:00:00,2016-09-22 17:00:00,planned,Princeton - Kenedy 138 kV Cir. 1
6476,L:7971:18427:138,2016-08-30 17:00:00,2016-09-07 17:00:00,planned,Hat Crk 2 - Fort Martin Substation 138 kV Ckt 1
15941,L:19309:19315:100,2016-09-01 17:00:00,2016-09-02 17:00:00,planned,Sam Dam - White House 100 kV Ckt 1
12092,L:16921:17386:138,2016-09-08 17:00:00,2016-09-20 17:00:00,planned,Biddeford Ip - Factory 138 kV Circuit 1
6837,L:8178:8197:138,2016-08-31 17:00:00,2016-09-04 17:00:00,planned,Ripple - Crane 138 kV
10009,L:9632:9636:138,2016-08-31 17:00:00,2016-09-03 17:00:00,planned,Yemassee - Seneca Terminal 138 kV Circuit 1
20772,L:23368:23431:100,2016-09-08 17:00:00,2016-09-26 17:00:00,planned,Neset 2 - Gila Riv 100 kV Ckt 1
7660,L:8481:8562:138,2016-09-05 17:00:00,2016-09-16 17:00:00,planned,Dillard-Orange - New Iberia 138 kV Cir. 1
7096,L:8266:8291:500,2016-09-06 17:00:00,2016-09-13 17:00:00,planned,Keystone - Armstrong 500 kV #1
4241,L:6981:6987:138,2016-09-05 17:00:00,2016-09-07 17:00:00,planned,Frackville - Epsy 138 kV Ckt 1
15458,L:19066:19109:100,2016-09-05 17:00:00,2016-09-20 17:00:00,planned,Johnair - Wilmington Sta C Tap 100 kV Ckt 1
1199,L:5551:5571:138,2016-09-02 17:00:00,2016-09-13 17:00:00,planned,Sayreville Cogeneration Facility - Busch 138 kV #1
9740,L:9471:9719:138,2016-09-06 17:00:00,2016-09-23 17:00:00,planned,Acec Arrowhead - Meomonie 138 kV #1
5199,L:7296:7359:138,2016-09-07 17:00:00,2016-09-08 17:00:00,planned,Carson - Forbes 138 kV Circuit 1
16192,L:19442:19445:100,2016-09-07 17:00:00,2016-09-14 17:00:00,planned,W Yaphank - Douglas St 100 kV Line
18863,L:22026:22029:100,2016-09-07 17:00:00,2016-09-14 17:00:00,planned,German Church - West Liberty 100 kV Line 1
333,L:5143:5154:138,2016-09-08 17:00:00,2016-09-23 17:00:00,planned,Minotola Sta - Northwest Texarkana 138 kV Line 1
7780,L:8525:9094:138,2016-09-02 17:00:00,2016-09-05 17:00:00,planned,Sulphur Springs - Bengis 138 kV
15552,L:19119:19565:100,2016-09-01 17:00:00,2016-09-09 17:00:00,planned,Reedy Creek - Bixby 100 kV Cir. 2
2600,L:6078:6082:138,2016-09-05 17:00:00,2016-09-25 17:00:00,planned,Evergreen Community Power - W 138 kV Line 1
5162,L:7276:8228:138,2016-08-30 17:00:00,2016-09-07 17:00:00,planned,Sevierville - Yukon 138 kV
2770,L:6167:7136:138,2016-09-05 17:00:00,2016-09-13 17:00:00,planned,Mcdowell - Visalia 138 kV Line 1
9731,L:9467:9468:138,2016-09-03 17:00:00,2016-09-06 17:00:00,planned,Eagle Pt Power Plant - Coldwater 138 kV #1
9543,L:9366:9631:138,2016-08-30 17:00:00,2016-09-04 17:00:00,planned,Fluvanna P.S - Robert J Brewer Substation 138 kV Circuit 1
6391,L:7923:8280:500,2016-09-04 17:00:00,2016-09-24 17:00:00,planned,Ronco - Texas Eastern 5 500 kV Line 1
10783,L:9939:10076:138,2016-09-03 17:00:00,2016-09-06 17:00:00,planned,Sebastian - Heber 138 kV #1
8504,L:8887:8894:138,2016-09-06 17:00:00,2016-09-10 17:00:00,planned,Parklawn - Nih 138 kV #1
16075,L:19377:19400:100,2016-09-07 17:00:00,2016-09-14 17:00:00,planned,Jal - South Cannon Falls 100 kV
10346,L:9740:10003:138,2016-08-30 17:00:00,2016-09-07 17:00:00,planned,National City - Camino 138 kV Ckt 1
1282,L:5591:5996:138,2016-09-03 17:00:00,2016-09-11 17:00:00,planned,Grimes - N Aks 138 kV Circuit 1
14328,L:18597:18599:138,2016-09-06 17:00:00,2016-09-26 17:00:00,planned,Eastom - Exeter Energy Lp 138 kV #1
7489,L:8405:8407:138,2016-09-08 17:00:00,2016-09-13 17:00:00,planned,Torrey - Riva Rod 138 kV Line
5955,L:7709:7813:138,2016-09-06 17:00:00,2016-09-13 17:00:00,planned,Spencer Reit Substation - Stegal 138 kV Cir. 1
9435,L:9311:9477:138,2016-08-30 17:00:00,2016-09-03 17:00:00,planned,Comton - White Creek 138 kV line
16176,L:19430:19551:100,2016-09-03 17:00:00,2016-09-15 17:00:00,planned,E J Stoneman Sta - Milvon 100 kV
17626,L:20018:20218:100,2016-09-05 17:00:00,2016-09-25 17:00:00,planned,Tualatin Substation - Brookfield 100 kV Ckt 1
16090,L:19386:19399:100,2016-09-01 17:00:00,2016-09-02 17:00:00,planned,Rockwood - Mormon Flat Dam 100 kV Circuit 1
20093,L:23069:23505:100,2016-09-01 17:00:00,2016-09-12 17:00:00,planned,Benson - University Park N 100 kV
9364,L:9270:9633:138,2016-09-05 17:00:00,2016-09-13 17:00:00,planned,Kean Mtn And Grassy Creek - Garden Crk 138 kV Ckt 1
5048,L:7227:7284:138,2016-08-30 17:00:00,2016-09-08 17:00:00,planned,Thompson Peak Tap - 2Nd St 138 kV Ckt 1
19226,L:22791:23428:100,2016-09-05 17:00:00,2016-09-21 17:00:00,planned,Central Ferry - Winston 100 kV L
10621,L:9866:9867:138,2016-09-06 17:00:00,2016-09-12 17:00:00,planned,Bull Run - Greenwater 138 kV Circuit 1
4368,L:7055:7089:138,2016-09-06 17:00:00,2016-09-18 17:00:00,planned,Martin Creek - Stadium 138 kV Line 1
8046,L:8676:8926:138,2016-09-03 17:00:00,2016-09-13 17:00:00,planned,West Lafayette Cumberland Avenue - Burches Hill 138 kV #1
1093,L:5508:6004:138,2016-09-01 17:00:00,2016-09-21 17:00:00,planned,Siloam Springs Southwest - Clarksville 138 kV Circuit 1
12119,L:16952:16954:138,2016-08-30 17:00:00,2016-09-04 17:00:00,planned,Astra Wind Farm Substation - Fratt 138 kV Cir. 1
7364,L:8348:8352:138,2016-10-15 17:00:00,2016-10-25 17:00:00,planned,Red Lion Energy Ctr - Queen City 138 kV Cir. 1
15158,L:18939:19191:100,2016-10-11 17:00:00,2016-10-22 17:00:00,planned,Orange Riv - Granite Falls 100 kV
10396,L:9760:10130:138,2016-10-15 17:00:00,2016-10-19 17:00:00,planned,Elizabeth Riv Power Sta - Cato 138 kV
19093,L:22598:22599:100,2016-10-11 17:00:00,2016-10-16 17:00:00,planned,Marley - Pokagon Substation 100 kV Circuit 1
14191,L:18494:18500:138,2016-10-13 17:00:00,2016-10-26 17:00:00,planned,Forest - Norwood Substation 138 kV Circuit 1
1297,L:5599:5616:138,2016-10-16 17:00:00,2016-10-28 17:00:00,planned,Midulla Generating Station Substation - Lombardy Ln 138 kV
8656,L:8964:9853:138,2016-10-17 17:00:00,2016-11-01 17:00:00,planned,Westwing - Waitsburg Substation 138 kV
7733,L:8507:9058:138,2016-10-10 17:00:00,2016-10-11 17:00:00,planned,Wheelabrator Baltimore Refuse - Wilkens 138 kV
7668,L:8484:8578:138,2016-10-11 17:00:00,2016-10-14 17:00:00,planned,Torrington Terminal - Aj Swope 138 kV Line 1
4371,L:7056:7103:138,2016-10-16 17:00:00,2016-10-26 17:00:00,planned,La Muda 1343 - Coggon 138 kV L
2991,L:6271:6272:138,2016-10-10 17:00:00,2016-10-14 17:00:00,planned,Lakeshore - Orfordvlle 138 kV Ckt 1
8234,L:8742:17910:345,2016-10-16 17:00:00,2016-10-29 17:00:00,planned,Huntingdon - Kearneyville 345 kV Cir. 1
17074,L:19769:19775:100,2016-10-18 17:00:00,2016-11-03 17:00:00,planned,D B Wilson - Glendale South Tap 5 100 kV L
102,L:2943:2954:161,2016-10-17 17:00:00,2016-10-18 17:00:00,planned,North Bergen - Lasel Ap 161 kV line
9474,L:9327:10118:138,2016-10-17 17:00:00,2016-10-26 17:00:00,planned,Ardmore - Wilderness Dp 138 kV L
10496,L:9806:9807:138,2016-10-12 17:00:00,2016-10-20 17:00:00,planned,Shockoe - Carver 138 kV Cir. 1
3269,L:6408:6422:138,2016-10-17 17:00:00,2016-10-18 17:00:00,planned,Willett St - Calumet 138 kV Line 1
12103,L:16927:17387:138,2016-10-14 17:00:00,2016-11-03 17:00:00,planned,Appleway - Webb 138 kV Ckt 1
2336,L:5989:5995:500,2016-10-16 17:00:00,2016-11-04 17:00:00,planned,Acb Energy Parntners Llc - Mtf Cogen - Cumberland Nj 500 kV #1
6506,L:7987:7996:138,2016-10-11 17:00:00,2016-10-22 17:00:00,planned,Chevmain - Rogers Lake 138 kV L
12969,L:17735:17736:138,2016-10-14 17:00:00,2016-10-27 17:00:00,planned,Allings Crossing - Paul Sweet 138 kV Cir. 1
10356,L:9743:10267:138,2016-10-10 17:00:00,2016-10-18 17:00:00,planned,Clearwater - Tyler 138 kV Circuit 1
18863,L:22026:22029:100,2016-10-15 17:00:00,2016-10-27 17:00:00,planned,German Church - West Liberty 100 kV Line
14616,L:18716:19495:100,2016-10-10 17:00:00,2016-10-14 17:00:00,planned,Pittsburg - Honk Falls 100 kV Circuit 1
2513,L:6047:6184:138,2016-10-16 17:00:00,2016-10-23 17:00:00,planned,Plaquemine Cogeneration Plant - Raceland 138 kV Ckt 1
945,L:5428:6931:138,2016-10-11 17:00:00,2016-10-23 17:00:00,planned,Thorofare - Deptford 138 kV Circuit 1
8170,L:8715:8939:138,2016-10-13 17:00:00,2016-10-25 17:00:00,planned,Cloverbank - Vaseauxlake Substation 138 kV L
5869,L:7669:8110:138,2016-10-14 17:00:00,2016-10-15 17:00:00,planned,G E Turner - Hurricane Creek Substation 138 kV Cir. 1
18949,L:22243:22247:100,2016-10-13 17:00:00,2016-10-28 17:00:00,planned,Silver Hawk - Hale Co 100 kV #1
17696,L:20051:20190:100,2016-10-18 17:00:00,2016-10-23 17:00:00,planned,B&W Susbtation Substation - Johnsons Corners 100 kV
9857,L:9546:9575:138,2016-10-19 17:00:00,2016-10-27 17:00:00,planned,Sweetwater Substation - Upper Mechanicville 138 kV Circuit 1
13605,L:18126:18138:138,2016-10-11 17:00:00,2016-10-19 17:00:00,planned,Moss - Gardiner 138 kV Line 1
4400,L:7070:7082:138,2016-10-18 17:00:00,2016-10-27 17:00:00,planned,Wray - Oreana 138 kV Ckt 1
14649,L:18729:18733:100,2016-10-13 17:00:00,2016-10-21 17:00:00,planned,Trimble - Greens Bayou 345 Substation 100 kV Line 1
5831,L:7649:7671:138,2016-10-18 17:00:00,2016-10-31 17:00:00,planned,Eastmont - Caseyw 138 kV Cir. 1
15151,L:18933:20236:100,2016-10-14 17:00:00,2016-11-03 17:00:00,planned,Marys Riv - Fitchburg 100 kV #2
8283,L:8776:8799:138,2016-10-19 17:00:00,2016-10-29 17:00:00,planned,Kaweah 2 - Dixon 138 kV #1
1080,L:5504:5506:138,2016-10-18 17:00:00,2016-11-03 17:00:00,planned,Whitwell - Lake 138 kV Ckt 1
7124,L:8270:19533:500,2016-10-15 17:00:00,2016-10-31 17:00:00,planned,Midland - Usk 500 kV Circuit 1
5901,L:7682:7691:138,2016-10-12 17:00:00,2016-10-18 17:00:00,planned,Maquoketa - 56Th 138 kV L
7753,L:8516:9104:345,2016-10-16 17:00:00,2016-10-28 17:00:00,planned,Plant Avenue - Conowingo 345 kV L
4343,L:7038:7166:138,2016-10-16 17:00:00,2016-10-19 17:00:00,planned,Chevron Kettleman - S Bloomington 138 kV
4230,L:6975:6987:138,2016-10-14 17:00:00,2016-10-29 17:00:00,planned,Noxon - Epsy 138 kV Line
20229,L:23127:23192:100,2016-10-15 17:00:00,2016-10-26 17:00:00,planned,Moshier - Goodhue Solar 100 kV
3438,L:6486:6513:138,2016-10-14 17:00:00,2016-10-18 17:00:00,planned,Market St - Spinninng Spur I 138 kV #1
15725,L:19200:19211:100,2016-10-11 17:00:00,2016-10-23 17:00:00,planned,Innovation - Finneytown 100 kV
13521,L:18068:18529:138,2016-10-19 17:00:00,2016-10-20 17:00:00,planned,Pax Branch - Warner Lambert 138 kV
3583,L:6554:6563:138,2016-10-15 17:00:00,2016-11-04 17:00:00,planned,Mt Joy - Lancaster Air Products 138 kV Ckt 1
8419,L:8841:8891:138,2016-10-19 17:00:00,2016-10-26 17:00:00,planned,Twinbrook - Kensington 138 kV Line 1
7307,L:8320:8830:138,2016-10-12 17:00:00,2016-10-19 17:00:00,planned,Belfry - Lea National Substation 138 kV
17439,L:19936:19938:100,2016-10-12 17:00:00,2016-10-26 17:00:00,planned,Tewksbury - Somis & Shellsom 100 kV Cir. 1
19508,L:22873:22982:230,2016-10-16 17:00:00,2016-11-04 17:00:00,planned,Commonwealth Edion Des Plaines - Clifton Wilson Substation 230 kV Ckt 1
3636,L:6593:6598:138,2016-10-14 17:00:00,2016-10-22 17:00:00,planned,Ruch - Spencer Hydro 138 kV Cir. 1
18531,L:21696:22584:230,2016-10-18 17:00:00,2016-11-07 17:00:00,planned,Ridgeline - Locust 230 kV Ckt 1
6778,L:8133:8151:138,2016-11-18 19:00:00,2016-12-01 19:00:00,planned,Marsh Fork - Attala 138 kV Line 1
5739,L:7590:7721:138,2016-11-15 19:00:00,2016-11-16 19:00:00,planned,Hedda - South Plant 138 kV Circuit 1
7620,L:8464:9086:138,2016-11-16 19:00:00,2016-11-20 19:00:00,planned,Kenyon - Highlandtown 138 kV L
7981,L:8653:8969:138,2016-11-13 19:00:00,2016-11-20 19:00:00,planned,Aquasco - Crain Highway 138 kV Line 1
15525,L:19099:19132:100,2016-11-20 19:00:00,2016-12-05 19:00:00,planned,Hiawatha - St Clod 100 kV Ckt 1
18914,L:22100:22673:100,2016-11-19 19:00:00,2016-12-05 19:00:00,planned,Deer Crk - Gruver 100 kV Ckt 2
1850,L:5889:6800:138,2016-11-21 19:00:00,2016-12-09 19:00:00,planned,Glendon - Hoicon Substation 138 kV Line 1
7667,L:8484:8508:138,2016-11-14 19:00:00,2016-11-17 19:00:00,planned,Torrington Terminal - Pleasentville 138 kV Ckt 1
2472,L:6030:8622:138,2016-11-18 19:00:00,2016-11-23 19:00:00,planned,Carle Place - Walla Walla Substation 138 kV Circuit 1
2997,L:6273:8650:138,2016-11-18 19:00:00,2016-11-30 19:00:00,planned,Serpent - Dunsmuir - Adjunct 138 kV
9985,L:9624:9625:138,2016-11-21 19:00:00,2016-11-29 19:00:00,planned,Henry Co - North Dublin 138 kV #1
15299,L:19006:19022:100,2016-11-20 19:00:00,2016-12-04 19:00:00,planned,Tulu - W Lancaster 100 kV line
5528,L:7490:7504:138,2016-11-20 19:00:00,2016-12-03 19:00:00,planned,Sewall Substation - Igo 138 kV line
14775,L:18787:19515:100,2016-11-13 19:00:00,2016-11-24 19:00:00,planned,Priest River - Fern Hill 100 kV
19718,L:22935:23056:230,2016-11-17 19:00:00,2016-11-26 19:00:00,planned,Guilbeau Electric - Bordertown 230 kV
15250,L:18981:18982:100,2016-11-19 19:00:00,2016-12-09 19:00:00,planned,Rec Newark - Owatonna 100 kV
18380,L:21195:21197:100,2016-11-19 19:00:00,2016-12-04 19:00:00,planned,Marble Rive Hatch - Parkview Battery 100 kV Line 1
17276,L:19858:19863:100,2016-11-18 19:00:00,2016-11-23 19:00:00,planned,Crystal Mtn Generation - Greenport 100 kV
21481,L:24206:24208:100,2016-11-13 19:00:00,2016-11-15 19:00:00,planned,Stiles - Certified 100 kV
20312,L:23148:23165:100,2016-11-20 19:00:00,2016-11-27 19:00:00,planned,Picadilly - West Sparta 100 kV Line 1
19638,L:22908:22937:100,2016-11-18 19:00:00,2016-12-03 19:00:00,planned,George Eal South - Bryan St Substation 100 kV Cir. 1
759,L:5346:5349:138,2016-11-17 19:00:00,2016-11-30 19:00:00,planned,Ft Rock - Silver Star 138 kV Line 1
15369,L:19036:19049:100,2016-11-19 19:00:00,2016-12-03 19:00:00,planned,Ductile - Chipola 100 kV Circuit 1
11065,L:10096:10208:138,2016-11-17 19:00:00,2016-12-03 19:00:00,planned,Craney Island - Solway 138 kV Ckt 1
12454,L:17173:17174:138,2016-11-21 19:00:00,2016-11-25 19:00:00,planned,Se Olk - Russ Ranch 138 kV L
15954,L:19316:19319:100,2016-11-20 19:00:00,2016-12-03 19:00:00,planned,Hillsdale Jct - Cheboygan 100 kV Ckt 1
20461,L:23222:23448:100,2016-11-12 19:00:00,2016-11-17 19:00:00,planned,Upper Salmon Falls - Imhoff Tap 1 100 kV
19754,L:22951:22960:100,2016-11-21 19:00:00,2016-12-08 19:00:00,planned,Jim Christal - Drmmond 100 kV Line
9377,L:9276:9278:138,2016-11-20 19:00:00,2016-12-06 19:00:00,planned,Sta G - Vedder 138 kV
5886,L:7673:7677:345,2016-11-17 19:00:00,2016-12-02 19:00:00,planned,Glendale - W Campus 345 kV Cir. 1
787,L:5362:5385:138,2016-12-06 19:00:00,2016-12-15 19:00:00,planned,Amistad - Federal Square 138 kV Circuit 1
20727,L:23342:23343:100,2016-12-09 19:00:00,2016-12-27 19:00:00,planned,Sinnott - Energizer 100 kV Circuit 1
21366,L:23876:23882:100,2016-12-12 19:00:00,2016-12-27 19:00:00,planned,Fremont Community Digester Llc - Ft Atkinson 100 kV
12589,L:17317:17319:138,2016-12-12 19:00:00,2016-12-21 19:00:00,planned,Morgan Fork - Beaver Crk 138 kV
16999,L:19741:20285:100,2016-12-06 19:00:00,2016-12-13 19:00:00,planned,Fap Substation - Jm Manufacturing 100 kV #1
4064,L:6860:6869:138,2016-12-07 19:00:00,2016-12-17 19:00:00,planned,E Batavia - Sandy Run 138 kV #1
8553,L:8914:8949:138,2016-12-12 19:00:00,2016-12-16 19:00:00,planned,Buena Vista Substation - Columbus Denois Creek Substation 138 kV
11152,L:10139:10140:138,2016-12-11 19:00:00,2016-12-15 19:00:00,planned,Gainesville - Caney Creek 138 kV Line 1
10562,L:9839:10264:138,2016-12-12 19:00:00,2016-12-24 19:00:00,planned,Bear Island - Winger 138 kV #1
9351,L:9265:9347:138,2016-12-09 19:00:00,2016-12-21 19:00:00,planned,Haysi - Totem 138 kV L
19666,L:22918:22929:100,2016-12-06 19:00:00,2016-12-08 19:00:00,planned,Peetz - Hog Bayou Energy Ctr 100 kV Cir. 1
20802,L:23396:23415:100,2016-12-06 19:00:00,2016-12-23 19:00:00,planned,L V Sutton Combined Cycle - Marys Rvier 100 kV
12588,L:17316:17325:138,2016-12-12 19:00:00,2016-12-24 19:00:00,planned,Bear Creek Dam Substation - Stanville Substation 138 kV
21496,L:24592:24606:500,2016-12-11 19:00:00,2016-12-20 19:00:00,planned,Maalaea - Top Crop 500 kV
17541,L:19979:19982:100,2016-12-07 19:00:00,2016-12-14 19:00:00,planned,Bass Lake - Northern States Flambeau 100 kV Cir. 1
9251,L:9218:9291:138,2016-12-12 19:00:00,2016-12-26 19:00:00,planned,Allens Falls Substation - Boonsboro 138 kV
9445,L:9318:9395:138,2016-12-09 19:00:00,2016-12-21 19:00:00,planned,Hp Hood Ct - Old Chapel Substation 138 kV Ckt 1
10383,L:9754:9757:138,2016-12-08 19:00:00,2016-12-11 19:00:00,planned,R D Morrow - Yadkin Substation 138 kV Circuit 1
14680,L:18741:19625:100,2016-12-09 19:00:00,2016-12-13 19:00:00,planned,Mcewen - Stephentown 100 kV Ckt 1
5182,L:7287:7331:138,2016-12-11 19:00:00,2016-12-30 19:00:00,planned,Eden Prairie - Martin Dam 138 kV Cir. 1
7191,L:8280:18688:345,2016-12-14 19:00:00,2016-12-17 19:00:00,planned,Ronco - Firstenergy Ft Martin Power Sta Substation 345 kV Cir. 1
14395,L:18652:18660:138,2016-12-15 19:00:00,2016-12-18 19:00:00,planned,Wnp 1 - White Pine 138 kV Line 1
908,L:5411:6005:345,2016-12-13 19:00:00,2016-12-29 19:00:00,planned,Woodstown - Punta Gorda 345 kV Ckt 1
10511,L:9813:10172:138,2016-12-12 19:00:00,2016-12-16 19:00:00,planned,Luke Street - Acca 138 kV Circuit 1
12088,L:16920:17385:138,2016-12-08 19:00:00,2016-12-18 19:00:00,planned,Monta Vista - Yale 138 kV
10487,L:9799:9984:138,2016-12-14 19:00:00,2017-01-02 19:00:00,planned,Beanblossom-Sw Sta - River Rd 138 kV Line 1
3512,L:6525:6573:138,2016-12-14 19:00:00,2016-12-30 19:00:00,planned,Pineview Substation - Livingston Ridge 138 kV #1
10050,L:9643:10279:345,2016-12-11 19:00:00,2016-12-20 19:00:00,planned,N Anna - Louisa Generation Facility 345 kV
17460,L:19943:19961:100,2016-12-07 19:00:00,2016-12-17 19:00:00,planned,Gilstrap Substation - Abbe 100 kV Circuit 1
14711,L:18751:19588:100,2016-12-09 19:00:00,2016-12-26 19:00:00,planned,Bellaire Op Substation - Lockwood 100 kV Line
17896,L:20171:20239:100,2016-12-06 19:00:00,2016-12-24 19:00:00,planned,Dalton - Sepluveda 100 kV Circuit 1
15997,L:19337:19454:100,2016-12-13 19:00:00,2016-12-24 19:00:00,planned,Martin Luther King - Big Grassy 100 kV Line 1
13050,L:17796:17797:138,2016-12-08 19:00:00,2016-12-13 19:00:00,planned,Stone - W Fairbault Substation 138 kV Ckt 1
13908,L:18312:18313:138,2016-12-13 19:00:00,2016-12-28 19:00:00,planned,Pruntytown - Stadium Reit 138 kV Ckt 1
10960,L:10029:10030:138,2016-12-08 19:00:00,2016-12-26 19:00:00,planned,New Rd Substation - Lockhart 138 kV #1
3685,L:6613:6814:138,2016-12-13 19:00:00,2016-12-28 19:00:00,planned,Fiddyment - Santa Isabel 138 kV Cir. 1
3767,L:6671:6672:138,2016-12-08 19:00:00,2016-12-17 19:00:00,planned,Leesburg Picciola - Limestone 138 kV line
16129,L:19402:19409:100,2016-12-12 19:00:00,2016-12-19 19:00:00,planned,Hell Crk - Barceloneta 8504 100 kV Cir. 1
1691,L:5803:8339:138,2016-12-07 19:00:00,2016-12-17 19:00:00,planned,Edgemoor - Deepwater 138 kV
2909,L:6231:6817:138,2016-12-07 19:00:00,2016-12-11 19:00:00,planned,Switch - Gold Riv 138 kV
10883,L:9978:10021:138,2016-12-06 19:00:00,2016-12-13 19:00:00,planned,Highway 22 - Nrg Rockford Ii Energy Center 138 kV Ckt 1
3157,L:6345:6405:138,2016-12-11 19:00:00,2016-12-18 19:00:00,planned,Woodmont - Grant 138 kV Ckt 1
12684,L:17395:17401:138,2016-12-08 19:00:00,2016-12-16 19:00:00,planned,Makalapa - Russell 138 kV
19856,L:22980:23011:100,2016-12-15 19:00:00,2017-01-03 19:00:00,planned,New Lonon - Vlyhome Tap 1 100 kV Line
3555,L:6539:6550:138,2016-12-10 19:00:00,2016-12-28 19:00:00,planned,Chattahoochee Energy Facility - Blooming Prairie 138 kV Cir. 1
9219,L:9201:9225:138,2016-12-13 19:00:00,2017-01-02 19:00:00,planned,Blue Ridge - Tanglewilde 138 kV Circuit 1
12395,L:17147:17148:138,2016-12-06 19:00:00,2016-12-18 19:00:00,planned,Lone Pine 2 - Education 138 kV Ckt 1
14714,L:18753:18759:100,2016-12-08 19:00:00,2016-12-14 19:00:00,planned,Gable - Pisgah 100 kV #1
3367,L:6452:6949:138,2016-12-13 19:00:00,2016-12-27 19:00:00,planned,Mortan - Clinton Battery 138 kV Cir. 1
1313,L:5606:5619:138,2016-12-09 19:00:00,2016-12-17 19:00:00,planned,Skaggs Island Jct 1 - Kettleman Hills 138 kV Line 1
14036,L:18378:18535:138,2016-12-15 19:00:00,2016-12-19 19:00:00,planned,Gadsden Substation - Qechan 138 kV
9630,L:9400:9405:138,2016-12-14 19:00:00,2017-01-02 19:00:00,planned,Easy Springfield - Siloam Springs 138 kV Cir. 1
14999,L:18866:19163:100,2016-01-19 08:00:00,2016-01-26 08:00:00,planned,Fayette Plant 1 Substation - New Carlisle 100 kV
13725,L:18194:18201:138,2016-01-19 08:00:00,2016-01-20 08:00:00,planned,Ravenswood - Blue Springs 138 kV Ckt 1
16283,L:19503:19553:100,2016-01-12 08:00:00,2016-01-14 08:00:00,planned,Niland - N Intertie 100 kV Circuit 1
6841,L:8181:8198:138,2016-01-10 08:00:00,2016-01-16 08:00:00,planned,Water St - Cowlitz 138 kV Line 1
4343,L:7038:7166:138,2016-01-11 08:00:00,2016-01-12 08:00:00,planned,Chevron Kettleman - S Bloomington 138 kV Circuit 1
14126,L:18444:18445:138,2016-01-16 08:00:00,2016-01-29 08:00:00,planned,Cheraw Cash Rd - Ecoelectrica 138 kV Circuit 1
3758,L:6661:6662:138,2016-01-18 08:00:00,2016-02-03 08:00:00,planned,Wren - Bearwallow 138 kV Line 1
2491,L:6039:6083:138,2016-01-10 08:00:00,2016-01-21 08:00:00,planned,Bluff Creek - Colvard 138 kV #1
15222,L:18969:18983:100,2016-01-16 08:00:00,2016-02-05 08:00:00,planned,Speed - Berrywood 100 kV Line 1
15494,L:19084:19089:100,2016-01-16 08:00:00,2016-02-03 08:00:00,planned,Westinghouse - Maraschino 100 kV
9140,L:9156:9663:138,2016-01-10 08:00:00,2016-01-29 08:00:00,planned,Cushaw - Daytona Beach 138 kV Line 1
8645,L:8955:9696:138,2016-01-11 08:00:00,2016-01-31 08:00:00,planned,S Carlle - Belle Havn 138 kV Circuit 1
16304,L:19516:19518:100,2016-01-12 08:00:00,2016-01-16 08:00:00,planned,Burrows Crossing Rd - Santa Fe Energy 100 kV Circuit 1
19927,L:23005:23499:100,2016-01-14 08:00:00,2016-01-30 08:00:00,planned,Georgia Pacific Paper - Moize Crk 100 kV Line 2
17502,L:19962:19966:230,2016-01-12 08:00:00,2016-01-21 08:00:00,planned,Kirtland Air Force Base 3 - Paterson Rd 230 kV Line 1
7778,L:8525:9094:138,2016-01-16 08:00:00,2016-01-26 08:00:00,planned,Sulphur Springs - Bengies 138 kV #1
2907,L:6230:6716:138,2016-01-19 08:00:00,2016-02-07 08:00:00,planned,Big Crk 4 - Astro 138 kV Circuit 1
20401,L:23185:23187:100,2016-01-19 08:00:00,2016-02-02 08:00:00,planned,Frontenac - Maguire Road 100 kV
9797,L:9504:9505:138,2016-01-16 08:00:00,2016-01-17 08:00:00,planned,Jetersville - Crewe 138 kV Cir. 1
3524,L:6531:6533:345,2016-01-18 08:00:00,2016-01-21 08:00:00,planned,Eagle - Tentwood 345 kV L
6981,L:8247:8288:345,2016-01-10 08:00:00,2016-01-11 08:00:00,planned,North Allegheny Windpower Project - Harwood 345 kV Cir. 1
6600,L:8043:8050:138,2016-01-12 08:00:00,2016-01-17 08:00:00,planned,Bonnie Nook - Lowellville 138 kV
4994,L:7205:7285:138,2016-01-19 08:00:00,2016-01-31 08:00:00,planned,Lsp-Cottage Grove Lp - Big Riv 138 kV
12853,L:17610:17611:138,2016-01-14 08:00:00,2016-01-20 08:00:00,planned,Broadview - Hillje 138 kV Line 1
21404,L:24025:24039:100,2016-01-10 08:00:00,2016-01-21 08:00:00,planned,North Omaha - Rumford Industrial Park Substation 100 kV #1
9907,L:9580:18145:138,2016-01-12 08:00:00,2016-01-16 08:00:00,planned,Gears - Vancouver Shipyard 138 kV Ckt 1
7376,L:8357:9033:138,2016-01-16 08:00:00,2016-02-04 08:00:00,planned,E Webster - Bethpage 138 kV Cir. 1
19295,L:22825:23214:100,2016-01-13 08:00:00,2016-01-28 08:00:00,planned,Archie - St Francois 100 kV #1
9886,L:9565:9566:138,2016-01-12 08:00:00,2016-01-21 08:00:00,planned,Lebanon - Shiloh 138 kV
15124,L:18924:18937:100,2016-01-17 08:00:00,2016-01-23 08:00:00,planned,W Coshocton - Kimball Road 100 kV
5790,L:7619:8285:138,2016-01-18 08:00:00,2016-02-06 08:00:00,planned,Cambria Cogen - Whitehall Substation 138 kV Line 1
21401,L:24024:24027:100,2016-01-19 08:00:00,2016-02-08 08:00:00,planned,Beech Bluff - Tsawassen Beach Terminal 100 kV Line
10533,L:9822:10122:138,2016-01-11 08:00:00,2016-01-29 08:00:00,planned,Medtronic - Oak Green 138 kV Ckt 1
15810,L:19239:19253:100,2016-01-19 08:00:00,2016-01-21 08:00:00,planned,Bayou Chico - Plymouth 3 Substation 100 kV
18662,L:21774:21784:100,2016-01-19 08:00:00,2016-01-22 08:00:00,planned,Moreau Substation - State St 100 kV line
17915,L:20181:20192:100,2016-01-14 08:00:00,2016-01-16 08:00:00,planned,Copley - Pine 100 kV Cir. 2
557,L:5244:5254:138,2016-01-17 08:00:00,2016-01-22 08:00:00,planned,Foreman Cement - Marlton 138 kV Cir. 1
3684,L:6612:6795:138,2016-01-11 08:00:00,2016-01-16 08:00:00,planned,Sunlake Substation - Pmaria 138 kV Line
8227,L:8740:8761:138,2016-01-13 08:00:00,2016-01-16 08:00:00,planned,Frederick - Miller 138 kV Ckt 1
4663,L:7127:9104:345,2016-01-19 08:00:00,2016-01-31 08:00:00,planned,Amps - Conowingo 345 kV Circuit 1
6683,L:8082:8096:138,2016-01-19 08:00:00,2016-01-24 08:00:00,planned,Ridgelawn - Palmer 138 kV L
16830,L:19665:19666:100,2016-01-12 08:00:00,2016-01-14 08:00:00,planned,Perry - Vly Home 100 kV Line 1
3353,L:6448:6449:138,2016-01-11 08:00:00,2016-01-20 08:00:00,planned,Bryn Mawr - Buford 138 kV Line 1
16971,L:19735:19920:100,2016-01-14 08:00:00,2016-01-20 08:00:00,planned,Seal Rock - Stent Tap 100 kV Ckt 1
6519,L:7992:8109:138,2016-01-17 08:00:00,2016-01-24 08:00:00,planned,Kennewick - Millennium Power 138 kV Ckt 1
1190,L:5548:5983:138,2016-01-15 08:00:00,2016-01-26 08:00:00,planned,Peninsula Park - South Kirkland 138 kV Line 1
6291,L:7875:7876:138,2016-01-16 08:00:00,2016-01-26 08:00:00,planned,Thomson Primary - Tivy Vly Substation 138 kV #1
7148,L:8273:19533:500,2016-01-12 08:00:00,2016-01-23 08:00:00,planned,Beaver Vly - Usk 500 kV Circuit 1
16961,L:19732:19815:100,2016-01-15 08:00:00,2016-01-21 08:00:00,planned,Norway - Nelson 100 kV Ckt 1
4070,L:6864:6876:138,2016-01-19 08:00:00,2016-01-25 08:00:00,planned,Squaw Valley - Camden 138 kV Circuit 1
12466,L:17177:17178:138,2016-01-17 08:00:00,2016-01-19 08:00:00,planned,Auburn 2 - Nelson Cable 138 kV Ckt 1
18127,L:20280:20309:500,2016-01-10 08:00:00,2016-01-17 08:00:00,planned,Richland Substation - Troy Energy Llc 500 kV line
12067,L:16913:16914:138,2016-01-12 08:00:00,2016-01-13 08:00:00,planned,Inskip - Smithtool 138 kV Ckt 1
3665,L:6604:6609:138,2016-01-18 08:00:00,2016-02-06 08:00:00,planned,Warm Springs - Wakefield Junction 138 kV
8333,L:8809:8811:138,2016-01-10 08:00:00,2016-01-19 08:00:00,planned,Kern Canyon - Columbia 138 kV Ckt 2
1578,L:5729:5744:138,2016-01-10 08:00:00,2016-01-18 08:00:00,planned,Southampton Solar Llc - Waunakee Municipal 2 138 kV Cir. 1
19327,L:22830:22917:100,2016-01-15 08:00:00,2016-01-18 08:00:00,planned,Temblor - Chalk Hills Hy 100 kV Line 1
3987,L:6792:7102:138,2016-01-17 08:00:00,2016-01-29 08:00:00,planned,Quincy - Border Steel 138 kV Circuit 1
10580,L:9847:9889:138,2016-01-15 08:00:00,2016-02-01 08:00:00,planned,Gum Springs - Friona Rural 138 kV Ckt 1
20389,L:23178:23513:100,2016-01-17 08:00:00,2016-02-02 08:00:00,planned,Alire Pnm - Huebner 100 kV #1
273,L:5118:5127:138,2016-01-18 08:00:00,2016-02-05 08:00:00,planned,Big Eddy - Alcoa Primary 138 kV
4947,L:7190:7284:138,2016-01-13 08:00:00,2016-01-31 08:00:00,planned,Elk Garden - 2Nd St 138 kV Ckt 1
9219,L:9201:9225:138,2016-02-08 19:00:00,2016-02-13 19:00:00,planned,Blue Ridge - Tanglewilde Substation 138 kV Cir. 1
9439,L:9313:9669:138,2016-02-12 19:00:00,2016-02-29 19:00:00,planned,Hugo - Clover 138 kV Ckt 1
2491,L:6039:6083:138,2016-02-04 19:00:00,2016-02-20 19:00:00,planned,Colvard - Bluff Creek 138 kV Cir. 1
19099,L:22674:22742:100,2016-02-04 19:00:00,2016-02-07 19:00:00,planned,Lake Hemet - Wabash 100 kV #1
1328,L:5610:5638:138,2016-02-06 19:00:00,2016-02-20 19:00:00,planned,Jack County - Sells 138 kV
6522,L:7994:8109:138,2016-02-10 19:00:00,2016-02-15 19:00:00,planned,Devil'S Slide - Kennewick 138 kV Ckt 1
19465,L:22865:22869:100,2016-02-08 19:00:00,2016-02-20 19:00:00,planned,Hwy 87 & S. Selwyn Rd - South Bradley 100 kV #1
6055,L:7756:8162:138,2016-02-13 19:00:00,2016-03-01 19:00:00,planned,D'Hanis - Rothwood 138 kV #1
6621,L:8054:8055:138,2016-02-06 19:00:00,2016-02-25 19:00:00,planned,Bayou Macus - Sixth St 138 kV Circuit 1
10989,L:10044:10047:138,2016-02-05 19:00:00,2016-02-08 19:00:00,planned,Lime Creek Substation - Chub Lake Substation 138 kV Line 1
14883,L:18828:19192:100,2016-02-06 19:00:00,2016-02-20 19:00:00,planned,Mcknney - Stafford Junction 100 kV Ckt 1
17154,L:19805:19820:100,2016-02-09 19:00:00,2016-02-12 19:00:00,planned,W Richfield - Brush 100 kV line
2245,L:5968:6000:138,2016-02-07 19:00:00,2016-02-22 19:00:00,planned,Linden Cogen Plant - Graysn 138 kV line
6894,L:8218:8224:138,2016-02-06 19:00:00,2016-02-16 19:00:00,planned,Armawalk - Bell 138 kV Circuit 1
5513,L:7482:7487:138,2016-02-10 19:00:00,2016-02-29 19:00:00,planned,Walter Hardman - Russellville 138 kV #1
15968,L:19324:19326:100,2016-02-12 19:00:00,2016-02-25 19:00:00,planned,Beaumont - Eustis 100 kV Ckt 1
18989,L:22332:22948:100,2016-02-04 19:00:00,2016-02-23 19:00:00,planned,Unibon 9501 - Calumet Energy Team Llc 100 kV #1
16746,L:19628:19629:100,2016-02-09 19:00:00,2016-02-11 19:00:00,planned,Todd - Forest Grove 100 kV #1
811,L:5368:5429:138,2016-02-06 19:00:00,2016-02-07 19:00:00,planned,Lake Park - Bowman 138 kV Ckt 1
3940,L:6762:6774:138,2016-02-12 19:00:00,2016-02-26 19:00:00,planned,Denton Dr - Ramos 138 kV
19277,L:22817:23092:100,2016-02-05 19:00:00,2016-02-12 19:00:00,planned,Vilas Road - Ti-Corner 100 kV #2
19796,L:22965:22967:100,2016-02-11 19:00:00,2016-02-15 19:00:00,planned,Lower Granite - Rock Tavern 2 100 kV Circuit 1
15207,L:18962:19593:100,2016-02-08 19:00:00,2016-02-19 19:00:00,planned,Versailles Peaking - Roeder 100 kV Ckt 1
17438,L:19935:19945:100,2016-02-11 19:00:00,2016-02-17 19:00:00,planned,Denmark - Sand Dock 100 kV
12318,L:17045:17050:138,2016-02-06 19:00:00,2016-02-13 19:00:00,planned,Carntown - Cooper Ranch 138 kV Cir. 1
16803,L:19649:19660:100,2016-02-06 19:00:00,2016-02-26 19:00:00,planned,Story City - Anson County Generation Facility 100 kV Cir. 1
4087,L:6880:6933:138,2016-02-11 19:00:00,2016-02-20 19:00:00,planned,Morgan Communit Solar - Wheatland Sta 138 kV Line 1
13871,L:18284:18403:138,2016-02-12 19:00:00,2016-02-26 19:00:00,planned,East Franklin - Hood Mesa 138 kV Circuit 1
12266,L:17027:17029:138,2016-02-12 19:00:00,2016-02-27 19:00:00,planned,Wanut-Engle Tap - Alibates 138 kV Ckt 1
625,L:5278:5958:138,2016-02-05 19:00:00,2016-02-18 19:00:00,planned,Bogalusa - Cimarron 138 kV
5133,L:7261:7428:138,2016-02-11 19:00:00,2016-02-21 19:00:00,planned,Hanville - Rockport 138 kV Circuit 1
6313,L:7882:7892:138,2016-02-06 19:00:00,2016-02-26 19:00:00,planned,Bluff - Palm Canyon Substation 138 kV Ckt 1
17795,L:20097:20106:100,2016-02-04 19:00:00,2016-02-20 19:00:00,planned,Ravenna - Benndale 230 100 kV Cir. 1
5996,L:7731:7733:138,2016-02-12 19:00:00,2016-02-15 19:00:00,planned,Tropical - Kendall 138 kV #1
3349,L:6446:6947:138,2016-02-10 19:00:00,2016-02-24 19:00:00,planned,Cedarville - Annacis Island 138 kV Cir. 1
7481,L:8402:18392:138,2016-02-29 19:00:00,2016-03-17 19:00:00,planned,Frostburg 1 - Mt Angel 138 kV Line 1
1166,L:5537:5538:138,2016-03-03 19:00:00,2016-03-23 19:00:00,planned,Hi Desert - Freeway Park 138 kV Ckt 1
4249,L:6988:7150:138,2016-02-28 19:00:00,2016-03-17 19:00:00,planned,Marengo-Sprr - Edens Ridge 138 kV #1
17265,L:19853:19932:100,2016-02-27 19:00:00,2016-03-11 19:00:00,planned,Caribou Generation Sta - North Shore Beach 100 kV Circuit 1
350,L:5154:5155:138,2016-02-27 19:00:00,2016-03-16 19:00:00,planned,Northwest Texarkana - Lysander 138 kV Ckt 1
11141,L:10130:10269:138,2016-02-29 19:00:00,2016-03-11 19:00:00,planned,Chesapeake Energy Ctr - Elizabeth Riv Power Station 138 kV
17752,L:20086:20203:230,2016-02-29 19:00:00,2016-03-16 19:00:00,planned,Portage Lakes - Water 230 kV Line 1
2245,L:5968:6000:138,2016-03-03 19:00:00,2016-03-21 19:00:00,planned,Linden Cogen Plant - Grayson 138 kV Line 1
5414,L:7432:7434:138,2016-02-28 19:00:00,2016-03-01 19:00:00,planned,Forsyth - Cold Spring Rd 138 kV Cir. 1
2754,L:6157:6762:345,2016-02-27 19:00:00,2016-03-05 19:00:00,planned,Warrington - Denton Dr 345 kV Ckt 1
15008,L:18875:19261:100,2016-02-26 19:00:00,2016-03-08 19:00:00,planned,Pierce - Silver Grove 100 kV
8387,L:8829:8830:138,2016-02-26 19:00:00,2016-03-09 19:00:00,planned,Gentilly Rd - Lea National 138 kV Ckt 1
15721,L:19200:19206:100,2016-03-03 19:00:00,2016-03-14 19:00:00,planned,Innovation - Odesa 100 kV Cir. 1
3532,L:6533:7175:500,2016-03-03 19:00:00,2016-03-20 19:00:00,planned,Eagle - Safe Harbor 500 kV
19213,L:22785:23428:100,2016-02-24 19:00:00,2016-02-28 19:00:00,planned,Winstn - Middlesboro 100 kV
2471,L:6030:8614:138,2016-02-26 19:00:00,2016-03-11 19:00:00,planned,Whitehurst - Walla Walla 138 kV
18022,L:20257:20312:100,2016-03-03 19:00:00,2016-03-16 19:00:00,planned,Lion Mtn - Cottonwood Crk 100 kV Line 1
7893,L:8600:8976:138,2016-02-29 19:00:00,2016-03-12 19:00:00,planned,Omro - Villa Mar 2 1658 138 kV #1
17008,L:19745:20285:100,2016-02-24 19:00:00,2016-03-05 19:00:00,planned,Tocoi - Jm Manufacturing 100 kV Ckt 1
15317,L:19013:19028:100,2016-02-29 19:00:00,2016-03-01 19:00:00,planned,Gosling - Rancho Santa Fe 100 kV
19265,L:22812:23392:100,2016-02-26 19:00:00,2016-02-28 19:00:00,planned,Reasnor - Young Rw 100 kV Line 1
15781,L:19222:19232:100,2016-03-02 19:00:00,2016-03-14 19:00:00,planned,Lucerne - Deerfield 5 100 kV
6015,L:7739:7783:138,2016-02-27 19:00:00,2016-03-04 19:00:00,planned,Orangevale - Three Points 138 kV Line 1
5182,L:7287:7331:138,2016-02-27 19:00:00,2016-03-18 19:00:00,planned,Eden Prairie - Martin Dam 138 kV
4845,L:7161:7731:138,2016-02-25 19:00:00,2016-03-11 19:00:00,planned,Talenenergy Martins Crk Llc Lock Haven Substation - Tropical 138 kV Line 1
9438,L:9313:9477:138,2016-02-27 19:00:00,2016-03-05 19:00:00,planned,Hugo Substation - White Creek 138 kV Circuit 1
4041,L:6836:6838:138,2016-03-02 19:00:00,2016-03-06 19:00:00,planned,Juniata - Cully 138 kV Ckt 1
17869,L:20149:20179:100,2016-03-01 19:00:00,2016-03-18 19:00:00,planned,Pawling - Maricopa 100 kV Line 1
9179,L:9175:9179:138,2016-02-27 19:00:00,2016-03-14 19:00:00,planned,Nm Potash 1 - Church 138 kV Circuit 1
15341,L:19024:19025:100,2016-03-02 19:00:00,2016-03-04 19:00:00,planned,T.R.A - Interstate 100 kV Line 1
1624,L:5755:5924:345,2016-02-24 19:00:00,2016-03-04 19:00:00,planned,Mout Tom - Rochester 345 kV Line 1
8061,L:8680:9846:345,2016-02-24 19:00:00,2016-03-07 19:00:00,planned,Harewood - Indian 345 kV Ckt 1
1411,L:5646:5648:138,2016-02-24 19:00:00,2016-03-03 19:00:00,planned,Wixom - Shell 138 kV L
1314,L:5606:5736:138,2016-02-24 19:00:00,2016-03-05 19:00:00,planned,Kettleman Hills - Hobe 138 kV Line 1
18052,L:20267:20309:230,2016-02-26 19:00:00,2016-03-02 19:00:00,planned,Napoleon Peaking Station - Richland 230 kV
7375,L:8357:8375:138,2016-02-25 19:00:00,2016-03-02 19:00:00,planned,Bethpage - Ss3140 138 kV Line 1
1178,L:5545:5950:138,2016-02-26 19:00:00,2016-02-29 19:00:00,planned,Orange Park - Terra Bella 138 kV #1
17543,L:19980:19993:100,2016-03-02 19:00:00,2016-03-06 19:00:00,planned,Allen Junction - Kitty Hawk 100 kV Line 1
10784,L:9939:10255:138,2016-02-24 19:00:00,2016-03-14 19:00:00,planned,Western Sugar Coop - Scottsbluff - Heber 138 kV #1
15227,L:18972:19539:100,2016-02-23 19:00:00,2016-03-02 19:00:00,planned,Sykes Road - Muddy Ridge 100 kV #1
4312,L:7020:7021:138,2016-03-01 19:00:00,2016-03-17 19:00:00,planned,Stuat - Zenith 138 kV line
15157,L:18937:18980:100,2016-02-24 19:00:00,2016-03-14 19:00:00,planned,Kimball Rd - New Spackenkill 100 kV Ckt 1
18072,L:20269:22708:500,2016-02-25 19:00:00,2016-02-26 19:00:00,planned,Spanish Crk - Montpelier Electric Generating Station 500 kV Cir. 1
13229,L:17924:17941:138,2016-02-29 19:00:00,2016-03-05 19:00:00,planned,Badoura 11534 Kv - Peytona 138 kV
159,L:3350:6956:138,2016-02-24 19:00:00,2016-02-29 19:00:00,planned,Hudson - St. John 138 kV
3185,L:6357:6379:138,2016-02-26 19:00:00,2016-03-04 19:00:00,planned,Hilltop Tap - Duckabush 138 kV Line 1
8150,L:8710:8966:138,2016-03-02 19:00:00,2016-03-19 19:00:00,planned,Kingswood - De Zavala Rd 138 kV Cir. 1
7922,L:8614:8632:138,2016-04-05 08:00:00,2016-04-23 08:00:00,planned,Whitehurst Substation - Oliver Dam 138 kV Circuit 1
16237,L:19475:19490:100,2016-04-03 08:00:00,2016-04-22 08:00:00,planned,Holly Hill - Don Marquis 2 100 kV line
15766,L:19217:19266:100,2016-04-04 08:00:00,2016-04-18 08:00:00,planned,Willey Battery Utility - Stevens Drive 100 kV
1377,L:5630:5645:138,2016-04-05 08:00:00,2016-04-25 08:00:00,planned,Apra Hts - Edwardsport Sta 138 kV #1
3168,L:6349:6840:138,2016-04-04 08:00:00,2016-04-22 08:00:00,planned,Caldwell - Nashville 138 kV #1
20371,L:23171:23187:100,2016-03-28 08:00:00,2016-04-13 08:00:00,planned,Endako Cust - Maguire Rd 100 kV Ckt 3
18551,L:21710:22596:100,2016-04-04 08:00:00,2016-04-16 08:00:00,planned,Berrien Springs - Cambria 100 kV Circuit 2
3105,L:6323:6973:138,2016-04-04 08:00:00,2016-04-23 08:00:00,planned,Pg Pulp - W Jordan 138 kV
7615,L:8462:8502:138,2016-03-29 08:00:00,2016-04-17 08:00:00,planned,S Manchester - Earl F Wisdom 138 kV Ckt 1
19453,L:22861:22998:100,2016-04-05 08:00:00,2016-04-14 08:00:00,planned,Sta 204 - Crown 100 kV
8581,L:8922:9073:138,2016-04-01 08:00:00,2016-04-19 08:00:00,planned,Asheville - Branchville 138 kV line
13990,L:18351:18353:138,2016-03-28 08:00:00,2016-04-14 08:00:00,planned,Keowee - Vaseux 138 kV Cir. 1
15017,L:18879:18880:100,2016-04-05 08:00:00,2016-04-15 08:00:00,planned,Thomas - Key Biscayne 100 kV Ckt 1
20388,L:23178:23239:100,2016-04-06 08:00:00,2016-04-21 08:00:00,planned,Alire Pnm - Red Butte Substation 100 kV Line 1
16993,L:19740:19919:100,2016-04-04 08:00:00,2016-04-18 08:00:00,planned,Power Inn-Geneva Pointe - Nottingham 100 kV Ckt 1
14941,L:18849:19582:100,2016-03-28 08:00:00,2016-04-06 08:00:00,planned,Picante - Yellow Crk 100 kV #1
19334,L:22832:23092:100,2016-04-05 08:00:00,2016-04-25 08:00:00,planned,Nelson Road - Tri-Corner Substation 100 kV Cir. 1
7753,L:8516:9104:345,2016-04-02 08:00:00,2016-04-03 08:00:00,planned,Plant Avenue - Conowino 345 kV Line 1
20948,L:23449:23496:230,2016-03-30 08:00:00,2016-04-06 08:00:00,planned,Joliet 29 Substation - Sunet Point 230 kV #1
12000,L:16490:16884:138,2016-04-04 08:00:00,2016-04-19 08:00:00,planned,Mar Substation - Riviera 138 kV Circuit 1
16777,L:19643:20303:230,2016-04-03 08:00:00,2016-04-12 08:00:00,planned,Canal Rd - Chartley Pond Substation 230 kV
14711,L:18751:19588:100,2016-04-02 08:00:00,2016-04-19 08:00:00,planned,Bellaire Op - Lockwood 100 kV Line
363,L:5158:5329:138,2016-04-04 08:00:00,2016-04-19 08:00:00,planned,Shadow - Tipton 138 kV Circuit 1
13568,L:18102:18106:138,2016-04-04 08:00:00,2016-04-14 08:00:00,planned,Phelan - Cluff 138 kV L
20153,L:23095:23140:230,2016-03-28 08:00:00,2016-04-17 08:00:00,planned,Rapides Substation - San Andres 230 kV Line 2
9009,L:9101:18391:138,2016-03-29 08:00:00,2016-04-13 08:00:00,planned,Baker St - Heffley Tap 138 kV Cir. 1
14332,L:18601:18603:138,2016-04-05 08:00:00,2016-04-14 08:00:00,planned,Ojo - Stanford 138 kV Circuit 1
4037,L:6834:6837:138,2016-03-31 08:00:00,2016-04-19 08:00:00,planned,Turkey Ford - San Lorenzo 138 kV Line
14098,L:18428:18689:138,2016-04-03 08:00:00,2016-04-19 08:00:00,planned,Morgantown Energy Facility - Mclelan 138 kV #1
20515,L:23255:23508:100,2016-05-26 18:00:00,2016-06-10 18:00:00,planned,Kendall County Generation Facility - Dresden Generating Sta 100 kV Circuit 2
15151,L:18933:20236:100,2016-05-24 18:00:00,2016-06-12 18:00:00,planned,Marys River - Fitchburg 100 kV line
17828,L:20119:20268:100,2016-05-27 18:00:00,2016-06-08 18:00:00,planned,W Mount Vernon - Strawton 100 kV Circuit 1
17141,L:19797:20279:100,2016-05-26 18:00:00,2016-06-09 18:00:00,planned,Beatrice - Aneth 100 kV
19634,L:22907:23504:100,2016-05-28 18:00:00,2016-06-01 18:00:00,planned,Groton Muni - Ustick 100 kV Circuit 2
5060,L:7232:8243:138,2016-05-29 18:00:00,2016-06-01 18:00:00,planned,Bullard - Wasco 138 kV Cir. 1
1854,L:5890:5943:345,2016-05-31 18:00:00,2016-06-07 18:00:00,planned,Flatwood - Hutchinson Plant 2 345 kV
15003,L:18870:18871:100,2016-05-25 18:00:00,2016-06-08 18:00:00,planned,Golden Ring - La Grande 100 kV Ckt 1
2973,L:6261:6296:138,2016-05-22 18:00:00,2016-05-26 18:00:00,planned,Lenape - Victora 138 kV #1
15975,L:19326:19330:100,2016-05-22 18:00:00,2016-06-07 18:00:00,planned,Eustis - Earleys 100 kV Line 1
14656,L:18731:19526:100,2016-05-22 18:00:00,2016-05-26 18:00:00,planned,Lucas Co - Devola 100 kV Ckt 1
12811,L:17587:17589:138,2016-05-30 18:00:00,2016-06-05 18:00:00,planned,Brigham Rd - Kidd No. 1 138 kV L
304,L:5131:5995:345,2016-05-25 18:00:00,2016-05-27 18:00:00,planned,Acb Energy Parntners Llc - Mtf Cogen - Cardiff 345 kV Line
8595,L:8933:8972:138,2016-05-30 18:00:00,2016-06-09 18:00:00,planned,Central Avenue - Ritchie 138 kV Ckt 1
16934,L:19722:19779:100,2016-05-30 18:00:00,2016-06-12 18:00:00,planned,Lester - Keith 100 kV L
19405,L:22849:22886:230,2016-05-29 18:00:00,2016-06-18 18:00:00,planned,Moreno Tap - Flax Hill 230 kV
9218,L:9201:9202:138,2016-05-24 18:00:00,2016-06-07 18:00:00,planned,Takelma Substation - Tanglewilde 138 kV Cir. 1
19381,L:22844:23518:100,2016-05-28 18:00:00,2016-06-12 18:00:00,planned,Jax Hts - Progress Energy Clermont Substation 100 kV
15768,L:19218:19251:100,2016-05-30 18:00:00,2016-06-08 18:00:00,planned,Mcadams - Interbay 100 kV Cir. 1
6927,L:8231:8232:138,2016-05-26 18:00:00,2016-06-07 18:00:00,planned,Northeastern - Pantex South 138 kV Ckt 1
9506,L:9342:17625:138,2016-05-23 18:00:00,2016-06-02 18:00:00,planned,Du Pont - Taos 138 kV L
17944,L:20197:20203:100,2016-05-27 18:00:00,2016-06-08 18:00:00,planned,South Akron - Water 100 kV Cir. 2
15303,L:19008:19009:100,2016-05-22 18:00:00,2016-06-03 18:00:00,planned,W Millersport Substation - Westrock Hodge La 100 kV
3715,L:6638:6654:138,2016-05-24 18:00:00,2016-06-03 18:00:00,planned,Glen Carter - Forge 2 138 kV Circuit 1
7319,L:8325:8326:138,2016-05-26 18:00:00,2016-06-05 18:00:00,planned,Cottonwood - Harmony 138 kV #2
14887,L:18830:19674:100,2016-05-22 18:00:00,2016-05-26 18:00:00,planned,Redmond - Washington Avenue Substation 100 kV Cir. 1
12494,L:17211:17835:138,2016-05-31 18:00:00,2016-06-16 18:00:00,planned,San Angelo Ben Ficklin - J K Smith 138 kV Cir. 1
20512,L:23255:23258:100,2016-05-27 18:00:00,2016-06-11 18:00:00,planned,Kendall County Generation Facility - Yabucoa Substation 100 kV #1
9522,L:9351:9359:138,2016-05-27 18:00:00,2016-06-02 18:00:00,planned,22N St - Wansley Combined Cycle 138 kV Line 1
15526,L:19100:19102:100,2016-05-22 18:00:00,2016-06-07 18:00:00,planned,Flambeau Solar Partners - Estacada 100 kV Line 1
21266,L:23510:23527:500,2016-05-24 18:00:00,2016-06-09 18:00:00,planned,Shady Oaks Wind Farm - Richardson Woodhaven Substation 500 kV Cir. 1
8085,L:8688:8709:138,2016-05-25 18:00:00,2016-06-05 18:00:00,planned,Tokoma - Seek Lane 138 kV
10487,L:9799:9984:138,2016-05-31 18:00:00,2016-06-20 18:00:00,planned,Beanblossom-Sw Sta - Riv Rd 138 kV Line 1
9485,L:9333:9334:138,2016-05-24 18:00:00,2016-06-05 18:00:00,planned,Pearsall Power Plant - E Krok 138 kV
19387,L:22846:22850:100,2016-05-23 18:00:00,2016-06-12 18:00:00,planned,Prosser - Cataract Hydro 100 kV Line 1
9058,L:9124:9130:138,2016-05-23 18:00:00,2016-06-11 18:00:00,planned,Prffit Substation - Gordonsville 138 kV
7325,L:8328:8330:138,2016-05-29 18:00:00,2016-06-16 18:00:00,planned,Met Ctr - Enterprise 138 kV Ckt 1
1070,L:5502:5545:138,2016-05-26 18:00:00,2016-06-08 18:00:00,planned,Freeman Dp - Terra Bella 138 kV #1
10943,L:10014:10295:345,2016-05-25 18:00:00,2016-05-29 18:00:00,planned,Surry - Toano 345 kV #1
3424,L:6478:8104:138,2016-05-30 18:00:00,2016-06-06 18:00:00,planned,Delaney - Kieler 138 kV Circuit 1
17904,L:20175:20191:100,2016-05-28 18:00:00,2016-06-06 18:00:00,planned,Mcknights - Krumroy 100 kV
9878,L:9559:9567:138,2016-05-31 18:00:00,2016-06-15 18:00:00,planned,Girvan Substation - Ashfield 138 kV Cir. 1
8388,L:8830:8985:138,2016-05-28 18:00:00,2016-06-01 18:00:00,planned,Lea National - E Hartford Substation 138 kV L
3416,L:6475:6701:138,2016-05-30 18:00:00,2016-06-11 18:00:00,planned,Ge Alachua - Colorado Riv 138 kV Ckt 1
2563,L:6065:6527:138,2016-05-25 18:00:00,2016-05-26 18:00:00,planned,Pipers Gap - Carl Bailey 138 kV
1395,L:5639:5653:138,2016-05-23 18:00:00,2016-05-28 18:00:00,planned,Embarcadero - Kellerville 138 kV Line 1
17258,L:19850:20072:100,2016-05-27 18:00:00,2016-06-03 18:00:00,planned,Clear Crossing - Castalia 100 kV #1
8474,L:8867:8931:138,2016-05-27 18:00:00,2016-06-02 18:00:00,planned,Duval - Mezerott Road 138 kV Ckt 1
3370,L:6453:6469:138,2016-05-24 18:00:00,2016-06-12 18:00:00,planned,Llanerch - Sandpiper 138 kV Line 1
9078,L:9133:9418:138,2016-05-25 18:00:00,2016-06-09 18:00:00,planned,Palm Springs - N Network Substation 138 kV #1
1982,L:5917:6922:138,2016-05-23 18:00:00,2016-06-12 18:00:00,planned,Jefferson Tap Substation - Earlimart Substation 138 kV Circuit 1
2489,L:6038:6044:138,2016-05-23 18:00:00,2016-06-09 18:00:00,planned,Internationalpaper Red Riv Mill - Ochiltree 138 kV #1
18700,L:21794:21808:100,2016-05-24 18:00:00,2016-06-12 18:00:00,planned,Sicamous - Harper 100 kV L
16033,L:19348:19349:100,2016-05-28 18:00:00,2016-06-01 18:00:00,planned,Arco Western Energy - Blue Racer 100 kV Line 1
20231,L:23128:23223:100,2016-05-22 18:00:00,2016-06-07 18:00:00,planned,Sherman St - Mexico Intertie 100 kV #1
9498,L:9336:9520:138,2016-05-28 18:00:00,2016-06-14 18:00:00,planned,Skungamaug - Barnhart Substation 138 kV #1
8392,L:8833:8959:138,2016-05-22 18:00:00,2016-06-01 18:00:00,planned,Beltsville - Geismar Cogen 138 kV Cir. 1
10836,L:9959:10094:138,2016-06-15 17:00:00,2016-06-16 17:00:00,planned,Newport News - Tamarisk 138 kV
5059,L:7232:8227:138,2016-06-16 17:00:00,2016-06-28 17:00:00,planned,Bullard - Bristol - Hewitt Rd 138 kV Circuit 1
16881,L:19689:19694:100,2016-06-11 17:00:00,2016-07-01 17:00:00,planned,Tamuning - Oxanna 100 kV Cir. 1
13322,L:17972:19685:138,2016-06-17 17:00:00,2016-06-23 17:00:00,planned,Whittemore - Leetonia 138 kV
5583,L:7517:7631:138,2016-06-13 17:00:00,2016-06-19 17:00:00,planned,Urbana Perkins Rd - Philip 138 kV Line 1
5756,L:7600:7618:138,2016-06-18 17:00:00,2016-06-29 17:00:00,planned,Hogback - Dynegy Oaklan Power Plant 138 kV Line
1840,L:5883:5972:138,2016-06-20 17:00:00,2016-06-27 17:00:00,planned,Beewah - Yards Crk 138 kV #1
14211,L:18507:18508:138,2016-06-20 17:00:00,2016-06-23 17:00:00,planned,Soldotna - White Sands Missile Range 138 kV #1
12845,L:17602:17605:138,2016-06-18 17:00:00,2016-06-24 17:00:00,planned,Conair - Tupman 138 kV Ckt 1
20269,L:23139:23451:100,2016-06-20 17:00:00,2016-06-26 17:00:00,planned,Bruceville - Morrison Lane 100 kV Line 1
2483,L:6035:6063:138,2016-06-14 17:00:00,2016-06-16 17:00:00,planned,Ojus - Eight Flags Energy 138 kV
14037,L:18379:18385:138,2016-06-16 17:00:00,2016-06-18 17:00:00,planned,Ball - Deluce 138 kV Line 1
13361,L:17988:18334:138,2016-06-19 17:00:00,2016-06-23 17:00:00,planned,H Allen Franklin Combined Cycle - Cantil 138 kV
17376,L:19899:20130:100,2016-06-16 17:00:00,2016-06-27 17:00:00,planned,Mcgulpin - Clyde Hill 100 kV Line 1
13722,L:18192:18196:138,2016-06-16 17:00:00,2016-06-20 17:00:00,planned,Clinton Lfgte Facility - Richlands 138 kV Cir. 1
20127,L:23087:23444:100,2016-06-20 17:00:00,2016-06-21 17:00:00,planned,Edwards St - N Cambridge 100 kV L
12914,L:17674:17764:138,2016-06-19 17:00:00,2016-07-04 17:00:00,planned,Orick Substation - Batavia Power Plant 138 kV
2658,L:6114:6129:138,2016-06-15 17:00:00,2016-06-28 17:00:00,planned,Martel - Ft Davis 138 kV line
15708,L:19196:19197:100,2016-06-18 17:00:00,2016-06-20 17:00:00,planned,Mishicot - Bodcau Rd 100 kV Cir. 1
20699,L:23330:23494:100,2016-06-20 17:00:00,2016-07-05 17:00:00,planned,Lake Ida - Capsule 100 kV
2753,L:6157:6200:345,2016-06-19 17:00:00,2016-07-09 17:00:00,planned,Warrington - Forest City Light Plant 345 kV
2906,L:6230:6231:138,2016-06-13 17:00:00,2016-06-16 17:00:00,planned,Bi Crk 4 - Switch 138 kV Cir. 1
9092,L:9139:9140:138,2016-06-15 17:00:00,2016-06-21 17:00:00,planned,Clifton Forge Substation - Humbug 138 kV #1
9096,L:9141:9149:138,2016-06-16 17:00:00,2016-06-25 17:00:00,planned,East Longmeadow - Timberwolf 138 kV Circuit 1
5220,L:7311:7343:138,2016-06-14 17:00:00,2016-06-24 17:00:00,planned,Puddledock Rd - Eulid 138 kV
19964,L:23015:23495:230,2016-06-18 17:00:00,2016-06-22 17:00:00,planned,Scot - Rocky Rd Power Llc 230 kV #1
12729,L:17445:17446:138,2016-06-14 17:00:00,2016-06-27 17:00:00,planned,Garrott - Rosedale 138 kV #1
8053,L:8679:8682:138,2016-06-15 17:00:00,2016-07-04 17:00:00,planned,Rossville - Culleoka 138 kV Ckt 1
18870,L:22031:22579:100,2016-06-17 17:00:00,2016-06-27 17:00:00,planned,Tch Ctr - Weleetka 100 kV #1
15926,L:19301:19304:100,2016-06-11 17:00:00,2016-06-25 17:00:00,planned,Grs Richmond - Valmy 100 kV Ckt 1
19890,L:22989:23015:100,2016-06-11 17:00:00,2016-06-28 17:00:00,planned,Scot - Itasca 100 kV Ckt 1
20717,L:23337:23362:100,2016-06-17 17:00:00,2016-06-21 17:00:00,planned,Imc 3 - Livonia Avenue 100 kV Circuit 1
12682,L:17392:17393:138,2016-06-19 17:00:00,2016-07-06 17:00:00,planned,Ft Churchill - Fort Myers 138 kV #1
3657,L:6599:6601:138,2016-06-11 17:00:00,2016-06-18 17:00:00,planned,Brodhead - Arcata 138 kV Circuit 1
1847,L:5887:5929:138,2016-06-13 17:00:00,2016-07-02 17:00:00,planned,Hickory Forest - Fairground 138 kV Line 1
11464,L:10287:10296:138,2016-06-16 17:00:00,2016-06-28 17:00:00,planned,Gleneden - Coffeeville 138 kV Ckt 1
3139,L:6337:6789:138,2016-06-15 17:00:00,2016-06-27 17:00:00,planned,Rose Garden - Poncha Substation 138 kV
19712,L:22933:22971:100,2016-06-15 17:00:00,2016-06-28 17:00:00,planned,Sunrise - Storage Tek I 100 kV Circuit 3
14791,L:18794:18797:100,2016-06-17 17:00:00,2016-07-06 17:00:00,planned,Medicine Lake - Boost 100 kV Line 1
4166,L:6928:6930:138,2016-06-19 17:00:00,2016-06-20 17:00:00,planned,Penrose - Municipal Light 138 kV Ckt 1
10645,L:9875:10158:138,2016-06-15 17:00:00,2016-06-18 17:00:00,planned,Wiccopee - Tony Lappos 138 kV Ckt 1
745,L:5338:5341:138,2016-06-14 17:00:00,2016-06-23 17:00:00,planned,Texum Substation - W Drien 138 kV L
6065,L:7761:7763:138,2016-06-16 17:00:00,2016-06-26 17:00:00,planned,Tulsa N - Norris Dam 138 kV #1
5772,L:7607:7610:138,2016-06-20 17:00:00,2016-06-30 17:00:00,planned,Johnstown Substation - Wasson Switching 138 kV Ckt 1
5316,L:7380:7477:138,2016-06-11 17:00:00,2016-06-18 17:00:00,planned,Owens Brockway - Tonopah 138 kV Cir. 1
2592,L:6074:6243:138,2016-06-19 17:00:00,2016-07-01 17:00:00,planned,Limerick - Arden 138 kV Line
5125,L:7258:7259:138,2016-06-12 17:00:00,2016-06-23 17:00:00,planned,Hostos 5011 - Zamora 138 kV Line 1
20282,L:23140:23161:230,2016-06-19 17:00:00,2016-07-01 17:00:00,planned,Rapides - Turley 230 kV Ckt 1
8021,L:8665:9072:138,2016-06-14 17:00:00,2016-06-16 17:00:00,planned,Huntington Beach - Goddard Steam Plant 138 kV Line 1
8757,L:9025:9026:138,2016-06-12 17:00:00,2016-06-22 17:00:00,planned,Big Bend - Cherry Run 138 kV Circuit 1
5802,L:7632:8247:138,2016-06-15 17:00:00,2016-06-24 17:00:00,planned,Grandfather Falls - Harwood 138 kV Cir. 1
8452,L:8849:8869:138,2016-06-16 17:00:00,2016-06-28 17:00:00,planned,Tap - Montgomery Village 138 kV Cir. 2
10755,L:9926:9928:138,2016-06-16 17:00:00,2016-07-06 17:00:00,planned,Dafter - South Christianburg 138 kV Line 1
11185,L:10157:10198:138,2016-06-17 17:00:00,2016-07-05 17:00:00,planned,Plano - Fuller Road Substation 138 kV Ckt 2
9385,L:9282:9466:138,2016-06-14 17:00:00,2016-07-03 17:00:00,planned,Universiity - Meadow Lake Wind Farm Llc 138 kV #1
20624,L:23296:23298:100,2016-06-20 17:00:00,2016-07-10 17:00:00,planned,Vincent - Mars Hill 100 kV Circuit 1
19000,L:22338:22943:100,2016-06-20 17:00:00,2016-07-02 17:00:00,planned,Ferguson Avenue - Winthrop 100 kV #1
20454,L:23218:23252:100,2016-06-15 17:00:00,2016-06-28 17:00:00,planned,Sawyer Ave - Givens Pioneer Coop 100 kV line
14161,L:18475:18478:138,2016-06-14 17:00:00,2016-06-16 17:00:00,planned,Greenville Steam - Elk City Llc 138 kV
8254,L:8755:9014:138,2016-06-20 17:00:00,2016-07-08 17:00:00,planned,Onion Creek - Kramer 138 kV Line 1
5420,L:7435:8266:138,2016-06-20 17:00:00,2016-06-21 17:00:00,planned,Manville - Keystone Substation 138 kV #1
13021,L:17781:17783:138,2016-06-20 17:00:00,2016-07-10 17:00:00,planned,New London Avenue - Santiam 138 kV L
2700,L:6129:6130:138,2016-06-15 17:00:00,2016-06-30 17:00:00,planned,Halls Flat - Fort Davis 138 kV Ckt 1
9353,L:9265:17759:138,2016-07-16 16:00:00,2016-08-05 16:00:00,planned,Haysi Substation - Tom Watkins 138 kV
5828,L:7648:7651:138,2016-07-24 16:00:00,2016-07-26 16:00:00,planned,Floresville - Marlette 138 kV Line 1
13816,L:18245:18252:138,2016-07-20 16:00:00,2016-07-26 16:00:00,planned,Vina - Days Creek 138 kV Ckt 1
739,L:5333:5974:138,2016-07-21 16:00:00,2016-07-29 16:00:00,planned,Aerpuerto - Middle Station 138 kV Ckt 1
11166,L:10149:10152:138,2016-07-17 16:00:00,2016-07-25 16:00:00,planned,Independent Hill D.P - Baseline 138 kV Line 1
20003,L:23026:23095:100,2016-07-18 16:00:00,2016-07-31 16:00:00,planned,Fenner - San Andres 100 kV Line 2
16945,L:19727:19772:100,2016-07-16 16:00:00,2016-07-29 16:00:00,planned,Juiper - Gerald Andrus Sta 100 kV Cir. 1
12848,L:17604:17865:138,2016-07-24 16:00:00,2016-07-25 16:00:00,planned,Solstice - Laurel Dam 138 kV
7779,L:8525:9094:138,2016-07-24 16:00:00,2016-07-26 16:00:00,planned,Bengies - Sulphur Springs 138 kV Line 2
1682,L:5800:8388:138,2016-07-21 16:00:00,2016-07-27 16:00:00,planned,Carrcroft - Amargosa Substation 138 kV Line 1
10639,L:9872:9903:138,2016-07-21 16:00:00,2016-08-03 16:00:00,planned,Ellerbe Road Substation - Forward 138 kV Circuit 1
5849,L:7660:7718:138,2016-07-17 16:00:00,2016-07-24 16:00:00,planned,Hirsch Rd - Edge Moor 138 kV
8708,L:8995:9000:138,2016-07-16 16:00:00,2016-08-04 16:00:00,planned,Walpole - Saratoga 138 kV Ckt 1
4916,L:7178:7218:138,2016-07-24 16:00:00,2016-08-10 16:00:00,planned,Scanlon - Michigamme Falls Hy 138 kV Cir. 1
6819,L:8164:8173:138,2016-07-25 16:00:00,2016-08-13 16:00:00,planned,Palo Verde - Knob 138 kV Cir. 1
12780,L:17574:17581:138,2016-07-23 16:00:00,2016-08-10 16:00:00,planned,W Fork - Hotchkiss 138 kV L
21103,L:23480:23505:230,2016-07-18 16:00:00,2016-08-06 16:00:00,planned,Crete Energy Venture Llc - University Park N 230 kV #1
2594,L:6075:6285:138,2016-07-16 16:00:00,2016-08-01 16:00:00,planned,Coast Guard 7005 - Straits Substation 138 kV Circuit 1
21385,L:23885:24570:100,2016-07-23 16:00:00,2016-07-25 16:00:00,planned,Bark Riv - Revere Co 100 kV #1
17888,L:20162:20163:100,2016-07-21 16:00:00,2016-08-08 16:00:00,planned,Colby City Of Substation - Savona 100 kV Ckt 1
1276,L:5587:5650:138,2016-07-19 16:00:00,2016-08-05 16:00:00,planned,San Andreas Tap Substation - Industrial Way 138 kV #1
20310,L:23147:23525:100,2016-07-21 16:00:00,2016-07-31 16:00:00,planned,Fall Riv - White Heath 100 kV
20312,L:23148:23165:100,2016-07-23 16:00:00,2016-07-26 16:00:00,planned,Picadilly - W Sparta 100 kV L
15068,L:18900:19220:100,2016-07-25 16:00:00,2016-08-01 16:00:00,planned,Cumberland Wi - Texsul 100 kV Circuit 1
19815,L:22970:22974:100,2016-07-25 16:00:00,2016-07-31 16:00:00,planned,Pittsford Substation - Line Creek 100 kV Line 3
16967,L:19734:19928:100,2016-07-24 16:00:00,2016-08-13 16:00:00,planned,St. Charles Power Plant - Progressive 100 kV
17619,L:20015:20037:100,2016-07-21 16:00:00,2016-07-26 16:00:00,planned,Ellis - Lawson Rd 100 kV Line 1
7891,L:8600:8603:138,2016-07-22 16:00:00,2016-08-02 16:00:00,planned,Omro - Burns Lae 138 kV Line 1
3020,L:6283:7172:138,2016-07-21 16:00:00,2016-07-31 16:00:00,planned,Del Rosa - Moser Generating Sta 138 kV Circuit 1
4660,L:7127:8783:345,2016-07-19 16:00:00,2016-07-30 16:00:00,planned,Keystone Hts Electric - Amps 345 kV
14961,L:18854:18856:100,2016-07-25 16:00:00,2016-08-03 16:00:00,planned,E Marysvile - Sugarloaf 100 kV Circuit 1
494,L:5224:5237:138,2016-07-16 16:00:00,2016-07-19 16:00:00,planned,Seven Mile - Mount Laurel 138 kV
16241,L:19479:19481:100,2016-07-25 16:00:00,2016-08-08 16:00:00,planned,Landmark - Como Lake 100 kV Cir. 1
7971,L:8648:8649:138,2016-07-25 16:00:00,2016-07-28 16:00:00,planned,Colora - Guayanes 2902 138 kV Circuit 1
12115,L:16944:16945:138,2016-07-24 16:00:00,2016-07-26 16:00:00,planned,North Little Rock Levy - Us Ord Depot-Herlong 138 kV Cir. 1
16309,L:19519:19532:100,2016-07-25 16:00:00,2016-07-28 16:00:00,planned,John Day - Avola 100 kV #1
13374,L:17992:18705:345,2016-07-24 16:00:00,2016-07-26 16:00:00,planned,Main Line - Tristate 345 kV
19499,L:22872:22934:100,2016-07-17 16:00:00,2016-08-06 16:00:00,planned,Sun Prairie - S Jackson 100 kV Ckt 1
6397,L:7929:8061:138,2016-07-18 16:00:00,2016-08-03 16:00:00,planned,Mukonago - Reenergy Ashland 138 kV Cir. 1
18729,L:21835:22225:100,2016-07-20 16:00:00,2016-07-22 16:00:00,planned,Hartford City - W Hill 100 kV Cir. 1
2768,L:6165:7136:138,2016-07-25 16:00:00,2016-08-09 16:00:00,planned,Boyntonville - Visalia 138 kV L
6021,L:7741:7766:138,2016-07-16 16:00:00,2016-08-04 16:00:00,planned,Alberta - Garland 138 kV Cir. 1
462,L:5205:5207:138,2016-07-23 16:00:00,2016-07-27 16:00:00,planned,Monroe Central - Octol 138 kV Ckt 1
19590,L:22888:23492:100,2016-07-18 16:00:00,2016-07-23 16:00:00,planned,Nw Term - Henagar 100 kV
15131,L:18926:19190:100,2016-07-17 16:00:00,2016-07-27 16:00:00,planned,Central Florida - Westcoast Cellufibre 100 kV Cir. 1
14159,L:18473:18486:138,2016-07-16 16:00:00,2016-08-01 16:00:00,planned,Mohicanville - Southwind 138 kV
8137,L:8706:9717:138,2016-07-23 16:00:00,2016-07-28 16:00:00,planned,Albatross - Cherrydale 138 kV
11296,L:10235:10236:138,2016-07-22 16:00:00,2016-08-06 16:00:00,planned,4Th Avenue N - National 138 kV Cir. 1
13244,L:17930:18295:138,2016-07-18 16:00:00,2016-07-24 16:00:00,planned,Hewett Substation - Main St 138 kV
7692,L:8489:8802:138,2016-08-03 16:00:00,2016-08-12 16:00:00,planned,6Th South - Ucsd Substation 138 kV
3736,L:6648:6671:345,2016-08-04 16:00:00,2016-08-22 16:00:00,planned,Vfw Park - Limestone 345 kV Line 1
12080,L:16917:16927:138,2016-08-12 16:00:00,2016-08-25 16:00:00,planned,Appleway - Frost Bridge Substation 138 kV Cir. 1
11951,L:16192:16831:138,2016-08-07 16:00:00,2016-08-15 16:00:00,planned,Vilas - Arrowhead Lake 138 kV #1
13173,L:17890:17898:138,2016-08-11 16:00:00,2016-08-16 16:00:00,planned,Three Lakes - Callender 138 kV Circuit 1
11051,L:10085:10086:138,2016-08-09 16:00:00,2016-08-26 16:00:00,planned,Anatolia - Hughson 138 kV
1147,L:5528:6165:138,2016-08-05 16:00:00,2016-08-23 16:00:00,planned,Emilie - Boyntonville 138 kV
13218,L:17912:17920:138,2016-08-12 16:00:00,2016-08-25 16:00:00,planned,Lone Star - Opequon 138 kV L
3878,L:6734:6770:138,2016-08-09 16:00:00,2016-08-16 16:00:00,planned,Silver Peak - Dexter Tap 138 kV Cir. 1
7507,L:8410:8453:138,2016-08-06 16:00:00,2016-08-16 16:00:00,planned,Vaca-Dixon - South Perry 138 kV #1
15435,L:19060:19105:100,2016-08-09 16:00:00,2016-08-13 16:00:00,planned,Ironwood - Vallejo B Substation 100 kV Circuit 1
9031,L:9110:9120:138,2016-08-05 16:00:00,2016-08-06 16:00:00,planned,Superstition - Huntley 138 kV L
3306,L:6428:7163:138,2016-08-09 16:00:00,2016-08-26 16:00:00,planned,Middletown - Marcus Hook Energy Lp 138 kV Line 1
5236,L:7323:7342:138,2016-08-08 16:00:00,2016-08-16 16:00:00,planned,Redondo - Saline 138 kV Circuit 1
19618,L:22899:23503:100,2016-08-03 16:00:00,2016-08-17 16:00:00,planned,Southwestern - Taylor 138 & 100 kV Ckt 1
14360,L:18626:18629:138,2016-08-06 16:00:00,2016-08-19 16:00:00,planned,Alger - Las Pulgas 138 kV
18431,L:21375:21392:100,2016-08-04 16:00:00,2016-08-18 16:00:00,planned,Albany Green Energy - Fremont 100 kV Cir. 1
13461,L:18041:18050:138,2016-08-10 16:00:00,2016-08-13 16:00:00,planned,Wartburg - Lee Highway 138 kV #1
18079,L:20270:20308:100,2016-08-09 16:00:00,2016-08-26 16:00:00,planned,Mead - Black Canyon 100 kV
15244,L:18979:19083:100,2016-08-07 16:00:00,2016-08-16 16:00:00,planned,Ne Irving - N Silver Substation 100 kV Circuit 1
6201,L:7823:7840:138,2016-08-10 16:00:00,2016-08-26 16:00:00,planned,Universal Studios Studio Master - Rush Citycaps 138 kV Cir. 1
11285,L:10229:10244:138,2016-08-07 16:00:00,2016-08-24 16:00:00,planned,Weed Jct - Evansville Muni 138 kV Ckt 1
864,L:5388:5774:138,2016-08-12 16:00:00,2016-08-31 16:00:00,planned,Santa Ynez Swith - Alsea 138 kV line
10243,L:9689:9711:138,2016-08-08 16:00:00,2016-08-17 16:00:00,planned,Humboldt - Battle Ground 138 kV
15219,L:18968:18971:100,2016-08-12 16:00:00,2016-08-16 16:00:00,planned,E Holbrook Substation - Shouns 100 kV Line 1
16038,L:19356:19357:100,2016-08-10 16:00:00,2016-08-25 16:00:00,planned,Cane Run - Buck Creek 100 kV Line 1
9744,L:9474:9723:138,2016-08-05 16:00:00,2016-08-10 16:00:00,planned,Copco - San Joaquin 138 kV #1
13853,L:18270:18285:138,2016-08-11 16:00:00,2016-08-17 16:00:00,planned,Big Oaks - Birch Creek 138 kV Ckt 1
12183,L:16987:17009:138,2016-08-08 16:00:00,2016-08-28 16:00:00,planned,Youngsville - Burton Dam 138 kV #1
18354,L:21041:22584:230,2016-08-10 16:00:00,2016-08-16 16:00:00,planned,Three Rivers - Locust 230 kV Circuit 1
10266,L:9704:9707:138,2016-08-06 16:00:00,2016-08-21 16:00:00,planned,Falls Church - F St 138 kV Line 1
18514,L:21678:22591:100,2016-08-09 16:00:00,2016-08-17 16:00:00,planned,Buchanan Mi - Shroud 100 kV Ckt 1
626,L:5279:5504:138,2016-08-06 16:00:00,2016-08-21 16:00:00,planned,Cii Carbon Llc - Whitwell Substation 138 kV Line
12311,L:17042:17717:138,2016-08-07 16:00:00,2016-08-17 16:00:00,planned,State St - 68Th Street 138 kV line
13508,L:18063:18100:138,2016-08-03 16:00:00,2016-08-16 16:00:00,planned,Hofman Substation - Meadow Bridge 138 kV L
13588,L:18110:18489:138,2016-08-12 16:00:00,2016-08-20 16:00:00,planned,Rio Blanco 2702 - Butano 138 kV Circuit 1
1598,L:5742:5755:138,2016-08-05 16:00:00,2016-08-23 16:00:00,planned,South Haven - Mount Tom 138 kV
5369,L:7414:7566:138,2016-08-08 16:00:00,2016-08-24 16:00:00,planned,Simpson - Mooreland 138 kV #1
16223,L:19470:19472:100,2016-08-11 16:00:00,2016-08-20 16:00:00,planned,Vasco - Cajalco 100 kV Cir. 1
6727,L:8094:20217:100,2016-08-10 16:00:00,2016-08-28 16:00:00,planned,Old Hickory - Cassidy 100 kV Line 1
15635,L:19159:19178:100,2016-08-07 16:00:00,2016-08-09 16:00:00,planned,Centerville Substation - Sobrante 100 kV Cir. 1
16928,L:19719:19760:230,2016-08-09 16:00:00,2016-08-19 16:00:00,planned,Spring Drw Substation - Kelly 230 kV
14312,L:18586:18587:138,2016-08-04 16:00:00,2016-08-07 16:00:00,planned,Wfec Genco Llc - Bee Crk 138 kV #1
2454,L:6026:6032:138,2016-08-03 16:00:00,2016-08-21 16:00:00,planned,Caledonia Alte - Coly 138 kV Cir. 1
6902,L:8220:8228:345,2016-08-12 16:00:00,2016-09-01 16:00:00,planned,Youngwood - Seviervlle 345 kV #1
7470,L:8396:8397:138,2016-08-10 16:00:00,2016-08-21 16:00:00,planned,Atchison - Bedford Rd 138 kV #1
11948,L:16192:16416:138,2016-08-12 16:00:00,2016-08-30 16:00:00,planned,Vilas - Battlefield 138 kV Cir. 1
16194,L:19444:19445:100,2016-08-06 16:00:00,2016-08-21 16:00:00,planned,Douglas St - Dead End 100 kV Circuit 1
1497,L:5683:5696:345,2016-08-03 16:00:00,2016-08-22 16:00:00,planned,Weber - Nassau 345 kV
14789,L:18793:19206:100,2016-08-10 16:00:00,2016-08-29 16:00:00,planned,Odessa - Guion 100 kV Cir. 1
977,L:5451:5991:138,2016-08-04 16:00:00,2016-08-20 16:00:00,planned,Cymric - Marion 138 kV
18579,L:21746:21748:100,2016-08-09 16:00:00,2016-08-15 16:00:00,planned,Bluffton - Santa Fe Springs 100 kV line
1487,L:5680:5836:138,2016-08-08 16:00:00,2016-08-20 16:00:00,planned,Rubidoux - Jones Bluff Substation 138 kV line
13432,L:18024:18025:138,2016-08-11 16:00:00,2016-08-26 16:00:00,planned,Warren Canyon - Culman 138 kV #1
13701,L:18182:18183:138,2016-08-30 17:00:00,2016-09-19 17:00:00,planned,Northwoods - Roseland 138 kV Circuit 1
8912,L:9079:9081:138,2016-09-03 17:00:00,2016-09-21 17:00:00,planned,Wagner - Whatshan 138 kV Circuit 1
2735,L:6149:6177:138,2016-09-06 17:00:00,2016-09-07 17:00:00,planned,Wolcott - Mckee 138 kV Ckt 1
791,L:5363:5382:138,2016-09-01 17:00:00,2016-09-11 17:00:00,planned,Bethpage Power Plant - Stanley Terrace 138 kV
11243,L:10203:10204:138,2016-09-04 17:00:00,2016-09-09 17:00:00,planned,Suffolk - Spiritwood Station 138 kV Cir. 1
13357,L:17986:17987:138,2016-09-05 17:00:00,2016-09-14 17:00:00,planned,Culloden - Liwood 138 kV Ckt 1
8474,L:8867:8931:138,2016-09-08 17:00:00,2016-09-20 17:00:00,planned,Duval - Metzerott Road 138 kV
5031,L:7221:7290:345,2016-09-08 17:00:00,2016-09-18 17:00:00,planned,Cimmaron-E Natamos - Martin Lakes 345 kV #1
4314,L:7022:7029:138,2016-09-05 17:00:00,2016-09-16 17:00:00,planned,Shell Chemical - Kings Fork 138 kV Ckt 1
14986,L:18862:19562:500,2016-09-01 17:00:00,2016-09-05 17:00:00,planned,Cedar Hill - Pawtucket Power Associates 500 kV Circuit 1
7159,L:8275:8280:500,2016-09-01 17:00:00,2016-09-16 17:00:00,planned,Norfork - Ronco 500 kV #1
17690,L:20049:20240:100,2016-09-02 17:00:00,2016-09-14 17:00:00,planned,Raber - Halls 100 kV Circuit 1
20778,L:23385:23388:100,2016-09-02 17:00:00,2016-09-15 17:00:00,planned,Reenergy Ft Fairfield Substation - Amelia Bulk 100 kV Circuit 1
8192,L:8721:9691:138,2016-09-03 17:00:00,2016-09-16 17:00:00,planned,E Stockton - Jefferson St 138 kV Cir. 2
2905,L:6228:7135:138,2016-09-03 17:00:00,2016-09-13 17:00:00,planned,Alamorio - Shred 138 kV #1
15260,L:18986:19001:100,2016-09-03 17:00:00,2016-09-08 17:00:00,planned,Gates Wellhead - Exceksuir 100 kV Cir. 1
9251,L:9218:9291:138,2016-08-31 17:00:00,2016-09-05 17:00:00,planned,Allens Falls - Boonboro 138 kV #1
14674,L:18738:19608:100,2016-09-02 17:00:00,2016-09-16 17:00:00,planned,Higg - Ridgecrest 100 kV Ckt 1
8443,L:8847:8858:138,2016-09-05 17:00:00,2016-09-14 17:00:00,planned,Engl-Eastern Tap - Standard Oil 5 138 kV
580,L:5256:5941:138,2016-09-01 17:00:00,2016-09-12 17:00:00,planned,Levittown - Second Fork 138 kV line
15544,L:19111:19118:100,2016-09-07 17:00:00,2016-09-13 17:00:00,planned,East Hills - Carborundum 100 kV
3435,L:6484:6649:138,2016-09-08 17:00:00,2016-09-25 17:00:00,planned,S Onroe - Mt. Olive 138 kV Cir. 1
578,L:5253:5300:138,2016-09-07 17:00:00,2016-09-16 17:00:00,planned,Chevgen - Gvrd Sewage 138 kV Ckt 1
1129,L:5521:6171:138,2016-08-30 17:00:00,2016-09-17 17:00:00,planned,Walnut - Falls 138 kV Ckt 1
473,L:5211:5215:138,2016-09-07 17:00:00,2016-09-23 17:00:00,planned,Shelby Tie - Iron Mtn 138 kV #1
2978,L:6264:8650:138,2016-09-05 17:00:00,2016-09-21 17:00:00,planned,Hazel - Dunsmuir - Adjunct 138 kV Cir. 1
19215,L:22786:23502:100,2016-09-05 17:00:00,2016-09-10 17:00:00,planned,Freehaven-Lakepark - Rockton 100 kV Line 1
3958,L:6772:7126:345,2016-09-03 17:00:00,2016-09-20 17:00:00,planned,Okay Substation - Limerck 2 345 kV Ckt 1
16305,L:19516:19519:100,2016-09-01 17:00:00,2016-09-11 17:00:00,planned,Burrows Crossing Road - John Day 100 kV Cir. 1
20694,L:23326:24062:100,2016-09-04 17:00:00,2016-09-19 17:00:00,planned,Tuco Substation - Bonners Ferry 100 kV Cir. 1
19905,L:22996:23026:100,2016-09-06 17:00:00,2016-09-08 17:00:00,planned,Fenner - Haleste 100 kV
15322,L:19015:19467:100,2016-08-31 17:00:00,2016-09-03 17:00:00,planned,Vineyard - Athena 100 kV
3907,L:6750:6909:138,2016-09-07 17:00:00,2016-09-17 17:00:00,planned,Deoe Bay - Pinedale 138 kV Cir. 1
12271,L:17028:18705:138,2016-09-05 17:00:00,2016-09-16 17:00:00,planned,Chadwick - Tristate 138 kV Ckt 1
13411,L:18014:18606:138,2016-09-01 17:00:00,2016-09-05 17:00:00,planned,Christiana - South Point 138 kV #1
17127,L:19791:20054:230,2016-09-06 17:00:00,2016-09-14 17:00:00,planned,Goose Lake - Williams Lake 230 kV
4062,L:6859:6874:138,2016-09-08 17:00:00,2016-09-28 17:00:00,planned,Windy Gap - Catoosa 138 kV line
5227,L:7317:7332:138,2016-09-05 17:00:00,2016-09-17 17:00:00,planned,Dormont - Marshall Wind Farm 138 kV L
5166,L:7280:7395:138,2016-09-03 17:00:00,2016-09-20 17:00:00,planned,Herlong - Lakegen 138 kV Circuit 1
7910,L:8611:8615:138,2016-08-30 17:00:00,2016-09-05 17:00:00,planned,Weiser - Burke 138 kV Circuit 1
1086,L:5506:5514:345,2016-09-08 17:00:00,2016-09-27 17:00:00,planned,Charlton St - Lake 345 kV Cir. 1
20762,L:23363:23497:100,2016-09-03 17:00:00,2016-09-13 17:00:00,planned,Stillwell Substation - Sterling Steel 100 kV Ckt 1
15238,L:18976:19558:100,2016-09-06 17:00:00,2016-09-11 17:00:00,planned,Big Vly Lumber Co - H B Robinson 100 kV Ckt 1
16128,L:19401:19414:100,2016-09-08 17:00:00,2016-09-09 17:00:00,planned,Snohomish County 52Nd Street Substation - Taunton Tap 100 kV Ckt 1
2830,L:6198:6200:345,2016-09-07 17:00:00,2016-09-21 17:00:00,planned,Utica Jct - Forest City Light Plant 345 kV #1
19068,L:22581:22766:100,2016-09-08 17:00:00,2016-09-09 17:00:00,planned,Colfax - Rvendale 100 kV Line 1
495,L:5224:5248:138,2016-09-06 17:00:00,2016-09-17 17:00:00,planned,Stelling - Seven Mile Substation 138 kV
5945,L:7706:7721:138,2016-08-31 17:00:00,2016-09-09 17:00:00,planned,S Plant - Pilot Rock 138 kV Circuit 1
3321,L:6433:6471:138,2016-09-07 17:00:00,2016-09-19 17:00:00,planned,Goose Creek - Kifer 138 kV Cir. 1
4005,L:6809:7146:138,2016-09-04 17:00:00,2016-09-15 17:00:00,planned,Lexington - Peno Creek 138 kV Ckt 1
16919,L:19716:19967:100,2016-09-08 17:00:00,2016-09-24 17:00:00,planned,Houma - Salado 100 kV Circuit 1
5551,L:7501:7940:138,2016-08-30 17:00:00,2016-09-16 17:00:00,planned,32Nd St - Hickory Crk 138 kV Line 1
15946,L:19310:19632:100,2016-08-30 17:00:00,2016-09-08 17:00:00,planned,Collinsville - Drake Vly 100 kV Line 1
11967,L:16416:16809:138,2016-09-04 17:00:00,2016-09-14 17:00:00,planned,Battlefield - Rainsville 138 kV L
19661,L:22916:23492:100,2016-09-04 17:00:00,2016-09-15 17:00:00,planned,Bedford Park - Nw Term 100 kV
3305,L:6428:6450:138,2016-09-05 17:00:00,2016-09-10 17:00:00,planned,S Fork - Middletown 138 kV #1
15342,L:19024:19137:100,2016-08-30 17:00:00,2016-09-15 17:00:00,planned,Schoolcraft - Interstate 100 kV #1
9271,L:9226:9537:138,2016-09-01 17:00:00,2016-09-16 17:00:00,planned,Bonsack - Sithe 138 kV
8782,L:9038:9043:138,2016-09-07 17:00:00,2016-09-13 17:00:00,planned,Big Crk 3 - Cermont East 138 kV Line 1
19280,L:22818:23310:100,2016-09-08 17:00:00,2016-09-16 17:00:00,planned,Green Bluff Substation - Deep Springs 100 kV L
6017,L:7740:7742:138,2016-09-06 17:00:00,2016-09-14 17:00:00,planned,Fort Payne Primary - Capacitor 138 kV Line 1
977,L:5451:5991:138,2016-09-08 17:00:00,2016-09-24 17:00:00,planned,Cymric - Marion 138 kV Line 1
14892,L:18832:18834:100,2016-09-04 17:00:00,2016-09-24 17:00:00,planned,Sutter - Robbinsville 100 kV Line 1
13800,L:18239:18252:138,2016-10-19 17:00:00,2016-10-30 17:00:00,planned,Seward Junction - Days Crk 138 kV
17980,L:20222:20231:100,2016-10-14 17:00:00,2016-10-30 17:00:00,planned,Walter F George - Rivermine 100 kV L
6413,L:7936:8274:138,2016-10-10 17:00:00,2016-10-22 17:00:00,planned,Uncer - Chambersburg 138 kV Ckt 1
20939,L:23446:23495:500,2016-10-14 17:00:00,2016-10-17 17:00:00,planned,Elgin Energy Center Llc - Rocky Rd Power Llc 500 kV Circuit 1
4105,L:6886:6921:138,2016-10-19 17:00:00,2016-11-03 17:00:00,planned,Bell Shoals - Master 138 kV Line 1
15373,L:19036:19076:100,2016-10-17 17:00:00,2016-11-02 17:00:00,planned,Taylor - Chipola 100 kV
7529,L:8422:8436:138,2016-10-14 17:00:00,2016-10-24 17:00:00,planned,Big Stone S Substation - Border 138 kV Ckt 1
6412,L:7935:8274:345,2016-10-11 17:00:00,2016-10-13 17:00:00,planned,Newvt Hanlon - Chambersburg 345 kV Ckt 1
7663,L:8483:8558:138,2016-10-16 17:00:00,2016-11-01 17:00:00,planned,Bull Sluice - Rio Nogales 138 kV Ckt 1
1361,L:5622:5894:138,2016-10-18 17:00:00,2016-11-06 17:00:00,planned,Smithburg - Enka 138 kV Cir. 1
6276,L:7869:7908:138,2016-10-14 17:00:00,2016-10-27 17:00:00,planned,John Lawson - Antigo 138 kV Cir. 1
1000,L:5470:5991:138,2016-10-15 17:00:00,2016-10-22 17:00:00,planned,Lejeune - Marion 138 kV
4198,L:6951:7128:138,2016-10-17 17:00:00,2016-11-01 17:00:00,planned,Garden City Substation - Waverly 138 kV Line 1
15436,L:19060:19136:100,2016-10-11 17:00:00,2016-10-21 17:00:00,planned,Mazomanie - Ironwood 100 kV Circuit 1
12199,L:16991:17580:138,2016-10-13 17:00:00,2016-10-24 17:00:00,planned,Coachella City Substation - Richardson 138 kV Line 3
1095,L:5509:5810:138,2016-10-17 17:00:00,2016-10-18 17:00:00,planned,Playas - Fish Creek 138 138 kV Cir. 1
6859,L:8193:8198:138,2016-10-14 17:00:00,2016-10-25 17:00:00,planned,Cowlitz - Fort Gibson 138 kV
10925,L:10005:10212:138,2016-10-11 17:00:00,2016-10-29 17:00:00,planned,Yuba Gold Fields - Bogue 138 kV
5780,L:7611:7614:138,2016-10-11 17:00:00,2016-10-19 17:00:00,planned,Greenbush - Mcindoes 138 kV
10603,L:9859:9875:138,2016-10-13 17:00:00,2016-10-18 17:00:00,planned,Sideburn - Tony Lappos 138 kV L
1411,L:5646:5648:138,2016-10-12 17:00:00,2016-10-16 17:00:00,planned,Shell - Wixom 138 kV Circuit 1
12604,L:17322:17325:138,2016-10-10 17:00:00,2016-10-14 17:00:00,planned,Bear Creek Dam - Milwaukee County 138 kV #1
16171,L:19426:19434:100,2016-10-15 17:00:00,2016-10-21 17:00:00,planned,Iona - Elizabeth Crk 100 kV Ckt 1
9662,L:9418:9509:138,2016-10-14 17:00:00,2016-10-20 17:00:00,planned,N Network - Porterville 138 kV Circuit 1
9582,L:9378:9639:138,2016-10-13 17:00:00,2016-10-30 17:00:00,planned,Ward Switch - Denver City 138 kV Circuit 1
901,L:5408:7140:138,2016-10-10 17:00:00,2016-10-19 17:00:00,planned,Bucks Creek - Belcher 138 kV
99,L:2941:2958:161,2016-10-13 17:00:00,2016-10-18 17:00:00,planned,Flowood - Warren Solar Farm Llc 161 kV Cir. 1
49,L:2734:2965:161,2016-10-17 17:00:00,2016-10-23 17:00:00,planned,Walteria - Penhorn 161 kV Ckt 1
17418,L:19920:19931:100,2016-10-10 17:00:00,2016-10-11 17:00:00,planned,Stent Tap - Moorcroft 100 kV Line 2
9655,L:9414:9415:138,2016-10-13 17:00:00,2016-10-18 17:00:00,planned,Melrose 4 - Schafrath Switch 138 kV
15806,L:19236:19245:100,2016-10-19 17:00:00,2016-11-07 17:00:00,planned,Pit 1 - Charles Substation 100 kV #1
20550,L:23264:23266:100,2016-10-10 17:00:00,2016-10-23 17:00:00,planned,Plano 2 - Nance 100 kV Line 1
10378,L:9753:10006:138,2016-10-17 17:00:00,2016-11-01 17:00:00,planned,Smithfield - Crittenden 138 kV Cir. 1
18287,L:20994:20997:100,2016-10-17 17:00:00,2016-10-27 17:00:00,planned,Lone Pine 3 - Wauna 100 kV Cir. 2
10232,L:9686:9692:138,2016-10-17 17:00:00,2016-11-02 17:00:00,planned,New Plymounth - Albert Pike 138 kV #1
5756,L:7600:7618:138,2016-10-17 17:00:00,2016-10-21 17:00:00,planned,Hogback - Dynegy Oakland Power Plant 138 kV
15381,L:19040:19041:100,2016-10-10 17:00:00,2016-10-24 17:00:00,planned,Sudbury - Wyandotte 100 kV
13533,L:18075:18076:138,2016-10-10 17:00:00,2016-10-26 17:00:00,planned,Mcross - Moraga 138 kV
17807,L:20102:20141:100,2016-10-13 17:00:00,2016-10-28 17:00:00,planned,Lakemore - Hartville 100 kV Cir. 1
9682,L:9427:9428:138,2016-10-11 17:00:00,2016-10-16 17:00:00,planned,N Mercedes - Perth 138 kV
12123,L:16953:16961:138,2016-10-19 17:00:00,2016-10-26 17:00:00,planned,Ncpa 1&2 - Ft Garland 138 kV Ckt 1
11967,L:16416:16809:138,2016-10-15 17:00:00,2016-10-19 17:00:00,planned,Rainsville - Battlefield 138 kV L
405,L:5177:5778:138,2016-10-13 17:00:00,2016-10-23 17:00:00,planned,Campo Fresco 1 Substation - Eastridge 138 kV Ckt 1
1502,L:5683:7162:500,2016-10-12 17:00:00,2016-10-31 17:00:00,planned,N. Shannon - Weber 500 kV
15467,L:19072:19094:100,2016-10-13 17:00:00,2016-10-30 17:00:00,planned,E Broad St - Lucent 100 kV #1
3001,L:6275:8639:138,2016-10-17 17:00:00,2016-11-01 17:00:00,planned,N E - Air Products 1 138 kV line
6048,L:7755:7824:345,2016-10-16 17:00:00,2016-11-03 17:00:00,planned,Wine Country - Skito 345 kV #1
17471,L:19947:19949:100,2016-10-14 17:00:00,2016-10-26 17:00:00,planned,White Bluff - Arvada 100 kV Line 1
876,L:5395:5876:138,2016-10-17 17:00:00,2016-10-30 17:00:00,planned,Cleveland Substation - Forbestown 138 kV #1
12674,L:17388:17662:138,2016-10-11 17:00:00,2016-10-20 17:00:00,planned,Hernando - Acacia 138 kV
3480,L:6511:6648:345,2016-11-16 19:00:00,2016-11-25 19:00:00,planned,Emigration - Vfw Park 345 kV line
16716,L:19609:19909:230,2016-11-21 19:00:00,2016-12-10 19:00:00,planned,Eastown Rd - Pensuco 230 kV Cir. 1
20214,L:23120:23121:100,2016-11-16 19:00:00,2016-12-05 19:00:00,planned,Zack - West Shawano 100 kV Line 2
13222,L:17919:18205:138,2016-11-14 19:00:00,2016-11-20 19:00:00,planned,Holgate - Sevier 138 kV Line 1
15752,L:19209:19247:100,2016-11-15 19:00:00,2016-11-29 19:00:00,planned,Ehrlich Rd - Rochelle Substation 100 kV Ckt 1
6079,L:7765:7773:138,2016-11-21 19:00:00,2016-12-05 19:00:00,planned,Crist - Citrus-Coloma 138 kV
13361,L:17988:18334:138,2016-11-21 19:00:00,2016-11-29 19:00:00,planned,H Allen Franklin Combined Cycle - Cantil 138 kV Ckt 1
17699,L:20054:20056:230,2016-11-19 19:00:00,2016-11-26 19:00:00,planned,N Medina - Williams Lake 230 kV Ckt 1
7472,L:8398:18394:138,2016-11-15 19:00:00,2016-11-16 19:00:00,planned,Aes Warrior Rn Cogeneration Facility - Ridgeley 138 kV Line 1
4311,L:7019:8126:138,2016-11-17 19:00:00,2016-11-20 19:00:00,planned,Lane - Welport 138 kV Ckt 1
9214,L:9198:9200:138,2016-11-12 19:00:00,2016-11-21 19:00:00,planned,Caguas Tc - De Solar 1725 Drywal Dr 138 kV L
18289,L:20994:22597:100,2016-11-18 19:00:00,2016-11-25 19:00:00,planned,Wauna - Deltona 100 kV
5428,L:7440:8024:138,2016-11-16 19:00:00,2016-11-28 19:00:00,planned,Double C - Sub 7440 138 kV Ckt 1
21130,L:23488:23491:230,2016-11-19 19:00:00,2016-11-27 19:00:00,planned,Desert Springs - Fisk Street 230 kV
13260,L:17943:17944:138,2016-11-20 19:00:00,2016-11-30 19:00:00,planned,Volusia - 12Th Avenue S 138 kV
6386,L:7923:8262:345,2016-11-18 19:00:00,2016-12-04 19:00:00,planned,Texas Eastern 5 - Dessau 345 kV Cir. 1
5652,L:7547:7666:138,2016-11-13 19:00:00,2016-11-30 19:00:00,planned,Ruth - South Baltimore Substation 138 kV Ckt 1
15139,L:18929:18937:100,2016-11-13 19:00:00,2016-12-02 19:00:00,planned,Eklutna - Kimball Road 100 kV Circuit 1
14896,L:18834:18835:100,2016-11-20 19:00:00,2016-11-27 19:00:00,planned,Mechanicsburg - Sutter 100 kV
4178,L:6935:7140:138,2016-11-17 19:00:00,2016-11-28 19:00:00,planned,Bucks Crk - Gibsonton 138 kV Ckt 2
3525,L:6531:6550:345,2016-11-17 19:00:00,2016-11-26 19:00:00,planned,Trentwood - Chattahoochee Energy Facility 345 kV Cir. 1
19572,L:22884:23095:230,2016-11-14 19:00:00,2016-12-01 19:00:00,planned,Comed - San Andres 230 kV
8202,L:8726:8728:138,2016-11-15 19:00:00,2016-11-27 19:00:00,planned,Port Wing - Hammonds 138 kV #1
13561,L:18097:18160:138,2016-11-20 19:00:00,2016-12-05 19:00:00,planned,S Randolph - Edgeley 138 kV Line 1
16710,L:19609:19613:100,2016-11-15 19:00:00,2016-11-30 19:00:00,planned,Eastown Road - Schumansville 100 kV Ckt 1
15076,L:18906:18907:100,2016-11-15 19:00:00,2016-11-20 19:00:00,planned,Moweaqua - Magella 100 kV Cir. 1
10983,L:10041:10066:138,2016-11-21 19:00:00,2016-12-06 19:00:00,planned,Pleasant Vly - Cub-Run Dp 138 kV
13590,L:18112:18120:138,2016-11-20 19:00:00,2016-11-23 19:00:00,planned,Parkin - Lockheed 2 Tap 138 kV Cir. 1
17362,L:19894:19896:100,2016-11-15 19:00:00,2016-11-19 19:00:00,planned,Plaza St - York Ctr 100 kV #1
13487,L:18055:18458:138,2016-11-12 19:00:00,2016-11-19 19:00:00,planned,Dania - Reedsport 138 kV
17015,L:19746:20277:230,2016-11-16 19:00:00,2016-11-17 19:00:00,planned,Jarvis - Seaside 230 kV Circuit 1
6014,L:7738:7854:345,2016-11-12 19:00:00,2016-11-28 19:00:00,planned,Erie W - Karn 345 kV #1
15371,L:19036:19075:100,2016-11-19 19:00:00,2016-11-24 19:00:00,planned,Chipola - Gurabo 3101 100 kV Cir. 2
9516,L:9348:9559:138,2016-11-15 19:00:00,2016-11-27 19:00:00,planned,Brown - Ashfield 138 kV Cir. 1
20732,L:23344:23347:100,2016-11-17 19:00:00,2016-12-06 19:00:00,planned,Cromo - Sage Rd 100 kV
14611,L:18713:19472:100,2016-11-20 19:00:00,2016-12-06 19:00:00,planned,Cajalco - Mount Horeb 100 kV line
14320,L:18594:18684:138,2016-11-20 19:00:00,2016-12-07 19:00:00,planned,Pomona Park - Hannibal Port Power Project 138 kV Ckt 1
5394,L:7425:7695:138,2016-11-16 19:00:00,2016-12-04 19:00:00,planned,S. Land Park - Cranbrook 138 kV #1
19894,L:22990:22991:100,2016-11-15 19:00:00,2016-11-28 19:00:00,planned,Carmel Rohrer Substation - Bel Air Tap 100 kV Cir. 1
17193,L:19822:19824:100,2016-11-17 19:00:00,2016-12-05 19:00:00,planned,Quaker Oats - Chevron 100 kV #1
14266,L:18549:18675:138,2016-11-15 19:00:00,2016-12-03 19:00:00,planned,Stony Pt - Park 138 kV
12088,L:16920:17385:138,2016-11-21 19:00:00,2016-12-05 19:00:00,planned,Yale Substation - Monta Vista 138 kV Ckt 1
12325,L:17049:17360:138,2016-11-16 19:00:00,2016-11-25 19:00:00,planned,Wheatland - Araby Substation 138 kV Line
9263,L:9223:9224:138,2016-11-17 19:00:00,2016-11-26 19:00:00,planned,Kirtland - Carters 138 kV Line 1
18079,L:20270:20308:100,2016-11-20 19:00:00,2016-12-01 19:00:00,planned,Mead Substation - Black Canyon 100 kV Circuit 1
19038,L:22396:22401:100,2016-11-12 19:00:00,2016-11-28 19:00:00,planned,Millbrae - Anderson 100 kV Cir. 1
3741,L:6650:6677:138,2016-11-12 19:00:00,2016-11-13 19:00:00,planned,Kirker Tap 2 - Kiefer Landfill 138 kV Cir. 1
18786,L:21990:21994:100,2016-11-14 19:00:00,2016-11-18 19:00:00,planned,Burke Mtn - Columbia Hills 100 kV Ckt 1
17433,L:19933:19935:100,2016-11-17 19:00:00,2016-12-06 19:00:00,planned,Azalea - Denmark 100 kV
8727,L:9006:9007:138,2016-11-12 19:00:00,2016-11-18 19:00:00,planned,Fmc - Hutchins 138 kV Circuit 1
20517,L:23256:23397:100,2016-11-15 19:00:00,2016-11-30 19:00:00,planned,Toston - Starkey Gulch 100 kV Line 1
14142,L:18457:18459:138,2016-11-17 19:00:00,2016-11-27 19:00:00,planned,Recovery Soco - Crosover 138 kV Ckt 1
3615,L:6582:6584:138,2016-11-19 19:00:00,2016-12-06 19:00:00,planned,Rock-Tenn Mill - Chemawa 138 kV
17911,L:20180:20196:100,2016-11-21 19:00:00,2016-11-24 19:00:00,planned,Quintana 1418 - Moore 100 kV Line 1
9110,L:9144:18123:138,2016-11-18 19:00:00,2016-11-24 19:00:00,planned,Diana Hydroelectric Substation - East Meriden Substation 138 kV #1
16839,L:19669:19882:230,2016-11-15 19:00:00,2016-11-19 19:00:00,planned,First Ave - Ledges 230 kV
17240,L:19842:20135:100,2016-11-14 19:00:00,2016-11-30 19:00:00,planned,Harkness Substation - Christmas Vly 100 kV line
9878,L:9559:9567:138,2016-11-19 19:00:00,2016-12-05 19:00:00,planned,Girvan - Ashfied 138 kV Line 1
3854,L:6721:6722:138,2016-11-19 19:00:00,2016-12-01 19:00:00,planned,Whisman Substation - Sandhill 138 kV
19073,L:22583:22595:100,2016-11-13 19:00:00,2016-11-27 19:00:00,planned,Calvert - Grandview Ave 100 kV Ckt 1
5241,L:7327:7342:138,2016-11-16 19:00:00,2016-11-30 19:00:00,planned,Concourse - Saline 138 kV Ckt 1
13632,L:18144:18146:138,2016-11-17 19:00:00,2016-12-04 19:00:00,planned,Vandolah Power Sta - Alpha Rd 138 kV
4394,L:7067:7091:138,2016-11-15 19:00:00,2016-11-30 19:00:00,planned,P H Glatfelter Substation - Trinity Bay 138 kV
18316,L:20997:22598:100,2016-11-12 19:00:00,2016-12-01 19:00:00,planned,Marley - Lone Pine 3 100 kV Line 1
638,L:5285:5305:138,2016-11-12 19:00:00,2016-11-25 19:00:00,planned,Midsun - Siena 138 kV #1
61,L:2769:2970:161,2016-11-19 19:00:00,2016-12-02 19:00:00,planned,Mink Street Substation - Homestead 161 kV Cir. 1
2972,L:6260:8350:138,2016-11-18 19:00:00,2016-11-27 19:00:00,planned,Soda Springs Power Plant - Cocoa Beach 138 kV
1003,L:5474:5994:138,2016-12-12 19:00:00,2016-12-23 19:00:00,planned,Bergen Generating Sta - Higgins 138 kV Line
6276,L:7869:7908:138,2016-12-14 19:00:00,2017-01-03 19:00:00,planned,John Lawson - Antigo 138 kV Cir. 1
18769,L:21986:21997:100,2016-12-10 19:00:00,2016-12-17 19:00:00,planned,Rerc - Sibley No Two 100 kV Line 1
8549,L:8914:8915:138,2016-12-11 19:00:00,2016-12-15 19:00:00,planned,Mcdowell Crk - Buena Vista 138 kV Cir. 1
16999,L:19741:20285:100,2016-12-13 19:00:00,2017-01-02 19:00:00,planned,Fap - Jm Manufacturing Substation 100 kV #1
9539,L:9362:9363:138,2016-12-07 19:00:00,2016-12-27 19:00:00,planned,Chanute 3 - Balch 138 kV
4056,L:6853:6856:138,2016-12-11 19:00:00,2016-12-26 19:00:00,planned,Sandstone Rapids Hy - Dowell 138 kV Cir. 1
958,L:5440:6001:138,2016-12-13 19:00:00,2016-12-26 19:00:00,planned,Pioneer - Newark Bay Cogeneration Partnership Lp 138 kV
3104,L:6323:6589:138,2016-12-06 19:00:00,2016-12-13 19:00:00,planned,Pinnacle Peak Wac - Pg Pulp 138 kV Ckt 1
8178,L:8718:9688:138,2016-12-06 19:00:00,2016-12-18 19:00:00,planned,Arlington - Clarendon 138 kV #1
634,L:5283:5299:138,2016-12-09 19:00:00,2016-12-17 19:00:00,planned,Spanish Springs - Gulfway 138 kV Ckt 1
14162,L:18476:18478:138,2016-12-06 19:00:00,2016-12-21 19:00:00,planned,Elk City Llc - Cane Run Switching Substation 138 kV Line 1
5909,L:7691:7692:138,2016-12-10 19:00:00,2016-12-17 19:00:00,planned,56Th - Meadow Lane 138 kV Line
9387,L:9284:9285:138,2016-12-12 19:00:00,2016-12-24 19:00:00,planned,Waterford 1 & 2 - Oter Riv 138 kV #1
6727,L:8094:20217:100,2016-12-06 19:00:00,2016-12-23 19:00:00,planned,Old Hickory - Cassidy Substation 100 kV Circuit 1
2495,L:6042:6062:138,2016-12-09 19:00:00,2016-12-11 19:00:00,planned,Hospital San Cristobal - Alburtis 138 kV
4435,L:7091:7092:138,2016-12-10 19:00:00,2016-12-24 19:00:00,planned,Trinity Bay - Newberry Vlg 138 kV Circuit 1
6771,L:8128:8254:138,2016-12-15 19:00:00,2016-12-20 19:00:00,planned,88Th & Mingo Substation - Pontotoc 138 kV Line 1
14854,L:18816:18817:100,2016-12-09 19:00:00,2016-12-26 19:00:00,planned,Railway - Havasu 100 kV #1
6076,L:7764:19648:230,2016-12-14 19:00:00,2016-12-30 19:00:00,planned,Western Fher Substation - Aes Columbia Power 230 kV Cir. 1
2933,L:6240:6241:138,2016-12-07 19:00:00,2016-12-12 19:00:00,planned,Newlinville - Gabriel 138 kV Line 1
5550,L:7501:7523:138,2016-12-07 19:00:00,2016-12-17 19:00:00,planned,32Nd St Substation - Ocean Ave 138 kV Line 1
15244,L:18979:19083:100,2016-12-09 19:00:00,2016-12-10 19:00:00,planned,Ne Irving - North Silver 100 kV Line 1
10597,L:9857:9860:138,2016-12-14 19:00:00,2016-12-25 19:00:00,planned,Crane Gulf 2 Substation - Arrowhead 138 kV Line 1
3283,L:6417:6555:138,2016-12-08 19:00:00,2016-12-12 19:00:00,planned,Mira Loma Substation - Wilde Substation 138 kV
5112,L:7252:8190:138,2016-12-08 19:00:00,2016-12-21 19:00:00,planned,Southeast Gate - Curry Ford 138 kV Line
18735,L:21838:22224:100,2016-12-09 19:00:00,2016-12-15 19:00:00,planned,Masspower - West Plano 100 kV Line 1
5812,L:7639:7640:138,2016-12-13 19:00:00,2016-12-17 19:00:00,planned,International Falls Power - Potato Rapids 138 kV #1
1689,L:5802:5912:138,2016-12-11 19:00:00,2016-12-14 19:00:00,planned,O'Neil - Roe 138 kV Cir. 1
16016,L:19344:19346:100,2016-12-06 19:00:00,2016-12-09 19:00:00,planned,Larsen Memorial - St. Lawrence 100 kV Cir. 1
4662,L:7127:9103:345,2016-12-14 19:00:00,2016-12-24 19:00:00,planned,Amps - Sharon Amtrak 345 kV Ckt 1
745,L:5338:5341:138,2016-12-13 19:00:00,2016-12-28 19:00:00,planned,West Darien - Texum 138 kV
14687,L:18742:18745:100,2016-12-11 19:00:00,2016-12-18 19:00:00,planned,St. Thomas Hospital - Kalamazoo 100 kV Ckt 1
5633,L:7537:7543:138,2016-12-07 19:00:00,2016-12-16 19:00:00,planned,Dysart - Lynnwood 138 kV #1
2796,L:6181:6201:138,2016-12-11 19:00:00,2016-12-30 19:00:00,planned,Gaa - Driftwood 138 kV #1
16891,L:19699:19700:100,2016-12-08 19:00:00,2016-12-24 19:00:00,planned,Salem - Sunflower Wind Project 100 kV Ckt 1
19050,L:22492:22495:100,2016-12-07 19:00:00,2016-12-20 19:00:00,planned,Red Cloud - Elyslan 100 kV
17593,L:20005:20300:230,2016-12-15 19:00:00,2016-12-16 19:00:00,planned,Kemmerer - Firstenergy Bay Shore 230 kV L
17572,L:19993:19999:100,2016-12-08 19:00:00,2016-12-19 19:00:00,planned,Kitty Hawk - Newark Energy Center 100 kV
11130,L:10123:10299:138,2016-12-09 19:00:00,2016-12-21 19:00:00,planned,Irvine - Shipyard 138 kV Line 1
13151,L:17877:17878:138,2016-12-10 19:00:00,2016-12-13 19:00:00,planned,Cawelo B - San Angelo Red Crk 138 kV
9148,L:9161:9162:138,2016-12-07 19:00:00,2016-12-12 19:00:00,planned,Del Cerro Substation - South Crk 138 kV Circuit 1
17854,L:20144:20146:100,2016-12-07 19:00:00,2016-12-24 19:00:00,planned,Belden Village - Oakwood St 100 kV Cir. 1
3278,L:6412:6424:138,2016-12-09 19:00:00,2016-12-13 19:00:00,planned,Hummelstown - Del Norte Substation 138 kV
20255,L:23134:23186:100,2016-12-07 19:00:00,2016-12-24 19:00:00,planned,Lombard Substation - Monroe Tic 100 kV #2
5602,L:7525:7544:138,2016-12-13 19:00:00,2016-12-31 19:00:00,planned,Slayden - Boomerang 138 kV Circuit 1
2717,L:6139:6174:138,2016-12-09 19:00:00,2016-12-20 19:00:00,planned,Wilmarth - George Street 138 kV L
18648,L:21771:21793:100,2016-12-09 19:00:00,2016-12-19 19:00:00,planned,Salinas Rural - Spy Run 100 kV Cir. 1
8628,L:8948:8950:138,2016-12-09 19:00:00,2016-12-20 19:00:00,planned,Toaping Castle - Wildrcroft 138 kV Cir. 1
9519,L:9350:9393:138,2016-12-10 19:00:00,2016-12-28 19:00:00,planned,Praxair Tap Sta - Double Toll Gate 138 kV
8177,L:8718:8719:138,2016-12-11 19:00:00,2016-12-14 19:00:00,planned,Dc Water Chp - Arlington 138 kV L
5404,L:7429:7696:138,2016-12-10 19:00:00,2016-12-25 19:00:00,planned,Western - Cooley 138 kV Line 1
1189,L:5548:5579:138,2016-01-19 08:00:00,2016-01-30 08:00:00,planned,Double Bridges - S Kirkland 138 kV Ckt 1
6828,L:8171:8287:138,2016-01-17 08:00:00,2016-01-23 08:00:00,planned,Lone Pek - S San Antonio 138 kV Line 1
8849,L:9067:9096:138,2016-01-18 08:00:00,2016-02-04 08:00:00,planned,Desert Shores - Greene Street Station 138 kV Cir. 1
20356,L:23169:23459:100,2016-01-14 08:00:00,2016-01-17 08:00:00,planned,Lockport Substation - Terrora 100 kV L
9854,L:9546:9547:138,2016-01-13 08:00:00,2016-01-23 08:00:00,planned,Sweetwater - Rock Cut 138 kV
13635,L:18145:18146:138,2016-01-19 08:00:00,2016-02-04 08:00:00,planned,Gears - Alpha Road 138 kV Line 1
10415,L:9767:9768:138,2016-01-11 08:00:00,2016-01-31 08:00:00,planned,Fentress - Thasher 138 kV #1
5853,L:7663:7666:138,2016-01-13 08:00:00,2016-01-23 08:00:00,planned,Station 153 - S Baltimore Substation 138 kV L
15530,L:19102:19546:100,2016-01-18 08:00:00,2016-01-20 08:00:00,planned,Estacada - Burlington Dp 100 kV
12697,L:17401:17402:138,2016-01-10 08:00:00,2016-01-21 08:00:00,planned,Makalapa - Hanging Rock Energy Facility 138 kV
10439,L:9776:9777:138,2016-01-19 08:00:00,2016-02-08 08:00:00,planned,Hull St Rd Substation - Harrisburg 138 kV #1
5238,L:7324:7347:138,2016-01-10 08:00:00,2016-01-24 08:00:00,planned,Danz Ave Sw Sta - Silver Cliff 138 kV Cir. 1
20253,L:23134:23140:100,2016-01-11 08:00:00,2016-01-29 08:00:00,planned,Lombard Substation - Rapides 100 kV Circuit 2
12694,L:17399:19548:138,2016-01-16 08:00:00,2016-01-28 08:00:00,planned,Hanging Rock - Mtn Avenue 138 kV #1
10455,L:9784:9943:138,2016-01-17 08:00:00,2016-02-01 08:00:00,planned,Frenchtown - Sub 9784 138 kV
15390,L:19045:19048:100,2016-01-12 08:00:00,2016-01-31 08:00:00,planned,Port Edwards Mill - Jacks Crk 100 kV Cir. 1
15767,L:19218:19233:100,2016-01-14 08:00:00,2016-01-17 08:00:00,planned,Mcadams - Florida'S Natural Growers 100 kV
2658,L:6114:6129:138,2016-01-15 08:00:00,2016-01-29 08:00:00,planned,Martel - Ft Davis 138 kV Line 1
12476,L:17182:17633:138,2016-01-10 08:00:00,2016-01-27 08:00:00,planned,Geysers Tap 3 Substation - Edgar 138 kV Cir. 1
5796,L:7624:7625:138,2016-01-13 08:00:00,2016-01-14 08:00:00,planned,Toyota - White Lake 138 kV
15539,L:19108:19118:100,2016-01-13 08:00:00,2016-01-30 08:00:00,planned,E Hills - Caterpillar 100 kV Ckt 1
1170,L:5541:5878:138,2016-01-12 08:00:00,2016-01-13 08:00:00,planned,Sprngfield Dist - W Montgomery 138 kV Cir. 1
11999,L:16489:16877:138,2016-01-16 08:00:00,2016-02-01 08:00:00,planned,John Sevier - Montrose 138 kV
9709,L:9446:9448:138,2016-01-13 08:00:00,2016-01-15 08:00:00,planned,Fieldale - San Bernard 138 kV
3087,L:6314:6981:138,2016-01-16 08:00:00,2016-02-04 08:00:00,planned,Falling Water - Frackville 138 kV Line
4942,L:7188:7399:138,2016-01-11 08:00:00,2016-01-19 08:00:00,planned,W Mifflin - Webbers Falls 138 kV Line 1
13795,L:18236:18251:138,2016-01-13 08:00:00,2016-01-19 08:00:00,planned,Millhopper - Chesterfield Ave 138 kV Line 1
1233,L:5561:5631:138,2016-01-16 08:00:00,2016-02-05 08:00:00,planned,Segs 7 - Dow Chemical Substation 138 kV Circuit 1
14190,L:18494:18495:138,2016-01-12 08:00:00,2016-01-18 08:00:00,planned,Norwood - Nbatesville 138 kV Circuit 1
19412,L:22849:22854:100,2016-01-11 08:00:00,2016-01-26 08:00:00,planned,Scyene Rd - Moreno Tap 100 kV Line 1
6003,L:7737:7739:138,2016-01-18 08:00:00,2016-01-28 08:00:00,planned,Judd Brook - Three Points 138 kV Ckt 1
8389,L:8832:8945:138,2016-01-11 08:00:00,2016-01-15 08:00:00,planned,Montpelier - Ackley 138 kV
13162,L:17883:18590:138,2016-01-13 08:00:00,2016-01-27 08:00:00,planned,Idaho Falls - Bodo 138 kV Ckt 1
880,L:5397:5870:138,2016-01-10 08:00:00,2016-01-16 08:00:00,planned,Mandalay - Rolette 138 kV Ckt 1
6344,L:7899:7906:138,2016-01-17 08:00:00,2016-02-04 08:00:00,planned,Prairie Sky Solar Farm - Huber 138 kV Ckt 1
18252,L:20945:21524:100,2016-01-17 08:00:00,2016-02-05 08:00:00,planned,Katy Substation - St Louis 100 kV Ckt 1
5018,L:7215:7867:138,2016-01-13 08:00:00,2016-01-27 08:00:00,planned,Gwinn - W.E. Williams 138 kV Circuit 1
19571,L:22884:22886:230,2016-01-18 08:00:00,2016-01-31 08:00:00,planned,Flax Hill - Comed 230 kV Ckt 1
9118,L:9148:9149:138,2016-01-19 08:00:00,2016-02-02 08:00:00,planned,Ingledow - Timberwolf 138 kV Cir. 1
9214,L:9198:9200:138,2016-01-17 08:00:00,2016-01-24 08:00:00,planned,De Solar 1725 Drywall Dr - Caguas Tc 138 kV Circuit 1
8800,L:9048:9050:138,2016-01-10 08:00:00,2016-01-13 08:00:00,planned,Ocean City - Harbor 138 kV Ckt 1
17465,L:19945:19951:100,2016-01-18 08:00:00,2016-02-06 08:00:00,planned,Sand Dock - Firstenergy Edgewater 100 kV L
7891,L:8600:8603:138,2016-01-19 08:00:00,2016-02-08 08:00:00,planned,Burns Lake - Omro 138 kV Ckt 1
10680,L:9896:10070:345,2016-01-19 08:00:00,2016-02-07 08:00:00,planned,Dranesville - Corners 345 kV
14696,L:18744:19620:230,2016-01-11 08:00:00,2016-01-19 08:00:00,planned,Nord - N Weslaco 230 kV #1
8072,L:8683:8944:138,2016-01-19 08:00:00,2016-02-04 08:00:00,planned,Red Willow - Southtown 138 kV
1311,L:5604:5605:138,2016-01-15 08:00:00,2016-01-31 08:00:00,planned,Woodbridge - Lidford 138 kV Ckt 1
792,L:5363:5398:138,2016-01-16 08:00:00,2016-01-20 08:00:00,planned,Naval Air Station - Stanley Terrace 138 kV
13788,L:18230:18255:138,2016-01-11 08:00:00,2016-01-15 08:00:00,planned,Chemical - Alum Crk 138 kV Circuit 1
2825,L:6196:6202:138,2016-02-04 19:00:00,2016-02-24 19:00:00,planned,Bumont - Amerca 138 kV Line 1
3806,L:6693:6694:138,2016-02-13 19:00:00,2016-02-28 19:00:00,planned,Rosemark - Seminola 138 kV line
4164,L:6927:6939:138,2016-02-13 19:00:00,2016-03-02 19:00:00,planned,Bemidji - North Gate Riverside Alte 138 kV Cir. 2
10307,L:9727:9728:138,2016-02-06 19:00:00,2016-02-22 19:00:00,planned,Beach Haven - Lawrenceville 138 kV
19814,L:22970:22974:100,2016-02-05 19:00:00,2016-02-17 19:00:00,planned,Pittsford - Line Creek 100 kV Cir. 2
17816,L:20111:20284:100,2016-02-11 19:00:00,2016-02-15 19:00:00,planned,Brady - Jordan Prk 100 kV
3399,L:6467:8345:138,2016-02-06 19:00:00,2016-02-08 19:00:00,planned,Eklutna Generation Sation - Silverbrook 138 kV Line 2
2728,L:6145:6598:138,2016-02-04 19:00:00,2016-02-23 19:00:00,planned,Health Administrative Service - Ruch 138 kV #1
9415,L:9300:9303:138,2016-02-09 19:00:00,2016-02-20 19:00:00,planned,Circit 40 - Safeway Stores 138 kV
20501,L:23244:23263:100,2016-02-04 19:00:00,2016-02-08 19:00:00,planned,Tenaja - Los Ositos 100 kV line
13676,L:18167:18177:138,2016-02-09 19:00:00,2016-02-19 19:00:00,planned,South Nile - Five Corners 138 kV #1
14051,L:18389:18393:138,2016-02-04 19:00:00,2016-02-17 19:00:00,planned,Dos Condados - Nicholson 138 kV #1
19323,L:22829:22974:100,2016-02-04 19:00:00,2016-02-13 19:00:00,planned,Medina Lake - Line Crk 100 kV
8622,L:8945:9105:138,2016-02-07 19:00:00,2016-02-24 19:00:00,planned,Montpelier - Arco Bp-Willard 138 kV Circuit 1
15276,L:18995:18996:100,2016-02-04 19:00:00,2016-02-07 19:00:00,planned,Mustang - Allatoona 100 kV Cir. 2
9197,L:9186:9193:138,2016-02-09 19:00:00,2016-02-17 19:00:00,planned,Andersen - Pinto 138 kV Cir. 1
4154,L:6919:6927:138,2016-02-07 19:00:00,2016-02-09 19:00:00,planned,Angora - N Gate Riverside Alte 138 kV
9525,L:9354:9356:138,2016-02-08 19:00:00,2016-02-23 19:00:00,planned,Claytor - Ingles St 138 kV Line 1
17698,L:20052:20192:100,2016-02-04 19:00:00,2016-02-24 19:00:00,planned,Silver Spur - Copley 100 kV Ckt 1
9157,L:9163:9274:138,2016-02-04 19:00:00,2016-02-11 19:00:00,planned,Macks Inn - Coso 1-3 138 kV
15858,L:19267:19268:100,2016-02-10 19:00:00,2016-02-27 19:00:00,planned,South Mission - Bridgehampton 100 kV Cir. 1
18660,L:21774:21796:230,2016-02-12 19:00:00,2016-03-03 19:00:00,planned,State Street - Robison Park 230 kV
5113,L:7252:8191:138,2016-02-13 19:00:00,2016-02-18 19:00:00,planned,Southeast Gate - Montgomery County Resource Recovery 138 kV Circuit 1
2945,L:6247:6259:138,2016-02-09 19:00:00,2016-02-20 19:00:00,planned,Louisiana Pacific - Kelso 138 kV
15374,L:19037:19282:100,2016-02-11 19:00:00,2016-02-26 19:00:00,planned,Texas Research - Charco Hondo 8008 100 kV Ckt 1
20415,L:23192:23197:100,2016-02-05 19:00:00,2016-02-18 19:00:00,planned,Moshier Substation - Vancouver Island 100 kV Line 1
6806,L:8155:8159:138,2016-02-13 19:00:00,2016-02-16 19:00:00,planned,Shelton Rd - Karns 138 kV #1
21395,L:23947:24083:100,2016-02-12 19:00:00,2016-02-16 19:00:00,planned,Prairiecreek - West Dover 100 kV Cir. 1
13586,L:18109:18461:138,2016-02-05 19:00:00,2016-02-13 19:00:00,planned,Andrew Square - San Lorenzo 3301 Substation 138 kV #1
9097,L:9141:9172:138,2016-02-05 19:00:00,2016-02-18 19:00:00,planned,E Longmeadow - Phillips 138 kV Circuit 1
17217,L:19831:20295:100,2016-02-09 19:00:00,2016-02-11 19:00:00,planned,Twin Lake - Canyonville 100 kV Line 1
3509,L:6523:6524:138,2016-02-06 19:00:00,2016-02-09 19:00:00,planned,Roza - San Luis Obispo 138 kV L
2587,L:6072:6745:138,2016-02-12 19:00:00,2016-02-27 19:00:00,planned,Oregon City - North Boyertown Substation 138 kV Ckt 1
3105,L:6323:6973:138,2016-02-08 19:00:00,2016-02-16 19:00:00,planned,W Jordan Substation - Pg Ulp Substation 138 kV line
5799,L:7629:8276:138,2016-02-04 19:00:00,2016-02-05 19:00:00,planned,Highland Wind Project Pa - Victoria Tc 7001-7007-7008 138 kV Cir. 1
10726,L:9915:9916:138,2016-02-10 19:00:00,2016-02-15 19:00:00,planned,Clark - Pomona Hts 138 kV #1
3118,L:6327:6820:138,2016-02-06 19:00:00,2016-02-26 19:00:00,planned,Regal - Evergreen Tap 2 138 kV Circuit 1
526,L:5235:6146:138,2016-02-07 19:00:00,2016-02-13 19:00:00,planned,Sooner - Tidewater 138 kV
9738,L:9470:9721:138,2016-02-04 19:00:00,2016-02-14 19:00:00,planned,Wooton - Fort Rock Midstate 138 kV Circuit 1
1512,L:5688:5787:138,2016-02-05 19:00:00,2016-02-11 19:00:00,planned,Society Hill Substation - Bluebell 138 kV Circuit 1
525,L:5234:6146:138,2016-02-10 19:00:00,2016-02-26 19:00:00,planned,Anacacho - Tidewater 138 kV #1
15975,L:19326:19330:100,2016-02-10 19:00:00,2016-02-21 19:00:00,planned,Eustis - Earleys 100 kV Ckt 1
17814,L:20109:20316:100,2016-02-07 19:00:00,2016-02-15 19:00:00,planned,Deour - Dixon Landing 100 kV #1
9521,L:9351:9353:138,2016-02-12 19:00:00,2016-02-24 19:00:00,planned,Wansley Combined Cycle - Floyd 138 kV
8566,L:8916:8948:138,2016-02-12 19:00:00,2016-03-01 19:00:00,planned,Bowie - Toaping Castle 138 kV
2860,L:6214:6715:138,2016-02-13 19:00:00,2016-03-04 19:00:00,planned,Poler - Bollman 138 kV #1
484,L:5214:5222:138,2016-02-08 19:00:00,2016-02-17 19:00:00,planned,Seagoville Sw - Haworth Water Treatment Plant 138 kV Ckt 1
8596,L:8933:9060:138,2016-02-05 19:00:00,2016-02-20 19:00:00,planned,Central Avenue - Crystal River Wrec 138 kV
6867,L:8204:18683:345,2016-02-12 19:00:00,2016-02-17 19:00:00,planned,Jim Hill - Bellingham Cogeneration Facility 345 kV
1810,L:5858:5867:138,2016-02-04 19:00:00,2016-02-09 19:00:00,planned,Tittabawassee - Copco 1 138 kV L
13017,L:17777:17785:138,2016-02-08 19:00:00,2016-02-28 19:00:00,planned,Pitts - Lampson 138 kV #1
14740,L:18767:18784:100,2016-02-05 19:00:00,2016-02-22 19:00:00,planned,Larrabe Road - Berkeley 100 kV Circuit 1
8465,L:8858:8883:138,2016-02-10 19:00:00,2016-02-25 19:00:00,planned,Bureau Of Standards - Standard Oil 5 138 kV Cir. 1
19314,L:22827:23495:230,2016-02-07 19:00:00,2016-02-16 19:00:00,planned,Rocky Rd Power Llc - Seymour Johnson 230 kV Cir. 2
3342,L:6443:6935:138,2016-02-10 19:00:00,2016-02-18 19:00:00,planned,Sharon Hill - Gibsonton 138 kV Ckt 1
16615,L:19579:19594:500,2016-02-05 19:00:00,2016-02-06 19:00:00,planned,Muskingum Riv - Tidd 500 kV Circuit 1
6310,L:7880:8242:138,2016-02-05 19:00:00,2016-02-20 19:00:00,planned,Sta L Scattergood - Livingston Westside 138 kV #1
3773,L:6676:6677:138,2016-02-07 19:00:00,2016-02-15 19:00:00,planned,Usaa 2 - Kirker Tap 2 138 kV
12185,L:16987:17585:138,2016-02-08 19:00:00,2016-02-12 19:00:00,planned,Youngsville - Estes 138 kV
19841,L:22976:23044:100,2016-02-09 19:00:00,2016-02-14 19:00:00,planned,Forest Junction - Thayer Norh 100 kV Ckt 1
8407,L:8839:8897:138,2016-02-08 19:00:00,2016-02-22 19:00:00,planned,Ina - Tech Park 138 kV Cir. 1
5532,L:7491:8292:345,2016-02-13 19:00:00,2016-02-29 19:00:00,planned,Prospect - Blue Ravine-School 345 kV
1651,L:5778:5961:138,2016-02-06 19:00:00,2016-02-18 19:00:00,planned,Rierbend - Eastridge 138 kV Cir. 1
5276,L:7350:7372:138,2016-02-12 19:00:00,2016-02-26 19:00:00,planned,West New Madrid - Bruckner 138 kV Circuit 1
16922,L:19718:20117:100,2016-02-12 19:00:00,2016-02-21 19:00:00,planned,Carquinz Substation - Molalla Substation 100 kV Cir. 1
9932,L:9591:9605:138,2016-02-11 19:00:00,2016-02-25 19:00:00,planned,Smith College Central Heating Plant - Shrwsbury 138 kV Ckt 1
8674,L:8977:8981:138,2016-02-06 19:00:00,2016-02-22 19:00:00,planned,Grasonville - Columbus W 138 kV line
870,L:5392:5444:138,2016-02-11 19:00:00,2016-02-17 19:00:00,planned,Clay St Substation - Cook Road Substation 138 kV #1
21385,L:23885:24570:100,2016-02-07 19:00:00,2016-02-13 19:00:00,planned,Revere Co - Bark River 100 kV Line 1
15965,L:19323:19331:100,2016-02-13 19:00:00,2016-02-26 19:00:00,planned,West Hills - Lee Vining 100 kV
18646,L:21770:21803:100,2016-02-12 19:00:00,2016-02-28 19:00:00,planned,Wallen - Moog 100 kV Line
19833,L:22974:23145:230,2016-02-09 19:00:00,2016-02-25 19:00:00,planned,Line Ceek - Capri 230 kV Circuit 3
12818,L:17591:17592:138,2016-02-05 19:00:00,2016-02-12 19:00:00,planned,Trading Post - Bulan 138 kV Ckt 1
15391,L:19046:19469:100,2016-02-04 19:00:00,2016-02-20 19:00:00,planned,Atlanta - Calhoun City 100 kV
17461,L:19943:19961:100,2016-03-03 19:00:00,2016-03-11 19:00:00,planned,Gilstrap - Abbe 100 kV Line
4469,L:7100:8103:500,2016-02-26 19:00:00,2016-03-16 19:00:00,planned,Mtn - Peoria 500 kV
16770,L:19637:20261:230,2016-02-24 19:00:00,2016-02-28 19:00:00,planned,Galion Generating Station Substation - Midvalley 230 kV #1
16478,L:19555:19580:100,2016-03-01 19:00:00,2016-03-03 19:00:00,planned,Woodland Biomass Tap - Southwest Shreveport 100 kV Line 2
7221,L:8286:8292:500,2016-03-02 19:00:00,2016-03-13 19:00:00,planned,Lsu - Blue Ravine-School 500 kV #1
7742,L:8512:8583:138,2016-02-26 19:00:00,2016-02-28 19:00:00,planned,Pumphrey - Sharon Spring 138 kV Circuit 1
10840,L:9959:10295:345,2016-02-23 19:00:00,2016-03-10 19:00:00,planned,Newport News - Surry 345 kV line
10769,L:9933:10182:138,2016-03-02 19:00:00,2016-03-10 19:00:00,planned,Sandpoint - Yungcane 138 kV Line 1
19318,L:22828:22829:100,2016-02-26 19:00:00,2016-03-17 19:00:00,planned,Prevost - Medina Lake Substation 100 kV Line 3
15149,L:18933:19914:100,2016-02-27 19:00:00,2016-03-02 19:00:00,planned,Fitchburg - Martinsville E 100 kV Circuit 2
3552,L:6536:6540:138,2016-03-02 19:00:00,2016-03-09 19:00:00,planned,Millwood - Jordan 138 kV Ckt 1
8697,L:8989:10283:138,2016-03-02 19:00:00,2016-03-19 19:00:00,planned,Airco - Commonwealth Chesapeake 138 kV Cir. 1
12281,L:17029:19326:230,2016-02-25 19:00:00,2016-03-12 19:00:00,planned,Eustis - Alibates 230 kV Line 1
5484,L:7467:18153:138,2016-02-24 19:00:00,2016-03-06 19:00:00,planned,S Chester - East Liverpool 138 kV
17207,L:19826:20278:230,2016-02-28 19:00:00,2016-03-08 19:00:00,planned,Moffett - Rancho Vista 230 kV line
5663,L:7553:7584:138,2016-02-27 19:00:00,2016-02-29 19:00:00,planned,Butler - Irasburg 138 kV
6769,L:8127:8137:138,2016-02-28 19:00:00,2016-03-17 19:00:00,planned,Harris Branch Substation - Eld Inlet Substation 138 kV Ckt 1
10418,L:9769:9808:138,2016-03-01 19:00:00,2016-03-04 19:00:00,planned,Olympic Pipe - Centralia 138 kV Line 1
18993,L:22332:23514:100,2016-03-02 19:00:00,2016-03-17 19:00:00,planned,Mi-Wuk - Calumet Energy Eam Llc 100 kV Cir. 2
18751,L:21977:21978:100,2016-02-23 19:00:00,2016-03-12 19:00:00,planned,Colegio 6006 - Villa Mar 1657 100 kV #1
16853,L:19678:19697:100,2016-03-01 19:00:00,2016-03-16 19:00:00,planned,Salneville - Brier Hil Substation 100 kV Ckt 1
6641,L:8064:8066:138,2016-02-27 19:00:00,2016-03-02 19:00:00,planned,Macarthur - Jamaica Bay Peaking 138 kV Line 1
18434,L:21376:21377:100,2016-02-24 19:00:00,2016-03-07 19:00:00,planned,Cathedral Square - Darlington County 100 kV #1
9057,L:9122:9128:138,2016-02-25 19:00:00,2016-03-05 19:00:00,planned,Allegheny No 6 Hydro Station - Charlottesville 138 kV Cir. 1
10308,L:9727:11209:138,2016-02-23 19:00:00,2016-03-08 19:00:00,planned,Gaston - Beach Haven 138 kV
11021,L:10069:10071:138,2016-03-03 19:00:00,2016-03-10 19:00:00,planned,Wells Ic - Patillas 138 kV Circuit 1
13985,L:18349:18354:138,2016-02-23 19:00:00,2016-03-13 19:00:00,planned,Lakeport - Las Lomas 138 kV #1
20103,L:23076:23140:100,2016-03-03 19:00:00,2016-03-16 19:00:00,planned,Pleasant Hill Substation - Rpides 100 kV
8944,L:9085:10049:138,2016-02-27 19:00:00,2016-03-06 19:00:00,planned,Urich Tap - Krugerville 138 kV
20833,L:23409:23415:100,2016-03-02 19:00:00,2016-03-22 19:00:00,planned,Bay De Noc - Marys Rvier 100 kV
17746,L:20083:20085:100,2016-02-28 19:00:00,2016-03-14 19:00:00,planned,Scituate - Sandune 100 kV L
12501,L:17215:17786:138,2016-02-28 19:00:00,2016-03-17 19:00:00,planned,Rio Bravo - Interchange 138 kV #1
19815,L:22970:22974:100,2016-02-29 19:00:00,2016-03-02 19:00:00,planned,Pittsford - Line Crk 100 kV Line
1922,L:5900:5993:138,2016-02-25 19:00:00,2016-03-16 19:00:00,planned,Daffin Gin - Copans 138 kV Ckt 1
3119,L:6328:6329:138,2016-03-02 19:00:00,2016-03-19 19:00:00,planned,Mossyrock Pp - Pheasant Branch 138 kV line
9215,L:9199:9215:138,2016-03-03 19:00:00,2016-03-04 19:00:00,planned,Calipatria - Revere 138 kV Ckt 1
18730,L:21836:22000:100,2016-02-27 19:00:00,2016-03-02 19:00:00,planned,Bow Lake - Lorin Industries 100 kV
20462,L:23223:23247:100,2016-03-01 19:00:00,2016-03-13 19:00:00,planned,Oswego - Mexico Intertie 100 kV Circuit 1
973,L:5448:5910:138,2016-02-24 19:00:00,2016-03-09 19:00:00,planned,Northside - Njt Meadowlands Rail Substaion Substation 138 kV Line
14757,L:18775:19277:100,2016-02-28 19:00:00,2016-03-15 19:00:00,planned,Hospital - Goodrich 100 kV Line 1
10775,L:9935:10014:138,2016-02-26 19:00:00,2016-03-02 19:00:00,planned,Plumas Sierra Rea - Toano 138 kV Line 1
1126,L:5520:5967:138,2016-02-28 19:00:00,2016-03-05 19:00:00,planned,Northen - Lawrence 138 kV Cir. 1
17607,L:20011:20012:100,2016-04-01 08:00:00,2016-04-03 08:00:00,planned,Greenspot - Algood 100 kV #1
10395,L:9760:9768:138,2016-03-30 08:00:00,2016-04-11 08:00:00,planned,Cato - Thrasher 138 kV Ckt 1
14393,L:18651:18655:345,2016-04-02 08:00:00,2016-04-17 08:00:00,planned,Orenco - Chilliwick 345 kV Cir. 1
18864,L:22026:22030:100,2016-04-02 08:00:00,2016-04-21 08:00:00,planned,Lake Crystal - German Church 100 kV line
12438,L:17162:17635:138,2016-04-04 08:00:00,2016-04-24 08:00:00,planned,Washington Street - Malibu 138 kV Circuit 1
8046,L:8676:8926:138,2016-04-03 08:00:00,2016-04-06 08:00:00,planned,West Lafayette Cumberland Avenue - Burches Hill 138 kV line
6223,L:7833:7839:138,2016-04-05 08:00:00,2016-04-07 08:00:00,planned,Columbine - Geysers Tap 1 138 kV
10425,L:9772:9773:138,2016-03-31 08:00:00,2016-04-07 08:00:00,planned,Paso Robles - Potter County 138 kV
19759,L:22951:23074:100,2016-04-02 08:00:00,2016-04-07 08:00:00,planned,Jim Christal - Wilkins 100 kV
17020,L:19746:19762:100,2016-04-01 08:00:00,2016-04-16 08:00:00,planned,Jarvis - Reeves 100 kV L
19836,L:22974:23033:100,2016-04-03 08:00:00,2016-04-20 08:00:00,planned,Line Crk - Eufaula 100 kV #1
9199,L:9188:9190:138,2016-04-04 08:00:00,2016-04-20 08:00:00,planned,Verona - Ellis Hydro 138 kV Line 1
8196,L:8724:9708:138,2016-04-04 08:00:00,2016-04-10 08:00:00,planned,Rosslyn - Tulloch 138 kV Line 1
13168,L:17887:18311:138,2016-04-01 08:00:00,2016-04-05 08:00:00,planned,Mike Donteen - Brward Substation 138 kV #1
16948,L:19728:19730:100,2016-04-02 08:00:00,2016-04-17 08:00:00,planned,Luttrell - Ix Center 100 kV
14957,L:18854:18859:230,2016-04-03 08:00:00,2016-04-22 08:00:00,planned,Ludington - E Marysville 230 kV
9129,L:9152:9154:138,2016-03-30 08:00:00,2016-04-06 08:00:00,planned,Viking Substation - Monel Substation 138 kV Ckt 1
12739,L:17461:17749:138,2016-04-05 08:00:00,2016-04-13 08:00:00,planned,Acec Wild Rose Pump - School Street 138 kV Line 1
513,L:5229:5750:345,2016-04-02 08:00:00,2016-04-05 08:00:00,planned,Everett - Russellvile N 345 kV Cir. 1
17606,L:20008:20253:100,2016-04-06 08:00:00,2016-04-20 08:00:00,planned,Seneca City Of - Mcdonnell 100 kV line
3382,L:6458:7131:138,2016-04-02 08:00:00,2016-04-11 08:00:00,planned,Blaine - Pedricktown 138 kV
16218,L:19465:19565:100,2016-04-06 08:00:00,2016-04-08 08:00:00,planned,Reedy Creek - W Sta 100 kV Ckt 1
14786,L:18792:18793:100,2016-04-04 08:00:00,2016-04-14 08:00:00,planned,Guion - Rio Vista 100 kV Line
4236,L:6978:7138:138,2016-03-28 08:00:00,2016-04-14 08:00:00,planned,W Lafayette - Asbury 138 kV
9793,L:9498:9499:138,2016-04-05 08:00:00,2016-04-10 08:00:00,planned,Pella Peaking - Edgemont 138 kV
11082,L:10102:10105:138,2016-03-29 08:00:00,2016-04-12 08:00:00,planned,Sewell'S Pt - Monohans 138 kV
1440,L:5666:5828:138,2016-04-05 08:00:00,2016-04-18 08:00:00,planned,Billings - Gould Citysw Sta 138 kV Line
825,L:5372:5374:138,2016-04-01 08:00:00,2016-04-07 08:00:00,planned,Laurel Ave - Yauco Plaza 138 kV
11074,L:10101:10109:138,2016-03-29 08:00:00,2016-04-07 08:00:00,planned,Schitzer Steel - N Madison 345138Kv Substation 138 kV Circuit 1
19480,L:22869:22900:100,2016-03-30 08:00:00,2016-04-15 08:00:00,planned,S Bradley - Lamping Station 100 kV Ckt 1
11053,L:10086:10285:138,2016-04-02 08:00:00,2016-04-22 08:00:00,planned,Hughson - Jennings Lodge 138 kV #1
4133,L:6905:6906:138,2016-04-03 08:00:00,2016-04-06 08:00:00,planned,Fox Lke - Rudd 138 kV Ckt 2
18869,L:22031:22578:100,2016-04-06 08:00:00,2016-04-25 08:00:00,planned,Tech Center - Twin Branch Pv 100 kV line
12688,L:17397:18335:138,2016-04-05 08:00:00,2016-04-06 08:00:00,planned,Yellowcake - Decatur North 27Th Street 138 kV Ckt 1
11133,L:10127:10132:138,2016-04-06 08:00:00,2016-04-11 08:00:00,planned,Gosport - Ubc N Campus 138 kV Cir. 1
6280,L:7870:8195:138,2016-04-03 08:00:00,2016-04-18 08:00:00,planned,Apple Inc - Mighoward 138 kV #1
567,L:5247:5321:138,2016-03-29 08:00:00,2016-03-31 08:00:00,planned,Herrin - Hidalgo 138 kV Ckt 1
11118,L:10118:10188:138,2016-04-03 08:00:00,2016-04-08 08:00:00,planned,Wilderness Dp Substation - Germann 138 kV Line 1
19553,L:22881:23447:100,2016-04-04 08:00:00,2016-04-19 08:00:00,planned,N Meshoppen - Fruithill 100 kV
8915,L:9079:9092:138,2016-04-04 08:00:00,2016-04-05 08:00:00,planned,Wagner - Herbert A Wagner 138 kV
16077,L:19378:19379:100,2016-04-01 08:00:00,2016-04-14 08:00:00,planned,Polaris - W Milton 100 kV Line
9554,L:9369:9385:138,2016-04-04 08:00:00,2016-04-13 08:00:00,planned,West Basett - Mcminnville 138 kV Circuit 2
1032,L:5482:5962:138,2016-03-31 08:00:00,2016-04-19 08:00:00,planned,Quail Substation - Chester 138 kV Ckt 1
20299,L:23145:23154:100,2016-04-02 08:00:00,2016-04-04 08:00:00,planned,Bollingbrook - Capri 100 kV Cir. 1
6927,L:8231:8232:138,2016-04-04 08:00:00,2016-04-11 08:00:00,planned,Pantex S Substation - Northeastern 138 kV
10339,L:9737:10264:138,2016-04-06 08:00:00,2016-04-13 08:00:00,planned,N Doswell - Bear Island 138 kV Ckt 1
5938,L:7703:7807:138,2016-04-02 08:00:00,2016-04-05 08:00:00,planned,Lauderdale - Gateway 138 kV Line 1
11085,L:10104:10304:138,2016-04-04 08:00:00,2016-04-19 08:00:00,planned,Lake Kingman - S. Land Park & 35Th Ave 138 kV Line
5524,L:7488:8276:138,2016-03-30 08:00:00,2016-04-13 08:00:00,planned,Victoria Tc 7001-7007-7008 - Ta53 138 kV Ckt 1
20424,L:23196:23197:100,2016-03-30 08:00:00,2016-04-04 08:00:00,planned,Billeaud - Vancouver Island 100 kV Ckt 1
9293,L:9239:9243:138,2016-05-25 18:00:00,2016-06-10 18:00:00,planned,Ingersoll Rand - Huntington Court 138 kV L
3983,L:6790:7025:138,2016-05-28 18:00:00,2016-06-16 18:00:00,planned,Yabucoa Pueblo 2901 - Panda Patriot Generation Plant 138 kV Line 1
5914,L:7694:7804:138,2016-05-25 18:00:00,2016-06-08 18:00:00,planned,Round Rock South - Mianus 138 kV Cir. 1
4366,L:7054:8514:138,2016-05-30 18:00:00,2016-06-11 18:00:00,planned,Culberson - Manteca 138 kV Line
19953,L:23013:23234:100,2016-05-27 18:00:00,2016-05-29 18:00:00,planned,Henry D King - Mancos Substation 100 kV #1
5771,L:7606:7630:138,2016-05-25 18:00:00,2016-06-08 18:00:00,planned,Castro Vly - Marshall Am 138 kV
5794,L:7623:7625:138,2016-05-26 18:00:00,2016-06-07 18:00:00,planned,Milford Power Project - White Lake 138 kV Cir. 1
16831,L:19665:20296:100,2016-05-22 18:00:00,2016-06-09 18:00:00,planned,Perry - Northward 100 kV
3332,L:6438:6443:138,2016-05-23 18:00:00,2016-06-10 18:00:00,planned,Concho - Sharon Hill 138 kV Line
19753,L:22951:22960:100,2016-05-30 18:00:00,2016-06-04 18:00:00,planned,Jim Christal - Drummond 100 kV
17331,L:19882:20223:230,2016-05-25 18:00:00,2016-06-01 18:00:00,planned,Willimsport - Ledges 230 kV L
305,L:5131:5134:138,2016-05-27 18:00:00,2016-06-05 18:00:00,planned,Funtain City Substation - Cardiff 138 kV Cir. 1
8283,L:8776:8799:138,2016-05-30 18:00:00,2016-06-08 18:00:00,planned,Kaweah 2 - Dixon Substation 138 kV
9317,L:9249:9324:138,2016-05-28 18:00:00,2016-06-10 18:00:00,planned,Point Pinole - Ramey Field 1 7004 138 kV #1
15767,L:19218:19233:100,2016-05-27 18:00:00,2016-06-08 18:00:00,planned,Mcadams - Florida'S Natural Growers Substation 100 kV Cir. 1
15435,L:19060:19105:100,2016-05-25 18:00:00,2016-06-07 18:00:00,planned,Ironwood Substation - Vallejo B 100 kV line
15142,L:18930:19507:100,2016-05-27 18:00:00,2016-06-06 18:00:00,planned,Gansner - Kodak Rd 100 kV Cir. 1
10449,L:9780:9781:138,2016-05-27 18:00:00,2016-06-06 18:00:00,planned,Harrowgate - Tanners Lake Substation 138 kV #1
13556,L:18094:18697:138,2016-05-30 18:00:00,2016-06-15 18:00:00,planned,Mount Storm - Stevensville 138 kV
8303,L:8786:8790:138,2016-05-27 18:00:00,2016-05-28 18:00:00,planned,Crandall - Hampton 138 kV
1328,L:5610:5638:138,2016-05-28 18:00:00,2016-06-09 18:00:00,planned,Sells Substation - Jackcounty 138 kV #1
20887,L:23433:23521:100,2016-05-24 18:00:00,2016-06-03 18:00:00,planned,Sabrooke - Simplot Substation 100 kV line
14390,L:18648:18650:138,2016-05-22 18:00:00,2016-06-07 18:00:00,planned,Poole Ph - Charca 138 kV
19492,L:22872:22935:230,2016-05-22 18:00:00,2016-05-24 18:00:00,planned,Sun Prairie - Bordertown 230 kV #1
17226,L:19835:20243:100,2016-05-25 18:00:00,2016-05-26 18:00:00,planned,Speen Street - Ss3145Eagle Rock Tap 1 100 kV line
1866,L:5891:6005:345,2016-06-15 17:00:00,2016-06-18 17:00:00,planned,Dist 1000 Substation - Woodstown 345 kV #1
5829,L:7648:8101:138,2016-06-14 17:00:00,2016-06-21 17:00:00,planned,Marlette - Camden S Carolina 138 kV Line 1
5431,L:7442:8002:138,2016-06-15 17:00:00,2016-07-05 17:00:00,planned,Sacheen - Turner Shoals 138 kV #1
8590,L:8928:8966:138,2016-06-17 17:00:00,2016-07-05 17:00:00,planned,Happy Valley - De Zavala Rd 138 kV Circuit 1
19521,L:22874:22891:100,2016-06-16 17:00:00,2016-06-19 17:00:00,planned,Trienda - Indian Lake 100 kV
7757,L:8516:8791:138,2016-06-18 17:00:00,2016-06-24 17:00:00,planned,Plant Avenue - Tucannon Riv 138 kV Line 1
3520,L:6530:6533:138,2016-06-18 17:00:00,2016-06-29 17:00:00,planned,Eagle - Poncha Junction 138 kV
5818,L:7642:7735:138,2016-06-19 17:00:00,2016-06-20 17:00:00,planned,Horizon Substation - Malta 138 kV #1
8418,L:8841:8887:138,2016-06-17 17:00:00,2016-06-26 17:00:00,planned,Parklawn - Twinbrook 138 kV #1
4155,L:6919:6934:138,2016-06-18 17:00:00,2016-07-01 17:00:00,planned,N Philadelphia - Angora 138 kV Cir. 1
6775,L:8130:8233:138,2016-06-15 17:00:00,2016-06-29 17:00:00,planned,Gm Alison - Three Peaks 138 kV Ckt 1
10947,L:10018:10290:138,2016-06-13 17:00:00,2016-06-29 17:00:00,planned,Bollman Tap 1 - Birchwood 138 kV #1
6867,L:8204:18683:345,2016-06-19 17:00:00,2016-06-22 17:00:00,planned,Bellingham Cogeneration Facility - Jim Hill 345 kV Cir. 1
9153,L:9162:9289:138,2016-06-14 17:00:00,2016-07-01 17:00:00,planned,Mecca - S Crk 138 kV #1
20792,L:23389:23435:100,2016-06-12 17:00:00,2016-06-15 17:00:00,planned,Lake Village Bagby - Mauerman 100 kV Ckt 1
4000,L:6802:6806:138,2016-06-15 17:00:00,2016-07-05 17:00:00,planned,Shoreline - Holmes 138 kV Circuit 1
6650,L:8068:8069:138,2016-06-12 17:00:00,2016-07-02 17:00:00,planned,Canandaigua - Addison 138 kV Line 1
6671,L:8075:8084:138,2016-06-15 17:00:00,2016-07-03 17:00:00,planned,Orace - Paxton 138 kV Circuit 1
7801,L:8534:8535:138,2016-06-15 17:00:00,2016-06-20 17:00:00,planned,St Onifacius - Ealy 138 kV Circuit 1
20422,L:23195:23884:100,2016-06-17 17:00:00,2016-07-03 17:00:00,planned,Saginaw Sw Substation - Carson County 100 kV
12194,L:16990:16997:138,2016-06-16 17:00:00,2016-06-20 17:00:00,planned,Encina - Dearington 138 kV #1
13000,L:17763:17768:138,2016-06-19 17:00:00,2016-07-01 17:00:00,planned,Fishtrap - Barrenh 138 kV Line 1
13230,L:17924:18250:138,2016-06-12 17:00:00,2016-06-17 17:00:00,planned,Lansing Bwl Reo Town Plant - Badoura 11534 Kv 138 kV #1
57,L:2756:2961:161,2016-06-15 17:00:00,2016-06-29 17:00:00,planned,Sandia - Newport Substation 161 kV Cir. 1
17510,L:19968:20076:100,2016-06-15 17:00:00,2016-06-29 17:00:00,planned,Bedford 2 - Saugus Substation 100 kV
20669,L:23314:23317:100,2016-06-15 17:00:00,2016-07-03 17:00:00,planned,Crist Road - Quantum Lake Power Lp 100 kV Ckt 2
9552,L:9369:9374:138,2016-06-14 17:00:00,2016-06-22 17:00:00,planned,West Bassett - Brodhead S 138 kV Line 1
6313,L:7882:7892:138,2016-06-13 17:00:00,2016-06-15 17:00:00,planned,Bluff - Palm Canyon 138 kV
10009,L:9632:9636:138,2016-06-20 17:00:00,2016-07-07 17:00:00,planned,Seneca Terminal - Yemassee 138 kV Line 1
16654,L:19587:20138:230,2016-06-19 17:00:00,2016-06-24 17:00:00,planned,Inyokern - Waters River 230 kV Cir. 1
8016,L:8664:9072:138,2016-06-13 17:00:00,2016-06-28 17:00:00,planned,Raton - Goddard Steam Plant 138 kV Cir. 1
2300,L:5981:5988:138,2016-06-16 17:00:00,2016-07-03 17:00:00,planned,Pirkey - Benndale 138 kV Ckt 1
16033,L:19348:19349:100,2016-06-19 17:00:00,2016-06-29 17:00:00,planned,Blue Rcer - Arco Western Energy 100 kV Circuit 1
1059,L:5495:6147:138,2016-06-14 17:00:00,2016-07-01 17:00:00,planned,Edward L. Addison Generating Plant - Columbia Falls 138 kV
5613,L:7528:7531:138,2016-06-18 17:00:00,2016-07-08 17:00:00,planned,Williams - Kennecott 138 kV #1
9142,L:9157:9186:138,2016-06-12 17:00:00,2016-07-02 17:00:00,planned,Richardson Collins Boulevard - Andersen 138 kV Line 1
1722,L:5819:5877:345,2016-06-13 17:00:00,2016-06-27 17:00:00,planned,Tennessee - Camp Far W 345 kV Ckt 1
10273,L:9709:9714:138,2016-06-17 17:00:00,2016-06-18 17:00:00,planned,Pentagon - Squamish 138 kV Circuit 1
3660,L:6600:6604:138,2016-06-17 17:00:00,2016-06-21 17:00:00,planned,Wakefield Jct - Flagami 138 kV Circuit 1
15213,L:18965:18967:100,2016-06-11 17:00:00,2016-06-30 17:00:00,planned,Georgia-Pacific Brewton Mill - Geysers Tap 7 100 kV Circuit 1
18591,L:21755:21776:100,2016-06-17 17:00:00,2016-06-24 17:00:00,planned,Flora Site B - Velasco 100 kV Cir. 1
1025,L:5480:5817:138,2016-06-17 17:00:00,2016-07-06 17:00:00,planned,Underground Tap 1 - Glencliff 138 kV
19524,L:22874:22934:100,2016-06-13 17:00:00,2016-06-26 17:00:00,planned,South Jackson - Trienda 100 kV Ckt 1
16301,L:19513:19522:100,2016-06-14 17:00:00,2016-06-22 17:00:00,planned,Montello - Union Falls 100 kV
14219,L:18515:18518:138,2016-06-15 17:00:00,2016-06-22 17:00:00,planned,Little Riv - Lemon Crk 138 kV Line 1
5361,L:7412:7413:138,2016-06-11 17:00:00,2016-06-23 17:00:00,planned,Catawba 2 - Waterloo 138 kV L
3583,L:6554:6563:138,2016-06-16 17:00:00,2016-07-03 17:00:00,planned,Lancaster Air Products - Mt Joy 138 kV #1
10180,L:9669:11154:345,2016-06-15 17:00:00,2016-06-18 17:00:00,planned,Clover Substation - Mcclellan-Adc 345 kV Line 1
20816,L:23402:23886:100,2016-06-16 17:00:00,2016-06-26 17:00:00,planned,Saltville - Terminous 100 kV L
1831,L:5880:5888:138,2016-06-19 17:00:00,2016-06-29 17:00:00,planned,Roosevelt County - Crowsnest 138 kV
2569,L:6067:6568:138,2016-06-14 17:00:00,2016-06-19 17:00:00,planned,Carson Crk - Capay 138 kV Ckt 1
7678,L:8487:8578:138,2016-06-18 17:00:00,2016-06-27 17:00:00,planned,Bowen St - Aj Swope 138 kV #1
1460,L:5673:5819:138,2016-06-15 17:00:00,2016-07-02 17:00:00,planned,Murray Hill Solar - Camp Far W 138 kV Cir. 1
18266,L:20984:20987:100,2016-06-15 17:00:00,2016-06-17 17:00:00,planned,Ncah Central Utility Plant - Port Of Stockton 100 kV Cir. 1
5421,L:7436:7443:138,2016-06-16 17:00:00,2016-06-19 17:00:00,planned,Bronson - Sweet Gum Flats 138 kV Circuit 1
279,L:5120:5269:345,2016-06-15 17:00:00,2016-06-18 17:00:00,planned,Orondo - Oneida 345 kV Ckt 1
17444,L:19939:19960:100,2016-06-14 17:00:00,2016-06-19 17:00:00,planned,Sylmar E - River St 100 kV Line
1757,L:5831:6957:138,2016-06-19 17:00:00,2016-06-26 17:00:00,planned,Pearl - St Francis Energy Facility 138 kV
8001,L:8662:8671:138,2016-06-11 17:00:00,2016-06-16 17:00:00,planned,Tuckasegee Tie - York Canyon 138 kV Circuit 1
12359,L:17079:17100:138,2016-06-18 17:00:00,2016-06-22 17:00:00,planned,Sycamore - Decatur Route 51 138 kV
19812,L:22970:22973:100,2016-06-15 17:00:00,2016-07-05 17:00:00,planned,Pittsford - Burro Bridge 100 kV Ckt 3
13330,L:17976:18321:138,2016-07-23 16:00:00,2016-08-12 16:00:00,planned,County Line Wp Substation - Brues 138 kV Line 1
16696,L:19602:20115:100,2016-07-18 16:00:00,2016-08-01 16:00:00,planned,Minuteman - Whirlpool Corporation - Ottawa Wind Farm 100 kV Line
2937,L:6242:6300:138,2016-07-20 16:00:00,2016-08-01 16:00:00,planned,El Camino Tap Substation - Lake June Pump Substation 138 kV
1000,L:5470:5991:138,2016-07-23 16:00:00,2016-07-26 16:00:00,planned,Lejeune - Marion 138 kV #1
19812,L:22970:22973:100,2016-07-17 16:00:00,2016-08-03 16:00:00,planned,Pittsford - Burro Bridge 100 kV line
8841,L:9064:18497:138,2016-07-19 16:00:00,2016-08-08 16:00:00,planned,Deep Creek - Littlefork 138 kV Ckt 1
10387,L:9757:10128:138,2016-07-24 16:00:00,2016-08-13 16:00:00,planned,Yadkin - Princeton Mn 138 kV Circuit 1
11154,L:10141:10151:138,2016-07-24 16:00:00,2016-08-13 16:00:00,planned,Dumfries - Harbour Pointe 138 kV Cir. 1
2,L:2597:5214:161,2016-07-22 16:00:00,2016-08-03 16:00:00,planned,Seagoville Sw - Ss3145 Substation 161 kV Ckt 1
20480,L:23233:23235:100,2016-07-17 16:00:00,2016-07-27 16:00:00,planned,Cambie - Mid-Georgia Cogeneration Facility 100 kV Circuit 1
13141,L:17871:17884:138,2016-07-25 16:00:00,2016-08-03 16:00:00,planned,Kraft - Delight 138 kV
17863,L:20147:20164:100,2016-07-19 16:00:00,2016-08-04 16:00:00,planned,Northeast Canton - Sawtelle 100 kV Cir. 1
7032,L:8256:8288:345,2016-07-24 16:00:00,2016-07-25 16:00:00,planned,North Allegheny Windpower Project - Granada 345 kV #1
374,L:5163:5185:138,2016-07-22 16:00:00,2016-07-24 16:00:00,planned,Mcpherson 2 - Claus 138 kV Cir. 1
3009,L:6279:6280:138,2016-07-23 16:00:00,2016-08-04 16:00:00,planned,Pine Bluff West - Cromby 138 kV Line 1
4660,L:7127:8783:345,2016-07-16 16:00:00,2016-08-01 16:00:00,planned,Amps - Keystone Hts Electric 345 kV #1
8170,L:8715:8939:138,2016-07-24 16:00:00,2016-07-31 16:00:00,planned,Cloverbank - Vaseaux Lake 138 kV
12230,L:16998:19258:138,2016-07-24 16:00:00,2016-08-11 16:00:00,planned,Bedford - P & W Aircraft Substation 138 kV #1
13908,L:18312:18313:138,2016-07-22 16:00:00,2016-07-24 16:00:00,planned,Stadium Reit - Pruntytown 138 kV Line 1
17152,L:19804:19963:100,2016-07-24 16:00:00,2016-08-13 16:00:00,planned,Goodpasture - Bellows Falls 100 kV Line 1
6108,L:7785:7786:138,2016-07-21 16:00:00,2016-07-27 16:00:00,planned,Morris - Homestead Wind Llc 138 kV Line 1
13703,L:18182:18185:138,2016-07-23 16:00:00,2016-07-24 16:00:00,planned,Northwoods - Aspen 138 kV Line 1
1260,L:5575:5583:138,2016-07-20 16:00:00,2016-08-04 16:00:00,planned,Winslow - Parlin Power Plant 138 kV
17311,L:19873:20100:100,2016-07-25 16:00:00,2016-08-06 16:00:00,planned,Holly Sugar - Hiram 100 kV Line 1
19049,L:22492:22494:100,2016-07-16 16:00:00,2016-07-21 16:00:00,planned,Meridian - Red Cloud 100 kV Ckt 1
3365,L:6452:6939:138,2016-07-23 16:00:00,2016-07-28 16:00:00,planned,Mortan - Bemidji Substation 138 kV Line 1
835,L:5375:5855:138,2016-07-19 16:00:00,2016-08-07 16:00:00,planned,Millerst - Cordova 138 kV L
5579,L:7515:8259:138,2016-07-17 16:00:00,2016-08-03 16:00:00,planned,Lytton Springs - Deer Park Energy Ctr 138 kV Ckt 1
20259,L:23136:23149:100,2016-07-21 16:00:00,2016-08-05 16:00:00,planned,Nebraska City - South Carthage 100 kV Cir. 1
9545,L:9368:9641:138,2016-07-16 16:00:00,2016-07-31 16:00:00,planned,Bremo Bluff - Hall 138 kV Ckt 1
15716,L:19198:19440:100,2016-07-24 16:00:00,2016-07-28 16:00:00,planned,Wally Rd - Corona Ave 100 kV Ckt 1
6309,L:7880:7905:138,2016-07-23 16:00:00,2016-07-29 16:00:00,planned,Sta L Scattergood - Galloway 138 kV L
3797,L:6690:7105:138,2016-07-16 16:00:00,2016-07-29 16:00:00,planned,Van Horne - Kalamazoo-San Juan 138 kV Ckt 1
14898,L:18835:18988:100,2016-07-24 16:00:00,2016-08-01 16:00:00,planned,Mechanicsburg - Lyons Falls Hydroelectric 100 kV Line 1
10590,L:9852:10155:345,2016-07-19 16:00:00,2016-08-02 16:00:00,planned,Devon - Rienzi 345 kV Line 1
14837,L:18809:19564:100,2016-07-25 16:00:00,2016-08-03 16:00:00,planned,Jewett - Eshinger-Bruceville 100 kV Circuit 1
8316,L:8799:9103:138,2016-07-24 16:00:00,2016-07-27 16:00:00,planned,Sharon Amtrak - Dixon 138 kV Ckt 1
8643,L:8952:8953:138,2016-07-24 16:00:00,2016-07-26 16:00:00,planned,Nasa - Boulder Basin 138 kV Circuit 1
10254,L:9694:9882:138,2016-07-18 16:00:00,2016-07-29 16:00:00,planned,Annandale Substation - Sta 138 138 kV Cir. 2
3540,L:6534:6551:138,2016-07-25 16:00:00,2016-07-29 16:00:00,planned,Pacheco - Unionville Substation 138 kV Ckt 1
18406,L:21206:21523:100,2016-07-20 16:00:00,2016-07-25 16:00:00,planned,Romeo - Arkanas 100 kV Line 1
6251,L:7853:7856:138,2016-07-16 16:00:00,2016-07-27 16:00:00,planned,Portuguez - Sanford 138 kV L
13619,L:18132:18137:138,2016-07-22 16:00:00,2016-07-27 16:00:00,planned,Mommoth Pacific 1 - 2 Ac Sta 138 kV Cir. 1
16957,L:19731:19811:100,2016-07-19 16:00:00,2016-07-23 16:00:00,planned,Plumas - Alford 100 kV Ckt 1
1068,L:5497:5498:138,2016-07-23 16:00:00,2016-08-11 16:00:00,planned,Prairie State Sta - Greenfield 138 kV Cir. 1
4275,L:6999:7000:138,2016-07-16 16:00:00,2016-07-29 16:00:00,planned,Rolling - Hamilton 138 kV L
9685,L:9430:9646:138,2016-07-20 16:00:00,2016-07-26 16:00:00,planned,Sinai - Glen Haven 138 kV Ckt 1
13927,L:18324:18484:138,2016-07-21 16:00:00,2016-07-22 16:00:00,planned,Floyds Knobs - Firstenergy Illow Island 138 kV #1
10447,L:9779:9781:138,2016-07-23 16:00:00,2016-07-29 16:00:00,planned,Harrowgae - Harvell 138 kV Ckt 1
16431,L:19545:20065:100,2016-07-24 16:00:00,2016-07-30 16:00:00,planned,Celina Solar Project 1 Llc - Dickson Substation 100 kV Cir. 1
6063,L:7760:7852:138,2016-07-21 16:00:00,2016-07-22 16:00:00,planned,Las Colinas Substation - Hanson Substation 138 kV Line
14251,L:18542:18675:138,2016-07-17 16:00:00,2016-07-29 16:00:00,planned,Niagra Paper Of Wisconsin - Park 138 kV #1
3002,L:6275:8644:138,2016-07-16 16:00:00,2016-07-23 16:00:00,planned,North E - Sky Ranch Substation 138 kV Ckt 1
3512,L:6525:6573:138,2016-07-25 16:00:00,2016-07-27 16:00:00,planned,Livingston Ridge - Pineview 138 kV Ckt 1
15718,L:19199:19204:100,2016-07-25 16:00:00,2016-08-10 16:00:00,planned,Walnut City - California Ave 100 kV #1
8763,L:9030:17914:138,2016-07-18 16:00:00,2016-07-26 16:00:00,planned,Dam No. 4 Hydro Station - Westhill 138 kV line
9645,L:9409:9495:138,2016-07-21 16:00:00,2016-07-22 16:00:00,planned,Mount Si - Meeker 138 kV Ckt 1
17744,L:20081:21753:100,2016-07-24 16:00:00,2016-08-10 16:00:00,planned,R.P.Mone - Monroville 100 kV Cir. 1
17511,L:19969:19979:100,2016-07-24 16:00:00,2016-08-10 16:00:00,planned,Pampanos - Bass Lake 100 kV Circuit 1
19413,L:22849:22854:100,2016-07-18 16:00:00,2016-08-05 16:00:00,planned,Moreno Tap Substation - Scyene Rd 100 kV L
2118,L:5942:5979:138,2016-07-20 16:00:00,2016-07-24 16:00:00,planned,Depere - Ft Bliss 138 kV
6819,L:8164:8173:138,2016-07-20 16:00:00,2016-08-01 16:00:00,planned,Palo Verde - Knob 138 kV
20462,L:23223:23247:100,2016-07-16 16:00:00,2016-07-20 16:00:00,planned,Mexico Intertie - Oswego 100 kV Ckt 1
2719,L:6141:6196:138,2016-07-23 16:00:00,2016-08-01 16:00:00,planned,Tuttle - America 138 kV
1120,L:5517:5518:138,2016-08-03 16:00:00,2016-08-20 16:00:00,planned,Dpc Platteville - Windsor 138 kV Cir. 1
17902,L:20174:20185:230,2016-08-05 16:00:00,2016-08-22 16:00:00,planned,West Canton - E Akron 230 kV
9347,L:9263:9270:138,2016-08-09 16:00:00,2016-08-27 16:00:00,planned,Gardencreek - Turkey Pen 138 kV
5840,L:7655:7670:138,2016-08-07 16:00:00,2016-08-10 16:00:00,planned,Eaton - Big Hollow Road 138 kV Ckt 1
21365,L:23876:23881:100,2016-08-10 16:00:00,2016-08-25 16:00:00,planned,Fort Atkinson - Rexburg 100 kV Ckt 1
565,L:5246:5319:138,2016-08-07 16:00:00,2016-08-14 16:00:00,planned,N. Lee - Kettle Morraine Substation 138 kV Line 1
5367,L:7414:7444:138,2016-08-11 16:00:00,2016-08-18 16:00:00,planned,Georgetown - Simpson 138 kV Cir. 1
18588,L:21753:21812:100,2016-08-11 16:00:00,2016-08-12 16:00:00,planned,Woodburn - Monroeville 100 kV Ckt 1
15123,L:18924:18925:100,2016-08-07 16:00:00,2016-08-24 16:00:00,planned,Westover Hills - W Coshocton 100 kV Line
5063,L:7233:8265:500,2016-08-09 16:00:00,2016-08-26 16:00:00,planned,Thayer - Allegheny Energy Units 3 4 & 5 500 kV Cir. 1
19570,L:22884:22905:100,2016-08-04 16:00:00,2016-08-10 16:00:00,planned,Comed - White Pine Vlg 100 kV Line 2
18454,L:21385:21681:100,2016-08-03 16:00:00,2016-08-07 16:00:00,planned,Air Products - Monroe Mi 100 kV line
2611,L:6085:6092:138,2016-08-03 16:00:00,2016-08-15 16:00:00,planned,Richard Lake - Mount Elbert Powerplant Substation 138 kV Ckt 1
13784,L:18228:18250:138,2016-08-09 16:00:00,2016-08-24 16:00:00,planned,Wards Hollow - Lansing Bwl Reo Town Plant 138 kV
19551,L:22880:23456:100,2016-08-08 16:00:00,2016-08-13 16:00:00,planned,Harwood W - Lasalle 100 kV #1
15293,L:19003:19053:230,2016-08-07 16:00:00,2016-08-25 16:00:00,planned,Rhinebeck Substation - Corridor 230 kV Cir. 1
10850,L:9963:10103:138,2016-08-12 16:00:00,2016-08-29 16:00:00,planned,Frio Town - Ennis 138 kV Ckt 1
6786,L:8138:8139:138,2016-08-09 16:00:00,2016-08-25 16:00:00,planned,San Ramon - Segs 4 138 kV Line 1
210,L:3650:8126:161,2016-08-07 16:00:00,2016-08-12 16:00:00,planned,N Gila - Welport 161 kV
14021,L:18371:18381:138,2016-08-04 16:00:00,2016-08-09 16:00:00,planned,Red Tail - Speedway 138 kV Line 1
8351,L:8816:8824:138,2016-08-10 16:00:00,2016-08-29 16:00:00,planned,Park Ave - Pluess Substation 138 kV Line 1
1984,L:5917:7163:500,2016-08-07 16:00:00,2016-08-15 16:00:00,planned,Earlimart - Marcus Hook Energy Lp 500 kV Ckt 1
848,L:5381:6003:138,2016-08-06 16:00:00,2016-08-26 16:00:00,planned,Hoyt - Pca 138 kV Cir. 1
7717,L:8499:8824:345,2016-08-09 16:00:00,2016-08-26 16:00:00,planned,Redman - Pluess 345 kV Circuit 1
20550,L:23264:23266:100,2016-08-03 16:00:00,2016-08-07 16:00:00,planned,Nance - Plano 2 100 kV Cir. 1
14187,L:18491:18493:138,2016-08-10 16:00:00,2016-08-13 16:00:00,planned,Ladd - Murphy Crk 138 kV Ckt 1
5188,L:7291:7314:138,2016-08-08 16:00:00,2016-08-19 16:00:00,planned,Christie - Indian Mesa 138 kV
8662,L:8968:9070:345,2016-08-11 16:00:00,2016-08-16 16:00:00,planned,Jason - Brandywine Power Facility 345 kV Cir. 1
3101,L:6321:6330:138,2016-08-06 16:00:00,2016-08-13 16:00:00,planned,S Street - Newton 138 kV
4384,L:7063:7076:138,2016-08-12 16:00:00,2016-08-30 16:00:00,planned,Northfield - Massachusetts Street 138 kV
14786,L:18792:18793:100,2016-08-05 16:00:00,2016-08-12 16:00:00,planned,Rio Vista - Guion 100 kV Line
2729,L:6145:6603:138,2016-08-07 16:00:00,2016-08-22 16:00:00,planned,Health Administrative Service - Pecho Vly 138 kV #1
5765,L:7605:7608:138,2016-08-05 16:00:00,2016-08-07 16:00:00,planned,Oasis - Timberline 138 kV Ckt 1
8044,L:8675:9093:138,2016-08-11 16:00:00,2016-08-28 16:00:00,planned,Clintmoore - Harbeson 138 kV L
20692,L:23325:23485:100,2016-08-04 16:00:00,2016-08-09 16:00:00,planned,Quantum - Aaa 100 kV #1
1805,L:5854:5874:138,2016-08-11 16:00:00,2016-08-30 16:00:00,planned,Woodard - Fanwood 138 kV Line
19316,L:22828:22829:100,2016-08-03 16:00:00,2016-08-14 16:00:00,planned,Medina Lake - Prevost 100 kV Line
1998,L:5920:6177:138,2016-08-05 16:00:00,2016-08-13 16:00:00,planned,Patton Chapel - Mckee 138 kV #1
18980,L:22309:22311:100,2016-08-12 16:00:00,2016-08-30 16:00:00,planned,Palmyra Municipal 2 - Walnut Creek 100 kV Ckt 1
10453,L:9783:9797:138,2016-08-05 16:00:00,2016-08-18 16:00:00,planned,Briarwood - Whiting Refinery 138 kV Line
20531,L:23261:23262:100,2016-08-06 16:00:00,2016-08-13 16:00:00,planned,Rancho Seco - Reid Gardner 100 kV Ckt 3
3056,L:6300:6521:345,2016-08-12 16:00:00,2016-08-16 16:00:00,planned,Lake June Pump - Hedges 345 kV Line 1
14377,L:18641:18645:138,2016-08-10 16:00:00,2016-08-14 16:00:00,planned,Dluzerne - Amea Peaking 138 kV Line 1
16831,L:19665:20296:100,2016-08-12 16:00:00,2016-08-22 16:00:00,planned,Perry - Northward 100 kV
20865,L:23424:23435:100,2016-08-09 16:00:00,2016-08-13 16:00:00,planned,Mauerman - Sara 100 kV Cir. 1
16822,L:19658:19924:230,2016-08-12 16:00:00,2016-08-22 16:00:00,planned,Imperial Dam Substation - Oregon Basin 230 kV #1
20837,L:23411:23455:100,2016-08-08 16:00:00,2016-08-23 16:00:00,planned,Bathurst - Manlove-Folsom 100 kV
4200,L:6955:7030:138,2016-08-03 16:00:00,2016-08-16 16:00:00,planned,Keller - North Proctorville 138 kV Circuit 1
13885,L:18294:18297:138,2016-08-11 16:00:00,2016-08-14 16:00:00,planned,Mud Fork - Spruance Nug 138 kV Cir. 1
6404,L:7932:7938:138,2016-08-08 16:00:00,2016-08-14 16:00:00,planned,Fayetteville - Grand Pt 138 kV Line 1
12177,L:16984:16994:138,2016-08-06 16:00:00,2016-08-07 16:00:00,planned,Bullittsville - Big Cajun 1 138 kV Line 1
4956,L:7193:7477:345,2016-08-11 16:00:00,2016-08-15 16:00:00,planned,Syl Laskin - Owens Brockway 345 kV L
6715,L:8093:8097:138,2016-09-04 17:00:00,2016-09-21 17:00:00,planned,Milford - Marshall St 138 kV Line 1
17444,L:19939:19960:100,2016-08-30 17:00:00,2016-09-04 17:00:00,planned,Sylmr E - River St 100 kV Line 1
6270,L:7866:8147:138,2016-09-03 17:00:00,2016-09-18 17:00:00,planned,Turkey Point Substation - Brooks Hill 138 kV Circuit 1
17454,L:19941:19943:100,2016-09-03 17:00:00,2016-09-16 17:00:00,planned,Gilstrap - Calera T.S 100 kV Ckt 1
18648,L:21771:21793:100,2016-09-08 17:00:00,2016-09-26 17:00:00,planned,Salinas Rural - Spy Run 100 kV Cir. 1
14312,L:18586:18587:138,2016-09-05 17:00:00,2016-09-06 17:00:00,planned,Wfec Genco Llc - Bee Creek 138 kV Cir. 1
15236,L:18975:19133:100,2016-08-31 17:00:00,2016-09-07 17:00:00,planned,Purto De Ponce - Wansley 100 kV Cir. 1
6902,L:8220:8228:345,2016-08-31 17:00:00,2016-09-16 17:00:00,planned,Youngwood - Sevierville 345 kV
15230,L:18973:19133:100,2016-08-31 17:00:00,2016-09-10 17:00:00,planned,Hayden - Wansley 100 kV Ckt 1
5000,L:7208:7212:138,2016-09-04 17:00:00,2016-09-24 17:00:00,planned,Ross Praiie - Forman 2 Substation 138 kV #1
16932,L:19721:19723:100,2016-09-02 17:00:00,2016-09-03 17:00:00,planned,Hunter Crk - 6Th St 100 kV #1
692,L:5308:6863:138,2016-08-30 17:00:00,2016-09-18 17:00:00,planned,Wayne Jct - Duson 138 kV Ckt 1
1340,L:5614:5723:138,2016-09-01 17:00:00,2016-09-09 17:00:00,planned,Dinner Lake - Lakewood 138 kV Ckt 1
17808,L:20102:20162:100,2016-09-02 17:00:00,2016-09-21 17:00:00,planned,Colby City Of - Lakemore 100 kV Circuit 1
5110,L:7252:7253:345,2016-09-07 17:00:00,2016-09-18 17:00:00,planned,Mcclellan-Bell - Southeast Gate 345 kV
8233,L:8742:8748:138,2016-09-04 17:00:00,2016-09-22 17:00:00,planned,Huntingdon - Mccain 138 kV
12846,L:17602:17865:138,2016-09-04 17:00:00,2016-09-16 17:00:00,planned,Conair Substation - Laurel Dm 138 kV
8367,L:8823:8949:345,2016-09-02 17:00:00,2016-09-04 17:00:00,planned,St Crispin - Columbus Denois Crk 345 kV Line 1
6472,L:7967:7978:138,2016-09-05 17:00:00,2016-09-21 17:00:00,planned,Westt Lexington Chesterfield - Arverne 138 kV Line 1
8187,L:8720:9710:138,2016-09-07 17:00:00,2016-09-09 17:00:00,planned,Luxemburg 24.9 - Palmers Cornr 138 kV
13374,L:17992:18705:345,2016-08-31 17:00:00,2016-09-04 17:00:00,planned,Tristate Substation - Main Line Substation 345 kV Cir. 1
20699,L:23330:23494:100,2016-09-01 17:00:00,2016-09-09 17:00:00,planned,Lake Ida - Capsule Substation 100 kV Cir. 1
3438,L:6486:6513:138,2016-09-02 17:00:00,2016-09-10 17:00:00,planned,Spinninng Spur I - Market St 138 kV Ckt 1
3293,L:6421:6475:345,2016-09-01 17:00:00,2016-09-18 17:00:00,planned,Bayshore - Ge Aachua 345 kV Cir. 1
17929,L:20185:20195:100,2016-09-07 17:00:00,2016-09-12 17:00:00,planned,East Akron - Outfall 100 kV Cir. 1
12930,L:17697:17698:138,2016-09-08 17:00:00,2016-09-28 17:00:00,planned,Calstoga 199 - Leake 138 kV Circuit 1
14018,L:18370:18678:138,2016-09-03 17:00:00,2016-09-23 17:00:00,planned,Welch - Crows Landing 138 kV Line 1
9270,L:9226:9227:138,2016-09-01 17:00:00,2016-09-06 17:00:00,planned,Sithe - Desmet 138 kV Cir. 1
19810,L:22970:22973:100,2016-09-03 17:00:00,2016-09-08 17:00:00,planned,Pittsford - Burro Bridge 100 kV Ckt 1
3388,L:6460:6465:138,2016-08-31 17:00:00,2016-09-08 17:00:00,planned,Beverly - Paxson Dirve 138 kV Line 1
17838,L:20129:20307:100,2016-09-01 17:00:00,2016-09-15 17:00:00,planned,Nooksett Hydro - Urich 100 kV Cir. 1
12541,L:17237:17783:138,2016-09-01 17:00:00,2016-09-18 17:00:00,planned,Tumbler Ridge - New London Avenue 138 kV Ckt 1
16849,L:19675:20156:100,2016-09-08 17:00:00,2016-09-10 17:00:00,planned,Mohawk - S Canton 3 100 kV Circuit 2
15385,L:19043:19044:100,2016-08-30 17:00:00,2016-09-14 17:00:00,planned,Caryville - Talega 100 kV
21403,L:24025:24027:100,2016-09-01 17:00:00,2016-09-18 17:00:00,planned,N Omaha - Tsawassen Beach Terminal 100 kV Line 1
10693,L:9900:10164:138,2016-08-30 17:00:00,2016-09-17 17:00:00,planned,Bridge - Riverview 138 kV
17101,L:19780:19785:100,2016-09-04 17:00:00,2016-09-17 17:00:00,planned,Imperial - Saltspring Tap 100 kV #1
7558,L:8434:9079:138,2016-09-01 17:00:00,2016-09-21 17:00:00,planned,Walerga-Galbrath - Wagner Substation 138 kV #3
3430,L:6482:6505:138,2016-09-05 17:00:00,2016-09-11 17:00:00,planned,Puente Hills - Moffet Field Tap 138 kV Cir. 1
7883,L:8594:8726:138,2016-09-07 17:00:00,2016-09-26 17:00:00,planned,Port Wing - Sollers Warf 138 kV Ckt 1
6224,L:7833:7844:138,2016-09-08 17:00:00,2016-09-18 17:00:00,planned,Columbine - Malaspina 138 kV #1
17819,L:20113:20114:100,2016-09-06 17:00:00,2016-09-09 17:00:00,planned,Scotland Dam Substation - Deerfield 100 kV Circuit 1
8405,L:8838:8875:138,2016-09-07 17:00:00,2016-09-09 17:00:00,planned,Wallace - Cal Poy 138 kV Line 1
4266,L:6994:7028:138,2016-09-02 17:00:00,2016-09-09 17:00:00,planned,Brier - Andrew York & 138 kV Line 1
14761,L:18777:18911:100,2016-09-04 17:00:00,2016-09-08 17:00:00,planned,Dexter - Broomfield 100 kV Line 1
19523,L:22874:22904:100,2016-08-30 17:00:00,2016-09-18 17:00:00,planned,Trienda - Solemint 100 kV Ckt 2
4596,L:7117:7141:345,2016-09-01 17:00:00,2016-09-08 17:00:00,planned,Invr Hills - Derby Substation 345 kV Cir. 1
8396,L:8835:8877:138,2016-08-31 17:00:00,2016-09-12 17:00:00,planned,Wood Acres - Richburg 138 kV Line 1
17565,L:19990:19995:100,2016-08-30 17:00:00,2016-08-31 17:00:00,planned,Maclean - Cross Reactors 100 kV Circuit 1
1442,L:5668:5701:138,2016-09-01 17:00:00,2016-09-19 17:00:00,planned,Montville - Morgan Energy Center 138 kV #1
21086,L:23477:24062:100,2016-09-02 17:00:00,2016-09-09 17:00:00,planned,Grand Ridge Battery Projects - Bonners Ferry 100 kV Cir. 1
16688,L:19597:19908:100,2016-09-06 17:00:00,2016-09-13 17:00:00,planned,Aldrich - Rec Harmony 100 kV Ckt 1
18663,L:21774:21794:100,2016-08-31 17:00:00,2016-09-20 17:00:00,planned,Sicamous - State St 100 kV Circuit 1
19857,L:22981:23038:100,2016-09-07 17:00:00,2016-09-12 17:00:00,planned,Brookdale - Prospect Hts 100 kV #1
21362,L:23820:24083:100,2016-09-01 17:00:00,2016-09-20 17:00:00,planned,Spartanburg Water System - West Dover 100 kV Circuit 1
20641,L:23302:23310:100,2016-09-04 17:00:00,2016-09-09 17:00:00,planned,South Hall - Deep Springs 100 kV line
7266,L:8299:8985:138,2016-09-02 17:00:00,2016-09-10 17:00:00,planned,E Hartford - Roseton 138 kV Ckt 1
3306,L:6428:7163:138,2016-09-03 17:00:00,2016-09-12 17:00:00,planned,Middletown - Marcus Hook Energy Lp 138 kV Ckt 1
7732,L:8507:8572:138,2016-09-04 17:00:00,2016-09-12 17:00:00,planned,Wilkens - Tyhee 138 kV
6018,L:7740:7791:138,2016-09-07 17:00:00,2016-09-09 17:00:00,planned,Ft Payne Primary - Little Rock Roland Rd 138 kV Cir. 1
14119,L:18438:18446:138,2016-09-01 17:00:00,2016-09-13 17:00:00,planned,Fishers Rd - Houghton 138 kV Cir. 1
1662,L:5784:5792:138,2016-09-05 17:00:00,2016-09-21 17:00:00,planned,County Line - Jefferies Station 138 kV
1756,L:5831:5832:138,2016-09-05 17:00:00,2016-09-17 17:00:00,planned,Pearl - Odin 138 kV Line 1
13928,L:18324:18653:138,2016-09-01 17:00:00,2016-09-10 17:00:00,planned,Floyds Knobs - Richard Gorsuch 138 kV
20345,L:23165:23187:100,2016-08-30 17:00:00,2016-09-08 17:00:00,planned,Maguire Rd - West Sparta 100 kV Circuit 1
14226,L:18523:18690:138,2016-09-02 17:00:00,2016-09-13 17:00:00,planned,Ramey Field 2 7006 - Winfield 138 kV #1
11997,L:16489:16877:138,2016-08-30 17:00:00,2016-09-06 17:00:00,planned,Montrose - Johnsevier 138 kV Line 1
8635,L:8949:8953:138,2016-09-06 17:00:00,2016-09-17 17:00:00,planned,Columbus Denois Crk - Nasa 138 kV Ckt 1
14951,L:18853:19161:230,2016-09-02 17:00:00,2016-09-15 17:00:00,planned,Enon - Sangar 230 kV Ckt 1
5371,L:7415:7429:138,2016-10-15 17:00:00,2016-10-16 17:00:00,planned,Fuller - Cooley 138 kV Cir. 1
19864,L:22983:23039:100,2016-10-11 17:00:00,2016-10-14 17:00:00,planned,Commonwealth Edison Des Plaines 2 - Mejia 100 kV
5377,L:7416:8283:138,2016-10-15 17:00:00,2016-11-01 17:00:00,planned,Federalgen Tap - Southbend 138 kV #1
11171,L:10153:10160:138,2016-10-17 17:00:00,2016-10-24 17:00:00,planned,Oakdale Power Station Substation - Novec Country Club 138 kV Cir. 1
16689,L:19598:19599:100,2016-10-12 17:00:00,2016-10-16 17:00:00,planned,Pinto Vly - Summer Street 100 kV L
11205,L:10177:10284:138,2016-10-18 17:00:00,2016-11-07 17:00:00,planned,Butternut - Willow 138 kV Ckt 1
18878,L:22033:22597:100,2016-10-15 17:00:00,2016-10-31 17:00:00,planned,W. El Camino-15 Substation - Deltona 100 kV
1001,L:5473:5991:138,2016-10-12 17:00:00,2016-10-16 17:00:00,planned,Harden Substation - Marion 138 kV
19641,L:22909:22971:100,2016-10-13 17:00:00,2016-10-26 17:00:00,planned,Sunrise - Tellride 100 kV Cir. 1
15183,L:18949:19576:230,2016-10-14 17:00:00,2016-10-27 17:00:00,planned,Coyote Point Substation - Larson St Substation 230 kV #1
9286,L:9234:9648:138,2016-10-17 17:00:00,2016-11-01 17:00:00,planned,South Texa - Glen Lyn 138 kV Ckt 1
19596,L:22890:23000:100,2016-10-11 17:00:00,2016-10-12 17:00:00,planned,East Sanger Substation - Lost Hills 100 kV Cir. 1
1219,L:5557:5563:138,2016-10-11 17:00:00,2016-10-29 17:00:00,planned,Jamestown - Beardsley Tap 138 kV Line 1
16944,L:19726:19820:100,2016-10-14 17:00:00,2016-10-29 17:00:00,planned,Cypress-Manzanita - Brush 100 kV
17631,L:20020:20225:100,2016-10-18 17:00:00,2016-11-07 17:00:00,planned,Parr Gt - Oak Ridge 100 kV Ckt 1
5462,L:7458:19687:138,2016-10-19 17:00:00,2016-10-30 17:00:00,planned,Wesbasin Substation - Tenaya-Northgate 138 kV
15269,L:18992:18997:100,2016-10-15 17:00:00,2016-10-20 17:00:00,planned,Toketee - Oahe 100 kV Circuit 1
15413,L:19054:19130:230,2016-10-12 17:00:00,2016-10-23 17:00:00,planned,Brownsville Indl.Pk - Sugarcreek 230 kV Line 1
640,L:5286:5303:138,2016-10-10 17:00:00,2016-10-28 17:00:00,planned,Eureka Sta E - Sparwood 138 kV
13572,L:18103:18120:138,2016-10-17 17:00:00,2016-10-19 17:00:00,planned,Rio Pecos - Lockheed 2 Tap 138 kV
3001,L:6275:8639:138,2016-10-13 17:00:00,2016-10-17 17:00:00,planned,North E - Air Products 1 138 kV Cir. 1
15397,L:19049:19094:100,2016-10-19 17:00:00,2016-10-21 17:00:00,planned,Ductile - Lucent 100 kV Ckt 1
13583,L:18108:18121:138,2016-10-17 17:00:00,2016-10-21 17:00:00,planned,Dobbins - N Bellevue 138 kV Line 1
5660,L:7552:7554:138,2016-10-11 17:00:00,2016-10-31 17:00:00,planned,Cabot - Gallagher Rd Substation 138 kV Ckt 1
14828,L:18808:19575:100,2016-10-15 17:00:00,2016-10-30 17:00:00,planned,Woodsdale - Salt Wells 100 kV Line
18663,L:21774:21794:100,2016-10-11 17:00:00,2016-10-26 17:00:00,planned,Sicamous - State T Substation 100 kV line
18786,L:21990:21994:100,2016-10-11 17:00:00,2016-10-28 17:00:00,planned,Burke Mtn - Columbia Hills 100 kV
3876,L:6733:6944:138,2016-10-10 17:00:00,2016-10-14 17:00:00,planned,Cavanaugh Substation - Indian Springs 138 kV Ckt 1
19657,L:22915:22927:100,2016-10-15 17:00:00,2016-10-18 17:00:00,planned,Salinas Urbano Substation - Olinda 100 kV
12981,L:17752:17753:138,2016-10-18 17:00:00,2016-10-20 17:00:00,planned,Scott St - Baily 138 kV
5035,L:7222:7295:138,2016-10-19 17:00:00,2016-10-27 17:00:00,planned,Walton Discover Power Facility - Cuyamungue Tap Jmec 138 kV Circuit 1
4508,L:7105:7130:500,2016-10-16 17:00:00,2016-10-17 17:00:00,planned,Talenenergy Martins Creek Llc Williamsport - Kalamazoo-San Juan 500 kV
20018,L:23035:23088:100,2016-10-10 17:00:00,2016-10-13 17:00:00,planned,Tinley Park - Memphis Jct 100 kV #1
13003,L:17764:18399:345,2016-10-17 17:00:00,2016-10-31 17:00:00,planned,Batavia Power Plant - Ragland 345 kV
5549,L:7499:7500:138,2016-10-19 17:00:00,2016-10-29 17:00:00,planned,Coitsville - Jackson 138 kV Circuit 1
10801,L:9944:9968:138,2016-10-13 17:00:00,2016-10-25 17:00:00,planned,Chalenge - Elizabeth Lake Substation 138 kV Ckt 1
10557,L:9838:10027:138,2016-10-12 17:00:00,2016-10-14 17:00:00,planned,Mackay - Sisk 138 kV Line 1
12712,L:17419:17420:138,2016-10-10 17:00:00,2016-10-19 17:00:00,planned,Lake Blaine - Parks 138 kV Circuit 1
19430,L:22852:22862:100,2016-10-13 17:00:00,2016-10-14 17:00:00,planned,Philadlephia - Southside 100 kV L
15139,L:18929:18937:100,2016-10-12 17:00:00,2016-10-22 17:00:00,planned,Eklutna - Kimball Rd Substation 100 kV Circuit 1
4158,L:6922:6931:138,2016-10-13 17:00:00,2016-10-29 17:00:00,planned,Thorofre - Jefferson Tap 138 kV Circuit 1
20536,L:23262:23263:100,2016-10-14 17:00:00,2016-10-24 17:00:00,planned,Rancho Seco - Los Ositos 100 kV
16542,L:19569:19578:230,2016-10-12 17:00:00,2016-10-23 17:00:00,planned,Wingate - A East Term 230 kV Ckt 1
14029,L:18375:18382:138,2016-10-13 17:00:00,2016-10-17 17:00:00,planned,East Amsterdam - South Princeton 138 kV Line 1
19773,L:22957:23514:100,2016-10-11 17:00:00,2016-10-29 17:00:00,planned,Morganton Station 5 Substation - Mi-Wuk 100 kV Ckt 2
1193,L:5550:5692:138,2016-10-19 17:00:00,2016-10-31 17:00:00,planned,Biglow Canyon Substation - Amelia 1803 138 kV #1
19321,L:22828:23528:100,2016-10-16 17:00:00,2016-10-30 17:00:00,planned,Prevost - Aiyansh Substation 100 kV Line 2
4016,L:6819:6822:138,2016-10-14 17:00:00,2016-10-15 17:00:00,planned,Century - Oakley 138 kV
20069,L:23056:23416:230,2016-10-16 17:00:00,2016-11-01 17:00:00,planned,Guilbeau Electric - Grove Street 230 kV Circuit 1
10313,L:9731:9735:138,2016-10-17 17:00:00,2016-10-31 17:00:00,planned,Shullsbug - Enron 138 kV Ckt 1
18592,L:21755:22224:100,2016-10-12 17:00:00,2016-10-25 17:00:00,planned,W Plano Substation - Velasco 100 kV
6374,L:7920:7924:138,2016-10-10 17:00:00,2016-10-25 17:00:00,planned,Bethelboro - Pratt 2 138 kV #1
6357,L:7910:7918:138,2016-10-10 17:00:00,2016-10-11 17:00:00,planned,Mahoning - Pueblo 138 kV #1
8445,L:8848:8857:138,2016-10-11 17:00:00,2016-10-22 17:00:00,planned,Chilhowee - Portal 138 kV
16034,L:19348:19350:100,2016-10-16 17:00:00,2016-10-26 17:00:00,planned,Blue Racr - Muskogee 100 kV Ckt 1
14336,L:18602:18604:138,2016-10-16 17:00:00,2016-11-02 17:00:00,planned,U.T.S.A - Grand Ronde 138 kV Cir. 1
16284,L:19503:19674:100,2016-10-11 17:00:00,2016-10-24 17:00:00,planned,Redmond Substation - Niland 100 kV line
17639,L:20024:20035:100,2016-10-18 17:00:00,2016-11-05 17:00:00,planned,Yorba Linda - Belle Vista 100 kV
12199,L:16991:17580:138,2016-10-11 17:00:00,2016-10-20 17:00:00,planned,Richardson - Coachella City 138 kV Circuit 3
18734,L:21838:22221:100,2016-10-15 17:00:00,2016-11-03 17:00:00,planned,Mittry Substation - Masspower 100 kV #1
8655,L:8963:8966:138,2016-10-17 17:00:00,2016-11-06 17:00:00,planned,Camp Springs - De Zavala Road 138 kV #1
13420,L:18018:18027:138,2016-10-12 17:00:00,2016-10-25 17:00:00,planned,Oak Hall - George Dickie 138 kV Circuit 1
17602,L:20007:21394:230,2016-10-12 17:00:00,2016-10-16 17:00:00,planned,Gould - Mt.Pleasant 230 kV line
1143,L:5526:6164:138,2016-10-14 17:00:00,2016-10-24 17:00:00,planned,Sperryville - Thalmann Substation 138 kV Circuit 1
6757,L:8120:8126:138,2016-10-18 17:00:00,2016-11-05 17:00:00,planned,Cristianitos Substation - Welport 138 kV Ckt 1
10446,L:9778:10171:138,2016-10-13 17:00:00,2016-10-22 17:00:00,planned,Barlow - Johnson Falls 138 kV Ckt 1
14771,L:18786:19208:100,2016-10-13 17:00:00,2016-10-20 17:00:00,planned,Cougar - Dpc Argyle 100 kV Cir. 1
5230,L:7318:7345:138,2016-10-16 17:00:00,2016-10-19 17:00:00,planned,Bellevue - Anton 138 kV Circuit 1
6614,L:8049:8081:138,2016-10-15 17:00:00,2016-10-18 17:00:00,planned,Boswell - Morgan'S Corner 138 kV
13513,L:18065:18262:138,2016-10-14 17:00:00,2016-10-15 17:00:00,planned,Boqueron 6702 - Amboy 138 kV
20833,L:23409:23415:100,2016-11-15 19:00:00,2016-11-28 19:00:00,planned,Marys Rvier - Bay D Noc Substation 100 kV line
12585,L:17315:17633:138,2016-11-19 19:00:00,2016-12-01 19:00:00,planned,Westville Substation - Geysers Tap 3 138 kV Circuit 1
3989,L:6794:6796:138,2016-11-20 19:00:00,2016-12-09 19:00:00,planned,Pilgrim - Niceville 138 kV Line
20458,L:23221:23247:100,2016-11-17 19:00:00,2016-11-18 19:00:00,planned,Gates - Oswego 100 kV Line 1
20148,L:23095:23181:100,2016-11-14 19:00:00,2016-11-27 19:00:00,planned,San Andres - Eastshore 100 kV Cir. 2
11019,L:10067:10266:138,2016-11-14 19:00:00,2016-11-22 19:00:00,planned,Dean Drive Area Electric Generators - Novec Paradise 138 kV Ckt 1
19485,L:22871:22998:100,2016-11-12 19:00:00,2016-11-24 19:00:00,planned,Woodchuck - Crown 100 kV Line
7883,L:8594:8726:138,2016-11-17 19:00:00,2016-11-27 19:00:00,planned,Sollers Warf - Port Wing 138 kV line
14059,L:18396:18397:138,2016-11-19 19:00:00,2016-12-01 19:00:00,planned,Shannon - Trisonic 138 kV Ckt 1
20035,L:23040:23044:100,2016-11-15 19:00:00,2016-11-16 19:00:00,planned,Ioco - Thayer N 100 kV line
3863,L:6725:7129:500,2016-11-16 19:00:00,2016-11-28 19:00:00,planned,Glory Rd - Portland Sta 500 kV
2407,L:6006:6369:138,2016-11-12 19:00:00,2016-11-15 19:00:00,planned,Berthoud - Camas 138 kV #1
19993,L:23023:23031:100,2016-11-21 19:00:00,2016-12-09 19:00:00,planned,Matteson - Burnett 11514 Kv 100 kV #1
11256,L:10213:10221:138,2016-11-20 19:00:00,2016-12-01 19:00:00,planned,Brandy Branch - Nugget 138 kV Line
2858,L:6213:6222:138,2016-11-20 19:00:00,2016-12-01 19:00:00,planned,New Hanover County Wastec - W Yates Tap 138 kV L
19264,L:22812:23391:100,2016-11-13 19:00:00,2016-11-24 19:00:00,planned,Felton - Young Rw 100 kV Ckt 1
7824,L:8546:8570:138,2016-11-13 19:00:00,2016-11-15 19:00:00,planned,Pana - Merchandise 138 kV #1
10412,L:9766:10216:138,2016-11-21 19:00:00,2016-11-27 19:00:00,planned,Benton - Wilkins Slough 138 kV
11270,L:10220:10232:138,2016-11-21 19:00:00,2016-12-02 19:00:00,planned,Stumpy Lake - Green Run Substation 138 kV Cir. 1
20839,L:23412:23413:100,2016-11-21 19:00:00,2016-11-24 19:00:00,planned,Big Timber Auto - Fall Creek Substation 100 kV
15141,L:18930:18935:100,2016-11-13 19:00:00,2016-11-28 19:00:00,planned,Burleson - Gansner 100 kV Ckt 1
10316,L:9732:9733:138,2016-11-18 19:00:00,2016-11-21 19:00:00,planned,Capitol - Slabtown 138 kV
16964,L:19733:19773:100,2016-11-18 19:00:00,2016-12-08 19:00:00,planned,Lents - Eagle Eye 100 kV Cir. 1
8031,L:8666:8682:138,2016-11-12 19:00:00,2016-11-29 19:00:00,planned,Bunker Tap - Culleoka Substation 138 kV L
5844,L:7656:7674:138,2016-11-15 19:00:00,2016-11-16 19:00:00,planned,Delta - Warehouse Electic 138 kV
11139,L:10128:10131:138,2016-11-12 19:00:00,2016-11-15 19:00:00,planned,Princeton Mn Substation - Rec Shaw 138 kV
3579,L:6553:6556:138,2016-11-19 19:00:00,2016-12-01 19:00:00,planned,Fuller Tap - Hygiene 138 kV Circuit 1
2419,L:6013:9066:138,2016-11-14 19:00:00,2016-11-26 19:00:00,planned,Pulpgen - Caledonia Switching Yard 138 kV #1
9614,L:9392:9674:138,2016-11-12 19:00:00,2016-11-30 19:00:00,planned,Front Royal - Woodland Tap 138 kV
3130,L:6333:6334:138,2016-11-18 19:00:00,2016-12-05 19:00:00,planned,Bayou Cove Peaking Power - Beaverton 138 kV Line 1
11835,L:11114:11130:138,2016-11-20 19:00:00,2016-11-28 19:00:00,planned,Roanoke Rapids - South Pacheco 138 kV Line 1
3095,L:6318:6339:138,2016-11-21 19:00:00,2016-11-30 19:00:00,planned,Red Mtn - Norwalk 138 kV Circuit 1
19679,L:22922:22956:100,2016-11-15 19:00:00,2016-12-02 19:00:00,planned,Cascade Steel - Janson Ln 100 kV Line 3
14728,L:18760:18761:100,2016-11-19 19:00:00,2016-11-26 19:00:00,planned,Ryegate Power Sta - Glencoe Substation 100 kV Line 1
7727,L:8505:8530:138,2016-11-14 19:00:00,2016-11-30 19:00:00,planned,Rosemore B Substation - Gudchaux 138 kV L
12754,L:17558:17847:138,2016-11-14 19:00:00,2016-11-17 19:00:00,planned,Port Ewards - Edgewood 138 kV Line 1
13978,L:18344:18345:138,2016-11-21 19:00:00,2016-12-06 19:00:00,planned,Idahome - North Onroe 138 kV Ckt 1
4190,L:6940:6954:138,2016-11-21 19:00:00,2016-11-23 19:00:00,planned,Seminoe - Hunt 138 kV Ckt 1
500,L:5226:5229:345,2016-11-12 19:00:00,2016-11-17 19:00:00,planned,Nexen Chemicals - Everett 345 kV Line 1
855,L:5383:6000:138,2016-11-21 19:00:00,2016-12-02 19:00:00,planned,Diamond Bar - Grayson 138 kV Cir. 2
16257,L:19491:19497:100,2016-11-17 19:00:00,2016-11-18 19:00:00,planned,Mayfield - Stinson 100 kV Line 1
1142,L:5526:5527:138,2016-11-21 19:00:00,2016-12-06 19:00:00,planned,Sperryville - Gl Dairy Biogas 138 kV Cir. 1
1516,L:5691:5695:138,2016-11-20 19:00:00,2016-12-01 19:00:00,planned,Gillette - Mc Mullin 138 kV Ckt 1
1412,L:5646:5649:138,2016-11-20 19:00:00,2016-11-30 19:00:00,planned,Murdock Rd - Wixom 138 kV Line 1
2849,L:6208:6210:138,2016-11-17 19:00:00,2016-11-23 19:00:00,planned,Frogtown - Nordheim 138 kV Cir. 1
4919,L:7181:7408:138,2016-11-20 19:00:00,2016-12-05 19:00:00,planned,Coronet - Rawsonville 138 kV Cir. 1
14755,L:18774:18775:100,2016-11-17 19:00:00,2016-11-22 19:00:00,planned,Villas De Castro 3013 Substation - Hospital 100 kV Line 1
10435,L:9775:9777:138,2016-11-14 19:00:00,2016-11-22 19:00:00,planned,Cornell-Up - Harrisburg 138 kV Line
12528,L:17229:17780:138,2016-11-17 19:00:00,2016-12-03 19:00:00,planned,Richard M Flynn - Creedmoor 138 kV Line 1
17239,L:19842:19850:100,2016-11-13 19:00:00,2016-12-02 19:00:00,planned,Clear Crossing - Harkness 100 kV
19617,L:22899:22907:100,2016-11-12 19:00:00,2016-11-24 19:00:00,planned,Southwestern - Groton Muni 100 kV #1
1809,L:5855:5968:138,2016-11-15 19:00:00,2016-11-29 19:00:00,planned,Linden Cogen Plant - Cordova 138 kV Ckt 1
10253,L:9694:9882:138,2016-11-19 19:00:00,2016-11-25 19:00:00,planned,Annandale - Sta 138 138 kV Cir. 1
14232,L:18528:18540:138,2016-11-19 19:00:00,2016-11-23 19:00:00,planned,Devils Lake - Cherry Crk 138 kV Circuit 1
13695,L:18178:18179:138,2016-11-19 19:00:00,2016-12-06 19:00:00,planned,Erath - Cullman Industrial Substation 138 kV Cir. 1
14273,L:18557:18562:138,2016-11-12 19:00:00,2016-11-27 19:00:00,planned,Hialeah - Lcec No. 25 138 kV Cir. 1
18253,L:20946:21518:100,2016-11-21 19:00:00,2016-12-11 19:00:00,planned,Lake Placid - Rainsville Tap 100 kV Ckt 1
14765,L:18781:18782:100,2016-11-12 19:00:00,2016-11-25 19:00:00,planned,Southwest Hartford - Orinda 100 kV #1
8107,L:8696:8702:138,2016-11-15 19:00:00,2016-11-17 19:00:00,planned,Grinding - Pepco 117 138 kV #1
14303,L:18576:18577:138,2016-11-17 19:00:00,2016-11-21 19:00:00,planned,Airchem - Galesferry 138 kV Circuit 1
15670,L:19176:19418:100,2016-11-21 19:00:00,2016-11-27 19:00:00,planned,Beuah - Normandy 100 kV Cir. 1
696,L:5309:6845:138,2016-11-18 19:00:00,2016-12-04 19:00:00,planned,Station G Atwater - Baird 138 kV #1
594,L:5263:6872:138,2016-11-21 19:00:00,2016-12-06 19:00:00,planned,Apache - Owens Illinois 138 kV
1132,L:5522:6166:138,2016-11-19 19:00:00,2016-12-02 19:00:00,planned,Fairless Energy Center - Wheelabrator Falls 138 kV
11386,L:10272:10293:138,2016-11-12 19:00:00,2016-11-24 19:00:00,planned,Clover Hill - Prince William Dp 138 kV
12026,L:16816:16888:138,2016-11-12 19:00:00,2016-11-15 19:00:00,planned,Short Hills Substation - Pacificrp 138 kV Line 1
11,L:2620:2954:161,2016-11-12 19:00:00,2016-11-30 19:00:00,planned,North Lakes Substation - N Bergen 161 kV #1
11653,L:10367:10497:138,2016-11-20 19:00:00,2016-12-07 19:00:00,planned,Wyman Hydro - Parkers Lake 138 kV Circuit 1
14789,L:18793:19206:100,2016-12-10 19:00:00,2016-12-19 19:00:00,planned,Guion - Odessa 100 kV
13886,L:18294:18306:138,2016-12-13 19:00:00,2016-12-27 19:00:00,planned,Spruance Nug - 96Th St 138 kV #1
5649,L:7546:7548:138,2016-12-07 19:00:00,2016-12-13 19:00:00,planned,Columbus South - Huron 138 kV Line 1
20653,L:23304:23495:230,2016-12-09 19:00:00,2016-12-16 19:00:00,planned,Tate & Lyle Decatur Plant Cogen - Rocky Rd Power Llc 230 kV
9533,L:9358:9496:138,2016-12-15 19:00:00,2016-12-19 19:00:00,planned,S Canton - Los Banos 138 kV Ckt 1
20078,L:23060:23416:100,2016-12-15 19:00:00,2016-12-28 19:00:00,planned,Grove Street - Conrath Dpc Solar 100 kV #1
9709,L:9446:9448:138,2016-12-12 19:00:00,2016-12-17 19:00:00,planned,Fieldale - San Bernard 138 kV Line 1
8554,L:8914:8949:138,2016-12-09 19:00:00,2016-12-18 19:00:00,planned,Columbus Denois Creek - Buena Vista 138 kV L
5427,L:7439:8020:138,2016-12-06 19:00:00,2016-12-13 19:00:00,planned,Ranch - Marshall Il 138 kV
9688,L:9431:11154:138,2016-12-11 19:00:00,2016-12-14 19:00:00,planned,Wec 3 - Mcclellan-Adc 138 kV
17269,L:19856:19932:100,2016-12-14 19:00:00,2016-12-18 19:00:00,planned,Lake Juliana - N Shore Beach 100 kV Cir. 1
6673,L:8077:8086:138,2016-12-06 19:00:00,2016-12-23 19:00:00,planned,Ruby Street - Walsingham 138 kV Cir. 1
13368,L:17991:18705:138,2016-12-10 19:00:00,2016-12-29 19:00:00,planned,Tristate - Faircrest 138 kV Ckt 1
20264,L:23137:23522:230,2016-12-08 19:00:00,2016-12-16 19:00:00,planned,Rhome - Madows 230 kV Ckt 1
9122,L:9149:9157:138,2016-12-12 19:00:00,2016-12-23 19:00:00,planned,Timberwolf - Richardson Collins Boulevard 138 kV Line 1
777,L:5357:5793:138,2016-12-10 19:00:00,2016-12-18 19:00:00,planned,Cypress - Wolf Crk Generator 138 kV
14677,L:18740:18745:100,2016-12-08 19:00:00,2016-12-28 19:00:00,planned,West Moulton - Kalamazoo 100 kV Cir. 1
10273,L:9709:9714:138,2016-12-09 19:00:00,2016-12-18 19:00:00,planned,Squamish - Pentagon 138 kV Line 1
920,L:5413:6931:138,2016-12-08 19:00:00,2016-12-21 19:00:00,planned,Tomac - Thorofare 138 kV Circuit 1
3411,L:6474:8106:138,2016-12-11 19:00:00,2016-12-20 19:00:00,planned,Pinckad - Yeagertown 138 kV Ckt 1
1266,L:5580:5926:138,2016-12-10 19:00:00,2016-12-12 19:00:00,planned,Midwind - Queensbury 138 kV line
13774,L:18223:18701:138,2016-12-14 19:00:00,2016-12-31 19:00:00,planned,London - State 138 kV L
12828,L:17593:17770:138,2016-12-09 19:00:00,2016-12-21 19:00:00,planned,Hazard - West Adamsville 138 kV #1
2744,L:6155:6160:138,2016-12-07 19:00:00,2016-12-21 19:00:00,planned,Glen Head - Linton 138 kV
12884,L:17631:17632:138,2016-12-06 19:00:00,2016-12-24 19:00:00,planned,Wapello - Narrows 138 kV line
17442,L:19938:19953:100,2016-01-17 08:00:00,2016-01-29 08:00:00,planned,Columbia Energy Center Sc - Somis & Shellsom 100 kV
12996,L:17761:18412:138,2016-01-19 08:00:00,2016-02-07 08:00:00,planned,Boscobel Muni - Evergreen 138 kV #1
17045,L:19755:19795:100,2016-01-13 08:00:00,2016-01-15 08:00:00,planned,Monterey - Lake Of The Woods Dp 100 kV #1
7317,L:8324:8383:138,2016-01-17 08:00:00,2016-02-06 08:00:00,planned,Pensacola - Macomb Substation 138 kV Circuit 1
7993,L:8658:9091:138,2016-01-19 08:00:00,2016-01-24 08:00:00,planned,Morgantown - Chief 138 kV Ckt 1
10691,L:9900:10162:138,2016-01-16 08:00:00,2016-01-20 08:00:00,planned,Keuka - Bridge 138 kV Ckt 2
2941,L:6245:6247:138,2016-01-15 08:00:00,2016-01-27 08:00:00,planned,E. Whitley - Louisiana Pacific 138 kV #1
15533,L:19103:19536:100,2016-01-16 08:00:00,2016-01-27 08:00:00,planned,Reenergy Black Riv - Dodge Park Engine No 1 100 kV
2477,L:6031:8621:138,2016-01-15 08:00:00,2016-01-29 08:00:00,planned,Defrain - Mckellar 138 kV Cir. 1
582,L:5256:6851:138,2016-01-11 08:00:00,2016-01-30 08:00:00,planned,W Jax - Levittown Substation 138 kV Circuit 1
13773,L:18223:18235:138,2016-01-17 08:00:00,2016-01-25 08:00:00,planned,State - Sabana Rande 6501 138 kV Line 1
19831,L:22974:23145:230,2016-01-13 08:00:00,2016-01-18 08:00:00,planned,Line Creek Substation - Capri 230 kV Ckt 1
16298,L:19512:19517:100,2016-01-14 08:00:00,2016-01-30 08:00:00,planned,Star Peak - Todhunter 100 kV Circuit 2
13761,L:18216:18270:138,2016-01-14 08:00:00,2016-01-17 08:00:00,planned,Big Oaks - New Glarus 138 kV
6452,L:7955:7959:138,2016-01-13 08:00:00,2016-01-23 08:00:00,planned,Flare Ave - Sub 7959 138 kV Cir. 1
7359,L:8345:8347:138,2016-01-12 08:00:00,2016-01-23 08:00:00,planned,Silverbrook - Eden 138 kV Cir. 1
8500,L:8880:9906:138,2016-01-14 08:00:00,2016-01-16 08:00:00,planned,Ramsey - New Lisbon 138 kV Circuit 1
15637,L:19159:19422:100,2016-01-15 08:00:00,2016-01-16 08:00:00,planned,Santa Rose Geothermal - Centerville 100 kV #1
8267,L:8768:18508:138,2016-01-10 08:00:00,2016-01-16 08:00:00,planned,Heardmont Substation - White Sands Missile Range 138 kV Cir. 1
8361,L:8822:8954:138,2016-01-13 08:00:00,2016-01-14 08:00:00,planned,Laurel Substation - Crystal Springs 138 kV
16053,L:19367:19369:100,2016-01-17 08:00:00,2016-01-19 08:00:00,planned,Plainfield S - Liberty 100 kV #1
20082,L:23063:23292:100,2016-01-19 08:00:00,2016-02-08 08:00:00,planned,Ramer - Trinity Dam 100 kV
3525,L:6531:6550:345,2016-01-19 08:00:00,2016-01-26 08:00:00,planned,Chattahoochee Energy Facility - Trentwood 345 kV #1
13170,L:17888:18418:138,2016-01-15 08:00:00,2016-01-21 08:00:00,planned,Fairbury - Hecata 138 kV #1
6926,L:8230:8239:138,2016-01-14 08:00:00,2016-01-27 08:00:00,planned,Idaho Springs - Drexel 138 kV Ckt 1
6013,L:7738:7775:345,2016-01-14 08:00:00,2016-02-01 08:00:00,planned,Karn - Trezevant 345 kV
15698,L:19190:19191:100,2016-01-13 08:00:00,2016-01-22 08:00:00,planned,Westcoast Cellufibre - Orange Riv 100 kV Ckt 1
16859,L:19680:20162:100,2016-01-18 08:00:00,2016-01-22 08:00:00,planned,Beechwood - Colby City Of 100 kV #1
19439,L:22854:22858:100,2016-01-16 08:00:00,2016-01-18 08:00:00,planned,Deer Vly - Scyene Rd 100 kV Circuit 1
7281,L:8306:8307:138,2016-01-19 08:00:00,2016-02-01 08:00:00,planned,Norcross - Vernon 138 kV
9189,L:9182:9185:138,2016-01-18 08:00:00,2016-01-19 08:00:00,planned,Barneys - Hood 138 kV Line 1
5816,L:7641:7643:138,2016-01-12 08:00:00,2016-01-24 08:00:00,planned,Delsur Substation - Roberts Substation 138 kV
1688,L:5802:5806:138,2016-01-18 08:00:00,2016-01-21 08:00:00,planned,Roe - St. Johns 138 kV
7988,L:8655:9851:138,2016-01-19 08:00:00,2016-01-29 08:00:00,planned,Blueridge Substation - Canadian Hills Wind 138 kV Circuit 2
5265,L:7345:7346:138,2016-01-11 08:00:00,2016-01-19 08:00:00,planned,Anton - Boulder Crk 138 kV #1
14821,L:18805:19555:100,2016-01-12 08:00:00,2016-01-24 08:00:00,planned,Hamilton Hydro - Southwest Shreveport 100 kV L
17455,L:19941:19943:100,2016-01-17 08:00:00,2016-01-27 08:00:00,planned,Calera T.S - Gilstrap 100 kV Line 2
9511,L:9344:9345:138,2016-01-11 08:00:00,2016-01-27 08:00:00,planned,Volta 1 - West Shackelford 138 kV
14924,L:18844:18860:100,2016-01-11 08:00:00,2016-01-17 08:00:00,planned,E Springfield - Bluebonnet 100 kV #1
12463,L:17176:17274:138,2016-01-16 08:00:00,2016-01-19 08:00:00,planned,Lore - Oak Harbor 138 kV #1
9288,L:9235:9236:138,2016-01-13 08:00:00,2016-01-15 08:00:00,planned,Wagenhals Substation - Green Mountain 138 kV Cir. 1
13996,L:18357:18364:138,2016-01-12 08:00:00,2016-01-31 08:00:00,planned,Acec Calamus Substation - Hamilton Wolfe Rd 138 kV Ckt 1
12100,L:16925:17639:138,2016-01-16 08:00:00,2016-01-26 08:00:00,planned,Sahtlam - Koda Biomass Plant Substation 138 kV Circuit 1
8111,L:8697:8899:138,2016-01-15 08:00:00,2016-01-22 08:00:00,planned,Grant Avenue - Mitchell Northwest 138 kV Circuit 1
9879,L:9559:9662:138,2016-01-14 08:00:00,2016-01-23 08:00:00,planned,Farrell - Ashfield 138 kV Cir. 1
9175,L:9173:9190:138,2016-01-14 08:00:00,2016-01-15 08:00:00,planned,Moly Mills - Ellis Hydro 138 kV #1
6077,L:7764:20223:230,2016-01-15 08:00:00,2016-01-29 08:00:00,planned,Western Fer - Williamsport 230 kV Cir. 1
16141,L:19410:19514:230,2016-01-11 08:00:00,2016-01-17 08:00:00,planned,Monument - Weyerhauser 230 kV Ckt 1
9769,L:9488:9676:138,2016-01-12 08:00:00,2016-01-23 08:00:00,planned,Batesville - Kerr Dam 138 kV
7297,L:8318:8327:138,2016-01-15 08:00:00,2016-01-30 08:00:00,planned,Waterloo Solar Llc - Mt. Pleasant Substation 138 kV line
15390,L:19045:19048:100,2016-01-13 08:00:00,2016-01-28 08:00:00,planned,Port Edwards Mill - Jacks Creek 100 kV Cir. 1
12799,L:17580:17583:138,2016-01-11 08:00:00,2016-01-16 08:00:00,planned,Coachella City - Badoura 230115 Kv 138 kV Ckt 2
20090,L:23068:23393:100,2016-01-18 08:00:00,2016-01-26 08:00:00,planned,Panguitch - Rhodendron Switching Substation 100 kV
1703,L:5811:5818:138,2016-01-17 08:00:00,2016-01-18 08:00:00,planned,Bennetts Lane Substation - Sunnymeade 138 kV Ckt 1
8218,L:8736:8762:138,2016-01-12 08:00:00,2016-01-21 08:00:00,planned,Thurmont - Catocin 138 kV Circuit 1
7992,L:8657:8672:138,2016-01-18 08:00:00,2016-02-01 08:00:00,planned,Great Falls Rainbow - Panama 138 kV Line 1
15589,L:19133:19134:100,2016-01-19 08:00:00,2016-02-01 08:00:00,planned,Wansley - Fishhawk 100 kV Cir. 2
14203,L:18502:18505:138,2016-01-13 08:00:00,2016-02-01 08:00:00,planned,Wauzeka Substation - Thatcher Jct 138 kV L
10530,L:9821:10262:138,2016-01-11 08:00:00,2016-01-16 08:00:00,planned,Electric Avenue Facility - E Bernard 138 kV Ckt 1
17747,L:20083:20304:100,2016-01-11 08:00:00,2016-01-19 08:00:00,planned,Havilad - Scituate 100 kV Cir. 1
18735,L:21838:22224:100,2016-01-18 08:00:00,2016-01-25 08:00:00,planned,W Plano - Masspower 100 kV Line 1
7563,L:8436:8866:138,2016-01-15 08:00:00,2016-01-20 08:00:00,planned,Big Stone South - Pomerado 138 kV
12313,L:17043:17045:138,2016-01-10 08:00:00,2016-01-14 08:00:00,planned,Cooper Ranch - North Tower 138 kV Ckt 1
6010,L:7738:7783:138,2016-01-11 08:00:00,2016-01-16 08:00:00,planned,Orangevale - Karn 138 kV L
6543,L:8009:8012:138,2016-01-11 08:00:00,2016-01-20 08:00:00,planned,Rosholt - Indiana University Of Pennsylvania 138 kV Line 1
3411,L:6474:8106:138,2016-01-13 08:00:00,2016-01-28 08:00:00,planned,Pinckard - Yeagertown 138 kV Line
14352,L:18617:18618:138,2016-01-18 08:00:00,2016-01-26 08:00:00,planned,Mcgill - Mattoon E 138 kV #1
21025,L:23459:23475:230,2016-01-18 08:00:00,2016-01-30 08:00:00,planned,Terrora - Morris Cogeneration Llc 230 kV Line
2862,L:6215:6717:138,2016-02-11 19:00:00,2016-02-16 19:00:00,planned,Mona - Truman 138 kV Ckt 1
20810,L:23399:23403:100,2016-02-07 19:00:00,2016-02-13 19:00:00,planned,Rapids Energy Ctr - Brodie Lane 100 kV Line 1
20465,L:23225:23245:100,2016-02-09 19:00:00,2016-02-16 19:00:00,planned,Stockton Hydro - Drum 100 kV
18621,L:21763:21779:100,2016-02-13 19:00:00,2016-02-24 19:00:00,planned,Mckinley - Waynedale 100 kV
1248,L:5570:5871:138,2016-02-05 19:00:00,2016-02-18 19:00:00,planned,Meadow Road - New Dover 138 kV Circuit 1
17473,L:19948:19964:100,2016-02-06 19:00:00,2016-02-17 19:00:00,planned,Sierra Linda 1704 - Oberlin Oh 100 kV Line 1
6595,L:8040:8051:138,2016-02-04 19:00:00,2016-02-19 19:00:00,planned,Jemez Jmec - Tahkenitch 138 kV
12774,L:17570:17571:138,2016-02-08 19:00:00,2016-02-16 19:00:00,planned,Elsinore Tap - W Paintsville 138 kV Cir. 1
3020,L:6283:7172:138,2016-02-04 19:00:00,2016-02-23 19:00:00,planned,Del Rosa - Moser Generating Sta 138 kV
17102,L:19780:19785:100,2016-02-06 19:00:00,2016-02-10 19:00:00,planned,Imperial - Saltspring Tap 100 kV Circuit 2
9822,L:9518:9520:138,2016-02-12 19:00:00,2016-02-20 19:00:00,planned,Bearskin - Barnhart 138 kV #1
13548,L:18089:18691:345,2016-02-13 19:00:00,2016-02-15 19:00:00,planned,Williams Bros - Greenland Gap 345 kV Cir. 1
5711,L:7568:7684:138,2016-02-12 19:00:00,2016-02-14 19:00:00,planned,Secord - Deltaport Tap 138 kV #1
16716,L:19609:19909:230,2016-02-07 19:00:00,2016-02-25 19:00:00,planned,Pennsuco - Easown Road 230 kV
14227,L:18526:18550:138,2016-02-06 19:00:00,2016-02-15 19:00:00,planned,Dunlavy - Betsy Layne 138 kV line
15920,L:19298:19703:100,2016-02-07 19:00:00,2016-02-09 19:00:00,planned,Holt Switch - Eighteenth St 100 kV
6362,L:7912:7913:138,2016-02-06 19:00:00,2016-02-13 19:00:00,planned,Arnold - Wateree Hydro 138 kV L
2695,L:6126:6127:138,2016-02-12 19:00:00,2016-02-24 19:00:00,planned,Mouton - Palm 138 kV line
17552,L:19985:21395:100,2016-02-08 19:00:00,2016-02-22 19:00:00,planned,Sutliff - Brawley 100 kV #1
9612,L:9392:9579:138,2016-02-05 19:00:00,2016-02-11 19:00:00,planned,Woodland Tap - Henry Sta 138 kV Line 1
3995,L:6798:6805:138,2016-02-04 19:00:00,2016-02-10 19:00:00,planned,High Bridge - Belfast 138 kV Ckt 1
2924,L:6237:7126:138,2016-02-07 19:00:00,2016-02-24 19:00:00,planned,North Marion - Limerick 2 138 kV L
8123,L:8702:8714:138,2016-02-13 19:00:00,2016-02-17 19:00:00,planned,Pepco 117 - Pepco Harvrd 138 kV Line
6359,L:7911:8144:138,2016-02-09 19:00:00,2016-02-13 19:00:00,planned,Wascott - Wind Farm 138 kV Cir. 1
17119,L:19786:19797:100,2016-02-08 19:00:00,2016-02-25 19:00:00,planned,Combee Rd - Beatrice Substation 100 kV
14418,L:18665:18677:138,2016-02-12 19:00:00,2016-02-14 19:00:00,planned,Baileysville Substation - Mullensville 138 kV Circuit 1
9628,L:9399:17910:345,2016-02-13 19:00:00,2016-02-19 19:00:00,planned,Chaparral - Kearneyville 345 kV Cir. 1
6402,L:7931:9022:138,2016-02-07 19:00:00,2016-02-17 19:00:00,planned,La Conner - E Waynesboro 138 kV L
20398,L:23183:23525:100,2016-02-07 19:00:00,2016-02-13 19:00:00,planned,Warrenville - White Heath 100 kV Circuit 1
5130,L:7260:8265:138,2016-02-08 19:00:00,2016-02-27 19:00:00,planned,Giffin - Allegheny Energy Units 3 4 & 5 138 kV Circuit 1
17169,L:19812:19939:100,2016-02-13 19:00:00,2016-02-19 19:00:00,planned,Vela Wind Interconnection - Riv St 100 kV Line 1
9865,L:9550:18477:138,2016-02-11 19:00:00,2016-02-15 19:00:00,planned,Kenneth-Garfield - Dresden Drive 138 kV Ckt 1
8694,L:8988:9044:138,2016-02-13 19:00:00,2016-03-02 19:00:00,planned,Liberty St - E B Harris Electric Generating Plant 138 kV Ckt 1
20184,L:23106:23230:100,2016-02-07 19:00:00,2016-02-21 19:00:00,planned,Parkland - Rockledge 100 kV #1
16511,L:19562:19573:100,2016-02-04 19:00:00,2016-02-19 19:00:00,planned,Pawtucket Power Associates - Fern Vly 100 kV
15670,L:19176:19418:100,2016-02-13 19:00:00,2016-02-17 19:00:00,planned,Beulah - Normandy 100 kV #1
16860,L:19681:19701:230,2016-02-08 19:00:00,2016-02-20 19:00:00,planned,N. Haven - Chicopee Hydroelectric Station 230 kV Line 1
9772,L:9489:10676:138,2016-02-09 19:00:00,2016-02-22 19:00:00,planned,J Woodruff - Pine Grove 138 kV Cir. 1
6253,L:7853:7858:138,2016-02-04 19:00:00,2016-02-21 19:00:00,planned,Stiles Sw Sta - Portuguez 138 kV
21424,L:24033:24609:100,2016-02-05 19:00:00,2016-02-22 19:00:00,planned,Fitch Road Substation - Naguabo 2701 100 kV L
19655,L:22915:22918:100,2016-02-13 19:00:00,2016-02-26 19:00:00,planned,Salinas Urbano Substation - Peetz 100 kV #1
20330,L:23156:23157:100,2016-02-07 19:00:00,2016-02-24 19:00:00,planned,James De Young - Depsit 100 kV Circuit 2
3767,L:6671:6672:138,2016-02-10 19:00:00,2016-02-29 19:00:00,planned,Leesburg Picciola - Limestone 138 kV line
12154,L:16971:16972:138,2016-02-13 19:00:00,2016-02-29 19:00:00,planned,Kern Riv 3 - Cartersville 138 kV Cir. 1
4125,L:6902:6912:138,2016-02-05 19:00:00,2016-02-19 19:00:00,planned,Passyunk - Callowhill 138 kV Circuit 1
19870,L:22985:23016:100,2016-02-09 19:00:00,2016-02-23 19:00:00,planned,Chaffee Gas Recovery Substation - Keelers Substation 100 kV
11240,L:10200:10201:138,2016-02-12 19:00:00,2016-02-26 19:00:00,planned,Havre Assinniboine - Roney 138 kV
20472,L:23228:23235:100,2016-02-08 19:00:00,2016-02-28 19:00:00,planned,Parksville - Mid-Georgia Cogeneration Facility 100 kV
21059,L:23466:23501:100,2016-02-09 19:00:00,2016-02-19 19:00:00,planned,Ce Turbo - Suter 100 kV Cir. 1
15213,L:18965:18967:100,2016-02-06 19:00:00,2016-02-19 19:00:00,planned,Geysers Tap 7 - Georgia-Pacific Brewton Mill 100 kV Circuit 1
7261,L:8297:8300:138,2016-02-08 19:00:00,2016-02-19 19:00:00,planned,Dover Sun Park - Mckee Run Substation 138 kV Ckt 1
7316,L:8324:8346:138,2016-02-09 19:00:00,2016-02-13 19:00:00,planned,Pensacola - New Castle Substation 138 kV line
10600,L:9858:9888:138,2016-02-05 19:00:00,2016-02-12 19:00:00,planned,Green Springs - Port Allen Hi 138 kV Cir. 1
792,L:5363:5398:138,2016-02-10 19:00:00,2016-02-23 19:00:00,planned,Stanly Terrace - Naval Air Sta 138 kV Ckt 1
5047,L:7227:7270:138,2016-02-09 19:00:00,2016-02-13 19:00:00,planned,Thompson Peak Tap - Mon Vly Works 138 kV
20299,L:23145:23154:100,2016-02-07 19:00:00,2016-02-26 19:00:00,planned,Bollingbrook - Capri 100 kV Cir. 1
3633,L:6592:6616:138,2016-02-12 19:00:00,2016-02-16 19:00:00,planned,Greenwood Mi - Northampton Generating Company Lp 138 kV Cir. 1
19294,L:22824:23062:100,2016-02-06 19:00:00,2016-02-17 19:00:00,planned,Acec Spring Lake - Hills Chapel 100 kV Ckt 1
13985,L:18349:18354:138,2016-02-06 19:00:00,2016-02-17 19:00:00,planned,Lakeport - Las Lomas 138 kV #1
4846,L:7161:7732:138,2016-02-09 19:00:00,2016-02-28 19:00:00,planned,Talenenergy Martins Crk Llc Lock Haven Substation - Bridge River 138 kV
76,L:2797:5447:138,2016-02-04 19:00:00,2016-02-14 19:00:00,planned,Blakeslee Jct - Candelaria Arenas 1718 138 kV Circuit 1
19284,L:22819:23285:100,2016-02-05 19:00:00,2016-02-15 19:00:00,planned,Guayama Pds - South Eloise 100 kV L
6300,L:7878:7905:138,2016-02-10 19:00:00,2016-02-13 19:00:00,planned,Iron Bridge - Galloway 138 kV Line 1
4048,L:6845:6851:138,2016-02-26 19:00:00,2016-03-05 19:00:00,planned,Baird - W Jax 138 kV Line
3738,L:6648:7112:345,2016-03-02 19:00:00,2016-03-21 19:00:00,planned,Vfw Park - Talenenergy Martins Crk Llc Harwood 345 kV Circuit 1
20133,L:23087:23445:230,2016-02-28 19:00:00,2016-03-08 19:00:00,planned,North Cambridge - Manson 230 kV Line 3
15478,L:19076:19094:100,2016-03-02 19:00:00,2016-03-22 19:00:00,planned,Taylor - Lucent Substation 100 kV Line 2
3115,L:6326:6331:138,2016-03-03 19:00:00,2016-03-06 19:00:00,planned,Lynn Valley - Shelton 138 kV Circuit 1
2634,L:6099:6109:138,2016-03-02 19:00:00,2016-03-05 19:00:00,planned,Pilot Knob - Washington 138 kV
9686,L:9431:9489:138,2016-02-24 19:00:00,2016-03-07 19:00:00,planned,J Woodruff - Wec 3 138 kV Ckt 1
13695,L:18178:18179:138,2016-02-27 19:00:00,2016-03-13 19:00:00,planned,Erath - Cullman Industrial 138 kV Cir. 1
19225,L:22791:23423:100,2016-03-03 19:00:00,2016-03-06 19:00:00,planned,Aidlin Tap - Central Ferry 100 kV Line 1
11278,L:10224:10240:138,2016-03-02 19:00:00,2016-03-11 19:00:00,planned,Potter Sta 2 - Burris Pit 138 kV #1
584,L:5259:6137:138,2016-02-28 19:00:00,2016-03-10 19:00:00,planned,Second Imperial Geothermal - Eddington 138 kV L
17015,L:19746:20277:230,2016-02-28 19:00:00,2016-03-07 19:00:00,planned,Jarvis - Seaside 230 kV Cir. 1
6785,L:8137:8272:138,2016-02-26 19:00:00,2016-03-08 19:00:00,planned,Eld Inlet - Blackstone Substation 138 kV Cir. 1
12323,L:17048:17361:138,2016-02-29 19:00:00,2016-03-18 19:00:00,planned,Ponca City - West Ina 138 kV #1
1332,L:5612:5755:138,2016-02-24 19:00:00,2016-03-05 19:00:00,planned,Osceola - Mount Tom 138 kV
5310,L:7377:7392:138,2016-03-03 19:00:00,2016-03-10 19:00:00,planned,Watertown Power Plant - North Fork Dam 138 kV
9174,L:9172:9184:138,2016-02-29 19:00:00,2016-03-11 19:00:00,planned,Mentone - Phillips 138 kV Cir. 1
16684,L:19595:19623:100,2016-02-28 19:00:00,2016-03-09 19:00:00,planned,Centerville Sw - Frostkraft 100 kV Line 1
17902,L:20174:20185:230,2016-02-26 19:00:00,2016-03-11 19:00:00,planned,East Akron - W Canton 230 kV Line 1
20176,L:23104:23520:230,2016-03-01 19:00:00,2016-03-19 19:00:00,planned,Pontchartrain Park - Big Meadows 230 kV Line 1
6837,L:8178:8197:138,2016-02-24 19:00:00,2016-03-09 19:00:00,planned,Ripple - Crane 138 kV Cir. 1
10532,L:9822:9925:138,2016-02-28 19:00:00,2016-03-13 19:00:00,planned,Gastonia Duke St - Oak Green Substation 138 kV
3034,L:6290:6466:138,2016-02-25 19:00:00,2016-03-15 19:00:00,planned,Mcpherson 3 - Burgess Biopower 138 kV Cir. 1
16834,L:19667:19871:100,2016-02-29 19:00:00,2016-03-18 19:00:00,planned,La Vernia - Pierremont 100 kV Circuit 1
3244,L:6388:8103:345,2016-02-23 19:00:00,2016-03-08 19:00:00,planned,Peoria - Priceville 345 kV Circuit 1
19262,L:22812:23201:100,2016-02-26 19:00:00,2016-02-28 19:00:00,planned,Young Rw - 20 Plant 100 kV #1
19682,L:22922:23514:100,2016-02-23 19:00:00,2016-03-05 19:00:00,planned,Cascade Steel Substation - Mi-Wuk 100 kV Ckt 3
438,L:5191:5964:138,2016-02-24 19:00:00,2016-03-01 19:00:00,planned,Granville - Waveland 138 kV
7526,L:8420:8590:138,2016-02-27 19:00:00,2016-03-16 19:00:00,planned,Gove - Sunderland Substation 138 kV Cir. 1
14021,L:18371:18381:138,2016-02-26 19:00:00,2016-03-01 19:00:00,planned,Speedway - Red Tail 138 kV Circuit 1
17897,L:20172:20232:100,2016-03-03 19:00:00,2016-03-12 19:00:00,planned,Electrical - Woodhaven 100 kV
1438,L:5664:5828:138,2016-03-01 19:00:00,2016-03-06 19:00:00,planned,Gouldcity Sw Sta - Cavendish 138 kV
2228,L:5963:6179:345,2016-02-25 19:00:00,2016-03-08 19:00:00,planned,Poston - Mercer 345 kV Circuit 1
17070,L:19766:19780:100,2016-02-27 19:00:00,2016-03-15 19:00:00,planned,Imperial - Roundpond Substation 100 kV #1
15968,L:19324:19326:100,2016-02-29 19:00:00,2016-03-07 19:00:00,planned,Beaumont - Eustis 100 kV Ckt 1
15525,L:19099:19132:100,2016-02-29 19:00:00,2016-03-16 19:00:00,planned,Hiawatha - St Clud 100 kV Cir. 1
5411,L:7431:7688:138,2016-02-28 19:00:00,2016-03-12 19:00:00,planned,Cumberland - Packard 138 kV Line 1
6024,L:7743:7744:138,2016-03-01 19:00:00,2016-03-12 19:00:00,planned,The Mosaic Company Plant City Facility - St. Augustine 138 kV #1
21425,L:24034:24035:100,2016-02-24 19:00:00,2016-03-01 19:00:00,planned,Rio Lina - Washington Park Ds 100 kV
8475,L:8869:8872:138,2016-02-29 19:00:00,2016-03-16 19:00:00,planned,Montgomery Village - Monta Vista Upper 138 kV Circuit 1
2803,L:6185:6186:138,2016-02-26 19:00:00,2016-03-07 19:00:00,planned,Plainfield Renewable Energy Llc - Kirtland Tap Substation 138 kV #1
366,L:5159:5335:138,2016-02-29 19:00:00,2016-03-15 19:00:00,planned,Shenndoah - Barnesville 138 kV Circuit 1
867,L:5389:5860:138,2016-02-28 19:00:00,2016-03-17 19:00:00,planned,Ocotillo - Flagstaff 138 kV Cir. 2
3424,L:6478:8104:138,2016-03-02 19:00:00,2016-03-13 19:00:00,planned,Delaney - Kieler 138 kV line
9467,L:9326:9484:138,2016-03-03 19:00:00,2016-03-07 19:00:00,planned,Silvergate - Swede Switches 138 kV #1
19211,L:22785:23428:100,2016-02-26 19:00:00,2016-03-09 19:00:00,planned,Middlesboro - Winston Substation 100 kV Ckt 1
12723,L:17432:17443:138,2016-03-02 19:00:00,2016-03-13 19:00:00,planned,Bettas Road - Banning 138 kV Ckt 1
3794,L:6689:7029:138,2016-02-24 19:00:00,2016-03-11 19:00:00,planned,Tropico - Kings Fork 138 kV #1
5524,L:7488:8276:138,2016-03-03 19:00:00,2016-03-16 19:00:00,planned,Ta53 Substation - Victoria Tc 7001-7007-7008 138 kV Cir. 1
8345,L:8813:8816:138,2016-02-28 19:00:00,2016-03-07 19:00:00,planned,High Ridge - Park Ave 138 kV #1
8598,L:8934:8964:138,2016-03-03 19:00:00,2016-03-17 19:00:00,planned,Steed Rd - Waitsburg 138 kV
11128,L:10122:10288:138,2016-03-03 19:00:00,2016-03-09 19:00:00,planned,Medtronic - Merriam Park 138 kV #1
325,L:5138:5922:138,2016-02-23 19:00:00,2016-02-29 19:00:00,planned,Juneau - Mill 138 kV #1
313,L:5134:5140:138,2016-02-29 19:00:00,2016-03-13 19:00:00,planned,Dorothy - Fountain City Substation 138 kV L
15858,L:19267:19268:100,2016-02-28 19:00:00,2016-03-09 19:00:00,planned,Bridgehampton - S Mission 100 kV Ckt 1
10791,L:9942:10276:138,2016-03-02 19:00:00,2016-03-12 19:00:00,planned,Denny Terrace - Blackjack 138 kV Circuit 1
1841,L:5884:6704:138,2016-03-02 19:00:00,2016-03-15 19:00:00,planned,Pomelo - Rio Brav Poso Substation 138 kV #1
7908,L:8610:8859:138,2016-02-24 19:00:00,2016-03-10 19:00:00,planned,W Somrville - North Gatlinburg 138 kV Cir. 1
20469,L:23227:23495:230,2016-02-26 19:00:00,2016-03-04 19:00:00,planned,Mason Crk - Rocky Rd Power Llc 230 kV
5121,L:7256:7281:138,2016-02-26 19:00:00,2016-03-09 19:00:00,planned,Plum - Mcclure 138 kV
13400,L:18007:18008:138,2016-02-29 19:00:00,2016-03-13 19:00:00,planned,Round Rock Substation - Bracketville 138 kV Circuit 1
2360,L:5995:5998:138,2016-04-02 08:00:00,2016-04-04 08:00:00,planned,Acb Energy Parntners Llc - Mtf Cogen - Viridity Energy Solutions Acua 138 kV Line 1
11054,L:10086:10285:138,2016-04-04 08:00:00,2016-04-24 08:00:00,planned,Hughson - Jennings Lodge 138 kV
7659,L:8481:8549:138,2016-04-06 08:00:00,2016-04-25 08:00:00,planned,New Iberia - Lochern 138 kV Ckt 1
18381,L:21195:21199:100,2016-04-03 08:00:00,2016-04-10 08:00:00,planned,Western Michigan University Power Plant - Pakview Battery 100 kV Cir. 1
19092,L:22597:22767:100,2016-04-01 08:00:00,2016-04-19 08:00:00,planned,Deltona Substation - Krumkill 100 kV Circuit 1
902,L:5409:5411:138,2016-03-30 08:00:00,2016-04-16 08:00:00,planned,Brinkley East - Punta Gorda Substation 138 kV Circuit 1
1114,L:5514:5534:138,2016-04-03 08:00:00,2016-04-12 08:00:00,planned,Charlton St - Revelstoke 138 kV
15289,L:19000:19001:100,2016-04-02 08:00:00,2016-04-05 08:00:00,planned,Ellison - Exceksuir 100 kV
5711,L:7568:7684:138,2016-04-01 08:00:00,2016-04-07 08:00:00,planned,Secord - Deltaport Tap Substation 138 kV
1333,L:5612:5761:138,2016-04-02 08:00:00,2016-04-05 08:00:00,planned,Leisure Village - Osceola 138 kV Circuit 1
5716,L:7573:7586:138,2016-03-30 08:00:00,2016-04-17 08:00:00,planned,Campbell - Mac Hts 138 kV Circuit 1
8398,L:8836:9716:138,2016-03-29 08:00:00,2016-04-09 08:00:00,planned,Bethesda - Oliver St 138 kV #1
21130,L:23488:23491:230,2016-04-01 08:00:00,2016-04-12 08:00:00,planned,Desert Springs - Fisk St 230 kV Line 1
13878,L:18290:18670:138,2016-03-28 08:00:00,2016-04-04 08:00:00,planned,Latrobe - Minot Wind Project 138 kV Cir. 1
18806,L:21995:22552:100,2016-03-29 08:00:00,2016-04-15 08:00:00,planned,Desoto - Carona 100 kV
6293,L:7875:8141:138,2016-04-03 08:00:00,2016-04-16 08:00:00,planned,New Denver - Thomson Primary 138 kV
14618,L:18717:19540:100,2016-04-05 08:00:00,2016-04-10 08:00:00,planned,Moscow - Killen 100 kV Cir. 1
14854,L:18816:18817:100,2016-03-31 08:00:00,2016-04-04 08:00:00,planned,Railway - Havasu 100 kV Line 1
13699,L:18179:18180:138,2016-03-28 08:00:00,2016-04-11 08:00:00,planned,Culman Industrial - Cheraw Reid Park 138 kV
17572,L:19993:19999:100,2016-04-03 08:00:00,2016-04-21 08:00:00,planned,Newark Energy Center - Kitty Hawk 100 kV Line 1
19639,L:22908:23050:100,2016-03-29 08:00:00,2016-04-03 08:00:00,planned,Old Mead Road - George Neal S 100 kV Cir. 1
8505,L:8888:8894:138,2016-04-04 08:00:00,2016-04-11 08:00:00,planned,Alden - Nih 138 kV Circuit 1
1161,L:5535:5536:138,2016-03-31 08:00:00,2016-04-11 08:00:00,planned,Planta Tratamiento A.A.A - I-94 138 kV Ckt 1
10789,L:9942:9950:138,2016-04-04 08:00:00,2016-04-07 08:00:00,planned,Thomson Reuters Campus Bldg A-D - Blckjack 138 kV Cir. 1
3609,L:6578:6579:138,2016-03-30 08:00:00,2016-04-07 08:00:00,planned,Loganville - Montefiore 138 kV
10233,L:9686:9711:138,2016-03-31 08:00:00,2016-04-13 08:00:00,planned,New Plymounth - Humboldt 138 kV Line 1
10576,L:9846:9849:138,2016-03-30 08:00:00,2016-04-09 08:00:00,planned,Harewod - Rock Lake Ct 138 kV
13750,L:18208:18210:138,2016-03-29 08:00:00,2016-04-18 08:00:00,planned,Sleepy Hollow - Orofina 138 kV
9460,L:9323:18446:138,2016-03-29 08:00:00,2016-04-12 08:00:00,planned,Hill Substation - Houghton 138 kV #1
8250,L:8753:9028:138,2016-03-31 08:00:00,2016-04-19 08:00:00,planned,Bowman Street - Hegett Jcwl 138 kV Circuit 1
6860,L:8193:8210:138,2016-04-01 08:00:00,2016-04-17 08:00:00,planned,Ft Gibson - Coso 8-9 138 kV
20550,L:23264:23266:100,2016-04-02 08:00:00,2016-04-15 08:00:00,planned,Nance - Plano 2 100 kV Cir. 1
14246,L:18538:18555:138,2016-04-06 08:00:00,2016-04-19 08:00:00,planned,Palm Aire - Eaton Park 138 kV #1
8390,L:8833:8865:138,2016-04-05 08:00:00,2016-04-24 08:00:00,planned,Syosset - Beltsville 138 kV
14767,L:18784:18879:100,2016-04-01 08:00:00,2016-04-08 08:00:00,planned,Thomas - Berkeley 100 kV line
20563,L:23273:23289:100,2016-03-30 08:00:00,2016-04-14 08:00:00,planned,Walnut Energy - Pinal 100 kV
9382,L:9280:9545:138,2016-04-01 08:00:00,2016-04-07 08:00:00,planned,George - Balcony Falls 138 kV
13521,L:18068:18529:138,2016-03-29 08:00:00,2016-04-15 08:00:00,planned,Warner Lambert - Pax Branch Substation 138 kV Cir. 1
9728,L:9466:9467:138,2016-04-02 08:00:00,2016-04-14 08:00:00,planned,Eagle Pt Power Plant - Meadow Lake Wind Farm Llc 138 kV Circuit 1
12573,L:17308:17309:138,2016-04-01 08:00:00,2016-04-15 08:00:00,planned,Sisquoc - Lebec 138 kV
20859,L:23419:23519:100,2016-03-29 08:00:00,2016-04-17 08:00:00,planned,Mcreynolds - Shiprock Tap 100 kV
6924,L:8229:8238:138,2016-03-30 08:00:00,2016-04-10 08:00:00,planned,Westley Substation - Productos Electricos 2 138 kV Circuit 1
19802,L:22966:23500:100,2016-04-05 08:00:00,2016-04-21 08:00:00,planned,Florida Power Development - Messick 100 kV Cir. 1
17322,L:19876:20211:100,2016-03-30 08:00:00,2016-04-10 08:00:00,planned,El Sobrante Substation - Stallings 100 kV Line 1
6707,L:8091:8099:138,2016-03-28 08:00:00,2016-04-04 08:00:00,planned,Tiptonville - Nivo 138 kV
11200,L:10170:10278:138,2016-03-30 08:00:00,2016-03-31 08:00:00,planned,Northern Neck - Dunnsville 138 kV
4507,L:7105:7117:345,2016-04-01 08:00:00,2016-04-04 08:00:00,planned,Kalamazoo-San Juan - Inverhills 345 kV #1
14947,L:18852:18853:100,2016-03-28 08:00:00,2016-04-14 08:00:00,planned,Yellow Springs - Enon 100 kV L
7552,L:8433:8438:138,2016-03-30 08:00:00,2016-04-16 08:00:00,planned,Didion - Bisti 138 kV Cir. 1
1740,L:5824:5925:500,2016-04-05 08:00:00,2016-04-24 08:00:00,planned,Rex Brown - Gen Gardner 500 kV
15706,L:19194:19534:100,2016-03-28 08:00:00,2016-04-13 08:00:00,planned,Natomas Crossing - Fritch 100 kV Cir. 1
19513,L:22873:23011:100,2016-04-01 08:00:00,2016-04-06 08:00:00,planned,Vly Home Tap 1 - Clifton Wilson 100 kV
3891,L:6741:6765:138,2016-04-04 08:00:00,2016-04-20 08:00:00,planned,Ottauquechee Hydro - Covanta Plymouth Renewable Energy 138 kV Line
4649,L:7126:7172:345,2016-04-01 08:00:00,2016-04-02 08:00:00,planned,Moser Generating Station - Limerick 2 345 kV #1
8409,L:8840:9705:138,2016-04-04 08:00:00,2016-04-12 08:00:00,planned,Villisca Municipal Power Plant - Alto 138 kV Ckt 1
19189,L:22779:22793:100,2016-04-04 08:00:00,2016-04-15 08:00:00,planned,Cave Jct - Hatfield Kp 100 kV
19627,L:22904:22919:100,2016-03-31 08:00:00,2016-04-05 08:00:00,planned,Solemint - Us Gypsum Oakfield 100 kV
13623,L:18136:18137:138,2016-04-01 08:00:00,2016-04-12 08:00:00,planned,Modular Power Llc - 2 Ac Station 138 kV Circuit 1
21103,L:23480:23505:230,2016-05-31 18:00:00,2016-06-14 18:00:00,planned,University Park North - Crete Energy Venture Llc 230 kV Ckt 1
7571,L:8441:8814:138,2016-05-30 18:00:00,2016-06-14 18:00:00,planned,No. Wall Substation - Captive 138 kV Cir. 1
13739,L:18199:18254:138,2016-05-28 18:00:00,2016-06-04 18:00:00,planned,Industrial Acres - Sargent Road 138 kV Circuit 1
19729,L:22941:23514:100,2016-05-24 18:00:00,2016-05-26 18:00:00,planned,Southeast Chicago Energy Project - Mi-Wuk 100 kV Cir. 2
15584,L:19131:19583:100,2016-05-22 18:00:00,2016-05-23 18:00:00,planned,Getchel - Telegraph Rd 100 kV Line 2
53,L:2755:2957:161,2016-05-28 18:00:00,2016-06-08 18:00:00,planned,Ottawa Avenue - Gila 161 kV
12516,L:17223:17224:138,2016-05-26 18:00:00,2016-06-15 18:00:00,planned,Capitol Heat And Power - S O Purdom 138 kV Ckt 1
15075,L:18905:18918:100,2016-05-26 18:00:00,2016-05-30 18:00:00,planned,Mcgregor Alte - Se. Oxford 100 kV Cir. 1
13148,L:17874:17886:138,2016-05-30 18:00:00,2016-06-18 18:00:00,planned,Middlebury - Greenstone 138 kV #1
19865,L:22983:23072:100,2016-05-26 18:00:00,2016-06-11 18:00:00,planned,Commonwealth Edison Des Plaines 2 - Golf Mill 100 kV Line 1
17119,L:19786:19797:100,2016-05-29 18:00:00,2016-06-01 18:00:00,planned,Combee Road - Beatrice 100 kV Line 1
3614,L:6582:6583:138,2016-05-30 18:00:00,2016-06-01 18:00:00,planned,Overton 2 - Rock-Tenn Mill 138 kV
11128,L:10122:10288:138,2016-05-30 18:00:00,2016-06-09 18:00:00,planned,Medtronic - Merriam Park 138 kV Ckt 1
8141,L:8707:9710:138,2016-05-28 18:00:00,2016-06-08 18:00:00,planned,Luxemburg 24.9 - Buzzard Pt 138 kV
18577,L:21745:22708:100,2016-05-26 18:00:00,2016-06-11 18:00:00,planned,Montpelier Electric Generating Sa - Dirymans 100 kV Circuit 1
13713,L:18188:18191:138,2016-05-26 18:00:00,2016-06-13 18:00:00,planned,Mt Gate Junction - Pikes Crk 138 kV Cir. 1
4068,L:6863:6894:138,2016-05-25 18:00:00,2016-06-13 18:00:00,planned,Jones Fork - Duson 138 kV
8399,L:8837:8841:138,2016-05-31 18:00:00,2016-06-13 18:00:00,planned,Bells Mill - Twinbrook 138 kV #1
16851,L:19676:19696:230,2016-05-24 18:00:00,2016-06-05 18:00:00,planned,Thomaston - Knox 230 kV Line 1
2199,L:5958:7136:345,2016-05-29 18:00:00,2016-06-01 18:00:00,planned,Cimarron Substation - Visalia 345 kV #1
4052,L:6847:6870:138,2016-05-30 18:00:00,2016-06-12 18:00:00,planned,Bluegrass Substation - North Wayne 138 kV Line 1
14287,L:18563:18588:138,2016-05-27 18:00:00,2016-06-11 18:00:00,planned,Essex Hilltop - Anita 138 kV Line
7394,L:8365:8381:138,2016-05-23 18:00:00,2016-06-01 18:00:00,planned,Robinsonville - University Of Florida 138 kV Ckt 1
20254,L:23134:23186:100,2016-05-27 18:00:00,2016-06-08 18:00:00,planned,Monroe Tic - Lombard 100 kV Ckt 1
12798,L:17580:17583:138,2016-05-24 18:00:00,2016-05-25 18:00:00,planned,Coachellacity - Badoura 230115 Kv 138 kV Circuit 1
19328,L:22830:23058:100,2016-05-29 18:00:00,2016-06-05 18:00:00,planned,Temblor - Bridgeport Sta 100 kV L
20383,L:23174:23439:100,2016-05-24 18:00:00,2016-05-26 18:00:00,planned,Millbury No. 3 - Tyco Electronics 100 kV Cir. 1
20092,L:23069:23505:100,2016-05-28 18:00:00,2016-06-08 18:00:00,planned,University Park N Substation - Benson 100 kV Circuit 1
13205,L:17906:17916:138,2016-05-25 18:00:00,2016-06-12 18:00:00,planned,Bedington - Baybro 138 kV line
8266,L:8766:9065:138,2016-05-24 18:00:00,2016-05-30 18:00:00,planned,Highway 46 - Metonga 138 kV
1880,L:5892:7136:345,2016-05-30 18:00:00,2016-05-31 18:00:00,planned,Mt Pleasant - Visalia 345 kV #1
10639,L:9872:9903:138,2016-05-25 18:00:00,2016-06-06 18:00:00,planned,Ellerbe Rd - Forwad Substation 138 kV line
13246,L:17931:18286:138,2016-06-19 17:00:00,2016-07-05 17:00:00,planned,Hopkins - S Meadow 138 kV
5849,L:7660:7718:138,2016-06-12 17:00:00,2016-06-20 17:00:00,planned,Hirsch Rd - Edge Moor 138 kV
15399,L:19049:19095:100,2016-06-18 17:00:00,2016-06-27 17:00:00,planned,Ductile Substation - Rincon Substation 100 kV #1
16972,L:19735:19920:100,2016-06-11 17:00:00,2016-06-22 17:00:00,planned,Seal Rock Substation - Stent Tap 100 kV Line 2
10733,L:9917:10291:138,2016-06-14 17:00:00,2016-06-18 17:00:00,planned,Remington Ct - Idalia 138 kV
13915,L:18317:18320:138,2016-06-20 17:00:00,2016-07-02 17:00:00,planned,Glendale Hts - Benwood 138 kV #1
17109,L:19780:20091:230,2016-06-18 17:00:00,2016-07-04 17:00:00,planned,Chamberlin - Imperial 230 kV Ckt 1
7584,L:8447:8588:138,2016-06-20 17:00:00,2016-06-21 17:00:00,planned,Dunkirk - Knoble 138 kV Cir. 1
17349,L:19891:19896:100,2016-06-13 17:00:00,2016-06-18 17:00:00,planned,York Center - South Berwick 100 kV Line
16687,L:19596:19898:100,2016-06-12 17:00:00,2016-06-24 17:00:00,planned,Root Riv - Estero 100 kV Ckt 1
2729,L:6145:6603:138,2016-06-12 17:00:00,2016-06-25 17:00:00,planned,Health Administrative Service - Pecho Vly 138 kV Line 1
14259,L:18544:18551:138,2016-06-12 17:00:00,2016-06-29 17:00:00,planned,Hinton Ap - Dawn 138 kV Cir. 1
3901,L:6747:6926:138,2016-06-15 17:00:00,2016-06-16 17:00:00,planned,Wakarusa - Tarlett 138 kV Circuit 1
12054,L:16877:16895:345,2016-06-13 17:00:00,2016-06-18 17:00:00,planned,Sullivan Gardens - John Sevier 345 kV line
2684,L:6124:6125:345,2016-06-13 17:00:00,2016-06-17 17:00:00,planned,Sheyenne - Acec Roslin 345 kV Ckt 1
6855,L:8190:8237:138,2016-06-20 17:00:00,2016-06-22 17:00:00,planned,Curry Ford - Monongahela L&D4 Hydroelectric Project 138 kV
12540,L:17237:17782:138,2016-06-12 17:00:00,2016-06-28 17:00:00,planned,West County Energy Center - Tumbler Ridge Substation 138 kV line
15273,L:18994:19058:100,2016-06-14 17:00:00,2016-06-25 17:00:00,planned,S Bay - Pacolet Tie 100 kV #1
18606,L:21761:21762:100,2016-06-19 17:00:00,2016-06-27 17:00:00,planned,Ege - Palm Harbor 100 kV #1
13665,L:18163:18166:138,2016-06-11 17:00:00,2016-06-15 17:00:00,planned,Faron Street - Abel 138 kV
9314,L:9247:9675:138,2016-06-13 17:00:00,2016-06-18 17:00:00,planned,Sub 9675 - Ston Brook 138 kV
892,L:5401:5671:345,2016-06-16 17:00:00,2016-06-22 17:00:00,planned,Edes Tap 2 - Needham 345 kV Cir. 1
15996,L:19337:19345:100,2016-06-17 17:00:00,2016-06-23 17:00:00,planned,Orange Blossom Electric - Martin Luther King 100 kV #2
19843,L:22977:23093:100,2016-06-19 17:00:00,2016-06-20 17:00:00,planned,Tejas - Bixby Hill 100 kV
5777,L:7609:7635:138,2016-06-13 17:00:00,2016-06-20 17:00:00,planned,Spring City Substation - Gmp Solar - Richmond 138 kV Circuit 1
4548,L:7111:7162:345,2016-06-17 17:00:00,2016-06-19 17:00:00,planned,Michigan Avenue - N. Shannon 345 kV #1
13000,L:17763:17768:138,2016-06-14 17:00:00,2016-07-03 17:00:00,planned,Fishtrap - Barrensh 138 kV L
13852,L:18269:18339:138,2016-06-16 17:00:00,2016-06-22 17:00:00,planned,Cutrale Citrus Juices Usa Ii - Sub 18339 138 kV Ckt 1
13600,L:18122:18444:138,2016-06-15 17:00:00,2016-07-03 17:00:00,planned,Roslyn - Cheraw Cash Road 138 kV Cir. 1
15397,L:19049:19094:100,2016-06-18 17:00:00,2016-07-06 17:00:00,planned,Lucent - Ductile 100 kV L
2576,L:6070:6566:138,2016-06-14 17:00:00,2016-06-28 17:00:00,planned,Cuartel Drogas Y Narcoticos - S Beaver Dam 138 kV Ckt 1
13038,L:17788:17868:345,2016-06-12 17:00:00,2016-06-22 17:00:00,planned,Danish Creamery - Wolfcreek 345 kV
10464,L:9791:9804:138,2016-06-19 17:00:00,2016-07-02 17:00:00,planned,Dolgeville Hydro Substation - Sta H 138 kV
3083,L:6312:7027:138,2016-06-18 17:00:00,2016-06-23 17:00:00,planned,Redondo 1 - W Gilman Road 138 kV
2563,L:6065:6527:138,2016-06-14 17:00:00,2016-06-24 17:00:00,planned,Pipers Gap - Carl Bailey 138 kV Line 1
8281,L:8775:9057:138,2016-06-13 17:00:00,2016-06-24 17:00:00,planned,Perryman Substation - Rocky Ford 138 kV Line 1
12209,L:16992:16994:138,2016-06-16 17:00:00,2016-07-06 17:00:00,planned,Bg Cajun 1 - Douglas Dam Substation 138 kV Line 1
16172,L:19427:19428:100,2016-06-19 17:00:00,2016-07-06 17:00:00,planned,O. H. Hutchings Station - Cooks Pond Substation 100 kV Line 1
1499,L:5683:5925:345,2016-06-15 17:00:00,2016-07-02 17:00:00,planned,Glen Gardner - Weber 345 kV Line 1
13905,L:18307:18316:138,2016-06-14 17:00:00,2016-06-21 17:00:00,planned,Guyandotte - North White County Substation 138 kV Ckt 1
5828,L:7648:7651:138,2016-06-16 17:00:00,2016-06-20 17:00:00,planned,Floresville - Marlette 138 kV
14792,L:18794:18805:100,2016-06-20 17:00:00,2016-07-07 17:00:00,planned,Medicine Lake - Hamilton Hydro 100 kV Circuit 1
13975,L:18342:18513:138,2016-06-18 17:00:00,2016-06-25 17:00:00,planned,Robinson Road - Chiriaco 138 kV Ckt 1
6858,L:8192:8207:138,2016-06-11 17:00:00,2016-06-17 17:00:00,planned,Whispering Willow N - Audobon 138 kV Circuit 1
15791,L:19226:19258:230,2016-06-14 17:00:00,2016-06-24 17:00:00,planned,P & W Aircraft - Meadowdale 230 kV Circuit 1
10566,L:9840:10082:138,2016-06-19 17:00:00,2016-07-02 17:00:00,planned,Vapor - Jardines Metropolitanos 1310 138 kV
16792,L:19647:19672:100,2016-07-20 16:00:00,2016-08-01 16:00:00,planned,Andover - Richfield 100 kV #1
6329,L:7890:7909:138,2016-07-24 16:00:00,2016-07-31 16:00:00,planned,Azusa - No Maries 138 kV Ckt 1
12480,L:17184:17185:138,2016-07-18 16:00:00,2016-07-23 16:00:00,planned,Lenkurt - Moshers Substation 138 kV #1
17615,L:20013:20026:100,2016-07-23 16:00:00,2016-07-24 16:00:00,planned,Massey Road - Ellsworth 100 kV line
250,L:3836:7016:138,2016-07-19 16:00:00,2016-07-26 16:00:00,planned,Holbrook - Lawrence County Station 138 kV #1
9878,L:9559:9567:138,2016-07-24 16:00:00,2016-07-29 16:00:00,planned,Ashfield - Girvan 138 kV L
14767,L:18784:18879:100,2016-07-22 16:00:00,2016-08-07 16:00:00,planned,Thomas Substation - Berkeley 100 kV #1
13523,L:18069:18530:138,2016-07-23 16:00:00,2016-08-08 16:00:00,planned,Bethlehem - Homart 138 kV Line 1
15898,L:19288:19586:500,2016-07-23 16:00:00,2016-07-30 16:00:00,planned,Great Lakes - Adkis 500 kV
14606,L:18711:18717:100,2016-07-25 16:00:00,2016-08-02 16:00:00,planned,Spearman City - Moscow 100 kV Cir. 1
13282,L:17954:17955:138,2016-07-25 16:00:00,2016-08-13 16:00:00,planned,Rec Red Hawk - Gilmer 138 kV Circuit 1
10050,L:9643:10279:345,2016-07-24 16:00:00,2016-08-05 16:00:00,planned,Louisa Generation Facility - N Anna 345 kV Cir. 1
581,L:5256:6140:138,2016-07-23 16:00:00,2016-08-11 16:00:00,planned,Planta Santurce - Levittown 138 kV #1
8774,L:9035:9053:138,2016-07-17 16:00:00,2016-07-18 16:00:00,planned,North Rutland - Ft Worh 138 kV Line 1
20429,L:23201:23454:100,2016-07-16 16:00:00,2016-07-20 16:00:00,planned,Guayama Rural 4001 - 20 Plant 100 kV #1
15334,L:19020:19281:230,2016-07-18 16:00:00,2016-07-26 16:00:00,planned,Wahiawa - Jack Ramey Wind 230 kV Circuit 1
13309,L:17967:18469:138,2016-07-19 16:00:00,2016-07-29 16:00:00,planned,Chocolate Bayou - Ilion 138 kV Cir. 1
15450,L:19064:19105:100,2016-07-21 16:00:00,2016-07-27 16:00:00,planned,Vallejo B - Greg Stbella Vista 100 kV Line
5738,L:7590:7601:138,2016-07-23 16:00:00,2016-08-09 16:00:00,planned,Hedda - Land O Lakes 138 kV
3228,L:6381:6417:138,2016-07-16 16:00:00,2016-07-17 16:00:00,planned,Wilde - Beeline 138 kV Cir. 1
579,L:5255:5301:138,2016-07-20 16:00:00,2016-08-01 16:00:00,planned,Lumberton - Strahan 138 kV
13231,L:17925:17940:138,2016-07-19 16:00:00,2016-07-31 16:00:00,planned,Shabdue - Boone 138 kV
5390,L:7423:7424:138,2016-07-18 16:00:00,2016-07-19 16:00:00,planned,Bear Canyon - Collville 138 kV
6481,L:7974:18420:138,2016-07-23 16:00:00,2016-07-25 16:00:00,planned,Lake Alfred - Bluestone 138 kV Ckt 1
770,L:5354:5378:138,2016-07-22 16:00:00,2016-08-08 16:00:00,planned,Jet - Enid 138 kV Cir. 1
4659,L:7127:8488:345,2016-07-22 16:00:00,2016-08-02 16:00:00,planned,Vly Way - Amps 345 kV #1
4081,L:6875:6886:138,2016-07-18 16:00:00,2016-07-28 16:00:00,planned,Fitzgerald - Bell Shoals 138 kV Line
3332,L:6438:6443:138,2016-07-21 16:00:00,2016-07-25 16:00:00,planned,Concho - Sharon Hill 138 kV Cir. 2
18733,L:21838:21840:100,2016-07-19 16:00:00,2016-07-31 16:00:00,planned,Masspoer Substation - Carnation Dairy 100 kV Cir. 1
4376,L:7059:8559:138,2016-07-23 16:00:00,2016-08-09 16:00:00,planned,Conastone - Osceola Solar Facility 138 kV Line
13181,L:17893:17917:138,2016-07-22 16:00:00,2016-08-06 16:00:00,planned,Yorkshire - Dam No. 5 Hydro Station 138 kV Circuit 1
5617,L:7530:7533:138,2016-07-24 16:00:00,2016-08-05 16:00:00,planned,Nantahala - Colonial Village 138 kV Ckt 1
20681,L:23317:23512:230,2016-07-20 16:00:00,2016-08-06 16:00:00,planned,Zion - Quantum Lake Power Lp 230 kV Line
16038,L:19356:19357:100,2016-07-22 16:00:00,2016-08-05 16:00:00,planned,Buck Creek - Cane Run Substation 100 kV Circuit 1
18818,L:22015:22020:100,2016-07-20 16:00:00,2016-07-21 16:00:00,planned,Freemont - Trap Falls 100 kV #1
10591,L:9852:10164:138,2016-07-25 16:00:00,2016-07-30 16:00:00,planned,Devon - Riverview 138 kV Circuit 1
19761,L:22951:22962:230,2016-07-22 16:00:00,2016-08-08 16:00:00,planned,Poplar Bluff Generating Sta - Jim Christal 230 kV
15226,L:18972:18992:100,2016-07-24 16:00:00,2016-08-07 16:00:00,planned,Toketee - Muddy Ridge 100 kV #1
6252,L:7853:7857:138,2016-07-16 16:00:00,2016-08-04 16:00:00,planned,Portuguez - Webster City 138 kV
9365,L:9271:9502:138,2016-07-20 16:00:00,2016-07-31 16:00:00,planned,Pipeline - Pardeville 138 kV Circuit 1
15386,L:19043:19140:100,2016-07-20 16:00:00,2016-07-28 16:00:00,planned,Skin Fork Substation - Caryville 100 kV Line 1
1966,L:5913:5975:138,2016-07-23 16:00:00,2016-08-09 16:00:00,planned,W Deptford Energy Sta - Agrico 138 kV Line 1
18399,L:21204:21212:100,2016-07-17 16:00:00,2016-08-05 16:00:00,planned,W Vicksburg - Vicksburg 100 kV Line 1
17656,L:20034:20040:230,2016-08-03 16:00:00,2016-08-04 16:00:00,planned,Canfield Substation - Tartesso 230 kV Circuit 1
7837,L:8558:8580:138,2016-08-11 16:00:00,2016-08-17 16:00:00,planned,Rio Nogales - Bunker Lake 138 kV
1549,L:5710:5944:138,2016-08-11 16:00:00,2016-08-20 16:00:00,planned,Bosque - Halsey 138 kV Cir. 1
740,L:5333:5998:138,2016-08-06 16:00:00,2016-08-19 16:00:00,planned,Viridity Energy Solutions Acua - Aeropuerto 138 kV Line 1
2650,L:6110:6123:138,2016-08-12 16:00:00,2016-08-31 16:00:00,planned,William F Wyman - Friendswood Reit 138 kV Circuit 1
7832,L:8554:8609:138,2016-08-11 16:00:00,2016-08-21 16:00:00,planned,Decatur Adm North - Olivehurst 138 kV
2420,L:6014:7931:138,2016-08-05 16:00:00,2016-08-09 16:00:00,planned,Five Falls - La Conner 138 kV Line 1
4241,L:6981:6987:138,2016-08-10 16:00:00,2016-08-21 16:00:00,planned,Frackville - Epsy 138 kV Cir. 1
20803,L:23397:23400:100,2016-08-06 16:00:00,2016-08-17 16:00:00,planned,Starkey Gulch - Joliet 100 kV #1
10612,L:9863:9864:138,2016-08-03 16:00:00,2016-08-06 16:00:00,planned,Cleary Flood - Loudon 138 kV Ckt 1
20024,L:23036:23046:100,2016-08-05 16:00:00,2016-08-15 16:00:00,planned,Bellaire - San Francisquito 1 100 kV
18735,L:21838:22224:100,2016-08-12 16:00:00,2016-08-13 16:00:00,planned,Masspower - W Plano 100 kV Ckt 1
21422,L:24031:24032:100,2016-08-03 16:00:00,2016-08-17 16:00:00,planned,Reenergy Stratton Llc Substation - Fresh Meadows 100 kV Cir. 1
6285,L:7872:8184:138,2016-08-03 16:00:00,2016-08-09 16:00:00,planned,Adobe - Lake Ity 138 kV Cir. 1
5190,L:7293:7297:138,2016-08-05 16:00:00,2016-08-20 16:00:00,planned,Otay Tap - Arsenal 138 kV Cir. 1
4659,L:7127:8488:345,2016-08-05 16:00:00,2016-08-17 16:00:00,planned,Amps Substation - Vly Way 345 kV
3811,L:6696:6698:138,2016-08-11 16:00:00,2016-08-26 16:00:00,planned,Mirage - Chelsea 138 kV Cir. 1
513,L:5229:5750:345,2016-08-09 16:00:00,2016-08-11 16:00:00,planned,Russellville N - Everett 345 kV
5168,L:7282:7305:138,2016-08-11 16:00:00,2016-08-31 16:00:00,planned,Pinkrton - Cottage Brook 138 kV Ckt 1
15295,L:19004:19144:100,2016-08-04 16:00:00,2016-08-11 16:00:00,planned,V C Summer - New Ulm 100 kV Line 1
5435,L:7446:7476:138,2016-08-07 16:00:00,2016-08-19 16:00:00,planned,G F Weaton Power Station - E Port Orchard 138 kV Line 1
13779,L:18225:18239:138,2016-08-06 16:00:00,2016-08-22 16:00:00,planned,Seward Jct - Litchfield 138 kV
15264,L:18989:18991:100,2016-08-07 16:00:00,2016-08-10 16:00:00,planned,Duke - West Gardner 100 kV Circuit 1
1095,L:5509:5810:138,2016-08-05 16:00:00,2016-08-11 16:00:00,planned,Fish Crk 138 - Playas 138 kV Circuit 1
18008,L:20246:20252:100,2016-08-05 16:00:00,2016-08-09 16:00:00,planned,Ford City - Wing Lane 100 kV L
2745,L:6155:6180:138,2016-08-04 16:00:00,2016-08-13 16:00:00,planned,Linton - Dana 138 kV Line 1
14823,L:18806:18818:100,2016-08-11 16:00:00,2016-08-13 16:00:00,planned,Ibm Cottle Tap - Donner 100 kV Circuit 1
12103,L:16927:17387:138,2016-08-11 16:00:00,2016-08-12 16:00:00,planned,Appleway - Webb 138 kV Line 1
9335,L:9258:16808:138,2016-08-10 16:00:00,2016-08-16 16:00:00,planned,Vicco - Central Hudson Beacon 138 kV Ckt 1
7854,L:8571:8577:138,2016-08-03 16:00:00,2016-08-13 16:00:00,planned,Coldspring - Lilac 138 kV Ckt 1
17291,L:19862:19865:230,2016-08-06 16:00:00,2016-08-14 16:00:00,planned,Trigen T. Louis - Icegen 230 kV line
7261,L:8297:8300:138,2016-08-12 16:00:00,2016-09-01 16:00:00,planned,Mckee Rn - Dover Sun Park 138 kV Line 1
560,L:5244:5321:138,2016-08-03 16:00:00,2016-08-10 16:00:00,planned,Foreman Cement - Hidalgo 138 kV
803,L:5367:5873:138,2016-08-08 16:00:00,2016-08-21 16:00:00,planned,Paper - Ross 138 kV L
20307,L:23145:23459:230,2016-08-04 16:00:00,2016-08-07 16:00:00,planned,Capri - Terrora 230 kV
7306,L:8320:8321:138,2016-08-09 16:00:00,2016-08-29 16:00:00,planned,Belfry - Peavine Substation 138 kV Line 1
21255,L:23508:24600:230,2016-08-04 16:00:00,2016-08-20 16:00:00,planned,Farragut - Dresden Generating Station 230 kV Circuit 1
20822,L:23405:23519:100,2016-08-03 16:00:00,2016-08-09 16:00:00,planned,Douglaston - Shiprock Tap 100 kV Line 2
3630,L:6590:6591:138,2016-08-03 16:00:00,2016-08-17 16:00:00,planned,Greynolds - Maple Lake 138 kV Ckt 1
118,L:2971:5214:161,2016-08-12 16:00:00,2016-08-27 16:00:00,planned,Dallas - Seagoville Sw 161 kV #1
2969,L:6259:6293:138,2016-08-12 16:00:00,2016-08-16 16:00:00,planned,Bradford - Kelso 138 kV L
10345,L:9740:9749:138,2016-08-09 16:00:00,2016-08-19 16:00:00,planned,National City - Ione 138 kV Line 1
13536,L:18080:18695:138,2016-08-12 16:00:00,2016-08-25 16:00:00,planned,Hawks Nest Hydro Substation - Brenas 9201 138 kV #1
5448,L:7452:7476:138,2016-08-05 16:00:00,2016-08-20 16:00:00,planned,Mansfield Sta - E Port Orchard 138 kV Line 1
6544,L:8010:8013:138,2016-08-10 16:00:00,2016-08-13 16:00:00,planned,Alma - Shiprock Substation 138 kV Ckt 1
9039,L:9113:9129:138,2016-08-11 16:00:00,2016-08-30 16:00:00,planned,Hard Rock - Reinr Road 138 kV
12094,L:16922:17390:138,2016-09-02 17:00:00,2016-09-17 17:00:00,planned,Eddy Ac-Dc-Ac Tie - Monticello Substation 138 kV #1
8512,L:8891:8910:138,2016-09-06 17:00:00,2016-09-09 17:00:00,planned,Sans Souci - Kensington 138 kV Ckt 2
11142,L:10130:10286:138,2016-09-01 17:00:00,2016-09-07 17:00:00,planned,Elizabeth River Power Sta - Pillar 138 kV Ckt 1
6386,L:7923:8262:345,2016-08-31 17:00:00,2016-09-05 17:00:00,planned,Texas Eastern 5 - Dessau 345 kV #1
11132,L:10127:10129:138,2016-08-31 17:00:00,2016-09-18 17:00:00,planned,Ubc North Campus - Churchland 138 kV Line 1
6621,L:8054:8055:138,2016-09-03 17:00:00,2016-09-18 17:00:00,planned,Sixth St - Bayou Marcus 138 kV
12991,L:17759:17760:138,2016-09-01 17:00:00,2016-09-15 17:00:00,planned,Kimper - Tom Watkins 138 kV Ckt 1
19286,L:22820:22991:100,2016-09-03 17:00:00,2016-09-21 17:00:00,planned,Ciniza - Bel Air Tap 100 kV Cir. 1
12096,L:16924:16926:138,2016-09-05 17:00:00,2016-09-17 17:00:00,planned,American - Smi 138 kV Cir. 1
12897,L:17657:17658:138,2016-08-30 17:00:00,2016-09-12 17:00:00,planned,Kooskia - Willowbrook 138 kV line
6472,L:7967:7978:138,2016-09-01 17:00:00,2016-09-19 17:00:00,planned,Westt Lexington Chesterfield - Arverne Substation 138 kV Circuit 1
20501,L:23244:23263:100,2016-08-31 17:00:00,2016-09-01 17:00:00,planned,Tenaja - Los Ositos 100 kV Ckt 1
3682,L:6610:6619:138,2016-09-08 17:00:00,2016-09-20 17:00:00,planned,Red Hills Generating Facility - Quary 138 kV Line 1
5921,L:7698:7725:138,2016-09-03 17:00:00,2016-09-16 17:00:00,planned,Red Oak Ap - Corinth 138 kV
6476,L:7971:18427:138,2016-09-08 17:00:00,2016-09-16 17:00:00,planned,Hat Crk 2 - Fort Martin 138 kV
10734,L:9917:10291:138,2016-09-05 17:00:00,2016-09-09 17:00:00,planned,Remington Ct Substation - Idalia 138 kV #2
3422,L:6478:8031:138,2016-09-04 17:00:00,2016-09-20 17:00:00,planned,Kieler - Sarival 138 kV Cir. 1
1712,L:5815:5824:345,2016-09-07 17:00:00,2016-09-09 17:00:00,planned,Willow Glen - Rex Brown 345 kV Line 1
20839,L:23412:23413:100,2016-09-05 17:00:00,2016-09-15 17:00:00,planned,Big Timber Auto - Fall Crk 100 kV L
4153,L:6919:6927:138,2016-09-04 17:00:00,2016-09-06 17:00:00,planned,Angora - North Gate Riverside Alte Substation 138 kV Circuit 1
18697,L:21793:21795:100,2016-08-30 17:00:00,2016-09-03 17:00:00,planned,Spy Run - Industrial Park 100 kV
21025,L:23459:23475:230,2016-09-07 17:00:00,2016-09-27 17:00:00,planned,Morris Cogeneration Llc - Terrora 230 kV
3044,L:6297:8354:138,2016-09-06 17:00:00,2016-09-17 17:00:00,planned,South Whitehall Substation - Menaul Tap 138 kV Circuit 1
15568,L:19126:19139:100,2016-09-04 17:00:00,2016-09-14 17:00:00,planned,Norwich - Ballah Switch 100 kV #1
2791,L:6179:6198:345,2016-09-03 17:00:00,2016-09-18 17:00:00,planned,Poston - Utica Junction 345 kV Circuit 1
322,L:5137:5141:138,2016-09-05 17:00:00,2016-09-09 17:00:00,planned,Matt Funk - Olmos 138 kV #1
9582,L:9378:9639:138,2016-09-08 17:00:00,2016-09-22 17:00:00,planned,Denver City - Ward Switch 138 kV Cir. 1
2408,L:6007:6010:138,2016-09-05 17:00:00,2016-09-12 17:00:00,planned,Craven - Faulkner 138 kV #1
16527,L:19565:19586:500,2016-08-31 17:00:00,2016-09-15 17:00:00,planned,Reedy Crk - Adkins 500 kV #1
1706,L:5812:5898:138,2016-09-05 17:00:00,2016-09-09 17:00:00,planned,Big Bar - Klein 138 kV Cir. 1
5244,L:7330:7362:138,2016-09-08 17:00:00,2016-09-28 17:00:00,planned,W -Station - Rouse 138 kV
15101,L:18916:18917:100,2016-09-05 17:00:00,2016-09-08 17:00:00,planned,Wagner Lake - Ballinger Humble Pump Exxon 100 kV #1
18709,L:21800:21803:100,2016-10-12 17:00:00,2016-10-19 17:00:00,planned,Robison Park 2 - Wallen 100 kV Circuit 1
16033,L:19348:19349:100,2016-10-10 17:00:00,2016-10-30 17:00:00,planned,Blue Racer Substation - Arc Western Energy 100 kV Cir. 1
10762,L:9929:10364:138,2016-10-14 17:00:00,2016-10-19 17:00:00,planned,St. Joseph - Faley 138 kV Cir. 1
8212,L:8734:8740:138,2016-10-12 17:00:00,2016-10-20 17:00:00,planned,Frederick - Jonesboro Spa 138 kV Cir. 1
16773,L:19642:19645:100,2016-10-19 17:00:00,2016-11-08 17:00:00,planned,Demoss - West Salem 100 kV
5509,L:7481:8033:138,2016-10-13 17:00:00,2016-10-27 17:00:00,planned,New Hope - S Lake Geneva 138 kV Line 1
7322,L:8326:8338:138,2016-10-14 17:00:00,2016-10-21 17:00:00,planned,Cottonwood - Cachete1 1526 1530 Substation 138 kV line
7606,L:8457:8458:138,2016-10-15 17:00:00,2016-10-26 17:00:00,planned,Horno - Waugh Chapel 138 kV #1
15585,L:19131:19583:100,2016-10-11 17:00:00,2016-10-16 17:00:00,planned,Getchel - Telegraph Rd 100 kV
10,L:2619:2936:161,2016-10-18 17:00:00,2016-10-24 17:00:00,planned,Westfield Village - El Reno 161 kV Line 1
3424,L:6478:8104:138,2016-10-11 17:00:00,2016-10-28 17:00:00,planned,Kieler - Delaney 138 kV Line 1
17204,L:19825:19830:100,2016-10-17 17:00:00,2016-10-28 17:00:00,planned,Craven County Wood Energy Lp - Pgg - Prince G Substation 100 kV
20109,L:23078:23441:100,2016-10-15 17:00:00,2016-10-19 17:00:00,planned,Rosebluff - Lakeside 2 100 kV
9643,L:9407:9408:138,2016-10-14 17:00:00,2016-10-20 17:00:00,planned,Greater Detroit Resource Recovery - Grand Island 138 kV Cir. 1
19755,L:22951:22960:100,2016-10-16 17:00:00,2016-10-29 17:00:00,planned,Drumond - Jim Christal 100 kV Ckt 3
4389,L:7065:8534:138,2016-10-18 17:00:00,2016-10-27 17:00:00,planned,Comanche - St Bonifacius 138 kV
18127,L:20280:20309:500,2016-10-10 17:00:00,2016-10-21 17:00:00,planned,Troy Energy Llc - Richland 500 kV
3263,L:6400:7165:138,2016-10-13 17:00:00,2016-10-19 17:00:00,planned,Dte Pontiac N Llc - Talenenergy Martins Creek Llc W Shore 138 kV Cir. 1
20080,L:23061:23409:100,2016-10-19 17:00:00,2016-10-26 17:00:00,planned,Goodings Grove Substation - Bay De Noc 100 kV Cir. 1
3569,L:6546:6563:138,2016-10-13 17:00:00,2016-10-28 17:00:00,planned,Lancaster Air Products Substation - Rohrerstown 138 kV Cir. 1
2103,L:5935:6001:138,2016-10-16 17:00:00,2016-11-01 17:00:00,planned,Bayonne - Pioneer 138 kV
19296,L:22825:23345:100,2016-10-12 17:00:00,2016-10-16 17:00:00,planned,Archie - Monitor 100 kV #1
5641,L:7540:7541:138,2016-10-15 17:00:00,2016-10-24 17:00:00,planned,Penn Zeir - Mauka Fit One 138 kV Ckt 1
7716,L:8499:8629:345,2016-10-18 17:00:00,2016-10-21 17:00:00,planned,Redman - Athens 345 kV
16754,L:19634:20069:100,2016-10-13 17:00:00,2016-10-19 17:00:00,planned,Altrus - Pocatello 100 kV #1
13994,L:18356:18366:138,2016-10-14 17:00:00,2016-10-20 17:00:00,planned,Dry Fork - Bullock 138 kV
2461,L:6028:8522:138,2016-10-14 17:00:00,2016-10-23 17:00:00,planned,Ogallala Substation - Gas 138 kV Cir. 1
16278,L:19501:20172:100,2016-10-14 17:00:00,2016-10-23 17:00:00,planned,Du Bay - Electrical 100 kV #1
5090,L:7243:7336:138,2016-10-12 17:00:00,2016-10-31 17:00:00,planned,Sandy - Quail Valley 138 kV Ckt 1
5414,L:7432:7434:138,2016-10-19 17:00:00,2016-11-01 17:00:00,planned,Forsyth - Cold Spring Rd 138 kV Cir. 1
2763,L:6161:6200:138,2016-10-14 17:00:00,2016-10-18 17:00:00,planned,Horse Heaven - Forest City Light Plant 138 kV Cir. 1
4350,L:7043:7108:138,2016-10-10 17:00:00,2016-10-13 17:00:00,planned,Peach Bottom - Muddy Run 138 kV Circuit 1
15914,L:19295:19296:100,2016-10-11 17:00:00,2016-10-26 17:00:00,planned,20Th St - Roman Nose 100 kV Line 1
17434,L:19934:19941:100,2016-10-14 17:00:00,2016-10-20 17:00:00,planned,Columbus St - Calera T.S Substation 100 kV Line
9593,L:9383:9385:138,2016-10-17 17:00:00,2016-11-02 17:00:00,planned,Mcminnville - Kelim 138 kV Line 1
8725,L:9005:9007:138,2016-10-16 17:00:00,2016-10-29 17:00:00,planned,Whitman - Hutchins 138 kV Ckt 1
14236,L:18532:18676:345,2016-10-17 17:00:00,2016-10-24 17:00:00,planned,Jersey Substation - Mcgraws 345 kV Circuit 1
19062,L:22576:22751:100,2016-11-21 19:00:00,2016-11-24 19:00:00,planned,Castle Hills - Hinkley 100 kV
17812,L:20104:20201:100,2016-11-20 19:00:00,2016-12-01 19:00:00,planned,Tibbits - Hanna 100 kV #1
9337,L:9259:9488:138,2016-11-18 19:00:00,2016-11-29 19:00:00,planned,Hatfields Ferry Power Sta - Batesville 138 kV Cir. 1
5828,L:7648:7651:138,2016-11-21 19:00:00,2016-11-29 19:00:00,planned,Marlette - Floresville 138 kV Line
6556,L:8019:8021:138,2016-11-13 19:00:00,2016-11-14 19:00:00,planned,Kem Substation - Pantego Distribution 138 kV Circuit 1
6216,L:7828:7830:138,2016-11-19 19:00:00,2016-12-04 19:00:00,planned,Ray - Columbia Mo 138 kV #1
2773,L:6168:6843:138,2016-11-12 19:00:00,2016-11-23 19:00:00,planned,Elm Crk - Skyline 138 kV #1
3286,L:6420:6421:138,2016-11-12 19:00:00,2016-11-18 19:00:00,planned,Fulton - Bayshore 138 kV
14999,L:18866:19163:100,2016-11-15 19:00:00,2016-11-22 19:00:00,planned,Fayette Plan 1 - New Carlisle Substation 100 kV Circuit 1
14929,L:18846:18864:100,2016-11-19 19:00:00,2016-11-29 19:00:00,planned,Tennessee Ave - Pinedale-Rio Linda 100 kV #1
6314,L:7882:7894:138,2016-11-19 19:00:00,2016-12-09 19:00:00,planned,Umatac - Bluff 138 kV #1
16164,L:19421:19562:100,2016-11-20 19:00:00,2016-12-10 19:00:00,planned,Pawtucket Power Associates - Minnehaha 100 kV Ckt 2
9023,L:9106:9109:138,2016-11-14 19:00:00,2016-11-16 19:00:00,planned,Hot Wells - Little York 138 kV
6860,L:8193:8210:138,2016-11-14 19:00:00,2016-11-17 19:00:00,planned,Ft Gibson Substation - Coso 8-9 Substation 138 kV Line 1
14067,L:18400:18410:138,2016-11-19 19:00:00,2016-12-01 19:00:00,planned,Sacramento - Cinder 138 kV Cir. 1
5240,L:7326:7399:138,2016-11-17 19:00:00,2016-11-20 19:00:00,planned,Racoon Bend - W Mifflin 138 kV #1
6212,L:7826:7859:138,2016-11-17 19:00:00,2016-12-01 19:00:00,planned,Goshen - Fairport 138 kV
11220,L:10189:10191:138,2016-11-20 19:00:00,2016-12-02 19:00:00,planned,Cranes Corner Substation - Jocassee 138 kV
3280,L:6414:6415:138,2016-11-19 19:00:00,2016-11-21 19:00:00,planned,Hemlock - Jones 138 kV
9896,L:9572:9573:138,2016-11-17 19:00:00,2016-12-02 19:00:00,planned,Port Ludlow - Carson Ice 138 kV Circuit 1
10313,L:9731:9735:138,2016-11-20 19:00:00,2016-11-30 19:00:00,planned,Shullsburg - Enron 138 kV L
1603,L:5745:5984:138,2016-11-16 19:00:00,2016-12-03 19:00:00,planned,Panther - Cedar Sta 138 kV L
4413,L:7077:7083:138,2016-11-18 19:00:00,2016-11-22 19:00:00,planned,Lincoln Beach - Rancho Carmel 138 kV L
6845,L:8185:8200:138,2016-11-12 19:00:00,2016-11-28 19:00:00,planned,Blanchardville - Brent 138 kV
9934,L:9592:9618:138,2016-11-21 19:00:00,2016-11-27 19:00:00,planned,W Siloam Springs - Coolidge 138 kV Line 1
6683,L:8082:8096:138,2016-11-15 19:00:00,2016-11-26 19:00:00,planned,Ridgelawn - Palmer 138 kV
20116,L:23083:23234:100,2016-11-12 19:00:00,2016-11-23 19:00:00,planned,Larned - Henry D King 100 kV
15935,L:19305:19533:100,2016-11-14 19:00:00,2016-11-16 19:00:00,planned,Ingalis - Usk 100 kV Circuit 1
7165,L:8275:18699:345,2016-11-16 19:00:00,2016-11-27 19:00:00,planned,Norfork - Hassayampa Tap 345 kV L
11283,L:10229:10236:138,2016-11-13 19:00:00,2016-12-03 19:00:00,planned,Weed Jct - National 138 kV Ckt 1
324,L:5138:5228:138,2016-11-21 19:00:00,2016-12-03 19:00:00,planned,Juneau - Santa Rosa 138 kV Line 1
4944,L:7189:7384:138,2016-11-17 19:00:00,2016-11-22 19:00:00,planned,Alabama Switch - Great Divide Substation 138 kV #1
16201,L:19448:19524:100,2016-11-13 19:00:00,2016-11-18 19:00:00,planned,Cannon Falls Trans - Wolverine Creek 100 kV Line 1
16720,L:19611:19613:100,2016-11-16 19:00:00,2016-11-19 19:00:00,planned,Northwestlima - Schumansville 100 kV Circuit 1
8174,L:8717:8927:138,2016-11-16 19:00:00,2016-11-26 19:00:00,planned,Bouse Pumping Sta - Grand Jct 138 kV #1
12460,L:17175:17180:138,2016-11-14 19:00:00,2016-11-30 19:00:00,planned,Ten Mile - Escanaba Steam Plant Substation 138 kV
19026,L:22376:22377:100,2016-11-16 19:00:00,2016-11-20 19:00:00,planned,Southside Generating Sta - Olive 100 kV Circuit 2
12576,L:17310:17679:138,2016-11-20 19:00:00,2016-11-30 19:00:00,planned,Great Bend - Midwest Energy - Pines 138 kV #1
17655,L:20033:20223:230,2016-11-13 19:00:00,2016-11-15 19:00:00,planned,West Austintown - Williamsport 230 kV
19640,L:22909:22938:100,2016-11-12 19:00:00,2016-11-15 19:00:00,planned,Gamer - Telluride 100 kV
17865,L:20148:20149:100,2016-11-20 19:00:00,2016-11-30 19:00:00,planned,Canas Tc - Pawling 100 kV Circuit 1
19942,L:23010:23034:100,2016-11-13 19:00:00,2016-11-17 19:00:00,planned,Lake Asbury - Bellwood 100 kV
5589,L:7520:7522:138,2016-11-18 19:00:00,2016-11-19 19:00:00,planned,Eagle Lake - Belvedere 138 kV
910,L:5412:5959:138,2016-11-15 19:00:00,2016-11-25 19:00:00,planned,North Champaign - Flint 138 kV Line 1
689,L:5306:5318:345,2016-11-14 19:00:00,2016-11-28 19:00:00,planned,Coffeeport - Oak Villa 345 kV #1
7259,L:8296:8387:138,2016-11-13 19:00:00,2016-12-01 19:00:00,planned,Nrg Energy Center Dover - Reata 138 kV Circuit 1
5101,L:7247:7250:138,2016-11-15 19:00:00,2016-11-17 19:00:00,planned,Glacier - Kimberley 138 kV Ckt 1
13339,L:17978:18756:100,2016-11-16 19:00:00,2016-11-30 19:00:00,planned,Pedley - Overlake Substation 100 kV
3496,L:6514:6657:138,2016-11-19 19:00:00,2016-11-26 19:00:00,planned,Kin Street - Wapato 138 kV Line 1
20049,L:23048:23052:100,2016-11-14 19:00:00,2016-11-15 19:00:00,planned,Stauffr - Crestwood 100 kV Cir. 1
1728,L:5821:5960:345,2016-11-17 19:00:00,2016-12-01 19:00:00,planned,Kilner - Edison 345 kV
18348,L:21040:21043:100,2016-11-13 19:00:00,2016-11-27 19:00:00,planned,Flowerfield - Constantine Hydro 100 kV Line 1
3182,L:6356:6379:138,2016-11-14 19:00:00,2016-11-24 19:00:00,planned,Rubber Roller - Hilltop Tap 138 kV
2471,L:6030:8614:138,2016-11-21 19:00:00,2016-11-28 19:00:00,planned,Walla Walla - Whitehurst 138 kV #1
13458,L:18040:18049:138,2016-11-16 19:00:00,2016-12-05 19:00:00,planned,Westmoreland N - Moorepark 138 kV Cir. 1
14817,L:18802:18807:100,2016-11-15 19:00:00,2016-11-26 19:00:00,planned,Midpoint 2 - Glebe 100 kV #1
19246,L:22801:23510:100,2016-11-14 19:00:00,2016-12-04 19:00:00,planned,N Mesquite Substation - Shady Oaks Wind Farm 100 kV Circuit 1
13552,L:18092:18093:138,2016-11-19 19:00:00,2016-11-21 19:00:00,planned,Culbertson - Yuba Co Water Agency 138 kV
20179,L:23105:23116:100,2016-12-12 19:00:00,2016-12-15 19:00:00,planned,Lanham - New Madrid 100 kV #2
9492,L:9335:9444:138,2016-12-07 19:00:00,2016-12-10 19:00:00,planned,Moonshine - Axton 138 kV Cir. 1
13779,L:18225:18239:138,2016-12-06 19:00:00,2016-12-22 19:00:00,planned,Litchfield - Seward Junction 138 kV #1
10427,L:9773:10261:138,2016-12-09 19:00:00,2016-12-19 19:00:00,planned,Paso Robles - Nottoway Diesel Generating Facility Substation 138 kV Circuit 1
21090,L:23477:24612:230,2016-12-10 19:00:00,2016-12-24 19:00:00,planned,Grand Ridge Battery Projecs - Cadiz 230 kV Circuit 1
18831,L:22017:22725:100,2016-12-07 19:00:00,2016-12-25 19:00:00,planned,Lusher - Elkhart Hydro 100 kV #2
10900,L:9990:9994:138,2016-12-11 19:00:00,2016-12-14 19:00:00,planned,Rawhide - Butte 138 kV Ckt 1
20714,L:23336:23361:100,2016-12-06 19:00:00,2016-12-25 19:00:00,planned,Mabevale - Gulf City 100 kV
5540,L:7494:7511:138,2016-12-10 19:00:00,2016-12-16 19:00:00,planned,Johnsonville - Muscoda 138 kV Circuit 1
573,L:5251:5928:138,2016-12-11 19:00:00,2016-12-26 19:00:00,planned,Hilgard - Lake Marion 138 kV Line
15512,L:19093:19134:100,2016-12-06 19:00:00,2016-12-07 19:00:00,planned,Haveda - Fishhawk 100 kV #2
16817,L:19654:19661:100,2016-12-15 19:00:00,2017-01-02 19:00:00,planned,Trichel St - Range Line Sw 100 kV L
6336,L:7893:8179:138,2016-12-13 19:00:00,2016-12-20 19:00:00,planned,Tayshell - Frankenheimer Substation 138 kV Cir. 1
17654,L:20033:20216:230,2016-12-06 19:00:00,2016-12-16 19:00:00,planned,Girard Substation - W Austintown 230 kV Line 1
413,L:5180:6003:138,2016-12-08 19:00:00,2016-12-19 19:00:00,planned,Hoyt - Long Lake 138 kV
5531,L:7491:7942:345,2016-12-08 19:00:00,2016-12-11 19:00:00,planned,Prospect - Mwd Eastside Res 345 kV Cir. 1
12304,L:17039:17358:138,2016-12-13 19:00:00,2016-12-19 19:00:00,planned,Nebraska City 2 - Capistrano 138 kV
10591,L:9852:10164:138,2016-12-12 19:00:00,2016-12-30 19:00:00,planned,Riverview - Devon 138 kV Line 1
3315,L:6431:6462:138,2016-12-14 19:00:00,2016-12-25 19:00:00,planned,Edic - Alcoa Sw Station 138 kV #1
628,L:5279:5977:138,2016-12-09 19:00:00,2016-12-24 19:00:00,planned,Raceway - Cii Carbon Llc Substation 138 kV line
1328,L:5610:5638:138,2016-12-14 19:00:00,2017-01-02 19:00:00,planned,Jack County - Sells 138 kV line
2736,L:6149:6199:138,2016-12-14 19:00:00,2016-12-18 19:00:00,planned,Wolcott - Pelton 138 kV Cir. 1
12339,L:17055:17056:138,2016-12-11 19:00:00,2016-12-26 19:00:00,planned,Compton Rd - Happy Canyon 138 kV Line 1
7616,L:8463:8579:138,2016-12-15 19:00:00,2016-12-22 19:00:00,planned,Berkeley F - Skaggs Branch 138 kV
20724,L:23340:23509:230,2016-12-09 19:00:00,2016-12-21 19:00:00,planned,Pratts Jct Substation - Wilsona 230 kV L
9976,L:9621:9623:138,2016-12-08 19:00:00,2016-12-13 19:00:00,planned,Sockton Cogen - Rosholt Cwec Substation 138 kV Ckt 1
17346,L:19890:19891:100,2016-12-06 19:00:00,2016-12-15 19:00:00,planned,St. Cloud - S Berwick 100 kV
12292,L:17035:18001:138,2016-12-13 19:00:00,2016-12-15 19:00:00,planned,Peebles - Pearsal Rd 138 kV Ckt 1
738,L:5333:5335:138,2016-12-14 19:00:00,2017-01-02 19:00:00,planned,Aeropuerto - Shenandoah 138 kV Line 1
516,L:5230:5231:138,2016-12-10 19:00:00,2016-12-22 19:00:00,planned,Hendron - Mount Jackson D.P 138 kV
4117,L:6897:6946:138,2016-12-15 19:00:00,2017-01-03 19:00:00,planned,Tunnel - Schuylkill 138 kV Cir. 1
20693,L:23326:23327:100,2016-12-11 19:00:00,2016-12-13 19:00:00,planned,Tuco - Geismar 100 kV Line 1
15898,L:19288:19586:500,2016-12-06 19:00:00,2016-12-08 19:00:00,planned,Great Lakes - Adkins 500 kV Ckt 1
5239,L:7324:7371:138,2016-12-14 19:00:00,2016-12-20 19:00:00,planned,Danz Ave Sw Sta - Cabinet Gorge 138 kV Line
7275,L:8303:8382:138,2016-12-12 19:00:00,2016-12-18 19:00:00,planned,Milford Solar Farm - Vaughn 138 kV Circuit 1
12107,L:16941:16942:138,2016-12-09 19:00:00,2016-12-28 19:00:00,planned,Clifton Creek Loafer - Mid Cty 138 kV Line 1
20237,L:23131:23173:100,2016-01-12 08:00:00,2016-01-21 08:00:00,planned,Geneva Generation Facility - Brook St 100 kV #1
15482,L:19078:19087:100,2016-01-12 08:00:00,2016-01-13 08:00:00,planned,Richard - Dilles Bottom 100 kV L
11306,L:10242:10247:138,2016-01-14 08:00:00,2016-01-16 08:00:00,planned,Virginia Beach - Cherry 138 kV Circuit 1
16281,L:19502:19553:100,2016-01-18 08:00:00,2016-02-04 08:00:00,planned,W Yates Switch - N Intertie 100 kV L
8316,L:8799:9103:138,2016-01-11 08:00:00,2016-01-31 08:00:00,planned,Shron Amtrak - Dixon 138 kV #1
20788,L:23387:23440:100,2016-01-10 08:00:00,2016-01-16 08:00:00,planned,Ultragen - Bethel 100 kV L
9482,L:9331:9480:138,2016-01-11 08:00:00,2016-01-31 08:00:00,planned,Viewland-Hoffman - Page 138 kV Circuit 1
2269,L:5972:6706:138,2016-01-10 08:00:00,2016-01-16 08:00:00,planned,Weiner - Yards Crk 138 kV #1
10579,L:9847:9849:138,2016-01-19 08:00:00,2016-01-22 08:00:00,planned,Gum Springs - Rock Lake Ct 138 kV
19324,L:22829:22974:100,2016-01-15 08:00:00,2016-01-27 08:00:00,planned,Medina Lake - Line Reek 100 kV Line
17060,L:19762:20285:100,2016-01-12 08:00:00,2016-01-14 08:00:00,planned,Reeves - Jm Manufacturing Substation 100 kV Line 2
3091,L:6316:6318:138,2016-01-17 08:00:00,2016-01-21 08:00:00,planned,Koenig Lane - Red Mountain 138 kV
21495,L:24592:24600:230,2016-01-17 08:00:00,2016-01-26 08:00:00,planned,Farragut Substation - Maalaea 230 kV #1
4365,L:7053:7139:138,2016-01-11 08:00:00,2016-01-15 08:00:00,planned,Northwet Tap - Forman 138 kV Cir. 1
2815,L:6192:6205:345,2016-01-11 08:00:00,2016-01-19 08:00:00,planned,Kegonsa - Williston 345 kV Line
17441,L:19936:20260:100,2016-01-13 08:00:00,2016-01-23 08:00:00,planned,Tewsbury - Avon Lake 100 kV Line 1
4508,L:7105:7130:500,2016-01-13 08:00:00,2016-01-21 08:00:00,planned,Kalamazoo-San Juan - Talenenergy Martins Crk Llc Williamsport 500 kV
2896,L:6227:6627:138,2016-01-10 08:00:00,2016-01-22 08:00:00,planned,Oxford - Hamilton A 138 kV Cir. 1
2780,L:6170:6172:138,2016-01-17 08:00:00,2016-01-20 08:00:00,planned,Mesa - Westbrook 138 kV line
10814,L:9951:9953:138,2016-01-15 08:00:00,2016-02-03 08:00:00,planned,Borden - Verndale 138 kV
12746,L:17521:17736:345,2016-01-10 08:00:00,2016-01-25 08:00:00,planned,Tyee - Allings Crossing 345 kV Circuit 1
7591,L:8449:9081:138,2016-01-13 08:00:00,2016-01-15 08:00:00,planned,Gulf Breeze - Whatshan 138 kV #3
18836,L:22018:22725:100,2016-01-17 08:00:00,2016-02-03 08:00:00,planned,Elkhart Hydro - Yahuecas 8203 100 kV
5789,L:7618:7627:138,2016-01-12 08:00:00,2016-01-27 08:00:00,planned,Dynegy Oakland Power Plant - Aecc Jonesboro North 138 kV L
20584,L:23281:23282:100,2016-01-17 08:00:00,2016-02-02 08:00:00,planned,Central Campus Unm - Defiance 100 kV
17055,L:19759:19782:100,2016-01-10 08:00:00,2016-01-26 08:00:00,planned,Horsehoe - Manslick 100 kV Line 1
18414,L:21271:21274:100,2016-01-18 08:00:00,2016-01-20 08:00:00,planned,Waconda - Kearny 100 kV
9388,L:9284:9294:138,2016-01-12 08:00:00,2016-01-31 08:00:00,planned,Waterford 1 & 2 - Rainey Substation 138 kV Cir. 1
9753,L:9479:10262:138,2016-01-11 08:00:00,2016-01-27 08:00:00,planned,Harmony Hills - Electric Avenue Facility 138 kV Ckt 1
1385,L:5635:5646:138,2016-01-18 08:00:00,2016-01-19 08:00:00,planned,Brentwood - Wixom 138 kV
6400,L:7931:7933:138,2016-01-11 08:00:00,2016-01-28 08:00:00,planned,La Conner - Gum Street 138 kV Circuit 1
15239,L:18977:19141:100,2016-01-15 08:00:00,2016-02-04 08:00:00,planned,Lompoc - Seaway 100 kV
13410,L:18012:18013:138,2016-01-11 08:00:00,2016-01-21 08:00:00,planned,Lakehead Delavan - Milton 138 kV Cir. 1
4076,L:6871:6880:138,2016-01-15 08:00:00,2016-02-01 08:00:00,planned,Sargent Substation - Morgan Community Solar 138 kV Circuit 1
17322,L:19876:20211:100,2016-01-19 08:00:00,2016-01-26 08:00:00,planned,El Sobrante - Stallings 100 kV Line
8162,L:8713:9710:138,2016-01-18 08:00:00,2016-01-22 08:00:00,planned,Southwest - Luxemburg 24.9 138 kV Circuit 2
20801,L:23396:23415:100,2016-01-14 08:00:00,2016-01-16 08:00:00,planned,L V Sutton Combined Cycle - Marys Rvier 100 kV #1
16317,L:19524:19527:230,2016-01-14 08:00:00,2016-02-02 08:00:00,planned,Sayvlle - Wolverine Creek Substation 230 kV line
15305,L:19008:19027:100,2016-01-11 08:00:00,2016-01-13 08:00:00,planned,Westrock Hodge La - Tulsa N 2 Substation 100 kV #2
19724,L:22940:23438:100,2016-01-11 08:00:00,2016-01-30 08:00:00,planned,Albeni Falls - Havelock 100 kV Ckt 1
13424,L:18021:18638:138,2016-01-15 08:00:00,2016-01-31 08:00:00,planned,East County - Feeralgen 138 kV #1
14922,L:18843:19576:500,2016-01-19 08:00:00,2016-01-24 08:00:00,planned,Wagley Robertson - Larson Street 500 kV Cir. 1
818,L:5371:5704:138,2016-01-17 08:00:00,2016-01-21 08:00:00,planned,Whippany - Roy 138 kV
8176,L:8718:8719:138,2016-01-19 08:00:00,2016-02-07 08:00:00,planned,Arlington - Dc Wter Chp 138 kV Cir. 1
5198,L:7296:7301:138,2016-01-18 08:00:00,2016-01-29 08:00:00,planned,Carson - St Albans 138 kV Ckt 1
5533,L:7491:7496:138,2016-01-12 08:00:00,2016-01-29 08:00:00,planned,Prospect - Kenowa 138 kV Line
17315,L:19875:20026:100,2016-01-18 08:00:00,2016-01-26 08:00:00,planned,Mantua - Ellsworth 100 kV Line 1
6028,L:7745:7787:138,2016-01-19 08:00:00,2016-01-27 08:00:00,planned,Mcinnes - Freezeout 138 kV Cir. 1
1576,L:5728:5729:138,2016-01-12 08:00:00,2016-01-31 08:00:00,planned,Turkey Hill - Waunakee Municipal 2 138 kV Circuit 1
8560,L:8915:8951:138,2016-01-17 08:00:00,2016-01-29 08:00:00,planned,Prairie Wind Farm - Mcdowell Crk 138 kV #1
11653,L:10367:10497:138,2016-01-17 08:00:00,2016-01-20 08:00:00,planned,Parkers Lake - Wyman Hydro 138 kV
6013,L:7738:7775:345,2016-01-11 08:00:00,2016-01-29 08:00:00,planned,Karn - Trezevant 345 kV Line 1
2532,L:6053:6054:138,2016-01-17 08:00:00,2016-01-25 08:00:00,planned,W Mcallen - Overton 138 kV Cir. 1
13015,L:17776:17857:138,2016-01-18 08:00:00,2016-02-04 08:00:00,planned,Cooper - Bennett 138 kV Line 1
3444,L:6489:7011:138,2016-01-14 08:00:00,2016-01-16 08:00:00,planned,Maple Ridge - Sub 7011 138 kV Line 1
14011,L:18367:18369:138,2016-01-11 08:00:00,2016-01-20 08:00:00,planned,Belcher Mtn - Gary 138 kV Cir. 1
16936,L:19723:19761:100,2016-01-18 08:00:00,2016-02-04 08:00:00,planned,6Th St - Ohmstead 100 kV Line
4415,L:7080:7084:138,2016-01-15 08:00:00,2016-01-27 08:00:00,planned,Hinon - Gentleman 138 kV Cir. 1
8921,L:9081:9092:138,2016-01-10 08:00:00,2016-01-29 08:00:00,planned,Whatshan - Herbert A Wagner 138 kV Cir. 1
6664,L:8073:8075:138,2016-01-10 08:00:00,2016-01-11 08:00:00,planned,Gillett - Paxton 138 kV
11032,L:10073:10275:138,2016-01-10 08:00:00,2016-01-13 08:00:00,planned,W Garrard - Battery Heights Dp 138 kV
2128,L:5943:5947:345,2016-01-13 08:00:00,2016-01-28 08:00:00,planned,Hutchinson Plant 2 - Terry 345 kV #1
8005,L:8663:8671:138,2016-01-14 08:00:00,2016-01-30 08:00:00,planned,Lake Platte - Yor Canyon 138 kV Circuit 1
17847,L:20139:20143:100,2016-01-15 08:00:00,2016-01-30 08:00:00,planned,Marion N - Greenidge Generation Llc 100 kV #1
10530,L:9821:10262:138,2016-01-17 08:00:00,2016-01-21 08:00:00,planned,East Bernard - Electric Avenue Facility Substation 138 kV Cir. 1
15063,L:18896:18901:100,2016-01-14 08:00:00,2016-01-15 08:00:00,planned,Wesmeco - Key Wst Diesel 100 kV Ckt 1
902,L:5409:5411:138,2016-01-14 08:00:00,2016-02-01 08:00:00,planned,Brinkley E - Punta Gorda 138 kV Line
21496,L:24592:24606:500,2016-01-13 08:00:00,2016-01-31 08:00:00,planned,Top Crop - Maalaea 500 kV Line 1
1761,L:5833:5844:138,2016-01-15 08:00:00,2016-02-02 08:00:00,planned,Schoharie - Tokio 138 kV Cir. 1
789,L:5362:5444:138,2016-01-10 08:00:00,2016-01-15 08:00:00,planned,Federal Square - Clay Street Substation 138 kV #1
14808,L:18799:18821:100,2016-01-16 08:00:00,2016-02-01 08:00:00,planned,Hamilton Peaking - Kemah 100 kV #1
5945,L:7706:7721:138,2016-02-07 19:00:00,2016-02-09 19:00:00,planned,Pilot Rock - South Plat 138 kV Cir. 1
10831,L:9958:10102:138,2016-02-04 19:00:00,2016-02-06 19:00:00,planned,Tanners Pt - Sewell'S Point 138 kV Ckt 1
6759,L:8124:8125:138,2016-02-09 19:00:00,2016-02-10 19:00:00,planned,Jefferson Smurfit Corp - Sykes Creek Substation 138 kV line
15235,L:18975:18978:100,2016-02-06 19:00:00,2016-02-17 19:00:00,planned,Puerto De Ponce Substation - Nelway 100 kV line
15018,L:18880:18888:100,2016-02-05 19:00:00,2016-02-18 19:00:00,planned,Key Biscayne - Rosendale 100 kV Circuit 1
20844,L:23413:24038:100,2016-02-12 19:00:00,2016-02-14 19:00:00,planned,Hoodoo Wash - Fall Crk 100 kV #1
5337,L:7403:7404:138,2016-02-13 19:00:00,2016-02-25 19:00:00,planned,Westraver Substation - Tenaska Westmoreland Generating Sta 138 kV Ckt 1
9326,L:9255:9257:138,2016-02-08 19:00:00,2016-02-27 19:00:00,planned,Beebee Island Hydro Plant Substation - Rosebud Crk 138 kV
4059,L:6854:7107:138,2016-02-05 19:00:00,2016-02-08 19:00:00,planned,Richmond Generating Sta - Hurley Avenue 138 kV Circuit 1
2513,L:6047:6184:138,2016-02-04 19:00:00,2016-02-24 19:00:00,planned,Raceland - Plaquemine Cogeneration Plant 138 kV
944,L:5428:6918:138,2016-02-09 19:00:00,2016-02-17 19:00:00,planned,Zmbro Falls - Deptford 138 kV Circuit 1
1780,L:5841:6965:138,2016-02-13 19:00:00,2016-02-20 19:00:00,planned,Ward - W Ooltewah 138 kV Ckt 1
2198,L:5958:6168:345,2016-02-05 19:00:00,2016-02-06 19:00:00,planned,Elm Crk - Cimarron Substation 345 kV Circuit 1
6144,L:7802:7929:138,2016-02-11 19:00:00,2016-02-25 19:00:00,planned,Mukonago - Hidalgo Smelter 138 kV Line 1
15269,L:18992:18997:100,2016-02-11 19:00:00,2016-02-22 19:00:00,planned,Oahe Substation - Toketee 100 kV Line 1
9135,L:9154:9222:138,2016-02-11 19:00:00,2016-02-25 19:00:00,planned,Monel - Rustburg 138 kV #1
20351,L:23168:23170:100,2016-02-05 19:00:00,2016-02-23 19:00:00,planned,Rockawaybeach Substation - Putts Bridge 100 kV Line 1
1306,L:5602:5853:138,2016-02-09 19:00:00,2016-02-27 19:00:00,planned,Seagoville - Polyester Ps 138 kV Cir. 1
18475,L:21516:21691:100,2016-02-04 19:00:00,2016-02-17 19:00:00,planned,Contra Costa 4 - Sturgis 100 kV Circuit 1
7321,L:8326:8338:138,2016-02-05 19:00:00,2016-02-12 19:00:00,planned,Cachete1 1526 1530 - Cottonwood 138 kV
12110,L:16941:17565:138,2016-02-13 19:00:00,2016-03-04 19:00:00,planned,Darfield Tap - Mid City 138 kV Cir. 1
928,L:5418:5420:138,2016-02-07 19:00:00,2016-02-16 19:00:00,planned,Zion Hill - North Plains 138 kV #1
17239,L:19842:19850:100,2016-02-05 19:00:00,2016-02-18 19:00:00,planned,Harkness - Clear Crossing 100 kV Cir. 1
4309,L:7018:7117:138,2016-02-09 19:00:00,2016-02-16 19:00:00,planned,Standard Oil 3 - Inver Hills Substation 138 kV #1
3108,L:6324:7114:345,2016-02-08 19:00:00,2016-02-12 19:00:00,planned,Olympus - Montour Station 345 kV #1
9397,L:9288:9289:138,2016-02-12 19:00:00,2016-02-17 19:00:00,planned,Cadillac Renewable Energy Substation - Mecca 138 kV L
18761,L:21983:22739:230,2016-02-11 19:00:00,2016-02-29 19:00:00,planned,Delena - Henry County 230 kV L
10227,L:9683:10115:138,2016-02-13 19:00:00,2016-02-27 19:00:00,planned,Belle Haven Diesel Generation Facility - Jolly Hill 138 kV line
20595,L:23286:23297:100,2016-02-08 19:00:00,2016-02-15 19:00:00,planned,Okray - Peosta Substation 100 kV Line 1
19412,L:22849:22854:100,2016-02-06 19:00:00,2016-02-18 19:00:00,planned,Moreno Tap - Scyene Rd 100 kV Line 1
18669,L:21776:21783:100,2016-02-04 19:00:00,2016-02-14 19:00:00,planned,Flora Site B - Brasada 100 kV line
2532,L:6053:6054:138,2016-02-04 19:00:00,2016-02-10 19:00:00,planned,W Mcallen - Overton 138 kV Cir. 1
12672,L:17387:17388:138,2016-02-06 19:00:00,2016-02-20 19:00:00,planned,Webb - Acacia 138 kV Circuit 1
10397,L:9760:10213:138,2016-02-04 19:00:00,2016-02-21 19:00:00,planned,Cato - Brandy Branch 138 kV Line 1
15976,L:19326:19331:100,2016-02-07 19:00:00,2016-02-19 19:00:00,planned,Lee Vining - Eustis 100 kV Ckt 1
6595,L:8040:8051:138,2016-02-04 19:00:00,2016-02-10 19:00:00,planned,Jemez Jmec - Tahkenitch 138 kV Circuit 1
20401,L:23185:23187:100,2016-02-11 19:00:00,2016-02-15 19:00:00,planned,Frontenac - Maguire Road 100 kV Ckt 1
20620,L:23293:23300:100,2016-02-10 19:00:00,2016-02-19 19:00:00,planned,Smelter - Delgen 100 kV Cir. 1
17871,L:20150:20156:100,2016-02-06 19:00:00,2016-02-13 19:00:00,planned,Belding - South Canton 3 100 kV Ckt 1
3699,L:6627:6628:138,2016-02-12 19:00:00,2016-02-19 19:00:00,planned,Hamilton A Substation - Wilson 138 kV
9860,L:9548:9574:138,2016-02-10 19:00:00,2016-02-23 19:00:00,planned,Darbytown Cts - Mount Jackson 138 kV Line 1
13276,L:17951:18035:138,2016-02-09 19:00:00,2016-02-28 19:00:00,planned,Chimacum - Leonard Road 138 kV Cir. 1
12755,L:17558:17847:138,2016-02-12 19:00:00,2016-02-21 19:00:00,planned,Edgewood - Port Ewards 138 kV Line 2
6560,L:8022:8245:138,2016-02-09 19:00:00,2016-02-27 19:00:00,planned,Ulmerton Transfer Ctr - Seward 138 kV Ckt 1
13822,L:18246:18249:138,2016-02-09 19:00:00,2016-02-13 19:00:00,planned,Frankfort - S Ridge 138 kV
11204,L:10176:11197:138,2016-02-09 19:00:00,2016-02-21 19:00:00,planned,Longfalls Facility - Rosemary Power Sta 138 kV Circuit 1
3034,L:6290:6466:138,2016-02-05 19:00:00,2016-02-17 19:00:00,planned,Burgess Biopower Substation - Mcpherson 3 138 kV L
3277,L:6411:6585:345,2016-02-27 19:00:00,2016-03-11 19:00:00,planned,Blakely Mountain - Industry 345 kV Ckt 1
19584,L:22886:22982:230,2016-02-29 19:00:00,2016-03-05 19:00:00,planned,Flax Hill - Commonwealth Edison Des Plaines 230 kV Line
16489,L:19557:19587:500,2016-02-27 19:00:00,2016-03-03 19:00:00,planned,Conesville Sta Substation - Inyokern 500 kV
8681,L:8979:9013:138,2016-02-27 19:00:00,2016-03-14 19:00:00,planned,Downey - Bozman 138 kV Circuit 1
3686,L:6614:6797:138,2016-03-03 19:00:00,2016-03-17 19:00:00,planned,North Bloomfield - Wild Rose 138 kV
1721,L:5819:5874:138,2016-03-01 19:00:00,2016-03-19 19:00:00,planned,Camp Far W - Fanwood 138 kV Line
12517,L:17223:17226:138,2016-02-29 19:00:00,2016-03-15 19:00:00,planned,S O Purdom - Carrollwood Village 138 kV Line 1
13227,L:17921:18209:138,2016-02-28 19:00:00,2016-03-12 19:00:00,planned,Shepherdstown - Carnal 138 kV #1
8033,L:8667:9001:138,2016-02-28 19:00:00,2016-03-09 19:00:00,planned,Deerhaven - Fostoria Central 138 kV Cir. 1
15264,L:18989:18991:100,2016-03-03 19:00:00,2016-03-10 19:00:00,planned,W Gardner Substation - Duke 100 kV #1
5041,L:7224:7327:138,2016-03-01 19:00:00,2016-03-11 19:00:00,planned,Watkins Rd - Concourse 138 kV Cir. 1
5013,L:7214:7889:138,2016-02-24 19:00:00,2016-03-07 19:00:00,planned,Drusilla - Zeno 138 kV Circuit 1
10750,L:9922:9928:138,2016-02-24 19:00:00,2016-03-10 19:00:00,planned,Depot - S Christianburg 138 kV
15775,L:19221:19226:230,2016-02-24 19:00:00,2016-02-25 19:00:00,planned,Gibsonia - Meadowdale 230 kV Ckt 1
19097,L:22673:22742:100,2016-02-28 19:00:00,2016-03-12 19:00:00,planned,Gruver - Wabash 100 kV #1
21157,L:23491:23504:100,2016-03-03 19:00:00,2016-03-06 19:00:00,planned,Ustick - Fisk St 100 kV Ckt 1
5026,L:7219:7379:138,2016-03-01 19:00:00,2016-03-09 19:00:00,planned,Inverness - Winkler 138 kV Circuit 1
2882,L:6222:6716:138,2016-03-01 19:00:00,2016-03-06 19:00:00,planned,Astro Substation - New Hanover County Wastec 138 kV
15071,L:18902:18904:100,2016-02-29 19:00:00,2016-03-08 19:00:00,planned,Loveridge Rd - Zimmer 100 kV #1
16732,L:19619:19623:100,2016-02-24 19:00:00,2016-03-14 19:00:00,planned,Sterling - Frostkraft 100 kV
14922,L:18843:19576:500,2016-02-26 19:00:00,2016-03-15 19:00:00,planned,Wagley Robertson - Larson Street 500 kV
1976,L:5916:6160:138,2016-03-01 19:00:00,2016-03-13 19:00:00,planned,Suntree - Glen Head 138 kV Line
1368,L:5626:5732:345,2016-02-25 19:00:00,2016-03-08 19:00:00,planned,No Wall - Woodside 345 kV Ckt 1
20148,L:23095:23181:100,2016-02-25 19:00:00,2016-02-29 19:00:00,planned,San Andres - Eastshore 100 kV Line 2
15491,L:19081:19088:100,2016-02-28 19:00:00,2016-03-15 19:00:00,planned,Goodan - Rush Island 100 kV Cir. 1
5663,L:7553:7584:138,2016-03-03 19:00:00,2016-03-12 19:00:00,planned,Butler - Irasburg 138 kV Ckt 1
6702,L:8088:8255:138,2016-02-27 19:00:00,2016-03-04 19:00:00,planned,Scrbgrass Generating Plant Substation - Whiteside 138 kV Circuit 1
2708,L:6134:6866:138,2016-02-24 19:00:00,2016-02-26 19:00:00,planned,Neshaminy - Byberry 138 kV Circuit 1
16284,L:19503:19674:100,2016-02-26 19:00:00,2016-03-16 19:00:00,planned,Niland - Redmond 100 kV Ckt 1
470,L:5210:5359:138,2016-03-02 19:00:00,2016-03-22 19:00:00,planned,Huffman - Athenia 138 kV
13180,L:17893:17916:138,2016-02-26 19:00:00,2016-03-16 19:00:00,planned,Yorkshire - Bedington 138 kV Circuit 1
7788,L:8527:8792:138,2016-03-02 19:00:00,2016-03-08 19:00:00,planned,Melbourne - Belknap 138 kV Line 1
14279,L:18558:18604:138,2016-03-02 19:00:00,2016-03-10 19:00:00,planned,Grand Ronde - Glenshire 138 kV Circuit 1
20217,L:23122:23124:100,2016-02-23 19:00:00,2016-02-26 19:00:00,planned,Elmhurst - Saxon Creek 100 kV Line 1
3966,L:6778:6914:138,2016-04-06 08:00:00,2016-04-20 08:00:00,planned,Papago Buttes - Leidesdorff-Coloma 138 kV
18379,L:21195:21196:100,2016-04-04 08:00:00,2016-04-15 08:00:00,planned,Segs 5 - Parkview Battery 100 kV
9939,L:9595:18366:138,2016-04-05 08:00:00,2016-04-12 08:00:00,planned,Faraday - Bullock 138 kV Circuit 1
15397,L:19049:19094:100,2016-04-02 08:00:00,2016-04-11 08:00:00,planned,Ductile - Lucent 100 kV Cir. 1
1142,L:5526:5527:138,2016-04-06 08:00:00,2016-04-11 08:00:00,planned,Sperryville - Gl Dairy Biogas 138 kV Line 1
11236,L:10198:10270:138,2016-04-03 08:00:00,2016-04-15 08:00:00,planned,Quantico - Fuller Road Substation 138 kV Circuit 1
19641,L:22909:22971:100,2016-03-30 08:00:00,2016-04-08 08:00:00,planned,Sunrise - Telluride 100 kV
15159,L:18940:18944:100,2016-03-28 08:00:00,2016-04-17 08:00:00,planned,Whirlpool Corporation - Marion Wind Farm - Boudoin 100 kV Circuit 1
5383,L:7420:7560:138,2016-03-30 08:00:00,2016-04-17 08:00:00,planned,Daleville - Siphon Drop 138 kV #1
13785,L:18229:18237:138,2016-03-30 08:00:00,2016-04-03 08:00:00,planned,Dalewood - Trner Substation 138 kV Line
12801,L:17582:17583:138,2016-04-05 08:00:00,2016-04-08 08:00:00,planned,Weyerhaeuser Co - Badoura 230115 Kv 138 kV Line
17758,L:20087:20165:100,2016-04-03 08:00:00,2016-04-04 08:00:00,planned,Green - Wayview Substation 100 kV Line 1
10924,L:10004:10296:138,2016-03-30 08:00:00,2016-04-17 08:00:00,planned,Coffeeville - Mercy Springs 138 kV Line
16997,L:19741:19767:100,2016-04-04 08:00:00,2016-04-23 08:00:00,planned,Rabbit Creek - Fap 100 kV
13200,L:17903:17904:138,2016-04-04 08:00:00,2016-04-24 08:00:00,planned,Shack Mills Sta - Elliot Park Substation 138 kV
3005,L:6276:6575:138,2016-04-05 08:00:00,2016-04-12 08:00:00,planned,Eale Crk - Uknown12262 138 kV Ckt 1
3272,L:6410:6417:138,2016-04-06 08:00:00,2016-04-16 08:00:00,planned,Hathaway - Wilde 138 kV Circuit 1
9926,L:9587:9670:345,2016-04-05 08:00:00,2016-04-16 08:00:00,planned,Wolf Hills Energy - Bon Aqua 345 kV Cir. 1
17580,L:19997:20002:100,2016-04-01 08:00:00,2016-04-06 08:00:00,planned,Brackenridge - Bowline Point 100 kV Ckt 1
3263,L:6400:7165:138,2016-04-02 08:00:00,2016-04-09 08:00:00,planned,Talenenergy Martins Crk Llc W Shore - Dte Pontiac N Llc 138 kV #1
12256,L:17014:17335:138,2016-04-05 08:00:00,2016-04-08 08:00:00,planned,Haines City E - Corral 138 kV Line 1
9071,L:9131:9484:138,2016-04-06 08:00:00,2016-04-17 08:00:00,planned,Sweden Switches - Gordonsville Energy Lp 138 kV Circuit 1
8301,L:8784:8795:138,2016-03-30 08:00:00,2016-04-11 08:00:00,planned,Berkshire - Ford Drive Substation 138 kV Circuit 1
15423,L:19055:19546:100,2016-04-06 08:00:00,2016-04-11 08:00:00,planned,Huntington - Burlington Dp 100 kV Line 1
15925,L:19301:19302:100,2016-04-05 08:00:00,2016-04-20 08:00:00,planned,Hammond Sta - Valmy 100 kV Cir. 1
3895,L:6743:6895:138,2016-04-05 08:00:00,2016-04-10 08:00:00,planned,Heaton - Jenkintown 138 kV Line 1
14744,L:18769:18779:100,2016-03-30 08:00:00,2016-04-12 08:00:00,planned,Pinckneyville Station - Church Rock 100 kV Cir. 1
17839,L:20133:20299:230,2016-03-29 08:00:00,2016-04-03 08:00:00,planned,Alleghany - Hagan 230 kV
1104,L:5513:5563:138,2016-05-25 18:00:00,2016-05-29 18:00:00,planned,Colorado Powerstation - Jamestown 138 kV #1
1330,L:5610:5662:138,2016-05-27 18:00:00,2016-05-31 18:00:00,planned,Jack County Substation - Seatac 138 kV Ckt 1
5606,L:7525:8250:500,2016-05-29 18:00:00,2016-06-15 18:00:00,planned,William F Matson Generating Sta - Boomerang 500 kV L
647,L:5289:6891:138,2016-05-24 18:00:00,2016-06-01 18:00:00,planned,Deerfield 4 Substation - Cuthbert 138 kV Cir. 1
6320,L:7885:7921:138,2016-05-29 18:00:00,2016-06-16 18:00:00,planned,Turin - East Hampton 138 kV
15246,L:18980:19026:100,2016-05-23 18:00:00,2016-06-03 18:00:00,planned,New Spackenkill - Jug Street 100 kV Ckt 1
13410,L:18012:18013:138,2016-05-29 18:00:00,2016-06-02 18:00:00,planned,Milton - Lakehead Delavan Substation 138 kV
20834,L:23409:23417:100,2016-05-30 18:00:00,2016-06-16 18:00:00,planned,Bay De Noc - Beck St 100 kV line
3394,L:6463:7119:138,2016-05-28 18:00:00,2016-06-05 18:00:00,planned,Lberty Electric Power Plant - Griswald 138 kV Line 1
8578,L:8921:8971:138,2016-05-24 18:00:00,2016-06-12 18:00:00,planned,Black Lake - Logan Aluminum 138 kV #1
20119,L:23085:23446:100,2016-05-31 18:00:00,2016-06-18 18:00:00,planned,Wayne - Elgin Energy Ctr Llc 100 kV Ckt 1
14042,L:18381:18383:138,2016-05-31 18:00:00,2016-06-03 18:00:00,planned,Freehold - Red Tail 138 kV Ckt 1
14793,L:18795:19429:100,2016-05-22 18:00:00,2016-06-02 18:00:00,planned,Church Rock Tap - King 100 kV
6397,L:7929:8061:138,2016-05-26 18:00:00,2016-06-03 18:00:00,planned,Mukonago - Reenergy Ashland 138 kV
7400,L:8368:8369:138,2016-05-27 18:00:00,2016-06-06 18:00:00,planned,Harvard Substation - Dorset 138 kV
18399,L:21204:21212:100,2016-05-29 18:00:00,2016-06-11 18:00:00,planned,W Vicksburg - Vicksburg 100 kV
11071,L:10099:10304:138,2016-05-28 18:00:00,2016-06-06 18:00:00,planned,Lake Kingman Substation - S Bellevue Substation 138 kV Circuit 1
4415,L:7080:7084:138,2016-05-29 18:00:00,2016-06-03 18:00:00,planned,Hinton - Gentleman 138 kV
2610,L:6085:7134:345,2016-05-23 18:00:00,2016-05-29 18:00:00,planned,Richard Lake - Ontelaunee Energy Ctr 345 kV #1
9078,L:9133:9418:138,2016-05-23 18:00:00,2016-06-10 18:00:00,planned,Palm Sprngs - N Network 138 kV Ckt 1
17207,L:19826:20278:230,2016-05-29 18:00:00,2016-06-14 18:00:00,planned,Rancho Vista - Moffett 230 kV Line 1
5461,L:7458:7460:138,2016-05-31 18:00:00,2016-06-09 18:00:00,planned,Negley - Wesbasin 138 kV Circuit 1
6238,L:7845:7848:138,2016-05-23 18:00:00,2016-06-03 18:00:00,planned,Greenwell - Hastings 138 kV Line 1
15965,L:19323:19331:100,2016-05-28 18:00:00,2016-05-30 18:00:00,planned,W Hills - Lee Vining 100 kV
15920,L:19298:19703:100,2016-05-30 18:00:00,2016-06-19 18:00:00,planned,Holt Switch Substation - Eighteenth St 100 kV Cir. 1
2577,L:6070:6570:138,2016-05-28 18:00:00,2016-06-14 18:00:00,planned,S Beaver Dam - Banta Carbona 138 kV Ckt 1
8688,L:8986:9090:138,2016-05-31 18:00:00,2016-06-03 18:00:00,planned,Malin - Crisfield 138 kV Cir. 1
4313,L:7020:8152:138,2016-05-25 18:00:00,2016-06-05 18:00:00,planned,Stuart - Rankin 138 kV Circuit 1
9681,L:9426:9646:138,2016-05-29 18:00:00,2016-06-06 18:00:00,planned,Halfax - Glen Haven 138 kV Line 1
7403,L:8370:8381:138,2016-05-30 18:00:00,2016-06-16 18:00:00,planned,University Of Florida - Rhame 138 kV Circuit 1
19723,L:22938:22939:100,2016-05-24 18:00:00,2016-06-06 18:00:00,planned,West Memphis Gateway - Gamer 100 kV #1
10958,L:10028:10078:138,2016-05-30 18:00:00,2016-06-17 18:00:00,planned,4602 Coamo - White Stone 138 kV Ckt 1
4193,L:6943:6946:138,2016-05-26 18:00:00,2016-06-01 18:00:00,planned,Morgan - Tunnel 138 kV
3574,L:6549:6568:138,2016-05-23 18:00:00,2016-06-03 18:00:00,planned,Capay - High Falls 138 kV #1
11980,L:16481:16489:138,2016-05-23 18:00:00,2016-05-24 18:00:00,planned,Pine Ridge - Montrose 138 kV
140,L:3171:3508:161,2016-05-28 18:00:00,2016-05-29 18:00:00,planned,Mccabe - Minue St 161 kV Line 1
9376,L:9276:9944:345,2016-05-25 18:00:00,2016-06-01 18:00:00,planned,Sta G Substation - Challenge Substation 345 kV Line 2
17594,L:20006:20275:100,2016-05-28 18:00:00,2016-06-17 18:00:00,planned,U S Alliance Coosa Pines - Taum Sauk Substation 100 kV Line 1
7773,L:8524:8567:138,2016-05-27 18:00:00,2016-05-28 18:00:00,planned,Oroville - Fullerton 138 kV #1
13275,L:17951:18020:138,2016-05-29 18:00:00,2016-06-12 18:00:00,planned,Chimacum - American Riv Parkway 138 kV Ckt 1
5437,L:7448:7468:138,2016-05-25 18:00:00,2016-06-03 18:00:00,planned,Lone Pine Substation - Blackburn 138 kV #1
13761,L:18216:18270:138,2016-05-25 18:00:00,2016-05-27 18:00:00,planned,New Glarus - Big Oaks 138 kV Ckt 1
11097,L:10107:10123:138,2016-05-30 18:00:00,2016-06-05 18:00:00,planned,Springbank - Shipyard 138 kV
11285,L:10229:10244:138,2016-06-12 17:00:00,2016-06-28 17:00:00,planned,Weed Junction - Evansville Muni 138 kV
3040,L:6295:6297:138,2016-06-13 17:00:00,2016-06-18 17:00:00,planned,Royalty - South Whitehall 138 kV
13425,L:18021:18639:138,2016-06-19 17:00:00,2016-06-29 17:00:00,planned,Federalgen - Progress Park 138 kV Ckt 1
18689,L:21786:21801:100,2016-06-17 17:00:00,2016-06-27 17:00:00,planned,Jemison - Aep Pettit Avenue 100 kV #1
5165,L:7278:7397:138,2016-06-11 17:00:00,2016-06-12 17:00:00,planned,Riverview Energy Systems - Universal Substation 138 kV Cir. 1
9361,L:9268:18362:138,2016-06-15 17:00:00,2016-07-01 17:00:00,planned,Hurley - Norco 138 kV Line 1
14786,L:18792:18793:100,2016-06-19 17:00:00,2016-07-03 17:00:00,planned,Guion - Rio Vista 100 kV #1
10040,L:9642:9651:138,2016-06-14 17:00:00,2016-06-28 17:00:00,planned,Haymarket Square Substation - Elkton D.P 138 kV Ckt 1
343,L:5150:5353:138,2016-06-13 17:00:00,2016-06-15 17:00:00,planned,Coconino - Unioin Sta 138 kV Circuit 1
18486,L:21631:21682:100,2016-06-17 17:00:00,2016-06-28 17:00:00,planned,Rancho Mission Viejo - Fermi 100 kV Circuit 2
6671,L:8075:8084:138,2016-06-19 17:00:00,2016-06-24 17:00:00,planned,Oacle - Paxton 138 kV
3714,L:6638:6645:138,2016-06-19 17:00:00,2016-06-22 17:00:00,planned,Glen Carter - East Grangeville 138 kV
8405,L:8838:8875:138,2016-06-14 17:00:00,2016-06-21 17:00:00,planned,Wallace - Cal Poly 138 kV Ckt 1
3347,L:6445:6460:138,2016-06-15 17:00:00,2016-06-21 17:00:00,planned,Highlands - Beverly 138 kV Cir. 1
658,L:5292:6899:138,2016-06-12 17:00:00,2016-06-22 17:00:00,planned,Sub 5292 - Woodlynne 138 kV
7031,L:8256:8276:345,2016-06-19 17:00:00,2016-06-27 17:00:00,planned,Victoria Tc 7001-7007-7008 - Granada 345 kV
9162,L:9165:9293:138,2016-06-20 17:00:00,2016-07-08 17:00:00,planned,Russell Downtown - Carite 138 kV Line 1
15703,L:19193:19194:100,2016-06-15 17:00:00,2016-06-27 17:00:00,planned,Browns Vly Substation - Fritch 100 kV Line
49,L:2734:2965:161,2016-06-13 17:00:00,2016-06-16 17:00:00,planned,Penhorn - Walteria 161 kV #1
13341,L:17979:17998:138,2016-06-11 17:00:00,2016-06-12 17:00:00,planned,Port Angeles - Iep 138 kV Line
8097,L:8692:8713:138,2016-06-12 17:00:00,2016-06-20 17:00:00,planned,Tuxedo - Southwest 138 kV Ckt 1
11509,L:10295:10305:138,2016-06-20 17:00:00,2016-06-23 17:00:00,planned,Surry - Hilltop 230115Kv 138 kV #2
8502,L:8885:8888:138,2016-06-20 17:00:00,2016-06-24 17:00:00,planned,Poplar Avenue - Alden 138 kV Line 1
19738,L:22946:23473:100,2016-06-11 17:00:00,2016-06-18 17:00:00,planned,Robbins Community Power Llc - Riverside Ga 100 kV
19861,L:22982:23095:230,2016-06-19 17:00:00,2016-06-24 17:00:00,planned,Commonwealth Edison Des Plaines - San Andres 230 kV Ckt 1
20112,L:23079:23155:100,2016-06-19 17:00:00,2016-06-26 17:00:00,planned,E Jackson - Aec 300 100 kV Line
6851,L:8187:8199:138,2016-06-17 17:00:00,2016-07-06 17:00:00,planned,Manifold - Station S Van Nuys 138 kV Circuit 1
14266,L:18549:18675:138,2016-06-16 17:00:00,2016-06-30 17:00:00,planned,Stony Pt - Park 138 kV #1
11152,L:10139:10140:138,2016-06-18 17:00:00,2016-06-21 17:00:00,planned,Gainesville - Caney Crk 138 kV
5914,L:7694:7804:138,2016-06-17 17:00:00,2016-07-06 17:00:00,planned,Mianus - Round Rock S 138 kV
5533,L:7491:7496:138,2016-06-16 17:00:00,2016-06-26 17:00:00,planned,Prospect - Kenowa 138 kV Circuit 1
12958,L:17721:17835:138,2016-06-15 17:00:00,2016-06-19 17:00:00,planned,Crabb River Rd - J K Smith 138 kV
5949,L:7707:7709:138,2016-06-17 17:00:00,2016-07-02 17:00:00,planned,Bellis Substation - Stegall 138 kV Ckt 1
3642,L:6596:6609:138,2016-06-11 17:00:00,2016-06-25 17:00:00,planned,Talenenergy Martin Crk Llc Allentown - Warm Springs 138 kV Ckt 1
19588,L:22887:23145:230,2016-06-19 17:00:00,2016-06-23 17:00:00,planned,Capri - Burwell 230 kV Circuit 2
19478,L:22869:22871:100,2016-06-17 17:00:00,2016-06-25 17:00:00,planned,Woodchuck - S Bradley 100 kV
6740,L:8105:8111:138,2016-06-18 17:00:00,2016-06-26 17:00:00,planned,Mertens - Lewistown Substation 138 kV Cir. 1
12234,L:17000:17001:138,2016-06-13 17:00:00,2016-06-21 17:00:00,planned,Timber - Barstow 138 kV Line 1
4388,L:7065:7085:138,2016-06-18 17:00:00,2016-07-02 17:00:00,planned,Comanche - W Phoenix 138 kV Line 1
16877,L:19687:19696:230,2016-06-20 17:00:00,2016-07-02 17:00:00,planned,Tenaya-Northgate - Thomaston 230 kV Circuit 1
4527,L:7108:7155:345,2016-06-19 17:00:00,2016-06-28 17:00:00,planned,Peach Bottom - Indiantown Cogenerationlp 345 kV Line 1
1501,L:5683:7111:500,2016-06-16 17:00:00,2016-06-29 17:00:00,planned,Weber Substation - Michigan Avenue 500 kV Ckt 1
14219,L:18515:18518:138,2016-06-17 17:00:00,2016-07-05 17:00:00,planned,Lemon Creek Substation - Little River Substation 138 kV Cir. 1
8288,L:8779:8787:138,2016-06-11 17:00:00,2016-06-20 17:00:00,planned,Harford - Moreland 138 kV
17347,L:19890:20134:100,2016-06-19 17:00:00,2016-06-24 17:00:00,planned,St. Cloud - Praire Crk 100 kV #1
4190,L:6940:6954:138,2016-06-16 17:00:00,2016-07-02 17:00:00,planned,Seminoe - Hunt 138 kV L
10021,L:9636:9675:138,2016-06-11 17:00:00,2016-06-13 17:00:00,planned,Yemassee - Su 9675 138 kV #1
14154,L:18470:18472:138,2016-06-14 17:00:00,2016-06-18 17:00:00,planned,Stoughton S - Pidgeon 138 kV
2705,L:6134:6135:138,2016-06-20 17:00:00,2016-07-01 17:00:00,planned,Neshaminy - Mayerry Substation 138 kV Ckt 1
17125,L:19790:19798:100,2016-06-12 17:00:00,2016-07-01 17:00:00,planned,Cannon - Fox 100 kV Circuit 1
19218,L:22787:23368:100,2016-06-13 17:00:00,2016-06-23 17:00:00,planned,Port Robson - Neset 2 100 kV #1
746,L:5338:5970:138,2016-06-15 17:00:00,2016-06-23 17:00:00,planned,Texum - St. Clair 138 kV Line 1
15190,L:18951:19390:100,2016-06-11 17:00:00,2016-06-20 17:00:00,planned,Animas - Blount Street 100 kV
747,L:5339:5341:138,2016-06-19 17:00:00,2016-06-26 17:00:00,planned,Clayburn - W Darien 138 kV Cir. 1
2910,L:6232:6626:138,2016-06-20 17:00:00,2016-07-04 17:00:00,planned,Luling - Wilmington Sta C 138 kV
12088,L:16920:17385:138,2016-06-12 17:00:00,2016-06-28 17:00:00,planned,Monta Vista - Yale 138 kV Circuit 1
19277,L:22817:23092:100,2016-06-18 17:00:00,2016-07-08 17:00:00,planned,Tri-Corner - Vilas Rd 100 kV Circuit 2
15196,L:18954:18955:100,2016-06-19 17:00:00,2016-06-26 17:00:00,planned,Union Ridge - Indeck Corinth Energy Ctr 100 kV Circuit 1
18864,L:22026:22030:100,2016-06-15 17:00:00,2016-07-03 17:00:00,planned,Germn Church - Lake Crystal 100 kV #1
6095,L:7775:7847:500,2016-06-19 17:00:00,2016-06-27 17:00:00,planned,Trezevant - Lower Ollala Substation 500 kV Circuit 1
1358,L:5621:5983:345,2016-06-15 17:00:00,2016-07-05 17:00:00,planned,Peninsula Park - Hat Rapids 345 kV Cir. 1
20116,L:23083:23234:100,2016-06-12 17:00:00,2016-06-26 17:00:00,planned,Larned Substation - Henry D King 100 kV Ckt 1
10686,L:9896:9906:138,2016-06-11 17:00:00,2016-06-24 17:00:00,planned,New Lisbon - Dranesville 138 kV
3056,L:6300:6521:345,2016-06-20 17:00:00,2016-07-07 17:00:00,planned,Lake June Pump - Hedges 345 kV line
13677,L:18167:18183:138,2016-06-12 17:00:00,2016-06-23 17:00:00,planned,Five Corners Substation - Roseland 138 kV Cir. 1
14751,L:18772:18877:230,2016-07-21 16:00:00,2016-08-09 16:00:00,planned,Pleasure Ridge - Woodlawn 230 kV Line 1
7789,L:8528:8565:138,2016-07-23 16:00:00,2016-08-01 16:00:00,planned,Hazelwood - Wolf Rd 138 kV
1011,L:5477:5493:138,2016-07-18 16:00:00,2016-07-24 16:00:00,planned,Sabic Innovative Plastics Mt. Vernon - Fair Oaks 138 kV
11122,L:10121:10188:138,2016-07-18 16:00:00,2016-07-23 16:00:00,planned,Yates Dam - Grmann 138 kV
14117,L:18438:18442:138,2016-07-18 16:00:00,2016-07-28 16:00:00,planned,Fishers Road - Svp 138 kV
14306,L:18578:18584:138,2016-07-21 16:00:00,2016-07-23 16:00:00,planned,Tarpon Springs - Windrock 138 kV Line
14069,L:18402:18403:138,2016-07-17 16:00:00,2016-07-23 16:00:00,planned,Hood Mesa - Shandin 138 kV Circuit 1
7642,L:8472:8487:138,2016-07-21 16:00:00,2016-07-27 16:00:00,planned,Bowen St - Scoggin 138 kV Cir. 1
5800,L:7630:7631:138,2016-07-21 16:00:00,2016-07-30 16:00:00,planned,Philip - Marshall Dam 138 kV Cir. 1
13198,L:17902:17907:138,2016-07-19 16:00:00,2016-08-01 16:00:00,planned,Millbrae Ap - Monroe Ne 138 kV Line 1
5006,L:7211:7380:138,2016-07-20 16:00:00,2016-07-21 16:00:00,planned,Crescent - Tonopah 138 kV Line 1
3012,L:6280:6298:345,2016-07-18 16:00:00,2016-07-22 16:00:00,planned,Mesa View - Cromby 345 kV #1
6453,L:7955:7964:138,2016-07-23 16:00:00,2016-08-01 16:00:00,planned,Sifton Substation - Flare Ave 138 kV Circuit 1
11946,L:16191:16836:138,2016-07-20 16:00:00,2016-07-23 16:00:00,planned,High Falls - Saranac Ny - Lake Mine 138 kV
17127,L:19791:20054:230,2016-07-19 16:00:00,2016-07-23 16:00:00,planned,Goose Lake Substation - Williams Lake 230 kV Line 1
994,L:5461:5473:138,2016-07-17 16:00:00,2016-08-05 16:00:00,planned,Ultra Power - Harden Substation 138 kV Ckt 1
15195,L:18953:22247:100,2016-07-16 16:00:00,2016-08-04 16:00:00,planned,Arco - Silver Hawk 100 kV Cir. 1
17379,L:19901:19902:100,2016-07-20 16:00:00,2016-07-26 16:00:00,planned,Fostoria - Big Fish 100 kV #1
19394,L:22848:23466:100,2016-07-17 16:00:00,2016-08-04 16:00:00,planned,Ce Turbo - Maximo 100 kV #1
19783,L:22961:23491:230,2016-07-19 16:00:00,2016-08-07 16:00:00,planned,Washington Park - Fisk Street 230 kV Ckt 1
9046,L:9118:9122:138,2016-07-21 16:00:00,2016-07-22 16:00:00,planned,Charlottesville - Canal 138 kV Cir. 1
15963,L:19322:19327:100,2016-07-21 16:00:00,2016-08-01 16:00:00,planned,Grooms Road - Pantano 100 kV Ckt 1
17404,L:19917:20292:100,2016-07-19 16:00:00,2016-08-05 16:00:00,planned,W Batesville - Ciy Of Shelby Electric Distribution 100 kV
17687,L:20048:20273:100,2016-07-23 16:00:00,2016-08-12 16:00:00,planned,El Patio - Rittman Substation 100 kV Ckt 1
5280,L:7353:7361:138,2016-07-23 16:00:00,2016-07-27 16:00:00,planned,Mural - Lake Superior Paper 138 kV Line 1
14364,L:18629:18631:138,2016-07-23 16:00:00,2016-08-04 16:00:00,planned,Las Pulgs - E Plant 138 kV Circuit 1
6036,L:7749:7750:138,2016-07-17 16:00:00,2016-07-30 16:00:00,planned,Cochrane Dam - Military Highway 138 kV
2806,L:6187:6776:138,2016-07-23 16:00:00,2016-08-01 16:00:00,planned,Doucette - Jack Creek Substation 138 kV
20188,L:23107:23241:100,2016-07-22 16:00:00,2016-07-25 16:00:00,planned,Storey - Rodessa 100 kV Ckt 1
12866,L:17617:18619:138,2016-07-17 16:00:00,2016-07-29 16:00:00,planned,Kce Ny 1 - Big Sandy 138 kV Ckt 1
17576,L:19996:20008:100,2016-07-19 16:00:00,2016-08-01 16:00:00,planned,Hillabee Sta - Mcdonnell 100 kV Circuit 1
286,L:5122:5129:138,2016-07-22 16:00:00,2016-08-05 16:00:00,planned,Mayaguez - Apple Riv 138 kV Circuit 1
13623,L:18136:18137:138,2016-07-16 16:00:00,2016-07-19 16:00:00,planned,Modular Power Llc - 2 Ac Sta 138 kV Ckt 1
5777,L:7609:7635:138,2016-07-25 16:00:00,2016-07-27 16:00:00,planned,Spring City - Gmp Solar - Richmond 138 kV Line 1
2052,L:5927:5931:500,2016-07-22 16:00:00,2016-07-24 16:00:00,planned,24Th & Gardendale - Read Oak Sta 500 kV Ckt 1
14911,L:18842:19570:100,2016-07-20 16:00:00,2016-08-07 16:00:00,planned,Firstenergy R E Burger - Sidney 100 kV Line
1163,L:5535:6172:138,2016-07-25 16:00:00,2016-08-02 16:00:00,planned,Westbrook - Planta Tratamiento A.A.A 138 kV Circuit 1
1598,L:5742:5755:138,2016-07-19 16:00:00,2016-08-05 16:00:00,planned,S Haven - Mount Tom 138 kV Ckt 1
10491,L:9801:9805:138,2016-07-25 16:00:00,2016-08-10 16:00:00,planned,Collins Lake Substation - Retrieve 138 kV
8763,L:9030:17914:138,2016-07-25 16:00:00,2016-08-12 16:00:00,planned,Dam No. 4 Hydro Station - Westhill 138 kV Line 1
5054,L:7230:7253:138,2016-07-17 16:00:00,2016-07-28 16:00:00,planned,Main St Mo - Mcclellan-Bell 138 kV Ckt 1
1985,L:5917:5970:345,2016-08-03 16:00:00,2016-08-04 16:00:00,planned,Earlimart - St. Clair 345 kV
7478,L:8400:8403:138,2016-08-11 16:00:00,2016-08-21 16:00:00,planned,Chenoweth - Txi 138 kV Cir. 1
7582,L:8446:8919:138,2016-08-03 16:00:00,2016-08-12 16:00:00,planned,Priest Bridge - Levitt 138 kV
2414,L:6011:6020:138,2016-08-05 16:00:00,2016-08-21 16:00:00,planned,Herricks - Rotary Park 138 kV Circuit 1
3685,L:6613:6814:138,2016-08-03 16:00:00,2016-08-20 16:00:00,planned,Fiddyment - Santa Isabel 138 kV Circuit 1
2998,L:6274:6277:138,2016-08-07 16:00:00,2016-08-14 16:00:00,planned,Hoover - Clearview 138 kV Circuit 1
20246,L:23132:23220:100,2016-08-04 16:00:00,2016-08-15 16:00:00,planned,Bernardo - Van Buren St 100 kV #1
20740,L:23348:23354:100,2016-08-06 16:00:00,2016-08-23 16:00:00,planned,Skaggs Island - Iris 100 kV Line 1
15369,L:19036:19049:100,2016-08-05 16:00:00,2016-08-15 16:00:00,planned,Chipola - Ductile 100 kV Ckt 1
12873,L:17623:17752:138,2016-08-11 16:00:00,2016-08-30 16:00:00,planned,Leslie - Scott Treet 138 kV Line 1
14877,L:18827:19274:230,2016-08-07 16:00:00,2016-08-14 16:00:00,planned,Steensen Ss 109 - Aqualinda 230 kV Ckt 1
5927,L:7699:7802:345,2016-08-07 16:00:00,2016-08-17 16:00:00,planned,Live Oak - Hidalgo Smelter 345 kV
20499,L:23244:23246:100,2016-08-06 16:00:00,2016-08-20 16:00:00,planned,Tenaja - Valley Stream 100 kV #1
6701,L:8088:8090:138,2016-08-07 16:00:00,2016-08-18 16:00:00,planned,Whiteside - Divide 138 kV
14229,L:18527:18552:138,2016-08-11 16:00:00,2016-08-24 16:00:00,planned,Phillips Petroleum Substation - Drain 138 kV Ckt 1
17119,L:19786:19797:100,2016-08-11 16:00:00,2016-08-12 16:00:00,planned,Beatrice - Combee Rd Substation 100 kV Cir. 1
2714,L:6136:6868:138,2016-08-10 16:00:00,2016-08-11 16:00:00,planned,Melrose - Tolson Solar 138 kV Ckt 1
11106,L:10112:10263:138,2016-08-10 16:00:00,2016-08-17 16:00:00,planned,Cherrydale Solar Power Facility - Arcadia 138 kV Line
3252,L:6393:6394:138,2016-08-03 16:00:00,2016-08-11 16:00:00,planned,Grantsburg Diesel - Westwood 138 kV Line
1450,L:5671:5704:500,2016-08-04 16:00:00,2016-08-24 16:00:00,planned,Needham - Roy 500 kV Circuit 1
18748,L:21962:21963:100,2016-08-06 16:00:00,2016-08-19 16:00:00,planned,Coso 7 - Northstar 100 kV Line 1
3282,L:6415:6578:138,2016-08-10 16:00:00,2016-08-13 16:00:00,planned,Hemlock - Loganville 138 kV
3660,L:6600:6604:138,2016-08-06 16:00:00,2016-08-08 16:00:00,planned,Flagami - Wakefield Jct 138 kV Circuit 1
17857,L:20144:20178:100,2016-08-09 16:00:00,2016-08-21 16:00:00,planned,Belden Village - Volcano 100 kV Line 1
14481,L:18687:18707:230,2016-08-07 16:00:00,2016-08-13 16:00:00,planned,S Milford - Sporn 230 kV Ckt 1
10340,L:9738:10019:138,2016-08-07 16:00:00,2016-08-09 16:00:00,planned,Maiden Finger Street - Lytle 138 kV Circuit 1
6890,L:8217:8218:138,2016-08-10 16:00:00,2016-08-14 16:00:00,planned,Armawalk - Cholame 138 kV
15451,L:19064:19118:100,2016-08-11 16:00:00,2016-08-13 16:00:00,planned,Greg Stbella Vista - E Hills 100 kV #1
3639,L:6594:6618:138,2016-08-12 16:00:00,2016-08-20 16:00:00,planned,Freean - Fred H. Smith 138 kV #1
5252,L:7333:7334:138,2016-08-08 16:00:00,2016-08-21 16:00:00,planned,Brunot Island - Smith Lake 138 kV
18709,L:21800:21803:100,2016-08-05 16:00:00,2016-08-24 16:00:00,planned,Wallen - Robison Park 2 100 kV Cir. 1
4379,L:7061:7062:138,2016-08-03 16:00:00,2016-08-05 16:00:00,planned,Milford Depot - Highlands Park 138 kV Line 1
20312,L:23148:23165:100,2016-08-05 16:00:00,2016-08-23 16:00:00,planned,West Sparta - Picadilly 100 kV Ckt 1
7890,L:8599:8605:138,2016-08-11 16:00:00,2016-08-20 16:00:00,planned,Ripon - Hillsboo 138 kV #1
10414,L:9766:10230:138,2016-08-06 16:00:00,2016-08-21 16:00:00,planned,Pasadena - Benton 138 kV L
14911,L:18842:19570:100,2016-08-05 16:00:00,2016-08-17 16:00:00,planned,Sidney - Firstenergy R E Burger 100 kV #1
9688,L:9431:11154:138,2016-08-06 16:00:00,2016-08-20 16:00:00,planned,Wec 3 - Mcclellan-Adc 138 kV Ckt 1
15075,L:18905:18918:100,2016-08-11 16:00:00,2016-08-19 16:00:00,planned,Se. Oxford Substation - Mcgregor Alte 100 kV Line 1
20304,L:23145:23445:230,2016-08-05 16:00:00,2016-08-06 16:00:00,planned,Capri - Manson 230 kV L
19612,L:22897:22902:100,2016-08-10 16:00:00,2016-08-29 16:00:00,planned,Lawnwood - Albon Rd 100 kV Cir. 1
10988,L:10043:10146:138,2016-09-01 17:00:00,2016-09-11 17:00:00,planned,Southwest Research Institute - Mejia Tap Ns Ine Substation 138 kV L
10266,L:9704:9707:138,2016-09-01 17:00:00,2016-09-12 17:00:00,planned,Falls Chuch - F St 138 kV L
20547,L:23263:23508:500,2016-08-30 17:00:00,2016-09-16 17:00:00,planned,Los Ositos - Dresden Generating Station 500 kV Line 1
12849,L:17605:17691:138,2016-09-02 17:00:00,2016-09-22 17:00:00,planned,Zobel - Tupman 138 kV Circuit 1
9385,L:9282:9466:138,2016-09-05 17:00:00,2016-09-20 17:00:00,planned,Universiity Substation - Meadow Lake Wind Farm Llc 138 kV Ckt 1
6618,L:8053:8055:138,2016-09-06 17:00:00,2016-09-22 17:00:00,planned,Tempe - Bayou Marcus 138 kV line
8227,L:8740:8761:138,2016-09-08 17:00:00,2016-09-13 17:00:00,planned,Frederick Substation - Miller Substation 138 kV Cir. 1
3301,L:6426:6447:138,2016-09-03 17:00:00,2016-09-21 17:00:00,planned,Modern Innovative Energy Llc - Chittenden 138 kV Ckt 1
8471,L:8864:8905:138,2016-09-07 17:00:00,2016-09-21 17:00:00,planned,Mattoon W - Black Mesa 138 kV
4230,L:6975:6987:138,2016-09-08 17:00:00,2016-09-19 17:00:00,planned,Epsy - Noxon 138 kV
10394,L:9759:10219:138,2016-09-05 17:00:00,2016-09-14 17:00:00,planned,Wheelabrator Portsmouth - Comox 138 kV Circuit 1
408,L:5179:5702:138,2016-09-05 17:00:00,2016-09-18 17:00:00,planned,Slater - Amargo 138 kV Cir. 1
504,L:5226:5973:138,2016-08-31 17:00:00,2016-09-03 17:00:00,planned,Nexen Chemicals - Francis 138 kV
3460,L:6498:6509:138,2016-08-31 17:00:00,2016-09-11 17:00:00,planned,Kilvert St - Swampy Acres 138 kV Ckt 1
9366,L:9272:9273:138,2016-09-05 17:00:00,2016-09-19 17:00:00,planned,Felipe - Edward Pike 138 kV Circuit 1
6164,L:7809:7811:138,2016-09-01 17:00:00,2016-09-16 17:00:00,planned,Daves Falls - Carbon Center 138 kV #1
9161,L:9164:9292:138,2016-09-02 17:00:00,2016-09-13 17:00:00,planned,South Lynchburg - Candlrs Mtn 138 kV Ckt 1
3453,L:6494:6517:138,2016-08-31 17:00:00,2016-09-12 17:00:00,planned,Stamey - Quendall Cable Sta 138 kV Line 1
19508,L:22873:22982:230,2016-08-30 17:00:00,2016-09-05 17:00:00,planned,Clifton Wilson - Commonwealth Edison Des Plaines Substation 230 kV Line 1
4969,L:7196:7367:138,2016-09-08 17:00:00,2016-09-18 17:00:00,planned,Minette - Pine Forest 138 kV
15551,L:19119:19565:100,2016-08-31 17:00:00,2016-09-06 17:00:00,planned,Bixby - Reedy Crk 100 kV Cir. 1
5641,L:7540:7541:138,2016-09-06 17:00:00,2016-09-19 17:00:00,planned,Penn Zeir - Mauka Fit One 138 kV Line 1
20105,L:23076:23153:100,2016-09-01 17:00:00,2016-09-04 17:00:00,planned,Southwyck - Pleasant Hill 100 kV
6911,L:8221:8222:345,2016-09-02 17:00:00,2016-09-21 17:00:00,planned,Luxor Substation - Frederic Diesel 345 kV
3793,L:6689:6790:138,2016-09-01 17:00:00,2016-09-11 17:00:00,planned,Panda Patriot Generation Plant - Tropico 138 kV Cir. 1
15659,L:19171:19174:100,2016-09-05 17:00:00,2016-09-11 17:00:00,planned,Overlook - Colusa Jct 100 kV
11025,L:10070:10291:345,2016-09-07 17:00:00,2016-09-18 17:00:00,planned,Corners - Idalia Substation 345 kV Ckt 1
10702,L:9905:9907:138,2016-09-04 17:00:00,2016-09-15 17:00:00,planned,Sully - Walney 138 kV
19411,L:22849:22853:100,2016-09-04 17:00:00,2016-09-24 17:00:00,planned,Moreno Tap - Comed Devon 100 kV
12284,L:17031:17396:138,2016-09-05 17:00:00,2016-09-16 17:00:00,planned,Bellefonte - Oxnard Substation 138 kV
13829,L:18255:18278:138,2016-09-04 17:00:00,2016-09-08 17:00:00,planned,Alum Creek Substation - Imran Woods-Whyte 138 kV
12746,L:17521:17736:345,2016-09-02 17:00:00,2016-09-20 17:00:00,planned,Tyee - Allings Crossing 345 kV Circuit 1
3643,L:6596:6618:138,2016-08-30 17:00:00,2016-09-16 17:00:00,planned,Freeman - Talenenergy Martin Creek Llc Allentown 138 kV Ckt 1
15617,L:19148:19531:100,2016-08-30 17:00:00,2016-09-10 17:00:00,planned,Bristers - Mesa Hts 100 kV Circuit 1
2627,L:6093:6099:138,2016-09-03 17:00:00,2016-09-05 17:00:00,planned,Pilot Knob - Woodland 138 kV
313,L:5134:5140:138,2016-09-05 17:00:00,2016-09-20 17:00:00,planned,Fountain City - Dorothy 138 kV #1
3901,L:6747:6926:138,2016-08-31 17:00:00,2016-09-05 17:00:00,planned,Tarlett - Wakarusa 138 kV
18271,L:20987:20989:100,2016-09-03 17:00:00,2016-09-21 17:00:00,planned,Boggy Brook - Port Of Stockton 100 kV Ckt 1
770,L:5354:5378:138,2016-09-03 17:00:00,2016-09-17 17:00:00,planned,Enid - Jet 138 kV Cir. 1
1068,L:5497:5498:138,2016-09-03 17:00:00,2016-09-17 17:00:00,planned,Prairie State Sta Substation - Greenfield 138 kV line
11981,L:16482:16813:138,2016-08-30 17:00:00,2016-09-19 17:00:00,planned,Bertwood - King City 138 kV Cir. 1
14546,L:18698:18708:345,2016-08-31 17:00:00,2016-09-06 17:00:00,planned,Kammer Substation - Prison Hill 345 kV Circuit 1
16311,L:19520:19522:100,2016-09-05 17:00:00,2016-09-23 17:00:00,planned,Dacono - Montello 100 kV
17990,L:20234:20265:100,2016-09-07 17:00:00,2016-09-13 17:00:00,planned,Bloomington Rogers St - Mccartney 100 kV Line 1
20453,L:23217:23247:100,2016-09-06 17:00:00,2016-09-19 17:00:00,planned,Offerman - Oswego 100 kV Circuit 1
7123,L:8270:8273:500,2016-09-08 17:00:00,2016-09-18 17:00:00,planned,Midland - Beaver Valley 500 kV Cir. 1
9201,L:9189:9190:138,2016-09-05 17:00:00,2016-09-19 17:00:00,planned,Weyers Cave - Ellis Hydro 138 kV Circuit 1
4521,L:7108:7118:500,2016-09-07 17:00:00,2016-09-24 17:00:00,planned,Peach Bottom - Face Rock 500 kV L
2168,L:5948:6204:138,2016-09-08 17:00:00,2016-09-10 17:00:00,planned,Uc Davis - Una 138 kV Ckt 1
9152,L:9162:9163:138,2016-08-31 17:00:00,2016-09-06 17:00:00,planned,Macks Inn - South Crk 138 kV #1
1306,L:5602:5853:138,2016-09-04 17:00:00,2016-09-24 17:00:00,planned,Seagoville Substation - Polyester Ps 138 kV
3435,L:6484:6649:138,2016-09-04 17:00:00,2016-09-21 17:00:00,planned,S Monroe - Mt. Olive 138 kV Ckt 1
18667,L:21775:21776:100,2016-09-05 17:00:00,2016-09-06 17:00:00,planned,Copus - Flora Site B 100 kV Cir. 1
14223,L:18520:18690:138,2016-09-08 17:00:00,2016-09-16 17:00:00,planned,Roberts Bills-Wilmont - Winfield 138 kV Ckt 1
15623,L:19152:19153:100,2016-09-08 17:00:00,2016-09-22 17:00:00,planned,Lafayatte Concord Road - Willimantic 100 kV
15870,L:19276:19506:100,2016-08-30 17:00:00,2016-09-10 17:00:00,planned,Wallaceville - Dennison 100 kV
5131,L:7261:7263:138,2016-10-16 17:00:00,2016-10-21 17:00:00,planned,Rockport - Tucson 138 kV #1
1142,L:5526:5527:138,2016-10-15 17:00:00,2016-10-25 17:00:00,planned,Sperryville Substation - Gl Dairy Biogas 138 kV Cir. 1
10361,L:9745:9749:138,2016-10-12 17:00:00,2016-10-29 17:00:00,planned,Brockport Substation - Ione 138 kV
3018,L:6281:6786:138,2016-10-14 17:00:00,2016-10-30 17:00:00,planned,Catawba - Tompkinsville 138 kV Cir. 1
19316,L:22828:22829:100,2016-10-19 17:00:00,2016-11-07 17:00:00,planned,Prevost - Medina Lake 100 kV #1
6600,L:8043:8050:138,2016-10-15 17:00:00,2016-11-03 17:00:00,planned,Bonnie Nook - Lowellville Substation 138 kV Line 1
3407,L:6473:6478:138,2016-10-10 17:00:00,2016-10-28 17:00:00,planned,Kielr - Supermercados Selectos 138 kV Cir. 1
13289,L:17957:18086:138,2016-10-12 17:00:00,2016-10-25 17:00:00,planned,Petro Canada Substation - Grants Pass 138 kV line
5525,L:7489:7498:138,2016-10-12 17:00:00,2016-10-25 17:00:00,planned,Valencia - Whitestown 138 kV
8172,L:8716:8913:138,2016-10-14 17:00:00,2016-10-25 17:00:00,planned,Carquinez Tap - Memorial 138 kV Ckt 1
1922,L:5900:5993:138,2016-10-18 17:00:00,2016-10-31 17:00:00,planned,Daffin Gin - Copans 138 kV Cir. 1
15212,L:18964:19356:100,2016-10-10 17:00:00,2016-10-30 17:00:00,planned,Grantline-Siefker - Cane Run 100 kV Line 1
12198,L:16991:17580:138,2016-10-16 17:00:00,2016-10-24 17:00:00,planned,Coachella City - Richardson 138 kV L
17741,L:20080:20124:100,2016-10-15 17:00:00,2016-10-28 17:00:00,planned,Thunderbird - Belle Glade 100 kV Cir. 1
13568,L:18102:18106:138,2016-10-17 17:00:00,2016-10-28 17:00:00,planned,Cluff - Phelan 138 kV
8288,L:8779:8787:138,2016-10-12 17:00:00,2016-10-21 17:00:00,planned,Harford - Moreland 138 kV Cir. 1
12825,L:17592:17593:138,2016-10-19 17:00:00,2016-10-20 17:00:00,planned,Bulan - Hazard 138 kV Ckt 2
10973,L:10034:10049:138,2016-10-11 17:00:00,2016-10-19 17:00:00,planned,Urich Tap - Moore St 138 kV Ckt 1
18010,L:20247:20286:100,2016-10-19 17:00:00,2016-11-06 17:00:00,planned,Bowling Green Generating Sta - Marbo 100 kV Circuit 1
540,L:5239:5243:138,2016-10-18 17:00:00,2016-11-04 17:00:00,planned,Sand Crk - Calpeak Pe 7 138 kV Line 1
19728,L:22941:23514:100,2016-10-15 17:00:00,2016-10-31 17:00:00,planned,Southeast Chicago Energy Project - Mi-Wuk 100 kV Cir. 1
19881,L:22987:23235:100,2016-10-10 17:00:00,2016-10-17 17:00:00,planned,Greeley - Mid-Georgia Cogeneration Facility 100 kV #2
2638,L:6101:6107:138,2016-10-11 17:00:00,2016-10-31 17:00:00,planned,Lullwater - Jordan Narrows 138 kV #1
19184,L:22778:23232:230,2016-10-14 17:00:00,2016-10-31 17:00:00,planned,43Rd & S. Land - St Johnsbury 230 kV L
9675,L:9424:9519:138,2016-10-13 17:00:00,2016-10-31 17:00:00,planned,Chatham - Covanta Southeastern Connecticut Company 138 kV line
9593,L:9383:9385:138,2016-10-12 17:00:00,2016-10-17 17:00:00,planned,Kelim - Mcminnville 138 kV
20010,L:23027:23028:100,2016-10-10 17:00:00,2016-10-15 17:00:00,planned,Alpaugh - Arbors 100 kV Cir. 1
19522,L:22874:22904:100,2016-10-19 17:00:00,2016-10-28 17:00:00,planned,Trienda - Solemint 100 kV Line 1
20403,L:23185:23225:100,2016-10-13 17:00:00,2016-10-18 17:00:00,planned,Frontenac - Stockton Hydro 100 kV Circuit 2
16842,L:19670:19880:100,2016-10-17 17:00:00,2016-11-06 17:00:00,planned,Babine Lake - Wintun 100 kV
17657,L:20035:20038:100,2016-10-17 17:00:00,2016-10-23 17:00:00,planned,Belle Vista - Petro Lewis 100 kV #1
9052,L:9120:9137:138,2016-10-11 17:00:00,2016-10-22 17:00:00,planned,Huntley - Scottsville 138 kV
14392,L:18650:18654:138,2016-10-17 17:00:00,2016-10-21 17:00:00,planned,Deltrail - Charca 138 kV Ckt 1
9905,L:9578:9580:138,2016-10-15 17:00:00,2016-10-22 17:00:00,planned,Thunder Substation - Vancouver Shipyard 138 kV #1
9915,L:9583:9594:138,2016-10-11 17:00:00,2016-10-16 17:00:00,planned,Philpott - Brodford 138 kV
1095,L:5509:5810:138,2016-10-15 17:00:00,2016-11-01 17:00:00,planned,Playas - Fsh Creek 138 138 kV Ckt 1
9806,L:9508:9642:138,2016-10-10 17:00:00,2016-10-28 17:00:00,planned,Kings - Haymarket Square 138 kV line
544,L:5239:5318:345,2016-10-14 17:00:00,2016-10-19 17:00:00,planned,Sand Crk - Oak Villa 345 kV #1
12365,L:17083:17098:138,2016-10-17 17:00:00,2016-10-19 17:00:00,planned,Las Lomas 1525 - Unionville City Of Substation 138 kV #1
20353,L:23169:23170:100,2016-10-17 17:00:00,2016-10-26 17:00:00,planned,Lockport - Putts Bridge 100 kV Line 1
18404,L:21206:21208:100,2016-10-10 17:00:00,2016-10-21 17:00:00,planned,Romeo - Hermanas Columbus Substation 100 kV Line 1
19669,L:22919:22939:100,2016-10-12 17:00:00,2016-10-15 17:00:00,planned,West Memphis Gateway - Us Gypsum Oakfield 100 kV Cir. 1
15631,L:19157:19321:100,2016-10-17 17:00:00,2016-10-29 17:00:00,planned,Hay Mill - Meade County 100 kV Circuit 1
1274,L:5584:5960:138,2016-10-14 17:00:00,2016-10-22 17:00:00,planned,Edison - Sayreville 138 kV Line 1
20622,L:23294:23309:100,2016-10-14 17:00:00,2016-10-24 17:00:00,planned,Baja - Bogard 100 kV Ckt 1
17847,L:20139:20143:100,2016-10-16 17:00:00,2016-10-23 17:00:00,planned,Greenidge Generation Llc - Marionn 100 kV Line 1
18462,L:21390:21681:100,2016-10-18 17:00:00,2016-10-23 17:00:00,planned,Monroe Mi - Monoe 100 kV #1
2726,L:6144:6192:138,2016-10-15 17:00:00,2016-10-21 17:00:00,planned,Holt T.S - Williston 138 kV Line 1
17085,L:19779:19814:100,2016-10-14 17:00:00,2016-10-23 17:00:00,planned,Lester - Interlaken 100 kV
8153,L:8712:8946:138,2016-10-19 17:00:00,2016-10-26 17:00:00,planned,Cranston Substation - Lake Louise 138 kV
5012,L:7214:7867:138,2016-10-14 17:00:00,2016-10-26 17:00:00,planned,W.E. Williams - Zeno 138 kV Circuit 1
5270,L:7347:7358:138,2016-10-13 17:00:00,2016-10-27 17:00:00,planned,Leesburg East - Silver Cliff 138 kV Line 1
16477,L:19555:19580:100,2016-10-15 17:00:00,2016-11-03 17:00:00,planned,Woodland Biomass Tap - Southwest Shreveport 100 kV
15811,L:19239:19259:100,2016-10-19 17:00:00,2016-11-05 17:00:00,planned,Bayou Chico - Upr 100 kV line
13368,L:17991:18705:138,2016-10-10 17:00:00,2016-10-11 17:00:00,planned,Tristate - Faircrest 138 kV
12201,L:16991:17584:138,2016-10-17 17:00:00,2016-10-29 17:00:00,planned,Richardson - Mwd Temescal 138 kV Circuit 2
19494,L:22872:23491:230,2016-10-11 17:00:00,2016-10-31 17:00:00,planned,Sun Prairie - Fisk Street 230 kV Ckt 1
16770,L:19637:20261:230,2016-10-13 17:00:00,2016-10-31 17:00:00,planned,Midvalley Substation - Galion Generating Sta 230 kV L
8584,L:8923:9060:138,2016-10-19 17:00:00,2016-11-04 17:00:00,planned,Seat Pleasant - Crysal Riv Wrec 138 kV Line 1
3343,L:6443:6949:138,2016-10-12 17:00:00,2016-10-30 17:00:00,planned,Sharon Hill - Clinton Battery 138 kV Circuit 1
18630,L:21764:21786:100,2016-10-15 17:00:00,2016-10-16 17:00:00,planned,Rose Hill - Aep Pettit Avenue 100 kV Circuit 1
12538,L:17237:17778:138,2016-10-14 17:00:00,2016-10-19 17:00:00,planned,Tumbler Ridge - Grafton 138 kV
11011,L:10058:18202:138,2016-10-17 17:00:00,2016-10-22 17:00:00,planned,White Tanks Srp - Parkoaks-Hilltop 138 kV Circuit 1
14739,L:18766:18876:100,2016-10-18 17:00:00,2016-11-07 17:00:00,planned,White Springs - Ammonia 100 kV #1
18947,L:22243:22244:100,2016-10-17 17:00:00,2016-10-21 17:00:00,planned,Hale Co - Aic Substation 100 kV Line 1
3375,L:6455:6460:138,2016-11-14 19:00:00,2016-11-25 19:00:00,planned,Chichester - Beverly 138 kV Cir. 1
18864,L:22026:22030:100,2016-11-20 19:00:00,2016-11-25 19:00:00,planned,Lake Crystal - German Church 100 kV Circuit 1
2782,L:6174:6841:138,2016-11-17 19:00:00,2016-12-04 19:00:00,planned,George Street - Apollo 138 kV
19689,L:22926:23492:100,2016-11-18 19:00:00,2016-12-06 19:00:00,planned,Nw Term - Los Esteros 100 kV Line 1
14742,L:18768:18918:230,2016-11-15 19:00:00,2016-12-03 19:00:00,planned,Pinetree - Mcgregor Alte 230 kV Ckt 1
5194,L:7294:7400:138,2016-11-21 19:00:00,2016-11-28 19:00:00,planned,Fairmont - Koksilah Tap 138 kV Circuit 1
12012,L:16809:16810:138,2016-11-19 19:00:00,2016-12-09 19:00:00,planned,Rainsville - Walters 138 kV Cir. 1
1923,L:5900:6928:138,2016-11-20 19:00:00,2016-12-05 19:00:00,planned,Daffin Gin - Muncipal Light 138 kV
2761,L:6159:6180:138,2016-11-17 19:00:00,2016-12-07 19:00:00,planned,Ocean Road - Dana 138 kV Cir. 1
15975,L:19326:19330:100,2016-11-20 19:00:00,2016-12-02 19:00:00,planned,Eustis - Earleys 100 kV #1
10643,L:9874:9881:138,2016-11-16 19:00:00,2016-11-20 19:00:00,planned,Sub 9874 - Alexandria 138 kV Circuit 1
8747,L:9017:9019:138,2016-11-21 19:00:00,2016-12-03 19:00:00,planned,Antietam - Jollyville 138 kV
15307,L:19009:19023:100,2016-11-19 19:00:00,2016-12-06 19:00:00,planned,W Millersport - Millrsport 100 kV
13772,L:18222:18701:138,2016-11-16 19:00:00,2016-11-27 19:00:00,planned,London Substation - Belfort 138 kV #1
859,L:5385:5446:138,2016-11-20 19:00:00,2016-12-01 19:00:00,planned,Amistd - North Avenue 138 kV L
4308,L:7018:7019:138,2016-11-17 19:00:00,2016-11-24 19:00:00,planned,Standard Oil 3 - Lane 138 kV
9420,L:9302:9303:138,2016-11-19 19:00:00,2016-12-06 19:00:00,planned,Corona - Safeway Stores 138 kV Circuit 1
2482,L:6035:6036:138,2016-11-18 19:00:00,2016-11-27 19:00:00,planned,Valley Springs - Ojus 138 kV Ckt 1
8654,L:8962:8963:138,2016-11-15 19:00:00,2016-11-25 19:00:00,planned,Fry - Camp Springs Substation 138 kV #1
5574,L:7512:7513:138,2016-11-17 19:00:00,2016-12-02 19:00:00,planned,Kenedy - Woodlands 138 kV
13496,L:18058:18072:138,2016-11-17 19:00:00,2016-12-02 19:00:00,planned,Nacoochee - Cooper Creek 138 kV Circuit 1
18947,L:22243:22244:100,2016-11-16 19:00:00,2016-11-27 19:00:00,planned,Hale Co - Aic Substation 100 kV Line 1
3437,L:6485:6487:138,2016-11-20 19:00:00,2016-12-07 19:00:00,planned,Manhattan - Seattle City East Pine 138 kV Cir. 1
3470,L:6506:6508:138,2016-11-18 19:00:00,2016-11-23 19:00:00,planned,Peckville - Ronkonkoma 138 kV Circuit 1
13359,L:17987:18340:138,2016-11-14 19:00:00,2016-11-24 19:00:00,planned,Covanta Hennepin Energy Substation - Linwood 138 kV Circuit 1
7590,L:8449:9081:138,2016-11-14 19:00:00,2016-11-25 19:00:00,planned,Gulf Breeze - Whatshan Substation 138 kV Line 2
11313,L:10248:10290:138,2016-11-13 19:00:00,2016-11-27 19:00:00,planned,Tricou Substation - Birchwood 138 kV
10861,L:9969:9988:138,2016-11-14 19:00:00,2016-11-23 19:00:00,planned,Brick Church - Mtnrd 138 kV #1
5051,L:7229:8182:138,2016-11-16 19:00:00,2016-12-05 19:00:00,planned,Port Edwards - Power Inn-Elsie 138 kV Circuit 1
11670,L:10448:10696:138,2016-11-13 19:00:00,2016-11-18 19:00:00,planned,Dos Marinas 2003 - Ghost Ranch 138 kV
13023,L:17784:17785:138,2016-11-14 19:00:00,2016-11-25 19:00:00,planned,Lampson - Third & Hatch 138 kV Circuit 1
3458,L:6497:6960:138,2016-11-12 19:00:00,2016-11-28 19:00:00,planned,Watercure - O'Gara 138 kV Line 1
4058,L:6854:6889:138,2016-11-20 19:00:00,2016-12-05 19:00:00,planned,Richmond Generating Station - Bamber Valley 138 kV
2997,L:6273:8650:138,2016-11-13 19:00:00,2016-11-15 19:00:00,planned,Serpent - Dunsmuir - Adjunct 138 kV #1
12366,L:17083:17736:138,2016-11-16 19:00:00,2016-12-02 19:00:00,planned,Allings Crossing - Las Lomas 1525 Substation 138 kV Line
8872,L:9070:9098:345,2016-11-16 19:00:00,2016-11-22 19:00:00,planned,Brandywine Power Facility - Monroe St 345 kV #1
14755,L:18774:18775:100,2016-11-21 19:00:00,2016-12-08 19:00:00,planned,Villas De Castro 3013 - Hospital 100 kV Cir. 1
1224,L:5559:5647:138,2016-11-21 19:00:00,2016-11-29 19:00:00,planned,Honey - N Camas 138 kV line
8849,L:9067:9096:138,2016-11-17 19:00:00,2016-12-07 19:00:00,planned,Desert Shores - Greene St Station 138 kV Ckt 1
20967,L:23452:23520:230,2016-11-17 19:00:00,2016-12-03 19:00:00,planned,Easy Road - Big Meadows 230 kV Cir. 2
16077,L:19378:19379:100,2016-11-12 19:00:00,2016-12-02 19:00:00,planned,Polaris - W Milton 100 kV Cir. 1
4626,L:7122:7165:345,2016-11-13 19:00:00,2016-11-27 19:00:00,planned,Talenenergy Martins Creek Llc W Shore - Talenenergy Martins Crk Llc Harrisburg 345 kV L
3212,L:6372:7997:138,2016-11-14 19:00:00,2016-11-16 19:00:00,planned,Arroyo Tap - Mexico 138 kV Circuit 1
15957,L:19318:19333:100,2016-11-14 19:00:00,2016-11-26 19:00:00,planned,White Rock-Folsom - New Holstein Sw Sta 100 kV line
1380,L:5632:5740:138,2016-11-18 19:00:00,2016-11-30 19:00:00,planned,Larrabee - Carrollton-Tarpley Rd 138 kV Ckt 1
1626,L:5759:5762:138,2016-11-12 19:00:00,2016-11-21 19:00:00,planned,Lake Chelan Project - Capitola 138 kV
12455,L:17173:17175:138,2016-11-13 19:00:00,2016-11-24 19:00:00,planned,Russ Ranch Substation - Ten Mile 138 kV
3927,L:6758:6936:138,2016-11-18 19:00:00,2016-12-07 19:00:00,planned,Robbie - Barbadoes 138 kV Circuit 1
8495,L:8878:8908:138,2016-11-21 19:00:00,2016-12-05 19:00:00,planned,Searsburg - Potomac 138 kV Cir. 1
5930,L:7700:8158:138,2016-11-21 19:00:00,2016-12-09 19:00:00,planned,Vly We - Libby 138 kV Ckt 1
2136,L:5945:5978:500,2016-11-21 19:00:00,2016-12-11 19:00:00,planned,Wolfkill - Bl England Station 500 kV Ckt 1
6647,L:8067:8068:138,2016-11-14 19:00:00,2016-11-28 19:00:00,planned,Parsons St - Canandaigua 138 kV Ckt 1
20373,L:23171:23189:100,2016-12-12 19:00:00,2016-12-30 19:00:00,planned,Route 59 - Endako Cust 100 kV Circuit 2
16383,L:19538:19548:230,2016-12-14 19:00:00,2016-12-29 19:00:00,planned,Helberg - Hanging Rock 230 kV
16034,L:19348:19350:100,2016-12-11 19:00:00,2016-12-27 19:00:00,planned,Blue Racer - Muskogee 100 kV line
570,L:5249:5250:138,2016-12-13 19:00:00,2016-12-18 19:00:00,planned,Altadena - Port Acres Bulk 138 kV
470,L:5210:5359:138,2016-12-11 19:00:00,2016-12-25 19:00:00,planned,Huffman - Athenia 138 kV Ckt 1
6588,L:8038:8041:138,2016-12-10 19:00:00,2016-12-16 19:00:00,planned,Dragon St - Chaves 138 kV Cir. 1
8496,L:8879:8882:138,2016-12-09 19:00:00,2016-12-27 19:00:00,planned,W Pawhuska - Centennial 138 kV
5117,L:7254:7305:138,2016-12-10 19:00:00,2016-12-27 19:00:00,planned,Clubhouse - Cottage Brook Substation 138 kV #1
5057,L:7231:7303:138,2016-12-14 19:00:00,2017-01-02 19:00:00,planned,Wilmerding - Davosburg 138 kV Ckt 1
17352,L:19892:20256:100,2016-12-12 19:00:00,2016-12-20 19:00:00,planned,Sigel - Neligh 100 kV Circuit 1
8236,L:8743:8746:138,2016-12-14 19:00:00,2016-12-20 19:00:00,planned,North Alderwood - Norgate 138 kV Cir. 1
13953,L:18333:18524:138,2016-12-14 19:00:00,2016-12-19 19:00:00,planned,Solway Ct - Ball Park Substation 138 kV #1
3763,L:6667:7151:138,2016-12-09 19:00:00,2016-12-11 19:00:00,planned,Englewood Substation - Fulford 138 kV Line 1
15996,L:19337:19345:100,2016-12-14 19:00:00,2016-12-21 19:00:00,planned,Martin Luther King - Orange Blossom Electric 100 kV
3214,L:6373:6374:138,2016-12-12 19:00:00,2016-12-17 19:00:00,planned,Wrightsville - Serra 138 kV Ckt 1
19323,L:22829:22974:100,2016-12-09 19:00:00,2016-12-27 19:00:00,planned,Line Crk - Medina Lake 100 kV
16510,L:19562:19566:230,2016-12-07 19:00:00,2016-12-22 19:00:00,planned,Gist Crk - Pawtucket Power Associates 230 kV Ckt 1
12296,L:17037:17041:138,2016-12-06 19:00:00,2016-12-16 19:00:00,planned,Strasburg - N Creek 138 kV Line
12746,L:17521:17736:345,2016-12-13 19:00:00,2017-01-02 19:00:00,planned,Tyee - Allings Crssing 345 kV Circuit 1
19347,L:22836:22916:100,2016-12-15 19:00:00,2016-12-26 19:00:00,planned,Bedford Park - Morganville 100 kV Cir. 1
2974,L:6262:6264:138,2016-12-07 19:00:00,2016-12-27 19:00:00,planned,Clay - Hazel 138 kV Ckt 1
15827,L:19246:19247:100,2016-12-08 19:00:00,2016-12-12 19:00:00,planned,Lobo Substation - Erlich Road 100 kV Cir. 1
20980,L:23453:23520:230,2016-12-10 19:00:00,2016-12-29 19:00:00,planned,Bi Meadows - Meyer Rd 230 kV Circuit 1
11174,L:10154:10157:138,2016-12-14 19:00:00,2016-12-24 19:00:00,planned,Elmer Smith - Plano 138 kV line
13596,L:18116:18122:138,2016-12-13 19:00:00,2016-12-30 19:00:00,planned,Ravensworth - Rosyn 138 kV
3497,L:6515:6516:138,2016-12-12 19:00:00,2016-12-28 19:00:00,planned,Stockhouse Rd - Kyles Ford 138 kV line
21130,L:23488:23491:230,2016-12-11 19:00:00,2016-12-30 19:00:00,planned,Desert Springs - Fisk Street 230 kV
10637,L:9871:10066:138,2016-12-07 19:00:00,2016-12-18 19:00:00,planned,Sprecher - Cub-Ru Dp 138 kV Circuit 1
2675,L:6120:6999:138,2016-12-10 19:00:00,2016-12-18 19:00:00,planned,Arcelormittal Burns Harbor - Hamilton 138 kV
17316,L:19875:20090:100,2016-12-10 19:00:00,2016-12-18 19:00:00,planned,Mantua - Ashdown 69 100 kV Line 1
9211,L:9197:9198:138,2016-12-14 19:00:00,2016-12-23 19:00:00,planned,Verdant - De Solar 1725 Drywall Dr Substation 138 kV Circuit 1
9938,L:9595:18355:138,2016-12-09 19:00:00,2016-12-29 19:00:00,planned,Faraday - W Lane 138 kV Ckt 1
4048,L:6845:6851:138,2016-12-12 19:00:00,2016-12-30 19:00:00,planned,Baird - W Jax 138 kV Circuit 1
14982,L:18862:18867:100,2016-12-15 19:00:00,2016-12-28 19:00:00,planned,Cedar Hill - Great Falls Sc 100 kV line
2137,L:5945:5984:500,2016-12-07 19:00:00,2016-12-15 19:00:00,planned,Bl England Station - Cedar Station 500 kV #1
16298,L:19512:19517:100,2016-12-14 19:00:00,2016-12-27 19:00:00,planned,Star Peak - Todhunter 100 kV Line 2
1741,L:5825:5827:138,2016-12-10 19:00:00,2016-12-20 19:00:00,planned,Chesterville - Ione Energy 138 kV
6498,L:7982:18319:138,2016-12-07 19:00:00,2016-12-27 19:00:00,planned,Union - N Shore 138 kV
19527,L:22875:22876:100,2016-12-10 19:00:00,2016-12-13 19:00:00,planned,Olds Sta - Bradenton 100 kV Circuit 1
6532,L:8003:8017:138,2016-12-08 19:00:00,2016-12-25 19:00:00,planned,East Arlington - Carbondale Nw Substation 138 kV Cir. 1
8295,L:8782:8786:138,2016-12-09 19:00:00,2016-12-21 19:00:00,planned,Hampton - Soport Substation 138 kV Cir. 1
2269,L:5972:6706:138,2016-12-10 19:00:00,2016-12-15 19:00:00,planned,Yards Crk - Weiner 138 kV #1
9273,L:9228:9232:138,2016-12-13 19:00:00,2016-12-20 19:00:00,planned,Dunnellon - Ashby 138 kV Circuit 1
2272,L:5972:7129:500,2016-12-06 19:00:00,2016-12-10 19:00:00,planned,Portland Station - Yards Crk 500 kV Cir. 1
12431,L:17159:19241:138,2016-12-07 19:00:00,2016-12-13 19:00:00,planned,Airport Lane - Front 138 kV Circuit 1
13887,L:18296:18299:138,2016-12-13 19:00:00,2016-12-23 19:00:00,planned,N Point - Hart 138 kV Cir. 1
18665,L:21774:21794:100,2016-12-06 19:00:00,2016-12-20 19:00:00,planned,State Street - Sicamous 100 kV
6078,L:7765:7766:138,2016-12-06 19:00:00,2016-12-12 19:00:00,planned,Citrus-Coloma - Alberta 138 kV
10733,L:9917:10291:138,2016-12-12 19:00:00,2016-12-25 19:00:00,planned,Idalia - Remington Ct 138 kV Line 1
13831,L:18256:18268:138,2016-12-14 19:00:00,2016-12-16 19:00:00,planned,Fords Branch - Illecillewat 138 kV Circuit 1
329,L:5140:5152:138,2016-12-07 19:00:00,2016-12-27 19:00:00,planned,Dorothy - Lincoln Station 138 kV Line 1
9811,L:9513:9516:138,2016-12-13 19:00:00,2016-12-19 19:00:00,planned,Elm St - Wickett Gulf Substation 138 kV Line 1
1480,L:5679:5704:138,2016-12-07 19:00:00,2016-12-14 19:00:00,planned,Wingra Substation - Roy 138 kV
16835,L:19667:19873:100,2016-12-14 19:00:00,2016-12-18 19:00:00,planned,Holly Sugar - Pierremont 100 kV Cir. 1
13151,L:17877:17878:138,2016-12-09 19:00:00,2016-12-16 19:00:00,planned,Cawelo B - San Angelo Red Crk 138 kV #1
