sub_id,lat,lon,zone_id,max_kv,min_kv,external,load_mw,state,name,name_source
2561,41.0308,-73.5955,6,500.0,500.0,True,0.0,,Cos Cob,hifld_nearest
2597,40.9484,-73.995,7,161.0,161.0,False,22.84,New York,Ss3145,hifld_pool
2601,40.7977,-73.9932,7,161.0,161.0,False,22.84,New York,Gary Works,hifld_pool
2604,40.9264,-73.8956,7,161.0,161.0,True,142.35,New York,Dunwoodie,hifld_nearest
2619,40.9001,-73.962,7,161.0,161.0,False,32.56,New York,El Reno,hifld_pool
2620,40.7989,-74.0018,7,161.0,161.0,False,25.17,New York,North Lakes,hifld_pool
2621,40.8535,-73.9809,7,161.0,161.0,False,52.2,New York,Suncrest,hifld_pool
2622,40.8418,-73.978,7,161.0,161.0,False,35.81,New York,Cahone,hifld_pool
2625,40.8704,-73.946,7,161.0,1.0,False,21.93,New York,Piute,hifld_pool
2631,40.8173,-73.9877,7,161.0,161.0,False,60.21,New York,Aecc Hydro Station 2,hifld_pool
2634,40.8393,-74.0046,7,161.0,161.0,False,23.69,New York,Hvdc B2B Station Hudson,hifld_nearest
2635,40.8821,-73.9661,7,161.0,161.0,False,49.35,New York,Plaza Walmart,hifld_pool
2648,40.8838,-73.9346,7,161.0,161.0,False,49.1,New York,West Boylston,hifld_pool
2650,40.8833,-73.9548,7,161.0,138.0,False,46.16,New York,Kirby,hifld_pool
2653,40.7579,-74.0083,7,161.0,161.0,True,0.0,New York,West 49Th Street,hifld_nearest
2654,40.8321,-73.9489,7,161.0,161.0,True,174.05,New York,Keentown,hifld_pool
2722,40.8102,-73.9961,7,161.0,161.0,False,22.09,New York,Molino,hifld_pool
2729,40.6905,-73.9962,7,161.0,161.0,True,0.0,New York,Plymouth,hifld_nearest
2734,40.7274,-74.0531,7,161.0,161.0,False,14.0,New York,Walteria,hifld_pool
2755,40.7046,-74.0442,7,161.0,161.0,False,39.05,New York,Ottawa Avenue,hifld_pool
2756,40.7389,-74.0469,7,161.0,161.0,False,38.46,New York,Newport,hifld_nearest
2768,40.7352,-74.0352,7,161.0,161.0,False,50.84,New York,Roark,hifld_pool
2769,40.7485,-74.0423,7,161.0,161.0,False,21.06,New York,Mink Street,hifld_pool
2773,40.6804,-74.0738,7,161.0,161.0,False,43.13,New York,Arkwright,hifld_pool
2774,40.6876,-74.0406,7,161.0,161.0,False,111.74,New York,He Ramsey,hifld_pool
2775,40.7365,-74.131,7,161.0,161.0,False,27.89,New York,Plank Road,hifld_nearest
2796,40.6577,-74.0918,7,161.0,161.0,False,23.13,New York,Cougar Solar Llc,hifld_pool
2797,40.6653,-74.0675,7,161.0,1.0,False,48.77,New York,Blakeslee Junction,hifld_pool
2921,40.8313,-73.9631,7,161.0,1.0,False,17.6,New York,S. Macon,hifld_pool
2927,40.847,-73.9423,7,161.0,161.0,True,67.93,New York,Academy,hifld_nearest
2928,40.8635,-73.993,7,161.0,161.0,False,19.26,New York,Leonia,hifld_nearest
2931,40.8225,-73.9606,7,161.0,161.0,True,182.47,New York,Gpi,hifld_pool
2933,40.8322,-73.9863,7,161.0,161.0,False,40.12,New York,Killingsworth,hifld_pool
2936,40.9051,-74.004,7,161.0,161.0,False,14.28,New York,Westfield Village,hifld_pool
2937,40.8442,-74.0558,7,161.0,161.0,False,26.49,New York,Auburndale Peaker Energy Center,hifld_pool
2940,40.8309,-74.0175,7,161.0,161.0,False,26.49,New York,Bergen,hifld_nearest
2941,40.8774,-73.9775,7,161.0,161.0,False,26.49,New York,Flowood,hifld_pool
2942,40.7773,-74.0705,7,161.0,161.0,False,50.87,New York,Jacobs Corner,hifld_pool
2943,40.8013,-74.0417,7,161.0,161.0,False,31.36,New York,Lasel Tap,hifld_pool
2944,40.7948,-73.9544,7,161.0,161.0,True,0.0,New York,Firebantz,hifld_pool
2948,40.8247,-73.9798,7,161.0,161.0,False,28.6,New York,Junction,hifld_pool
2954,40.8038,-74.0193,7,161.0,161.0,False,15.17,New York,North Bergen,hifld_nearest
2955,40.7626,-74.0784,7,161.0,161.0,False,20.5,New York,Rose,hifld_pool
2956,40.8099,-73.9708,7,161.0,161.0,True,0.0,New York,Johns Creek,hifld_pool
2957,40.7243,-74.0667,7,161.0,161.0,False,35.28,New York,Gila,hifld_pool
2958,40.8729,-74.038,7,161.0,161.0,False,20.5,New York,Warren Solar Farm Llc,hifld_pool
2961,40.7489,-74.052,7,161.0,161.0,False,31.7,New York,Sandia,hifld_pool
2964,40.8104,-74.0823,7,161.0,161.0,False,18.21,New York,International Paper Riverdale Mill,hifld_pool
2965,40.7468,-74.0736,7,161.0,161.0,False,18.86,New York,Penhorn,hifld_nearest
2966,40.7085,-74.0108,7,161.0,161.0,True,0.0,New York,Leonard Street,hifld_nearest
2967,40.7627,-74.0613,7,161.0,161.0,False,20.04,New York,Ocoee 2,hifld_pool
2968,40.7119,-74.0318,7,161.0,161.0,False,13.37,New York,Seminole,hifld_pool
2969,40.7387,-73.9947,7,161.0,161.0,True,0.0,New York,West 19Th Street,hifld_nearest
2970,40.7697,-74.0374,7,161.0,161.0,False,13.38,New York,Homestead,hifld_nearest
2971,40.8293,-74.0479,7,161.0,161.0,False,13.42,New York,Dallas,hifld_pool
2972,40.6418,-74.0926,7,161.0,161.0,True,0.0,New York,New Brighton,hifld_nearest
2980,40.7825,-74.0177,7,161.0,161.0,False,41.3,New York,Verde,hifld_pool
2984,40.727,-74.0163,7,161.0,161.0,True,0.0,New York,Snohomish,hifld_pool
2991,41.0879,-74.3241,7,161.0,161.0,False,2.67,New York,Eastport,hifld_pool
2996,41.4368,-74.4676,7,161.0,161.0,True,0.0,New York,Pella,hifld_pool
2999,41.327,-74.4958,7,161.0,161.0,True,6.85,New York,Arbuckle,hifld_pool
3002,41.2473,-74.1525,7,161.0,161.0,True,0.0,New York,Juana Diaztc,hifld_pool
3003,41.3508,-74.2122,7,161.0,161.0,True,5.07,New York,Fitzsimmons,hifld_pool
3020,41.4062,-74.5801,7,161.0,161.0,True,0.0,New York,Bent Tree Wind Farm Phase 1,hifld_pool
3023,41.1861,-74.2236,7,161.0,161.0,True,27.77,New York,Indian Hill Switch,hifld_pool
3030,41.1938,-74.3155,7,161.0,161.0,True,0.0,New York,Hargrove Road D.S,hifld_pool
3031,41.2467,-74.3561,7,161.0,161.0,True,0.0,New York,Wright,hifld_pool
3036,41.2621,-74.5517,7,161.0,161.0,False,2.75,New York,Trabuco,hifld_pool
3053,40.7545,-74.031,7,161.0,161.0,False,62.52,New York,Lafayette,hifld_pool
3054,40.6944,-74.0302,7,161.0,161.0,True,0.0,New York,Exxonmobil Baton Rouge Turbine Generator,hifld_pool
3081,40.8478,-73.7226,7,500.0,500.0,True,1292.86,New York,Port Washington,hifld_nearest
3145,40.6444,-74.1227,7,161.0,161.0,True,4.55,New York,Port Richmond,hifld_nearest
3146,40.713,-74.144,7,161.0,161.0,False,10.48,New York,Georgia Mountain,hifld_pool
3147,40.6689,-74.1466,7,161.0,161.0,False,10.48,New York,Kern Water,hifld_pool
3150,40.6171,-74.2354,7,161.0,161.0,False,11.06,New York,Jordan River,hifld_pool
3151,40.6715,-74.0862,7,161.0,161.0,False,30.04,New York,Greenville,hifld_nearest
3154,40.7024,-74.0859,7,161.0,161.0,False,29.59,New York,Grace,hifld_pool
3160,40.6627,-74.126,7,161.0,161.0,False,23.94,New York,Plaza Del Norte 8013,hifld_pool
3171,40.5653,-74.2139,7,161.0,161.0,False,19.93,New York,Mccabe,hifld_pool
3173,40.5368,-74.205,7,161.0,161.0,True,45.150000000000006,New York,Ames,hifld_pool
3175,40.5299,-74.2501,7,161.0,161.0,False,13.66,New York,Stanley,hifld_pool
3176,40.4853,-74.2694,7,161.0,161.0,True,13.659999999999997,New York,Castroville,hifld_pool
3178,40.5173,-74.2414,7,161.0,161.0,True,41.15,New York,Vernon Tap,hifld_pool
3184,41.079,-74.0895,7,161.0,161.0,False,16.35,New York,Manvel,hifld_pool
3186,41.076,-74.1251,7,161.0,161.0,False,9.68,New York,Swan,hifld_pool
3195,41.0737,-74.0382,7,161.0,161.0,True,28.460000000000008,New York,Golden Hills,hifld_pool
3197,41.0622,-74.1445,7,161.0,161.0,False,19.84,New York,Santan,hifld_pool
3203,41.1166,-74.1216,7,161.0,161.0,True,0.0,New York,Superior,hifld_pool
3350,41.4668,-74.9328,7,161.0,138.0,False,2.35,New York,Hudson,hifld_pool
3352,41.7142,-75.0609,7,161.0,1.0,False,3.91,New York,W Hamlin,hifld_pool
3353,41.4199,-74.8064,7,161.0,138.0,False,1.99,New York,Merrimac,hifld_pool
3442,40.9822,-73.9803,7,161.0,161.0,False,22.56,New York,Closter,hifld_nearest
3448,40.988,-74.0172,7,500.0,1.0,False,19.39,New York,Grand Haven Diesel Plant,hifld_pool
3466,41.2528,-73.9415,7,500.0,500.0,True,0.0,New York,Buchanan,hifld_nearest
3470,41.5348,-74.7784,7,161.0,161.0,True,2.01,New York,Mongaup,hifld_nearest
3479,41.0746,-74.0509,7,161.0,161.0,True,0.0,New York,Dighton,hifld_pool
3481,41.0979,-74.1517,7,161.0,13.8,False,0.0,New York,Hillburn,hifld_nearest
3484,41.2068,-73.9943,7,500.0,500.0,True,0.0,New York,W. Haverstraw,hifld_nearest
3508,40.5803,-74.2199,7,161.0,161.0,False,0.0,New York,Minue Street,hifld_nearest
3512,40.7886,-73.9851,7,161.0,161.0,True,0.0,New York,West 65Th Street,hifld_nearest
3540,41.4541,-74.4215,7,500.0,500.0,True,0.0,New York,Shoemaker,hifld_nearest
3541,40.6094,-74.2187,7,500.0,13.8,False,0.0,New York,Pseg Linden Generating Station,hifld_nearest
3633,42.0743,-78.1327,8,161.0,161.0,True,0.0,New York,Klinke Avenue,hifld_pool
3645,42.0697,-78.2906,8,161.0,161.0,True,0.0,New York,Hampshire Paper,hifld_pool
3646,41.9976,-78.2729,8,161.0,138.0,False,1.87,New York,Fulton Mo,hifld_pool
3650,41.993,-77.6958,8,161.0,161.0,False,2.26,New York,North Gila,hifld_pool
3657,42.2164,-75.9788,8,500.0,500.0,True,0.0,New York,Koolau,hifld_pool
3665,42.047,-75.9408,8,161.0,138.0,True,0.0,New York,Pebble Hill,hifld_pool
3666,42.0436,-75.8066,8,161.0,161.0,True,0.0,New York,Sarno,hifld_pool
3667,41.9753,-75.9115,8,161.0,161.0,False,7.88,New York,Garrison,hifld_pool
3669,41.9939,-75.7664,8,161.0,138.0,False,2.13,New York,Putnam,hifld_pool
3672,42.0781,-75.432,8,161.0,161.0,True,0.0,New York,Hauser,hifld_pool
3680,42.1397,-75.6953,8,161.0,161.0,True,0.0,New York,Shadow Glen,hifld_pool
3697,41.9971,-75.6159,8,161.0,161.0,False,3.57,New York,Teichert,hifld_pool
3698,42.0375,-75.5496,8,161.0,161.0,True,0.0,New York,Chiquita,hifld_pool
3700,42.0464,-78.4985,8,138.0,138.0,True,0.0,New York,Olympia Brewery,hifld_pool
3714,41.9986,-79.1329,8,138.0,138.0,True,25.15,New York,Starke,hifld_pool
3728,42.0099,-78.3858,8,161.0,161.0,True,0.0,New York,Taylor Flats,hifld_pool
3731,42.0206,-78.8242,8,161.0,161.0,True,0.0,New York,Timberline Trail Gas Recovery,hifld_pool
3789,42.0542,-79.6283,8,138.0,100.0,True,14.52,New York,Hermosa,hifld_pool
3804,42.1533,-79.33,8,500.0,500.0,True,0.0,New York,Roberts Creek,hifld_pool
3805,42.0334,-79.2036,8,138.0,138.0,True,0.0,New York,Poultney,hifld_pool
3809,42.2453,-79.6561,8,100.0,100.0,True,0.0,New York,Healdsburg,hifld_pool
3823,42.1199,-77.0374,8,161.0,161.0,True,1.82,New York,Princess Jeanne,hifld_pool
3828,41.9933,-76.7907,8,161.0,1.0,False,5.08,New York,Colburn Street,hifld_pool
3832,42.0314,-76.7476,8,161.0,161.0,True,0.0,New York,Macon,hifld_pool
3835,42.0054,-76.8563,8,161.0,161.0,True,0.0,New York,Wahleach,hifld_pool
3836,41.9907,-76.8571,8,161.0,138.0,False,7.65,New York,Lawrence County Station,hifld_pool
3841,42.1027,-76.8172,8,500.0,500.0,True,83.24,New York,Hillside,hifld_nearest
3846,42.0197,-76.9096,8,161.0,161.0,True,0.0,New York,Rinaldi,hifld_pool
3849,41.9982,-76.5114,8,161.0,161.0,False,4.59,New York,Pensacola Florida Plant,hifld_pool
3850,42.0468,-76.5298,8,161.0,161.0,False,4.59,New York,Ruthbelle,hifld_pool
3936,41.9512,-75.289,8,161.0,161.0,True,1.6099999999999994,New York,Lonetree,hifld_pool
3938,41.9557,-75.3741,8,161.0,161.0,False,1.5,New York,Jones Canyon,hifld_pool
4760,42.1501,-77.1777,8,161.0,161.0,True,4.3,New York,Echo,hifld_pool
4818,41.9718,-77.1881,8,161.0,138.0,False,2.68,New York,South Windsor,hifld_pool
4825,41.7905,-75.0405,8,161.0,161.0,True,0.0,New York,Hospital Rd Community Solar Farm,hifld_nearest
4828,42.0016,-76.4132,8,161.0,161.0,True,0.0,New York,Crum Canyon,hifld_pool
4833,42.0577,-76.3191,8,161.0,161.0,True,0.0,New York,El Nido,hifld_pool
4836,42.0204,-76.214,8,161.0,161.0,True,0.0,New York,Coalinga Cogen,hifld_pool
4978,42.548,-78.0639,8,500.0,500.0,True,0.0,New York,Anclote,hifld_pool
5045,42.4781,-79.3367,8,230.0,230.0,True,0.0,New York,Ludium,hifld_nearest
5117,39.421,-74.5501,9,138.0,138.0,False,8.04,New Jersey,Lewis,hifld_nearest
5118,39.543,-74.4334,9,138.0,138.0,False,8.5,New Jersey,Big Eddy,hifld_pool
5119,39.4789,-74.4112,9,138.0,138.0,False,17.25,New Jersey,Lake Riverside,hifld_pool
5120,39.4485,-74.5136,9,345.0,1.0,False,28.9,New Jersey,Oneida,hifld_pool
5121,39.4763,-74.44,9,138.0,138.0,False,25.29,New Jersey,Geysers Tap 9,hifld_pool
5122,39.4935,-74.5264,9,138.0,138.0,False,17.25,New Jersey,Mayaguez,hifld_pool
5123,39.3588,-74.42,9,138.0,138.0,False,34.84,New Jersey,Falls City,hifld_pool
5124,39.4116,-74.4924,9,138.0,138.0,False,23.83,New Jersey,Byllesby 2,hifld_pool
5125,39.4244,-74.4173,9,138.0,138.0,False,39.02,New Jersey,Collins Creek,hifld_pool
5126,39.334,-74.5061,9,138.0,138.0,False,36.69,New Jersey,Mauckport,hifld_pool
5127,39.5102,-74.4131,9,138.0,138.0,False,7.59,New Jersey,Alcoa Primary,hifld_pool
5128,39.6351,-74.5381,9,138.0,138.0,False,10.8,New Jersey,Allegany Cogen,hifld_pool
5129,39.5086,-74.623,9,138.0,138.0,False,10.8,New Jersey,Apple River,hifld_pool
5130,39.5603,-74.5829,9,138.0,138.0,False,13.59,New Jersey,West Asheville,hifld_pool
5131,39.4355,-74.6732,9,345.0,138.0,False,25.63,New Jersey,Cardiff,hifld_nearest
5132,39.3525,-74.6159,9,138.0,138.0,False,34.34,New Jersey,Scull,hifld_nearest
5133,39.3486,-74.5615,9,345.0,138.0,False,48.59,New Jersey,Bedford Rural,hifld_pool
5134,39.4245,-74.6958,9,138.0,138.0,False,26.63,New Jersey,Fountain City,hifld_pool
5135,39.7215,-74.7518,9,138.0,138.0,False,18.06,New Jersey,California,hifld_pool
5136,39.5597,-74.8035,9,345.0,138.0,False,20.02,New Jersey,Medical Center,hifld_pool
5137,39.6446,-74.7677,9,138.0,138.0,False,18.06,New Jersey,Matt Funk,hifld_pool
5138,39.5224,-74.8001,9,138.0,138.0,False,16.17,New Jersey,Juneau,hifld_pool
5139,39.3977,-74.6428,9,138.0,138.0,False,5.7,New Jersey,Phillippi,hifld_pool
5140,39.4698,-74.7599,9,138.0,138.0,False,18.89,New Jersey,Dorothy,hifld_nearest
5141,39.5546,-74.8236,9,138.0,138.0,False,16.97,New Jersey,Olmos,hifld_pool
5142,39.5774,-74.6825,9,138.0,138.0,False,34.0,New Jersey,Woolworth Road Co Op,hifld_pool
5143,39.5314,-74.9256,9,138.0,138.0,False,12.19,New Jersey,Minotola Station,hifld_nearest
5144,39.3193,-74.5296,9,138.0,138.0,True,24.050000000000004,New Jersey,Olympic Renton,hifld_pool
5145,39.4502,-74.5558,9,138.0,138.0,False,11.62,New Jersey,Hawkins,hifld_pool
5146,39.3784,-74.5379,9,138.0,138.0,False,11.62,New Jersey,Cuero,hifld_pool
5147,39.3103,-74.5887,9,138.0,138.0,True,17.730000000000004,New Jersey,Tengen,hifld_pool
5148,39.4217,-74.3459,9,138.0,138.0,True,8.549999999999997,New Jersey,Havilah,hifld_pool
5149,39.3813,-74.5045,9,138.0,138.0,False,15.51,New Jersey,Navy Mole,hifld_pool
5150,39.4198,-74.9775,9,138.0,138.0,False,26.34,New Jersey,Coconino,hifld_pool
5151,39.4708,-75.0085,9,138.0,138.0,False,27.2,New Jersey,Cedarsauk,hifld_pool
5152,39.4417,-75.0041,9,138.0,138.0,False,26.12,New Jersey,Lincoln Station,hifld_nearest
5153,39.463,-74.9782,9,138.0,138.0,False,27.92,New Jersey,Rosa Road,hifld_pool
5154,39.5831,-74.962,9,138.0,138.0,False,29.44,New Jersey,Northwest Texarkana,hifld_pool
5155,39.6101,-74.9225,9,138.0,138.0,False,24.25,New Jersey,Lysander,hifld_pool
5156,39.684,-74.939,9,138.0,138.0,False,24.06,New Jersey,Fox Hill,hifld_pool
5157,39.643,-74.9332,9,345.0,138.0,False,25.67,New Jersey,Kasson Tap 2,hifld_pool
5158,39.2635,-74.8162,9,138.0,138.0,False,6.9,New Jersey,Shadow,hifld_pool
5159,39.3115,-74.7181,9,138.0,138.0,False,7.9,New Jersey,Barnesville,hifld_pool
5160,39.2793,-74.775,9,138.0,138.0,False,6.82,New Jersey,Foundry Street,hifld_pool
5161,40.925,-74.07,9,138.0,138.0,False,25.97,New Jersey,Goal Line,hifld_pool
5162,40.8962,-73.9719,9,138.0,138.0,False,38.96,New Jersey,Hillcrest Solar,hifld_pool
5163,40.9012,-74.0448,9,138.0,138.0,False,36.52,New Jersey,Mcpherson 2,hifld_pool
5164,41.0005,-73.947,9,138.0,138.0,False,20.73,New Jersey,Pajuil 7702,hifld_pool
5165,40.74,-73.9193,9,138.0,138.0,True,30.55,New Jersey,Newtown,hifld_nearest
5166,40.8329,-74.0591,9,138.0,138.0,False,63.73,New Jersey,Far Rockaway,hifld_pool
5167,40.9617,-73.8616,9,138.0,138.0,True,10.86,New Jersey,Sprain Brook,hifld_nearest
5168,40.9231,-74.0127,9,138.0,138.0,False,45.06,New Jersey,New Milford,hifld_nearest
5169,40.8676,-73.8724,9,138.0,138.0,True,28.040000000000003,New Jersey,East 179Th Street,hifld_nearest
5170,40.9055,-74.0714,9,138.0,138.0,False,16.34,New Jersey,Maywood,hifld_nearest
5171,41.0421,-74.1034,9,138.0,138.0,False,40.32,New Jersey,Danskammer,hifld_pool
5172,41.0316,-74.0535,9,138.0,138.0,False,41.83,New Jersey,Rhode Island State Energy Center,hifld_pool
5173,40.7997,-74.0403,9,138.0,138.0,False,33.17,New Jersey,Buffalo,hifld_pool
5174,40.8119,-73.9581,9,138.0,138.0,True,0.0,New Jersey,Thousand Springs,hifld_pool
5175,40.891,-74.0802,9,138.0,138.0,False,31.8,New Jersey,Garfield,hifld_pool
5176,40.7379,-73.9786,9,138.0,138.0,True,98.27,New Jersey,East 36Th Street,hifld_nearest
5177,40.877,-74.0017,9,138.0,138.0,False,44.62,New Jersey,Campo Fresco 1,hifld_pool
5178,40.8231,-73.9432,9,138.0,138.0,True,23.16,New Jersey,Parkview,hifld_nearest
5179,40.9784,-74.2482,9,138.0,138.0,False,17.0,New Jersey,Amargo,hifld_pool
5180,40.8335,-74.1127,9,138.0,138.0,False,18.46,New Jersey,Long Lake,hifld_pool
5181,40.9655,-74.1031,9,138.0,138.0,False,24.14,New Jersey,White Feather Generating Station,hifld_pool
5182,40.9902,-74.0463,9,138.0,138.0,False,24.05,New Jersey,Hillsdale,hifld_nearest
5183,40.9535,-74.1572,9,138.0,138.0,False,27.24,New Jersey,Smiley,hifld_pool
5184,40.8782,-74.0459,9,138.0,138.0,False,40.46,New Jersey,Norwell,hifld_pool
5185,40.908,-74.0149,9,138.0,138.0,False,29.83,New Jersey,Claus,hifld_pool
5186,40.9027,-74.0932,9,138.0,138.0,False,30.84,New Jersey,Columbus City,hifld_pool
5187,40.8429,-74.0726,9,138.0,138.0,False,51.71,New Jersey,Peachland,hifld_pool
5188,41.0157,-74.094,9,138.0,138.0,False,31.72,New Jersey,Waldwick,hifld_nearest
5189,41.0168,-73.9964,9,138.0,138.0,False,22.64,New Jersey,Bailly,hifld_pool
5190,40.9572,-73.9344,9,138.0,138.0,False,20.23,New Jersey,Cresskill,hifld_nearest
5191,40.8952,-74.1601,9,138.0,138.0,False,52.3,New Jersey,Granville,hifld_pool
5192,41.0615,-74.2677,9,345.0,138.0,False,43.51,New Jersey,Peterson,hifld_pool
5193,41.1587,-74.1557,9,500.0,345.0,True,71.49000000000001,New Jersey,Ramapo,hifld_nearest
5194,41.1274,-74.0713,9,138.0,138.0,True,0.0,New Jersey,Creswell,hifld_pool
5195,40.8804,-74.082,9,138.0,138.0,False,30.38,New Jersey,Meadow Lane Tap,hifld_pool
5196,40.9816,-73.9102,9,138.0,138.0,False,23.56,New Jersey,Willow Run,hifld_pool
5197,41.0706,-73.9487,9,138.0,138.0,True,0.0,New Jersey,Stapley,hifld_pool
5198,41.0798,-74.2794,9,138.0,138.0,False,20.49,New Jersey,Comerio 9703,hifld_pool
5199,40.8836,-73.9564,9,138.0,138.0,False,32.64,New Jersey,Jamacha Tap,hifld_pool
5200,40.8653,-74.0384,9,138.0,138.0,False,49.53,New Jersey,Chauvin,hifld_pool
5201,40.9611,-74.0447,9,138.0,138.0,False,45.03,New Jersey,Grand Gulf,hifld_pool
5202,40.9814,-74.0696,9,138.0,138.0,False,49.15,New Jersey,Downtown,hifld_pool
5203,40.8945,-74.1254,9,138.0,138.0,False,37.91,New Jersey,Altamont,hifld_pool
5204,40.9351,-74.0993,9,138.0,138.0,False,46.42,New Jersey,Quogue,hifld_pool
5205,41.0908,-74.2189,9,138.0,138.0,False,11.64,New Jersey,Octol,hifld_pool
5206,40.9771,-74.1854,9,138.0,138.0,False,37.68,New Jersey,Macksburg,hifld_pool
5207,41.0807,-74.1683,9,138.0,138.0,False,15.05,New Jersey,Monroe Central,hifld_pool
5208,41.0629,-74.2185,9,138.0,138.0,False,48.47,New Jersey,Haskill,hifld_pool
5209,40.9543,-74.1318,9,138.0,138.0,False,71.55,New Jersey,Fair Lawn,hifld_nearest
5210,40.8547,-74.1289,9,138.0,138.0,False,30.21,New Jersey,Huffman,hifld_pool
5211,40.9753,-73.9965,9,138.0,138.0,False,24.19,New Jersey,Shelby Tie,hifld_pool
5212,40.9864,-74.1037,9,138.0,138.0,False,22.75,New Jersey,Tweedy,hifld_pool
5213,40.8618,-73.9621,9,138.0,138.0,False,42.4,New Jersey,Council Creek,hifld_pool
5214,40.9729,-74.0199,9,500.0,138.0,False,40.44,New Jersey,Seagoville Sw,hifld_pool
5215,40.9454,-74.057,9,138.0,138.0,False,42.01,New Jersey,Iron Mountain,hifld_pool
5216,40.8421,-73.9817,9,138.0,138.0,False,60.49,New Jersey,Triune,hifld_pool
5217,40.9255,-73.9191,9,138.0,138.0,False,32.54,New Jersey,Hollister,hifld_pool
5220,41.0136,-74.1763,9,138.0,138.0,False,12.94,New Jersey,Cayetano,hifld_pool
5221,41.0055,-73.9824,9,138.0,138.0,False,22.6,New Jersey,Singleton,hifld_pool
5222,40.9478,-74.0005,9,138.0,138.0,False,28.55,New Jersey,Haworth Water Treatment Plant,hifld_nearest
5223,40.0956,-74.6159,9,138.0,138.0,False,9.01,New Jersey,Middleburg,hifld_pool
5224,39.9716,-74.9163,9,138.0,138.0,False,26.73,New Jersey,Seven Mile,hifld_pool
5225,40.074,-74.9913,9,138.0,138.0,False,9.27,New Jersey,Alvin,hifld_pool
5226,40.0196,-74.635,9,345.0,138.0,False,12.82,New Jersey,Nexen Chemicals,hifld_pool
5227,40.1004,-74.7263,9,138.0,138.0,False,21.47,New Jersey,Middletown Junction,hifld_pool
5228,39.8771,-74.4575,9,138.0,138.0,False,13.25,New Jersey,Santa Rosa,hifld_pool
5229,39.9066,-74.5779,9,345.0,138.0,False,18.73,New Jersey,Everett,hifld_pool
5230,39.971,-74.5128,9,138.0,138.0,False,23.67,New Jersey,Hendron,hifld_pool
5231,39.9248,-74.5601,9,138.0,138.0,False,15.36,New Jersey,Mount Jackson D.P,hifld_pool
5232,40.0852,-74.8037,9,138.0,138.0,False,20.21,New Jersey,Bustleton,hifld_nearest
5233,40.0185,-74.8163,9,138.0,138.0,False,20.21,New Jersey,Mt Poso,hifld_pool
5234,40.0551,-74.7734,9,138.0,138.0,False,20.21,New Jersey,Anacacho,hifld_pool
5235,40.038,-74.7052,9,138.0,138.0,False,7.86,New Jersey,Sooner,hifld_pool
5236,39.898,-74.5192,9,138.0,138.0,False,6.2,New Jersey,T.S. Power,hifld_pool
5237,39.9631,-74.8524,9,345.0,138.0,False,10.04,New Jersey,Mount Laurel,hifld_nearest
5238,40.0242,-74.76,9,138.0,138.0,False,13.1,New Jersey,Naples,hifld_pool
5239,39.8557,-74.9331,9,345.0,1.0,False,21.95,New Jersey,Sand Creek,hifld_pool
5240,39.8893,-74.9429,9,138.0,138.0,False,21.95,New Jersey,Sanders,hifld_pool
5241,39.7546,-74.9573,9,138.0,138.0,False,23.78,New Jersey,New Freedom,hifld_nearest
5242,39.7867,-74.8581,9,138.0,138.0,False,21.95,New Jersey,Lammers,hifld_pool
5243,39.8537,-74.9482,9,138.0,138.0,False,21.95,New Jersey,Calpeak Pe 7,hifld_pool
5244,39.9093,-74.9117,9,138.0,138.0,False,16.38,New Jersey,Foreman Cement,hifld_pool
5245,39.8692,-74.7462,9,138.0,138.0,False,16.54,New Jersey,Ashland City,hifld_pool
5246,39.8301,-74.8122,9,138.0,138.0,False,16.38,New Jersey,Kettle Morraine,hifld_pool
5247,39.8581,-74.8973,9,138.0,138.0,False,20.68,New Jersey,Herrin,hifld_pool
5248,39.9708,-74.969,9,138.0,138.0,False,23.74,New Jersey,Stelling,hifld_pool
5249,40.0029,-74.865,9,138.0,138.0,False,14.89,New Jersey,Port Acres Bulk,hifld_pool
5250,40.0021,-74.8091,9,138.0,138.0,False,19.64,New Jersey,Altadena,hifld_pool
5251,40.074,-74.7568,9,138.0,138.0,False,26.76,New Jersey,Hilgard,hifld_pool
5252,39.9812,-74.7085,9,138.0,138.0,False,21.09,New Jersey,Salton Sea 2,hifld_pool
5253,39.9242,-74.9589,9,138.0,138.0,False,50.31,New Jersey,Chevgen,hifld_pool
5254,39.8942,-74.917,9,138.0,138.0,False,25.22,New Jersey,Marlton,hifld_nearest
5255,39.9369,-74.8432,9,138.0,138.0,False,29.98,New Jersey,Lumberton,hifld_nearest
5256,40.0266,-74.9078,9,138.0,138.0,False,37.93,New Jersey,Levittown,hifld_nearest
5257,39.8319,-74.6417,9,138.0,138.0,False,6.15,New Jersey,Walmart,hifld_pool
5258,39.9135,-74.7159,9,138.0,138.0,False,5.43,New Jersey,Terrace,hifld_pool
5259,40.0807,-74.933,9,138.0,138.0,False,17.41,New Jersey,Eddington,hifld_nearest
5260,40.0249,-74.9373,9,138.0,138.0,False,17.57,New Jersey,Ibm Cottle,hifld_pool
5261,40.0008,-74.9628,9,138.0,138.0,False,64.96,New Jersey,Cinnaminson,hifld_nearest
5262,40.0722,-74.8731,9,138.0,138.0,False,17.41,New Jersey,Burlington,hifld_nearest
5263,39.9965,-75.0078,9,138.0,138.0,False,20.18,New Jersey,Apache,hifld_pool
5264,40.2064,-74.6891,9,138.0,138.0,False,32.11,New Jersey,Kuser Road,hifld_nearest
5265,40.271,-74.7518,9,138.0,138.0,False,18.36,New Jersey,Lawrence Sw,hifld_nearest
5266,40.1806,-74.6606,9,138.0,138.0,False,40.07,New Jersey,Yardville,hifld_nearest
5267,40.221,-74.6288,9,138.0,138.0,False,49.69,New Jersey,Uleta,hifld_pool
5268,39.545,-74.3688,9,138.0,138.0,True,21.01,New Jersey,Villa Rica,hifld_pool
5269,39.5244,-74.3147,9,345.0,138.0,False,25.73,New Jersey,Orondo,hifld_pool
5270,39.5891,-74.4252,9,138.0,138.0,False,14.98,New Jersey,Cedar,hifld_pool
5271,39.5976,-74.3839,9,138.0,138.0,False,14.98,New Jersey,Queen Creek,hifld_pool
5272,39.794,-74.6715,9,138.0,138.0,False,14.86,New Jersey,Desoto Next Generation Solar Energy,hifld_pool
5273,39.9545,-74.6564,9,138.0,138.0,False,23.31,New Jersey,Waterford 3,hifld_pool
5274,39.8939,-74.787,9,138.0,138.0,False,24.9,New Jersey,Medford,hifld_nearest
5275,39.8284,-74.7861,9,138.0,138.0,False,14.86,New Jersey,South Cairo,hifld_pool
5276,40.072,-74.9148,9,138.0,138.0,False,28.3,New Jersey,Holcomb,hifld_pool
5277,40.0456,-74.8481,9,138.0,138.0,False,19.19,New Jersey,Ochoa,hifld_pool
5278,40.0644,-74.8482,9,138.0,138.0,False,19.03,New Jersey,Bogalusa,hifld_pool
5279,40.1236,-74.5346,9,138.0,138.0,False,7.17,New Jersey,Cii Carbon Llc,hifld_pool
5280,40.0295,-74.5847,9,138.0,138.0,False,8.95,New Jersey,Gaylord Container Bogalusa,hifld_pool
5281,39.6337,-74.8699,9,138.0,138.0,False,10.11,New Jersey,Dawson County,hifld_pool
5282,39.7081,-74.9062,9,138.0,138.0,False,9.92,New Jersey,Lonsdale,hifld_pool
5283,39.8301,-74.9509,9,138.0,138.0,False,10.33,New Jersey,Spanish Springs,hifld_pool
5284,39.7256,-75.0169,9,138.0,138.0,False,23.49,New Jersey,Sickler,hifld_nearest
5285,39.8636,-75.0164,9,138.0,138.0,False,64.29,New Jersey,Sienna,hifld_pool
5286,39.7547,-75.042,9,138.0,138.0,False,27.84,New Jersey,Eureka Sta E,hifld_pool
5287,39.8345,-75.0477,9,138.0,138.0,False,32.8,New Jersey,Hidden Valley,hifld_pool
5288,39.9551,-75.1788,9,138.0,138.0,False,9.15,New Jersey,Mosher,hifld_pool
5289,39.9336,-75.1058,9,138.0,138.0,False,32.67,New Jersey,Deerfield 4,hifld_pool
5290,39.9862,-75.203,9,138.0,138.0,False,14.37,New Jersey,Sunny Isles,hifld_pool
5291,39.9569,-75.1095,9,138.0,138.0,False,29.36,New Jersey,Medway Hydro,hifld_pool
5292,39.9288,-75.0764,9,138.0,138.0,False,36.6,New Jersey,Sub 5292,hifld_pool
5293,39.901,-75.1022,9,138.0,138.0,False,38.28,New Jersey,Gloucester,hifld_nearest
5294,40.0125,-75.0948,9,138.0,138.0,False,17.52,New Jersey,Waneeta,hifld_nearest
5295,39.8854,-75.0741,9,138.0,138.0,False,23.6,New Jersey,Targhee Tap,hifld_pool
5296,40.05,-75.0219,9,138.0,138.0,False,17.52,New Jersey,Murray,hifld_pool
5297,39.8956,-75.0029,9,138.0,138.0,False,31.05,New Jersey,Taylor Switching,hifld_pool
5298,39.9472,-75.0275,9,138.0,138.0,False,30.95,New Jersey,Swaggertown,hifld_pool
5299,39.8578,-74.9831,9,138.0,138.0,False,29.33,New Jersey,Gulfway,hifld_pool
5300,39.8962,-74.958,9,138.0,138.0,False,41.66,New Jersey,Gvrd Sewage,hifld_pool
5301,39.9489,-74.9938,9,138.0,138.0,False,41.98,New Jersey,Strahan,hifld_pool
5302,39.8375,-75.1092,9,138.0,138.0,False,32.34,New Jersey,Wheeler Mt,hifld_pool
5303,39.7864,-75.0479,9,138.0,138.0,False,33.34,New Jersey,Sparwood,hifld_pool
5304,39.8832,-74.9818,9,138.0,138.0,False,34.61,New Jersey,Ephraim Cemetery,hifld_pool
5305,39.8824,-75.0539,9,138.0,138.0,False,63.81,New Jersey,Midsun,hifld_pool
5306,39.7661,-74.9325,9,500.0,138.0,False,39.16,New Jersey,Coffee Port,hifld_pool
5307,39.857,-75.0678,9,138.0,138.0,False,18.7,New Jersey,Beaver Brook,hifld_nearest
5308,40.0274,-75.15,9,138.0,138.0,False,13.5,New Jersey,Wayne Junction,hifld_nearest
5309,40.009,-75.0435,9,138.0,138.0,False,42.06,New Jersey,Station G Atwater,hifld_pool
5310,39.9806,-75.1013,9,138.0,138.0,False,13.5,New Jersey,Clear Lake,hifld_pool
5311,39.9771,-75.0607,9,138.0,138.0,False,49.31,New Jersey,Chase,hifld_pool
5312,39.9091,-75.0357,9,138.0,138.0,False,33.88,New Jersey,Yuma Palms,hifld_pool
5313,39.9315,-75.1551,9,138.0,138.0,False,10.99,New Jersey,Abernethy,hifld_pool
5314,40.0736,-75.0712,9,138.0,138.0,False,17.4,New Jersey,Atwater,hifld_pool
5315,39.7935,-74.9907,9,138.0,138.0,False,48.49,New Jersey,Pine Hill,hifld_nearest
5316,39.7821,-74.9966,9,138.0,138.0,False,24.38,New Jersey,Clay City,hifld_pool
5317,39.8016,-74.971,9,138.0,138.0,False,24.38,New Jersey,Silver Lake,hifld_nearest
5318,39.7944,-75.024,9,345.0,138.0,False,28.89,New Jersey,Oak Villa,hifld_pool
5319,39.7508,-74.9127,9,138.0,138.0,False,38.61,New Jersey,N. Lee,hifld_pool
5320,39.8289,-74.9966,9,138.0,138.0,False,13.8,New Jersey,Cartwright,hifld_pool
5321,39.8792,-74.9052,9,138.0,138.0,False,28.65,New Jersey,Hidalgo,hifld_pool
5322,39.9041,-75.0516,9,138.0,138.0,False,24.29,New Jersey,Madison Park,hifld_pool
5323,39.7902,-74.9334,9,138.0,138.0,False,31.29,New Jersey,Bozeman South,hifld_pool
5324,39.1916,-74.991,9,138.0,138.0,True,18.53,New Jersey,Foothills,hifld_pool
5325,38.9969,-74.9566,9,138.0,138.0,True,11.419999999999998,New Jersey,Kaukauna Gas Turbine,hifld_pool
5326,38.9362,-74.8963,9,138.0,138.0,True,11.419999999999998,New Jersey,Station D Fairfax,hifld_pool
5327,38.8609,-75.2477,9,138.0,138.0,True,11.18,New Jersey,Maplewood,hifld_pool
5328,39.1328,-74.8182,9,138.0,138.0,False,32.73,New Jersey,Archer,hifld_pool
5329,39.2141,-74.8935,9,138.0,138.0,False,13.13,New Jersey,Tipton,hifld_pool
5330,39.2459,-74.6254,9,138.0,138.0,False,32.7,New Jersey,Bearden,hifld_pool
5331,39.2522,-74.6888,9,138.0,138.0,False,13.23,New Jersey,Elk River City Of,hifld_pool
5332,39.1096,-74.8837,9,138.0,138.0,False,8.33,New Jersey,Elk Grove-Colton,hifld_pool
5333,39.0713,-74.8488,9,138.0,138.0,False,14.65,New Jersey,Aeropuerto,hifld_pool
5334,39.0308,-74.9408,9,138.0,138.0,True,10.91,New Jersey,Moose River,hifld_pool
5335,39.033,-74.771,9,138.0,138.0,False,16.61,New Jersey,Shenandoah,hifld_pool
5336,39.016,-74.7906,9,138.0,138.0,False,11.72,New Jersey,Ladore Falls,hifld_pool
5337,38.9716,-74.8293,9,138.0,138.0,False,11.21,New Jersey,Hooterville,hifld_pool
5338,39.4776,-75.3446,9,138.0,138.0,False,23.47,New Jersey,Texum,hifld_pool
5339,39.4229,-75.2823,9,138.0,138.0,False,25.54,New Jersey,Clayburn,hifld_pool
5340,39.4376,-75.1623,9,138.0,138.0,False,23.96,New Jersey,Leavitt,hifld_pool
5341,39.4536,-75.2698,9,138.0,138.0,False,23.01,New Jersey,West Darien,hifld_pool
5342,39.3945,-75.2537,9,138.0,138.0,False,23.24,New Jersey,Parkrose,hifld_pool
5343,39.2992,-75.2474,9,138.0,138.0,False,4.51,New Jersey,Wilis,hifld_pool
5344,39.5154,-75.2326,9,138.0,138.0,False,10.73,New Jersey,Mcqueeney,hifld_pool
5345,39.5313,-75.2046,9,138.0,138.0,False,10.2,New Jersey,Upper Pittsgrove,hifld_nearest
5346,39.2914,-74.9719,9,138.0,138.0,False,27.75,New Jersey,Fort Rock,hifld_pool
5347,39.3964,-75.0608,9,138.0,138.0,False,23.16,New Jersey,Woodstock,hifld_pool
5348,39.4037,-75.0239,9,138.0,138.0,False,22.51,New Jersey,Sunbeam,hifld_pool
5349,39.3193,-74.9882,9,138.0,138.0,False,24.04,New Jersey,Silver Star,hifld_pool
5350,39.2382,-75.1134,9,138.0,138.0,False,6.71,New Jersey,Blountsville,hifld_pool
5351,39.4243,-74.9029,9,138.0,138.0,False,13.92,New Jersey,Maunabo 4301,hifld_pool
5352,39.4523,-74.9387,9,138.0,138.0,False,21.57,New Jersey,Jones Cove,hifld_pool
5353,39.3715,-74.9348,9,138.0,138.0,False,10.78,New Jersey,Unioin Station,hifld_nearest
5354,40.8143,-74.1291,9,138.0,138.0,False,21.63,New Jersey,Jet,hifld_pool
5355,40.7885,-74.1763,9,138.0,138.0,False,21.63,New Jersey,Abbott,hifld_pool
5356,40.784,-74.076,9,138.0,138.0,False,32.51,New Jersey,Hodenpyl,hifld_pool
5357,40.8281,-74.2578,9,138.0,138.0,False,35.4,New Jersey,Cypress,hifld_pool
5358,40.8517,-74.2185,9,138.0,138.0,False,38.6,New Jersey,Cedar Grove,hifld_nearest
5359,40.8648,-74.1494,9,138.0,138.0,False,43.84,New Jersey,Athenia,hifld_nearest
5360,40.8831,-74.187,9,138.0,138.0,False,41.39,New Jersey,Colchester 16,hifld_pool
5361,40.9074,-74.3074,9,138.0,138.0,False,23.94,New Jersey,Darby,hifld_pool
5362,40.7232,-74.1738,9,138.0,138.0,False,53.4,New Jersey,Federal Square,hifld_nearest
5363,40.7188,-74.2666,9,138.0,138.0,False,62.77,New Jersey,Stanley Terrace,hifld_nearest
5364,40.7752,-74.2243,9,138.0,138.0,False,80.16,New Jersey,Motorola,hifld_pool
5365,40.8032,-74.1995,9,138.0,138.0,False,21.66,New Jersey,Flanders,hifld_pool
5366,40.8075,-74.1547,9,138.0,138.0,False,49.66,New Jersey,Belleville,hifld_nearest
5367,40.6289,-74.2598,9,345.0,138.0,False,26.0,New Jersey,Paper,hifld_pool
5368,40.6794,-74.1933,9,138.0,138.0,False,51.57,New Jersey,Lake Park,hifld_pool
5369,40.6596,-74.2435,9,138.0,138.0,False,53.76,New Jersey,Pit 7 Tap,hifld_pool
5370,40.7805,-74.304,9,138.0,138.0,False,54.0,New Jersey,Goldfield,hifld_pool
5371,40.8029,-74.3697,9,138.0,138.0,False,34.58,New Jersey,Whippany,hifld_nearest
5372,40.811,-74.2954,9,345.0,138.0,False,29.93,New Jersey,Laurel Ave,hifld_nearest
5373,40.8376,-74.1941,9,138.0,138.0,False,41.25,New Jersey,Casto,hifld_pool
5374,40.8309,-74.2986,9,138.0,138.0,False,43.65,New Jersey,Yauco Plaza,hifld_pool
5375,40.7138,-74.1906,9,138.0,138.0,False,52.59,New Jersey,Miller St,hifld_nearest
5376,40.7652,-74.126,9,138.0,138.0,False,33.99,New Jersey,Turnpike,hifld_nearest
5377,40.7906,-74.2617,9,138.0,138.0,False,34.3,New Jersey,Marion Drive,hifld_nearest
5378,40.8208,-74.1089,9,138.0,138.0,False,44.42,New Jersey,Enid,hifld_pool
5379,40.777,-74.1764,9,138.0,138.0,False,75.56,New Jersey,Dower,hifld_pool
5380,40.6908,-74.1583,9,138.0,138.0,False,22.65,New Jersey,Steamboat,hifld_pool
5381,40.752,-74.1321,9,138.0,138.0,False,43.77,New Jersey,Pca,hifld_pool
5382,40.7219,-74.2575,9,138.0,138.0,False,38.69,New Jersey,Bethpage Power Plant,hifld_pool
5383,40.662,-74.1566,9,138.0,138.0,False,38.47,New Jersey,Diamond Bar,hifld_pool
5384,40.8599,-74.1805,9,138.0,138.0,False,30.18,New Jersey,Rockford,hifld_pool
5385,40.6993,-74.1827,9,138.0,138.0,False,18.86,New Jersey,Amistad,hifld_pool
5386,40.7901,-74.2194,9,138.0,138.0,False,22.68,New Jersey,Walerga- Antelope,hifld_pool
5387,40.6999,-74.2352,9,138.0,138.0,False,46.32,New Jersey,Doremus Place,hifld_nearest
5388,40.8214,-74.2288,9,138.0,138.0,False,52.14,New Jersey,Santa Ynez Switch,hifld_pool
5389,40.7079,-74.2113,9,138.0,138.0,False,21.05,New Jersey,Ocotillo,hifld_pool
5390,40.8015,-74.2298,9,138.0,138.0,False,25.57,New Jersey,Polk St,hifld_pool
5391,40.6644,-74.2252,9,138.0,138.0,False,28.81,New Jersey,University Wps,hifld_pool
5392,40.8072,-74.1746,9,138.0,138.0,False,26.36,New Jersey,Cook Road,hifld_nearest
5393,40.7535,-74.3061,9,138.0,138.0,False,55.62,New Jersey,Mt Hope,hifld_pool
5394,40.7,-74.3527,9,138.0,138.0,False,34.25,New Jersey,Los Angeles 1617,hifld_pool
5395,40.7643,-74.4092,9,138.0,138.0,False,34.92,New Jersey,Forbestown,hifld_pool
5396,40.7104,-74.3263,9,138.0,138.0,False,19.35,New Jersey,New Melones,hifld_pool
5397,40.6727,-74.3026,9,138.0,138.0,False,39.2,New Jersey,Mandalay,hifld_pool
5398,40.7445,-74.2924,9,138.0,138.0,False,69.26,New Jersey,Naval Air Station,hifld_pool
5399,40.6529,-74.2733,9,138.0,138.0,False,33.87,New Jersey,Aldene,hifld_nearest
5400,40.739,-74.2392,9,138.0,138.0,False,62.68,New Jersey,Blackwell Street,hifld_pool
5401,40.9331,-74.3156,9,345.0,1.0,False,21.29,New Jersey,Edes Tap 2,hifld_pool
5402,40.6835,-74.1469,9,138.0,138.0,False,38.08,New Jersey,Rinehart,hifld_pool
5403,40.7892,-74.2715,9,138.0,138.0,False,82.72,New Jersey,Barre City,hifld_pool
5404,40.7826,-74.2356,9,138.0,138.0,False,53.71,New Jersey,West Orange,hifld_nearest
5405,39.6098,-75.0589,9,138.0,138.0,False,16.22,New Jersey,New River,hifld_pool
5406,39.6408,-75.0483,9,138.0,138.0,False,14.23,New Jersey,West Kelso,hifld_pool
5407,39.6353,-74.9941,9,138.0,138.0,False,8.45,New Jersey,Malabar,hifld_pool
5408,39.8741,-75.3086,9,138.0,138.0,False,8.14,New Jersey,Belcher,hifld_pool
5409,39.6553,-75.1518,9,138.0,138.0,False,22.3,New Jersey,Brinkley East,hifld_pool
5410,39.7132,-75.2233,9,138.0,138.0,False,18.47,New Jersey,Eridu,hifld_pool
5411,39.6701,-75.0857,9,345.0,138.0,False,35.91,New Jersey,Punta Gorda,hifld_pool
5412,39.8393,-75.2112,9,138.0,138.0,False,32.39,New Jersey,North Champaign,hifld_pool
5413,39.7962,-75.1536,9,138.0,1.0,False,28.64,New Jersey,Tomac,hifld_pool
5414,39.6052,-75.2111,9,138.0,138.0,False,13.53,New Jersey,Dane,hifld_pool
5415,39.6091,-75.2416,9,138.0,138.0,False,13.53,New Jersey,Orchard Station,hifld_nearest
5416,39.8905,-75.2409,9,138.0,138.0,False,6.78,New Jersey,Sea Land 1910,hifld_pool
5417,39.7398,-75.1886,9,138.0,138.0,False,37.0,New Jersey,Bowen,hifld_pool
5418,39.7606,-75.1117,9,138.0,138.0,False,22.55,New Jersey,Zion Hill,hifld_pool
5419,39.7733,-75.1895,9,138.0,138.0,False,38.13,New Jersey,Henning,hifld_pool
5420,39.7496,-75.1145,9,138.0,138.0,False,32.72,New Jersey,North Plains,hifld_pool
5421,39.6935,-75.2805,9,138.0,138.0,False,11.4,New Jersey,Apple Data Center Pv,hifld_pool
5422,39.7372,-75.2671,9,138.0,138.0,False,13.1,New Jersey,Calpine Corp,hifld_pool
5423,39.7579,-75.305,9,138.0,138.0,False,24.99,New Jersey,Tolo,hifld_pool
5424,39.6882,-75.3578,9,138.0,138.0,False,20.56,New Jersey,Meadow,hifld_pool
5425,39.7651,-75.2259,9,138.0,138.0,False,35.06,New Jersey,Canadys,hifld_pool
5426,39.8842,-75.1704,9,138.0,138.0,False,49.14,New Jersey,Merrill,hifld_pool
5427,39.7776,-75.1308,9,345.0,138.0,False,29.82,New Jersey,Cantua,hifld_pool
5428,39.8444,-75.135,9,138.0,138.0,False,21.76,New Jersey,Deptford,hifld_nearest
5429,40.6968,-74.121,9,138.0,138.0,False,142.48,New Jersey,Bowman,hifld_pool
5430,40.7699,-74.1165,9,138.0,138.0,False,87.35,New Jersey,Palmer Tc,hifld_pool
5434,40.7304,-74.07,9,138.0,138.0,False,36.49,New Jersey,Transclosure,hifld_pool
5438,40.6663,-74.0191,9,138.0,138.0,True,46.01,New Jersey,Gowanus,hifld_nearest
5440,40.7183,-74.1348,9,138.0,138.0,False,34.95,New Jersey,Newark Bay Cogeneration Partnership Lp,hifld_nearest
5441,40.7903,-74.0564,9,138.0,138.0,False,34.93,New Jersey,Aqueduct,hifld_pool
5442,40.7063,-74.0801,9,138.0,138.0,False,36.69,New Jersey,Herring,hifld_pool
5443,40.7048,-74.025,9,138.0,138.0,True,97.84,New Jersey,Washburn,hifld_pool
5444,40.7516,-74.1711,9,138.0,138.0,False,95.44,New Jersey,Clay Street,hifld_nearest
5445,40.6522,-74.127,9,138.0,138.0,False,39.08,New Jersey,Bayonne Mua- Leitner-Poma Wind Turbine,hifld_nearest
5446,40.6615,-74.1742,9,138.0,138.0,False,82.4,New Jersey,North Avenue,hifld_nearest
5447,40.6888,-74.0617,9,138.0,138.0,False,25.39,New Jersey,Candelaria Arenas 1718,hifld_pool
5448,40.7526,-74.0855,9,138.0,138.0,False,31.96,New Jersey,Northside,hifld_pool
5449,40.8137,-73.9918,9,138.0,138.0,False,25.39,New Jersey,Tower Road,hifld_pool
5450,40.8352,-74.1388,9,138.0,138.0,False,36.67,New Jersey,Grayling Generating Station,hifld_pool
5451,40.7475,-74.0326,9,138.0,138.0,False,35.6,New Jersey,Cymric,hifld_pool
5452,40.7595,-74.1038,9,138.0,138.0,False,38.78,New Jersey,Yacht Club D.S,hifld_pool
5453,40.8319,-73.9612,9,138.0,138.0,False,38.21,New Jersey,12Th St,hifld_pool
5454,40.6657,-74.0696,9,138.0,138.0,False,48.3,New Jersey,South Vicksburg,hifld_pool
5455,40.8325,-74.0911,9,138.0,138.0,False,54.76,New Jersey,Airport,hifld_pool
5456,40.7859,-74.0175,9,138.0,138.0,False,17.47,New Jersey,Gannon,hifld_pool
5457,40.8281,-74.0265,9,138.0,138.0,False,20.54,New Jersey,Greers Ferry,hifld_pool
5459,40.8374,-74.1576,9,138.0,138.0,False,47.3,New Jersey,Federal Heights,hifld_pool
5460,40.7805,-74.055,9,138.0,138.0,False,38.57,New Jersey,East Portal,hifld_pool
5461,40.7691,-74.0537,9,138.0,138.0,False,38.69,New Jersey,Ultra Power,hifld_pool
5462,40.6874,-73.8954,9,138.0,138.0,True,62.24,New Jersey,Brownsville,hifld_nearest
5463,40.7779,-74.0913,9,138.0,138.0,False,29.29,New Jersey,Kingsland,hifld_nearest
5464,40.8257,-73.9825,9,138.0,138.0,False,38.54,New Jersey,Repro,hifld_pool
5465,40.8086,-74.0596,9,138.0,138.0,False,49.78,New Jersey,Carlstadt,hifld_nearest
5467,40.7701,-73.9606,9,138.0,138.0,True,45.33,New Jersey,East 63Rd Street,hifld_nearest
5468,40.7039,-74.1517,9,138.0,138.0,False,32.06,New Jersey,Port Street,hifld_nearest
5469,40.7701,-74.095,9,138.0,138.0,False,65.65,New Jersey,Segs 6,hifld_pool
5470,40.8251,-74.0839,9,138.0,138.0,False,29.35,New Jersey,Lejeune,hifld_pool
5473,40.7594,-74.075,9,138.0,138.0,False,36.51,New Jersey,Harden,hifld_pool
5474,40.8043,-73.9986,9,138.0,138.0,False,40.46,New Jersey,Higgins,hifld_pool
5475,40.6048,-74.9024,9,138.0,138.0,False,12.85,New Jersey,Plastic,hifld_pool
5476,40.6428,-74.752,9,138.0,138.0,False,13.3,New Jersey,Mabton,hifld_pool
5477,40.5836,-74.8877,9,138.0,138.0,False,22.34,New Jersey,Sabic Innovative Plastics Mt. Vernon,hifld_pool
5478,40.5319,-74.8306,9,138.0,138.0,False,18.29,New Jersey,Woodring,hifld_pool
5479,40.5025,-74.9013,9,138.0,138.0,False,26.78,New Jersey,Shawsville,hifld_pool
5480,40.5183,-74.8481,9,345.0,138.0,False,25.22,New Jersey,Glencliff,hifld_pool
5481,40.5895,-75.0444,9,138.0,138.0,False,3.78,New Jersey,Pearl Plant,hifld_pool
5482,40.7412,-74.8999,9,138.0,138.0,False,13.05,New Jersey,Quail,hifld_pool
5483,40.6987,-74.9334,9,138.0,138.0,False,11.4,New Jersey,Alameda,hifld_pool
5484,40.6412,-74.9942,9,138.0,138.0,False,21.02,New Jersey,Lemolo No 1 Hydro,hifld_pool
5485,40.3562,-74.8751,9,138.0,138.0,False,15.9,New Jersey,Mayfair,hifld_pool
5486,40.6048,-74.8222,9,138.0,138.0,False,7.07,New Jersey,Gilmore,hifld_pool
5487,40.5708,-75.1441,9,138.0,138.0,False,6.78,New Jersey,Gilbert,hifld_nearest
5488,40.6336,-75.1357,9,138.0,138.0,False,10.04,New Jersey,Turtle,hifld_pool
5489,40.5001,-74.9742,9,138.0,138.0,False,11.83,New Jersey,Greening,hifld_pool
5490,40.6397,-74.6566,9,138.0,138.0,False,21.14,New Jersey,Car Care,hifld_pool
5491,40.6343,-74.5973,9,138.0,138.0,False,22.13,New Jersey,Hare,hifld_pool
5492,40.4838,-74.657,9,138.0,138.0,False,26.13,New Jersey,Engle-Eastern,hifld_pool
5493,40.5836,-74.6781,9,138.0,138.0,False,19.17,New Jersey,Fair Oaks,hifld_pool
5494,40.4451,-75.086,9,138.0,138.0,False,7.78,New Jersey,Rittenhouse,hifld_pool
5495,40.3241,-75.1065,9,138.0,138.0,False,4.0,New Jersey,Edward L. Addison Generating Plant,hifld_pool
5496,40.7099,-75.013,9,138.0,138.0,False,18.46,New Jersey,Covanta Tulsa Renewable Energy Llc,hifld_pool
5497,40.6894,-75.0612,9,138.0,138.0,False,17.33,New Jersey,Prairie State Station,hifld_pool
5498,40.7079,-75.0721,9,138.0,138.0,False,19.55,New Jersey,Greenfield,hifld_pool
5499,40.6166,-74.7255,9,138.0,138.0,False,8.08,New Jersey,Phelon Parts,hifld_pool
5500,40.6512,-74.7087,9,138.0,138.0,False,20.27,New Jersey,Forward Energy Center,hifld_pool
5501,40.6847,-74.8366,9,138.0,138.0,False,27.47,New Jersey,Stella,hifld_pool
5502,40.3389,-74.4332,9,138.0,138.0,False,19.19,New Jersey,Freeman Dp,hifld_pool
5503,40.3043,-74.5634,9,138.0,1.0,False,8.62,New Jersey,Henderson,hifld_pool
5504,40.1912,-74.4738,9,138.0,138.0,False,29.88,New Jersey,Whitwell,hifld_pool
5505,40.2625,-74.5282,9,138.0,138.0,False,16.97,New Jersey,East Windsor,hifld_nearest
5506,40.3024,-74.5219,9,345.0,138.0,False,16.79,New Jersey,Lake,hifld_pool
5507,40.2186,-74.5375,9,138.0,138.0,False,16.79,New Jersey,Egin,hifld_pool
5508,40.268,-74.7157,9,138.0,138.0,False,30.63,New Jersey,Siloam Springs Southwest,hifld_pool
5509,40.3068,-74.7679,9,138.0,138.0,False,19.44,New Jersey,Playas,hifld_pool
5510,40.2285,-74.6867,9,138.0,138.0,False,19.44,New Jersey,Trenton,hifld_nearest
5511,40.2235,-74.7553,9,138.0,138.0,False,20.29,New Jersey,Hanford,hifld_pool
5512,40.3857,-74.8172,9,138.0,138.0,False,19.27,New Jersey,New Barnesville,hifld_pool
5513,40.4301,-74.6602,9,138.0,138.0,False,28.58,New Jersey,Colorado Powerstation,hifld_pool
5514,40.3551,-74.6582,9,500.0,1.0,False,59.96,New Jersey,Charlton Street,hifld_nearest
5515,40.3489,-74.6843,9,138.0,138.0,False,48.12,New Jersey,Ash Street,hifld_pool
5516,40.3748,-74.6718,9,138.0,138.0,False,22.71,New Jersey,Keene,hifld_pool
5517,40.2754,-74.5811,9,138.0,138.0,False,11.72,New Jersey,Dpc Platteville,hifld_pool
5518,40.2433,-74.5836,9,138.0,138.0,False,12.42,New Jersey,Windsor,hifld_nearest
5519,40.4323,-74.7869,9,138.0,138.0,False,12.98,New Jersey,Fowler,hifld_pool
5520,40.2747,-74.7875,9,138.0,138.0,False,10.88,New Jersey,Northern,hifld_pool
5521,40.1874,-74.7405,9,138.0,138.0,False,18.16,New Jersey,Walnut,hifld_pool
5522,40.1572,-74.7229,9,138.0,138.0,False,28.37,New Jersey,Fairless Energy Center,hifld_nearest
5523,40.1632,-74.7895,9,138.0,138.0,False,21.54,New Jersey,Twin Falls Sw Sta,hifld_pool
5524,40.153,-74.6705,9,138.0,138.0,False,40.5,New Jersey,Springfield,hifld_pool
5525,40.1277,-74.6714,9,138.0,138.0,False,30.65,New Jersey,Range Line Dist,hifld_pool
5526,40.2689,-74.8277,9,345.0,138.0,False,29.52,New Jersey,Sperryville,hifld_pool
5527,40.2931,-74.8179,9,138.0,138.0,False,25.97,New Jersey,Gl Dairy Biogas,hifld_pool
5528,40.1421,-74.8262,9,138.0,138.0,False,51.25,New Jersey,Emilie,hifld_nearest
5529,40.3386,-74.7776,9,138.0,138.0,False,33.42,New Jersey,Langley,hifld_pool
5530,40.2603,-74.6665,9,138.0,138.0,False,27.77,New Jersey,Sara-1,hifld_pool
5531,40.3034,-74.6921,9,138.0,138.0,False,25.78,New Jersey,Lobelville,hifld_pool
5532,40.3075,-74.9111,9,138.0,138.0,False,7.27,New Jersey,Lutesville,hifld_pool
5533,40.3222,-74.8479,9,138.0,138.0,False,10.21,New Jersey,Parkway,hifld_pool
5534,40.3023,-74.7162,9,138.0,138.0,False,27.45,New Jersey,Revelstoke,hifld_pool
5535,40.23,-74.8299,9,138.0,138.0,False,13.76,New Jersey,Planta Tratamiento A.A.A,hifld_pool
5536,40.247,-74.7942,9,138.0,138.0,False,13.76,New Jersey,I-94,hifld_pool
5537,40.1817,-74.5895,9,138.0,138.0,False,29.39,New Jersey,Hi Desert,hifld_pool
5538,40.1573,-74.5644,9,138.0,138.0,False,24.28,New Jersey,Freeway Park,hifld_pool
5539,40.0773,-74.5842,9,138.0,138.0,False,9.1,New Jersey,Milton R Young,hifld_pool
5541,40.5877,-74.2663,9,138.0,138.0,False,16.06,New Jersey,Springfield Dist,hifld_pool
5543,40.6903,-74.3252,9,345.0,138.0,False,46.79,New Jersey,Barnabie Cable Sta,hifld_pool
5544,40.5903,-74.4469,9,138.0,138.0,False,22.36,New Jersey,South 2Nd Stree,hifld_nearest
5545,40.3505,-74.4535,9,138.0,138.0,False,28.95,New Jersey,Terra Bella,hifld_pool
5546,40.4634,-74.3584,9,138.0,138.0,False,56.33,New Jersey,Highline,hifld_pool
5547,40.4324,-74.3871,9,138.0,138.0,False,24.07,New Jersey,Peach Orchard,hifld_pool
5548,40.4045,-74.3592,9,138.0,1.0,False,32.22,New Jersey,South Kirkland,hifld_pool
5549,40.5283,-74.3072,9,138.0,138.0,False,38.01,New Jersey,Stephensburg,hifld_pool
5550,40.6032,-74.4062,9,138.0,138.0,False,44.43,New Jersey,Amelia 1803,hifld_pool
5551,40.4142,-74.3802,9,345.0,138.0,False,58.84,New Jersey,Busch,hifld_pool
5552,40.5676,-74.3644,9,138.0,138.0,False,23.85,New Jersey,Gallagher,hifld_pool
5553,40.5566,-74.336,9,138.0,138.0,False,35.71,New Jersey,Lafayette Road Station,hifld_nearest
5554,40.5445,-74.3507,9,138.0,138.0,False,33.4,New Jersey,Metuchen,hifld_nearest
5555,40.4571,-74.4526,9,138.0,138.0,False,11.23,New Jersey,Brunswick,hifld_nearest
5556,40.5873,-74.3819,9,345.0,138.0,False,47.37,New Jersey,Hyland Lfgte Facility,hifld_pool
5557,40.4802,-74.5865,9,138.0,138.0,False,16.99,New Jersey,Beardsley Tap,hifld_pool
5558,40.449,-74.1874,9,138.0,138.0,True,100.88,New Jersey,Smith Mountain,hifld_pool
5559,40.3966,-74.0652,9,138.0,138.0,False,20.71,New Jersey,Honey,hifld_pool
5560,40.3539,-74.2339,9,138.0,138.0,False,39.94,New Jersey,Clayben,hifld_pool
5561,40.3865,-74.2254,9,138.0,138.0,False,29.02,New Jersey,Segs 7,hifld_pool
5562,40.4078,-74.5805,9,138.0,138.0,False,10.38,New Jersey,Marfa Alamito Creek,hifld_pool
5563,40.3953,-74.6365,9,138.0,138.0,False,10.38,New Jersey,Jamestown,hifld_pool
5564,40.3144,-74.6159,9,138.0,138.0,False,19.04,New Jersey,Holland Station,hifld_pool
5565,40.3015,-74.3685,9,138.0,138.0,False,23.74,New Jersey,Englishtown,hifld_nearest
5566,40.2522,-74.441,9,138.0,138.0,False,27.72,New Jersey,Milhurst Solar,hifld_nearest
5567,40.4198,-74.4221,9,138.0,138.0,False,38.29,New Jersey,Fort Mccoy Ocb Electric,hifld_pool
5568,40.3923,-74.5144,9,138.0,138.0,False,28.74,New Jersey,La Jara,hifld_pool
5569,40.3832,-74.3934,9,138.0,138.0,False,37.0,New Jersey,Big Foot,hifld_pool
5570,40.512,-74.4016,9,138.0,138.0,False,36.59,New Jersey,Meadow Road,hifld_nearest
5571,40.4281,-74.3709,9,138.0,138.0,False,37.95,New Jersey,Sayreville Cogeneration Facility,hifld_nearest
5572,40.4242,-74.4118,9,138.0,138.0,False,26.62,New Jersey,Barnegat,hifld_pool
5573,40.5548,-74.5321,9,138.0,138.0,False,30.28,New Jersey,Nola,hifld_pool
5574,40.4187,-74.4678,9,138.0,138.0,False,26.62,New Jersey,Deans,hifld_nearest
5575,40.3941,-74.3781,9,138.0,138.0,False,48.83,New Jersey,Winslow,hifld_pool
5576,40.5524,-74.5109,9,138.0,138.0,False,24.79,New Jersey,Middlesex,hifld_nearest
5577,40.4328,-74.4717,9,138.0,138.0,False,24.79,New Jersey,Dodgeville,hifld_pool
5578,40.4747,-74.489,9,138.0,138.0,False,24.79,New Jersey,Jersey Avenue,hifld_nearest
5579,40.3617,-74.3597,9,138.0,138.0,False,24.04,New Jersey,Double Bridges,hifld_pool
5580,40.385,-74.2542,9,138.0,138.0,False,24.04,New Jersey,Midwind,hifld_pool
5581,40.4709,-74.2699,9,138.0,138.0,False,22.95,New Jersey,Beardsley St,hifld_pool
5582,40.436,-74.2429,9,138.0,138.0,False,15.36,New Jersey,Njt Aberdeen,hifld_nearest
5583,40.4557,-74.3262,9,138.0,138.0,False,56.81,New Jersey,Parlin Power Plant,hifld_nearest
5584,40.4826,-74.3575,9,138.0,138.0,False,36.83,New Jersey,Sayreville,hifld_nearest
5586,40.4949,-74.4528,9,138.0,138.0,False,32.25,New Jersey,Front Street,hifld_pool
5587,40.3998,-74.2751,9,138.0,138.0,False,62.67,New Jersey,Industrial Way,hifld_pool
5588,40.4917,-74.2739,9,138.0,138.0,True,37.44,New Jersey,Werner,hifld_nearest
5589,40.5714,-74.401,9,138.0,138.0,False,37.93,New Jersey,Tremval,hifld_pool
5590,40.5843,-74.4856,9,138.0,138.0,False,26.97,New Jersey,Greenbrook,hifld_nearest
5591,40.5098,-74.4529,9,138.0,138.0,False,37.93,New Jersey,Grimes,hifld_pool
5592,40.476,-74.6269,9,138.0,138.0,False,30.64,New Jersey,Brownlee,hifld_pool
5593,40.3309,-74.6196,9,138.0,138.0,False,16.81,New Jersey,Thetford,hifld_pool
5594,40.4286,-74.5946,9,138.0,138.0,False,12.35,New Jersey,Ampor,hifld_pool
5595,40.3589,-74.5465,9,138.0,138.0,False,21.83,New Jersey,Franklin,hifld_pool
5596,40.4553,-74.406,9,138.0,138.0,False,17.99,New Jersey,Laurel City,hifld_pool
5597,40.4542,-74.3728,9,138.0,138.0,False,20.88,New Jersey,North Beach,hifld_pool
5598,40.5138,-74.2703,9,138.0,138.0,False,16.4,New Jersey,Don Marquis,hifld_pool
5599,40.4216,-74.2753,9,138.0,1.0,False,14.18,New Jersey,Midulla Generating Station,hifld_pool
5600,40.4401,-74.1233,9,345.0,138.0,False,46.52,New Jersey,Decherd,hifld_pool
5601,40.5023,-74.2225,9,138.0,138.0,True,2.49,New Jersey,Vacaville,hifld_pool
5602,40.6122,-74.3037,9,138.0,138.0,False,33.73,New Jersey,Seagoville,hifld_pool
5603,40.5324,-74.4781,9,138.0,138.0,False,14.08,New Jersey,Lake Nelson,hifld_nearest
5604,40.5589,-74.295,9,138.0,138.0,False,36.84,New Jersey,Woodbridge,hifld_nearest
5605,40.5354,-74.3305,9,138.0,138.0,False,19.12,New Jersey,Lidford,hifld_pool
5606,40.1769,-74.1439,9,138.0,138.0,False,23.59,New Jersey,Kettleman Hills,hifld_pool
5607,40.2211,-74.057,9,138.0,138.0,False,30.08,New Jersey,Oceanview,hifld_nearest
5608,40.212,-74.0015,9,138.0,138.0,False,27.66,New Jersey,Leslie Metering,hifld_pool
5609,40.2659,-74.0349,9,345.0,138.0,False,38.75,New Jersey,Renaissance Station,hifld_pool
5610,40.3322,-74.0352,9,138.0,138.0,False,26.42,New Jersey,Jack County,hifld_pool
5611,40.1616,-74.0177,9,138.0,138.0,True,21.53,New Jersey,Dorris,hifld_pool
5612,40.0171,-74.1599,9,138.0,138.0,False,25.52,New Jersey,Osceola,hifld_pool
5613,40.0755,-74.0409,9,345.0,138.0,False,53.11,New Jersey,San Justo,hifld_pool
5614,40.0576,-74.1531,9,138.0,138.0,False,25.52,New Jersey,Lakewood,hifld_nearest
5615,40.0494,-74.1073,9,138.0,138.0,False,26.35,New Jersey,Warne Tap,hifld_pool
5616,40.3339,-74.1779,9,138.0,138.0,False,13.1,New Jersey,Lombardy Ln,hifld_pool
5617,40.307,-74.1847,9,138.0,138.0,False,42.48,New Jersey,Halfmoon Bay,hifld_pool
5618,40.2523,-74.0822,9,138.0,138.0,False,21.28,New Jersey,Chief Brady,hifld_pool
5619,40.1991,-74.1631,9,138.0,138.0,False,13.08,New Jersey,Skaggs Island Junction 1,hifld_pool
5620,40.3348,-74.3293,9,138.0,138.0,False,25.61,New Jersey,Ludlow,hifld_pool
5621,40.3272,-74.3541,9,345.0,1.0,False,25.61,New Jersey,Hat Rapids,hifld_pool
5622,40.2184,-74.3672,9,138.0,138.0,False,25.61,New Jersey,Smithburg,hifld_nearest
5623,40.248,-74.2602,9,138.0,138.0,False,25.61,New Jersey,Esc Industrial M. Such 1423,hifld_pool
5624,40.1459,-74.2907,9,138.0,138.0,False,27.12,New Jersey,Serramonte,hifld_pool
5625,40.3019,-74.2678,9,138.0,138.0,False,27.12,New Jersey,Tomahawk-Atc,hifld_pool
5626,40.1945,-74.2483,9,345.0,1.0,False,27.12,New Jersey,No Wall,hifld_pool
5627,40.2122,-74.2933,9,138.0,138.0,False,31.32,New Jersey,Coyote Creek,hifld_pool
5628,40.2399,-74.2339,9,138.0,138.0,False,32.78,New Jersey,Lincolnville,hifld_pool
5629,40.416,-74.1765,9,138.0,138.0,False,27.52,New Jersey,Milagro,hifld_pool
5630,40.3869,-74.1147,9,138.0,138.0,False,10.15,New Jersey,Apra Hts,hifld_pool
5631,40.2179,-74.1893,9,138.0,138.0,False,23.08,New Jersey,Dow Chemical,hifld_pool
5632,40.122,-74.2051,9,138.0,138.0,False,23.08,New Jersey,Larrabee,hifld_nearest
5633,40.1936,-74.2269,9,138.0,138.0,False,23.08,New Jersey,St George,hifld_pool
5634,40.2541,-74.1369,9,138.0,138.0,False,23.08,New Jersey,Atlantic,hifld_nearest
5635,40.3457,-74.1449,9,138.0,138.0,False,10.66,New Jersey,Brentwood,hifld_pool
5636,40.3171,-73.9752,9,138.0,138.0,True,26.45,New Jersey,Talbot Hill,hifld_pool
5637,40.2989,-73.9988,9,138.0,138.0,False,30.4,New Jersey,Louetta,hifld_pool
5638,40.222,-73.9983,9,138.0,138.0,False,32.61,New Jersey,Sells,hifld_pool
5639,40.3546,-74.0004,9,345.0,138.0,False,37.26,New Jersey,Embarcadero,hifld_pool
5640,40.1077,-74.0694,9,138.0,138.0,False,15.47,New Jersey,Kingston,hifld_pool
5641,40.1474,-74.0223,9,138.0,138.0,True,29.22,New Jersey,Cattle Creek,hifld_pool
5642,40.1416,-74.097,9,138.0,138.0,False,14.62,New Jersey,North Denver,hifld_pool
5643,40.3833,-74.337,9,138.0,138.0,False,11.25,New Jersey,Deep Run,hifld_nearest
5644,40.2848,-74.2762,9,138.0,138.0,False,22.49,New Jersey,Huiskamp,hifld_pool
5645,40.3627,-74.0308,9,138.0,138.0,False,33.47,New Jersey,Edwardsport Station,hifld_pool
5646,40.3162,-74.1512,9,345.0,138.0,False,35.02,New Jersey,Wixom,hifld_pool
5647,40.4024,-74.0337,9,138.0,138.0,False,31.18,New Jersey,North Camas,hifld_pool
5648,40.3099,-74.09,9,138.0,138.0,False,36.47,New Jersey,Shell,hifld_pool
5649,40.3154,-74.2388,9,138.0,138.0,False,11.89,New Jersey,Murdock Rd,hifld_pool
5650,40.4145,-74.3154,9,138.0,138.0,False,24.18,New Jersey,San Andreas Tap,hifld_pool
5651,40.4069,-74.2404,9,138.0,138.0,False,23.68,New Jersey,Freneau,hifld_nearest
5652,40.3616,-74.3324,9,138.0,138.0,False,22.04,New Jersey,Pinckneyville,hifld_pool
5653,40.276,-74.0564,9,138.0,138.0,False,22.63,New Jersey,Kellerville,hifld_pool
5654,40.1058,-74.1148,9,138.0,138.0,False,22.63,New Jersey,Air Products 2,hifld_pool
5655,40.2227,-74.1343,9,500.0,138.0,False,35.6,New Jersey,Woodcreek,hifld_pool
5656,40.2283,-74.1046,9,138.0,138.0,False,22.63,New Jersey,Monmouth Landfill Gas To Energy,hifld_nearest
5657,40.4128,-74.0152,9,138.0,138.0,False,14.35,New Jersey,5204 Big K-Mart,hifld_pool
5658,40.3539,-74.0929,9,138.0,138.0,False,14.35,New Jersey,Rio Bayamon Dev 1709,hifld_pool
5659,40.4213,-74.0857,9,138.0,138.0,False,22.7,New Jersey,Table Mt,hifld_pool
5660,40.459,-73.9885,9,138.0,138.0,True,52.21,New Jersey,Roxboro Plant Station,hifld_pool
5661,40.3872,-73.9737,9,138.0,138.0,True,8.000000000000007,New Jersey,Owatonna Energy Station,hifld_pool
5662,40.2458,-73.991,9,138.0,138.0,False,18.72,New Jersey,Seatac,hifld_pool
5663,40.6915,-74.5633,9,138.0,138.0,False,16.12,New Jersey,Magnolia,hifld_pool
5664,40.6859,-74.5168,9,138.0,138.0,False,57.15,New Jersey,Cavendish,hifld_pool
5665,40.7126,-74.5382,9,138.0,138.0,False,16.3,New Jersey,Linde,hifld_pool
5666,40.6347,-74.5724,9,138.0,138.0,False,16.12,New Jersey,Billings,hifld_pool
5667,40.9621,-74.4123,9,138.0,138.0,False,22.7,New Jersey,Deer Rips,hifld_pool
5668,40.9033,-74.3786,9,138.0,138.0,False,12.57,New Jersey,Montville,hifld_nearest
5669,40.8912,-74.7258,9,138.0,138.0,False,19.44,New Jersey,Hemphill,hifld_pool
5670,40.88,-74.7021,9,138.0,138.0,False,32.22,New Jersey,Big Creek,hifld_pool
5671,41.0142,-74.3684,9,500.0,138.0,False,57.36,New Jersey,Needham,hifld_pool
5672,40.9899,-74.4168,9,138.0,138.0,False,29.15,New Jersey,Post Rock,hifld_pool
5673,40.6702,-74.4271,9,138.0,138.0,False,24.41,New Jersey,Murray Hill Solar,hifld_nearest
5674,40.8783,-74.4942,9,138.0,138.0,False,10.68,New Jersey,San German 6401,hifld_pool
5675,40.8967,-74.6199,9,138.0,138.0,False,19.24,New Jersey,Cheatham,hifld_pool
5676,40.9667,-74.4568,9,138.0,138.0,False,18.66,New Jersey,North Mountain,hifld_pool
5677,40.837,-74.5425,9,345.0,1.0,False,34.84,New Jersey,Hayfork,hifld_pool
5678,40.9308,-74.5565,9,138.0,138.0,False,18.33,New Jersey,Mayberry Tap,hifld_pool
5679,40.8474,-74.3791,9,138.0,138.0,False,18.68,New Jersey,Wingra,hifld_pool
5680,40.9464,-74.5873,9,138.0,1.0,False,11.44,New Jersey,Jones Bluff,hifld_pool
5681,40.7277,-74.7239,9,138.0,138.0,False,23.87,New Jersey,Minden,hifld_pool
5682,40.7645,-74.6906,9,138.0,138.0,False,25.05,New Jersey,Arroyo Hondo,hifld_pool
5683,40.8176,-74.8006,9,500.0,138.0,False,39.39,New Jersey,Weber,hifld_pool
5684,40.8629,-74.9304,9,138.0,138.0,False,19.97,New Jersey,Juncos Tc,hifld_pool
5685,40.8722,-74.7902,9,138.0,138.0,False,18.04,New Jersey,Willows A,hifld_pool
5686,40.8389,-74.8673,9,138.0,138.0,False,21.51,New Jersey,Fort Sage,hifld_pool
5687,40.9735,-74.5183,9,138.0,138.0,False,17.48,New Jersey,Canton Street,hifld_pool
5688,41.0376,-74.3016,9,138.0,138.0,False,26.63,New Jersey,Society Hill,hifld_pool
5689,40.9262,-74.412,9,138.0,138.0,False,12.85,New Jersey,Carter,hifld_pool
5690,40.7246,-74.6676,9,138.0,138.0,False,23.33,New Jersey,Wynantskill,hifld_pool
5691,40.6955,-74.4717,9,138.0,138.0,False,36.85,New Jersey,Gillette,hifld_nearest
5692,40.6746,-74.3711,9,138.0,138.0,False,41.39,New Jersey,Biglow Canyon,hifld_pool
5693,40.8144,-74.4635,9,138.0,138.0,False,17.26,New Jersey,Jcpl,hifld_nearest
5694,40.8508,-74.4369,9,138.0,138.0,False,18.91,New Jersey,Tortoise,hifld_pool
5695,40.7354,-74.4895,9,138.0,138.0,False,26.36,New Jersey,Mc Mullin,hifld_pool
5696,40.7663,-74.6135,9,345.0,138.0,False,35.36,New Jersey,Nassau,hifld_pool
5697,40.733,-74.5767,9,138.0,138.0,False,35.16,New Jersey,West Johnson City,hifld_pool
5698,40.8416,-74.5254,9,138.0,138.0,False,27.11,New Jersey,Salisbury,hifld_pool
5699,41.0291,-74.5016,9,138.0,138.0,False,17.79,New Jersey,Widows Creek,hifld_pool
5700,41.0023,-74.5441,9,138.0,138.0,False,9.29,New Jersey,Hcf,hifld_pool
5701,40.8634,-74.4207,9,138.0,138.0,False,25.18,New Jersey,Morgan Energy Center,hifld_pool
5702,40.9242,-74.3535,9,138.0,138.0,False,32.98,New Jersey,Slater,hifld_pool
5703,40.9031,-74.3487,9,138.0,138.0,False,17.66,New Jersey,No Mans Land,hifld_pool
5704,40.8347,-74.3925,9,500.0,138.0,False,36.21,New Jersey,Roy,hifld_pool
5705,40.9723,-74.3219,9,138.0,138.0,False,13.89,New Jersey,Rocky Run,hifld_pool
5706,40.8471,-74.6164,9,138.0,138.0,False,45.81,New Jersey,Geneva Border City,hifld_pool
5707,40.8513,-74.5423,9,138.0,138.0,False,20.32,New Jersey,Hickory Withe,hifld_pool
5708,40.7606,-74.4931,9,138.0,138.0,False,16.09,New Jersey,Bear River,hifld_pool
5709,40.7991,-74.6074,9,138.0,138.0,False,15.43,New Jersey,Hallandale,hifld_pool
5710,40.9286,-74.5034,9,345.0,138.0,False,40.29,New Jersey,Bosque,hifld_pool
5711,40.906,-74.5262,9,138.0,138.0,False,13.31,New Jersey,Dpc Oakdale,hifld_pool
5712,40.8745,-74.4475,9,138.0,138.0,False,44.98,New Jersey,Carreon,hifld_pool
5713,41.0786,-74.4328,9,138.0,138.0,False,23.13,New Jersey,Underground Tap,hifld_pool
5714,40.7605,-74.643,9,138.0,138.0,False,20.64,New Jersey,Railroad,hifld_pool
5715,39.7533,-74.3631,9,138.0,138.0,False,13.52,New Jersey,North Bartow,hifld_pool
5716,39.7478,-74.2447,9,138.0,138.0,False,13.52,New Jersey,Cedar Creek,hifld_pool
5717,39.7927,-74.3976,9,138.0,138.0,False,14.27,New Jersey,Ohio Falls,hifld_pool
5718,39.807,-74.1179,9,138.0,138.0,True,18.14,New Jersey,Dead Head,hifld_pool
5719,39.9539,-74.1342,9,138.0,138.0,False,12.36,New Jersey,Nucor,hifld_pool
5720,39.9258,-74.0984,9,138.0,138.0,True,18.24,New Jersey,Elmgren,hifld_pool
5721,39.9118,-74.2251,9,138.0,138.0,False,21.23,New Jersey,Kansas River Project,hifld_pool
5722,39.848,-74.1823,9,138.0,138.0,False,16.63,New Jersey,Clovis,hifld_pool
5723,40.047,-74.1462,9,138.0,138.0,False,27.94,New Jersey,Dinner Lake,hifld_pool
5724,40.0739,-74.135,9,138.0,138.0,False,19.06,New Jersey,Peyton,hifld_pool
5725,40.0718,-74.0657,9,138.0,138.0,False,19.06,New Jersey,Elk Mound,hifld_pool
5726,40.0831,-74.1039,9,138.0,138.0,False,37.6,New Jersey,Cecil Field,hifld_pool
5727,39.8814,-74.2322,9,138.0,138.0,False,12.06,New Jersey,Neset,hifld_pool
5728,39.8084,-74.2835,9,138.0,138.0,False,31.24,New Jersey,Turkey Hill,hifld_pool
5729,39.7803,-74.2749,9,138.0,138.0,False,17.72,New Jersey,Waunakee Municipal 2,hifld_pool
5730,39.8517,-74.2743,9,138.0,138.0,False,12.06,New Jersey,Dalreed,hifld_pool
5731,40.1261,-74.4491,9,138.0,138.0,False,29.81,New Jersey,Hughes,hifld_pool
5732,40.1503,-74.3665,9,345.0,138.0,False,30.55,New Jersey,Woodside,hifld_pool
5733,40.0948,-74.4387,9,138.0,138.0,False,34.68,New Jersey,Jetport,hifld_pool
5734,40.009,-74.2911,9,138.0,138.0,False,26.22,New Jersey,Pine Hills,hifld_pool
5735,40.1318,-74.3907,9,138.0,138.0,False,28.43,New Jersey,Centro Judicial,hifld_pool
5736,40.1239,-74.1623,9,138.0,138.0,False,42.96,New Jersey,Hobe,hifld_pool
5737,40.1137,-74.2901,9,138.0,138.0,False,37.29,New Jersey,N. Holly Springs,hifld_pool
5738,40.0407,-74.2783,9,138.0,138.0,False,39.5,New Jersey,Thayer Drive,hifld_pool
5739,40.0701,-74.2187,9,138.0,138.0,False,37.29,New Jersey,Murfreesboro Road,hifld_pool
5740,40.1026,-74.2043,9,138.0,138.0,False,65.51,New Jersey,Carrollton-Tarpley Road,hifld_pool
5741,40.0701,-74.1647,9,138.0,138.0,False,37.29,New Jersey,Naea Ocean Peaking Power Llc,hifld_nearest
5742,39.9438,-74.1805,9,138.0,138.0,False,9.34,New Jersey,South Haven,hifld_pool
5743,39.8964,-74.1375,9,138.0,138.0,False,12.81,New Jersey,Chippewa Falls,hifld_pool
5744,39.7828,-74.2435,9,138.0,138.0,False,15.05,New Jersey,Southampton Solar Llc,hifld_pool
5745,39.6815,-74.2359,9,138.0,138.0,False,17.58,New Jersey,Panther,hifld_pool
5746,39.6627,-74.3353,9,138.0,138.0,False,14.63,New Jersey,Sulphur,hifld_pool
5747,39.7015,-74.2206,9,138.0,138.0,False,20.29,New Jersey,Lake Creek,hifld_pool
5748,40.0665,-74.2928,9,138.0,138.0,False,20.04,New Jersey,Thornydale,hifld_pool
5749,39.8851,-74.376,9,138.0,138.0,False,20.04,New Jersey,Valhalla,hifld_pool
5750,39.9692,-74.3262,9,345.0,138.0,False,42.26,New Jersey,Russellville North,hifld_pool
5751,39.9438,-74.3038,9,138.0,138.0,False,20.04,New Jersey,Somerset,hifld_pool
5752,40.0086,-74.057,9,138.0,138.0,False,14.7,New Jersey,Neff,hifld_pool
5753,40.0996,-74.1355,9,138.0,138.0,False,14.7,New Jersey,Markham,hifld_pool
5754,40.0209,-74.2158,9,138.0,138.0,False,31.88,New Jersey,Hood River,hifld_pool
5755,39.9789,-74.1259,9,345.0,1.0,False,33.53,New Jersey,Mount Tom,hifld_pool
5756,39.9537,-74.2221,9,138.0,138.0,False,31.88,New Jersey,Manitous,hifld_nearest
5757,39.9966,-74.1867,9,138.0,138.0,False,61.39,New Jersey,Garvins Falls,hifld_pool
5758,40.0387,-74.198,9,138.0,138.0,False,15.24,New Jersey,Goose Haven,hifld_pool
5759,39.9235,-74.2441,9,138.0,138.0,False,15.24,New Jersey,Lake Chelan Project,hifld_pool
5760,39.942,-74.286,9,138.0,138.0,False,20.01,New Jersey,Vieques 2501,hifld_pool
5761,40.0331,-74.1734,9,138.0,138.0,False,37.26,New Jersey,Leisure Village,hifld_nearest
5762,39.992,-74.2791,9,138.0,138.0,False,20.01,New Jersey,Capitola,hifld_pool
5763,39.5893,-74.2285,9,138.0,138.0,True,5.9,New Jersey,Somerville,hifld_pool
5764,40.8973,-74.174,9,138.0,138.0,False,39.72,New Jersey,Bremerton,hifld_pool
5765,40.8933,-74.114,9,138.0,138.0,False,38.66,New Jersey,Saddle Brook,hifld_nearest
5766,40.8211,-74.1643,9,138.0,138.0,False,61.08,New Jersey,Round Valley,hifld_pool
5767,40.9514,-74.0769,9,138.0,138.0,False,31.22,New Jersey,Wine Creek Station,hifld_pool
5768,40.7865,-74.16,9,138.0,138.0,False,33.26,New Jersey,Little Ogeechee,hifld_pool
5769,40.9024,-74.2257,9,138.0,138.0,False,22.28,New Jersey,Jackson Road,hifld_nearest
5770,41.0431,-74.1397,9,345.0,138.0,False,19.91,New Jersey,Snettisham,hifld_pool
5771,40.8709,-74.3029,9,138.0,138.0,False,33.06,New Jersey,West Caldwell,hifld_nearest
5772,41.0536,-74.1925,9,138.0,138.0,False,32.08,New Jersey,Poplar Creek,hifld_pool
5773,41.1901,-74.3493,9,138.0,138.0,False,11.95,New Jersey,Rivera,hifld_pool
5774,40.8151,-74.2104,9,138.0,138.0,False,21.92,New Jersey,Alsea,hifld_pool
5775,40.7798,-74.1972,9,138.0,138.0,False,53.35,New Jersey,Prairie,hifld_pool
5776,40.869,-74.1956,9,138.0,138.0,False,44.0,New Jersey,Montclair Cogen Facility,hifld_nearest
5777,40.8322,-74.1749,9,138.0,138.0,False,33.65,New Jersey,Bryant,hifld_pool
5778,40.8663,-74.0108,9,138.0,138.0,False,96.49,New Jersey,Eastridge,hifld_pool
5779,40.8742,-74.1433,9,138.0,138.0,False,43.4,New Jersey,San Luis 5,hifld_pool
5780,40.9692,-74.157,9,138.0,1.0,False,31.53,New Jersey,Hawthorne,hifld_nearest
5781,40.8664,-74.1149,9,138.0,138.0,False,44.26,New Jersey,Shelbyville South,hifld_pool
5782,40.926,-74.1702,9,138.0,138.0,False,60.54,New Jersey,Pringle,hifld_pool
5783,40.8938,-74.2742,9,138.0,138.0,False,19.6,New Jersey,Payette,hifld_pool
5784,40.9181,-74.1957,9,138.0,138.0,False,37.29,New Jersey,County Line,hifld_pool
5785,41.011,-74.2139,9,138.0,138.0,False,12.58,New Jersey,Calectric,hifld_pool
5786,40.8978,-74.2006,9,138.0,138.0,False,28.12,New Jersey,Passaic Valley Water Commission,hifld_nearest
5787,41.1062,-74.3107,9,138.0,138.0,False,13.93,New Jersey,Bluebell,hifld_pool
5788,41.1079,-74.3703,9,138.0,138.0,False,12.67,New Jersey,Pleasant Street,hifld_pool
5790,40.9754,-74.2866,9,138.0,138.0,False,60.99,New Jersey,East Spartanburg,hifld_pool
5791,40.945,-74.22,9,138.0,138.0,False,67.02,New Jersey,Ogdensburg,hifld_pool
5792,40.9268,-74.2966,9,138.0,138.0,False,26.37,New Jersey,Jefferies Station,hifld_pool
5793,40.8522,-74.2538,9,138.0,138.0,False,43.14,New Jersey,Wolf Creek Generator,hifld_pool
5794,40.9149,-74.2669,9,138.0,138.0,False,26.37,New Jersey,Artesia,hifld_pool
5795,41.0503,-74.3895,9,138.0,138.0,False,9.71,New Jersey,Nagel,hifld_pool
5796,41.0202,-74.2532,9,138.0,138.0,False,9.71,New Jersey,Indiana,hifld_pool
5797,41.1305,-74.4176,9,138.0,138.0,False,25.93,New Jersey,Garcia,hifld_pool
5798,39.6311,-75.4277,9,138.0,138.0,False,11.05,New Jersey,Merriam,hifld_pool
5799,39.7189,-75.4586,9,138.0,138.0,False,10.5,New Jersey,Pennsgrove,hifld_nearest
5800,39.7662,-75.474,9,138.0,138.0,False,12.22,New Jersey,Amargosa,hifld_pool
5801,39.6465,-75.4991,9,138.0,138.0,False,11.8,New Jersey,Churchtown,hifld_nearest
5802,39.5482,-75.5263,9,138.0,138.0,False,10.49,New Jersey,Roe,hifld_pool
5803,39.6959,-75.5329,9,138.0,138.0,False,10.85,New Jersey,Deepwater,hifld_nearest
5804,39.5159,-75.4501,9,138.0,138.0,False,9.92,New Jersey,Chisago,hifld_pool
5805,39.5453,-75.4497,9,138.0,138.0,False,8.83,New Jersey,Hatchet Ridge Wind,hifld_pool
5806,39.5712,-75.4753,9,138.0,138.0,False,9.01,New Jersey,St. Johns,hifld_pool
5807,39.5693,-75.3404,9,138.0,138.0,False,15.28,New Jersey,Section,hifld_pool
5808,40.5424,-74.6644,9,138.0,138.0,False,9.38,New Jersey,Cushman,hifld_pool
5809,40.457,-74.6947,9,138.0,138.0,False,12.92,New Jersey,Vista,hifld_pool
5810,40.3714,-74.7632,9,138.0,138.0,False,14.42,New Jersey,Fish Creek 138,hifld_pool
5811,40.509,-74.5555,9,138.0,138.0,False,9.86,New Jersey,Bennetts Lane,hifld_nearest
5812,40.5871,-74.5954,9,138.0,138.0,False,41.32,New Jersey,Big Bar,hifld_pool
5813,40.5524,-74.6283,9,138.0,138.0,False,22.89,New Jersey,Mccook,hifld_pool
5814,40.5927,-74.5746,9,138.0,138.0,False,29.06,New Jersey,Pawnee,hifld_pool
5815,40.509,-74.6988,9,345.0,138.0,False,31.31,New Jersey,Willow Glen,hifld_pool
5816,40.5132,-74.6779,9,138.0,138.0,False,23.12,New Jersey,Manchaca,hifld_pool
5817,40.499,-74.7566,9,138.0,138.0,False,28.22,New Jersey,Underground Tap 1,hifld_pool
5818,40.528,-74.6105,9,138.0,138.0,False,31.43,New Jersey,Sunnymeade,hifld_nearest
5819,40.652,-74.3965,9,500.0,138.0,False,72.84,New Jersey,Camp Far West,hifld_pool
5820,40.5896,-74.5273,9,138.0,138.0,False,52.61,New Jersey,Destileri A Serralles,hifld_pool
5821,40.5238,-74.412,9,345.0,138.0,False,80.97,New Jersey,Kilner,hifld_nearest
5822,40.6426,-74.3562,9,138.0,138.0,False,62.72,New Jersey,Fort Bidwell,hifld_pool
5823,40.4637,-74.5017,9,138.0,138.0,False,24.06,New Jersey,Vt Hanlon,hifld_pool
5824,40.5649,-74.6231,9,500.0,1.0,False,65.33,New Jersey,Rex Brown,hifld_pool
5825,40.4302,-74.5169,9,138.0,138.0,False,33.79,New Jersey,Ione Energy,hifld_pool
5826,40.5374,-74.5318,9,345.0,1.0,False,47.28,New Jersey,Mallard,hifld_pool
5827,40.4132,-74.5234,9,345.0,1.0,False,42.04,New Jersey,Chesterville,hifld_pool
5828,40.6357,-74.5353,9,138.0,138.0,False,9.41,New Jersey,Gould City Sw Sta,hifld_pool
5829,40.8458,-74.7314,9,138.0,138.0,False,7.39,New Jersey,North Endicott,hifld_pool
5830,40.9303,-74.8192,9,138.0,138.0,False,14.57,New Jersey,Webre,hifld_pool
5831,41.1944,-74.8592,9,138.0,138.0,False,5.07,New Jersey,Pearl,hifld_pool
5832,41.2493,-74.7859,9,138.0,138.0,False,11.78,New Jersey,Odin,hifld_pool
5833,41.0935,-74.6289,9,138.0,138.0,False,11.28,New Jersey,Tokio,hifld_pool
5834,41.2174,-74.4448,9,138.0,138.0,False,19.79,New Jersey,Edenvale Tap,hifld_pool
5835,41.2467,-74.5814,9,138.0,138.0,False,7.36,New Jersey,Nunn,hifld_pool
5836,40.9748,-74.6346,9,138.0,138.0,False,17.11,New Jersey,Rubidoux,hifld_pool
5837,40.9652,-74.6558,9,138.0,138.0,False,15.61,New Jersey,Vera,hifld_pool
5838,40.9609,-74.6888,9,345.0,138.0,False,25.12,New Jersey,Arizona,hifld_pool
5839,41.3176,-74.7682,9,138.0,138.0,False,3.5,New Jersey,Barnett Shoals,hifld_pool
5840,41.139,-74.8192,9,138.0,138.0,False,20.98,New Jersey,Mill Cteek,hifld_pool
5841,41.0535,-74.7446,9,138.0,138.0,False,19.88,New Jersey,West Ooltewah,hifld_pool
5842,40.9822,-74.7555,9,138.0,138.0,False,15.84,New Jersey,Biola,hifld_pool
5843,40.9728,-74.8477,9,138.0,138.0,False,15.84,New Jersey,Piney Road,hifld_pool
5844,41.1134,-74.6779,9,345.0,138.0,False,28.82,New Jersey,Schoharie,hifld_pool
5845,41.1888,-74.5967,9,138.0,138.0,False,18.21,New Jersey,Carolina Pueblo 1602,hifld_pool
5846,41.0111,-74.6224,9,138.0,138.0,False,25.5,New Jersey,Jose,hifld_pool
5847,40.8915,-74.6567,9,138.0,138.0,False,18.39,New Jersey,Quaker,hifld_pool
5848,41.3125,-74.6104,9,138.0,138.0,False,11.79,New Jersey,Orono Hydro Station,hifld_pool
5849,41.2404,-74.6413,9,138.0,138.0,False,11.79,New Jersey,Blackwater Tie,hifld_pool
5850,41.1623,-74.5495,9,500.0,138.0,False,30.01,New Jersey,Sjve Madera,hifld_pool
5851,41.1896,-74.5498,9,138.0,138.0,False,17.32,New Jersey,Mammoth Pacific 2,hifld_pool
5852,41.276,-74.4893,9,138.0,138.0,True,9.15,New Jersey,East Calvert,hifld_pool
5853,40.6074,-74.2745,9,138.0,138.0,False,47.33,New Jersey,Polyester Ps,hifld_pool
5854,40.6184,-74.4295,9,138.0,138.0,False,13.63,New Jersey,Woodard,hifld_pool
5855,40.6435,-74.2209,9,138.0,138.0,False,24.61,New Jersey,Cordova,hifld_pool
5856,40.7265,-74.2214,9,138.0,138.0,False,24.61,New Jersey,Irvington,hifld_nearest
5858,40.6029,-74.2923,9,138.0,138.0,False,38.7,New Jersey,Tittabawassee,hifld_pool
5859,40.7599,-74.1986,9,138.0,138.0,False,33.5,New Jersey,15Th Street,hifld_nearest
5860,40.7115,-74.2495,9,138.0,138.0,False,59.19,New Jersey,Flagstaff,hifld_pool
5861,40.7598,-74.2927,9,138.0,138.0,False,21.71,New Jersey,Uvalde Reit,hifld_pool
5862,40.6963,-74.2563,9,138.0,138.0,False,44.02,New Jersey,West Side,hifld_pool
5863,40.6523,-74.1732,9,138.0,138.0,False,30.74,New Jersey,Howland Hook,hifld_nearest
5864,40.6068,-74.2083,9,138.0,138.0,False,27.9,New Jersey,Pathfinder,hifld_pool
5865,40.6372,-74.249,9,138.0,138.0,False,34.44,New Jersey,Tecumseh Rd,hifld_pool
5866,40.7205,-74.352,9,138.0,138.0,False,24.43,New Jersey,Traynor,hifld_nearest
5867,40.582,-74.3201,9,138.0,138.0,False,44.81,New Jersey,Copco 1,hifld_pool
5868,40.6479,-74.205,9,138.0,138.0,False,37.99,New Jersey,Bayway,hifld_nearest
5869,40.537,-74.2468,9,138.0,138.0,True,41.57,New Jersey,Davisville,hifld_pool
5870,40.6708,-74.3219,9,138.0,138.0,False,25.29,New Jersey,Rolette,hifld_pool
5871,40.6002,-74.3439,9,138.0,138.0,False,9.45,New Jersey,New Dover,hifld_nearest
5872,40.5515,-74.1867,9,138.0,138.0,True,43.08,New Jersey,Lasley,hifld_pool
5873,40.6136,-74.2546,9,138.0,138.0,False,29.18,New Jersey,Ross,hifld_pool
5874,40.6324,-74.3758,9,138.0,138.0,False,49.52,New Jersey,Fanwood,hifld_nearest
5875,40.6592,-74.4587,9,138.0,138.0,False,36.25,New Jersey,Shelby,hifld_pool
5876,40.7312,-74.4085,9,138.0,138.0,False,23.45,New Jersey,Cleveland,hifld_pool
5877,40.725,-74.4533,9,345.0,138.0,False,43.71,New Jersey,Tennessee,hifld_pool
5878,40.5694,-74.2643,9,138.0,138.0,False,28.1,New Jersey,West Montgomery,hifld_pool
5879,40.7255,-74.3795,9,138.0,138.0,False,18.28,New Jersey,Summit,hifld_nearest
5880,40.8638,-75.0069,9,138.0,138.0,False,17.44,New Jersey,Roosevelt County,hifld_pool
5881,40.8623,-75.0718,9,138.0,138.0,False,6.21,New Jersey,Metomen,hifld_pool
5882,40.7964,-75.1051,9,138.0,138.0,False,11.84,New Jersey,Martins Creek,hifld_nearest
5883,41.0242,-74.9667,9,138.0,138.0,False,7.69,New Jersey,Benewah,hifld_pool
5884,40.9867,-74.9622,9,138.0,138.0,False,16.81,New Jersey,Pomelo,hifld_pool
5885,40.9591,-75.106,9,138.0,138.0,False,3.26,New Jersey,Racetrack,hifld_pool
5886,40.9151,-74.8983,9,138.0,138.0,False,5.89,New Jersey,Mc Farlnd,hifld_pool
5887,40.7036,-75.122,9,138.0,138.0,False,18.05,New Jersey,Hickory Forest,hifld_pool
5888,40.6473,-75.0788,9,138.0,138.0,False,24.75,New Jersey,Crowsnest,hifld_pool
5889,40.6601,-75.1686,9,138.0,138.0,False,20.2,New Jersey,Horicon,hifld_pool
5890,40.6872,-75.1571,9,345.0,138.0,False,20.2,New Jersey,Flatwood,hifld_pool
5891,39.4216,-75.5448,9,500.0,13.8,False,0.1,New Jersey,Dist 1000,hifld_pool
5892,40.2287,-74.6682,9,345.0,13.8,False,22.55,New Jersey,Mt Pleasant,hifld_pool
5893,39.3894,-75.2215,9,138.0,138.0,False,0.0,New Jersey,Fargo,hifld_pool
5894,40.306,-74.5038,9,138.0,1.0,False,0.0,New Jersey,Enka,hifld_pool
5895,39.2991,-74.6167,9,138.0,18.0,False,4.5,New Jersey,Durham,hifld_pool
5896,40.0799,-74.1631,9,500.0,1.0,False,0.0,New Jersey,Tilcon,hifld_pool
5897,39.8211,-75.2423,9,138.0,138.0,False,5.68,New Jersey,Mickleton,hifld_nearest
5898,40.6189,-74.6237,9,138.0,1.0,False,0.0,New Jersey,Klein,hifld_pool
5899,39.9435,-75.1151,9,138.0,13.8,False,23.22,New Jersey,Henry Road,hifld_pool
5900,39.8694,-75.1884,9,138.0,138.0,False,40.87,New Jersey,Daffin Gin,hifld_pool
5901,39.8217,-74.2128,9,138.0,138.0,False,0.0,New Jersey,Oyster Creek,hifld_nearest
5902,40.6299,-74.2837,9,138.0,1.0,False,43.26,New Jersey,Talentino Sw Sta,hifld_pool
5903,40.8732,-74.846,9,138.0,13.8,False,0.0,New Jersey,Don Henry,hifld_pool
5904,40.3549,-74.4693,9,138.0,13.8,False,0.0,New Jersey,Blodgett,hifld_pool
5905,40.6389,-74.1045,9,138.0,138.0,True,0.0,New Jersey,Marshall Mo,hifld_pool
5906,39.4416,-75.045,9,138.0,138.0,False,0.0,New Jersey,Harris,hifld_pool
5907,40.6849,-74.3047,9,138.0,13.8,False,62.8,New Jersey,Portland,hifld_pool
5908,40.4408,-74.2944,9,138.0,13.8,False,11.94,New Jersey,Old Bridge Clean Energy Center,hifld_nearest
5909,40.5482,-74.2237,9,500.0,161.0,True,162.07,New Jersey,Woodrow,hifld_nearest
5910,40.7476,-74.0956,9,138.0,13.8,False,0.0,New Jersey,Njt Meadowlands Rail Substaion,hifld_nearest
5911,40.4956,-74.3111,9,138.0,13.8,False,11.96,New Jersey,Alessandro,hifld_pool
5912,39.4832,-75.5199,9,138.0,13.8,False,0.0,New Jersey,O'Neil,hifld_pool
5913,39.8334,-75.2484,9,138.0,18.0,False,7.85,New Jersey,Agrico,hifld_pool
5914,39.9618,-74.0675,9,138.0,138.0,False,9.22,New Jersey,Seaside Heights Power Plant,hifld_nearest
5915,40.181,-74.6999,9,138.0,13.8,False,10.88,New Jersey,South Columbia,hifld_pool
5916,40.2725,-74.8538,9,138.0,13.8,False,0.0,New Jersey,Suntree,hifld_pool
5917,39.8183,-75.2679,9,500.0,138.0,False,0.0,New Jersey,Earlimart,hifld_pool
5918,40.2607,-74.3195,9,138.0,1.0,False,0.0,New Jersey,Alamitos,hifld_pool
5919,40.307,-74.0779,9,138.0,138.0,False,0.0,New Jersey,Southwood,hifld_pool
5920,40.475,-75.0006,9,138.0,13.2,False,0.0,New Jersey,Patton Chapel,hifld_pool
5921,39.478,-75.5431,9,500.0,18.0,False,0.0,New Jersey,Hope Creek,hifld_nearest
5922,39.3971,-74.623,9,138.0,1.0,False,0.0,New Jersey,Mill,hifld_nearest
5923,40.5208,-74.4023,9,138.0,138.0,False,0.0,New Jersey,Palmer Lake,hifld_pool
5924,39.821,-74.2206,9,500.0,1.0,False,0.0,New Jersey,Rochester,hifld_pool
5925,40.6946,-74.9282,9,500.0,13.8,False,0.0,New Jersey,Glen Gardner,hifld_nearest
5926,40.2162,-74.2335,9,138.0,1.0,False,0.0,New Jersey,Queensbury,hifld_pool
5927,40.5006,-74.2728,9,500.0,1.0,False,0.0,New Jersey,24Th & Gardendale,hifld_pool
5928,40.0408,-74.8201,9,138.0,1.0,False,0.0,New Jersey,Lake Marion,hifld_pool
5929,40.6823,-75.1595,9,138.0,138.0,False,0.0,New Jersey,Fairground,hifld_pool
5930,40.0463,-74.166,9,500.0,1.0,False,0.0,New Jersey,Tulare,hifld_pool
5931,40.4447,-74.35,9,500.0,13.8,False,0.0,New Jersey,Read Oak Station,hifld_nearest
5932,40.3697,-74.5672,9,138.0,138.0,False,0.0,New Jersey,Milligan,hifld_pool
5933,39.7809,-75.4359,9,345.0,13.8,False,0.0,New Jersey,Dell City,hifld_pool
5934,40.6838,-74.117,9,138.0,13.8,False,0.0,New Jersey,Acec Friendship,hifld_pool
5935,40.7014,-74.1117,9,138.0,1.0,False,0.0,New Jersey,Bayonne,hifld_nearest
5936,39.4601,-75.0642,9,138.0,13.8,False,0.0,New Jersey,Sherman Station,hifld_nearest
5937,40.2754,-74.3292,9,138.0,138.0,False,0.0,New Jersey,Ols Energy Chino,hifld_pool
5938,40.5614,-74.3872,9,138.0,138.0,False,0.0,New Jersey,Johnson,hifld_pool
5939,40.6675,-74.0665,9,138.0,138.0,False,0.0,New Jersey,Latham,hifld_pool
5940,39.3792,-74.404,9,138.0,13.8,False,0.0,New Jersey,Dilley,hifld_pool
5941,40.0024,-74.7407,9,138.0,1.0,False,0.0,New Jersey,Second Fork,hifld_pool
5942,40.4893,-74.3378,9,138.0,138.0,False,0.0,New Jersey,Depere,hifld_pool
5943,40.5456,-75.1095,9,345.0,13.2,False,0.0,New Jersey,Hutchinson Plant 2,hifld_pool
5944,40.9374,-74.5059,9,138.0,1.0,False,0.0,New Jersey,Halsey,hifld_pool
5945,39.2818,-74.6181,9,500.0,138.0,False,0.0,New Jersey,Bl England Station,hifld_nearest
5946,39.4701,-75.1953,9,345.0,1.0,False,0.0,New Jersey,Carlls Corner,hifld_nearest
5947,40.5579,-75.1489,9,500.0,1.0,False,0.0,New Jersey,Terry,hifld_pool
5948,40.4692,-74.8741,9,138.0,18.0,False,0.0,New Jersey,Uc Davis,hifld_pool
5949,39.4948,-75.0037,9,138.0,138.0,False,0.0,New Jersey,Fain,hifld_pool
5950,40.3794,-74.4688,9,138.0,138.0,False,0.0,New Jersey,Orange Park,hifld_pool
5951,40.6035,-74.1986,9,500.0,138.0,True,382.82,New Jersey,Fresh Kills,hifld_nearest
5952,39.482,-75.0268,9,345.0,138.0,False,0.0,New Jersey,Howard Down,hifld_nearest
5953,40.5611,-74.7295,9,138.0,138.0,False,0.0,New Jersey,Branchburg,hifld_nearest
5954,40.5337,-74.2566,9,138.0,1.0,False,0.0,New Jersey,Savannah,hifld_pool
5955,40.174,-74.6393,9,138.0,138.0,False,0.0,New Jersey,Yardville Solar Farm,hifld_nearest
5956,40.8364,-74.153,9,138.0,13.8,False,0.0,New Jersey,Switzerland,hifld_pool
5957,39.9059,-74.8399,9,138.0,1.0,False,0.0,New Jersey,Coxs Corner,hifld_nearest
5958,40.1026,-74.807,9,500.0,138.0,False,0.0,New Jersey,Cimarron,hifld_pool
5959,39.8628,-75.1842,9,138.0,138.0,False,0.0,New Jersey,Flint,hifld_pool
5960,40.4733,-74.4011,9,500.0,13.8,False,0.0,New Jersey,Edison,hifld_nearest
5961,40.8565,-74.0259,9,138.0,138.0,False,0.0,New Jersey,Riverbend,hifld_pool
5962,40.7863,-74.7328,9,138.0,13.8,False,0.0,New Jersey,Chester,hifld_nearest
5963,40.1851,-74.7271,9,500.0,13.8,False,0.0,New Jersey,Mercer,hifld_nearest
5964,40.8948,-74.129,9,138.0,13.8,False,0.0,New Jersey,Waveland,hifld_pool
5965,41.2173,-74.5963,9,138.0,138.0,False,0.0,New Jersey,Pleasant Valley Mn,hifld_pool
5966,40.9007,-74.1857,9,138.0,13.2,False,0.0,New Jersey,West Crossville,hifld_pool
5967,40.2915,-74.7737,9,138.0,1.0,False,0.0,New Jersey,Lawrence,hifld_nearest
5968,40.6327,-74.2201,9,138.0,138.0,False,0.0,New Jersey,Linden Cogen Plant,hifld_nearest
5969,40.5674,-74.2024,9,138.0,138.0,True,0.0,New Jersey,Troy,hifld_pool
5970,39.7569,-75.3857,9,500.0,18.0,False,0.0,New Jersey,St. Clair,hifld_pool
5971,39.6813,-75.4732,9,500.0,13.8,False,0.0,New Jersey,Chambers,hifld_nearest
5972,40.9999,-75.0493,9,500.0,1.0,False,0.0,New Jersey,Yards Creek,hifld_nearest
5973,40.011,-74.6295,9,138.0,138.0,False,0.0,New Jersey,Francis,hifld_pool
5974,39.0186,-74.8878,9,500.0,138.0,False,0.0,New Jersey,Middle Station,hifld_nearest
5975,39.8364,-75.2276,9,138.0,138.0,False,0.0,New Jersey,West Deptford Energy Station,hifld_nearest
5976,40.4681,-74.4629,9,138.0,18.0,False,0.0,New Jersey,Cusick,hifld_pool
5977,40.0873,-74.5893,9,138.0,13.8,False,0.0,New Jersey,Raceway,hifld_pool
5978,39.4445,-75.0853,9,500.0,1.0,False,0.0,New Jersey,Wolfskill,hifld_pool
5979,40.5083,-74.3292,9,345.0,138.0,False,0.0,New Jersey,Fort Bliss,hifld_pool
5980,40.2074,-74.7912,9,138.0,138.0,False,0.0,New Jersey,District 100 Transco Gas Pipe Line,hifld_pool
5981,39.8322,-75.2077,9,138.0,138.0,False,0.0,New Jersey,Pirkey,hifld_pool
5982,40.5511,-74.246,9,138.0,13.8,False,0.0,New Jersey,Sewaren,hifld_nearest
5983,40.4158,-74.3168,9,500.0,13.8,False,0.0,New Jersey,Peninsula Park,hifld_pool
5984,39.6957,-74.2764,9,500.0,138.0,False,0.0,New Jersey,Cedar Station,hifld_nearest
5985,39.9043,-74.1911,9,138.0,138.0,False,0.0,New Jersey,Patton Lane,hifld_pool
5986,40.2214,-74.5852,9,138.0,1.0,False,0.0,New Jersey,Sherwin,hifld_pool
5987,40.2838,-74.5325,9,138.0,138.0,False,0.0,New Jersey,Ralph,hifld_pool
5988,39.8251,-75.2126,9,138.0,13.8,False,0.0,New Jersey,Benndale,hifld_pool
5989,39.3653,-74.9783,9,500.0,13.8,False,0.0,New Jersey,Cumberland Nj,hifld_nearest
5990,40.5917,-74.6604,9,138.0,138.0,False,0.0,New Jersey,Fay Street,hifld_pool
5991,40.7488,-74.0666,9,138.0,13.8,False,0.0,New Jersey,Marion,hifld_nearest
5992,40.6234,-74.1735,9,138.0,138.0,True,92.25,New Jersey,Pharmacy,hifld_pool
5993,39.8672,-75.1727,9,138.0,13.8,False,0.0,New Jersey,Copans,hifld_pool
5994,40.8428,-74.0239,9,138.0,13.8,False,0.0,New Jersey,Bergen Generating Station,hifld_nearest
5995,39.3832,-74.4232,9,500.0,1.0,False,0.0,New Jersey,Acb Energy Parntners Llc - Mtf Cogen,hifld_nearest
5996,40.5279,-74.4492,9,138.0,138.0,False,0.0,New Jersey,North Oaks,hifld_pool
5997,39.4682,-75.0355,9,138.0,13.8,False,0.0,New Jersey,Salmon Creek,hifld_pool
5998,39.3964,-74.4511,9,138.0,138.0,False,0.0,New Jersey,Viridity Energy Solutions Acua,hifld_nearest
5999,40.0782,-74.8399,9,345.0,13.8,False,0.0,New Jersey,Cummings,hifld_pool
6000,40.6381,-74.2029,9,138.0,13.8,False,0.0,New Jersey,Grayson,hifld_pool
6001,40.723,-74.1245,9,138.0,138.0,False,0.0,New Jersey,Pioneer,hifld_pool
6002,39.8963,-75.1172,9,138.0,13.2,False,0.0,New Jersey,Rec Laprairie,hifld_pool
6003,40.7588,-74.1481,9,138.0,138.0,False,0.0,New Jersey,Hoyt,hifld_pool
6004,40.2847,-74.7132,9,138.0,1.0,False,0.0,New Jersey,Clarksville,hifld_nearest
6005,39.6256,-75.299,9,345.0,1.0,False,0.0,New Jersey,Woodstown,hifld_nearest
6006,39.9671,-77.3871,10,138.0,138.0,False,7.41,Pennsylvania,Berthoud,hifld_pool
6007,40.0755,-77.0104,10,138.0,138.0,False,12.59,Pennsylvania,Craven,hifld_pool
6008,40.0089,-77.0554,10,138.0,138.0,False,13.86,Pennsylvania,Auld,hifld_pool
6009,40.0576,-77.087,10,138.0,138.0,False,13.95,Pennsylvania,Lost Hillstexaco,hifld_pool
6010,40.0415,-77.0563,10,138.0,138.0,False,10.59,Pennsylvania,Faulkner,hifld_pool
6011,39.909,-77.0868,10,138.0,138.0,False,9.81,Pennsylvania,Herricks,hifld_pool
6012,39.9732,-77.0038,10,138.0,138.0,False,8.58,Pennsylvania,West Receiving,hifld_pool
6013,39.7646,-77.3471,10,138.0,138.0,False,6.23,Pennsylvania,Pulpgen,hifld_pool
6014,39.7996,-77.4365,10,138.0,138.0,False,8.84,Pennsylvania,Five Falls,hifld_pool
6015,39.8656,-77.3113,10,138.0,138.0,False,6.38,Pennsylvania,Hanes,hifld_pool
6016,39.9063,-77.5116,10,138.0,138.0,False,8.56,Pennsylvania,Missouri City,hifld_pool
6017,39.8693,-77.4993,10,138.0,1.0,False,8.56,Pennsylvania,Galt,hifld_pool
6018,39.9061,-77.478,10,138.0,138.0,False,8.71,Pennsylvania,Pleasant Grove,hifld_pool
6019,39.9636,-77.2534,10,138.0,138.0,False,8.24,Pennsylvania,Blythewood,hifld_pool
6020,39.7946,-77.2255,10,138.0,138.0,False,16.5,Pennsylvania,Rotary Park,hifld_pool
6021,39.8583,-77.1858,10,138.0,138.0,False,16.5,Pennsylvania,Stonebridge,hifld_pool
6022,39.8198,-77.2208,10,138.0,138.0,False,16.5,Pennsylvania,Cape Canaveral,hifld_pool
6023,39.8748,-77.2162,10,138.0,138.0,False,16.76,Pennsylvania,Hunterstown Power Plant,hifld_nearest
6024,39.7961,-77.0524,10,138.0,138.0,False,26.95,Pennsylvania,Northview,hifld_pool
6025,39.7641,-76.9869,10,138.0,138.0,False,26.95,Pennsylvania,River Hills,hifld_pool
6026,39.8313,-76.9531,10,345.0,1.0,False,27.27,Pennsylvania,Caledonia Alte,hifld_pool
6027,39.8333,-76.9379,10,138.0,138.0,False,24.04,Pennsylvania,Burr Oak,hifld_pool
6028,39.781,-76.9271,10,138.0,138.0,False,34.71,Pennsylvania,Ogallala,hifld_pool
6029,39.7047,-77.2118,10,138.0,138.0,False,8.68,Pennsylvania,Cove Avenue,hifld_pool
6030,39.7487,-77.1177,10,138.0,1.0,False,8.68,Pennsylvania,Walla Walla,hifld_pool
6031,39.6941,-77.135,10,138.0,138.0,False,8.68,Pennsylvania,Mckellar,hifld_pool
6032,39.8635,-77.0676,10,138.0,138.0,False,23.44,Pennsylvania,Coly,hifld_pool
6033,39.8926,-77.0374,10,138.0,138.0,False,10.27,Pennsylvania,Dixon Tap,hifld_pool
6034,39.9504,-77.3338,10,138.0,138.0,False,14.8,Pennsylvania,Holloman A.F.B,hifld_pool
6035,40.5676,-75.6865,10,138.0,138.0,False,20.31,Pennsylvania,Ojus,hifld_pool
6036,40.5222,-75.676,10,138.0,138.0,False,8.32,Pennsylvania,Valley Springs,hifld_pool
6037,40.3622,-76.1761,10,138.0,138.0,False,5.89,Pennsylvania,Crag View,hifld_pool
6038,40.281,-75.7908,10,138.0,138.0,False,9.4,Pennsylvania,Ochiltree,hifld_pool
6039,40.2474,-75.8794,10,138.0,138.0,False,18.79,Pennsylvania,Bluff Creek,hifld_pool
6040,40.3877,-75.7087,10,138.0,138.0,False,10.13,Pennsylvania,Mayport,hifld_pool
6041,40.3459,-75.7331,10,138.0,138.0,False,20.34,Pennsylvania,Hatillo 7701,hifld_pool
6042,40.5136,-75.5743,10,138.0,138.0,False,9.15,Pennsylvania,Hospital San Cristobal,hifld_pool
6043,40.6188,-75.659,10,138.0,138.0,False,8.65,Pennsylvania,Edwards,hifld_pool
6044,40.2548,-75.7823,10,138.0,138.0,False,11.99,Pennsylvania,International Paper Red River Mill,hifld_pool
6045,40.1928,-75.8392,10,138.0,138.0,False,11.94,Pennsylvania,Quicksilver,hifld_pool
6046,40.2293,-75.8117,10,345.0,1.0,False,21.13,Pennsylvania,Gibralter Cust,hifld_pool
6047,40.3855,-75.4282,10,138.0,138.0,False,6.48,Pennsylvania,Plaquemine Cogeneration Plant,hifld_pool
6048,40.141,-75.8271,10,138.0,1.0,False,8.71,Pennsylvania,Keahole,hifld_pool
6049,40.3479,-75.8186,10,138.0,138.0,False,20.88,Pennsylvania,Hockinson,hifld_pool
6050,40.5069,-75.8444,10,138.0,138.0,False,11.34,Pennsylvania,Little Spadra Creek,hifld_pool
6051,40.4438,-75.7803,10,138.0,138.0,False,18.7,Pennsylvania,South Cape,hifld_pool
6052,40.5296,-75.9394,10,345.0,138.0,False,14.22,Pennsylvania,Folsom Prison,hifld_pool
6053,40.5791,-75.8995,10,138.0,138.0,False,12.05,Pennsylvania,West Mcallen,hifld_pool
6054,40.5555,-75.9442,10,138.0,138.0,False,8.87,Pennsylvania,Overton,hifld_pool
6055,40.4355,-75.6818,10,138.0,138.0,False,19.63,Pennsylvania,North Lake,hifld_pool
6056,40.5399,-75.7831,10,138.0,138.0,False,16.18,Pennsylvania,Converse Flats,hifld_pool
6057,40.5549,-75.8444,10,138.0,138.0,False,9.89,Pennsylvania,Joshua Falls,hifld_pool
6058,40.649,-75.8387,10,138.0,138.0,False,22.38,Pennsylvania,Hutchinson Energy Center,hifld_pool
6059,40.5042,-75.9838,10,138.0,138.0,False,13.4,Pennsylvania,Brand,hifld_pool
6060,40.5854,-75.5865,10,138.0,138.0,False,14.55,Pennsylvania,Strawberry Belt,hifld_pool
6061,40.4545,-75.5926,10,345.0,138.0,False,17.12,Pennsylvania,Alamogordo,hifld_pool
6062,40.4762,-75.5942,10,138.0,138.0,False,15.51,Pennsylvania,Alburtis,hifld_nearest
6063,40.4212,-75.6507,10,138.0,138.0,False,14.6,Pennsylvania,Eight Flags Energy,hifld_pool
6064,40.2646,-75.9676,10,138.0,138.0,False,17.78,Pennsylvania,Brodhead Central,hifld_pool
6065,40.2262,-76.0382,10,345.0,1.0,False,20.4,Pennsylvania,Carl Bailey,hifld_pool
6066,40.192,-75.7862,10,138.0,138.0,False,9.11,Pennsylvania,Bird,hifld_pool
6067,40.3321,-76.2678,10,138.0,138.0,False,12.02,Pennsylvania,Carson Creek,hifld_pool
6068,40.3548,-76.2866,10,138.0,138.0,False,11.42,Pennsylvania,Sperry,hifld_pool
6069,40.3534,-76.3842,10,138.0,138.0,False,12.15,Pennsylvania,Ashley,hifld_pool
6070,40.1008,-75.9425,10,138.0,138.0,False,5.99,Pennsylvania,South Beaver Dam,hifld_pool
6071,40.2531,-75.6239,10,138.0,138.0,False,21.89,Pennsylvania,East 83Rd Street,hifld_pool
6072,40.3136,-75.5637,10,345.0,1.0,False,21.89,Pennsylvania,Oregon City,hifld_pool
6073,40.3275,-75.5625,10,138.0,138.0,False,22.37,Pennsylvania,North Chelsea,hifld_pool
6074,40.215,-75.6008,10,138.0,138.0,False,21.99,Pennsylvania,Limerick,hifld_nearest
6075,40.27,-75.6548,10,138.0,138.0,False,21.97,Pennsylvania,Coast Guard 7005,hifld_pool
6076,40.2579,-75.9331,10,138.0,138.0,False,20.56,Pennsylvania,Elkhorn City,hifld_pool
6077,40.3425,-75.8674,10,138.0,138.0,False,31.3,Pennsylvania,Horse Ranch,hifld_pool
6078,40.3375,-75.9185,10,138.0,138.0,False,20.56,Pennsylvania,Evergreen Community Power,hifld_nearest
6079,40.2109,-75.8473,10,138.0,138.0,False,20.76,Pennsylvania,Pine Street,hifld_pool
6080,40.3655,-75.8981,10,138.0,138.0,False,16.53,Pennsylvania,Almeda,hifld_pool
6081,40.3536,-75.8862,10,138.0,138.0,False,33.05,Pennsylvania,East Bench,hifld_pool
6082,40.3425,-75.9319,10,138.0,138.0,False,27.22,Pennsylvania,West,hifld_pool
6083,40.2191,-75.9096,10,138.0,138.0,False,10.7,Pennsylvania,Colvard,hifld_pool
6084,40.3126,-75.8769,10,138.0,138.0,False,10.7,Pennsylvania,North Longwood,hifld_pool
6085,40.4128,-76.0059,10,345.0,138.0,False,33.76,Pennsylvania,Richard Lake,hifld_pool
6086,40.3418,-75.9536,10,138.0,138.0,False,19.72,Pennsylvania,Kings River,hifld_pool
6087,40.3307,-75.9486,10,138.0,138.0,False,19.72,Pennsylvania,Conrad,hifld_pool
6088,40.2902,-75.9192,10,345.0,138.0,False,19.72,Pennsylvania,Hospital Distrito 7003,hifld_pool
6089,40.3972,-75.9083,10,138.0,138.0,False,14.65,Pennsylvania,Book Cliffs,hifld_pool
6090,40.275,-76.0049,10,138.0,138.0,False,8.44,Pennsylvania,Kennedy,hifld_pool
6091,40.4581,-75.9018,10,138.0,138.0,False,26.23,Pennsylvania,Simpson Lumber,hifld_pool
6092,40.3875,-76.0193,10,138.0,138.0,False,17.47,Pennsylvania,Mount Elbert Powerplant,hifld_pool
6093,40.4335,-76.0041,10,138.0,138.0,False,24.27,Pennsylvania,Woodland,hifld_pool
6094,40.2921,-75.8786,10,138.0,138.0,False,11.34,Pennsylvania,New Gulf,hifld_pool
6095,40.2466,-75.9086,10,138.0,138.0,False,13.47,Pennsylvania,Multitrade Of Pittsylvania Lp,hifld_pool
6096,40.2994,-75.9436,10,138.0,138.0,False,36.06,Pennsylvania,Sherwood,hifld_pool
6097,40.3205,-75.9834,10,138.0,138.0,False,29.38,Pennsylvania,Vermillion Energy Facility,hifld_pool
6098,40.3362,-76.0681,10,138.0,138.0,False,9.12,Pennsylvania,Fourth Avenue,hifld_pool
6099,40.4313,-76.0478,10,138.0,138.0,False,24.39,Pennsylvania,Pilot Knob,hifld_pool
6100,40.2284,-75.9994,10,138.0,138.0,False,13.36,Pennsylvania,Lake Forrest,hifld_pool
6101,40.2452,-76.0763,10,138.0,138.0,False,14.41,Pennsylvania,Lullwater,hifld_pool
6102,40.3763,-76.1172,10,138.0,138.0,False,17.87,Pennsylvania,Borel,hifld_pool
6103,40.2977,-76.0663,10,138.0,138.0,False,17.59,Pennsylvania,Port Allen La,hifld_pool
6104,40.3569,-75.9639,10,138.0,138.0,False,19.79,Pennsylvania,Crawfish River,hifld_pool
6105,40.4723,-76.3253,10,138.0,138.0,False,5.08,Pennsylvania,Mjmeuc Generating Station 1,hifld_pool
6106,40.4878,-75.9344,10,138.0,138.0,False,6.22,Pennsylvania,Florida Avenue,hifld_pool
6107,40.2658,-76.0773,10,138.0,138.0,False,15.48,Pennsylvania,Jordan Narrows,hifld_pool
6108,40.3774,-76.2373,10,138.0,138.0,False,12.75,Pennsylvania,Tokay,hifld_pool
6109,40.4789,-76.2119,10,138.0,138.0,False,13.45,Pennsylvania,Washington,hifld_pool
6110,41.9062,-76.478,10,138.0,138.0,False,6.79,Pennsylvania,William F Wyman,hifld_pool
6111,41.9491,-76.582,10,138.0,138.0,False,10.31,Pennsylvania,Brindley,hifld_pool
6112,41.6381,-76.7964,10,138.0,138.0,False,4.92,Pennsylvania,Central,hifld_pool
6113,41.6108,-76.8555,10,138.0,138.0,False,4.32,Pennsylvania,Grover,hifld_nearest
6114,41.6843,-76.837,10,138.0,138.0,False,4.32,Pennsylvania,Martel,hifld_pool
6115,41.8501,-76.7353,10,138.0,138.0,False,5.85,Pennsylvania,Litchfield Street,hifld_pool
6116,41.9674,-76.8127,10,138.0,138.0,False,9.28,Pennsylvania,Cedar Ridge Wind Alte,hifld_pool
6117,41.5739,-76.1588,10,138.0,138.0,False,3.53,Pennsylvania,Harvey Couch,hifld_pool
6118,41.7425,-76.1019,10,138.0,138.0,False,2.69,Pennsylvania,Sumiden Wire,hifld_pool
6119,41.9801,-76.9666,10,138.0,138.0,False,3.34,Pennsylvania,Oro Grande,hifld_pool
6120,41.5993,-76.6051,10,138.0,138.0,False,3.57,Pennsylvania,Arcelormittal Burns Harbor,hifld_pool
6121,41.8818,-76.2486,10,138.0,138.0,False,5.66,Pennsylvania,Jefferson,hifld_pool
6122,41.9425,-76.2777,10,138.0,138.0,False,6.35,Pennsylvania,General Electric,hifld_pool
6123,41.8979,-76.5481,10,138.0,138.0,False,9.63,Pennsylvania,Friendswood Reit,hifld_pool
6124,41.9438,-76.516,10,345.0,138.0,False,17.1,Pennsylvania,Sheyenne,hifld_pool
6125,41.7569,-76.5031,10,345.0,138.0,False,8.82,Pennsylvania,Acec Roslin,hifld_pool
6126,41.7293,-76.4729,10,138.0,1.0,False,8.53,Pennsylvania,Palm,hifld_pool
6127,41.6893,-76.4837,10,138.0,138.0,False,9.09,Pennsylvania,Mouton,hifld_pool
6128,41.7542,-76.856,10,138.0,138.0,False,3.84,Pennsylvania,Armenia Mountain Wind Farm,hifld_nearest
6129,41.6969,-76.7049,10,138.0,138.0,False,5.23,Pennsylvania,Fort Davis,hifld_pool
6130,41.7634,-76.766,10,138.0,138.0,False,4.53,Pennsylvania,Halls Flat,hifld_pool
6131,41.8163,-76.5508,10,138.0,138.0,False,5.41,Pennsylvania,Kimberly,hifld_pool
6132,41.7208,-76.2167,10,138.0,138.0,False,6.71,Pennsylvania,Video Pd,hifld_pool
6133,41.721,-76.3081,10,138.0,138.0,False,9.18,Pennsylvania,High Hill,hifld_pool
6134,40.1446,-74.9541,10,138.0,138.0,False,26.53,Pennsylvania,Neshaminy,hifld_nearest
6135,40.1552,-74.944,10,138.0,138.0,False,26.53,Pennsylvania,Mayberry,hifld_pool
6136,40.1753,-74.9817,10,138.0,138.0,False,26.53,Pennsylvania,Melrose,hifld_pool
6137,40.0695,-74.9228,10,138.0,138.0,False,26.53,Pennsylvania,Second Imperial Geothermal,hifld_pool
6138,40.1265,-74.8447,10,138.0,138.0,False,36.18,Pennsylvania,Colgate,hifld_pool
6139,40.1567,-74.8955,10,138.0,138.0,False,22.89,Pennsylvania,Wilmarth,hifld_pool
6140,40.0968,-74.8378,10,138.0,138.0,False,42.93,Pennsylvania,Planta Santurce,hifld_pool
6141,40.2493,-75.2666,10,138.0,138.0,False,12.7,Pennsylvania,Tuttle,hifld_pool
6142,40.2975,-75.2272,10,138.0,138.0,False,24.41,Pennsylvania,Fairway Tap,hifld_pool
6143,40.3311,-75.2154,10,138.0,138.0,False,13.69,Pennsylvania,Highland Hills,hifld_pool
6144,40.4841,-75.3464,10,138.0,138.0,False,10.21,Pennsylvania,Holt T.S,hifld_pool
6145,40.4998,-75.4646,10,138.0,138.0,False,20.43,Pennsylvania,Health Administrative Service,hifld_pool
6146,40.0582,-74.7932,10,138.0,138.0,False,8.03,Pennsylvania,Tidewater,hifld_pool
6147,40.2978,-75.0959,10,138.0,138.0,False,26.94,Pennsylvania,Columbia Falls,hifld_pool
6148,40.3623,-75.1538,10,138.0,138.0,False,14.28,Pennsylvania,Eagle Mountain,hifld_pool
6149,40.3252,-75.0913,10,138.0,138.0,False,13.33,Pennsylvania,Wolcott,hifld_pool
6150,40.2699,-75.0032,10,138.0,138.0,False,21.11,Pennsylvania,Annapolis,hifld_pool
6151,40.3489,-75.1167,10,138.0,138.0,False,16.52,Pennsylvania,Fort Ross,hifld_pool
6152,40.2693,-75.0598,10,138.0,138.0,False,16.49,Pennsylvania,Buckingham,hifld_nearest
6153,40.3148,-75.0262,10,138.0,138.0,False,24.05,Pennsylvania,Hf Lee Plant,hifld_pool
6154,40.3234,-75.1483,10,138.0,138.0,False,17.6,Pennsylvania,Pruitt Escalante Pegs,hifld_pool
6155,40.2301,-74.907,10,138.0,138.0,False,15.51,Pennsylvania,Linton,hifld_nearest
6156,40.1387,-75.0226,10,138.0,138.0,False,15.51,Pennsylvania,Des Moines,hifld_pool
6157,40.2364,-75.1442,10,345.0,138.0,False,20.53,Pennsylvania,Warrington,hifld_nearest
6158,40.5641,-75.2702,10,138.0,138.0,False,9.38,Pennsylvania,Mitchell Gardens,hifld_pool
6159,40.1773,-74.9398,10,138.0,138.0,False,20.95,Pennsylvania,Ocean Road,hifld_pool
6160,40.2426,-74.8965,10,138.0,138.0,False,24.36,Pennsylvania,Glen Head,hifld_pool
6161,40.2067,-74.962,10,138.0,138.0,False,36.46,Pennsylvania,Horse Heaven,hifld_pool
6162,40.1743,-74.8421,10,138.0,138.0,False,30.09,Pennsylvania,Charlotte,hifld_pool
6163,40.162,-74.8174,10,138.0,138.0,False,10.42,Pennsylvania,Kinder Morgan,hifld_pool
6164,40.2568,-74.8116,10,138.0,138.0,False,10.42,Pennsylvania,Thalmann,hifld_pool
6165,40.1053,-74.7744,10,138.0,138.0,False,11.09,Pennsylvania,Boyntonville,hifld_pool
6166,40.1601,-74.7839,10,138.0,138.0,False,11.09,Pennsylvania,Wheelabrator Falls,hifld_nearest
6167,40.1366,-74.7398,10,138.0,138.0,False,10.27,Pennsylvania,Mcdowell,hifld_nearest
6168,40.1137,-74.8764,10,345.0,138.0,False,36.19,Pennsylvania,Elm Creek,hifld_pool
6169,40.199,-74.7901,10,138.0,138.0,False,9.25,Pennsylvania,Estherville,hifld_pool
6170,40.2254,-74.8633,10,138.0,138.0,False,24.54,Pennsylvania,Mesa,hifld_pool
6171,40.1802,-74.7723,10,138.0,138.0,False,24.54,Pennsylvania,Falls,hifld_nearest
6172,40.2255,-74.8403,10,138.0,138.0,False,24.54,Pennsylvania,Westbrook,hifld_pool
6173,40.1954,-74.8439,10,138.0,138.0,False,24.54,Pennsylvania,Yauco,hifld_pool
6174,40.1804,-74.9149,10,138.0,138.0,False,45.48,Pennsylvania,George Street,hifld_pool
6175,40.3182,-74.9965,10,138.0,138.0,False,11.55,Pennsylvania,East Dublin Tap,hifld_pool
6176,40.3268,-74.9494,10,138.0,138.0,False,14.56,Pennsylvania,Wallops Island,hifld_pool
6177,40.3705,-75.0537,10,138.0,138.0,False,11.87,Pennsylvania,Mckee,hifld_pool
6178,40.2505,-74.9591,10,138.0,138.0,False,17.22,Pennsylvania,34Th & E,hifld_pool
6179,40.2125,-74.8641,10,345.0,1.0,False,28.32,Pennsylvania,Poston,hifld_pool
6180,40.2148,-74.88,10,138.0,138.0,False,17.22,Pennsylvania,Dana,hifld_pool
6181,40.2029,-74.9017,10,138.0,138.0,False,17.22,Pennsylvania,Gaa,hifld_pool
6182,40.5295,-75.2087,10,138.0,138.0,False,6.93,Pennsylvania,Arcade,hifld_pool
6183,40.3369,-75.46,10,138.0,138.0,False,36.71,Pennsylvania,Worthington,hifld_pool
6184,40.3119,-75.3338,10,138.0,138.0,False,32.88,Pennsylvania,Raceland,hifld_pool
6185,40.4629,-75.2708,10,138.0,138.0,False,17.27,Pennsylvania,Plainfield Renewable Energy Llc,hifld_pool
6186,40.4165,-75.2071,10,138.0,138.0,False,17.22,Pennsylvania,Kirtland Tap,hifld_pool
6187,40.3763,-75.2768,10,138.0,138.0,False,25.91,Pennsylvania,Doucette,hifld_pool
6188,40.4559,-75.0969,10,138.0,138.0,False,17.92,Pennsylvania,Sun City,hifld_pool
6189,40.5178,-75.2935,10,138.0,138.0,False,26.09,Pennsylvania,Line Creek Coal,hifld_pool
6190,40.4585,-75.3428,10,138.0,138.0,False,20.7,Pennsylvania,La Salle,hifld_pool
6191,40.5635,-75.3106,10,138.0,138.0,False,42.31,Pennsylvania,West Fresno,hifld_pool
6192,40.4407,-75.3484,10,345.0,138.0,False,21.76,Pennsylvania,Williston,hifld_pool
6193,40.2064,-75.0465,10,138.0,138.0,False,15.87,Pennsylvania,Decatur Co. Solar Res In,hifld_pool
6194,40.2587,-75.3951,10,138.0,138.0,False,19.65,Pennsylvania,Eastern-Marconi,hifld_pool
6195,40.4089,-75.2966,10,138.0,138.0,False,20.84,Pennsylvania,Lancaster,hifld_pool
6196,40.3725,-75.357,10,138.0,138.0,False,21.87,Pennsylvania,America,hifld_pool
6197,40.3916,-75.1633,10,138.0,138.0,False,12.92,Pennsylvania,Tahitian Village,hifld_pool
6198,40.1658,-74.9213,10,500.0,138.0,False,45.6,Pennsylvania,Utica Junction,hifld_pool
6199,40.1965,-75.0303,10,138.0,138.0,False,22.7,Pennsylvania,Pelton,hifld_pool
6200,40.202,-74.9843,10,345.0,1.0,False,43.27,Pennsylvania,Forest City Light Plant,hifld_pool
6201,40.1446,-74.9676,10,138.0,138.0,False,22.7,Pennsylvania,Driftwood,hifld_pool
6202,40.3498,-75.3293,10,138.0,138.0,False,10.84,Pennsylvania,Buxmont,hifld_nearest
6203,40.502,-75.1536,10,138.0,138.0,False,9.65,Pennsylvania,Dpc Elroy,hifld_pool
6204,40.5932,-75.1328,10,138.0,138.0,False,3.09,Pennsylvania,Una,hifld_pool
6205,40.3336,-75.1186,10,345.0,1.0,False,24.47,Pennsylvania,Kegonsa,hifld_pool
6206,40.1847,-74.9848,10,138.0,138.0,False,24.47,Pennsylvania,Powell,hifld_pool
6207,40.1736,-75.0501,10,138.0,138.0,False,47.99,Pennsylvania,East Leesville,hifld_pool
6208,40.2169,-75.1079,10,138.0,138.0,False,29.4,Pennsylvania,Frogtown,hifld_pool
6209,40.1799,-75.1716,10,138.0,138.0,False,11.83,Pennsylvania,Jarrett,hifld_nearest
6210,40.209,-75.1171,10,138.0,138.0,False,33.25,Pennsylvania,Nordheim,hifld_pool
6211,40.4002,-74.8343,10,138.0,138.0,False,3.42,Pennsylvania,Vega Alta 9101-9105,hifld_pool
6212,40.9638,-75.6519,10,138.0,138.0,False,6.58,Pennsylvania,Caverns Road,hifld_pool
6213,41.0011,-75.5599,10,138.0,138.0,False,13.16,Pennsylvania,West Yates Tap,hifld_pool
6214,41.0324,-75.481,10,138.0,138.0,False,11.05,Pennsylvania,Proler,hifld_pool
6215,41.0589,-75.596,10,138.0,138.0,False,5.13,Pennsylvania,Mona,hifld_pool
6216,41.1298,-75.508,10,138.0,138.0,False,7.89,Pennsylvania,Union Hills,hifld_pool
6217,40.899,-75.9408,10,138.0,138.0,False,36.21,Pennsylvania,Maynardville,hifld_pool
6218,40.8951,-75.9222,10,138.0,138.0,False,16.89,Pennsylvania,Sistrunk,hifld_pool
6219,40.9436,-75.92,10,138.0,1.0,False,20.09,Pennsylvania,Murrin,hifld_pool
6220,41.0009,-75.6524,10,138.0,138.0,False,7.34,Pennsylvania,Dunn Siding,hifld_pool
6221,40.9251,-75.6552,10,138.0,138.0,False,6.77,Pennsylvania,Reventure Park,hifld_pool
6222,40.9404,-75.4847,10,138.0,138.0,False,7.54,Pennsylvania,New Hanover County Wastec,hifld_pool
6223,40.8585,-75.8758,10,138.0,138.0,False,9.98,Pennsylvania,Panther Creek Energy Facility,hifld_nearest
6224,40.7756,-75.8434,10,138.0,138.0,False,12.15,Pennsylvania,North Market,hifld_pool
6225,40.8484,-75.6607,10,345.0,138.0,False,33.2,Pennsylvania,Mill Seat Renewable Energy Facility,hifld_pool
6226,40.8412,-75.7394,10,138.0,138.0,False,11.88,Pennsylvania,Marysville,hifld_pool
6227,40.8829,-75.6912,10,138.0,138.0,False,18.33,Pennsylvania,Oxford,hifld_pool
6228,40.9176,-75.8727,10,138.0,1.0,False,10.69,Pennsylvania,Alamorio,hifld_pool
6229,40.9078,-75.6155,10,138.0,138.0,False,8.92,Pennsylvania,Springer,hifld_pool
6230,40.868,-75.5666,10,138.0,138.0,False,15.42,Pennsylvania,Big Creek 4,hifld_pool
6231,40.7952,-75.5419,10,138.0,138.0,False,15.12,Pennsylvania,Switch,hifld_pool
6232,40.9586,-75.8037,10,138.0,138.0,False,6.91,Pennsylvania,Wilmington Station C,hifld_pool
6233,41.0697,-75.7268,10,138.0,138.0,False,13.9,Pennsylvania,Snarr,hifld_pool
6234,40.9394,-77.4782,10,138.0,138.0,False,3.85,Pennsylvania,Barberton,hifld_pool
6235,39.7257,-75.6629,10,138.0,138.0,False,6.84,Pennsylvania,Milltown,hifld_nearest
6236,39.8421,-75.5658,10,138.0,138.0,False,7.59,Pennsylvania,Sewell Creek Energy,hifld_pool
6237,40.0887,-75.6346,10,138.0,138.0,False,11.13,Pennsylvania,North Marion,hifld_pool
6238,39.9515,-75.826,10,138.0,138.0,False,30.6,Pennsylvania,Big Hanaford,hifld_pool
6239,39.8624,-75.8187,10,138.0,138.0,False,25.02,Pennsylvania,Kathleen,hifld_pool
6240,39.9648,-75.7912,10,345.0,138.0,False,25.02,Pennsylvania,Gabriel,hifld_pool
6241,39.9759,-75.8406,10,138.0,138.0,False,25.57,Pennsylvania,Newlinville,hifld_nearest
6242,39.9779,-75.7659,10,138.0,138.0,False,25.02,Pennsylvania,El Camino Tap,hifld_pool
6243,40.1873,-75.4854,10,138.0,138.0,False,5.49,Pennsylvania,Arden,hifld_pool
6244,39.9563,-75.7842,10,138.0,138.0,False,22.46,Pennsylvania,Satsuma,hifld_pool
6245,39.9572,-75.7666,10,138.0,138.0,False,22.46,Pennsylvania,E. Whitley,hifld_pool
6246,40.0261,-75.7543,10,138.0,138.0,False,32.44,Pennsylvania,Glenwood Hydro,hifld_pool
6247,39.9457,-75.7545,10,138.0,138.0,False,30.46,Pennsylvania,Louisiana Pacific,hifld_pool
6248,40.0633,-75.6984,10,138.0,138.0,False,22.46,Pennsylvania,South Beaumont,hifld_pool
6249,40.1712,-75.7048,10,138.0,138.0,False,9.98,Pennsylvania,Primm,hifld_pool
6250,40.0309,-75.6977,10,138.0,138.0,False,16.47,Pennsylvania,Horse Flat,hifld_pool
6251,39.9701,-75.991,10,138.0,138.0,False,11.65,Pennsylvania,Dallman,hifld_pool
6252,39.8425,-75.5113,10,138.0,1.0,False,19.87,Pennsylvania,Everest,hifld_pool
6253,39.8631,-75.5046,10,138.0,138.0,False,11.71,Pennsylvania,Northwest Beloit,hifld_pool
6254,40.0513,-75.8134,10,138.0,138.0,False,6.63,Pennsylvania,Scarcello,hifld_pool
6255,40.0952,-75.7059,10,138.0,138.0,False,6.49,Pennsylvania,Adelaide,hifld_pool
6256,40.0557,-75.9961,10,138.0,138.0,False,9.5,Pennsylvania,Wallisville,hifld_pool
6257,40.1682,-75.9361,10,138.0,138.0,False,30.38,Pennsylvania,Miner,hifld_pool
6258,40.1049,-75.7965,10,138.0,138.0,False,9.5,Pennsylvania,West Brookfield,hifld_pool
6259,39.9214,-75.7146,10,138.0,138.0,False,14.45,Pennsylvania,Kelso,hifld_pool
6260,39.8752,-75.6782,10,138.0,138.0,False,26.57,Pennsylvania,Soda Springs Power Plant,hifld_pool
6261,39.8791,-75.7499,10,138.0,138.0,False,30.9,Pennsylvania,Victoria,hifld_pool
6262,39.7934,-75.8221,10,138.0,138.0,False,8.7,Pennsylvania,Clay,hifld_nearest
6263,39.8168,-75.7693,10,138.0,138.0,False,9.7,Pennsylvania,Lawther Dr,hifld_pool
6264,39.8097,-75.9174,10,138.0,138.0,False,17.1,Pennsylvania,Hazel,hifld_pool
6265,39.7539,-75.8853,10,138.0,138.0,False,8.46,Pennsylvania,Bell-Winters,hifld_pool
6266,39.9517,-75.4613,10,138.0,138.0,False,14.79,Pennsylvania,Tyrone,hifld_pool
6267,40.086,-75.5077,10,138.0,138.0,False,14.83,Pennsylvania,Greenland,hifld_pool
6268,40.089,-75.4576,10,138.0,138.0,False,34.36,Pennsylvania,La Quinta,hifld_pool
6269,39.9991,-75.4619,10,138.0,138.0,False,22.34,Pennsylvania,Nixon Road,hifld_pool
6270,39.9332,-75.4529,10,138.0,138.0,False,22.04,Pennsylvania,Station E. West,hifld_pool
6271,39.7367,-76.0214,10,138.0,138.0,False,9.27,Pennsylvania,Lakeshore,hifld_pool
6272,39.6991,-76.0435,10,138.0,138.0,False,14.82,Pennsylvania,Orfordville,hifld_pool
6273,39.8427,-76.0071,10,138.0,138.0,False,12.45,Pennsylvania,Serpent,hifld_pool
6274,39.859,-76.0497,10,138.0,138.0,False,12.45,Pennsylvania,Hoover,hifld_pool
6275,39.716,-75.9343,10,138.0,138.0,False,18.65,Pennsylvania,North East,hifld_pool
6276,40.0032,-76.0733,10,138.0,138.0,False,5.58,Pennsylvania,Eagle Creek,hifld_pool
6277,39.9754,-75.9063,10,138.0,138.0,False,8.88,Pennsylvania,Clearview,hifld_pool
6278,40.0564,-75.5601,10,138.0,138.0,False,24.54,Pennsylvania,Fountain,hifld_pool
6279,40.1129,-75.4749,10,138.0,138.0,False,25.17,Pennsylvania,Pine Bluff West,hifld_pool
6280,40.1275,-75.5304,10,345.0,138.0,False,24.54,Pennsylvania,Cromby,hifld_nearest
6281,40.2417,-75.5256,10,138.0,138.0,False,29.75,Pennsylvania,Catawba,hifld_pool
6282,40.1959,-75.7139,10,138.0,138.0,False,10.23,Pennsylvania,Joes,hifld_pool
6283,40.181,-75.6525,10,138.0,138.0,False,35.72,Pennsylvania,Del Rosa,hifld_pool
6284,40.2206,-75.6867,10,138.0,138.0,False,10.18,Pennsylvania,Woonsocket,hifld_pool
6285,40.2812,-75.5987,10,138.0,138.0,False,8.99,Pennsylvania,Straits,hifld_pool
6286,40.1546,-75.5778,10,138.0,138.0,False,18.01,Pennsylvania,Durango,hifld_pool
6287,40.026,-75.3723,10,138.0,138.0,False,24.75,Pennsylvania,Arena,hifld_pool
6288,40.0173,-75.3395,10,138.0,138.0,False,31.86,Pennsylvania,Russell Fork,hifld_pool
6289,40.0979,-75.3703,10,138.0,138.0,False,49.61,Pennsylvania,Rio Hondo,hifld_pool
6290,40.0444,-75.422,10,138.0,138.0,False,19.25,Pennsylvania,Burgess Biopower,hifld_pool
6291,40.0056,-75.6023,10,138.0,138.0,False,48.45,Pennsylvania,Marana Tap,hifld_pool
6292,40.0182,-75.6617,10,138.0,138.0,False,23.68,Pennsylvania,Station Fg,hifld_pool
6293,39.9741,-75.6438,10,138.0,138.0,False,23.68,Pennsylvania,Bradford,hifld_nearest
6294,40.0221,-75.5596,10,138.0,138.0,False,24.23,Pennsylvania,Braunig,hifld_pool
6295,39.9255,-75.5393,10,138.0,138.0,False,33.91,Pennsylvania,Royalty,hifld_pool
6296,39.9134,-75.6317,10,138.0,138.0,False,37.68,Pennsylvania,Lenape,hifld_nearest
6297,39.8829,-75.5876,10,138.0,138.0,False,25.04,Pennsylvania,South Whitehall,hifld_pool
6298,40.0185,-75.5767,10,345.0,138.0,False,36.13,Pennsylvania,Mesa View,hifld_pool
6299,39.884,-75.6198,10,345.0,138.0,False,32.91,Pennsylvania,Hicross,hifld_pool
6300,40.0064,-75.7133,10,500.0,138.0,False,37.64,Pennsylvania,Lake June Pump,hifld_pool
6301,39.8364,-75.8027,10,345.0,138.0,False,24.71,Pennsylvania,East Cool Springs,hifld_pool
6302,39.9024,-75.8392,10,138.0,138.0,False,10.83,Pennsylvania,Village,hifld_pool
6303,41.1524,-77.3123,10,138.0,138.0,False,4.83,Pennsylvania,Fruitland,hifld_pool
6304,41.2429,-77.2389,10,138.0,138.0,False,10.16,Pennsylvania,York Creek,hifld_pool
6305,41.3069,-77.2832,10,138.0,138.0,False,10.66,Pennsylvania,Mauston,hifld_pool
6306,41.2734,-77.2337,10,138.0,138.0,False,10.16,Pennsylvania,El Dorado Refinery,hifld_pool
6307,41.33,-77.464,10,138.0,138.0,False,11.88,Pennsylvania,Kenosha,hifld_pool
6308,41.3051,-77.398,10,138.0,138.0,False,11.58,Pennsylvania,E.E. Stevenson,hifld_pool
6309,41.2671,-77.4514,10,345.0,1.0,False,11.7,Pennsylvania,Hailesboro 4 Plant,hifld_pool
6310,41.2898,-77.4562,10,138.0,138.0,False,11.39,Pennsylvania,Blackstone Junction,hifld_pool
6311,41.0218,-77.3239,10,138.0,138.0,False,3.68,Pennsylvania,Grays River,hifld_pool
6312,40.9558,-77.3325,10,138.0,138.0,False,9.7,Pennsylvania,Redondo 1,hifld_pool
6313,40.745,-76.4137,10,138.0,138.0,False,13.47,Pennsylvania,Duval Clear,hifld_pool
6314,40.7418,-76.3643,10,138.0,138.0,False,7.25,Pennsylvania,Falling Water,hifld_pool
6315,41.2949,-76.4027,10,138.0,138.0,False,10.87,Pennsylvania,Union Carbide,hifld_pool
6316,41.2037,-76.3688,10,138.0,138.0,False,6.11,Pennsylvania,Koenig Lane,hifld_pool
6317,41.0713,-76.2891,10,138.0,138.0,False,11.54,Pennsylvania,Schultz,hifld_pool
6318,41.093,-76.2486,10,138.0,138.0,False,11.54,Pennsylvania,Red Mountain,hifld_pool
6319,41.0513,-76.1995,10,138.0,138.0,False,17.58,Pennsylvania,Cienega,hifld_pool
6320,41.0936,-76.2973,10,138.0,138.0,False,11.54,Pennsylvania,North Bonneville,hifld_pool
6321,40.9953,-76.4644,10,138.0,138.0,False,18.5,Pennsylvania,South Street,hifld_pool
6322,41.0318,-76.4382,10,138.0,138.0,False,18.5,Pennsylvania,Bear Garden,hifld_pool
6323,41.034,-76.3889,10,138.0,138.0,False,18.5,Pennsylvania,Pg Pulp,hifld_pool
6324,41.0942,-76.3916,10,345.0,1.0,False,26.95,Pennsylvania,Olympus,hifld_pool
6325,40.8108,-76.3652,10,138.0,138.0,False,9.42,Pennsylvania,Yamato,hifld_pool
6326,40.8646,-76.4624,10,138.0,138.0,False,11.55,Pennsylvania,Lynn Valley,hifld_pool
6327,40.8831,-76.5808,10,138.0,138.0,False,14.9,Pennsylvania,Regal,hifld_pool
6328,40.9634,-76.6815,10,138.0,138.0,False,10.89,Pennsylvania,Mossyrock Pp,hifld_pool
6329,40.9884,-76.6628,10,138.0,138.0,False,10.89,Pennsylvania,Pheasant Branch,hifld_pool
6330,41.0062,-76.5667,10,138.0,138.0,False,10.89,Pennsylvania,Newton,hifld_pool
6331,40.8379,-76.5282,10,138.0,138.0,False,6.12,Pennsylvania,Shelton,hifld_pool
6332,40.9221,-76.5089,10,138.0,138.0,False,3.28,Pennsylvania,Menton,hifld_pool
6333,41.1043,-76.5778,10,138.0,138.0,False,3.22,Pennsylvania,Bayou Cove Peaking Power,hifld_pool
6334,41.1691,-76.4896,10,138.0,138.0,False,5.99,Pennsylvania,Beaverton,hifld_pool
6335,41.1428,-76.7674,10,138.0,138.0,False,10.28,Pennsylvania,Sampson,hifld_pool
6336,41.2169,-76.7148,10,138.0,138.0,False,21.71,Pennsylvania,Rutherford Farm,hifld_pool
6337,41.2236,-76.6601,10,138.0,138.0,False,11.08,Pennsylvania,Rose Garden,hifld_pool
6338,40.9942,-76.24,10,138.0,138.0,False,7.51,Pennsylvania,Scripps,hifld_pool
6339,41.1734,-76.2168,10,138.0,138.0,False,7.85,Pennsylvania,Norwalk,hifld_pool
6340,41.1595,-76.1606,10,138.0,138.0,False,5.0,Pennsylvania,Fountain Head,hifld_pool
6341,41.1043,-76.1642,10,138.0,138.0,False,5.0,Pennsylvania,Susquehanna,hifld_nearest
6342,40.0607,-77.1676,10,138.0,138.0,False,7.82,Pennsylvania,Olympic Vail Pipeline,hifld_pool
6343,40.2859,-76.9134,10,138.0,138.0,False,41.97,Pennsylvania,North Sweetwater,hifld_pool
6344,40.1422,-77.0156,10,138.0,138.0,False,24.08,Pennsylvania,Paradise,hifld_pool
6345,40.1884,-76.9129,10,138.0,138.0,False,32.27,Pennsylvania,Grant,hifld_pool
6346,40.2327,-77.2316,10,345.0,138.0,False,20.66,Pennsylvania,Mcfadden,hifld_pool
6347,40.24,-77.18,10,138.0,138.0,False,20.66,Pennsylvania,Oil Shale,hifld_pool
6348,40.2955,-77.2281,10,138.0,138.0,False,20.66,Pennsylvania,Monte Rio,hifld_pool
6349,40.2912,-77.2754,10,138.0,138.0,False,25.1,Pennsylvania,Caldwell,hifld_pool
6350,40.1818,-77.2405,10,138.0,138.0,False,12.43,Pennsylvania,Tinnin Road,hifld_pool
6351,40.1951,-77.2656,10,138.0,138.0,False,12.71,Pennsylvania,Port Hudson,hifld_pool
6352,40.2225,-77.2059,10,138.0,138.0,False,12.43,Pennsylvania,Sunset,hifld_pool
6353,40.1569,-77.2041,10,138.0,138.0,False,12.43,Pennsylvania,Reta,hifld_pool
6354,40.2487,-76.9942,10,138.0,138.0,False,11.73,Pennsylvania,Archer Daniels Midland Cedar Rapids,hifld_pool
6355,40.2003,-77.0037,10,138.0,138.0,False,20.05,Pennsylvania,Sidney A Murray Jr Hydroelectric,hifld_pool
6356,40.4065,-77.0175,10,138.0,138.0,False,10.02,Pennsylvania,Rubber Roller,hifld_pool
6357,40.3091,-77.0338,10,138.0,138.0,False,3.98,Pennsylvania,Duckabush,hifld_pool
6358,40.237,-76.9432,10,138.0,138.0,False,25.84,Pennsylvania,Atchelitz,hifld_pool
6359,40.1792,-77.0747,10,138.0,138.0,False,25.06,Pennsylvania,East Fayetteville,hifld_pool
6360,40.0978,-77.042,10,345.0,138.0,False,20.46,Pennsylvania,Cemex,hifld_pool
6361,40.2405,-77.0837,10,345.0,1.0,False,20.46,Pennsylvania,Cebolla,hifld_pool
6362,40.2503,-76.9343,10,138.0,138.0,False,28.98,Pennsylvania,Point Of Rocks,hifld_pool
6363,40.2428,-77.0991,10,138.0,138.0,False,19.76,Pennsylvania,Lone Butte,hifld_pool
6364,40.2238,-77.0044,10,138.0,138.0,False,19.61,Pennsylvania,Nef,hifld_pool
6365,40.2064,-77.0874,10,138.0,138.0,False,19.76,Pennsylvania,Station 255,hifld_pool
6366,40.0138,-77.1874,10,138.0,138.0,False,17.71,Pennsylvania,Ridge,hifld_pool
6367,40.0497,-77.31,10,138.0,138.0,False,6.52,Pennsylvania,Arburua,hifld_pool
6368,40.1478,-76.7959,10,138.0,138.0,False,20.02,Pennsylvania,Moses Lake,hifld_pool
6369,40.2014,-77.3524,10,138.0,138.0,False,11.94,Pennsylvania,Camas,hifld_pool
6370,40.2074,-77.4798,10,138.0,138.0,False,9.44,Pennsylvania,Brookings County,hifld_pool
6371,40.1283,-77.318,10,138.0,138.0,False,10.19,Pennsylvania,Chickahominy,hifld_pool
6372,40.125,-77.472,10,345.0,138.0,False,16.73,Pennsylvania,Mexico,hifld_pool
6373,40.1036,-77.4356,10,138.0,138.0,False,16.73,Pennsylvania,Wrightsville,hifld_pool
6374,40.0841,-77.4036,10,138.0,138.0,False,17.19,Pennsylvania,Serra,hifld_pool
6375,40.0215,-77.5385,10,138.0,138.0,False,16.73,Pennsylvania,Pinola 09,hifld_nearest
6376,40.4262,-76.8921,10,138.0,138.0,False,3.44,Pennsylvania,Check Point,hifld_pool
6377,40.4338,-76.8111,10,138.0,138.0,False,6.87,Pennsylvania,Crivitz,hifld_pool
6378,40.4381,-77.033,10,138.0,138.0,False,7.21,Pennsylvania,Lares 7901 7903,hifld_pool
6379,40.3699,-77.0534,10,138.0,138.0,False,7.32,Pennsylvania,Hilltop Tap,hifld_pool
6380,40.427,-76.9942,10,138.0,138.0,False,11.4,Pennsylvania,Guanica Pueblo 5601,hifld_pool
6381,40.1522,-76.6293,10,138.0,138.0,False,25.53,Pennsylvania,Beeline,hifld_pool
6382,40.0997,-76.6352,10,138.0,138.0,False,24.82,Pennsylvania,Camp Gary,hifld_pool
6383,40.1019,-76.5767,10,138.0,138.0,False,17.69,Pennsylvania,Griffiss Air Base,hifld_pool
6384,40.1116,-76.5901,10,138.0,138.0,False,17.69,Pennsylvania,East 61St Street,hifld_pool
6385,40.5141,-76.8562,10,138.0,138.0,False,6.53,Pennsylvania,Arapahoe,hifld_pool
6386,40.4997,-76.9258,10,138.0,138.0,False,6.53,Pennsylvania,Gloria,hifld_pool
6387,40.3716,-76.6917,10,138.0,138.0,False,23.19,Pennsylvania,Shepherd Center,hifld_pool
6388,40.3578,-76.8547,10,345.0,138.0,False,20.23,Pennsylvania,Priceville,hifld_pool
6389,40.328,-76.767,10,138.0,138.0,False,38.58,Pennsylvania,Valley Road,hifld_pool
6390,40.3708,-76.8646,10,138.0,138.0,False,20.23,Pennsylvania,Parish,hifld_pool
6391,40.2662,-76.845,10,138.0,138.0,False,26.19,Pennsylvania,Irran,hifld_pool
6392,40.2213,-76.7808,10,138.0,138.0,False,29.65,Pennsylvania,Kellnersville,hifld_pool
6393,40.2542,-76.8194,10,138.0,138.0,False,30.88,Pennsylvania,Grantsburg Diesel,hifld_pool
6394,40.2405,-76.8299,10,138.0,138.0,False,13.82,Pennsylvania,Westwood,hifld_pool
6395,40.3149,-76.8875,10,138.0,138.0,False,17.8,Pennsylvania,Agua Fria,hifld_pool
6396,40.2338,-76.8758,10,138.0,138.0,False,41.73,Pennsylvania,Harrisburg Facility,hifld_nearest
6397,40.3047,-76.9039,10,138.0,138.0,False,16.22,Pennsylvania,Beattty,hifld_pool
6398,40.2762,-76.7845,10,138.0,138.0,False,17.13,Pennsylvania,La Jolla,hifld_pool
6399,40.1593,-76.8799,10,138.0,138.0,False,12.52,Pennsylvania,Carmi,hifld_pool
6400,40.1357,-76.933,10,138.0,138.0,False,18.05,Pennsylvania,Dte Pontiac North Llc,hifld_pool
6401,40.3744,-76.8327,10,138.0,138.0,False,12.52,Pennsylvania,Lemolo Powerplant Number 2,hifld_pool
6402,40.2872,-76.8822,10,138.0,138.0,False,14.18,Pennsylvania,Paxton Creek Cogeneration,hifld_nearest
6403,40.3256,-76.8592,10,138.0,138.0,False,14.6,Pennsylvania,Findlay,hifld_pool
6404,40.3076,-76.8626,10,138.0,138.0,False,20.68,Pennsylvania,Parachute,hifld_pool
6405,40.2206,-76.8577,10,138.0,138.0,False,35.18,Pennsylvania,Woodmont,hifld_pool
6406,40.3231,-76.595,10,138.0,138.0,False,10.14,Pennsylvania,Sundance,hifld_pool
6407,40.2378,-76.6277,10,138.0,138.0,False,10.14,Pennsylvania,Royal,hifld_pool
6408,40.3834,-76.582,10,138.0,138.0,False,13.1,Pennsylvania,Willett Street,hifld_pool
6409,40.317,-76.6757,10,138.0,138.0,False,19.48,Pennsylvania,Choupique,hifld_pool
6410,40.2188,-76.6583,10,138.0,138.0,False,13.24,Pennsylvania,Hathaway,hifld_pool
6411,40.2748,-76.6605,10,345.0,138.0,False,25.17,Pennsylvania,Blakely Mountain,hifld_pool
6412,40.2745,-76.6961,10,138.0,138.0,False,13.09,Pennsylvania,Del Norte,hifld_pool
6413,40.236,-76.7879,10,138.0,138.0,False,22.53,Pennsylvania,Brule,hifld_pool
6414,40.6255,-76.8281,10,138.0,138.0,False,7.39,Pennsylvania,Jones,hifld_pool
6415,40.5938,-76.7622,10,138.0,138.0,False,14.68,Pennsylvania,Hemlock,hifld_pool
6416,40.2504,-76.7777,10,138.0,138.0,False,12.74,Pennsylvania,Covanta Indianapolis Energy,hifld_pool
6417,40.2065,-76.6755,10,138.0,138.0,False,12.74,Pennsylvania,Wilde,hifld_pool
6418,40.2219,-76.7188,10,138.0,138.0,False,12.74,Pennsylvania,Browntown,hifld_pool
6419,40.182,-76.7404,10,138.0,138.0,False,16.59,Pennsylvania,Borough Of Middletown Mill Street,hifld_nearest
6420,40.5476,-76.9214,10,138.0,138.0,False,12.0,Pennsylvania,Fulton,hifld_pool
6421,40.5563,-76.9633,10,500.0,138.0,False,24.81,Pennsylvania,Bayshore,hifld_pool
6422,40.3552,-76.5974,10,138.0,138.0,False,12.08,Pennsylvania,Calumet,hifld_pool
6423,40.2946,-76.5657,10,138.0,138.0,False,24.7,Pennsylvania,Ohioville,hifld_pool
6424,40.2505,-76.7106,10,138.0,138.0,False,12.08,Pennsylvania,Hummelstown,hifld_nearest
6425,39.9903,-75.255,10,138.0,138.0,False,19.84,Pennsylvania,Sunshine Valley,hifld_pool
6426,39.8848,-75.4551,10,138.0,138.0,False,23.62,Pennsylvania,Chittenden,hifld_pool
6427,39.8773,-75.3885,10,138.0,138.0,False,28.26,Pennsylvania,Wabasso,hifld_pool
6428,39.9316,-75.401,10,138.0,138.0,False,9.94,Pennsylvania,Middletown,hifld_nearest
6429,39.8611,-75.3596,10,345.0,1.0,False,46.22,Pennsylvania,Saville,hifld_nearest
6430,39.9089,-75.4898,10,138.0,138.0,False,18.99,Pennsylvania,Phantom Lake,hifld_pool
6431,39.9838,-75.3297,10,138.0,138.0,False,12.27,Pennsylvania,Edic,hifld_pool
6432,39.9868,-75.3825,10,138.0,138.0,False,19.72,Pennsylvania,Grand Coulee,hifld_pool
6433,39.9517,-75.386,10,138.0,138.0,False,21.43,Pennsylvania,Goose Creek,hifld_pool
6434,39.7301,-75.4012,10,138.0,138.0,False,24.5,Pennsylvania,Gregg,hifld_pool
6435,39.9408,-75.4771,10,138.0,138.0,False,31.58,Pennsylvania,Ross Avenue,hifld_pool
6436,39.8585,-75.4528,10,138.0,138.0,False,33.66,Pennsylvania,Foulk,hifld_nearest
6437,39.8441,-75.3073,10,138.0,138.0,False,32.15,Pennsylvania,Beresford,hifld_pool
6438,39.8905,-75.288,10,138.0,138.0,False,22.67,Pennsylvania,Concho,hifld_pool
6439,39.9672,-75.2776,10,138.0,138.0,False,24.77,Pennsylvania,Snow Canyon,hifld_pool
6440,40.0377,-75.3004,10,138.0,138.0,False,35.61,Pennsylvania,Lolita,hifld_pool
6441,40.0604,-75.383,10,138.0,138.0,False,36.44,Pennsylvania,Las Piedras,hifld_pool
6442,39.9308,-75.3743,10,138.0,138.0,False,31.11,Pennsylvania,Loraine County Project,hifld_pool
6443,39.9019,-75.2745,10,138.0,138.0,False,28.13,Pennsylvania,Sharon Hill,hifld_nearest
6444,39.8799,-75.4855,10,138.0,138.0,False,9.06,Pennsylvania,Stockton Wyndham,hifld_pool
6445,39.8989,-75.3656,10,138.0,138.0,False,33.44,Pennsylvania,Highlands,hifld_pool
6446,39.8721,-75.2991,10,138.0,138.0,False,15.0,Pennsylvania,Cedarville,hifld_pool
6447,39.8956,-75.4304,10,138.0,138.0,False,21.44,Pennsylvania,Modern Innovative Energy Llc,hifld_pool
6448,40.006,-75.3098,10,138.0,138.0,False,31.41,Pennsylvania,Bryn Mawr,hifld_nearest
6449,40.0165,-75.2826,10,138.0,138.0,False,34.23,Pennsylvania,Buford,hifld_pool
6450,39.9527,-75.4093,10,345.0,138.0,False,34.61,Pennsylvania,South Fork,hifld_pool
6451,39.9464,-75.3331,10,138.0,138.0,False,35.28,Pennsylvania,Rocky Hill,hifld_pool
6452,39.9149,-75.259,10,138.0,138.0,False,32.14,Pennsylvania,Mortan,hifld_pool
6453,39.951,-75.3005,10,138.0,138.0,False,35.71,Pennsylvania,Sandpiper,hifld_pool
6454,39.9363,-75.3015,10,138.0,138.0,False,28.76,Pennsylvania,Point Beach Station,hifld_pool
6455,39.8658,-75.4075,10,138.0,138.0,False,11.95,Pennsylvania,Chichester,hifld_nearest
6456,39.8184,-75.3958,10,138.0,138.0,False,17.75,Pennsylvania,Trainer,hifld_nearest
6457,39.7989,-75.3956,10,138.0,138.0,False,14.87,Pennsylvania,Bridgeport,hifld_nearest
6458,39.7517,-75.4444,10,138.0,138.0,False,11.95,Pennsylvania,Blaine,hifld_pool
6459,39.892,-75.4155,10,138.0,138.0,False,30.71,Pennsylvania,Johnson Dp,hifld_pool
6460,39.9051,-75.3849,10,345.0,1.0,False,21.33,Pennsylvania,Beverly,hifld_pool
6461,39.9402,-75.4389,10,138.0,138.0,False,32.15,Pennsylvania,Casa Grande,hifld_pool
6462,39.955,-75.4354,10,138.0,138.0,False,21.33,Pennsylvania,Alcoa Sw Station,hifld_pool
6463,39.8833,-75.3288,10,138.0,138.0,False,9.52,Pennsylvania,Liberty Electric Power Plant,hifld_nearest
6464,39.9911,-75.4022,10,138.0,138.0,False,23.81,Pennsylvania,Rivergate,hifld_pool
6465,39.9164,-75.3769,10,138.0,138.0,False,43.19,Pennsylvania,Paxson Dirve,hifld_pool
6466,40.0386,-75.3837,10,138.0,138.0,False,14.61,Pennsylvania,Mcpherson 3,hifld_pool
6467,39.8027,-75.6099,10,138.0,138.0,False,4.4,Pennsylvania,Eklutna Generation Station,hifld_pool
6468,39.9401,-75.3111,10,138.0,138.0,False,24.5,Pennsylvania,Orange,hifld_pool
6469,39.9782,-75.3003,10,138.0,138.0,False,24.5,Pennsylvania,Llanerch,hifld_nearest
6470,39.9556,-75.2745,10,138.0,138.0,False,34.81,Pennsylvania,Upper Darby,hifld_nearest
6471,39.9623,-75.3536,10,138.0,138.0,False,40.51,Pennsylvania,Kifer,hifld_pool
6472,40.6214,-77.072,10,138.0,138.0,False,4.66,Pennsylvania,Lakeside 1,hifld_pool
6473,40.5568,-77.3824,10,138.0,138.0,False,9.04,Pennsylvania,Supermercados Selectos,hifld_pool
6474,40.6836,-77.4502,10,138.0,138.0,False,6.04,Pennsylvania,Pinckard,hifld_pool
6475,40.6369,-77.2716,10,345.0,1.0,False,13.37,Pennsylvania,Ge Alachua,hifld_pool
6476,40.6008,-77.1883,10,138.0,138.0,False,7.07,Pennsylvania,Park City,hifld_pool
6477,40.7802,-77.0308,10,138.0,138.0,False,5.59,Pennsylvania,Maljamar,hifld_pool
6478,40.4547,-77.4885,10,138.0,138.0,False,8.63,Pennsylvania,Kieler,hifld_pool
6479,40.7282,-77.106,10,138.0,138.0,False,3.68,Pennsylvania,Robiedale,hifld_pool
6480,41.4763,-75.5071,10,138.0,138.0,False,11.33,Pennsylvania,Red Bluff,hifld_pool
6481,41.5256,-75.5487,10,138.0,138.0,False,11.04,Pennsylvania,Kincheloe Housing,hifld_pool
6482,41.5359,-75.4978,10,138.0,138.0,False,11.04,Pennsylvania,Puente Hills,hifld_pool
6483,41.662,-75.5895,10,138.0,138.0,False,14.04,Pennsylvania,Cambridge Ct,hifld_pool
6484,41.4203,-75.7834,10,138.0,138.0,False,34.01,Pennsylvania,South Monroe,hifld_pool
6485,41.5193,-75.7451,10,138.0,138.0,False,13.14,Pennsylvania,Manhattan,hifld_pool
6486,41.4673,-75.6929,10,138.0,138.0,False,31.47,Pennsylvania,Spinninng Spur I,hifld_pool
6487,41.5917,-75.7239,10,138.0,138.0,False,8.67,Pennsylvania,Seattle City East Pine,hifld_pool
6488,41.5674,-75.8143,10,138.0,138.0,False,7.45,Pennsylvania,Devine,hifld_pool
6489,41.7966,-75.5309,10,138.0,138.0,False,7.75,Pennsylvania,Maple Ridge,hifld_pool
6490,41.7366,-75.5475,10,138.0,138.0,False,7.31,Pennsylvania,Minn Valley,hifld_pool
6491,41.7011,-75.4607,10,138.0,138.0,False,5.92,Pennsylvania,Kinney,hifld_pool
6492,41.2371,-75.4912,10,138.0,138.0,False,8.94,Pennsylvania,Amfor,hifld_pool
6493,41.6343,-75.4834,10,138.0,138.0,False,5.21,Pennsylvania,Hammondsville,hifld_pool
6494,41.5601,-75.6355,10,138.0,138.0,False,9.01,Pennsylvania,Quendall Cable Sta,hifld_pool
6495,41.5422,-75.3393,10,138.0,138.0,False,11.37,Pennsylvania,Vernon Vt,hifld_pool
6496,41.4449,-75.4521,10,138.0,138.0,False,11.08,Pennsylvania,Protein,hifld_pool
6497,41.4202,-75.3971,10,138.0,138.0,False,13.49,Pennsylvania,O'Gara,hifld_pool
6498,41.329,-75.5621,10,138.0,138.0,False,15.45,Pennsylvania,Swampy Acres,hifld_pool
6499,41.3039,-75.6389,10,138.0,138.0,False,10.98,Pennsylvania,Herndon,hifld_pool
6500,41.3134,-75.5409,10,138.0,138.0,False,10.98,Pennsylvania,Laguna Pointe-Franklin,hifld_pool
6501,41.685,-75.7891,10,138.0,138.0,False,10.52,Pennsylvania,Bunker 2 Tap,hifld_pool
6502,41.3958,-75.7184,10,138.0,138.0,False,11.87,Pennsylvania,Lieberman,hifld_pool
6503,41.3463,-75.7205,10,138.0,138.0,False,17.48,Pennsylvania,Walton Bainbridge Power Facility,hifld_pool
6504,41.5933,-75.638,10,138.0,138.0,False,21.37,Pennsylvania,Condon Wind,hifld_pool
6505,41.5531,-75.5448,10,138.0,138.0,False,8.4,Pennsylvania,Moffet Field Tap,hifld_pool
6506,41.4651,-75.5585,10,138.0,138.0,False,21.96,Pennsylvania,Peckville,hifld_nearest
6507,41.5022,-75.6019,10,138.0,138.0,False,11.23,Pennsylvania,Lackawanna,hifld_nearest
6508,41.4423,-75.5855,10,138.0,138.0,False,20.98,Pennsylvania,Ronkonkoma,hifld_pool
6509,41.38,-75.5992,10,138.0,138.0,False,14.59,Pennsylvania,Kilvert Street,hifld_pool
6510,41.4117,-75.5835,10,138.0,138.0,False,11.25,Pennsylvania,Church Street,hifld_pool
6511,41.3259,-75.6711,10,345.0,138.0,False,25.86,Pennsylvania,Emigration,hifld_pool
6512,41.4223,-75.6654,10,138.0,138.0,False,10.83,Pennsylvania,Edgewater,hifld_pool
6513,41.4513,-75.6778,10,345.0,1.0,False,23.13,Pennsylvania,Market St,hifld_pool
6514,41.2832,-75.6813,10,138.0,138.0,False,12.3,Pennsylvania,King Street,hifld_pool
6515,41.4367,-75.6455,10,138.0,138.0,False,12.3,Pennsylvania,Stockhouse Rd,hifld_pool
6516,41.4183,-75.6319,10,138.0,138.0,False,22.03,Pennsylvania,Kyles Ford,hifld_pool
6517,41.4945,-75.659,10,138.0,138.0,False,10.34,Pennsylvania,Stamey,hifld_pool
6518,41.3954,-75.778,10,138.0,138.0,False,13.65,Pennsylvania,Eureka Reit,hifld_pool
6519,41.4567,-75.7486,10,138.0,138.0,False,40.89,Pennsylvania,Weatherspoon Plant Station,hifld_pool
6520,41.466,-75.6067,10,138.0,138.0,False,18.26,Pennsylvania,Recway,hifld_pool
6521,39.909,-76.0172,10,345.0,138.0,False,15.4,Pennsylvania,Hedges,hifld_pool
6522,40.0374,-76.5292,10,138.0,138.0,False,10.66,Pennsylvania,Centralf,hifld_pool
6523,39.9985,-76.5021,10,138.0,138.0,False,16.65,Pennsylvania,Roza,hifld_pool
6524,39.9897,-76.5335,10,138.0,138.0,False,10.66,Pennsylvania,San Luis Obispo,hifld_pool
6525,39.8953,-76.3122,10,138.0,138.0,False,11.4,Pennsylvania,Livingston Ridge,hifld_pool
6526,39.9554,-76.3946,10,138.0,138.0,False,7.7,Pennsylvania,Fish Creek,hifld_pool
6527,40.2036,-76.0258,10,138.0,138.0,False,9.2,Pennsylvania,Pipers Gap,hifld_pool
6528,40.305,-76.0105,10,138.0,138.0,False,9.2,Pennsylvania,East City,hifld_pool
6529,40.1078,-76.0591,10,138.0,138.0,False,10.39,Pennsylvania,Highgrove,hifld_pool
6530,40.1962,-76.1503,10,138.0,138.0,False,34.62,Pennsylvania,Poncha Junction,hifld_pool
6531,40.2428,-76.2096,10,345.0,138.0,False,29.71,Pennsylvania,Trentwood,hifld_pool
6532,40.2649,-76.1956,10,138.0,138.0,False,25.37,Pennsylvania,Ykk Usa Chestney,hifld_pool
6533,40.1631,-76.1536,10,500.0,1.0,False,29.28,Pennsylvania,Eagle,hifld_pool
6534,40.1554,-76.2497,10,138.0,138.0,False,28.61,Pennsylvania,Pacheco,hifld_pool
6535,39.975,-76.2875,10,345.0,138.0,False,56.0,Pennsylvania,Lawrence Road,hifld_pool
6536,39.9956,-76.2994,10,138.0,138.0,False,32.21,Pennsylvania,Millwood,hifld_nearest
6537,40.0133,-76.2801,10,138.0,138.0,False,25.07,Pennsylvania,Engleside,hifld_nearest
6538,40.0823,-76.2617,10,138.0,138.0,False,28.5,Pennsylvania,Burle,hifld_nearest
6539,40.1661,-76.2716,10,138.0,138.0,False,23.79,Pennsylvania,Blooming Prairie,hifld_pool
6540,40.0137,-76.3351,10,138.0,138.0,False,23.79,Pennsylvania,Jordan,hifld_pool
6541,40.0735,-76.362,10,138.0,138.0,False,30.22,Pennsylvania,N. Sardis,hifld_pool
6542,40.11,-76.3075,10,138.0,138.0,False,28.15,Pennsylvania,South Camano,hifld_pool
6543,39.9779,-76.2053,10,138.0,138.0,False,34.35,Pennsylvania,West Point,hifld_pool
6544,40.038,-76.3345,10,138.0,138.0,False,33.36,Pennsylvania,Bird City,hifld_pool
6545,40.0487,-76.2129,10,138.0,138.0,False,36.44,Pennsylvania,Leola,hifld_nearest
6546,40.054,-76.3649,10,345.0,138.0,False,29.62,Pennsylvania,Rohrerstown,hifld_nearest
6547,40.0155,-76.37,10,138.0,138.0,False,29.62,Pennsylvania,Underwood,hifld_pool
6548,40.1003,-76.121,10,138.0,138.0,False,19.04,Pennsylvania,Neely,hifld_pool
6549,40.2546,-76.2271,10,138.0,138.0,False,29.67,Pennsylvania,High Falls,hifld_pool
6550,40.1698,-76.3025,10,345.0,138.0,False,25.78,Pennsylvania,Chattahoochee Energy Facility,hifld_pool
6551,40.2214,-76.3177,10,138.0,138.0,False,25.47,Pennsylvania,Unionville,hifld_pool
6552,40.1586,-76.3145,10,138.0,138.0,False,25.47,Pennsylvania,Sprinkle,hifld_pool
6553,40.1916,-76.4572,10,138.0,138.0,False,13.3,Pennsylvania,Hygiene,hifld_pool
6554,40.1246,-76.4541,10,138.0,138.0,False,23.35,Pennsylvania,Mt Joy,hifld_nearest
6555,40.2381,-76.4977,10,138.0,138.0,False,13.9,Pennsylvania,Mira Loma,hifld_pool
6556,40.1392,-76.4131,10,138.0,138.0,False,17.52,Pennsylvania,Fuller Tap,hifld_nearest
6557,39.9377,-76.2808,10,138.0,138.0,False,19.9,Pennsylvania,Teal,hifld_pool
6558,39.9655,-76.3342,10,138.0,138.0,False,8.65,Pennsylvania,Patterson,hifld_pool
6559,40.018,-76.4081,10,138.0,138.0,False,8.65,Pennsylvania,Donerville,hifld_nearest
6560,40.0295,-76.6028,10,138.0,138.0,False,11.28,Pennsylvania,Kimball,hifld_pool
6561,40.0752,-76.5724,10,138.0,138.0,False,17.16,Pennsylvania,Donegal,hifld_nearest
6562,40.1522,-76.5018,10,138.0,138.0,False,11.12,Pennsylvania,North Hendrickson,hifld_pool
6563,40.0566,-76.4099,10,138.0,138.0,False,9.73,Pennsylvania,Lancaster Air Products,hifld_nearest
6564,40.0093,-76.4471,10,138.0,138.0,False,13.03,Pennsylvania,West Hempfield,hifld_nearest
6565,40.1582,-76.0975,10,138.0,138.0,False,19.56,Pennsylvania,Caveman,hifld_pool
6566,40.0974,-76.0142,10,138.0,138.0,False,17.0,Pennsylvania,Cuartel Drogas Y Narcoticos,hifld_pool
6567,40.1318,-76.1061,10,138.0,138.0,False,11.0,Pennsylvania,Golden Ponds Tap,hifld_pool
6568,40.3021,-76.2582,10,138.0,138.0,False,9.08,Pennsylvania,Capay,hifld_pool
6569,40.033,-76.1029,10,138.0,138.0,False,17.01,Pennsylvania,Lost Hillschevron,hifld_pool
6570,39.946,-76.1062,10,138.0,138.0,False,6.63,Pennsylvania,Banta Carbona,hifld_pool
6571,39.8134,-76.1685,10,138.0,138.0,False,11.46,Pennsylvania,Filtrotec,hifld_pool
6572,39.9176,-76.1951,10,138.0,138.0,False,12.65,Pennsylvania,Decorative Panels Intl,hifld_pool
6573,39.8798,-76.2585,10,138.0,138.0,False,13.16,Pennsylvania,Pineview,hifld_pool
6574,39.8917,-76.1558,10,138.0,138.0,False,17.01,Pennsylvania,Bloomington Whitehall Pike,hifld_pool
6575,39.9875,-76.1463,10,138.0,138.0,False,9.46,Pennsylvania,Uknown12262,hifld_pool
6576,39.9709,-76.246,10,138.0,138.0,False,7.14,Pennsylvania,Airway Heights,hifld_pool
6577,40.3437,-76.6541,10,138.0,138.0,False,9.34,Pennsylvania,Lewisburg,hifld_pool
6578,40.5234,-76.5913,10,138.0,138.0,False,15.08,Pennsylvania,Loganville,hifld_pool
6579,40.4827,-76.5833,10,138.0,138.0,False,6.55,Pennsylvania,Montefiore,hifld_pool
6580,40.5189,-76.5133,10,138.0,138.0,False,6.81,Pennsylvania,Golden Gate,hifld_pool
6581,40.301,-76.4587,10,138.0,138.0,False,22.33,Pennsylvania,Sockanosset,hifld_pool
6582,40.2961,-76.4821,10,138.0,138.0,False,22.44,Pennsylvania,Rock-Tenn Mill,hifld_pool
6583,40.3317,-76.4168,10,138.0,138.0,False,22.82,Pennsylvania,Overton 2,hifld_pool
6584,40.3249,-76.4688,10,138.0,138.0,False,22.19,Pennsylvania,Chemawa,hifld_pool
6585,40.4257,-76.4561,10,345.0,1.0,False,20.72,Pennsylvania,Industry,hifld_pool
6586,40.3978,-76.4205,10,138.0,138.0,False,19.07,Pennsylvania,Collierville,hifld_pool
6587,40.4062,-76.4345,10,138.0,138.0,False,17.8,Pennsylvania,Don Pedro,hifld_pool
6588,40.452,-76.4604,10,138.0,138.0,False,17.84,Pennsylvania,Blue Lake,hifld_pool
6589,40.5683,-76.3977,10,138.0,138.0,False,11.81,Pennsylvania,Pinnacle Peak Walc,hifld_pool
6590,40.5289,-76.4231,10,138.0,138.0,False,10.3,Pennsylvania,Maple Lake,hifld_pool
6591,40.4959,-76.4362,10,138.0,138.0,False,10.3,Pennsylvania,Greynolds,hifld_pool
6592,40.7191,-75.4391,10,138.0,138.0,False,10.12,Pennsylvania,Greenwood Mi,hifld_pool
6593,40.5092,-75.3465,10,138.0,138.0,False,13.51,Pennsylvania,Spencer Hydro,hifld_pool
6594,40.5477,-75.5007,10,138.0,138.0,False,30.41,Pennsylvania,Fred H. Smith,hifld_pool
6595,40.69,-75.5437,10,138.0,138.0,False,23.79,Pennsylvania,Phelps Dodge,hifld_pool
6596,40.62,-75.4715,10,138.0,138.0,False,33.91,Pennsylvania,Talenenergy Martin Creek Llc Allentown,hifld_nearest
6597,40.6688,-75.4782,10,138.0,138.0,False,39.87,Pennsylvania,Boyer,hifld_pool
6598,40.5037,-75.4298,10,500.0,138.0,False,30.93,Pennsylvania,Ruch,hifld_pool
6599,40.5746,-75.3957,10,138.0,138.0,False,32.03,Pennsylvania,Arcata,hifld_pool
6600,40.6501,-75.4158,10,138.0,138.0,False,21.67,Pennsylvania,Flagami,hifld_pool
6601,40.5408,-75.4217,10,138.0,138.0,False,21.67,Pennsylvania,Brodhead,hifld_pool
6602,40.5763,-75.5326,10,138.0,138.0,False,21.86,Pennsylvania,Dornyville,hifld_nearest
6603,40.5276,-75.4733,10,138.0,138.0,False,21.67,Pennsylvania,Pecho Valley,hifld_pool
6604,40.638,-75.4437,10,138.0,138.0,False,25.83,Pennsylvania,Wakefield Junction,hifld_pool
6605,40.6129,-75.5826,10,138.0,138.0,False,45.69,Pennsylvania,Del Bac,hifld_pool
6606,40.6615,-75.5863,10,138.0,138.0,False,26.21,Pennsylvania,Point Street,hifld_pool
6607,40.6063,-75.5369,10,345.0,1.0,False,26.43,Pennsylvania,Plattsburgh,hifld_pool
6608,40.5977,-75.3548,10,138.0,138.0,False,29.0,Pennsylvania,Lancaster Distribution,hifld_pool
6609,40.6273,-75.4503,10,138.0,138.0,False,19.62,Pennsylvania,Warm Springs,hifld_pool
6610,40.6069,-75.3722,10,138.0,138.0,False,19.62,Pennsylvania,Quarry,hifld_nearest
6611,40.5548,-75.3728,10,138.0,138.0,False,19.9,Pennsylvania,Rialto,hifld_pool
6612,40.667,-75.4164,10,138.0,138.0,False,29.83,Pennsylvania,Sunlake,hifld_pool
6613,40.6112,-75.3852,10,138.0,138.0,False,22.44,Pennsylvania,Fiddyment,hifld_pool
6614,40.6737,-75.3871,10,138.0,138.0,False,32.55,Pennsylvania,North Bloomfield,hifld_pool
6615,40.6378,-75.3128,10,138.0,138.0,False,22.44,Pennsylvania,Oakes,hifld_pool
6616,40.6919,-75.4615,10,138.0,138.0,False,19.56,Pennsylvania,Northampton Generating Company Lp,hifld_nearest
6617,40.7049,-75.3123,10,138.0,138.0,False,19.37,Pennsylvania,San Fernando,hifld_pool
6618,40.5929,-75.4708,10,138.0,138.0,False,29.05,Pennsylvania,Freeman,hifld_pool
6619,40.5937,-75.3684,10,138.0,138.0,False,19.37,Pennsylvania,Red Hills Generating Facility,hifld_pool
6620,40.7489,-75.4945,10,138.0,138.0,False,11.15,Pennsylvania,Olney,hifld_pool
6621,40.4937,-75.5031,10,138.0,138.0,False,26.48,Pennsylvania,Hosensack,hifld_nearest
6622,40.5657,-75.5675,10,138.0,138.0,False,15.85,Pennsylvania,Wescosville,hifld_nearest
6623,40.6622,-75.7473,10,138.0,138.0,False,6.78,Pennsylvania,Embudo,hifld_pool
6624,40.6259,-75.7242,10,138.0,138.0,False,12.22,Pennsylvania,Claude Vandyke,hifld_pool
6625,40.564,-75.6018,10,138.0,138.0,False,18.31,Pennsylvania,Elgin,hifld_pool
6626,40.7221,-75.6472,10,138.0,138.0,False,7.88,Pennsylvania,Luling,hifld_pool
6627,40.8142,-75.684,10,138.0,138.0,False,7.63,Pennsylvania,Hamilton A,hifld_pool
6628,40.7581,-75.6688,10,138.0,138.0,False,9.79,Pennsylvania,Wilson,hifld_pool
6629,40.7691,-75.5735,10,138.0,138.0,False,9.13,Pennsylvania,Lakehead Cambridge,hifld_pool
6630,40.6484,-75.5711,10,138.0,138.0,False,21.71,Pennsylvania,Tascaderos,hifld_pool
6631,40.7038,-75.5505,10,138.0,138.0,False,21.71,Pennsylvania,Siegfried,hifld_nearest
6632,40.6112,-75.5122,10,138.0,138.0,False,16.12,Pennsylvania,Bradley Lake,hifld_pool
6633,41.3336,-76.0659,10,138.0,138.0,False,10.79,Pennsylvania,Desal,hifld_pool
6634,41.255,-76.0428,10,138.0,138.0,False,12.32,Pennsylvania,Frontier Windpower,hifld_pool
6635,41.304,-76.052,10,138.0,138.0,False,10.79,Pennsylvania,Lookingglass,hifld_pool
6636,41.3379,-75.9916,10,138.0,138.0,False,14.95,Pennsylvania,Erie St,hifld_pool
6637,41.0849,-75.9987,10,138.0,138.0,False,8.33,Pennsylvania,Van Buren,hifld_pool
6638,41.1219,-76.0429,10,138.0,138.0,False,7.22,Pennsylvania,Glen Carter,hifld_pool
6639,41.0694,-75.7967,10,138.0,138.0,False,4.79,Pennsylvania,Cameron,hifld_pool
6640,41.0036,-75.884,10,138.0,138.0,False,10.3,Pennsylvania,Cedarvale,hifld_pool
6641,41.4949,-76.0998,10,138.0,138.0,False,7.33,Pennsylvania,Wood River,hifld_pool
6642,40.8916,-76.0839,10,138.0,138.0,False,15.2,Pennsylvania,Grove,hifld_pool
6643,41.0129,-76.0624,10,138.0,138.0,False,15.99,Pennsylvania,Costa Sur Plant,hifld_pool
6644,40.9453,-75.9773,10,138.0,138.0,False,12.32,Pennsylvania,Black River,hifld_pool
6645,41.0909,-76.0774,10,138.0,138.0,False,4.98,Pennsylvania,East Grangeville,hifld_pool
6646,41.3395,-76.1236,10,138.0,138.0,False,15.74,Pennsylvania,Rio,hifld_pool
6647,41.2326,-75.8898,10,138.0,138.0,False,33.76,Pennsylvania,Sub 6647,hifld_pool
6648,41.1474,-75.9606,10,345.0,1.0,False,18.65,Pennsylvania,Vfw Park,hifld_pool
6649,41.2884,-75.9118,10,138.0,138.0,False,24.66,Pennsylvania,Mt. Olive,hifld_pool
6650,41.2522,-75.8376,10,138.0,138.0,False,20.96,Pennsylvania,Kiefer Landfill,hifld_pool
6651,41.084,-75.9479,10,138.0,138.0,False,16.57,Pennsylvania,Abilene Maple Street,hifld_pool
6652,41.054,-75.9625,10,138.0,138.0,False,10.58,Pennsylvania,Osawatomie Power Plant North,hifld_pool
6653,41.1321,-75.8706,10,138.0,138.0,False,9.3,Pennsylvania,Moab Salt,hifld_pool
6654,41.1362,-76.0843,10,138.0,138.0,False,18.24,Pennsylvania,Forge 2,hifld_pool
6655,41.2124,-75.9814,10,138.0,138.0,False,21.62,Pennsylvania,Calvo,hifld_pool
6656,41.2633,-75.7236,10,138.0,138.0,False,10.25,Pennsylvania,James River Power Station,hifld_pool
6657,41.308,-75.7025,10,138.0,138.0,False,10.25,Pennsylvania,Wapato,hifld_pool
6658,41.3106,-75.7582,10,138.0,138.0,False,20.33,Pennsylvania,Oakland L,hifld_pool
6659,41.2162,-75.766,10,138.0,138.0,False,10.25,Pennsylvania,Spencer Switch,hifld_pool
6660,41.31,-75.8152,10,138.0,138.0,False,25.33,Pennsylvania,Sithe Independence Station,hifld_pool
6661,41.4114,-75.8523,10,138.0,138.0,False,15.23,Pennsylvania,Wren,hifld_pool
6662,41.4231,-75.8979,10,138.0,138.0,False,10.28,Pennsylvania,Bearwallow,hifld_pool
6663,41.2838,-76.023,10,138.0,138.0,False,14.1,Pennsylvania,North Mesa,hifld_pool
6664,41.3504,-75.9585,10,138.0,138.0,False,9.39,Pennsylvania,Dumbarton,hifld_pool
6665,41.1645,-75.9221,10,138.0,138.0,False,7.07,Pennsylvania,Northport,hifld_pool
6666,41.2468,-75.9704,10,138.0,138.0,False,9.34,Pennsylvania,Abilene Industrial Park,hifld_pool
6667,41.3056,-75.9715,10,138.0,138.0,False,7.02,Pennsylvania,Fulford,hifld_pool
6668,40.9448,-76.1349,10,138.0,138.0,False,5.07,Pennsylvania,Manor,hifld_pool
6669,40.9908,-76.1412,10,138.0,138.0,False,7.41,Pennsylvania,Forest Hill,hifld_pool
6670,41.4058,-76.2557,10,138.0,138.0,False,2.05,Pennsylvania,Wheelabrator North Broward,hifld_pool
6671,41.2161,-75.7103,10,345.0,138.0,False,24.08,Pennsylvania,Limestone,hifld_pool
6672,41.1762,-75.7196,10,138.0,138.0,False,24.08,Pennsylvania,Leesburg Picciola,hifld_pool
6673,41.176,-75.8068,10,138.0,138.0,False,24.49,Pennsylvania,Midlake,hifld_pool
6674,41.2213,-75.82,10,138.0,138.0,False,24.08,Pennsylvania,Sandy Valley,hifld_pool
6675,41.2691,-75.8533,10,138.0,138.0,False,14.54,Pennsylvania,Miguel Lujan Tap Ns Line,hifld_pool
6676,41.3314,-75.8009,10,138.0,138.0,False,11.8,Pennsylvania,Usaa 2,hifld_pool
6677,41.3096,-75.8441,10,138.0,138.0,False,17.81,Pennsylvania,Kirker Tap 2,hifld_pool
6678,41.1427,-76.0022,10,138.0,138.0,False,20.45,Pennsylvania,Ltg Pleasant Hill,hifld_pool
6679,41.1942,-75.9336,10,138.0,138.0,False,9.62,Pennsylvania,Strathcona,hifld_pool
6680,41.3466,-75.8491,10,138.0,138.0,False,6.4,Pennsylvania,Pauline,hifld_pool
6681,41.066,-77.0805,10,138.0,138.0,False,3.73,Pennsylvania,Springhill,hifld_pool
6682,41.2693,-77.1266,10,138.0,138.0,False,9.14,Pennsylvania,Elk Falls Mill,hifld_pool
6683,41.389,-77.1072,10,138.0,138.0,False,4.08,Pennsylvania,Nile Creek Terminal,hifld_pool
6684,41.3854,-77.0296,10,138.0,138.0,False,4.08,Pennsylvania,Nepco,hifld_pool
6685,41.2935,-76.7567,10,138.0,138.0,False,5.76,Pennsylvania,Basscreek,hifld_pool
6686,41.6509,-77.018,10,138.0,138.0,False,7.12,Pennsylvania,Melones Tap 1,hifld_pool
6687,41.1861,-76.9614,10,138.0,138.0,False,7.39,Pennsylvania,Elimsport,hifld_nearest
6688,41.2989,-76.8469,10,138.0,138.0,False,9.75,Pennsylvania,Napa,hifld_pool
6689,41.2558,-76.9028,10,138.0,138.0,False,11.16,Pennsylvania,Tropico,hifld_pool
6690,41.5711,-76.9706,10,138.0,138.0,False,3.78,Pennsylvania,Van Horne,hifld_pool
6691,41.463,-77.0179,10,138.0,138.0,False,8.58,Pennsylvania,North Saraland,hifld_pool
6692,41.3678,-76.8455,10,138.0,138.0,False,26.68,Pennsylvania,Santeetlah,hifld_pool
6693,41.3817,-76.839,10,345.0,138.0,False,26.68,Pennsylvania,Rosemark,hifld_pool
6694,41.4017,-76.8097,10,138.0,138.0,False,26.9,Pennsylvania,Seminola,hifld_pool
6695,41.3327,-76.8824,10,138.0,138.0,False,36.43,Pennsylvania,Trentville,hifld_pool
6696,41.1351,-77.1098,10,138.0,138.0,False,8.54,Pennsylvania,Mirage,hifld_pool
6697,41.2257,-77.0572,10,138.0,138.0,False,12.27,Pennsylvania,Lycoming,hifld_nearest
6698,41.1769,-77.1344,10,138.0,138.0,False,11.07,Pennsylvania,Chelsea,hifld_pool
6699,40.7074,-77.3659,10,138.0,138.0,False,3.81,Pennsylvania,Second Avenue,hifld_pool
6700,40.8214,-77.3868,10,138.0,138.0,False,5.61,Pennsylvania,Marcus Hook Refinery Cogen,hifld_pool
6701,40.7122,-77.274,10,138.0,138.0,False,10.02,Pennsylvania,Colorado River,hifld_pool
6702,40.7997,-77.5109,10,138.0,138.0,False,9.29,Pennsylvania,Garibaldi,hifld_pool
6703,41.1805,-75.0178,10,345.0,138.0,False,14.52,Pennsylvania,Honey Lake,hifld_pool
6704,41.1411,-75.0007,10,138.0,138.0,False,7.74,Pennsylvania,Rio Bravo Poso,hifld_pool
6705,41.1879,-75.2594,10,138.0,138.0,False,6.11,Pennsylvania,Perez,hifld_pool
6706,41.0335,-75.0624,10,138.0,138.0,False,10.59,Pennsylvania,Weiner,hifld_pool
6707,41.1354,-75.0463,10,138.0,138.0,False,18.71,Pennsylvania,Salmon Creek 1,hifld_pool
6708,41.1355,-75.1822,10,138.0,138.0,False,16.36,Pennsylvania,White Mt. Radio,hifld_pool
6709,41.1506,-75.1519,10,138.0,138.0,False,10.46,Pennsylvania,Ayer,hifld_pool
6710,41.0598,-75.1592,10,138.0,138.0,False,17.6,Pennsylvania,G.E. Control,hifld_pool
6711,41.1018,-75.1236,10,138.0,138.0,False,17.6,Pennsylvania,Tule,hifld_pool
6712,41.0438,-75.1515,10,345.0,138.0,False,19.09,Pennsylvania,Grouse Creek,hifld_pool
6713,41.0793,-75.1496,10,138.0,138.0,False,17.07,Pennsylvania,Carmichael,hifld_pool
6714,40.8988,-75.4647,10,345.0,1.0,False,17.56,Pennsylvania,Blue Mountain,hifld_pool
6715,41.0441,-75.4268,10,138.0,138.0,False,13.97,Pennsylvania,Bollman,hifld_pool
6716,40.9017,-75.5134,10,138.0,138.0,False,8.37,Pennsylvania,Astro,hifld_pool
6717,41.1158,-75.624,10,138.0,138.0,False,8.04,Pennsylvania,Truman,hifld_pool
6718,40.9658,-75.319,10,138.0,138.0,False,10.18,Pennsylvania,Hemingway,hifld_pool
6719,40.8626,-75.4497,10,138.0,138.0,False,18.98,Pennsylvania,Cwec Iola,hifld_pool
6720,40.8335,-75.3027,10,138.0,138.0,False,10.18,Pennsylvania,Floral Hills,hifld_pool
6721,41.0903,-75.3087,10,138.0,138.0,False,24.22,Pennsylvania,Whisman,hifld_pool
6722,41.0501,-75.3137,10,138.0,138.0,False,29.3,Pennsylvania,Sandhill,hifld_pool
6723,40.9326,-75.3357,10,138.0,138.0,False,19.22,Pennsylvania,Tenth St,hifld_pool
6724,40.9319,-75.3867,10,138.0,138.0,False,20.04,Pennsylvania,Winder,hifld_pool
6725,41.0791,-75.3937,10,500.0,138.0,False,30.82,Pennsylvania,Glory Rd,hifld_pool
6726,41.2077,-75.3671,10,345.0,138.0,False,13.22,Pennsylvania,Tazewell,hifld_pool
6727,41.2082,-75.3995,10,138.0,138.0,False,10.07,Pennsylvania,Wiota,hifld_pool
6728,41.2324,-75.4061,10,138.0,138.0,False,9.97,Pennsylvania,Texaco Trading,hifld_pool
6729,40.16,-75.1873,10,138.0,138.0,False,13.91,Pennsylvania,Southeast,hifld_pool
6730,40.1451,-75.1553,10,138.0,138.0,False,30.62,Pennsylvania,Stony Point Tap,hifld_pool
6731,40.2559,-75.2402,10,138.0,138.0,False,19.37,Pennsylvania,Leakesville Goab,hifld_pool
6732,40.1114,-75.1048,10,138.0,138.0,False,31.64,Pennsylvania,Middle Fork,hifld_pool
6733,40.053,-75.2197,10,138.0,138.0,False,21.51,Pennsylvania,Cavanaugh,hifld_pool
6734,40.1707,-75.3516,10,138.0,138.0,False,11.64,Pennsylvania,Silver Peak,hifld_pool
6735,40.2594,-75.17,10,138.0,138.0,False,11.06,Pennsylvania,Moneta,hifld_pool
6736,40.1676,-75.2745,10,138.0,138.0,False,11.06,Pennsylvania,Blanchard,hifld_pool
6737,40.1257,-75.5614,10,138.0,138.0,False,23.2,Pennsylvania,Los Molinos,hifld_pool
6738,40.2208,-75.332,10,138.0,138.0,False,35.1,Pennsylvania,Centerpoint,hifld_nearest
6739,40.1924,-75.4233,10,138.0,138.0,False,23.2,Pennsylvania,Channel Island,hifld_pool
6740,40.2458,-75.3957,10,138.0,138.0,False,23.2,Pennsylvania,North Branch Mn,hifld_pool
6741,40.0783,-75.3412,10,138.0,138.0,False,22.82,Pennsylvania,Ottauquechee Hydro,hifld_pool
6742,40.0953,-75.2656,10,138.0,138.0,False,18.32,Pennsylvania,Kent,hifld_pool
6743,40.1314,-75.1263,10,138.0,138.0,False,21.56,Pennsylvania,Heaton,hifld_nearest
6744,40.4182,-75.5738,10,138.0,138.0,False,21.81,Pennsylvania,Wolf Point,hifld_pool
6745,40.3484,-75.6043,10,138.0,138.0,False,27.48,Pennsylvania,North Boyertown,hifld_nearest
6746,40.2932,-75.5584,10,138.0,138.0,False,11.32,Pennsylvania,Petersburg Station,hifld_pool
6747,40.1321,-75.1716,10,138.0,138.0,False,28.29,Pennsylvania,Tarlett,hifld_pool
6748,40.0366,-75.1666,10,138.0,138.0,False,35.03,Pennsylvania,North Moscow,hifld_pool
6749,40.066,-75.079,10,138.0,138.0,False,18.88,Pennsylvania,Fox Chase,hifld_nearest
6750,40.1521,-75.17,10,138.0,138.0,False,27.62,Pennsylvania,Depoe Bay,hifld_pool
6751,40.3543,-75.4419,10,138.0,138.0,False,18.18,Pennsylvania,Merritt,hifld_pool
6752,40.3005,-75.3802,10,138.0,1.0,False,14.2,Pennsylvania,Calaveras,hifld_pool
6753,40.2765,-75.3896,10,345.0,138.0,False,31.81,Pennsylvania,Fredonia,hifld_pool
6754,40.0831,-75.2359,10,138.0,138.0,False,20.0,Pennsylvania,Broadway In,hifld_pool
6755,40.1865,-75.0988,10,138.0,138.0,False,19.19,Pennsylvania,Warminster,hifld_nearest
6756,40.1363,-75.0859,10,138.0,138.0,False,27.74,Pennsylvania,Kingstree,hifld_pool
6757,40.034,-75.1888,10,138.0,138.0,False,19.99,Pennsylvania,Pulaski,hifld_nearest
6758,40.1099,-75.3543,10,138.0,138.0,False,28.01,Pennsylvania,Barbadoes,hifld_nearest
6759,40.063,-75.4166,10,345.0,138.0,False,14.01,Pennsylvania,Hobart,hifld_pool
6760,40.1659,-75.2481,10,138.0,138.0,False,34.68,Pennsylvania,Synata Hugoton,hifld_pool
6761,40.1797,-75.2113,10,138.0,138.0,False,26.87,Pennsylvania,Shady Glen,hifld_pool
6762,40.2901,-75.2559,10,500.0,138.0,False,37.13,Pennsylvania,Denton Dr,hifld_pool
6763,40.2717,-75.3085,10,138.0,138.0,False,27.2,Pennsylvania,Elroy,hifld_nearest
6764,40.2047,-75.2669,10,345.0,138.0,False,30.65,Pennsylvania,North Wales,hifld_nearest
6765,40.0738,-75.3093,10,138.0,138.0,False,24.95,Pennsylvania,Covanta Plymouth Renewable Energy,hifld_nearest
6766,40.189,-75.3114,10,138.0,138.0,False,33.33,Pennsylvania,Whitpain,hifld_nearest
6767,40.0519,-75.3279,10,138.0,138.0,False,33.76,Pennsylvania,Victor,hifld_pool
6768,40.0617,-75.3035,10,138.0,138.0,False,24.95,Pennsylvania,Shellburn,hifld_pool
6769,40.2065,-75.4294,10,138.0,138.0,False,26.45,Pennsylvania,Perkiomen,hifld_nearest
6770,40.1914,-75.3545,10,138.0,138.0,False,26.45,Pennsylvania,Dexter Tap,hifld_pool
6771,40.1149,-75.4155,10,138.0,138.0,False,27.04,Pennsylvania,Betzwood,hifld_nearest
6772,40.1535,-75.3469,10,345.0,138.0,False,30.53,Pennsylvania,Okay,hifld_pool
6773,40.2361,-75.2278,10,138.0,138.0,False,27.58,Pennsylvania,Hartman,hifld_nearest
6774,40.2327,-75.2012,10,138.0,138.0,False,39.86,Pennsylvania,Ramos,hifld_pool
6775,40.282,-75.2832,10,138.0,138.0,False,16.65,Pennsylvania,Racer,hifld_pool
6776,40.2663,-75.226,10,138.0,138.0,False,29.24,Pennsylvania,Jack Creek,hifld_pool
6777,40.3578,-75.4972,10,138.0,138.0,False,11.87,Pennsylvania,Encinitas,hifld_pool
6778,40.0921,-75.1842,10,138.0,138.0,False,28.73,Pennsylvania,Papago Buttes,hifld_pool
6779,40.0945,-75.218,10,138.0,138.0,False,35.51,Pennsylvania,Technical Ecological S. R. Research Center,hifld_pool
6780,40.1193,-75.2641,10,138.0,138.0,False,12.19,Pennsylvania,Elks,hifld_pool
6781,40.1843,-75.2396,10,138.0,138.0,False,11.68,Pennsylvania,Anthony,hifld_pool
6782,40.1217,-75.3012,10,138.0,138.0,False,15.54,Pennsylvania,Plymouth Meeting,hifld_nearest
6783,40.2001,-75.53,10,138.0,138.0,False,15.94,Pennsylvania,Upper Providence,hifld_nearest
6784,40.165,-75.4374,10,138.0,138.0,False,15.26,Pennsylvania,Walnut Wind Farm,hifld_pool
6785,40.251,-75.5449,10,138.0,138.0,False,16.17,Pennsylvania,Cibolo Creek,hifld_pool
6786,40.2684,-75.4596,10,138.0,138.0,False,38.32,Pennsylvania,Tompkinsville,hifld_pool
6787,40.9779,-76.8398,10,345.0,1.0,False,27.32,Pennsylvania,Silver Bow,hifld_pool
6788,40.9835,-76.8034,10,138.0,138.0,False,10.9,Pennsylvania,Blue Water,hifld_pool
6789,41.1192,-76.6748,10,138.0,138.0,False,8.02,Pennsylvania,Poncha,hifld_pool
6790,41.2016,-76.8378,10,138.0,138.0,False,9.31,Pennsylvania,Panda Patriot Generation Plant,hifld_nearest
6791,40.8214,-75.2126,10,138.0,138.0,False,21.83,Pennsylvania,Waldrip,hifld_pool
6792,40.7688,-75.2338,10,138.0,138.0,False,15.78,Pennsylvania,Border Steel,hifld_pool
6793,40.8704,-75.1935,10,138.0,138.0,False,21.11,Pennsylvania,Rolling Hills,hifld_pool
6794,40.7693,-75.3577,10,138.0,138.0,False,9.92,Pennsylvania,Pilgrim,hifld_pool
6795,40.7182,-75.3737,10,138.0,138.0,False,9.07,Pennsylvania,Pomaria,hifld_pool
6796,40.7496,-75.4245,10,138.0,138.0,False,11.73,Pennsylvania,Niceville,hifld_pool
6797,40.6586,-75.3713,10,138.0,138.0,False,12.22,Pennsylvania,Wild Rose,hifld_pool
6798,40.7013,-75.2582,10,138.0,138.0,False,12.65,Pennsylvania,High Bridge,hifld_pool
6799,40.6994,-75.0909,10,138.0,138.0,False,24.84,Pennsylvania,Verde Creek,hifld_pool
6800,40.6745,-75.2015,10,138.0,138.0,False,34.24,Pennsylvania,Glendon,hifld_nearest
6801,40.6362,-75.2443,10,138.0,138.0,False,49.06,Pennsylvania,Catrons Creek,hifld_pool
6802,40.6803,-75.2841,10,138.0,138.0,False,24.84,Pennsylvania,Shoreline,hifld_pool
6803,40.8324,-75.2592,10,138.0,138.0,False,14.13,Pennsylvania,Hubbard,hifld_pool
6804,40.7672,-75.1928,10,138.0,138.0,False,11.63,Pennsylvania,Cimarron River,hifld_pool
6805,40.7594,-75.2757,10,138.0,138.0,False,15.77,Pennsylvania,Belfast,hifld_nearest
6806,40.6577,-75.2669,10,138.0,138.0,False,27.99,Pennsylvania,Holmes,hifld_pool
6807,40.696,-75.2858,10,138.0,138.0,False,15.77,Pennsylvania,Kirkwall,hifld_pool
6808,40.6439,-75.2921,10,138.0,138.0,False,15.77,Pennsylvania,San Andreas,hifld_pool
6809,40.9176,-75.0859,10,138.0,138.0,False,7.31,Pennsylvania,Lexington,hifld_pool
6810,40.8332,-75.0498,10,138.0,138.0,False,3.17,Pennsylvania,Fargo 2,hifld_pool
6811,40.8597,-75.2832,10,138.0,138.0,False,19.62,Pennsylvania,Sierra Pacific Lumber,hifld_pool
6812,40.7411,-75.3175,10,345.0,138.0,False,29.66,Pennsylvania,Barnham,hifld_pool
6813,40.8497,-75.3964,10,138.0,138.0,False,10.67,Pennsylvania,Spring Creek,hifld_pool
6814,40.6127,-75.412,10,138.0,138.0,False,13.78,Pennsylvania,Santa Isabel,hifld_pool
6815,40.8277,-75.4126,10,138.0,138.0,False,15.39,Pennsylvania,New Orleans,hifld_pool
6816,40.7041,-75.495,10,138.0,138.0,False,11.64,Pennsylvania,Sno-King,hifld_pool
6817,40.8282,-75.5148,10,138.0,138.0,False,9.13,Pennsylvania,Gold River,hifld_pool
6818,40.7388,-75.5694,10,138.0,138.0,False,13.6,Pennsylvania,Country Club,hifld_pool
6819,40.7756,-76.5482,10,138.0,138.0,False,9.09,Pennsylvania,Oakley,hifld_pool
6820,40.8589,-76.6243,10,138.0,138.0,False,11.04,Pennsylvania,Evergreen Tap 2,hifld_pool
6821,40.6857,-76.5794,10,138.0,138.0,False,13.32,Pennsylvania,Rosita Creek,hifld_pool
6822,40.7989,-76.5063,10,138.0,138.0,False,9.09,Pennsylvania,Century,hifld_pool
6823,40.772,-76.4468,10,138.0,138.0,False,8.11,Pennsylvania,Fox Creek,hifld_pool
6824,40.7539,-76.4973,10,138.0,138.0,False,8.19,Pennsylvania,Barrick,hifld_pool
6825,40.9321,-76.7146,10,138.0,138.0,False,6.89,Pennsylvania,Pine Tree Acres Wm Lfgte,hifld_pool
6826,41.0073,-76.6978,10,138.0,138.0,False,8.73,Pennsylvania,Lena,hifld_pool
6827,40.7909,-76.7592,10,138.0,138.0,False,10.49,Pennsylvania,Fillmore,hifld_pool
6828,40.7282,-76.6872,10,138.0,138.0,False,22.32,Pennsylvania,Marsh Run Ct,hifld_pool
6829,40.8167,-76.7151,10,138.0,138.0,False,9.96,Pennsylvania,Newdale,hifld_pool
6830,40.852,-76.7502,10,138.0,138.0,False,23.87,Pennsylvania,Dilley Switching,hifld_pool
6831,40.801,-76.8057,10,138.0,138.0,False,10.98,Pennsylvania,Anheuser-Busch,hifld_pool
6832,40.4281,-77.3547,10,138.0,138.0,False,5.01,Pennsylvania,George Johnson,hifld_pool
6833,40.3921,-77.4814,10,138.0,138.0,False,4.02,Pennsylvania,Hazelton,hifld_pool
6834,40.5321,-77.1959,10,138.0,138.0,False,11.67,Pennsylvania,Turkey Ford,hifld_pool
6835,40.3735,-77.2105,10,138.0,138.0,False,6.85,Pennsylvania,Carcel Guayama,hifld_pool
6836,40.4031,-77.1646,10,138.0,138.0,False,5.96,Pennsylvania,Juniata,hifld_nearest
6837,40.5607,-77.1529,10,138.0,138.0,False,8.629999999999999,Pennsylvania,San Lorenzo,hifld_pool
6838,40.4602,-77.0957,10,138.0,138.0,False,5.96,Pennsylvania,Cully,hifld_pool
6839,40.323,-77.1406,10,138.0,138.0,False,8.32,Pennsylvania,Lake Road Mo,hifld_pool
6840,40.3313,-77.2716,10,138.0,138.0,False,5.66,Pennsylvania,Nashville,hifld_pool
6841,40.1356,-74.9992,10,138.0,138.0,False,54.41,Pennsylvania,Apollo,hifld_pool
6842,40.1834,-74.8854,10,138.0,138.0,False,30.7,Pennsylvania,Woodbourne,hifld_nearest
6843,40.0646,-75.016,10,138.0,138.0,False,38.55,Pennsylvania,Skyline,hifld_pool
6844,40.1176,-74.9866,10,138.0,138.0,False,20.43,Pennsylvania,West Frankfort,hifld_pool
6845,40.0191,-75.0227,10,138.0,138.0,False,18.47,Pennsylvania,Baird,hifld_pool
6846,40.0842,-74.9948,10,138.0,138.0,False,19.78,Pennsylvania,Thornhill,hifld_pool
6847,40.0683,-75.04,10,138.0,138.0,False,38.25,Pennsylvania,Bluegrass,hifld_nearest
6848,40.1063,-74.9608,10,138.0,138.0,False,19.78,Pennsylvania,Fort Nelson,hifld_pool
6849,39.951,-75.0233,10,138.0,138.0,False,24.29,Pennsylvania,Indego,hifld_pool
6850,39.9975,-75.0441,10,138.0,138.0,False,44.06,Pennsylvania,Swift,hifld_pool
6851,40.0258,-74.9615,10,138.0,138.0,False,24.29,Pennsylvania,West Jax,hifld_pool
6852,40.0034,-74.9926,10,138.0,138.0,False,31.17,Pennsylvania,Palm Village,hifld_pool
6853,40.0903,-75.0628,10,138.0,138.0,False,25.15,Pennsylvania,Sandstone Rapids Hy,hifld_pool
6854,39.9933,-75.065,10,138.0,138.0,False,19.84,Pennsylvania,Richmond Generating Station,hifld_nearest
6855,40.1004,-75.0828,10,138.0,138.0,False,38.31,Pennsylvania,Dike,hifld_pool
6856,40.086,-75.042,10,138.0,138.0,False,25.21,Pennsylvania,Dowell,hifld_pool
6857,40.0762,-75.0507,10,138.0,138.0,False,19.89,Pennsylvania,Laurel Wind Farm,hifld_pool
6858,40.0393,-75.0145,10,138.0,138.0,False,19.89,Pennsylvania,Virginia Key,hifld_pool
6859,40.0845,-75.0927,10,138.0,138.0,False,19.77,Pennsylvania,Windy Gap,hifld_pool
6860,40.1019,-75.0624,10,138.0,138.0,False,41.81,Pennsylvania,E Batavia,hifld_pool
6861,40.0139,-74.9654,10,138.0,138.0,False,26.29,Pennsylvania,South Gorham,hifld_pool
6862,39.9523,-75.1183,10,138.0,138.0,False,42.98,Pennsylvania,Delaware,hifld_nearest
6863,40.0284,-75.1458,10,138.0,138.0,False,41.87,Pennsylvania,Duson,hifld_pool
6864,39.9533,-75.035,10,138.0,138.0,False,46.19,Pennsylvania,Squaw Valley,hifld_pool
6865,40.0432,-75.0568,10,138.0,138.0,False,26.29,Pennsylvania,Meyer,hifld_pool
6866,40.129,-75.0099,10,138.0,138.0,False,30.16,Pennsylvania,Byberry,hifld_nearest
6867,40.0518,-75.0003,10,138.0,138.0,False,30.16,Pennsylvania,Miramar,hifld_pool
6868,40.1696,-75.0172,10,138.0,138.0,False,50.0,Pennsylvania,Tolson Solar,hifld_pool
6869,40.1192,-75.0289,10,138.0,138.0,False,42.96,Pennsylvania,Sandy Run,hifld_pool
6870,40.0583,-74.9972,10,138.0,138.0,False,51.66,Pennsylvania,North Wayne,hifld_pool
6871,40.0572,-75.1514,10,138.0,138.0,False,71.08,Pennsylvania,Sargent,hifld_pool
6872,39.9942,-75.0245,10,138.0,138.0,False,51.65,Pennsylvania,Owens Illinois,hifld_pool
6873,40.0307,-75.0517,10,138.0,138.0,False,62.04,Pennsylvania,Wekiwa,hifld_pool
6874,40.0728,-75.0913,10,138.0,138.0,False,31.88,Pennsylvania,Catoosa,hifld_pool
6875,39.9674,-75.1728,10,138.0,138.0,False,66.45,Pennsylvania,Fitzgerald,hifld_pool
6876,39.9747,-75.0536,10,138.0,138.0,False,51.54,Pennsylvania,Camden,hifld_nearest
6877,39.9394,-75.0133,10,138.0,138.0,False,29.0,Pennsylvania,Adair,hifld_pool
6878,39.9488,-75.1056,10,138.0,138.0,False,53.41,Pennsylvania,Ottawa,hifld_pool
6879,39.9595,-75.1444,10,138.0,138.0,False,29.01,Pennsylvania,Cascade,hifld_pool
6880,40.0488,-75.1499,10,138.0,138.0,False,43.95,Pennsylvania,Morgan Community Solar,hifld_pool
6881,40.0374,-75.1041,10,138.0,138.0,False,41.97,Pennsylvania,Crescentville,hifld_nearest
6882,40.0526,-75.1707,10,138.0,138.0,False,32.55,Pennsylvania,Mint Farm,hifld_pool
6883,40.034,-75.0822,10,138.0,138.0,False,41.99,Pennsylvania,Burholme,hifld_nearest
6884,40.0216,-75.1655,10,138.0,138.0,False,32.55,Pennsylvania,Monroe Mo,hifld_pool
6885,39.9133,-75.1439,10,138.0,138.0,False,23.07,Pennsylvania,Southwark,hifld_nearest
6886,39.9702,-75.1591,10,138.0,1.0,False,35.4,Pennsylvania,Bell Shoals,hifld_pool
6887,40.0849,-75.1178,10,138.0,138.0,False,15.57,Pennsylvania,Freewater,hifld_pool
6888,39.8646,-75.1531,10,138.0,138.0,False,18.74,Pennsylvania,Eagle Point Power Generation,hifld_nearest
6889,40.0057,-75.0769,10,138.0,138.0,False,32.76,Pennsylvania,Bamber Valley,hifld_pool
6890,40.0144,-75.27,10,138.0,138.0,False,46.94,Pennsylvania,Cooley Landing,hifld_pool
6891,39.9169,-75.0603,10,138.0,138.0,False,25.88,Pennsylvania,Cuthbert,hifld_nearest
6892,39.9648,-75.0598,10,138.0,138.0,False,32.76,Pennsylvania,Riggsville,hifld_pool
6893,39.9649,-75.0971,10,138.0,138.0,False,25.88,Pennsylvania,Tuna,hifld_nearest
6894,40.0032,-75.134,10,138.0,138.0,False,54.57,Pennsylvania,Jones Fork,hifld_pool
6895,40.1122,-75.1388,10,138.0,138.0,False,24.37,Pennsylvania,Jenkintown,hifld_nearest
6896,40.0625,-75.0962,10,138.0,138.0,False,30.6,Pennsylvania,Pw Pipe,hifld_pool
6897,39.9462,-75.1885,10,138.0,138.0,False,24.79,Pennsylvania,Schuylkill,hifld_nearest
6898,39.932,-75.167,10,138.0,138.0,False,23.77,Pennsylvania,Don,hifld_pool
6899,39.923,-75.0951,10,138.0,138.0,False,23.87,Pennsylvania,Woodlynne,hifld_nearest
6900,39.8246,-75.1306,10,138.0,138.0,False,23.77,Pennsylvania,Milagro Cogeneration,hifld_pool
6901,39.9318,-75.1052,10,138.0,138.0,False,23.77,Pennsylvania,Cosmar,hifld_pool
6902,39.9177,-75.1831,10,138.0,138.0,False,27.52,Pennsylvania,Passyunk,hifld_nearest
6903,39.8127,-75.0807,10,138.0,138.0,False,21.65,Pennsylvania,Clayton,hifld_pool
6904,39.9861,-75.0971,10,138.0,138.0,False,47.67,Pennsylvania,Mcwilliams,hifld_pool
6905,39.8998,-75.1464,10,138.0,138.0,False,21.65,Pennsylvania,Fox Lake,hifld_pool
6906,39.893,-75.1572,10,138.0,138.0,False,21.65,Pennsylvania,Rudd,hifld_pool
6907,40.0039,-75.2036,10,138.0,138.0,False,19.28,Pennsylvania,Taft Cogeneration Facility,hifld_pool
6908,40.0721,-75.1689,10,138.0,138.0,False,24.06,Pennsylvania,Oneta Energy Center,hifld_pool
6909,40.1215,-75.1831,10,138.0,138.0,False,19.28,Pennsylvania,Pinedale,hifld_pool
6910,39.9612,-75.0791,10,138.0,138.0,False,35.39,Pennsylvania,Saxon Pump,hifld_pool
6911,39.8343,-75.2782,10,138.0,138.0,False,24.93,Pennsylvania,New Hogan,hifld_pool
6912,39.9593,-75.1559,10,138.0,138.0,False,31.64,Pennsylvania,Callowhill,hifld_nearest
6913,40.1514,-75.2103,10,138.0,138.0,False,25.89,Pennsylvania,Castaic,hifld_pool
6914,40.0857,-75.1634,10,138.0,138.0,False,25.89,Pennsylvania,Leidesdorff-Coloma,hifld_pool
6915,40.0559,-75.1222,10,138.0,138.0,False,25.89,Pennsylvania,Bullmoose,hifld_pool
6916,40.0099,-75.1792,10,138.0,138.0,False,13.09,Pennsylvania,Westmoreland,hifld_nearest
6917,39.9011,-75.2455,10,138.0,138.0,False,14.86,Pennsylvania,Island Road,hifld_nearest
6918,39.8559,-75.1175,10,138.0,138.0,False,14.86,Pennsylvania,Zumbro Falls,hifld_pool
6919,39.9527,-75.2376,10,138.0,138.0,False,53.52,Pennsylvania,Angora,hifld_nearest
6920,40.028,-75.1323,10,138.0,138.0,False,35.82,Pennsylvania,Tabor,hifld_nearest
6921,39.9822,-75.1787,10,138.0,138.0,False,31.27,Pennsylvania,Master,hifld_nearest
6922,39.815,-75.209,10,138.0,138.0,False,20.99,Pennsylvania,Jefferson Tap,hifld_pool
6923,39.931,-75.2001,10,138.0,138.0,False,34.07,Pennsylvania,Greys Ferry,hifld_nearest
6924,40.0171,-75.215,10,138.0,138.0,False,25.57,Pennsylvania,Reclaim,hifld_pool
6925,40.0738,-75.2064,10,138.0,138.0,False,22.01,Pennsylvania,El Porta,hifld_pool
6926,40.1222,-75.1524,10,138.0,138.0,False,32.18,Pennsylvania,Wakarusa,hifld_pool
6927,39.9363,-75.2509,10,138.0,138.0,False,46.9,Pennsylvania,North Gate Riverside Alte,hifld_pool
6928,39.88,-75.198,10,138.0,138.0,False,32.36,Pennsylvania,Municipal Light,hifld_pool
6929,39.9136,-75.2195,10,138.0,138.0,False,43.57,Pennsylvania,Dahlberg,hifld_pool
6930,39.8943,-75.2059,10,138.0,138.0,False,78.28,Pennsylvania,Penrose,hifld_nearest
6931,39.8304,-75.1566,10,138.0,138.0,False,37.85,Pennsylvania,Thorofare,hifld_nearest
6932,40.0261,-75.119,10,138.0,138.0,False,73.4,Pennsylvania,Warren,hifld_pool
6933,40.0573,-75.1365,10,138.0,138.0,False,69.94,Pennsylvania,Wheatland Station,hifld_pool
6934,39.9995,-75.1611,10,138.0,138.0,False,43.51,Pennsylvania,North Philadelphia,hifld_nearest
6935,39.9142,-75.2769,10,138.0,138.0,False,41.95,Pennsylvania,Gibsonton,hifld_pool
6936,40.068,-75.2926,10,138.0,1.0,False,29.88,Pennsylvania,Robbie,hifld_pool
6937,40.1031,-75.2413,10,138.0,138.0,False,65.47,Pennsylvania,Vero Beach,hifld_pool
6938,39.9931,-75.2264,10,138.0,138.0,False,64.2,Pennsylvania,Bala,hifld_nearest
6939,39.9184,-75.2453,10,138.0,138.0,False,48.68,Pennsylvania,Bemidji,hifld_pool
6940,39.97,-75.2355,10,138.0,138.0,False,43.17,Pennsylvania,Hunt,hifld_pool
6941,39.8783,-75.2157,10,138.0,138.0,False,38.6,Pennsylvania,Perry Street,hifld_pool
6942,39.9161,-75.1705,10,138.0,138.0,False,45.86,Pennsylvania,Saragosa,hifld_pool
6943,39.9149,-75.1996,10,138.0,138.0,False,31.0,Pennsylvania,Morgan,hifld_pool
6944,40.0542,-75.2053,10,138.0,138.0,False,25.77,Pennsylvania,Indian Springs,hifld_pool
6945,40.1594,-75.2108,10,138.0,138.0,False,48.99,Pennsylvania,Santa Ana 3,hifld_pool
6946,39.938,-75.2066,10,138.0,138.0,False,37.27,Pennsylvania,Tunnel,hifld_nearest
6947,39.875,-75.2721,10,138.0,138.0,False,24.66,Pennsylvania,Annacis Island,hifld_pool
6948,39.9106,-75.3356,10,138.0,138.0,False,36.65,Pennsylvania,Morton,hifld_nearest
6949,39.9209,-75.2668,10,138.0,138.0,False,24.66,Pennsylvania,Clinton Battery,hifld_pool
6950,39.8631,-75.2493,10,138.0,138.0,False,14.47,Pennsylvania,Majestic,hifld_pool
6951,39.9438,-75.1529,10,138.0,138.0,False,17.68,Pennsylvania,Waverly,hifld_nearest
6952,40.0215,-75.2464,10,138.0,138.0,False,28.29,Pennsylvania,Scyene Rd Tap,hifld_pool
6953,39.9931,-75.306,10,138.0,138.0,False,43.31,Pennsylvania,Warner,hifld_pool
6954,39.9867,-75.206,10,138.0,138.0,False,27.21,Pennsylvania,Seminoe,hifld_pool
6955,41.469,-75.0317,10,138.0,138.0,False,8.78,Pennsylvania,North Proctorville,hifld_pool
6956,41.6062,-75.1496,10,138.0,138.0,False,5.14,Pennsylvania,St. John,hifld_pool
6957,41.1875,-74.9262,10,138.0,138.0,False,6.18,Pennsylvania,St Francis Energy Facility,hifld_pool
6958,41.2578,-75.0222,10,138.0,138.0,False,6.78,Pennsylvania,Denver Terminal,hifld_pool
6959,41.3081,-75.3455,10,138.0,138.0,False,6.39,Pennsylvania,Sheldon Springs Hydroelectric,hifld_pool
6960,41.2827,-75.2631,10,138.0,138.0,False,9.76,Pennsylvania,Watercure,hifld_pool
6961,41.3899,-75.1979,10,138.0,138.0,False,14.21,Pennsylvania,Blooming Grove,hifld_nearest
6962,41.4283,-75.173,10,138.0,138.0,False,13.53,Pennsylvania,Brandford Rr,hifld_pool
6963,41.3574,-75.0688,10,138.0,138.0,False,11.15,Pennsylvania,Monrovia,hifld_pool
6965,41.2157,-74.7822,10,138.0,138.0,False,3.25,Pennsylvania,Ward,hifld_pool
6966,41.3604,-74.6356,10,138.0,138.0,True,0.0,Pennsylvania,Duncanville,hifld_pool
6967,41.2657,-74.8302,10,138.0,138.0,False,11.61,Pennsylvania,Putnam Pike,hifld_pool
6968,41.3809,-74.8674,10,345.0,138.0,False,16.55,Pennsylvania,Nesbit,hifld_pool
6969,41.3218,-74.9237,10,138.0,138.0,False,11.61,Pennsylvania,Paragould Reciprocating,hifld_pool
6970,41.4704,-74.8893,10,138.0,138.0,True,2.54,Pennsylvania,Vale,hifld_pool
6971,40.8013,-76.2016,10,138.0,138.0,False,10.57,Pennsylvania,John B Rich Memorial Power Station,hifld_nearest
6972,40.8735,-76.1241,10,138.0,138.0,False,9.72,Pennsylvania,Elephant Butte,hifld_pool
6973,40.6201,-76.5014,10,138.0,138.0,False,6.99,Pennsylvania,West Jordan,hifld_pool
6974,40.8417,-76.0248,10,138.0,138.0,False,11.13,Pennsylvania,Shelline,hifld_pool
6975,40.6737,-76.281,10,138.0,138.0,False,8.88,Pennsylvania,Noxon,hifld_pool
6976,40.7438,-75.9177,10,138.0,138.0,False,7.2,Pennsylvania,Mesquite,hifld_pool
6977,40.6369,-76.0182,10,138.0,138.0,False,6.06,Pennsylvania,Compo,hifld_pool
6978,40.6024,-76.0932,10,138.0,138.0,False,13.6,Pennsylvania,Asbury,hifld_pool
6979,40.6769,-76.0557,10,138.0,138.0,False,12.29,Pennsylvania,Quindaro,hifld_pool
6980,40.7171,-76.2454,10,138.0,138.0,False,14.79,Pennsylvania,Comerford,hifld_pool
6981,40.7655,-76.2208,10,138.0,138.0,False,26.23,Pennsylvania,Frackville,hifld_nearest
6982,40.7039,-76.3226,10,138.0,138.0,False,14.9,Pennsylvania,Quartz Creek,hifld_pool
6983,40.5832,-76.3136,10,138.0,138.0,False,17.36,Pennsylvania,Gaston Rd,hifld_pool
6984,40.7575,-76.1196,10,138.0,138.0,False,10.54,Pennsylvania,Rio Verde,hifld_pool
6985,40.5666,-76.1937,10,138.0,138.0,False,16.87,Pennsylvania,Proctor Valley,hifld_pool
6986,40.4983,-76.1618,10,138.0,138.0,False,9.56,Pennsylvania,Block Island,hifld_pool
6987,40.6423,-76.3148,10,138.0,138.0,False,16.88,Pennsylvania,Epsy,hifld_pool
6988,40.8381,-76.1948,10,138.0,138.0,False,12.98,Pennsylvania,Marengo-Sprr,hifld_pool
6989,40.8447,-76.2555,10,138.0,138.0,False,16.25,Pennsylvania,Locust Ridge Ii Llc,hifld_nearest
6990,40.7245,-75.9667,10,138.0,1.0,False,13.26,Pennsylvania,Yelm Pp,hifld_pool
6991,40.8371,-75.9726,10,138.0,1.0,False,8.91,Pennsylvania,Sunol,hifld_pool
6992,40.8187,-75.9226,10,138.0,138.0,False,10.73,Pennsylvania,Eau Gallie,hifld_pool
6993,40.8482,-77.1074,10,138.0,138.0,False,9.79,Pennsylvania,Camgen,hifld_pool
6994,40.8227,-77.0714,10,138.0,138.0,False,7.38,Pennsylvania,Brier,hifld_pool
6995,40.7762,-76.9446,10,138.0,138.0,False,12.66,Pennsylvania,Crockett,hifld_pool
6996,40.7977,-76.8998,10,138.0,138.0,False,12.61,Pennsylvania,Little Goose,hifld_pool
6997,40.7799,-76.9088,10,138.0,138.0,False,15.1,Pennsylvania,Placer,hifld_pool
6998,40.8556,-76.9459,10,138.0,138.0,False,17.79,Pennsylvania,North Slidell,hifld_pool
6999,41.4757,-76.6052,10,138.0,138.0,False,5.52,Pennsylvania,Hamilton,hifld_pool
7000,41.4985,-76.4861,10,138.0,138.0,False,8.85,Pennsylvania,Rolling,hifld_pool
7001,41.9692,-76.006,10,138.0,138.0,False,7.88,Pennsylvania,Wheelabrator Millbury Facility,hifld_pool
7003,41.9685,-75.8039,10,138.0,138.0,False,2.9,Pennsylvania,Avenue N,hifld_pool
7004,41.996,-75.7172,10,138.0,138.0,False,5.66,Pennsylvania,Applegate,hifld_pool
7005,41.5731,-76.0363,10,138.0,138.0,False,9.99,Pennsylvania,Procter & Gamble Mehoopany Mill,hifld_nearest
7006,41.754,-75.9804,10,138.0,138.0,False,8.4,Pennsylvania,Kokomo Highland Park,hifld_pool
7007,41.8785,-75.9194,10,138.0,138.0,False,6.81,Pennsylvania,Fayette,hifld_pool
7008,41.8282,-75.9688,10,345.0,138.0,False,8.16,Pennsylvania,John Hart,hifld_pool
7009,41.7833,-75.7202,10,138.0,138.0,False,12.72,Pennsylvania,Green Valley,hifld_pool
7010,41.9973,-75.5433,10,138.0,138.0,False,4.8,Pennsylvania,Lambie,hifld_pool
7011,41.8487,-75.5916,10,345.0,138.0,False,6.75,Pennsylvania,Sub 7011,hifld_pool
7012,41.9206,-75.6132,10,138.0,138.0,False,4.88,Pennsylvania,Milliken,hifld_pool
7013,42.0211,-77.2812,10,138.0,138.0,True,5.72,Pennsylvania,Unisource Golden Valley,hifld_pool
7014,41.9037,-77.291,10,138.0,138.0,False,7.06,Pennsylvania,North Alvin,hifld_pool
7015,41.9799,-77.4051,10,138.0,138.0,False,4.66,Pennsylvania,Silver,hifld_pool
7016,41.957,-77.1502,10,138.0,138.0,False,3.94,Pennsylvania,Holbrook,hifld_pool
7017,41.7375,-76.9776,10,138.0,138.0,False,7.7,Pennsylvania,Metro,hifld_pool
7018,41.754,-77.08,10,138.0,138.0,False,7.38,Pennsylvania,Standard Oil 3,hifld_pool
7019,41.8336,-77.081,10,138.0,138.0,False,11.09,Pennsylvania,Lane,hifld_pool
7020,41.6515,-77.3561,10,138.0,138.0,False,10.0,Pennsylvania,Stuart,hifld_pool
7021,41.711,-77.2462,10,138.0,138.0,False,17.62,Pennsylvania,Zenith,hifld_pool
7022,41.0307,-76.9214,10,138.0,138.0,False,14.72,Pennsylvania,Shell Chemical,hifld_pool
7023,40.8916,-76.9553,10,138.0,138.0,False,12.63,Pennsylvania,Woodleaf,hifld_pool
7024,40.9585,-76.9206,10,138.0,138.0,False,14.81,Pennsylvania,Dawson Creek,hifld_pool
7025,41.0042,-76.8708,10,138.0,138.0,False,18.88,Pennsylvania,Yabucoa Pueblo 2901,hifld_pool
7026,40.9418,-77.0654,10,138.0,138.0,False,8.17,Pennsylvania,Cucamonga,hifld_pool
7027,40.9702,-77.1011,10,345.0,1.0,False,16.06,Pennsylvania,West Gilman Road,hifld_pool
7028,40.8307,-77.2395,10,138.0,138.0,False,6.22,Pennsylvania,Andrew York &,hifld_pool
7029,41.0797,-76.9566,10,138.0,138.0,False,12.32,Pennsylvania,Kings Fork,hifld_pool
7030,41.7664,-75.1562,10,138.0,138.0,False,5.23,Pennsylvania,Keller,hifld_pool
7031,41.7088,-75.3519,10,138.0,138.0,False,13.18,Pennsylvania,Hickox Pnm,hifld_pool
7032,41.5424,-75.2948,10,138.0,138.0,False,20.58,Pennsylvania,El Casco,hifld_pool
7033,41.902,-75.3248,10,138.0,138.0,False,3.17,Pennsylvania,Fairdale,hifld_pool
7034,41.5739,-75.425,10,138.0,138.0,False,11.68,Pennsylvania,Waymart Wind,hifld_nearest
7035,41.5968,-75.3694,10,138.0,1.0,False,6.39,Pennsylvania,Klondike,hifld_pool
7036,41.5675,-75.2534,10,138.0,138.0,False,5.99,Pennsylvania,Belen,hifld_pool
7037,41.4637,-75.9955,10,138.0,138.0,False,12.57,Pennsylvania,E J West,hifld_pool
7038,41.5457,-75.9648,10,138.0,138.0,False,9.55,Pennsylvania,Chevron Kettleman,hifld_pool
7039,41.4961,-75.9521,10,138.0,138.0,False,9.55,Pennsylvania,Spinning Spur Ii,hifld_pool
7040,39.7859,-76.4337,10,138.0,138.0,False,10.77,Pennsylvania,Apple Valley,hifld_pool
7041,39.9022,-76.7047,10,138.0,138.0,False,8.68,Pennsylvania,Arpin Dam,hifld_pool
7042,39.7702,-76.303,10,138.0,138.0,False,10.53,Pennsylvania,Ripon Ind Park,hifld_pool
7043,39.7975,-76.2791,10,138.0,138.0,False,11.49,Pennsylvania,Muddy Run,hifld_nearest
7044,39.9605,-76.8721,10,138.0,138.0,False,18.5,Pennsylvania,Mason St,hifld_pool
7045,40.0521,-76.8675,10,138.0,138.0,False,22.92,Pennsylvania,East Broad,hifld_pool
7046,40.063,-76.8383,10,138.0,138.0,False,15.39,Pennsylvania,12Th Avenue,hifld_pool
7047,40.026,-76.8493,10,138.0,138.0,False,19.92,Pennsylvania,Illinois 4,hifld_pool
7048,40.1159,-76.789,10,138.0,138.0,False,8.3,Pennsylvania,Seely,hifld_pool
7049,40.0992,-76.859,10,138.0,138.0,False,8.3,Pennsylvania,Brandow,hifld_pool
7050,40.1242,-76.8605,10,138.0,138.0,False,8.3,Pennsylvania,Nolensville,hifld_pool
7051,39.778,-76.4843,10,138.0,138.0,False,6.57,Pennsylvania,Vernal,hifld_pool
7052,39.7108,-76.6296,10,138.0,138.0,False,6.03,Pennsylvania,Equestrian,hifld_pool
7053,39.8445,-76.8637,10,138.0,138.0,False,13.11,Pennsylvania,Forman,hifld_pool
7054,39.6526,-76.9009,10,138.0,138.0,False,1.99,Pennsylvania,Culberson,hifld_pool
7055,40.0013,-76.7469,10,138.0,138.0,False,6.39,Pennsylvania,Martin Creek,hifld_pool
7056,40.0774,-76.7852,10,138.0,138.0,False,6.12,Pennsylvania,La Muda 1343,hifld_pool
7057,40.0552,-76.6471,10,138.0,138.0,False,10.16,Pennsylvania,Lancaster County Resource Recovery,hifld_nearest
7058,39.7305,-76.6899,10,138.0,138.0,False,6.24,Pennsylvania,Twisp,hifld_pool
7059,39.6273,-76.5985,10,138.0,138.0,False,6.03,Pennsylvania,Osceola Solar Facility,hifld_pool
7060,39.6078,-76.6785,10,138.0,138.0,False,6.03,Pennsylvania,East Knoxville,hifld_pool
7061,39.8852,-76.5725,10,138.0,138.0,False,29.35,Pennsylvania,Highlands Park,hifld_pool
7062,39.9098,-76.5465,10,138.0,138.0,False,24.17,Pennsylvania,Milford Depot,hifld_pool
7063,39.9457,-76.6274,10,138.0,138.0,False,12.91,Pennsylvania,Massachusetts Street,hifld_pool
7064,39.885,-76.4988,10,138.0,138.0,False,18.69,Pennsylvania,Otter Creek,hifld_nearest
7065,39.7554,-76.7648,10,138.0,138.0,False,5.33,Pennsylvania,Comanche,hifld_pool
7066,39.7909,-76.6121,10,138.0,138.0,False,4.63,Pennsylvania,Piedmont Green Power,hifld_pool
7067,39.8722,-76.8553,10,138.0,138.0,False,17.01,Pennsylvania,P H Glatfelter,hifld_nearest
7068,39.9322,-76.9722,10,138.0,138.0,False,17.26,Pennsylvania,Casky,hifld_pool
7069,39.7585,-76.5604,10,138.0,138.0,False,7.5,Pennsylvania,Joppa Station,hifld_pool
7070,39.8025,-76.6678,10,138.0,138.0,False,20.03,Pennsylvania,Wray,hifld_pool
7071,39.7432,-76.634,10,138.0,138.0,False,7.5,Pennsylvania,Channing,hifld_pool
7072,39.9596,-76.4924,10,138.0,138.0,False,5.99,Pennsylvania,Eight Mile Creek,hifld_pool
7073,40.0095,-76.6079,10,138.0,138.0,False,13.87,Pennsylvania,Sheldon,hifld_pool
7074,39.9829,-76.6925,10,138.0,138.0,False,13.24,Pennsylvania,York Generation Company Llc,hifld_nearest
7075,40.0038,-76.5582,10,138.0,138.0,False,19.07,Pennsylvania,Holladay,hifld_pool
7076,39.9608,-76.6394,10,138.0,138.0,False,21.92,Pennsylvania,Northfield,hifld_pool
7077,39.9324,-76.7217,10,138.0,138.0,False,21.73,Pennsylvania,Rancho Carmel,hifld_pool
7078,39.9474,-76.6883,10,138.0,138.0,False,21.73,Pennsylvania,Blair,hifld_pool
7079,40.0085,-76.6508,10,138.0,138.0,False,49.56,Pennsylvania,Purdue Northwest,hifld_pool
7080,39.9001,-76.6458,10,138.0,138.0,False,23.93,Pennsylvania,Hinton,hifld_pool
7081,39.9301,-76.7376,10,138.0,138.0,False,23.33,Pennsylvania,Wautoma,hifld_pool
7082,39.827,-76.7266,10,138.0,138.0,False,36.84,Pennsylvania,Oreana,hifld_pool
7083,39.92,-76.7251,10,345.0,138.0,False,25.2,Pennsylvania,Lincoln Beach,hifld_pool
7084,39.8976,-76.623,10,138.0,138.0,False,12.44,Pennsylvania,Gentleman,hifld_pool
7085,39.8498,-76.7163,10,138.0,138.0,False,15.29,Pennsylvania,West Phoenix,hifld_pool
7086,39.9546,-76.7307,10,138.0,138.0,False,10.57,Pennsylvania,Invermere,hifld_pool
7087,40.0431,-76.7764,10,138.0,138.0,False,21.22,Pennsylvania,Minnesota River,hifld_pool
7088,40.0493,-76.8084,10,345.0,1.0,False,21.22,Pennsylvania,Northern Hills,hifld_pool
7089,40.0701,-76.7376,10,138.0,138.0,False,21.22,Pennsylvania,Stadium,hifld_pool
7090,39.9738,-76.6237,10,345.0,138.0,False,35.86,Pennsylvania,Yorkana,hifld_nearest
7091,39.8805,-76.8134,10,138.0,138.0,False,14.26,Pennsylvania,Trinity Bay,hifld_pool
7092,39.9203,-76.7701,10,138.0,138.0,False,18.17,Pennsylvania,Newberry Vlg,hifld_pool
7093,39.9372,-76.7902,10,138.0,138.0,False,13.45,Pennsylvania,Kenneth Ford,hifld_pool
7094,39.9384,-76.8101,10,138.0,138.0,False,24.02,Pennsylvania,Los Mirasoles,hifld_pool
7095,40.1079,-76.7125,10,138.0,138.0,False,6.49,Pennsylvania,Mohler,hifld_pool
7096,41.4923,-75.5398,10,500.0,20.0,False,0.0,Pennsylvania,Archbald Power Station,hifld_nearest
7097,39.8075,-75.3909,10,138.0,22.0,False,0.0,Pennsylvania,52Nd Street,hifld_pool
7098,40.2018,-74.791,10,138.0,18.0,False,0.0,Pennsylvania,Bluestem,hifld_pool
7099,39.8476,-75.3136,10,138.0,13.8,False,0.0,Pennsylvania,Eddystone,hifld_nearest
7100,40.1211,-77.1999,10,500.0,1.0,False,0.0,Pennsylvania,Mountain,hifld_nearest
7101,40.8319,-76.1554,10,138.0,13.8,False,0.0,Pennsylvania,St Nicholas Cogen Project,hifld_nearest
7102,40.7485,-75.2308,10,138.0,13.2,False,0.0,Pennsylvania,Quincy,hifld_pool
7103,40.0838,-76.7359,10,500.0,1.0,False,0.0,Pennsylvania,Coggon,hifld_pool
7104,41.2147,-76.0804,10,500.0,1.0,False,0.0,Pennsylvania,Cachete 1529,hifld_pool
7105,41.5507,-77.0263,10,500.0,13.8,False,0.0,Pennsylvania,Kalamazoo-San Juan,hifld_pool
7106,40.874,-75.8577,10,138.0,13.8,False,0.0,Pennsylvania,Wesco,hifld_pool
7107,39.989,-75.0532,10,138.0,138.0,False,0.0,Pennsylvania,Hurley Avenue,hifld_pool
7108,39.7442,-76.2793,10,500.0,13.8,False,0.0,Pennsylvania,Peach Bottom,hifld_nearest
7109,41.1085,-76.1722,10,500.0,13.8,False,0.0,Pennsylvania,Yermo,hifld_pool
7110,40.1189,-75.8615,10,138.0,138.0,False,0.0,Pennsylvania,Menger Creek,hifld_pool
7111,40.8005,-75.1011,10,500.0,13.8,False,0.0,Pennsylvania,Michigan Avenue,hifld_pool
7112,40.9467,-76.0217,10,500.0,1.0,False,0.0,Pennsylvania,Talenenergy Martins Creek Llc Harwood,hifld_nearest
7113,41.2847,-75.8274,10,500.0,13.8,False,0.0,Pennsylvania,Jenkins,hifld_nearest
7114,41.085,-76.6643,10,500.0,13.8,False,0.0,Pennsylvania,Montour Station,hifld_nearest
7115,39.907,-76.9909,10,138.0,138.0,False,0.0,Pennsylvania,Hamilton Pa,hifld_nearest
7116,39.8578,-77.1828,10,500.0,13.8,False,0.0,Pennsylvania,Lcec No. 5,hifld_pool
7117,41.7051,-77.1008,10,345.0,138.0,False,0.0,Pennsylvania,Inver Hills,hifld_pool
7118,39.866,-76.3226,10,500.0,138.0,False,0.0,Pennsylvania,Face Rock,hifld_nearest
7119,39.7811,-75.3906,10,138.0,1.0,False,0.0,Pennsylvania,Griswald,hifld_pool
7120,39.9401,-75.1784,10,138.0,138.0,False,0.0,Pennsylvania,Janesville General Sw Yd,hifld_pool
7121,40.6009,-75.4896,10,138.0,18.0,False,0.0,Pennsylvania,Sumner,hifld_nearest
7122,40.2627,-76.85,10,500.0,1.0,False,0.0,Pennsylvania,Talenenergy Martins Creek Llc Harrisburg,hifld_nearest
7123,40.8258,-76.4478,10,500.0,138.0,False,0.0,Pennsylvania,Foster Wheeler Mt Carmel Cogen,hifld_nearest
7124,40.6722,-75.4857,10,500.0,13.8,False,0.0,Pennsylvania,Big Tree,hifld_pool
7125,41.0807,-75.0746,10,138.0,13.8,False,0.0,Pennsylvania,Shawnee,hifld_nearest
7126,40.2306,-75.5708,10,500.0,13.8,False,0.0,Pennsylvania,Limerick 2,hifld_nearest
7127,39.7667,-76.2536,10,500.0,13.8,False,0.0,Pennsylvania,Amps,hifld_pool
7128,39.9366,-75.1608,10,138.0,138.0,False,0.0,Pennsylvania,Garden City,hifld_pool
7129,40.9136,-75.0915,10,500.0,13.8,False,0.0,Pennsylvania,Portland Station,hifld_nearest
7130,41.2683,-77.0241,10,500.0,13.8,False,0.0,Pennsylvania,Talenenergy Martins Creek Llc Williamsport,hifld_nearest
7131,39.7585,-75.4412,10,138.0,13.8,False,0.0,Pennsylvania,Pedricktown,hifld_nearest
7132,39.7466,-76.6185,10,500.0,13.8,False,0.0,Pennsylvania,Plant 31 Paper Mill,hifld_pool
7133,41.5807,-75.4312,10,500.0,13.8,False,0.0,Pennsylvania,Eielson Afb Central Heat & Power Plant,hifld_pool
7134,40.3959,-75.9179,10,500.0,13.8,False,0.0,Pennsylvania,Ontelaunee Energy Center,hifld_nearest
7135,40.8795,-75.9025,10,500.0,13.2,False,0.0,Pennsylvania,Shred,hifld_pool
7136,40.1126,-74.7544,10,500.0,1.0,False,0.0,Pennsylvania,Visalia,hifld_pool
7137,40.8496,-76.0105,10,345.0,138.0,False,0.0,Pennsylvania,Kline Township Cogen Facility,hifld_nearest
7138,40.683,-76.1828,10,345.0,1.0,False,0.0,Pennsylvania,West Lafayette,hifld_pool
7139,39.8336,-76.8572,10,500.0,138.0,False,0.0,Pennsylvania,Northwest Tap,hifld_pool
7140,39.8719,-75.3113,10,138.0,13.8,False,0.0,Pennsylvania,Bucks Creek,hifld_pool
7141,41.7479,-76.8436,10,500.0,13.8,False,0.0,Pennsylvania,Derby,hifld_pool
7142,40.9584,-76.0223,10,138.0,138.0,False,0.0,Pennsylvania,Lyons,hifld_pool
7143,40.1202,-76.7085,10,138.0,138.0,False,0.0,Pennsylvania,Little Mountain,hifld_pool
7144,40.7799,-76.1578,10,500.0,1.0,False,0.0,Pennsylvania,Wheelabrator Frackville Energy,hifld_nearest
7145,40.8353,-76.843,10,500.0,138.0,False,0.0,Pennsylvania,Sunbury,hifld_nearest
7146,40.932,-75.0932,10,138.0,13.8,False,0.0,Pennsylvania,Peno Creek,hifld_pool
7147,39.9582,-75.203,10,138.0,138.0,False,0.0,Pennsylvania,Parrish,hifld_nearest
7148,39.9842,-76.7118,10,138.0,13.8,False,0.0,Pennsylvania,York County Resource Recovery,hifld_nearest
7149,40.6261,-75.3083,10,500.0,1.0,False,0.0,Pennsylvania,Steel City,hifld_nearest
7150,40.8055,-76.2009,10,138.0,138.0,False,0.0,Pennsylvania,Edens Ridge,hifld_pool
7151,41.3834,-76.0708,10,500.0,13.8,False,0.0,Pennsylvania,Englewood,hifld_pool
7152,40.7952,-75.0866,10,138.0,1.0,False,0.0,Pennsylvania,Isp Switching,hifld_pool
7153,41.2568,-75.7884,10,138.0,20.0,False,0.0,Pennsylvania,Joshua,hifld_pool
7154,40.8598,-76.1574,10,345.0,13.8,False,0.0,Pennsylvania,Grizzly,hifld_pool
7155,39.7687,-76.2981,10,500.0,13.8,False,0.0,Pennsylvania,Indiantown Cogeneration Lp,hifld_pool
7156,40.0909,-74.8856,10,138.0,138.0,False,0.0,Pennsylvania,Croydon,hifld_nearest
7157,39.872,-75.1303,10,138.0,13.8,False,0.0,Pennsylvania,Eagle Point,hifld_nearest
7158,40.1161,-76.7078,10,138.0,13.8,False,0.0,Pennsylvania,York Haven,hifld_nearest
7159,40.1053,-76.7022,10,500.0,13.8,False,0.0,Pennsylvania,Brunner Island,hifld_nearest
7160,40.8626,-76.1296,10,138.0,138.0,False,0.0,Pennsylvania,Woodbury,hifld_pool
7161,41.0877,-77.4481,10,138.0,13.2,False,0.0,Pennsylvania,Talenenergy Martins Creek Llc Lock Haven,hifld_nearest
7162,40.7867,-75.0799,10,500.0,1.0,False,0.0,Pennsylvania,N. Shannon,hifld_pool
7163,39.8063,-75.4156,10,500.0,13.8,False,0.0,Pennsylvania,Marcus Hook Energy Lp,hifld_nearest
7164,39.8667,-77.3471,10,345.0,13.8,False,0.0,Pennsylvania,Orrtanna,hifld_nearest
7165,40.1889,-76.9689,10,345.0,138.0,False,0.0,Pennsylvania,Talenenergy Martins Creek Llc West Shore,hifld_nearest
7166,41.5642,-76.0326,10,500.0,13.8,False,0.0,Pennsylvania,South Bloomington,hifld_pool
7167,39.8565,-77.1781,10,138.0,138.0,False,0.0,Pennsylvania,Hunterstown,hifld_nearest
7168,40.5859,-76.4589,10,500.0,1.0,False,0.0,Pennsylvania,Westwood Generation Llc,hifld_nearest
7169,40.3392,-76.3719,10,500.0,13.8,False,0.0,Pennsylvania,Ironwood Llc,hifld_nearest
7170,41.1947,-76.0775,10,138.0,138.0,False,0.0,Pennsylvania,Hunlock Unit 4,hifld_nearest
7171,41.4661,-75.1096,10,500.0,1.0,False,0.0,Pennsylvania,Wallenpaupack,hifld_nearest
7172,40.2473,-75.6347,10,345.0,138.0,False,0.0,Pennsylvania,Moser Generating Station,hifld_nearest
7173,39.9883,-75.1577,10,138.0,138.0,False,0.0,Pennsylvania,Cal Sierra Development,hifld_pool
7174,40.2989,-75.9252,10,138.0,13.8,False,0.0,Pennsylvania,South Reading,hifld_nearest
7175,39.9279,-76.3721,10,500.0,138.0,False,0.0,Pennsylvania,Safe Harbor,hifld_nearest
7176,40.6396,-79.9988,11,138.0,138.0,False,14.51,Pennsylvania,Vamo,hifld_pool
7177,40.5744,-79.9573,11,138.0,138.0,False,14.51,Pennsylvania,Sagamore Plant Cogeneration,hifld_pool
7178,40.6281,-79.9217,11,138.0,138.0,False,15.07,Pennsylvania,Scanlon,hifld_pool
7179,40.6114,-79.9486,11,138.0,138.0,False,14.51,Pennsylvania,Elm Street,hifld_pool
7180,40.7037,-80.226,11,138.0,138.0,False,9.45,Pennsylvania,North Findlay,hifld_pool
7181,40.6385,-80.248,11,138.0,138.0,False,11.2,Pennsylvania,Coronet,hifld_pool
7182,40.6158,-80.0838,11,138.0,138.0,False,9.62,Pennsylvania,Alhambra,hifld_pool
7183,40.5436,-80.1572,11,138.0,138.0,False,7.53,Pennsylvania,Weyerhaeuser White River,hifld_pool
7184,40.5974,-80.0804,11,345.0,138.0,False,7.53,Pennsylvania,Bauer,hifld_pool
7185,40.6114,-80.2006,11,138.0,138.0,False,10.19,Pennsylvania,Swan Falls,hifld_pool
7186,40.3178,-80.1205,11,138.0,138.0,False,18.98,Pennsylvania,Danskammer Generating Station,hifld_pool
7187,40.3448,-79.9539,11,138.0,138.0,False,17.64,Pennsylvania,Stratt,hifld_pool
7188,40.2799,-79.9151,11,138.0,138.0,False,17.64,Pennsylvania,Webbers Falls,hifld_pool
7189,40.3364,-79.9962,11,138.0,138.0,False,17.64,Pennsylvania,Great Divide,hifld_pool
7190,40.4593,-79.8812,11,138.0,138.0,False,7.2,Pennsylvania,Elk Garden,hifld_pool
7191,40.4031,-79.7563,11,138.0,138.0,False,13.76,Pennsylvania,Kaukauna City Hydro,hifld_pool
7192,40.3471,-80.1308,11,138.0,138.0,False,9.99,Pennsylvania,West Riverside,hifld_pool
7193,40.3114,-80.1494,11,345.0,138.0,False,11.02,Pennsylvania,Syl Laskin,hifld_pool
7194,40.4169,-80.1363,11,138.0,138.0,False,10.37,Pennsylvania,Collier,hifld_nearest
7195,40.2795,-80.0689,11,345.0,138.0,False,9.69,Pennsylvania,West Branch,hifld_pool
7196,40.4171,-80.0735,11,138.0,138.0,False,11.94,Pennsylvania,Minette,hifld_pool
7197,40.4712,-80.1525,11,138.0,138.0,False,11.08,Pennsylvania,Blue River,hifld_pool
7198,40.4159,-80.1806,11,138.0,138.0,False,11.08,Pennsylvania,Orange Grove-Watt,hifld_pool
7199,40.3489,-80.0307,11,138.0,138.0,False,11.08,Pennsylvania,Duguao 2101,hifld_pool
7200,40.7017,-79.9306,11,138.0,1.0,False,7.19,Pennsylvania,Ager,hifld_pool
7201,40.5894,-79.8773,11,138.0,138.0,False,7.45,Pennsylvania,Dolphus M Grainger,hifld_pool
7202,40.6316,-79.8814,11,138.0,138.0,False,10.96,Pennsylvania,Quinn,hifld_pool
7203,40.2692,-79.999,11,138.0,138.0,False,23.1,Pennsylvania,Argo,hifld_pool
7204,40.261,-79.933,11,138.0,138.0,False,12.56,Pennsylvania,Rancho Vistoso,hifld_pool
7205,40.3506,-79.8949,11,138.0,138.0,False,9.64,Pennsylvania,Lsp-Cottage Grove Lp,hifld_pool
7206,40.4651,-80.4051,11,138.0,138.0,False,2.7,Pennsylvania,Cayuga,hifld_pool
7207,40.5054,-80.3905,11,138.0,138.0,False,2.7,Pennsylvania,Ivar,hifld_pool
7208,40.4896,-80.2897,11,138.0,138.0,False,2.7,Pennsylvania,Ross Prairie,hifld_pool
7209,40.506,-80.198,11,138.0,138.0,False,26.09,Pennsylvania,Zellwood,hifld_pool
7210,40.5991,-80.1695,11,138.0,138.0,False,23.99,Pennsylvania,Great Bend - Sunflower,hifld_pool
7211,40.5783,-80.2077,11,138.0,138.0,False,23.99,Pennsylvania,Crescent,hifld_nearest
7212,40.49,-80.225,11,138.0,138.0,False,23.99,Pennsylvania,Forman 2,hifld_pool
7213,40.346,-79.8596,11,138.0,138.0,False,25.35,Pennsylvania,Twin Branch,hifld_pool
7214,40.2154,-79.8629,11,138.0,138.0,False,8.87,Pennsylvania,Zeno,hifld_pool
7215,40.2576,-79.8659,11,138.0,138.0,False,8.68,Pennsylvania,Gwinn,hifld_pool
7216,40.1754,-79.9358,11,138.0,138.0,False,6.68,Pennsylvania,Algona,hifld_pool
7217,40.2355,-80.0262,11,138.0,138.0,False,10.71,Pennsylvania,Jerusalem,hifld_pool
7218,40.6317,-79.9677,11,138.0,138.0,False,16.16,Pennsylvania,Michigamme Falls Hy,hifld_pool
7219,40.675,-80.08,11,138.0,138.0,False,16.16,Pennsylvania,Inverness,hifld_pool
7220,40.5877,-79.9234,11,138.0,138.0,False,26.29,Pennsylvania,Imhoff Tap 2,hifld_pool
7221,40.6493,-79.9906,11,345.0,138.0,False,16.16,Pennsylvania,Martin Lakes,hifld_pool
7222,40.518,-79.9156,11,138.0,138.0,False,11.49,Pennsylvania,Walton Discover Power Facility,hifld_pool
7223,40.551,-79.9992,11,138.0,138.0,False,11.49,Pennsylvania,North,hifld_nearest
7224,40.3982,-79.8965,11,138.0,138.0,False,16.56,Pennsylvania,Watkins Rd,hifld_pool
7225,40.3773,-79.9998,11,138.0,138.0,False,22.51,Pennsylvania,Valley Children'S Hospital,hifld_pool
7226,40.3324,-79.9546,11,138.0,138.0,False,11.31,Pennsylvania,Station D,hifld_pool
7227,40.4377,-79.861,11,138.0,138.0,False,23.17,Pennsylvania,Thompson Peak Tap,hifld_pool
7228,40.4526,-80.2686,11,138.0,138.0,False,5.59,Pennsylvania,Shiloah Iv,hifld_pool
7229,40.4132,-80.3273,11,138.0,138.0,False,7.99,Pennsylvania,Port Edwards,hifld_pool
7230,40.326,-79.8343,11,138.0,138.0,False,21.65,Pennsylvania,Main Street Mo,hifld_pool
7231,40.402,-79.7708,11,138.0,138.0,False,21.65,Pennsylvania,Wilmerding,hifld_nearest
7232,40.3089,-79.6483,11,138.0,138.0,False,25.45,Pennsylvania,Bullard,hifld_pool
7233,40.361,-79.7092,11,500.0,138.0,False,31.87,Pennsylvania,Thayer,hifld_pool
7234,40.3442,-79.6792,11,138.0,138.0,False,26.94,Pennsylvania,Air Liquide,hifld_pool
7235,40.6424,-80.1015,11,138.0,138.0,False,29.18,Pennsylvania,Eastwood,hifld_pool
7236,40.6964,-80.0406,11,138.0,138.0,False,11.47,Pennsylvania,Unc,hifld_pool
7237,40.7417,-79.9822,11,138.0,138.0,False,11.89,Pennsylvania,Wrenshall,hifld_pool
7238,40.4307,-80.2457,11,138.0,138.0,False,11.1,Pennsylvania,Diamond Hill,hifld_pool
7239,40.4093,-80.3682,11,345.0,138.0,False,11.94,Pennsylvania,Smith,hifld_nearest
7240,40.3838,-80.2461,11,138.0,138.0,False,13.85,Pennsylvania,Tocaloma Junction,hifld_pool
7241,40.4773,-80.0312,11,138.0,138.0,False,13.05,Pennsylvania,Newberg Water Treatment Plant,hifld_pool
7242,40.4863,-80.1338,11,138.0,138.0,False,36.56,Pennsylvania,Montour,hifld_nearest
7243,40.4299,-80.1282,11,138.0,138.0,False,13.05,Pennsylvania,Quail Valley,hifld_pool
7244,40.4477,-80.0942,11,138.0,138.0,False,13.05,Pennsylvania,East Montevallo,hifld_pool
7245,40.3365,-79.7701,11,138.0,138.0,False,5.78,Pennsylvania,Hill Country 345,hifld_pool
7246,40.3792,-79.7089,11,138.0,1.0,False,19.39,Pennsylvania,Aberdeen,hifld_pool
7247,40.2659,-79.8405,11,138.0,138.0,False,13.96,Pennsylvania,Glacier,hifld_pool
7248,40.3117,-79.835,11,138.0,138.0,False,17.22,Pennsylvania,Yulee,hifld_pool
7249,40.4049,-79.924,11,138.0,138.0,False,12.83,Pennsylvania,Pecospnm,hifld_pool
7250,40.2905,-79.8624,11,138.0,138.0,False,5.12,Pennsylvania,Kimberley,hifld_pool
7251,40.1431,-79.9187,11,138.0,138.0,False,11.07,Pennsylvania,Charleroi,hifld_nearest
7252,40.1102,-79.914,11,345.0,138.0,False,15.83,Pennsylvania,Southeast Gate,hifld_pool
7253,40.271,-79.8726,11,345.0,138.0,False,9.73,Pennsylvania,Mcclellan-Bell,hifld_pool
7254,40.493,-79.8091,11,138.0,138.0,False,27.78,Pennsylvania,Clubhouse,hifld_pool
7255,40.454,-79.8267,11,138.0,138.0,False,16.92,Pennsylvania,Brownfield Switching,hifld_pool
7256,40.4728,-79.755,11,138.0,138.0,False,16.92,Pennsylvania,Plum,hifld_nearest
7257,40.4483,-79.692,11,138.0,138.0,False,19.16,Pennsylvania,Campus,hifld_pool
7258,40.4995,-79.6334,11,138.0,138.0,False,17.93,Pennsylvania,Hostos 5011,hifld_pool
7259,40.4932,-79.6776,11,138.0,138.0,False,13.77,Pennsylvania,Zamora,hifld_pool
7260,40.589,-79.7102,11,138.0,138.0,False,13.0,Pennsylvania,Giffin,hifld_pool
7261,40.6925,-79.7486,11,138.0,138.0,False,10.13,Pennsylvania,Rockport,hifld_pool
7262,40.597,-79.7015,11,138.0,138.0,False,9.23,Pennsylvania,Roxy Ann,hifld_pool
7263,40.6909,-79.7872,11,138.0,138.0,False,9.23,Pennsylvania,Tucson,hifld_pool
7264,40.5483,-79.8601,11,138.0,138.0,False,28.2,Pennsylvania,Hanover,hifld_pool
7265,40.5736,-79.7649,11,138.0,138.0,False,23.17,Pennsylvania,Gobain,hifld_nearest
7266,40.5952,-79.7548,11,138.0,138.0,False,26.39,Pennsylvania,Claremont And Montano Tap,hifld_pool
7267,40.5127,-79.6949,11,138.0,138.0,False,23.17,Pennsylvania,Teichert Aggregates,hifld_pool
7268,40.3468,-79.8731,11,138.0,138.0,False,8.15,Pennsylvania,Wrightwood,hifld_pool
7269,40.3766,-79.7462,11,138.0,138.0,False,14.08,Pennsylvania,Morgan Hill,hifld_pool
7270,40.4211,-79.8661,11,138.0,138.0,False,8.15,Pennsylvania,Mon Valley Works,hifld_nearest
7271,40.3893,-80.1606,11,138.0,1.0,False,8.24,Pennsylvania,Biomass One Power Plant,hifld_pool
7272,40.4084,-80.1967,11,138.0,138.0,False,7.93,Pennsylvania,Airport Industrial Park,hifld_pool
7273,40.3905,-80.2139,11,345.0,1.0,False,8.27,Pennsylvania,Kettner,hifld_pool
7274,40.4696,-79.8474,11,138.0,138.0,False,5.02,Pennsylvania,Guardian And Eastbank,hifld_pool
7275,40.5166,-79.8263,11,138.0,138.0,False,7.16,Pennsylvania,Midvale,hifld_pool
7276,40.2321,-79.7349,11,138.0,138.0,False,6.1,Pennsylvania,Yukon,hifld_nearest
7277,40.5555,-79.7371,11,138.0,138.0,False,13.24,Pennsylvania,Firstenergy Springdale Power Station,hifld_nearest
7278,40.4508,-79.7828,11,138.0,138.0,False,12.56,Pennsylvania,Universal,hifld_nearest
7279,40.4557,-79.655,11,138.0,138.0,False,14.11,Pennsylvania,Murder Creek,hifld_pool
7280,40.4978,-79.7218,11,138.0,138.0,False,12.56,Pennsylvania,Herlong,hifld_pool
7281,40.4418,-79.7524,11,138.0,138.0,False,21.29,Pennsylvania,Mcclure,hifld_pool
7282,40.4613,-79.806,11,138.0,138.0,False,22.9,Pennsylvania,Pinkerton,hifld_pool
7283,40.5475,-79.7913,11,138.0,138.0,False,30.81,Pennsylvania,Cheswick Power Plant,hifld_nearest
7284,40.466,-79.869,11,138.0,138.0,False,20.66,Pennsylvania,2Nd St,hifld_pool
7285,40.3355,-79.8898,11,138.0,138.0,False,23.68,Pennsylvania,Big River,hifld_pool
7286,40.4976,-79.7554,11,345.0,1.0,False,18.56,Pennsylvania,Ss3143,hifld_pool
7287,40.3481,-79.9665,11,138.0,138.0,False,18.56,Pennsylvania,Eden Prairie,hifld_pool
7288,40.3348,-79.7318,11,138.0,138.0,False,18.85,Pennsylvania,Spencer,hifld_pool
7289,40.5501,-79.8716,11,138.0,138.0,False,11.16,Pennsylvania,Pine Creek,hifld_nearest
7290,40.605,-79.8748,11,345.0,138.0,False,10.59,Pennsylvania,Cimmaron-E Natamos,hifld_pool
7291,40.5312,-79.8697,11,138.0,138.0,False,11.03,Pennsylvania,Christie,hifld_pool
7292,40.4175,-79.7653,11,138.0,138.0,False,13.66,Pennsylvania,Sorrell Hill,hifld_pool
7293,40.4611,-79.9451,11,138.0,138.0,False,8.29,Pennsylvania,Otay Tap,hifld_pool
7294,40.4127,-79.8951,11,138.0,138.0,False,8.29,Pennsylvania,Fairmont,hifld_pool
7295,40.5129,-79.8885,11,138.0,138.0,False,35.79,Pennsylvania,Cuyamungue Tap Jmec,hifld_pool
7296,40.4153,-79.9633,11,138.0,138.0,False,17.1,Pennsylvania,Carson,hifld_nearest
7297,40.4654,-79.9564,11,138.0,138.0,False,17.1,Pennsylvania,Arsenal,hifld_nearest
7298,40.4449,-79.9446,11,138.0,138.0,False,17.1,Pennsylvania,Winchester,hifld_pool
7299,40.436,-79.9672,11,138.0,138.0,False,26.2,Pennsylvania,Oakland,hifld_nearest
7300,40.3793,-79.8505,11,138.0,138.0,False,16.26,Pennsylvania,Mon Valley Works Illinois,hifld_nearest
7301,40.4111,-79.948,11,138.0,138.0,False,16.26,Pennsylvania,St Albans,hifld_pool
7302,40.4582,-79.9325,11,138.0,138.0,False,16.26,Pennsylvania,Elbe,hifld_pool
7303,40.3777,-79.8876,11,138.0,138.0,False,17.96,Pennsylvania,Dravosburg,hifld_nearest
7304,40.3679,-79.9713,11,138.0,138.0,False,16.9,Pennsylvania,Archer Daniels Midland Lincoln,hifld_pool
7305,40.4772,-79.8092,11,138.0,138.0,False,8.98,Pennsylvania,Cottage Brook,hifld_pool
7306,40.5453,-79.9469,11,138.0,138.0,False,9.06,Pennsylvania,Longview2,hifld_pool
7307,40.4773,-79.896,11,138.0,138.0,False,9.06,Pennsylvania,Highland,hifld_nearest
7308,40.4818,-79.9094,11,138.0,138.0,False,8.08,Pennsylvania,James E. Rogers Energy Complex,hifld_pool
7309,40.512,-79.8587,11,138.0,138.0,False,8.08,Pennsylvania,Railyard,hifld_pool
7310,40.5187,-79.9486,11,138.0,138.0,False,20.83,Pennsylvania,Loughridge,hifld_pool
7311,40.484,-79.9339,11,138.0,138.0,False,5.76,Pennsylvania,Puddledock Rd,hifld_pool
7312,40.5542,-79.9803,11,138.0,138.0,False,5.76,Pennsylvania,Sugar Island,hifld_pool
7313,40.482,-79.8754,11,138.0,138.0,False,5.76,Pennsylvania,Bad Creek,hifld_pool
7314,40.4937,-79.9169,11,138.0,138.0,False,18.43,Pennsylvania,Indian Mesa,hifld_pool
7315,40.5044,-79.9451,11,138.0,138.0,False,18.43,Pennsylvania,Roselle,hifld_pool
7316,40.3809,-79.9562,11,138.0,138.0,False,18.43,Pennsylvania,Chelatchie,hifld_pool
7317,40.4011,-80.022,11,138.0,138.0,False,18.43,Pennsylvania,Dormont,hifld_nearest
7318,40.3963,-79.9802,11,138.0,138.0,False,16.82,Pennsylvania,Bellevue,hifld_pool
7319,40.3935,-79.9906,11,138.0,138.0,False,16.82,Pennsylvania,Harts Island,hifld_pool
7320,40.3073,-79.976,11,138.0,138.0,False,16.82,Pennsylvania,Hartsville,hifld_pool
7321,40.3189,-79.8687,11,138.0,138.0,False,30.03,Pennsylvania,Westdale,hifld_pool
7322,40.5811,-80.0691,11,138.0,138.0,False,9.91,Pennsylvania,Ash,hifld_pool
7323,40.4436,-79.9308,11,138.0,138.0,False,45.71,Pennsylvania,Redondo,hifld_pool
7324,40.3464,-80.0027,11,138.0,138.0,False,17.76,Pennsylvania,Danz Ave Sw Sta,hifld_pool
7325,40.4082,-80.0419,11,138.0,138.0,False,17.76,Pennsylvania,Lake Agnes,hifld_pool
7326,40.3744,-79.9219,11,138.0,138.0,False,35.85,Pennsylvania,Racoon Bend,hifld_pool
7327,40.4312,-79.9149,11,138.0,138.0,False,7.93,Pennsylvania,Concourse,hifld_pool
7328,40.3522,-79.956,11,138.0,138.0,False,14.07,Pennsylvania,Statesville Highway 64,hifld_pool
7329,40.4993,-80.0097,11,138.0,138.0,False,19.88,Pennsylvania,Herdlyn,hifld_pool
7330,40.4902,-80.0438,11,138.0,138.0,False,15.51,Pennsylvania,West -Station,hifld_pool
7331,40.3662,-79.9959,11,138.0,1.0,False,24.34,Pennsylvania,Martin Dam,hifld_pool
7332,40.3929,-80.0152,11,138.0,138.0,False,26.64,Pennsylvania,Marshall Wind Farm,hifld_pool
7333,40.4661,-80.0472,11,138.0,138.0,False,19.05,Pennsylvania,Brunot Island,hifld_nearest
7334,40.4623,-80.0261,11,138.0,138.0,False,16.67,Pennsylvania,Smith Lake,hifld_pool
7335,40.4578,-80.0019,11,138.0,138.0,False,43.46,Pennsylvania,Cartanza,hifld_pool
7336,40.4301,-80.1154,11,138.0,138.0,False,17.59,Pennsylvania,Sandy,hifld_pool
7337,40.4329,-80.0432,11,138.0,138.0,False,22.02,Pennsylvania,Riverside,hifld_pool
7338,40.5502,-79.9605,11,138.0,138.0,False,21.48,Pennsylvania,Natchez,hifld_pool
7339,40.4521,-80.1375,11,138.0,138.0,False,13.63,Pennsylvania,Elk Horn,hifld_pool
7340,40.3283,-80.0133,11,138.0,138.0,False,11.13,Pennsylvania,Leeds,hifld_pool
7341,40.2861,-79.9236,11,138.0,138.0,False,11.13,Pennsylvania,Syracuse 2,hifld_pool
7342,40.4235,-79.9348,11,138.0,138.0,False,8.83,Pennsylvania,Saline,hifld_nearest
7343,40.4901,-79.9677,11,138.0,138.0,False,8.83,Pennsylvania,Euclid,hifld_pool
7344,40.3377,-79.9662,11,138.0,138.0,False,11.2,Pennsylvania,Barton,hifld_pool
7345,40.406,-79.9926,11,138.0,138.0,False,11.2,Pennsylvania,Anton,hifld_pool
7346,40.3861,-80.0495,11,138.0,138.0,False,24.54,Pennsylvania,Boulder Creek,hifld_pool
7347,40.3237,-80.0368,11,138.0,138.0,False,13.95,Pennsylvania,Silver Cliff,hifld_pool
7348,40.3162,-79.993,11,138.0,138.0,False,13.95,Pennsylvania,Spillway,hifld_pool
7349,40.3542,-80.065,11,138.0,138.0,False,14.26,Pennsylvania,Lawndale,hifld_pool
7350,40.4709,-80.0694,11,138.0,138.0,False,11.01,Pennsylvania,West New Madrid,hifld_pool
7351,40.5168,-80.0233,11,138.0,138.0,False,25.03,Pennsylvania,Bondurant,hifld_pool
7352,40.4995,-80.0909,11,138.0,138.0,False,25.03,Pennsylvania,Canyonlands,hifld_pool
7353,40.537,-80.1115,11,138.0,138.0,False,25.03,Pennsylvania,Lake Superior Paper,hifld_pool
7354,40.5131,-80.0614,11,138.0,138.0,False,25.03,Pennsylvania,Kennedy Drive,hifld_pool
7355,40.4365,-80.0274,11,138.0,1.0,False,10.51,Pennsylvania,Terror Lake Microgrid,hifld_pool
7356,40.362,-80.1086,11,138.0,138.0,False,10.51,Pennsylvania,Cargill,hifld_pool
7357,40.3826,-80.0311,11,138.0,138.0,False,10.51,Pennsylvania,Hospers,hifld_pool
7358,40.3002,-80.0457,11,138.0,138.0,False,10.51,Pennsylvania,Leesburg East,hifld_pool
7359,40.4201,-80.0039,11,138.0,138.0,False,28.49,Pennsylvania,Forbes,hifld_nearest
7360,40.5022,-80.0451,11,138.0,138.0,False,6.64,Pennsylvania,Davie,hifld_pool
7361,40.5544,-80.099,11,138.0,138.0,False,6.64,Pennsylvania,Mural,hifld_pool
7362,40.4547,-80.0618,11,138.0,138.0,False,6.64,Pennsylvania,Rouse,hifld_pool
7363,40.5082,-80.0588,11,138.0,138.0,False,22.78,Pennsylvania,Capilano,hifld_pool
7364,40.5048,-80.0669,11,138.0,138.0,False,23.52,Pennsylvania,Kiamichi Station,hifld_pool
7365,40.3676,-80.0814,11,138.0,138.0,False,10.68,Pennsylvania,Chatom,hifld_pool
7366,40.2815,-80.1165,11,138.0,138.0,False,12.1,Pennsylvania,Archibald,hifld_pool
7367,40.447,-80.0847,11,138.0,138.0,False,11.61,Pennsylvania,Pine Forest,hifld_pool
7368,40.3807,-80.0594,11,138.0,138.0,False,12.19,Pennsylvania,Napoleonville,hifld_pool
7369,40.2998,-80.0165,11,138.0,138.0,False,12.19,Pennsylvania,Skiland,hifld_pool
7370,40.3033,-80.1498,11,138.0,138.0,False,12.19,Pennsylvania,Potlatch,hifld_pool
7371,40.3405,-80.0188,11,138.0,138.0,False,22.77,Pennsylvania,Cabinet Gorge,hifld_pool
7372,40.4851,-80.1008,11,138.0,138.0,False,13.93,Pennsylvania,Bruckner,hifld_pool
7373,40.4543,-80.0878,11,138.0,138.0,False,14.0,Pennsylvania,Logan Martin Dam,hifld_pool
7374,40.5115,-80.081,11,138.0,138.0,False,13.06,Pennsylvania,Snohomish County Hilton Lake,hifld_pool
7375,40.3809,-80.0713,11,138.0,138.0,False,17.69,Pennsylvania,Woodville,hifld_nearest
7376,40.6414,-79.7764,11,138.0,138.0,False,8.56,Pennsylvania,Whillock,hifld_pool
7377,40.7068,-79.7923,11,138.0,138.0,False,10.58,Pennsylvania,Watertown Power Plant,hifld_pool
7378,40.8336,-79.7616,11,138.0,138.0,False,6.76,Pennsylvania,Avon Park North,hifld_pool
7379,40.6194,-80.1511,11,138.0,138.0,False,11.75,Pennsylvania,Winkler,hifld_pool
7380,40.5414,-80.1999,11,138.0,138.0,False,12.13,Pennsylvania,Tonopah,hifld_pool
7381,40.5979,-80.2055,11,138.0,138.0,False,11.75,Pennsylvania,Aguada 7201,hifld_pool
7382,40.2911,-80.0002,11,138.0,138.0,False,8.7,Pennsylvania,Willow Lawn,hifld_pool
7383,40.3307,-79.9424,11,138.0,138.0,False,14.61,Pennsylvania,Solomon Forks Wind Project Llc,hifld_pool
7384,40.2932,-79.9608,11,138.0,138.0,False,10.13,Pennsylvania,Alabama Switch,hifld_pool
7385,40.5613,-79.7014,11,138.0,138.0,False,3.3,Pennsylvania,Telegraph,hifld_pool
7386,40.5358,-79.822,11,138.0,138.0,False,8.07,Pennsylvania,Harwick,hifld_nearest
7387,40.6362,-79.7985,11,138.0,138.0,False,10.61,Pennsylvania,Wolfe,hifld_pool
7388,40.669,-79.8812,11,138.0,138.0,False,8.26,Pennsylvania,La Pointe,hifld_pool
7389,40.412,-79.7382,11,345.0,138.0,False,6.33,Pennsylvania,Goodyear Lake Plant,hifld_pool
7390,40.2798,-79.735,11,138.0,138.0,False,9.81,Pennsylvania,Fairview,hifld_pool
7391,40.4297,-79.8405,11,138.0,138.0,False,7.38,Pennsylvania,Georgia-Pacific Consr Prods Lp-Naheola,hifld_pool
7392,40.6596,-79.8402,11,138.0,138.0,False,6.16,Pennsylvania,North Fork Dam,hifld_pool
7393,40.7072,-79.9152,11,138.0,138.0,False,6.36,Pennsylvania,St. Louis Park,hifld_pool
7394,40.6575,-79.9757,11,138.0,138.0,False,6.33,Pennsylvania,Millstone,hifld_pool
7395,40.5035,-79.7292,11,138.0,138.0,False,10.39,Pennsylvania,Lakegen,hifld_pool
7396,40.4861,-79.8303,11,138.0,138.0,False,10.39,Pennsylvania,Ainsworth,hifld_pool
7397,40.4535,-79.7651,11,138.0,138.0,False,20.79,Pennsylvania,Riverview Energy Systems,hifld_pool
7398,40.3644,-79.8209,11,138.0,138.0,False,30.33,Pennsylvania,Patterson Pass,hifld_pool
7399,40.3022,-79.9094,11,138.0,138.0,False,12.03,Pennsylvania,West Mifflin,hifld_nearest
7400,40.4,-79.9077,11,138.0,138.0,False,12.03,Pennsylvania,Koksilah Tap,hifld_pool
7401,40.4473,-79.8289,11,138.0,138.0,False,12.03,Pennsylvania,Elkhorn,hifld_pool
7402,40.2291,-79.6784,11,138.0,138.0,False,5.75,Pennsylvania,Reno,hifld_pool
7403,40.1734,-79.7073,11,138.0,138.0,False,6.67,Pennsylvania,Tenaska Westmoreland Generating Station,hifld_nearest
7404,40.1875,-79.7727,11,138.0,138.0,False,7.64,Pennsylvania,Westraver,hifld_nearest
7405,40.6324,-80.0767,11,138.0,138.0,False,12.67,Pennsylvania,Heyburn,hifld_pool
7406,40.6505,-80.0448,11,138.0,1.0,False,13.6,Pennsylvania,Scottville,hifld_pool
7407,40.6165,-80.1051,11,138.0,138.0,False,12.67,Pennsylvania,Lemay Lake,hifld_pool
7408,40.6367,-80.1851,11,138.0,138.0,False,12.67,Pennsylvania,Rawsonville,hifld_pool
7409,40.5816,-79.5813,11,138.0,138.0,False,12.58,Pennsylvania,800900 Network,hifld_pool
7410,40.6275,-79.5957,11,345.0,1.0,False,15.08,Pennsylvania,Paul,hifld_pool
7411,40.478,-79.5474,11,138.0,138.0,False,12.52,Pennsylvania,Parsons,hifld_pool
7412,40.943,-79.7932,11,138.0,138.0,False,4.43,Pennsylvania,Catawba 2,hifld_pool
7413,40.9042,-79.7997,11,138.0,138.0,False,4.43,Pennsylvania,Waterloo,hifld_pool
7414,40.94,-79.7096,11,138.0,138.0,False,6.89,Pennsylvania,Simpson,hifld_pool
7415,40.874,-79.2852,11,138.0,138.0,False,4.32,Pennsylvania,Fuller,hifld_pool
7416,40.7274,-79.4589,11,138.0,138.0,False,7.91,Pennsylvania,Federalgen Tap,hifld_pool
7417,40.7523,-79.5096,11,138.0,138.0,False,6.87,Pennsylvania,Four Mile Hydropower Project,hifld_pool
7418,40.7279,-79.5042,11,138.0,138.0,False,7.1,Pennsylvania,Maunabo Tc,hifld_pool
7419,40.6693,-79.6334,11,138.0,138.0,False,5.05,Pennsylvania,Allegheny No. 5 Hydro Station,hifld_nearest
7420,40.8015,-79.6244,11,138.0,138.0,False,3.98,Pennsylvania,Daleville,hifld_pool
7421,41.0357,-79.7429,11,138.0,138.0,False,3.32,Pennsylvania,Sylvan,hifld_pool
7422,40.8189,-79.4546,11,138.0,138.0,False,11.01,Pennsylvania,Mid America,hifld_pool
7423,40.8047,-79.4751,11,138.0,138.0,False,11.48,Pennsylvania,Bear Canyon,hifld_pool
7424,40.7854,-79.4822,11,138.0,138.0,False,10.88,Pennsylvania,Collville,hifld_pool
7425,40.878,-79.4382,11,138.0,138.0,False,13.15,Pennsylvania,Cranbrook,hifld_pool
7426,40.7463,-79.6309,11,138.0,138.0,False,8.2,Pennsylvania,Bryan,hifld_pool
7427,40.6463,-79.6131,11,138.0,138.0,False,8.2,Pennsylvania,Tulare Lake,hifld_pool
7428,40.7046,-79.7215,11,138.0,138.0,False,8.2,Pennsylvania,Hanville,hifld_pool
7429,41.0324,-79.197,11,138.0,138.0,False,8.05,Pennsylvania,Cooley,hifld_pool
7430,40.9674,-79.2822,11,138.0,138.0,False,5.75,Pennsylvania,Mabury Tap,hifld_pool
7431,40.9594,-79.374,11,138.0,138.0,False,7.96,Pennsylvania,Cumberland,hifld_pool
7432,41.0757,-79.5893,11,138.0,138.0,False,2.74,Pennsylvania,Cold Spring Rd,hifld_pool
7433,41.022,-79.6721,11,138.0,138.0,False,2.58,Pennsylvania,Ralph Green,hifld_pool
7434,41.0713,-79.6757,11,138.0,138.0,False,4.08,Pennsylvania,Forsyth,hifld_pool
7435,40.7274,-79.3229,11,138.0,138.0,False,2.62,Pennsylvania,Manville,hifld_pool
7436,40.6822,-79.3724,11,138.0,138.0,False,3.42,Pennsylvania,Bronson,hifld_pool
7437,40.6216,-79.2973,11,138.0,138.0,False,2.12,Pennsylvania,Watertown,hifld_pool
7438,40.6968,-79.2453,11,138.0,138.0,False,6.98,Pennsylvania,Collins,hifld_pool
7439,40.575,-79.354,11,138.0,138.0,False,2.93,Pennsylvania,Marshall Il,hifld_pool
7440,40.9924,-79.4639,11,138.0,138.0,False,4.62,Pennsylvania,Sub 7440,hifld_pool
7441,40.7745,-79.5153,11,138.0,138.0,False,7.82,Pennsylvania,Atoka,hifld_pool
7442,40.64,-79.522,11,138.0,138.0,False,9.09,Pennsylvania,Sacheen,hifld_pool
7443,40.6142,-79.526,11,138.0,138.0,False,9.41,Pennsylvania,Sweet Gum Flats,hifld_pool
7444,40.8847,-79.641,11,138.0,138.0,False,4.3,Pennsylvania,Georgetown,hifld_pool
7445,40.8966,-79.7078,11,138.0,138.0,False,6.43,Pennsylvania,Spicewood,hifld_pool
7446,40.6928,-80.3498,11,138.0,138.0,False,19.1,Pennsylvania,G F Weaton Power Station,hifld_nearest
7447,40.5712,-80.2763,11,138.0,138.0,False,30.18,Pennsylvania,Chesterfield,hifld_pool
7448,40.5521,-80.4147,11,138.0,138.0,False,21.21,Pennsylvania,Lone Pine,hifld_pool
7449,40.6192,-80.2365,11,138.0,138.0,False,19.1,Pennsylvania,Martin,hifld_pool
7450,40.7753,-80.3883,11,138.0,138.0,False,9.01,Pennsylvania,Northeast Mo,hifld_pool
7451,40.6809,-80.388,11,138.0,138.0,False,9.01,Pennsylvania,Montpellier,hifld_pool
7452,40.6331,-80.4035,11,138.0,138.0,False,9.01,Pennsylvania,Mansfield Station,hifld_nearest
7453,40.7171,-80.3522,11,138.0,138.0,False,9.01,Pennsylvania,Power Inn,hifld_pool
7454,40.7492,-80.3528,11,138.0,138.0,False,16.98,Pennsylvania,Tanguisson,hifld_pool
7455,40.7317,-80.4025,11,138.0,138.0,False,19.76,Pennsylvania,Jasper,hifld_pool
7456,40.7406,-80.3348,11,345.0,138.0,False,16.98,Pennsylvania,Cadwell,hifld_pool
7457,40.8242,-80.3804,11,138.0,138.0,False,19.11,Pennsylvania,North Havasu,hifld_pool
7458,40.7531,-80.5414,11,138.0,138.0,False,2.62,Pennsylvania,Wesbasin,hifld_pool
7459,40.8536,-80.3966,11,138.0,138.0,False,2.62,Pennsylvania,Craggy,hifld_pool
7460,40.7846,-80.5045,11,138.0,138.0,False,4.58,Pennsylvania,Negley,hifld_nearest
7461,40.8548,-80.3542,11,138.0,138.0,False,10.27,Pennsylvania,Hoytdale,hifld_nearest
7462,40.8409,-80.3153,11,138.0,138.0,False,13.68,Pennsylvania,Stump Creek,hifld_pool
7463,40.8312,-80.2286,11,138.0,138.0,False,10.27,Pennsylvania,Molex,hifld_pool
7464,40.8663,-80.2488,11,138.0,138.0,False,13.04,Pennsylvania,Freeport,hifld_pool
7465,40.8539,-80.4585,11,138.0,100.0,False,5.36,Pennsylvania,Kingsburg,hifld_pool
7466,40.6972,-80.1384,11,138.0,138.0,False,13.85,Pennsylvania,Taber,hifld_pool
7467,40.6172,-80.5429,11,138.0,138.0,False,1.96,Pennsylvania,East Liverpool,hifld_nearest
7468,40.5265,-80.4605,11,138.0,138.0,False,1.96,Pennsylvania,Blackburn,hifld_pool
7469,40.9013,-80.101,11,138.0,138.0,False,8.03,Pennsylvania,Northwind,hifld_pool
7470,40.8303,-80.1778,11,138.0,138.0,False,3.66,Pennsylvania,Red Maple,hifld_pool
7471,40.5811,-80.4623,11,138.0,138.0,False,5.97,Pennsylvania,Michigan,hifld_pool
7472,40.6707,-80.4273,11,138.0,138.0,False,2.77,Pennsylvania,Centennial Wind Farm,hifld_pool
7473,40.7172,-80.4367,11,138.0,138.0,False,3.34,Pennsylvania,Edison-Ball,hifld_pool
7474,40.6857,-80.5431,11,138.0,138.0,False,3.34,Pennsylvania,Richland Chambers,hifld_pool
7475,40.6655,-80.4771,11,138.0,138.0,False,3.34,Pennsylvania,Highland City,hifld_pool
7476,40.639,-80.362,11,138.0,138.0,False,12.97,Pennsylvania,East Port Orchard,hifld_pool
7477,40.5143,-80.1905,11,345.0,138.0,False,11.57,Pennsylvania,Owens Brockway,hifld_pool
7478,40.6231,-80.3504,11,138.0,138.0,False,11.26,Pennsylvania,Raccoon,hifld_nearest
7479,40.6462,-80.2317,11,138.0,138.0,False,10.56,Pennsylvania,Pine Bluff I.P Sw Sta,hifld_pool
7480,40.7197,-80.2771,11,138.0,138.0,False,22.15,Pennsylvania,Yates,hifld_pool
7481,40.8608,-80.5482,11,138.0,100.0,False,1.44,Pennsylvania,South Lake Geneva,hifld_pool
7482,40.7088,-80.1863,11,138.0,138.0,False,7.07,Pennsylvania,Russellville,hifld_pool
7483,40.7178,-80.305,11,138.0,138.0,False,7.07,Pennsylvania,Valley,hifld_nearest
7484,40.7932,-80.2483,11,138.0,138.0,False,7.71,Pennsylvania,Bond-Elk Grove Florin,hifld_pool
7485,40.9316,-80.4338,11,138.0,138.0,False,4.3,Pennsylvania,Badger,hifld_pool
7486,40.7966,-80.1149,11,138.0,138.0,False,8.88,Pennsylvania,Chaffins,hifld_pool
7487,40.7818,-80.1801,11,138.0,138.0,False,7.01,Pennsylvania,Walter Hardman,hifld_pool
7488,40.2152,-78.6559,11,138.0,138.0,False,3.12,Pennsylvania,Ta53,hifld_pool
7489,39.9982,-78.505,11,138.0,138.0,False,9.99,Pennsylvania,Whitestown,hifld_pool
7490,39.8442,-78.6104,11,138.0,138.0,False,10.33,Pennsylvania,Igo,hifld_pool
7491,39.9061,-78.5178,11,345.0,138.0,False,11.68,Pennsylvania,Prospect,hifld_pool
7492,39.9501,-78.2352,11,138.0,138.0,False,2.91,Pennsylvania,Minco,hifld_pool
7493,40.2281,-78.5396,11,138.0,138.0,False,6.78,Pennsylvania,Bison,hifld_pool
7494,40.2842,-78.4925,11,138.0,138.0,False,6.74,Pennsylvania,Johnsonville,hifld_pool
7495,40.2015,-78.4688,11,138.0,138.0,False,3.21,Pennsylvania,Grasmoen,hifld_pool
7496,39.8059,-78.4441,11,138.0,138.0,False,4.1,Pennsylvania,Kenowa,hifld_pool
7497,39.7934,-78.373,11,138.0,138.0,False,2.05,Pennsylvania,Seven Springs,hifld_pool
7498,40.0079,-78.4395,11,138.0,138.0,False,6.34,Pennsylvania,Valencia,hifld_pool
7499,39.9473,-78.3972,11,138.0,138.0,False,6.34,Pennsylvania,Coitsville,hifld_pool
7500,39.9567,-78.3301,11,138.0,138.0,False,6.34,Pennsylvania,Jackson,hifld_pool
7501,40.0695,-78.2799,11,138.0,138.0,False,3.49,Pennsylvania,32Nd St,hifld_pool
7502,40.1913,-78.3356,11,138.0,138.0,False,2.58,Pennsylvania,Gulfgate,hifld_pool
7503,39.7078,-78.7957,11,138.0,138.0,False,2.33,Pennsylvania,Sandy Hook,hifld_pool
7504,39.7735,-78.7427,11,138.0,138.0,False,4.67,Pennsylvania,Sewall,hifld_pool
7505,40.0405,-78.6253,11,138.0,138.0,False,2.1,Pennsylvania,Princeton,hifld_pool
7506,39.9813,-78.7124,11,138.0,138.0,False,2.83,Pennsylvania,Oxford Dam,hifld_pool
7507,40.3461,-78.2909,11,138.0,138.0,False,5.88,Pennsylvania,Mt. Rose,hifld_pool
7508,40.304,-78.284,11,138.0,138.0,False,4.88,Pennsylvania,Barnett,hifld_pool
7509,40.2234,-78.254,11,345.0,138.0,False,5.21,Pennsylvania,Seguin West,hifld_pool
7510,40.1522,-78.4172,11,138.0,138.0,False,3.03,Pennsylvania,Big Hill,hifld_pool
7511,40.2283,-78.3836,11,138.0,138.0,False,2.7,Pennsylvania,Muscoda,hifld_pool
7512,40.1648,-78.5775,11,138.0,138.0,False,3.14,Pennsylvania,Kenedy,hifld_pool
7513,40.1498,-78.6273,11,138.0,138.0,False,2.83,Pennsylvania,Woodlands,hifld_pool
7514,40.1109,-78.6626,11,138.0,138.0,False,5.09,Pennsylvania,Spring Valley,hifld_pool
7515,40.3999,-78.5862,11,138.0,138.0,False,12.93,Pennsylvania,Lytton Springs,hifld_pool
7516,40.3177,-78.6327,11,138.0,138.0,False,5.79,Pennsylvania,Isanti,hifld_pool
7517,40.4,-78.6314,11,138.0,138.0,False,14.07,Pennsylvania,Urbana Perkins Road,hifld_pool
7518,40.4049,-78.4381,11,138.0,138.0,False,5.57,Pennsylvania,Gillis,hifld_pool
7519,40.332,-78.4862,11,138.0,138.0,False,4.91,Pennsylvania,Almyra,hifld_pool
7520,40.3375,-78.3651,11,138.0,138.0,False,6.83,Pennsylvania,Belvedere,hifld_pool
7521,40.2498,-78.1935,11,138.0,138.0,False,3.7,Pennsylvania,Fisher Road,hifld_pool
7522,40.2883,-78.2619,11,138.0,138.0,False,4.35,Pennsylvania,Eagle Lake,hifld_pool
7523,40.1815,-78.2823,11,138.0,138.0,False,4.44,Pennsylvania,Ocean Ave,hifld_pool
7524,40.0621,-78.7383,11,138.0,138.0,False,4.78,Pennsylvania,Skidaway,hifld_pool
7525,40.5273,-78.2791,11,500.0,138.0,False,20.24,Pennsylvania,Boomerang,hifld_pool
7526,40.5057,-78.4218,11,138.0,138.0,False,20.24,Pennsylvania,Frank Jenkins,hifld_pool
7527,40.5198,-78.3832,11,138.0,138.0,False,20.24,Pennsylvania,Altoona,hifld_nearest
7528,40.5488,-78.2798,11,138.0,138.0,False,20.24,Pennsylvania,Williams,hifld_pool
7529,40.5041,-78.4615,11,138.0,138.0,False,18.25,Pennsylvania,Sundstrand,hifld_pool
7530,40.569,-78.3234,11,138.0,138.0,False,19.89,Pennsylvania,Nantahala,hifld_pool
7531,40.5438,-78.3197,11,138.0,138.0,False,17.66,Pennsylvania,Kennecott,hifld_pool
7532,40.4877,-78.4127,11,345.0,1.0,False,17.66,Pennsylvania,Dpc New Lisbon,hifld_pool
7533,40.6544,-78.3696,11,138.0,138.0,False,2.24,Pennsylvania,Colonial Village,hifld_pool
7534,40.6394,-78.2681,11,138.0,138.0,False,2.51,Pennsylvania,Stilwell,hifld_pool
7535,40.4174,-78.5723,11,138.0,138.0,False,9.02,Pennsylvania,Merced,hifld_pool
7536,40.44,-78.5854,11,138.0,138.0,False,13.13,Pennsylvania,Howard Beach,hifld_pool
7537,40.3726,-78.4541,11,138.0,138.0,False,9.26,Pennsylvania,Dysart,hifld_pool
7538,40.2947,-78.4386,11,138.0,138.0,False,4.21,Pennsylvania,Alabaster,hifld_pool
7539,40.5793,-78.4635,11,138.0,138.0,False,4.16,Pennsylvania,Calistoga,hifld_pool
7540,40.4666,-78.499,11,138.0,1.0,False,3.29,Pennsylvania,Penn Zeir,hifld_pool
7541,40.469,-78.4318,11,138.0,138.0,False,9.28,Pennsylvania,Mauka Fit One,hifld_pool
7542,40.4867,-78.3021,11,138.0,138.0,False,9.28,Pennsylvania,46Th Street,hifld_pool
7543,40.3755,-78.2894,11,138.0,138.0,False,9.28,Pennsylvania,Lynnwood,hifld_pool
7544,40.5091,-78.287,11,138.0,138.0,False,9.28,Pennsylvania,Slayden,hifld_pool
7545,40.6796,-78.2766,11,138.0,138.0,False,11.09,Pennsylvania,Porter,hifld_pool
7546,40.6454,-78.1538,11,138.0,138.0,False,14.59,Pennsylvania,Columbus South,hifld_pool
7547,40.6743,-78.2618,11,138.0,138.0,False,10.75,Pennsylvania,Ruth,hifld_pool
7548,40.4413,-78.1906,11,138.0,138.0,False,3.33,Pennsylvania,Huron,hifld_pool
7549,40.4864,-78.2647,11,138.0,138.0,False,6.67,Pennsylvania,J H Campbell,hifld_pool
7550,41.1199,-79.8364,11,138.0,138.0,False,6.21,Pennsylvania,Midway Lane Prairie,hifld_pool
7551,40.7692,-80.0081,11,138.0,138.0,False,9.49,Pennsylvania,Sand Dunes,hifld_pool
7552,40.8335,-79.8248,11,138.0,138.0,False,9.49,Pennsylvania,Gallagher Road,hifld_pool
7553,40.8331,-79.8969,11,138.0,138.0,False,13.25,Pennsylvania,Butler,hifld_nearest
7554,40.8211,-79.8194,11,138.0,138.0,False,9.49,Pennsylvania,Cabot,hifld_nearest
7555,40.8762,-79.9458,11,500.0,138.0,False,25.64,Pennsylvania,Lions Road,hifld_nearest
7556,40.964,-79.831,11,138.0,138.0,False,25.64,Pennsylvania,Avra Valley,hifld_pool
7557,40.9504,-80.0333,11,345.0,138.0,False,24.12,Pennsylvania,Norfolk Street,hifld_pool
7558,40.8828,-79.8009,11,345.0,1.0,False,25.62,Pennsylvania,Bullick Hollow,hifld_pool
7559,40.7313,-79.6871,11,138.0,138.0,False,3.32,Pennsylvania,Horseshoe,hifld_pool
7560,40.8243,-79.6345,11,138.0,138.0,False,3.32,Pennsylvania,Siphon Drop,hifld_pool
7561,40.7954,-79.7499,11,138.0,138.0,False,6.59,Pennsylvania,Harrington,hifld_pool
7562,40.6481,-80.2491,11,345.0,138.0,False,18.52,Pennsylvania,Poly,hifld_pool
7563,40.7042,-80.1685,11,138.0,138.0,False,16.77,Pennsylvania,Nottely,hifld_pool
7564,40.7215,-80.089,11,500.0,1.0,False,22.23,Pennsylvania,Cranberry,hifld_nearest
7565,40.7109,-80.1299,11,138.0,1.0,False,17.009999999999998,Pennsylvania,Reynolds,hifld_pool
7566,41.1528,-79.7046,11,138.0,138.0,False,4.13,Pennsylvania,Mooreland,hifld_pool
7567,41.2439,-79.7056,11,138.0,138.0,False,4.36,Pennsylvania,Pelham,hifld_pool
7568,41.1714,-79.6846,11,138.0,138.0,False,4.62,Pennsylvania,Secord,hifld_pool
7569,40.767,-80.0931,11,138.0,138.0,False,4.91,Pennsylvania,Plum Point Energy Station,hifld_pool
7570,40.8112,-80.057,11,138.0,138.0,False,7.35,Pennsylvania,Puntledge,hifld_pool
7571,40.8395,-79.9722,11,138.0,138.0,False,5.16,Pennsylvania,Powers,hifld_pool
7572,41.2084,-80.001,11,138.0,138.0,False,9.65,Pennsylvania,Vegas,hifld_pool
7573,41.1549,-80.0897,11,138.0,138.0,False,9.65,Pennsylvania,Campbell,hifld_nearest
7574,41.2472,-80.0033,11,138.0,138.0,False,10.9,Pennsylvania,Callaway,hifld_pool
7575,41.1411,-80.1164,11,345.0,1.0,False,12.29,Pennsylvania,Meadow Lake Wind Farm Ii Llc,hifld_pool
7576,41.0951,-79.9817,11,138.0,138.0,False,3.72,Pennsylvania,Morton Court,hifld_pool
7577,41.1964,-79.9048,11,138.0,138.0,False,3.2,Pennsylvania,Fairlawn,hifld_pool
7578,41.2108,-79.9446,11,138.0,138.0,False,2.8,Pennsylvania,Himes,hifld_pool
7579,41.0326,-80.1137,11,138.0,138.0,False,2.62,Pennsylvania,North Slope Llc,hifld_pool
7580,40.8846,-80.171,11,138.0,138.0,False,4.21,Pennsylvania,Midway-Siena,hifld_pool
7581,40.8884,-79.9849,11,138.0,138.0,False,6.1,Pennsylvania,Munising,hifld_pool
7582,40.7834,-79.9526,11,138.0,138.0,False,3.2,Pennsylvania,5069 Univ. Catolica,hifld_pool
7583,40.6874,-79.8465,11,138.0,138.0,False,4.07,Pennsylvania,Houseville,hifld_nearest
7584,40.7869,-79.8603,11,138.0,138.0,False,3.82,Pennsylvania,Irasburg,hifld_pool
7585,41.0261,-79.9946,11,138.0,138.0,False,11.18,Pennsylvania,Keister,hifld_nearest
7586,40.985,-80.1535,11,138.0,138.0,False,11.08,Pennsylvania,Mac Heights,hifld_pool
7587,40.9788,-80.0357,11,138.0,138.0,False,11.08,Pennsylvania,Webster Ic,hifld_pool
7588,40.9909,-79.896,11,138.0,138.0,False,4.4,Pennsylvania,Dierks,hifld_pool
7589,41.0342,-79.9049,11,138.0,138.0,False,2.49,Pennsylvania,West Cedar,hifld_pool
7590,40.7389,-78.8201,11,138.0,138.0,False,3.37,Pennsylvania,Hedda,hifld_pool
7591,40.8131,-78.4539,11,138.0,138.0,False,2.18,Pennsylvania,Elk Plain,hifld_pool
7592,40.7908,-78.5383,11,138.0,138.0,False,5.93,Pennsylvania,Isabela Planta 7504,hifld_pool
7593,40.7749,-78.4714,11,138.0,138.0,False,3.55,Pennsylvania,Dairy Road,hifld_pool
7594,40.4406,-78.6877,11,138.0,138.0,False,4.49,Pennsylvania,Parr,hifld_pool
7595,40.5583,-78.7412,11,138.0,138.0,False,14.04,Pennsylvania,West Jackson,hifld_pool
7596,40.4696,-78.7857,11,138.0,138.0,False,9.38,Pennsylvania,Ebensburg Power,hifld_nearest
7597,40.5252,-78.8046,11,138.0,138.0,False,8.85,Pennsylvania,Colver Power Project,hifld_nearest
7598,40.7072,-78.4096,11,138.0,138.0,False,1.93,Pennsylvania,Tuckasegee,hifld_pool
7599,40.6299,-78.4564,11,138.0,138.0,False,2.38,Pennsylvania,Dodge Bridge,hifld_pool
7600,40.656,-78.7246,11,138.0,138.0,False,3.04,Pennsylvania,Hogback,hifld_pool
7601,40.7367,-78.7511,11,138.0,138.0,False,6.61,Pennsylvania,Land O Lakes,hifld_pool
7602,40.3024,-78.8366,11,138.0,138.0,False,9.92,Pennsylvania,Cadyville,hifld_pool
7603,40.3103,-78.8587,11,138.0,138.0,False,12.28,Pennsylvania,Kerman,hifld_pool
7604,40.2428,-78.7971,11,138.0,138.0,False,9.92,Pennsylvania,Univ Of Nc Chapel Hill Cogen Facility,hifld_pool
7605,40.3241,-78.9463,11,345.0,138.0,False,21.62,Pennsylvania,Oasis,hifld_pool
7606,40.4114,-78.8601,11,138.0,138.0,False,6.62,Pennsylvania,Castro Valley,hifld_pool
7607,40.3958,-78.9226,11,138.0,138.0,False,4.47,Pennsylvania,Johnstown,hifld_nearest
7608,40.349,-78.8835,11,138.0,138.0,False,13.46,Pennsylvania,Timberline,hifld_pool
7609,40.3383,-78.8087,11,138.0,138.0,False,10.33,Pennsylvania,Spring City,hifld_pool
7610,40.3888,-78.8772,11,138.0,138.0,False,6.48,Pennsylvania,Wasson Switching,hifld_pool
7611,40.3322,-78.9665,11,138.0,138.0,False,8.88,Pennsylvania,Greenbush,hifld_pool
7612,40.4465,-78.9204,11,138.0,138.0,False,14.77,Pennsylvania,Garnet Mesa,hifld_pool
7613,40.342,-78.9594,11,138.0,138.0,False,12.22,Pennsylvania,Rattlesnake Creek Wind Project,hifld_pool
7614,40.291,-79.0245,11,138.0,138.0,False,12.68,Pennsylvania,Mcindoes,hifld_pool
7615,40.1964,-79.0063,11,138.0,138.0,False,15.21,Pennsylvania,Intermountain,hifld_pool
7616,40.3031,-79.0162,11,138.0,138.0,False,15.45,Pennsylvania,Smoky Hill,hifld_pool
7617,40.265,-79.0015,11,138.0,138.0,False,17.98,Pennsylvania,Vernon Terminal,hifld_pool
7618,40.5953,-78.6466,11,138.0,138.0,False,3.75,Pennsylvania,Dynegy Oakland Power Plant,hifld_pool
7619,40.5002,-78.6131,11,138.0,138.0,False,4.23,Pennsylvania,Whitehall,hifld_pool
7620,40.4728,-78.5393,11,138.0,138.0,False,7.64,Pennsylvania,Keokuk,hifld_pool
7621,40.5475,-78.8899,11,138.0,138.0,False,6.44,Pennsylvania,Lake Pulaski,hifld_pool
7622,40.4682,-78.8361,11,138.0,138.0,False,3.48,Pennsylvania,Carraizo 1201,hifld_pool
7623,40.6319,-78.8718,11,138.0,138.0,False,6.42,Pennsylvania,Milford Power Project,hifld_pool
7624,40.5998,-78.8282,11,138.0,138.0,False,7.38,Pennsylvania,Toyota,hifld_pool
7625,40.598,-78.8539,11,138.0,138.0,False,4.93,Pennsylvania,White Lake,hifld_pool
7626,40.6454,-78.5641,11,138.0,138.0,False,4.4,Pennsylvania,Newbury,hifld_pool
7627,40.6398,-78.6302,11,138.0,138.0,False,3.43,Pennsylvania,Aecc Jonesboro North,hifld_pool
7628,40.5433,-78.6131,11,138.0,138.0,False,3.01,Pennsylvania,Eliot,hifld_pool
7629,40.294,-78.6726,11,138.0,138.0,False,2.32,Pennsylvania,Highland Wind Project Pa,hifld_nearest
7630,40.383,-78.7705,11,138.0,138.0,False,5.93,Pennsylvania,Marshall Dam,hifld_pool
7631,40.3851,-78.7034,11,138.0,138.0,False,2.61,Pennsylvania,Philip,hifld_pool
7632,40.4167,-78.7315,11,138.0,138.0,False,3.49,Pennsylvania,Grandfather Falls,hifld_pool
7633,40.22,-78.7516,11,138.0,138.0,False,8.85,Pennsylvania,La Neuville,hifld_pool
7634,40.278,-78.7354,11,138.0,138.0,False,9.98,Pennsylvania,Bridgeville,hifld_pool
7635,40.3123,-78.7507,11,138.0,138.0,False,12.37,Pennsylvania,Gmp Solar - Richmond,hifld_pool
7636,41.6119,-78.0502,11,138.0,138.0,False,2.22,Pennsylvania,Forest Lake,hifld_pool
7637,41.5936,-77.9103,11,138.0,138.0,False,1.11,Pennsylvania,Viejo,hifld_pool
7638,41.3467,-78.164,11,138.0,138.0,False,1.28,Pennsylvania,Shooks Gap,hifld_pool
7639,41.605,-78.319,11,138.0,138.0,False,3.61,Pennsylvania,International Falls Power,hifld_pool
7640,41.5009,-78.3563,11,138.0,138.0,False,7.22,Pennsylvania,Potato Rapids,hifld_pool
7641,41.1857,-77.6455,11,138.0,138.0,False,1.82,Pennsylvania,Roberts,hifld_pool
7642,41.186,-77.7503,11,138.0,138.0,False,1.82,Pennsylvania,Horizon,hifld_pool
7643,41.1148,-77.7025,11,138.0,138.0,False,1.82,Pennsylvania,Delsur,hifld_pool
7644,40.9749,-77.7776,11,138.0,138.0,False,15.9,Pennsylvania,Petersburg,hifld_pool
7645,40.9326,-77.7024,11,138.0,138.0,False,15.9,Pennsylvania,Portland Fl,hifld_pool
7646,40.9174,-77.7775,11,138.0,138.0,False,16.14,Pennsylvania,Milesburg,hifld_nearest
7647,40.9135,-77.7958,11,345.0,138.0,False,16.14,Pennsylvania,Salado Tap,hifld_pool
7648,40.7183,-77.6727,11,138.0,138.0,False,3.18,Pennsylvania,Marlette,hifld_pool
7649,40.8106,-77.697,11,138.0,138.0,False,7.4,Pennsylvania,Eastmont,hifld_pool
7650,40.8266,-77.6298,11,138.0,138.0,False,6.71,Pennsylvania,Rhodes Lake,hifld_pool
7651,40.7223,-77.7599,11,138.0,138.0,False,3.57,Pennsylvania,Floresville,hifld_pool
7652,41.0636,-77.8581,11,138.0,138.0,False,1.59,Pennsylvania,Auburn-Watt,hifld_pool
7653,41.0178,-77.582,11,138.0,138.0,False,6.02,Pennsylvania,Stewart,hifld_pool
7654,40.998,-77.7254,11,138.0,138.0,False,9.45,Pennsylvania,Anson Abenaki Hydros,hifld_pool
7655,40.8664,-77.9316,11,138.0,138.0,False,4.84,Pennsylvania,Eaton,hifld_pool
7656,40.944,-77.9725,11,138.0,138.0,False,2.21,Pennsylvania,Delta,hifld_pool
7657,41.088,-78.0016,11,138.0,138.0,False,1.84,Pennsylvania,Alder Creek-Bradshaw,hifld_pool
7658,41.2078,-78.0902,11,138.0,138.0,False,1.81,Pennsylvania,Wharton,hifld_pool
7659,40.8102,-78.2324,11,138.0,138.0,False,2.74,Pennsylvania,Lascassas,hifld_pool
7660,40.8092,-78.3216,11,138.0,138.0,False,2.36,Pennsylvania,Hirsch Road,hifld_pool
7661,40.6701,-78.0119,11,138.0,138.0,False,3.17,Pennsylvania,Cedar Cliff,hifld_pool
7662,40.8569,-78.205,11,138.0,138.0,False,8.93,Pennsylvania,Eel Weir,hifld_pool
7663,40.7934,-78.1177,11,138.0,138.0,False,7.87,Pennsylvania,Station 153,hifld_pool
7664,40.9111,-78.2722,11,345.0,138.0,False,9.71,Pennsylvania,Algoma,hifld_pool
7665,40.761,-78.0654,11,138.0,138.0,False,8.42,Pennsylvania,Cardinal,hifld_pool
7666,40.8337,-78.0719,11,138.0,138.0,False,5.61,Pennsylvania,South Baltimore,hifld_pool
7667,40.8729,-78.0072,11,138.0,138.0,False,6.71,Pennsylvania,Bairoa 3008,hifld_pool
7668,40.9899,-77.9708,11,138.0,138.0,False,2.62,Pennsylvania,Montaguecabot,hifld_pool
7669,40.8001,-77.5366,11,138.0,1.0,False,3.44,Pennsylvania,G E Turner,hifld_pool
7670,40.8182,-77.9123,11,138.0,138.0,False,25.58,Pennsylvania,Big Hollow Road,hifld_nearest
7671,40.7997,-77.796,11,138.0,138.0,False,26.65,Pennsylvania,Casey West,hifld_pool
7672,40.8233,-77.8242,11,500.0,138.0,False,39.12,Pennsylvania,Orchard Road,hifld_nearest
7673,40.7938,-77.8979,11,345.0,138.0,False,25.96,Pennsylvania,West Campus,hifld_nearest
7674,40.8732,-77.9848,11,138.0,138.0,False,14.15,Pennsylvania,Warehouse Electric,hifld_pool
7675,40.7017,-77.9701,11,138.0,138.0,False,17.49,Pennsylvania,Matanzas,hifld_pool
7676,40.8507,-77.7878,11,138.0,138.0,False,18.21,Pennsylvania,Canyon Dam,hifld_pool
7677,40.6456,-77.9495,11,345.0,138.0,False,15.62,Pennsylvania,Glendale,hifld_pool
7678,40.7893,-77.9298,11,138.0,138.0,False,10.17,Pennsylvania,Tilbury Cement,hifld_pool
7679,40.7551,-77.9792,11,138.0,138.0,False,10.17,Pennsylvania,Mequon,hifld_pool
7680,41.2543,-79.3776,11,138.0,138.0,False,9.56,Pennsylvania,Taylor West,hifld_pool
7681,41.2105,-79.4027,11,138.0,138.0,False,8.07,Pennsylvania,Piney,hifld_nearest
7682,41.3331,-79.4147,11,138.0,138.0,False,9.11,Pennsylvania,Maquoketa,hifld_pool
7683,41.3101,-79.6517,11,138.0,138.0,False,3.24,Pennsylvania,Madison-Kenneth,hifld_pool
7684,41.1891,-79.6238,11,138.0,138.0,False,3.41,Pennsylvania,Deltaport Tap,hifld_pool
7685,41.2178,-79.5194,11,138.0,138.0,False,3.55,Pennsylvania,Jim Ready,hifld_pool
7686,41.1177,-79.5839,11,138.0,138.0,False,5.12,Pennsylvania,Powersville Road,hifld_pool
7687,41.3691,-79.2489,11,138.0,138.0,False,2.82,Pennsylvania,North Mullet River,hifld_pool
7688,41.0693,-79.5276,11,138.0,138.0,False,4.16,Pennsylvania,Packard,hifld_pool
7689,40.982,-79.5643,11,138.0,138.0,False,4.81,Pennsylvania,Allegheny Hydro No 9,hifld_nearest
7690,41.1245,-79.4719,11,138.0,138.0,False,4.2,Pennsylvania,Circle 1,hifld_pool
7691,41.3156,-79.4894,11,138.0,138.0,False,3.19,Pennsylvania,56Th,hifld_pool
7692,41.2705,-79.4146,11,138.0,138.0,False,3.3,Pennsylvania,Meadow Lane,hifld_pool
7693,41.1763,-79.489,11,138.0,138.0,False,3.03,Pennsylvania,Gran Grae,hifld_pool
7694,41.3445,-78.9597,11,138.0,138.0,False,1.38,Pennsylvania,Round Rock South,hifld_pool
7695,41.0578,-79.3696,11,138.0,138.0,False,3.12,Pennsylvania,S. Land Park,hifld_pool
7696,41.2043,-79.2451,11,138.0,138.0,False,4.45,Pennsylvania,Western,hifld_pool
7697,41.1588,-79.3166,11,138.0,138.0,False,1.88,Pennsylvania,Hilmar,hifld_pool
7698,41.1091,-79.2412,11,138.0,138.0,False,2.88,Pennsylvania,Corinth,hifld_pool
7699,41.4375,-79.3077,11,345.0,138.0,False,4.69,Pennsylvania,Live Oak,hifld_pool
7700,41.4392,-79.3754,11,138.0,138.0,False,4.41,Pennsylvania,Valley We,hifld_pool
7701,41.4687,-79.3668,11,138.0,138.0,False,2.84,Pennsylvania,Ironbound,hifld_pool
7702,41.2455,-78.8882,11,345.0,138.0,False,8.62,Pennsylvania,San German Tc 6406,hifld_pool
7703,41.2637,-78.9095,11,138.0,138.0,False,4.31,Pennsylvania,Lauderdale,hifld_pool
7704,40.9941,-78.3877,11,138.0,138.0,False,11.43,Pennsylvania,Blockhouse,hifld_pool
7705,41.0488,-78.4804,11,138.0,138.0,False,11.06,Pennsylvania,Calpeak,hifld_pool
7706,41.0037,-78.5275,11,138.0,138.0,False,12.68,Pennsylvania,Pilot Rock,hifld_pool
7707,40.9584,-78.6673,11,138.0,138.0,False,5.71,Pennsylvania,Bellis,hifld_pool
7708,40.9259,-78.5895,11,138.0,138.0,False,8.51,Pennsylvania,Glenannan,hifld_pool
7709,41.0569,-78.6764,11,345.0,138.0,False,12.96,Pennsylvania,Stegall,hifld_pool
7710,41.0722,-78.7088,11,138.0,138.0,False,13.79,Pennsylvania,Foothill,hifld_pool
7711,41.1075,-78.6523,11,138.0,138.0,False,12.93,Pennsylvania,Punta Del Mar 7302,hifld_pool
7712,41.2053,-78.6086,11,138.0,138.0,False,15.19,Pennsylvania,Repetto,hifld_pool
7713,41.1138,-78.8384,11,138.0,138.0,False,4.17,Pennsylvania,Johanna,hifld_pool
7714,41.2169,-78.8253,11,138.0,138.0,False,2.73,Pennsylvania,Mich Transmitter Facility,hifld_pool
7715,41.1613,-78.2352,11,138.0,138.0,False,2.07,Pennsylvania,Moshannon,hifld_nearest
7716,41.0122,-78.6739,11,138.0,138.0,False,3.19,Pennsylvania,Celery,hifld_pool
7717,40.8679,-78.4185,11,138.0,138.0,False,4.63,Pennsylvania,Churchs Ferry,hifld_pool
7718,40.8531,-78.3626,11,138.0,138.0,False,5.7,Pennsylvania,Edge Moor,hifld_pool
7719,40.9029,-78.4053,11,138.0,138.0,False,7.57,Pennsylvania,Antelope,hifld_pool
7720,40.8721,-78.4956,11,138.0,138.0,False,2.81,Pennsylvania,Southwest Jackson,hifld_pool
7721,40.8775,-78.7125,11,138.0,138.0,False,5.06,Pennsylvania,South Plant,hifld_pool
7722,41.0772,-78.2036,11,138.0,138.0,False,3.2,Pennsylvania,Santa Maria 5008,hifld_pool
7723,40.9205,-78.2256,11,138.0,138.0,False,8.7,Pennsylvania,Philipsburg,hifld_nearest
7724,41.1502,-78.4717,11,138.0,138.0,False,1.11,Pennsylvania,Woodpecker,hifld_pool
7725,40.9728,-78.9117,11,138.0,138.0,False,15.15,Pennsylvania,Red Oak Ap,hifld_pool
7726,40.9407,-79.0362,11,138.0,138.0,False,12.96,Pennsylvania,Byron Bethany,hifld_pool
7727,40.9752,-79.0504,11,345.0,138.0,False,13.57,Pennsylvania,Lemon Cove,hifld_pool
7728,40.9699,-78.2938,11,138.0,138.0,False,8.62,Pennsylvania,Mann,hifld_pool
7729,41.0161,-78.1356,11,138.0,138.0,False,3.32,Pennsylvania,Fort Clarke,hifld_pool
7730,41.0163,-78.3465,11,138.0,138.0,False,3.11,Pennsylvania,Employee,hifld_pool
7731,41.0886,-77.574,11,345.0,1.0,False,6.88,Pennsylvania,Tropical,hifld_pool
7732,41.1588,-77.4383,11,138.0,138.0,False,5.64,Pennsylvania,Bridge River,hifld_pool
7733,41.1219,-77.5318,11,138.0,138.0,False,5.64,Pennsylvania,Kendall,hifld_pool
7734,41.435,-77.6949,11,138.0,138.0,False,1.58,Pennsylvania,Malden,hifld_pool
7735,41.3138,-77.8489,11,138.0,138.0,False,3.87,Pennsylvania,Malta,hifld_pool
7736,41.3779,-77.7981,11,138.0,138.0,False,1.85,Pennsylvania,Crystal Valley,hifld_pool
7737,41.9235,-80.4642,11,138.0,138.0,False,6.38,Pennsylvania,Judd Brook,hifld_pool
7738,41.7908,-80.4189,11,345.0,1.0,False,11.4,Pennsylvania,Karn,hifld_pool
7739,41.8999,-80.3869,11,138.0,138.0,False,5.24,Pennsylvania,Three Points,hifld_pool
7740,41.8773,-79.9901,11,138.0,138.0,False,5.75,Pennsylvania,Fort Payne Primary,hifld_pool
7741,41.7238,-80.0284,11,138.0,138.0,False,6.31,Pennsylvania,Garland,hifld_pool
7742,41.8462,-80.0505,11,138.0,138.0,False,5.6,Pennsylvania,Capacitor,hifld_pool
7743,41.743,-79.7773,11,138.0,138.0,False,2.6,Pennsylvania,St. Augustine,hifld_pool
7744,41.6911,-79.7961,11,138.0,138.0,False,2.67,Pennsylvania,The Mosaic Company Plant City Facility,hifld_pool
7745,41.7903,-79.8289,11,138.0,138.0,False,2.6,Pennsylvania,Freezeout,hifld_pool
7746,41.5029,-80.1506,11,138.0,138.0,False,4.39,Pennsylvania,Skylark,hifld_pool
7747,41.5432,-80.0843,11,138.0,138.0,False,4.84,Pennsylvania,Carnestown,hifld_pool
7748,41.5643,-80.05,11,138.0,138.0,False,4.39,Pennsylvania,Kempster,hifld_pool
7749,41.5661,-80.3741,11,138.0,138.0,False,4.33,Pennsylvania,Cochrane Dam,hifld_pool
7750,41.5706,-80.3398,11,138.0,138.0,False,4.58,Pennsylvania,Military Highway,hifld_pool
7751,41.6225,-80.2908,11,138.0,138.0,False,4.65,Pennsylvania,Beechwood Dp,hifld_pool
7752,41.7304,-80.3948,11,138.0,138.0,False,2.8,Pennsylvania,Carrizo Plains,hifld_pool
7753,41.7191,-80.3342,11,138.0,138.0,False,3.11,Pennsylvania,Abilene Energy Center Combustion Turbine,hifld_pool
7754,41.5599,-79.872,11,138.0,138.0,False,2.32,Pennsylvania,Twenty Nine Palms,hifld_pool
7755,41.8761,-79.6436,11,345.0,138.0,False,9.02,Pennsylvania,Wine Country,hifld_pool
7756,41.872,-79.5493,11,138.0,138.0,False,9.02,Pennsylvania,D'Hanis,hifld_pool
7758,41.9501,-80.1143,11,138.0,138.0,False,12.69,Pennsylvania,Muscoda Industrial,hifld_pool
7759,41.9663,-80.2231,11,138.0,138.0,False,8.35,Pennsylvania,South Fifth Street,hifld_pool
7760,41.8793,-80.2216,11,138.0,138.0,False,8.35,Pennsylvania,Las Colinas,hifld_pool
7761,41.4043,-80.3647,11,138.0,138.0,False,10.87,Pennsylvania,Tulsa North,hifld_pool
7762,41.4325,-80.4731,11,138.0,138.0,False,10.87,Pennsylvania,Kossuth,hifld_pool
7763,41.384,-80.4071,11,138.0,138.0,False,10.87,Pennsylvania,Norris Dam,hifld_pool
7764,41.5517,-80.3498,11,345.0,138.0,False,11.61,Pennsylvania,Western Fher,hifld_pool
7765,41.6436,-80.0528,11,138.0,138.0,False,2.37,Pennsylvania,Citrus-Coloma,hifld_pool
7766,41.667,-80.0031,11,138.0,138.0,False,5.85,Pennsylvania,Alberta,hifld_pool
7767,41.508,-80.4964,11,138.0,138.0,False,3.84,Pennsylvania,Brassua Hydroelectric Project,hifld_pool
7768,41.5641,-80.4562,11,138.0,138.0,False,3.1,Pennsylvania,Cairo Bend,hifld_pool
7769,41.4959,-80.3699,11,138.0,138.0,False,4.34,Pennsylvania,Timnath,hifld_pool
7770,41.7376,-80.4667,11,138.0,138.0,False,3.73,Pennsylvania,Milstead,hifld_pool
7771,41.7166,-80.4439,11,138.0,138.0,False,3.73,Pennsylvania,Bandini,hifld_pool
7772,41.6841,-80.53,11,138.0,138.0,False,3.73,Pennsylvania,Cypress Gardens,hifld_pool
7773,41.6594,-80.129,11,138.0,138.0,False,17.0,Pennsylvania,Crist,hifld_pool
7774,41.6104,-80.0922,11,138.0,138.0,False,17.0,Pennsylvania,Albertville,hifld_pool
7775,41.6086,-80.0737,11,500.0,138.0,False,17.0,Pennsylvania,Trezevant,hifld_pool
7776,41.6073,-80.1786,11,138.0,138.0,False,17.32,Pennsylvania,Hollywood,hifld_pool
7777,41.811,-80.0691,11,138.0,138.0,False,5.0,Pennsylvania,Reedsburg,hifld_pool
7778,41.8254,-80.1662,11,138.0,138.0,False,6.37,Pennsylvania,Blountville Sw Station,hifld_pool
7779,41.6276,-80.1701,11,138.0,138.0,False,4.29,Pennsylvania,Sewalls,hifld_pool
7780,41.7308,-79.671,11,138.0,138.0,False,2.38,Pennsylvania,Nichols,hifld_pool
7781,41.8326,-79.6497,11,138.0,138.0,False,2.38,Pennsylvania,Inez,hifld_pool
7782,41.858,-79.691,11,138.0,138.0,False,2.38,Pennsylvania,Broad Street,hifld_pool
7783,41.8359,-80.4795,11,138.0,138.0,False,2.81,Pennsylvania,Orangevale,hifld_pool
7784,41.5717,-79.7222,11,138.0,138.0,False,9.13,Pennsylvania,Cortland,hifld_pool
7785,41.6118,-79.6312,11,138.0,138.0,False,9.13,Pennsylvania,Morris,hifld_pool
7786,41.5462,-79.7257,11,138.0,138.0,False,10.23,Pennsylvania,Homestead Wind Llc,hifld_pool
7787,41.8036,-79.8972,11,138.0,1.0,False,2.2,Pennsylvania,Mcinnes,hifld_pool
7788,41.876,-79.7408,11,138.0,138.0,False,6.44,Pennsylvania,Flathead,hifld_pool
7789,41.8678,-79.9095,11,138.0,138.0,False,6.59,Pennsylvania,Brookhurst,hifld_pool
7790,41.8948,-79.821,11,138.0,138.0,False,6.44,Pennsylvania,East Calamus,hifld_pool
7791,41.9054,-79.9491,11,138.0,138.0,False,8.08,Pennsylvania,Little Rock Roland Road,hifld_pool
7792,42.0126,-80.0251,11,138.0,138.0,False,8.08,Pennsylvania,Osborne,hifld_pool
7793,41.9506,-80.0074,11,138.0,138.0,False,8.08,Pennsylvania,White River,hifld_pool
7794,40.211,-77.4919,11,138.0,138.0,False,2.75,Pennsylvania,Chilcoot,hifld_pool
7795,40.1703,-77.4922,11,138.0,138.0,False,2.82,Pennsylvania,Ninth Street Hydropower Project,hifld_pool
7796,40.2859,-77.5739,11,138.0,138.0,False,4.43,Pennsylvania,Casaloma,hifld_pool
7797,41.2094,-78.7266,11,138.0,138.0,False,1.14,Pennsylvania,Dugas,hifld_pool
7798,41.4343,-78.5941,11,138.0,138.0,False,2.55,Pennsylvania,West Diesel Generation Unit,hifld_pool
7799,41.5277,-78.6675,11,138.0,138.0,False,2.55,Pennsylvania,Databank,hifld_pool
7800,41.459,-78.6602,11,138.0,138.0,False,2.55,Pennsylvania,Johnsonburg Mill,hifld_nearest
7801,41.6206,-78.8063,11,138.0,138.0,False,5.66,Pennsylvania,Austin Dam,hifld_pool
7802,41.6127,-78.8846,11,345.0,138.0,False,5.24,Pennsylvania,Hidalgo Smelter,hifld_pool
7803,41.5724,-78.8712,11,138.0,138.0,False,5.05,Pennsylvania,Lehigh,hifld_pool
7804,41.2934,-78.6275,11,138.0,138.0,False,3.08,Pennsylvania,Mianus,hifld_pool
7805,41.3353,-78.58,11,138.0,138.0,False,6.29,Pennsylvania,Battle Creek,hifld_pool
7806,41.4275,-78.796,11,138.0,138.0,False,5.24,Pennsylvania,Browns Falls,hifld_pool
7807,41.3837,-78.7841,11,138.0,138.0,False,5.24,Pennsylvania,Gateway,hifld_pool
7808,41.3807,-78.8558,11,138.0,1.0,False,6.09,Pennsylvania,Holt Dam,hifld_pool
7809,41.3949,-78.5637,11,500.0,138.0,False,10.53,Pennsylvania,Carbon Center,hifld_nearest
7810,41.3989,-78.4211,11,138.0,138.0,False,10.79,Pennsylvania,Southwick,hifld_pool
7811,41.3763,-78.5555,11,138.0,138.0,False,11.02,Pennsylvania,Daves Falls,hifld_pool
7812,41.3398,-78.2869,11,138.0,138.0,False,2.28,Pennsylvania,Marinette,hifld_pool
7813,41.2272,-78.324,11,138.0,138.0,False,1.08,Pennsylvania,Spencer Reit,hifld_pool
7814,41.5956,-78.5529,11,138.0,138.0,False,1.06,Pennsylvania,Kahe 2,hifld_pool
7815,41.6792,-78.5199,11,138.0,138.0,False,2.29,Pennsylvania,Ranchtown,hifld_pool
7816,42.1164,-79.9131,11,138.0,138.0,False,15.31,Pennsylvania,Hyde Park,hifld_pool
7817,42.0192,-79.9927,11,138.0,138.0,False,15.31,Pennsylvania,Brooksville West,hifld_pool
7818,42.0954,-79.8757,11,138.0,138.0,False,15.31,Pennsylvania,Cactus,hifld_pool
7819,42.1975,-79.9344,11,500.0,138.0,False,28.39,Pennsylvania,Boulevard,hifld_pool
7820,42.186,-79.9717,11,138.0,138.0,False,9.07,Pennsylvania,Friendship,hifld_pool
7821,41.9916,-80.05,11,138.0,138.0,False,16.02,Pennsylvania,Arpin,hifld_pool
7822,42.0868,-80.0501,11,138.0,138.0,False,20.2,Pennsylvania,Eerie South,hifld_nearest
7823,42.0437,-80.0914,11,345.0,1.0,False,16.02,Pennsylvania,Rush Citycaps,hifld_pool
7824,41.9676,-79.9657,11,345.0,138.0,False,16.17,Pennsylvania,Skito,hifld_pool
7825,42.1453,-80.0655,11,138.0,138.0,False,11.64,Pennsylvania,Hammerhill,hifld_pool
7826,42.0238,-80.105,11,138.0,138.0,False,10.35,Pennsylvania,Goshen,hifld_pool
7827,42.1679,-79.9989,11,138.0,138.0,False,19.42,Pennsylvania,Newhall,hifld_pool
7828,42.1277,-80.0524,11,138.0,138.0,False,10.35,Pennsylvania,Ray,hifld_pool
7829,42.0993,-80.0288,11,138.0,138.0,False,10.07,Pennsylvania,Qualitech,hifld_pool
7830,42.1058,-80.0389,11,138.0,138.0,False,10.07,Pennsylvania,Columbia Mo,hifld_pool
7831,42.1451,-80.0466,11,138.0,138.0,False,18.9,Pennsylvania,Necanicum,hifld_pool
7832,42.1379,-80.0772,11,138.0,138.0,False,11.38,Pennsylvania,Sanderson,hifld_pool
7833,42.0844,-80.0942,11,138.0,138.0,False,8.83,Pennsylvania,Columbine,hifld_pool
7834,42.0393,-80.1056,11,138.0,138.0,False,9.59,Pennsylvania,Franklin Drive,hifld_pool
7835,42.1783,-79.9868,11,138.0,138.0,False,9.59,Pennsylvania,Retah,hifld_pool
7836,42.0939,-80.1651,11,138.0,138.0,False,9.59,Pennsylvania,Standard Oil 1,hifld_pool
7837,42.0635,-80.1124,11,138.0,138.0,False,9.96,Pennsylvania,Bethel Road,hifld_pool
7838,42.0532,-80.0036,11,138.0,138.0,False,9.96,Pennsylvania,Crmwa4,hifld_pool
7839,42.0796,-80.0766,11,138.0,138.0,False,9.96,Pennsylvania,Geysers Tap 1,hifld_pool
7840,42.0354,-80.1186,11,138.0,138.0,False,9.96,Pennsylvania,Universal Studios Studio Master,hifld_pool
7841,42.1616,-80.0993,11,345.0,138.0,False,11.18,Pennsylvania,Getz,hifld_pool
7842,42.1615,-80.1237,11,138.0,138.0,True,20.32,Pennsylvania,Crow River,hifld_pool
7843,42.113,-80.1543,11,138.0,138.0,False,10.26,Pennsylvania,Lammers Tap,hifld_pool
7844,42.099,-80.1389,11,138.0,138.0,False,10.26,Pennsylvania,Malaspina,hifld_pool
7845,42.0358,-80.146,11,138.0,138.0,False,14.17,Pennsylvania,Hastings,hifld_pool
7846,42.0551,-80.1858,11,138.0,138.0,False,14.17,Pennsylvania,Saylor,hifld_pool
7847,42.0624,-80.1593,11,500.0,138.0,False,23.76,Pennsylvania,Lower Ollala,hifld_pool
7848,42.0011,-80.1602,11,138.0,138.0,False,14.17,Pennsylvania,Greenwell,hifld_pool
7849,42.0209,-80.2229,11,138.0,138.0,False,7.1,Pennsylvania,Geer,hifld_pool
7850,42.0437,-80.2673,11,138.0,138.0,False,7.1,Pennsylvania,Lexington Health Center,hifld_pool
7851,42.0711,-80.1495,11,138.0,138.0,False,7.1,Pennsylvania,Acec Chateau,hifld_pool
7852,41.9091,-80.2575,11,138.0,138.0,False,8.11,Pennsylvania,Hanson,hifld_pool
7853,41.9992,-80.3494,11,138.0,138.0,False,9.29,Pennsylvania,Portuguez,hifld_pool
7854,41.9441,-80.4164,11,345.0,1.0,False,7.819999999999999,Pennsylvania,Erie West,hifld_nearest
7855,42.1455,-79.922,11,138.0,138.0,False,4.59,Pennsylvania,Lake Tarpon,hifld_pool
7856,42.0348,-80.3344,11,138.0,138.0,False,5.02,Pennsylvania,Sanford,hifld_pool
7857,41.9753,-80.4474,11,138.0,138.0,False,5.86,Pennsylvania,Webster City,hifld_pool
7858,41.9746,-80.297,11,138.0,138.0,False,3.55,Pennsylvania,Stiles Sw Sta,hifld_pool
7859,41.9725,-80.1074,11,138.0,138.0,False,7.31,Pennsylvania,Fairport,hifld_pool
7860,42.1223,-79.8743,11,138.0,138.0,False,9.94,Pennsylvania,Deer Park,hifld_pool
7861,42.1653,-79.8111,11,138.0,138.0,False,9.94,Pennsylvania,Sleepy Eye,hifld_pool
7862,42.2511,-79.8095,11,138.0,138.0,True,9.94,Pennsylvania,Bushland,hifld_pool
7863,42.0311,-79.9045,11,138.0,138.0,False,2.36,Pennsylvania,Hills Creek,hifld_pool
7864,42.0616,-79.8064,11,138.0,138.0,False,2.36,Pennsylvania,El Monte,hifld_pool
7865,41.9842,-79.7865,11,138.0,138.0,False,2.36,Pennsylvania,Edgewater Station,hifld_pool
7866,40.1286,-79.4284,11,138.0,138.0,False,5.0,Pennsylvania,Turkey Point,hifld_pool
7867,40.2375,-79.8557,11,138.0,138.0,False,9.5,Pennsylvania,W.E. Williams,hifld_pool
7868,40.1156,-79.8225,11,138.0,138.0,False,10.39,Pennsylvania,South Agawam,hifld_pool
7869,40.0925,-79.751,11,138.0,138.0,False,14.7,Pennsylvania,John Lawson,hifld_pool
7870,40.1661,-79.8272,11,138.0,138.0,False,11.66,Pennsylvania,Apple Inc,hifld_pool
7871,40.0655,-79.9473,11,138.0,138.0,False,9.83,Pennsylvania,Greenhorn,hifld_pool
7872,40.0032,-79.8896,11,138.0,138.0,False,14.08,Pennsylvania,Adobe,hifld_pool
7873,39.9435,-79.9472,11,138.0,138.0,False,11.85,Pennsylvania,West Mcintosh,hifld_pool
7874,40.0826,-79.2845,11,138.0,138.0,False,4.04,Pennsylvania,Great Falls Vt,hifld_pool
7875,39.837,-79.4215,11,138.0,138.0,False,1.98,Pennsylvania,Thomson Primary,hifld_pool
7876,39.7984,-79.3601,11,138.0,138.0,False,3.19,Pennsylvania,Tivy Valley,hifld_pool
7877,40.0453,-79.4636,11,138.0,138.0,False,14.26,Pennsylvania,Driscoll,hifld_pool
7878,40.1165,-79.5356,11,138.0,138.0,False,11.51,Pennsylvania,Iron Bridge,hifld_nearest
7879,40.0259,-79.5761,11,138.0,138.0,False,11.51,Pennsylvania,Connellsville,hifld_nearest
7880,40.0862,-79.4975,11,345.0,138.0,False,12.01,Pennsylvania,Station L Scattergood,hifld_pool
7881,40.0678,-79.667,11,138.0,138.0,False,8.21,Pennsylvania,Gibson,hifld_pool
7882,39.8777,-79.539,11,138.0,138.0,False,4.56,Pennsylvania,Bluff,hifld_pool
7883,39.865,-79.5965,11,138.0,138.0,False,6.15,Pennsylvania,Angleton,hifld_pool
7884,39.9592,-79.585,11,138.0,138.0,False,3.87,Pennsylvania,Sotex5,hifld_pool
7885,39.8108,-79.786,11,138.0,138.0,False,3.13,Pennsylvania,Turin,hifld_pool
7886,39.7557,-79.6729,11,138.0,138.0,False,6.56,Pennsylvania,Fleming Island,hifld_pool
7887,39.7301,-79.718,11,138.0,138.0,False,2.74,Pennsylvania,Indeck Silver Springs Energy Center,hifld_pool
7888,39.7823,-79.5873,11,138.0,138.0,False,2.92,Pennsylvania,Necessity,hifld_nearest
7889,40.0691,-79.8965,11,138.0,138.0,False,5.21,Pennsylvania,Drusilla,hifld_pool
7890,39.9514,-79.8072,11,138.0,138.0,False,4.89,Pennsylvania,Azusa,hifld_pool
7891,39.9988,-79.836,11,138.0,138.0,False,4.94,Pennsylvania,Schick,hifld_pool
7892,39.9184,-79.5849,11,138.0,138.0,False,2.15,Pennsylvania,Palm Canyon,hifld_pool
7893,39.9543,-80.0879,11,138.0,138.0,False,10.36,Pennsylvania,Tayshell,hifld_pool
7894,39.8537,-79.555,11,138.0,138.0,False,3.15,Pennsylvania,Umatac,hifld_pool
7895,39.8793,-79.6705,11,138.0,138.0,False,4.61,Pennsylvania,Welfare,hifld_pool
7896,39.6835,-79.5009,11,138.0,138.0,False,1.4,Pennsylvania,Greenwood,hifld_pool
7897,39.7383,-79.4751,11,138.0,138.0,False,2.81,Pennsylvania,Heye Meyer,hifld_pool
7898,39.8813,-79.9123,11,138.0,138.0,False,5.47,Pennsylvania,Toro Negro 2 9901,hifld_pool
7899,39.9346,-79.8442,11,138.0,138.0,False,7.27,Pennsylvania,Prairie Sky Solar Farm,hifld_pool
7900,39.8603,-79.9686,11,138.0,138.0,False,4.38,Pennsylvania,Hatfield,hifld_nearest
7901,39.9188,-79.4182,11,138.0,138.0,False,3.67,Pennsylvania,Tans Mtn Oil Cust Tap,hifld_pool
7902,40.1759,-79.5246,11,138.0,138.0,False,12.26,Pennsylvania,Domtar 2,hifld_pool
7903,40.155,-79.5644,11,138.0,138.0,False,10.57,Pennsylvania,Switchback,hifld_pool
7904,40.1785,-79.4822,11,138.0,138.0,False,14.09,Pennsylvania,North Quincy,hifld_pool
7905,40.0881,-79.5368,11,138.0,138.0,False,10.35,Pennsylvania,Galloway,hifld_pool
7906,39.9069,-79.8766,11,138.0,138.0,False,2.9,Pennsylvania,Huber,hifld_pool
7907,39.9935,-79.4058,11,138.0,138.0,False,6.49,Pennsylvania,Livingston,hifld_pool
7908,40.0722,-79.7881,11,138.0,138.0,False,3.56,Pennsylvania,Antigo,hifld_pool
7909,39.9669,-79.7777,11,138.0,138.0,False,5.3,Pennsylvania,No Maries,hifld_pool
7910,39.8419,-79.8579,11,138.0,138.0,False,5.0,Pennsylvania,Mahoning,hifld_pool
7911,39.8952,-79.1669,11,138.0,138.0,False,3.17,Pennsylvania,Wascott,hifld_pool
7912,39.9232,-79.2543,11,138.0,138.0,False,4.92,Pennsylvania,Arnold,hifld_pool
7913,39.889,-79.265,11,138.0,138.0,False,4.83,Pennsylvania,Wateree Hydro,hifld_pool
7914,40.0923,-79.626,11,138.0,138.0,False,7.08,Pennsylvania,119Th Street,hifld_pool
7915,40.0518,-79.595,11,138.0,138.0,False,8.66,Pennsylvania,Raccoon Creek,hifld_pool
7916,40.1589,-79.6734,11,138.0,138.0,False,7.19,Pennsylvania,Taloga,hifld_pool
7917,39.8178,-79.8371,11,138.0,138.0,False,7.13,Pennsylvania,Westfield,hifld_pool
7918,39.7832,-79.8753,11,138.0,138.0,False,7.85,Pennsylvania,Pueblo,hifld_pool
7919,39.7806,-79.8151,11,138.0,138.0,False,6.77,Pennsylvania,Gans,hifld_nearest
7920,39.9775,-79.6851,11,138.0,138.0,False,2.36,Pennsylvania,Pratt 2,hifld_pool
7921,39.841,-79.7257,11,138.0,138.0,False,19.85,Pennsylvania,East Hampton,hifld_pool
7922,39.9971,-79.7382,11,345.0,1.0,False,21.39,Pennsylvania,Gratigny,hifld_pool
7923,39.9132,-79.6775,11,500.0,1.0,False,21.75,Pennsylvania,Texas Eastern 5,hifld_nearest
7924,39.9352,-79.7134,11,138.0,138.0,False,21.62,Pennsylvania,Bethelboro,hifld_nearest
7925,41.4888,-79.1059,11,138.0,138.0,False,3.63,Pennsylvania,Round Rock Westinghouse,hifld_pool
7926,41.5,-79.1663,11,138.0,138.0,False,6.77,Pennsylvania,Temes,hifld_pool
7927,41.6234,-79.4866,11,138.0,138.0,False,2.25,Pennsylvania,Heybourne,hifld_pool
7928,41.5634,-79.5257,11,138.0,138.0,False,1.9,Pennsylvania,Duwamish,hifld_pool
7929,41.6486,-79.0546,11,138.0,138.0,False,5.56,Pennsylvania,Mukonago,hifld_pool
7930,41.6511,-79.432,11,138.0,138.0,False,2.13,Pennsylvania,Hoku,hifld_pool
7931,39.8059,-77.5427,11,138.0,138.0,False,20.07,Pennsylvania,La Conner,hifld_pool
7932,39.9077,-77.6114,11,138.0,138.0,False,18.19,Pennsylvania,Grand Point,hifld_nearest
7933,39.8629,-77.574,11,138.0,138.0,False,19.73,Pennsylvania,Gum Street,hifld_pool
7934,39.8709,-77.5891,11,138.0,138.0,False,18.04,Pennsylvania,Elgin Switching,hifld_pool
7935,39.9863,-77.7922,11,345.0,138.0,False,22.58,Pennsylvania,New Vt Hanlon,hifld_pool
7936,39.8815,-77.6011,11,138.0,138.0,False,15.11,Pennsylvania,Uncer,hifld_pool
7937,39.9082,-77.7102,11,138.0,138.0,False,17.78,Pennsylvania,Texas Eastern,hifld_nearest
7938,39.929,-77.5572,11,138.0,138.0,False,15.18,Pennsylvania,Fayetteville,hifld_nearest
7939,40.2986,-77.6563,11,345.0,138.0,False,4.68,Pennsylvania,Warren Canyon Tap,hifld_pool
7940,40.0475,-77.8934,11,138.0,138.0,False,3.3,Pennsylvania,Hickory Creek,hifld_pool
7941,39.8072,-77.8024,11,138.0,138.0,False,11.82,Pennsylvania,Mountain View,hifld_nearest
7942,39.8173,-77.8975,11,345.0,138.0,False,18.37,Pennsylvania,Mwd Eastside Res,hifld_pool
7943,39.8208,-77.704,11,138.0,138.0,False,11.44,Pennsylvania,Antrim,hifld_nearest
7944,39.7796,-77.7634,11,138.0,138.0,False,11.74,Pennsylvania,Round Rock Northeast,hifld_pool
7945,39.8099,-77.9149,11,138.0,138.0,False,7.65,Pennsylvania,Bitter Creek,hifld_pool
7946,39.7582,-77.9231,11,138.0,138.0,False,7.09,Pennsylvania,Tornado,hifld_pool
7947,40.0984,-77.6427,11,138.0,138.0,False,6.87,Pennsylvania,Roxbury,hifld_nearest
7948,39.956,-77.8738,11,138.0,138.0,False,3.47,Pennsylvania,Ne Benton,hifld_pool
7949,39.8629,-77.9047,11,138.0,138.0,False,4.34,Pennsylvania,Holly Pond,hifld_pool
7950,40.2057,-77.6902,11,138.0,138.0,False,4.47,Pennsylvania,Trenton South,hifld_pool
7951,39.8049,-77.6201,11,138.0,138.0,False,17.13,Pennsylvania,Zoar,hifld_pool
7952,39.7388,-77.5957,11,345.0,138.0,False,17.98,Pennsylvania,West Waynesboro,hifld_nearest
7953,39.7224,-77.5998,11,138.0,138.0,False,17.13,Pennsylvania,Montauk,hifld_pool
7954,39.7211,-77.6693,11,138.0,138.0,False,17.72,Pennsylvania,Reid,hifld_nearest
7955,40.0401,-78.0191,11,138.0,138.0,False,4.49,Pennsylvania,Flare Ave,hifld_pool
7956,40.0646,-78.1284,11,138.0,138.0,False,4.22,Pennsylvania,Colstrip,hifld_pool
7957,40.1961,-77.9662,11,138.0,138.0,False,3.51,Pennsylvania,Hintz,hifld_pool
7958,39.929,-78.0187,11,138.0,138.0,False,5.52,Pennsylvania,Mcconnellsburg,hifld_nearest
7959,39.9803,-77.9839,11,138.0,138.0,False,4.02,Pennsylvania,Sub 7959,hifld_pool
7960,39.9653,-77.9266,11,138.0,138.0,False,4.02,Pennsylvania,West Buxton,hifld_pool
7961,39.8631,-78.1891,11,138.0,138.0,False,4.65,Pennsylvania,Nyssa,hifld_pool
7962,40.1411,-78.1553,11,138.0,138.0,False,2.88,Pennsylvania,Franklin Ny,hifld_pool
7963,40.1973,-77.9192,11,138.0,1.0,False,3.17,Pennsylvania,May Street,hifld_pool
7964,40.1192,-78.0166,11,138.0,138.0,False,2.11,Pennsylvania,Sifton,hifld_pool
7965,39.7626,-78.2428,11,138.0,138.0,False,4.48,Pennsylvania,Warfordsburg,hifld_nearest
7966,39.8284,-78.1871,11,138.0,138.0,False,2.8,Pennsylvania,Mason Road,hifld_pool
7967,39.8946,-79.9536,11,138.0,138.0,False,7.41,Pennsylvania,Westt Lexington Chesterfield,hifld_pool
7968,39.9302,-80.053,11,138.0,138.0,False,7.75,Pennsylvania,Mangum,hifld_pool
7969,39.8836,-79.9923,11,138.0,138.0,False,4.64,Pennsylvania,East Clovis,hifld_pool
7970,39.9603,-80.4734,11,138.0,138.0,False,1.17,Pennsylvania,Middlesex 2,hifld_pool
7971,39.7435,-79.9072,11,138.0,138.0,False,3.56,Pennsylvania,Hat Creek 2,hifld_pool
7972,39.7721,-80.02,11,138.0,138.0,False,5.73,Pennsylvania,Dayton District,hifld_pool
7973,39.9514,-80.1768,11,138.0,138.0,False,3.75,Pennsylvania,East Campus,hifld_pool
7974,39.75,-80.1018,11,138.0,138.0,False,4.81,Pennsylvania,Lake Alfred,hifld_pool
7975,39.7649,-80.3811,11,138.0,138.0,False,4.81,Pennsylvania,Bourne,hifld_pool
7976,39.9474,-80.3416,11,138.0,138.0,False,3.41,Pennsylvania,South,hifld_pool
7977,39.9784,-80.2645,11,138.0,138.0,False,2.8,Pennsylvania,Mustang Bayou,hifld_pool
7978,39.9481,-79.9871,11,138.0,138.0,False,7.13,Pennsylvania,Arverne,hifld_pool
7979,39.843,-80.1,11,345.0,138.0,False,13.85,Pennsylvania,Kingsley,hifld_pool
7980,39.8635,-80.1057,11,138.0,138.0,False,11.85,Pennsylvania,Croton Falls,hifld_pool
7981,39.8574,-80.1521,11,138.0,138.0,False,11.95,Pennsylvania,Daggett,hifld_pool
7982,39.867,-80.5185,11,138.0,138.0,False,2.76,Pennsylvania,Union,hifld_pool
7983,40.5954,-78.0734,11,138.0,138.0,False,2.53,Pennsylvania,Kearney,hifld_pool
7984,40.1938,-78.0859,11,138.0,138.0,False,3.74,Pennsylvania,Medina,hifld_pool
7985,40.3826,-78.143,11,138.0,138.0,False,2.22,Pennsylvania,Hanford No.2 Construction,hifld_pool
7986,40.5493,-78.0247,11,138.0,138.0,False,10.77,Pennsylvania,Warrior Ridge Hydro,hifld_nearest
7987,40.4001,-77.9883,11,138.0,138.0,False,11.68,Pennsylvania,Rogers Lake,hifld_pool
7988,40.4336,-77.9195,11,138.0,138.0,False,11.4,Pennsylvania,Holiday,hifld_pool
7989,40.6118,-77.9436,11,138.0,138.0,False,12.64,Pennsylvania,Roselawn,hifld_pool
7990,40.2529,-77.9964,11,138.0,138.0,False,1.88,Pennsylvania,Colonial,hifld_pool
7991,40.3289,-77.9147,11,138.0,138.0,False,3.68,Pennsylvania,Corrales Bluff,hifld_pool
7992,40.4938,-77.8842,11,138.0,138.0,False,2.13,Pennsylvania,Millennium Power,hifld_pool
7993,40.5683,-77.8784,11,138.0,138.0,False,2.31,Pennsylvania,Tolson,hifld_pool
7994,40.3216,-77.8355,11,138.0,138.0,False,5.19,Pennsylvania,Devil'S Slide,hifld_pool
7995,40.449,-77.9415,11,138.0,138.0,False,4.26,Pennsylvania,Cobble Hill,hifld_pool
7996,40.3869,-77.9286,11,138.0,138.0,False,4.26,Pennsylvania,Chevmain,hifld_pool
7997,40.1915,-77.8429,11,138.0,138.0,False,2.41,Pennsylvania,Arroyo Tap,hifld_pool
7998,40.6712,-77.8437,11,138.0,138.0,False,2.26,Pennsylvania,Placentia,hifld_pool
7999,40.2672,-77.8405,11,138.0,138.0,False,2.46,Pennsylvania,Garden Villas,hifld_pool
8000,40.4718,-79.2198,11,138.0,138.0,False,9.9,Pennsylvania,Dayton Bulk,hifld_pool
8001,40.4042,-79.2252,11,138.0,138.0,False,8.64,Pennsylvania,Afton,hifld_pool
8002,40.4303,-79.2585,11,138.0,138.0,False,9.52,Pennsylvania,Turner Shoals,hifld_pool
8003,40.6772,-78.9275,11,138.0,138.0,False,4.56,Pennsylvania,East Arlington,hifld_pool
8004,40.6586,-78.8868,11,138.0,138.0,False,7.91,Pennsylvania,Talley Road,hifld_pool
8005,40.7132,-78.8805,11,138.0,138.0,False,3.22,Pennsylvania,St Johns,hifld_pool
8006,40.5533,-79.0204,11,138.0,138.0,False,7.4,Pennsylvania,Vitulli,hifld_pool
8007,40.4766,-79.0743,11,138.0,138.0,False,8.88,Pennsylvania,Albatross Tap,hifld_pool
8008,40.5958,-79.0518,11,138.0,138.0,False,7.64,Pennsylvania,Lowndes,hifld_pool
8009,40.65,-79.1145,11,138.0,138.0,False,20.74,Pennsylvania,Rosholt,hifld_pool
8010,40.6979,-79.1801,11,138.0,138.0,False,24.83,Pennsylvania,Shiprock,hifld_pool
8011,40.6354,-79.1044,11,345.0,138.0,False,22.1,Pennsylvania,Florida 8602,hifld_pool
8012,40.6169,-79.1539,11,138.0,138.0,False,21.53,Pennsylvania,Indiana University Of Pennsylvania,hifld_nearest
8013,40.7303,-79.0929,11,138.0,138.0,False,7.37,Pennsylvania,Alma,hifld_pool
8014,40.8258,-78.9846,11,138.0,138.0,False,8.24,Pennsylvania,Green Island Hydroelectric Station,hifld_pool
8015,40.4426,-79.0755,11,138.0,138.0,False,4.75,Pennsylvania,Fair Drive,hifld_pool
8016,40.3654,-79.0769,11,138.0,138.0,False,3.31,Pennsylvania,Conemaugh,hifld_nearest
8017,40.5846,-78.9902,11,138.0,138.0,False,2.58,Pennsylvania,Carbondale Nw,hifld_pool
8018,40.8488,-78.8942,11,138.0,138.0,False,3.13,Pennsylvania,Miller Coors Eden Llc,hifld_pool
8019,40.5361,-79.4898,11,138.0,138.0,False,6.27,Pennsylvania,Kem,hifld_pool
8020,40.5529,-79.4266,11,138.0,138.0,False,9.52,Pennsylvania,Ranch,hifld_pool
8021,40.5543,-79.4807,11,138.0,138.0,False,4.95,Pennsylvania,Pantego Distribution,hifld_pool
8022,40.4167,-78.9723,11,138.0,138.0,False,1.92,Pennsylvania,Ulmerton Transfer Center,hifld_pool
8023,40.9336,-79.1942,11,138.0,138.0,False,1.77,Pennsylvania,491 E 48Th Street,hifld_pool
8024,40.8015,-79.1273,11,138.0,138.0,False,4.13,Pennsylvania,Double C,hifld_pool
8025,41.1835,-79.0646,11,138.0,138.0,False,9.48,Pennsylvania,Sleight Rd,hifld_pool
8026,41.1049,-79.027,11,138.0,138.0,False,8.36,Pennsylvania,Alley Park,hifld_pool
8027,41.1552,-79.0284,11,138.0,138.0,False,7.62,Pennsylvania,New Hollandale,hifld_pool
8028,41.1115,-78.919,11,138.0,138.0,False,5.31,Pennsylvania,Los Coches,hifld_pool
8029,41.0817,-78.9284,11,138.0,138.0,False,6.76,Pennsylvania,Battenkill,hifld_pool
8030,41.0495,-78.844,11,138.0,138.0,False,6.17,Pennsylvania,Copper Mountain Solar 2,hifld_pool
8031,40.4884,-77.5434,11,138.0,138.0,False,2.19,Pennsylvania,Sarival,hifld_pool
8032,40.4473,-77.6008,11,138.0,138.0,False,2.86,Pennsylvania,Big Stone,hifld_pool
8033,40.8911,-80.6333,11,138.0,138.0,False,1.25,Pennsylvania,New Hope,hifld_pool
8034,40.9317,-80.3831,11,138.0,138.0,False,2.45,Pennsylvania,New Castle Plant,hifld_nearest
8035,41.1171,-80.4414,11,138.0,138.0,False,2.45,Pennsylvania,Shenango,hifld_nearest
8036,41.0724,-80.3049,11,138.0,138.0,False,20.34,Pennsylvania,North Road Peak,hifld_pool
8037,40.8791,-80.2895,11,345.0,1.0,False,21.67,Pennsylvania,Ponderosa,hifld_pool
8038,41.0131,-80.2181,11,345.0,1.0,False,22.98,Pennsylvania,Dragon St,hifld_pool
8039,40.9605,-80.3273,11,138.0,138.0,False,21.03,Pennsylvania,Helotes,hifld_pool
8040,40.9632,-80.3604,11,138.0,138.0,False,9.23,Pennsylvania,Jemez Jmec,hifld_pool
8041,41.0874,-80.2006,11,138.0,138.0,False,11.87,Pennsylvania,Chaves,hifld_pool
8042,41.0076,-80.3288,11,138.0,138.0,False,9.23,Pennsylvania,253Rd Place,hifld_pool
8043,41.0693,-80.4302,11,138.0,138.0,False,9.23,Pennsylvania,Bonnie Nook,hifld_pool
8044,40.9753,-80.4156,11,138.0,138.0,False,7.32,Pennsylvania,Zona Libre 6007,hifld_pool
8045,40.9947,-80.5417,11,138.0,138.0,False,5.84,Pennsylvania,Carbon Limestone,hifld_nearest
8046,41.032,-80.4102,11,138.0,138.0,False,4.87,Pennsylvania,Moriarity,hifld_pool
8047,41.1052,-80.3979,11,138.0,138.0,False,5.62,Pennsylvania,Miami Beach,hifld_pool
8048,41.1607,-80.3362,11,138.0,138.0,False,11.24,Pennsylvania,Blount,hifld_pool
8049,41.1622,-80.4246,11,138.0,138.0,False,5.65,Pennsylvania,Morgan'S Corner,hifld_pool
8050,41.0597,-80.4996,11,138.0,138.0,False,2.57,Pennsylvania,Lowellville,hifld_nearest
8051,41.0989,-80.4995,11,138.0,138.0,False,3.75,Pennsylvania,Tahkenitch,hifld_pool
8052,41.1364,-80.3931,11,138.0,138.0,False,3.75,Pennsylvania,Spanish Fork,hifld_pool
8053,41.9462,-78.8095,11,138.0,138.0,False,10.74,Pennsylvania,Tempe,hifld_pool
8054,41.9059,-78.7625,11,138.0,138.0,False,10.74,Pennsylvania,Sixth Street,hifld_pool
8055,41.9102,-78.7096,11,138.0,138.0,False,11.04,Pennsylvania,Bayou Marcus,hifld_pool
8056,41.9333,-78.769,11,345.0,138.0,False,10.74,Pennsylvania,Gurley,hifld_pool
8057,41.8741,-78.5394,11,138.0,138.0,False,1.63,Pennsylvania,Dakota,hifld_pool
8058,42.0173,-78.5061,11,138.0,138.0,True,1.6100000000000003,Pennsylvania,Skeena Cellulose,hifld_pool
8059,41.9508,-78.3028,11,138.0,138.0,False,4.49,Pennsylvania,Bastrop West,hifld_pool
8060,41.9278,-78.3373,11,138.0,138.0,False,3.18,Pennsylvania,Bingham Pumps,hifld_pool
8061,41.8269,-78.6554,11,138.0,138.0,False,5.2,Pennsylvania,Reenergy Ashland,hifld_pool
8062,41.6884,-78.8324,11,138.0,138.0,False,2.55,Pennsylvania,Mcclain Energy Facility,hifld_pool
8063,41.6926,-78.6784,11,138.0,138.0,False,2.64,Pennsylvania,Roosevelt Dam,hifld_pool
8064,41.7426,-78.3293,11,345.0,1.0,False,3.56,Pennsylvania,Macarthur,hifld_pool
8065,41.7369,-78.2711,11,138.0,138.0,False,3.14,Pennsylvania,Leadville,hifld_pool
8066,41.7997,-78.2599,11,138.0,138.0,False,3.14,Pennsylvania,Jamaica Bay Peaking,hifld_pool
8067,41.9047,-78.1298,11,138.0,138.0,False,2.39,Pennsylvania,Parsons Street,hifld_pool
8068,41.9725,-78.1745,11,138.0,138.0,False,2.39,Pennsylvania,Canandaigua,hifld_pool
8069,41.9624,-78.2224,11,138.0,138.0,False,3.05,Pennsylvania,Addison,hifld_pool
8070,41.8315,-78.4733,11,138.0,138.0,False,4.94,Pennsylvania,Farmers Valley,hifld_nearest
8071,41.7679,-78.4434,11,138.0,138.0,False,3.55,Pennsylvania,Essex,hifld_pool
8072,41.8286,-78.4118,11,138.0,138.0,False,3.93,Pennsylvania,Pierce Brook,hifld_nearest
8073,41.1752,-80.5471,11,138.0,1.0,False,4.45,Pennsylvania,Gillett,hifld_pool
8074,41.1512,-80.5855,11,138.0,100.0,False,4.03,Pennsylvania,Fondo Del Seguro Del Estado,hifld_pool
8075,41.1349,-80.5019,11,138.0,138.0,False,4.12,Pennsylvania,Paxton,hifld_pool
8076,41.367,-80.2993,11,138.0,138.0,False,1.77,Pennsylvania,Deerfield 2,hifld_pool
8077,41.2538,-80.2495,11,138.0,138.0,False,1.77,Pennsylvania,Ruby Street,hifld_pool
8078,41.4907,-80.2397,11,138.0,138.0,False,4.98,Pennsylvania,Preble,hifld_pool
8079,41.4019,-80.2301,11,138.0,138.0,False,1.67,Pennsylvania,Jeanetta,hifld_pool
8080,41.4473,-80.1878,11,138.0,138.0,False,2.16,Pennsylvania,Brandon,hifld_pool
8081,41.1825,-80.3588,11,138.0,138.0,False,10.13,Pennsylvania,Boswell,hifld_pool
8082,41.2205,-80.4147,11,138.0,138.0,False,10.13,Pennsylvania,Ridgelawn,hifld_pool
8083,41.2186,-80.4033,11,345.0,138.0,False,10.13,Pennsylvania,Gordon,hifld_pool
8084,41.1623,-80.4779,11,138.0,100.0,False,13.88,Pennsylvania,Oracle,hifld_pool
8085,41.1943,-80.3396,11,138.0,138.0,False,10.31,Pennsylvania,Essex Junction 19,hifld_pool
8086,41.2534,-80.1812,11,138.0,138.0,False,12.05,Pennsylvania,Walsingham,hifld_pool
8087,41.1623,-80.212,11,138.0,138.0,False,10.31,Pennsylvania,Etiwanda,hifld_pool
8088,41.3043,-79.9358,11,138.0,138.0,False,1.82,Pennsylvania,Whiteside,hifld_pool
8089,41.4218,-79.9774,11,138.0,138.0,False,4.02,Pennsylvania,Division,hifld_pool
8090,41.3385,-80.0386,11,138.0,138.0,False,7.41,Pennsylvania,Divide,hifld_pool
8091,41.4438,-80.0465,11,138.0,138.0,False,2.62,Pennsylvania,Tiptonville,hifld_pool
8092,41.2839,-80.4774,11,138.0,138.0,False,11.19,Pennsylvania,Galaxy,hifld_pool
8093,41.3229,-80.5099,11,500.0,138.0,False,11.19,Pennsylvania,Milford,hifld_pool
8094,41.2584,-80.5613,11,138.0,100.0,False,11.19,Pennsylvania,Old Hickory,hifld_pool
8095,41.2787,-80.3742,11,138.0,138.0,False,6.63,Pennsylvania,Razorback,hifld_pool
8096,41.2435,-80.4887,11,138.0,138.0,False,7.9,Pennsylvania,Palmer,hifld_pool
8097,41.3431,-80.5219,11,138.0,138.0,False,6.27,Pennsylvania,Marshall Street,hifld_pool
8098,41.4004,-80.1115,11,138.0,138.0,False,2.63,Pennsylvania,Beverly Park,hifld_pool
8099,41.3971,-80.0407,11,138.0,138.0,False,5.06,Pennsylvania,Nivo,hifld_pool
8100,41.3084,-80.3877,11,138.0,138.0,False,5.75,Pennsylvania,Market,hifld_pool
8101,40.6864,-77.7438,11,138.0,138.0,False,7.97,Pennsylvania,Camden South Carolina,hifld_pool
8102,40.6223,-77.7255,11,138.0,138.0,False,3.98,Pennsylvania,Kingfisher,hifld_pool
8103,40.6134,-77.616,11,500.0,138.0,False,18.67,Pennsylvania,Peoria,hifld_pool
8104,40.5521,-77.5697,11,138.0,138.0,False,12.97,Pennsylvania,Delaney,hifld_pool
8105,40.5586,-77.6243,11,138.0,138.0,False,13.61,Pennsylvania,Mertens,hifld_pool
8106,40.6289,-77.5503,11,138.0,138.0,False,15.51,Pennsylvania,Yeagertown,hifld_nearest
8107,40.4377,-77.6823,11,138.0,138.0,False,3.8,Pennsylvania,Longmire,hifld_pool
8108,40.4742,-77.7244,11,138.0,138.0,False,4.0,Pennsylvania,Wold,hifld_pool
8109,40.3749,-77.8432,11,138.0,138.0,False,3.8,Pennsylvania,Kennewick,hifld_pool
8110,40.816,-77.5952,11,138.0,138.0,False,3.75,Pennsylvania,Hurricane Creek,hifld_pool
8111,40.584,-77.5877,11,138.0,138.0,False,6.58,Pennsylvania,Lewistown,hifld_nearest
8112,41.8088,-78.0356,11,138.0,138.0,False,4.72,Pennsylvania,Anchor Energy,hifld_nearest
8113,41.7257,-77.9857,11,138.0,138.0,False,4.72,Pennsylvania,Port Madison,hifld_pool
8114,41.6955,-78.0359,11,138.0,138.0,False,4.72,Pennsylvania,Glen Avon,hifld_pool
8115,41.7269,-77.7228,11,138.0,138.0,False,2.03,Pennsylvania,Greenhills,hifld_pool
8116,41.5846,-77.6054,11,138.0,138.0,False,1.59,Pennsylvania,Minico,hifld_pool
8117,41.6347,-77.7333,11,138.0,138.0,False,1.72,Pennsylvania,Gis,hifld_pool
8118,41.9851,-77.8728,11,138.0,138.0,False,1.36,Pennsylvania,Amco,hifld_pool
8119,41.933,-77.9573,11,138.0,138.0,False,2.34,Pennsylvania,Folsom-Iron Point,hifld_pool
8120,41.9728,-77.5891,11,138.0,138.0,False,1.75,Pennsylvania,Cristianitos,hifld_pool
8121,41.8523,-78.1409,11,138.0,138.0,False,3.02,Pennsylvania,Laguna Niguel,hifld_pool
8122,41.8448,-77.7322,11,138.0,138.0,False,3.12,Pennsylvania,Valley City,hifld_pool
8123,41.9003,-77.8105,11,138.0,138.0,False,1.36,Pennsylvania,Covington,hifld_pool
8124,41.9205,-77.4818,11,138.0,138.0,False,2.69,Pennsylvania,Sykes Creek,hifld_pool
8125,41.8928,-77.4573,11,138.0,138.0,False,2.69,Pennsylvania,Jefferson Smurfit Corp,hifld_pool
8126,41.88,-77.5569,11,345.0,1.0,False,3.57,Pennsylvania,Welport,hifld_pool
8127,39.8466,-78.9627,11,138.0,138.0,False,4.28,Pennsylvania,Harris Branch,hifld_pool
8128,39.8667,-78.9057,11,138.0,138.0,False,4.93,Pennsylvania,88Th & Mingo,hifld_pool
8129,39.9151,-78.8748,11,138.0,138.0,False,4.93,Pennsylvania,Marathon,hifld_pool
8130,40.2302,-79.1636,11,138.0,138.0,False,3.08,Pennsylvania,Gm Alison,hifld_pool
8131,40.1822,-79.0984,11,138.0,138.0,False,8.23,Pennsylvania,Westfork,hifld_pool
8132,39.9424,-78.8206,11,138.0,138.0,False,2.13,Pennsylvania,Eldredge Formby,hifld_pool
8133,40.0813,-78.8548,11,138.0,138.0,False,4.99,Pennsylvania,Marsh Fork,hifld_pool
8134,40.027,-78.9724,11,138.0,138.0,False,5.24,Pennsylvania,La Porte,hifld_pool
8135,40.0787,-78.9941,11,138.0,138.0,False,5.93,Pennsylvania,Apalachia,hifld_pool
8136,40.1498,-78.9381,11,138.0,138.0,False,2.66,Pennsylvania,Hooversville,hifld_nearest
8137,39.8008,-79.0127,11,138.0,138.0,False,5.92,Pennsylvania,Eld Inlet,hifld_pool
8138,39.7493,-78.9898,11,138.0,138.0,False,4.98,Pennsylvania,San Ramon,hifld_pool
8139,39.7803,-78.9649,11,138.0,138.0,False,4.87,Pennsylvania,Segs 4,hifld_pool
8140,39.6736,-79.1268,11,138.0,138.0,False,1.85,Pennsylvania,Michigan St,hifld_pool
8141,39.7363,-79.0826,11,138.0,138.0,False,2.13,Pennsylvania,New Denver,hifld_pool
8142,39.7372,-79.2242,11,138.0,138.0,False,2.68,Pennsylvania,Rossview,hifld_pool
8143,39.9275,-78.9748,11,138.0,138.0,False,1.78,Pennsylvania,White Rock,hifld_pool
8144,39.8924,-79.0997,11,138.0,138.0,False,3.65,Pennsylvania,Wind Farm,hifld_nearest
8145,39.977,-79.1981,11,138.0,138.0,False,10.07,Pennsylvania,Oakboro,hifld_pool
8146,40.0442,-79.0688,11,138.0,138.0,False,10.96,Pennsylvania,Medco,hifld_pool
8147,39.9749,-79.1125,11,138.0,138.0,False,11.98,Pennsylvania,Brooks Hill,hifld_pool
8148,40.0645,-79.1832,11,345.0,138.0,False,11.02,Pennsylvania,Southgate,hifld_pool
8149,40.141,-79.0249,11,138.0,138.0,False,6.33,Pennsylvania,Panno,hifld_pool
8150,40.0687,-78.9403,11,138.0,138.0,False,2.66,Pennsylvania,Peach Valley Tie,hifld_pool
8151,40.1028,-78.9184,11,138.0,138.0,False,2.66,Pennsylvania,Attala,hifld_pool
8152,41.6738,-77.5133,11,138.0,138.0,False,0.76,Pennsylvania,Rankin,hifld_pool
8153,41.4035,-79.8038,11,138.0,138.0,False,9.78,Pennsylvania,Blue,hifld_pool
8154,41.4291,-79.8905,11,138.0,138.0,False,9.78,Pennsylvania,Curry Road,hifld_pool
8155,41.4211,-79.7341,11,138.0,138.0,False,12.73,Pennsylvania,Shelton Road,hifld_pool
8156,41.3504,-79.8729,11,138.0,138.0,False,11.35,Pennsylvania,Beargrass,hifld_pool
8157,41.1891,-79.8131,11,138.0,138.0,False,2.22,Pennsylvania,American Crystal Sugar Drayton,hifld_pool
8158,41.4458,-79.568,11,138.0,138.0,False,13.52,Pennsylvania,Libby,hifld_pool
8159,41.3963,-79.6596,11,138.0,138.0,False,10.53,Pennsylvania,Karns,hifld_pool
8160,41.4313,-79.7241,11,345.0,1.0,False,12.76,Pennsylvania,Douglas,hifld_pool
8161,41.4896,-79.679,11,138.0,138.0,False,13.11,Pennsylvania,Florida,hifld_pool
8162,41.9344,-79.4987,11,138.0,138.0,False,3.76,Pennsylvania,Rothwood,hifld_pool
8163,41.7552,-79.3629,11,138.0,138.0,False,4.74,Pennsylvania,Kamwood,hifld_pool
8164,41.7629,-79.4546,11,138.0,138.0,False,3.47,Pennsylvania,Palo Verde,hifld_pool
8166,41.9517,-78.9862,11,138.0,138.0,False,2.82,Pennsylvania,Whitney,hifld_pool
8167,42.0146,-79.3024,11,138.0,138.0,True,0.0,Pennsylvania,Arden Pumping Station,hifld_pool
8168,41.913,-79.3358,11,138.0,138.0,False,5.12,Pennsylvania,Willis,hifld_pool
8169,41.7743,-79.2183,11,138.0,138.0,False,12.99,Pennsylvania,Stoddard,hifld_pool
8170,41.7969,-79.1978,11,138.0,138.0,False,11.52,Pennsylvania,Toone,hifld_pool
8171,41.7904,-79.1106,11,138.0,138.0,False,14.44,Pennsylvania,Lone Peak,hifld_pool
8172,41.8905,-79.0966,11,138.0,138.0,False,14.12,Pennsylvania,Bonnet Creek,hifld_pool
8173,41.8423,-79.4407,11,138.0,138.0,False,3.28,Pennsylvania,Knob,hifld_pool
8174,41.8942,-79.2967,11,138.0,138.0,False,2.62,Pennsylvania,Ishua Switch Tower,hifld_pool
8175,41.8161,-79.3369,11,138.0,138.0,False,4.18,Pennsylvania,East Levee,hifld_pool
8176,40.32,-80.5146,11,138.0,138.0,False,2.85,Pennsylvania,Firestone,hifld_pool
8177,40.2079,-80.4197,11,138.0,138.0,False,3.06,Pennsylvania,Simmons,hifld_pool
8178,40.131,-80.1101,11,138.0,138.0,False,3.02,Pennsylvania,Ripple,hifld_pool
8179,40.1107,-80.0146,11,138.0,138.0,False,5.31,Pennsylvania,Frankenheimer,hifld_pool
8180,40.3747,-80.4853,11,138.0,138.0,False,6.45,Pennsylvania,Carlsbad Waterfield,hifld_pool
8181,40.3668,-80.3763,11,138.0,138.0,False,6.82,Pennsylvania,Water Street,hifld_pool
8182,40.4319,-80.3446,11,138.0,138.0,False,5.86,Pennsylvania,Power Inn-Elsie,hifld_pool
8183,40.0257,-79.9441,11,138.0,138.0,False,13.08,Pennsylvania,Delray,hifld_pool
8184,40.0395,-79.8659,11,138.0,138.0,False,7.5,Pennsylvania,Lake City,hifld_pool
8185,40.3049,-80.2054,11,138.0,138.0,False,24.66,Pennsylvania,Brent,hifld_pool
8186,40.2116,-80.0937,11,138.0,138.0,False,24.85,Pennsylvania,Upper Malad,hifld_pool
8187,40.2449,-80.2119,11,138.0,138.0,False,21.83,Pennsylvania,Station S Van Nuys,hifld_pool
8188,40.2491,-80.1172,11,138.0,138.0,False,24.45,Pennsylvania,Sagola,hifld_pool
8189,40.0661,-80.0322,11,138.0,138.0,False,12.83,Pennsylvania,Woods,hifld_pool
8190,40.1562,-79.9287,11,138.0,138.0,False,8.88,Pennsylvania,Curry Ford,hifld_pool
8191,40.1061,-79.8544,11,138.0,138.0,False,10.0,Pennsylvania,Montgomery County Resource Recovery,hifld_pool
8192,40.2495,-80.3753,11,138.0,138.0,False,6.57,Pennsylvania,Whispering Willow North,hifld_pool
8193,40.1409,-80.4182,11,138.0,138.0,False,7.24,Pennsylvania,Fort Gibson,hifld_pool
8194,40.1433,-79.8322,11,138.0,138.0,False,4.32,Pennsylvania,Kaiser,hifld_pool
8195,40.1965,-79.8157,11,138.0,138.0,False,4.18,Pennsylvania,Mighoward,hifld_pool
8196,40.0713,-80.1716,11,138.0,138.0,False,5.33,Pennsylvania,Ivanpah,hifld_pool
8197,40.1666,-80.0866,11,138.0,138.0,False,5.09,Pennsylvania,Crane,hifld_pool
8198,40.3149,-80.3145,11,138.0,138.0,False,4.77,Pennsylvania,Cowlitz,hifld_pool
8199,40.1944,-80.1948,11,138.0,138.0,False,4.44,Pennsylvania,Manifold,hifld_nearest
8200,40.2793,-80.1921,11,138.0,138.0,False,3.96,Pennsylvania,Blanchardville,hifld_pool
8201,40.0287,-80.0176,11,138.0,138.0,False,3.81,Pennsylvania,Glen Ullin Station 6,hifld_pool
8202,40.2054,-79.9996,11,138.0,138.0,False,8.9,Pennsylvania,Firstenergy Mitchell Power Station,hifld_nearest
8203,40.2554,-80.0754,11,138.0,138.0,False,6.96,Pennsylvania,East Tawas,hifld_pool
8204,40.0369,-80.1957,11,500.0,138.0,False,26.1,Pennsylvania,Bellingham Cogeneration Facility,hifld_pool
8205,40.1383,-80.2782,11,138.0,138.0,False,23.58,Pennsylvania,Nebo,hifld_pool
8206,40.2131,-80.3162,11,500.0,138.0,False,27.42,Pennsylvania,Hato Rey Gis 1403-1404,hifld_pool
8207,40.2306,-80.3111,11,138.0,138.0,False,23.66,Pennsylvania,Audobon,hifld_pool
8208,40.2024,-80.2763,11,138.0,138.0,False,24.04,Pennsylvania,International Paper Jay Hydro,hifld_pool
8209,40.0362,-80.5474,11,138.0,138.0,False,1.98,Pennsylvania,Creston,hifld_pool
8210,40.1206,-80.4611,11,138.0,138.0,False,2.77,Pennsylvania,Coso 8-9,hifld_pool
8211,40.4064,-79.1515,11,138.0,138.0,False,3.22,Pennsylvania,Berlin,hifld_pool
8212,40.3353,-79.1589,11,138.0,138.0,False,3.36,Pennsylvania,Goldtree,hifld_pool
8213,40.3511,-79.6045,11,138.0,138.0,False,4.48,Pennsylvania,Hesperia,hifld_pool
8214,40.3088,-79.2369,11,138.0,138.0,False,5.21,Pennsylvania,Lawrence Hill,hifld_pool
8215,40.3156,-79.2605,11,138.0,138.0,False,5.85,Pennsylvania,Fox Hills,hifld_pool
8216,40.4708,-79.3298,11,138.0,138.0,False,7.99,Pennsylvania,Conemaugh Hydro Plant,hifld_nearest
8217,40.3981,-79.5518,11,138.0,138.0,False,7.87,Pennsylvania,Cholame,hifld_pool
8218,40.4354,-79.5829,11,345.0,138.0,False,16.5,Pennsylvania,Armawalk,hifld_pool
8219,40.2617,-79.4957,11,138.0,138.0,False,29.07,Pennsylvania,University Of Northern Iowa,hifld_pool
8220,40.2411,-79.5791,11,500.0,138.0,False,33.25,Pennsylvania,Youngwood,hifld_nearest
8221,40.2386,-79.4526,11,345.0,1.0,False,31.74,Pennsylvania,Frederic Diesel,hifld_pool
8222,40.32,-79.5287,11,345.0,1.0,False,31.69,Pennsylvania,Luxor,hifld_nearest
8223,40.2419,-79.5673,11,138.0,138.0,False,31.2,Pennsylvania,Dowling,hifld_pool
8224,40.4066,-79.6241,11,138.0,138.0,False,5.19,Pennsylvania,Bell,hifld_pool
8225,40.2773,-79.5702,11,138.0,138.0,False,13.67,Pennsylvania,Deadhead,hifld_pool
8226,40.3279,-79.5804,11,138.0,138.0,False,14.13,Pennsylvania,Pacific Ethanol,hifld_pool
8227,40.3133,-79.6619,11,138.0,138.0,False,17.06,Pennsylvania,Bristol - Hewitt Road,hifld_pool
8228,40.2211,-79.6953,11,345.0,138.0,False,11.52,Pennsylvania,Sevierville,hifld_pool
8229,40.3293,-79.4062,11,138.0,138.0,False,17.91,Pennsylvania,Productos Electricos 2,hifld_pool
8230,40.316,-79.3538,11,138.0,138.0,False,19.72,Pennsylvania,Idaho Springs,hifld_pool
8231,40.2274,-79.3995,11,138.0,138.0,False,17.67,Pennsylvania,Northeastern,hifld_pool
8232,40.2485,-79.4169,11,138.0,138.0,False,18.46,Pennsylvania,Pantex South,hifld_pool
8233,40.2234,-79.2371,11,138.0,138.0,False,7.41,Pennsylvania,Three Peaks,hifld_pool
8234,40.2643,-79.2833,11,138.0,138.0,False,7.1,Pennsylvania,Woodsville,hifld_pool
8235,40.288,-79.2389,11,345.0,138.0,False,7.79,Pennsylvania,Florence,hifld_pool
8236,40.2097,-79.9034,11,138.0,138.0,False,6.16,Pennsylvania,Irasville,hifld_pool
8237,40.1768,-79.8912,11,138.0,138.0,False,10.48,Pennsylvania,Monongahela L&D4 Hydroelectric Project,hifld_nearest
8238,40.4021,-79.4184,11,138.0,138.0,False,4.04,Pennsylvania,Westley,hifld_pool
8239,40.3896,-79.4716,11,138.0,138.0,False,3.23,Pennsylvania,Drexel,hifld_pool
8240,40.201,-79.6506,11,138.0,138.0,False,4.59,Pennsylvania,General Dynamics,hifld_pool
8241,40.1291,-79.6545,11,138.0,138.0,False,7.79,Pennsylvania,Kleen,hifld_pool
8242,40.1591,-79.3066,11,138.0,138.0,False,2.61,Pennsylvania,Livingston Westside,hifld_pool
8243,40.2669,-79.6599,11,138.0,138.0,False,5.85,Pennsylvania,Wasco,hifld_pool
8244,40.6466,-80.3574,11,500.0,138.0,False,0.0,Pennsylvania,Aes Beaver Valley Partners Beaver Valley,hifld_nearest
8245,40.4165,-79.0281,11,500.0,1.0,False,0.0,Pennsylvania,Seward,hifld_nearest
8246,41.3056,-79.8071,11,500.0,13.8,False,0.0,Pennsylvania,Handsome Lake,hifld_nearest
8247,40.4874,-78.7227,11,500.0,1.0,False,0.0,Pennsylvania,Harwood,hifld_pool
8248,39.8897,-79.0619,11,138.0,20.0,False,0.0,Pennsylvania,Herbster Dpc,hifld_pool
8249,41.0507,-78.3555,11,500.0,13.8,False,0.0,Pennsylvania,Shawville Station,hifld_nearest
8250,40.4068,-77.9876,11,500.0,1.0,False,0.0,Pennsylvania,William F Matson Generating Station,hifld_nearest
8251,40.6947,-78.1955,11,345.0,138.0,False,0.0,Pennsylvania,Waterside,hifld_pool
8252,40.7265,-78.326,11,500.0,1.0,False,0.0,Pennsylvania,West Medway,hifld_pool
8253,41.1798,-79.4375,11,500.0,13.8,False,0.0,Pennsylvania,Piney Creek Project,hifld_nearest
8254,39.8844,-78.9188,11,345.0,138.0,False,0.0,Pennsylvania,Pontotoc,hifld_pool
8255,41.274,-79.8169,11,345.0,138.0,False,0.0,Pennsylvania,Scrubgrass Generating Plant,hifld_nearest
8256,40.3094,-78.7316,11,345.0,138.0,False,0.0,Pennsylvania,Granada,hifld_pool
8257,40.96,-80.3845,11,500.0,13.2,False,0.0,Pennsylvania,Westland,hifld_pool
8258,41.8317,-79.0435,11,345.0,13.8,False,0.0,Pennsylvania,Glade,hifld_nearest
8259,40.4047,-78.5483,11,138.0,22.0,False,0.0,Pennsylvania,Deer Park Energy Center,hifld_pool
8260,40.6585,-78.7109,11,345.0,1.0,False,0.0,Pennsylvania,Jamaica,hifld_pool
8261,40.0906,-78.8917,11,345.0,13.8,False,0.0,Pennsylvania,Magnesium Plant,hifld_pool
8262,39.738,-79.737,11,345.0,138.0,False,0.0,Pennsylvania,Dessau,hifld_pool
8263,40.5754,-79.7987,11,138.0,1.0,False,0.0,Pennsylvania,Nietos,hifld_pool
8264,40.4551,-80.0852,11,138.0,138.0,False,0.0,Pennsylvania,Picnic Point,hifld_pool
8265,40.5539,-79.7805,11,500.0,1.0,False,0.0,Pennsylvania,Allegheny Energy Units 3 4 & 5,hifld_nearest
8266,40.6776,-79.3275,11,500.0,13.8,False,0.0,Pennsylvania,Keystone,hifld_nearest
8267,40.5192,-78.8103,11,500.0,13.8,False,0.0,Pennsylvania,Love Bird,hifld_pool
8268,39.4537,-79.0209,11,500.0,138.0,False,0.0,Pennsylvania,Detroit,hifld_pool
8269,40.5141,-79.7805,11,138.0,18.0,False,0.0,Pennsylvania,Logans Ferry,hifld_nearest
8270,40.6291,-80.4481,11,500.0,13.8,False,0.0,Pennsylvania,Midland,hifld_nearest
8271,39.8405,-79.1585,11,500.0,138.0,False,0.0,Pennsylvania,North Lebanon,hifld_pool
8272,39.7746,-79.0279,11,138.0,13.8,False,0.0,Pennsylvania,Blackstone,hifld_pool
8273,40.6046,-80.4321,11,500.0,1.0,False,0.0,Pennsylvania,Beaver Valley,hifld_nearest
8274,39.8685,-77.6554,11,500.0,1.0,False,0.0,Pennsylvania,Chambersburg,hifld_nearest
8275,39.7117,-79.854,11,500.0,13.8,False,0.0,Pennsylvania,Norfork,hifld_pool
8276,40.3177,-78.6614,11,500.0,138.0,False,0.0,Pennsylvania,Victoria Tc 7001-7007-7008,hifld_pool
8277,40.3602,-79.0422,11,500.0,13.8,False,0.0,Pennsylvania,Hyak,hifld_pool
8278,40.5521,-78.4621,11,138.0,138.0,False,0.0,Pennsylvania,Amfrac,hifld_pool
8279,40.5263,-79.2025,11,500.0,13.8,False,0.0,Pennsylvania,Homer City,hifld_nearest
8280,39.8643,-79.9176,11,500.0,13.8,False,0.0,Pennsylvania,Ronco,hifld_nearest
8281,40.88,-79.488,11,500.0,138.0,False,0.0,Pennsylvania,Allegheny Hydro No 8,hifld_nearest
8282,39.9185,-77.6895,11,138.0,138.0,False,0.0,Pennsylvania,Orchard Park,hifld_nearest
8283,40.6502,-79.3563,11,138.0,13.2,False,0.0,Pennsylvania,Southbend,hifld_nearest
8284,40.7029,-79.6362,11,500.0,138.0,False,0.0,Pennsylvania,Shoals,hifld_pool
8285,40.4759,-78.7261,11,138.0,138.0,False,0.0,Pennsylvania,Cambria Cogen,hifld_nearest
8286,39.7812,-78.9046,11,500.0,1.0,False,0.0,Pennsylvania,Lsu,hifld_pool
8287,41.8018,-79.1858,11,345.0,20.0,False,0.0,Pennsylvania,South San Antonio,hifld_pool
8288,40.3957,-78.5693,11,500.0,138.0,False,0.0,Pennsylvania,North Allegheny Windpower Project,hifld_nearest
8289,39.717,-79.8582,11,138.0,13.8,False,0.0,Pennsylvania,Lake Lynn Hydro Station,hifld_nearest
8290,40.439,-80.0357,11,138.0,138.0,False,0.0,Pennsylvania,Zebra,hifld_pool
8291,40.6436,-79.3752,11,500.0,13.8,False,0.0,Pennsylvania,Armstrong,hifld_nearest
8292,40.0209,-78.8126,11,500.0,138.0,False,0.0,Pennsylvania,Blue Ravine-School,hifld_pool
8293,39.0771,-75.6235,12,138.0,138.0,False,42.09,Delaware,Asphalt Mines,hifld_pool
8294,39.2089,-75.6701,12,138.0,138.0,False,8.43,Delaware,Twin Lakes-Main,hifld_pool
8295,39.2403,-75.542,12,138.0,138.0,False,67.98,Delaware,Culebra 3801,hifld_pool
8296,39.2608,-75.4298,12,138.0,138.0,False,25.85,Delaware,Reata,hifld_pool
8297,39.165,-75.4987,12,138.0,138.0,False,36.17,Delaware,Dover Sun Park,hifld_nearest
8298,39.0781,-75.5104,12,138.0,138.0,False,30.2,Delaware,Fajardo Tc 2001 2004,hifld_pool
8299,39.1348,-75.698,12,138.0,138.0,False,32.12,Delaware,Roseton,hifld_pool
8300,39.1735,-75.5279,12,138.0,138.0,False,26.37,Delaware,Mckee Run,hifld_nearest
8301,39.3002,-75.5889,12,138.0,138.0,False,25.47,Delaware,Holcombe,hifld_pool
8302,38.9095,-75.721,12,138.0,138.0,False,11.23,Delaware,Indian Flat,hifld_pool
8303,39.0307,-75.5552,12,138.0,138.0,False,21.89,Delaware,Vaughn,hifld_nearest
8304,39.047,-75.6521,12,138.0,138.0,False,17.49,Delaware,St Johns Dp,hifld_pool
8305,38.8234,-75.6372,12,138.0,138.0,False,23.72,Delaware,Greenbrae,hifld_pool
8306,38.9536,-75.6379,12,138.0,138.0,False,11.49,Delaware,Vernon,hifld_nearest
8307,38.9991,-75.6667,12,138.0,138.0,False,10.05,Delaware,Norcross,hifld_pool
8308,39.1265,-75.4787,12,138.0,138.0,False,14.66,Delaware,Honcut,hifld_pool
8309,38.9065,-75.3626,12,138.0,138.0,False,20.35,Delaware,Main,hifld_nearest
8310,38.9639,-75.3725,12,138.0,138.0,False,18.51,Delaware,Bowling Green Peaking,hifld_pool
8311,39.0027,-75.3286,12,138.0,138.0,False,14.16,Delaware,Stranger Creek,hifld_pool
8312,38.9683,-75.3285,12,138.0,138.0,False,14.16,Delaware,Bandera Road,hifld_pool
8313,39.3577,-75.5595,12,138.0,138.0,False,16.95,Delaware,Springfield - Nichols Street,hifld_pool
8314,39.2531,-75.589,12,138.0,138.0,False,17.25,Delaware,Hogal,hifld_pool
8315,39.3299,-75.6166,12,138.0,138.0,False,33.39,Delaware,Escuela Urbana,hifld_pool
8316,39.5683,-75.6982,12,138.0,138.0,False,29.35,Delaware,Sylvarena,hifld_pool
8317,39.626,-75.7382,12,138.0,138.0,False,85.66,Delaware,Keeney,hifld_nearest
8318,39.4992,-75.7392,12,138.0,138.0,False,33.45,Delaware,Mt. Pleasant,hifld_nearest
8319,39.6207,-75.704,12,138.0,138.0,False,28.91,Delaware,Sunset Lake,hifld_nearest
8320,39.4636,-75.6308,12,138.0,1.0,False,53.57,Delaware,Belfry,hifld_pool
8321,39.4513,-75.6639,12,138.0,138.0,False,48.81,Delaware,Peavine,hifld_pool
8322,39.4425,-75.6395,12,138.0,138.0,False,25.89,Delaware,Astoria,hifld_pool
8323,39.5908,-75.5609,12,138.0,138.0,False,37.6,Delaware,Firstenergy Albright,hifld_pool
8324,39.6546,-75.5713,12,138.0,138.0,False,34.98,Delaware,Pensacola,hifld_pool
8325,39.6719,-75.7214,12,138.0,138.0,False,101.24,Delaware,Harmony,hifld_nearest
8326,39.7213,-75.6021,12,138.0,138.0,False,48.19,Delaware,Cottonwood,hifld_pool
8327,39.6277,-75.5673,12,138.0,138.0,False,34.96,Delaware,Waterloo Solar Llc,hifld_pool
8328,39.6003,-75.7285,12,138.0,138.0,False,30.62,Delaware,Met Center,hifld_pool
8329,39.7112,-75.672,12,138.0,138.0,False,48.81,Delaware,Coffey,hifld_pool
8330,39.5752,-75.735,12,138.0,138.0,False,53.05,Delaware,Enterprise,hifld_pool
8331,39.6912,-75.8318,12,138.0,138.0,False,33.36,Delaware,San Manuel,hifld_pool
8332,39.7073,-75.7397,12,138.0,138.0,False,30.28,Delaware,Morganton Parker Road,hifld_pool
8333,39.7605,-75.753,12,138.0,138.0,False,30.28,Delaware,Rocky Mountain Hydroelectric Plant,hifld_pool
8334,39.6596,-75.6876,12,138.0,1.0,False,30.28,Delaware,Mooreville,hifld_pool
8335,39.7699,-75.7788,12,138.0,138.0,False,35.53,Delaware,Lake Gum,hifld_pool
8336,39.7129,-75.6401,12,138.0,138.0,False,55.1,Delaware,Kiamensi,hifld_nearest
8337,39.4203,-75.5845,12,138.0,138.0,False,11.46,Delaware,Wellman,hifld_pool
8338,39.743,-75.5665,12,138.0,138.0,False,21.41,Delaware,Cachete1 1526 1530,hifld_pool
8339,39.7421,-75.5178,12,138.0,138.0,False,30.21,Delaware,Edgemoor,hifld_nearest
8340,39.7669,-75.4537,12,138.0,138.0,False,30.17,Delaware,Willmar,hifld_pool
8341,39.8115,-75.4486,12,138.0,138.0,False,18.16,Delaware,Citisteel,hifld_nearest
8342,39.7856,-75.4908,12,138.0,138.0,False,45.74,Delaware,Silver Side Road,hifld_nearest
8343,39.7565,-75.5299,12,138.0,138.0,False,51.4,Delaware,Brandywine,hifld_nearest
8344,39.7222,-75.7047,12,138.0,138.0,False,29.1,Delaware,Lieberman 2,hifld_pool
8345,39.7907,-75.5964,12,138.0,138.0,False,30.22,Delaware,Silverbrook,hifld_nearest
8346,39.6901,-75.5658,12,138.0,138.0,False,44.42,Delaware,New Castle,hifld_nearest
8347,39.7877,-75.5387,12,138.0,138.0,False,57.86,Delaware,Eden,hifld_pool
8348,39.6092,-75.6554,12,138.0,138.0,False,30.3,Delaware,Red Lion Energy Center,hifld_nearest
8349,39.8055,-75.6542,12,138.0,138.0,False,40.52,Delaware,Miles O'Malley,hifld_pool
8350,39.825,-75.6902,12,138.0,138.0,False,35.7,Delaware,Cocoa Beach,hifld_pool
8351,39.6626,-75.6554,12,138.0,138.0,False,28.35,Delaware,Darlington Road,hifld_pool
8352,39.6342,-75.6812,12,138.0,138.0,False,28.35,Delaware,Queen City,hifld_pool
8353,39.8412,-75.5381,12,138.0,138.0,False,13.88,Delaware,Wheeler Dam,hifld_pool
8354,39.8522,-75.583,12,138.0,138.0,False,90.55,Delaware,Menaul Tap,hifld_pool
8355,39.8354,-75.4738,12,138.0,138.0,False,18.45,Delaware,Silver City,hifld_pool
8356,38.6941,-75.5225,12,138.0,138.0,False,8.39,Delaware,Flournoy,hifld_pool
8357,38.425,-75.6843,12,138.0,138.0,False,5.48,Delaware,Bethpage,hifld_pool
8358,38.6641,-75.4288,12,138.0,138.0,False,16.34,Delaware,Pepper,hifld_nearest
8359,38.5965,-75.4697,12,138.0,138.0,False,13.86,Delaware,Concord I,hifld_nearest
8360,38.7636,-75.4576,12,138.0,138.0,False,54.11,Delaware,Sagebrush,hifld_pool
8361,38.5362,-75.5413,12,138.0,138.0,False,34.29,Delaware,Canadys Steam,hifld_pool
8362,38.5845,-75.553,12,138.0,1.0,False,11.43,Delaware,Delevan,hifld_pool
8363,38.6853,-75.1146,12,138.0,138.0,True,26.66,Delaware,Fort Pierce,hifld_pool
8364,38.6695,-75.1434,12,138.0,138.0,False,26.67,Delaware,Angola,hifld_nearest
8365,38.6899,-75.2336,12,138.0,138.0,False,33.27,Delaware,Robinsonville,hifld_nearest
8366,38.7825,-75.1368,12,138.0,138.0,False,14.49,Delaware,Ess Lewes,hifld_nearest
8367,38.5364,-75.2588,12,138.0,138.0,False,30.77,Delaware,Siggen,hifld_pool
8368,38.4951,-75.2422,12,138.0,138.0,False,30.77,Delaware,Harvard,hifld_pool
8369,38.5115,-75.2784,12,138.0,138.0,False,18.14,Delaware,Dorset,hifld_pool
8370,38.6075,-75.2562,12,138.0,138.0,False,21.55,Delaware,Rhame,hifld_pool
8371,38.7908,-75.2854,12,138.0,138.0,False,11.09,Delaware,Woodenshoe,hifld_pool
8372,38.5493,-75.0551,12,138.0,138.0,True,34.67,Delaware,Ohio,hifld_pool
8373,38.7257,-75.077,12,138.0,138.0,False,12.18,Delaware,Rehoboth,hifld_nearest
8374,38.6542,-75.614,12,138.0,138.0,False,18.2,Delaware,Nine Mile,hifld_pool
8375,38.5279,-75.6554,12,138.0,138.0,False,28.54,Delaware,Ss3140,hifld_pool
8376,38.6324,-75.5597,12,138.0,138.0,False,17.58,Delaware,Twin Cities-Snodgrass,hifld_pool
8377,38.6998,-75.6587,12,138.0,138.0,False,25.97,Delaware,Westwego,hifld_pool
8378,38.3841,-75.2316,12,138.0,138.0,False,8.12,Delaware,Lower Village Water Power Project,hifld_pool
8379,38.567,-75.1477,12,138.0,138.0,False,27.16,Delaware,Bayard,hifld_nearest
8381,38.6173,-75.2245,12,138.0,18.0,False,0.0,Delaware,University Of Florida,hifld_pool
8382,38.9103,-75.4755,12,138.0,13.8,False,9.07,Delaware,Milford Solar Farm,hifld_nearest
8383,39.6387,-75.6331,12,138.0,13.8,False,1.9,Delaware,Macomb,hifld_pool
8384,39.7094,-75.5789,12,138.0,13.8,False,9.4,Delaware,Basin Road,hifld_nearest
8385,39.1207,-75.5501,12,138.0,138.0,False,0.0,Delaware,Park Ridge,hifld_pool
8386,39.2933,-75.6444,12,138.0,13.8,False,0.0,Delaware,Warren F Sam Beasley Generation Station,hifld_nearest
8387,39.1581,-75.5352,12,138.0,138.0,False,0.0,Delaware,Nrg Energy Center Dover,hifld_nearest
8388,39.7657,-75.4944,12,138.0,13.8,False,0.0,Delaware,Carrcroft,hifld_nearest
8389,39.1981,-75.5641,12,138.0,18.0,False,0.0,Delaware,Highway M,hifld_pool
8390,39.5693,-75.6246,12,138.0,138.0,False,0.0,Delaware,Delaware City Plant,hifld_nearest
8391,39.7351,-75.6135,12,138.0,13.8,False,0.0,Delaware,West 2,hifld_nearest
8392,38.6191,-75.2073,12,138.0,13.8,False,0.0,Delaware,Taftsville,hifld_pool
8393,39.1295,-75.5647,12,138.0,138.0,False,0.0,Delaware,Van Sant Station,hifld_nearest
8394,39.7511,-75.4929,12,138.0,13.8,False,0.0,Delaware,Hay Road,hifld_nearest
8395,39.5865,-78.8004,13,138.0,138.0,False,31.42,Maryland,Monochem,hifld_pool
8396,39.7224,-78.7545,13,138.0,138.0,False,34.52,Maryland,Atchison,hifld_pool
8397,39.7372,-78.748,13,138.0,138.0,False,32.14,Maryland,Bedford Road,hifld_nearest
8398,39.6117,-78.7605,13,138.0,138.0,False,33.36,Maryland,Aes Warrior Run Cogeneration Facility,hifld_nearest
8399,39.6439,-78.5578,13,138.0,138.0,False,7.54,Maryland,Trego,hifld_pool
8400,39.5595,-79.0053,13,138.0,138.0,False,19.11,Maryland,Txi,hifld_pool
8401,39.5528,-79.0469,13,138.0,138.0,False,17.0,Maryland,Shunock,hifld_pool
8402,39.6278,-78.9576,13,138.0,138.0,False,15.71,Maryland,Frostburg 1,hifld_nearest
8403,39.5772,-78.958,13,138.0,138.0,False,20.56,Maryland,Chenoweth,hifld_pool
8404,39.5255,-78.6673,13,138.0,138.0,False,3.6,Maryland,Tecuya,hifld_pool
8405,38.9535,-76.6015,13,138.0,138.0,False,31.55,Maryland,Torrey,hifld_pool
8406,39.0438,-76.6323,13,138.0,138.0,False,25.62,Maryland,West Townsend,hifld_pool
8407,38.9407,-76.6113,13,345.0,1.0,False,38.56,Maryland,Riva Road,hifld_nearest
8408,39.015,-76.4991,13,138.0,138.0,False,25.62,Maryland,Leggett,hifld_pool
8409,38.9426,-76.4802,13,138.0,138.0,False,21.11,Maryland,Bay Ridge,hifld_nearest
8410,38.9734,-76.5282,13,138.0,138.0,False,21.11,Maryland,Vaca-Dixon,hifld_pool
8411,38.9163,-76.4589,13,345.0,138.0,True,35.11,Maryland,Greene County Station,hifld_pool
8412,38.9932,-76.4308,13,138.0,138.0,True,25.96,Maryland,Ragu,hifld_pool
8413,39.0429,-76.4218,13,138.0,138.0,False,13.99,Maryland,Hunt Club,hifld_nearest
8414,39.0326,-76.4852,13,138.0,138.0,False,15.37,Maryland,San Angelo Jackson Street,hifld_pool
8415,39.0557,-76.5539,13,138.0,138.0,False,27.79,Maryland,Valley Ese,hifld_pool
8416,39.0065,-76.4243,13,138.0,138.0,False,28.86,Maryland,Draw,hifld_pool
8417,39.2191,-76.7007,13,138.0,138.0,False,26.38,Maryland,Westhaven,hifld_pool
8418,39.1828,-76.627,13,138.0,138.0,False,23.4,Maryland,Black Hills Power,hifld_pool
8419,39.2179,-76.6031,13,138.0,138.0,False,34.38,Maryland,Irving,hifld_pool
8420,38.8364,-76.5252,13,138.0,138.0,False,22.69,Maryland,Gove,hifld_pool
8421,39.0053,-76.7144,13,138.0,138.0,False,34.47,Maryland,San Bernardino,hifld_pool
8422,39.1295,-76.6737,13,138.0,138.0,False,17.59,Maryland,Border,hifld_pool
8423,38.9694,-76.6294,13,138.0,138.0,False,17.59,Maryland,Stone Lake,hifld_pool
8424,38.9378,-76.6947,13,138.0,138.0,False,10.33,Maryland,Melones Tap 2,hifld_pool
8425,38.7687,-76.6331,13,138.0,138.0,False,23.4,Maryland,Bonnie Brae,hifld_pool
8426,38.6952,-76.5325,13,138.0,138.0,False,11.18,Maryland,Chesapeake Beach,hifld_nearest
8427,38.9202,-76.5206,13,138.0,138.0,False,14.38,Maryland,Cuchilla Tap Rs Line,hifld_pool
8428,38.903,-76.5846,13,138.0,138.0,False,14.86,Maryland,Marriott Hill,hifld_nearest
8429,38.8931,-76.5089,13,138.0,138.0,False,20.75,Maryland,South Gatlinburg,hifld_pool
8430,38.9411,-76.5462,13,138.0,138.0,False,14.38,Maryland,Jenney,hifld_pool
8431,39.0745,-76.6258,13,138.0,138.0,False,9.42,Maryland,Midtown,hifld_pool
8432,39.1016,-76.6018,13,138.0,138.0,False,20.38,Maryland,El Paso Fs H-H,hifld_pool
8433,39.1297,-76.5928,13,138.0,138.0,False,20.38,Maryland,Didion,hifld_pool
8434,39.1503,-76.5746,13,138.0,138.0,False,40.77,Maryland,Walerga-Galbrath,hifld_pool
8435,39.1539,-76.6058,13,138.0,138.0,False,29.96,Maryland,Glen Burnie,hifld_nearest
8436,39.1017,-76.6933,13,138.0,138.0,False,29.96,Maryland,Big Stone South,hifld_pool
8437,39.1469,-76.7245,13,138.0,138.0,False,71.6,Maryland,14Th Street,hifld_pool
8438,39.1158,-76.5943,13,138.0,138.0,False,29.96,Maryland,Bisti,hifld_pool
8439,39.1215,-76.5707,13,138.0,138.0,False,29.96,Maryland,San Simeon-Stefano,hifld_pool
8440,39.1172,-76.7132,13,138.0,138.0,False,33.67,Maryland,Sterlington,hifld_pool
8441,39.1624,-76.8146,13,138.0,138.0,False,38.86,Maryland,No. Wall,hifld_pool
8442,39.1536,-76.7648,13,138.0,138.0,False,13.7,Maryland,Lake Charles Polymers,hifld_pool
8443,39.0319,-76.6549,13,138.0,1.0,False,30.18,Maryland,Sauk Dpc Solar,hifld_pool
8444,39.0299,-76.7499,13,138.0,138.0,True,35.93,Maryland,Jericho,hifld_nearest
8445,38.9466,-76.7343,13,138.0,138.0,False,35.75,Maryland,Black Knight,hifld_pool
8446,38.9754,-76.7022,13,138.0,138.0,False,21.25,Maryland,Priest Bridge,hifld_nearest
8447,38.7319,-76.6109,13,138.0,138.0,False,14.75,Maryland,Dunkirk,hifld_nearest
8448,38.6968,-76.6602,13,138.0,138.0,False,8.95,Maryland,Mount Harmony,hifld_nearest
8449,39.1286,-76.5164,13,138.0,138.0,False,40.83,Maryland,Gulf Breeze,hifld_pool
8450,39.1006,-76.5202,13,345.0,1.0,False,42.53,Maryland,Hardwick,hifld_pool
8451,39.1017,-76.4705,13,138.0,138.0,False,48.67,Maryland,Bankhead Dam,hifld_pool
8452,39.1057,-76.4303,13,138.0,138.0,True,47.8,Maryland,Zia,hifld_pool
8453,39.0602,-76.4452,13,138.0,138.0,False,33.8,Maryland,South Perry,hifld_pool
8454,39.2029,-76.7065,13,138.0,138.0,False,52.73,Maryland,Rogue River,hifld_pool
8455,39.1301,-76.6497,13,138.0,138.0,False,22.24,Maryland,N Lakeville,hifld_pool
8456,39.1503,-76.6473,13,138.0,138.0,False,22.24,Maryland,Rubicon,hifld_pool
8457,39.0648,-76.6837,13,138.0,138.0,False,40.87,Maryland,Waugh Chapel,hifld_nearest
8458,39.0659,-76.5837,13,138.0,138.0,False,18.63,Maryland,Horno,hifld_pool
8459,39.0862,-76.5785,13,138.0,138.0,False,43.69,Maryland,Tri-County,hifld_pool
8460,38.9892,-76.6352,13,138.0,138.0,False,18.63,Maryland,Cordova-Folsom,hifld_pool
8461,38.7375,-76.3408,13,138.0,138.0,True,10.23,Maryland,Oakwood Villa,hifld_pool
8462,39.3,-76.4851,13,138.0,138.0,False,28.37,Maryland,South Manchester,hifld_pool
8463,39.2789,-76.4886,13,138.0,138.0,False,40.47,Maryland,Berkeley F,hifld_pool
8464,39.2899,-76.543,13,138.0,138.0,False,39.63,Maryland,Kenyon,hifld_pool
8465,39.3067,-76.5778,13,138.0,138.0,False,50.92,Maryland,Erdman,hifld_nearest
8466,39.4192,-76.6063,13,138.0,138.0,False,28.37,Maryland,Bge Timonium,hifld_nearest
8467,39.4147,-76.6506,13,138.0,138.0,False,35.45,Maryland,Eaymond,hifld_pool
8468,39.2668,-76.6315,13,138.0,138.0,False,24.55,Maryland,Westport,hifld_nearest
8469,39.4708,-76.6139,13,138.0,138.0,False,13.3,Maryland,Texas,hifld_nearest
8470,39.4866,-76.5904,13,138.0,138.0,False,32.64,Maryland,Dos Palos,hifld_pool
8471,39.3587,-76.5802,13,138.0,138.0,False,53.89,Maryland,Clinton Power Station,hifld_pool
8472,39.3145,-76.6689,13,138.0,138.0,False,33.57,Maryland,Scoggin,hifld_pool
8473,39.3607,-76.7171,13,138.0,138.0,False,34.17,Maryland,Cosumnes,hifld_pool
8474,39.3469,-76.6944,13,138.0,138.0,False,33.57,Maryland,Jeffrey,hifld_pool
8475,39.4138,-76.6714,13,138.0,138.0,False,47.7,Maryland,Weston Village,hifld_pool
8476,39.2581,-76.6538,13,138.0,138.0,False,90.36,Maryland,Thelma Aep,hifld_pool
8477,39.2358,-76.4977,13,138.0,138.0,False,34.45,Maryland,Riverside 2,hifld_nearest
8478,39.2387,-76.5659,13,138.0,138.0,True,27.419999999999987,Maryland,Gould Street,hifld_nearest
8479,39.2733,-76.5577,13,138.0,138.0,False,57.69,Maryland,Garberville,hifld_pool
8480,39.3184,-76.4579,13,138.0,138.0,False,27.42,Maryland,Dinosaur,hifld_pool
8481,39.3251,-76.7642,13,138.0,138.0,False,25.23,Maryland,New Iberia,hifld_pool
8482,39.1898,-76.6449,13,138.0,138.0,False,28.21,Maryland,Davidson,hifld_pool
8483,39.3393,-76.5704,13,138.0,138.0,False,34.43,Maryland,Bull Sluice,hifld_pool
8484,39.2882,-76.721,13,138.0,138.0,False,26.55,Maryland,Torrington Terminal,hifld_pool
8485,39.3048,-76.8372,13,138.0,138.0,False,26.55,Maryland,Vicker,hifld_pool
8486,39.2744,-76.7964,13,138.0,138.0,False,26.55,Maryland,Frederick Road,hifld_nearest
8487,39.2875,-76.6925,13,138.0,138.0,False,45.01,Maryland,Bowen Street,hifld_pool
8488,39.5091,-76.7279,13,345.0,138.0,False,27.3,Maryland,Valley Way,hifld_pool
8489,39.5545,-76.5837,13,138.0,138.0,False,23.73,Maryland,6Th South,hifld_pool
8490,39.5203,-76.652,13,138.0,138.0,False,16.99,Maryland,Ripp,hifld_pool
8491,39.1995,-76.4356,13,138.0,138.0,True,31.129999999999995,Maryland,Orange City,hifld_pool
8492,39.2436,-76.5376,13,138.0,138.0,True,31.140000000000008,Maryland,Graettinger,hifld_pool
8493,39.2112,-76.4597,13,138.0,138.0,False,31.13,Maryland,Sparrows Point,hifld_nearest
8494,39.2542,-76.5182,13,138.0,138.0,False,31.13,Maryland,Riverside 3,hifld_nearest
8495,39.2954,-76.5217,13,138.0,138.0,False,59.41,Maryland,Eastpoint,hifld_nearest
8496,39.1723,-76.7363,13,138.0,138.0,False,47.84,Maryland,Hacienda Las Carolinas,hifld_pool
8497,39.2103,-76.8448,13,138.0,138.0,False,41.04,Maryland,Dumas,hifld_pool
8498,39.2599,-76.8338,13,138.0,138.0,False,53.61,Maryland,Mission,hifld_pool
8499,39.3505,-76.9176,13,345.0,1.0,False,62.46,Maryland,Redman,hifld_pool
8500,39.2908,-76.4083,13,138.0,138.0,False,29.4,Maryland,Androscoggin Energy Center,hifld_pool
8501,39.2719,-76.4104,13,138.0,138.0,False,29.97,Maryland,Nortech,hifld_pool
8502,39.2864,-76.4427,13,138.0,138.0,False,38.12,Maryland,Earl F Wisdom,hifld_pool
8503,39.2415,-76.4463,13,138.0,138.0,False,38.41,Maryland,Amazon Maryland Dca1,hifld_nearest
8504,39.8025,-76.6103,13,138.0,138.0,False,6.15,Maryland,Pingree,hifld_pool
8505,39.4314,-76.6972,13,138.0,138.0,False,45.32,Maryland,Goudchaux,hifld_pool
8506,39.2842,-76.8351,13,138.0,138.0,False,31.14,Maryland,Karcher,hifld_pool
8507,39.29,-76.647,13,138.0,138.0,False,38.96,Maryland,Wilkens,hifld_nearest
8508,39.3062,-76.7075,13,138.0,138.0,False,40.15,Maryland,Pleasentville,hifld_pool
8509,39.2735,-76.7508,13,138.0,138.0,False,55.07,Maryland,Travis,hifld_pool
8510,39.1755,-76.6442,13,138.0,138.0,False,23.39,Maryland,Camp Wisdom Rd,hifld_pool
8511,39.1723,-76.6629,13,138.0,1.0,False,23.39,Maryland,Grant Hill,hifld_pool
8512,39.2244,-76.6153,13,138.0,138.0,False,23.39,Maryland,Pumphrey,hifld_nearest
8513,39.2161,-76.7191,13,138.0,138.0,False,23.39,Maryland,Viaduct Avenue,hifld_nearest
8514,39.6656,-76.8355,13,138.0,138.0,False,10.52,Maryland,Manteca,hifld_pool
8515,39.5484,-76.8842,13,138.0,138.0,False,10.52,Maryland,Trumbull,hifld_pool
8516,39.43,-76.3709,13,345.0,1.0,False,11.28,Maryland,Plant Avenue,hifld_pool
8517,39.5036,-76.6004,13,138.0,138.0,False,29.26,Maryland,White Plains,hifld_pool
8518,39.447,-76.665,13,138.0,138.0,False,28.11,Maryland,Mays Chapel,hifld_nearest
8519,39.4496,-76.7242,13,138.0,138.0,False,25.43,Maryland,7Th Street,hifld_pool
8520,39.7014,-76.937,13,138.0,138.0,False,10.93,Maryland,Macheche,hifld_pool
8521,39.712,-76.8496,13,138.0,138.0,False,10.93,Maryland,Collin,hifld_pool
8522,39.6369,-76.8297,13,138.0,138.0,False,25.86,Maryland,Gas,hifld_pool
8523,39.4192,-76.2714,13,138.0,138.0,False,27.44,Maryland,Falling Branch,hifld_pool
8524,39.3742,-76.4882,13,138.0,138.0,False,27.34,Maryland,Fullerton,hifld_nearest
8525,39.366,-76.3426,13,345.0,1.0,False,55.29,Maryland,Sulphur Springs,hifld_pool
8526,39.3348,-76.4453,13,138.0,138.0,False,26.84,Maryland,Middle River,hifld_nearest
8527,39.4289,-76.4314,13,138.0,138.0,False,44.91,Maryland,Belknap,hifld_pool
8528,39.3352,-76.5192,13,138.0,138.0,False,47.8,Maryland,Hazelwood,hifld_nearest
8529,39.3491,-76.4588,13,138.0,138.0,False,47.8,Maryland,Pahokee,hifld_pool
8530,39.374,-76.7545,13,138.0,138.0,False,30.01,Maryland,Rosemore B,hifld_pool
8531,39.4768,-76.8146,13,138.0,138.0,False,30.47,Maryland,Dallam,hifld_pool
8532,39.4298,-76.6607,13,138.0,138.0,False,30.01,Maryland,Wave,hifld_pool
8533,39.4171,-76.7577,13,138.0,138.0,False,30.01,Maryland,Painters Mill,hifld_nearest
8534,39.678,-76.7269,13,138.0,138.0,False,16.09,Maryland,St Bonifacius,hifld_pool
8535,39.6486,-76.657,13,138.0,138.0,False,16.14,Maryland,Ealy,hifld_pool
8536,39.4266,-76.4688,13,138.0,138.0,False,38.92,Maryland,Gunpowder,hifld_nearest
8537,39.3921,-76.5002,13,138.0,138.0,False,99.68,Maryland,Tulloch Tap,hifld_pool
8538,39.3849,-76.4824,13,138.0,138.0,False,39.18,Maryland,Hartley,hifld_pool
8539,39.4189,-76.537,13,138.0,138.0,False,62.95,Maryland,Notch Cliff,hifld_nearest
8540,39.3478,-76.3836,13,138.0,138.0,False,11.91,Maryland,Newmark,hifld_pool
8541,39.4064,-76.3658,13,138.0,138.0,False,12.0,Maryland,Joppatowne,hifld_nearest
8542,39.4028,-76.4043,13,138.0,138.0,False,20.37,Maryland,Raphael Road,hifld_nearest
8543,39.6053,-76.6655,13,138.0,1.0,False,11.31,Maryland,Kitimat,hifld_pool
8544,39.4352,-76.8358,13,138.0,138.0,False,24.12,Maryland,Tovrea,hifld_pool
8545,39.4132,-76.7291,13,138.0,138.0,False,23.66,Maryland,Norton,hifld_pool
8546,39.4257,-76.7636,13,138.0,138.0,False,74.59,Maryland,Merchandise,hifld_pool
8547,39.4599,-76.7139,13,138.0,138.0,False,23.66,Maryland,Austin,hifld_pool
8548,39.3578,-76.8173,13,138.0,138.0,False,20.92,Maryland,Granite,hifld_nearest
8549,39.333,-76.7307,13,138.0,138.0,False,20.92,Maryland,Lochern,hifld_nearest
8550,39.381,-76.7821,13,138.0,138.0,False,35.35,Maryland,Hollywood Park,hifld_pool
8551,39.5044,-76.77,13,138.0,138.0,False,23.56,Maryland,National Welders Ind,hifld_pool
8552,39.5385,-76.7573,13,138.0,138.0,False,23.56,Maryland,Harlan Y,hifld_pool
8553,39.4676,-76.8257,13,138.0,138.0,False,24.02,Maryland,Northwest,hifld_nearest
8554,39.5245,-76.8973,13,138.0,138.0,False,34.08,Maryland,Decatur Adm North,hifld_pool
8555,39.1781,-76.2679,13,138.0,138.0,True,8.72,Maryland,Virginia,hifld_pool
8556,39.5053,-76.6582,13,138.0,138.0,False,25.43,Maryland,Shawan Rd,hifld_nearest
8557,39.4395,-76.5868,13,138.0,138.0,False,40.92,Maryland,Shaw Road,hifld_pool
8558,39.3736,-76.5642,13,138.0,138.0,False,25.23,Maryland,Rio Nogales,hifld_pool
8559,39.6525,-76.5493,13,138.0,138.0,False,5.11,Maryland,Conastone,hifld_nearest
8560,39.7296,-76.5623,13,138.0,138.0,False,7.68,Maryland,Falls Hydro,hifld_pool
8561,39.282,-76.8152,13,138.0,138.0,False,24.14,Maryland,Hollofield,hifld_nearest
8562,39.3386,-76.7925,13,138.0,138.0,False,24.14,Maryland,Dillard-Orange,hifld_pool
8563,39.193,-76.7476,13,138.0,138.0,False,32.79,Maryland,Rattlesnake,hifld_pool
8564,39.3883,-76.8737,13,138.0,138.0,False,17.35,Maryland,Plainfield,hifld_pool
8565,39.3179,-76.5217,13,138.0,138.0,False,15.93,Maryland,Wolf Road,hifld_pool
8566,39.2996,-76.5934,13,138.0,138.0,False,44.03,Maryland,Monument Street,hifld_nearest
8567,39.3653,-76.5202,13,138.0,138.0,False,36.23,Maryland,Oroville,hifld_pool
8568,39.2943,-76.6196,13,138.0,138.0,False,34.67,Maryland,Orchard St,hifld_nearest
8569,39.356,-76.5611,13,138.0,138.0,False,44.17,Maryland,Texlake,hifld_pool
8570,39.3302,-76.7469,13,138.0,138.0,False,22.37,Maryland,Pana,hifld_pool
8571,39.3276,-76.6449,13,138.0,138.0,False,60.09,Maryland,Coldspring,hifld_nearest
8572,39.2976,-76.6528,13,138.0,138.0,False,65.22,Maryland,Tyhee,hifld_pool
8573,39.3609,-76.6182,13,138.0,138.0,False,61.89,Maryland,Purewater,hifld_pool
8574,39.3793,-76.671,13,138.0,1.0,False,69.78,Maryland,Mount Washington,hifld_nearest
8575,39.2591,-76.5527,13,138.0,138.0,False,27.79,Maryland,Shafter,hifld_pool
8576,39.3699,-76.6312,13,138.0,138.0,False,27.79,Maryland,Barcelona,hifld_pool
8577,39.3189,-76.6017,13,138.0,138.0,False,59.74,Maryland,Lilac,hifld_pool
8578,39.2764,-76.6928,13,138.0,138.0,False,53.02,Maryland,Aj Swope,hifld_pool
8579,39.3085,-76.5418,13,138.0,138.0,False,47.87,Maryland,Skaggs Branch,hifld_pool
8580,39.3697,-76.5811,13,138.0,138.0,False,32.73,Maryland,Bunker Lake,hifld_pool
8581,39.2514,-76.6349,13,138.0,138.0,False,18.39,Maryland,Yankee Doodle,hifld_pool
8582,39.3221,-76.6294,13,138.0,138.0,False,54.88,Maryland,Center,hifld_nearest
8583,39.2252,-76.6687,13,138.0,138.0,False,23.62,Maryland,Sharon Spring,hifld_pool
8584,39.2397,-76.6136,13,138.0,138.0,False,46.81,Maryland,Tudor,hifld_pool
8585,39.1784,-76.609,13,138.0,138.0,False,23.41,Maryland,Potholes,hifld_pool
8586,39.393,-76.6082,13,138.0,138.0,False,17.48,Maryland,East Towson,hifld_nearest
8587,39.1879,-76.5517,13,138.0,138.0,False,18.02,Maryland,Brandon Shores,hifld_nearest
8588,38.7327,-76.5807,13,138.0,138.0,False,18.99,Maryland,Knoble,hifld_pool
8589,38.6221,-76.5133,13,138.0,138.0,True,12.379999999999995,Maryland,Randle Cliff,hifld_nearest
8590,38.6663,-76.6005,13,138.0,138.0,False,24.99,Maryland,Sunderland,hifld_nearest
8591,38.6081,-76.6139,13,138.0,138.0,False,13.23,Maryland,Holland Cliff,hifld_nearest
8592,38.5281,-76.6385,13,138.0,138.0,False,23.75,Maryland,Roe'S Corner,hifld_pool
8593,38.6398,-76.6199,13,138.0,138.0,False,13.23,Maryland,K Street,hifld_pool
8594,38.4133,-76.4371,13,138.0,138.0,False,52.09,Maryland,Sollers Warf,hifld_nearest
8595,38.5179,-76.5113,13,138.0,138.0,False,20.3,Maryland,Clinton Lfgte,hifld_pool
8596,38.4542,-76.6134,13,138.0,138.0,True,13.869999999999996,Maryland,Sears Hydroelectric Plant,hifld_pool
8597,38.5444,-76.6862,13,138.0,138.0,False,10.51,Maryland,Imperial Terminal Tower,hifld_pool
8598,38.4184,-76.4848,13,138.0,138.0,False,9.62,Maryland,Grahamville,hifld_pool
8599,38.8916,-75.7953,13,138.0,138.0,False,17.87,Maryland,Ripon,hifld_pool
8600,38.8468,-75.8829,13,138.0,138.0,False,24.96,Maryland,Omro,hifld_pool
8601,38.7334,-75.7637,13,138.0,138.0,False,5.91,Maryland,Cidra Pueblo,hifld_pool
8602,38.7661,-75.8072,13,138.0,138.0,False,10.57,Maryland,Pasco Cnty Solid Waste Resource Recovery,hifld_pool
8603,38.8153,-75.7963,13,138.0,138.0,False,5.91,Maryland,Burns Lake,hifld_pool
8604,39.0583,-75.7326,13,138.0,138.0,False,5.2,Maryland,Alturas De Mayaguez 6012,hifld_pool
8605,38.9146,-75.886,13,138.0,138.0,False,7.99,Maryland,Hillsboro,hifld_nearest
8606,39.0975,-75.8458,13,138.0,138.0,False,5.64,Maryland,Eagle Valley In,hifld_pool
8607,38.9863,-75.8736,13,138.0,138.0,False,4.99,Maryland,Southcenter,hifld_pool
8608,39.5547,-76.929,13,138.0,138.0,False,9.9,Maryland,Frontier,hifld_pool
8609,39.469,-76.9007,13,138.0,138.0,False,9.9,Maryland,Olivehurst,hifld_pool
8610,39.3726,-77.1347,13,138.0,138.0,False,20.62,Maryland,North Gatlinburg,hifld_pool
8611,39.423,-77.089,13,138.0,138.0,False,20.62,Maryland,Weiser,hifld_pool
8612,39.3534,-77.2412,13,345.0,1.0,False,37.61,Maryland,Vineyard Tap,hifld_pool
8613,39.3442,-77.1795,13,138.0,138.0,False,20.62,Maryland,Alvin Auto,hifld_pool
8614,39.5444,-77.1475,13,138.0,138.0,False,5.33,Maryland,Whitehurst,hifld_pool
8615,39.4884,-77.0872,13,138.0,138.0,False,10.24,Maryland,Burke,hifld_pool
8616,39.5683,-77.0535,13,138.0,138.0,False,5.33,Maryland,Seaway Sw,hifld_pool
8617,39.3286,-76.9238,13,138.0,138.0,False,33.75,Maryland,Friendship Manor,hifld_nearest
8618,39.3994,-77.0011,13,138.0,138.0,False,26.46,Maryland,Colony-Woods,hifld_pool
8619,39.4043,-76.9621,13,138.0,138.0,False,27.21,Maryland,Craighead,hifld_pool
8620,39.7231,-77.2022,13,138.0,138.0,False,9.94,Maryland,Ussc,hifld_pool
8621,39.6472,-77.1464,13,138.0,138.0,False,9.94,Maryland,Defrain,hifld_pool
8622,39.7443,-77.1456,13,138.0,138.0,False,9.94,Maryland,Carle Place,hifld_pool
8623,39.6059,-77.2527,13,138.0,138.0,False,7.73,Maryland,Cima,hifld_pool
8624,39.5168,-77.2008,13,138.0,138.0,False,10.61,Maryland,Canton,hifld_pool
8625,39.4841,-76.9618,13,138.0,1.0,False,35.66,Maryland,Jessup Tap 1,hifld_pool
8626,39.618,-76.9275,13,138.0,138.0,False,27.96,Maryland,Unisource Sq Hi,hifld_pool
8627,39.5077,-77.02,13,138.0,138.0,False,25.75,Maryland,Littleton,hifld_pool
8628,39.5534,-76.9813,13,138.0,138.0,False,25.75,Maryland,San Demetrio 9002,hifld_pool
8629,39.6532,-77.0209,13,345.0,138.0,False,28.23,Maryland,Athens,hifld_pool
8630,39.6925,-76.9807,13,138.0,138.0,False,14.11,Maryland,Four Corners,hifld_pool
8631,39.6285,-77.051,13,138.0,138.0,False,14.11,Maryland,Chiloquin,hifld_pool
8632,39.3409,-77.0516,13,138.0,138.0,False,10.48,Maryland,Oliver Dam,hifld_pool
8633,39.2615,-77.0982,13,138.0,138.0,False,10.19,Maryland,Marbach Road,hifld_pool
8634,39.7346,-76.1719,13,138.0,138.0,False,7.13,Maryland,Rock Springs,hifld_nearest
8635,39.3629,-76.0193,13,138.0,138.0,False,8.41,Maryland,Prides Corner,hifld_pool
8636,39.4415,-75.8984,13,138.0,138.0,False,12.09,Maryland,Methanex,hifld_pool
8637,39.6739,-75.85,13,345.0,138.0,False,31.29,Maryland,Salina,hifld_pool
8638,39.6113,-75.7629,13,138.0,138.0,False,31.26,Maryland,Glasgow,hifld_nearest
8639,39.6889,-75.8855,13,138.0,138.0,False,31.29,Maryland,Air Products 1,hifld_pool
8640,39.6705,-75.8741,13,138.0,138.0,False,31.05,Maryland,Central Islip,hifld_pool
8641,39.5486,-76.0339,13,138.0,138.0,False,16.8,Maryland,Perryville,hifld_nearest
8642,39.5545,-75.9275,13,138.0,138.0,False,15.31,Maryland,Boerne,hifld_pool
8643,39.6109,-76.0178,13,138.0,138.0,False,11.78,Maryland,Holland,hifld_pool
8644,39.5883,-76.045,13,138.0,138.0,False,16.36,Maryland,Sky Ranch,hifld_pool
8645,39.624,-76.0651,13,138.0,138.0,False,9.98,Maryland,Joppa 345,hifld_pool
8646,39.6665,-76.1574,13,138.0,138.0,False,17.86,Maryland,Pleasant,hifld_pool
8647,39.7263,-76.0372,13,138.0,138.0,False,6.74,Maryland,Dumont,hifld_pool
8648,39.6703,-76.0476,13,138.0,138.0,False,12.58,Maryland,Colora,hifld_nearest
8649,39.678,-75.9868,13,138.0,138.0,False,16.98,Maryland,Guayanes 2902,hifld_pool
8650,39.8187,-76.0149,13,138.0,138.0,False,10.23,Maryland,Dunsmuir - Adjunct,hifld_pool
8651,38.6824,-76.8383,13,138.0,138.0,False,11.03,Maryland,Sunbright,hifld_pool
8652,38.7044,-76.8132,13,138.0,138.0,False,13.579999999999998,Maryland,Talbert Tap,hifld_nearest
8653,38.6165,-76.7079,13,138.0,138.0,False,11.88,Maryland,Aquasco,hifld_nearest
8654,38.6618,-77.0952,13,138.0,138.0,False,5.45,Maryland,Walden North Generation Station,hifld_pool
8655,38.6107,-77.1248,13,138.0,138.0,False,6.24,Maryland,Blueridge,hifld_pool
8656,38.4152,-76.7826,13,138.0,138.0,False,7.03,Maryland,Ryceville,hifld_nearest
8657,38.4018,-76.9119,13,138.0,138.0,False,5.56,Maryland,Great Falls Rainbow,hifld_pool
8658,38.3001,-76.8793,13,138.0,138.0,False,12.85,Maryland,Chief,hifld_pool
8659,38.6103,-76.7608,13,138.0,138.0,False,11.8,Maryland,Norway Hills,hifld_pool
8660,38.5257,-76.7609,13,138.0,138.0,False,5.29,Maryland,North Nashville,hifld_pool
8661,38.5452,-77.2083,13,138.0,138.0,False,28.61,Maryland,Sunny Dunes,hifld_pool
8662,38.4643,-77.2359,13,138.0,138.0,False,12.44,Maryland,Tuckasegee Tie,hifld_pool
8663,38.4936,-77.0446,13,138.0,138.0,False,18.67,Maryland,Lake Platte,hifld_pool
8664,38.5238,-77.0567,13,138.0,138.0,False,13.18,Maryland,Raton,hifld_pool
8665,38.5279,-77.0312,13,138.0,138.0,False,13.18,Maryland,Huntington Beach,hifld_pool
8666,38.5521,-77.0022,13,138.0,138.0,False,13.18,Maryland,Bunker Tap,hifld_pool
8667,38.4248,-76.6902,13,138.0,138.0,False,16.39,Maryland,Deerhaven,hifld_pool
8668,38.4444,-76.7076,13,138.0,138.0,False,16.39,Maryland,Radnor,hifld_pool
8669,38.447,-76.738,13,138.0,138.0,False,16.39,Maryland,Coachella Valley,hifld_pool
8670,38.3425,-76.7664,13,138.0,138.0,False,21.64,Maryland,Fpl Energy Story Wind Llc,hifld_pool
8671,38.4157,-77.1725,13,138.0,138.0,False,7.48,Maryland,York Canyon,hifld_pool
8672,38.379,-77.0166,13,138.0,138.0,False,3.1,Maryland,Panama,hifld_pool
8673,38.6356,-76.9399,13,138.0,138.0,False,18.4,Maryland,Westlake,hifld_nearest
8674,38.6405,-76.862,13,138.0,138.0,False,16.85,Maryland,Stateline,hifld_pool
8675,38.606,-76.8103,13,138.0,138.0,False,16.85,Maryland,Clintmoore,hifld_pool
8676,38.6552,-76.9105,13,138.0,138.0,False,17.41,Maryland,West Lafayette Cumberland Avenue,hifld_pool
8677,38.5752,-76.8557,13,138.0,138.0,False,19.59,Maryland,Pit 7,hifld_pool
8678,38.5883,-76.8767,13,138.0,138.0,False,40.57,Maryland,Rome,hifld_pool
8679,38.5936,-76.9243,13,138.0,138.0,False,37.61,Maryland,Rossville,hifld_pool
8680,38.574,-76.9831,13,345.0,1.0,False,35.0,Maryland,Indian,hifld_pool
8681,38.6551,-77.0332,13,138.0,138.0,False,23.31,Maryland,Belagio,hifld_pool
8682,38.6517,-76.9842,13,138.0,138.0,False,38.44,Maryland,Culleoka,hifld_pool
8683,38.9383,-77.0221,13,138.0,138.0,False,27.01,Maryland,Red Willow,hifld_pool
8684,38.8207,-77.0531,13,138.0,138.0,False,26.89,Maryland,North Alexandria,hifld_nearest
8685,38.9091,-77.0818,13,138.0,138.0,False,83.58,Maryland,Badrock,hifld_pool
8686,38.9131,-76.9252,13,138.0,138.0,False,29.22,Maryland,Grand Teton,hifld_pool
8687,38.8112,-77.0496,13,138.0,138.0,False,34.28,Maryland,Addy,hifld_pool
8688,38.9665,-76.9876,13,138.0,138.0,False,89.51,Maryland,Tokoma,hifld_nearest
8689,38.9236,-76.9379,13,138.0,138.0,False,68.21,Maryland,Osage Ia,hifld_pool
8690,38.8306,-76.9913,13,138.0,138.0,False,53.41,Maryland,Port Orford,hifld_pool
8691,38.8731,-76.9396,13,138.0,138.0,False,18.45,Maryland,Dixieland,hifld_pool
8692,38.9044,-77.0009,13,138.0,138.0,False,26.12,Maryland,Tuxedo,hifld_nearest
8693,38.8809,-77.0889,13,138.0,138.0,False,29.45,Maryland,Radnor Heights,hifld_nearest
8694,38.9631,-77.1016,13,138.0,138.0,False,20.5,Maryland,Normal West-Parkside Substaition,hifld_pool
8695,38.9404,-77.0365,13,138.0,138.0,False,39.25,Maryland,Missle Site,hifld_pool
8696,38.8882,-77.0387,13,138.0,138.0,False,50.29,Maryland,Grinding,hifld_pool
8697,38.9783,-77.0086,13,138.0,138.0,False,40.07,Maryland,Grant Avenue,hifld_nearest
8698,38.9123,-77.0511,13,138.0,138.0,False,39.99,Maryland,O St,hifld_nearest
8699,38.828,-77.0651,13,138.0,138.0,False,30.52,Maryland,Gmmm Westover,hifld_pool
8700,38.9852,-76.9745,13,138.0,138.0,False,102.72,Maryland,Pit 5 Tap,hifld_pool
8701,38.9981,-77.0064,13,138.0,138.0,False,45.14,Maryland,Winter,hifld_pool
8702,38.895,-77.0193,13,138.0,138.0,False,54.12,Maryland,Pepco 117,hifld_nearest
8703,38.9849,-76.9564,13,138.0,138.0,False,86.42,Maryland,Campus Drive,hifld_nearest
8704,38.9689,-77.0574,13,138.0,138.0,False,74.08,Maryland,Movie,hifld_pool
8705,38.944,-77.148,13,138.0,138.0,False,36.3,Maryland,Cia,hifld_nearest
8706,38.9219,-77.1241,13,138.0,138.0,False,83.24,Maryland,Albatross,hifld_pool
8707,38.8574,-77.0133,13,138.0,138.0,False,22.88,Maryland,Buzzard Point,hifld_nearest
8708,38.8391,-76.9662,13,138.0,138.0,False,30.33,Maryland,Alabama Avenue,hifld_nearest
8709,38.9966,-76.9938,13,138.0,138.0,False,52.53,Maryland,Seek Lane,hifld_nearest
8710,38.8453,-76.9124,13,138.0,138.0,False,30.33,Maryland,Kingswood,hifld_nearest
8711,38.9034,-76.9432,13,138.0,138.0,False,30.33,Maryland,Benning,hifld_nearest
8712,38.9501,-76.9598,13,138.0,138.0,False,30.33,Maryland,Lake Louise,hifld_pool
8713,38.8731,-76.997,13,138.0,138.0,False,34.64,Maryland,Southwest,hifld_nearest
8714,38.9165,-77.0314,13,138.0,138.0,False,27.82,Maryland,Pepco Harvard,hifld_nearest
8715,38.7661,-76.9898,13,138.0,138.0,False,27.82,Maryland,Vaseaux Lake,hifld_pool
8716,38.9064,-76.9086,13,138.0,138.0,False,33.14,Maryland,Memorial,hifld_pool
8717,38.8498,-76.9449,13,138.0,138.0,False,27.82,Maryland,Grand Junction,hifld_pool
8718,38.8545,-77.0935,13,138.0,138.0,False,21.37,Maryland,Arlington,hifld_nearest
8719,38.8077,-77.0351,13,138.0,138.0,False,46.22,Maryland,Dc Water Chp,hifld_nearest
8720,38.7659,-76.9699,13,138.0,138.0,False,24.87,Maryland,Palmers Corner,hifld_nearest
8721,38.7837,-77.0463,13,138.0,138.0,False,24.87,Maryland,East Stockton,hifld_pool
8722,38.8867,-77.0069,13,138.0,138.0,False,46.18,Maryland,Lyonsdale Associates,hifld_pool
8723,38.9252,-77.0674,13,138.0,138.0,False,22.02,Maryland,Thorntown,hifld_pool
8724,38.9006,-77.0639,13,138.0,138.0,False,66.13,Maryland,Rosslyn,hifld_nearest
8725,38.5425,-76.1414,13,138.0,138.0,False,15.64,Maryland,Bellgreen,hifld_pool
8726,38.442,-76.0725,13,138.0,138.0,False,14.97,Maryland,Port Wing,hifld_pool
8727,38.4797,-76.0362,13,138.0,138.0,False,13.96,Maryland,Orrington,hifld_pool
8728,38.4958,-76.0796,13,138.0,138.0,False,12.5,Maryland,Hammonds,hifld_pool
8729,38.6086,-75.9064,13,138.0,138.0,False,11.68,Maryland,Tektronix,hifld_pool
8730,38.5857,-75.8177,13,138.0,138.0,False,11.3,Maryland,Riley Generating Station,hifld_pool
8731,38.6848,-75.8253,13,138.0,138.0,False,5.56,Maryland,Butler Ridge,hifld_pool
8732,38.6972,-75.9295,13,138.0,138.0,False,5.56,Maryland,Ponce Cash & Carry,hifld_pool
8733,39.2283,-77.4141,13,138.0,138.0,False,10.34,Maryland,Windover,hifld_pool
8734,39.2498,-77.3644,13,138.0,138.0,False,21.94,Maryland,Jonesboro Spa,hifld_pool
8735,39.6564,-77.3143,13,138.0,138.0,False,11.9,Maryland,Tyson,hifld_pool
8736,39.6476,-77.3947,13,138.0,138.0,False,5.44,Maryland,Thurmont,hifld_nearest
8737,39.4903,-77.3959,13,138.0,138.0,False,24.62,Maryland,Kansas West,hifld_pool
8738,39.4438,-77.346,13,138.0,138.0,False,26.8,Maryland,Rock Spring,hifld_pool
8739,39.4712,-77.3524,13,138.0,138.0,False,24.62,Maryland,Walkersville,hifld_nearest
8740,39.3947,-77.377,13,138.0,138.0,False,35.46,Maryland,Frederick,hifld_nearest
8741,39.5189,-77.4964,13,138.0,138.0,False,27.1,Maryland,Yost Bridge,hifld_pool
8742,39.4546,-77.4763,13,345.0,138.0,False,54.28,Maryland,Huntingdon,hifld_pool
8743,39.493,-77.4789,13,138.0,138.0,False,32.27,Maryland,North Alderwood,hifld_pool
8744,39.2895,-77.4269,13,138.0,138.0,False,25.65,Maryland,Chipeta Lake,hifld_pool
8745,39.3559,-77.5241,13,138.0,138.0,False,33.64,Maryland,Coconut Grove,hifld_pool
8746,39.4696,-77.4735,13,138.0,138.0,False,22.92,Maryland,Norgate,hifld_pool
8747,39.2866,-77.3958,13,138.0,138.0,False,23.16,Maryland,Badger Creek,hifld_pool
8748,39.4124,-77.4735,13,138.0,138.0,False,12.45,Maryland,Mccain,hifld_nearest
8749,39.2948,-77.3108,13,138.0,138.0,False,63.85,Maryland,Wissota,hifld_pool
8750,39.3565,-77.3747,13,138.0,138.0,False,18.37,Maryland,Westside,hifld_pool
8751,39.2784,-77.6285,13,138.0,138.0,False,15.75,Maryland,Lovettsville,hifld_nearest
8752,39.3672,-77.7778,13,138.0,138.0,False,7.94,Maryland,Mead Rumford Cogen,hifld_pool
8753,39.3709,-77.6133,13,138.0,138.0,False,13.7,Maryland,Bowman Street,hifld_pool
8754,39.4537,-77.5932,13,138.0,138.0,False,14.72,Maryland,Twin Bridges,hifld_pool
8755,39.5048,-77.5719,13,138.0,138.0,False,10.45,Maryland,Kramer,hifld_pool
8756,39.4794,-77.5581,13,138.0,138.0,False,10.45,Maryland,Ferncliff,hifld_pool
8757,39.4429,-77.2204,13,138.0,138.0,False,15.65,Maryland,Leaf River Cellulose Llc,hifld_pool
8758,39.3848,-77.2768,13,138.0,138.0,False,16.73,Maryland,Sunny Hills,hifld_pool
8759,39.612,-77.5319,13,138.0,138.0,False,12.95,Maryland,Calera D.S,hifld_pool
8760,39.5807,-77.5275,13,138.0,138.0,False,18.65,Maryland,North Strasburg,hifld_pool
8761,39.538,-77.3682,13,138.0,138.0,False,11.83,Maryland,Miller,hifld_pool
8762,39.5833,-77.4404,13,138.0,138.0,False,21.62,Maryland,Catoctin,hifld_nearest
8763,39.5487,-77.3161,13,138.0,138.0,False,24.2,Maryland,Kerr,hifld_pool
8764,39.4442,-77.3908,13,138.0,138.0,False,9.09,Maryland,Monocacy,hifld_nearest
8765,39.6463,-79.2423,13,138.0,138.0,False,5.56,Maryland,Crowleys,hifld_pool
8766,39.667,-79.3687,13,138.0,138.0,False,8.14,Maryland,Metonga,hifld_pool
8767,39.6802,-79.1489,13,138.0,138.0,False,11.63,Maryland,Panoche,hifld_pool
8768,39.4521,-79.3905,13,138.0,138.0,False,16.08,Maryland,Heardmont,hifld_pool
8769,39.4293,-79.4485,13,138.0,138.0,False,13.2,Maryland,Las Cruces 3602,hifld_pool
8770,39.3505,-79.38,13,138.0,138.0,False,13.2,Maryland,Pixley,hifld_pool
8771,39.5229,-79.1733,13,138.0,138.0,False,5.01,Maryland,Nauvoo,hifld_pool
8772,39.4613,-79.2496,13,138.0,138.0,False,5.03,Maryland,Waupun Correctional Central Heating Plt,hifld_pool
8773,39.5903,-76.2055,13,138.0,138.0,False,14.99,Maryland,Lawrence Livermore,hifld_pool
8774,39.5476,-76.2609,13,138.0,138.0,False,18.14,Maryland,Marcola,hifld_pool
8775,39.4567,-76.2683,13,138.0,138.0,False,26.6,Maryland,Rocky Ford,hifld_pool
8776,39.4083,-76.1498,13,138.0,138.0,False,27.37,Maryland,Kaweah 2,hifld_pool
8777,39.4768,-76.2514,13,138.0,138.0,False,20.76,Maryland,Aibonito Pds,hifld_pool
8778,39.5208,-76.2711,13,138.0,138.0,False,20.76,Maryland,Cloverdale East,hifld_pool
8779,39.4991,-76.2376,13,138.0,138.0,False,20.76,Maryland,Moreland,hifld_pool
8780,39.4777,-76.3786,13,138.0,138.0,False,32.3,Maryland,Quilcene,hifld_pool
8781,39.4935,-76.3743,13,138.0,138.0,False,25.14,Maryland,Lake Tradition,hifld_pool
8782,39.5495,-76.3511,13,138.0,138.0,False,25.14,Maryland,Soport,hifld_pool
8783,39.5884,-76.3834,13,345.0,138.0,False,50.28,Maryland,Keystone Heights Electric,hifld_pool
8784,39.6343,-76.312,13,138.0,138.0,False,21.6,Maryland,Berkshire,hifld_pool
8785,39.5477,-76.2192,13,138.0,138.0,False,19.36,Maryland,White Trail,hifld_pool
8786,39.5208,-76.3305,13,138.0,138.0,False,24.43,Maryland,Hampton,hifld_pool
8787,39.489,-76.2108,13,138.0,138.0,False,22.58,Maryland,Harford,hifld_nearest
8788,39.5101,-76.3803,13,138.0,138.0,False,17.03,Maryland,Bagley,hifld_nearest
8789,39.4221,-76.3117,13,138.0,138.0,False,17.03,Maryland,Neosho,hifld_pool
8790,39.4866,-76.3155,13,138.0,138.0,False,17.03,Maryland,Crandall,hifld_pool
8791,39.4352,-76.331,13,138.0,138.0,False,17.13,Maryland,Tucannon River,hifld_pool
8792,39.4381,-76.4005,13,138.0,138.0,False,20.27,Maryland,Melbourne,hifld_pool
8793,39.4885,-76.5012,13,138.0,138.0,False,15.37,Maryland,Winton,hifld_pool
8794,39.5791,-76.4704,13,138.0,138.0,False,11.3,Maryland,El Cerrito Sta G,hifld_pool
8795,39.6405,-76.3801,13,138.0,138.0,False,12.7,Maryland,Ford Drive,hifld_pool
8796,39.5974,-76.4162,13,138.0,138.0,False,12.7,Maryland,Preston North,hifld_pool
8797,39.5816,-76.2329,13,138.0,138.0,False,28.19,Maryland,Julia,hifld_pool
8798,39.556,-76.3161,13,138.0,138.0,False,13.03,Maryland,Crestbrook,hifld_pool
8799,39.469,-76.0752,13,138.0,138.0,False,16.82,Maryland,Dixon,hifld_pool
8800,39.5402,-76.2017,13,138.0,1.0,False,20.81,Maryland,Mio,hifld_pool
8801,39.5159,-76.107,13,138.0,138.0,True,19.46,Maryland,Morgan Falls,hifld_pool
8802,39.5689,-76.5451,13,138.0,138.0,False,14.23,Maryland,Ucsd,hifld_pool
8803,39.6436,-76.4574,13,138.0,138.0,False,12.02,Maryland,Fiskville,hifld_pool
8804,39.75,-76.4361,13,138.0,138.0,False,6.01,Maryland,Nordic,hifld_pool
8805,39.7076,-76.3549,13,138.0,138.0,False,16.5,Maryland,Graceton,hifld_nearest
8806,39.2704,-77.0598,13,138.0,138.0,False,18.87,Maryland,Tesoro,hifld_pool
8807,39.1891,-77.0198,13,138.0,138.0,False,21.04,Maryland,Brighton,hifld_nearest
8808,39.2583,-76.9798,13,138.0,138.0,False,33.41,Maryland,Labelle,hifld_pool
8809,39.2001,-76.8209,13,138.0,138.0,False,29.09,Maryland,Columbia,hifld_nearest
8810,39.1202,-76.901,13,138.0,138.0,False,29.09,Maryland,Riverplace,hifld_pool
8811,39.21,-76.8245,13,138.0,138.0,False,55.64,Maryland,Kern Canyon,hifld_pool
8812,39.2106,-76.7559,13,138.0,138.0,False,29.09,Maryland,Alpla Caribe,hifld_pool
8813,39.136,-76.8804,13,138.0,138.0,False,37.23,Maryland,High Ridge,hifld_nearest
8814,39.1816,-76.84,13,138.0,138.0,False,39.82,Maryland,Captive,hifld_pool
8815,39.209,-76.8051,13,138.0,138.0,False,26.71,Maryland,Long Reach,hifld_nearest
8816,39.1684,-76.8756,13,138.0,138.0,False,44.97,Maryland,Park Ave,hifld_pool
8817,39.1868,-76.7102,13,138.0,138.0,False,18.37,Maryland,Hunters Point,hifld_pool
8818,39.1847,-76.7693,13,138.0,138.0,False,31.69,Maryland,East,hifld_pool
8819,39.2819,-76.873,13,138.0,138.0,False,37.08,Maryland,Bethany,hifld_nearest
8820,39.2307,-76.8491,13,138.0,138.0,False,63.66,Maryland,United Power,hifld_pool
8821,39.2248,-76.8956,13,138.0,138.0,False,26.56,Maryland,Wilde Lake,hifld_nearest
8822,39.1027,-76.8307,13,138.0,138.0,False,20.21,Maryland,Laurel,hifld_nearest
8823,39.1198,-76.7615,13,345.0,138.0,False,20.21,Maryland,St Crispin,hifld_pool
8824,39.1835,-76.8693,13,345.0,138.0,False,20.21,Maryland,Pluess,hifld_pool
8825,39.2216,-76.7751,13,138.0,138.0,False,20.21,Maryland,Howard,hifld_nearest
8826,39.2291,-76.1178,13,345.0,138.0,False,16.52,Maryland,South Butler,hifld_pool
8827,39.18,-76.1436,13,138.0,138.0,False,11.95,Maryland,Pine Bluff 34Th & Main,hifld_pool
8828,39.2125,-76.1721,13,138.0,1.0,False,11.95,Maryland,Bronx,hifld_pool
8829,39.336,-75.8234,13,138.0,138.0,False,9.27,Maryland,Gentilly Road,hifld_pool
8830,39.2699,-75.898,13,138.0,138.0,False,6.97,Maryland,Lea National,hifld_pool
8831,39.1173,-76.2043,13,138.0,138.0,False,4.93,Maryland,Rosecrans,hifld_pool
8832,39.1579,-76.8725,13,138.0,138.0,False,28.78,Maryland,Ackley,hifld_pool
8833,39.0301,-76.8911,13,138.0,138.0,False,41.71,Maryland,Beltsville,hifld_nearest
8834,38.8981,-77.1502,13,138.0,138.0,False,25.51,Maryland,Kleber,hifld_pool
8835,38.972,-77.142,13,138.0,138.0,False,44.71,Maryland,Wood Acres,hifld_nearest
8836,38.9818,-77.0941,13,138.0,138.0,False,74.34,Maryland,Bethesda,hifld_nearest
8837,39.0283,-77.1452,13,138.0,138.0,False,25.28,Maryland,Bells Mill,hifld_nearest
8838,39.1654,-77.3504,13,138.0,138.0,False,10.1,Maryland,Wallace,hifld_pool
8839,39.1384,-76.9672,13,138.0,138.0,False,29.89,Maryland,Tech Park,hifld_pool
8840,38.9361,-77.1039,13,138.0,138.0,False,30.98,Maryland,Villisca Municipal Power Plant,hifld_pool
8841,39.0569,-77.1341,13,345.0,138.0,False,33.480000000000004,Maryland,Twinbrook,hifld_nearest
8842,38.9105,-77.1786,13,138.0,138.0,False,22.35,Maryland,Alumax,hifld_pool
8843,39.1832,-77.1755,13,138.0,138.0,False,26.37,Maryland,Emory Grove,hifld_nearest
8844,38.9491,-77.2117,13,138.0,138.0,False,25.76,Maryland,Swinks Mill,hifld_nearest
8845,39.0871,-77.1316,13,138.0,138.0,False,23.94,Maryland,Rockville,hifld_nearest
8846,39.0175,-77.1719,13,138.0,138.0,False,23.94,Maryland,Longwood,hifld_nearest
8847,39.1073,-77.2588,13,345.0,138.0,False,34.84,Maryland,Engle-Eastern Tap,hifld_pool
8848,39.0941,-77.3502,13,138.0,138.0,False,34.84,Maryland,Portal,hifld_pool
8849,39.1596,-77.1982,13,345.0,138.0,False,75.05,Maryland,Tap,hifld_pool
8850,39.1117,-77.1816,13,138.0,138.0,False,35.26,Maryland,Lakeland Solar Energy Llc,hifld_pool
8851,39.0944,-77.246,13,138.0,138.0,False,34.84,Maryland,Hunting Hill,hifld_nearest
8852,39.075,-77.1811,13,138.0,138.0,False,16.99,Maryland,Kenilworth,hifld_pool
8853,39.1369,-77.0152,13,138.0,138.0,False,20.96,Maryland,International Paper Eastover Facility,hifld_pool
8854,39.0808,-77.1577,13,138.0,138.0,False,30.29,Maryland,Lower Middlebury,hifld_pool
8855,39.2699,-77.1632,13,138.0,138.0,False,13.08,Maryland,Mcmillan,hifld_pool
8856,39.2428,-77.2825,13,138.0,138.0,False,13.08,Maryland,Clarksburg,hifld_nearest
8857,39.0808,-77.3597,13,138.0,138.0,False,32.01,Maryland,Chilhowee,hifld_pool
8858,39.1228,-77.2576,13,138.0,138.0,False,32.14,Maryland,Standard Oil 5,hifld_pool
8859,39.1792,-77.2809,13,138.0,138.0,False,32.43,Maryland,West Somerville,hifld_pool
8860,39.1979,-77.2443,13,138.0,138.0,False,49.79,Maryland,Germantown,hifld_nearest
8861,39.0758,-77.3109,13,138.0,138.0,False,32.01,Maryland,Power Station,hifld_pool
8862,39.1644,-77.2392,13,138.0,138.0,False,17.78,Maryland,Middlebrook,hifld_nearest
8863,39.2092,-77.3359,13,138.0,138.0,False,39.72,Maryland,Borrego,hifld_pool
8864,39.0669,-77.0534,13,138.0,138.0,False,46.57,Maryland,Mattoon West,hifld_pool
8865,39.0495,-76.7994,13,138.0,138.0,False,31.42,Maryland,Syosset,hifld_pool
8866,39.1014,-76.7245,13,138.0,138.0,False,43.25,Maryland,Pomerado,hifld_pool
8867,39.1051,-76.8662,13,138.0,138.0,False,54.51,Maryland,Duval,hifld_pool
8868,39.1568,-77.2125,13,138.0,138.0,False,23.21,Maryland,John P Madgett,hifld_pool
8869,39.1714,-77.1969,13,138.0,138.0,False,23.21,Maryland,Montgomery Village,hifld_nearest
8870,39.2082,-77.2336,13,138.0,138.0,False,41.55,Maryland,Moonstone,hifld_pool
8871,39.184,-77.0754,13,138.0,138.0,False,32.06,Maryland,Mount Zion,hifld_nearest
8872,39.1266,-77.1,13,138.0,138.0,False,17.41,Maryland,Monta Vista Upper,hifld_pool
8873,39.1384,-77.0693,13,138.0,138.0,False,17.41,Maryland,Norbeck,hifld_nearest
8874,39.1723,-77.4063,13,138.0,138.0,False,7.17,Maryland,Devil'S Hill,hifld_pool
8875,39.1218,-77.3911,13,138.0,138.0,False,7.68,Maryland,Cal Poly,hifld_pool
8876,38.9835,-77.2429,13,345.0,138.0,False,29.5,Maryland,Kingsberry,hifld_pool
8877,38.9709,-77.1718,13,138.0,138.0,False,46.88,Maryland,Richburg,hifld_pool
8878,39.0479,-77.2289,13,138.0,138.0,False,27.68,Maryland,Searsburg,hifld_pool
8879,39.0743,-77.2471,13,138.0,138.0,False,27.68,Maryland,West Pawhuska,hifld_pool
8880,38.9952,-77.3445,13,138.0,138.0,False,33.07,Maryland,Ramsey,hifld_pool
8881,39.1145,-77.1622,13,138.0,138.0,False,25.86,Maryland,Derwood,hifld_nearest
8882,39.0807,-77.2613,13,138.0,138.0,False,25.86,Maryland,Centennial,hifld_pool
8883,39.1227,-77.2018,13,138.0,138.0,False,49.8,Maryland,Bureau Of Standards,hifld_nearest
8884,39.0511,-77.1731,13,138.0,138.0,False,25.86,Maryland,Beverly Farms,hifld_nearest
8885,39.0314,-77.1291,13,138.0,138.0,False,28.15,Maryland,Poplar Avenue,hifld_pool
8886,39.0701,-77.1085,13,138.0,138.0,False,28.15,Maryland,East Cullman,hifld_pool
8887,39.0366,-77.1156,13,138.0,138.0,False,41.35,Maryland,Parklawn,hifld_nearest
8888,39.0104,-77.1271,13,138.0,138.0,False,62.05,Maryland,Alden,hifld_pool
8889,39.1055,-77.1162,13,138.0,138.0,False,20.7,Maryland,Summit Lake Wps,hifld_pool
8890,39.0987,-76.9927,13,138.0,138.0,False,33.28,Maryland,Montezuma,hifld_pool
8891,39.0151,-77.0718,13,138.0,138.0,False,25.14,Maryland,Kensington,hifld_nearest
8892,38.9463,-77.0097,13,138.0,138.0,False,50.8,Maryland,Fort Slocum,hifld_nearest
8893,39.0563,-77.0933,13,138.0,138.0,False,24.3,Maryland,Veirs Mill,hifld_nearest
8894,39.0164,-77.1051,13,138.0,138.0,False,46.45,Maryland,Nih,hifld_nearest
8895,39.1232,-77.0444,13,138.0,138.0,False,27.25,Maryland,Havana,hifld_pool
8896,39.029,-77.0353,13,138.0,138.0,False,27.25,Maryland,Subestacion Escuela I,hifld_pool
8897,39.0883,-76.9736,13,345.0,138.0,False,45.29,Maryland,Ina,hifld_pool
8898,39.0607,-77.0173,13,138.0,138.0,False,42.63,Maryland,Pangborn,hifld_pool
8899,38.9756,-77.0276,13,138.0,138.0,False,28.34,Maryland,Mitchell Northwest,hifld_pool
8900,38.9725,-76.913,13,138.0,138.0,False,67.99,Maryland,Solar,hifld_pool
8901,39.0473,-76.9568,13,138.0,138.0,False,110.8,Maryland,North Ogden,hifld_pool
8902,39.061,-76.981,13,138.0,138.0,False,55.47,Maryland,Bancroft,hifld_pool
8903,39.0477,-77.0542,13,138.0,138.0,False,30.47,Maryland,Wheaton,hifld_nearest
8904,39.0295,-76.9616,13,138.0,138.0,False,46.74,Maryland,Oaks,hifld_pool
8905,39.0713,-77.0704,13,138.0,138.0,False,69.43,Maryland,Black Mesa,hifld_pool
8906,39.1025,-77.0858,13,138.0,138.0,False,53.51,Maryland,Rossmoor South,hifld_nearest
8907,39.0514,-77.0215,13,138.0,138.0,False,36.94,Maryland,Happy Lane,hifld_pool
8908,39.0219,-77.2084,13,138.0,138.0,False,36.1,Maryland,Potomac,hifld_nearest
8909,39.0044,-77.0369,13,138.0,138.0,False,27.88,Maryland,Sligo,hifld_nearest
8910,38.9394,-77.0525,13,138.0,138.0,False,26.12,Maryland,Sans Souci,hifld_pool
8911,39.098,-77.1353,13,138.0,138.0,False,65.27,Maryland,Glenwood,hifld_pool
8912,38.9433,-77.0775,13,138.0,138.0,False,38.04,Maryland,Van Ness,hifld_nearest
8913,38.9387,-76.8085,13,138.0,138.0,False,24.54,Maryland,Carquinez Tap,hifld_pool
8914,38.9702,-76.7944,13,138.0,138.0,False,33.07,Maryland,Buena Vista,hifld_nearest
8915,38.9946,-76.7358,13,138.0,138.0,False,36.0,Maryland,Mcdowell Creek,hifld_pool
8916,38.9962,-76.7938,13,138.0,1.0,False,18.4,Maryland,Bowie,hifld_nearest
8917,38.9056,-76.7079,13,138.0,138.0,False,14.5,Maryland,Mitchellville,hifld_nearest
8918,38.852,-76.6502,13,138.0,138.0,False,20.96,Maryland,Japanese Mesa,hifld_pool
8919,38.9787,-76.7461,13,138.0,138.0,False,14.67,Maryland,Levitt,hifld_nearest
8920,38.8929,-76.824,13,138.0,138.0,False,18.84,Maryland,Huntsville,hifld_pool
8921,38.8611,-76.7521,13,138.0,1.0,False,18.84,Maryland,Black Lake,hifld_pool
8922,38.9963,-76.9074,13,138.0,138.0,False,49.36,Maryland,Asheville,hifld_pool
8923,38.9026,-76.895,13,138.0,138.0,False,26.94,Maryland,Seat Pleasant,hifld_nearest
8924,38.9184,-76.9503,13,138.0,138.0,False,28.45,Maryland,Benning 2,hifld_nearest
8925,38.7401,-76.9423,13,138.0,138.0,False,24.71,Maryland,Smarr Energy Center,hifld_pool
8926,38.7422,-76.8976,13,138.0,138.0,False,24.71,Maryland,Burches Hill,hifld_nearest
8927,38.8334,-76.9462,13,138.0,138.0,False,35.41,Maryland,Bouse Pumping Station,hifld_pool
8928,38.7309,-76.907,13,138.0,138.0,False,27.26,Maryland,Happy Valley,hifld_pool
8929,39.0259,-76.8799,13,138.0,138.0,False,37.63,Maryland,Mohave Electric,hifld_pool
8930,39.0953,-76.9268,13,138.0,138.0,False,32.66,Maryland,Burtonsville,hifld_nearest
8931,39.0176,-76.9617,13,138.0,138.0,False,30.46,Maryland,Metzerott Road,hifld_nearest
8932,38.8522,-76.9235,13,138.0,138.0,False,27.94,Maryland,Suitland,hifld_nearest
8933,38.8938,-76.8766,13,138.0,138.0,False,72.93,Maryland,Central Avenue,hifld_nearest
8934,38.7706,-76.9283,13,138.0,138.0,False,27.94,Maryland,Steed Road,hifld_nearest
8935,38.6922,-77.0054,13,138.0,138.0,False,28.3,Maryland,Farmington,hifld_nearest
8936,38.7667,-77.0051,13,138.0,138.0,False,28.3,Maryland,Livingston Road,hifld_nearest
8937,38.7368,-76.9831,13,345.0,138.0,False,28.3,Maryland,Redwood City,hifld_pool
8938,38.7107,-76.9839,13,138.0,138.0,False,28.3,Maryland,Gallahan Road,hifld_nearest
8939,38.7488,-76.9855,13,138.0,138.0,False,37.42,Maryland,Cloverbank,hifld_pool
8940,38.9921,-76.9359,13,138.0,138.0,False,17.56,Maryland,North Greenwich,hifld_pool
8941,38.9668,-76.9325,13,138.0,138.0,False,20.32,Maryland,Riverdale,hifld_nearest
8942,39.0063,-77.0522,13,138.0,138.0,False,50.77,Maryland,Linden,hifld_nearest
8943,39.1083,-76.8902,13,138.0,138.0,False,48.85,Maryland,Sandy Spring,hifld_nearest
8944,38.9208,-77.012,13,138.0,138.0,False,31.03,Maryland,Southtown,hifld_pool
8945,39.059,-76.8388,13,138.0,138.0,False,48.85,Maryland,Montpelier,hifld_nearest
8946,38.9648,-76.9625,13,138.0,138.0,False,61.08,Maryland,Cranston,hifld_pool
8947,38.7884,-76.8421,13,138.0,138.0,False,27.21,Maryland,Brevard,hifld_pool
8948,38.9795,-76.8791,13,138.0,138.0,False,57.56,Maryland,Toaping Castle,hifld_nearest
8949,38.9804,-76.8041,13,345.0,138.0,False,26.99,Maryland,Columbus Denois Creek,hifld_pool
8950,38.9646,-76.8813,13,138.0,138.0,False,35.65,Maryland,Wildercroft,hifld_nearest
8951,38.991,-76.7694,13,138.0,138.0,False,41.66,Maryland,Prairie Wind Farm,hifld_pool
8952,39.0111,-76.8171,13,138.0,138.0,False,47.53,Maryland,Boulder Basin,hifld_pool
8953,39.013,-76.8468,13,138.0,138.0,False,54.22,Maryland,Nasa,hifld_nearest
8954,39.1308,-76.8032,13,138.0,138.0,False,37.7,Maryland,Crystal Springs,hifld_nearest
8955,38.8094,-77.077,13,138.0,138.0,False,20.28,Maryland,South Carlyle,hifld_nearest
8956,38.8792,-76.9198,13,138.0,138.0,False,30.48,Maryland,Walker Mill Road,hifld_nearest
8957,38.9291,-76.96,13,138.0,138.0,False,25.16,Maryland,Waterford,hifld_pool
8958,38.9345,-76.9458,13,138.0,138.0,False,43.51,Maryland,Bladensburg,hifld_nearest
8959,39.0472,-76.8965,13,138.0,138.0,False,20.57,Maryland,Geismar Cogen,hifld_pool
8960,38.86,-76.8865,13,138.0,138.0,False,20.11,Maryland,River,hifld_pool
8961,38.8616,-76.8282,13,138.0,138.0,False,22.87,Maryland,Oak Grove,hifld_nearest
8962,38.7787,-76.8942,13,138.0,138.0,False,22.67,Maryland,Fry,hifld_pool
8963,38.8017,-76.8966,13,138.0,138.0,False,47.17,Maryland,Camp Springs,hifld_nearest
8964,38.7547,-76.945,13,138.0,138.0,False,27.06,Maryland,Waitsburg,hifld_pool
8965,38.8705,-76.9599,13,138.0,138.0,False,45.51,Maryland,Benning 3,hifld_nearest
8966,38.825,-76.8847,13,138.0,138.0,False,27.06,Maryland,De Zavala Road,hifld_pool
8967,38.7639,-76.8293,13,138.0,138.0,False,29.73,Maryland,Los Angeles Heights,hifld_pool
8968,38.8174,-76.8246,13,345.0,138.0,False,29.73,Maryland,Jason,hifld_pool
8969,38.7651,-76.7703,13,138.0,138.0,False,29.73,Maryland,Crain Highway,hifld_nearest
8970,38.7695,-76.7423,13,138.0,138.0,False,29.73,Maryland,Carpinteria,hifld_pool
8971,38.849,-76.7197,13,138.0,138.0,False,30.0,Maryland,Logan Aluminum,hifld_pool
8972,38.8706,-76.8491,13,138.0,138.0,False,84.88,Maryland,Ritchie,hifld_nearest
8973,38.9011,-76.7436,13,138.0,138.0,False,48.85,Maryland,Lanpri,hifld_pool
8974,38.8349,-76.7287,13,138.0,138.0,False,44.5,Maryland,Industrial,hifld_pool
8975,39.0852,-75.9968,13,138.0,138.0,False,9.32,Maryland,Price,hifld_nearest
8976,39.0487,-76.0643,13,138.0,138.0,False,18.43,Maryland,Villa Mar 2 1658,hifld_pool
8977,38.9491,-76.2791,13,138.0,138.0,False,8.15,Maryland,Grasonville,hifld_nearest
8978,39.142,-75.9071,13,138.0,138.0,False,9.17,Maryland,Control Gorge,hifld_pool
8979,38.8106,-76.2522,13,138.0,138.0,False,9.34,Maryland,Bozman,hifld_nearest
8980,38.9231,-76.2038,13,138.0,138.0,True,9.18,Maryland,G E,hifld_pool
8981,38.9702,-76.1239,13,138.0,138.0,False,14.2,Maryland,Columbus West,hifld_pool
8982,38.8832,-76.3528,13,138.0,138.0,False,11.45,Maryland,Coronado,hifld_pool
8983,38.9124,-76.3002,13,138.0,138.0,False,16.89,Maryland,Marble,hifld_pool
8984,38.9131,-76.365,13,138.0,138.0,True,16.89,Maryland,Chavaneaux,hifld_pool
8985,39.1744,-75.7876,13,138.0,138.0,False,9.05,Maryland,East Hartford,hifld_pool
8986,37.9742,-75.8068,13,138.0,138.0,False,10.0,Maryland,Malin,hifld_pool
8987,38.0171,-75.8074,13,138.0,138.0,False,11.52,Maryland,Roosevelt,hifld_pool
8988,38.166,-75.9289,13,138.0,138.0,False,5.23,Maryland,Liberty Street,hifld_pool
8989,38.0852,-75.5699,13,138.0,138.0,False,9.82,Maryland,Airco,hifld_pool
8990,38.0363,-75.5314,13,138.0,138.0,False,14.17,Maryland,Alder Creek,hifld_pool
8991,38.0657,-75.6272,13,138.0,138.0,False,15.19,Maryland,Mcclung,hifld_pool
8992,38.1926,-75.7569,13,138.0,138.0,False,13.36,Maryland,Crater,hifld_pool
8993,38.1644,-75.6981,13,138.0,138.0,False,12.25,Maryland,Carpenter Hill,hifld_pool
8994,38.2953,-76.5713,13,138.0,138.0,False,15.28,Maryland,E.B. Eddy Paper Inc,hifld_pool
8995,38.3768,-76.5698,13,138.0,138.0,False,13.37,Maryland,Walpole,hifld_pool
8996,38.1734,-76.543,13,138.0,138.0,False,5.86,Maryland,Montano,hifld_pool
8997,38.2808,-76.7571,13,138.0,138.0,False,7.73,Maryland,Scottsdale,hifld_pool
8998,38.2385,-76.5194,13,138.0,138.0,False,14.07,Maryland,Lorida,hifld_pool
8999,38.3374,-76.4857,13,138.0,138.0,True,9.730000000000004,Maryland,Ne Harriman,hifld_pool
9000,38.3674,-76.532,13,138.0,138.0,False,9.62,Maryland,Saratoga,hifld_pool
9001,38.3934,-76.6355,13,138.0,138.0,False,9.62,Maryland,Fostoria Central,hifld_pool
9002,38.1636,-76.825,13,138.0,138.0,False,14.89,Maryland,Greenbrier,hifld_pool
9003,38.2587,-76.6247,13,138.0,138.0,False,36.06,Maryland,Drop 2,hifld_pool
9004,38.3007,-76.4806,13,138.0,138.0,False,19.27,Maryland,Hewitt Road,hifld_nearest
9005,38.1392,-76.3439,13,138.0,138.0,False,23.26,Maryland,Whitman,hifld_pool
9006,38.2294,-76.3944,13,138.0,138.0,False,23.78,Maryland,Fmc,hifld_pool
9007,38.1486,-76.3981,13,345.0,138.0,False,25.92,Maryland,Hutchins,hifld_pool
9008,38.9337,-76.0229,13,138.0,138.0,False,4.7,Maryland,Wye Mills,hifld_nearest
9009,38.7151,-76.0783,13,138.0,138.0,False,18.12,Maryland,International Paper Co. - New Bern Mill,hifld_pool
9010,38.8518,-76.0983,13,138.0,138.0,False,20.2,Maryland,Pleasant Garden,hifld_pool
9011,38.745,-76.0963,13,138.0,138.0,False,33.43,Maryland,Easton,hifld_nearest
9012,38.6568,-76.0595,13,138.0,138.0,False,4.57,Maryland,Lava,hifld_pool
9013,38.5682,-76.057,13,138.0,138.0,False,8.37,Maryland,Downey,hifld_pool
9014,39.5754,-77.5771,13,138.0,138.0,False,8.84,Maryland,Onion Creek,hifld_pool
9015,39.581,-77.7215,13,138.0,138.0,False,12.39,Maryland,Senate Wind,hifld_pool
9016,39.6692,-77.8624,13,138.0,138.0,False,17.38,Maryland,Fletcher,hifld_pool
9017,39.6701,-77.7196,13,138.0,138.0,False,34.52,Maryland,Antietam,hifld_nearest
9018,39.6347,-77.7735,13,138.0,138.0,False,34.64,Maryland,Ess Wesel,hifld_nearest
9019,39.6077,-77.7167,13,345.0,138.0,False,70.67,Maryland,Jollyville,hifld_pool
9020,39.7105,-77.7492,13,138.0,138.0,False,35.44,Maryland,Merritt Park,hifld_pool
9021,39.5995,-77.6551,13,138.0,138.0,False,32.69,Maryland,East Hagerstown,hifld_nearest
9022,39.7486,-77.5162,13,138.0,138.0,False,33.37,Maryland,East Waynesboro,hifld_nearest
9023,39.5082,-77.6267,13,138.0,138.0,False,22.06,Maryland,De Sabla,hifld_pool
9024,39.7158,-77.662,13,138.0,138.0,False,24.29,Maryland,Boundary,hifld_pool
9025,39.6697,-78.1921,13,138.0,138.0,False,7.66,Maryland,Big Bend,hifld_pool
9026,39.6105,-78.1325,13,138.0,138.0,False,4.46,Maryland,Cherry Run,hifld_nearest
9027,39.5103,-77.7097,13,138.0,138.0,False,6.48,Maryland,Salton Sea 3,hifld_pool
9028,39.4482,-77.7325,13,138.0,138.0,False,8.36,Maryland,Hergett Jcwl,hifld_pool
9029,39.5648,-77.8321,13,138.0,138.0,False,17.17,Maryland,Firstenergy R Paul Smith Power Station,hifld_nearest
9030,39.532,-77.8321,13,138.0,138.0,False,15.23,Maryland,Dam No. 4 Hydro Station,hifld_nearest
9031,38.4931,-75.5058,13,138.0,138.0,False,12.7,Maryland,Stockton-Sheldon,hifld_pool
9032,38.459,-75.7451,13,138.0,138.0,False,9.31,Maryland,Florida Power West,hifld_pool
9033,38.4019,-75.7807,13,138.0,138.0,False,6.4,Maryland,East Webster,hifld_pool
9034,38.4909,-75.7971,13,138.0,138.0,True,7.569999999999993,Maryland,Cheswick,hifld_pool
9035,38.4074,-75.4077,13,138.0,138.0,False,8.08,Maryland,North Rutland,hifld_pool
9036,38.3555,-75.3818,13,138.0,138.0,False,7.91,Maryland,Bishop Creek 3,hifld_pool
9037,38.2637,-75.6551,13,138.0,138.0,False,24.8,Maryland,Elmo,hifld_pool
9038,38.3525,-75.6396,13,138.0,138.0,False,31.82,Maryland,Big Creek 3,hifld_pool
9039,38.4317,-75.5942,13,138.0,138.0,False,21.15,Maryland,Luquillo 2201,hifld_pool
9040,38.3345,-75.6067,13,138.0,138.0,False,27.19,Maryland,Sierra,hifld_pool
9041,38.2994,-75.6119,13,138.0,138.0,False,26.85,Maryland,Auburn,hifld_pool
9042,38.3348,-75.5211,13,138.0,138.0,False,28.9,Maryland,Dpc Bell Center,hifld_pool
9043,38.3003,-75.5799,13,345.0,138.0,False,32.86,Maryland,Clermont East,hifld_pool
9044,38.2315,-75.5452,13,138.0,138.0,False,28.64,Maryland,E B Harris Electric Generating Plant,hifld_pool
9045,38.1764,-75.2063,13,138.0,138.0,True,16.53,Maryland,Lenzie,hifld_pool
9046,38.3425,-75.2686,13,345.0,138.0,False,19.22,Maryland,Ubc South Campus,hifld_pool
9047,38.3615,-75.2055,13,138.0,138.0,False,16.49,Maryland,Manistique,hifld_pool
9048,38.3113,-75.1637,13,138.0,138.0,False,15.73,Maryland,Harbor,hifld_pool
9049,38.4058,-75.1415,13,138.0,138.0,False,15.72,Maryland,Pikeville,hifld_pool
9050,38.3287,-75.1275,13,138.0,138.0,False,12.97,Maryland,Ocean City,hifld_nearest
9051,38.386,-75.0791,13,138.0,138.0,True,6.62,Maryland,Maridel,hifld_nearest
9052,38.0972,-75.4316,13,138.0,138.0,False,6.79,Maryland,Us Windpower,hifld_pool
9053,38.2768,-75.3702,13,138.0,138.0,False,7.69,Maryland,Fort Worth,hifld_pool
9054,38.1454,-75.3794,13,138.0,138.0,False,5.97,Maryland,Levee,hifld_pool
9055,38.4815,-75.8455,13,345.0,1.0,False,0.0,Maryland,Vienna Operations,hifld_nearest
9056,39.2294,-77.4576,13,345.0,13.8,False,0.0,Maryland,Jackson Mo,hifld_pool
9057,39.4654,-76.2168,13,138.0,13.8,False,0.0,Maryland,Perryman,hifld_nearest
9058,39.2737,-76.6365,13,138.0,13.8,False,0.0,Maryland,Wheelabrator Baltimore Refuse,hifld_nearest
9059,38.4219,-76.4276,13,345.0,18.0,False,0.0,Maryland,Calvert Cliffs,hifld_nearest
9060,38.9016,-76.8875,13,138.0,138.0,False,0.0,Maryland,Crystal River Wrec,hifld_pool
9061,39.3118,-76.3644,13,138.0,138.0,True,0.0,Maryland,Mcconnico,hifld_pool
9062,39.0614,-77.0002,13,138.0,138.0,False,0.0,Maryland,Colesville,hifld_nearest
9063,39.0607,-76.9794,13,138.0,1.0,False,0.0,Maryland,Fairland,hifld_nearest
9064,39.5047,-79.4299,13,138.0,138.0,False,0.0,Maryland,Deep Creek,hifld_nearest
9065,39.2742,-79.4652,13,138.0,18.0,False,0.0,Maryland,Highway 46,hifld_pool
9066,39.6928,-77.3553,13,138.0,13.8,False,0.0,Maryland,Caledonia Switching Yard,hifld_pool
9067,39.2779,-76.6132,13,138.0,13.8,False,0.0,Maryland,Desert Shores,hifld_pool
9068,38.8156,-76.0783,13,345.0,1.0,False,0.0,Maryland,Easton 2,hifld_nearest
9069,39.578,-78.728,13,345.0,18.0,False,0.0,Maryland,Westrock Southeast Llc,hifld_pool
9070,38.6687,-76.8651,13,345.0,1.0,False,0.0,Maryland,Brandywine Power Facility,hifld_nearest
9071,39.6151,-78.9738,13,345.0,13.8,False,0.0,Maryland,Ascutney,hifld_pool
9072,38.5656,-77.1457,13,138.0,1.0,False,0.0,Maryland,Goddard Steam Plant,hifld_nearest
9073,38.9916,-76.9142,13,138.0,138.0,False,0.0,Maryland,Branchville,hifld_nearest
9074,39.0248,-76.9753,13,138.0,138.0,False,0.0,Maryland,White Oak,hifld_nearest
9075,39.3795,-79.3225,13,345.0,20.0,False,0.0,Maryland,Martinsville,hifld_pool
9076,38.389,-76.4166,13,138.0,1.0,False,0.0,Maryland,Queensbridge,hifld_pool
9077,38.3642,-76.9722,13,138.0,1.0,False,0.0,Maryland,Morgantown Generating Plant,hifld_nearest
9078,39.7396,-76.1985,13,345.0,13.8,False,0.0,Maryland,Hogan,hifld_pool
9079,39.1715,-76.5395,13,138.0,13.8,False,0.0,Maryland,Wagner,hifld_nearest
9080,39.557,-77.7225,13,138.0,138.0,False,0.0,Maryland,Maryland Solar,hifld_nearest
9081,39.1471,-76.5188,13,138.0,13.8,False,0.0,Maryland,Whatshan,hifld_pool
9082,39.1958,-76.5434,13,138.0,13.8,False,0.0,Maryland,Johnson Hill,hifld_pool
9083,39.2084,-77.4665,13,138.0,138.0,False,0.0,Maryland,Dickerson,hifld_nearest
9084,39.2933,-76.112,13,138.0,1.0,False,0.0,Maryland,Hwy 90,hifld_pool
9085,39.1894,-77.4924,13,345.0,18.0,False,0.0,Maryland,Krugerville,hifld_pool
9086,39.2901,-76.5785,13,138.0,1.0,False,0.0,Maryland,Highlandtown,hifld_nearest
9087,39.2715,-76.5084,13,138.0,13.8,False,0.0,Maryland,Gray Manor,hifld_nearest
9088,39.2561,-76.4784,13,138.0,1.0,False,0.0,Maryland,Portner,hifld_pool
9089,38.5722,-76.6943,13,345.0,13.8,False,0.0,Maryland,Chalk Point,hifld_nearest
9090,37.9826,-75.8309,13,138.0,138.0,False,0.0,Maryland,Crisfield,hifld_nearest
9091,38.3754,-76.9466,13,345.0,13.8,False,0.0,Maryland,Morgantown,hifld_nearest
9092,39.1632,-76.5277,13,138.0,13.8,False,0.0,Maryland,Herbert A Wagner,hifld_nearest
9093,38.5472,-76.8222,13,138.0,138.0,False,0.0,Maryland,Harbeson,hifld_pool
9094,39.3467,-76.3853,13,138.0,138.0,False,0.0,Maryland,Bengies,hifld_nearest
9095,38.3657,-75.1906,13,138.0,1.0,False,0.0,Maryland,Eldorado,hifld_pool
9096,39.283,-76.612,13,138.0,13.8,False,0.0,Maryland,Greene Street Station,hifld_nearest
9097,38.8247,-76.0767,13,138.0,1.0,False,0.0,Maryland,Oakland I,hifld_pool
9098,38.5517,-76.7025,13,345.0,13.8,False,0.0,Maryland,Monroe St,hifld_pool
9099,39.3968,-76.5091,13,138.0,138.0,False,0.0,Maryland,Windy Edge Station,hifld_nearest
9100,38.9563,-76.922,13,138.0,18.0,False,0.0,Maryland,Summit Lake,hifld_pool
9101,39.472,-79.0996,13,138.0,138.0,False,0.0,Maryland,Baker St,hifld_pool
9102,39.2545,-79.4725,13,138.0,13.8,False,0.0,Maryland,Flatiron,hifld_pool
9103,39.4784,-76.2186,13,345.0,138.0,False,0.0,Maryland,Sharon Amtrak,hifld_pool
9104,39.6542,-76.1669,13,345.0,138.0,False,0.0,Maryland,Conowingo,hifld_nearest
9105,39.0416,-76.9528,13,138.0,138.0,False,0.0,Maryland,Arco Bp-Willard,hifld_pool
9106,37.9753,-78.7165,14,138.0,138.0,False,7.56,Virginia,Hot Wells,hifld_pool
9107,38.0094,-78.7881,14,138.0,138.0,False,9.08,Virginia,Centennial Generating Station,hifld_pool
9108,38.291,-78.3413,14,138.0,138.0,False,5.46,Virginia,Cedar Hill Switching,hifld_pool
9109,38.0083,-78.6632,14,138.0,138.0,False,29.53,Virginia,Little York,hifld_pool
9110,37.9304,-78.6136,14,138.0,138.0,False,29.93,Virginia,Superstition,hifld_pool
9111,37.9755,-78.6261,14,345.0,138.0,False,29.53,Virginia,Red Hill,hifld_nearest
9112,38.0274,-78.6067,14,138.0,138.0,False,29.53,Virginia,J B Sims,hifld_pool
9113,38.1555,-78.4797,14,138.0,138.0,False,35.09,Virginia,Hard Rock,hifld_pool
9114,38.098,-78.5838,14,138.0,138.0,False,25.13,Virginia,Solano Irrigation Dist,hifld_pool
9115,38.1062,-78.6186,14,138.0,138.0,False,25.13,Virginia,Red Hills,hifld_pool
9116,38.0675,-78.5058,14,138.0,138.0,False,25.13,Virginia,Barracks Road,hifld_nearest
9117,37.979,-78.5838,14,138.0,138.0,False,9.54,Virginia,Watt Road,hifld_pool
9118,37.8308,-78.4212,14,138.0,138.0,False,16.39,Virginia,Canal,hifld_pool
9119,37.8923,-78.5281,14,138.0,138.0,False,16.9,Virginia,Booneville,hifld_pool
9120,37.8705,-78.5793,14,138.0,138.0,False,20.2,Virginia,Huntley,hifld_pool
9121,37.9414,-78.4709,14,138.0,138.0,False,16.39,Virginia,Wichita Plant,hifld_pool
9122,38.0119,-78.4386,14,138.0,138.0,False,12.34,Virginia,Charlottesville,hifld_nearest
9123,38.0371,-78.4116,14,138.0,138.0,False,12.34,Virginia,Purcell,hifld_pool
9124,38.1021,-78.372,14,138.0,138.0,False,16.66,Virginia,Proffit,hifld_nearest
9125,38.1064,-78.3102,14,138.0,138.0,False,21.85,Virginia,Remington,hifld_pool
9126,38.1132,-78.7333,14,138.0,138.0,False,23.14,Virginia,Crozet,hifld_nearest
9127,38.1633,-78.5736,14,138.0,138.0,False,7.3,Virginia,Involta,hifld_pool
9128,38.13,-78.5239,14,138.0,138.0,False,6.15,Virginia,Allegheny No 6 Hydro Station,hifld_pool
9129,38.2031,-78.5077,14,138.0,138.0,False,5.0,Virginia,Reiner Road,hifld_pool
9130,38.1666,-78.2472,14,138.0,138.0,False,8.81,Virginia,Gordonsville,hifld_nearest
9131,38.1002,-78.1754,14,138.0,138.0,False,8.36,Virginia,Gordonsville Energy Lp,hifld_nearest
9132,38.0635,-78.1563,14,138.0,138.0,False,8.36,Virginia,Nevada Solar One,hifld_pool
9133,38.3191,-78.4036,14,138.0,138.0,False,16.75,Virginia,Palm Springs,hifld_pool
9134,38.2353,-78.4556,14,138.0,138.0,False,10.11,Virginia,Newburg,hifld_pool
9135,38.2089,-78.3977,14,138.0,138.0,False,10.11,Virginia,Kyrene,hifld_pool
9136,37.7086,-78.5499,14,138.0,138.0,False,12.77,Virginia,Ault,hifld_pool
9137,37.7587,-78.4983,14,138.0,138.0,False,18.39,Virginia,Scottsville,hifld_nearest
9138,38.0208,-78.2497,14,138.0,138.0,False,5.55,Virginia,Walnut Creek Pp,hifld_pool
9139,37.8376,-79.7661,14,138.0,1.0,False,10.21,Virginia,Humbug,hifld_pool
9140,37.8106,-79.7944,14,138.0,138.0,False,10.09,Virginia,Clifton Forge,hifld_nearest
9141,37.85,-79.6749,14,138.0,138.0,False,6.5,Virginia,East Longmeadow,hifld_pool
9142,37.8585,-80.0894,14,138.0,138.0,False,14.76,Virginia,Hoot Lake,hifld_pool
9143,37.7471,-80.0814,14,138.0,138.0,False,15.89,Virginia,Story,hifld_pool
9144,37.8045,-80.1467,14,138.0,138.0,False,14.9,Virginia,East Meriden,hifld_pool
9145,37.6623,-79.8001,14,138.0,138.0,False,4.49,Virginia,Injection,hifld_pool
9146,37.9004,-79.9024,14,138.0,138.0,False,6.34,Virginia,Heights Reit,hifld_pool
9147,37.3001,-78.2528,14,138.0,138.0,False,11.09,Virginia,Pecos,hifld_pool
9148,37.6903,-79.1384,14,138.0,138.0,False,11.5,Virginia,Ingledow,hifld_pool
9149,37.7126,-79.0856,14,138.0,138.0,False,14.09,Virginia,Timberwolf,hifld_pool
9150,37.6776,-79.1086,14,138.0,138.0,False,10.89,Virginia,Houston,hifld_pool
9151,37.6224,-78.96,14,138.0,138.0,False,6.68,Virginia,Guaynabo Pueblo 1901 1904,hifld_pool
9152,37.5249,-79.122,14,138.0,138.0,False,26.03,Virginia,Viking,hifld_pool
9153,37.5335,-79.1484,14,138.0,138.0,False,13.36,Virginia,Muck Valley,hifld_pool
9154,37.4808,-79.0857,14,138.0,138.0,False,12.67,Virginia,Monel,hifld_nearest
9155,37.5626,-79.2472,14,138.0,138.0,False,4.3,Virginia,Kay,hifld_pool
9156,37.6288,-79.2792,14,138.0,138.0,False,4.1,Virginia,Daytona Beach,hifld_pool
9157,37.8828,-78.9512,14,138.0,138.0,False,13.27,Virginia,Richardson Collins Boulevard,hifld_pool
9158,37.5088,-78.8159,14,138.0,138.0,False,15.37,Virginia,Hazelwood Station,hifld_pool
9159,37.3584,-78.6645,14,138.0,138.0,False,11.54,Virginia,Deen,hifld_pool
9160,37.4063,-78.7551,14,138.0,138.0,False,9.49,Virginia,Navajo Dam,hifld_pool
9161,37.248,-78.9452,14,138.0,138.0,False,6.91,Virginia,Del Cerro,hifld_pool
9162,37.3434,-78.9029,14,138.0,138.0,False,11.79,Virginia,South Creek,hifld_nearest
9163,37.4181,-78.9441,14,138.0,138.0,False,12.09,Virginia,Macks Inn,hifld_pool
9164,37.3515,-79.1769,14,138.0,138.0,False,10.07,Virginia,South Lynchburg,hifld_nearest
9165,37.348,-79.0519,14,138.0,138.0,False,10.07,Virginia,Russell Downtown,hifld_pool
9166,37.279,-78.6542,14,138.0,138.0,False,10.5,Virginia,Coygen,hifld_pool
9167,37.2074,-78.517,14,138.0,138.0,False,3.68,Virginia,City Point,hifld_pool
9168,38.4078,-79.0228,14,138.0,138.0,False,9.19,Virginia,Hermanas Davila 1705,hifld_pool
9169,38.412,-79.0723,14,138.0,138.0,False,9.19,Virginia,Goodman Energy Center,hifld_pool
9170,38.3382,-78.911,14,138.0,138.0,False,9.19,Virginia,North River D.P,hifld_nearest
9171,38.2171,-79.215,14,138.0,138.0,False,5.97,Virginia,Tenaya,hifld_pool
9172,38.2174,-79.2867,14,138.0,138.0,False,6.08,Virginia,Phillips,hifld_pool
9173,38.2845,-79.1695,14,138.0,138.0,False,6.92,Virginia,Moly Mills,hifld_pool
9174,38.0614,-79.3393,14,138.0,138.0,False,10.67,Virginia,Craigsville,hifld_nearest
9175,38.1512,-78.8137,14,138.0,138.0,False,5.47,Virginia,Church,hifld_pool
9176,38.0781,-78.9789,14,138.0,138.0,False,17.61,Virginia,Fishersville,hifld_nearest
9177,38.029,-79.4699,14,138.0,138.0,False,5.77,Virginia,Alliance,hifld_pool
9178,37.976,-79.2022,14,138.0,138.0,False,11.3,Virginia,Johns Island,hifld_pool
9179,38.2243,-78.799,14,138.0,138.0,False,16.78,Virginia,Nm Potash 1,hifld_pool
9180,38.2648,-78.8393,14,138.0,138.0,False,6.32,Virginia,Grottoes,hifld_nearest
9181,37.9989,-79.2652,14,138.0,138.0,False,8.2,Virginia,Seguin,hifld_pool
9182,38.1619,-79.0595,14,138.0,138.0,False,27.42,Virginia,Barneys,hifld_pool
9183,38.0579,-79.0766,14,138.0,138.0,False,27.42,Virginia,Pavant,hifld_pool
9184,38.1695,-79.0782,14,138.0,138.0,False,27.42,Virginia,Mentone,hifld_pool
9185,38.1191,-79.0821,14,345.0,138.0,False,27.42,Virginia,Hood,hifld_pool
9186,37.9856,-78.9735,14,138.0,138.0,False,22.0,Virginia,Andersen,hifld_pool
9187,38.0337,-79.0096,14,138.0,138.0,False,10.89,Virginia,Stuarts Draft,hifld_nearest
9188,38.2167,-79.0136,14,138.0,138.0,False,8.23,Virginia,Verona,hifld_nearest
9189,38.271,-78.9397,14,138.0,138.0,False,12.42,Virginia,Weyers Cave,hifld_nearest
9190,38.2494,-78.9899,14,138.0,138.0,False,9.57,Virginia,Ellis Hydro,hifld_pool
9191,38.0683,-78.9406,14,138.0,138.0,False,26.39,Virginia,Windermere,hifld_pool
9192,38.1117,-79.0329,14,138.0,138.0,False,24.3,Virginia,W.A. Parish,hifld_pool
9193,38.0089,-78.9009,14,138.0,138.0,False,26.44,Virginia,Pinto,hifld_pool
9194,38.0321,-78.8364,14,138.0,138.0,False,24.75,Virginia,Waynesboro,hifld_nearest
9195,38.3554,-79.0149,14,138.0,138.0,False,7.19,Virginia,Miners,hifld_pool
9196,38.0809,-79.6414,14,138.0,138.0,False,7.39,Virginia,Las Monjas 1416,hifld_pool
9197,37.3019,-79.5566,14,138.0,138.0,False,14.64,Virginia,Verdant,hifld_pool
9198,37.3509,-79.5136,14,138.0,138.0,False,14.66,Virginia,De Solar 1725 Drywall Dr,hifld_pool
9199,37.4429,-79.4276,14,138.0,138.0,False,19.63,Virginia,Revere,hifld_pool
9200,37.3347,-79.4908,14,138.0,138.0,False,17.81,Virginia,Caguas Tc,hifld_pool
9201,37.4055,-79.7384,14,138.0,138.0,False,9.46,Virginia,Tanglewilde,hifld_pool
9202,37.3762,-79.6712,14,138.0,138.0,False,12.08,Virginia,Takelma,hifld_pool
9203,37.1854,-79.2249,14,138.0,138.0,False,7.48,Virginia,Ross Fork,hifld_pool
9204,37.2174,-79.2902,14,138.0,138.0,False,7.48,Virginia,Campville,hifld_pool
9205,37.2558,-79.2206,14,138.0,138.0,False,7.48,Virginia,Wind Driver,hifld_pool
9206,37.3826,-79.3585,14,138.0,138.0,False,19.13,Virginia,East Berkshire,hifld_pool
9207,37.3381,-79.3665,14,138.0,138.0,False,15.97,Virginia,Bovine,hifld_pool
9208,37.2958,-79.4158,14,138.0,138.0,False,18.0,Virginia,Hollybrook,hifld_pool
9209,37.3211,-79.37,14,138.0,138.0,False,15.97,Virginia,White Clay,hifld_pool
9210,37.1989,-79.7289,14,138.0,138.0,False,4.82,Virginia,Barre,hifld_pool
9211,37.2468,-79.7182,14,138.0,138.0,False,9.63,Virginia,Santee Cooper,hifld_pool
9212,37.2082,-79.7859,14,138.0,138.0,False,6.32,Virginia,Crusher,hifld_pool
9213,37.1603,-79.8381,14,138.0,138.0,False,12.63,Virginia,Shepherds North,hifld_pool
9214,37.1665,-79.4673,14,138.0,138.0,False,13.35,Virginia,Island Phoenix,hifld_pool
9215,37.4922,-79.2102,14,138.0,138.0,False,15.13,Virginia,Calipatria,hifld_pool
9216,37.5091,-79.1721,14,138.0,138.0,False,14.93,Virginia,Walls,hifld_pool
9217,37.3992,-79.3351,14,138.0,138.0,False,19.03,Virginia,Ivy Hill,hifld_nearest
9218,37.4363,-79.2313,14,138.0,138.0,False,14.93,Virginia,Boonsboro,hifld_nearest
9219,37.4466,-79.1856,14,345.0,1.0,False,33.55,Virginia,Reusens,hifld_nearest
9220,37.304,-79.2335,14,138.0,138.0,False,33.55,Virginia,Brush Tavern,hifld_nearest
9221,37.3803,-79.2029,14,138.0,138.0,False,33.55,Virginia,Brookville,hifld_nearest
9222,37.2902,-79.0989,14,138.0,138.0,False,33.55,Virginia,Rustburg,hifld_nearest
9223,37.0908,-79.6613,14,138.0,138.0,False,25.27,Virginia,Carters,hifld_pool
9224,37.0964,-79.6977,14,138.0,138.0,False,13.97,Virginia,Kirtland,hifld_pool
9225,37.3714,-79.7995,14,138.0,138.0,False,20.45,Virginia,Blue Ridge,hifld_nearest
9226,37.3129,-79.8378,14,138.0,138.0,False,14.38,Virginia,Sithe,hifld_pool
9227,37.3214,-79.7969,14,138.0,138.0,False,16.11,Virginia,Desmet,hifld_pool
9228,37.1591,-81.2041,14,138.0,138.0,False,4.82,Virginia,Dunnellon,hifld_pool
9229,37.1271,-81.0553,14,138.0,138.0,False,3.89,Virginia,Nelson Dewey Sw Yd,hifld_pool
9230,37.2257,-81.1105,14,138.0,138.0,False,6.3,Virginia,Santa Maria Cogen,hifld_pool
9231,37.1525,-80.8405,14,138.0,138.0,False,11.64,Virginia,Wylie Hydro,hifld_pool
9232,37.1708,-80.8846,14,138.0,138.0,False,11.64,Virginia,Ashby,hifld_pool
9233,37.1134,-80.8245,14,138.0,138.0,False,11.64,Virginia,Laguna Beach,hifld_pool
9234,37.3207,-80.8754,14,138.0,138.0,False,8.79,Virginia,South Texa,hifld_pool
9235,37.5183,-79.6434,14,138.0,138.0,False,5.03,Virginia,Wagenhals,hifld_pool
9236,37.5832,-79.6536,14,138.0,138.0,False,13.32,Virginia,Green Mountain,hifld_pool
9237,37.5188,-79.8897,14,138.0,138.0,False,14.79,Virginia,Albany,hifld_pool
9238,37.3994,-79.9119,14,138.0,138.0,False,33.18,Virginia,Cloverdale,hifld_nearest
9239,37.3532,-79.925,14,138.0,138.0,False,30.6,Virginia,Ingersoll Rand,hifld_nearest
9240,37.3691,-80.0086,14,138.0,138.0,False,20.47,Virginia,Ss3142,hifld_pool
9241,37.1846,-79.9776,14,138.0,138.0,False,20.47,Virginia,Carquille,hifld_pool
9242,37.3206,-79.966,14,138.0,138.0,False,58.55,Virginia,Obion,hifld_pool
9243,37.3138,-79.9134,14,345.0,138.0,False,34.2,Virginia,Huntington Court,hifld_nearest
9244,37.2263,-79.8894,14,138.0,138.0,False,22.41,Virginia,Lewis River,hifld_pool
9245,37.3956,-79.9761,14,138.0,138.0,False,22.88,Virginia,Ralston Tap,hifld_pool
9246,37.295,-80.0689,14,138.0,138.0,False,29.4,Virginia,Salem Electric Department,hifld_nearest
9247,37.3395,-80.1205,14,138.0,138.0,False,29.17,Virginia,Stony Brook,hifld_pool
9248,37.2291,-80.0964,14,138.0,138.0,False,30.07,Virginia,Willard Johnson,hifld_pool
9249,37.3906,-80.1614,14,138.0,138.0,False,29.17,Virginia,Ramey Field 1 7004,hifld_pool
9250,37.3525,-79.9571,14,138.0,138.0,False,12.22,Virginia,Bethlehem Power Plant,hifld_pool
9251,37.4548,-79.9588,14,138.0,138.0,False,9.08,Virginia,Mt. Union,hifld_nearest
9252,36.5661,-82.206,14,138.0,138.0,False,13.29,Virginia,Sanborn,hifld_pool
9253,36.6792,-82.2813,14,138.0,138.0,False,13.29,Virginia,Grantsdale,hifld_pool
9254,36.6723,-82.1465,14,138.0,138.0,False,13.29,Virginia,Horseshoe Lake,hifld_pool
9255,36.6029,-82.148,14,138.0,138.0,False,13.22,Virginia,Beebee Island Hydro Plant,hifld_pool
9256,36.6713,-82.2331,14,138.0,138.0,False,13.82,Virginia,Sherwood Forest,hifld_pool
9257,36.6088,-82.1122,14,138.0,138.0,False,13.22,Virginia,Rosebud Creek,hifld_pool
9258,36.5854,-82.1981,14,138.0,138.0,False,13.22,Virginia,Vicco,hifld_pool
9259,36.5777,-78.1297,14,138.0,138.0,False,11.69,Virginia,Hatfields Ferry Power Station,hifld_pool
9260,36.7401,-77.97,14,138.0,138.0,False,3.45,Virginia,Brodnax,hifld_nearest
9261,37.3818,-82.1599,14,138.0,138.0,False,2.97,Virginia,Haddam,hifld_pool
9262,37.2999,-82.0415,14,138.0,138.0,False,11.82,Virginia,Looney Creek,hifld_nearest
9263,37.2032,-82.109,14,138.0,138.0,False,16.51,Virginia,Turkey Pen,hifld_nearest
9264,37.2658,-82.1294,14,138.0,138.0,False,10.09,Virginia,Knotty Poplar,hifld_nearest
9265,37.2177,-82.3177,14,138.0,138.0,False,8.97,Virginia,Haysi,hifld_nearest
9266,37.1278,-82.256,14,138.0,138.0,False,7.7,Virginia,Rosalia,hifld_pool
9267,37.0086,-82.0332,14,138.0,138.0,False,18.57,Virginia,Duvall,hifld_pool
9268,37.3985,-81.9705,14,138.0,138.0,False,9.16,Virginia,Norco,hifld_pool
9269,37.1291,-81.9754,14,138.0,138.0,False,7.32,Virginia,Permac,hifld_nearest
9270,37.205,-82.0186,14,138.0,138.0,False,10.4,Virginia,Garden Creek,hifld_nearest
9271,37.7221,-78.6221,14,138.0,138.0,False,6.15,Virginia,Pipeline,hifld_pool
9272,37.4646,-78.2453,14,138.0,138.0,False,11.52,Virginia,Felipe,hifld_pool
9273,37.5364,-78.175,14,138.0,138.0,False,7.71,Virginia,Edward Pike,hifld_pool
9274,37.4911,-78.4744,14,138.0,138.0,False,8.46,Virginia,Coso 1-3,hifld_pool
9275,37.5551,-78.4967,14,138.0,138.0,False,18.97,Virginia,Borger,hifld_pool
9276,37.2544,-78.4088,14,345.0,138.0,False,14.99,Virginia,Station G,hifld_pool
9277,37.3861,-78.3779,14,138.0,138.0,False,12.67,Virginia,Clement,hifld_pool
9278,37.2683,-78.4263,14,138.0,138.0,False,12.9,Virginia,Vedder,hifld_pool
9279,37.3101,-78.4361,14,138.0,138.0,False,16.81,Virginia,Farmville,hifld_nearest
9280,37.664,-79.437,14,138.0,138.0,False,10.5,Virginia,George,hifld_pool
9281,37.6646,-79.397,14,138.0,138.0,False,9.07,Virginia,Culver,hifld_pool
9282,37.6973,-79.2889,14,138.0,138.0,False,9.68,Virginia,Universiity,hifld_pool
9283,37.2552,-79.3214,14,138.0,138.0,False,5.86,Virginia,Evington,hifld_nearest
9284,37.153,-79.1879,14,138.0,138.0,False,5.86,Virginia,Waterford 1 & 2,hifld_pool
9285,37.0612,-79.2478,14,138.0,138.0,False,8.06,Virginia,Otter River,hifld_nearest
9286,37.0121,-78.8972,14,138.0,138.0,False,6.6,Virginia,Pe Ell,hifld_pool
9287,37.1887,-78.8743,14,138.0,138.0,False,5.81,Virginia,Station N Airport,hifld_pool
9288,37.0845,-79.0986,14,138.0,138.0,False,5.21,Virginia,Cadillac Renewable Energy,hifld_pool
9289,37.1064,-79.0405,14,138.0,138.0,False,8.23,Virginia,Mecca,hifld_pool
9290,37.3203,-79.1094,14,138.0,138.0,False,20.67,Virginia,Hypoluxo,hifld_pool
9291,37.3909,-79.2067,14,138.0,138.0,False,20.67,Virginia,Allens Falls,hifld_pool
9292,37.3332,-79.1335,14,138.0,138.0,False,20.67,Virginia,Candlers Mountain,hifld_nearest
9293,37.3154,-79.0694,14,138.0,138.0,False,20.67,Virginia,Carite,hifld_pool
9294,37.2072,-79.0993,14,138.0,138.0,False,19.87,Virginia,Rainey,hifld_pool
9295,37.3411,-79.0823,14,138.0,138.0,False,9.94,Virginia,Opossum Creek,hifld_nearest
9296,36.5658,-80.4967,14,138.0,138.0,False,12.23,Virginia,Ottumwa Generation Station,hifld_pool
9297,36.8798,-80.8207,14,138.0,138.0,False,5.2,Virginia,Jacksons Ferry,hifld_nearest
9298,36.5821,-80.6858,14,138.0,138.0,False,13.57,Virginia,Cordelia,hifld_pool
9299,36.7089,-81.0126,14,138.0,138.0,False,9.78,Virginia,Sunnybrook,hifld_pool
9300,36.6233,-80.9306,14,138.0,138.0,False,13.9,Virginia,Circuit 40,hifld_pool
9301,36.7259,-80.8465,14,345.0,138.0,False,28.17,Virginia,Woodchuck Hill,hifld_pool
9302,36.6187,-81.0723,14,138.0,138.0,False,13.9,Virginia,Corona,hifld_pool
9303,36.5977,-80.9704,14,138.0,138.0,False,17.4,Virginia,Safeway Stores,hifld_pool
9304,36.8215,-80.7604,14,138.0,138.0,False,19.09,Virginia,Petaluma Sta A,hifld_pool
9305,36.7027,-80.646,14,138.0,138.0,False,17.28,Virginia,Breckwood,hifld_pool
9306,36.6372,-80.4007,14,138.0,138.0,False,2.92,Virginia,Whitestone,hifld_pool
9307,36.908,-80.5514,14,138.0,138.0,False,3.23,Virginia,North Huntington,hifld_pool
9308,36.811,-80.4977,14,138.0,138.0,False,6.77,Virginia,Santa Fe Station Pnm,hifld_pool
9309,37.0587,-78.6976,14,138.0,138.0,False,7.18,Virginia,Strip,hifld_pool
9310,36.8042,-78.4548,14,138.0,138.0,False,15.73,Virginia,Chase City,hifld_nearest
9311,36.8913,-78.395,14,138.0,138.0,False,6.64,Virginia,Compton,hifld_pool
9312,36.9224,-78.5244,14,138.0,138.0,False,5.04,Virginia,Tarkio,hifld_pool
9313,36.9553,-78.4022,14,138.0,138.0,False,4.42,Virginia,Hugo,hifld_pool
9314,37.0321,-78.44,14,138.0,138.0,False,7.09,Virginia,West Nashville,hifld_pool
9315,37.0013,-78.479,14,138.0,138.0,False,8.53,Virginia,Vallejo C,hifld_pool
9316,37.114,-78.7972,14,138.0,138.0,False,3.9,Virginia,Warrenton,hifld_pool
9317,36.7104,-78.6151,14,138.0,138.0,False,4.07,Virginia,Asheboro,hifld_pool
9318,39.1504,-77.9987,14,138.0,138.0,False,10.16,Virginia,Old Chapel,hifld_nearest
9319,38.8938,-78.1648,14,138.0,138.0,False,24.64,Virginia,Randolph Field,hifld_pool
9320,38.9581,-78.2158,14,138.0,138.0,False,38.33,Virginia,Riverton,hifld_nearest
9321,38.9996,-78.1744,14,138.0,138.0,False,23.4,Virginia,Waupun,hifld_pool
9322,39.0284,-78.1929,14,138.0,138.0,False,23.4,Virginia,Domtar 2 Tap,hifld_pool
9323,37.4647,-80.2406,14,138.0,138.0,False,10.18,Virginia,Hill,hifld_pool
9324,37.3392,-80.2302,14,138.0,138.0,False,9.82,Virginia,Point Pinole,hifld_pool
9325,38.7382,-78.0028,14,138.0,138.0,False,6.45,Virginia,Melones,hifld_pool
9326,38.6691,-78.0182,14,138.0,138.0,False,16.39,Virginia,Silvergate,hifld_pool
9327,38.3272,-77.9375,14,138.0,138.0,False,2.89,Virginia,Ardmore,hifld_pool
9328,38.5344,-78.1569,14,138.0,138.0,False,6.15,Virginia,Nine Mile Creek,hifld_pool
9329,38.4964,-78.0699,14,138.0,138.0,False,7.52,Virginia,Armory,hifld_pool
9330,38.5507,-78.0441,14,138.0,138.0,False,7.5,Virginia,Potash Junction,hifld_pool
9331,38.5854,-78.295,14,138.0,138.0,False,4.0,Virginia,Viewland-Hoffman,hifld_pool
9332,37.7143,-78.1276,14,138.0,138.0,False,6.94,Virginia,Jaffrey,hifld_pool
9333,36.6212,-79.5876,14,138.0,138.0,False,21.8,Virginia,East Krok,hifld_pool
9334,36.6518,-79.5986,14,138.0,138.0,False,30.74,Virginia,Pearsall Power Plant,hifld_pool
9335,36.5771,-79.6126,14,345.0,1.0,False,26.22,Virginia,Moonshine,hifld_pool
9336,36.5547,-79.5916,14,138.0,138.0,False,23.74,Virginia,Skungamaug,hifld_pool
9337,36.5209,-79.5202,14,138.0,138.0,True,157.48,Virginia,Cripple Creek,hifld_pool
9339,36.6558,-79.4017,14,138.0,138.0,False,24.85,Virginia,Danville New Design Plant,hifld_nearest
9341,37.1776,-82.5476,14,138.0,138.0,False,7.23,Virginia,French Landing Dam,hifld_pool
9342,37.1885,-82.49,14,138.0,138.0,False,7.23,Virginia,Du Pont,hifld_pool
9343,37.1241,-82.4935,14,138.0,138.0,False,7.23,Virginia,Cedarlake,hifld_pool
9344,36.9782,-82.4259,14,138.0,138.0,False,14.47,Virginia,Volta 1,hifld_pool
9345,36.9524,-82.4811,14,138.0,138.0,False,9.88,Virginia,West Shackelford,hifld_pool
9346,36.8859,-82.4713,14,138.0,138.0,False,14.73,Virginia,Scenic,hifld_pool
9347,37.0738,-82.2242,14,138.0,138.0,False,5.81,Virginia,Totem,hifld_pool
9348,36.9698,-82.316,14,138.0,138.0,False,7.47,Virginia,Brown,hifld_pool
9349,38.9956,-77.9489,14,138.0,138.0,False,6.96,Virginia,Canal St,hifld_pool
9350,38.955,-78.0257,14,138.0,138.0,False,10.67,Virginia,Praxair Tap Station,hifld_pool
9351,36.9738,-80.3191,14,138.0,138.0,False,9.09,Virginia,Wansley Combined Cycle,hifld_pool
9352,36.8873,-80.4124,14,138.0,138.0,False,10.15,Virginia,Zanja,hifld_pool
9353,36.8941,-80.285,14,138.0,138.0,False,8.31,Virginia,Floyd,hifld_nearest
9354,37.0625,-80.5842,14,138.0,138.0,False,19.94,Virginia,Claytor,hifld_nearest
9355,37.0421,-80.4271,14,138.0,138.0,False,22.84,Virginia,Hebron,hifld_pool
9356,37.109,-80.5893,14,138.0,138.0,False,21.27,Virginia,Ingles St,hifld_nearest
9357,37.1351,-80.5506,14,138.0,138.0,False,18.84,Virginia,North Claytor,hifld_nearest
9358,37.0381,-80.3542,14,138.0,138.0,False,6.76,Virginia,South Canton,hifld_pool
9359,37.0732,-80.2626,14,138.0,138.0,False,8.14,Virginia,22Nd St,hifld_pool
9360,37.7351,-78.2329,14,138.0,138.0,False,8.57,Virginia,Lagoon Creek,hifld_pool
9361,37.8864,-78.1316,14,138.0,138.0,False,5.56,Virginia,Bear,hifld_pool
9362,37.9859,-78.1304,14,138.0,138.0,False,13.07,Virginia,Chanute 3,hifld_pool
9363,37.9813,-78.0708,14,138.0,138.0,False,13.07,Virginia,Balch,hifld_pool
9364,37.9564,-78.0296,14,138.0,138.0,False,13.07,Virginia,Gallatin Tn,hifld_pool
9365,37.8734,-78.2889,14,138.0,138.0,False,11.9,Virginia,Flambeau River Papers,hifld_pool
9366,37.8378,-78.3309,14,138.0,138.0,False,12.86,Virginia,Robert J Brewer,hifld_pool
9367,37.9781,-78.2853,14,138.0,138.0,False,27.31,Virginia,Brownfield City,hifld_pool
9368,37.8726,-78.2372,14,138.0,138.0,False,11.9,Virginia,Hall,hifld_pool
9369,36.7838,-80.0022,14,345.0,138.0,False,16.8,Virginia,West Bassett,hifld_nearest
9370,36.8035,-80.0866,14,138.0,138.0,False,21.4,Virginia,Portable Generator 3,hifld_pool
9371,37.1009,-80.0684,14,138.0,138.0,False,12.26,Virginia,Louisiana Avenue,hifld_pool
9372,37.0868,-79.9519,14,138.0,138.0,False,14.95,Virginia,Golden 69,hifld_pool
9373,36.8366,-79.9597,14,138.0,138.0,False,7.32,Virginia,Oak Level,hifld_nearest
9374,36.9277,-80.0776,14,138.0,1.0,False,10.95,Virginia,Brodhead South,hifld_pool
9375,36.7926,-79.83,14,138.0,138.0,False,25.22,Virginia,Amdee,hifld_pool
9376,36.6719,-79.8417,14,138.0,138.0,False,25.22,Virginia,Astoria Generating Station,hifld_pool
9377,36.7809,-79.869,14,138.0,138.0,False,25.22,Virginia,Potter,hifld_pool
9378,36.7026,-79.8069,14,138.0,138.0,False,25.22,Virginia,Ward Switch,hifld_pool
9379,36.8584,-79.6631,14,138.0,138.0,False,4.9,Virginia,Hoosier Fairview,hifld_pool
9380,36.9692,-79.5711,14,138.0,138.0,False,4.22,Virginia,Penhook,hifld_nearest
9381,36.967,-79.6622,14,138.0,138.0,False,5.46,Virginia,Rose Park,hifld_pool
9382,36.7749,-79.9198,14,138.0,138.0,False,29.53,Virginia,Wta,hifld_pool
9383,36.9736,-79.8497,14,138.0,1.0,False,18.6,Virginia,Kelim,hifld_pool
9384,36.9252,-79.9882,14,138.0,138.0,False,15.45,Virginia,Rock Hill,hifld_pool
9385,36.8869,-79.8374,14,138.0,138.0,False,15.45,Virginia,Mcminnville,hifld_pool
9386,37.0001,-79.7688,14,138.0,138.0,False,6.25,Virginia,International Paper Livermore Hydro,hifld_pool
9387,37.0808,-79.7928,14,138.0,138.0,False,9.69,Virginia,Galesburg Monmouth Boulevard,hifld_pool
9388,39.2746,-78.0633,14,138.0,138.0,False,7.74,Virginia,Stonewall,hifld_nearest
9389,39.3045,-78.4351,14,138.0,138.0,False,7.81,Virginia,Ogden St,hifld_pool
9390,39.3949,-78.2293,14,138.0,138.0,False,3.75,Virginia,Thurlow Dam,hifld_pool
9391,39.4343,-78.3294,14,138.0,138.0,False,3.75,Virginia,Bellville South,hifld_pool
9392,38.9987,-78.2681,14,138.0,138.0,False,4.0,Virginia,Woodland Tap,hifld_pool
9393,39.0307,-78.1691,14,138.0,138.0,False,18.1,Virginia,Double Toll Gate,hifld_nearest
9394,39.0941,-78.2191,14,138.0,138.0,False,18.93,Virginia,Antelope Mine,hifld_pool
9395,39.0955,-78.1852,14,138.0,138.0,False,15.14,Virginia,Hp Hood Ct,hifld_nearest
9396,39.1501,-78.3445,14,138.0,138.0,False,27.08,Virginia,North Pole,hifld_pool
9397,39.1433,-78.2402,14,138.0,138.0,False,21.97,Virginia,West Winchester,hifld_nearest
9398,39.141,-78.2878,14,138.0,138.0,False,21.97,Virginia,Hanger,hifld_pool
9399,39.1433,-78.2669,14,345.0,138.0,False,24.0,Virginia,Chaparral,hifld_pool
9400,39.2876,-78.2195,14,138.0,138.0,False,14.33,Virginia,Easy Springfield,hifld_pool
9401,39.2923,-78.1086,14,138.0,138.0,False,14.33,Virginia,Anniston,hifld_pool
9402,39.2304,-78.1443,14,138.0,138.0,False,21.49,Virginia,Redbud,hifld_nearest
9403,39.2097,-78.2366,14,138.0,138.0,False,21.49,Virginia,Underground,hifld_pool
9404,39.1987,-78.1548,14,138.0,138.0,False,24.13,Virginia,College,hifld_pool
9405,39.2658,-78.2189,14,138.0,138.0,False,35.81,Virginia,Siloam Springs,hifld_pool
9406,37.3067,-80.7509,14,138.0,138.0,False,10.4,Virginia,Blacksmith,hifld_pool
9407,37.2303,-80.7456,14,138.0,138.0,False,11.22,Virginia,Grand Island,hifld_pool
9408,37.2531,-80.8879,14,138.0,138.0,False,5.91,Virginia,Greater Detroit Resource Recovery,hifld_pool
9409,37.2811,-80.6403,14,138.0,138.0,False,9.39,Virginia,Mount Si,hifld_pool
9410,37.3688,-80.6626,14,138.0,138.0,False,5.64,Virginia,Allerton,hifld_pool
9411,37.7929,-78.0233,14,138.0,138.0,False,5.44,Virginia,Us Gypsum,hifld_pool
9412,37.7211,-78.0027,14,138.0,138.0,False,5.44,Virginia,Riverton 11534 Kv,hifld_pool
9413,37.6092,-78.0307,14,138.0,138.0,False,5.44,Virginia,Moore Rd,hifld_pool
9414,36.6947,-81.1376,14,138.0,138.0,False,4.89,Virginia,Melrose 4,hifld_pool
9415,36.6518,-81.2375,14,138.0,138.0,False,6.26,Virginia,Schafrath Switch,hifld_pool
9416,36.54,-81.1752,14,138.0,138.0,True,4.08,Virginia,Morrell,hifld_pool
9417,36.6372,-81.435,14,138.0,138.0,False,8.57,Virginia,Pacific Pipeline,hifld_pool
9418,38.3426,-78.4963,14,138.0,138.0,False,7.33,Virginia,North Network,hifld_pool
9419,38.2537,-78.5521,14,138.0,138.0,False,8.28,Virginia,Lolo,hifld_pool
9420,36.5842,-78.9693,14,138.0,138.0,False,7.57,Virginia,Coopers Corner,hifld_pool
9421,36.8782,-78.7966,14,138.0,138.0,False,6.75,Virginia,Plaster City,hifld_pool
9422,36.9154,-79.3026,14,138.0,138.0,False,8.22,Virginia,Watermill,hifld_pool
9423,36.9675,-79.4164,14,138.0,138.0,False,8.81,Virginia,Rapson,hifld_pool
9424,36.9164,-79.2583,14,138.0,138.0,False,11.39,Virginia,Covanta Southeastern Connecticut Company,hifld_pool
9425,36.8195,-78.926,14,138.0,138.0,False,6.68,Virginia,Hanover St,hifld_pool
9426,36.7779,-78.9042,14,138.0,138.0,False,8.33,Virginia,Halifax,hifld_nearest
9427,36.9192,-78.9866,14,138.0,138.0,False,10.93,Virginia,North Mercedes,hifld_pool
9428,37.0325,-79.0558,14,138.0,138.0,False,5.4,Virginia,Perth,hifld_nearest
9429,36.7583,-78.7252,14,138.0,138.0,False,7.63,Virginia,Union Valley,hifld_pool
9430,36.7506,-78.9573,14,138.0,138.0,False,20.89,Virginia,Sinai,hifld_nearest
9431,36.6065,-78.8567,14,138.0,138.0,False,19.07,Virginia,Wec 3,hifld_pool
9432,36.6887,-78.9612,14,138.0,138.0,False,14.35,Virginia,Welco,hifld_nearest
9433,36.7339,-79.209,14,138.0,138.0,False,6.03,Virginia,Jajome 3403,hifld_pool
9434,36.7463,-79.0797,14,138.0,138.0,False,5.58,Virginia,Grand Ave Plant,hifld_pool
9435,36.499,-78.7668,14,138.0,138.0,False,2.67,Virginia,Champaign Oak Street,hifld_pool
9436,38.4158,-78.9199,14,345.0,138.0,False,29.35,Virginia,Dayton,hifld_nearest
9437,38.3307,-78.8479,14,138.0,138.0,False,33.62,Virginia,Trincomali,hifld_pool
9438,38.3161,-78.8343,14,138.0,138.0,False,35.63,Virginia,Mckamy,hifld_pool
9439,38.4524,-78.8164,14,138.0,138.0,False,38.08,Virginia,Chewelah,hifld_pool
9440,38.4254,-78.9545,14,138.0,138.0,False,20.31,Virginia,Guadalupe Generating,hifld_pool
9441,38.5277,-78.8388,14,138.0,138.0,False,23.65,Virginia,Long Beach,hifld_pool
9442,38.4776,-78.8917,14,138.0,138.0,False,20.31,Virginia,Mount Clinton,hifld_nearest
9443,38.5419,-78.91,14,138.0,138.0,False,22.16,Virginia,Warrick,hifld_pool
9444,36.6111,-79.6783,14,138.0,138.0,False,7.0,Virginia,Axton,hifld_nearest
9445,36.7153,-79.7511,14,138.0,138.0,False,8.94,Virginia,Stockton,hifld_nearest
9446,36.7331,-79.9155,14,138.0,138.0,False,7.71,Virginia,Fieldale,hifld_nearest
9447,36.7237,-79.864,14,138.0,138.0,False,7.33,Virginia,M105,hifld_pool
9448,36.676,-79.9467,14,138.0,138.0,False,10.67,Virginia,San Bernard,hifld_pool
9449,36.5825,-79.935,14,138.0,138.0,False,11.58,Virginia,Raymond,hifld_pool
9450,36.6167,-79.8676,14,138.0,138.0,False,19.23,Virginia,Ridgeway,hifld_nearest
9451,38.3291,-79.6107,14,138.0,138.0,False,7.28,Virginia,Myakka,hifld_pool
9452,36.7822,-82.7811,14,138.0,138.0,False,17.49,Virginia,Meadowbrook Hospital,hifld_pool
9453,36.9702,-82.7314,14,138.0,138.0,False,21.55,Virginia,Stafford,hifld_pool
9454,36.8781,-82.7572,14,138.0,138.0,False,15.1,Virginia,Imboden,hifld_nearest
9456,36.8523,-82.8762,14,138.0,138.0,True,0.0,Virginia,Pukele,hifld_pool
9457,36.7268,-82.7245,14,138.0,138.0,False,5.89,Virginia,Fremont Canyon,hifld_pool
9458,36.7162,-82.7822,14,138.0,138.0,False,5.89,Virginia,Rodburn,hifld_pool
9459,36.6831,-83.5054,14,138.0,138.0,True,8.02000000000001,Virginia,Harquahala,hifld_pool
9460,36.6861,-83.0525,14,345.0,345.0,True,0.0,Virginia,Jarvis Hinckley,hifld_pool
9466,37.7365,-79.4593,14,138.0,138.0,False,12.93,Virginia,Meadow Lake Wind Farm Llc,hifld_pool
9467,37.7409,-79.4956,14,345.0,138.0,False,15.14,Virginia,Eagle Point Power Plant,hifld_pool
9468,37.7213,-79.5234,14,138.0,138.0,False,14.36,Virginia,Coldwater,hifld_pool
9469,37.7905,-79.5508,14,138.0,138.0,False,12.93,Virginia,Beach Grove,hifld_pool
9470,36.8708,-78.1231,14,138.0,138.0,False,8.78,Virginia,Fort Rock Midstate,hifld_pool
9471,36.9303,-78.0588,14,138.0,138.0,False,4.39,Virginia,Menomonie,hifld_pool
9472,37.1198,-78.3262,14,138.0,138.0,False,6.45,Virginia,Mandan Junction,hifld_pool
9473,36.8308,-78.2727,14,138.0,138.0,False,8.5,Virginia,Ontario,hifld_pool
9474,36.681,-78.1334,14,138.0,138.0,False,11.95,Virginia,Copco,hifld_pool
9475,36.7851,-78.2337,14,138.0,138.0,False,11.01,Virginia,Finney,hifld_pool
9476,37.0364,-78.2679,14,138.0,138.0,False,6.31,Virginia,Cottage Grove,hifld_pool
9477,36.975,-78.3291,14,138.0,138.0,False,5.61,Virginia,White Creek,hifld_pool
9478,36.9847,-78.166,14,138.0,138.0,False,5.16,Virginia,Kenbridge,hifld_nearest
9479,38.3714,-78.1437,14,138.0,138.0,False,7.86,Virginia,Harmony Hills,hifld_pool
9480,38.662,-78.4185,14,138.0,138.0,False,13.33,Virginia,Page,hifld_nearest
9481,38.6371,-78.459,14,138.0,138.0,False,12.19,Virginia,Eisenhower,hifld_pool
9482,38.5798,-78.5156,14,345.0,138.0,False,23.31,Virginia,Franklin-Laguna,hifld_pool
9483,38.3521,-78.2715,14,138.0,138.0,False,12.5,Virginia,Pratt'S,hifld_nearest
9484,38.4633,-78.2958,14,138.0,138.0,False,12.8,Virginia,Sweden Switches,hifld_pool
9485,38.2171,-78.0764,14,138.0,138.0,False,12.54,Virginia,Meldrim,hifld_pool
9486,38.1822,-78.1549,14,138.0,138.0,False,22.54,Virginia,Covanta Essex Company,hifld_pool
9487,36.6528,-78.427,14,138.0,138.0,False,5.57,Virginia,Auburn Lfg Energy Facility,hifld_pool
9488,36.6845,-78.3425,14,138.0,138.0,False,8.85,Virginia,Batesville,hifld_pool
9489,36.5814,-78.5567,14,138.0,138.0,False,9.02,Virginia,J Woodruff,hifld_pool
9490,36.5843,-78.6857,14,138.0,138.0,False,6.92,Virginia,Campus Commons,hifld_pool
9491,37.2481,-80.445,14,138.0,138.0,False,34.87,Virginia,Mount View,hifld_nearest
9492,37.2405,-80.3926,14,138.0,138.0,False,35.44,Virginia,Virginia Tech Power Plant,hifld_nearest
9493,37.2813,-80.4197,14,345.0,1.0,False,36.8,Virginia,Clarkwild,hifld_pool
9494,37.1819,-80.4271,14,138.0,138.0,False,32.95,Virginia,Midway,hifld_nearest
9495,37.2347,-80.5275,14,138.0,138.0,False,32.95,Virginia,Meeker,hifld_pool
9496,37.072,-80.4037,14,138.0,138.0,False,23.02,Virginia,Los Banos,hifld_pool
9497,37.1057,-80.3914,14,138.0,138.0,False,24.36,Virginia,South Christiansburg,hifld_nearest
9498,37.101,-80.4404,14,138.0,138.0,False,23.02,Virginia,Pella Peaking,hifld_pool
9499,37.0963,-80.4584,14,138.0,138.0,False,23.02,Virginia,Edgemont,hifld_nearest
9500,37.2456,-80.204,14,138.0,138.0,False,10.36,Virginia,Kumis,hifld_nearest
9501,37.7019,-78.8023,14,138.0,138.0,False,6.32,Virginia,La Virgencita 9404,hifld_pool
9502,37.8365,-78.7659,14,138.0,138.0,False,12.42,Virginia,Pardeville,hifld_pool
9503,37.1894,-78.2426,14,138.0,138.0,False,3.9,Virginia,Buckhorn,hifld_pool
9504,37.2428,-78.0896,14,138.0,138.0,False,9.43,Virginia,Jetersville,hifld_nearest
9505,37.1464,-78.1817,14,138.0,138.0,False,19.52,Virginia,Crewe,hifld_nearest
9506,38.4437,-78.7275,14,138.0,138.0,False,12.95,Virginia,Checkpoint,hifld_pool
9507,38.3557,-78.6104,14,138.0,138.0,False,10.7,Virginia,Caledonia,hifld_pool
9508,38.3954,-78.6264,14,138.0,138.0,False,10.7,Virginia,Kings,hifld_pool
9509,38.4169,-78.5363,14,138.0,138.0,False,5.2,Virginia,Porterville,hifld_pool
9510,38.4738,-78.6145,14,138.0,138.0,False,11.33,Virginia,Suncor,hifld_pool
9511,38.5396,-78.5258,14,138.0,138.0,False,6.13,Virginia,Siuc,hifld_pool
9512,36.6135,-80.1477,14,138.0,138.0,False,5.23,Virginia,Madison West,hifld_pool
9513,36.7126,-80.1549,14,138.0,138.0,False,5.41,Virginia,Elm St,hifld_pool
9514,36.6828,-80.268,14,138.0,138.0,False,8.5,Virginia,Shepaug,hifld_pool
9515,36.6936,-80.3039,14,138.0,1.0,False,10.41,Virginia,East Sidney,hifld_pool
9516,36.728,-80.2262,14,138.0,138.0,False,10.26,Virginia,Wickett Gulf,hifld_pool
9517,36.718,-79.3539,14,138.0,138.0,False,6.24,Virginia,Salton Sea 1,hifld_pool
9518,36.8533,-79.4908,14,138.0,138.0,False,24.5,Virginia,Bearskin,hifld_nearest
9519,36.8467,-79.4115,14,138.0,138.0,False,9.48,Virginia,Chatham,hifld_nearest
9520,36.7028,-79.4952,14,138.0,138.0,False,4.42,Virginia,Barnhart,hifld_pool
9521,37.1506,-79.2983,14,138.0,138.0,False,7.69,Virginia,Otter,hifld_nearest
9522,37.0158,-79.2952,14,138.0,138.0,False,11.31,Virginia,San Jose Sta. A,hifld_pool
9523,36.5245,-79.3048,14,138.0,138.0,True,0.0,Virginia,State Line Energy,hifld_pool
9524,36.6215,-79.2596,14,138.0,138.0,False,16.28,Virginia,Balta,hifld_pool
9525,36.9404,-80.7052,14,138.0,138.0,False,5.09,Virginia,Urban,hifld_pool
9526,36.9863,-80.7975,14,138.0,138.0,False,4.15,Virginia,Southard,hifld_pool
9527,37.132,-80.7067,14,138.0,138.0,False,15.15,Virginia,West Loop,hifld_pool
9528,37.0982,-80.7745,14,138.0,138.0,False,14.8,Virginia,Buckley,hifld_pool
9529,36.9587,-80.8641,14,138.0,138.0,False,17.27,Virginia,Chisholm,hifld_pool
9530,38.7815,-78.0898,14,138.0,138.0,False,6.7,Virginia,Kenmore,hifld_pool
9531,37.2203,-80.0421,14,138.0,138.0,False,28.14,Virginia,Stratford,hifld_pool
9532,37.2277,-79.9861,14,138.0,138.0,False,28.14,Virginia,Starkey,hifld_nearest
9533,37.149,-80.0689,14,138.0,138.0,False,29.04,Virginia,Nashua Street,hifld_pool
9534,37.2544,-80.015,14,345.0,138.0,False,28.14,Virginia,Hancock,hifld_nearest
9535,37.1793,-80.0303,14,138.0,138.0,False,11.78,Virginia,Poages Mill,hifld_nearest
9536,37.267,-80.0666,14,138.0,138.0,False,11.78,Virginia,Woodward-Tap1,hifld_pool
9537,37.325,-79.8835,14,138.0,138.0,False,29.85,Virginia,Bonsack,hifld_nearest
9538,37.1986,-79.957,14,138.0,138.0,False,25.6,Virginia,Clearbrook,hifld_nearest
9539,37.2051,-79.84,14,138.0,138.0,False,12.8,Virginia,Venture,hifld_pool
9540,37.2837,-79.9837,14,138.0,138.0,False,37.18,Virginia,Shute,hifld_pool
9541,37.277,-79.9973,14,138.0,138.0,False,30.08,Virginia,Roanoke Electric Steel,hifld_nearest
9542,37.251,-79.9308,14,138.0,138.0,False,18.26,Virginia,Roanoke,hifld_nearest
9543,37.2891,-79.8692,14,138.0,138.0,False,8.94,Virginia,Vinton,hifld_nearest
9544,37.8316,-79.3034,14,138.0,138.0,False,7.76,Virginia,Fairfield,hifld_nearest
9545,37.5905,-79.4469,14,138.0,138.0,False,9.12,Virginia,Balcony Falls,hifld_nearest
9546,38.7138,-78.8395,14,138.0,138.0,False,8.61,Virginia,Sweetwater,hifld_pool
9547,38.7365,-78.8869,14,138.0,138.0,False,10.41,Virginia,Rock Cut,hifld_pool
9548,38.7031,-78.7699,14,138.0,138.0,False,8.61,Virginia,Darbytown Cts,hifld_pool
9549,38.4961,-79.1379,14,138.0,138.0,False,13.53,Virginia,Tuolumne,hifld_pool
9550,38.4336,-79.2266,14,138.0,138.0,False,11.67,Virginia,Kenneth-Garfield,hifld_pool
9551,38.6533,-78.9577,14,138.0,138.0,False,6.76,Virginia,Mt. View,hifld_pool
9552,38.3513,-78.6917,14,138.0,138.0,False,8.31,Virginia,Unh 1 & Unh 2,hifld_pool
9553,38.396,-78.7523,14,138.0,138.0,False,10.36,Virginia,Rice,hifld_pool
9554,38.6552,-78.6021,14,138.0,138.0,False,5.76,Virginia,Texaco Bt,hifld_pool
9555,38.6129,-78.6468,14,138.0,138.0,False,4.66,Virginia,Bushnell East,hifld_pool
9556,38.6621,-78.839,14,138.0,138.0,False,7.07,Virginia,Mathew,hifld_pool
9557,38.5859,-78.7354,14,138.0,138.0,False,4.5,Virginia,3014 Rio Canas,hifld_pool
9558,38.6457,-78.7631,14,138.0,138.0,False,4.5,Virginia,Timberville,hifld_nearest
9559,36.9153,-82.3188,14,138.0,138.0,False,6.94,Virginia,Ashfield,hifld_pool
9560,36.8267,-82.2769,14,138.0,138.0,False,7.54,Virginia,Dickens,hifld_nearest
9561,36.788,-82.3041,14,138.0,138.0,False,12.48,Virginia,Landsville,hifld_pool
9562,37.011,-81.7979,14,138.0,138.0,False,11.37,Virginia,Claypool Hill,hifld_nearest
9563,37.0049,-81.838,14,138.0,138.0,False,11.79,Virginia,Seattle City North,hifld_pool
9564,36.8998,-81.8888,14,138.0,138.0,False,8.71,Virginia,San Xavier,hifld_pool
9565,36.9055,-82.0803,14,138.0,138.0,False,11.55,Virginia,Lebanon,hifld_nearest
9566,36.8966,-82.1331,14,138.0,138.0,False,11.56,Virginia,Shiloh,hifld_pool
9567,36.7758,-82.1445,14,138.0,138.0,False,10.41,Virginia,Girvan,hifld_pool
9568,36.6372,-82.6686,14,138.0,138.0,False,9.04,Virginia,Yanke,hifld_pool
9569,36.6438,-82.574,14,138.0,138.0,False,16.5,Virginia,Mccullough,hifld_pool
9570,36.6746,-82.5752,14,138.0,138.0,False,11.75,Virginia,Bauxite,hifld_pool
9571,36.7055,-82.4261,14,138.0,138.0,False,6.12,Virginia,Midpoint,hifld_pool
9572,38.8394,-78.6672,14,138.0,138.0,False,7.09,Virginia,Port Ludlow,hifld_pool
9573,38.816,-78.6234,14,138.0,138.0,False,17.61,Virginia,Carson Ice,hifld_pool
9574,38.7188,-78.676,14,138.0,138.0,False,12.07,Virginia,Mount Jackson,hifld_nearest
9575,38.7538,-78.8121,14,138.0,138.0,False,7.06,Virginia,Upper Mechanicville,hifld_pool
9576,38.8829,-78.3796,14,138.0,138.0,False,15.91,Virginia,Valley View,hifld_pool
9577,39.0449,-78.3859,14,138.0,138.0,False,22.57,Virginia,Carroll,hifld_pool
9578,38.9263,-78.4912,14,138.0,138.0,False,6.38,Virginia,Thunder,hifld_pool
9579,38.9741,-78.4253,14,138.0,138.0,False,9.02,Virginia,Henry Station,hifld_pool
9580,38.963,-78.5706,14,138.0,138.0,False,14.82,Virginia,Vancouver Shipyard,hifld_pool
9581,38.8257,-78.5473,14,138.0,138.0,False,10.46,Virginia,Edinburg,hifld_nearest
9582,36.8666,-81.4412,14,138.0,138.0,False,4.35,Virginia,Rec Clinton,hifld_pool
9583,36.8353,-81.6353,14,138.0,138.0,False,7.19,Virginia,Philpott,hifld_pool
9584,36.8129,-81.7215,14,138.0,138.0,False,13.02,Virginia,Kasson-Banta Carbona Junction,hifld_pool
9585,36.664,-81.7231,14,138.0,138.0,False,14.09,Virginia,Roseville,hifld_pool
9586,36.9272,-81.5622,14,138.0,138.0,False,12.19,Virginia,Nogales,hifld_pool
9587,36.7926,-81.5522,14,345.0,138.0,False,25.7,Virginia,Bon Aqua,hifld_pool
9588,36.8813,-81.5383,14,138.0,138.0,False,11.88,Virginia,White Mesa,hifld_pool
9589,36.8576,-81.2091,14,138.0,138.0,False,8.83,Virginia,Macon Energy Center,hifld_pool
9590,36.9134,-81.2732,14,138.0,138.0,False,7.14,Virginia,Hartford,hifld_pool
9591,36.8487,-81.255,14,138.0,138.0,False,9.08,Virginia,Shrewsbury,hifld_pool
9592,36.885,-81.6397,14,138.0,138.0,False,6.77,Virginia,West Siloam Springs,hifld_pool
9593,36.9894,-81.6896,14,138.0,138.0,False,10.69,Virginia,Red Lion,hifld_pool
9594,36.9432,-81.6665,14,138.0,138.0,False,7.18,Virginia,Broadford,hifld_nearest
9595,37.2056,-81.6872,14,138.0,138.0,False,4.18,Virginia,Faraday,hifld_nearest
9596,37.2689,-81.3387,14,138.0,138.0,False,19.37,Virginia,Lonesome Pine,hifld_nearest
9597,37.1886,-81.3358,14,345.0,1.0,False,21.04,Virginia,Empire Energy Center,hifld_pool
9598,37.1978,-81.4233,14,138.0,138.0,False,6.98,Virginia,Okeechobee,hifld_pool
9599,37.0882,-81.4807,14,138.0,138.0,False,13.48,Virginia,Team,hifld_pool
9600,37.3401,-81.3195,14,138.0,138.0,False,3.75,Virginia,Carberry,hifld_pool
9601,37.1044,-81.7284,14,138.0,138.0,False,4.9,Virginia,Woods Lake,hifld_pool
9602,37.1655,-81.8281,14,138.0,138.0,False,7.19,Virginia,Sandy Ridge,hifld_nearest
9603,37.1232,-81.8532,14,138.0,138.0,False,12.85,Virginia,Coal Creek,hifld_nearest
9604,37.204,-81.8412,14,138.0,138.0,False,12.08,Virginia,Carrollton Country Club,hifld_pool
9605,37.0386,-81.4327,14,138.0,138.0,False,7.82,Virginia,Smith College Central Heating Plant,hifld_pool
9606,37.0929,-81.5278,14,138.0,138.0,False,6.5,Virginia,Georgia,hifld_pool
9607,38.8222,-78.3506,14,138.0,138.0,False,10.07,Virginia,North Delphos,hifld_pool
9608,36.7122,-81.9641,14,138.0,138.0,False,13.01,Virginia,Ou Spirit Wind Farm,hifld_pool
9609,36.7409,-81.9881,14,138.0,138.0,False,13.01,Virginia,Wakefield,hifld_pool
9610,36.7844,-81.991,14,138.0,138.0,False,13.01,Virginia,Dennis Station,hifld_pool
9611,36.7128,-81.9959,14,138.0,138.0,False,13.01,Virginia,Abingdon,hifld_nearest
9612,36.5892,-81.9388,14,138.0,138.0,False,10.22,Virginia,Pyote,hifld_pool
9613,36.6396,-82.0375,14,138.0,138.0,False,10.22,Virginia,Elverta-Cherrybrooke,hifld_pool
9614,36.6116,-81.9346,14,138.0,138.0,False,10.22,Virginia,Rector,hifld_pool
9615,36.7517,-81.6773,14,138.0,138.0,False,3.73,Virginia,Browns Crossing,hifld_pool
9616,36.642,-81.7793,14,138.0,138.0,False,5.83,Virginia,Goulding,hifld_pool
9617,36.751,-81.8307,14,138.0,138.0,False,5.83,Virginia,Wylie,hifld_pool
9618,36.7059,-81.8318,14,138.0,138.0,False,5.59,Virginia,Coolidge,hifld_pool
9619,36.8054,-81.82,14,138.0,138.0,False,5.59,Virginia,Burtt Road,hifld_pool
9620,36.7741,-81.8722,14,138.0,138.0,False,5.59,Virginia,Alief,hifld_pool
9621,37.0671,-82.6486,14,138.0,138.0,False,5.71,Virginia,Rosholt Cwec,hifld_pool
9622,37.0534,-82.7175,14,138.0,1.0,False,5.71,Virginia,Amity,hifld_pool
9623,37.0746,-82.5502,14,138.0,138.0,False,11.11,Virginia,Stockton Cogen,hifld_pool
9624,37.0111,-82.502,14,138.0,138.0,False,11.11,Virginia,Henry Co,hifld_pool
9625,36.9955,-82.63,14,345.0,138.0,False,29.72,Virginia,North Dublin,hifld_pool
9626,36.9745,-80.898,14,138.0,138.0,False,12.71,Virginia,Hartman Creek,hifld_pool
9627,37.0134,-80.9568,14,138.0,138.0,False,6.35,Virginia,Weston,hifld_pool
9628,37.0563,-81.0717,14,138.0,138.0,False,18.68,Virginia,Spring Street,hifld_pool
9629,36.9301,-81.1502,14,138.0,138.0,False,16.1,Virginia,Glen Lake,hifld_pool
9630,36.9013,-81.2001,14,138.0,138.0,False,15.46,Virginia,Merret,hifld_pool
9631,37.8463,-78.4134,14,345.0,13.8,False,0.0,Virginia,Fluvanna P.S,hifld_nearest
9632,37.2636,-80.0595,14,138.0,13.8,False,0.0,Virginia,Seneca Terminal,hifld_pool
9633,37.188,-81.9334,14,345.0,1.0,False,0.0,Virginia,Kean Mtn And Grassy Creek,hifld_nearest
9635,36.8067,-80.952,14,138.0,138.0,False,0.0,Virginia,Buck Hydro,hifld_nearest
9636,37.2849,-80.0529,14,138.0,20.0,False,0.0,Virginia,Yemassee,hifld_pool
9637,37.0621,-80.5585,14,345.0,138.0,False,0.0,Virginia,Franks,hifld_pool
9638,36.9434,-82.1951,14,345.0,13.8,False,0.0,Virginia,Clinch River,hifld_nearest
9639,36.6586,-79.8896,14,138.0,138.0,False,0.0,Virginia,Denver City,hifld_pool
9640,37.2452,-79.8603,14,138.0,138.0,False,0.0,Virginia,Bandhead,hifld_pool
9641,37.7011,-78.3013,14,138.0,13.8,False,0.0,Virginia,Bremo Bluff,hifld_nearest
9642,38.3582,-78.6388,14,138.0,138.0,False,0.0,Virginia,Haymarket Square,hifld_pool
9643,38.1035,-78.2099,14,345.0,13.8,False,0.0,Virginia,Louisa Generation Facility,hifld_nearest
9644,38.4361,-78.8897,14,138.0,13.8,False,0.0,Virginia,Airport Rd 1,hifld_pool
9645,38.423,-78.8953,14,138.0,13.8,False,0.0,Virginia,Harrisonburg,hifld_nearest
9646,36.7939,-78.9421,14,138.0,13.8,False,0.0,Virginia,Glen Haven,hifld_pool
9647,38.6655,-78.5073,14,138.0,13.8,False,0.0,Virginia,Luray Hydro Station,hifld_nearest
9648,37.3702,-80.8777,14,345.0,1.0,False,0.0,Virginia,Glen Lyn,hifld_nearest
9649,37.0921,-80.5969,14,138.0,138.0,False,0.0,Virginia,Westcott,hifld_pool
9650,36.6185,-78.5271,14,345.0,138.0,False,0.0,Virginia,Mecklenburg Power Station,hifld_nearest
9651,38.3613,-78.6773,14,138.0,138.0,False,0.0,Virginia,Elkton D.P,hifld_nearest
9652,38.4358,-78.8512,14,138.0,13.8,False,0.0,Virginia,Twin Branch 2,hifld_pool
9653,38.0874,-78.2315,14,138.0,13.8,False,0.0,Virginia,Jim Branch,hifld_pool
9654,38.197,-79.7844,14,345.0,13.8,False,0.0,Virginia,Bath County,hifld_nearest
9655,37.5441,-79.3067,14,138.0,13.8,False,0.0,Virginia,Jacalitio,hifld_pool
9656,36.6484,-80.416,14,138.0,138.0,False,0.0,Virginia,Pinnacles,hifld_nearest
9657,37.4928,-79.1928,14,138.0,13.8,False,0.0,Virginia,Ralston,hifld_pool
9658,37.727,-78.3164,14,345.0,13.8,False,0.0,Virginia,Buhl,hifld_pool
9659,37.372,-80.7508,14,138.0,13.8,False,0.0,Virginia,Celanese Acetate Llc,hifld_nearest
9660,37.1658,-80.5468,14,138.0,1.0,False,0.0,Virginia,Radford Army Ammunition Plant,hifld_nearest
9661,37.5355,-79.3564,14,138.0,138.0,False,0.0,Virginia,Skimmer,hifld_nearest
9662,36.9108,-82.3124,14,345.0,1.0,False,0.0,Virginia,Farrell,hifld_pool
9663,37.6202,-79.3721,14,138.0,138.0,False,0.0,Virginia,Cushaw,hifld_nearest
9664,37.5114,-79.2838,14,138.0,1.0,False,0.0,Virginia,Avon Park,hifld_pool
9665,36.8231,-80.9504,14,138.0,138.0,False,0.0,Virginia,Norway Point Hydropower Project,hifld_pool
9666,37.7939,-79.8874,14,345.0,1.0,False,0.0,Virginia,Lowmoor,hifld_nearest
9667,37.091,-79.397,14,345.0,13.8,False,0.0,Virginia,Leesville,hifld_nearest
9668,37.5728,-79.3419,14,138.0,138.0,False,0.0,Virginia,Snowden,hifld_nearest
9669,36.8871,-78.6881,14,345.0,13.8,False,0.0,Virginia,Clover,hifld_nearest
9670,36.6652,-82.1211,14,345.0,138.0,False,0.0,Virginia,Wolf Hills Energy,hifld_nearest
9671,36.7829,-79.9891,14,138.0,138.0,False,0.0,Virginia,Keswick,hifld_pool
9672,37.7694,-80.0035,14,138.0,13.8,False,0.0,Virginia,Fudge Hollow,hifld_nearest
9673,36.7012,-80.9731,14,138.0,138.0,False,0.0,Virginia,Fries,hifld_nearest
9674,38.9922,-78.1975,14,345.0,13.8,False,0.0,Virginia,Front Royal,hifld_nearest
9675,37.2863,-80.076,14,138.0,18.0,False,0.0,Virginia,Sub 9675,hifld_pool
9676,36.602,-78.3026,14,345.0,13.8,False,0.0,Virginia,Kerr Dam,hifld_nearest
9677,37.6551,-75.654,15,138.0,138.0,False,11.52,Virginia,Port Costa Brick Tap,hifld_pool
9678,37.8785,-75.6715,15,138.0,138.0,False,6.36,Virginia,New Port Richey,hifld_pool
9679,38.0022,-75.4105,15,138.0,138.0,False,17.01,Virginia,Oyehut,hifld_pool
9680,37.9106,-75.475,15,138.0,138.0,False,8.43,Virginia,Wattsville,hifld_nearest
9681,37.6837,-75.774,15,138.0,138.0,False,11.55,Virginia,Almaville,hifld_pool
9682,37.818,-75.7306,15,138.0,138.0,True,10.73,Virginia,Yonah,hifld_pool
9683,37.5171,-75.8162,15,138.0,138.0,False,10.92,Virginia,Belle Haven Diesel Generation Facility,hifld_nearest
9684,37.7318,-75.6503,15,138.0,138.0,False,11.12,Virginia,Perdue Diesel Generation Facility,hifld_nearest
9685,37.845,-75.5481,15,138.0,138.0,False,11.49,Virginia,Chincoteague,hifld_nearest
9686,38.717,-77.153,15,138.0,138.0,False,23.65,Virginia,New Plymounth,hifld_pool
9687,38.7725,-77.1482,15,138.0,138.0,False,46.52,Virginia,Hayfield,hifld_nearest
9688,38.8759,-77.1057,15,138.0,138.0,False,48.87,Virginia,Clarendon,hifld_nearest
9689,38.8173,-77.0844,15,138.0,138.0,False,63.13,Virginia,Battle Ground,hifld_pool
9690,38.8594,-77.1831,15,138.0,138.0,False,59.63,Virginia,Morony Dam,hifld_pool
9691,38.7961,-77.0413,15,138.0,138.0,False,47.34,Virginia,Jefferson Street,hifld_nearest
9692,38.7153,-77.1228,15,138.0,138.0,False,74.7,Virginia,Albert Pike,hifld_pool
9693,38.7128,-77.047,15,138.0,138.0,False,22.91,Virginia,Wethersfield,hifld_pool
9694,38.827,-77.168,15,138.0,138.0,False,82.83,Virginia,Annandale,hifld_nearest
9695,38.7783,-77.0357,15,138.0,138.0,False,22.91,Virginia,Moorhead,hifld_pool
9696,38.7752,-77.0645,15,138.0,138.0,False,37.7,Virginia,Belle Haven,hifld_nearest
9697,38.9349,-77.098,15,138.0,138.0,False,77.22,Virginia,Meadow Woods South,hifld_pool
9698,38.8677,-76.9819,15,138.0,138.0,False,15.38,Virginia,Inyokern Town,hifld_pool
9699,37.3391,-77.9282,15,138.0,138.0,False,10.75,Virginia,Warthen,hifld_pool
9700,37.4127,-77.8309,15,138.0,138.0,False,16.9,Virginia,Kapstone,hifld_pool
9701,37.3599,-77.9745,15,138.0,138.0,False,10.75,Virginia,Willamina,hifld_pool
9702,38.9405,-77.0451,15,138.0,138.0,False,24.55,Virginia,32Nd Street,hifld_pool
9703,38.8324,-77.1495,15,138.0,138.0,False,57.8,Virginia,Deepcreek,hifld_pool
9704,38.8843,-77.1683,15,138.0,138.0,False,72.56,Virginia,Falls Church,hifld_nearest
9705,38.9421,-77.1222,15,138.0,138.0,False,29.19,Virginia,Alto,hifld_pool
9706,38.8473,-77.1367,15,138.0,138.0,False,78.06,Virginia,Glen Carlyn,hifld_nearest
9707,38.9009,-77.1581,15,138.0,138.0,False,29.19,Virginia,F St,hifld_pool
9708,38.8771,-77.0716,15,138.0,138.0,False,79.22,Virginia,Tulloch,hifld_pool
9709,38.8767,-77.0328,15,138.0,138.0,False,94.48,Virginia,Squamish,hifld_pool
9710,38.8528,-77.0085,15,138.0,138.0,False,37.36,Virginia,Luxemburg 24.9,hifld_pool
9711,38.823,-77.1152,15,138.0,138.0,False,52.91,Virginia,Humboldt,hifld_pool
9712,38.8046,-77.0942,15,138.0,138.0,False,39.06,Virginia,Westone Sw Yd,hifld_pool
9713,38.824,-77.0346,15,138.0,138.0,False,29.58,Virginia,Potomac River,hifld_nearest
9714,38.8574,-77.0493,15,138.0,138.0,False,66.22,Virginia,Pentagon,hifld_nearest
9715,38.982,-77.2097,15,138.0,138.0,False,41.23,Virginia,Carderock,hifld_nearest
9716,38.9698,-77.0775,15,138.0,138.0,False,26.11,Virginia,Oliver Street,hifld_nearest
9717,38.9228,-77.121,15,138.0,138.0,False,23.09,Virginia,Cherrydale,hifld_nearest
9718,38.9412,-77.2052,15,138.0,138.0,False,23.09,Virginia,North Canaan,hifld_pool
9719,36.88,-77.9381,15,138.0,138.0,False,4.55,Virginia,Acec Arrowhead,hifld_pool
9720,37.0895,-77.8891,15,138.0,138.0,False,9.9,Virginia,Montverde,hifld_pool
9721,37.0819,-77.9736,15,138.0,138.0,False,14.86,Virginia,Wooton,hifld_pool
9722,36.7413,-77.947,15,138.0,138.0,False,7.19,Virginia,Balfour,hifld_pool
9723,36.6446,-78.0496,15,138.0,138.0,False,5.16,Virginia,San Joaquin,hifld_pool
9724,36.6497,-77.4754,15,138.0,138.0,False,14.5,Virginia,Nexen Tap,hifld_pool
9725,36.6986,-77.4674,15,345.0,1.0,False,28.46,Virginia,Miller Redwood,hifld_pool
9726,36.7081,-77.5461,15,138.0,138.0,False,14.17,Virginia,Emporia,hifld_nearest
9727,36.6233,-77.7973,15,138.0,138.0,False,12.62,Virginia,Beach Haven,hifld_pool
9728,36.7166,-77.8504,15,138.0,138.0,False,7.59,Virginia,Lawrenceville,hifld_nearest
9729,36.7529,-77.7846,15,138.0,138.0,False,12.92,Virginia,Colton,hifld_pool
9730,38.0442,-77.5694,15,138.0,138.0,False,8.75,Virginia,Ladysmith,hifld_nearest
9731,38.0617,-77.3125,15,138.0,138.0,False,15.52,Virginia,Enron,hifld_pool
9732,38.1917,-77.4848,15,138.0,138.0,False,26.06,Virginia,Capitol,hifld_pool
9733,38.2314,-77.4569,15,138.0,138.0,False,41.48,Virginia,Slabtown,hifld_nearest
9734,38.3103,-77.4892,15,345.0,1.0,False,58.26,Virginia,Fredericksburg,hifld_nearest
9735,37.9409,-77.4545,15,138.0,138.0,False,12.24,Virginia,Shullsburg,hifld_pool
9736,37.9471,-77.4961,15,138.0,138.0,False,12.24,Virginia,Lake Charles Plant,hifld_pool
9737,37.9106,-77.4407,15,138.0,138.0,False,16.27,Virginia,North Doswell,hifld_nearest
9738,37.9819,-77.3464,15,138.0,138.0,False,14.93,Virginia,Lytle,hifld_pool
9739,38.0715,-77.4756,15,138.0,138.0,False,5.31,Virginia,Ladysmith Ct,hifld_nearest
9740,37.3823,-77.0573,15,138.0,138.0,False,15.85,Virginia,National City,hifld_pool
9741,37.4164,-77.2842,15,138.0,138.0,False,26.79,Virginia,Turner Road,hifld_nearest
9742,37.4321,-77.3746,15,138.0,138.0,False,38.58,Virginia,Jameson,hifld_pool
9743,37.3481,-77.3811,15,138.0,138.0,False,26.79,Virginia,Clearwater,hifld_pool
9744,37.364,-77.3847,15,138.0,138.0,False,52.35,Virginia,Shively,hifld_pool
9745,37.4484,-77.0203,15,138.0,138.0,False,15.72,Virginia,Brockport,hifld_pool
9746,37.265,-76.6556,15,138.0,138.0,False,29.21,Virginia,King'S Mill,hifld_nearest
9747,37.1437,-76.6716,15,138.0,138.0,False,37.3,Virginia,Agana,hifld_pool
9748,37.3531,-76.6852,15,138.0,138.0,False,28.66,Virginia,G G Allen,hifld_pool
9749,37.2417,-76.8529,15,138.0,138.0,False,29.62,Virginia,Ione,hifld_pool
9750,37.2844,-76.6607,15,138.0,138.0,False,28.93,Virginia,Watsonville,hifld_pool
9751,36.8367,-76.5028,15,138.0,138.0,False,26.0,Virginia,Oshkosh,hifld_pool
9752,36.7939,-76.4694,15,138.0,138.0,False,26.0,Virginia,Rio Grande Estates 2306,hifld_pool
9753,36.8697,-76.5135,15,138.0,138.0,False,29.24,Virginia,Crittenden,hifld_nearest
9754,36.7388,-76.3614,15,138.0,138.0,False,37.76,Virginia,R D Morrow,hifld_pool
9755,36.7061,-76.3197,15,138.0,138.0,False,27.74,Virginia,Cordova Park,hifld_pool
9756,36.716,-76.4259,15,138.0,138.0,False,27.74,Virginia,Puna Geothermal Venture I,hifld_pool
9757,36.7629,-76.3607,15,138.0,138.0,False,27.74,Virginia,Yadkin,hifld_nearest
9758,36.7184,-76.4798,15,138.0,138.0,False,27.74,Virginia,A Whoch,hifld_pool
9759,36.8014,-76.2966,15,138.0,138.0,False,61.83,Virginia,Wheelabrator Portsmouth,hifld_nearest
9760,36.7703,-76.2803,15,138.0,138.0,False,35.3,Virginia,Cato,hifld_pool
9761,36.8401,-76.2998,15,138.0,138.0,False,45.6,Virginia,Reeves Ave,hifld_nearest
9762,36.5683,-76.2751,15,138.0,138.0,False,37.37,Virginia,Bayamon,hifld_pool
9763,36.596,-76.2129,15,138.0,138.0,False,37.37,Virginia,India,hifld_pool
9764,36.6236,-76.2563,15,138.0,138.0,False,37.37,Virginia,Kansas,hifld_pool
9765,36.6305,-76.2257,15,138.0,138.0,False,74.74,Virginia,Hickory,hifld_nearest
9766,36.757,-76.1768,15,138.0,138.0,False,32.01,Virginia,Benton,hifld_pool
9767,36.7099,-76.1954,15,138.0,138.0,False,32.01,Virginia,Fentress,hifld_nearest
9768,36.7407,-76.2477,15,138.0,138.0,False,68.83,Virginia,Thrasher,hifld_nearest
9769,37.4026,-77.4421,15,138.0,138.0,False,41.92,Virginia,Olympic Pipe,hifld_pool
9770,37.3009,-77.4012,15,138.0,138.0,False,25.55,Virginia,Walthall,hifld_nearest
9771,37.281,-77.4803,15,138.0,138.0,False,25.55,Virginia,Dunn Rd,hifld_pool
9772,37.2867,-77.669,15,138.0,138.0,False,27.15,Virginia,Potter County,hifld_pool
9773,37.3049,-77.7852,15,138.0,138.0,False,12.93,Virginia,Paso Robles,hifld_pool
9774,37.304,-77.5961,15,138.0,138.0,False,11.85,Virginia,Danville Westover Plant,hifld_pool
9775,37.3979,-77.5917,15,138.0,1.0,False,26.06,Virginia,Cornell-Up,hifld_pool
9776,37.4463,-77.5886,15,345.0,138.0,False,26.06,Virginia,Hull Street Road,hifld_nearest
9777,37.4269,-77.6061,15,138.0,138.0,False,59.49,Virginia,Harrisburg,hifld_pool
9778,37.3817,-77.5091,15,138.0,138.0,False,26.06,Virginia,Barlow,hifld_pool
9779,37.2601,-77.3895,15,138.0,138.0,False,31.57,Virginia,Harvell,hifld_nearest
9780,37.3144,-77.4594,15,138.0,138.0,False,22.1,Virginia,Tanners Lake,hifld_pool
9781,37.2878,-77.4281,15,138.0,138.0,False,36.16,Virginia,Harrowgate,hifld_nearest
9782,37.2405,-77.4058,15,138.0,138.0,False,19.79,Virginia,Lakemont,hifld_pool
9783,37.502,-77.6476,15,138.0,138.0,False,18.42,Virginia,Briarwood,hifld_pool
9784,37.6316,-77.7061,15,138.0,138.0,False,18.42,Virginia,Sub 9784,hifld_pool
9785,37.4944,-77.6221,15,138.0,138.0,False,18.42,Virginia,Trabue,hifld_nearest
9786,37.4289,-77.7201,15,138.0,138.0,False,41.34,Virginia,Big Creek 1,hifld_pool
9787,37.4417,-77.6065,15,138.0,138.0,False,29.03,Virginia,Westchase,hifld_pool
9788,37.3727,-77.7471,15,138.0,138.0,False,29.03,Virginia,Jim Creek,hifld_pool
9789,37.4194,-77.6992,15,138.0,138.0,False,29.03,Virginia,Holden,hifld_pool
9790,37.4185,-77.6543,15,138.0,138.0,False,29.03,Virginia,Winterpock,hifld_nearest
9791,37.4286,-77.5457,15,138.0,138.0,False,13.48,Virginia,Dolgeville Hydro,hifld_pool
9792,37.5487,-77.7233,15,138.0,138.0,False,15.65,Virginia,Freiheit,hifld_pool
9793,37.1077,-77.5094,15,345.0,138.0,False,34.9,Virginia,Baraga Vlg,hifld_pool
9794,37.2645,-77.5616,15,138.0,138.0,False,37.1,Virginia,Alkali,hifld_pool
9795,37.2293,-77.4712,15,138.0,138.0,False,31.32,Virginia,Walton Street,hifld_pool
9796,37.2306,-77.4524,15,138.0,138.0,False,33.64,Virginia,Locks,hifld_nearest
9797,37.5199,-77.6624,15,138.0,138.0,False,38.37,Virginia,Whiting Refinery,hifld_pool
9798,37.5401,-77.5774,15,138.0,1.0,False,19.95,Virginia,Ensign Wind Llc,hifld_pool
9799,37.5831,-77.5766,15,138.0,138.0,False,19.95,Virginia,River Road,hifld_nearest
9800,37.5188,-77.5769,15,138.0,138.0,False,35.51,Virginia,Andrews,hifld_pool
9801,37.5261,-77.5559,15,138.0,138.0,False,97.84,Virginia,Retrieve,hifld_pool
9802,37.554,-77.6176,15,138.0,138.0,False,23.3,Virginia,Superior Falls,hifld_pool
9803,37.4336,-77.4736,15,138.0,138.0,False,36.29,Virginia,Edina,hifld_pool
9804,37.4609,-77.5178,15,138.0,138.0,False,30.26,Virginia,Station H,hifld_pool
9805,37.4645,-77.5814,15,138.0,138.0,False,43.74,Virginia,Collins Lake,hifld_pool
9806,37.5501,-77.4454,15,138.0,138.0,False,63.74,Virginia,Carver,hifld_nearest
9807,37.5472,-77.4238,15,138.0,138.0,False,33.21,Virginia,Shockoe,hifld_nearest
9808,37.3896,-77.4436,15,138.0,138.0,False,33.21,Virginia,Centralia,hifld_nearest
9809,37.4823,-77.5009,15,138.0,138.0,False,33.21,Virginia,Ironwood Wind,hifld_pool
9810,37.417,-77.3999,15,138.0,138.0,False,33.21,Virginia,Mountain Lake,hifld_pool
9811,37.4893,-77.4387,15,138.0,138.0,False,25.85,Virginia,Basin,hifld_nearest
9812,37.4695,-77.408,15,138.0,138.0,False,25.85,Virginia,Marlboro,hifld_nearest
9813,37.5855,-77.441,15,138.0,138.0,False,67.69,Virginia,Acca,hifld_nearest
9814,37.4748,-77.4801,15,138.0,138.0,False,25.85,Virginia,Plaza,hifld_nearest
9815,37.427,-77.426,15,138.0,138.0,False,16.37,Virginia,Waldron,hifld_pool
9816,37.4496,-77.3558,15,345.0,138.0,False,16.37,Virginia,Anasco 6101,hifld_pool
9817,39.2221,-77.9933,15,138.0,138.0,False,9.02,Virginia,Duck Creek,hifld_pool
9818,39.1433,-78.0106,15,138.0,138.0,False,18.33,Virginia,Lusk,hifld_pool
9819,39.0379,-77.8592,15,138.0,138.0,False,6.1,Virginia,Buttercup,hifld_pool
9820,38.4122,-77.9462,15,138.0,138.0,False,26.73,Virginia,Sanger Power And Feed,hifld_pool
9821,38.4567,-78.0644,15,138.0,138.0,False,24.29,Virginia,East Bernard,hifld_pool
9822,38.3378,-77.9838,15,138.0,138.0,False,24.29,Virginia,Oak Green,hifld_nearest
9823,38.3448,-78.0936,15,138.0,138.0,False,24.29,Virginia,Station Q Harbor,hifld_pool
9824,38.7112,-77.8786,15,138.0,138.0,False,14.99,Virginia,North Valley,hifld_pool
9825,38.6638,-77.9227,15,138.0,138.0,False,17.34,Virginia,Yauco Hidro 2,hifld_pool
9826,38.6249,-77.8702,15,138.0,138.0,False,18.51,Virginia,Imperial Valley,hifld_pool
9827,37.5562,-77.923,15,138.0,138.0,False,18.87,Virginia,Agua Mansa,hifld_pool
9828,37.5366,-77.9513,15,138.0,138.0,False,56.6,Virginia,7Th Avenue North,hifld_pool
9829,36.9468,-77.5772,15,138.0,138.0,False,10.21,Virginia,Sherman Road,hifld_pool
9830,36.9908,-77.8024,15,138.0,138.0,False,4.45,Virginia,Fort White,hifld_pool
9831,37.0481,-77.3947,15,138.0,138.0,False,18.13,Virginia,Ormond,hifld_pool
9832,37.1265,-77.4124,15,138.0,138.0,False,15.06,Virginia,Uknown,hifld_nearest
9833,37.0837,-77.3051,15,138.0,138.0,False,17.47,Virginia,Cy-Fair,hifld_pool
9834,37.2071,-77.4142,15,138.0,138.0,False,15.06,Virginia,Cedar Bayou Plant,hifld_pool
9835,36.9584,-77.4095,15,138.0,138.0,False,6.81,Virginia,Gilboa,hifld_pool
9836,36.882,-77.4819,15,138.0,138.0,False,8.16,Virginia,Racine,hifld_pool
9837,37.0964,-77.602,15,138.0,138.0,False,16.5,Virginia,Sechelt,hifld_pool
9838,37.8125,-76.8775,15,138.0,138.0,False,8.27,Virginia,Mackay,hifld_pool
9839,37.9114,-77.1257,15,138.0,138.0,False,6.94,Virginia,Winger,hifld_pool
9840,37.9759,-76.9567,15,138.0,138.0,False,14.29,Virginia,Jardines Metropolitanos 1310,hifld_pool
9841,37.8629,-76.968,15,138.0,138.0,False,10.55,Virginia,Guadalupe,hifld_pool
9842,38.8374,-77.0981,15,138.0,138.0,False,20.24,Virginia,Wright Avenue,hifld_pool
9843,38.7501,-77.1353,15,138.0,138.0,False,64.75,Virginia,Belvoir,hifld_nearest
9844,38.7859,-77.1597,15,138.0,138.0,False,39.75,Virginia,Van Dom,hifld_nearest
9845,38.7934,-77.1266,15,138.0,138.0,False,22.87,Virginia,Thurston,hifld_pool
9846,38.7364,-77.0459,15,345.0,1.0,False,87.35,Virginia,Harewood,hifld_pool
9847,38.757,-77.0744,15,138.0,138.0,False,25.66,Virginia,Gum Springs,hifld_nearest
9848,38.7079,-77.176,15,138.0,138.0,False,25.66,Virginia,Butt Valley,hifld_pool
9849,38.7586,-77.0527,15,138.0,138.0,False,24.97,Virginia,Rock Lake Ct,hifld_pool
9850,38.7774,-77.1015,15,138.0,138.0,False,47.1,Virginia,Viriginia Hills,hifld_nearest
9851,38.6995,-77.154,15,138.0,138.0,False,24.97,Virginia,Canadian Hills Wind,hifld_pool
9852,38.6876,-77.1774,15,345.0,138.0,False,69.98,Virginia,Devon,hifld_pool
9853,38.7421,-76.9593,15,138.0,138.0,False,9.87,Virginia,Westwing,hifld_pool
9854,38.7811,-77.2835,15,138.0,138.0,False,58.77,Virginia,Colleyville,hifld_pool
9855,38.877,-77.1992,15,138.0,138.0,False,58.25,Virginia,Idylwood,hifld_nearest
9856,38.9269,-77.1918,15,138.0,138.0,False,65.29,Virginia,Quaker Hill,hifld_pool
9857,38.8327,-77.2582,15,138.0,138.0,False,34.6,Virginia,Crane Gulf 2,hifld_pool
9858,38.8585,-77.2899,15,138.0,138.0,False,75.05,Virginia,Green Springs,hifld_pool
9859,38.8038,-77.2921,15,138.0,138.0,False,48.62,Virginia,Sideburn,hifld_nearest
9860,38.8205,-77.2777,15,138.0,138.0,False,50.28,Virginia,Arrowhead,hifld_pool
9861,38.7454,-77.2465,15,138.0,138.0,False,33.3,Virginia,Shawnigan Lake,hifld_pool
9862,38.9077,-77.2121,15,138.0,138.0,False,33.3,Virginia,Fruitridge & S. Land Park,hifld_pool
9863,38.8894,-77.5045,15,138.0,138.0,False,31.44,Virginia,Cleary Flood,hifld_pool
9864,38.9145,-77.5516,15,345.0,138.0,False,31.44,Virginia,Loudon,hifld_nearest
9865,38.8103,-77.5063,15,138.0,138.0,False,31.44,Virginia,Raven Farm,hifld_pool
9866,38.8202,-77.426,15,138.0,138.0,False,21.62,Virginia,Bull Run,hifld_nearest
9867,38.8592,-77.4036,15,138.0,138.0,False,43.24,Virginia,Greenwater,hifld_pool
9868,38.7758,-77.4018,15,138.0,138.0,False,15.3,Virginia,Clifton,hifld_nearest
9869,38.7438,-77.3975,15,138.0,138.0,False,30.61,Virginia,Corvallis,hifld_pool
9870,38.9473,-77.3786,15,138.0,138.0,False,29.12,Virginia,Honeygo,hifld_pool
9871,38.866,-77.4284,15,138.0,138.0,False,45.63,Virginia,Sprecher,hifld_pool
9872,38.9065,-77.3256,15,138.0,138.0,False,61.89,Virginia,Ellerbe Road,hifld_pool
9873,38.7089,-77.3403,15,138.0,138.0,False,34.76,Virginia,Riley,hifld_pool
9874,38.756,-77.3119,15,138.0,138.0,False,34.03,Virginia,Sub 9874,hifld_nearest
9875,38.7889,-77.3736,15,138.0,138.0,False,34.03,Virginia,Tony Lappos,hifld_pool
9876,38.8224,-77.3207,15,138.0,138.0,False,34.03,Virginia,Burke-Sideburn,hifld_nearest
9877,38.8852,-77.3147,15,138.0,138.0,False,82.29,Virginia,Waterport,hifld_pool
9878,38.7838,-77.2619,15,138.0,138.0,False,22.69,Virginia,Keene Mill,hifld_nearest
9879,38.8434,-77.2853,15,138.0,138.0,False,45.71,Virginia,Sugar Grove,hifld_pool
9880,38.9225,-77.1676,15,138.0,138.0,False,23.02,Virginia,Air Force Base,hifld_pool
9881,38.7671,-77.326,15,138.0,138.0,False,28.38,Virginia,Alexandria,hifld_pool
9882,38.8076,-77.2179,15,138.0,138.0,False,38.64,Virginia,Station 138,hifld_pool
9883,38.8812,-77.1448,15,138.0,138.0,False,56.61,Virginia,Stepdown,hifld_pool
9884,38.8275,-77.2207,15,345.0,1.0,False,84.1,Virginia,Braddock,hifld_nearest
9885,38.8676,-77.213,15,138.0,138.0,False,56.38,Virginia,Gallows Road,hifld_nearest
9886,38.945,-77.2665,15,138.0,138.0,False,18.77,Virginia,Tysons,hifld_nearest
9887,38.9673,-77.1686,15,138.0,138.0,False,72.9,Virginia,West Lebanon,hifld_pool
9888,38.8649,-77.2515,15,138.0,138.0,False,12.54,Virginia,Port Allen Hi,hifld_pool
9889,38.8212,-77.0653,15,138.0,138.0,False,62.64,Virginia,Friona Rural,hifld_pool
9890,39.0586,-77.2946,15,138.0,138.0,False,13.98,Virginia,Cape Gas Turbine,hifld_pool
9891,38.8949,-77.4443,15,138.0,138.0,False,28.36,Virginia,Wells,hifld_pool
9892,38.9826,-77.3914,15,138.0,138.0,False,47.56,Virginia,Davis Drive,hifld_nearest
9893,38.9054,-77.4608,15,138.0,138.0,False,28.36,Virginia,Poland Rd,hifld_nearest
9894,38.9397,-77.4175,15,138.0,138.0,False,54.68,Virginia,Dulles,hifld_nearest
9895,38.8418,-77.3425,15,138.0,138.0,False,42.54,Virginia,Ballston,hifld_pool
9896,38.9761,-77.3687,15,345.0,138.0,False,58.97,Virginia,Dranesville,hifld_nearest
9897,38.9367,-77.353,15,138.0,138.0,False,48.37,Virginia,Reston,hifld_nearest
9898,38.9633,-77.3976,15,138.0,138.0,False,31.85,Virginia,Hemdon,hifld_nearest
9899,38.6701,-77.1208,15,138.0,138.0,False,33.91,Virginia,Louisville,hifld_pool
9900,38.6318,-77.1907,15,138.0,138.0,False,24.77,Virginia,Bridge,hifld_pool
9901,38.9899,-77.2636,15,138.0,138.0,False,16.98,Virginia,Masonville Uppco,hifld_pool
9902,39.0015,-77.2344,15,138.0,138.0,False,16.98,Virginia,Floraday,hifld_pool
9903,38.9812,-77.297,15,138.0,138.0,False,13.56,Virginia,Forward,hifld_pool
9904,38.9278,-77.362,15,138.0,138.0,False,70.87,Virginia,Rainbow Falls Hydro,hifld_pool
9905,38.9172,-77.3936,15,138.0,138.0,False,22.5,Virginia,Sully,hifld_nearest
9906,39.0047,-77.3308,15,138.0,1.0,False,36.06,Virginia,New Lisbon,hifld_pool
9907,38.8846,-77.3829,15,138.0,138.0,False,36.04,Virginia,Walney,hifld_nearest
9908,39.0312,-77.3386,15,138.0,138.0,False,41.08,Virginia,San Carlos,hifld_pool
9909,38.6544,-77.2654,15,138.0,138.0,False,24.17,Virginia,Rio Piedras Heights83 1345,hifld_pool
9910,38.7209,-77.2154,15,138.0,138.0,False,24.17,Virginia,South Miami,hifld_pool
9911,38.7546,-77.2322,15,138.0,138.0,False,46.22,Virginia,Country Club 2,hifld_pool
9912,38.7284,-77.2354,15,138.0,138.0,False,22.05,Virginia,Sub 9912,hifld_pool
9913,38.7198,-77.2685,15,138.0,138.0,False,31.2,Virginia,Occoquan,hifld_nearest
9914,38.7269,-77.1902,15,138.0,138.0,False,22.05,Virginia,Franconia,hifld_nearest
9915,38.9054,-77.2536,15,345.0,1.0,False,37.36,Virginia,Pomona Heights,hifld_pool
9916,38.8998,-77.2859,15,138.0,138.0,False,31.69,Virginia,Clark,hifld_nearest
9917,38.5379,-77.7582,15,138.0,138.0,False,25.45,Virginia,Remington Ct,hifld_nearest
9918,38.5386,-77.6869,15,138.0,138.0,False,14.06,Virginia,Morrisville,hifld_nearest
9919,38.6058,-77.6156,15,138.0,138.0,False,14.95,Virginia,Sowego Dp,hifld_nearest
9920,38.4229,-77.5781,15,138.0,138.0,False,18.97,Virginia,Arvah B Hopkins,hifld_pool
9921,38.8115,-77.9658,15,138.0,138.0,False,9.75,Virginia,Redbed Plains Wind Farm,hifld_pool
9922,38.8359,-77.8571,15,138.0,138.0,False,6.01,Virginia,Depot,hifld_pool
9923,38.7345,-77.9885,15,138.0,138.0,False,6.01,Virginia,Sub 9923,hifld_pool
9924,38.7096,-77.4948,15,138.0,138.0,False,16.23,Virginia,Chandler,hifld_pool
9925,38.6136,-77.7689,15,138.0,138.0,False,15.29,Virginia,Gastonia Duke Street,hifld_pool
9926,38.7565,-77.7555,15,138.0,138.0,False,11.78,Virginia,Dafter,hifld_pool
9927,38.7489,-77.648,15,138.0,138.0,False,11.78,Virginia,Wheeler,hifld_nearest
9928,38.7071,-77.7006,15,138.0,138.0,False,12.01,Virginia,South Christianburg,hifld_pool
9929,36.5969,-76.9323,15,138.0,138.0,False,14.13,Virginia,St. Joseph,hifld_pool
9930,36.6319,-76.979,15,138.0,138.0,False,15.16,Virginia,Southampton Power Station,hifld_nearest
9931,36.6902,-76.8242,15,138.0,138.0,False,22.95,Virginia,Brigham,hifld_pool
9932,38.3798,-77.4764,15,138.0,138.0,False,34.8,Virginia,Oak Lawn,hifld_pool
9933,38.3341,-77.5156,15,138.0,138.0,False,34.8,Virginia,Sandpoint,hifld_pool
9934,37.4143,-76.5288,15,138.0,138.0,False,20.75,Virginia,Mears Corners,hifld_pool
9935,37.4165,-76.5753,15,138.0,138.0,False,16.38,Virginia,Plumas Sierra Rea,hifld_pool
9936,37.4415,-76.4417,15,138.0,138.0,False,19.47,Virginia,Livermore,hifld_pool
9937,37.3519,-76.5441,15,138.0,138.0,False,18.79,Virginia,Geigy,hifld_pool
9938,37.2705,-76.3612,15,138.0,138.0,True,15.9,Virginia,Banister,hifld_pool
9939,37.3264,-76.4311,15,138.0,138.0,False,13.68,Virginia,Heber,hifld_pool
9940,37.5658,-76.5856,15,138.0,138.0,False,12.01,Virginia,Milaca,hifld_pool
9941,37.8127,-77.9449,15,138.0,138.0,False,8.65,Virginia,Gustine,hifld_pool
9942,37.6885,-77.701,15,138.0,138.0,False,19.42,Virginia,Blackjack,hifld_pool
9943,37.659,-77.6665,15,138.0,138.0,False,19.42,Virginia,Frenchtown,hifld_pool
9944,37.6793,-77.6612,15,345.0,138.0,False,24.19,Virginia,Challenge,hifld_pool
9945,37.5416,-77.6478,15,138.0,138.0,False,19.42,Virginia,South Augusta,hifld_pool
9946,37.6901,-77.6233,15,138.0,138.0,False,60.55,Virginia,Short Pump,hifld_nearest
9947,37.6064,-77.5752,15,138.0,138.0,False,22.33,Virginia,Smallwood,hifld_pool
9948,37.7072,-77.6753,15,138.0,138.0,False,23.8,Virginia,Perrine,hifld_pool
9949,37.6323,-77.6488,15,138.0,138.0,False,22.33,Virginia,West Hastings,hifld_pool
9950,37.7269,-77.9061,15,138.0,138.0,False,6.85,Virginia,Thomson Reuters Campus Bldg A-D,hifld_pool
9951,37.6824,-77.7801,15,138.0,138.0,False,30.98,Virginia,Borden,hifld_pool
9952,38.0123,-77.8345,15,138.0,138.0,False,18.83,Virginia,Weadock,hifld_pool
9953,37.8588,-77.8328,15,138.0,138.0,False,9.42,Virginia,Verndale,hifld_pool
9954,37.0008,-76.3808,15,138.0,138.0,False,59.44,Virginia,Ninnescah Wind Energy Llc,hifld_pool
9955,37.0315,-76.4282,15,138.0,138.0,False,30.79,Virginia,Whealton,hifld_nearest
9956,37.0198,-76.449,15,138.0,138.0,False,30.79,Virginia,Webster Street,hifld_pool
9957,37.0737,-76.4338,15,138.0,138.0,False,30.79,Virginia,Slocum,hifld_pool
9958,36.9089,-76.309,15,138.0,138.0,False,14.54,Virginia,Tanners Point,hifld_nearest
9959,36.9941,-76.4342,15,345.0,1.0,False,67.01,Virginia,Newport News,hifld_nearest
9960,37.0237,-76.3493,15,138.0,138.0,False,47.6,Virginia,Shellbank,hifld_nearest
9961,37.0625,-76.3174,15,138.0,138.0,False,43.83,Virginia,Bloxoms Corner,hifld_nearest
9962,37.0935,-76.3505,15,138.0,138.0,False,38.61,Virginia,Potrero,hifld_pool
9963,37.0501,-76.3476,15,138.0,138.0,False,40.36,Virginia,Ennis,hifld_pool
9964,37.7517,-77.4028,15,138.0,138.0,False,18.35,Virginia,Macneil,hifld_pool
9965,37.7879,-77.5379,15,138.0,138.0,False,25.54,Virginia,South Glens Falls Hydroelectric,hifld_pool
9966,37.7156,-77.5103,15,138.0,138.0,False,11.76,Virginia,Finley Combustion,hifld_pool
9967,37.9486,-77.9052,15,138.0,138.0,False,8.36,Virginia,Tres Vias,hifld_pool
9968,37.9221,-77.752,15,138.0,138.0,False,16.73,Virginia,Elizabeth Lake,hifld_pool
9969,37.6693,-77.508,15,138.0,138.0,False,24.66,Virginia,Mountain Road,hifld_nearest
9970,37.6226,-77.6106,15,138.0,138.0,False,24.66,Virginia,Bristow,hifld_pool
9971,37.7463,-77.5545,15,138.0,138.0,False,24.66,Virginia,Trask,hifld_pool
9972,37.6964,-77.4369,15,138.0,138.0,False,21.03,Virginia,Footville,hifld_pool
9973,37.6783,-77.3041,15,138.0,138.0,False,21.03,Virginia,Williamson,hifld_pool
9974,37.7176,-77.3,15,138.0,138.0,False,24.33,Virginia,Lost City,hifld_pool
9975,37.6565,-77.3156,15,345.0,1.0,False,28.19,Virginia,Whirlwind,hifld_pool
9976,37.6573,-77.228,15,138.0,138.0,False,30.2,Virginia,Old Church,hifld_nearest
9977,37.5697,-77.2792,15,138.0,138.0,False,38.3,Virginia,Del Rio,hifld_pool
9978,37.6474,-77.186,15,138.0,138.0,False,29.200000000000003,Virginia,Highway 22,hifld_pool
9979,37.8178,-77.6272,15,138.0,138.0,False,26.21,Virginia,East Astoria,hifld_pool
9980,37.6734,-77.5546,15,138.0,138.0,False,42.28,Virginia,Arriba,hifld_pool
9981,37.6355,-77.5719,15,138.0,138.0,False,25.81,Virginia,Holland Energy Facility,hifld_pool
9982,37.7119,-77.4686,15,138.0,138.0,False,39.37,Virginia,Elmont,hifld_nearest
9983,37.5947,-77.5245,15,138.0,138.0,False,37.15,Virginia,Running Springs,hifld_pool
9984,37.5895,-77.6063,15,138.0,138.0,False,27.84,Virginia,Beanblossom-Sw Sta,hifld_pool
9985,37.5254,-77.6311,15,138.0,138.0,False,24.94,Virginia,Dismal River,hifld_pool
9986,37.7094,-77.5743,15,138.0,138.0,False,26.42,Virginia,Loving South,hifld_pool
9987,37.6109,-77.4791,15,138.0,138.0,False,60.51,Virginia,Lakeside,hifld_nearest
9988,37.667,-77.4794,15,345.0,138.0,False,52.23,Virginia,Brick Church,hifld_pool
9989,37.67,-77.4477,15,138.0,138.0,False,26.42,Virginia,Hawkins Gate,hifld_pool
9990,37.5784,-77.3494,15,138.0,138.0,False,28.99,Virginia,Butte,hifld_pool
9991,37.5494,-77.5283,15,138.0,138.0,False,46.53,Virginia,Brookwood,hifld_pool
9992,37.6395,-77.4968,15,138.0,138.0,False,18.97,Virginia,Procal,hifld_pool
9993,37.6111,-77.4224,15,138.0,138.0,False,29.46,Virginia,Palm Valley,hifld_pool
9994,37.6023,-77.2907,15,138.0,138.0,False,50.5,Virginia,Rawhide,hifld_pool
9995,37.5464,-77.3574,15,138.0,138.0,False,33.36,Virginia,Northeast,hifld_nearest
9996,37.5351,-77.3262,15,138.0,138.0,False,29.46,Virginia,Kern Front,hifld_pool
9997,37.6178,-77.3954,15,138.0,138.0,False,54.37,Virginia,Nameless,hifld_pool
9998,37.5785,-77.2556,15,138.0,138.0,False,22.52,Virginia,Greenleaf,hifld_pool
9999,37.4563,-77.2528,15,138.0,138.0,False,24.81,Virginia,Elko,hifld_nearest
10000,37.1905,-77.2124,15,138.0,138.0,False,28.19,Virginia,Barland,hifld_pool
10001,37.2726,-77.2455,15,138.0,138.0,False,28.19,Virginia,Cogentrix,hifld_nearest
10002,37.2818,-77.3052,15,138.0,138.0,False,36.48,Virginia,Bigelow,hifld_pool
10003,37.2806,-77.1576,15,138.0,138.0,False,24.7,Virginia,Camino,hifld_pool
10004,36.8342,-76.9305,15,138.0,138.0,False,11.91,Virginia,Mercy Springs,hifld_pool
10005,36.9191,-76.8196,15,138.0,138.0,False,9.39,Virginia,Yuba Gold Fields,hifld_pool
10006,36.9666,-76.6825,15,138.0,138.0,False,26.7,Virginia,Smithfield,hifld_nearest
10007,36.9812,-76.634,15,138.0,138.0,False,13.35,Virginia,Olympia Heights,hifld_pool
10008,36.9969,-76.6876,15,138.0,138.0,False,14.31,Virginia,Calmat,hifld_pool
10009,36.825,-76.7401,15,138.0,138.0,False,9.63,Virginia,Windsor Dp,hifld_nearest
10010,36.8731,-76.7023,15,138.0,138.0,False,6.49,Virginia,Berkley Road,hifld_pool
10011,37.4301,-76.84,15,138.0,138.0,False,13.07,Virginia,Dyer Creek,hifld_pool
10012,37.4043,-76.9391,15,138.0,138.0,False,11.63,Virginia,Lanexa,hifld_nearest
10013,37.3284,-76.7742,15,138.0,138.0,False,36.22,Virginia,Lightfoot,hifld_nearest
10014,37.3528,-76.8064,15,345.0,1.0,False,66.14,Virginia,Toano,hifld_nearest
10015,37.3803,-76.6809,15,138.0,138.0,False,33.12,Virginia,Fox Hollow,hifld_pool
10016,38.2422,-77.2495,15,138.0,138.0,False,18.4,Virginia,Etna,hifld_pool
10017,38.2516,-77.1837,15,138.0,138.0,False,18.09,Virginia,Comorn Dp,hifld_nearest
10018,38.2272,-77.1772,15,138.0,138.0,False,19.0,Virginia,Bollman Tap 1,hifld_pool
10019,38.3273,-77.1636,15,138.0,138.0,False,19.62,Virginia,Maiden Finger Street,hifld_pool
10020,37.7896,-77.1047,15,138.0,138.0,False,7.74,Virginia,Ocoee 3,hifld_pool
10021,37.7448,-77.1641,15,138.0,138.0,False,14.82,Virginia,Nrg Rockford Ii Energy Center,hifld_pool
10022,37.5936,-76.8158,15,138.0,138.0,False,7.72,Virginia,Bobville,hifld_pool
10023,37.5719,-76.8892,15,138.0,138.0,False,13.47,Virginia,American Creek Capacitor Station,hifld_pool
10024,37.9446,-76.4658,15,138.0,138.0,False,7.81,Virginia,Morrison,hifld_pool
10025,37.8641,-76.361,15,138.0,138.0,False,21.64,Virginia,Santee,hifld_pool
10026,37.818,-76.5077,15,138.0,138.0,False,8.64,Virginia,Pearsall,hifld_pool
10027,37.7057,-76.4956,15,138.0,138.0,False,6.26,Virginia,Sisk,hifld_pool
10028,37.6891,-76.4059,15,138.0,138.0,False,25.53,Virginia,White Stone,hifld_nearest
10029,38.9317,-77.6214,15,138.0,138.0,False,11.65,Virginia,New Road,hifld_nearest
10030,38.9247,-77.5731,15,138.0,138.0,False,33.52,Virginia,Lockhart,hifld_pool
10031,38.9624,-77.5762,15,138.0,138.0,False,33.52,Virginia,Brambleton,hifld_nearest
10032,38.9844,-77.6358,15,138.0,138.0,False,21.87,Virginia,Eastgate,hifld_pool
10033,38.9393,-77.539,15,138.0,138.0,False,21.87,Virginia,Yardley Ridge,hifld_nearest
10034,39.133,-77.463,15,138.0,138.0,False,33.43,Virginia,Moore St,hifld_pool
10035,39.0914,-77.4164,15,138.0,138.0,False,65.28,Virginia,Santa Fe,hifld_pool
10036,39.0046,-77.5177,15,138.0,138.0,False,33.43,Virginia,Amarillo South,hifld_pool
10037,39.1135,-77.4535,15,138.0,138.0,False,33.43,Virginia,Spring Gap,hifld_pool
10038,38.977,-77.4713,15,138.0,138.0,False,33.43,Virginia,Arcogen,hifld_pool
10039,38.9805,-77.4967,15,138.0,138.0,False,19.27,Virginia,Greenway,hifld_nearest
10040,38.9373,-77.4449,15,138.0,138.0,False,35.78,Virginia,Haulover,hifld_pool
10041,38.8466,-77.5063,15,138.0,138.0,False,19.27,Virginia,Pleasant Valley,hifld_nearest
10042,38.9822,-77.5217,15,138.0,138.0,False,29.08,Virginia,Hickory St,hifld_pool
10043,39.0125,-77.6581,15,138.0,138.0,False,26.34,Virginia,Mejia Tap Ns Line,hifld_pool
10044,39.0875,-77.6646,15,138.0,138.0,False,23.76,Virginia,Lime Creek,hifld_pool
10045,39.1835,-77.5932,15,138.0,138.0,False,36.77,Virginia,Freestone,hifld_pool
10046,39.1433,-77.5202,15,138.0,138.0,False,20.99,Virginia,Leesburg,hifld_nearest
10047,39.183,-77.5419,15,138.0,138.0,False,28.74,Virginia,Chub Lake,hifld_pool
10048,39.1676,-77.5484,15,345.0,1.0,False,28.74,Virginia,Southaven,hifld_pool
10049,39.1572,-77.493,15,138.0,138.0,False,28.74,Virginia,Urich Tap,hifld_pool
10050,39.1924,-77.5635,15,138.0,138.0,False,28.74,Virginia,Leyendecker,hifld_pool
10051,39.2185,-77.5455,15,138.0,138.0,False,30.64,Virginia,White City,hifld_pool
10052,39.3215,-77.6244,15,138.0,138.0,False,9.28,Virginia,Knox-Florin,hifld_pool
10053,39.2833,-77.5418,15,138.0,138.0,False,14.13,Virginia,Doubs,hifld_nearest
10054,39.1558,-77.7413,15,138.0,138.0,False,18.6,Virginia,Hicks,hifld_pool
10055,39.2001,-77.7712,15,138.0,138.0,False,12.28,Virginia,Stoughton,hifld_pool
10056,39.1062,-77.7075,15,138.0,138.0,False,15.06,Virginia,R.D. Wells Interchange,hifld_pool
10057,39.202,-77.7195,15,138.0,138.0,False,12.28,Virginia,Wilson Dam,hifld_pool
10058,39.1615,-77.8098,15,138.0,138.0,False,18.47,Virginia,White Tanks Srp,hifld_pool
10059,39.0099,-77.4037,15,138.0,138.0,False,38.97,Virginia,Sterling Park,hifld_nearest
10060,39.055,-77.3999,15,138.0,138.0,False,29.16,Virginia,Pine Bend,hifld_pool
10061,38.9596,-77.4156,15,138.0,138.0,False,29.16,Virginia,Riteaid,hifld_pool
10062,39.0163,-77.4283,15,138.0,138.0,False,25.02,Virginia,Beco,hifld_nearest
10063,38.9567,-77.3155,15,138.0,138.0,False,52.54,Virginia,Hunter,hifld_nearest
10064,39.0911,-77.4847,15,138.0,138.0,False,50.03,Virginia,Pleasant View,hifld_nearest
10065,38.7482,-77.5842,15,138.0,138.0,False,36.9,Virginia,Pine Tree Acres,hifld_pool
10066,38.8703,-77.4746,15,138.0,138.0,False,28.79,Virginia,Cub-Run Dp,hifld_nearest
10067,38.7727,-77.5513,15,138.0,138.0,False,28.79,Virginia,Novec Paradise,hifld_nearest
10068,38.7906,-77.5035,15,138.0,138.0,False,28.79,Virginia,Usaa 1,hifld_pool
10069,38.8035,-77.528,15,138.0,138.0,False,33.89,Virginia,Patillas,hifld_pool
10070,38.7961,-77.4868,15,345.0,138.0,False,65.33,Virginia,Corners,hifld_pool
10071,38.8026,-77.557,15,138.0,138.0,False,33.89,Virginia,Wells Ic,hifld_pool
10072,38.7585,-77.4973,15,138.0,138.0,False,33.89,Virginia,Fletchers Ridge,hifld_pool
10073,38.7659,-77.4405,15,138.0,138.0,False,68.88,Virginia,West Garrard,hifld_pool
10074,38.8134,-77.3379,15,138.0,138.0,False,23.63,Virginia,Royse,hifld_pool
10075,38.6696,-77.3856,15,138.0,138.0,False,23.63,Virginia,Locust Valley,hifld_pool
10076,37.3739,-76.3391,15,138.0,138.0,False,10.01,Virginia,Sebastian,hifld_pool
10077,37.5174,-76.4494,15,138.0,138.0,False,13.72,Virginia,Norris City North,hifld_pool
10078,37.5473,-76.3103,15,138.0,1.0,False,12.59,Virginia,4602 Coamo,hifld_pool
10079,37.6683,-76.6768,15,138.0,138.0,False,7.73,Virginia,Kanaka,hifld_pool
10080,37.6114,-76.979,15,138.0,138.0,False,14.62,Virginia,Curran,hifld_pool
10081,37.5112,-77.1549,15,138.0,138.0,False,13.33,Virginia,Little Falls Mn,hifld_pool
10082,37.6112,-77.1189,15,138.0,138.0,False,9.95,Virginia,Vapor,hifld_pool
10083,37.2428,-76.4977,15,138.0,138.0,True,15.080000000000004,Virginia,Timp,hifld_pool
10084,37.1313,-76.4719,15,138.0,138.0,False,67.06,Virginia,Hylebos,hifld_pool
10085,37.0946,-76.5768,15,138.0,138.0,False,39.04,Virginia,Anatolia,hifld_pool
10086,37.1004,-76.5544,15,138.0,138.0,False,39.04,Virginia,Hughson,hifld_pool
10087,37.1527,-76.5375,15,138.0,138.0,False,39.18,Virginia,Fort Eustis,hifld_nearest
10088,37.0477,-76.4997,15,138.0,138.0,True,56.3,Virginia,Southampton,hifld_pool
10089,37.0987,-76.499,15,138.0,138.0,False,22.62,Virginia,Colony,hifld_nearest
10090,37.1956,-76.5745,15,138.0,138.0,False,38.52,Virginia,Dow,hifld_nearest
10091,37.0122,-76.5695,15,138.0,138.0,False,53.27,Virginia,Magdalena,hifld_pool
10092,37.0967,-76.4459,15,138.0,138.0,False,108.53,Virginia,Warwick,hifld_nearest
10093,37.0001,-76.5541,15,138.0,138.0,False,58.45,Virginia,Prince,hifld_pool
10094,36.9647,-76.4108,15,138.0,138.0,False,19.41,Virginia,Tamarisk,hifld_pool
10095,37.0631,-76.4537,15,138.0,138.0,False,38.66,Virginia,Vesper,hifld_pool
10096,36.9161,-76.3527,15,138.0,138.0,False,21.47,Virginia,Craney Island,hifld_nearest
10097,36.9416,-76.486,15,138.0,138.0,False,43.95,Virginia,Warner Pnm,hifld_pool
10098,36.8263,-76.2518,15,138.0,138.0,False,47.45,Virginia,Ruritan,hifld_nearest
10099,36.8649,-76.3642,15,138.0,138.0,False,75.25,Virginia,South Bellevue,hifld_pool
10100,36.8376,-76.4254,15,138.0,138.0,False,27.97,Virginia,Upalco,hifld_pool
10101,36.8736,-76.2375,15,138.0,138.0,False,76.38,Virginia,Schnitzer Steel,hifld_pool
10102,36.94,-76.3166,15,138.0,1.0,False,38.36,Virginia,Sewell'S Point,hifld_nearest
10103,36.9594,-76.3268,15,138.0,138.0,False,41.96,Virginia,Frio Town,hifld_pool
10104,36.8739,-76.3273,15,138.0,138.0,False,47.71,Virginia,S. Land Park & 35Th Ave,hifld_pool
10105,36.9568,-76.2968,15,138.0,138.0,False,25.27,Virginia,Monohans,hifld_pool
10106,37.0106,-76.2998,15,345.0,138.0,True,23.83999999999997,Virginia,Walmart Sc,hifld_pool
10107,37.0384,-76.2914,15,138.0,138.0,False,60.47,Virginia,Springbank,hifld_pool
10108,36.9069,-76.2579,15,138.0,138.0,False,26.4,Virginia,Thole Street,hifld_nearest
10109,36.8818,-76.2655,15,138.0,138.0,False,69.13,Virginia,North Madison 345138Kv,hifld_pool
10110,36.9305,-76.184,15,138.0,138.0,True,38.52000000000001,Virginia,Burton,hifld_nearest
10111,36.9476,-76.2579,15,138.0,138.0,False,22.66,Virginia,Alvey,hifld_pool
10112,37.3552,-75.9644,15,138.0,138.0,False,10.93,Virginia,Cherrydale Solar Power Facility,hifld_nearest
10113,37.1851,-75.9898,15,138.0,138.0,False,5.04,Virginia,Redhawk,hifld_pool
10114,37.2636,-75.9927,15,138.0,138.0,False,6.71,Virginia,Bayview,hifld_nearest
10115,37.5924,-75.9139,15,138.0,1.0,False,16.68,Virginia,Jolly Hill,hifld_pool
10116,38.1408,-76.5096,15,138.0,138.0,False,3.79,Virginia,Zeeland Farm Services,hifld_pool
10117,37.9206,-76.5928,15,138.0,138.0,False,6.46,Virginia,Holly Springs,hifld_pool
10118,38.3848,-77.7226,15,138.0,138.0,False,15.81,Virginia,Wilderness Dp,hifld_nearest
10119,38.2676,-77.7762,15,138.0,138.0,False,13.32,Virginia,Indrio,hifld_pool
10120,38.4266,-77.755,15,138.0,138.0,False,22.27,Virginia,Harris Lake,hifld_pool
10121,38.2728,-77.9209,15,138.0,138.0,False,8.07,Virginia,Yates Dam,hifld_pool
10122,38.2524,-78.0358,15,138.0,1.0,False,6.52,Virginia,Medtronic,hifld_pool
10123,37.1214,-76.3738,15,138.0,138.0,False,23.01,Virginia,Shipyard,hifld_pool
10124,37.1387,-76.3116,15,138.0,138.0,True,12.51,Virginia,Carlota,hifld_pool
10125,37.1615,-76.3443,15,138.0,138.0,False,12.51,Virginia,Cal City,hifld_pool
10126,36.8854,-76.4344,15,138.0,138.0,False,20.85,Virginia,Sonterra,hifld_pool
10127,36.8277,-76.358,15,138.0,138.0,False,73.56,Virginia,Ubc North Campus,hifld_pool
10128,36.783,-76.3858,15,345.0,138.0,False,31.2,Virginia,Princeton Mn,hifld_pool
10129,36.8332,-76.3713,15,138.0,138.0,False,53.22,Virginia,Churchland,hifld_nearest
10130,36.7757,-76.3062,15,138.0,138.0,False,19.44,Virginia,Elizabeth River Power Station,hifld_nearest
10131,36.7813,-76.4392,15,138.0,138.0,False,19.44,Virginia,Rec Shaw,hifld_pool
10132,36.8076,-76.3318,15,138.0,138.0,False,19.08,Virginia,Gosport,hifld_nearest
10133,37.0883,-77.1771,15,138.0,138.0,False,18.59,Virginia,Disputanta,hifld_nearest
10134,37.2323,-77.2645,15,138.0,138.0,False,11.2,Virginia,Clay Creek,hifld_pool
10135,37.1543,-77.1957,15,138.0,138.0,False,25.43,Virginia,Stover,hifld_pool
10136,37.2263,-77.3458,15,138.0,138.0,False,14.7,Virginia,Poe,hifld_nearest
10137,37.1927,-77.0282,15,138.0,138.0,False,5.57,Virginia,Northern Steel Casting,hifld_pool
10138,38.7141,-77.5633,15,138.0,138.0,False,22.01,Virginia,Marquette Energy Center,hifld_pool
10139,38.7845,-77.573,15,138.0,138.0,False,23.27,Virginia,Gainesville,hifld_nearest
10140,38.8013,-77.5797,15,138.0,138.0,False,22.01,Virginia,Caney Creek,hifld_pool
10141,38.5596,-77.3324,15,138.0,138.0,False,21.75,Virginia,Dumfries,hifld_nearest
10142,38.5524,-77.2831,15,138.0,138.0,False,28.12,Virginia,Bridle Trails,hifld_pool
10143,38.7998,-77.7274,15,138.0,138.0,False,25.83,Virginia,La Brea,hifld_pool
10144,38.728,-77.55,15,138.0,138.0,False,67.45,Virginia,Vmea Peaking Gen,hifld_nearest
10145,38.8975,-77.6044,15,138.0,138.0,False,25.22,Virginia,Arcola,hifld_nearest
10146,38.9976,-77.6096,15,138.0,138.0,False,15.3,Virginia,Southwest Research Institute,hifld_pool
10147,38.8412,-77.6919,15,138.0,138.0,False,19.42,Virginia,Calaveras 345,hifld_pool
10148,38.8992,-77.6681,15,138.0,138.0,False,33.16,Virginia,Otten,hifld_pool
10149,38.6329,-77.439,15,138.0,138.0,False,19.96,Virginia,Independent Hill D.P,hifld_nearest
10150,38.6992,-77.3924,15,138.0,138.0,False,39.91,Virginia,Cornelius,hifld_pool
10151,38.5558,-77.3983,15,138.0,138.0,False,37.88,Virginia,Harbour Pointe,hifld_pool
10152,38.5332,-77.4904,15,138.0,138.0,False,8.96,Virginia,Baseline,hifld_pool
10153,38.6263,-77.3641,15,138.0,138.0,False,58.57,Virginia,Oakdale Power Station,hifld_pool
10154,38.6161,-77.3997,15,138.0,138.0,False,45.14,Virginia,Elmer Smith,hifld_pool
10155,38.6748,-77.3469,15,345.0,138.0,False,79.17,Virginia,Rienzi,hifld_pool
10156,38.6212,-77.3907,15,138.0,138.0,False,45.14,Virginia,Dell Rapids,hifld_pool
10157,38.5894,-77.4258,15,138.0,138.0,False,45.14,Virginia,Plano,hifld_pool
10158,38.8014,-77.3563,15,138.0,138.0,False,62.11,Virginia,Wiccopee,hifld_pool
10159,38.6883,-77.2313,15,138.0,138.0,False,57.76,Virginia,Covanta Fairfax Energy,hifld_nearest
10160,38.6041,-77.3147,15,138.0,138.0,False,47.16,Virginia,Novec Country Club,hifld_nearest
10161,38.6659,-77.3334,15,138.0,138.0,False,33.0,Virginia,Lindendale D.P,hifld_nearest
10162,38.6385,-77.2304,15,138.0,138.0,False,51.01,Virginia,Keuka,hifld_pool
10163,38.6931,-77.3081,15,138.0,138.0,False,82.78,Virginia,Lakeridge,hifld_nearest
10164,38.6668,-77.1597,15,138.0,138.0,False,35.6,Virginia,Riverview,hifld_pool
10165,38.676,-77.299,15,138.0,138.0,False,35.6,Virginia,Entergy Station South,hifld_pool
10166,38.6341,-77.2979,15,138.0,138.0,False,35.6,Virginia,Novec Smoketown,hifld_nearest
10167,37.8236,-76.6684,15,138.0,138.0,False,8.46,Virginia,Edgehill,hifld_pool
10168,37.9136,-76.7408,15,138.0,138.0,False,8.04,Virginia,Middleburgh,hifld_pool
10169,37.9511,-76.7789,15,138.0,138.0,False,7.69,Virginia,Condon,hifld_pool
10170,37.8901,-76.8011,15,138.0,138.0,False,7.69,Virginia,Dunnsville,hifld_nearest
10171,37.5036,-77.5264,15,138.0,138.0,False,17.98,Virginia,Johnson Falls,hifld_pool
10172,37.5931,-77.412,15,138.0,138.0,False,46.34,Virginia,Luke Street,hifld_pool
10173,37.513,-77.379,15,138.0,138.0,False,27.46,Virginia,Richmond Energy,hifld_nearest
10174,37.5607,-77.468,15,138.0,138.0,False,27.46,Virginia,Roundtop,hifld_pool
10175,36.7435,-77.2122,15,138.0,138.0,False,8.15,Virginia,Laguna,hifld_pool
10176,36.6846,-77.2796,15,138.0,138.0,False,10.0,Virginia,Longfalls Facility,hifld_pool
10177,36.6874,-77.0561,15,138.0,138.0,False,15.35,Virginia,Willow,hifld_pool
10178,38.2573,-77.5412,15,138.0,138.0,False,33.97,Virginia,Chancellor,hifld_nearest
10179,38.1907,-77.5405,15,138.0,138.0,False,33.97,Virginia,Drayton,hifld_pool
10180,38.1688,-77.5814,15,138.0,138.0,False,33.97,Virginia,Lamar,hifld_pool
10181,38.243,-77.6422,15,138.0,138.0,False,48.32,Virginia,Todds Tavern Dp,hifld_nearest
10182,38.2877,-77.5518,15,138.0,138.0,False,33.97,Virginia,Youngcane,hifld_pool
10183,38.191,-77.6674,15,138.0,138.0,False,17.74,Virginia,Blackfoot,hifld_pool
10184,38.1087,-77.7187,15,138.0,138.0,False,20.62,Virginia,Vereda 3103,hifld_pool
10185,38.2062,-77.7077,15,138.0,138.0,False,14.86,Virginia,Edenville,hifld_pool
10186,38.0253,-77.7296,15,138.0,138.0,False,14.86,Virginia,Collierville Gate,hifld_pool
10187,38.2344,-77.5993,15,138.0,138.0,False,14.35,Virginia,Ni River Dp,hifld_nearest
10188,38.3,-77.7061,15,138.0,138.0,False,15.11,Virginia,Germann,hifld_pool
10189,38.3385,-77.4228,15,138.0,138.0,False,22.52,Virginia,Cranes Corner,hifld_nearest
10190,38.2116,-77.3827,15,138.0,138.0,False,27.83,Virginia,Stillwater,hifld_pool
10191,38.3774,-77.4138,15,138.0,138.0,False,22.52,Virginia,Jocassee,hifld_pool
10192,38.2607,-77.4018,15,138.0,138.0,False,22.52,Virginia,Lone Tree,hifld_pool
10193,38.4997,-77.5979,15,138.0,138.0,False,24.99,Virginia,Trans Bay Cable Facility,hifld_pool
10194,38.4822,-77.516,15,138.0,138.0,False,19.83,Virginia,North Butte,hifld_pool
10195,38.4484,-77.4841,15,138.0,138.0,False,19.83,Virginia,Garrisonville,hifld_nearest
10196,38.4304,-77.4757,15,138.0,138.0,False,35.87,Virginia,Blue Lagoon,hifld_pool
10197,38.517,-77.2901,15,138.0,138.0,False,45.23,Virginia,Dewing,hifld_pool
10198,38.5113,-77.3567,15,138.0,138.0,False,45.94,Virginia,Fuller Road,hifld_nearest
10199,38.3788,-77.3598,15,138.0,138.0,False,31.8,Virginia,Haines City,hifld_pool
10200,38.4325,-77.3316,15,138.0,138.0,False,31.8,Virginia,Havre Assinniboine,hifld_pool
10201,38.3957,-77.3807,15,138.0,138.0,False,31.8,Virginia,Roney,hifld_pool
10202,36.5783,-76.7616,15,138.0,138.0,False,4.41,Virginia,Kofa,hifld_pool
10203,36.7268,-76.5933,15,138.0,138.0,False,29.46,Virginia,Suffolk,hifld_nearest
10204,36.6722,-76.6123,15,138.0,138.0,False,29.46,Virginia,Spiritwood Station,hifld_pool
10205,36.7151,-76.5503,15,345.0,1.0,False,50.36,Virginia,Grayland,hifld_pool
10206,36.6257,-76.6464,15,138.0,138.0,False,35.08,Virginia,Waters,hifld_pool
10207,36.7424,-76.6696,15,138.0,138.0,False,35.95,Virginia,Myrtle,hifld_nearest
10208,36.9096,-76.3813,15,138.0,138.0,False,22.15,Virginia,Solway,hifld_pool
10209,36.8669,-76.6086,15,138.0,138.0,False,28.1,Virginia,Chuckatuck,hifld_nearest
10210,36.7882,-76.496,15,138.0,138.0,False,20.9,Virginia,Grantsville,hifld_pool
10211,36.9934,-77.1453,15,138.0,138.0,False,6.81,Virginia,High Springs,hifld_pool
10212,36.9395,-77.0743,15,138.0,138.0,False,11.41,Virginia,Bogue,hifld_pool
10213,36.7363,-76.1494,15,138.0,138.0,False,44.72,Virginia,Brandy Branch,hifld_pool
10214,36.7097,-76.2273,15,138.0,138.0,False,44.72,Virginia,Macho Springs,hifld_pool
10215,36.814,-76.187,15,138.0,138.0,False,44.72,Virginia,Greenwich,hifld_nearest
10216,36.7398,-76.1956,15,138.0,138.0,False,44.72,Virginia,Wilkins Slough,hifld_pool
10217,36.8776,-76.2171,15,138.0,138.0,False,104.72,Virginia,Diamond Springs,hifld_nearest
10218,36.854,-76.1791,15,138.0,138.0,False,56.44,Virginia,Davis,hifld_nearest
10219,36.8705,-76.1642,15,138.0,138.0,False,54.27,Virginia,Comox,hifld_pool
10220,36.7809,-76.1419,15,138.0,138.0,False,38.3,Virginia,Stumpy Lake,hifld_nearest
10221,36.7489,-76.1359,15,138.0,138.0,False,38.3,Virginia,Nugget,hifld_pool
10222,36.9162,-76.1184,15,138.0,138.0,False,80.95,Virginia,Fayette Plant 2,hifld_pool
10223,36.8589,-76.1146,15,138.0,138.0,False,43.22,Virginia,Thalia,hifld_nearest
10224,36.9282,-76.0416,15,138.0,138.0,False,29.63,Virginia,Potter Station 2,hifld_pool
10225,36.8767,-76.1483,15,138.0,138.0,False,45.6,Virginia,Orsted,hifld_pool
10226,36.8521,-76.0827,15,138.0,138.0,False,36.66,Virginia,Lynnhaven,hifld_nearest
10227,36.939,-76.2249,15,138.0,138.0,False,93.64,Virginia,Oakwood,hifld_nearest
10228,36.9147,-76.0661,15,345.0,138.0,False,37.78,Virginia,Seminole Electric Cooperative,hifld_pool
10229,36.7864,-76.0664,15,138.0,138.0,False,36.66,Virginia,Weed Junction,hifld_pool
10230,36.7592,-76.1554,15,138.0,138.0,False,68.67,Virginia,Pasadena,hifld_pool
10231,36.7524,-76.083,15,138.0,138.0,False,27.78,Virginia,Willow Glen 2,hifld_pool
10232,36.8058,-76.1415,15,138.0,138.0,False,27.78,Virginia,Green Run,hifld_nearest
10233,36.6631,-76.0434,15,138.0,138.0,False,27.78,Virginia,St. Martins,hifld_pool
10234,36.7429,-76.0549,15,138.0,138.0,False,27.78,Virginia,Sherbino I,hifld_pool
10235,36.6971,-76.1031,15,138.0,138.0,False,31.98,Virginia,4Th Avenue North,hifld_pool
10236,36.7726,-76.0543,15,138.0,138.0,False,31.98,Virginia,National,hifld_pool
10237,36.6347,-76.0063,15,138.0,138.0,False,31.98,Virginia,Upsco,hifld_pool
10238,36.7498,-75.9932,15,138.0,138.0,False,32.28,Virginia,Spencer Interchange,hifld_pool
10239,36.7239,-76.0172,15,138.0,138.0,False,36.69,Virginia,Puerrtorican Cement,hifld_pool
10240,36.8946,-75.987,15,138.0,138.0,False,39.5,Virginia,Burris Pit,hifld_pool
10241,36.8074,-76.0251,15,138.0,138.0,False,38.49,Virginia,Basf,hifld_pool
10242,36.8478,-75.9933,15,138.0,138.0,False,101.74,Virginia,Virginia Beach,hifld_nearest
10243,36.7713,-76.0708,15,138.0,138.0,False,37.25,Virginia,Landstown,hifld_nearest
10244,36.8088,-76.0523,15,138.0,138.0,False,38.49,Virginia,Evansville Muni,hifld_pool
10245,36.538,-76.0902,15,345.0,138.0,False,8.84,Virginia,Rosiere,hifld_pool
10246,36.7658,-76.0301,15,138.0,138.0,False,33.33,Virginia,London Bridge,hifld_nearest
10247,36.868,-75.9794,15,138.0,138.0,False,32.09,Virginia,Cherry,hifld_pool
10248,38.1284,-77.0001,15,138.0,138.0,False,10.9,Virginia,Tricou,hifld_pool
10249,38.0713,-76.925,15,138.0,138.0,True,23.17,Virginia,Ingleside,hifld_pool
10250,38.0645,-76.6853,15,138.0,138.0,False,9.51,Virginia,Kingston Station,hifld_pool
10251,38.1512,-76.7898,15,138.0,138.0,False,5.56,Virginia,Burns,hifld_pool
10252,38.0751,-76.81,15,138.0,138.0,False,5.56,Virginia,Ravalli,hifld_pool
10253,37.1687,-76.4858,15,138.0,138.0,False,18.71,Virginia,Seaford,hifld_nearest
10254,37.1855,-76.5379,15,138.0,138.0,False,14.56,Virginia,Ponnequin,hifld_pool
10255,37.2638,-76.4466,15,138.0,138.0,False,14.56,Virginia,Western Sugar Coop - Scottsbluff,hifld_pool
10256,37.1638,-76.4338,15,138.0,138.0,False,17.99,Virginia,Valley Home Tap 2,hifld_pool
10257,37.2089,-76.3946,15,138.0,138.0,True,30.83,Virginia,Redwood,hifld_pool
10258,37.2294,-77.5057,15,138.0,24.0,False,0.0,Virginia,Mccoy,hifld_pool
10259,37.8263,-77.4847,15,138.0,24.0,False,0.0,Virginia,Four Rivers,hifld_nearest
10260,37.2893,-77.2825,15,138.0,138.0,False,0.0,Virginia,Hopewell,hifld_nearest
10261,37.3143,-77.9765,15,138.0,18.0,False,0.0,Virginia,Nottoway Diesel Generating Facility,hifld_nearest
10262,38.4533,-77.9905,15,138.0,13.8,False,0.0,Virginia,Electric Avenue Facility,hifld_nearest
10263,37.2819,-75.9377,15,138.0,1.0,False,0.0,Virginia,Arcadia,hifld_pool
10264,37.8282,-77.4208,15,345.0,1.0,False,0.0,Virginia,Bear Island,hifld_nearest
10265,37.3533,-77.3914,15,345.0,13.8,False,0.0,Virginia,Geysers Tap 2,hifld_pool
10266,38.7533,-77.5095,15,138.0,1.0,False,0.0,Virginia,Dean Drive Area Electric Generators,hifld_nearest
10267,37.3503,-77.391,15,138.0,13.8,False,0.0,Virginia,Tyler,hifld_nearest
10268,38.0447,-77.8053,15,138.0,138.0,False,0.0,Virginia,Sharpe,hifld_pool
10269,36.7702,-76.2993,15,138.0,24.0,False,0.0,Virginia,Chesapeake Energy Center,hifld_nearest
10270,38.5152,-77.2952,15,138.0,13.8,False,0.0,Virginia,Quantico,hifld_nearest
10271,37.7936,-75.6135,15,138.0,138.0,False,0.0,Virginia,Central Beach,hifld_pool
10272,38.7504,-77.4882,15,138.0,138.0,False,0.0,Virginia,Prince William Dp,hifld_nearest
10273,36.6791,-77.5639,15,138.0,138.0,False,0.0,Virginia,Pacheco Wind Power,hifld_pool
10274,37.3407,-77.2909,15,138.0,13.8,False,0.0,Virginia,Philip Morris,hifld_nearest
10275,38.7704,-77.4516,15,138.0,1.0,False,0.0,Virginia,Battery Heights Dp,hifld_nearest
10276,37.6843,-77.6788,15,138.0,1.0,False,0.0,Virginia,Denny Terrace,hifld_pool
10277,38.5383,-77.2813,15,345.0,13.8,False,0.0,Virginia,Possum Point,hifld_nearest
10278,37.9351,-76.7132,15,345.0,138.0,False,0.0,Virginia,Northern Neck,hifld_nearest
10279,38.0749,-77.7834,15,345.0,13.8,False,0.0,Virginia,North Anna,hifld_nearest
10280,38.7109,-77.478,15,138.0,138.0,False,0.0,Virginia,New Albany,hifld_pool
10281,38.0991,-77.5446,15,345.0,13.8,False,0.0,Virginia,Jesse L Terry,hifld_pool
10282,37.5008,-77.423,15,138.0,13.8,False,0.0,Virginia,Manchester,hifld_nearest
10283,38.0042,-75.5587,15,345.0,1.0,False,0.0,Virginia,Commonwealth Chesapeake,hifld_nearest
10284,36.7325,-77.1328,15,138.0,138.0,False,0.0,Virginia,Butternut,hifld_pool
10285,37.1403,-76.6885,15,138.0,13.8,False,0.0,Virginia,Jennings Lodge,hifld_pool
10286,36.7648,-76.3228,15,138.0,13.8,False,0.0,Virginia,Pillar,hifld_pool
10287,36.6884,-76.939,15,138.0,22.0,False,0.0,Virginia,Gleneden,hifld_pool
10288,38.2847,-78.0299,15,138.0,138.0,False,0.0,Virginia,Merriam Park,hifld_pool
10289,38.5538,-77.2708,15,138.0,13.8,False,0.0,Virginia,Thorndike,hifld_pool
10290,38.2718,-77.295,15,345.0,24.0,False,0.0,Virginia,Birchwood,hifld_nearest
10291,38.5413,-77.7488,15,345.0,1.0,False,0.0,Virginia,Idalia,hifld_pool
10292,38.5495,-77.7471,15,138.0,13.8,False,0.0,Virginia,Harris Hydro,hifld_pool
10293,38.7251,-77.5029,15,138.0,1.0,False,0.0,Virginia,Clover Hill,hifld_nearest
10294,37.1971,-77.469,15,138.0,13.8,False,0.0,Virginia,Colville,hifld_pool
10295,37.1806,-76.6865,15,345.0,13.8,False,0.0,Virginia,Surry,hifld_nearest
10296,36.7203,-76.9541,15,138.0,13.8,False,0.0,Virginia,Coffeeville,hifld_pool
10297,36.6987,-76.9062,15,345.0,18.0,False,0.0,Virginia,Ag Reliant,hifld_pool
10298,37.7082,-75.7265,15,345.0,138.0,False,0.0,Virginia,Tasley,hifld_nearest
10299,37.1942,-76.4584,15,138.0,13.2,False,0.0,Virginia,Irvine,hifld_pool
10300,36.7531,-76.3084,15,138.0,13.8,False,0.0,Virginia,Mwd Etiwanda,hifld_pool
10301,37.2087,-76.4416,15,345.0,13.8,False,0.0,Virginia,Yorktown,hifld_nearest
10302,37.4926,-77.3836,15,138.0,138.0,False,0.0,Virginia,Lucky,hifld_pool
10303,38.7688,-77.486,15,138.0,138.0,False,0.0,Virginia,Woods Dp,hifld_nearest
10304,36.8776,-76.3553,15,138.0,138.0,False,0.0,Virginia,Lake Kingman,hifld_nearest
10305,37.1842,-76.6935,15,138.0,13.8,False,0.0,Virginia,Hilltop 230115Kv,hifld_pool
10306,38.72,-77.4565,15,138.0,138.0,False,0.0,Virginia,Comal,hifld_pool
10307,38.7779,-77.4702,15,138.0,13.8,False,0.0,Virginia,Cwec Dewey,hifld_pool
10308,37.3249,-77.2602,15,345.0,1.0,False,0.0,Virginia,Alpine,hifld_nearest
10309,37.4499,-77.4477,15,138.0,13.8,False,0.0,Virginia,Kevlar,hifld_nearest
10310,37.8502,-75.9963,15,138.0,138.0,True,0.0,Virginia,Tangier,hifld_nearest
10314,36.1905,-79.3849,16,345.0,345.0,True,0.0,North Carolina,Fork Pickett,hifld_pool
10344,35.3294,-76.8123,16,69.0,69.0,False,8.97,North Carolina,Mckenzie,hifld_pool
10345,35.5252,-76.8124,16,69.0,69.0,False,8.49,North Carolina,Crosstown Cascade,hifld_pool
10346,35.501,-76.4899,16,138.0,1.0,False,16.43,North Carolina,East Garden City,hifld_pool
10347,35.4799,-77.1547,16,69.0,69.0,False,13.08,North Carolina,Bay Branch Solar,hifld_nearest
10349,35.6511,-77.4665,16,138.0,138.0,True,0.0,North Carolina,Poudre,hifld_pool
10350,35.7237,-77.3159,16,69.0,69.0,True,0.0,North Carolina,Victory Way,hifld_pool
10352,35.6868,-76.6512,16,69.0,69.0,False,6.65,North Carolina,Blouder Park,hifld_pool
10353,35.33,-77.1524,16,138.0,69.0,False,25.45,North Carolina,Felt,hifld_pool
10354,35.6577,-77.0147,16,345.0,1.0,False,40.65,North Carolina,Greens Road,hifld_pool
10355,35.5853,-77.068,16,69.0,69.0,False,20.33,North Carolina,Mira Vista,hifld_pool
10356,35.5522,-77.0372,16,138.0,69.0,False,21.98,North Carolina,Tilton,hifld_pool
10357,35.7328,-77.0479,16,69.0,69.0,False,11.23,North Carolina,Indeck Olean Energy Center,hifld_pool
10358,35.8281,-76.97,16,138.0,1.0,False,20.08,North Carolina,Tollgate,hifld_pool
10359,35.8001,-77.1746,16,69.0,69.0,False,21.97,North Carolina,Asarco,hifld_pool
10360,35.8129,-77.038,16,69.0,69.0,False,11.23,North Carolina,Hothouse,hifld_pool
10361,36.3449,-76.9857,16,138.0,69.0,False,14.24,North Carolina,Nm Potash 2,hifld_pool
10362,36.3224,-76.9416,16,69.0,69.0,False,13.88,North Carolina,Ontonagon,hifld_pool
10363,36.2816,-77.005,16,69.0,69.0,False,15.79,North Carolina,Indian Harbour,hifld_pool
10364,36.2122,-77.1836,16,138.0,1.0,False,18.05,North Carolina,Fraley,hifld_pool
10365,36.2107,-76.8666,16,69.0,69.0,False,9.06,North Carolina,Escondido,hifld_pool
10366,36.0251,-77.159,16,69.0,69.0,False,8.84,North Carolina,Sharon,hifld_pool
10367,35.9884,-76.8609,16,138.0,138.0,False,20.55,North Carolina,Wyman Hydro,hifld_pool
10368,35.9531,-76.9108,16,69.0,69.0,False,10.28,North Carolina,Duffin,hifld_pool
10445,36.418,-76.1219,16,69.0,69.0,False,7.69,North Carolina,Tekoppel,hifld_pool
10446,36.2633,-76.2689,16,69.0,69.0,False,30.12,North Carolina,Barnhill Road Solar Llc,hifld_nearest
10447,36.2124,-76.3349,16,138.0,69.0,False,30.12,North Carolina,Cayucos,hifld_pool
10448,36.313,-76.2227,16,345.0,138.0,False,39.6,North Carolina,Dos Marinas 2003,hifld_pool
10449,36.286,-76.2117,16,69.0,69.0,False,30.12,North Carolina,Ladysmith Hydro,hifld_pool
10450,36.4662,-76.3073,16,69.0,69.0,False,10.21,North Carolina,Curtis,hifld_pool
10452,34.9221,-76.5769,16,69.0,69.0,True,0.0,North Carolina,Auberry 1,hifld_pool
10457,36.243,-79.0526,16,69.0,69.0,False,8.48,North Carolina,Las Mercedes 2403,hifld_pool
10495,36.0759,-76.6781,16,69.0,69.0,False,19.51,North Carolina,El Capitan,hifld_pool
10496,36.0745,-76.5539,16,69.0,69.0,False,12.39,North Carolina,Wind Ridge,hifld_pool
10497,36.1163,-76.5771,16,138.0,69.0,False,12.39,North Carolina,Parkers Lake,hifld_pool
10505,35.0181,-76.8521,16,69.0,69.0,False,11.69,North Carolina,Mapleton,hifld_pool
10511,35.0287,-77.1674,16,138.0,138.0,True,0.0,North Carolina,Pine Bluff East,hifld_pool
10512,35.1491,-76.9899,16,138.0,1.0,False,50.09,North Carolina,Antonito,hifld_pool
10513,35.1608,-77.1368,16,69.0,69.0,False,27.9,North Carolina,New Bern,hifld_nearest
10514,35.1277,-77.0263,16,69.0,69.0,False,21.4,North Carolina,Orcogen,hifld_pool
10515,35.0664,-77.0215,16,69.0,69.0,False,23.57,North Carolina,Santiago,hifld_pool
10516,35.0901,-76.9812,16,69.0,69.0,False,21.8,North Carolina,Longmont Powerplant,hifld_pool
10546,36.2203,-75.8934,16,69.0,69.0,False,18.93,North Carolina,Red Oak Electric,hifld_pool
10547,36.4175,-75.9626,16,69.0,69.0,False,12.35,North Carolina,Lallie,hifld_pool
10548,36.5046,-76.174,16,138.0,138.0,False,33.98,North Carolina,Summit Farms Solar,hifld_nearest
10551,35.9992,-75.7047,16,345.0,138.0,False,33.22,North Carolina,La Cienega,hifld_pool
10552,36.131,-75.7455,16,138.0,69.0,True,41.18,North Carolina,Landis Station,hifld_pool
10553,35.7358,-75.8859,16,69.0,69.0,False,3.47,North Carolina,Carrabelle,hifld_pool
10554,35.8478,-75.6227,16,138.0,138.0,True,32.010000000000005,North Carolina,Rock Island Dam,hifld_pool
10629,36.0697,-78.8113,16,138.0,138.0,True,0.0,North Carolina,Berry,hifld_pool
10639,36.1941,-78.8221,16,69.0,69.0,True,16.32,North Carolina,United Cogen Inc,hifld_pool
10640,35.7811,-77.651,16,69.0,69.0,False,20.41,North Carolina,Wendson,hifld_pool
10641,35.8586,-77.8518,16,138.0,138.0,True,0.0,North Carolina,Hudson Falls Hydroelectric Project,hifld_pool
10643,35.9471,-77.7264,16,138.0,138.0,False,53.29,North Carolina,Filer,hifld_pool
10644,35.9371,-77.4745,16,138.0,138.0,False,19.46,North Carolina,Dooley,hifld_pool
10645,35.8959,-77.4397,16,69.0,69.0,False,17.7,North Carolina,Us Hydro 9 & 10,hifld_pool
10646,35.8952,-77.5152,16,69.0,69.0,False,16.3,North Carolina,Samuels,hifld_pool
10647,35.9279,-77.5503,16,69.0,69.0,False,15.98,North Carolina,Winterhaven,hifld_pool
10648,36.1344,-77.6963,16,69.0,69.0,False,15.47,North Carolina,Little Rock,hifld_pool
10649,36.3327,-80.2553,16,138.0,138.0,True,0.0,North Carolina,Fern Ridge,hifld_pool
10656,36.3926,-79.9639,16,138.0,138.0,True,0.0,North Carolina,Independence,hifld_pool
10673,36.1394,-78.4915,16,69.0,69.0,True,0.0,North Carolina,Harrogate,hifld_pool
10674,36.1762,-78.4478,16,69.0,69.0,False,17.55,North Carolina,Midlothian,hifld_pool
10676,36.3583,-78.462,16,138.0,69.0,False,30.79,North Carolina,Pine Grove,hifld_pool
10677,36.3496,-78.3515,16,69.0,69.0,False,18.0,North Carolina,East Wooster,hifld_pool
10678,36.404,-78.3822,16,69.0,69.0,False,30.79,North Carolina,Diablo,hifld_pool
10679,36.3363,-78.309,16,69.0,69.0,False,18.0,North Carolina,Sanguinetti,hifld_pool
10681,36.0496,-78.2359,16,138.0,138.0,True,0.0,North Carolina,Fort Thompson,hifld_pool
10685,35.9983,-78.5885,16,345.0,345.0,True,0.0,North Carolina,Thermo Monfort,hifld_pool
10689,36.3242,-78.1597,16,138.0,69.0,False,18.45,North Carolina,Pilot Butte,hifld_pool
10690,36.2432,-78.0907,16,69.0,69.0,False,14.08,North Carolina,Kettle,hifld_pool
10694,36.4785,-76.7067,16,69.0,69.0,False,10.44,North Carolina,Useras,hifld_pool
10695,36.5176,-76.8814,16,69.0,69.0,False,8.6,North Carolina,Marathon Generating Plant,hifld_pool
10696,36.3381,-76.5955,16,138.0,138.0,False,17.15,North Carolina,Ghost Ranch,hifld_pool
10697,36.4405,-76.5158,16,69.0,69.0,False,7.17,North Carolina,Look Out,hifld_pool
10698,36.5805,-78.5923,16,69.0,69.0,False,4.09,North Carolina,Salinas River,hifld_pool
10700,36.2069,-78.6606,16,69.0,69.0,False,18.19,North Carolina,Cobble Mountain,hifld_pool
10701,36.149,-78.6327,16,69.0,69.0,False,12.17,North Carolina,East Avenue,hifld_pool
10703,36.3975,-78.6841,16,69.0,69.0,False,18.97,North Carolina,Wigwam,hifld_pool
10704,36.3407,-78.5943,16,69.0,69.0,False,18.69,North Carolina,Quantum Pasco Power Lp,hifld_pool
10705,36.3352,-78.6785,16,138.0,69.0,False,37.38,North Carolina,Giargulo,hifld_pool
10706,35.3676,-77.274,16,69.0,69.0,False,12.66,North Carolina,Marco,hifld_pool
10707,35.428,-77.3178,16,69.0,69.0,True,0.0,North Carolina,West Belt,hifld_pool
10712,35.4597,-77.719,16,345.0,345.0,True,0.0,North Carolina,Bunker Hill,hifld_pool
10713,35.6404,-77.703,16,69.0,69.0,True,0.0,North Carolina,Schrader,hifld_pool
10747,36.2059,-77.744,16,69.0,69.0,True,16.18,North Carolina,Paytes Dp,hifld_pool
10748,36.3087,-77.7312,16,69.0,69.0,False,8.09,North Carolina,Ralls,hifld_pool
10749,36.2783,-77.5299,16,69.0,69.0,False,15.7,North Carolina,Webber,hifld_pool
10750,36.4378,-77.9021,16,69.0,69.0,True,21.12,North Carolina,Scobie,hifld_pool
10751,36.3183,-77.8357,16,69.0,69.0,False,10.06,North Carolina,Coal Mtn,hifld_pool
10752,36.3632,-77.6545,16,138.0,69.0,False,46.65,North Carolina,Oakwind,hifld_pool
10753,36.3844,-77.7317,16,69.0,69.0,False,20.15,North Carolina,Belle Meade,hifld_pool
10754,36.4063,-77.7708,16,69.0,69.0,False,22.96,North Carolina,Union Oil,hifld_pool
10755,36.1863,-77.4148,16,69.0,69.0,True,14.79,North Carolina,Baxter,hifld_pool
10778,36.3912,-76.8924,16,69.0,69.0,False,9.16,North Carolina,Sub 10778,hifld_pool
10786,35.4754,-75.9956,16,69.0,69.0,True,4.369999999999999,North Carolina,San Luis,hifld_pool
10787,35.6231,-76.2678,16,69.0,69.0,False,5.05,North Carolina,Kaukauna,hifld_pool
10901,35.9409,-77.7615,16,69.0,69.0,True,0.0,North Carolina,Rocky Mount Mill,hifld_nearest
10902,36.0111,-77.8273,16,69.0,69.0,True,0.0,North Carolina,Nolichucky,hifld_pool
10928,36.3944,-77.1888,16,69.0,69.0,False,19.98,North Carolina,Brockway,hifld_pool
10929,36.3106,-77.4006,16,69.0,69.0,False,9.31,North Carolina,Weyerhaeuser Pine Hill Operations,hifld_pool
10930,36.4837,-77.3662,16,69.0,69.0,False,8.4,North Carolina,Planta De Cal,hifld_pool
10952,36.2636,-78.8974,16,69.0,69.0,False,20.49,North Carolina,Lost Horizon Tap,hifld_pool
10953,35.0981,-76.6549,16,69.0,69.0,False,14.76,North Carolina,Watts Bar Fossil,hifld_pool
10954,35.2643,-76.6586,16,69.0,69.0,False,7.2,North Carolina,Shredder,hifld_pool
10962,36.2116,-76.4621,16,69.0,69.0,False,27.61,North Carolina,Winfall,hifld_nearest
10963,36.1383,-76.3737,16,69.0,69.0,False,11.75,North Carolina,Floydada,hifld_pool
10964,36.3637,-78.927,16,69.0,69.0,False,11.26,North Carolina,Selma,hifld_pool
10965,36.3148,-78.8937,16,138.0,69.0,False,24.18,North Carolina,North Blacksburg,hifld_pool
10966,36.4366,-79.0561,16,69.0,69.0,False,20.86,North Carolina,Curecanti,hifld_pool
10967,36.5377,-78.9416,16,69.0,69.0,False,17.57,North Carolina,Pineville Delivery 1,hifld_pool
10968,36.5353,-78.8901,16,69.0,69.0,False,14.18,North Carolina,Mayo,hifld_nearest
10969,36.4714,-78.848,16,69.0,69.0,False,14.18,North Carolina,Pound,hifld_pool
10970,35.5418,-77.1584,16,69.0,69.0,True,33.03,North Carolina,A West Term,hifld_pool
10972,35.5469,-77.198,16,69.0,69.0,True,0.0,North Carolina,Howards Grove,hifld_pool
10974,35.5532,-77.2311,16,138.0,138.0,True,0.0,North Carolina,Kenneth,hifld_pool
10975,35.5426,-77.4223,16,345.0,345.0,True,346.47,North Carolina,Howard Lane,hifld_pool
11033,36.4778,-80.6732,16,345.0,345.0,True,0.0,North Carolina,Flewellen,hifld_pool
11035,36.3765,-80.606,16,138.0,138.0,True,0.0,North Carolina,Maple Leaf,hifld_pool
11047,35.883,-76.2623,16,138.0,138.0,False,18.36,North Carolina,Willow Lake,hifld_pool
11063,36.4207,-78.3323,16,345.0,138.0,False,26.77,North Carolina,South Oak Cliff,hifld_pool
11064,36.3901,-78.4395,16,69.0,69.0,False,14.98,North Carolina,Newberg,hifld_pool
11065,36.4075,-78.2659,16,69.0,69.0,False,10.57,North Carolina,Warrens,hifld_pool
11083,35.9593,-78.6794,16,69.0,69.0,True,0.0,North Carolina,Boise Bench,hifld_pool
11098,35.7614,-76.7574,16,69.0,69.0,False,11.49,North Carolina,Pickwick Landing Dam,hifld_pool
11099,35.8274,-76.7269,16,138.0,69.0,False,22.1,North Carolina,Trowbridge,hifld_nearest
11107,35.6596,-77.9275,16,345.0,345.0,True,0.0,North Carolina,Hot Springs,hifld_pool
11114,36.5072,-77.0346,16,345.0,1.0,False,15.8,North Carolina,South Pacheco,hifld_pool
11121,35.8882,-76.713,16,69.0,69.0,False,3.36,North Carolina,North Staunton,hifld_pool
11123,36.0621,-78.0355,16,138.0,138.0,True,6.189999999999998,North Carolina,Leprino,hifld_pool
11129,36.4481,-77.7274,16,69.0,69.0,False,4.28,North Carolina,Elmendorf,hifld_pool
11130,36.4829,-77.6562,16,345.0,13.2,False,12.48,North Carolina,Roanoke Rapids,hifld_nearest
11132,35.5164,-77.0762,16,69.0,13.8,False,14.52,North Carolina,Thermo,hifld_pool
11138,35.6819,-77.3814,16,69.0,69.0,True,0.0,North Carolina,Ozark Mahoning 2,hifld_pool
11140,35.8104,-77.3796,16,69.0,13.8,False,8.15,North Carolina,Counce,hifld_pool
11146,36.459,-79.0542,16,345.0,1.0,False,0.0,North Carolina,Person,hifld_nearest
11151,36.0017,-76.8915,16,69.0,18.0,False,0.0,North Carolina,Manawa,hifld_pool
11152,35.9826,-78.2802,16,69.0,69.0,True,0.0,North Carolina,North Union City,hifld_pool
11153,36.0218,-77.7688,16,345.0,138.0,False,0.0,North Carolina,Edgecombe Genco Llc,hifld_nearest
11154,36.5735,-78.9102,16,345.0,18.0,False,0.0,North Carolina,Mcclellan-Adc,hifld_pool
11157,36.1248,-77.4024,16,138.0,138.0,True,0.0,North Carolina,Scotland Neck,hifld_nearest
11158,35.4787,-76.8683,16,69.0,69.0,False,0.0,North Carolina,Eastside,hifld_pool
11159,36.4262,-78.9483,16,69.0,13.8,False,0.0,North Carolina,Cpi Usa Nc Roxboro,hifld_nearest
11174,36.3603,-79.8188,16,345.0,345.0,True,0.0,North Carolina,Okahumpka,hifld_pool
11181,36.4499,-77.6054,16,69.0,69.0,False,0.0,North Carolina,Roanoke Valley Energy Facility I,hifld_nearest
11185,36.2693,-78.3524,16,69.0,69.0,False,0.0,North Carolina,Cabrillo,hifld_pool
11189,36.1408,-77.235,16,69.0,69.0,False,0.0,North Carolina,Rowe Tap,hifld_pool
11190,36.3902,-78.1162,16,69.0,1.0,False,0.0,North Carolina,Tyrone Phelps Dodge,hifld_pool
11193,35.5505,-77.0543,16,69.0,13.8,False,0.0,North Carolina,Ridley Coal,hifld_pool
11197,36.4415,-77.6714,16,138.0,69.0,False,0.0,North Carolina,Rosemary Power Station,hifld_nearest
11198,36.4543,-77.6107,16,138.0,1.0,False,0.0,North Carolina,Bluemound,hifld_pool
11200,35.5246,-76.8545,16,138.0,1.0,False,0.0,North Carolina,Berwind,hifld_pool
11201,35.4497,-77.0885,16,69.0,69.0,False,0.0,North Carolina,Goosport,hifld_pool
11206,35.4687,-76.8169,16,69.0,69.0,False,0.0,North Carolina,Mayflower,hifld_pool
11209,36.514,-77.8011,16,345.0,1.0,False,0.0,North Carolina,Gaston,hifld_nearest
11213,36.2006,-78.9456,16,69.0,69.0,True,0.0,North Carolina,Heard,hifld_pool
11217,36.2963,-78.3876,16,69.0,13.8,False,0.0,North Carolina,Gaviota,hifld_pool
11218,36.4892,-79.7115,16,345.0,138.0,True,0.0,North Carolina,Dan River,hifld_nearest
11223,35.7741,-77.0449,16,69.0,69.0,False,0.0,North Carolina,Hillman Power Llc,hifld_pool
11224,35.874,-77.0705,16,69.0,20.0,False,0.0,North Carolina,Trona,hifld_pool
11249,36.5062,-81.1431,17,138.0,138.0,True,15.75,,St Francisville Mill,hifld_pool
11452,36.2333,-81.1541,17,345.0,345.0,True,0.0,,Balcones,hifld_pool
16156,36.5845,-84.099,26,138.0,138.0,True,0.0,Tennessee,Jellico,hifld_nearest
16159,36.4645,-84.2471,26,138.0,138.0,True,0.0,Tennessee,Contraband,hifld_pool
16160,36.5097,-83.8799,26,138.0,138.0,True,0.0,Tennessee,Dutton Pump,hifld_pool
16185,36.4456,-82.0913,26,138.0,138.0,True,75.22,Tennessee,Deihl,hifld_pool
16187,36.2723,-82.2808,26,138.0,138.0,True,113.34,Tennessee,Haskell Ave,hifld_pool
16188,36.4056,-82.2663,26,138.0,138.0,True,45.0,Tennessee,Tevis,hifld_pool
16190,36.2692,-82.3616,26,138.0,138.0,False,29.79,Tennessee,Key Largo,hifld_pool
16191,36.3724,-82.4455,26,138.0,138.0,False,32.24,Tennessee,Lake Mine,hifld_pool
16192,36.2236,-82.5085,26,138.0,138.0,False,29.79,Tennessee,Vilas,hifld_pool
16193,36.3753,-82.3652,26,138.0,138.0,False,80.67,Tennessee,North Johnson,hifld_nearest
16221,36.604,-85.4124,26,138.0,138.0,True,0.0,Tennessee,Kalum,hifld_pool
16370,36.6273,-85.1441,26,138.0,138.0,False,12.42,Tennessee,Thompson Falls,hifld_pool
16371,36.4867,-85.1548,26,138.0,138.0,True,0.0,Tennessee,Danville,hifld_pool
16409,36.3843,-83.3244,26,138.0,138.0,True,0.0,Tennessee,Green Ridge Services,hifld_pool
16413,36.3389,-83.1134,26,138.0,138.0,False,19.64,Tennessee,Alexander,hifld_pool
16415,36.2276,-82.709,26,138.0,138.0,True,0.0,Tennessee,Tusculum,hifld_nearest
16416,36.1544,-82.6331,26,138.0,138.0,False,9.94,Tennessee,Battlefield,hifld_pool
16419,36.2991,-82.9008,26,138.0,138.0,True,131.59,Tennessee,March Point,hifld_pool
16420,36.2591,-82.9957,26,138.0,138.0,True,21.090000000000003,Tennessee,Garden Corners,hifld_pool
16427,36.2364,-83.1637,26,138.0,138.0,True,0.0,Tennessee,Fancy Point,hifld_pool
16479,36.6386,-82.7433,26,138.0,138.0,False,17.34,Tennessee,Donaldson Creek,hifld_pool
16480,36.4282,-82.7738,26,138.0,138.0,False,17.34,Tennessee,Phillips Bend,hifld_nearest
16481,36.521,-82.7428,26,138.0,138.0,False,23.31,Tennessee,Pine Ridge,hifld_pool
16482,36.5101,-82.517,26,138.0,138.0,False,34.83,Tennessee,Bertwood,hifld_pool
16483,36.5481,-82.6346,26,138.0,138.0,False,40.8,Tennessee,East Millinocket Mill,hifld_pool
16484,36.5665,-82.6031,26,138.0,138.0,False,34.83,Tennessee,Cumberland 2,hifld_nearest
16485,36.5067,-82.5996,26,138.0,138.0,False,41.32,Tennessee,Cold Creek,hifld_pool
16486,36.5781,-82.823,26,138.0,138.0,False,10.69,Tennessee,Deedsville,hifld_pool
16487,36.4302,-82.9994,26,138.0,138.0,False,18.54,Tennessee,Rogersville,hifld_nearest
16488,36.487,-82.8829,26,138.0,138.0,False,23.26,Tennessee,Monsanto,hifld_pool
16489,36.4116,-82.9113,26,138.0,138.0,False,18.54,Tennessee,Montrose,hifld_pool
16490,36.4835,-82.9534,26,138.0,138.0,False,27.0,Tennessee,Mar,hifld_pool
16533,36.4881,-81.7634,26,138.0,138.0,True,1.61,Tennessee,Lakin Municipal,hifld_pool
16656,36.427,-84.7026,26,138.0,138.0,True,0.0,Tennessee,Southerland,hifld_pool
16714,36.6089,-84.6562,26,138.0,138.0,False,23.62,Tennessee,Cornville,hifld_pool
16715,36.5985,-84.3462,26,138.0,138.0,False,7.81,Tennessee,Rugby,hifld_pool
16802,36.492,-82.3526,26,138.0,138.0,False,24.73,Tennessee,Winona,hifld_pool
16803,36.5358,-82.1683,26,138.0,138.0,False,14.79,Tennessee,Rapids,hifld_pool
16804,36.4595,-82.2593,26,138.0,138.0,False,29.57,Tennessee,Sullivan,hifld_nearest
16805,36.5714,-82.0955,26,345.0,138.0,False,34.02,Tennessee,The Dalles,hifld_pool
16806,36.6252,-82.1519,26,138.0,138.0,False,34.02,Tennessee,North Bristol,hifld_nearest
16807,36.6999,-81.992,26,138.0,138.0,False,34.02,Tennessee,Friendswood,hifld_pool
16808,36.5873,-82.2322,26,138.0,138.0,False,34.02,Tennessee,Central Hudson Beacon,hifld_pool
16809,36.252,-82.5555,26,138.0,138.0,False,35.88,Tennessee,Rainsville,hifld_pool
16810,36.2293,-82.4592,26,138.0,138.0,False,24.0,Tennessee,Walters,hifld_nearest
16811,36.2313,-82.5687,26,345.0,345.0,False,35.88,Tennessee,Craig Road Limit,hifld_pool
16812,36.3003,-82.4586,26,138.0,138.0,False,26.44,Tennessee,Jonesborough,hifld_nearest
16813,36.494,-82.407,26,138.0,138.0,False,67.04,Tennessee,King City,hifld_pool
16814,36.4768,-82.4907,26,138.0,138.0,False,40.34,Tennessee,Monserate,hifld_pool
16815,36.4499,-82.4226,26,138.0,138.0,False,23.39,Tennessee,Boone Dam,hifld_nearest
16816,36.562,-82.5149,26,138.0,138.0,False,29.87,Tennessee,Short Hills,hifld_nearest
16817,36.6226,-82.5498,26,138.0,138.0,False,29.87,Tennessee,Bayport,hifld_pool
16831,36.17,-82.528,26,138.0,138.0,False,14.79,Tennessee,Arrowhead Lake,hifld_pool
16832,36.0824,-82.4947,26,138.0,138.0,True,0.0,Tennessee,Soquel,hifld_pool
16834,36.3874,-82.5798,26,138.0,138.0,False,29.81,Tennessee,Mitchell,hifld_nearest
16835,36.3992,-82.4181,26,138.0,138.0,False,27.49,Tennessee,Mooney,hifld_pool
16836,36.329,-82.4834,26,138.0,1.0,False,17.02,Tennessee,High Falls - Saranac Ny,hifld_pool
16866,36.1995,-83.5171,26,345.0,345.0,True,0.0,Tennessee,Cherokee Dam,hifld_nearest
16869,36.363,-82.1099,26,138.0,138.0,True,51.76,Tennessee,Wilbur Dam,hifld_nearest
16876,36.4165,-82.4663,26,345.0,1.0,False,0.0,Tennessee,Westboro,hifld_pool
16877,36.3622,-82.9596,26,345.0,13.8,False,0.0,Tennessee,John Sevier,hifld_nearest
16882,36.5523,-85.4506,26,345.0,345.0,True,0.0,Tennessee,Dale Hollow,hifld_nearest
16884,36.5257,-83.039,26,138.0,1.0,False,0.0,Tennessee,Riviera,hifld_pool
16888,36.5492,-82.5115,26,138.0,13.8,False,0.0,Tennessee,Pacificorp,hifld_pool
16889,36.3211,-82.1178,26,345.0,345.0,True,0.0,Tennessee,Watauga Dam,hifld_nearest
16895,36.497,-82.5945,26,345.0,345.0,False,0.0,Tennessee,Sullivan Gardens,hifld_nearest
16896,36.4934,-82.5234,26,138.0,138.0,False,0.0,Tennessee,Fort Patrick Henry,hifld_nearest
16913,37.0544,-85.34,27,138.0,138.0,False,17.53,Kentucky,Inskip,hifld_pool
16914,37.082,-85.2817,27,138.0,138.0,False,15.96,Kentucky,Smithtool,hifld_pool
16915,37.1656,-85.3964,27,138.0,138.0,False,15.96,Kentucky,Opp,hifld_pool
16916,37.1184,-85.3615,27,345.0,138.0,False,15.96,Kentucky,Cico,hifld_pool
16917,37.238,-85.1014,27,138.0,138.0,False,4.02,Kentucky,Frost Bridge,hifld_pool
16918,36.9794,-85.6231,27,138.0,138.0,True,18.86,Kentucky,Cf Novel Solar Csg Gardens Two Llc,hifld_pool
16919,37.0243,-85.5542,27,138.0,138.0,False,9.39,Kentucky,Calpine King Energy,hifld_pool
16920,37.3315,-85.1847,27,138.0,138.0,False,5.25,Kentucky,Monta Vista,hifld_pool
16921,37.2485,-85.4901,27,138.0,138.0,False,11.85,Kentucky,Biddeford Ip,hifld_pool
16922,37.2713,-85.5752,27,138.0,138.0,False,11.85,Kentucky,Eddy Ac-Dc-Ac Tie,hifld_pool
16923,37.2434,-85.5252,27,138.0,138.0,False,11.85,Kentucky,Raintree,hifld_pool
16924,37.3436,-85.0105,27,138.0,138.0,False,13.4,Kentucky,American,hifld_pool
16925,37.3093,-85.041,27,138.0,138.0,False,13.4,Kentucky,Sahtlam,hifld_pool
16926,37.2576,-84.9469,27,138.0,138.0,False,17.04,Kentucky,Smi,hifld_pool
16927,37.1245,-85.0436,27,138.0,138.0,False,18.84,Kentucky,Appleway,hifld_pool
16928,37.0904,-84.9872,27,138.0,138.0,False,17.79,Kentucky,Fennimore,hifld_pool
16929,37.0072,-85.0932,27,138.0,138.0,False,16.81,Kentucky,Vec Underhill,hifld_pool
16937,36.7819,-86.1416,27,138.0,138.0,True,0.0,Kentucky,Bear Mountain Terminal,hifld_pool
16941,37.9956,-84.8807,27,138.0,138.0,False,21.18,Kentucky,Mid City,hifld_pool
16942,38.0383,-84.9499,27,138.0,138.0,False,21.8,Kentucky,Clifton Creek Loafer,hifld_pool
16943,37.9672,-84.9696,27,138.0,138.0,False,21.18,Kentucky,Boomer Lake Station,hifld_pool
16944,37.9297,-84.9592,27,138.0,138.0,False,21.18,Kentucky,North Little Rock Levy,hifld_pool
16945,38.043,-85.0289,27,138.0,138.0,False,7.51,Kentucky,Us Ord Depot-Herlong,hifld_pool
16952,37.0543,-85.8998,27,138.0,138.0,False,10.95,Kentucky,Astra Wind Farm,hifld_pool
16953,37.1807,-85.9931,27,138.0,138.0,False,10.45,Kentucky,Ncpa 1&2,hifld_pool
16954,37.0888,-85.8272,27,138.0,138.0,False,9.21,Kentucky,Fratt,hifld_pool
16955,36.8739,-85.9587,27,138.0,138.0,False,35.96,Kentucky,Mcleansboro,hifld_pool
16956,36.9748,-85.9962,27,138.0,138.0,False,33.09,Kentucky,Glaslow,hifld_nearest
16957,36.9937,-85.9408,27,345.0,345.0,False,30.42,Kentucky,Denton North Interchange,hifld_pool
16958,36.9704,-85.9194,27,138.0,138.0,False,30.42,Kentucky,Juan Domingo 1903,hifld_pool
16959,37.3014,-85.926,27,138.0,138.0,False,7.01,Kentucky,Mtu,hifld_pool
16960,37.1542,-85.9132,27,138.0,138.0,True,0.0,Kentucky,Westrock Panama City Mill,hifld_pool
16961,37.1465,-85.8676,27,138.0,138.0,False,9.54,Kentucky,Fort Garland,hifld_pool
16964,36.8667,-85.679,27,138.0,138.0,False,11.03,Kentucky,Summer Shade,hifld_nearest
16967,38.0835,-83.9651,27,345.0,345.0,True,231.81000000000003,Kentucky,Victoria Hy,hifld_pool
16969,38.0325,-83.7284,27,138.0,138.0,False,3.25,Kentucky,Huntersville Delivery No 2,hifld_pool
16970,38.1936,-83.847,27,138.0,138.0,False,8.77,Kentucky,Graceville,hifld_pool
16971,38.1889,-83.8012,27,138.0,1.0,False,9.98,Kentucky,Kern River 3,hifld_pool
16972,38.154,-83.8208,27,138.0,138.0,False,8.77,Kentucky,Cartersville,hifld_pool
16973,38.0519,-83.5357,27,138.0,138.0,False,3.79,Kentucky,Corydon,hifld_pool
16974,38.1139,-83.606,27,138.0,138.0,False,8.8,Kentucky,South Batesville,hifld_pool
16975,38.265,-83.8096,27,138.0,138.0,False,4.55,Kentucky,Mckinley 6002,hifld_pool
16977,36.6675,-83.674,27,138.0,138.0,True,0.0,Kentucky,South Channel,hifld_pool
16978,36.7308,-83.6889,27,138.0,138.0,True,18.13,Kentucky,Woburn,hifld_pool
16979,36.7186,-83.5674,27,138.0,138.0,True,80.6,Kentucky,Hanks,hifld_pool
16980,36.6609,-83.795,27,138.0,138.0,True,14.49,Kentucky,Del Sol,hifld_pool
16981,36.6089,-83.7775,27,138.0,138.0,True,0.0,Kentucky,Niwot,hifld_pool
16982,36.7074,-83.8143,27,138.0,138.0,False,16.29,Kentucky,La Plata Mine,hifld_pool
16983,39.0232,-84.7939,27,138.0,138.0,False,25.1,Kentucky,Boeing Longacres,hifld_pool
16984,39.0589,-84.7252,27,138.0,138.0,False,22.63,Kentucky,Bullittsville,hifld_nearest
16985,39.0556,-84.8364,27,138.0,138.0,False,25.1,Kentucky,Tanners Creek,hifld_nearest
16986,38.9677,-84.8045,27,138.0,138.0,False,25.1,Kentucky,Saugerties,hifld_pool
16987,38.7863,-84.5791,27,138.0,138.0,False,16.84,Kentucky,Youngsville,hifld_pool
16988,39.0105,-84.4825,27,138.0,138.0,False,27.41,Kentucky,Number 43,hifld_pool
16989,38.9613,-84.635,27,138.0,138.0,False,27.41,Kentucky,Hickory Star,hifld_pool
16990,39.0837,-84.6616,27,138.0,138.0,False,27.41,Kentucky,Encina,hifld_pool
16991,38.9513,-84.5368,27,138.0,138.0,False,27.41,Kentucky,Richardson,hifld_nearest
16992,39.0371,-84.6593,27,138.0,100.0,False,40.07,Kentucky,Douglas Dam,hifld_pool
16993,38.9785,-84.6927,27,345.0,1.0,False,40.07,Kentucky,Ala-5,hifld_pool
16994,39.0457,-84.69,27,138.0,138.0,False,40.07,Kentucky,Big Cajun 1,hifld_pool
16995,38.998,-84.6348,27,138.0,138.0,False,80.15,Kentucky,Belle Plaine,hifld_pool
16996,39.1452,-84.6569,27,138.0,138.0,False,18.66,Kentucky,Santa Juanita-Canyon Fall,hifld_pool
16997,39.0986,-84.6253,27,138.0,138.0,False,18.66,Kentucky,Dearington,hifld_pool
16998,39.135,-84.6872,27,138.0,138.0,False,18.66,Kentucky,Bedford,hifld_pool
16999,38.8726,-84.7946,27,138.0,138.0,True,16.909999999999997,Kentucky,Commercial Metals,hifld_pool
17000,38.8897,-84.729,27,138.0,138.0,False,21.61,Kentucky,Timber,hifld_pool
17001,38.9158,-84.6839,27,138.0,138.0,False,21.61,Kentucky,Barstow,hifld_pool
17002,38.8374,-84.7585,27,138.0,138.0,False,16.92,Kentucky,Cortez,hifld_pool
17003,38.83,-84.5808,27,138.0,138.0,False,26.64,Kentucky,Ge3,hifld_pool
17004,38.9805,-84.6638,27,138.0,138.0,False,18.22,Kentucky,Thumsgen,hifld_pool
17005,38.8517,-84.5169,27,138.0,138.0,False,20.86,Kentucky,Manati 8404,hifld_pool
17006,38.3189,-84.0254,27,138.0,138.0,False,11.17,Kentucky,C D Mcintosh Jr,hifld_pool
17007,38.277,-83.9596,27,138.0,138.0,False,12.45,Kentucky,Union Center,hifld_pool
17008,38.426,-84.0928,27,138.0,138.0,False,13.13,Kentucky,Bradshaw-Grant Line,hifld_pool
17009,38.5014,-84.332,27,138.0,138.0,False,15.93,Kentucky,Burton Dam,hifld_pool
17010,38.3656,-84.3268,27,138.0,138.0,False,15.93,Kentucky,University Of Colorado,hifld_pool
17011,38.4665,-84.2391,27,138.0,138.0,False,19.65,Kentucky,Bladenboro Solar 2,hifld_pool
17012,38.4851,-84.3321,27,345.0,345.0,False,15.93,Kentucky,Mansfield,hifld_pool
17013,38.288,-84.6438,27,138.0,138.0,True,27.44,Kentucky,Kentucky Mills,hifld_pool
17014,38.3704,-84.5089,27,138.0,138.0,False,45.14,Kentucky,Corral,hifld_pool
17015,38.3061,-84.5325,27,138.0,138.0,False,41.45,Kentucky,Preacher Canyon,hifld_pool
17023,38.2228,-84.1457,27,138.0,138.0,True,0.0,Kentucky,Palo Alto,hifld_pool
17024,38.2719,-84.2464,27,138.0,138.0,False,18.27,Kentucky,Ryder,hifld_pool
17025,38.4157,-82.7244,27,138.0,138.0,False,18.8,Kentucky,Princess,hifld_nearest
17026,38.5242,-82.6773,27,138.0,138.0,False,20.97,Kentucky,Crown Road,hifld_pool
17027,38.4341,-82.6734,27,138.0,138.0,False,18.8,Kentucky,Walnut-Engle Tap,hifld_pool
17028,38.3805,-82.6356,27,138.0,138.0,False,18.8,Kentucky,Chadwick,hifld_nearest
17029,38.4364,-82.7293,27,345.0,1.0,False,32.82,Kentucky,Alibates,hifld_pool
17030,38.4109,-82.6881,27,138.0,138.0,False,21.77,Kentucky,Powhaton,hifld_pool
17031,38.4777,-82.6763,27,138.0,138.0,False,21.77,Kentucky,Oxnard,hifld_pool
17032,38.482,-82.7494,27,138.0,138.0,False,23.93,Kentucky,Forest Hills,hifld_pool
17033,38.2998,-82.6565,27,138.0,138.0,False,17.33,Kentucky,Marine Air Base,hifld_pool
17034,38.3129,-82.5891,27,138.0,138.0,False,13.26,Kentucky,Big Sandy Peaker Plant,hifld_nearest
17035,38.2739,-82.5696,27,138.0,138.0,False,13.26,Kentucky,Peebles,hifld_pool
17036,38.2587,-82.7759,27,138.0,138.0,False,8.7,Kentucky,Palaau Power,hifld_pool
17037,37.5751,-84.853,27,138.0,138.0,False,26.76,Kentucky,Strasburg,hifld_pool
17038,37.6817,-84.7646,27,138.0,138.0,True,27.14,Kentucky,Ocean Park,hifld_pool
17039,37.6892,-84.8795,27,138.0,138.0,False,24.34,Kentucky,Nebraska City 2,hifld_pool
17040,37.6624,-84.8507,27,138.0,138.0,False,27.14,Kentucky,Kimberly Clark,hifld_pool
17041,37.6053,-84.9474,27,138.0,138.0,False,5.39,Kentucky,North Creek,hifld_pool
17042,37.5541,-85.0307,27,138.0,138.0,False,5.26,Kentucky,68Th Street,hifld_pool
17043,38.7119,-83.9732,27,138.0,138.0,False,11.65,Kentucky,North Tower,hifld_pool
17044,38.6579,-83.9853,27,138.0,138.0,False,7.0,Kentucky,Llano Estacado,hifld_pool
17045,38.6191,-84.0958,27,138.0,138.0,False,5.51,Kentucky,Cooper Ranch,hifld_pool
17046,38.5509,-84.1169,27,138.0,138.0,False,11.05,Kentucky,Allston,hifld_pool
17047,38.6354,-84.34,27,138.0,138.0,False,9.71,Kentucky,Ocoee,hifld_pool
17048,38.613,-84.3188,27,138.0,138.0,False,9.71,Kentucky,West Ina,hifld_pool
17049,38.5674,-84.2981,27,138.0,138.0,False,9.71,Kentucky,Wheatland,hifld_pool
17050,38.8243,-84.2258,27,138.0,138.0,False,4.66,Kentucky,Carntown,hifld_nearest
17051,37.6085,-83.7391,27,138.0,138.0,False,13.16,Kentucky,Dixie Valley,hifld_pool
17052,37.5583,-83.6921,27,138.0,1.0,False,10.08,Kentucky,Norseal,hifld_pool
17053,37.5463,-83.8074,27,138.0,138.0,False,10.08,Kentucky,Covanta Lake County Energy,hifld_pool
17054,37.4116,-83.6677,27,138.0,138.0,False,21.95,Kentucky,Cow Creek,hifld_pool
17055,37.6705,-83.4823,27,138.0,138.0,False,9.77,Kentucky,Compton Road,hifld_pool
17056,37.7037,-83.5092,27,138.0,138.0,False,8.23,Kentucky,Happy Canyon,hifld_pool
17057,37.7581,-83.5444,27,138.0,138.0,False,10.14,Kentucky,Brookridge,hifld_pool
17058,37.4848,-83.2246,27,138.0,138.0,False,15.38,Kentucky,Knott,hifld_pool
17059,37.4152,-83.2807,27,138.0,138.0,False,22.01,Kentucky,Stirling,hifld_pool
17060,37.5343,-83.2142,27,138.0,138.0,False,15.33,Kentucky,Peaksview,hifld_pool
17071,37.4503,-86.2921,27,138.0,138.0,True,250.14,Kentucky,Marlow,hifld_pool
17072,37.4334,-86.3188,27,138.0,138.0,True,0.0,Kentucky,Acec Brooks,hifld_pool
17077,37.8465,-86.0907,27,345.0,345.0,True,0.0,Kentucky,Camosun,hifld_pool
17078,37.9205,-85.4568,27,138.0,138.0,False,14.5,Kentucky,Bloomfield,hifld_pool
17079,37.8592,-85.5048,27,138.0,138.0,False,7.18,Kentucky,Sycamore,hifld_pool
17080,37.8414,-85.8005,27,138.0,138.0,False,5.48,Kentucky,Hesperus,hifld_pool
17081,37.9747,-85.7621,27,138.0,138.0,False,8.14,Kentucky,Mainwaring,hifld_pool
17083,38.012,-85.6062,27,138.0,138.0,False,37.02,Kentucky,Las Lomas 1525,hifld_pool
17085,38.0459,-85.7028,27,138.0,138.0,False,72.46,Kentucky,Brooks,hifld_nearest
17093,38.0841,-85.4567,27,138.0,138.0,False,38.47,Kentucky,Franklin Square,hifld_pool
17094,37.9408,-85.5173,27,138.0,138.0,False,19.39,Kentucky,Burnt Church,hifld_pool
17095,38.0127,-85.4872,27,138.0,138.0,False,19.39,Kentucky,Fayetteville East,hifld_pool
17096,38.0585,-85.4582,27,138.0,138.0,False,19.39,Kentucky,Central Campus,hifld_pool
17097,38.0027,-85.507,27,138.0,138.0,False,19.39,Kentucky,Gwf 4,hifld_pool
17098,37.9644,-85.6517,27,138.0,138.0,False,32.89,Kentucky,Unionville City Of,hifld_pool
17099,38.0493,-85.6763,27,138.0,138.0,True,34.89,Kentucky,Poway,hifld_pool
17100,37.9764,-85.6418,27,138.0,138.0,False,32.81,Kentucky,Decatur Route 51,hifld_pool
17101,37.8945,-85.7098,27,138.0,138.0,False,38.37,Kentucky,Thermas,hifld_pool
17102,38.0989,-85.448,27,138.0,138.0,False,19.1,Kentucky,Euclidocwa,hifld_pool
17103,38.0253,-85.3669,27,138.0,1.0,False,20.22,Kentucky,Weldon,hifld_pool
17104,37.9549,-85.3516,27,138.0,138.0,False,19.25,Kentucky,Waterbury Generation,hifld_pool
17145,39.0208,-84.3052,27,138.0,138.0,False,28.3,Kentucky,Charleston,hifld_pool
17146,38.9424,-84.3365,27,138.0,138.0,False,16.45,Kentucky,North Oxford,hifld_pool
17147,38.8017,-84.364,27,138.0,138.0,False,22.38,Kentucky,Education,hifld_pool
17148,38.866,-84.4517,27,138.0,138.0,False,25.48,Kentucky,Lone Pine 2,hifld_pool
17149,38.7431,-84.314,27,138.0,138.0,False,8.26,Kentucky,Climax,hifld_pool
17150,38.8356,-84.3358,27,138.0,138.0,False,11.53,Kentucky,Spring Green,hifld_pool
17151,39.142,-84.4571,27,138.0,100.0,False,7.14,Kentucky,Babcock,hifld_pool
17152,39.202,-84.458,27,138.0,138.0,False,7.14,Kentucky,99 Islands,hifld_pool
17153,39.0805,-84.487,27,138.0,138.0,False,16.5,Kentucky,Fort Lancaster,hifld_pool
17154,39.0474,-84.3853,27,138.0,100.0,False,18.06,Kentucky,Hale,hifld_pool
17155,39.0976,-84.4874,27,138.0,138.0,False,33.74,Kentucky,Brittany Woods,hifld_pool
17156,39.0969,-84.4286,27,138.0,138.0,False,35.3,Kentucky,Acec Doylestown,hifld_pool
17157,39.0669,-84.5048,27,138.0,138.0,False,20.92,Kentucky,Bonwood,hifld_pool
17158,39.116,-84.5918,27,138.0,138.0,False,20.92,Kentucky,Station 140,hifld_pool
17159,39.0949,-84.522,27,138.0,138.0,False,20.92,Kentucky,Front,hifld_nearest
17160,39.0153,-84.5083,27,138.0,1.0,False,29.04,Kentucky,Carmenita,hifld_pool
17161,38.9061,-84.3651,27,138.0,138.0,False,27.72,Kentucky,Acec Sherwood,hifld_pool
17162,38.9831,-84.4055,27,138.0,138.0,False,17.48,Kentucky,Malibu,hifld_pool
17165,38.5593,-85.2964,27,138.0,138.0,False,7.57,Kentucky,Tolt,hifld_pool
17166,38.606,-85.4149,27,138.0,138.0,False,13.59,Kentucky,Lakefield Junction,hifld_pool
17167,38.5488,-85.1505,27,138.0,138.0,False,15.64,Kentucky,Tims Ford,hifld_pool
17168,38.6339,-85.1176,27,138.0,138.0,True,14.46,Kentucky,Foster Dam,hifld_pool
17169,38.6581,-85.1411,27,138.0,138.0,False,19.94,Kentucky,Fortistar North Tonawanda,hifld_pool
17170,38.6805,-85.3646,27,138.0,138.0,False,9.23,Kentucky,Biomass To Energy Facility Kauai,hifld_pool
17171,38.7307,-85.386,27,138.0,138.0,False,4.61,Kentucky,Clifty Creek,hifld_nearest
17172,38.6888,-84.966,27,138.0,138.0,False,7.9,Kentucky,Willow Creek,hifld_pool
17173,38.3321,-82.9878,27,138.0,138.0,False,19.55,Kentucky,Russ Ranch,hifld_pool
17174,38.3864,-83.0152,27,138.0,138.0,False,19.43,Kentucky,Se Polk,hifld_pool
17175,38.3213,-82.9585,27,138.0,138.0,False,21.2,Kentucky,Ten Mile,hifld_pool
17176,38.1419,-83.4146,27,138.0,138.0,False,20.38,Kentucky,Lore,hifld_pool
17177,38.2212,-83.3122,27,138.0,138.0,False,20.38,Kentucky,Auburn 2,hifld_pool
17178,38.2458,-83.3298,27,138.0,138.0,False,24.58,Kentucky,Nelson Cable,hifld_pool
17179,38.1414,-83.4337,27,345.0,138.0,False,24.58,Kentucky,Sapony,hifld_pool
17180,38.3743,-83.1678,27,138.0,138.0,False,17.54,Kentucky,Escanaba Steam Plant,hifld_pool
17181,38.2361,-83.1356,27,138.0,138.0,False,17.67,Kentucky,Warvue,hifld_pool
17182,38.367,-83.2362,27,138.0,138.0,False,18.23,Kentucky,Edgar,hifld_pool
17183,38.0626,-82.816,27,138.0,138.0,False,4.82,Kentucky,Blountstown,hifld_pool
17184,37.4918,-84.8525,27,138.0,138.0,False,10.88,Kentucky,Moshers,hifld_pool
17185,37.4008,-84.8358,27,138.0,138.0,False,8.08,Kentucky,Lenkurt,hifld_pool
17186,37.4224,-84.9215,27,138.0,138.0,False,6.59,Kentucky,Concord Sw Yd,hifld_pool
17187,37.3496,-84.72,27,138.0,138.0,False,11.64,Kentucky,Division Creek,hifld_pool
17207,37.8227,-84.3442,27,138.0,138.0,False,33.68,Kentucky,Laurinburg,hifld_pool
17208,37.9273,-84.5066,27,345.0,345.0,False,33.68,Kentucky,Formosa Plastics,hifld_pool
17209,37.8182,-84.4048,27,138.0,138.0,False,33.68,Kentucky,Elkhart Lake,hifld_pool
17210,37.8874,-84.4651,27,138.0,138.0,False,33.68,Kentucky,Seneca,hifld_pool
17211,37.9259,-84.1341,27,138.0,138.0,False,35.35,Kentucky,San Angelo Ben Ficklin,hifld_pool
17212,37.9547,-84.0416,27,138.0,138.0,False,35.35,Kentucky,3007 And 3015 Gautier Benitez,hifld_pool
17213,38.0305,-84.1786,27,138.0,138.0,True,131.53,Kentucky,Muddy Ranch,hifld_pool
17215,37.1394,-84.0885,27,138.0,138.0,False,21.93,Kentucky,Interchange,hifld_pool
17216,37.0605,-84.0672,27,138.0,138.0,False,21.93,Kentucky,Wolfcamp,hifld_pool
17217,37.127,-84.081,27,345.0,345.0,False,21.93,Kentucky,Buckeye Canada,hifld_pool
17218,37.1696,-84.1121,27,138.0,138.0,False,21.93,Kentucky,Complejo De Aguirre 230,hifld_pool
17219,37.0899,-84.0903,27,138.0,138.0,False,18.38,Kentucky,Butte Des Morts,hifld_pool
17220,37.0329,-84.1265,27,138.0,138.0,False,20.84,Kentucky,Grand Avenue,hifld_pool
17221,37.0305,-84.1103,27,138.0,138.0,False,20.53,Kentucky,Sharp,hifld_pool
17222,37.0166,-84.0679,27,138.0,138.0,False,22.82,Kentucky,Niagara,hifld_pool
17223,37.1686,-83.821,27,138.0,138.0,False,19.19,Kentucky,S O Purdom,hifld_pool
17224,37.1689,-83.8013,27,138.0,138.0,False,19.19,Kentucky,Capitol Heat And Power,hifld_pool
17225,37.1488,-83.6825,27,138.0,138.0,False,19.53,Kentucky,Bellview,hifld_pool
17226,37.1036,-83.7432,27,138.0,138.0,False,20.16,Kentucky,Carrollwood Village,hifld_pool
17227,37.2617,-83.5846,27,138.0,138.0,False,5.61,Kentucky,Gerald Eagle Electric,hifld_pool
17228,37.4018,-83.8433,27,138.0,138.0,False,6.5,Kentucky,Upland,hifld_pool
17229,36.8319,-84.9745,27,138.0,138.0,False,13.83,Kentucky,Richard M Flynn,hifld_pool
17230,36.6911,-85.0836,27,138.0,138.0,False,13.83,Kentucky,Oak Creek,hifld_pool
17231,36.8416,-85.0441,27,138.0,138.0,False,20.28,Kentucky,Cheney,hifld_pool
17232,36.7224,-85.3937,27,138.0,138.0,True,8.769999999999996,Kentucky,East Drainage Canal,hifld_pool
17233,36.7285,-85.3537,27,138.0,138.0,True,8.770000000000003,Kentucky,Avocado,hifld_pool
17234,36.8157,-85.3241,27,138.0,138.0,True,9.22999999999999,Kentucky,Sheldon Road,hifld_pool
17235,36.7036,-84.7879,27,138.0,138.0,False,20.12,Kentucky,George Neal North,hifld_pool
17236,36.934,-84.831,27,138.0,138.0,False,20.12,Kentucky,Skunk Creek,hifld_pool
17237,36.8411,-84.8134,27,138.0,138.0,False,20.12,Kentucky,Tumbler Ridge,hifld_pool
17238,36.8125,-84.7883,27,138.0,138.0,False,20.12,Kentucky,Phoenix,hifld_pool
17245,36.7325,-85.765,27,138.0,138.0,True,13.740000000000007,Kentucky,Las Acacias 6801 6802,hifld_pool
17246,36.6742,-85.5946,27,138.0,138.0,True,79.99000000000001,Kentucky,Danieltown,hifld_pool
17247,36.6399,-85.7133,27,138.0,138.0,True,0.0,Kentucky,Finley,hifld_pool
17271,38.0418,-83.1661,27,138.0,138.0,False,6.74,Kentucky,Dickinson,hifld_pool
17272,38.0719,-83.0933,27,138.0,138.0,False,10.46,Kentucky,Yarmouth,hifld_pool
17273,38.035,-83.1126,27,138.0,138.0,False,7.52,Kentucky,West Point Municipal,hifld_pool
17274,38.0021,-83.1696,27,138.0,138.0,False,15.31,Kentucky,Oak Harbor,hifld_pool
17275,37.8942,-83.2381,27,138.0,138.0,False,14.99,Kentucky,Madisonville,hifld_pool
17276,37.8636,-83.2788,27,138.0,138.0,False,14.68,Kentucky,Bonny Brook,hifld_pool
17277,37.7139,-84.0539,27,138.0,138.0,False,21.64,Kentucky,Batesville Generation Facility,hifld_pool
17278,37.8049,-84.0393,27,138.0,138.0,False,17.46,Kentucky,Grs C&C,hifld_pool
17279,37.7107,-83.9767,27,138.0,138.0,False,17.46,Kentucky,Blewett,hifld_pool
17281,37.9971,-84.5092,27,138.0,138.0,True,284.68,Kentucky,Nsp,hifld_pool
17283,38.0031,-84.4957,27,138.0,138.0,True,68.24000000000001,Kentucky,American Ave,hifld_nearest
17285,37.8929,-84.4986,27,138.0,138.0,False,28.07,Kentucky,Goward,hifld_pool
17296,38.1539,-84.5773,27,138.0,138.0,True,0.0,Kentucky,Declez,hifld_pool
17297,37.8909,-84.3186,27,138.0,138.0,True,0.0,Kentucky,Woodland Road,hifld_pool
17298,37.9379,-84.3071,27,138.0,138.0,False,32.44,Kentucky,Bay Hill,hifld_pool
17301,38.0439,-84.6196,27,345.0,345.0,True,287.79999999999995,Kentucky,Scappoose,hifld_pool
17302,38.0117,-84.5733,27,138.0,138.0,True,78.73,Kentucky,Lindgren,hifld_pool
17303,37.9174,-84.4408,27,138.0,138.0,False,19.58,Kentucky,Augusta,hifld_pool
17304,37.9751,-84.4807,27,138.0,138.0,True,123.25,Kentucky,Argyle Switch,hifld_pool
17305,37.9717,-84.4449,27,138.0,138.0,False,39.06,Kentucky,Schodack,hifld_pool
17308,38.4606,-83.9172,27,138.0,138.0,False,7.26,Kentucky,Lebec,hifld_pool
17309,38.4084,-83.9942,27,138.0,138.0,False,3.34,Kentucky,Sisquoc,hifld_pool
17310,38.374,-83.7777,27,138.0,138.0,False,9.87,Kentucky,Great Bend - Midwest Energy,hifld_pool
17311,38.4303,-83.787,27,138.0,138.0,False,12.91,Kentucky,Gaffney,hifld_pool
17312,38.4631,-83.7479,27,138.0,138.0,False,9.56,Kentucky,C W Tippy,hifld_pool
17313,38.2772,-83.6427,27,138.0,138.0,False,9.07,Kentucky,Mount Olive,hifld_pool
17314,38.6456,-83.8447,27,138.0,138.0,False,6.61,Kentucky,Narod,hifld_pool
17315,38.3339,-83.603,27,138.0,138.0,False,11.5,Kentucky,Westville,hifld_pool
17316,37.6027,-82.6663,27,138.0,138.0,False,7.77,Kentucky,Stanville,hifld_nearest
17317,37.4109,-82.7418,27,138.0,138.0,False,10.52,Kentucky,Beaver Creek,hifld_nearest
17318,37.428,-82.5879,27,138.0,138.0,False,12.06,Kentucky,North Mccamey,hifld_pool
17319,37.4847,-82.6667,27,138.0,1.0,False,15.8,Kentucky,Morgan Fork,hifld_nearest
17320,37.4915,-83.0492,27,138.0,138.0,False,7.04,Kentucky,Drop 5,hifld_pool
17321,37.5826,-82.8475,27,138.0,138.0,False,10.29,Kentucky,St. Helens,hifld_pool
17322,37.5507,-82.7443,27,138.0,138.0,False,12.93,Kentucky,Milwaukee County,hifld_pool
17323,37.5318,-82.8035,27,138.0,138.0,False,10.6,Kentucky,4 Ac Station,hifld_pool
17324,37.6433,-82.7365,27,138.0,138.0,False,17.92,Kentucky,Galion,hifld_pool
17325,37.5876,-82.7234,27,138.0,138.0,False,18.63,Kentucky,Bear Creek Dam,hifld_pool
17326,37.6343,-82.765,27,138.0,138.0,False,17.31,Kentucky,Grassland,hifld_pool
17327,37.7723,-82.7116,27,138.0,138.0,False,11.29,Kentucky,Dewey,hifld_nearest
17328,38.249,-84.894,27,345.0,138.0,False,39.75,Kentucky,Five Mile,hifld_pool
17330,38.219,-84.8732,27,138.0,138.0,True,96.02,Kentucky,Wheelabrator Westchester,hifld_pool
17332,38.2787,-84.8672,27,138.0,138.0,False,39.75,Kentucky,Kingsley Lake,hifld_pool
17334,38.3255,-84.7336,27,138.0,138.0,True,4.389999999999986,Kentucky,Cudahy,hifld_pool
17335,38.3336,-84.6405,27,138.0,138.0,False,8.79,Kentucky,Haines City East,hifld_pool
17344,38.7296,-84.8988,27,138.0,138.0,True,7.289999999999999,Kentucky,Latigo,hifld_pool
17345,38.7182,-84.8019,27,138.0,138.0,False,15.92,Kentucky,Socrates 19,hifld_pool
17346,37.6731,-84.2615,27,138.0,138.0,True,23.83,Kentucky,Wescup,hifld_pool
17347,37.6105,-84.336,27,138.0,1.0,False,24.69,Kentucky,Holder,hifld_pool
17348,37.62,-84.2464,27,138.0,138.0,False,28.88,Kentucky,Mosaic Co Tampa Facility,hifld_pool
17349,37.5549,-84.3485,27,138.0,138.0,False,23.83,Kentucky,Kaycee,hifld_pool
17350,37.4356,-84.4635,27,138.0,1.0,False,11.31,Kentucky,Chattanooga Pscc,hifld_pool
17351,37.512,-84.4645,27,138.0,138.0,False,6.18,Kentucky,Pechanga,hifld_pool
17352,37.4753,-84.4839,27,138.0,138.0,False,6.18,Kentucky,Lawrence Energy Center,hifld_pool
17353,37.6847,-84.5343,27,138.0,138.0,False,18.84,Kentucky,Cornuta,hifld_pool
17354,37.6958,-84.5848,27,138.0,138.0,False,18.84,Kentucky,Vierra,hifld_pool
17355,37.7178,-84.6072,27,138.0,138.0,False,19.54,Kentucky,South Sheboygan Falls,hifld_pool
17356,37.5417,-84.4139,27,138.0,138.0,False,13.37,Kentucky,Spinning Spur Iii,hifld_pool
17357,37.5229,-84.7081,27,138.0,138.0,False,15.66,Kentucky,North City,hifld_pool
17358,37.5965,-84.6869,27,138.0,138.0,False,15.52,Kentucky,Capistrano,hifld_pool
17359,37.4758,-84.6746,27,138.0,138.0,False,15.52,Kentucky,Sugarmill,hifld_pool
17360,38.4871,-84.4685,27,138.0,138.0,False,3.72,Kentucky,Araby,hifld_pool
17361,38.5708,-84.3953,27,138.0,138.0,False,3.72,Kentucky,Ponca City,hifld_pool
17362,38.5422,-84.6589,27,138.0,138.0,False,4.3,Kentucky,Francis And Cedar,hifld_pool
17363,38.3966,-84.602,27,138.0,138.0,False,7.99,Kentucky,Baxter Wilson,hifld_pool
17364,38.5553,-84.587,27,138.0,138.0,False,4.3,Kentucky,Brusbay,hifld_pool
17365,38.6581,-84.7219,27,138.0,138.0,False,14.7,Kentucky,Wilder,hifld_pool
17366,38.7318,-84.6983,27,138.0,138.0,False,14.42,Kentucky,Beneva,hifld_pool
17367,38.7662,-84.7134,27,138.0,138.0,False,28.72,Kentucky,Munk,hifld_nearest
17368,38.6323,-84.5601,27,138.0,138.0,False,9.82,Kentucky,Burnsville,hifld_pool
17369,38.6934,-84.5625,27,138.0,138.0,False,9.82,Kentucky,Nashua,hifld_pool
17370,38.6609,-84.5659,27,138.0,138.0,False,9.82,Kentucky,Columbus,hifld_pool
17385,37.2565,-85.3726,27,138.0,138.0,False,24.37,Kentucky,Yale,hifld_pool
17386,37.3665,-85.4504,27,138.0,138.0,False,24.37,Kentucky,Factory,hifld_pool
17387,37.4067,-85.4156,27,138.0,138.0,False,24.37,Kentucky,Webb,hifld_pool
17388,37.3915,-85.3121,27,138.0,138.0,False,24.56,Kentucky,Acacia,hifld_pool
17389,37.0489,-85.7159,27,138.0,138.0,False,5.05,Kentucky,Lime Saddle,hifld_pool
17390,37.2555,-85.6862,27,138.0,138.0,False,6.97,Kentucky,Monticello,hifld_pool
17391,37.4289,-85.7854,27,138.0,138.0,False,6.2,Kentucky,Harris Dam,hifld_pool
17392,37.3313,-85.6643,27,138.0,138.0,False,6.52,Kentucky,Fort Churchill,hifld_pool
17393,37.3728,-85.7126,27,138.0,138.0,False,4.72,Kentucky,Fort Myers,hifld_pool
17394,38.3631,-82.8531,27,138.0,138.0,False,3.04,Kentucky,Hilltop,hifld_pool
17395,38.5102,-82.728,27,138.0,138.0,False,18.21,Kentucky,Russell,hifld_nearest
17396,38.5039,-82.6638,27,138.0,138.0,False,11.06,Kentucky,Bellefonte,hifld_nearest
17397,38.4855,-83.1512,27,138.0,138.0,False,3.29,Kentucky,Yellowcake,hifld_pool
17398,38.5435,-83.0084,27,345.0,230.0,False,20.32,Kentucky,Austin Northeast,hifld_pool
17399,38.5414,-82.9654,27,138.0,138.0,False,16.22,Kentucky,Mountain Avenue,hifld_pool
17400,38.5707,-82.8244,27,138.0,138.0,False,16.22,Kentucky,Hibbert,hifld_pool
17401,38.5496,-82.727,27,138.0,138.0,False,9.32,Kentucky,Makalapa,hifld_pool
17402,38.588,-82.7868,27,138.0,138.0,False,7.16,Kentucky,Hanging Rock Energy Facility,hifld_nearest
17403,38.6992,-83.0242,27,138.0,138.0,False,5.46,Kentucky,Portsmouth,hifld_nearest
17404,38.6763,-82.9262,27,138.0,138.0,False,7.47,Kentucky,Sol,hifld_pool
17405,38.6319,-82.9711,27,138.0,138.0,False,17.67,Kentucky,Simon Fraser,hifld_pool
17411,37.6253,-85.8206,27,138.0,138.0,False,41.29,Kentucky,Ditmar,hifld_pool
17412,37.7794,-85.8581,27,138.0,138.0,False,38.65,Kentucky,Bellvue,hifld_pool
17413,37.6462,-85.8021,27,138.0,138.0,False,38.65,Kentucky,Bloomington,hifld_pool
17414,37.6762,-85.8925,27,138.0,138.0,False,38.65,Kentucky,Hardin,hifld_nearest
17415,37.692,-85.8409,27,345.0,345.0,False,38.65,Kentucky,Deferiet,hifld_pool
17417,37.918,-85.9133,27,138.0,138.0,True,0.0,Kentucky,Henry Creek,hifld_pool
17419,37.6749,-85.5196,27,138.0,138.0,False,7.1,Kentucky,Lake Blaine,hifld_pool
17420,37.7167,-85.4946,27,138.0,138.0,False,6.41,Kentucky,Parks,hifld_pool
17421,37.7608,-85.5542,27,138.0,138.0,False,11.94,Kentucky,Darien,hifld_pool
17422,37.8536,-85.8772,27,138.0,138.0,True,0.0,Kentucky,Grana 1907-1909,hifld_pool
17423,37.715,-85.8674,27,138.0,138.0,False,23.63,Kentucky,Raco,hifld_pool
17427,37.5005,-85.8867,27,138.0,138.0,False,7.25,Kentucky,Hiatus,hifld_pool
17428,37.555,-85.9554,27,138.0,138.0,False,6.29,Kentucky,Briar,hifld_pool
17429,37.5063,-85.9859,27,138.0,138.0,False,7.05,Kentucky,Bloomburg M.P,hifld_pool
17430,37.4346,-85.884,27,138.0,138.0,False,13.83,Kentucky,Pachmann,hifld_pool
17432,36.9104,-83.3741,27,138.0,138.0,False,8.93,Kentucky,Bettas Road,hifld_pool
17434,36.8369,-82.967,27,138.0,138.0,True,0.0,Kentucky,Santa Roas Downtown,hifld_pool
17435,36.9586,-82.9269,27,138.0,138.0,True,0.0,Kentucky,Lynch,hifld_nearest
17443,36.8619,-83.4411,27,138.0,138.0,False,9.95,Kentucky,Banning,hifld_pool
17444,38.3491,-84.408,27,138.0,138.0,False,3.69,Kentucky,Unimed,hifld_pool
17445,37.3584,-85.9507,27,138.0,138.0,False,7.81,Kentucky,Garrott,hifld_pool
17446,37.3779,-86.0131,27,138.0,138.0,False,17.77,Kentucky,Rosedale,hifld_pool
17454,38.3775,-85.1395,27,138.0,138.0,True,8.870000000000005,Kentucky,Colossus,hifld_pool
17455,38.3308,-85.1457,27,138.0,138.0,True,10.13,Kentucky,Joso,hifld_pool
17456,38.5092,-85.4727,27,138.0,138.0,True,24.460000000000008,Kentucky,Curry,hifld_pool
17457,38.3902,-85.3856,27,138.0,138.0,True,0.0,Kentucky,Bluegrass Generating Station,hifld_nearest
17458,38.5162,-85.4162,27,138.0,138.0,False,22.92,Kentucky,Hutchinson County,hifld_pool
17459,38.4816,-85.3696,27,138.0,138.0,True,26.02,Kentucky,Lee County Solid Waste Energy,hifld_pool
17460,38.492,-85.2813,27,138.0,138.0,False,9.17,Kentucky,Copper Ridge,hifld_pool
17461,38.4217,-85.0383,27,138.0,138.0,False,12.71,Kentucky,Acec Wild Rose Pump,hifld_pool
17462,38.2927,-85.0039,27,138.0,138.0,False,4.48,Kentucky,Jamacha,hifld_pool
17470,37.3346,-83.9441,27,138.0,138.0,False,10.78,Kentucky,Positronic,hifld_pool
17471,37.2708,-83.849,27,138.0,138.0,False,3.88,Kentucky,Las Cruces,hifld_pool
17472,37.4706,-84.0102,27,138.0,138.0,False,11.61,Kentucky,Hawaiian Comm & Sugar Puunene Mill,hifld_pool
17473,37.4942,-84.0653,27,138.0,138.0,False,23.68,Kentucky,Salt Fork Wind,hifld_pool
17521,38.0231,-85.6494,27,345.0,345.0,False,38.13,Kentucky,Tyee,hifld_pool
17541,38.309,-85.5816,27,230.0,230.0,True,0.0,Kentucky,Gulley Road,hifld_pool
17542,38.256,-85.4282,27,138.0,138.0,True,0.0,Kentucky,Crystal River,hifld_pool
17551,38.0993,-85.4816,27,345.0,138.0,True,836.09,Kentucky,La Fresa,hifld_pool
17556,37.838,-84.574,27,138.0,138.0,False,40.6,Kentucky,Hardy Reit,hifld_pool
17557,37.9289,-84.5555,27,138.0,138.0,True,125.03,Kentucky,Stetson Wind I,hifld_pool
17558,37.8348,-84.6544,27,138.0,138.0,False,40.6,Kentucky,Edgewood,hifld_pool
17559,37.8516,-84.6543,27,138.0,138.0,True,50.44999999999999,Kentucky,Coast,hifld_pool
17560,38.0511,-84.7533,27,138.0,138.0,True,69.73,Kentucky,Eagle Ford,hifld_pool
17561,37.9948,-84.7791,27,138.0,138.0,False,22.46,Kentucky,Rockdale,hifld_pool
17563,37.996,-84.7288,27,138.0,138.0,True,72.92,Kentucky,Cosby,hifld_pool
17564,37.8796,-84.6627,27,138.0,138.0,False,9.97,Kentucky,E. Fishkill,hifld_pool
17565,37.8606,-84.7225,27,138.0,138.0,False,9.85,Kentucky,Darfield Tap,hifld_pool
17566,38.0,-82.9349,27,138.0,138.0,False,7.45,Kentucky,Left Fork,hifld_nearest
17567,37.7092,-82.9137,27,138.0,138.0,False,6.49,Kentucky,Corson Station,hifld_pool
17568,37.7331,-82.827,27,138.0,138.0,False,17.03,Kentucky,Trashers,hifld_pool
17569,37.7886,-82.8234,27,138.0,138.0,False,11.52,Kentucky,Devils Den,hifld_pool
17570,37.8396,-82.8333,27,345.0,138.0,False,22.63,Kentucky,West Paintsville,hifld_nearest
17571,37.8912,-82.9151,27,138.0,138.0,False,11.5,Kentucky,Elsinore Tap,hifld_pool
17572,37.7951,-82.9809,27,138.0,138.0,False,9.06,Kentucky,Lark Ellen,hifld_pool
17573,39.04,-84.4867,27,138.0,138.0,False,42.45,Kentucky,Apline,hifld_pool
17574,39.0355,-84.6044,27,138.0,138.0,False,25.94,Kentucky,West Fork,hifld_pool
17575,39.0962,-84.5729,27,138.0,1.0,False,25.94,Kentucky,Riding And Receiving,hifld_pool
17576,39.1122,-84.4872,27,138.0,138.0,False,42.0,Kentucky,Magruder,hifld_pool
17577,39.0884,-84.5509,27,138.0,138.0,False,17.4,Kentucky,Gallatin Mo,hifld_pool
17578,39.1562,-84.5773,27,138.0,1.0,False,8.12,Kentucky,Wachtel-Oak,hifld_pool
17579,39.1306,-84.5415,27,138.0,138.0,False,39.04,Kentucky,Kiya,hifld_pool
17580,38.9404,-84.5331,27,138.0,138.0,False,78.07,Kentucky,Coachella City,hifld_pool
17581,39.0519,-84.6147,27,138.0,138.0,False,39.04,Kentucky,Hotchkiss,hifld_pool
17582,38.9015,-84.5752,27,138.0,138.0,False,31.38,Kentucky,Weyerhaeuser Co,hifld_pool
17583,38.9048,-84.5353,27,345.0,138.0,False,26.86,Kentucky,Badoura 230115 Kv,hifld_pool
17584,38.9917,-84.5269,27,138.0,138.0,False,26.86,Kentucky,Mwd Temescal,hifld_pool
17585,38.7745,-84.5277,27,138.0,138.0,False,32.15,Kentucky,Estes,hifld_pool
17586,39.003,-84.5053,27,138.0,138.0,False,22.48,Kentucky,White Tanks Aps,hifld_pool
17587,39.0308,-84.4597,27,138.0,138.0,False,20.92,Kentucky,Brigham Rd,hifld_pool
17588,38.9682,-84.4488,27,138.0,138.0,False,37.43,Kentucky,Jacinto,hifld_pool
17589,39.0485,-84.4358,27,138.0,138.0,False,20.92,Kentucky,Kidd No. 1,hifld_pool
17590,37.2938,-83.0124,27,138.0,138.0,False,16.03,Kentucky,Moulton,hifld_pool
17591,37.2192,-83.2222,27,138.0,138.0,False,23.8,Kentucky,Trading Post,hifld_pool
17592,37.2782,-83.1951,27,345.0,138.0,False,34.9,Kentucky,Bulan,hifld_nearest
17593,37.2675,-83.1546,27,138.0,138.0,False,19.4,Kentucky,Hazard,hifld_nearest
17594,37.4002,-83.0452,27,138.0,138.0,False,10.73,Kentucky,Harbert,hifld_nearest
17595,37.2972,-82.7491,27,138.0,138.0,False,8.59,Kentucky,Hausen Creek,hifld_pool
17596,37.4316,-82.9082,27,138.0,138.0,False,19.54,Kentucky,Consolidated Coal,hifld_nearest
17597,37.3631,-82.8361,27,138.0,138.0,False,11.4,Kentucky,Topmost,hifld_nearest
17598,36.8501,-83.88,27,138.0,138.0,True,15.870000000000005,Kentucky,Red Bank,hifld_pool
17599,36.8137,-83.8919,27,138.0,138.0,False,17.22,Kentucky,Station B,hifld_pool
17600,36.8759,-83.9967,27,138.0,138.0,False,27.58,Kentucky,Wildwood Mewd,hifld_pool
17601,36.8688,-83.7915,27,138.0,138.0,False,15.05,Kentucky,Selkirk,hifld_pool
17602,36.9129,-84.1951,27,138.0,138.0,False,29.57,Kentucky,Conair,hifld_pool
17603,36.9027,-84.2016,27,345.0,345.0,False,29.57,Kentucky,El Centro,hifld_pool
17604,36.9478,-84.1803,27,138.0,138.0,False,29.57,Kentucky,Solstice,hifld_pool
17605,36.8735,-84.2051,27,138.0,138.0,False,29.57,Kentucky,Tupman,hifld_pool
17606,36.9784,-83.5796,27,138.0,138.0,False,5.71,Kentucky,Irving Belt Line,hifld_pool
17607,36.8888,-83.6718,27,138.0,138.0,True,15.769999999999996,Kentucky,University Of Alaska Fairbanks,hifld_pool
17608,36.9591,-83.9007,27,138.0,138.0,False,14.61,Kentucky,Marble Tie,hifld_pool
17609,36.8154,-84.0336,27,138.0,138.0,False,6.77,Kentucky,Lake Serene,hifld_pool
17610,37.5495,-85.6696,27,138.0,138.0,False,24.77,Kentucky,Broadview,hifld_pool
17611,37.5129,-85.6082,27,138.0,138.0,False,17.98,Kentucky,Hillje,hifld_pool
17612,37.3542,-84.1405,27,138.0,138.0,False,10.17,Kentucky,Cordrey,hifld_pool
17613,37.305,-84.1005,27,138.0,138.0,False,7.33,Kentucky,Wayside,hifld_pool
17614,37.224,-84.1425,27,138.0,138.0,False,7.33,Kentucky,Smoky Hills,hifld_pool
17615,36.9818,-84.0437,27,138.0,138.0,False,10.72,Kentucky,Halona Pnm,hifld_pool
17616,38.0323,-82.6258,27,138.0,1.0,False,15.68,Kentucky,Current Creek,hifld_pool
17617,38.0264,-82.712,27,138.0,138.0,False,19.59,Kentucky,Kce Ny 1,hifld_pool
17618,38.1047,-82.6791,27,138.0,138.0,False,17.7,Kentucky,Busseyville,hifld_nearest
17619,37.2533,-83.4709,27,138.0,138.0,False,8.86,Kentucky,Tukwila Station,hifld_pool
17620,37.2086,-83.4546,27,138.0,138.0,False,6.11,Kentucky,Nickajack Dam,hifld_pool
17621,37.2136,-83.3613,27,138.0,138.0,False,8.93,Kentucky,Manis Road,hifld_pool
17623,37.1507,-83.3516,27,138.0,138.0,False,6.24,Kentucky,Leslie,hifld_nearest
17624,37.0439,-82.8358,27,138.0,138.0,False,5.02,Kentucky,Ovenfork,hifld_nearest
17625,37.1717,-82.5189,27,138.0,138.0,False,10.88,Kentucky,Taos,hifld_pool
17626,37.1697,-82.6889,27,345.0,345.0,False,15.0,Kentucky,Flora East,hifld_pool
17627,37.1919,-82.6383,27,138.0,138.0,False,10.01,Kentucky,E Dunkirk,hifld_pool
17628,37.1881,-82.958,27,138.0,138.0,False,11.11,Kentucky,Shawmut,hifld_pool
17629,37.0723,-82.6956,27,138.0,138.0,False,4.45,Kentucky,Hansford,hifld_pool
17630,37.1004,-82.8796,27,138.0,138.0,False,16.56,Kentucky,Rafter J,hifld_pool
17631,37.2138,-82.8585,27,138.0,138.0,False,21.69,Kentucky,Wapello,hifld_pool
17632,37.1392,-82.8547,27,138.0,138.0,False,14.65,Kentucky,Narrows,hifld_pool
17633,38.4584,-83.4794,27,138.0,138.0,False,3.03,Kentucky,Geysers Tap 3,hifld_pool
17634,38.5564,-83.6528,27,138.0,138.0,False,6.05,Kentucky,Amoco,hifld_pool
17635,38.5929,-83.497,27,138.0,138.0,False,10.5,Kentucky,Washington Street,hifld_pool
17636,38.5333,-83.2752,27,138.0,138.0,False,20.99,Kentucky,Villa Del Carmen,hifld_pool
17637,37.2401,-84.649,27,138.0,138.0,False,10.6,Kentucky,Laclede,hifld_pool
17638,37.2933,-84.682,27,138.0,138.0,False,9.53,Kentucky,Albreda Tans Mtn Tap,hifld_pool
17639,37.3796,-84.5314,27,138.0,138.0,False,24.15,Kentucky,Koda Biomass Plant,hifld_pool
17651,37.7225,-84.3298,27,138.0,138.0,True,44.76,Kentucky,Bayfront,hifld_pool
17652,37.7244,-84.3507,27,138.0,138.0,True,0.0,Kentucky,Lewiston Lower,hifld_pool
17653,37.7479,-84.3339,27,138.0,138.0,False,44.75,Kentucky,Pt Morett,hifld_pool
17654,37.8379,-84.3557,27,138.0,138.0,False,44.75,Kentucky,Jerome Prairie,hifld_pool
17655,37.7728,-84.3112,27,138.0,138.0,True,44.75,Kentucky,Fawkes,hifld_nearest
17656,37.7128,-84.1652,27,138.0,138.0,False,4.19,Kentucky,Howland Rd,hifld_pool
17657,37.7501,-83.0747,27,138.0,138.0,False,16.01,Kentucky,Willowbrook,hifld_pool
17658,37.6522,-83.074,27,138.0,138.0,False,17.63,Kentucky,Kooskia,hifld_pool
17659,37.7763,-83.0788,27,138.0,138.0,False,16.01,Kentucky,New Haven Harbor,hifld_pool
17660,37.5196,-85.2819,27,138.0,138.0,False,16.51,Kentucky,Berlin 5,hifld_pool
17661,37.5288,-85.3344,27,345.0,345.0,False,17.97,Kentucky,Shotgun Creek,hifld_pool
17662,37.4649,-85.1923,27,138.0,138.0,False,22.67,Kentucky,Hernando,hifld_pool
17663,37.6233,-85.393,27,138.0,138.0,False,12.21,Kentucky,Erin,hifld_pool
17664,37.5909,-85.542,27,138.0,138.0,False,4.94,Kentucky,Pocket North,hifld_pool
17665,37.7206,-85.2779,27,138.0,138.0,False,11.06,Kentucky,Lone Rock,hifld_pool
17666,37.6635,-85.1807,27,138.0,138.0,False,12.49,Kentucky,Holly Power Plant,hifld_pool
17667,37.7476,-85.1621,27,138.0,138.0,False,14.71,Kentucky,Cannonsburg,hifld_pool
17673,37.8382,-82.6272,27,138.0,138.0,False,10.32,Kentucky,Locusst,hifld_pool
17674,37.7658,-82.6228,27,138.0,138.0,False,12.81,Kentucky,Orick,hifld_pool
17675,37.7815,-82.5892,27,138.0,138.0,False,10.54,Kentucky,Greenacres,hifld_pool
17676,37.9082,-82.6973,27,138.0,138.0,False,9.0,Kentucky,International Paper Vicksburg Mill,hifld_pool
17677,37.8128,-82.4022,27,138.0,138.0,False,7.87,Kentucky,Lovely,hifld_nearest
17678,38.5893,-83.8096,27,138.0,138.0,False,19.02,Kentucky,Cedar Mountain,hifld_pool
17679,38.5042,-83.8178,27,138.0,138.0,False,21.44,Kentucky,Pines,hifld_pool
17680,38.5223,-83.7927,27,138.0,138.0,False,19.02,Kentucky,Randolph Road,hifld_pool
17691,36.8842,-84.4247,27,138.0,138.0,False,4.36,Kentucky,Zobel,hifld_pool
17692,36.687,-84.4118,27,138.0,138.0,False,13.82,Kentucky,Hortontown,hifld_pool
17693,36.6567,-84.4541,27,138.0,138.0,False,10.21,Kentucky,Mccreary County,hifld_nearest
17694,36.7231,-84.6152,27,138.0,138.0,False,10.92,Kentucky,Simpson Stuart Tap,hifld_pool
17695,36.6621,-84.5811,27,138.0,138.0,False,5.46,Kentucky,Lemon Gulch,hifld_pool
17696,36.5815,-84.3699,27,138.0,138.0,True,0.0,Kentucky,Larson,hifld_pool
17697,36.835,-84.465,27,138.0,138.0,False,6.17,Kentucky,Calistoga 199,hifld_pool
17698,36.8081,-84.5031,27,138.0,138.0,False,6.35,Kentucky,Leake,hifld_pool
17699,36.7545,-84.5477,27,138.0,138.0,False,6.73,Kentucky,Brokaw,hifld_pool
17701,36.6497,-84.1567,27,138.0,138.0,True,47.04,Kentucky,Mullin,hifld_pool
17702,36.7032,-84.2864,27,138.0,138.0,False,18.55,Kentucky,Warnerville,hifld_pool
17703,36.7653,-84.1817,27,138.0,138.0,False,18.55,Kentucky,Lapeer,hifld_pool
17709,37.9003,-83.7043,27,138.0,138.0,False,6.14,Kentucky,Mill C,hifld_pool
17710,37.9679,-83.5977,27,138.0,138.0,False,9.31,Kentucky,Henpeck,hifld_pool
17711,37.8125,-83.8619,27,138.0,138.0,False,8.84,Kentucky,Cwec Scandinavia,hifld_pool
17712,37.8217,-83.7401,27,138.0,1.0,False,9.51,Kentucky,Avon,hifld_pool
17713,37.7874,-83.7578,27,345.0,345.0,False,14.14,Kentucky,Saltery Bay,hifld_pool
17714,37.9205,-83.5258,27,138.0,138.0,False,11.66,Kentucky,Iron Mt,hifld_pool
17715,37.8227,-84.79,27,138.0,138.0,False,20.79,Kentucky,Marathon Electric,hifld_pool
17716,37.857,-84.9022,27,138.0,138.0,True,27.92000000000001,Kentucky,Split Rock,hifld_pool
17717,37.7397,-84.9383,27,138.0,138.0,False,20.09,Kentucky,State St,hifld_pool
17718,37.7286,-84.8985,27,138.0,138.0,False,19.38,Kentucky,Philo,hifld_pool
17720,37.9548,-83.8546,27,138.0,138.0,False,7.35,Kentucky,Chemolite,hifld_pool
17721,37.899,-83.9943,27,138.0,138.0,False,7.35,Kentucky,Crabb River Road,hifld_pool
17722,37.8754,-83.9119,27,138.0,138.0,False,7.35,Kentucky,Finley Point,hifld_pool
17723,37.8254,-83.3507,27,138.0,138.0,False,9.86,Kentucky,Carodean,hifld_pool
17734,37.7972,-85.4984,27,138.0,1.0,False,31.23,Kentucky,Butts,hifld_pool
17735,37.8049,-85.4102,27,138.0,138.0,False,32.29,Kentucky,Paul Sweet,hifld_pool
17736,37.8187,-85.542,27,345.0,138.0,False,56.63,Kentucky,Allings Crossing,hifld_pool
17737,37.9142,-85.2821,27,138.0,138.0,False,4.94,Kentucky,North Randolph,hifld_pool
17738,37.9925,-85.3312,27,138.0,138.0,False,6.97,Kentucky,Eagle Bend,hifld_pool
17739,37.9596,-85.196,27,138.0,138.0,False,10.88,Kentucky,Campo Fresco 2,hifld_pool
17746,38.2102,-85.4261,27,138.0,138.0,True,31.61,Kentucky,Snohomish Pud,hifld_pool
17748,38.2965,-85.376,27,138.0,138.0,False,7.21,Kentucky,Lucerne Park,hifld_pool
17749,38.5635,-84.9217,27,138.0,138.0,False,16.01,Kentucky,School Street,hifld_pool
17750,38.4367,-84.8741,27,138.0,138.0,False,19.15,Kentucky,Crawfordsville Power Plant,hifld_pool
17751,37.3379,-83.258,27,138.0,138.0,False,7.12,Kentucky,Lone Oak,hifld_pool
17752,37.1619,-83.1212,27,138.0,138.0,False,15.05,Kentucky,Scott Street,hifld_pool
17753,37.0978,-83.1781,27,138.0,138.0,False,10.89,Kentucky,Bailey,hifld_pool
17754,37.7499,-82.3487,27,138.0,138.0,False,6.01,Kentucky,Coulee Ave,hifld_pool
17755,37.7159,-82.4152,27,138.0,138.0,False,14.46,Kentucky,Fort Dodge,hifld_pool
17756,37.6553,-82.3138,27,138.0,138.0,False,14.99,Kentucky,Conoco South,hifld_pool
17757,37.2401,-82.3966,27,138.0,138.0,False,16.94,Kentucky,Cowan,hifld_pool
17758,37.3764,-82.404,27,138.0,138.0,False,11.01,Kentucky,Draffin,hifld_nearest
17759,37.5622,-82.244,27,138.0,138.0,False,9.17,Kentucky,Tom Watkins,hifld_nearest
17760,37.4901,-82.3029,27,138.0,138.0,False,14.94,Kentucky,Kimper,hifld_nearest
17761,37.4642,-82.0604,27,138.0,138.0,False,4.01,Kentucky,Boscobel Muni,hifld_pool
17762,37.4968,-82.1886,27,138.0,138.0,False,13.28,Kentucky,Coleman,hifld_nearest
17763,37.4156,-82.2844,27,138.0,138.0,False,14.98,Kentucky,Fishtrap,hifld_nearest
17764,37.5,-82.4846,27,345.0,138.0,False,46.71,Kentucky,Batavia Power Plant,hifld_pool
17765,37.4514,-82.4529,27,138.0,138.0,False,33.66,Kentucky,Tarzanastation U,hifld_pool
17766,37.5869,-82.491,27,138.0,138.0,False,26.41,Kentucky,Scott Branch,hifld_nearest
17767,37.3865,-82.4783,27,138.0,138.0,False,4.27,Kentucky,East Kingston,hifld_pool
17768,37.5542,-82.1234,27,138.0,138.0,False,10.82,Kentucky,Barrensh,hifld_nearest
17769,37.3137,-82.6653,27,138.0,138.0,False,8.96,Kentucky,Sunnyslope,hifld_pool
17770,37.2342,-82.6534,27,138.0,138.0,False,7.38,Kentucky,West Adamsville,hifld_pool
17771,37.3623,-82.7768,27,138.0,138.0,False,13.85,Kentucky,Scovill Rock,hifld_pool
17772,37.8479,-84.0238,27,138.0,138.0,False,7.88,Kentucky,Rhinelander Paper,hifld_pool
17773,37.9074,-83.8773,27,138.0,138.0,False,7.88,Kentucky,Copco 2,hifld_pool
17774,37.8384,-83.9557,27,138.0,138.0,False,7.88,Kentucky,Dixieland Prison,hifld_pool
17775,36.8902,-84.6429,27,138.0,138.0,False,11.69,Kentucky,Osgood,hifld_pool
17776,36.9483,-84.5727,27,138.0,138.0,False,5.34,Kentucky,Bennett,hifld_pool
17777,36.9636,-84.4798,27,138.0,138.0,False,6.359999999999999,Kentucky,Pitts,hifld_pool
17778,37.0542,-84.7559,27,138.0,138.0,False,7.81,Kentucky,Grafton,hifld_pool
17779,37.0609,-84.9274,27,138.0,138.0,False,8.79,Kentucky,Naselle,hifld_pool
17780,36.9931,-84.8935,27,138.0,138.0,False,7.81,Kentucky,Creedmoor,hifld_pool
17781,37.1294,-84.6827,27,138.0,138.0,False,7.06,Kentucky,Santiam,hifld_pool
17782,37.143,-84.7264,27,138.0,138.0,False,7.06,Kentucky,West County Energy Center,hifld_pool
17783,37.1394,-84.6169,27,138.0,138.0,False,7.06,Kentucky,New London Avenue,hifld_pool
17784,37.0598,-84.4844,27,138.0,138.0,False,17.64,Kentucky,Third & Hatch,hifld_pool
17785,37.0455,-84.4726,27,138.0,138.0,False,21.91,Kentucky,Lampson,hifld_pool
17786,37.0629,-84.4287,27,138.0,138.0,False,17.64,Kentucky,Rio Bravo,hifld_pool
17787,37.1155,-84.3896,27,138.0,138.0,False,17.64,Kentucky,Siletz,hifld_pool
17788,37.1196,-84.5521,27,345.0,138.0,False,24.02,Kentucky,Danish Creamery,hifld_pool
17789,37.1784,-84.5123,27,138.0,138.0,False,22.95,Kentucky,Beckham,hifld_pool
17790,37.1422,-84.5516,27,138.0,138.0,False,22.95,Kentucky,Ponchatoula,hifld_pool
17791,37.1394,-84.4655,27,138.0,138.0,False,22.95,Kentucky,Sub 17791,hifld_pool
17792,37.3741,-84.2322,27,138.0,138.0,False,20.41,Kentucky,Marshall Ford,hifld_pool
17793,37.3921,-84.2804,27,138.0,1.0,False,12.43,Kentucky,Quartz Hill,hifld_pool
17794,37.375,-84.315,27,138.0,138.0,False,13.94,Kentucky,Hauser-Cl,hifld_pool
17795,38.147,-83.3148,27,138.0,138.0,False,4.2,Kentucky,Golo,hifld_pool
17796,36.8129,-85.1489,27,138.0,138.0,False,6.79,Kentucky,Stone,hifld_pool
17797,36.9436,-85.1181,27,138.0,138.0,False,7.9,Kentucky,West Fairbault,hifld_pool
17798,38.2064,-85.1577,27,138.0,138.0,True,36.55,Kentucky,Nashoba,hifld_pool
17799,38.246,-85.2164,27,138.0,138.0,False,30.94,Kentucky,Starr Rd,hifld_pool
17800,38.2794,-85.2462,27,138.0,138.0,False,28.1,Kentucky,Comfort,hifld_pool
17801,38.3178,-85.2093,27,138.0,138.0,False,28.1,Kentucky,Egan,hifld_pool
17802,38.309,-85.3143,27,138.0,138.0,False,6.84,Kentucky,Hot Spring Generating Facility,hifld_pool
17803,38.1702,-85.3465,27,138.0,138.0,True,0.0,Kentucky,Preston Mn,hifld_pool
17804,38.2299,-85.3115,27,138.0,138.0,False,6.84,Kentucky,Oak St,hifld_pool
17808,36.8241,-86.4344,27,345.0,345.0,True,0.0,Kentucky,Pala,hifld_pool
17826,37.8489,-85.1769,27,138.0,138.0,False,6.59,Kentucky,Tuller Hill,hifld_pool
17834,38.6609,-85.4266,27,345.0,13.8,False,0.0,Kentucky,Mcclellan Ar,hifld_pool
17835,37.9132,-84.0818,27,345.0,13.2,False,0.0,Kentucky,J K Smith,hifld_nearest
17836,37.7862,-84.7122,27,138.0,138.0,True,0.0,Kentucky,Dix Dam,hifld_nearest
17837,37.7685,-84.728,27,345.0,345.0,True,0.0,Kentucky,Santa Rita,hifld_pool
17841,38.6916,-83.8245,27,345.0,13.8,False,0.0,Kentucky,West Ravenna,hifld_pool
17843,38.1718,-82.5944,27,345.0,13.8,False,0.0,Kentucky,Hubbardstown,hifld_nearest
17846,37.8173,-84.7192,27,138.0,138.0,True,0.0,Kentucky,E W Brown,hifld_nearest
17847,37.7902,-84.6716,27,345.0,13.2,False,0.0,Kentucky,Port Ewards,hifld_pool
17850,38.903,-84.8233,27,345.0,13.8,False,0.0,Kentucky,Red Mesa,hifld_pool
17852,38.5938,-85.4338,27,345.0,138.0,True,0.0,Kentucky,Trimble County Station,hifld_nearest
17856,37.8926,-84.2786,27,345.0,345.0,True,357.29,Kentucky,Dale,hifld_nearest
17857,36.9918,-84.6377,27,345.0,13.8,False,0.0,Kentucky,Cooper,hifld_nearest
17860,38.1838,-82.6202,27,345.0,18.0,False,0.0,Kentucky,Baker,hifld_nearest
17862,38.7582,-85.0444,27,138.0,138.0,True,0.0,Kentucky,Ghent Station,hifld_nearest
17865,36.9692,-84.2657,27,138.0,138.0,False,0.0,Kentucky,Laurel Dam,hifld_nearest
17866,38.2068,-84.2796,27,138.0,138.0,True,0.0,Kentucky,Paris Ky,hifld_nearest
17868,36.8801,-85.1533,27,345.0,13.8,False,0.0,Kentucky,Wolf Creek,hifld_nearest
17871,38.9643,-79.9939,28,138.0,138.0,False,8.57,West Virginia,Delight,hifld_pool
17872,39.0772,-79.8902,28,138.0,138.0,False,7.21,West Virginia,Bluff Point Wind Facility,hifld_pool
17873,39.0266,-80.0291,28,138.0,138.0,False,6.22,West Virginia,Coyote,hifld_pool
17874,39.2723,-80.1965,28,138.0,138.0,False,15.56,West Virginia,Middlebury,hifld_pool
17875,39.2692,-80.1847,28,138.0,138.0,False,14.19,West Virginia,East Manhattan,hifld_pool
17876,39.3793,-80.2972,28,138.0,138.0,False,15.59,West Virginia,Ketchum,hifld_pool
17877,39.0615,-80.0927,28,138.0,138.0,False,14.58,West Virginia,Cawelo B,hifld_pool
17878,39.036,-80.2064,28,138.0,138.0,False,14.58,West Virginia,San Angelo Red Creek,hifld_pool
17879,39.0534,-80.1899,28,345.0,345.0,False,15.31,West Virginia,Wallingford,hifld_pool
17880,39.0536,-80.213,28,138.0,138.0,False,14.58,West Virginia,Gaines Co,hifld_pool
17881,39.3103,-80.1352,28,138.0,138.0,False,4.71,West Virginia,Mammoth,hifld_pool
17882,39.2851,-79.8734,28,138.0,138.0,False,3.31,West Virginia,Arch Creek,hifld_pool
17883,39.1232,-79.7582,28,138.0,138.0,False,2.76,West Virginia,Idaho Falls,hifld_pool
17884,38.9978,-79.9309,28,138.0,138.0,False,2.66,West Virginia,Kraft,hifld_pool
17885,39.1095,-79.9571,28,138.0,138.0,False,8.59,West Virginia,Mcclelland,hifld_pool
17886,39.2548,-80.1681,28,138.0,138.0,False,9.91,West Virginia,Greenstone,hifld_pool
17887,39.1666,-80.0433,28,138.0,138.0,False,7.66,West Virginia,Mike Donteen,hifld_pool
17888,39.3585,-79.9739,28,138.0,138.0,False,3.26,West Virginia,Hecata,hifld_pool
17889,39.1287,-80.1258,28,138.0,138.0,False,1.55,West Virginia,Heskett,hifld_pool
17890,39.2872,-78.123,28,138.0,138.0,False,7.41,West Virginia,Three Lakes,hifld_pool
17891,39.2594,-77.9452,28,138.0,138.0,False,7.41,West Virginia,Folsom,hifld_pool
17892,39.3221,-78.078,28,138.0,138.0,False,7.41,West Virginia,Kenova,hifld_pool
17893,39.5697,-77.9501,28,138.0,138.0,False,9.13,West Virginia,Yorkshire,hifld_pool
17894,39.5575,-77.8752,28,138.0,138.0,False,9.13,West Virginia,Nipetown,hifld_nearest
17895,39.5709,-77.935,28,138.0,138.0,False,9.13,West Virginia,Horn Lake,hifld_pool
17896,39.3902,-78.1289,28,138.0,138.0,False,3.97,West Virginia,Greens Bayou 69,hifld_pool
17897,39.3871,-78.0872,28,138.0,138.0,False,3.97,West Virginia,Sunny Slope,hifld_pool
17898,39.326,-78.1237,28,138.0,138.0,False,3.97,West Virginia,Callender,hifld_pool
17899,39.4997,-78.0487,28,138.0,138.0,False,14.13,West Virginia,Miles City,hifld_pool
17900,39.5176,-78.0989,28,138.0,138.0,False,14.13,West Virginia,R S Nelson,hifld_pool
17901,39.5609,-78.0668,28,138.0,138.0,False,14.13,West Virginia,Oreg 3 Inc,hifld_pool
17902,39.3539,-77.9334,28,138.0,138.0,False,10.63,West Virginia,Millbrae Tap,hifld_pool
17903,39.3893,-78.0641,28,138.0,138.0,False,10.63,West Virginia,Elliot Park,hifld_pool
17904,39.362,-78.0633,28,138.0,138.0,False,10.63,West Virginia,Shack Mills Station,hifld_pool
17905,39.3381,-77.9138,28,138.0,138.0,False,8.0,West Virginia,Beechhurst,hifld_pool
17906,39.4738,-77.9651,28,138.0,138.0,False,8.0,West Virginia,Bayboro,hifld_pool
17907,39.3624,-77.9927,28,138.0,138.0,False,8.0,West Virginia,Monroe Ne,hifld_pool
17908,39.4437,-77.9853,28,345.0,1.0,False,14.43,West Virginia,Caribbean University,hifld_pool
17909,39.4,-77.9531,28,138.0,138.0,False,14.43,West Virginia,Scio,hifld_pool
17910,39.3692,-77.9206,28,345.0,345.0,False,14.43,West Virginia,Kearneyville,hifld_nearest
17911,39.4816,-77.9859,28,138.0,138.0,False,12.42,West Virginia,Roadway,hifld_pool
17912,39.4261,-77.9796,28,138.0,138.0,False,12.42,West Virginia,Lone Star,hifld_pool
17913,39.4783,-78.0295,28,138.0,138.0,False,12.42,West Virginia,Damon,hifld_pool
17914,39.5309,-77.8691,28,138.0,138.0,False,14.47,West Virginia,Westhill,hifld_pool
17915,39.4184,-78.0124,28,138.0,138.0,False,14.47,West Virginia,Hospital Regional,hifld_pool
17916,39.4847,-77.9342,28,138.0,138.0,False,14.47,West Virginia,Bedington,hifld_nearest
17917,39.5757,-77.9138,28,138.0,138.0,False,14.47,West Virginia,Dam No. 5 Hydro Station,hifld_nearest
17918,39.3422,-77.992,28,138.0,138.0,False,11.87,West Virginia,Polk,hifld_pool
17919,39.3476,-77.8848,28,138.0,138.0,False,11.87,West Virginia,Sevier,hifld_pool
17920,39.4411,-77.942,28,138.0,138.0,False,11.87,West Virginia,Opequon,hifld_nearest
17921,39.4388,-77.8235,28,138.0,138.0,False,7.47,West Virginia,Shepherdstown,hifld_nearest
17922,39.4165,-77.861,28,138.0,138.0,False,7.35,West Virginia,Keene Road,hifld_pool
17923,39.4572,-77.8374,28,138.0,138.0,False,7.35,West Virginia,Timber Swamp,hifld_pool
17924,38.1768,-81.765,28,138.0,138.0,False,2.95,West Virginia,Badoura 11534 Kv,hifld_pool
17925,38.128,-81.6974,28,138.0,138.0,False,3.44,West Virginia,Shabdue,hifld_nearest
17926,38.04,-82.089,28,138.0,138.0,False,9.71,West Virginia,Station F,hifld_pool
17927,38.0428,-82.0739,28,138.0,138.0,False,10.65,West Virginia,Tahoe City,hifld_pool
17928,37.9779,-81.9595,28,138.0,138.0,False,11.4,West Virginia,Devers,hifld_pool
17929,38.0507,-81.5234,28,138.0,138.0,False,2.97,West Virginia,Northeast Gate,hifld_pool
17930,37.9755,-81.7697,28,138.0,138.0,False,7.18,West Virginia,Hewett,hifld_nearest
17931,38.1097,-81.8943,28,138.0,138.0,False,4.24,West Virginia,Hopkins,hifld_nearest
17932,38.0533,-81.9334,28,138.0,138.0,False,5.44,West Virginia,Maricao 6301,hifld_pool
17933,38.074,-81.7837,28,138.0,138.0,False,2.76,West Virginia,18Th Avenue North,hifld_pool
17934,38.0234,-81.6765,28,138.0,138.0,False,2.61,West Virginia,Santa Rosa Top O' Da Hill,hifld_pool
17935,37.9303,-81.7025,28,138.0,138.0,False,2.83,West Virginia,Daly City Tap,hifld_pool
17936,38.1253,-81.9731,28,138.0,138.0,False,3.71,West Virginia,Falls Village,hifld_pool
17937,38.0381,-81.7879,28,345.0,345.0,False,4.8,West Virginia,Shaw,hifld_pool
17938,38.04,-81.7556,28,138.0,138.0,False,5.03,West Virginia,La Sierra,hifld_pool
17939,38.0538,-81.6934,28,138.0,138.0,False,3.79,West Virginia,La Bajada,hifld_pool
17940,38.193,-81.6799,28,138.0,138.0,False,2.36,West Virginia,Boone,hifld_nearest
17941,38.14,-81.6199,28,138.0,138.0,False,2.8,West Virginia,Peytona,hifld_nearest
17942,38.0214,-81.5786,28,138.0,138.0,False,3.06,West Virginia,Marianna,hifld_pool
17943,38.0915,-81.6535,28,138.0,138.0,False,2.61,West Virginia,Volusia,hifld_pool
17944,38.08,-81.6135,28,138.0,138.0,False,3.55,West Virginia,12Th Avenue South,hifld_pool
17945,37.8491,-81.5834,28,138.0,138.0,False,1.65,West Virginia,San Jacinto,hifld_pool
17946,37.9758,-81.4483,28,138.0,138.0,False,4.32,West Virginia,Dale Mabry,hifld_pool
17947,38.8169,-80.6228,28,138.0,138.0,False,2.44,West Virginia,Napavine,hifld_pool
17948,38.8637,-80.693,28,138.0,138.0,False,2.72,West Virginia,Seagraves,hifld_pool
17949,38.6114,-80.9058,28,138.0,138.0,False,2.95,West Virginia,Dun Glenn,hifld_pool
17950,38.5555,-80.9552,28,138.0,138.0,False,3.41,West Virginia,Vermont Yankee,hifld_pool
17951,38.5848,-80.9872,28,138.0,138.0,False,1.77,West Virginia,Chimacum,hifld_pool
17952,38.7353,-80.562,28,138.0,138.0,False,3.18,West Virginia,Lomas Verdes 1706,hifld_pool
17953,38.5897,-80.7944,28,138.0,138.0,False,1.66,West Virginia,Branch Brook,hifld_pool
17954,38.7156,-80.9156,28,138.0,138.0,False,1.65,West Virginia,Rec Red Hawk,hifld_pool
17955,38.7729,-80.8895,28,138.0,138.0,False,2.91,West Virginia,Gilmer,hifld_pool
17956,38.8272,-80.8022,28,138.0,138.0,False,3.37,West Virginia,San Miguel,hifld_pool
17957,38.7709,-80.7446,28,138.0,138.0,False,5.11,West Virginia,Petro Canada,hifld_pool
17958,38.7444,-80.4842,28,138.0,138.0,False,2.03,West Virginia,Cleburne,hifld_pool
17959,38.8889,-80.5259,28,138.0,138.0,False,3.16,West Virginia,Murphy,hifld_pool
17960,38.6677,-80.6493,28,138.0,138.0,False,4.83,West Virginia,University Of Washington Power Plant,hifld_pool
17961,38.6395,-80.5847,28,345.0,345.0,False,10.61,West Virginia,Kettle Creek Primary,hifld_pool
17962,40.2356,-80.7009,28,138.0,100.0,False,1.51,West Virginia,Butterfield,hifld_pool
17963,40.2009,-80.4844,28,138.0,138.0,False,2.39,West Virginia,Oleum,hifld_pool
17964,40.389,-80.4699,28,138.0,138.0,False,2.46,West Virginia,Lost Horizon,hifld_pool
17965,40.3806,-80.5381,28,138.0,138.0,False,6.55,West Virginia,Weirton,hifld_nearest
17966,40.3087,-80.5166,28,138.0,138.0,False,6.55,West Virginia,Richmond Q,hifld_pool
17967,40.3025,-80.5837,28,138.0,138.0,False,6.55,West Virginia,Chocolate Bayou,hifld_pool
17968,40.4767,-80.5938,28,345.0,230.0,False,16.32,West Virginia,Firstenergy Toronto,hifld_nearest
17969,40.4443,-80.6043,28,138.0,138.0,False,16.13,West Virginia,Fix,hifld_pool
17970,40.4501,-80.5445,28,138.0,138.0,False,16.13,West Virginia,Wylie Ridge,hifld_nearest
17971,40.4559,-80.5241,28,138.0,138.0,False,21.05,West Virginia,Decatur Energy Center,hifld_pool
17972,40.1953,-80.5703,28,138.0,138.0,False,10.72,West Virginia,Whittemore,hifld_pool
17973,40.3139,-80.5733,28,138.0,138.0,False,8.33,West Virginia,Mahans Lane,hifld_nearest
17974,40.2127,-80.5626,28,138.0,138.0,False,8.33,West Virginia,Copco 2 2,hifld_pool
17975,40.1132,-80.6819,28,138.0,138.0,False,31.82,West Virginia,Fairbanks,hifld_pool
17976,40.0472,-80.6296,28,138.0,138.0,False,31.82,West Virginia,County Line Wp,hifld_nearest
17977,40.0414,-80.6134,28,345.0,138.0,False,31.82,West Virginia,Pinehurst,hifld_pool
17978,40.1409,-80.7038,28,138.0,100.0,False,32.33,West Virginia,Pedley,hifld_pool
17979,38.3501,-82.3788,28,138.0,138.0,False,12.49,West Virginia,Iep,hifld_pool
17980,38.3754,-82.304,28,138.0,138.0,False,12.49,West Virginia,Granby,hifld_pool
17981,38.317,-82.2054,28,138.0,138.0,False,12.49,West Virginia,Trumbo,hifld_pool
17982,38.2518,-82.174,28,138.0,138.0,False,4.97,West Virginia,Sheridan,hifld_nearest
17983,38.2386,-82.1861,28,138.0,138.0,False,4.97,West Virginia,Gravel Ridge,hifld_pool
17984,38.216,-82.1621,28,138.0,138.0,False,5.83,West Virginia,Mountain Springs,hifld_pool
17985,38.4342,-82.0228,28,138.0,138.0,False,5.01,West Virginia,Hurricane,hifld_nearest
17986,38.4121,-82.0947,28,138.0,138.0,False,5.01,West Virginia,Culloden,hifld_nearest
17987,38.3768,-82.1283,28,138.0,138.0,False,5.01,West Virginia,Linwood,hifld_pool
17988,38.576,-82.0993,28,138.0,138.0,False,1.54,West Virginia,H Allen Franklin Combined Cycle,hifld_pool
17989,38.6127,-82.1938,28,138.0,138.0,False,1.54,West Virginia,Flowind Corp,hifld_pool
17990,38.4203,-82.4304,28,138.0,138.0,False,17.23,West Virginia,East Huntington,hifld_nearest
17991,38.3126,-82.4633,28,138.0,138.0,False,19.98,West Virginia,Faircrest,hifld_pool
17992,38.4368,-82.3512,28,345.0,1.0,False,17.23,West Virginia,Main Line,hifld_pool
17993,38.3916,-82.4509,28,138.0,138.0,False,17.23,West Virginia,Debeque,hifld_pool
17994,38.5127,-82.3333,28,138.0,138.0,False,7.68,West Virginia,Sauk City Phillips St,hifld_pool
17995,38.3384,-82.2674,28,138.0,138.0,False,11.93,West Virginia,Dry Gulch,hifld_pool
17996,38.3778,-82.2186,28,138.0,138.0,False,9.81,West Virginia,Coppermine,hifld_pool
17997,38.4034,-82.4741,28,138.0,138.0,False,13.32,West Virginia,West Huntington,hifld_nearest
17998,38.39,-82.3882,28,138.0,138.0,False,6.66,West Virginia,Port Angeles,hifld_pool
17999,38.2719,-82.4429,28,138.0,138.0,False,13.14,West Virginia,Wynn Joyce,hifld_pool
18000,38.3238,-82.5022,28,138.0,138.0,False,12.17,West Virginia,Willits A,hifld_pool
18001,38.2932,-82.5413,28,138.0,138.0,False,12.17,West Virginia,Pearsall Road,hifld_pool
18002,38.3797,-82.4977,28,138.0,138.0,False,12.17,West Virginia,Heidelbach,hifld_pool
18003,38.4464,-82.3703,28,138.0,138.0,False,15.33,West Virginia,East Proctorville,hifld_nearest
18004,38.4233,-82.3612,28,138.0,138.0,False,15.33,West Virginia,South Jefferson,hifld_pool
18005,38.4477,-82.3419,28,138.0,138.0,False,15.33,West Virginia,Covanta Delaware Valley,hifld_pool
18006,38.4383,-82.3974,28,138.0,138.0,False,15.33,West Virginia,Darrah,hifld_nearest
18007,38.5445,-82.245,28,138.0,1.0,False,3.93,West Virginia,Bracketville,hifld_pool
18008,38.576,-82.2706,28,138.0,100.0,False,1.97,West Virginia,Round Rock,hifld_pool
18009,38.4834,-82.2261,28,138.0,138.0,False,9.23,West Virginia,Texon Hydroelectric Project,hifld_pool
18010,38.5028,-82.1172,28,138.0,138.0,False,9.94,West Virginia,Bowdle Jct,hifld_pool
18011,38.4087,-82.2186,28,138.0,138.0,False,9.23,West Virginia,Tuscola Station,hifld_pool
18012,38.4427,-82.1729,28,138.0,138.0,False,4.45,West Virginia,Milton,hifld_nearest
18013,38.4945,-82.1588,28,138.0,138.0,False,5.99,West Virginia,Lakehead Delavan,hifld_pool
18014,38.4336,-82.2972,28,138.0,138.0,False,4.45,West Virginia,Christiana,hifld_pool
18015,38.7659,-81.1496,28,138.0,138.0,False,2.52,West Virginia,Market Street,hifld_pool
18016,38.8241,-81.0666,28,138.0,138.0,False,1.85,West Virginia,Venwind,hifld_pool
18017,38.8652,-81.1601,28,138.0,138.0,False,1.73,West Virginia,Lee,hifld_pool
18018,39.028,-81.175,28,138.0,138.0,False,2.08,West Virginia,Oak Hall,hifld_pool
18019,39.0471,-81.0668,28,138.0,138.0,False,2.43,West Virginia,Ben Lomond,hifld_pool
18020,38.6858,-81.0262,28,138.0,138.0,False,5.95,West Virginia,American River Parkway,hifld_pool
18021,38.9891,-81.3605,28,138.0,138.0,False,6.38,West Virginia,Federalgen,hifld_pool
18022,39.0944,-81.4065,28,138.0,138.0,False,5.32,West Virginia,Story 2,hifld_pool
18023,39.1427,-81.3413,28,138.0,138.0,False,4.49,West Virginia,Ringling,hifld_pool
18024,38.9583,-81.0938,28,138.0,138.0,False,4.34,West Virginia,Warren Canyon,hifld_pool
18025,39.0723,-81.1342,28,138.0,138.0,False,2.21,West Virginia,Cullman,hifld_pool
18026,38.8589,-81.0271,28,138.0,138.0,False,2.64,West Virginia,Hayesville,hifld_pool
18027,38.9419,-81.2812,28,138.0,138.0,False,1.96,West Virginia,George Dickie,hifld_pool
18028,38.8166,-80.974,28,138.0,138.0,False,2.33,West Virginia,Nixon,hifld_pool
18029,38.4342,-81.1015,28,138.0,138.0,False,4.55,West Virginia,Hungry Horse,hifld_pool
18030,38.3522,-81.0115,28,138.0,138.0,False,2.77,West Virginia,Mackinac,hifld_pool
18031,38.4161,-81.3977,28,138.0,138.0,False,6.0,West Virginia,Mulberry Cogeneration Facility,hifld_pool
18032,38.4116,-81.374,28,138.0,138.0,False,5.72,West Virginia,Moval,hifld_pool
18033,38.5257,-81.3558,28,138.0,138.0,False,5.72,West Virginia,Clendenin,hifld_nearest
18034,38.2803,-81.1797,28,138.0,138.0,False,2.76,West Virginia,Gold Hill,hifld_pool
18035,38.5393,-81.0932,28,138.0,138.0,False,3.26,West Virginia,Leonard Road,hifld_pool
18036,38.4564,-81.003,28,138.0,138.0,False,1.78,West Virginia,Kcp&L Smartgrid Innovation Park,hifld_pool
18037,38.3733,-81.2258,28,138.0,138.0,False,2.73,West Virginia,Kent County,hifld_pool
18038,38.5658,-81.1418,28,138.0,138.0,False,2.28,West Virginia,Knoxville Battery Energy Storage,hifld_pool
18039,38.5124,-81.2625,28,138.0,138.0,False,4.29,West Virginia,Robins,hifld_pool
18040,39.1496,-80.7907,28,138.0,138.0,False,1.31,West Virginia,Westmoreland North,hifld_pool
18041,39.3294,-80.9002,28,138.0,138.0,False,4.95,West Virginia,Wartburg,hifld_pool
18042,39.2914,-81.0174,28,138.0,138.0,False,6.84,West Virginia,El Dorado,hifld_pool
18043,39.2745,-80.9585,28,138.0,138.0,False,4.22,West Virginia,Contra Costa 3,hifld_pool
18044,39.2494,-80.5957,28,138.0,138.0,False,7.61,West Virginia,Green Lake Sw Sta,hifld_pool
18045,39.2987,-80.603,28,138.0,138.0,False,6.91,West Virginia,Railhead,hifld_pool
18046,39.2803,-80.4925,28,138.0,138.0,False,8.11,West Virginia,Sauk Trail,hifld_pool
18047,39.4041,-80.4728,28,138.0,138.0,False,4.21,West Virginia,Roebuck,hifld_pool
18048,39.3491,-80.7377,28,138.0,138.0,False,4.87,West Virginia,Beardsley,hifld_pool
18049,39.2636,-80.7531,28,138.0,138.0,False,4.78,West Virginia,Moorepark,hifld_pool
18050,39.3494,-80.7909,28,138.0,138.0,False,3.68,West Virginia,Lee Highway,hifld_pool
18051,38.1246,-81.1648,28,138.0,138.0,False,6.7,West Virginia,Bain,hifld_pool
18052,38.2289,-81.1304,28,138.0,138.0,False,3.21,West Virginia,French Meadows,hifld_pool
18053,38.1761,-81.0799,28,138.0,138.0,False,2.45,West Virginia,Gauley Mountain,hifld_nearest
18054,37.9375,-80.8434,28,138.0,138.0,False,2.8,West Virginia,Greenbank,hifld_pool
18055,37.9958,-80.9113,28,138.0,138.0,False,1.83,West Virginia,Dania,hifld_pool
18056,38.0922,-81.0841,28,138.0,138.0,False,10.08,West Virginia,Gladeview,hifld_pool
18057,38.0899,-81.1331,28,138.0,138.0,False,9.34,West Virginia,Hargis Herbert,hifld_pool
18058,38.0577,-81.1535,28,138.0,138.0,False,8.42,West Virginia,Nacoochee,hifld_pool
18059,38.1984,-80.9547,28,138.0,138.0,False,2.17,West Virginia,Pantego,hifld_pool
18060,38.1211,-81.2334,28,138.0,138.0,False,4.13,West Virginia,Sweatt,hifld_pool
18061,38.0243,-81.2853,28,138.0,138.0,False,2.88,West Virginia,Grade Lane,hifld_pool
18062,37.8349,-80.8821,28,138.0,138.0,False,2.93,West Virginia,Gay Mills,hifld_pool
18063,37.8807,-80.8448,28,138.0,138.0,False,2.63,West Virginia,Meadow Bridge,hifld_nearest
18064,37.8218,-80.7974,28,138.0,138.0,False,3.48,West Virginia,Hartsel,hifld_pool
18065,38.1285,-81.4009,28,138.0,138.0,False,4.13,West Virginia,Amboy,hifld_pool
18066,38.1369,-81.2783,28,138.0,138.0,False,7.59,West Virginia,Alloy Steam Station,hifld_nearest
18067,37.9418,-81.1579,28,138.0,138.0,False,6.84,West Virginia,Scarbro,hifld_nearest
18068,37.9444,-81.2546,28,138.0,138.0,False,7.3,West Virginia,Pax Branch,hifld_nearest
18069,37.8752,-81.2947,28,138.0,138.0,False,6.84,West Virginia,Homart,hifld_pool
18070,38.2006,-81.3073,28,138.0,138.0,False,4.52,West Virginia,Carbondale,hifld_nearest
18071,37.9679,-81.0395,28,138.0,138.0,False,12.82,West Virginia,Beury Mountain,hifld_nearest
18072,37.9725,-81.1376,28,138.0,138.0,False,11.76,West Virginia,Cooper Creek,hifld_pool
18073,37.951,-81.0952,28,138.0,138.0,False,12.36,West Virginia,Pagosa,hifld_pool
18074,37.9239,-80.7647,28,138.0,138.0,False,4.19,West Virginia,Unity,hifld_pool
18075,37.9618,-80.7855,28,138.0,138.0,False,4.59,West Virginia,Moraga,hifld_pool
18076,38.0328,-80.7777,28,138.0,138.0,False,5.18,West Virginia,Mcross,hifld_nearest
18077,37.9319,-81.1954,28,138.0,138.0,False,2.68,West Virginia,Moyie Lake,hifld_pool
18078,37.9931,-81.2022,28,138.0,138.0,False,2.11,West Virginia,Veterans Blvd,hifld_pool
18079,38.004,-81.1409,28,138.0,138.0,False,2.54,West Virginia,Lawrenceville South,hifld_pool
18080,38.1832,-81.2182,28,138.0,138.0,False,4.3,West Virginia,Brenas 9201,hifld_pool
18081,38.1511,-81.0232,28,138.0,138.0,False,1.85,West Virginia,Coral Reef,hifld_pool
18082,38.9765,-80.857,28,138.0,138.0,False,1.34,West Virginia,East Lake Wales,hifld_pool
18083,39.0636,-80.8537,28,138.0,138.0,False,1.65,West Virginia,Gladiolus,hifld_pool
18084,38.9002,-80.7827,28,138.0,138.0,False,5.27,West Virginia,Village Green,hifld_pool
18085,38.9101,-80.7483,28,138.0,138.0,False,6.19,West Virginia,City Limits,hifld_pool
18086,38.847,-80.8326,28,345.0,138.0,False,6.7,West Virginia,Grants Pass,hifld_pool
18087,39.2429,-79.0541,28,138.0,138.0,False,4.07,West Virginia,Wesmer,hifld_pool
18088,39.284,-78.9543,28,138.0,138.0,False,15.23,West Virginia,Sawgrass,hifld_pool
18089,39.277,-78.9992,28,345.0,345.0,False,16.82,West Virginia,Williams Bros,hifld_pool
18090,39.4137,-79.0207,28,138.0,138.0,False,14.28,West Virginia,Pinnacle Wind Force Llc,hifld_nearest
18091,39.1714,-79.1363,28,138.0,138.0,False,2.66,West Virginia,New Creek Wind,hifld_nearest
18092,39.0024,-79.2269,28,138.0,138.0,False,3.09,West Virginia,Yuba Co Water Agency,hifld_pool
18093,39.0466,-79.2265,28,138.0,138.0,False,3.09,West Virginia,Culbertson,hifld_pool
18094,39.2054,-79.2547,28,138.0,138.0,False,2.97,West Virginia,Mount Storm,hifld_nearest
18095,39.3449,-79.0978,28,138.0,138.0,False,3.9,West Virginia,Tesla,hifld_pool
18096,38.9287,-79.0618,28,138.0,138.0,False,6.19,West Virginia,Marcy,hifld_pool
18097,38.892,-79.1348,28,138.0,138.0,False,6.19,West Virginia,Edgeley,hifld_pool
18098,38.959,-79.1243,28,138.0,138.0,False,6.19,West Virginia,Canadaville,hifld_pool
18099,37.7612,-80.6875,28,138.0,138.0,False,5.31,West Virginia,George Afb,hifld_pool
18100,37.7701,-80.6597,28,138.0,138.0,False,5.31,West Virginia,Hofman,hifld_pool
18101,37.7357,-80.6605,28,138.0,138.0,False,6.3,West Virginia,Virgil Fodness,hifld_pool
18102,37.6916,-80.3822,28,138.0,138.0,False,1.85,West Virginia,Cluff,hifld_pool
18103,37.9619,-80.581,28,138.0,138.0,False,3.05,West Virginia,Rio Pecos,hifld_pool
18104,37.9603,-80.374,28,138.0,138.0,False,2.01,West Virginia,O Connor,hifld_pool
18105,37.862,-80.379,28,138.0,138.0,False,1.84,West Virginia,Camuy 7601,hifld_pool
18106,37.7673,-80.4284,28,138.0,138.0,False,9.01,West Virginia,Phelan,hifld_pool
18107,37.9205,-80.5922,28,138.0,138.0,False,10.43,West Virginia,Rustic,hifld_pool
18108,37.8583,-80.4585,28,138.0,138.0,False,11.19,West Virginia,Dobbins,hifld_pool
18109,38.1175,-80.6696,28,138.0,138.0,False,2.74,West Virginia,Andrew Square,hifld_pool
18110,38.1017,-80.3106,28,138.0,138.0,False,1.77,West Virginia,Rio Blanco 2702,hifld_pool
18111,38.0437,-80.3656,28,138.0,138.0,False,1.27,West Virginia,Brackens Creek Station,hifld_pool
18112,38.0999,-80.4255,28,138.0,138.0,False,1.78,West Virginia,Parkin,hifld_pool
18113,38.2506,-80.5247,28,138.0,138.0,False,2.66,West Virginia,Ray Braswell,hifld_pool
18114,38.2069,-80.5572,28,138.0,138.0,False,3.3,West Virginia,Sandy Pond,hifld_pool
18115,38.1757,-80.4457,28,138.0,138.0,False,2.66,West Virginia,Western Digital,hifld_pool
18116,37.6848,-80.4671,28,138.0,138.0,False,6.5,West Virginia,Ravensworth,hifld_pool
18117,37.5932,-80.4003,28,345.0,345.0,False,8.75,West Virginia,Modena,hifld_pool
18118,37.7455,-80.5379,28,138.0,138.0,False,5.62,West Virginia,State Pen,hifld_pool
18119,38.0124,-80.6129,28,138.0,138.0,False,1.86,West Virginia,Mc Arthur,hifld_pool
18120,37.9954,-80.5274,28,138.0,138.0,False,3.9,West Virginia,Lockheed 2 Tap,hifld_pool
18121,38.0385,-80.6512,28,138.0,138.0,False,3.93,West Virginia,North Bellevue,hifld_pool
18122,37.6467,-80.5139,28,138.0,138.0,False,1.88,West Virginia,Roslyn,hifld_pool
18123,37.8465,-80.0884,28,138.0,138.0,False,5.15,West Virginia,Diana Hydroelectric,hifld_pool
18124,37.9628,-80.1796,28,138.0,138.0,False,5.15,West Virginia,Woodland Park,hifld_pool
18125,37.9154,-80.0687,28,138.0,138.0,False,5.15,West Virginia,Rob Roy,hifld_pool
18126,39.2966,-78.6051,28,138.0,138.0,False,5.59,West Virginia,Moss,hifld_pool
18127,39.2913,-78.4996,28,345.0,345.0,False,8.89,West Virginia,Cason Lane,hifld_pool
18128,39.2495,-78.6073,28,138.0,138.0,False,5.59,West Virginia,Florida City,hifld_pool
18129,39.2208,-78.4095,28,138.0,138.0,False,5.16,West Virginia,Stelco,hifld_pool
18130,39.392,-78.581,28,138.0,138.0,False,3.43,West Virginia,East Terra Haute,hifld_pool
18131,39.5549,-78.3048,28,138.0,138.0,False,1.68,West Virginia,Kerrville Legion,hifld_pool
18132,39.4808,-78.3631,28,138.0,138.0,False,1.68,West Virginia,Mommoth Pacific 1,hifld_pool
18133,39.5415,-78.4364,28,138.0,138.0,False,1.68,West Virginia,Artesian,hifld_pool
18134,39.5505,-78.6313,28,138.0,138.0,False,2.08,West Virginia,Dock,hifld_pool
18135,39.1866,-78.5227,28,138.0,138.0,False,1.83,West Virginia,Phillips Pump 1,hifld_pool
18136,39.4824,-78.4951,28,138.0,138.0,False,2.91,West Virginia,Modular Power Llc,hifld_pool
18137,39.4531,-78.4262,28,138.0,138.0,False,4.12,West Virginia,2 Ac Station,hifld_pool
18138,39.3417,-78.5101,28,138.0,138.0,False,2.93,West Virginia,Gardiner,hifld_pool
18139,39.2159,-78.8711,28,138.0,138.0,False,1.71,West Virginia,Roeding,hifld_pool
18140,39.2008,-78.7429,28,138.0,138.0,False,2.5,West Virginia,Laurelwood,hifld_pool
18141,39.2486,-78.7061,28,138.0,138.0,False,8.68,West Virginia,Difficulty,hifld_pool
18142,39.3488,-78.8178,28,138.0,138.0,False,7.05,West Virginia,East Winchendon,hifld_pool
18143,39.3912,-78.6581,28,138.0,138.0,False,7.9,West Virginia,Granite Hills Tap,hifld_pool
18144,39.131,-78.6501,28,138.0,138.0,False,2.63,West Virginia,Vandolah Power Station,hifld_pool
18145,39.0115,-78.5696,28,138.0,138.0,False,2.48,West Virginia,Gears,hifld_pool
18146,39.0474,-78.6094,28,138.0,138.0,False,2.15,West Virginia,Alpha Road,hifld_pool
18147,40.6316,-80.4873,28,138.0,138.0,False,4.84,West Virginia,Portrero,hifld_pool
18148,40.6231,-80.5851,28,138.0,138.0,False,6.49,West Virginia,Ipl Fit Monrovia I Llc,hifld_pool
18149,40.6008,-80.5024,28,138.0,138.0,False,4.84,West Virginia,Big Basin,hifld_pool
18150,40.4318,-80.6397,28,138.0,1.0,False,6.14,West Virginia,Circle Green,hifld_nearest
18151,40.5304,-80.5949,28,138.0,1.0,False,6.14,West Virginia,Oso,hifld_pool
18152,40.5519,-80.5002,28,138.0,138.0,False,6.14,West Virginia,Tahsis Village,hifld_pool
18153,40.5979,-80.5486,28,138.0,138.0,False,3.11,West Virginia,South Chester,hifld_nearest
18154,39.0558,-78.8997,28,138.0,138.0,False,1.1,West Virginia,Hitchcock,hifld_pool
18155,39.1037,-78.7308,28,138.0,138.0,False,2.25,West Virginia,Yazoo,hifld_pool
18156,38.8502,-78.799,28,138.0,138.0,False,2.01,West Virginia,High Winds,hifld_pool
18157,38.8675,-78.9071,28,138.0,138.0,False,1.68,West Virginia,Port Neches,hifld_pool
18158,38.9322,-78.8603,28,138.0,138.0,False,1.68,West Virginia,Rinn Valley,hifld_pool
18159,38.9969,-78.9544,28,138.0,138.0,False,8.29,West Virginia,Donnells-Curtis,hifld_pool
18160,38.9612,-79.0588,28,345.0,138.0,False,6.49,West Virginia,South Randolph,hifld_pool
18161,39.0,-79.0407,28,138.0,138.0,False,7.19,West Virginia,Cape Horn,hifld_pool
18162,39.1555,-78.9446,28,138.0,138.0,False,3.73,West Virginia,Falling Spring,hifld_pool
18163,39.3118,-80.384,28,138.0,138.0,False,24.03,West Virginia,Faron Street,hifld_pool
18164,39.259,-80.4264,28,345.0,1.0,False,25.34,West Virginia,Bridgeport Energy,hifld_pool
18165,39.3088,-80.341,28,138.0,138.0,False,25.04,West Virginia,Surf,hifld_pool
18166,39.2811,-80.4117,28,138.0,138.0,False,23.12,West Virginia,Abel,hifld_pool
18167,39.4864,-80.1631,28,138.0,138.0,False,32.42,West Virginia,Five Corners,hifld_pool
18168,39.4014,-80.1317,28,345.0,345.0,False,30.61,West Virginia,Rex Brown 2,hifld_pool
18169,39.4258,-80.0823,28,138.0,138.0,False,30.61,West Virginia,Cedar Bayou,hifld_pool
18170,39.498,-80.0997,28,138.0,138.0,False,32.28,West Virginia,Killeen,hifld_pool
18171,39.0909,-80.4413,28,138.0,138.0,False,7.54,West Virginia,West Murray,hifld_pool
18172,39.1331,-80.4539,28,138.0,138.0,False,4.44,West Virginia,North Springfield,hifld_pool
18173,39.1348,-80.3738,28,138.0,138.0,False,3.82,West Virginia,Cooper Nuclear Station,hifld_pool
18174,39.2358,-80.3647,28,138.0,138.0,False,5.01,West Virginia,Ratcliffe,hifld_pool
18175,39.1804,-80.3658,28,138.0,138.0,False,5.17,West Virginia,Broadford 2,hifld_pool
18176,39.357,-80.5449,28,138.0,138.0,False,2.88,West Virginia,Anheuser Busch,hifld_pool
18177,39.4334,-80.4162,28,138.0,138.0,False,2.52,West Virginia,South Nile,hifld_pool
18178,39.512,-80.3112,28,138.0,138.0,False,7.07,West Virginia,Erath,hifld_pool
18179,39.4996,-80.4303,28,138.0,138.0,False,5.26,West Virginia,Cullman Industrial,hifld_pool
18180,39.5123,-80.3917,28,138.0,138.0,False,8.25,West Virginia,Cheraw Reid Park,hifld_pool
18181,39.1585,-80.3338,28,138.0,138.0,False,5.63,West Virginia,Glenn-Colusa Irrig,hifld_pool
18182,39.4305,-80.2895,28,138.0,138.0,False,6.32,West Virginia,Northwoods,hifld_pool
18183,39.409,-80.2605,28,138.0,138.0,False,9.29,West Virginia,Roseland,hifld_pool
18184,39.4066,-80.335,28,138.0,138.0,False,7.6,West Virginia,Firstenergy Harrison Power Station,hifld_nearest
18185,39.4676,-80.3085,28,138.0,138.0,False,3.03,West Virginia,Aspen,hifld_pool
18186,38.8599,-81.8454,28,138.0,138.0,False,3.85,West Virginia,Cottageville,hifld_nearest
18187,38.8508,-81.7917,28,138.0,138.0,False,2.57,West Virginia,Largo,hifld_pool
18188,38.7011,-81.5891,28,138.0,138.0,False,3.94,West Virginia,Mt Gate Junction,hifld_pool
18189,38.6018,-81.5699,28,138.0,138.0,False,3.05,West Virginia,Kelly 3,hifld_pool
18190,38.6629,-81.655,28,138.0,138.0,False,3.05,West Virginia,Lamontville Rd,hifld_pool
18191,38.8966,-81.5112,28,138.0,138.0,False,1.06,West Virginia,Pikes Creek,hifld_pool
18192,38.6928,-81.7717,28,138.0,138.0,False,3.39,West Virginia,Clinton Lfgte Facility,hifld_pool
18193,39.0042,-81.7418,28,138.0,138.0,False,8.15,West Virginia,Burley,hifld_pool
18194,38.9712,-81.7493,28,138.0,138.0,False,8.15,West Virginia,Ravenswood,hifld_nearest
18195,39.0184,-81.6879,28,138.0,138.0,False,8.15,West Virginia,Templeton,hifld_pool
18196,38.7636,-81.6992,28,138.0,138.0,False,9.18,West Virginia,Richlands,hifld_pool
18197,38.82,-81.7024,28,138.0,138.0,False,12.58,West Virginia,Ripley,hifld_nearest
18198,38.7858,-81.6259,28,345.0,138.0,False,10.62,West Virginia,Azalea Solar Llc,hifld_pool
18199,38.8264,-81.6022,28,138.0,138.0,False,2.26,West Virginia,Sargent Road,hifld_pool
18200,38.8615,-81.585,28,138.0,138.0,False,2.26,West Virginia,Soda Creek,hifld_pool
18201,38.9059,-81.6507,28,138.0,138.0,False,3.32,West Virginia,Blue Springs,hifld_pool
18202,39.2042,-77.8448,28,138.0,138.0,False,12.6,West Virginia,Parkoaks-Hilltop,hifld_pool
18203,39.2766,-77.9164,28,138.0,138.0,False,12.6,West Virginia,Lamar Hvdc Tie,hifld_pool
18204,39.2068,-77.8709,28,138.0,138.0,False,14.04,West Virginia,Conifer,hifld_pool
18205,39.3427,-77.8601,28,138.0,138.0,False,12.6,West Virginia,Holgate,hifld_pool
18206,39.3596,-77.7782,28,138.0,138.0,False,14.56,West Virginia,Ritter Park,hifld_pool
18207,39.28,-77.7546,28,138.0,138.0,False,12.78,West Virginia,Millville,hifld_nearest
18208,39.3142,-77.826,28,138.0,138.0,False,14.68,West Virginia,Sleepy Hollow,hifld_nearest
18209,39.4299,-77.797,28,138.0,138.0,False,8.08,West Virginia,Carnal,hifld_pool
18210,39.3142,-77.8649,28,138.0,138.0,False,6.18,West Virginia,Orofina,hifld_pool
18211,39.2475,-77.8791,28,138.0,138.0,False,6.18,West Virginia,Feagan'S Mill,hifld_nearest
18212,39.183,-78.0013,28,138.0,138.0,False,1.44,West Virginia,Simpson Stuart,hifld_pool
18213,39.2665,-78.0118,28,138.0,138.0,False,1.44,West Virginia,Destrehan,hifld_pool
18214,38.2888,-81.657,28,138.0,138.0,False,2.74,West Virginia,Sapulpa Road,hifld_pool
18215,38.2709,-81.7803,28,138.0,138.0,False,3.74,West Virginia,Dunnigan,hifld_pool
18216,38.2438,-81.7678,28,138.0,138.0,False,4.29,West Virginia,New Glarus,hifld_pool
18217,38.2088,-81.4116,28,138.0,138.0,False,8.37,West Virginia,Kanawha River,hifld_nearest
18218,38.2835,-81.4948,28,138.0,138.0,False,6.01,West Virginia,Hopkinsville,hifld_pool
18219,38.2535,-81.5264,28,138.0,138.0,False,12.1,West Virginia,Belle West Virginia Plant,hifld_nearest
18220,38.1239,-81.4957,28,138.0,138.0,False,5.24,West Virginia,Benbrook,hifld_pool
18221,38.2547,-81.3902,28,138.0,138.0,False,2.38,West Virginia,Kelly Creek,hifld_nearest
18222,38.2382,-81.3327,28,138.0,138.0,False,2.94,West Virginia,Belfort,hifld_pool
18223,38.283,-81.3199,28,138.0,138.0,False,5.84,West Virginia,State,hifld_pool
18224,38.3957,-81.662,28,138.0,138.0,False,2.73,West Virginia,Mres Alexandria,hifld_pool
18225,38.3826,-81.5977,28,138.0,138.0,False,11.16,West Virginia,Litchfield,hifld_pool
18226,38.3701,-81.567,28,138.0,138.0,False,11.16,West Virginia,Turquoise,hifld_pool
18227,38.3559,-81.6331,28,138.0,138.0,False,11.16,West Virginia,Washington St,hifld_nearest
18228,38.3372,-81.6721,28,138.0,138.0,False,11.16,West Virginia,Wards Hollow,hifld_nearest
18229,38.4191,-81.7669,28,138.0,138.0,False,7.02,West Virginia,Dalewood,hifld_nearest
18230,38.359,-81.6696,28,138.0,138.0,False,7.02,West Virginia,Chemical,hifld_nearest
18231,38.2938,-81.569,28,138.0,138.0,False,9.39,West Virginia,Myers,hifld_pool
18232,38.2257,-81.6147,28,138.0,138.0,False,15.08,West Virginia,Hernshaw,hifld_nearest
18233,38.3501,-81.5881,28,138.0,138.0,False,8.66,West Virginia,Capitol Hill,hifld_nearest
18234,38.3045,-81.5377,28,138.0,138.0,False,6.33,West Virginia,Cox,hifld_pool
18235,38.3299,-81.3832,28,138.0,138.0,False,6.84,West Virginia,Sabana Grande 6501,hifld_pool
18236,38.3693,-81.5481,28,138.0,138.0,False,6.39,West Virginia,Millhopper,hifld_pool
18237,38.3799,-81.7741,28,138.0,138.0,False,29.15,West Virginia,Turner,hifld_nearest
18238,38.4302,-81.7972,28,138.0,138.0,False,13.18,West Virginia,Pac Troutdale,hifld_pool
18239,38.4243,-81.6441,28,138.0,138.0,False,13.18,West Virginia,Seward Junction,hifld_pool
18240,38.4519,-81.6168,28,138.0,138.0,False,10.67,West Virginia,Runge,hifld_pool
18241,38.2895,-81.5438,28,345.0,345.0,False,10.67,West Virginia,Sagehill,hifld_pool
18242,38.3154,-81.546,28,138.0,138.0,False,10.73,West Virginia,Westex,hifld_pool
18243,38.481,-81.6222,28,138.0,138.0,False,14.69,West Virginia,Winterset Junction,hifld_pool
18244,38.4743,-81.6765,28,138.0,138.0,False,14.69,West Virginia,Nassau Energy Corp,hifld_pool
18245,38.4882,-81.5907,28,345.0,1.0,False,14.69,West Virginia,Vina,hifld_pool
18246,38.3156,-81.727,28,138.0,138.0,False,13.26,West Virginia,South Ridge,hifld_nearest
18247,38.4353,-81.6874,28,138.0,138.0,False,15.99,West Virginia,Harrison St,hifld_pool
18248,38.4582,-81.7768,28,138.0,138.0,False,13.26,West Virginia,Robble Ave,hifld_pool
18249,38.3316,-81.7172,28,138.0,138.0,False,14.35,West Virginia,Frankfort,hifld_pool
18250,38.2407,-81.6936,28,138.0,138.0,False,14.35,West Virginia,Lansing Bwl Reo Town Plant,hifld_pool
18251,38.3523,-81.5675,28,138.0,138.0,False,14.35,West Virginia,Chesterfield Ave,hifld_nearest
18252,38.4702,-81.572,28,138.0,138.0,False,6.0,West Virginia,Days Creek,hifld_pool
18253,38.5243,-81.648,28,138.0,138.0,False,6.0,West Virginia,Maries,hifld_pool
18254,38.5337,-81.6084,28,138.0,138.0,False,6.0,West Virginia,Industrial Acres,hifld_pool
18255,38.2925,-81.7963,28,138.0,138.0,False,9.83,West Virginia,Alum Creek,hifld_nearest
18256,38.3474,-81.8149,28,138.0,138.0,False,9.83,West Virginia,Fords Branch,hifld_pool
18257,38.4546,-81.6996,28,138.0,138.0,False,9.83,West Virginia,Mosaic Co Bartow Facility,hifld_pool
18258,38.457,-81.5941,28,138.0,138.0,False,11.54,West Virginia,Pipe Creek,hifld_pool
18259,38.4676,-81.4602,28,138.0,138.0,False,11.54,West Virginia,Randsburg,hifld_pool
18260,38.5573,-81.495,28,138.0,138.0,False,11.54,West Virginia,Tower Hill,hifld_pool
18261,38.0286,-81.3832,28,138.0,138.0,False,4.98,West Virginia,Camp,hifld_pool
18262,38.1643,-81.4203,28,138.0,138.0,False,3.04,West Virginia,Boqueron 6702,hifld_pool
18263,38.2361,-81.2743,28,138.0,138.0,False,2.16,West Virginia,East Sparta,hifld_pool
18264,38.5284,-81.823,28,138.0,138.0,False,10.45,West Virginia,Keifer-Jackson,hifld_pool
18265,38.3409,-81.8823,28,138.0,138.0,False,8.46,West Virginia,36Th Street,hifld_pool
18266,38.4127,-81.9126,28,138.0,138.0,False,17.82,West Virginia,Filbert,hifld_pool
18267,38.3516,-81.849,28,345.0,345.0,False,19.17,West Virginia,Fourth Plain,hifld_pool
18268,38.3314,-81.8373,28,138.0,138.0,False,18.73,West Virginia,Illecillewaet,hifld_pool
18269,38.3608,-81.9448,28,138.0,138.0,False,17.82,West Virginia,Cutrale Citrus Juices Usa Ii,hifld_pool
18270,38.2555,-81.9044,28,138.0,138.0,False,3.54,West Virginia,Big Oaks,hifld_pool
18271,38.4355,-81.8494,28,138.0,138.0,False,2.66,West Virginia,Tackett Creek,hifld_nearest
18272,39.0425,-80.7164,28,138.0,138.0,False,2.6,West Virginia,Hookdale,hifld_pool
18273,38.9977,-80.3356,28,138.0,138.0,False,2.03,West Virginia,Station X,hifld_pool
18274,39.1245,-80.4976,28,138.0,138.0,False,9.55,West Virginia,Cap Sandario,hifld_pool
18275,39.099,-80.5046,28,138.0,138.0,False,10.17,West Virginia,Nash,hifld_pool
18276,38.9875,-80.5313,28,138.0,138.0,False,10.09,West Virginia,South Summitville,hifld_pool
18277,38.3301,-82.0163,28,138.0,138.0,False,4.78,West Virginia,Mayville,hifld_pool
18278,38.2296,-82.0784,28,138.0,138.0,False,3.7,West Virginia,Imran Woods-Whyte,hifld_pool
18279,38.2008,-82.0141,28,138.0,138.0,False,4.68,West Virginia,Cliffside,hifld_pool
18280,37.9344,-82.0903,28,138.0,138.0,False,3.89,West Virginia,Victory,hifld_pool
18281,38.0271,-82.1115,28,138.0,138.0,False,3.44,West Virginia,Oakdale,hifld_pool
18282,38.0886,-82.0966,28,138.0,138.0,False,4.55,West Virginia,Fort St Vrain,hifld_pool
18283,38.0763,-82.2502,28,138.0,138.0,False,4.02,West Virginia,Riverbank,hifld_pool
18284,38.0301,-82.166,28,138.0,138.0,False,1.73,West Virginia,East Franklin,hifld_pool
18285,38.2105,-81.8838,28,138.0,138.0,False,3.47,West Virginia,Birch Creek,hifld_pool
18286,38.167,-81.8669,28,138.0,138.0,False,1.82,West Virginia,South Meadow,hifld_pool
18287,38.3079,-82.1607,28,138.0,138.0,False,2.18,West Virginia,Electrifarm,hifld_pool
18288,38.3068,-82.0665,28,138.0,138.0,False,2.18,West Virginia,Freeland,hifld_pool
18289,37.7063,-81.8437,28,138.0,138.0,False,6.42,West Virginia,Elk Creek,hifld_nearest
18290,37.7628,-81.7747,28,138.0,138.0,False,4.27,West Virginia,Latrobe,hifld_nearest
18291,37.8627,-81.7526,28,138.0,138.0,False,2.87,West Virginia,Valleyview,hifld_pool
18292,37.6674,-81.7835,28,138.0,138.0,False,6.47,West Virginia,Panda,hifld_pool
18293,37.8535,-81.9842,28,138.0,138.0,False,5.63,West Virginia,Logan,hifld_nearest
18294,37.8337,-82.0957,28,138.0,138.0,False,2.81,West Virginia,Spruance Nug,hifld_pool
18295,37.9582,-81.8749,28,138.0,138.0,False,1.94,West Virginia,Main St,hifld_pool
18296,37.909,-81.9346,28,138.0,138.0,False,3.03,West Virginia,Hart,hifld_pool
18297,37.8649,-82.0342,28,138.0,138.0,False,6.53,West Virginia,Mud Fork,hifld_nearest
18298,37.7618,-82.009,28,138.0,138.0,False,6.27,West Virginia,Chauncey,hifld_nearest
18299,37.9021,-81.9984,28,345.0,138.0,False,7.11,West Virginia,North Point,hifld_nearest
18300,37.7722,-81.8253,28,138.0,138.0,False,2.16,West Virginia,Becco,hifld_nearest
18301,37.7189,-81.9615,28,138.0,138.0,False,1.81,West Virginia,John Day Construction,hifld_pool
18302,37.8047,-82.0168,28,138.0,138.0,False,5.37,West Virginia,Chauncey Tap,hifld_nearest
18303,37.7973,-81.8764,28,138.0,138.0,False,2.37,West Virginia,Rum Creek Tap,hifld_nearest
18304,37.8309,-81.9565,28,138.0,138.0,False,3.61,West Virginia,Electric Avenue,hifld_pool
18305,37.8883,-82.0821,28,138.0,138.0,False,2.82,West Virginia,Hustisford,hifld_pool
18306,37.8452,-82.0612,28,138.0,138.0,False,4.42,West Virginia,96Th St,hifld_pool
18307,39.5468,-80.2656,28,138.0,138.0,False,3.07,West Virginia,Guyandotte,hifld_pool
18308,39.4978,-80.1862,28,138.0,138.0,False,4.28,West Virginia,Helm'S Pumped Storage,hifld_pool
18309,39.651,-80.206,28,138.0,138.0,False,3.89,West Virginia,Ave 52,hifld_pool
18310,39.6895,-80.2636,28,138.0,138.0,False,4.88,West Virginia,Sub 18310,hifld_pool
18311,39.2872,-80.0064,28,138.0,138.0,False,12.15,West Virginia,Broward,hifld_pool
18312,39.2894,-80.04,28,138.0,138.0,False,11.21,West Virginia,Stadium Reit,hifld_pool
18313,39.3591,-80.0729,28,138.0,138.0,False,10.99,West Virginia,Pruntytown,hifld_nearest
18314,39.5616,-80.1004,28,138.0,138.0,False,2.58,West Virginia,Firstenergy Rivesville,hifld_nearest
18315,39.5243,-80.1621,28,138.0,138.0,False,4.81,West Virginia,N Albertville,hifld_pool
18316,39.6014,-80.2117,28,138.0,138.0,False,3.46,West Virginia,North White County,hifld_pool
18317,39.9885,-80.7586,28,138.0,138.0,False,5.19,West Virginia,Benwood,hifld_nearest
18318,39.9489,-80.5774,28,138.0,138.0,False,6.85,West Virginia,Lindsey,hifld_pool
18319,39.838,-80.4695,28,138.0,138.0,False,3.0,West Virginia,North Shore,hifld_pool
18320,39.9643,-80.7363,28,138.0,138.0,False,2.82,West Virginia,Glendale Heights,hifld_nearest
18321,40.0528,-80.7177,28,138.0,138.0,False,2.07,West Virginia,Brues,hifld_nearest
18322,39.9891,-80.6499,28,138.0,138.0,False,4.15,West Virginia,Sand Hill,hifld_nearest
18323,39.9301,-80.6836,28,138.0,138.0,False,14.79,West Virginia,Wayman,hifld_nearest
18324,39.8561,-80.7405,28,138.0,138.0,False,13.02,West Virginia,Floyds Knobs,hifld_pool
18325,39.9377,-80.7303,28,138.0,138.0,False,11.98,West Virginia,Moundsville,hifld_nearest
18326,39.8725,-80.6747,28,138.0,138.0,False,15.84,West Virginia,Rocky Reach,hifld_pool
18327,39.6604,-80.7052,28,138.0,138.0,False,8.71,West Virginia,Barataria,hifld_pool
18328,39.5943,-80.6749,28,138.0,138.0,False,8.71,West Virginia,Navy-1,hifld_pool
18329,39.5539,-80.7085,28,345.0,138.0,False,11.2,West Virginia,Franz Holmes,hifld_pool
18330,39.7686,-80.7646,28,138.0,138.0,False,4.51,West Virginia,Cross Park,hifld_pool
18331,39.8033,-80.791,28,138.0,100.0,False,1.73,West Virginia,Carlyss,hifld_pool
18332,38.671,-82.1018,28,138.0,138.0,False,4.49,West Virginia,Griffin,hifld_pool
18333,38.5739,-82.0023,28,138.0,138.0,False,1.65,West Virginia,Solway Ct,hifld_pool
18334,38.6307,-82.0681,28,138.0,138.0,False,4.01,West Virginia,Cantil,hifld_pool
18335,38.807,-82.2094,28,138.0,138.0,False,2.3,West Virginia,Decatur North 27Th Street,hifld_pool
18336,38.7336,-82.1939,28,138.0,138.0,False,2.3,West Virginia,Godfrey,hifld_pool
18337,38.7475,-82.1054,28,138.0,138.0,False,3.02,West Virginia,Tendoy,hifld_pool
18338,38.4503,-82.0369,28,345.0,1.0,False,16.21,West Virginia,Milroy,hifld_pool
18339,38.4189,-81.9859,28,138.0,138.0,False,16.21,West Virginia,Sub 18339,hifld_pool
18340,38.3891,-82.0708,28,138.0,1.0,False,18.39,West Virginia,Covanta Hennepin Energy,hifld_pool
18341,38.4522,-82.0614,28,138.0,138.0,False,16.21,West Virginia,East Bowling Green,hifld_pool
18342,38.6932,-81.8727,28,138.0,138.0,False,3.49,West Virginia,Chiriaco,hifld_pool
18343,38.7514,-81.9145,28,138.0,138.0,False,4.2,West Virginia,Leon,hifld_nearest
18344,38.8243,-81.9663,28,138.0,138.0,False,4.56,West Virginia,Idahome,hifld_pool
18345,38.8086,-81.9112,28,138.0,138.0,False,4.15,West Virginia,North Monroe,hifld_pool
18346,38.8892,-82.0239,28,138.0,138.0,False,2.02,West Virginia,J Street,hifld_pool
18347,38.9222,-81.8841,28,138.0,138.0,False,3.8,West Virginia,Racine Hydro,hifld_nearest
18348,38.9428,-81.9925,28,138.0,138.0,False,5.61,West Virginia,Progress Energy Electric-Belleview,hifld_pool
18349,39.0116,-81.9375,28,138.0,138.0,False,1.54,West Virginia,Lakeport,hifld_pool
18350,38.9736,-81.8713,28,138.0,138.0,False,1.54,West Virginia,Bringhurst,hifld_pool
18351,38.8479,-82.1282,28,138.0,138.0,False,8.96,West Virginia,Keowee,hifld_pool
18352,38.8058,-82.0838,28,138.0,138.0,False,10.22,West Virginia,Fiberglas,hifld_pool
18353,38.869,-82.1802,28,138.0,138.0,False,8.96,West Virginia,Vaseux,hifld_pool
18354,39.0281,-82.0257,28,138.0,138.0,False,5.87,West Virginia,Las Lomas,hifld_pool
18355,37.2205,-81.6005,28,138.0,138.0,False,2.98,West Virginia,West Lane,hifld_pool
18356,37.3284,-81.7643,28,138.0,138.0,False,5.41,West Virginia,Dry Fork,hifld_nearest
18357,37.3319,-81.4424,28,138.0,138.0,False,3.36,West Virginia,Acec Calamus,hifld_pool
18358,37.4525,-81.8353,28,138.0,138.0,False,2.95,West Virginia,Laeger,hifld_nearest
18359,37.4067,-81.7794,28,138.0,138.0,False,5.12,West Virginia,Greenback-Fairoaks,hifld_pool
18360,37.311,-81.914,28,138.0,138.0,False,2.61,West Virginia,Sherman Island,hifld_pool
18361,37.1941,-81.8199,28,138.0,138.0,False,1.08,West Virginia,Sub 18361,hifld_pool
18362,37.4018,-81.9745,28,138.0,138.0,False,1.83,West Virginia,Hurley,hifld_nearest
18363,37.5365,-81.3763,28,138.0,138.0,False,2.45,West Virginia,Bandera,hifld_pool
18364,37.3743,-81.4818,28,138.0,138.0,False,3.56,West Virginia,Hamilton Wolfe Road,hifld_pool
18365,37.4891,-81.4098,28,138.0,138.0,False,3.05,West Virginia,East Bridgewater,hifld_pool
18366,37.3436,-81.6775,28,138.0,138.0,False,5.04,West Virginia,Bullock,hifld_pool
18367,37.4044,-81.5219,28,138.0,138.0,False,1.92,West Virginia,Belcher Mtn,hifld_nearest
18368,37.3215,-81.566,28,345.0,138.0,False,5.6,West Virginia,Wec,hifld_pool
18369,37.3794,-81.5658,28,138.0,138.0,False,4.92,West Virginia,Gary,hifld_nearest
18370,37.4597,-81.5902,28,138.0,138.0,False,6.32,West Virginia,Welch,hifld_nearest
18371,37.4639,-80.9709,28,138.0,138.0,False,5.15,West Virginia,Speedway,hifld_nearest
18372,37.4905,-81.0469,28,138.0,138.0,False,2.33,West Virginia,Coalinga 2,hifld_pool
18373,37.4528,-81.087,28,138.0,138.0,False,2.29,West Virginia,Dundee,hifld_pool
18374,37.3194,-81.3234,28,138.0,138.0,False,19.16,West Virginia,Magnolia 1708,hifld_pool
18375,37.418,-81.1905,28,138.0,138.0,False,16.3,West Virginia,East Amsterdam,hifld_pool
18376,37.26,-81.2571,28,138.0,138.0,False,15.38,West Virginia,Bluefield Avenue,hifld_nearest
18377,37.3901,-81.184,28,345.0,1.0,False,16.95,West Virginia,New Hope Ap,hifld_nearest
18378,37.5292,-81.1945,28,138.0,138.0,False,2.92,West Virginia,Quechan,hifld_pool
18379,37.4078,-81.4099,28,138.0,138.0,False,3.03,West Virginia,Ball,hifld_pool
18380,37.5032,-80.898,28,138.0,138.0,False,1.76,West Virginia,Sanger,hifld_pool
18381,37.4285,-80.982,28,345.0,138.0,False,23.64,West Virginia,Red Tail,hifld_pool
18382,37.3633,-81.1046,28,138.0,138.0,False,23.11,West Virginia,South Princeton,hifld_nearest
18383,37.4046,-80.9337,28,138.0,138.0,False,22.52,West Virginia,Freehold,hifld_pool
18384,37.3544,-81.0216,28,138.0,138.0,False,22.52,West Virginia,Halls Ridge,hifld_nearest
18385,37.4273,-81.321,28,138.0,138.0,False,6.54,West Virginia,Deluce,hifld_pool
18386,37.3909,-81.2985,28,138.0,138.0,False,3.99,West Virginia,Minnix Mountain,hifld_nearest
18387,37.5571,-81.313,28,138.0,138.0,False,6.5,West Virginia,Mullens,hifld_nearest
18388,39.4897,-78.7076,28,138.0,138.0,False,4.86,West Virginia,Royalton,hifld_pool
18389,39.5133,-78.7876,28,138.0,138.0,False,4.27,West Virginia,Dos Condados,hifld_pool
18390,39.4599,-78.9161,28,138.0,138.0,False,0.88,West Virginia,Black Oak,hifld_nearest
18391,39.5082,-79.0601,28,138.0,138.0,False,1.76,West Virginia,Heffley Tap,hifld_pool
18392,39.6535,-78.8903,28,138.0,138.0,False,6.17,West Virginia,Mt Angel,hifld_pool
18393,39.5723,-78.8023,28,138.0,138.0,False,8.92,West Virginia,Nicholson,hifld_pool
18394,39.6298,-78.837,28,345.0,138.0,False,6.17,West Virginia,Ridgeley,hifld_nearest
18395,39.6631,-78.6821,28,138.0,138.0,False,2.27,West Virginia,Brady Heights,hifld_pool
18396,37.5047,-81.9328,28,138.0,138.0,False,4.54,West Virginia,Shannon,hifld_pool
18397,37.569,-81.8823,28,138.0,138.0,False,3.76,West Virginia,Trisonic,hifld_pool
18398,37.9672,-82.2747,28,138.0,138.0,False,1.57,West Virginia,Staples,hifld_pool
18399,37.6778,-82.132,28,345.0,138.0,False,10.98,West Virginia,Ragland,hifld_nearest
18400,37.7032,-82.2072,28,138.0,138.0,False,5.75,West Virginia,Cinder,hifld_nearest
18401,37.6899,-82.1582,28,138.0,138.0,False,6.44,West Virginia,Gate Ii,hifld_pool
18402,37.8453,-82.244,28,138.0,138.0,False,2.54,West Virginia,Shandin,hifld_pool
18403,37.9115,-82.2144,28,138.0,138.0,False,1.91,West Virginia,Hood Mesa,hifld_pool
18404,37.6588,-81.9307,28,138.0,138.0,False,2.66,West Virginia,Ibm Bailey Tap,hifld_pool
18405,37.5969,-81.9777,28,138.0,138.0,False,2.85,West Virginia,Briar Mountain,hifld_nearest
18406,37.6397,-81.9051,28,138.0,138.0,False,3.36,West Virginia,Hoggard,hifld_pool
18407,37.8867,-82.3762,28,138.0,138.0,False,3.36,West Virginia,Iron Belt,hifld_pool
18408,37.8412,-82.3526,28,138.0,138.0,False,3.16,West Virginia,Savage Road,hifld_pool
18409,37.8879,-82.3344,28,138.0,138.0,False,3.16,West Virginia,Slaughter Lane,hifld_pool
18410,37.7567,-82.1924,28,138.0,138.0,False,1.23,West Virginia,Sacramento,hifld_pool
18411,37.732,-82.1306,28,138.0,138.0,False,2.66,West Virginia,White River Power Plant,hifld_pool
18412,37.5058,-82.1288,28,138.0,138.0,False,1.57,West Virginia,Evergreen,hifld_pool
18413,37.482,-82.0227,28,138.0,138.0,False,2.22,West Virginia,Mckinley Wind Park,hifld_pool
18414,37.5426,-82.0169,28,138.0,138.0,False,2.3,West Virginia,Apison Pike,hifld_pool
18415,37.6509,-82.1941,28,138.0,138.0,False,7.63,West Virginia,Sprigg,hifld_nearest
18416,37.6523,-82.4062,28,138.0,138.0,False,6.75,West Virginia,Sidney Coal,hifld_nearest
18417,37.6626,-82.3174,28,138.0,138.0,False,6.75,West Virginia,Turkey Creek,hifld_nearest
18418,39.4506,-79.9295,28,138.0,138.0,False,4.07,West Virginia,Fairbury,hifld_pool
18419,39.7126,-80.2225,28,138.0,138.0,False,3.37,West Virginia,Dragon Court,hifld_pool
18420,39.6758,-80.1576,28,138.0,138.0,False,2.59,West Virginia,Bluestone,hifld_pool
18421,39.561,-79.7657,28,138.0,138.0,False,2.51,West Virginia,Mcneil,hifld_pool
18422,39.5884,-79.8346,28,138.0,138.0,False,2.51,West Virginia,Rockland,hifld_pool
18423,39.5313,-79.7796,28,138.0,138.0,False,2.51,West Virginia,Enosburg,hifld_pool
18424,39.6508,-80.0572,28,138.0,138.0,False,17.35,West Virginia,Osage,hifld_nearest
18425,39.6284,-80.035,28,138.0,138.0,False,15.29,West Virginia,Westover,hifld_nearest
18426,39.5943,-80.1121,28,138.0,138.0,False,14.52,West Virginia,Trinidad,hifld_pool
18427,39.7354,-79.9625,28,138.0,138.0,False,14.52,West Virginia,Fort Martin,hifld_nearest
18428,39.6227,-79.9478,28,138.0,138.0,False,28.69,West Virginia,Mclellan,hifld_pool
18429,39.6585,-79.9836,28,138.0,138.0,False,29.47,West Virginia,Collins Ferry,hifld_nearest
18430,39.6629,-79.9397,28,138.0,138.0,False,28.69,West Virginia,West Run,hifld_nearest
18431,39.6802,-80.0065,28,138.0,138.0,False,28.69,West Virginia,Action,hifld_pool
18432,39.7259,-79.9669,28,138.0,138.0,False,22.86,West Virginia,Longview Power Plant,hifld_nearest
18433,39.5736,-79.8736,28,138.0,138.0,False,21.59,West Virginia,Serfgen,hifld_pool
18434,39.5252,-79.8608,28,345.0,1.0,False,22.36,West Virginia,Ta3,hifld_pool
18435,39.6457,-79.8826,28,138.0,138.0,False,21.59,West Virginia,University Hospital,hifld_pool
18436,39.6038,-80.3963,28,138.0,138.0,False,1.84,West Virginia,Hickory Valley,hifld_pool
18437,37.4911,-80.7893,28,138.0,138.0,False,3.31,West Virginia,Katonah,hifld_pool
18438,37.5536,-80.6566,28,138.0,138.0,False,3.26,West Virginia,Fishers Road,hifld_pool
18439,37.4571,-80.6439,28,138.0,138.0,False,1.47,West Virginia,Suwannee River,hifld_pool
18440,37.3621,-80.6628,28,138.0,138.0,False,1.47,West Virginia,Kimballton,hifld_nearest
18441,37.4627,-80.7319,28,138.0,138.0,False,4.04,West Virginia,Jones Street,hifld_pool
18442,37.5746,-80.7337,28,138.0,138.0,False,6.26,West Virginia,Svp,hifld_pool
18443,37.4268,-80.8141,28,138.0,138.0,False,5.7,West Virginia,Gray'S Flat,hifld_pool
18444,37.6093,-80.5609,28,138.0,138.0,False,2.41,West Virginia,Cheraw Cash Road,hifld_pool
18445,37.5767,-80.564,28,138.0,138.0,False,2.41,West Virginia,Ecoelectrica,hifld_pool
18446,37.5618,-80.4649,28,138.0,138.0,False,2.78,West Virginia,Houghton,hifld_pool
18447,39.5125,-78.1727,28,138.0,138.0,False,12.46,West Virginia,Bahia,hifld_pool
18448,39.5876,-78.2502,28,138.0,138.0,False,12.46,West Virginia,Angle Lake,hifld_pool
18449,39.4855,-78.2809,28,138.0,138.0,False,12.46,West Virginia,Gill,hifld_pool
18450,38.4781,-80.7536,28,138.0,138.0,False,2.77,West Virginia,Burlington Ks,hifld_pool
18451,38.4105,-80.7298,28,138.0,138.0,False,1.92,West Virginia,Kent County Waste To Energy Facility,hifld_pool
18452,38.3145,-80.5018,28,138.0,138.0,False,1.92,West Virginia,Turning Stone,hifld_pool
18453,38.2417,-80.6996,28,138.0,138.0,False,4.7,West Virginia,Nine Canyon,hifld_pool
18454,38.3055,-80.6607,28,138.0,138.0,False,4.14,West Virginia,Rubonia,hifld_pool
18455,38.3039,-80.729,28,138.0,138.0,False,9.56,West Virginia,Sanitreat,hifld_pool
18456,38.1432,-80.9482,28,138.0,138.0,False,2.32,West Virginia,Wing River,hifld_pool
18457,38.1643,-80.828,28,138.0,138.0,False,1.46,West Virginia,Recovery Soco,hifld_pool
18458,38.0888,-80.8631,28,138.0,138.0,False,4.22,West Virginia,Reedsport,hifld_pool
18459,38.2021,-80.7722,28,138.0,138.0,False,1.87,West Virginia,Crossover,hifld_pool
18460,38.2273,-80.8125,28,138.0,138.0,False,1.87,West Virginia,Haefling,hifld_pool
18461,38.1639,-80.7135,28,138.0,138.0,False,2.53,West Virginia,San Lorenzo 3301,hifld_pool
18462,38.2305,-80.8974,28,138.0,138.0,False,9.52,West Virginia,Prior,hifld_pool
18463,38.3275,-80.92,28,138.0,138.0,False,9.52,West Virginia,Doreen,hifld_pool
18464,38.2842,-80.8616,28,138.0,138.0,False,9.52,West Virginia,Myrtle-Date,hifld_pool
18465,40.11,-80.524,28,138.0,138.0,False,6.12,West Virginia,Rubart,hifld_pool
18466,40.0978,-80.5475,28,138.0,138.0,False,6.08,West Virginia,Etowah,hifld_pool
18467,40.056,-80.5401,28,138.0,138.0,False,2.28,West Virginia,Newman,hifld_pool
18468,39.9905,-80.5515,28,138.0,138.0,False,1.86,West Virginia,Boston Bar,hifld_pool
18469,40.267,-80.6134,28,138.0,138.0,False,2.18,West Virginia,Ilion,hifld_pool
18470,38.6101,-79.237,28,138.0,138.0,False,1.34,West Virginia,Stoughton South,hifld_pool
18471,38.6256,-79.1585,28,138.0,138.0,False,1.34,West Virginia,Cibolo,hifld_pool
18472,38.7006,-79.1984,28,138.0,138.0,False,1.34,West Virginia,Pidgeon,hifld_pool
18473,38.5516,-79.6106,28,138.0,138.0,False,1.74,West Virginia,Mohicanville,hifld_pool
18474,38.6473,-79.4293,28,138.0,138.0,False,3.61,West Virginia,Custer Term,hifld_pool
18475,38.7127,-79.2994,28,138.0,138.0,False,5.82,West Virginia,Greenville Steam,hifld_pool
18476,38.8814,-79.4373,28,138.0,138.0,False,2.57,West Virginia,Cane Run Switching,hifld_pool
18477,38.5239,-79.3487,28,138.0,138.0,False,1.91,West Virginia,Dresden Drive,hifld_pool
18478,38.8038,-79.2503,28,138.0,138.0,False,2.75,West Virginia,Elk City Llc,hifld_pool
18479,39.4568,-81.1402,28,138.0,138.0,False,0.99,West Virginia,Sand Station,hifld_pool
18480,39.3413,-81.1818,28,138.0,138.0,False,6.06,West Virginia,San German 6403,hifld_pool
18481,39.4516,-81.05,28,138.0,138.0,False,7.04,West Virginia,Campbelltown,hifld_pool
18482,39.3551,-81.158,28,138.0,138.0,False,6.06,West Virginia,Taft,hifld_pool
18483,39.3457,-81.3654,28,138.0,138.0,False,3.21,West Virginia,Pleasants Energy Llc,hifld_nearest
18484,39.3838,-81.3106,28,138.0,138.0,False,3.21,West Virginia,Firstenergy Willow Island,hifld_nearest
18485,39.2867,-81.4139,28,138.0,138.0,False,2.33,West Virginia,Tulucay,hifld_pool
18486,38.5288,-79.757,28,138.0,138.0,False,2.48,West Virginia,Southwind,hifld_pool
18487,38.342,-79.9019,28,138.0,138.0,False,1.8,West Virginia,Decker Lake,hifld_pool
18488,38.4178,-79.7914,28,138.0,138.0,False,2.27,West Virginia,Pittsfield Generating Lp,hifld_pool
18489,38.1863,-80.3326,28,138.0,138.0,False,1.51,West Virginia,Butano,hifld_pool
18490,38.2328,-80.2549,28,138.0,138.0,False,3.03,West Virginia,Fordham,hifld_pool
18491,38.1453,-80.0943,28,138.0,138.0,False,4.48,West Virginia,Ladd,hifld_pool
18492,38.2488,-80.0871,28,138.0,138.0,False,3.47,West Virginia,Randolf Center,hifld_pool
18493,38.2257,-80.01,28,138.0,138.0,False,3.96,West Virginia,Murphy Creek,hifld_pool
18494,39.5761,-79.6859,28,138.0,138.0,False,1.81,West Virginia,Norwood,hifld_pool
18495,39.5612,-79.6002,28,138.0,138.0,False,1.81,West Virginia,North Batesville,hifld_pool
18496,39.346,-79.6391,28,138.0,138.0,False,2.82,West Virginia,P.T.S,hifld_pool
18497,39.3135,-79.5285,28,138.0,138.0,False,1.06,West Virginia,Littlefork,hifld_pool
18498,39.6361,-79.6445,28,138.0,138.0,False,6.97,West Virginia,Peaceable,hifld_pool
18499,39.6509,-79.5743,28,138.0,138.0,False,6.97,West Virginia,Brandonville,hifld_nearest
18500,39.6077,-79.6581,28,138.0,138.0,False,6.97,West Virginia,Forest,hifld_pool
18501,39.2678,-79.4521,28,138.0,138.0,False,2.59,West Virginia,Roth Rock North Wind Farm Llc,hifld_nearest
18502,39.5054,-79.7904,28,138.0,138.0,False,10.33,West Virginia,Thatcher Junction,hifld_pool
18503,39.4854,-79.7074,28,138.0,138.0,False,5.64,West Virginia,Carancahua,hifld_pool
18504,39.5151,-79.7001,28,138.0,138.0,False,7.449999999999999,West Virginia,K I Sawyer,hifld_pool
18505,39.4644,-79.7764,28,138.0,138.0,False,2.34,West Virginia,Wauzeka,hifld_pool
18506,39.2768,-79.7744,28,138.0,138.0,False,2.4,West Virginia,Cape Coral,hifld_pool
18507,39.4186,-79.5456,28,138.0,138.0,False,4.16,West Virginia,Soldotna,hifld_pool
18508,39.4404,-79.4924,28,138.0,138.0,False,4.16,West Virginia,White Sands Missile Range,hifld_pool
18509,39.501,-79.558,28,138.0,138.0,False,4.16,West Virginia,Johnsville,hifld_pool
18510,39.466,-79.8171,28,138.0,138.0,False,4.36,West Virginia,China,hifld_pool
18511,39.313,-79.7265,28,138.0,138.0,False,3.59,West Virginia,Northwood Cust,hifld_pool
18512,39.4089,-79.8629,28,138.0,138.0,False,5.38,West Virginia,Meadowview,hifld_pool
18513,38.6671,-81.8468,28,138.0,138.0,False,3.86,West Virginia,Robinson Road,hifld_pool
18514,38.6183,-81.9415,28,138.0,138.0,False,2.2,West Virginia,Osawatomie,hifld_pool
18515,38.5387,-81.9593,28,138.0,138.0,False,3.32,West Virginia,Lemon Creek,hifld_pool
18516,38.4902,-81.8751,28,138.0,138.0,False,5.88,West Virginia,John Amos,hifld_nearest
18517,38.4585,-81.7505,28,138.0,138.0,False,5.09,West Virginia,Consumers Energy,hifld_pool
18518,38.5535,-81.9096,28,138.0,138.0,False,2.47,West Virginia,Little River,hifld_pool
18519,38.5786,-81.8697,28,138.0,138.0,False,3.12,West Virginia,Alfalfa,hifld_pool
18520,38.505,-81.9103,28,138.0,138.0,False,2.47,West Virginia,Roberts Bills-Wilmont,hifld_pool
18521,38.4404,-81.8982,28,138.0,138.0,False,7.89,West Virginia,Cpi Usa Nc Southport,hifld_pool
18522,38.4463,-81.9652,28,138.0,138.0,False,7.89,West Virginia,Orange Bulk,hifld_pool
18523,38.5012,-81.9602,28,138.0,138.0,False,13.33,West Virginia,Ramey Field 2 7006,hifld_pool
18524,38.5807,-81.9498,28,138.0,138.0,False,7.64,West Virginia,Ball Park,hifld_pool
18525,38.5353,-81.8385,28,138.0,138.0,False,12.52,West Virginia,Peters Mountain,hifld_pool
18526,37.847,-81.1076,28,138.0,138.0,False,9.61,West Virginia,Dunlavy,hifld_pool
18527,37.7571,-80.954,28,138.0,138.0,False,8.11,West Virginia,Phillips Petroleum,hifld_pool
18528,37.7147,-81.1495,28,138.0,138.0,False,12.0,West Virginia,Devils Lake,hifld_pool
18529,37.9204,-81.2974,28,138.0,138.0,False,25.82,West Virginia,Warner Lambert,hifld_pool
18530,37.8366,-81.2563,28,138.0,138.0,False,26.28,West Virginia,Bethlehem,hifld_pool
18531,37.869,-81.246,28,138.0,138.0,False,25.42,West Virginia,Bradley,hifld_nearest
18532,37.8497,-81.2667,28,345.0,345.0,False,25.34,West Virginia,Jersey,hifld_pool
18533,37.6926,-81.0362,28,138.0,138.0,False,2.42,West Virginia,Stanhill,hifld_pool
18534,37.6824,-81.1957,28,138.0,138.0,False,6.38,West Virginia,Sophia,hifld_nearest
18535,37.6045,-81.0943,28,138.0,138.0,False,4.91,West Virginia,Gadsden,hifld_pool
18536,37.6156,-80.9748,28,138.0,138.0,False,3.92,West Virginia,West Palm Beach,hifld_pool
18537,37.7389,-81.2557,28,138.0,138.0,False,4.97,West Virginia,Affinity,hifld_nearest
18538,37.7561,-81.3063,28,138.0,138.0,False,2.78,West Virginia,Palm Aire,hifld_pool
18539,37.6721,-81.1013,28,138.0,138.0,False,4.22,West Virginia,South Meadow 2,hifld_pool
18540,37.6892,-81.0947,28,138.0,138.0,False,3.94,West Virginia,Cherry Creek,hifld_nearest
18541,37.6569,-81.041,28,138.0,138.0,False,7.65,West Virginia,Domtar - Woodland Mill,hifld_pool
18542,37.7909,-81.4775,28,138.0,138.0,False,4.02,West Virginia,Niagra Paper Of Wisconsin,hifld_pool
18543,37.6857,-80.9154,28,138.0,138.0,False,6.13,West Virginia,Thief River Falls,hifld_pool
18544,37.6591,-80.8739,28,345.0,138.0,False,6.73,West Virginia,Hinton Ap,hifld_nearest
18545,37.6502,-80.8054,28,138.0,138.0,False,7.17,West Virginia,Schertz,hifld_pool
18546,37.7214,-81.4097,28,138.0,138.0,False,5.96,West Virginia,Poplar Gap,hifld_nearest
18547,37.7903,-81.3762,28,138.0,138.0,False,2.39,West Virginia,Hoefsroa2,hifld_pool
18548,37.8909,-81.5205,28,138.0,138.0,False,5.78,West Virginia,Dyer Rd. Altamont,hifld_pool
18549,37.8709,-81.3826,28,138.0,138.0,False,2.41,West Virginia,Stony Point,hifld_pool
18550,37.8141,-81.0352,28,138.0,138.0,False,5.36,West Virginia,Betsy Layne,hifld_pool
18551,37.7489,-80.9879,28,138.0,138.0,False,4.37,West Virginia,Dawn,hifld_pool
18552,37.705,-80.9762,28,138.0,138.0,False,4.37,West Virginia,Drain,hifld_pool
18553,37.697,-81.3631,28,138.0,138.0,False,4.32,West Virginia,Camanche,hifld_pool
18554,37.699,-81.276,28,138.0,138.0,False,6.68,West Virginia,Stotesbury,hifld_nearest
18555,37.7736,-81.3378,28,138.0,138.0,False,2.89,West Virginia,Eaton Park,hifld_pool
18556,38.7887,-79.8861,28,138.0,138.0,False,3.96,West Virginia,Delco Tap,hifld_pool
18557,38.8352,-79.8292,28,138.0,138.0,False,3.52,West Virginia,Hialeah,hifld_pool
18558,38.7496,-79.8415,28,345.0,138.0,False,4.83,West Virginia,Glenshire,hifld_pool
18559,38.8228,-80.019,28,138.0,138.0,False,2.7,West Virginia,Alamogordo Solar Energy Center,hifld_pool
18560,39.0014,-79.777,28,138.0,138.0,False,14.4,West Virginia,Pingston,hifld_pool
18561,38.972,-79.8551,28,138.0,138.0,False,15.73,West Virginia,North Edinburg,hifld_pool
18562,38.9819,-79.7412,28,138.0,138.0,False,14.99,West Virginia,Lcec No. 25,hifld_pool
18563,38.9738,-79.5904,28,138.0,138.0,False,2.62,West Virginia,Essex Hilltop,hifld_pool
18564,38.8025,-79.5702,28,138.0,138.0,False,2.39,West Virginia,Butler Municipal Power Plant,hifld_pool
18565,38.5852,-79.9293,28,138.0,138.0,False,2.76,West Virginia,Piper,hifld_pool
18566,38.6768,-79.8808,28,138.0,138.0,False,2.01,West Virginia,Mcgen,hifld_pool
18567,38.5978,-79.972,28,138.0,138.0,False,2.07,West Virginia,Rainberry,hifld_pool
18568,38.7296,-80.0561,28,138.0,138.0,False,2.86,West Virginia,M.L. Hibbard S.E. Station,hifld_pool
18569,38.6924,-80.1046,28,138.0,138.0,False,3.62,West Virginia,Graham,hifld_pool
18570,38.4968,-80.0579,28,138.0,138.0,False,2.86,West Virginia,Deridder Mill,hifld_pool
18571,39.2483,-81.1679,28,138.0,138.0,False,3.61,West Virginia,Tichigan,hifld_pool
18572,39.1675,-81.0738,28,138.0,138.0,False,3.33,West Virginia,Sandario,hifld_pool
18573,39.0659,-81.0325,28,138.0,138.0,False,4.39,West Virginia,John Street 1 3 4 & 5,hifld_pool
18574,39.2955,-81.083,28,138.0,138.0,False,3.33,West Virginia,Randall Street,hifld_pool
18575,38.7077,-81.4637,28,138.0,138.0,False,1.77,West Virginia,Fiberboard,hifld_pool
18576,38.6322,-81.1832,28,138.0,138.0,False,2.15,West Virginia,Airchem,hifld_pool
18577,38.6378,-81.2697,28,138.0,138.0,False,2.06,West Virginia,Gales Ferry,hifld_pool
18578,38.8204,-81.3569,28,138.0,138.0,False,2.28,West Virginia,Windrock,hifld_pool
18579,38.7979,-81.5188,28,138.0,138.0,False,1.68,West Virginia,Las Vegas 6306,hifld_pool
18580,38.6794,-81.3627,28,138.0,138.0,False,9.32,West Virginia,Walter Scott Energy Center,hifld_pool
18581,38.7983,-81.3017,28,345.0,345.0,False,7.65,West Virginia,Yelm,hifld_pool
18582,38.7361,-81.2663,28,138.0,138.0,False,8.34,West Virginia,Rensselaer Cogen,hifld_pool
18583,38.6163,-81.4499,28,138.0,138.0,False,1.67,West Virginia,Gainesville Renewable Energy Center,hifld_pool
18584,38.7376,-81.3925,28,138.0,138.0,False,1.67,West Virginia,Tarpon Springs,hifld_pool
18585,37.5842,-81.0322,28,138.0,138.0,False,2.31,West Virginia,Wimbledon,hifld_pool
18586,39.1009,-79.4483,28,138.0,138.0,False,1.36,West Virginia,Wfec Genco Llc,hifld_pool
18587,39.1092,-79.3593,28,138.0,138.0,False,2.17,West Virginia,Bee Creek,hifld_pool
18588,39.0272,-79.4747,28,138.0,138.0,False,1.98,West Virginia,Anita,hifld_pool
18589,39.1294,-79.5608,28,138.0,138.0,False,1.83,West Virginia,Paddy'S Run,hifld_pool
18590,39.1654,-79.7596,28,138.0,138.0,False,4.29,West Virginia,Bodo,hifld_pool
18591,39.1872,-79.6898,28,138.0,138.0,False,4.92,West Virginia,Titans,hifld_pool
18592,39.1064,-79.6367,28,138.0,138.0,False,4.92,West Virginia,Mass,hifld_pool
18593,39.4206,-80.8137,28,138.0,138.0,False,4.26,West Virginia,Ellington,hifld_pool
18594,39.5279,-80.7408,28,138.0,138.0,False,2.42,West Virginia,Pomona Park,hifld_pool
18595,39.549,-80.8517,28,138.0,138.0,False,4.42,West Virginia,Scobie Pond,hifld_pool
18596,39.6192,-80.9213,28,138.0,138.0,False,2.71,West Virginia,First St Tap,hifld_pool
18597,39.5008,-80.9453,28,138.0,138.0,False,4.27,West Virginia,Exeter Energy Lp,hifld_pool
18598,39.5789,-80.9718,28,138.0,138.0,False,8.41,West Virginia,Blackrock,hifld_pool
18599,39.4755,-81.0362,28,138.0,138.0,False,3.28,West Virginia,Eastom,hifld_pool
18600,38.9293,-80.4328,28,138.0,138.0,False,3.59,West Virginia,Bel Air,hifld_pool
18601,38.8815,-80.2787,28,138.0,138.0,False,5.66,West Virginia,Ojo,hifld_pool
18602,38.737,-80.3002,28,138.0,138.0,False,1.87,West Virginia,U.T.S.A,hifld_pool
18603,38.8124,-80.3426,28,138.0,138.0,False,3.38,West Virginia,Stanford,hifld_pool
18604,38.7507,-80.1769,28,138.0,138.0,False,1.9,West Virginia,Grand Ronde,hifld_pool
18605,38.8573,-80.1652,28,138.0,138.0,False,1.34,West Virginia,Whites Creek,hifld_pool
18606,38.4171,-82.5682,28,138.0,138.0,False,1.95,West Virginia,South Point,hifld_nearest
18607,37.9323,-82.3676,28,138.0,138.0,False,3.02,West Virginia,40Th Street,hifld_pool
18608,38.0507,-82.3291,28,138.0,138.0,False,2.15,West Virginia,Surrey,hifld_pool
18609,38.2485,-82.3511,28,138.0,138.0,False,2.44,West Virginia,Ordway,hifld_pool
18610,38.1688,-82.4593,28,138.0,138.0,False,3.97,West Virginia,Walton,hifld_pool
18611,38.1504,-82.5355,28,138.0,138.0,False,3.97,West Virginia,Piercefield,hifld_pool
18612,38.1739,-82.4902,28,138.0,138.0,False,3.97,West Virginia,Freeborn,hifld_pool
18613,38.0863,-82.512,28,138.0,138.0,False,2.04,West Virginia,Packaging Of America Tomahawk Mill,hifld_pool
18614,38.0927,-82.3997,28,138.0,138.0,False,5.16,West Virginia,Smithtown,hifld_pool
18615,38.3681,-82.5515,28,138.0,138.0,False,11.6,West Virginia,Ceredo Generating Station,hifld_nearest
18616,38.3864,-82.5191,28,138.0,138.0,False,5.8,West Virginia,Washington Parish Energy Center,hifld_pool
18617,38.3498,-82.4852,28,138.0,138.0,False,2.75,West Virginia,Mcgill,hifld_pool
18618,38.3506,-82.4343,28,138.0,138.0,False,2.75,West Virginia,Mattoon East,hifld_pool
18619,38.1483,-82.632,28,138.0,138.0,False,2.29,West Virginia,Big Sandy,hifld_nearest
18620,38.1827,-82.5848,28,138.0,138.0,False,2.29,West Virginia,Fortson,hifld_pool
18621,38.2535,-82.5311,28,138.0,138.0,False,2.29,West Virginia,Kernville,hifld_pool
18622,38.1663,-82.3878,28,345.0,138.0,False,7.77,West Virginia,Glennville,hifld_pool
18623,38.2423,-82.4435,28,138.0,138.0,False,6.55,West Virginia,South Canton 2,hifld_pool
18624,38.2022,-82.4511,28,138.0,138.0,False,6.55,West Virginia,Holtsville Mgu,hifld_pool
18625,38.4003,-80.555,28,138.0,138.0,False,4.91,West Virginia,Livingston County,hifld_pool
18626,38.4454,-80.4329,28,138.0,138.0,False,3.72,West Virginia,Alger,hifld_pool
18627,38.3662,-80.5463,28,138.0,138.0,False,3.18,West Virginia,R Gallagher,hifld_pool
18628,38.6362,-80.4263,28,138.0,138.0,False,1.77,West Virginia,Elliott,hifld_pool
18629,38.5927,-80.3012,28,138.0,138.0,False,3.55,West Virginia,Las Pulgas,hifld_pool
18630,38.5348,-80.2487,28,138.0,138.0,False,3.77,West Virginia,Loon Lake,hifld_pool
18631,38.5925,-80.3453,28,138.0,138.0,False,4.0,West Virginia,East Plant,hifld_pool
18632,39.6856,-80.5221,28,138.0,138.0,False,2.89,West Virginia,Scranton,hifld_pool
18633,39.6711,-80.4066,28,138.0,138.0,False,2.69,West Virginia,Dupont,hifld_pool
18634,39.613,-80.5203,28,138.0,138.0,False,2.85,West Virginia,Kaukauna Paper Mill,hifld_pool
18635,39.7551,-80.5842,28,138.0,138.0,False,2.18,West Virginia,Emerald Lake,hifld_pool
18636,39.4364,-80.6365,28,138.0,138.0,False,1.56,West Virginia,Lakeover,hifld_pool
18637,39.4989,-80.599,28,138.0,138.0,False,2.64,West Virginia,Alliant Sbd 9801 Aegon Martha'S Way,hifld_pool
18638,38.8918,-81.4053,28,138.0,138.0,False,0.95,West Virginia,East County,hifld_pool
18639,39.1692,-81.275,28,138.0,138.0,False,3.67,West Virginia,Progress Park,hifld_pool
18640,39.1794,-81.4503,28,138.0,138.0,False,2.25,West Virginia,Thermopolis,hifld_pool
18641,39.2474,-81.38,28,138.0,138.0,False,3.13,West Virginia,Dluzerne,hifld_pool
18642,39.0807,-81.7652,28,138.0,138.0,False,1.4,West Virginia,Rindal,hifld_pool
18643,39.1289,-81.7463,28,138.0,138.0,False,1.4,West Virginia,North Salt Lake,hifld_pool
18644,39.1504,-81.4008,28,138.0,138.0,False,2.54,West Virginia,Nilles Corner,hifld_pool
18645,39.2225,-81.4507,28,138.0,138.0,False,5.08,West Virginia,Amea Peaking,hifld_pool
18646,38.9981,-81.5481,28,138.0,138.0,False,7.28,West Virginia,Brookfield Power Glen Falls Hydro,hifld_pool
18647,39.1333,-81.5792,28,138.0,138.0,False,7.05,West Virginia,Poynette,hifld_pool
18648,39.1513,-81.5672,28,138.0,138.0,False,6.22,West Virginia,Poole Ph,hifld_pool
18649,39.2005,-81.6341,28,138.0,138.0,False,22.2,West Virginia,Oelwein,hifld_pool
18650,39.1885,-81.5177,28,138.0,138.0,False,22.2,West Virginia,Charca,hifld_pool
18651,39.1901,-81.5984,28,345.0,345.0,False,22.2,West Virginia,Orenco,hifld_pool
18652,39.2486,-81.5633,28,138.0,138.0,False,22.2,West Virginia,Wnp 1,hifld_pool
18653,39.3766,-81.4884,28,138.0,138.0,False,12.41,West Virginia,Richard Gorsuch,hifld_nearest
18654,39.2314,-81.4845,28,138.0,138.0,False,12.41,West Virginia,Deltrail,hifld_pool
18655,39.3084,-81.5328,28,345.0,345.0,False,24.58,West Virginia,Chilliwick,hifld_pool
18656,39.3149,-81.507,28,138.0,1.0,False,12.41,West Virginia,Roaring Fork,hifld_pool
18657,39.36,-81.567,28,138.0,138.0,False,12.17,West Virginia,Kernridge,hifld_pool
18658,39.4003,-81.5552,28,138.0,138.0,False,12.17,West Virginia,Diablo Canyon,hifld_pool
18659,39.1518,-81.666,28,138.0,138.0,False,8.27,West Virginia,Villa Prades 1335,hifld_pool
18660,39.2634,-81.6003,28,138.0,138.0,False,6.05,West Virginia,White Pine,hifld_pool
18661,39.3035,-81.6795,28,138.0,138.0,False,6.05,West Virginia,Richardsville,hifld_pool
18662,39.3448,-81.4553,28,138.0,138.0,False,5.9,West Virginia,Zeeland Generating Station,hifld_pool
18663,39.3292,-81.5124,28,138.0,138.0,False,5.9,West Virginia,Trinity,hifld_pool
18664,39.394,-81.4955,28,138.0,138.0,False,5.9,West Virginia,Martinez,hifld_pool
18665,37.5637,-81.6483,28,138.0,138.0,False,6.2,West Virginia,Baileysville,hifld_nearest
18666,37.8026,-81.7128,28,138.0,138.0,False,3.32,West Virginia,56Th Street,hifld_pool
18667,37.6653,-81.6555,28,138.0,138.0,False,6.96,West Virginia,Oceana,hifld_nearest
18668,37.5643,-81.7649,28,138.0,138.0,False,3.25,West Virginia,Taylorville South,hifld_pool
18669,37.5291,-81.7318,28,138.0,138.0,False,5.32,West Virginia,Pad Fork,hifld_nearest
18670,37.7601,-81.6513,28,138.0,138.0,False,2.41,West Virginia,Minot Wind Project,hifld_pool
18671,37.5957,-81.4712,28,138.0,138.0,False,2.73,West Virginia,Itmann,hifld_nearest
18672,37.651,-81.4337,28,138.0,138.0,False,3.36,West Virginia,Clam River Dam,hifld_pool
18673,37.6238,-81.4045,28,138.0,138.0,False,6.02,West Virginia,Sea Island,hifld_pool
18674,37.7504,-81.5108,28,138.0,138.0,False,5.37,West Virginia,Kopperston,hifld_nearest
18675,37.8322,-81.4506,28,138.0,138.0,False,4.39,West Virginia,Park,hifld_pool
18676,37.7039,-81.5067,28,345.0,345.0,False,5.21,West Virginia,Mcgraws,hifld_nearest
18677,37.5791,-81.5376,28,138.0,138.0,False,6.71,West Virginia,Mullensville,hifld_nearest
18678,37.5181,-81.5724,28,138.0,138.0,False,4.42,West Virginia,Crows Landing,hifld_pool
18679,37.6999,-81.5709,28,138.0,138.0,False,4.31,West Virginia,Jewfish Creek,hifld_pool
18680,38.4007,-81.7402,28,138.0,1.0,False,0.0,West Virginia,Hughesair,hifld_pool
18681,38.2535,-81.5851,28,138.0,13.8,False,0.0,West Virginia,Renton Junction,hifld_pool
18682,39.1748,-79.2228,28,138.0,13.8,False,0.0,West Virginia,Brooks Field,hifld_pool
18683,39.7521,-80.837,28,345.0,1.0,False,0.0,West Virginia,Jim Hill,hifld_pool
18684,39.6754,-80.861,28,138.0,13.8,False,0.0,West Virginia,Hannibal Port Power Project,hifld_nearest
18685,38.2434,-80.8677,28,345.0,13.8,False,0.0,West Virginia,Buckley Current,hifld_pool
18686,38.4579,-81.8228,28,345.0,13.8,False,0.0,West Virginia,Amos,hifld_nearest
18687,38.988,-81.9103,28,345.0,13.8,False,0.0,West Virginia,South Milford,hifld_pool
18688,39.708,-79.9404,28,345.0,13.8,False,0.0,West Virginia,Firstenergy Fort Martin Power Station,hifld_nearest
18689,39.6359,-79.9638,28,345.0,138.0,False,0.0,West Virginia,Morgantown Energy Facility,hifld_nearest
18690,38.5186,-81.9039,28,138.0,13.8,False,0.0,West Virginia,Winfield,hifld_nearest
18691,39.2103,-79.2136,28,345.0,1.0,False,0.0,West Virginia,Greenland Gap,hifld_nearest
18692,39.3476,-81.2713,28,345.0,13.8,False,0.0,West Virginia,State Line Combined Cycle,hifld_pool
18693,39.3786,-80.3321,28,345.0,1.0,False,0.0,West Virginia,Harrison,hifld_nearest
18694,38.2197,-81.454,28,345.0,13.8,False,0.0,West Virginia,Cabin Creek,hifld_nearest
18695,38.1402,-81.1963,28,345.0,13.8,False,0.0,West Virginia,Hawks Nest Hydro,hifld_nearest
18696,39.175,-79.5355,28,345.0,13.8,False,0.0,West Virginia,Mountaineer Wind Energy Center,hifld_nearest
18697,39.1891,-79.2597,28,345.0,13.8,False,0.0,West Virginia,Stevensville,hifld_pool
18698,39.8671,-80.8274,28,345.0,13.8,False,0.0,West Virginia,Kammer,hifld_nearest
18699,39.6846,-79.9192,28,345.0,1.0,False,0.0,West Virginia,Hassayampa Tap,hifld_pool
18700,39.5625,-80.1507,28,345.0,13.8,False,0.0,West Virginia,Grant Town Power Plant,hifld_nearest
18701,38.231,-81.3544,28,138.0,138.0,False,0.0,West Virginia,London,hifld_nearest
18702,38.9968,-79.8653,28,345.0,345.0,False,0.0,West Virginia,Castle Gardens,hifld_pool
18703,39.1075,-81.7313,28,138.0,1.0,False,0.0,West Virginia,Dean Forest,hifld_pool
18704,38.0491,-80.4961,28,345.0,1.0,False,0.0,West Virginia,Beech Ridge Energy Llc,hifld_nearest
18705,38.3511,-82.545,28,345.0,1.0,False,0.0,West Virginia,Tristate,hifld_nearest
18706,39.3499,-81.3671,28,345.0,13.8,False,0.0,West Virginia,Dollarhide,hifld_pool
18707,38.955,-81.9475,28,345.0,13.8,False,0.0,West Virginia,Sporn,hifld_nearest
18708,39.8218,-80.8229,28,345.0,13.8,False,0.0,West Virginia,Prison Hill,hifld_pool
18709,38.3438,-82.644,28,345.0,345.0,False,0.0,West Virginia,Pleasant Valley Pumps,hifld_pool
18710,38.7057,-83.3956,29,100.0,100.0,False,5.46,Ohio,Huston,hifld_pool
18711,38.7167,-83.6897,29,100.0,100.0,False,8.26,Ohio,Spearman City,hifld_pool
18712,38.648,-83.6997,29,100.0,100.0,False,3.9,Ohio,J M Stuart,hifld_nearest
18713,38.8543,-83.2194,29,100.0,100.0,False,7.52,Ohio,Mount Horeb,hifld_pool
18714,39.0014,-83.3755,29,230.0,230.0,False,18.82,Ohio,Allendale Biomass,hifld_pool
18715,39.0484,-83.3229,29,100.0,100.0,False,8.87,Ohio,Mannum,hifld_pool
18716,38.672,-83.2415,29,100.0,100.0,False,4.94,Ohio,Pittsburg,hifld_pool
18717,38.7858,-83.5759,29,100.0,100.0,False,12.1,Ohio,Moscow,hifld_pool
18718,38.8799,-83.5479,29,100.0,100.0,False,16.43,Ohio,Barron,hifld_pool
18719,39.0282,-83.6116,29,100.0,100.0,False,10.28,Ohio,Harvest Power Orlando,hifld_pool
18720,38.9179,-83.6441,29,100.0,100.0,False,10.51,Ohio,Crawfordville,hifld_pool
18721,39.1725,-82.2555,29,100.0,100.0,False,11.38,Ohio,Willakenzie,hifld_pool
18722,39.1733,-82.3212,29,100.0,100.0,False,9.68,Ohio,Pigeon Creek Trans,hifld_pool
18723,39.2795,-82.0617,29,100.0,100.0,False,23.37,Ohio,Mcdonald,hifld_pool
18724,39.3206,-82.1663,29,100.0,100.0,False,26.68,Ohio,Moapa,hifld_pool
18725,39.3401,-82.0013,29,100.0,100.0,False,23.37,Ohio,Wagon Mound,hifld_pool
18726,39.3638,-82.0725,29,230.0,1.0,False,27.94,Ohio,Vernon Hill,hifld_pool
18727,39.2359,-81.874,29,100.0,100.0,False,7.9,Ohio,Meridian Street,hifld_pool
18728,39.2763,-81.8101,29,100.0,100.0,False,10.45,Ohio,Vacaville Tap,hifld_pool
18729,39.5002,-82.0573,29,100.0,100.0,False,5.83,Ohio,Trimble,hifld_nearest
18730,39.4799,-82.1262,29,100.0,100.0,False,13.09,Ohio,Plains,hifld_pool
18731,39.2592,-81.6632,29,100.0,100.0,False,8.26,Ohio,Lucas Co,hifld_pool
18732,39.4399,-82.2431,29,100.0,100.0,False,9.02,Ohio,North Haven,hifld_pool
18733,39.5131,-82.1827,29,100.0,100.0,False,11.51,Ohio,Greens Bayou 345,hifld_pool
18734,39.4001,-82.2575,29,100.0,1.0,False,11.14,Ohio,Poplar-Antelope,hifld_pool
18735,39.4273,-82.0936,29,100.0,100.0,False,7.68,Ohio,Ellensburg,hifld_pool
18736,40.3044,-84.349,29,100.0,100.0,False,11.55,Ohio,Cole,hifld_pool
18737,40.396,-83.9876,29,100.0,100.0,False,10.47,Ohio,Model City Energy Facility,hifld_pool
18738,40.6171,-83.9166,29,100.0,100.0,False,8.34,Ohio,Higg,hifld_pool
18739,40.444,-84.407,29,100.0,100.0,False,12.62,Ohio,Amsterdam,hifld_nearest
18740,40.5809,-84.3398,29,100.0,100.0,False,11.56,Ohio,West Moulton,hifld_nearest
18741,40.5587,-84.3875,29,100.0,100.0,False,11.56,Ohio,Mcewen,hifld_pool
18742,40.5329,-84.3879,29,230.0,100.0,False,15.7,Ohio,St. Thomas Hospital,hifld_pool
18743,40.5723,-84.1937,29,100.0,100.0,False,12.42,Ohio,Peru,hifld_pool
18744,40.5905,-84.1698,29,230.0,230.0,False,12.56,Ohio,North Weslaco,hifld_pool
18745,40.5816,-84.2489,29,100.0,100.0,False,14.08,Ohio,Kalamazoo,hifld_pool
18746,40.4748,-84.148,29,100.0,100.0,False,15.43,Ohio,Raymond F. Barker,hifld_pool
18747,39.9356,-81.1436,29,230.0,230.0,False,8.64,Ohio,Stuart Ne,hifld_pool
18748,40.0678,-81.1281,29,100.0,100.0,False,11.2,Ohio,Amherst,hifld_pool
18749,40.0116,-81.1461,29,100.0,100.0,False,9.32,Ohio,Speidel,hifld_nearest
18750,40.0015,-80.8061,29,230.0,1.0,False,29.41,Ohio,West Bellaire,hifld_nearest
18751,40.0639,-80.7632,29,100.0,100.0,False,19.0,Ohio,Bellaire Op,hifld_nearest
18752,39.9688,-81.0347,29,100.0,100.0,False,8.42,Ohio,Pocket,hifld_pool
18753,40.2739,-80.766,29,100.0,100.0,False,16.77,Ohio,Gable,hifld_nearest
18754,40.1873,-81.1043,29,100.0,100.0,False,6.95,Ohio,Wise,hifld_pool
18755,39.8578,-80.9512,29,100.0,100.0,False,4.15,Ohio,Orovada,hifld_pool
18756,40.1253,-80.7172,29,100.0,100.0,False,12.17,Ohio,Overlake,hifld_pool
18757,40.136,-80.7766,29,230.0,230.0,False,16.61,Ohio,Hollis,hifld_pool
18758,39.8266,-80.8027,29,100.0,1.0,False,10.95,Ohio,Kammer 2,hifld_nearest
18759,40.1944,-80.7387,29,100.0,100.0,False,9.42,Ohio,Pisgah,hifld_pool
18760,40.0695,-80.9251,29,100.0,100.0,False,14.65,Ohio,Ryegate Power Station,hifld_pool
18761,40.0397,-80.9183,29,100.0,100.0,False,20.68,Ohio,Glencoe,hifld_nearest
18762,40.1026,-80.8481,29,100.0,100.0,False,12.92,Ohio,Honeyville,hifld_pool
18763,40.1276,-80.9414,29,100.0,100.0,False,14.28,Ohio,Cuyamungue,hifld_pool
18764,39.9311,-80.8826,29,100.0,100.0,False,4.88,Ohio,Aidlin,hifld_pool
18765,38.9159,-84.0427,29,100.0,100.0,False,11.28,Ohio,Villa Terrace Wrec,hifld_pool
18766,38.9622,-84.1107,29,100.0,100.0,False,11.28,Ohio,White Springs,hifld_pool
18767,38.9941,-84.0969,29,100.0,100.0,False,11.28,Ohio,Larrabee Road,hifld_pool
18768,39.3572,-84.0196,29,230.0,230.0,False,19.13,Ohio,Pinetree,hifld_pool
18769,39.2184,-83.9719,29,100.0,100.0,False,16.56,Ohio,Church Rock,hifld_pool
18770,38.8473,-84.1883,29,100.0,100.0,False,11.94,Ohio,South Park,hifld_pool
18771,39.0087,-83.9755,29,100.0,100.0,False,15.4,Ohio,Avery Ranch,hifld_pool
18772,38.8391,-83.8889,29,230.0,230.0,False,17.16,Ohio,Pleasure Ridge,hifld_pool
18773,39.1432,-83.5503,29,230.0,230.0,False,16.49,Ohio,Galeville,hifld_pool
18774,39.1623,-83.5312,29,100.0,100.0,False,16.37,Ohio,Villas De Castro 3013,hifld_pool
18775,39.1437,-83.5734,29,100.0,100.0,False,16.37,Ohio,Hospital,hifld_pool
18776,39.2157,-83.5931,29,100.0,100.0,False,16.37,Ohio,Foothill Placer,hifld_pool
18777,39.2386,-83.821,29,100.0,100.0,False,11.0,Ohio,Broomfield,hifld_pool
18778,39.2447,-83.7212,29,100.0,100.0,False,5.51,Ohio,Luna,hifld_pool
18779,39.1337,-83.8237,29,100.0,100.0,False,11.68,Ohio,Pinckneyville Station,hifld_pool
18780,39.0608,-83.9758,29,100.0,100.0,False,20.33,Ohio,Wps Power Niagara,hifld_pool
18781,38.8093,-83.7872,29,100.0,100.0,False,9.91,Ohio,Southwest Hartford,hifld_pool
18782,38.7541,-83.7523,29,100.0,100.0,False,5.69,Ohio,Orinda,hifld_pool
18783,39.046,-83.8167,29,100.0,100.0,False,16.92,Ohio,Seco,hifld_pool
18784,39.0452,-84.0723,29,100.0,100.0,False,8.31,Ohio,Berkeley,hifld_pool
18785,39.174,-84.4406,29,100.0,100.0,False,40.23,Ohio,Adirondack,hifld_pool
18786,39.2474,-84.462,29,100.0,100.0,False,19.11,Ohio,Cougar,hifld_pool
18787,39.3359,-84.293,29,100.0,100.0,False,27.57,Ohio,Priest River,hifld_pool
18788,39.2978,-84.4448,29,100.0,100.0,False,19.3,Ohio,Stock Island,hifld_pool
18789,39.3346,-84.3709,29,100.0,100.0,False,29.5,Ohio,Limon Wind 1,hifld_pool
18790,39.2298,-84.3918,29,100.0,100.0,False,38.22,Ohio,San Bruno,hifld_pool
18791,39.3215,-84.5031,29,100.0,100.0,False,30.08,Ohio,Becker,hifld_pool
18792,39.2984,-84.5876,29,100.0,100.0,False,30.08,Ohio,Rio Vista,hifld_pool
18793,39.2834,-84.5564,29,100.0,100.0,False,33.6,Ohio,Guion,hifld_pool
18794,39.4023,-84.4742,29,100.0,100.0,False,30.08,Ohio,Medicine Lake,hifld_pool
18795,39.6766,-84.4201,29,100.0,100.0,False,19.47,Ohio,Church Rock Tap,hifld_pool
18796,39.4688,-84.4622,29,100.0,100.0,False,38.18,Ohio,Quartz,hifld_pool
18797,39.4035,-84.508,29,100.0,100.0,False,38.18,Ohio,Boost,hifld_pool
18798,39.3752,-84.4226,29,100.0,100.0,False,38.18,Ohio,Scottsboro,hifld_pool
18799,39.365,-84.5006,29,230.0,100.0,False,65.07,Ohio,Hamilton Peaking,hifld_nearest
18800,39.3789,-84.4496,29,100.0,100.0,False,38.18,Ohio,Kirksville,hifld_pool
18801,39.4622,-84.7184,29,230.0,230.0,False,28.83,Ohio,Wellington 1,hifld_pool
18802,39.4352,-84.6442,29,100.0,100.0,False,28.83,Ohio,Midpoint 2,hifld_pool
18803,39.3975,-84.6725,29,230.0,230.0,False,76.18,Ohio,O'Brien,hifld_pool
18804,39.4302,-84.6867,29,100.0,100.0,False,28.83,Ohio,Mccoll Road,hifld_pool
18805,39.4118,-84.5502,29,100.0,100.0,False,10.99,Ohio,Hamilton Hydro,hifld_nearest
18806,39.5001,-84.5709,29,100.0,100.0,False,10.99,Ohio,Ibm Cottle Tap,hifld_pool
18807,39.4131,-84.5811,29,100.0,100.0,False,11.62,Ohio,Glebe,hifld_pool
18808,39.5584,-84.4754,29,100.0,100.0,False,33.6,Ohio,Salt Wells,hifld_pool
18809,39.5721,-84.3738,29,230.0,100.0,False,44.38,Ohio,Jewett,hifld_pool
18810,39.4899,-84.4028,29,100.0,100.0,False,28.95,Ohio,Morristown,hifld_pool
18811,39.4668,-84.3937,29,100.0,100.0,False,28.95,Ohio,Middletown Coke Company Llc,hifld_nearest
18812,39.4961,-84.3936,29,100.0,100.0,False,28.95,Ohio,Louis Doc Bonin,hifld_pool
18813,39.4896,-84.4481,29,100.0,100.0,False,28.95,Ohio,Wheelabrator Bridgeport,hifld_pool
18814,39.5235,-84.3779,29,100.0,1.0,False,47.07,Ohio,Wausau Paper Middletown,hifld_nearest
18815,39.4137,-84.3583,29,100.0,100.0,False,7.81,Ohio,Cle Elum,hifld_pool
18816,39.4389,-84.7689,29,100.0,100.0,False,18.52,Ohio,Railway,hifld_pool
18817,39.4925,-84.7401,29,100.0,100.0,False,18.52,Ohio,Havasu,hifld_pool
18818,39.5033,-84.6211,29,100.0,100.0,False,21.76,Ohio,Donner,hifld_pool
18819,39.4355,-84.5132,29,100.0,100.0,False,12.69,Ohio,Anaconda,hifld_pool
18820,39.5126,-84.4632,29,100.0,100.0,False,12.69,Ohio,Ossining,hifld_pool
18821,39.3302,-84.4649,29,100.0,100.0,False,26.88,Ohio,Kemah,hifld_pool
18822,39.4588,-84.4428,29,100.0,100.0,False,26.88,Ohio,Eastland Dist,hifld_pool
18823,39.3269,-84.4402,29,230.0,230.0,False,26.88,Ohio,Port Union,hifld_nearest
18824,39.3233,-84.5318,29,100.0,100.0,False,26.88,Ohio,Contra Costa,hifld_pool
18825,40.3327,-80.8638,29,100.0,100.0,False,4.19,Ohio,Tuscaloosa T.S,hifld_pool
18826,40.5833,-81.0907,29,100.0,100.0,False,10.16,Ohio,Carrollton,hifld_nearest
18827,40.5959,-81.05,29,230.0,100.0,False,21.76,Ohio,Aqualinda,hifld_pool
18828,40.3085,-81.1925,29,100.0,100.0,False,10.1,Ohio,Mckinney,hifld_pool
18829,40.5005,-81.2532,29,100.0,100.0,False,7.12,Ohio,Domhill,hifld_pool
18830,40.5751,-81.2686,29,100.0,100.0,False,9.52,Ohio,Washington Avenue,hifld_pool
18831,40.4209,-81.1133,29,100.0,100.0,False,9.34,Ohio,Desert Road,hifld_nearest
18832,40.1347,-83.5782,29,100.0,100.0,False,8.47,Ohio,Robbinsville,hifld_pool
18833,40.2208,-83.9304,29,100.0,100.0,False,13.77,Ohio,Boyds Mill Hydro,hifld_pool
18834,40.0883,-83.4798,29,100.0,100.0,False,7.69,Ohio,Sutter,hifld_pool
18835,40.0697,-83.5702,29,100.0,100.0,False,12.3,Ohio,Mechanicsburg,hifld_nearest
18836,39.986,-83.9986,29,100.0,100.0,False,11.61,Ohio,Stagg,hifld_pool
18837,39.9718,-84.0855,29,100.0,100.0,False,11.61,Ohio,Tomball,hifld_pool
18838,40.23,-83.8299,29,100.0,100.0,False,8.96,Ohio,Barnes,hifld_pool
18839,40.0458,-83.8867,29,100.0,100.0,False,5.78,Ohio,Loma Vista,hifld_pool
18840,40.0254,-84.0117,29,100.0,100.0,False,8.81,Ohio,Indian River,hifld_pool
18841,40.3203,-84.2274,29,100.0,100.0,False,20.93,Ohio,Rapid City Dc Tie,hifld_pool
18842,40.2177,-84.1776,29,100.0,100.0,False,20.93,Ohio,Firstenergy R E Burger,hifld_pool
18843,40.3171,-84.1451,29,500.0,100.0,False,43.11,Ohio,Wagley Robertson,hifld_pool
18844,39.9234,-83.7643,29,100.0,100.0,False,11.38,Ohio,East Springfield,hifld_nearest
18845,40.1427,-83.7033,29,100.0,100.0,False,16.57,Ohio,Windhub,hifld_pool
18846,40.1093,-83.7762,29,100.0,100.0,False,14.31,Ohio,Tennessee Ave,hifld_pool
18847,40.129,-83.8179,29,230.0,100.0,False,28.61,Ohio,North Oakland,hifld_pool
18848,40.2007,-83.7299,29,100.0,100.0,False,10.97,Ohio,Dps Ocean Spray,hifld_pool
18849,39.7235,-83.7219,29,100.0,100.0,False,16.21,Ohio,Picante,hifld_pool
18850,39.8856,-83.99,29,100.0,100.0,False,30.26,Ohio,Salt Wells Tap,hifld_pool
18851,39.8671,-84.0915,29,100.0,100.0,False,31.31,Ohio,Farmersville,hifld_pool
18852,39.8102,-83.9642,29,100.0,100.0,False,32.75,Ohio,Yellow Springs,hifld_nearest
18853,39.8255,-84.0043,29,230.0,1.0,False,37.73,Ohio,Enon,hifld_nearest
18854,39.8047,-83.4643,29,230.0,1.0,False,35.33,Ohio,East Marysville,hifld_pool
18855,39.9518,-83.4361,29,100.0,100.0,False,17.09,Ohio,La Joie,hifld_pool
18856,39.829,-83.4718,29,100.0,100.0,False,16.49,Ohio,Sugarloaf,hifld_pool
18857,39.8901,-83.5387,29,100.0,100.0,False,3.24,Ohio,Central Ephrata,hifld_pool
18858,39.9832,-83.5882,29,100.0,100.0,False,3.49,Ohio,Calapooya,hifld_pool
18859,39.9042,-83.7356,29,230.0,230.0,False,36.88,Ohio,Ludington,hifld_pool
18860,39.9965,-83.7204,29,100.0,100.0,False,22.6,Ohio,Bluebonnet,hifld_pool
18861,40.0853,-83.8141,29,100.0,100.0,False,22.6,Ohio,Urbana,hifld_nearest
18862,39.9123,-83.8912,29,500.0,100.0,False,44.04,Ohio,Cedar Hill,hifld_pool
18863,39.8622,-83.8393,29,100.0,100.0,False,17.47,Ohio,Denton West Interchange,hifld_pool
18864,39.9997,-83.8235,29,100.0,100.0,False,12.65,Ohio,Pinedale-Rio Linda,hifld_pool
18865,40.0206,-83.8233,29,100.0,100.0,False,12.65,Ohio,Hamilton St,hifld_pool
18866,39.9641,-83.9347,29,100.0,100.0,False,24.61,Ohio,Fayette Plant 1,hifld_pool
18867,39.8916,-83.8587,29,100.0,100.0,False,12.84,Ohio,Great Falls Sc,hifld_pool
18868,39.9036,-83.8203,29,100.0,100.0,False,25.67,Ohio,Firstenergy Mad River,hifld_nearest
18869,39.8592,-83.6957,29,100.0,100.0,False,33.5,Ohio,Pelicano,hifld_pool
18870,39.8665,-83.7717,29,100.0,100.0,False,13.83,Ohio,Golden Ring,hifld_pool
18871,39.8296,-83.7028,29,100.0,100.0,False,19.04,Ohio,La Grande,hifld_pool
18872,39.8742,-83.7462,29,100.0,100.0,False,24.87,Ohio,Brodhead North,hifld_pool
18873,39.7964,-83.8341,29,100.0,100.0,False,6.76,Ohio,Pratt,hifld_pool
18874,39.002,-84.2571,29,230.0,230.0,False,28.24,Ohio,Elk Wind Farm,hifld_pool
18875,38.9719,-84.3026,29,100.0,100.0,False,17.06,Ohio,Pierce,hifld_nearest
18876,38.9592,-84.1845,29,100.0,100.0,False,15.54,Ohio,Ammonia,hifld_pool
18877,39.094,-83.9919,29,230.0,230.0,False,21.57,Ohio,Woodlawn,hifld_pool
18878,39.0712,-84.1768,29,500.0,1.0,False,37.1,Ohio,Cherry Grove Switching,hifld_pool
18879,39.0826,-84.0844,29,100.0,100.0,False,39.17,Ohio,Thomas,hifld_pool
18880,39.0805,-84.1413,29,100.0,100.0,False,22.21,Ohio,Key Biscayne,hifld_pool
18881,39.1084,-84.3254,29,100.0,100.0,False,19.57,Ohio,Dead River,hifld_pool
18882,39.1145,-84.3938,29,100.0,100.0,False,54.22,Ohio,Fourth Branch Hydroelectric Facility,hifld_pool
18883,39.1116,-84.2477,29,100.0,100.0,False,32.27,Ohio,Montana,hifld_pool
18884,39.1549,-84.3961,29,100.0,100.0,False,35.54,Ohio,Poteet,hifld_pool
18885,39.0693,-84.3151,29,100.0,100.0,False,12.7,Ohio,Golden Sands,hifld_pool
18886,39.0655,-84.3611,29,230.0,230.0,False,24.73,Ohio,Paia Hydroelectric Plant,hifld_pool
18887,39.0077,-84.2966,29,100.0,100.0,False,14.92,Ohio,Beckjord,hifld_nearest
18888,39.0853,-84.2214,29,100.0,100.0,False,15.26,Ohio,Rosendale,hifld_pool
18889,39.019,-84.265,29,100.0,100.0,False,14.92,Ohio,Brook Road,hifld_pool
18890,39.2926,-84.0379,29,100.0,100.0,False,14.7,Ohio,Blackwell,hifld_pool
18891,39.2131,-84.1022,29,100.0,100.0,False,10.43,Ohio,Broadway,hifld_pool
18892,39.2355,-84.0745,29,100.0,100.0,False,10.13,Ohio,Shredder Tap,hifld_pool
18893,39.2424,-84.3165,29,100.0,100.0,False,46.14,Ohio,Andersonville,hifld_pool
18894,39.3432,-84.2352,29,500.0,1.0,False,58.02,Ohio,Spence,hifld_pool
18895,39.296,-84.2677,29,100.0,100.0,False,40.97,Ohio,Foster,hifld_nearest
18896,39.3034,-84.1799,29,100.0,100.0,False,29.19,Ohio,Wesmeco,hifld_pool
18897,39.2716,-84.2891,29,230.0,230.0,False,44.82,Ohio,New Scotland,hifld_pool
18898,39.147,-84.252,29,230.0,230.0,False,34.21,Ohio,Idle Hour,hifld_pool
18899,39.167,-84.2374,29,100.0,100.0,False,24.55,Ohio,Soda Lake,hifld_pool
18900,39.2304,-84.2857,29,100.0,100.0,False,21.5,Ohio,Cumberland Wi,hifld_pool
18901,39.2606,-84.2057,29,100.0,100.0,False,21.98,Ohio,Key West Diesel,hifld_pool
18902,38.9128,-84.1771,29,100.0,100.0,False,8.91,Ohio,Loveridge Rd,hifld_pool
18903,39.0186,-84.2175,29,100.0,100.0,False,8.91,Ohio,Buda,hifld_pool
18904,38.8868,-84.2014,29,100.0,100.0,False,10.52,Ohio,Zimmer,hifld_nearest
18905,39.3812,-83.95,29,100.0,100.0,False,4.97,Ohio,Se. Oxford,hifld_pool
18906,39.6366,-83.7075,29,100.0,100.0,False,6.44,Ohio,Moweaqua,hifld_pool
18907,39.6329,-83.7973,29,100.0,100.0,False,6.96,Ohio,Magella,hifld_pool
18908,39.6811,-83.669,29,100.0,100.0,False,6.34,Ohio,Shepard,hifld_pool
18909,39.4106,-83.4343,29,100.0,100.0,False,4.35,Ohio,Rosenberg,hifld_pool
18910,39.3256,-83.6005,29,100.0,100.0,False,4.83,Ohio,Biers Run,hifld_pool
18911,39.306,-83.6796,29,100.0,100.0,False,8.98,Ohio,Dexter,hifld_pool
18912,39.5223,-83.6369,29,100.0,1.0,False,9.32,Ohio,Forest Avenue Station,hifld_pool
18913,39.4506,-83.6407,29,100.0,100.0,False,10.64,Ohio,C.H. Dexter,hifld_pool
18914,39.5235,-84.0464,29,100.0,100.0,False,28.71,Ohio,Station F Velasco & Kinetic,hifld_pool
18915,39.4414,-83.8003,29,100.0,100.0,False,15.74,Ohio,Sila Ray,hifld_pool
18916,39.4722,-83.9509,29,100.0,100.0,False,16.2,Ohio,Wagner Lake,hifld_pool
18917,39.4167,-83.8621,29,100.0,100.0,False,15.25,Ohio,Ballinger Humble Pump Exxon,hifld_pool
18918,39.4544,-83.8824,29,230.0,100.0,False,15.25,Ohio,Mcgregor Alte,hifld_pool
18919,40.4595,-81.6632,29,100.0,100.0,False,5.8,Ohio,Doyle Energy Facility,hifld_pool
18920,40.4245,-81.7626,29,100.0,100.0,False,10.43,Ohio,Simms,hifld_pool
18921,40.2696,-81.8406,29,100.0,100.0,False,13.06,Ohio,Amherst Jct,hifld_pool
18922,40.2596,-81.8711,29,100.0,100.0,False,13.81,Ohio,South Coshocton,hifld_nearest
18923,40.2865,-81.8563,29,230.0,230.0,False,13.06,Ohio,Rocktenn Coshocton Mill,hifld_nearest
18924,40.3123,-81.9087,29,100.0,100.0,False,13.12,Ohio,West Coshocton,hifld_nearest
18925,40.1558,-82.0358,29,100.0,100.0,False,6.11,Ohio,Westover Hills,hifld_pool
18926,40.0752,-81.9665,29,100.0,100.0,False,7.9,Ohio,Central Florida,hifld_pool
18927,40.1841,-82.2265,29,100.0,100.0,False,4.54,Ohio,Thompson Street,hifld_pool
18928,40.1469,-82.1314,29,100.0,100.0,False,8.45,Ohio,Stanton,hifld_pool
18929,40.4603,-82.0678,29,100.0,100.0,False,2.46,Ohio,Eklutna,hifld_pool
18930,40.2727,-81.4857,29,100.0,100.0,False,7.94,Ohio,Gansner,hifld_pool
18931,40.581,-81.907,29,230.0,230.0,False,15.94,Ohio,West Millersburg,hifld_nearest
18932,40.5073,-81.8375,29,100.0,100.0,False,14.01,Ohio,Lapham,hifld_pool
18933,40.5708,-81.8806,29,100.0,100.0,False,13.48,Ohio,Fitchburg,hifld_pool
18934,40.5465,-81.9268,29,100.0,100.0,False,13.48,Ohio,West Milersburg,hifld_nearest
18935,40.2073,-81.5492,29,100.0,100.0,False,8.97,Ohio,Burleson,hifld_pool
18936,40.3703,-81.518,29,100.0,100.0,False,17.0,Ohio,Sub 18936,hifld_pool
18937,40.343,-82.0377,29,100.0,100.0,False,15.65,Ohio,Kimball Road,hifld_pool
18938,40.2934,-81.7817,29,100.0,100.0,False,12.06,Ohio,Calmar,hifld_pool
18939,40.2601,-81.6946,29,100.0,100.0,False,4.54,Ohio,Granite Falls,hifld_pool
18940,40.5163,-83.0927,29,100.0,100.0,False,30.02,Ohio,Boudoin,hifld_pool
18941,40.6424,-83.1323,29,100.0,100.0,False,30.02,Ohio,Sylvan-Antelope,hifld_pool
18942,40.4866,-83.1257,29,500.0,230.0,False,31.58,Ohio,Waldo,hifld_nearest
18943,40.628,-83.1174,29,230.0,230.0,False,32.93,Ohio,Moss Lake,hifld_pool
18944,40.5887,-83.1564,29,100.0,100.0,False,31.54,Ohio,Whirlpool Corporation - Marion Wind Farm,hifld_nearest
18945,39.9444,-84.4946,29,100.0,100.0,False,7.41,Ohio,Rec Bradford,hifld_pool
18946,39.9099,-84.5408,29,100.0,100.0,False,11.83,Ohio,Longview,hifld_pool
18947,40.0385,-84.5617,29,100.0,100.0,False,7.8,Ohio,Lake Bryan,hifld_pool
18948,40.1038,-84.4961,29,100.0,100.0,False,9.51,Ohio,Striker Ind,hifld_pool
18949,39.8721,-84.4344,29,230.0,100.0,False,30.77,Ohio,Coyote Point,hifld_pool
18950,40.2041,-84.3675,29,100.0,100.0,False,6.13,Ohio,Poso Mountain,hifld_pool
18951,40.0642,-84.3912,29,100.0,100.0,False,13.65,Ohio,Animas,hifld_pool
18952,40.3825,-84.8141,29,100.0,100.0,False,9.01,Ohio,Bair,hifld_pool
18953,40.0967,-84.6456,29,100.0,100.0,False,17.8,Ohio,Arco,hifld_pool
18954,40.1306,-84.619,29,100.0,100.0,False,31.41,Ohio,Indeck Corinth Energy Center,hifld_pool
18955,40.1417,-84.6583,29,100.0,100.0,False,19.77,Ohio,Union Ridge,hifld_pool
18957,39.9173,-84.813,29,100.0,100.0,True,0.0,Ohio,Palogen,hifld_pool
18958,39.97,-84.6724,29,100.0,100.0,False,8.68,Ohio,Websterville,hifld_pool
18959,40.1772,-84.7093,29,100.0,100.0,False,8.35,Ohio,Wauneta,hifld_pool
18960,40.2745,-84.7598,29,100.0,100.0,False,3.16,Ohio,Oconto Falls Upper,hifld_pool
18961,40.3003,-84.5053,29,230.0,230.0,False,12.68,Ohio,La Canada,hifld_pool
18962,40.2556,-84.4291,29,100.0,100.0,False,9.71,Ohio,Roeder,hifld_pool
18963,40.2122,-84.5354,29,100.0,100.0,False,5.0,Ohio,Monte Cristo,hifld_pool
18964,40.4613,-82.961,29,100.0,100.0,False,6.58,Ohio,Grantline-Siefker,hifld_pool
18965,40.2668,-82.7133,29,100.0,100.0,False,6.84,Ohio,Geysers Tap 7,hifld_pool
18966,40.2711,-82.6311,29,100.0,100.0,False,9.04,Ohio,Carmel 146Th St,hifld_pool
18967,40.3126,-82.6812,29,100.0,100.0,False,6.84,Ohio,Georgia-Pacific Brewton Mill,hifld_pool
18968,40.3409,-83.1186,29,100.0,100.0,False,26.36,Ohio,Shouns,hifld_pool
18969,40.3709,-83.0291,29,100.0,100.0,False,30.1,Ohio,Speed,hifld_pool
18970,40.3393,-83.0787,29,230.0,230.0,False,26.36,Ohio,Knoll,hifld_pool
18971,40.3094,-83.0427,29,100.0,100.0,False,27.37,Ohio,East Holbrook,hifld_pool
18972,40.2979,-83.142,29,100.0,100.0,False,26.36,Ohio,Muddy Ridge,hifld_pool
18973,40.0851,-83.172,29,100.0,100.0,False,25.77,Ohio,Hayden,hifld_nearest
18974,40.1238,-83.1622,29,100.0,100.0,False,25.77,Ohio,Pitchgen,hifld_pool
18975,40.1569,-83.1441,29,100.0,100.0,False,25.77,Ohio,Puerto De Ponce,hifld_pool
18976,40.109,-83.1548,29,100.0,100.0,False,42.86,Ohio,Big Valley Lumber Co,hifld_pool
18977,40.109,-83.2433,29,100.0,100.0,False,21.44,Ohio,Lompoc,hifld_pool
18978,40.1448,-83.1159,29,100.0,100.0,False,21.44,Ohio,Nelway,hifld_pool
18979,40.1764,-82.9311,29,100.0,100.0,False,18.82,Ohio,Ne Irving,hifld_pool
18980,40.1411,-82.573,29,100.0,100.0,False,11.25,Ohio,New Spackenkill,hifld_pool
18981,40.1592,-82.6362,29,230.0,1.0,False,13.44,Ohio,Rec Newark,hifld_pool
18982,40.2159,-82.6493,29,100.0,100.0,False,12.35,Ohio,Owatonna,hifld_pool
18983,40.2612,-82.9786,29,100.0,100.0,False,17.0,Ohio,Berrywood,hifld_nearest
18984,40.2411,-82.9584,29,100.0,100.0,False,16.93,Ohio,Le Grand,hifld_pool
18985,40.2104,-82.9658,29,100.0,100.0,False,16.93,Ohio,Lim Rock,hifld_pool
18986,40.3893,-82.8298,29,100.0,100.0,False,12.15,Ohio,Gates Wellhead,hifld_pool
18987,40.4094,-82.7743,29,100.0,100.0,False,6.07,Ohio,South Knoxville,hifld_pool
18988,40.1635,-83.3656,29,100.0,100.0,False,22.62,Ohio,Lyons Falls Hydroelectric,hifld_pool
18989,40.2432,-83.4638,29,100.0,100.0,False,25.05,Ohio,Duke,hifld_pool
18990,40.1516,-83.3386,29,230.0,230.0,False,22.01,Ohio,Lake Hodges,hifld_pool
18991,40.225,-83.4029,29,100.0,100.0,False,21.78,Ohio,West Gardner,hifld_pool
18992,40.331,-83.2344,29,100.0,100.0,False,7.72,Ohio,Toketee,hifld_pool
18993,40.2069,-83.0851,29,100.0,100.0,False,26.59,Ohio,Hyatt,hifld_nearest
18994,40.1465,-83.068,29,100.0,100.0,False,26.59,Ohio,Pacolet Tie,hifld_pool
18995,40.1122,-83.0953,29,100.0,100.0,False,26.59,Ohio,Allatoona,hifld_pool
18996,40.1294,-83.1113,29,100.0,100.0,False,26.59,Ohio,Mustang,hifld_pool
18997,40.3846,-83.309,29,100.0,100.0,False,6.64,Ohio,Oahe,hifld_pool
18998,40.4136,-83.2496,29,100.0,100.0,False,10.56,Ohio,North Bench,hifld_pool
18999,40.448,-83.2992,29,100.0,100.0,False,12.15,Ohio,Bellingham,hifld_pool
19000,40.267,-82.8511,29,100.0,100.0,False,10.71,Ohio,Ellison,hifld_pool
19001,40.346,-82.8127,29,100.0,100.0,False,10.64,Ohio,Exceksuir,hifld_pool
19002,40.2209,-82.887,29,100.0,100.0,False,37.45,Ohio,Sperling,hifld_pool
19003,40.3003,-82.8737,29,230.0,230.0,False,31.16,Ohio,Rhinebeck,hifld_pool
19004,40.1835,-82.8309,29,100.0,100.0,False,44.01,Ohio,V C Summer,hifld_pool
19005,40.1453,-82.9424,29,100.0,100.0,False,20.51,Ohio,Millers Ferry,hifld_pool
19006,39.6435,-82.76,29,100.0,100.0,False,4.56,Ohio,Tulu,hifld_pool
19007,39.6863,-82.8429,29,100.0,100.0,False,7.0,Ohio,Powerline Elkhorn,hifld_pool
19008,39.9131,-82.6223,29,100.0,100.0,False,15.23,Ohio,Westrock Hodge La,hifld_pool
19009,39.8712,-82.5929,29,100.0,100.0,False,11.66,Ohio,West Millersport,hifld_nearest
19010,39.8933,-82.8511,29,100.0,100.0,False,34.29,Ohio,Randle,hifld_pool
19011,39.8247,-82.7415,29,100.0,100.0,False,23.19,Ohio,Chapman,hifld_pool
19012,39.8098,-82.8675,29,230.0,230.0,False,34.71,Ohio,Welton Mohawk,hifld_pool
19013,39.7429,-82.7375,29,100.0,100.0,False,8.34,Ohio,Rancho Santa Fe,hifld_pool
19014,39.5939,-82.9438,29,100.0,100.0,False,16.25,Ohio,Circleville,hifld_nearest
19015,39.5624,-82.9762,29,100.0,100.0,False,18.26,Ohio,Vineyard,hifld_pool
19016,39.5673,-82.8911,29,230.0,230.0,False,19.12,Ohio,Cwec Whittenberg,hifld_pool
19017,39.6132,-82.9233,29,100.0,100.0,False,19.12,Ohio,15Th Avenue South,hifld_pool
19018,39.6941,-82.4891,29,100.0,100.0,False,42.99,Ohio,Benton Harbor,hifld_pool
19019,39.7477,-82.5907,29,100.0,1.0,False,32.64,Ohio,Dodd Road,hifld_pool
19020,39.7642,-82.5792,29,230.0,230.0,False,34.67,Ohio,Wahiawa,hifld_pool
19021,39.6666,-82.6098,29,100.0,100.0,False,34.98,Ohio,Post,hifld_pool
19022,39.7108,-82.6661,29,100.0,100.0,False,32.64,Ohio,West Lancaster,hifld_nearest
19023,39.896,-82.5336,29,100.0,100.0,False,10.82,Ohio,Millersport,hifld_nearest
19024,40.045,-82.7237,29,100.0,100.0,False,18.94,Ohio,Interstate,hifld_pool
19025,40.076,-82.7327,29,100.0,100.0,False,18.94,Ohio,T.R.A,hifld_pool
19026,40.1033,-82.7339,29,100.0,100.0,False,18.94,Ohio,Jug Street,hifld_nearest
19027,39.9303,-82.6647,29,230.0,100.0,False,18.94,Ohio,Tulsa North 2,hifld_pool
19028,39.834,-82.7078,29,100.0,100.0,False,34.77,Ohio,Gosling,hifld_pool
19029,39.8856,-82.7544,29,100.0,100.0,False,26.33,Ohio,Winding Way-New York,hifld_pool
19030,39.8742,-82.7758,29,500.0,230.0,False,49.52,Ohio,Goethe-Mayhew,hifld_pool
19031,39.9465,-82.7429,29,100.0,100.0,False,26.44,Ohio,Crescent City,hifld_pool
19032,39.9101,-82.7524,29,100.0,100.0,False,28.41,Ohio,Paterson Ferry,hifld_pool
19033,39.8583,-82.7864,29,100.0,100.0,False,28.83,Ohio,Cocoplum,hifld_pool
19034,39.966,-82.8656,29,100.0,100.0,False,43.13,Ohio,Wadsworth,hifld_pool
19035,39.9859,-82.8931,29,230.0,230.0,False,43.03,Ohio,Hiwasee River,hifld_pool
19036,39.9974,-82.7909,29,100.0,100.0,False,28.41,Ohio,Chipola,hifld_pool
19037,39.5948,-82.5327,29,100.0,100.0,False,6.98,Ohio,Texas Research,hifld_pool
19038,39.8121,-82.3645,29,100.0,100.0,False,14.83,Ohio,Mcintosh Combined Cycle Facility,hifld_pool
19039,39.8894,-82.4064,29,100.0,100.0,False,10.53,Ohio,Gaucho,hifld_pool
19040,39.3891,-83.3393,29,100.0,100.0,False,17.38,Ohio,Sudbury,hifld_pool
19041,39.2689,-83.432,29,100.0,100.0,False,7.92,Ohio,Wyandotte,hifld_pool
19042,39.6566,-83.5378,29,100.0,100.0,False,6.62,Ohio,Pigeon Forge,hifld_pool
19043,39.7052,-83.3107,29,100.0,100.0,False,11.94,Ohio,Caryville,hifld_pool
19044,39.6489,-83.3377,29,100.0,100.0,False,5.2,Ohio,Talega,hifld_pool
19045,39.479,-83.5037,29,100.0,100.0,False,15.52,Ohio,Port Edwards Mill,hifld_pool
19046,39.5197,-83.406,29,100.0,100.0,False,16.82,Ohio,Calhoun City,hifld_pool
19047,39.5994,-83.4535,29,100.0,100.0,False,15.28,Ohio,Williams Field,hifld_pool
19048,39.5171,-83.4593,29,230.0,1.0,False,16.82,Ohio,Jacks Creek,hifld_pool
19049,39.9618,-82.8016,29,100.0,100.0,False,15.57,Ohio,Ductile,hifld_pool
19050,39.9931,-82.6701,29,100.0,100.0,False,15.92,Ohio,Kirk,hifld_nearest
19051,39.9892,-82.7374,29,100.0,100.0,False,15.57,Ohio,Curlew,hifld_pool
19052,40.0603,-82.7637,29,230.0,230.0,False,15.57,Ohio,Blue Ribbon,hifld_pool
19053,40.1776,-83.0041,29,230.0,230.0,False,29.54,Ohio,Corridor,hifld_nearest
19054,40.1092,-83.0675,29,230.0,100.0,False,43.49,Ohio,Sugarcreek,hifld_pool
19055,40.0602,-83.0014,29,100.0,100.0,False,53.98,Ohio,Huntington,hifld_pool
19056,40.0402,-82.9969,29,100.0,100.0,False,47.22,Ohio,Ainsworth Wind,hifld_pool
19057,40.0865,-82.9902,29,100.0,100.0,False,24.55,Ohio,Black Creek,hifld_pool
19058,40.1234,-83.0474,29,100.0,100.0,False,15.93,Ohio,South Bay,hifld_pool
19059,40.1056,-83.0363,29,100.0,100.0,False,19.1,Ohio,North Park,hifld_pool
19060,40.0442,-82.8973,29,100.0,100.0,False,25.4,Ohio,Ironwood,hifld_pool
19061,40.0372,-82.972,29,100.0,100.0,False,25.4,Ohio,Penobscot Energy Recovery,hifld_pool
19062,40.0133,-83.0197,29,100.0,100.0,False,32.8,Ohio,Little Union,hifld_pool
19063,40.0401,-82.9295,29,100.0,1.0,False,36.61,Ohio,Morgan County,hifld_pool
19064,40.0005,-82.9154,29,100.0,100.0,False,43.98,Ohio,Greg Stbella Vista,hifld_pool
19065,40.0458,-83.0763,29,100.0,100.0,False,16.89,Ohio,Fall City,hifld_pool
19066,40.0154,-82.9651,29,100.0,100.0,False,16.89,Ohio,Johnair,hifld_pool
19067,40.1966,-82.9997,29,100.0,100.0,False,16.89,Ohio,Vernon Street,hifld_pool
19068,40.0608,-83.064,29,100.0,100.0,False,16.89,Ohio,Short Mountain,hifld_pool
19069,40.0801,-83.0997,29,100.0,100.0,False,20.29,Ohio,East Ridge,hifld_pool
19070,40.0215,-82.9458,29,100.0,100.0,False,26.51,Ohio,Ludlow Route 103,hifld_pool
19071,40.0843,-82.8694,29,100.0,100.0,False,26.51,Ohio,Parker,hifld_pool
19072,39.9828,-82.8349,29,100.0,100.0,False,26.51,Ohio,East Broad Street,hifld_nearest
19073,40.1198,-83.0049,29,100.0,100.0,False,26.51,Ohio,Hawkins Street,hifld_pool
19074,40.1103,-82.8145,29,100.0,100.0,False,28.04,Ohio,Santa Maria,hifld_pool
19075,40.0357,-82.8211,29,100.0,100.0,False,28.04,Ohio,Gurabo 3101,hifld_pool
19076,39.9827,-82.7847,29,100.0,1.0,False,28.04,Ohio,Taylor,hifld_nearest
19077,40.0626,-82.916,29,100.0,100.0,False,28.04,Ohio,Great Works Hydro,hifld_pool
19078,40.0955,-82.9157,29,100.0,100.0,False,41.52,Ohio,Richard,hifld_pool
19079,40.0701,-82.9772,29,100.0,100.0,False,21.42,Ohio,South Broadway,hifld_pool
19080,39.9611,-83.1022,29,100.0,100.0,False,35.29,Ohio,Hammer,hifld_pool
19081,39.9866,-82.9878,29,100.0,100.0,False,21.42,Ohio,Goodman,hifld_pool
19082,40.0808,-83.0485,29,100.0,100.0,False,13.87,Ohio,Halfway,hifld_pool
19083,40.1083,-82.9716,29,100.0,100.0,False,14.8,Ohio,North Silver,hifld_pool
19084,39.9736,-83.045,29,100.0,100.0,False,54.16,Ohio,Westinghouse,hifld_pool
19085,40.0344,-83.0598,29,100.0,100.0,False,23.41,Ohio,Santa Teresa,hifld_pool
19086,39.9472,-83.0556,29,100.0,100.0,False,18.58,Ohio,Mariposa,hifld_pool
19087,40.086,-82.9541,29,100.0,100.0,False,18.58,Ohio,Dilles Bottom,hifld_pool
19088,39.9883,-82.9605,29,100.0,100.0,False,18.58,Ohio,Rush Island,hifld_pool
19089,39.9663,-83.0691,29,100.0,100.0,False,54.09,Ohio,Maraschino,hifld_pool
19090,39.9267,-82.9682,29,100.0,100.0,False,24.31,Ohio,Talpa,hifld_pool
19091,40.0101,-83.0427,29,230.0,230.0,False,78.89,Ohio,Keyes-Fibre Co,hifld_pool
19092,39.9381,-83.0296,29,100.0,100.0,False,42.02,Ohio,Reaver,hifld_nearest
19093,40.0185,-83.0945,29,100.0,100.0,False,12.71,Ohio,Haveda,hifld_pool
19094,39.9787,-82.8059,29,230.0,100.0,False,20.85,Ohio,Lucent,hifld_nearest
19095,39.9454,-82.8328,29,100.0,100.0,False,20.85,Ohio,Rincon,hifld_pool
19096,39.894,-82.7977,29,100.0,100.0,False,20.96,Ohio,Brimley,hifld_pool
19097,39.9154,-83.1464,29,100.0,100.0,False,27.8,Ohio,West Vaco,hifld_pool
19098,39.9235,-83.0748,29,100.0,100.0,False,32.02,Ohio,Pearl Ave,hifld_pool
19099,39.984,-83.152,29,100.0,100.0,False,27.8,Ohio,St Cloud,hifld_pool
19100,39.9994,-83.0677,29,100.0,100.0,False,39.49,Ohio,Flambeau Solar Partners,hifld_pool
19101,39.9589,-83.1236,29,100.0,100.0,False,28.84,Ohio,Sydney Road,hifld_pool
19102,39.9833,-83.0814,29,100.0,100.0,False,57.68,Ohio,Estacada,hifld_pool
19103,39.961,-83.0007,29,100.0,100.0,False,36.7,Ohio,Reenergy Black River,hifld_pool
19104,39.9899,-83.0124,29,100.0,100.0,False,31.32,Ohio,Smith Electrical,hifld_nearest
19105,40.0127,-82.8908,29,100.0,100.0,False,18.65,Ohio,Vallejo B,hifld_pool
19106,39.9615,-82.9769,29,100.0,100.0,False,14.62,Ohio,Rankin Lake,hifld_pool
19107,39.9096,-82.9017,29,100.0,100.0,False,14.98,Ohio,Blackberry,hifld_pool
19108,39.9623,-82.9364,29,100.0,100.0,False,14.98,Ohio,Caterpillar,hifld_pool
19109,40.0086,-82.983,29,100.0,100.0,False,18.75,Ohio,Wilmington Station C Tap,hifld_pool
19110,39.8737,-83.0215,29,100.0,100.0,False,18.75,Ohio,Kleburg,hifld_pool
19111,39.9509,-82.8949,29,100.0,100.0,False,28.91,Ohio,Carborundum,hifld_pool
19112,39.9377,-82.913,29,230.0,230.0,False,66.21,Ohio,J P Priest,hifld_pool
19113,39.8347,-82.8701,29,100.0,100.0,False,28.91,Ohio,Avera,hifld_pool
19114,39.9625,-82.8938,29,100.0,100.0,False,43.53,Ohio,Chowchilla,hifld_pool
19115,39.9008,-83.0448,29,100.0,100.0,False,43.39,Ohio,Central Ohio Bioenergy Plant 1,hifld_nearest
19116,39.8543,-83.0344,29,100.0,100.0,False,25.04,Ohio,Belridge 1B,hifld_pool
19117,39.8962,-82.9873,29,100.0,100.0,False,26.92,Ohio,Salt Springs,hifld_pool
19118,39.982,-82.91,29,100.0,100.0,False,37.45,Ohio,East Hills,hifld_pool
19119,39.8971,-82.9241,29,100.0,100.0,False,24.74,Ohio,Bixby,hifld_nearest
19120,39.9298,-83.2403,29,100.0,100.0,False,18.97,Ohio,Pioneer Generating Station,hifld_pool
19121,39.8975,-83.2497,29,100.0,100.0,False,19.04,Ohio,Rocky River,hifld_pool
19122,39.9642,-83.2303,29,100.0,100.0,False,18.97,Ohio,Cold River,hifld_pool
19123,39.974,-83.2065,29,100.0,100.0,False,18.97,Ohio,Murrietta 2,hifld_pool
19124,39.8774,-83.0717,29,230.0,230.0,False,52.08,Ohio,Beatty,hifld_nearest
19125,39.788,-83.0509,29,100.0,100.0,False,33.34,Ohio,Picway,hifld_nearest
19126,39.7714,-83.1126,29,100.0,100.0,False,33.34,Ohio,Norwich,hifld_pool
19127,39.9308,-83.1451,29,100.0,100.0,False,32.02,Ohio,South Side,hifld_pool
19128,39.8911,-83.1283,29,100.0,100.0,False,32.02,Ohio,Bolton,hifld_nearest
19129,39.7629,-82.9067,29,100.0,100.0,False,13.48,Ohio,South Bay 2,hifld_pool
19130,40.0974,-83.1706,29,230.0,230.0,False,55.38,Ohio,Brownsville Indl.Pk,hifld_pool
19131,39.9468,-83.1125,29,230.0,100.0,False,48.35,Ohio,Getchel,hifld_pool
19132,39.9999,-83.1929,29,100.0,100.0,False,31.67,Ohio,Hiawatha,hifld_pool
19133,40.0509,-83.1476,29,100.0,100.0,False,51.05,Ohio,Wansley,hifld_pool
19134,40.0239,-83.1687,29,500.0,1.0,False,75.41,Ohio,Fishhawk,hifld_pool
19135,39.8262,-82.9751,29,100.0,100.0,False,9.12,Ohio,Eugene,hifld_pool
19136,40.0337,-82.8672,29,100.0,100.0,False,14.09,Ohio,Mazomanie,hifld_pool
19137,40.042,-82.759,29,100.0,100.0,False,14.09,Ohio,Schoolcraft,hifld_pool
19138,39.7924,-83.1239,29,100.0,100.0,False,11.3,Ohio,Star City,hifld_pool
19139,39.7911,-83.2156,29,100.0,100.0,False,11.96,Ohio,Ballah Switch,hifld_nearest
19140,39.6921,-83.1776,29,100.0,100.0,False,11.3,Ohio,Skin Fork,hifld_pool
19141,40.1447,-83.2969,29,100.0,100.0,False,11.49,Ohio,Seaway,hifld_pool
19142,40.1713,-83.2256,29,100.0,100.0,False,15.11,Ohio,Orange Cogeneration Facility,hifld_pool
19143,40.0394,-83.2967,29,100.0,100.0,False,11.49,Ohio,Palo Seco,hifld_pool
19144,40.1372,-82.894,29,100.0,100.0,False,30.68,Ohio,New Ulm,hifld_pool
19145,40.1236,-82.8688,29,500.0,1.0,False,88.94,Ohio,Walsenburg,hifld_pool
19146,40.0601,-82.9668,29,230.0,230.0,False,47.8,Ohio,Shingle Creek,hifld_pool
19147,40.0707,-82.9003,29,100.0,100.0,False,44.17,Ohio,International Paper Valliant Ok,hifld_pool
19148,38.9355,-82.2065,29,100.0,100.0,False,6.32,Ohio,Mesa Heights,hifld_pool
19149,38.9517,-82.3124,29,100.0,100.0,False,6.32,Ohio,Metrowest,hifld_pool
19150,38.5694,-82.2392,29,100.0,100.0,False,3.19,Ohio,Kenzig,hifld_pool
19151,38.716,-82.2474,29,100.0,100.0,False,16.69,Ohio,Pinn Road,hifld_pool
19152,38.8095,-82.2994,29,100.0,100.0,False,10.31,Ohio,Willimantic,hifld_pool
19153,38.7928,-82.2429,29,100.0,100.0,False,10.31,Ohio,Lafayatte Concord Road,hifld_pool
19154,38.8589,-82.3208,29,230.0,230.0,False,15.48,Ohio,Sierra Pacific Industries Bfp,hifld_pool
19155,38.8878,-82.6299,29,100.0,100.0,False,20.83,Ohio,Skelton,hifld_pool
19156,38.8535,-82.4282,29,100.0,100.0,False,4.22,Ohio,Tiger Tie,hifld_pool
19157,38.7236,-82.4003,29,100.0,100.0,False,9.16,Ohio,Hay Mill,hifld_pool
19158,39.0061,-82.4664,29,100.0,100.0,False,7.35,Ohio,Jocassee Tie,hifld_pool
19159,39.6282,-84.1464,29,100.0,100.0,False,39.9,Ohio,Centerville,hifld_nearest
19160,39.6313,-83.9714,29,100.0,100.0,False,12.02,Ohio,Sub 19160,hifld_pool
19161,39.8345,-84.1088,29,230.0,230.0,False,37.26,Ohio,Sangar,hifld_pool
19162,39.8306,-84.0617,29,100.0,100.0,False,27.36,Ohio,Berkeley T,hifld_pool
19163,39.9422,-84.0393,29,100.0,100.0,False,27.36,Ohio,New Carlisle,hifld_nearest
19164,39.8006,-84.0604,29,100.0,100.0,False,39.48,Ohio,Airway,hifld_nearest
19165,39.8301,-84.1207,29,100.0,100.0,False,27.36,Ohio,Ncpa 3&4,hifld_pool
19166,39.8025,-84.1224,29,100.0,100.0,False,40.06,Ohio,Jarales Tap,hifld_pool
19167,39.8167,-84.1725,29,100.0,100.0,False,18.03,Ohio,Deshler,hifld_pool
19168,39.7421,-84.0355,29,100.0,100.0,False,43.05,Ohio,Ellsworth Hydro Station,hifld_pool
19169,39.6397,-84.0905,29,100.0,100.0,False,20.86,Ohio,Bellbrook,hifld_nearest
19170,39.6943,-83.9714,29,100.0,100.0,False,11.23,Ohio,Trebein,hifld_nearest
19171,39.7243,-84.0835,29,100.0,100.0,False,11.11,Ohio,Colusa Junction,hifld_pool
19172,39.709,-84.0141,29,100.0,100.0,False,17.87,Ohio,Greene,hifld_nearest
19173,39.6692,-84.0578,29,100.0,100.0,False,14.2,Ohio,Alpha,hifld_nearest
19174,39.7282,-84.1481,29,100.0,100.0,False,35.06,Ohio,Overlook,hifld_nearest
19175,39.6031,-84.0576,29,100.0,100.0,False,26.23,Ohio,Bertram,hifld_pool
19176,39.6198,-84.2126,29,100.0,100.0,False,19.01,Ohio,Beulah,hifld_pool
19177,39.6466,-84.1459,29,100.0,100.0,False,19.01,Ohio,Greenwood Solar Farm,hifld_pool
19178,39.6668,-84.1406,29,100.0,100.0,False,19.01,Ohio,Sobrante,hifld_pool
19179,39.5989,-84.1028,29,230.0,100.0,False,22.72,Ohio,Sugar Creek,hifld_nearest
19180,39.5972,-84.199,29,100.0,100.0,False,20.47,Ohio,Yankee Street,hifld_nearest
19181,39.5668,-84.0711,29,100.0,100.0,False,22.71,Ohio,Fern Street,hifld_pool
19182,39.6126,-84.0979,29,100.0,100.0,False,20.47,Ohio,Calderwood,hifld_pool
19183,39.6052,-83.8566,29,100.0,100.0,False,25.51,Ohio,West Rutland,hifld_pool
19184,39.6519,-83.8788,29,100.0,100.0,False,27.34,Ohio,North Main,hifld_pool
19185,39.5913,-83.9084,29,100.0,100.0,False,25.76,Ohio,Guernsey,hifld_pool
19186,39.6505,-83.8962,29,230.0,230.0,False,27.34,Ohio,Arab,hifld_pool
19187,39.8738,-81.5892,29,100.0,100.0,False,11.8,Ohio,F B Culley,hifld_pool
19188,39.9881,-81.563,29,230.0,230.0,False,24.44,Ohio,Barrett,hifld_pool
19189,40.0581,-81.4713,29,100.0,100.0,False,15.83,Ohio,Avena Tap 2,hifld_pool
19190,40.0642,-81.615,29,100.0,100.0,False,16.73,Ohio,Westcoast Cellufibre,hifld_pool
19191,40.0773,-81.5277,29,100.0,100.0,False,15.75,Ohio,Orange River,hifld_pool
19192,40.1924,-81.2974,29,100.0,100.0,False,4.45,Ohio,Stafford Junction,hifld_pool
19193,40.0876,-81.8069,29,100.0,100.0,False,8.23,Ohio,Browns Valley,hifld_pool
19194,40.0902,-81.7432,29,100.0,100.0,False,7.2,Ohio,Fritch,hifld_pool
19195,39.9886,-81.7031,29,100.0,100.0,False,6.290000000000001,Ohio,Rockingham,hifld_pool
19196,40.0151,-81.3739,29,100.0,100.0,False,12.23,Ohio,Mishicot,hifld_pool
19197,39.8951,-81.2433,29,100.0,100.0,False,8.28,Ohio,Bodcau Road,hifld_pool
19198,39.8552,-81.3987,29,100.0,1.0,False,7.38,Ohio,Wally Road,hifld_pool
19199,39.2892,-84.6028,29,100.0,100.0,False,18.69,Ohio,Walnut City,hifld_pool
19200,39.2151,-84.5233,29,100.0,100.0,False,25.06,Ohio,Innovation,hifld_pool
19201,39.3095,-84.4874,29,100.0,100.0,False,18.69,Ohio,Ely,hifld_pool
19202,39.2839,-84.3904,29,100.0,100.0,False,18.69,Ohio,Rochester Hydro,hifld_pool
19203,39.2367,-84.3593,29,100.0,100.0,False,12.13,Ohio,Indeck West Enfield Energy Center,hifld_pool
19204,39.3431,-84.61,29,100.0,100.0,False,15.97,Ohio,California Ave,hifld_pool
19205,39.2973,-84.639,29,100.0,100.0,False,15.34,Ohio,Five Points,hifld_pool
19206,39.2543,-84.551,29,100.0,100.0,False,28.93,Ohio,Odessa,hifld_pool
19207,39.2113,-84.4748,29,100.0,100.0,False,15.34,Ohio,Terminal,hifld_nearest
19208,39.2555,-84.5255,29,230.0,100.0,False,62.58,Ohio,Dpc Argyle,hifld_pool
19209,39.1372,-84.5178,29,100.0,100.0,False,28.01,Ohio,Rochelle,hifld_nearest
19210,39.2603,-84.6105,29,100.0,100.0,False,32.21,Ohio,Watson,hifld_pool
19211,39.2428,-84.4961,29,100.0,100.0,False,28.01,Ohio,Finneytown,hifld_nearest
19212,39.2154,-84.351,29,100.0,100.0,False,15.11,Ohio,Odessa Southwest,hifld_pool
19213,39.1975,-84.3545,29,230.0,230.0,False,47.28,Ohio,Wood,hifld_pool
19214,39.2641,-84.3596,29,100.0,100.0,False,15.11,Ohio,Sonora,hifld_pool
19215,39.2183,-84.4046,29,100.0,100.0,False,20.29,Ohio,Fayetteville South,hifld_pool
19216,39.1944,-84.4452,29,100.0,100.0,False,65.27,Ohio,Great Lakes Hydro America - Me,hifld_pool
19217,39.2854,-84.7007,29,100.0,100.0,False,31.79,Ohio,Willey Battery Utility,hifld_nearest
19218,39.148,-84.6813,29,100.0,100.0,False,27.96,Ohio,Mcadams,hifld_pool
19219,39.0727,-84.6277,29,100.0,100.0,False,21.49,Ohio,Cheek,hifld_pool
19220,39.2183,-84.3243,29,100.0,100.0,False,31.93,Ohio,Texsul,hifld_pool
19221,39.2033,-84.4354,29,230.0,1.0,False,72.92,Ohio,Gibsonia,hifld_pool
19222,39.1744,-84.5889,29,100.0,100.0,False,30.44,Ohio,Deerfield 5,hifld_pool
19223,39.2023,-84.5396,29,100.0,100.0,False,19.4,Ohio,Clarence,hifld_pool
19224,39.1953,-84.5617,29,100.0,100.0,False,30.72,Ohio,John R Kelly,hifld_pool
19225,39.1825,-84.5762,29,100.0,100.0,False,30.68,Ohio,David Swinford,hifld_pool
19226,39.1492,-84.536,29,230.0,138.0,False,34.15,Ohio,Meadowdale,hifld_pool
19227,39.2443,-84.2607,29,100.0,100.0,False,13.6,Ohio,Bel-Aire,hifld_pool
19228,39.1738,-84.3349,29,100.0,100.0,False,15.66,Ohio,Viscount,hifld_pool
19229,39.1935,-84.2915,29,100.0,100.0,False,15.66,Ohio,Bridgewater,hifld_pool
19230,39.1666,-84.5308,29,100.0,100.0,False,23.09,Ohio,Kenzie Creek,hifld_pool
19231,39.0676,-84.5606,29,100.0,100.0,False,19.55,Ohio,Rock Tavern,hifld_pool
19232,39.2026,-84.6578,29,100.0,100.0,False,25.51,Ohio,Lucerne,hifld_pool
19233,39.1599,-84.6407,29,100.0,100.0,False,23.99,Ohio,Florida'S Natural Growers,hifld_pool
19234,39.1968,-84.6993,29,100.0,100.0,False,17.07,Ohio,Sunrise Power,hifld_pool
19235,39.0622,-84.7036,29,100.0,100.0,False,27.9,Ohio,Kinmundy,hifld_pool
19236,39.1023,-84.4651,29,100.0,100.0,False,56.55,Ohio,Pit 1,hifld_pool
19237,39.1275,-84.4582,29,100.0,100.0,False,26.06,Ohio,30Th Ave,hifld_pool
19238,39.1412,-84.4722,29,100.0,100.0,False,26.56,Ohio,Ashland,hifld_nearest
19239,39.1304,-84.5706,29,100.0,100.0,False,24.74,Ohio,Bayou Chico,hifld_pool
19240,39.1451,-84.6097,29,100.0,100.0,False,65.19,Ohio,Broken Bow,hifld_pool
19241,39.0773,-84.5167,29,230.0,1.0,False,57.01,Ohio,Airport Lane,hifld_pool
19242,39.2163,-84.686,29,230.0,230.0,False,24.74,Ohio,Deland West,hifld_pool
19243,39.1536,-84.4197,29,230.0,230.0,False,52.69,Ohio,North Belt,hifld_pool
19244,39.0712,-84.4136,29,100.0,100.0,False,13.77,Ohio,Ash Street Station 223,hifld_pool
19245,39.1069,-84.5231,29,100.0,100.0,False,11.89,Ohio,Charles,hifld_nearest
19246,39.186,-84.4711,29,100.0,100.0,False,11.89,Ohio,Lobo,hifld_pool
19247,39.1539,-84.5027,29,100.0,100.0,False,23.14,Ohio,Ehrlich Road,hifld_pool
19248,39.2661,-84.6662,29,100.0,100.0,False,12.46,Ohio,Grs Lyon,hifld_pool
19249,39.143,-84.308,29,100.0,100.0,False,12.07,Ohio,Teche,hifld_pool
19250,39.0171,-84.7127,29,100.0,100.0,False,10.99,Ohio,Silver Creek,hifld_pool
19251,39.1498,-84.7222,29,100.0,100.0,False,11.01,Ohio,Interbay,hifld_pool
19252,39.2054,-84.5076,29,100.0,100.0,False,29.29,Ohio,Wagon Wheel,hifld_pool
19253,39.15,-84.5738,29,100.0,100.0,False,13.28,Ohio,Plymouth 3,hifld_pool
19254,39.0198,-84.5071,29,100.0,100.0,False,21.42,Ohio,Boswell Dairy Ave,hifld_pool
19255,39.0946,-84.5729,29,100.0,100.0,False,45.37,Ohio,Oulu,hifld_pool
19256,39.0343,-84.6659,29,100.0,100.0,False,25.08,Ohio,Refinery,hifld_pool
19257,39.0815,-84.6637,29,230.0,138.0,False,36.07,Ohio,Oak Park,hifld_pool
19258,39.1357,-84.6705,29,230.0,138.0,False,40.21,Ohio,P & W Aircraft,hifld_pool
19259,39.1056,-84.5577,29,100.0,100.0,False,33.06,Ohio,Upr,hifld_pool
19260,39.1164,-84.3747,29,100.0,100.0,False,18.86,Ohio,Gleason,hifld_pool
19261,39.0144,-84.3867,29,100.0,100.0,False,18.86,Ohio,Silver Grove,hifld_nearest
19262,39.0511,-84.3799,29,100.0,100.0,False,18.86,Ohio,Everglades City,hifld_pool
19263,39.0198,-84.4203,29,100.0,100.0,False,18.86,Ohio,Plant X,hifld_pool
19264,39.2604,-84.7872,29,100.0,100.0,False,12.48,Ohio,Mwd Eastside Res Tap,hifld_pool
19265,39.1725,-84.713,29,100.0,100.0,False,12.23,Ohio,Southpac,hifld_pool
19266,39.3126,-84.7333,29,100.0,100.0,False,12.28,Ohio,Stevens Drive,hifld_pool
19267,39.181,-84.7672,29,100.0,1.0,False,28.41,Ohio,Bridgehampton,hifld_pool
19268,39.1332,-84.8098,29,100.0,100.0,False,7.57,Ohio,South Mission,hifld_pool
19269,40.5272,-83.7372,29,100.0,100.0,False,11.58,Ohio,Sun Harbor,hifld_pool
19270,40.5725,-83.3764,29,100.0,100.0,False,7.19,Ohio,Cherokee County Cogen,hifld_pool
19271,40.5364,-83.5006,29,100.0,100.0,False,6.11,Ohio,Plaster,hifld_pool
19272,40.436,-80.9311,29,100.0,100.0,False,11.06,Ohio,East Orange,hifld_pool
19273,40.2305,-80.9873,29,100.0,100.0,False,7.51,Ohio,South Cadiz,hifld_nearest
19274,40.2986,-80.9853,29,230.0,230.0,False,13.96,Ohio,Steensen Ss 109,hifld_pool
19275,40.3384,-81.2935,29,230.0,230.0,False,16.55,Ohio,Drouet,hifld_pool
19276,40.3777,-81.3375,29,100.0,100.0,False,12.03,Ohio,Dennison,hifld_nearest
19277,39.1644,-83.3574,29,100.0,100.0,False,9.83,Ohio,Goodrich,hifld_pool
19278,39.2145,-83.2154,29,100.0,100.0,False,6.51,Ohio,Radfords Run Wind Farm,hifld_pool
19279,39.4186,-82.6624,29,100.0,100.0,False,11.18,Ohio,Chouteau,hifld_pool
19280,39.4543,-82.7224,29,100.0,100.0,False,9.16,Ohio,Cal Cement,hifld_pool
19281,39.4839,-82.4495,29,500.0,230.0,False,25.81,Ohio,Jack Ramey Wind,hifld_pool
19282,39.4656,-82.4395,29,100.0,100.0,False,13.12,Ohio,Charco Hondo 8008,hifld_pool
19283,39.5455,-82.3277,29,100.0,100.0,False,14.9,Ohio,Steel Sun,hifld_pool
19284,40.5253,-81.6953,29,100.0,100.0,False,14.71,Ohio,Sasco Creek,hifld_pool
19285,40.5657,-81.6528,29,100.0,100.0,False,11.11,Ohio,Fort King,hifld_pool
19286,39.2501,-83.0497,29,100.0,100.0,False,31.76,Ohio,Bandy,hifld_pool
19287,39.3426,-82.9691,29,100.0,100.0,False,31.7,Ohio,Ames Gt,hifld_pool
19288,39.2473,-82.9478,29,500.0,230.0,False,31.7,Ohio,Great Lakes,hifld_pool
19289,39.3355,-83.0575,29,100.0,100.0,False,31.7,Ohio,Harding,hifld_pool
19290,39.3458,-83.0199,29,230.0,230.0,False,31.7,Ohio,Southside Tap,hifld_pool
19291,39.0879,-82.5998,29,230.0,230.0,False,10.93,Ohio,Janesville General,hifld_pool
19292,38.8791,-82.751,29,100.0,100.0,False,14.75,Ohio,Descanso,hifld_pool
19293,39.0587,-82.7515,29,100.0,100.0,False,10.93,Ohio,Sunnyvale,hifld_pool
19294,39.0298,-82.6732,29,100.0,100.0,False,10.93,Ohio,Parkchester,hifld_pool
19295,39.1591,-82.5814,29,100.0,100.0,False,11.54,Ohio,20Th St,hifld_pool
19296,39.0941,-82.6431,29,100.0,100.0,False,10.47,Ohio,Roman Nose,hifld_pool
19297,39.0689,-82.5004,29,100.0,100.0,False,10.56,Ohio,Castle,hifld_pool
19298,40.5189,-80.7831,29,100.0,100.0,False,8.85,Ohio,Holt Switch,hifld_nearest
19299,40.4711,-80.7295,29,100.0,100.0,False,13.05,Ohio,Twin Lakes,hifld_pool
19300,40.455,-80.6747,29,100.0,100.0,False,13.31,Ohio,Rigby,hifld_pool
19301,40.3634,-80.6987,29,100.0,100.0,False,13.05,Ohio,Valmy,hifld_pool
19302,40.3942,-80.7243,29,100.0,1.0,False,20.11,Ohio,Hammond Station,hifld_pool
19303,40.2299,-80.6856,29,100.0,100.0,False,31.44,Ohio,Blue Plains,hifld_pool
19304,40.3395,-80.6568,29,100.0,100.0,False,22.46,Ohio,Grs Richmond,hifld_pool
19305,40.4907,-80.6781,29,100.0,100.0,False,11.32,Ohio,Ingalis,hifld_pool
19306,40.5199,-80.6237,29,100.0,100.0,False,18.55,Ohio,Firstenergy W H Sammis,hifld_nearest
19307,40.5621,-82.5973,29,100.0,100.0,False,7.35,Ohio,Bay Meadows,hifld_pool
19308,40.496,-82.5878,29,100.0,100.0,False,7.66,Ohio,Sweeny,hifld_pool
19309,40.5336,-82.3453,29,100.0,100.0,False,8.88,Ohio,Sam Dam,hifld_pool
19310,40.5377,-82.1684,29,100.0,100.0,False,10.78,Ohio,Collinsville,hifld_pool
19311,40.5327,-82.5204,29,100.0,100.0,False,15.3,Ohio,Paine Field,hifld_pool
19312,40.4622,-82.5249,29,100.0,100.0,False,15.89,Ohio,24Th St,hifld_pool
19313,40.3455,-82.3291,29,100.0,100.0,False,12.54,Ohio,Haining Road,hifld_pool
19314,40.4231,-82.279,29,230.0,230.0,False,19.14,Ohio,Placid 12,hifld_pool
19315,40.4776,-82.3428,29,100.0,100.0,False,6.88,Ohio,White House,hifld_pool
19316,40.4278,-82.478,29,100.0,100.0,False,19.9,Ohio,Hillsdale Junction,hifld_pool
19317,40.4938,-82.4714,29,230.0,230.0,False,19.9,Ohio,Ringgold,hifld_pool
19318,40.2617,-82.4773,29,100.0,100.0,False,24.92,Ohio,White Rock-Folsom,hifld_pool
19319,40.3544,-82.5128,29,100.0,100.0,False,19.9,Ohio,Cheboygan,hifld_pool
19320,38.4649,-82.4647,29,100.0,100.0,False,8.49,Ohio,River Oaks,hifld_pool
19321,38.5251,-82.5376,29,100.0,100.0,False,10.26,Ohio,Meade County,hifld_pool
19322,38.568,-82.3653,29,100.0,100.0,False,11.58,Ohio,Grooms Road,hifld_pool
19323,38.4943,-82.7391,29,100.0,100.0,False,14.82,Ohio,West Hills,hifld_pool
19324,38.6157,-82.7123,29,100.0,100.0,False,17.54,Ohio,Beaumont,hifld_pool
19325,38.5866,-82.7494,29,100.0,100.0,False,14.96,Ohio,Lakehead Naubinway,hifld_pool
19326,38.5228,-82.652,29,230.0,100.0,False,14.82,Ohio,Eustis,hifld_pool
19327,38.4835,-82.3124,29,100.0,100.0,False,9.5,Ohio,Pantano,hifld_pool
19328,38.4751,-82.3505,29,230.0,1.0,False,20.0,Ohio,Capitan,hifld_pool
19329,38.4438,-82.5289,29,100.0,100.0,False,11.94,Ohio,College Lakes,hifld_pool
19330,38.505,-82.618,29,100.0,100.0,False,14.71,Ohio,Earleys,hifld_pool
19331,38.466,-82.6923,29,100.0,100.0,False,11.94,Ohio,Lee Vining,hifld_pool
19332,39.904,-82.2605,29,100.0,100.0,False,4.6,Ohio,Cagnon Road,hifld_pool
19333,40.0771,-82.5493,29,100.0,100.0,False,16.54,Ohio,New Holstein Sw Sta,hifld_pool
19334,40.1236,-82.5239,29,100.0,100.0,False,12.08,Ohio,Caples,hifld_pool
19335,40.0054,-82.2984,29,100.0,100.0,False,12.32,Ohio,Circle Blvd,hifld_pool
19336,39.9783,-82.3775,29,100.0,100.0,False,12.05,Ohio,Wyoming,hifld_pool
19337,40.0588,-82.2165,29,100.0,100.0,False,20.17,Ohio,Martin Luther King,hifld_pool
19338,39.95,-82.3421,29,230.0,230.0,False,20.21,Ohio,Sw 5Th,hifld_pool
19339,39.9805,-82.5547,29,100.0,100.0,False,12.3,Ohio,Monet,hifld_pool
19340,39.9839,-82.4776,29,100.0,100.0,False,9.51,Ohio,West Hebron,hifld_nearest
19341,40.0373,-82.0875,29,100.0,100.0,False,7.25,Ohio,Power Delivery Point,hifld_pool
19342,40.0989,-82.1174,29,100.0,100.0,False,5.62,Ohio,Lake Hubbard Pump Station,hifld_pool
19343,40.112,-82.4501,29,100.0,100.0,False,44.75,Ohio,Gilroy Food,hifld_pool
19344,40.1534,-82.4,29,500.0,1.0,False,42.47,Ohio,Larsen Memorial,hifld_pool
19345,40.0831,-82.2603,29,230.0,1.0,False,32.66,Ohio,Orange Blossom Electric,hifld_pool
19346,40.1349,-82.3455,29,100.0,100.0,False,39.83,Ohio,St. Lawrence,hifld_pool
19347,40.1425,-82.4128,29,100.0,100.0,False,32.66,Ohio,Zephyhills,hifld_pool
19348,40.3337,-83.806,29,230.0,100.0,False,17.53,Ohio,Blue Racer,hifld_pool
19349,40.3081,-83.8057,29,100.0,100.0,False,13.18,Ohio,Arco Western Energy,hifld_pool
19350,40.3282,-83.7382,29,100.0,100.0,False,17.28,Ohio,Muskogee,hifld_pool
19351,40.3366,-83.6331,29,100.0,100.0,False,18.97,Ohio,Okawville,hifld_pool
19352,40.4172,-83.8189,29,100.0,100.0,False,11.16,Ohio,John Day 2,hifld_pool
19353,40.3932,-83.5773,29,100.0,100.0,False,12.09,Ohio,San Ysidro,hifld_pool
19354,40.0698,-83.3379,29,100.0,100.0,False,8.35,Ohio,Shaleton,hifld_pool
19355,39.9697,-83.2976,29,100.0,100.0,False,12.65,Ohio,Medtronics,hifld_pool
19356,40.5038,-82.8673,29,100.0,100.0,False,8.13,Ohio,Cane Run,hifld_pool
19357,40.518,-82.8081,29,100.0,100.0,False,6.68,Ohio,Buck Creek,hifld_pool
19358,40.4352,-82.8284,29,100.0,100.0,False,6.44,Ohio,North Knox,hifld_pool
19359,38.9615,-82.0975,29,100.0,100.0,False,5.23,Ohio,Lakin,hifld_nearest
19360,39.0205,-82.2425,29,100.0,100.0,False,7.81,Ohio,Pockrus,hifld_pool
19361,39.1246,-82.1736,29,100.0,100.0,False,9.2,Ohio,Harvalum,hifld_pool
19362,39.126,-82.0013,29,100.0,100.0,False,13.16,Ohio,Central Plains Wind Farm,hifld_pool
19363,39.0382,-82.0776,29,100.0,100.0,False,10.31,Ohio,City Of Aztec,hifld_pool
19364,38.8892,-81.8584,29,100.0,100.0,False,4.27,Ohio,Mill Run,hifld_nearest
19365,38.9807,-81.9516,29,100.0,100.0,False,7.65,Ohio,Mountainteer,hifld_nearest
19366,39.0765,-81.8126,29,100.0,100.0,False,9.1,Ohio,Johnson Road,hifld_pool
19367,40.5125,-84.5594,29,100.0,100.0,False,16.52,Ohio,Plainfield South,hifld_pool
19368,40.5921,-84.5756,29,100.0,100.0,False,13.15,Ohio,Stephenson,hifld_pool
19369,40.5169,-84.6126,29,100.0,100.0,False,13.26,Ohio,Liberty,hifld_pool
19370,40.5179,-84.643,29,230.0,230.0,False,12.98,Ohio,Tonawanda,hifld_pool
19371,40.4413,-84.6345,29,100.0,100.0,False,7.77,Ohio,Firehole,hifld_pool
19372,40.4614,-84.7321,29,100.0,1.0,False,9.65,Ohio,Dadeland,hifld_pool
19373,40.5698,-84.6434,29,100.0,100.0,False,5.59,Ohio,Ambrosia,hifld_pool
19374,40.4476,-84.4883,29,100.0,100.0,False,5.51,Ohio,Getwell,hifld_pool
19375,40.356,-84.639,29,100.0,100.0,False,11.64,Ohio,Derbigny,hifld_pool
19376,39.8634,-84.2673,29,100.0,100.0,False,14.69,Ohio,Ventura,hifld_pool
19377,39.8955,-84.3431,29,100.0,100.0,False,15.28,Ohio,Jal,hifld_pool
19378,39.9442,-84.377,29,100.0,100.0,False,21.34,Ohio,Polaris,hifld_pool
19379,39.945,-84.3195,29,100.0,100.0,False,15.28,Ohio,West Milton,hifld_nearest
19380,40.0631,-84.2217,29,100.0,100.0,False,19.04,Ohio,Eldean,hifld_nearest
19381,40.151,-84.3114,29,100.0,100.0,False,22.14,Ohio,Hyampom,hifld_pool
19382,40.1406,-84.1687,29,100.0,100.0,False,19.87,Ohio,Transwind,hifld_pool
19383,40.1579,-84.2146,29,100.0,100.0,False,17.24,Ohio,Wirt,hifld_pool
19384,39.9218,-84.2215,29,100.0,100.0,False,25.12,Ohio,Trout Lake Ese,hifld_pool
19385,40.0055,-84.1148,29,100.0,100.0,False,26.9,Ohio,Rock Island,hifld_pool
19386,39.9927,-84.2119,29,100.0,100.0,False,25.19,Ohio,Rockwood,hifld_pool
19387,40.0954,-84.184,29,100.0,100.0,False,24.06,Ohio,Hillsborough County Resource Recovery,hifld_pool
19388,40.0487,-84.1666,29,100.0,100.0,False,24.06,Ohio,Rozellville,hifld_pool
19389,40.0247,-84.1745,29,230.0,230.0,False,24.06,Ohio,Staunton,hifld_nearest
19390,40.0378,-84.3738,29,100.0,100.0,False,16.2,Ohio,Blount Street,hifld_pool
19391,39.5469,-81.3529,29,100.0,100.0,False,3.66,Ohio,Bowles,hifld_pool
19392,39.4908,-81.1584,29,100.0,1.0,False,9.79,Ohio,Palmyra,hifld_pool
19393,39.6489,-80.9453,29,100.0,100.0,False,6.62,Ohio,Hiawatha Ese,hifld_pool
19394,39.7108,-81.1225,29,100.0,100.0,False,12.36,Ohio,30Th Street,hifld_pool
19395,39.7457,-81.1347,29,230.0,1.0,False,9.69,Ohio,Heisson,hifld_pool
19396,39.8937,-84.2215,29,230.0,1.0,False,35.35,Ohio,Tc Water,hifld_pool
19397,39.8597,-84.2394,29,100.0,100.0,False,36.38,Ohio,Waterfront,hifld_pool
19398,39.8041,-84.2526,29,100.0,100.0,False,15.66,Ohio,S. Baldwyn,hifld_pool
19399,39.9603,-84.2888,29,100.0,100.0,False,12.669999999999998,Ohio,Mormon Flat Dam,hifld_pool
19400,39.8325,-84.3192,29,100.0,100.0,False,23.21,Ohio,South Cannon Falls,hifld_pool
19401,39.7614,-84.2978,29,100.0,100.0,False,22.11,Ohio,Snohomish County 52Nd Street,hifld_pool
19402,39.7941,-84.2903,29,100.0,100.0,False,10.44,Ohio,Barceloneta 8504,hifld_pool
19403,39.7945,-84.1796,29,100.0,100.0,False,12.98,Ohio,Webster,hifld_nearest
19404,39.7716,-84.2031,29,100.0,100.0,False,48.18,Ohio,Hamakua Energy Plant,hifld_pool
19405,39.857,-84.127,29,100.0,100.0,False,9.89,Ohio,Southfield,hifld_pool
19406,39.8163,-84.2196,29,100.0,100.0,False,33.23,Ohio,Lea Co. Waits,hifld_pool
19407,39.6869,-84.2342,29,100.0,100.0,False,27.46,Ohio,Detroit Edison King Road,hifld_pool
19408,39.7552,-84.329,29,100.0,100.0,False,26.23,Ohio,Acadia,hifld_pool
19409,39.8188,-84.2798,29,100.0,100.0,False,15.89,Ohio,Hell Creek,hifld_pool
19410,39.7762,-84.1677,29,230.0,230.0,False,56.25,Ohio,Monument,hifld_nearest
19411,39.6704,-84.2358,29,100.0,100.0,False,33.88,Ohio,Victorville,hifld_pool
19412,39.6708,-84.2575,29,100.0,100.0,False,22.66,Ohio,Ciales 8701,hifld_pool
19413,39.787,-84.359,29,500.0,230.0,False,42.94,Ohio,Hailey,hifld_pool
19414,39.7554,-84.2471,29,100.0,100.0,False,41.21,Ohio,Taunton Tap,hifld_pool
19415,39.8361,-84.1802,29,100.0,100.0,False,32.44,Ohio,Arro,hifld_pool
19416,39.6932,-84.1083,29,100.0,100.0,False,49.05,Ohio,Hempstead,hifld_nearest
19417,39.7192,-84.0508,29,230.0,1.0,False,34.46,Ohio,Knollwood,hifld_nearest
19418,39.6176,-84.1872,29,100.0,100.0,False,17.73,Ohio,Normandy,hifld_nearest
19419,39.5925,-84.175,29,100.0,100.0,False,17.73,Ohio,Sterling Power Plant,hifld_pool
19420,39.727,-84.201,29,100.0,100.0,False,28.12,Ohio,Tait Electric Generating Station,hifld_nearest
19421,39.7094,-84.1316,29,100.0,100.0,False,29.7,Ohio,Minnehaha,hifld_pool
19422,39.6557,-84.206,29,100.0,100.0,False,12.45,Ohio,Santa Rose Geothermal,hifld_pool
19423,39.7129,-84.1818,29,100.0,100.0,False,60.76,Ohio,Midlothian South,hifld_pool
19424,39.4478,-84.25,29,100.0,100.0,False,20.52,Ohio,Cane Island,hifld_pool
19425,39.5056,-84.285,29,100.0,100.0,False,20.52,Ohio,Lucas,hifld_pool
19426,39.5029,-84.2427,29,100.0,100.0,False,21.61,Ohio,Iona,hifld_pool
19427,39.6087,-84.301,29,100.0,100.0,False,25.2,Ohio,O. H. Hutchings Station,hifld_nearest
19428,39.5703,-84.2946,29,100.0,100.0,False,25.2,Ohio,Cooks Pond,hifld_pool
19429,39.6193,-84.3279,29,100.0,100.0,False,25.2,Ohio,King,hifld_pool
19430,39.6221,-84.2349,29,100.0,100.0,False,25.2,Ohio,E J Stoneman Station,hifld_pool
19431,39.6938,-84.3695,29,100.0,100.0,False,8.03,Ohio,Md 1,hifld_pool
19432,39.5067,-84.1832,29,100.0,100.0,False,32.66,Ohio,Blackhawk Sw Yd,hifld_pool
19433,39.5471,-84.2049,29,100.0,100.0,False,16.33,Ohio,Winsor,hifld_pool
19434,39.5315,-84.2191,29,100.0,100.0,False,16.33,Ohio,Elizabeth Creek,hifld_pool
19435,39.9327,-84.1805,29,100.0,100.0,False,11.73,Ohio,Miami,hifld_nearest
19436,39.8838,-84.149,29,100.0,100.0,False,13.97,Ohio,Dewitt,hifld_pool
19437,39.7585,-84.5815,29,230.0,230.0,False,16.25,Ohio,Energy Shelby County,hifld_pool
19438,39.5949,-81.6425,29,100.0,100.0,False,7.23,Ohio,Menlo,hifld_pool
19439,39.74,-81.4846,29,100.0,100.0,False,12.06,Ohio,Urich,hifld_pool
19440,39.7193,-81.516,29,100.0,100.0,False,9.82,Ohio,Corona Ave,hifld_pool
19441,39.5908,-81.4955,29,100.0,100.0,False,14.18,Ohio,Glenns Ferry,hifld_pool
19442,39.636,-82.0585,29,100.0,100.0,False,10.3,Ohio,West Yaphank,hifld_pool
19443,39.7108,-82.0466,29,100.0,100.0,False,9.98,Ohio,Waymark,hifld_pool
19444,39.777,-81.728,29,100.0,100.0,False,7.76,Ohio,Dead End,hifld_pool
19445,39.6978,-81.8865,29,100.0,100.0,False,13.93,Ohio,Douglas Street,hifld_pool
19446,39.538,-81.8901,29,100.0,100.0,False,12.38,Ohio,Loud,hifld_pool
19447,39.5076,-81.5982,29,100.0,100.0,False,7.23,Ohio,Red,hifld_pool
19448,39.4422,-81.669,29,100.0,100.0,False,4.17,Ohio,Cannon Falls Trans,hifld_pool
19449,40.6401,-82.6881,29,100.0,100.0,False,9.58,Ohio,Glendale South Tap 3,hifld_pool
19450,40.474,-82.7188,29,100.0,100.0,False,9.73,Ohio,Sylvan Lake,hifld_pool
19451,40.6112,-82.6842,29,230.0,230.0,False,9.58,Ohio,Chaska Sw Station,hifld_pool
19452,39.8887,-81.8535,29,100.0,100.0,False,8.76,Ohio,Chandlersville,hifld_nearest
19453,39.821,-82.1648,29,100.0,100.0,False,6.43,Ohio,Oakmont South,hifld_pool
19454,39.8817,-82.053,29,100.0,100.0,False,12.27,Ohio,Big Grassy,hifld_pool
19455,40.0095,-81.9639,29,230.0,230.0,False,31.47,Ohio,Judith Gap,hifld_pool
19456,39.9969,-81.9763,29,100.0,100.0,False,30.49,Ohio,Juan Tabo,hifld_pool
19457,39.9307,-81.9317,29,100.0,100.0,False,32.33,Ohio,Walnut Grove,hifld_pool
19458,39.9842,-82.0554,29,100.0,100.0,False,32.76,Ohio,Carrollton-Upfield,hifld_pool
19459,39.9819,-82.0202,29,100.0,100.0,False,30.49,Ohio,Bernis,hifld_pool
19460,39.5884,-82.154,29,100.0,100.0,False,3.89,Ohio,Black Rock,hifld_pool
19461,39.6971,-82.1611,29,100.0,100.0,False,11.54,Ohio,Brinkerhoff,hifld_pool
19462,39.6751,-82.2199,29,230.0,230.0,False,22.96,Ohio,G-P Gypsum,hifld_pool
19463,39.7568,-82.3433,29,100.0,100.0,False,9.69,Ohio,North Boulevard,hifld_pool
19464,39.7941,-82.2904,29,100.0,100.0,False,6.15,Ohio,Caruthers,hifld_pool
19465,39.7173,-82.9486,29,100.0,100.0,False,9.77,Ohio,West Station,hifld_pool
19466,39.7307,-82.8776,29,100.0,100.0,False,19.96,Ohio,Tillman,hifld_pool
19467,39.5002,-82.8302,29,100.0,100.0,False,4.1,Ohio,Athena,hifld_pool
19468,39.4491,-82.88,29,100.0,100.0,False,7.76,Ohio,Cpu Silicon,hifld_pool
19469,39.5822,-83.19,29,100.0,100.0,False,10.55,Ohio,Atlanta,hifld_nearest
19470,38.8079,-83.0366,29,100.0,100.0,False,12.21,Ohio,Vasco,hifld_pool
19471,38.9125,-82.9768,29,100.0,100.0,False,12.21,Ohio,Payne,hifld_pool
19472,38.8495,-83.0871,29,230.0,100.0,False,18.64,Ohio,Cajalco,hifld_pool
19473,38.9896,-83.0801,29,100.0,100.0,False,10.27,Ohio,Marana,hifld_pool
19474,39.1117,-83.1485,29,100.0,100.0,False,13.99,Ohio,Yaleville,hifld_pool
19475,39.0482,-83.0216,29,100.0,100.0,False,13.16,Ohio,Don Marquis 2,hifld_nearest
19476,39.1394,-83.119,29,100.0,100.0,False,13.19,Ohio,Clymer,hifld_pool
19477,39.0756,-82.9993,29,230.0,230.0,False,13.16,Ohio,Granite Ridge,hifld_pool
19478,39.5953,-84.7382,29,100.0,100.0,False,7.72,Ohio,Shirland Ave,hifld_pool
19479,39.5865,-84.626,29,100.0,100.0,False,15.35,Ohio,Landmark,hifld_pool
19480,39.765,-84.645,29,100.0,100.0,False,10.75,Ohio,Kirkwood,hifld_pool
19481,39.7133,-84.5935,29,100.0,100.0,False,11.51,Ohio,Como Lake,hifld_pool
19482,39.7336,-84.7388,29,100.0,100.0,False,10.75,Ohio,Mcbryde,hifld_pool
19483,39.7348,-84.6791,29,100.0,100.0,False,10.75,Ohio,Walker,hifld_pool
19484,39.851,-84.6105,29,100.0,100.0,False,8.01,Ohio,Townsend,hifld_pool
19485,39.7985,-84.5398,29,100.0,100.0,False,7.26,Ohio,Kentucky Dam,hifld_pool
19486,39.279,-83.1389,29,100.0,100.0,False,6.3,Ohio,Claymont,hifld_pool
19487,39.4405,-83.2322,29,100.0,100.0,False,6.03,Ohio,Mesa Rim,hifld_pool
19488,39.4564,-83.1568,29,100.0,100.0,False,5.97,Ohio,Cobb Creek,hifld_pool
19489,39.2194,-82.8045,29,100.0,100.0,False,5.59,Ohio,Gwf Tracy,hifld_pool
19490,38.9858,-82.8494,29,100.0,100.0,False,13.67,Ohio,Holly Hill,hifld_pool
19491,38.8064,-82.9483,29,100.0,100.0,False,20.7,Ohio,Mayfield,hifld_pool
19492,38.8142,-82.8934,29,230.0,230.0,False,20.7,Ohio,Tenth St 2,hifld_pool
19493,38.8609,-82.9016,29,100.0,100.0,False,20.7,Ohio,College Lake,hifld_pool
19494,38.7181,-82.8318,29,230.0,100.0,False,26.98,Ohio,Certainteed,hifld_pool
19495,38.7477,-83.0827,29,100.0,100.0,False,18.85,Ohio,Honk Falls,hifld_pool
19496,38.7502,-82.7465,29,100.0,100.0,False,21.38,Ohio,Valley Switch,hifld_pool
19497,38.8067,-82.8153,29,100.0,100.0,False,14.91,Ohio,Stinson,hifld_pool
19498,38.6821,-82.7872,29,100.0,100.0,False,14.5,Ohio,Pine Island,hifld_pool
19499,40.4193,-84.2286,29,100.0,100.0,False,20.33,Ohio,Santa Isabel Tc,hifld_pool
19500,40.3942,-84.152,29,100.0,100.0,False,6.08,Ohio,Pioneer Coop Honda,hifld_nearest
19501,40.6795,-81.4852,29,100.0,100.0,False,12.73,Ohio,Du Bay,hifld_pool
19502,40.5249,-81.4929,29,100.0,100.0,False,12.73,Ohio,West Yates Switch,hifld_pool
19503,40.6028,-81.4724,29,100.0,100.0,False,12.87,Ohio,Niland,hifld_pool
19504,40.4583,-81.5133,29,100.0,100.0,False,12.73,Ohio,West New Philadelphia,hifld_nearest
19505,40.4256,-81.485,29,100.0,100.0,False,17.37,Ohio,Arabi,hifld_pool
19506,40.4771,-81.3993,29,100.0,100.0,False,24.55,Ohio,Wallaceville,hifld_pool
19507,40.4003,-81.3793,29,100.0,100.0,False,20.85,Ohio,Kodak Road,hifld_pool
19508,40.5158,-81.467,29,100.0,100.0,False,20.22,Ohio,Dover,hifld_nearest
19509,39.3061,-82.5387,29,100.0,100.0,False,13.23,Ohio,Patchogue,hifld_pool
19510,39.3388,-82.4231,29,100.0,100.0,False,7.51,Ohio,Frazier,hifld_pool
19511,39.3785,-84.2337,29,100.0,100.0,False,41.32,Ohio,Grannis,hifld_pool
19512,39.4575,-84.2801,29,100.0,100.0,False,46.21,Ohio,Star Peak,hifld_pool
19513,39.4035,-84.1802,29,100.0,100.0,False,30.83,Ohio,Union Falls,hifld_pool
19514,39.4355,-84.2594,29,230.0,230.0,False,25.69,Ohio,Weyerhauser,hifld_pool
19515,39.3258,-84.2677,29,100.0,100.0,False,35.31,Ohio,Fern Hill,hifld_pool
19516,39.3911,-84.2268,29,100.0,100.0,False,27.74,Ohio,Burrows Crossing Road,hifld_pool
19517,39.4483,-84.3357,29,100.0,100.0,False,43.36,Ohio,Todhunter,hifld_nearest
19518,39.3991,-84.259,29,100.0,100.0,False,27.74,Ohio,Santa Fe Energy,hifld_pool
19519,39.4188,-84.2125,29,100.0,100.0,False,31.8,Ohio,John Day,hifld_pool
19520,39.4584,-84.0885,29,100.0,100.0,False,16.13,Ohio,Dacono,hifld_pool
19521,39.34,-84.0942,29,100.0,100.0,False,16.17,Ohio,Vlsi,hifld_pool
19522,39.4195,-84.1531,29,100.0,100.0,False,10.35,Ohio,Montello,hifld_pool
19523,39.2101,-81.5818,29,100.0,100.0,False,9.09,Ohio,Colorado Green,hifld_pool
19524,39.3393,-81.7047,29,230.0,100.0,False,25.54,Ohio,Wolverine Creek,hifld_pool
19525,39.4328,-81.8592,29,100.0,100.0,False,7.42,Ohio,Huson,hifld_pool
19526,39.4577,-81.4592,29,100.0,100.0,False,19.03,Ohio,Devola,hifld_nearest
19527,39.4036,-81.4087,29,230.0,230.0,False,22.14,Ohio,Sayville,hifld_pool
19528,39.392,-81.436,29,100.0,100.0,False,19.03,Ohio,East Murray,hifld_pool
19529,39.4687,-81.4166,29,100.0,100.0,False,23.59,Ohio,Hayward O,hifld_pool
19530,38.6931,-83.4417,29,100.0,100.0,False,0.0,Ohio,Austrop,hifld_pool
19531,38.9047,-81.9636,29,230.0,18.0,False,0.0,Ohio,Bristers,hifld_pool
19532,39.4273,-84.2407,29,100.0,100.0,False,0.0,Ohio,Avola,hifld_pool
19533,40.4673,-80.6438,29,500.0,13.8,False,0.0,Ohio,Usk,hifld_pool
19534,40.5289,-81.5028,29,100.0,100.0,False,0.0,Ohio,Natomas Crossing,hifld_pool
19535,39.4422,-84.4829,29,500.0,1.0,False,0.0,Ohio,Millercoors Trenton Brewery,hifld_nearest
19536,39.9605,-83.0144,29,100.0,100.0,False,0.0,Ohio,Dodge Park Engine No 1,hifld_nearest
19537,39.5777,-81.6555,29,500.0,13.8,False,0.0,Ohio,Washington Energy Facility,hifld_nearest
19538,38.6082,-82.8806,29,230.0,13.8,False,0.0,Ohio,Helberg,hifld_pool
19539,40.4314,-83.2187,29,100.0,1.0,False,0.0,Ohio,Sykes Road,hifld_pool
19540,38.7071,-83.4588,29,500.0,1.0,False,0.0,Ohio,Killen,hifld_nearest
19541,38.6191,-83.6801,29,500.0,13.8,False,0.0,Ohio,Naranjo 5804,hifld_pool
19542,40.4596,-84.0049,29,100.0,13.8,False,0.0,Ohio,Jackson Cntr Peaking,hifld_nearest
19543,38.9225,-82.0932,29,500.0,13.8,False,0.0,Ohio,Gavin Power Llc,hifld_nearest
19544,39.5356,-81.7201,29,500.0,1.0,False,0.0,Ohio,Waterford Power Llc,hifld_nearest
19545,40.5529,-84.575,29,100.0,100.0,False,0.0,Ohio,Celina Solar Project 1 Llc,hifld_nearest
19546,39.9893,-83.0903,29,100.0,100.0,False,0.0,Ohio,Burlington Dp,hifld_pool
19547,40.5201,-81.4585,29,100.0,13.8,False,0.0,Ohio,Grand Coulee 2,hifld_pool
19548,38.5761,-82.7702,29,500.0,13.8,False,0.0,Ohio,Hanging Rock,hifld_nearest
19549,39.3905,-84.5628,29,100.0,100.0,False,0.0,Ohio,Tuscola East,hifld_pool
19550,39.7319,-84.2315,29,100.0,100.0,False,0.0,Ohio,Thelma Ekpc,hifld_pool
19551,39.6366,-84.2385,29,100.0,13.8,False,0.0,Ohio,Milvon,hifld_pool
19552,40.12,-84.2339,29,230.0,13.8,False,0.0,Ohio,Piqua Power Plant,hifld_nearest
19553,40.5319,-81.4964,29,100.0,1.0,False,0.0,Ohio,North Intertie,hifld_nearest
19554,40.1012,-82.0272,29,500.0,13.8,False,0.0,Ohio,Dresden,hifld_nearest
19555,39.3898,-84.5587,29,100.0,100.0,False,0.0,Ohio,Southwest Shreveport,hifld_pool
19556,40.0071,-84.5621,29,100.0,13.8,False,0.0,Ohio,Arcanum Peaking,hifld_nearest
19557,40.1512,-81.8986,29,500.0,13.8,False,0.0,Ohio,Conesville Station,hifld_nearest
19558,40.126,-83.1403,29,100.0,1.0,False,0.0,Ohio,H B Robinson,hifld_pool
19559,39.1466,-84.516,29,100.0,13.8,False,0.0,Ohio,Oceanside,hifld_pool
19560,40.5376,-84.4104,29,100.0,100.0,False,0.0,Ohio,Clint,hifld_pool
19561,39.4615,-84.3763,29,100.0,18.0,False,0.0,Ohio,Dicks Creek,hifld_nearest
19562,39.7031,-84.1499,29,500.0,100.0,False,0.0,Ohio,Pawtucket Power Associates,hifld_pool
19563,39.2865,-82.9567,29,100.0,13.8,False,0.0,Ohio,Spatsum Lornex,hifld_pool
19564,39.5555,-84.4008,29,100.0,100.0,False,0.0,Ohio,Eschinger-Bruceville,hifld_pool
19565,39.8102,-83.0063,29,500.0,13.8,False,0.0,Ohio,Reedy Creek,hifld_pool
19566,39.7106,-84.2145,29,500.0,230.0,False,0.0,Ohio,Gist Creek,hifld_pool
19567,39.0509,-82.6202,29,100.0,100.0,False,0.0,Ohio,Lick,hifld_nearest
19568,39.806,-84.0871,29,100.0,100.0,False,0.0,Ohio,Akron,hifld_pool
19569,39.6168,-84.2243,29,230.0,1.0,False,0.0,Ohio,Wingate,hifld_pool
19570,40.2907,-84.169,29,100.0,100.0,False,0.0,Ohio,Sidney,hifld_nearest
19571,39.0729,-82.3446,29,500.0,1.0,False,0.0,Ohio,Flatlick,hifld_nearest
19572,38.8944,-82.166,29,500.0,1.0,False,0.0,Ohio,Jersey Holdings,hifld_pool
19573,39.7707,-84.1509,29,100.0,13.8,False,0.0,Ohio,Fern Valley,hifld_pool
19574,40.5376,-84.3986,29,100.0,100.0,False,0.0,Ohio,St Marys,hifld_nearest
19575,39.4514,-84.4444,29,500.0,1.0,False,0.0,Ohio,Woodsdale,hifld_nearest
19576,40.0543,-84.6117,29,500.0,230.0,False,0.0,Ohio,Larson Street,hifld_pool
19577,39.9455,-83.0843,29,100.0,100.0,False,0.0,Ohio,Ozark Beach,hifld_pool
19578,39.6057,-84.2531,29,500.0,13.8,False,0.0,Ohio,A East Term,hifld_pool
19579,40.2741,-80.6382,29,500.0,13.8,False,0.0,Ohio,Tidd,hifld_nearest
19580,39.3923,-84.582,29,500.0,1.0,False,0.0,Ohio,Woodland Biomass Tap,hifld_pool
19581,39.8935,-83.799,29,100.0,100.0,False,0.0,Ohio,Big Shanty,hifld_pool
19582,39.7369,-83.8179,29,100.0,13.8,False,0.0,Ohio,Yellow Creek,hifld_pool
19583,39.9583,-83.0905,29,100.0,13.8,False,0.0,Ohio,Telegraph Rd,hifld_pool
19584,40.4352,-83.8795,29,100.0,100.0,False,0.0,Ohio,Tande,hifld_pool
19585,39.7599,-81.0975,29,100.0,100.0,False,0.0,Ohio,Tunica,hifld_pool
19586,39.7039,-83.1927,29,500.0,1.0,False,0.0,Ohio,Adkins,hifld_nearest
19587,40.5033,-81.4557,29,500.0,1.0,False,0.0,Ohio,Inyokern,hifld_pool
19588,39.9103,-80.754,29,100.0,13.8,False,0.0,Ohio,Lockwood,hifld_nearest
19589,40.5206,-80.6093,29,100.0,100.0,False,0.0,Ohio,Wall St,hifld_pool
19590,38.6263,-83.7043,29,100.0,100.0,False,0.0,Ohio,Burbank,hifld_pool
19591,39.37,-84.5096,29,100.0,13.8,False,0.0,Ohio,Harmon,hifld_pool
19592,39.4635,-84.3809,29,230.0,13.8,False,0.0,Ohio,Brewster,hifld_pool
19593,40.2263,-84.4738,29,100.0,100.0,False,0.0,Ohio,Versailles Peaking,hifld_nearest
19594,39.6017,-81.704,29,500.0,13.8,False,0.0,Ohio,Muskingum River,hifld_nearest
19595,40.7213,-83.8375,30,100.0,100.0,False,15.41,Ohio,Centerville Sw,hifld_pool
19596,40.8098,-83.8248,30,100.0,100.0,False,10.35,Ohio,Root River,hifld_pool
19597,40.7778,-83.6391,30,100.0,100.0,False,13.85,Ohio,Aldrich,hifld_pool
19598,40.8858,-83.9335,30,100.0,100.0,False,6.15,Ohio,Summer Street,hifld_pool
19599,40.9534,-83.8712,30,100.0,100.0,False,9.44,Ohio,Pinto Valley,hifld_pool
19600,40.894,-83.8532,30,100.0,100.0,False,7.0,Ohio,Buffton,hifld_nearest
19601,40.8134,-84.0093,30,100.0,100.0,False,6.46,Ohio,East Lima,hifld_nearest
19602,40.9707,-84.0339,30,100.0,100.0,False,5.69,Ohio,Whirlpool Corporation - Ottawa Wind Farm,hifld_nearest
19603,40.7952,-84.3718,30,230.0,230.0,False,14.73,Ohio,Lost Canyon,hifld_pool
19604,40.8718,-84.4609,30,100.0,100.0,False,12.82,Ohio,West Dallas Tap,hifld_pool
19605,40.8204,-84.3809,30,100.0,100.0,False,11.87,Ohio,Beloit Gateway,hifld_pool
19606,40.9935,-84.235,30,100.0,100.0,False,11.59,Ohio,Four Hills,hifld_pool
19607,41.0412,-84.2982,30,100.0,100.0,False,8.88,Ohio,Shoshone Falls,hifld_pool
19608,40.62,-83.8709,30,100.0,100.0,False,10.81,Ohio,Ridgecrest,hifld_pool
19609,40.7504,-84.1651,30,230.0,1.0,False,21.96,Ohio,Eastown Road,hifld_nearest
19610,40.7378,-84.2147,30,100.0,100.0,False,11.16,Ohio,Nathan,hifld_pool
19611,40.7978,-84.1228,30,100.0,100.0,False,11.16,Ohio,Northwest Lima,hifld_nearest
19612,40.7714,-84.048,30,100.0,100.0,False,17.33,Ohio,Ford Lima,hifld_nearest
19613,40.8291,-84.1261,30,100.0,100.0,False,24.16,Ohio,Schumansville,hifld_pool
19614,40.8435,-84.0617,30,100.0,100.0,False,19.6,Ohio,Pine River Alte,hifld_pool
19615,40.751,-84.0772,30,100.0,100.0,False,17.83,Ohio,East Side Lima,hifld_nearest
19616,40.8117,-84.2169,30,100.0,100.0,False,15.57,Ohio,Spurlock,hifld_pool
19617,40.8235,-84.1452,30,500.0,230.0,False,30.99,Ohio,Garnet,hifld_pool
19618,40.7632,-84.1903,30,100.0,100.0,False,15.42,Ohio,Cornell-Milwaukee,hifld_pool
19619,40.694,-84.0595,30,100.0,100.0,False,10.79,Ohio,Sterling,hifld_nearest
19620,40.6388,-84.0319,30,230.0,230.0,False,25.81,Ohio,Nord,hifld_pool
19621,40.7059,-84.1953,30,100.0,100.0,False,10.19,Ohio,Southwest Lima,hifld_nearest
19622,40.6505,-84.2515,30,100.0,100.0,False,10.82,Ohio,Clackamas,hifld_pool
19623,40.724,-84.0865,30,100.0,100.0,False,10.19,Ohio,Frostkraft,hifld_pool
19624,40.6586,-84.3865,30,100.0,100.0,False,5.76,Ohio,B C Cobb,hifld_pool
19625,40.722,-84.3175,30,100.0,100.0,False,4.56,Ohio,Stephentown,hifld_pool
19626,40.908,-82.3795,30,230.0,100.0,False,22.52,Ohio,Dorchester,hifld_pool
19627,40.8393,-82.2218,30,100.0,100.0,False,34.96,Ohio,Delta Person Llc,hifld_pool
19628,40.8809,-82.349,30,100.0,100.0,False,22.88,Ohio,Todd,hifld_pool
19629,40.8994,-82.4181,30,100.0,100.0,False,22.16,Ohio,Forest Grove,hifld_pool
19630,41.0476,-82.4854,30,100.0,100.0,False,15.24,Ohio,40Th Place,hifld_pool
19631,40.6849,-82.3107,30,100.0,100.0,False,10.07,Ohio,Otsego,hifld_pool
19632,40.5526,-82.1837,30,100.0,100.0,False,4.96,Ohio,Drake Valley,hifld_nearest
19633,40.6587,-82.1841,30,100.0,100.0,False,9.26,Ohio,Elma,hifld_pool
19634,40.7316,-82.5179,30,100.0,100.0,False,36.23,Ohio,Altrus,hifld_pool
19635,40.802,-82.5268,30,100.0,100.0,False,17.54,Ohio,Brightwater,hifld_pool
19636,40.6803,-82.4897,30,230.0,100.0,False,30.61,Ohio,Findlay Wind Farm,hifld_pool
19637,40.7567,-82.5571,30,230.0,230.0,False,22.5,Ohio,Midvalley,hifld_pool
19638,41.1186,-82.3892,30,100.0,100.0,False,11.28,Ohio,West Akron,hifld_pool
19639,41.0201,-82.368,30,100.0,100.0,False,8.02,Ohio,Berlin Gorham,hifld_pool
19640,40.9808,-82.4738,30,100.0,100.0,False,5.75,Ohio,U.S. Gypsum,hifld_pool
19641,41.0333,-82.1943,30,100.0,100.0,False,14.4,Ohio,Brownstown,hifld_pool
19642,40.9529,-82.0694,30,100.0,100.0,False,17.6,Ohio,West Salem,hifld_nearest
19643,40.8154,-81.8963,30,230.0,230.0,False,32.29,Ohio,Canal Road,hifld_nearest
19644,40.765,-81.9139,30,100.0,100.0,False,29.97,Ohio,Wooster,hifld_nearest
19645,40.8516,-82.0626,30,230.0,100.0,False,36.87,Ohio,Demoss,hifld_pool
19646,40.8699,-81.9389,30,100.0,100.0,False,32.29,Ohio,Madisonburg,hifld_nearest
19647,41.5949,-80.6052,30,100.0,100.0,False,7.09,Ohio,Andover,hifld_nearest
19648,41.5309,-80.5198,30,230.0,1.0,False,11.55,Ohio,Aes Columbia Power,hifld_pool
19649,41.8214,-80.793,30,100.0,100.0,False,24.42,Ohio,Story City,hifld_pool
19650,41.8844,-80.8544,30,100.0,100.0,True,22.9,Ohio,East End,hifld_pool
19651,41.8602,-80.6589,30,230.0,100.0,False,27.58,Ohio,Battery Energy Storage System,hifld_pool
19652,41.8777,-80.6508,30,100.0,100.0,False,25.24,Ohio,Joe Ast,hifld_pool
19653,41.872,-80.4972,30,100.0,100.0,False,14.36,Ohio,Navajo Malaga,hifld_pool
19654,41.7959,-80.6783,30,100.0,100.0,False,11.41,Ohio,Range Line Sw,hifld_pool
19655,41.9479,-80.6174,30,100.0,100.0,True,11.41,Ohio,Corbett,hifld_pool
19656,41.9615,-80.5713,30,100.0,100.0,False,11.41,Ohio,Waimea,hifld_pool
19657,41.7815,-81.0225,30,100.0,100.0,False,13.68,Ohio,Seney Uppco,hifld_pool
19658,41.691,-80.9442,30,230.0,230.0,False,19.97,Ohio,Oregon Basin,hifld_pool
19659,41.7965,-80.9343,30,100.0,100.0,False,16.73,Ohio,North Adams,hifld_pool
19660,41.7867,-80.726,30,100.0,100.0,False,8.41,Ohio,Anson County Generation Facility,hifld_pool
19661,41.717,-80.6899,30,100.0,100.0,False,9.84,Ohio,Trichel Street,hifld_pool
19662,41.6744,-80.7245,30,100.0,100.0,False,9.84,Ohio,Stark,hifld_pool
19663,41.4806,-80.611,30,100.0,100.0,False,7.2,Ohio,Belleair,hifld_pool
19664,41.4084,-80.5003,30,100.0,100.0,False,5.97,Ohio,Saint Landry,hifld_pool
19665,41.8067,-81.138,30,100.0,100.0,False,20.15,Ohio,Perry,hifld_nearest
19666,41.8014,-81.105,30,100.0,100.0,False,27.35,Ohio,Valley Home,hifld_pool
19667,41.4745,-81.101,30,100.0,100.0,False,27.24,Ohio,Pierremont,hifld_pool
19668,41.4374,-80.9991,30,100.0,100.0,False,13.99,Ohio,Aes Shady Point Llc,hifld_pool
19669,41.4155,-81.0779,30,230.0,230.0,False,19.12,Ohio,First Ave,hifld_pool
19670,41.5071,-80.8415,30,100.0,100.0,False,12.56,Ohio,Babine Lake,hifld_pool
19671,41.4595,-80.7701,30,100.0,100.0,False,9.5,Ohio,W K Sanders,hifld_pool
19672,41.5863,-80.843,30,100.0,100.0,False,12.58,Ohio,Richfield,hifld_pool
19673,40.7688,-81.205,30,100.0,100.0,False,16.79,Ohio,Sundance Hill,hifld_pool
19674,40.5683,-81.2648,30,100.0,100.0,False,6.43,Ohio,Redmond,hifld_pool
19675,40.6702,-81.253,30,100.0,100.0,False,12.84,Ohio,Mohawk,hifld_nearest
19676,40.7937,-81.074,30,230.0,230.0,False,26.02,Ohio,Knox,hifld_nearest
19677,40.6878,-81.1291,30,100.0,100.0,False,14.03,Ohio,Minerva,hifld_nearest
19678,40.622,-80.8887,30,100.0,100.0,False,8.82,Ohio,Salineville,hifld_nearest
19679,40.8535,-81.0646,30,100.0,100.0,False,28.63,Ohio,Terrell,hifld_pool
19680,40.8587,-81.1573,30,100.0,100.0,False,24.18,Ohio,Beechwood,hifld_nearest
19681,40.9289,-81.2217,30,230.0,230.0,False,24.18,Ohio,Chicopee Hydroelectric Station,hifld_pool
19682,40.9163,-81.1202,30,100.0,100.0,False,24.31,Ohio,Alliance Castings,hifld_nearest
19683,40.8287,-80.9548,30,100.0,100.0,False,9.26,Ohio,Unocal Dollarhide,hifld_pool
19684,40.8508,-80.634,30,100.0,100.0,False,13.88,Ohio,Grand Prairie,hifld_pool
19685,40.9038,-80.7129,30,230.0,138.0,False,29.96,Ohio,Leetonia,hifld_nearest
19686,40.7402,-80.5083,30,100.0,100.0,False,16.06,Ohio,Hill City,hifld_pool
19687,40.741,-80.5572,30,230.0,1.0,False,22.13,Ohio,Tenaya-Northgate,hifld_pool
19688,40.6669,-80.5265,30,100.0,100.0,False,17.52,Ohio,Celina,hifld_pool
19689,40.7055,-80.6776,30,100.0,100.0,False,17.78,Ohio,Tamuning,hifld_pool
19690,40.8036,-80.623,30,100.0,100.0,False,13.23,Ohio,Oso Blanco,hifld_pool
19691,40.8503,-80.4579,30,100.0,100.0,False,6.63,Ohio,Russel Term,hifld_pool
19692,40.8517,-80.5383,30,100.0,100.0,False,12.9,Ohio,Zane,hifld_nearest
19693,40.7501,-80.9881,30,100.0,100.0,False,8.98,Ohio,Tsawassen,hifld_pool
19694,40.7208,-80.8258,30,100.0,100.0,False,11.76,Ohio,Oxanna,hifld_pool
19695,40.8232,-80.7756,30,100.0,100.0,False,6.55,Ohio,Stillwater Hydro Electric Project,hifld_pool
19696,40.7085,-80.7286,30,230.0,230.0,False,25.01,Ohio,Thomaston,hifld_pool
19697,40.688,-80.7896,30,100.0,100.0,False,12.51,Ohio,Brier Hill,hifld_pool
19698,40.8912,-80.9053,30,100.0,100.0,False,20.33,Ohio,Newark,hifld_pool
19699,40.9535,-80.9702,30,100.0,100.0,False,27.14,Ohio,Sunflower Wind Project,hifld_pool
19700,40.9155,-80.8579,30,100.0,100.0,False,18.31,Ohio,Salem,hifld_nearest
19701,40.9566,-80.8775,30,230.0,230.0,False,18.31,Ohio,N. Haven,hifld_pool
19702,40.5837,-80.6085,30,100.0,100.0,False,6.56,Ohio,Arroyo,hifld_nearest
19703,40.6012,-80.7196,30,100.0,100.0,False,13.12,Ohio,Eighteenth Street,hifld_nearest
19704,41.0378,-83.0251,30,100.0,100.0,False,7.35,Ohio,Camel Back,hifld_pool
19705,40.8113,-82.9962,30,230.0,230.0,False,26.86,Ohio,Miguel,hifld_pool
19706,40.7878,-82.9408,30,100.0,100.0,False,12.52,Ohio,Ninemile Point,hifld_pool
19707,40.8477,-82.9828,30,100.0,100.0,False,14.06,Ohio,Warrensburg,hifld_pool
19708,40.6744,-82.961,30,100.0,100.0,False,5.91,Ohio,Los Medanos,hifld_pool
19709,40.8703,-82.8194,30,100.0,100.0,False,8.46,Ohio,Rockview,hifld_pool
19710,40.786,-82.7731,30,100.0,100.0,False,11.73,Ohio,Niguel,hifld_pool
19711,40.7382,-82.8349,30,100.0,100.0,False,11.91,Ohio,Elm,hifld_pool
19712,40.725,-82.7592,30,100.0,100.0,False,11.73,Ohio,Vanderbilt University Power Plant,hifld_pool
19713,40.6261,-82.8638,30,100.0,100.0,False,14.63,Ohio,Celilo,hifld_pool
19714,40.8264,-83.156,30,100.0,100.0,False,5.37,Ohio,Kamiah,hifld_pool
19715,40.952,-82.7855,30,100.0,100.0,False,7.26,Ohio,Charles R Lowman,hifld_pool
19716,40.9024,-82.6606,30,100.0,100.0,False,15.76,Ohio,Houma,hifld_pool
19717,40.824,-82.679,30,230.0,230.0,False,25.58,Ohio,Eagle Rock,hifld_pool
19718,40.8467,-82.4679,30,100.0,100.0,False,14.9,Ohio,Carquinez,hifld_pool
19719,41.4652,-81.404,30,500.0,230.0,False,34.64,Ohio,Spring Draw,hifld_pool
19720,41.4383,-81.4048,30,100.0,100.0,False,33.48,Ohio,Dpc Shullsburg,hifld_pool
19721,41.42,-81.5769,30,100.0,100.0,False,23.33,Ohio,Hunter Creek,hifld_pool
19722,41.4364,-81.4776,30,100.0,100.0,False,34.64,Ohio,Keith,hifld_nearest
19723,41.4449,-81.5914,30,100.0,100.0,False,20.39,Ohio,6Th Street,hifld_pool
19724,41.3266,-81.5436,30,100.0,100.0,False,20.39,Ohio,Macedonia,hifld_nearest
19725,41.2457,-81.5725,30,100.0,100.0,False,27.16,Ohio,Judson,hifld_pool
19726,41.2742,-81.6439,30,100.0,100.0,False,18.32,Ohio,Cypress-Manzanita,hifld_pool
19727,41.3667,-81.5637,30,100.0,100.0,False,13.34,Ohio,Juniper,hifld_nearest
19728,41.3827,-81.8609,30,100.0,100.0,False,23.87,Ohio,Ix Center,hifld_nearest
19729,41.4137,-81.9302,30,100.0,100.0,False,13.15,Ohio,Moorlands,hifld_pool
19730,41.3999,-81.8285,30,100.0,100.0,False,13.15,Ohio,Luttrell,hifld_pool
19731,41.3858,-81.9236,30,100.0,100.0,False,13.15,Ohio,Plumas,hifld_pool
19732,41.4868,-81.3469,30,100.0,100.0,False,25.47,Ohio,Nelson,hifld_nearest
19733,41.5246,-81.5226,30,100.0,100.0,False,27.59,Ohio,Eagle Eye,hifld_pool
19734,41.556,-81.4428,30,100.0,100.0,False,35.15,Ohio,Progressive,hifld_nearest
19735,41.6002,-81.3847,30,100.0,100.0,False,19.54,Ohio,Seal Rock,hifld_pool
19736,41.5296,-81.4228,30,100.0,100.0,False,16.78,Ohio,Lark,hifld_nearest
19737,41.5318,-81.6635,30,100.0,100.0,True,65.18,Ohio,Dryburg,hifld_pool
19738,41.586,-81.5613,30,230.0,230.0,False,61.89,Ohio,Macon Solar Power Project,hifld_pool
19739,41.5116,-81.6018,30,100.0,1.0,False,44.47,Ohio,University Circle,hifld_nearest
19740,41.5892,-81.5218,30,100.0,100.0,False,27.89,Ohio,Nottingham,hifld_nearest
19741,41.5449,-81.5841,30,100.0,100.0,False,22.76,Ohio,Fap,hifld_pool
19742,41.4983,-81.5032,30,100.0,100.0,False,54.67,Ohio,Sierraville,hifld_pool
19743,41.5678,-81.5899,30,100.0,100.0,False,55.58,Ohio,Collinwood,hifld_nearest
19744,41.5261,-81.6736,30,100.0,100.0,False,55.61,Ohio,Canyon,hifld_pool
19745,41.5483,-81.561,30,100.0,100.0,False,18.42,Ohio,Tocoi,hifld_pool
19746,41.4935,-81.5749,30,230.0,100.0,False,55.16,Ohio,Jarvis,hifld_nearest
19747,41.4584,-81.6093,30,100.0,100.0,False,53.86,Ohio,Massena Energy Facility,hifld_pool
19748,41.5541,-81.5184,30,100.0,100.0,False,27.7,Ohio,Sun Valley,hifld_pool
19749,41.4967,-81.6094,30,100.0,100.0,False,27.7,Ohio,Baldwin,hifld_nearest
19750,41.4947,-81.441,30,100.0,100.0,False,26.22,Ohio,Barceloneta Tc,hifld_pool
19751,41.5141,-81.4693,30,100.0,100.0,False,26.22,Ohio,Kepler,hifld_nearest
19752,41.5071,-81.4134,30,100.0,100.0,False,26.22,Ohio,Reach,hifld_pool
19753,41.5355,-81.5315,30,230.0,100.0,False,57.61,Ohio,Brigatano,hifld_pool
19754,41.5267,-81.6339,30,100.0,100.0,False,23.1,Ohio,Firstenergy Lake Shore,hifld_nearest
19755,41.4689,-81.659,30,100.0,100.0,False,20.61,Ohio,Monterey,hifld_pool
19756,41.4555,-81.7172,30,100.0,100.0,False,18.45,Ohio,West 41St Street,hifld_nearest
19757,41.4969,-81.7178,30,100.0,100.0,False,41.85,Ohio,Parma,hifld_pool
19758,41.3792,-81.7289,30,100.0,100.0,False,24.67,Ohio,Burro Canyon,hifld_pool
19759,41.3542,-81.7004,30,100.0,100.0,False,42.21,Ohio,Horsehoe,hifld_pool
19760,41.4368,-81.528,30,230.0,230.0,False,89.36,Ohio,Kelly,hifld_nearest
19761,41.4659,-81.5806,30,100.0,100.0,False,42.08,Ohio,Ohmstead,hifld_pool
19762,41.5098,-81.5785,30,100.0,100.0,False,26.16,Ohio,Reeves,hifld_pool
19763,41.4422,-81.8572,30,100.0,100.0,False,27.25,Ohio,Crystal,hifld_pool
19764,41.3716,-81.7714,30,100.0,100.0,False,27.25,Ohio,La Parguera 6603,hifld_pool
19765,41.494,-81.8175,30,100.0,100.0,True,98.27,Ohio,South Morgantown,hifld_pool
19766,41.4147,-81.6438,30,100.0,100.0,False,49.59,Ohio,Roundpond,hifld_pool
19767,41.5358,-81.6163,30,100.0,100.0,False,27.46,Ohio,Rabbit Creek,hifld_pool
19768,41.4265,-81.6969,30,100.0,100.0,False,27.84,Ohio,Chetwynd,hifld_pool
19769,41.4931,-81.7816,30,100.0,100.0,False,27.84,Ohio,D B Wilson,hifld_pool
19770,41.4494,-81.6878,30,100.0,100.0,False,60.55,Ohio,Moab,hifld_pool
19771,41.5181,-81.6633,30,100.0,100.0,False,27.84,Ohio,Cleveland Thermal,hifld_nearest
19772,41.3473,-81.5223,30,100.0,100.0,False,20.05,Ohio,Gerald Andrus Station,hifld_pool
19773,41.5303,-81.497,30,100.0,100.0,False,47.81,Ohio,Lents,hifld_pool
19774,41.4844,-81.5521,30,100.0,100.0,False,54.28,Ohio,Blue Ravine,hifld_pool
19775,41.4792,-81.8054,30,100.0,100.0,False,32.28,Ohio,Glendale South Tap 5,hifld_pool
19776,41.4713,-81.9215,30,100.0,100.0,False,18.4,Ohio,Conroe Bulk,hifld_pool
19777,41.4876,-81.9085,30,100.0,100.0,True,41.38,Ohio,Triangle,hifld_pool
19778,41.382,-81.6063,30,100.0,100.0,False,33.7,Ohio,Calden,hifld_pool
19779,41.3825,-81.495,30,100.0,100.0,False,36.36,Ohio,Lester,hifld_nearest
19780,41.3355,-81.6302,30,500.0,100.0,False,33.02,Ohio,Imperial,hifld_nearest
19781,41.2981,-81.8017,30,100.0,100.0,False,26.91,Ohio,West Memphis,hifld_pool
19782,41.3403,-81.7088,30,100.0,100.0,False,19.93,Ohio,Manslick,hifld_pool
19783,41.3015,-81.7073,30,100.0,100.0,False,37.47,Ohio,Oncor Mason,hifld_pool
19784,41.4011,-81.6931,30,230.0,230.0,False,98.75,Ohio,Amador,hifld_pool
19785,41.312,-81.6506,30,100.0,100.0,False,40.6,Ohio,Saltspring Tap,hifld_pool
19786,41.4872,-81.7448,30,100.0,100.0,False,51.25,Ohio,Combee Road,hifld_pool
19787,41.4005,-81.7764,30,100.0,100.0,False,27.75,Ohio,Boonville,hifld_pool
19788,41.3865,-81.7407,30,100.0,100.0,False,27.75,Ohio,Dimple Dell,hifld_pool
19789,41.2538,-81.8478,30,100.0,100.0,False,27.75,Ohio,Medina Base,hifld_pool
19790,41.4116,-81.7244,30,100.0,100.0,False,42.2,Ohio,Cannon,hifld_pool
19791,41.3811,-81.8025,30,230.0,230.0,False,40.88,Ohio,Goose Lake,hifld_pool
19792,41.6232,-81.5009,30,100.0,100.0,False,24.38,Ohio,Lake Geneva,hifld_pool
19793,41.6519,-81.4507,30,100.0,100.0,False,24.38,Ohio,Eastlake Station,hifld_nearest
19794,41.5566,-81.6066,30,100.0,100.0,False,24.0,Ohio,Ninemile,hifld_nearest
19795,41.4862,-81.6819,30,100.0,100.0,False,41.63,Ohio,Lake Of The Woods Dp,hifld_pool
19796,41.4838,-81.8631,30,230.0,230.0,True,96.62,Ohio,Weiler,hifld_pool
19797,41.489,-81.7548,30,230.0,100.0,False,67.74,Ohio,Beatrice,hifld_pool
19798,41.4351,-81.7734,30,100.0,100.0,False,82.62,Ohio,Fox,hifld_nearest
19799,41.4522,-81.5496,30,100.0,100.0,False,15.92,Ohio,Portside Energy,hifld_pool
19800,41.3396,-81.5685,30,100.0,100.0,False,15.92,Ohio,Hernandez,hifld_pool
19801,41.5091,-81.9769,30,100.0,100.0,True,22.54,Ohio,Oil Fields,hifld_pool
19802,41.491,-81.9818,30,100.0,100.0,False,34.04,Ohio,Jackie Howard,hifld_pool
19803,41.3285,-81.9594,30,100.0,100.0,False,30.27,Ohio,South Rapid City,hifld_pool
19804,41.3145,-81.9962,30,100.0,100.0,False,22.54,Ohio,Goodpasture,hifld_pool
19805,41.2458,-81.6728,30,100.0,100.0,False,27.8,Ohio,West Richfield,hifld_nearest
19806,41.2712,-81.6896,30,100.0,100.0,False,20.82,Ohio,Jarrell East,hifld_pool
19807,41.2712,-81.7113,30,230.0,230.0,False,34.16,Ohio,Bayou Vista,hifld_pool
19808,41.3458,-81.8054,30,100.0,1.0,False,33.95,Ohio,Hopson,hifld_pool
19809,41.3639,-81.8303,30,100.0,100.0,False,28.43,Ohio,Fowles,hifld_nearest
19810,41.4367,-81.8813,30,100.0,100.0,False,29.18,Ohio,88Th-Fruitridge,hifld_pool
19811,41.3673,-81.9098,30,100.0,100.0,False,28.42,Ohio,Alford,hifld_pool
19812,41.4118,-81.9682,30,100.0,100.0,False,15.3,Ohio,Velva Wind Interconnection,hifld_pool
19813,41.4597,-81.8053,30,100.0,100.0,False,27.01,Ohio,Golflinks,hifld_pool
19814,41.3471,-81.4576,30,100.0,100.0,False,16.68,Ohio,Interlaken,hifld_pool
19815,41.4476,-81.3237,30,100.0,1.0,False,16.68,Ohio,Norway,hifld_nearest
19816,41.3689,-81.3213,30,230.0,230.0,False,28.57,Ohio,Treat,hifld_nearest
19817,41.2567,-81.7995,30,100.0,100.0,False,13.14,Ohio,Delta Energy,hifld_pool
19818,41.2821,-81.857,30,100.0,100.0,False,13.14,Ohio,Lewisville,hifld_pool
19819,41.2549,-81.9122,30,100.0,100.0,False,13.14,Ohio,Coos Bay,hifld_pool
19820,41.2478,-81.6381,30,100.0,100.0,False,17.54,Ohio,Brush,hifld_nearest
19821,41.3118,-81.8325,30,100.0,100.0,False,17.54,Ohio,Mcclain,hifld_pool
19822,41.4404,-81.979,30,230.0,100.0,False,74.82,Ohio,Quaker Oats,hifld_pool
19823,41.4569,-81.9026,30,100.0,1.0,False,22.42,Ohio,Winter Park East,hifld_pool
19824,41.4605,-81.9449,30,100.0,100.0,False,22.42,Ohio,Chevron,hifld_pool
19825,41.2435,-84.7152,30,100.0,100.0,False,11.99,Ohio,Craven County Wood Energy Lp,hifld_pool
19826,41.4479,-84.6574,30,230.0,230.0,False,30.51,Ohio,Rancho Vista,hifld_pool
19827,41.4537,-84.5151,30,100.0,100.0,False,16.75,Ohio,City Of Bryan,hifld_nearest
19828,41.1133,-84.2562,30,100.0,100.0,False,6.45,Ohio,Ellendale,hifld_pool
19829,41.3359,-84.3515,30,100.0,100.0,False,19.81,Ohio,Davson,hifld_pool
19830,41.286,-84.4195,30,100.0,100.0,False,19.64,Ohio,Pgg - Prince G,hifld_pool
19831,41.2719,-84.3436,30,100.0,100.0,False,19.64,Ohio,Twin Lake,hifld_pool
19832,41.3983,-84.381,30,100.0,100.0,False,19.64,Ohio,Fairmount,hifld_pool
19833,41.4772,-84.7825,30,100.0,100.0,False,7.01,Ohio,Whitestone Branch,hifld_pool
19834,41.3388,-84.8055,30,100.0,100.0,False,5.55,Ohio,Autaugaville,hifld_pool
19835,41.3866,-84.6532,30,100.0,100.0,False,6.27,Ohio,Ss3145Eagle Rock Tap 1,hifld_pool
19836,41.2132,-84.1545,30,100.0,100.0,False,5.61,Ohio,Laporte Switch &,hifld_pool
19837,41.3204,-84.1312,30,100.0,100.0,False,28.42,Ohio,Memphis,hifld_pool
19838,41.445,-84.1057,30,100.0,100.0,False,12.82,Ohio,Eastsound,hifld_pool
19839,41.2868,-84.565,30,100.0,100.0,False,8.66,Ohio,Lockwood Rd,hifld_nearest
19840,41.23,-82.9017,30,100.0,100.0,False,11.75,Ohio,Flat Rock,hifld_nearest
19841,41.1534,-82.7891,30,100.0,100.0,False,16.25,Ohio,Fischer,hifld_pool
19842,41.249,-82.8065,30,100.0,100.0,False,18.58,Ohio,Harkness,hifld_nearest
19843,41.3159,-82.5247,30,100.0,100.0,False,14.11,Ohio,Shinrock,hifld_nearest
19844,41.3199,-82.6165,30,100.0,100.0,False,17.46,Ohio,Avery,hifld_nearest
19845,41.3468,-82.5933,30,100.0,100.0,False,14.44,Ohio,Mcminn,hifld_pool
19846,41.2414,-82.6085,30,230.0,230.0,False,34.15,Ohio,Adams,hifld_nearest
19847,41.2061,-82.5576,30,100.0,100.0,False,16.31,Ohio,Hondo,hifld_pool
19848,41.1812,-82.5466,30,100.0,100.0,False,16.31,Ohio,James B. Black,hifld_pool
19849,41.3967,-82.7517,30,100.0,100.0,False,28.11,Ohio,Belfair,hifld_pool
19850,41.3636,-82.7905,30,100.0,100.0,False,29.74,Ohio,Clear Crossing,hifld_pool
19851,41.3787,-82.7391,30,100.0,100.0,False,31.52,Ohio,Carrollton Frankford,hifld_pool
19852,41.4142,-82.7471,30,230.0,230.0,False,28.11,Ohio,New Departure,hifld_nearest
19853,41.3873,-82.4496,30,100.0,100.0,False,12.43,Ohio,Caribou Generation Station,hifld_pool
19854,41.4096,-82.4065,30,100.0,100.0,True,10.89,Ohio,Toa Vaca,hifld_pool
19855,41.3979,-82.3445,30,100.0,100.0,False,10.89,Ohio,Axtel,hifld_nearest
19856,41.2109,-82.4092,30,100.0,100.0,False,16.46,Ohio,Lake Juliana,hifld_pool
19857,41.5631,-84.3476,30,100.0,100.0,False,15.99,Ohio,Poust,hifld_pool
19858,41.5743,-84.0549,30,100.0,100.0,False,10.95,Ohio,Crystal Mountain Generation,hifld_pool
19859,41.6465,-84.0492,30,100.0,100.0,False,8.66,Ohio,Oakhurst,hifld_pool
19860,41.3871,-83.9692,30,100.0,100.0,False,9.82,Ohio,Red Granite,hifld_pool
19861,41.4688,-84.3958,30,100.0,100.0,False,6.73,Ohio,Anaverde,hifld_pool
19862,41.5806,-83.8562,30,230.0,100.0,False,37.45,Ohio,Icegen,hifld_pool
19863,41.6,-83.9336,30,100.0,100.0,False,21.06,Ohio,Greenport,hifld_pool
19864,41.7072,-84.1437,30,100.0,100.0,False,13.55,Ohio,Milam,hifld_pool
19865,41.6856,-84.1429,30,230.0,230.0,False,14.97,Ohio,Trigen St. Louis,hifld_pool
19866,41.5815,-84.1953,30,100.0,100.0,False,12.77,Ohio,Lodi Stig,hifld_pool
19867,41.6083,-84.5007,30,100.0,100.0,False,6.99,Ohio,De Queen,hifld_pool
19868,41.63,-84.296,30,100.0,100.0,False,16.87,Ohio,St Stephen,hifld_pool
19869,41.2922,-81.4018,30,100.0,100.0,False,13.4,Ohio,Case,hifld_nearest
19870,41.3275,-81.387,30,100.0,100.0,False,13.4,Ohio,Norfolk,hifld_pool
19871,41.3167,-81.3374,30,100.0,100.0,False,13.4,Ohio,La Vernia,hifld_pool
19872,41.3764,-81.264,30,100.0,100.0,False,25.28,Ohio,Helena,hifld_pool
19873,41.392,-81.1431,30,100.0,100.0,False,5.89,Ohio,Holly Sugar,hifld_pool
19874,41.3962,-81.3273,30,100.0,100.0,False,15.89,Ohio,Aztec Tap,hifld_pool
19875,41.2926,-81.2249,30,100.0,100.0,False,19.18,Ohio,Mantua,hifld_nearest
19876,41.5475,-81.1394,30,100.0,100.0,False,22.21,Ohio,El Sobrante,hifld_pool
19877,41.5621,-81.2394,30,100.0,100.0,False,16.14,Ohio,Brookhaven,hifld_pool
19878,41.6175,-81.2361,30,100.0,100.0,False,16.14,Ohio,South Elma,hifld_pool
19879,41.5542,-81.2747,30,100.0,100.0,False,20.19,Ohio,Angel Mounds,hifld_pool
19880,41.461,-81.2691,30,100.0,100.0,False,20.04,Ohio,Wintun,hifld_pool
19881,41.2622,-81.0994,30,100.0,100.0,False,7.59,Ohio,Garrettsville,hifld_nearest
19882,41.308,-81.055,30,230.0,230.0,False,22.7,Ohio,Ledges,hifld_nearest
19883,41.6265,-80.9934,30,100.0,100.0,False,7.87,Ohio,Georgia Pacific,hifld_pool
19884,41.6872,-81.3356,30,100.0,100.0,False,33.0,Ohio,Yauco Pueblo 2,hifld_pool
19885,41.6789,-81.3297,30,100.0,100.0,False,33.0,Ohio,Midset,hifld_pool
19886,41.699,-81.3773,30,100.0,100.0,False,33.0,Ohio,Lila Canyon Metering,hifld_pool
19887,41.676,-81.2973,30,100.0,100.0,False,33.0,Ohio,Barret,hifld_pool
19888,41.6539,-81.3744,30,100.0,100.0,False,33.0,Ohio,Waterloo Hydroelectric Project,hifld_pool
19889,41.2801,-83.5225,30,100.0,100.0,False,7.8,Ohio,Orangetree,hifld_pool
19890,40.9434,-83.2941,30,100.0,100.0,False,8.87,Ohio,St. Cloud,hifld_pool
19891,40.9927,-83.3318,30,100.0,100.0,False,12.87,Ohio,South Berwick,hifld_nearest
19892,41.2762,-83.9314,30,100.0,100.0,False,9.83,Ohio,Sigel,hifld_pool
19893,40.9594,-83.5681,30,500.0,1.0,False,33.13,Ohio,Tecumseh,hifld_pool
19894,41.0353,-83.6277,30,100.0,100.0,False,32.32,Ohio,Plaza Street,hifld_nearest
19895,40.9893,-83.5785,30,100.0,100.0,False,33.75,Ohio,East Findlay,hifld_nearest
19896,41.0281,-83.6449,30,100.0,100.0,False,30.13,Ohio,York Center,hifld_pool
19897,41.0324,-83.6613,30,230.0,100.0,False,30.91,Ohio,West Melrose,hifld_nearest
19898,40.7533,-83.5025,30,100.0,100.0,False,11.0,Ohio,Estero,hifld_pool
19899,41.2231,-83.4196,30,100.0,100.0,False,16.42,Ohio,Mcgulpin,hifld_pool
19900,41.2047,-83.3576,30,230.0,230.0,False,15.45,Ohio,Martha Lake,hifld_pool
19901,41.2291,-83.3706,30,100.0,100.0,False,14.22,Ohio,Big Fish,hifld_pool
19902,41.1402,-83.3889,30,100.0,100.0,False,13.89,Ohio,Fostoria,hifld_nearest
19903,41.1624,-84.0224,30,100.0,100.0,False,11.75,Ohio,Pitchfork,hifld_pool
19904,41.1286,-83.8932,30,100.0,100.0,False,14.4,Ohio,Clearwater Paper App Cb,hifld_pool
19905,41.002,-83.8258,30,100.0,100.0,False,9.01,Ohio,Greer,hifld_pool
19906,40.88,-83.4765,30,100.0,100.0,False,4.97,Ohio,North Beaver Dam,hifld_pool
19907,41.1588,-83.6381,30,100.0,100.0,False,20.51,Ohio,Buena Vista Pumps,hifld_pool
19908,40.6971,-83.6553,30,100.0,100.0,False,13.42,Ohio,Rec Harmony,hifld_pool
19909,40.6894,-83.629,30,230.0,230.0,False,26.21,Ohio,Pennsuco,hifld_pool
19910,40.6062,-81.6682,30,100.0,100.0,False,13.18,Ohio,Trail,hifld_nearest
19911,40.5564,-81.7409,30,100.0,100.0,False,7.32,Ohio,Philadelphia,hifld_pool
19912,40.6195,-81.8753,30,100.0,100.0,False,14.89,Ohio,Walsh,hifld_pool
19913,40.6745,-81.997,30,100.0,100.0,False,10.76,Ohio,Whiskeytown,hifld_pool
19914,40.6208,-82.0661,30,230.0,100.0,False,13.28,Ohio,Martinsville East,hifld_pool
19915,41.0996,-82.7393,30,100.0,100.0,False,12.37,Ohio,Germantown Sw Yd,hifld_pool
19916,41.155,-82.655,30,100.0,100.0,False,11.36,Ohio,Sierra Pine,hifld_pool
19917,41.0841,-82.6787,30,230.0,1.0,False,16.06,Ohio,West Batesville,hifld_pool
19918,41.6051,-81.4396,30,100.0,100.0,False,23.0,Ohio,White,hifld_pool
19919,41.5962,-81.5523,30,100.0,100.0,False,23.0,Ohio,Power Inn-Geneva Pointe,hifld_pool
19920,41.6132,-81.3558,30,230.0,100.0,False,46.0,Ohio,Stent Tap,hifld_pool
19921,41.6784,-81.1386,30,100.0,100.0,False,48.33,Ohio,Leroy Center,hifld_nearest
19922,41.7289,-81.2221,30,100.0,100.0,False,32.11,Ohio,Fort,hifld_pool
19923,41.6955,-81.2863,30,100.0,100.0,False,30.96,Ohio,Colorado,hifld_pool
19924,41.6757,-81.2786,30,230.0,230.0,False,61.91,Ohio,Imperial Dam,hifld_pool
19925,41.7823,-81.1954,30,100.0,100.0,True,6.460000000000008,Ohio,Welches,hifld_pool
19926,41.7141,-81.1304,30,100.0,100.0,False,10.84,Ohio,South Dakota Wind Energy Cente,hifld_pool
19927,41.6037,-81.5149,30,100.0,100.0,False,44.35,Ohio,Carencro,hifld_pool
19928,41.598,-81.4577,30,100.0,100.0,False,24.14,Ohio,St. Charles Power Plant,hifld_pool
19929,41.587,-81.3112,30,100.0,100.0,False,24.14,Ohio,Hutchinson Plant 1,hifld_pool
19930,41.6961,-81.2594,30,100.0,100.0,False,24.14,Ohio,Hell Gate,hifld_pool
19931,41.6438,-81.3441,30,100.0,100.0,False,24.14,Ohio,Moorcroft,hifld_pool
19932,41.3318,-82.3906,30,100.0,100.0,False,23.14,Ohio,North Shore Beach,hifld_pool
19933,41.3771,-82.3125,30,100.0,100.0,False,25.12,Ohio,Azalea,hifld_pool
19934,41.3496,-82.1883,30,100.0,100.0,False,14.23,Ohio,Columbus St,hifld_pool
19935,41.4404,-82.2426,30,100.0,100.0,False,26.73,Ohio,Denmark,hifld_pool
19936,41.458,-82.0568,30,100.0,100.0,False,39.61,Ohio,Tewksbury,hifld_pool
19937,41.4979,-81.9564,30,100.0,100.0,False,35.96,Ohio,Hartwell Avenue,hifld_pool
19938,41.4257,-82.0626,30,100.0,100.0,False,15.47,Ohio,Somis & Shellsom,hifld_pool
19939,41.4149,-82.0053,30,100.0,100.0,False,45.45,Ohio,River Street,hifld_pool
19940,41.3572,-82.0184,30,100.0,100.0,False,7.73,Ohio,Bear Creek Solar,hifld_pool
19941,41.332,-82.1383,30,230.0,100.0,False,35.22,Ohio,Calera T.S,hifld_pool
19942,41.3512,-82.2318,30,100.0,100.0,False,35.22,Ohio,Tallassee Hydro Project,hifld_pool
19943,41.3439,-82.123,30,100.0,100.0,False,35.22,Ohio,Gilstrap,hifld_pool
19944,41.477,-82.1565,30,100.0,100.0,False,46.72,Ohio,Homestake,hifld_pool
19945,41.412,-82.2545,30,100.0,100.0,False,47.72,Ohio,Sand Dock,hifld_pool
19946,41.1806,-82.0205,30,100.0,100.0,False,16.8,Ohio,Menands,hifld_pool
19947,41.1953,-82.0945,30,100.0,100.0,False,24.79,Ohio,White Bluff,hifld_pool
19948,41.2737,-82.1047,30,100.0,100.0,False,5.59,Ohio,Sierra Linda 1704,hifld_pool
19949,41.2006,-82.1715,30,100.0,100.0,False,11.18,Ohio,Arvada,hifld_pool
19950,41.4286,-82.2945,30,100.0,100.0,False,34.04,Ohio,Baumhart,hifld_nearest
19951,41.4608,-82.2009,30,100.0,100.0,False,54.49,Ohio,Firstenergy Edgewater,hifld_nearest
19952,41.449,-82.1689,30,230.0,100.0,False,32.95,Ohio,Barnes Junction,hifld_pool
19953,41.4142,-82.1297,30,100.0,100.0,False,13.59,Ohio,Columbia Energy Center Sc,hifld_pool
19954,41.4064,-82.1657,30,100.0,100.0,False,12.51,Ohio,Rapide Croche,hifld_pool
19955,41.1307,-81.7778,30,100.0,100.0,False,34.77,Ohio,Mcintosh,hifld_pool
19956,41.2156,-81.7659,30,100.0,100.0,False,34.0,Ohio,Stoney,hifld_nearest
19957,41.1481,-81.8725,30,100.0,100.0,False,40.13,Ohio,West Medina,hifld_nearest
19958,41.0869,-81.8863,30,230.0,1.0,False,42.88,Ohio,Ryan,hifld_nearest
19959,41.0999,-81.935,30,100.0,100.0,False,34.0,Ohio,Heritage,hifld_nearest
19960,41.4522,-82.0249,30,100.0,100.0,False,20.25,Ohio,Sylmar East,hifld_pool
19961,41.3499,-82.0699,30,100.0,100.0,False,20.25,Ohio,Abbe,hifld_nearest
19962,41.3138,-82.0153,30,230.0,230.0,False,38.91,Ohio,Patterson Road,hifld_pool
19963,41.3275,-82.0469,30,100.0,100.0,False,20.25,Ohio,Bellows Falls,hifld_pool
19964,41.2772,-82.2076,30,100.0,100.0,False,10.67,Ohio,Oberlin Oh,hifld_nearest
19965,41.2756,-82.2499,30,100.0,100.0,False,21.55,Ohio,Sour Lake,hifld_pool
19966,41.1239,-82.2105,30,230.0,230.0,False,21.23,Ohio,Kirtland Air Force Base 3,hifld_pool
19967,41.1877,-82.3088,30,100.0,100.0,False,10.72,Ohio,Salado,hifld_pool
19968,41.6559,-83.2473,30,100.0,100.0,False,7.54,Ohio,Bedford 2,hifld_pool
19969,41.6002,-83.8322,30,100.0,100.0,False,11.25,Ohio,Pampanos,hifld_pool
19970,41.5961,-83.7621,30,100.0,100.0,False,18.21,Ohio,Aerojet,hifld_pool
19971,41.5467,-83.7157,30,100.0,100.0,False,21.96,Ohio,Waterville,hifld_nearest
19972,41.639,-83.7345,30,500.0,230.0,False,41.19,Ohio,Universal Studios Tap,hifld_pool
19973,41.5869,-83.659,30,100.0,100.0,False,18.68,Ohio,Arkansas Nuclear One,hifld_pool
19974,41.628,-83.8092,30,100.0,100.0,False,24.33,Ohio,Santo Domingo,hifld_pool
19975,41.571,-83.4792,30,100.0,100.0,False,21.15,Ohio,Cambridge,hifld_pool
19976,41.687,-83.3707,30,100.0,100.0,True,18.28,Ohio,Stevens Point Mill,hifld_pool
19977,41.5936,-83.3838,30,230.0,100.0,False,23.83,Ohio,New Camp,hifld_pool
19978,41.6925,-83.4709,30,100.0,100.0,False,27.55,Ohio,Electra Tap 1,hifld_pool
19979,41.6568,-83.7341,30,100.0,100.0,False,28.92,Ohio,Bass Lake,hifld_pool
19980,41.7023,-83.7491,30,100.0,100.0,False,22.07,Ohio,Allen Junction,hifld_nearest
19981,41.7233,-83.7217,30,100.0,100.0,False,28.92,Ohio,Yaphank,hifld_pool
19982,41.6729,-83.7672,30,100.0,100.0,False,24.07,Ohio,Northern States Flambeau,hifld_pool
19983,41.682,-83.5866,30,100.0,100.0,False,43.09,Ohio,Remsburg,hifld_pool
19984,41.6868,-83.5261,30,100.0,100.0,False,48.05,Ohio,West Lima,hifld_pool
19985,41.763,-83.51,30,100.0,100.0,False,20.33,Ohio,Sutliff,hifld_pool
19986,41.7849,-83.542,30,500.0,230.0,False,34.13,Ohio,Tejon,hifld_pool
19987,41.7037,-83.6073,30,100.0,100.0,False,32.980000000000004,Ohio,Moss Landing,hifld_pool
19988,41.6507,-83.5752,30,100.0,100.0,False,59.57,Ohio,Oneta,hifld_pool
19989,41.6654,-83.3275,30,100.0,100.0,False,13.16,Ohio,Decant,hifld_nearest
19990,41.6637,-83.5012,30,100.0,100.0,False,24.56,Ohio,Cross Reactors,hifld_pool
19991,41.6499,-83.3938,30,100.0,100.0,False,20.01,Ohio,High Falls - Croghan Ny,hifld_pool
19992,41.7499,-83.6232,30,100.0,100.0,False,13.8,Ohio,Leesburg Central,hifld_pool
19993,41.6577,-83.672,30,100.0,100.0,False,18.1,Ohio,Kitty Hawk,hifld_pool
19994,41.7116,-83.6474,30,100.0,100.0,False,31.91,Ohio,Frisco,hifld_pool
19995,41.6161,-83.5014,30,100.0,100.0,False,16.22,Ohio,Maclean,hifld_nearest
19996,41.5805,-83.6324,30,100.0,100.0,False,27.02,Ohio,Hillabee Station,hifld_pool
19997,41.6496,-83.6251,30,100.0,100.0,False,41.64,Ohio,Brackenridge,hifld_pool
19998,41.6758,-83.6268,30,230.0,100.0,False,58.92,Ohio,Daniel Siding,hifld_pool
19999,41.6855,-83.6608,30,100.0,100.0,False,55.54,Ohio,Newark Energy Center,hifld_pool
20000,41.6258,-83.5424,30,100.0,100.0,False,22.16,Ohio,Tracy,hifld_nearest
20001,41.5823,-83.4225,30,100.0,100.0,False,22.98,Ohio,Frey,hifld_nearest
20002,41.6655,-83.5875,30,100.0,100.0,False,19.42,Ohio,Bowline Point,hifld_pool
20003,41.6461,-83.5314,30,100.0,100.0,False,29.82,Ohio,Q & Watt,hifld_pool
20004,41.7438,-83.4364,30,100.0,100.0,False,19.42,Ohio,Helicon,hifld_pool
20005,41.6702,-83.5544,30,230.0,230.0,False,53.78,Ohio,Kemmerer,hifld_pool
20006,41.6445,-83.493,30,100.0,100.0,False,21.58,Ohio,U S Alliance Coosa Pines,hifld_pool
20007,41.6025,-83.6002,30,230.0,100.0,False,52.89,Ohio,Gould,hifld_nearest
20008,41.5397,-83.5862,30,100.0,100.0,False,24.68,Ohio,Mcdonnell,hifld_pool
20009,41.5988,-83.6297,30,100.0,100.0,False,20.06,Ohio,Olympia,hifld_pool
20010,41.5907,-83.5669,30,100.0,100.0,False,44.32,Ohio,Ford,hifld_nearest
20011,41.507,-83.7558,30,100.0,100.0,False,18.24,Ohio,Greenspot,hifld_pool
20012,41.4434,-83.826,30,100.0,1.0,False,18.45,Ohio,Algood,hifld_pool
20013,41.0189,-80.7869,30,100.0,100.0,False,19.64,Ohio,Massey Road,hifld_pool
20014,40.9457,-80.7249,30,100.0,100.0,False,16.56,Ohio,Jonesboro,hifld_pool
20015,40.9973,-80.7879,30,100.0,100.0,False,15.11,Ohio,Ellis,hifld_pool
20016,41.1859,-80.5578,30,100.0,100.0,False,21.9,Ohio,Masury,hifld_nearest
20017,41.1525,-80.4681,30,100.0,100.0,False,13.61,Ohio,Maine Yankee,hifld_pool
20018,41.2175,-80.5514,30,230.0,100.0,False,19.19,Ohio,Brookfield,hifld_nearest
20019,41.0401,-80.4614,30,100.0,100.0,False,9.11,Ohio,Anp Blackstone Energy Project,hifld_pool
20020,41.1407,-80.9641,30,100.0,100.0,False,18.8,Ohio,Parr Gt,hifld_pool
20021,41.2053,-80.9241,30,100.0,100.0,False,9.55,Ohio,Newton Falls,hifld_nearest
20022,41.2517,-81.0242,30,100.0,100.0,False,14.36,Ohio,Windham,hifld_nearest
20023,40.9998,-81.0526,30,100.0,100.0,False,19.09,Ohio,Cashion,hifld_pool
20024,41.1115,-80.6291,30,100.0,100.0,False,27.64,Ohio,Yorba Linda,hifld_pool
20025,41.2111,-80.9883,30,100.0,100.0,False,9.58,Ohio,St Croix Falls,hifld_pool
20026,41.0115,-80.8948,30,100.0,100.0,False,17.27,Ohio,Ellsworth,hifld_nearest
20027,41.1441,-80.5959,30,100.0,100.0,False,27.45,Ohio,Lincoln Park,hifld_nearest
20028,41.1848,-80.7223,30,100.0,100.0,False,13.26,Ohio,Niles Power Plant,hifld_nearest
20029,41.1484,-80.6767,30,100.0,100.0,False,21.09,Ohio,Mosier,hifld_nearest
20030,41.0797,-80.6675,30,100.0,100.0,False,16.29,Ohio,Indianola,hifld_nearest
20031,41.044,-80.6603,30,100.0,100.0,False,29.15,Ohio,Calhoun Energy Center,hifld_pool
20032,41.102,-80.6466,30,230.0,230.0,False,29.27,Ohio,Belmont,hifld_nearest
20033,41.1251,-80.8206,30,230.0,230.0,False,33.94,Ohio,West Austintown,hifld_nearest
20034,41.029,-80.7555,30,230.0,230.0,False,38.66,Ohio,Canfield,hifld_nearest
20035,41.0909,-80.6974,30,100.0,100.0,False,18.28,Ohio,Belle Vista,hifld_nearest
20036,41.0482,-80.7082,30,100.0,100.0,False,20.56,Ohio,Cornersburg,hifld_nearest
20037,40.9718,-80.7133,30,100.0,100.0,False,15.95,Ohio,Lawson Rd,hifld_pool
20038,41.0546,-80.7299,30,100.0,100.0,False,32.9,Ohio,Petro Lewis,hifld_pool
20039,41.011,-80.678,30,100.0,100.0,False,37.06,Ohio,Clairemont,hifld_pool
20040,40.9946,-80.6108,30,500.0,100.0,False,54.32,Ohio,Tartesso,hifld_pool
20041,41.0145,-80.6573,30,100.0,100.0,False,28.94,Ohio,Boardman,hifld_nearest
20042,40.9187,-80.6356,30,100.0,100.0,False,18.29,Ohio,Empire,hifld_pool
20043,40.9538,-80.6113,30,100.0,100.0,False,28.37,Ohio,North Lima,hifld_nearest
20044,41.0505,-80.6222,30,100.0,100.0,False,38.28,Ohio,Zedaker,hifld_nearest
20045,41.1262,-81.725,30,100.0,100.0,False,13.26,Ohio,Granger,hifld_nearest
20046,41.2051,-81.6234,30,100.0,100.0,False,12.85,Ohio,Bath,hifld_nearest
20047,41.1262,-81.6457,30,100.0,100.0,False,10.41,Ohio,Rosemont,hifld_nearest
20048,41.0109,-81.732,30,100.0,100.0,False,18.74,Ohio,El Patio,hifld_pool
20049,40.9125,-81.6514,30,100.0,100.0,False,38.04,Ohio,Raber,hifld_pool
20050,41.0569,-81.5865,30,100.0,100.0,False,35.28,Ohio,Tusc,hifld_nearest
20051,40.9989,-81.6112,30,100.0,100.0,False,35.79,Ohio,B&W Susbtation,hifld_nearest
20052,41.0502,-81.6172,30,100.0,100.0,False,56.2,Ohio,Silver Spur,hifld_pool
20053,41.322,-81.7722,30,100.0,100.0,False,29.83,Ohio,Gallo,hifld_pool
20054,41.2825,-81.8191,30,230.0,230.0,False,29.83,Ohio,Williams Lake,hifld_pool
20055,41.2677,-81.7238,30,100.0,100.0,False,50.16,Ohio,Union Chemical,hifld_pool
20056,41.2011,-81.8968,30,230.0,230.0,False,38.15,Ohio,North Medina,hifld_nearest
20057,41.0215,-81.9153,30,100.0,100.0,False,7.65,Ohio,Acme Hill,hifld_nearest
20058,40.9529,-81.8728,30,100.0,100.0,False,11.82,Ohio,Intalco,hifld_pool
20059,41.1023,-82.0411,30,100.0,100.0,False,16.93,Ohio,Fishhole,hifld_pool
20060,40.9629,-82.1605,30,100.0,100.0,False,6.48,Ohio,Wisdom,hifld_pool
20061,40.8967,-81.7575,30,100.0,100.0,False,9.86,Ohio,Keystone Heights Electrical,hifld_pool
20062,41.0717,-81.7315,30,100.0,100.0,False,20.52,Ohio,Sub 20062,hifld_pool
20063,41.0717,-81.7843,30,500.0,230.0,False,53.31,Ohio,Running Y,hifld_pool
20064,41.0313,-81.7076,30,100.0,100.0,False,20.52,Ohio,Star,hifld_nearest
20065,40.6628,-84.6169,30,100.0,100.0,False,13.45,Ohio,Dickson,hifld_pool
20066,40.7484,-84.7782,30,100.0,100.0,False,4.13,Ohio,Dixie College,hifld_pool
20067,40.6189,-82.6231,30,100.0,100.0,False,12.7,Ohio,Golden Valley,hifld_pool
20068,40.5699,-82.6564,30,100.0,100.0,False,12.7,Ohio,Crisp Plant,hifld_pool
20069,40.7087,-82.5699,30,100.0,100.0,False,24.15,Ohio,Pocatello,hifld_pool
20070,41.5051,-83.4765,30,100.0,100.0,False,7.74,Ohio,Bravo Dome,hifld_pool
20071,41.4813,-83.3522,30,100.0,100.0,False,17.78,Ohio,Carr,hifld_pool
20072,41.4263,-82.8126,30,100.0,100.0,False,16.91,Ohio,Castalia,hifld_nearest
20073,41.4868,-82.7082,30,100.0,100.0,True,5.030000000000001,Ohio,Bay,hifld_nearest
20074,41.5009,-82.8038,30,100.0,100.0,False,6.73,Ohio,Cache Slough,hifld_pool
20075,41.4964,-83.0768,30,100.0,100.0,False,7.77,Ohio,White Rock-Nike,hifld_pool
20076,41.533,-83.1318,30,100.0,100.0,False,10.2,Ohio,Saugus,hifld_pool
20077,41.4981,-83.2313,30,100.0,100.0,False,17.54,Ohio,Chico A,hifld_pool
20078,41.5241,-82.9693,30,100.0,100.0,True,12.72,Ohio,River Run,hifld_pool
20079,41.4894,-82.899,30,100.0,100.0,False,12.61,Ohio,Lakeview,hifld_nearest
20080,41.3835,-83.0219,30,100.0,100.0,False,12.61,Ohio,Thunderbird,hifld_pool
20081,40.9522,-84.734,30,100.0,100.0,False,7.96,Ohio,R.P.Mone,hifld_nearest
20082,41.0845,-84.3801,30,100.0,100.0,False,8.9,Ohio,Mccall Substtaion,hifld_pool
20083,41.087,-84.6279,30,100.0,100.0,False,7.41,Ohio,Scituate,hifld_pool
20084,41.1603,-84.6006,30,100.0,100.0,False,13.53,Ohio,Pearland,hifld_pool
20085,41.0664,-84.724,30,100.0,100.0,False,11.4,Ohio,Sandune,hifld_pool
20086,41.0023,-81.576,30,230.0,1.0,False,52.6,Ohio,Portage Lakes,hifld_nearest
20087,40.9385,-81.4807,30,100.0,100.0,False,21.86,Ohio,Green,hifld_nearest
20088,41.1114,-81.43,30,100.0,100.0,False,37.47,Ohio,Sobieski,hifld_pool
20089,41.0197,-81.1546,30,100.0,100.0,False,17.67,Ohio,Randolph,hifld_nearest
20090,41.0631,-81.0624,30,100.0,100.0,False,8.73,Ohio,Ashdown 69,hifld_pool
20091,41.3226,-81.4862,30,230.0,100.0,False,41.37,Ohio,Chamberlin,hifld_nearest
20092,41.1918,-81.4563,30,100.0,100.0,False,22.73,Ohio,Darrow,hifld_nearest
20093,41.282,-81.3693,30,100.0,100.0,False,17.33,Ohio,Chillicothe,hifld_nearest
20094,41.2574,-81.4252,30,100.0,100.0,False,17.33,Ohio,Dashville,hifld_pool
20095,41.1343,-81.3596,30,100.0,100.0,False,31.15,Ohio,Summit Street Power Plant,hifld_nearest
20096,41.0886,-81.3739,30,230.0,230.0,False,58.49,Ohio,Old Forge,hifld_nearest
20097,41.1634,-81.2338,30,500.0,1.0,False,49.03,Ohio,Ravenna,hifld_nearest
20098,41.1739,-81.293,30,100.0,100.0,False,31.15,Ohio,Mt. Vernon,hifld_pool
20099,41.3327,-81.2305,30,100.0,100.0,False,7.29,Ohio,Don Julio-Lorac Vista,hifld_pool
20100,41.2922,-81.1317,30,100.0,100.0,False,18.41,Ohio,Hiram,hifld_nearest
20101,41.0024,-81.3311,30,100.0,100.0,False,30.19,Ohio,Congress,hifld_nearest
20102,40.9819,-81.3823,30,100.0,100.0,False,12.28,Ohio,Lakemore,hifld_nearest
20103,41.0587,-81.3147,30,100.0,100.0,False,21.3,Ohio,Otter Valley,hifld_pool
20104,41.139,-81.2224,30,100.0,100.0,False,27.76,Ohio,Hanna,hifld_nearest
20105,41.2697,-81.2399,30,100.0,100.0,False,23.0,Ohio,Sub 20105,hifld_pool
20106,41.1906,-81.1567,30,100.0,100.0,False,35.43,Ohio,Benndale 230,hifld_pool
20107,41.2047,-81.4827,30,100.0,100.0,False,37.79,Ohio,Wyoga,hifld_nearest
20108,41.2281,-81.3976,30,230.0,230.0,False,37.79,Ohio,No Troy,hifld_pool
20109,41.1614,-81.4593,30,100.0,100.0,False,26.54,Ohio,Detour,hifld_pool
20110,41.2414,-81.3764,30,100.0,100.0,False,26.54,Ohio,Rutherford,hifld_pool
20111,41.1527,-81.3381,30,100.0,100.0,False,22.51,Ohio,Brady,hifld_nearest
20112,41.1021,-81.3996,30,100.0,100.0,False,16.82,Ohio,Eric,hifld_pool
20113,41.0424,-84.072,30,100.0,100.0,False,10.04,Ohio,Scotland Dam,hifld_pool
20114,41.0574,-84.1047,30,230.0,100.0,False,13.24,Ohio,Deerfield,hifld_pool
20115,41.0015,-83.9653,30,100.0,100.0,False,10.04,Ohio,Minuteman,hifld_pool
20116,40.6789,-82.4274,30,100.0,100.0,False,18.36,Ohio,Forbing Road,hifld_pool
20117,40.8053,-82.4162,30,100.0,100.0,False,17.72,Ohio,Molalla,hifld_pool
20118,40.7636,-82.455,30,100.0,100.0,False,13.26,Ohio,Hambrick,hifld_pool
20119,40.7695,-82.6193,30,100.0,100.0,False,27.86,Ohio,West Mount Vernon,hifld_pool
20120,40.6508,-82.5573,30,100.0,100.0,False,13.07,Ohio,Alum Ridge,hifld_pool
20121,40.745,-82.4329,30,100.0,100.0,False,13.07,Ohio,Creelman,hifld_pool
20122,41.3491,-83.0031,30,100.0,100.0,False,9.5,Ohio,N. Truckee,hifld_pool
20123,41.2801,-83.0226,30,100.0,100.0,False,11.93,Ohio,Seasons-Bruceville,hifld_pool
20124,41.4324,-83.007,30,100.0,100.0,False,10.83,Ohio,Belle Glade,hifld_pool
20125,41.3876,-83.1541,30,100.0,100.0,False,22.24,Ohio,San Rafael,hifld_pool
20126,41.3669,-83.1698,30,100.0,100.0,False,20.95,Ohio,Fremont Energy Center,hifld_nearest
20127,41.3402,-83.1442,30,100.0,100.0,False,20.95,Ohio,Rathdrum,hifld_pool
20128,41.3823,-83.1012,30,100.0,100.0,False,21.01,Ohio,Telkwa,hifld_pool
20129,41.3747,-83.3257,30,100.0,100.0,False,7.72,Ohio,Nooksett Hydro,hifld_pool
20130,41.3214,-83.4021,30,100.0,100.0,False,7.59,Ohio,Clyde Hill,hifld_pool
20131,41.3578,-83.2356,30,100.0,100.0,False,6.32,Ohio,Dayton'S Bluff,hifld_pool
20132,41.1906,-83.0195,30,100.0,100.0,False,7.0,Ohio,J.M. Shafer,hifld_pool
20133,41.1538,-83.0946,30,230.0,230.0,False,22.35,Ohio,Alleghany,hifld_pool
20134,41.0289,-83.1432,30,100.0,100.0,False,26.16,Ohio,Praire Creek,hifld_pool
20135,41.1417,-83.1464,30,100.0,100.0,False,20.79,Ohio,Christmas Valley,hifld_pool
20136,41.1071,-83.0627,30,100.0,100.0,False,22.3,Ohio,Incline,hifld_pool
20137,40.6408,-81.4767,30,100.0,100.0,False,10.19,Ohio,Bolivar,hifld_nearest
20138,40.8415,-81.5346,30,230.0,230.0,False,47.1,Ohio,Waters River,hifld_pool
20139,40.8652,-81.6208,30,100.0,100.0,False,20.11,Ohio,Marion N,hifld_pool
20140,40.9085,-81.5641,30,100.0,100.0,False,11.5,Ohio,Delvo,hifld_pool
20141,40.9427,-81.3526,30,100.0,100.0,False,12.38,Ohio,Hartville,hifld_nearest
20142,40.9217,-81.2895,30,100.0,100.0,False,12.38,Ohio,Cahullia,hifld_pool
20143,40.8715,-81.5398,30,100.0,100.0,False,19.3,Ohio,Greenidge Generation Llc,hifld_pool
20144,40.8547,-81.4207,30,100.0,100.0,False,25.9,Ohio,Belden Village,hifld_nearest
20145,40.8322,-81.4916,30,100.0,100.0,False,12.95,Ohio,Charity Rotch,hifld_nearest
20146,40.8178,-81.3632,30,100.0,100.0,False,8.27,Ohio,Oakwood Street,hifld_nearest
20147,40.8507,-81.3303,30,100.0,100.0,False,33.59,Ohio,Northeast Canton,hifld_nearest
20148,40.8914,-81.3003,30,100.0,100.0,False,12.86,Ohio,Canas Tc,hifld_pool
20149,40.8924,-81.3912,30,100.0,100.0,False,21.13,Ohio,Pawling,hifld_pool
20150,40.7713,-81.3724,30,100.0,100.0,False,23.69,Ohio,Belding,hifld_pool
20151,40.8478,-81.4718,30,100.0,100.0,False,17.2,Ohio,Twisselman,hifld_pool
20152,40.7845,-81.3543,30,230.0,230.0,False,25.58,Ohio,Sunnyside,hifld_nearest
20153,40.7724,-81.5147,30,100.0,100.0,False,8.38,Ohio,Shady Grove,hifld_pool
20154,40.7545,-81.3059,30,100.0,100.0,False,12.16,Ohio,South East Canton,hifld_nearest
20155,40.8655,-81.3592,30,100.0,100.0,False,16.53,Ohio,West Middleton,hifld_pool
20156,40.7159,-81.3802,30,100.0,100.0,False,11.48,Ohio,South Canton 3,hifld_nearest
20157,40.705,-81.468,30,100.0,100.0,False,12.5,Ohio,Seymour,hifld_pool
20158,40.7914,-81.4632,30,100.0,100.0,False,12.5,Ohio,Reedurban,hifld_nearest
20159,40.779,-81.3924,30,100.0,100.0,False,32.43,Ohio,Timken,hifld_nearest
20160,40.9487,-81.5762,30,100.0,100.0,False,8.6,Ohio,Mulligan,hifld_pool
20161,40.7099,-81.6799,30,100.0,100.0,False,15.68,Ohio,Fruitridge & 28Th,hifld_pool
20162,40.9021,-81.2082,30,100.0,100.0,False,13.94,Ohio,Colby City Of,hifld_pool
20163,40.8616,-81.2377,30,100.0,100.0,False,17.42,Ohio,Savona,hifld_pool
20164,40.8246,-81.2745,30,100.0,100.0,False,34.84,Ohio,Sawtelle,hifld_pool
20165,40.8954,-81.4581,30,100.0,100.0,False,26.04,Ohio,Wayview,hifld_nearest
20166,40.813,-81.5467,30,100.0,100.0,False,26.04,Ohio,Katella,hifld_pool
20167,40.8123,-81.6,30,100.0,100.0,False,28.72,Ohio,Dublin,hifld_nearest
20168,40.7479,-81.4613,30,230.0,230.0,False,47.36,Ohio,Timken Richville,hifld_nearest
20169,40.7669,-81.6269,30,230.0,230.0,False,35.13,Ohio,Simon Street,hifld_pool
20170,40.7506,-81.5922,30,100.0,100.0,False,23.0,Ohio,Mcintosh Al,hifld_pool
20171,40.8192,-81.6622,30,100.0,100.0,False,15.01,Ohio,Dalton,hifld_nearest
20172,40.6872,-81.5208,30,100.0,100.0,False,19.44,Ohio,Electrical,hifld_nearest
20173,40.9054,-81.4953,30,100.0,100.0,False,26.72,Ohio,Magas Collores 5805,hifld_pool
20174,40.8459,-81.4319,30,500.0,230.0,False,56.87,Ohio,West Canton,hifld_nearest
20175,41.0353,-81.4328,30,100.0,100.0,False,26.72,Ohio,Mcknights,hifld_nearest
20176,40.9543,-81.4014,30,100.0,100.0,False,27.87,Ohio,Greentown,hifld_nearest
20177,40.9175,-81.4259,30,230.0,230.0,False,31.73,Ohio,Dededo,hifld_pool
20178,40.8584,-81.4442,30,100.0,100.0,False,29.8,Ohio,Volcano,hifld_pool
20179,40.904,-81.3611,30,100.0,100.0,False,18.95,Ohio,Maricopa,hifld_pool
20180,40.9493,-81.4362,30,100.0,100.0,False,18.88,Ohio,Quintana 1418,hifld_pool
20181,41.1045,-81.5874,30,100.0,100.0,False,40.35,Ohio,Pine,hifld_nearest
20182,41.1377,-81.5212,30,100.0,100.0,False,45.61,Ohio,Sackett,hifld_nearest
20183,41.1741,-81.5871,30,100.0,100.0,False,33.07,Ohio,Saint Just 1203,hifld_pool
20184,41.1065,-81.4548,30,100.0,100.0,False,16.88,Ohio,Tallmadge,hifld_nearest
20185,41.0672,-81.4543,30,230.0,1.0,False,32.02,Ohio,East Akron,hifld_nearest
20186,41.0368,-81.5608,30,100.0,100.0,False,22.59,Ohio,Coventry,hifld_nearest
20187,41.0703,-81.5567,30,100.0,100.0,False,39.44,Ohio,Thornton,hifld_nearest
20188,41.0981,-81.531,30,100.0,100.0,False,31.75,Ohio,Edgerton,hifld_nearest
20189,41.1529,-81.5624,30,100.0,100.0,False,39.07,Ohio,Sourek,hifld_nearest
20190,40.9802,-81.6495,30,100.0,100.0,False,22.68,Ohio,Johnsons Corners,hifld_nearest
20191,41.0121,-81.4787,30,100.0,100.0,False,20.92,Ohio,Krumroy,hifld_nearest
20192,41.0922,-81.6359,30,100.0,100.0,False,12.9,Ohio,Copley,hifld_nearest
20193,41.1009,-81.4882,30,100.0,100.0,False,35.72,Ohio,Evans,hifld_nearest
20194,41.0286,-81.4744,30,100.0,100.0,False,25.91,Ohio,Towne,hifld_pool
20195,41.0644,-81.4786,30,100.0,100.0,False,30.81,Ohio,Outfall,hifld_pool
20196,40.9757,-81.507,30,100.0,100.0,False,46.01,Ohio,Moore,hifld_nearest
20197,41.0146,-81.5085,30,100.0,100.0,False,15.54,Ohio,South Akron,hifld_nearest
20198,40.9277,-81.5271,30,100.0,100.0,False,31.08,Ohio,Nimisila,hifld_nearest
20199,41.193,-81.5885,30,230.0,230.0,False,42.95,Ohio,Ruskin,hifld_pool
20200,41.234,-81.5984,30,100.0,100.0,False,12.46,Ohio,Thrive Fontana,hifld_pool
20201,41.1485,-81.4561,30,100.0,100.0,False,27.3,Ohio,Tibbits,hifld_pool
20202,41.0691,-81.4032,30,100.0,100.0,False,44.16,Ohio,Gilchrist,hifld_nearest
20203,41.0769,-81.5293,30,230.0,100.0,False,55.8,Ohio,Water,hifld_nearest
20204,41.3365,-81.5987,30,100.0,100.0,False,26.74,Ohio,Genoa,hifld_pool
20205,41.2962,-81.5767,30,100.0,100.0,False,14.0,Ohio,Hills,hifld_nearest
20206,41.3077,-81.4449,30,100.0,100.0,False,25.32,Ohio,Twinsburg,hifld_nearest
20207,41.293,-81.5062,30,100.0,100.0,False,14.0,Ohio,Nordonia,hifld_nearest
20208,41.3782,-81.3694,30,100.0,100.0,False,13.85,Ohio,Maxwell,hifld_nearest
20209,41.2207,-81.3642,30,100.0,100.0,False,19.02,Ohio,Shalersville,hifld_nearest
20210,41.3265,-81.4278,30,100.0,100.0,False,24.04,Ohio,Geauga,hifld_nearest
20211,41.398,-80.8258,30,100.0,100.0,False,6.79,Ohio,Stallings,hifld_pool
20212,41.3273,-80.6492,30,100.0,100.0,False,20.42,Ohio,Laporte,hifld_pool
20213,41.3492,-80.7011,30,100.0,100.0,False,13.16,Ohio,Agness Ave,hifld_pool
20214,41.3722,-80.7511,30,100.0,100.0,False,11.93,Ohio,Spring Grove,hifld_pool
20215,41.1611,-80.6373,30,100.0,100.0,False,29.95,Ohio,Hooker,hifld_pool
20216,41.1974,-80.6963,30,230.0,100.0,False,25.02,Ohio,Girard,hifld_nearest
20217,41.3205,-80.5557,30,100.0,100.0,False,5.82,Ohio,Cassidy,hifld_pool
20218,41.2494,-80.5761,30,100.0,100.0,False,16.05,Ohio,Tualatin,hifld_pool
20219,41.2282,-80.6751,30,100.0,100.0,False,14.35,Ohio,Aero,hifld_nearest
20220,41.2052,-80.776,30,100.0,100.0,False,43.06,Ohio,Black Ranch,hifld_pool
20221,41.3334,-80.9791,30,100.0,100.0,False,13.34,Ohio,Anadardko-Chapita,hifld_pool
20222,41.2823,-80.8313,30,100.0,100.0,False,38.69,Ohio,Walter F George,hifld_pool
20223,41.3083,-80.8117,30,230.0,230.0,False,29.12,Ohio,Williamsport,hifld_pool
20224,41.2017,-80.6733,30,100.0,100.0,False,28.38,Ohio,Newton Bulk,hifld_pool
20225,41.1673,-80.8907,30,100.0,100.0,False,15.84,Ohio,Oak Ridge,hifld_pool
20226,41.3333,-80.8426,30,100.0,100.0,False,11.3,Ohio,Crane Creek,hifld_pool
20227,41.2836,-80.9299,30,100.0,100.0,False,21.13,Ohio,Gas Turbine Ia,hifld_pool
20228,41.3066,-80.7725,30,100.0,100.0,False,27.67,Ohio,Saguaro,hifld_pool
20229,41.2367,-80.7803,30,100.0,100.0,False,15.75,Ohio,Placid Lake,hifld_pool
20230,41.2152,-80.7432,30,100.0,100.0,False,19.63,Ohio,Hustburg,hifld_pool
20231,41.2603,-80.7544,30,100.0,100.0,False,15.75,Ohio,Rivermine,hifld_pool
20232,40.6297,-81.5871,30,100.0,100.0,False,12.41,Ohio,Woodhaven,hifld_pool
20233,40.9689,-84.6043,30,100.0,100.0,False,10.46,Ohio,North Branch,hifld_pool
20234,40.9253,-84.5754,30,100.0,100.0,False,22.07,Ohio,Mccartney,hifld_pool
20235,40.9056,-84.6477,30,100.0,100.0,False,14.8,Ohio,Wisconsin Rapids,hifld_pool
20236,40.6717,-81.7445,30,100.0,100.0,False,7.44,Ohio,Marys River,hifld_pool
20237,40.7097,-81.8046,30,100.0,100.0,False,7.14,Ohio,Calero,hifld_pool
20238,40.7827,-81.7829,30,100.0,100.0,False,13.4,Ohio,Rodeo,hifld_pool
20239,40.8088,-81.7494,30,100.0,100.0,False,12.31,Ohio,Sepluveda,hifld_pool
20240,40.9014,-81.7155,30,100.0,100.0,False,12.31,Ohio,Halls,hifld_pool
20241,40.8415,-81.7459,30,100.0,100.0,False,25.01,Ohio,Smuckers,hifld_nearest
20242,41.5699,-84.7684,30,100.0,100.0,False,5.07,Ohio,Bruce Crossing,hifld_pool
20243,41.5112,-84.6274,30,100.0,100.0,False,7.1,Ohio,Speen Street,hifld_pool
20244,41.6941,-84.5536,30,100.0,100.0,False,15.13,Ohio,Higley,hifld_pool
20245,41.6216,-84.6467,30,100.0,100.0,False,9.59,Ohio,Tanner Street Generation,hifld_pool
20246,41.4464,-83.6593,30,100.0,100.0,False,21.78,Ohio,Ford City,hifld_pool
20247,41.3982,-83.6969,30,100.0,100.0,False,35.6,Ohio,Bowling Green Generating Station,hifld_nearest
20248,41.4856,-83.5915,30,100.0,100.0,False,21.46,Ohio,Iola,hifld_pool
20249,41.449,-83.6206,30,100.0,100.0,False,21.46,Ohio,East Jackson 1&2,hifld_pool
20250,41.3167,-83.6352,30,100.0,100.0,False,14.17,Ohio,Portage,hifld_nearest
20251,41.4359,-83.4634,30,100.0,100.0,False,16.4,Ohio,Lemoyne,hifld_nearest
20252,41.4831,-83.6603,30,100.0,100.0,False,25.66,Ohio,Wing Lane,hifld_pool
20253,41.5261,-83.5564,30,100.0,100.0,False,25.35,Ohio,Seneca City Of,hifld_pool
20254,41.537,-83.6018,30,230.0,230.0,False,25.35,Ohio,Big Horn,hifld_pool
20255,41.4768,-83.557,30,100.0,100.0,False,25.35,Ohio,Banner,hifld_pool
20256,41.3474,-83.8417,30,100.0,100.0,False,6.39,Ohio,Neligh,hifld_pool
20257,40.7977,-83.3172,30,100.0,100.0,False,13.19,Ohio,Lion Mountain,hifld_pool
20258,40.8221,-83.3052,30,230.0,230.0,False,15.05,Ohio,Sycamore Canyon,hifld_pool
20259,40.8773,-83.2287,30,100.0,100.0,False,9.53,Ohio,Plum Street,hifld_pool
20260,41.4984,-82.076,30,100.0,13.8,False,0.0,Ohio,Avon Lake,hifld_nearest
20261,40.7193,-82.8037,30,500.0,230.0,False,0.0,Ohio,Galion Generating Station,hifld_nearest
20262,41.4931,-81.7273,30,100.0,100.0,True,0.0,Ohio,Halldale,hifld_pool
20263,41.4824,-84.4177,30,100.0,24.0,False,0.0,Ohio,Stryker,hifld_nearest
20264,41.4218,-82.2674,30,500.0,1.0,False,0.0,Ohio,Beaver,hifld_nearest
20265,40.8918,-84.6125,30,100.0,100.0,False,0.0,Ohio,Bloomington Rogers St,hifld_pool
20266,41.4923,-82.0216,30,500.0,1.0,False,0.0,Ohio,Siler City,hifld_pool
20267,41.3967,-84.1132,30,230.0,13.8,False,0.0,Ohio,Napoleon Peaking Station,hifld_nearest
20268,40.7639,-82.5646,30,100.0,1.0,False,0.0,Ohio,Strawton,hifld_pool
20269,40.9025,-84.7396,30,500.0,18.0,False,0.0,Ohio,Spanish Creek,hifld_pool
20270,41.3998,-84.0804,30,100.0,1.0,False,0.0,Ohio,Mead,hifld_pool
20271,41.6117,-83.0991,30,500.0,100.0,True,0.0,Ohio,Davis-Besse,hifld_nearest
20272,41.4215,-84.767,30,100.0,13.8,False,0.0,Ohio,Lacombe,hifld_pool
20273,40.9861,-81.7651,30,100.0,100.0,False,0.0,Ohio,Rittman,hifld_nearest
20274,40.7486,-82.7906,30,100.0,13.8,False,0.0,Ohio,Thomas Fitzhugh,hifld_pool
20275,41.6775,-83.4692,30,100.0,13.8,False,0.0,Ohio,Taum Sauk,hifld_pool
20276,41.2526,-82.2322,30,100.0,100.0,False,0.0,Ohio,Saint Cloud,hifld_pool
20277,41.6323,-81.4535,30,230.0,13.8,False,0.0,Ohio,Seaside,hifld_pool
20278,41.4528,-84.5381,30,230.0,13.8,False,0.0,Ohio,Moffett,hifld_pool
20279,41.4983,-81.6527,30,100.0,13.8,False,0.0,Ohio,Aneth,hifld_pool
20280,41.4737,-83.4585,30,500.0,18.0,False,0.0,Ohio,Troy Energy Llc,hifld_nearest
20281,40.8992,-81.766,30,100.0,100.0,False,0.0,Ohio,Lake Catherine,hifld_pool
20282,41.4398,-84.1023,30,100.0,13.8,False,0.0,Ohio,Northwest Mandan Swicthing Station,hifld_pool
20283,41.389,-83.6099,30,100.0,1.0,False,0.0,Ohio,Bowling Green Electric No 4,hifld_nearest
20284,41.1594,-81.3381,30,100.0,13.8,False,0.0,Ohio,Jordan Park,hifld_pool
20285,41.5268,-81.5606,30,100.0,18.0,False,0.0,Ohio,Jm Manufacturing,hifld_pool
20286,41.3725,-83.6164,30,230.0,1.0,False,0.0,Ohio,Marbo,hifld_pool
20287,41.9082,-80.7765,30,500.0,230.0,True,208.64,Ohio,Firstenergy Ashtabula,hifld_nearest
20288,41.8623,-80.7991,30,100.0,1.0,False,0.0,Ohio,Temple Switching,hifld_pool
20289,41.7224,-83.4536,30,100.0,100.0,False,0.0,Ohio,Glen,hifld_pool
20290,41.723,-81.238,30,230.0,13.8,False,0.0,Ohio,Portage Uppco,hifld_pool
20291,41.6898,-81.4163,30,500.0,230.0,True,65.86999999999989,Ohio,Capwind,hifld_pool
20292,40.8933,-82.6685,30,100.0,18.0,False,0.0,Ohio,City Of Shelby Electric Distribution,hifld_nearest
20293,41.396,-84.0959,30,100.0,13.8,False,0.0,Ohio,Metalcan,hifld_pool
20294,41.405,-82.2858,30,100.0,100.0,False,0.0,Ohio,Mason,hifld_pool
20295,41.3075,-84.3137,30,100.0,13.8,False,0.0,Ohio,Canyonville,hifld_pool
20296,41.7696,-81.1502,30,500.0,24.0,False,0.0,Ohio,Northward,hifld_pool
20297,41.447,-84.5104,30,100.0,1.0,False,0.0,Ohio,Los Reales,hifld_pool
20298,41.5886,-84.531,30,230.0,230.0,False,0.0,Ohio,Lake Lure,hifld_pool
20299,41.3996,-83.1682,30,500.0,13.8,False,0.0,Ohio,Hagan,hifld_pool
20300,41.6859,-83.4586,30,230.0,24.0,False,0.0,Ohio,Firstenergy Bay Shore,hifld_nearest
20301,41.0558,-81.8663,30,100.0,1.0,False,0.0,Ohio,Seville,hifld_nearest
20302,41.5339,-81.6293,30,230.0,18.0,False,0.0,Ohio,Loyola,hifld_pool
20303,40.8244,-81.7532,30,500.0,230.0,False,0.0,Ohio,Chartley Pond,hifld_pool
20304,41.021,-84.5941,30,100.0,100.0,False,0.0,Ohio,Haviland,hifld_nearest
20305,41.646,-83.454,30,100.0,100.0,False,0.0,Ohio,Harelson,hifld_pool
20306,41.1445,-80.7474,30,100.0,13.8,False,0.0,Ohio,Mineral Ridge,hifld_nearest
20307,41.5143,-83.3795,30,100.0,100.0,False,0.0,Ohio,Ulrich,hifld_pool
20308,41.3914,-84.0863,30,100.0,100.0,False,0.0,Ohio,Black Canyon,hifld_pool
20309,41.3019,-84.3495,30,500.0,230.0,False,0.0,Ohio,Richland,hifld_nearest
20310,41.1696,-80.7846,30,100.0,18.0,False,0.0,Ohio,Meander,hifld_nearest
20311,41.264,-82.2193,30,100.0,13.8,False,0.0,Ohio,Perry 162,hifld_pool
20312,40.8728,-83.3074,30,100.0,13.8,False,0.0,Ohio,Cottonwood Creek,hifld_pool
20313,41.3538,-83.7232,30,100.0,1.0,False,0.0,Ohio,Cecil,hifld_pool
20314,41.3972,-83.6196,30,100.0,100.0,False,0.0,Ohio,Statesville Delivery No 3,hifld_pool
20315,41.0434,-84.7582,30,230.0,24.0,False,0.0,Ohio,Timber Switch,hifld_nearest
20316,41.1187,-81.4609,30,100.0,100.0,False,0.0,Ohio,Dixon Landing,hifld_pool
20933,42.5443,-85.8872,32,100.0,100.0,True,17.73,Michigan,Plazaview,hifld_pool
20944,42.543,-86.1773,32,100.0,100.0,True,14.010000000000002,Michigan,Fort Stockton,hifld_pool
20945,42.3768,-85.8817,32,100.0,100.0,False,9.5,Michigan,Katy,hifld_pool
20946,42.2541,-86.0511,32,100.0,100.0,False,8.66,Michigan,Lake Placid,hifld_pool
20947,42.382,-85.9987,32,100.0,100.0,False,14.13,Michigan,Island,hifld_pool
20960,42.496,-85.5341,32,100.0,100.0,True,38.95,Michigan,Inyo,hifld_pool
20962,42.3784,-85.6179,32,100.0,100.0,False,17.11,Michigan,Helm,hifld_pool
20964,42.4623,-86.1525,32,100.0,100.0,True,10.580000000000002,Michigan,Shidler,hifld_pool
20965,42.4022,-86.1974,32,100.0,100.0,False,10.45,Michigan,Cruce Davila 8501,hifld_pool
20982,42.0725,-86.3642,32,100.0,100.0,False,21.24,Michigan,Keystone Dam,hifld_pool
20983,42.043,-86.4305,32,100.0,100.0,False,18.05,Michigan,North Bluff,hifld_pool
20984,42.1028,-86.2206,32,100.0,100.0,False,18.05,Michigan,Ncah Central Utility Plant,hifld_pool
20985,42.171,-86.3797,32,100.0,100.0,False,33.21,Michigan,Hagar,hifld_nearest
20986,41.9801,-86.3729,32,100.0,100.0,False,31.41,Michigan,Grays Harbor,hifld_pool
20987,42.1463,-86.2952,32,100.0,100.0,False,8.39,Michigan,Port Of Stockton,hifld_pool
20988,41.8862,-86.441,32,100.0,100.0,False,19.5,Michigan,Locust Grove,hifld_pool
20989,42.2767,-86.3425,32,100.0,100.0,False,10.77,Michigan,Boggy Brook,hifld_pool
20990,42.0192,-86.0663,32,100.0,100.0,False,11.2,Michigan,Hettinger,hifld_pool
20991,42.0497,-86.1647,32,100.0,100.0,False,13.73,Michigan,Sister Lakes,hifld_nearest
20992,41.9965,-86.1217,32,100.0,100.0,False,11.2,Michigan,Aep Colby,hifld_nearest
20993,41.7544,-86.7009,32,100.0,100.0,False,9.89,Michigan,Marcos,hifld_pool
20994,41.7575,-86.2338,32,100.0,100.0,False,21.07,Michigan,Wauna,hifld_pool
20995,41.849,-86.319,32,500.0,100.0,False,31.29,Michigan,Oak Knoll,hifld_pool
20996,41.8336,-86.3126,32,100.0,100.0,False,23.69,Michigan,Poinsett,hifld_pool
20997,41.7857,-86.2317,32,100.0,100.0,False,21.07,Michigan,Lone Pine 3,hifld_pool
20998,41.9902,-86.4963,32,100.0,100.0,False,22.87,Michigan,Sacramento Regional Wwtp,hifld_pool
20999,42.0874,-86.4998,32,100.0,100.0,True,13.510000000000002,Michigan,Liston,hifld_pool
21000,42.0054,-86.4584,32,100.0,100.0,False,22.26,Michigan,Oregon,hifld_pool
21001,42.0878,-86.4358,32,100.0,100.0,False,14.52,Michigan,Alabama River Pulp,hifld_pool
21002,42.012,-86.5486,32,100.0,100.0,False,13.25,Michigan,Schuylerville,hifld_pool
21003,41.8542,-86.5569,32,100.0,100.0,False,5.74,Michigan,Pentland,hifld_pool
21004,41.8457,-86.6783,32,100.0,100.0,False,9.46,Michigan,Glasscock,hifld_pool
21006,41.7875,-85.2685,32,100.0,100.0,True,0.0,Michigan,Vandenberg Afb,hifld_pool
21010,42.0031,-85.2937,32,100.0,100.0,True,59.14,Michigan,Elm Hill,hifld_pool
21017,42.3905,-85.2688,32,230.0,230.0,True,124.22,Michigan,Commodore,hifld_pool
21035,41.9043,-85.9388,32,100.0,100.0,False,23.78,Michigan,Milton Lawns,hifld_pool
21036,42.1098,-85.9654,32,100.0,100.0,False,8.47,Michigan,Canovanas Pueblo 2401,hifld_pool
21037,41.8338,-86.0211,32,230.0,1.0,False,29.05,Michigan,El Sol,hifld_pool
21038,41.9151,-85.7271,32,100.0,100.0,False,10.78,Michigan,Corey,hifld_nearest
21039,42.0299,-85.6542,32,100.0,100.0,False,10.43,Michigan,Llorens Torres 1106-1118,hifld_pool
21040,41.9823,-85.6836,32,100.0,100.0,False,10.43,Michigan,Flowerfield,hifld_nearest
21041,41.9395,-85.6299,32,230.0,100.0,False,24.56,Michigan,Three Rivers,hifld_nearest
21042,41.79,-85.732,32,100.0,100.0,False,12.28,Michigan,Leupp,hifld_pool
21043,41.8469,-85.6306,32,100.0,100.0,False,14.01,Michigan,Constantine Hydro,hifld_nearest
21075,42.6216,-84.4875,32,500.0,500.0,True,637.7,Michigan,Fords Prairie,hifld_pool
21131,41.668,-84.5322,32,100.0,100.0,False,4.24,Michigan,Gray,hifld_pool
21136,41.8084,-84.4025,32,100.0,100.0,True,0.0,Michigan,Johnson 2,hifld_pool
21137,42.0965,-84.4306,32,100.0,100.0,True,0.0,Michigan,Bennington,hifld_pool
21173,42.0874,-84.2444,32,100.0,100.0,True,8.75,Michigan,Lesbia,hifld_pool
21174,42.0379,-84.2894,32,100.0,100.0,False,27.48,Michigan,Nicola,hifld_pool
21187,42.1406,-84.1054,32,100.0,100.0,True,14.9,Michigan,Edinger,hifld_pool
21192,42.3019,-85.4125,32,100.0,100.0,False,15.69,Michigan,Treaschwig,hifld_pool
21193,42.4315,-85.4611,32,100.0,100.0,True,55.68,Michigan,Carlyle,hifld_pool
21194,42.3353,-85.5494,32,100.0,100.0,False,31.9,Michigan,Harney,hifld_pool
21195,42.2488,-85.648,32,230.0,100.0,False,55.26,Michigan,Parkview Battery,hifld_nearest
21196,42.2594,-85.6859,32,100.0,100.0,False,39.05,Michigan,Segs 5,hifld_pool
21197,42.158,-85.6641,32,100.0,100.0,False,44.88,Michigan,Marble River Hatch,hifld_pool
21198,42.3364,-85.66,32,100.0,100.0,False,48.24,Michigan,Texas Cryptologic Center,hifld_pool
21199,42.2778,-85.6233,32,100.0,100.0,False,24.31,Michigan,Western Michigan University Power Plant,hifld_nearest
21200,42.2641,-85.4538,32,100.0,100.0,False,19.75,Michigan,Louisiana 1,hifld_pool
21201,42.3021,-85.4995,32,100.0,100.0,False,14.43,Michigan,Kalamazoo River Generating Station,hifld_nearest
21202,42.1884,-85.5192,32,100.0,100.0,False,17.19,Michigan,Revital,hifld_pool
21203,42.3899,-85.5111,32,100.0,100.0,False,15.86,Michigan,Dow St Charles Operations,hifld_pool
21204,42.2249,-85.5376,32,100.0,100.0,False,35.85,Michigan,West Vicksburg,hifld_pool
21205,42.2806,-85.5679,32,100.0,100.0,False,25.08,Michigan,San Gerardo 1342,hifld_pool
21206,42.1509,-85.7815,32,100.0,100.0,False,6.94,Michigan,Romeo,hifld_pool
21207,42.2039,-85.8718,32,100.0,100.0,False,14.8,Michigan,Almena,hifld_nearest
21208,42.1837,-85.6887,32,100.0,100.0,False,20.84,Michigan,Hermanas Columbus,hifld_pool
21209,42.2557,-85.717,32,100.0,100.0,False,16.2,Michigan,Weeds Lake,hifld_nearest
21210,42.1945,-85.6028,32,100.0,100.0,False,15.3,Michigan,Kings Dominion,hifld_pool
21211,42.2362,-85.6206,32,100.0,100.0,False,45.32,Michigan,Wickett,hifld_pool
21212,42.154,-85.5272,32,100.0,100.0,False,10.66,Michigan,Vicksburg,hifld_nearest
21213,42.0968,-85.4182,32,100.0,100.0,False,22.68,Michigan,Ramon,hifld_pool
21214,42.0576,-85.4526,32,100.0,100.0,False,15.63,Michigan,Cf Industries Yazoo City Complex,hifld_pool
21271,41.9281,-84.0817,32,100.0,100.0,False,23.44,Michigan,Waconda,hifld_pool
21272,41.8582,-84.1122,32,230.0,230.0,False,25.05,Michigan,Hunter'S Creek,hifld_pool
21273,41.8276,-84.0749,32,100.0,100.0,False,23.57,Michigan,Sioux,hifld_pool
21274,41.9318,-84.1142,32,100.0,100.0,False,26.65,Michigan,Kearny,hifld_pool
21275,41.7869,-83.9448,32,100.0,100.0,False,5.48,Michigan,Midlothian Energy Facility,hifld_pool
21276,41.7923,-83.7981,32,100.0,100.0,False,15.62,Michigan,Morocco,hifld_nearest
21277,41.9127,-83.8734,32,100.0,100.0,False,7.83,Michigan,General Motors,hifld_pool
21278,42.062,-83.9981,32,100.0,100.0,False,12.57,Michigan,Platt,hifld_pool
21279,41.7438,-84.1111,32,100.0,100.0,False,11.65,Michigan,Weslaco,hifld_pool
21280,42.0198,-84.1746,32,100.0,100.0,False,11.49,Michigan,Lake Mirror,hifld_pool
21283,42.001,-83.9753,32,100.0,100.0,False,26.44,Michigan,Alta,hifld_pool
21284,41.9535,-84.0133,32,100.0,100.0,False,12.0,Michigan,University Of South Florida,hifld_pool
21375,42.0311,-83.3705,32,100.0,100.0,False,7.66,Michigan,Albany Green Energy,hifld_pool
21376,41.9149,-83.7026,32,100.0,100.0,False,12.64,Michigan,Cathedral Square,hifld_pool
21377,41.9641,-83.7679,32,100.0,100.0,False,5.12,Michigan,Darlington County,hifld_pool
21378,41.7256,-83.549,32,100.0,100.0,False,8.87,Michigan,Lashaway,hifld_pool
21379,42.0464,-83.26,32,100.0,100.0,False,14.63,Michigan,Hamlet Generating Facility,hifld_pool
21380,41.6943,-83.6172,32,100.0,100.0,False,7.53,Michigan,Candelaria,hifld_pool
21381,41.9748,-83.5988,32,100.0,100.0,False,19.84,Michigan,Picu,hifld_pool
21382,42.1107,-83.6568,32,100.0,100.0,True,26.2,Michigan,Milan,hifld_nearest
21383,41.9298,-83.4575,32,100.0,100.0,False,16.65,Michigan,Breese,hifld_pool
21384,41.9601,-83.4024,32,100.0,100.0,False,16.65,Michigan,Station 54,hifld_pool
21385,41.8985,-83.3639,32,100.0,100.0,False,19.3,Michigan,Air Products,hifld_pool
21386,42.1166,-83.5121,32,100.0,100.0,True,30.74,Michigan,Sumpter Energy Associates,hifld_nearest
21387,41.891,-83.4412,32,100.0,100.0,False,17.67,Michigan,Shuffleton,hifld_pool
21388,41.8376,-83.4925,32,100.0,100.0,False,25.29,Michigan,Lunar,hifld_pool
21389,41.9719,-83.4742,32,100.0,100.0,False,15.02,Michigan,Buttermilk,hifld_pool
21390,41.9369,-83.3672,32,100.0,100.0,False,15.02,Michigan,Monroe,hifld_nearest
21391,42.1326,-83.3793,32,100.0,100.0,True,55.51,Michigan,Alamo,hifld_nearest
21392,42.0599,-83.31,32,100.0,100.0,False,31.04,Michigan,Fremont,hifld_pool
21393,41.9849,-83.355,32,100.0,100.0,False,8.75,Michigan,Silicon Ranch Millington,hifld_pool
21394,41.773,-83.6285,32,230.0,100.0,False,28.3,Michigan,Mt.Pleasant,hifld_pool
21395,41.8636,-83.5363,32,100.0,100.0,False,17.17,Michigan,Brawley,hifld_pool
21396,41.8186,-83.6146,32,100.0,100.0,False,24.29,Michigan,Samaria,hifld_nearest
21397,41.776,-83.5815,32,100.0,100.0,False,12.32,Michigan,Salinas,hifld_pool
21398,42.0484,-83.5639,32,100.0,100.0,False,13.11,Michigan,Peterboro,hifld_pool
21514,41.8032,-85.5222,32,100.0,100.0,False,11.28,Michigan,Canonicus,hifld_pool
21515,41.8611,-85.513,32,100.0,100.0,False,16.16,Michigan,2 Generating Station,hifld_pool
21516,41.7906,-85.4355,32,100.0,100.0,False,11.28,Michigan,Sturgis,hifld_nearest
21517,41.7808,-85.4917,32,100.0,100.0,False,11.28,Michigan,Stubey Road,hifld_nearest
21518,42.3181,-86.0678,32,100.0,100.0,False,8.58,Michigan,Rainsville Tap,hifld_pool
21519,42.3116,-86.1796,32,100.0,100.0,False,6.03,Michigan,Norwood Sw,hifld_pool
21520,42.2173,-86.2321,32,100.0,100.0,False,9.68,Michigan,Aep East Watervliet,hifld_nearest
21521,42.1632,-86.1664,32,100.0,100.0,False,19.31,Michigan,Fenton,hifld_pool
21522,42.1079,-85.8365,32,100.0,100.0,False,10.08,Michigan,Vasallo,hifld_pool
21523,42.1876,-85.836,32,100.0,100.0,False,17.24,Michigan,Arkansas,hifld_pool
21524,42.3059,-85.8845,32,100.0,100.0,False,20.59,Michigan,St Louis,hifld_pool
21631,42.0353,-83.2162,32,100.0,100.0,False,21.7,Michigan,Rancho Mission Viejo,hifld_pool
21642,42.0706,-83.2428,32,100.0,100.0,True,59.97999999999999,Michigan,Bombay,hifld_pool
21644,42.0677,-83.2037,32,100.0,100.0,True,139.17999999999998,Michigan,Salem Harbor Station Ngcc,hifld_pool
21655,41.913,-83.3444,32,500.0,13.2,False,0.0,Michigan,Papermate,hifld_pool
21664,42.3075,-86.3238,32,500.0,1.0,False,0.0,Michigan,Palisades,hifld_nearest
21668,42.0805,-83.9651,32,100.0,100.0,True,0.0,Michigan,Clinton,hifld_nearest
21675,41.812,-85.745,32,100.0,100.0,False,0.0,Michigan,Mottville,hifld_nearest
21678,41.8179,-86.3707,32,100.0,100.0,False,0.0,Michigan,Buchanan Mi,hifld_nearest
21680,42.1183,-83.178,32,500.0,230.0,True,303.72,Michigan,Trenton Channel,hifld_nearest
21681,41.8927,-83.3356,32,100.0,100.0,False,0.0,Michigan,Monroe Mi,hifld_nearest
21682,41.9869,-83.2291,32,500.0,18.0,False,0.0,Michigan,Fermi,hifld_nearest
21687,42.8143,-86.0249,32,500.0,500.0,True,665.55,Michigan,Municipal Power Plant,hifld_nearest
21691,41.8247,-85.4157,32,100.0,18.0,False,0.0,Michigan,Contra Costa 4,hifld_pool
21695,42.4684,-85.7009,32,230.0,230.0,True,73.12,Michigan,Otsego Mill Power Plant,hifld_nearest
21696,42.2963,-86.3306,32,230.0,13.8,False,0.0,Michigan,Ridgeline,hifld_pool
21698,42.3075,-85.6035,32,100.0,1.0,False,0.0,Michigan,Venice,hifld_pool
21704,41.9859,-85.5571,32,100.0,13.8,False,0.0,Michigan,Hydro Plant,hifld_nearest
21708,41.9751,-83.2804,32,100.0,13.8,False,0.0,Michigan,Toll Road,hifld_nearest
21710,41.9479,-86.3301,32,100.0,100.0,False,0.0,Michigan,Berrien Springs,hifld_nearest
21713,42.0377,-84.7814,32,500.0,500.0,True,701.82,Michigan,Endicott Station,hifld_nearest
21716,41.9846,-86.5633,32,500.0,18.0,False,0.0,Michigan,Cook,hifld_nearest
21719,42.2526,-85.4852,32,500.0,230.0,False,0.0,Michigan,Caliente,hifld_pool
21722,42.2081,-83.5168,32,500.0,500.0,True,201.07,Michigan,Waste Energy Services,hifld_nearest
21726,41.827,-83.453,32,500.0,1.0,False,0.0,Michigan,J R Whiting,hifld_nearest
21738,42.3145,-85.5806,32,100.0,22.0,False,0.0,Michigan,Graphic Packaging,hifld_nearest
21740,42.2666,-84.3696,32,230.0,230.0,True,0.0,Michigan,Jackson Generating Station,hifld_nearest
21741,41.822,-83.4231,32,100.0,100.0,True,0.0,Michigan,Cudei,hifld_pool
21744,40.6242,-84.8973,33,230.0,230.0,False,30.76,Indiana,River Bend,hifld_pool
21745,40.6682,-85.0148,33,100.0,100.0,False,23.17,Indiana,Dairymans,hifld_pool
21746,40.7561,-85.167,33,100.0,100.0,False,15.77,Indiana,Bluffton,hifld_nearest
21747,40.7489,-85.2224,33,100.0,100.0,False,18.23,Indiana,Rockair,hifld_pool
21748,40.6719,-85.117,33,100.0,100.0,False,17.87,Indiana,Santa Fe Springs,hifld_pool
21749,40.8309,-84.8607,33,100.0,100.0,False,15.16,Indiana,Westgate,hifld_pool
21750,40.8283,-84.9565,33,100.0,100.0,False,15.76,Indiana,Decatur,hifld_nearest
21751,40.8546,-84.8679,33,100.0,100.0,False,15.16,Indiana,Vischer Ferry,hifld_pool
21752,40.7746,-84.9191,33,100.0,100.0,False,15.16,Indiana,South Decatur,hifld_nearest
21753,40.9897,-84.8654,33,100.0,100.0,False,3.94,Indiana,Monroeville,hifld_nearest
21754,40.8668,-85.1145,33,100.0,100.0,False,8.33,Indiana,East Loop,hifld_pool
21755,40.9144,-85.1579,33,100.0,100.0,False,8.53,Indiana,Velasco,hifld_pool
21756,40.7957,-85.0775,33,100.0,100.0,False,7.34,Indiana,Jack Primus,hifld_pool
21757,41.3878,-85.0741,33,100.0,100.0,False,15.04,Indiana,Auburn 3,hifld_nearest
21758,41.2747,-85.0824,33,100.0,100.0,False,29.32,Indiana,Collingwood,hifld_nearest
21759,41.4127,-85.0361,33,500.0,1.0,False,24.29,Indiana,Dekalb,hifld_nearest
21760,41.3807,-84.9995,33,100.0,100.0,False,16.7,Indiana,Lake Preston,hifld_pool
21761,41.3069,-85.3413,33,100.0,100.0,False,13.32,Indiana,Ege,hifld_nearest
21762,41.2695,-85.3772,33,100.0,100.0,False,16.56,Indiana,Palm Harbor,hifld_pool
21763,41.0406,-85.1627,33,230.0,100.0,False,33.37,Indiana,Waynedale,hifld_nearest
21764,41.062,-85.085,33,100.0,100.0,False,10.51,Indiana,Rose Hill,hifld_pool
21765,41.0866,-85.3111,33,100.0,100.0,False,22.0,Indiana,Illinois Road,hifld_nearest
21766,41.13,-85.1683,33,100.0,100.0,False,22.0,Indiana,Kampsville,hifld_pool
21767,41.0247,-85.3078,33,100.0,100.0,False,22.0,Indiana,Crowfoot Valley,hifld_pool
21768,41.0374,-85.2583,33,100.0,100.0,False,22.0,Indiana,13Th South,hifld_pool
21769,41.2082,-85.1558,33,100.0,100.0,False,22.73,Indiana,Huntertown,hifld_nearest
21770,41.1597,-85.2148,33,100.0,100.0,False,32.38,Indiana,Moog,hifld_pool
21771,41.1283,-85.1299,33,100.0,100.0,False,30.18,Indiana,Salinas Rural,hifld_pool
21772,41.0151,-85.105,33,100.0,100.0,False,28.66,Indiana,Hillcrest,hifld_nearest
21773,41.0079,-85.0819,33,100.0,100.0,False,19.02,Indiana,Wayne Trace,hifld_nearest
21774,41.0982,-85.0488,33,230.0,100.0,False,38.05,Indiana,State Street,hifld_nearest
21775,41.0072,-85.2101,33,100.0,100.0,False,12.98,Indiana,Copus,hifld_pool
21776,40.9702,-85.2089,33,100.0,100.0,False,24.4,Indiana,Flora Site B,hifld_pool
21777,40.9844,-85.0433,33,100.0,100.0,False,12.98,Indiana,Hassen Cassel,hifld_nearest
21778,41.0831,-85.2671,33,100.0,100.0,False,15.66,Indiana,Arden Hills,hifld_pool
21779,41.0762,-85.227,33,100.0,100.0,False,34.66,Indiana,Mckinley,hifld_nearest
21780,41.0845,-85.1657,33,100.0,100.0,False,15.59,Indiana,Bass,hifld_nearest
21781,41.1459,-85.1916,33,100.0,100.0,False,15.59,Indiana,Kapaia Power Station,hifld_pool
21782,41.0752,-85.3465,33,100.0,100.0,False,13.22,Indiana,Saturn,hifld_nearest
21783,40.9672,-85.284,33,100.0,100.0,False,13.22,Indiana,Brasada,hifld_pool
21784,41.0968,-85.0881,33,100.0,100.0,False,31.92,Indiana,Moreau,hifld_pool
21785,41.1218,-85.044,33,100.0,100.0,False,21.42,Indiana,Trier,hifld_nearest
21786,41.0587,-85.1359,33,100.0,100.0,False,33.35,Indiana,Aep Pettit Avenue,hifld_nearest
21787,41.0275,-85.0049,33,100.0,100.0,False,14.63,Indiana,Allen,hifld_nearest
21788,40.9283,-85.0947,33,100.0,100.0,False,16.61,Indiana,Tonasket,hifld_pool
21789,41.0222,-85.0492,33,100.0,100.0,False,39.76,Indiana,Ss3144 Tap,hifld_pool
21790,41.1843,-85.2682,33,100.0,100.0,False,16.99,Indiana,Cheyene,hifld_pool
21791,41.1845,-85.2387,33,100.0,100.0,False,30.35,Indiana,Vc Porterdale Hydroelectric,hifld_pool
21792,40.9432,-85.0469,33,100.0,100.0,False,17.34,Indiana,Muldoon Mill,hifld_nearest
21793,41.1041,-85.1471,33,100.0,100.0,False,22.55,Indiana,Spy Run,hifld_nearest
21794,41.0904,-85.0197,33,100.0,100.0,False,43.97,Indiana,Sicamous,hifld_pool
21795,41.115,-85.172,33,100.0,100.0,False,22.55,Indiana,Industrial Park,hifld_nearest
21796,41.1638,-85.0993,33,230.0,230.0,False,66.89,Indiana,Robison Park,hifld_nearest
21797,41.2043,-85.0469,33,100.0,100.0,False,38.41,Indiana,Stolle Road,hifld_pool
21798,41.1741,-85.0218,33,100.0,100.0,False,27.14,Indiana,South Springfield,hifld_pool
21799,41.1778,-84.9084,33,100.0,100.0,False,34.89,Indiana,Janes Creek,hifld_pool
21800,41.183,-85.1172,33,100.0,100.0,False,17.86,Indiana,Robison Park 2,hifld_nearest
21801,41.0922,-85.1172,33,100.0,100.0,False,17.86,Indiana,Jemison,hifld_pool
21802,41.291,-85.1879,33,100.0,100.0,False,26.38,Indiana,Mitchell Creek,hifld_pool
21803,41.1725,-85.1828,33,100.0,100.0,False,17.86,Indiana,Wallen,hifld_nearest
21804,41.3261,-84.8652,33,100.0,100.0,False,15.34,Indiana,Nambe,hifld_pool
21805,41.2642,-85.2502,33,100.0,100.0,False,7.28,Indiana,Laotto,hifld_nearest
21806,41.2311,-84.9803,33,100.0,100.0,False,10.75,Indiana,East Mesa 2,hifld_pool
21807,41.127,-84.9291,33,100.0,100.0,False,17.19,Indiana,Carmel Hill,hifld_pool
21808,41.0931,-84.9634,33,100.0,100.0,False,25.85,Indiana,Harper,hifld_nearest
21809,41.1824,-84.968,33,100.0,100.0,False,20.05,Indiana,Grabill,hifld_nearest
21810,40.9051,-85.4597,33,100.0,100.0,False,7.11,Indiana,Brunswick Nuclear,hifld_pool
21811,40.9824,-85.3331,33,100.0,100.0,False,13.77,Indiana,Sorenson,hifld_nearest
21812,41.1125,-84.864,33,100.0,100.0,False,12.46,Indiana,Woodburn,hifld_nearest
21817,39.2492,-85.8321,33,500.0,500.0,True,0.0,Indiana,Oakville,hifld_pool
21834,40.4054,-85.1621,33,100.0,100.0,False,4.1,Indiana,Sacajawea,hifld_pool
21835,40.4598,-85.3533,33,100.0,100.0,False,10.58,Indiana,Hartford City,hifld_nearest
21836,40.4268,-85.4226,33,100.0,100.0,False,14.08,Indiana,Bow Lake,hifld_pool
21837,40.4378,-85.3024,33,100.0,100.0,False,17.72,Indiana,Harvey,hifld_pool
21838,40.594,-85.6391,33,100.0,100.0,False,16.4,Indiana,Masspower,hifld_pool
21839,40.5526,-85.6191,33,100.0,100.0,False,16.4,Indiana,Indiana Harbor E 5 Ac Station,hifld_pool
21840,40.6369,-85.6225,33,100.0,100.0,False,21.08,Indiana,Carnation Dairy,hifld_pool
21841,40.6106,-85.616,33,100.0,100.0,False,18.33,Indiana,Freedom Power Project,hifld_pool
21842,40.5239,-85.2635,33,100.0,100.0,False,15.7,Indiana,Tennoll,hifld_pool
21948,39.0858,-84.9179,33,100.0,100.0,True,0.0,Indiana,Lawrenceburg Power Llc,hifld_nearest
21949,39.0524,-84.9429,33,100.0,100.0,True,18.309999999999995,Indiana,Line 17,hifld_pool
21950,39.0612,-84.8931,33,100.0,100.0,False,11.22,Indiana,Permian Basin,hifld_pool
21952,39.4141,-84.9814,33,230.0,230.0,True,0.0,Indiana,Brooksville,hifld_nearest
21955,39.1434,-84.8094,33,100.0,100.0,False,18.52,Indiana,28Th St,hifld_pool
21956,39.1461,-84.8651,33,100.0,100.0,True,0.0,Indiana,Cemetery,hifld_nearest
21957,39.1007,-84.8495,33,100.0,100.0,True,0.0,Indiana,Ridge Avenue,hifld_nearest
21960,39.2953,-85.0045,33,100.0,100.0,True,0.0,Indiana,Kinsington,hifld_pool
21962,39.4138,-84.7907,33,100.0,100.0,False,16.61,Indiana,Coso 7,hifld_pool
21963,39.3621,-84.7705,33,100.0,100.0,False,11.73,Indiana,Northstar,hifld_pool
21974,41.4671,-84.9026,33,100.0,100.0,False,22.66,Indiana,Hulbert,hifld_pool
21975,41.3478,-85.1753,33,100.0,100.0,False,15.32,Indiana,Noble,hifld_nearest
21976,41.6096,-84.8776,33,100.0,100.0,True,0.0,Indiana,Big Creek 8,hifld_pool
21977,41.3845,-85.2787,33,100.0,100.0,False,25.79,Indiana,Villa Mar 1657,hifld_pool
21978,41.4453,-85.2132,33,100.0,100.0,False,22.42,Indiana,Colegio 6006,hifld_pool
21979,41.4661,-85.3019,33,100.0,100.0,False,12.27,Indiana,Kendallville,hifld_nearest
21980,41.4258,-85.3225,33,100.0,100.0,False,17.09,Indiana,Howard Bend,hifld_pool
21981,40.338,-85.3055,33,100.0,100.0,False,14.99,Indiana,Seventy Second,hifld_pool
21982,40.2346,-85.7,33,100.0,100.0,False,23.39,Indiana,Aladdin,hifld_nearest
21983,40.2213,-85.6558,33,230.0,230.0,False,26.94,Indiana,Delena,hifld_pool
21984,40.1375,-85.6577,33,100.0,100.0,False,22.16,Indiana,Anderson Webster Street,hifld_nearest
21985,40.0712,-85.6418,33,100.0,100.0,False,31.2,Indiana,Madison,hifld_nearest
21986,40.0983,-85.5414,33,100.0,100.0,False,19.19,Indiana,Rerc,hifld_pool
21987,40.0381,-85.559,33,100.0,100.0,False,12.71,Indiana,Yreka,hifld_pool
21988,39.98,-85.5077,33,100.0,100.0,False,12.28,Indiana,Labarre,hifld_pool
21989,40.1254,-85.372,33,230.0,1.0,False,45.89,Indiana,Canamah,hifld_pool
21990,40.1173,-85.406,33,100.0,100.0,False,24.22,Indiana,Burke Mountain,hifld_pool
21991,40.2175,-85.4392,33,100.0,100.0,False,40.93,Indiana,Erie,hifld_pool
21992,40.1502,-85.3745,33,100.0,100.0,False,20.69,Indiana,Aep Medford,hifld_nearest
21993,40.264,-85.3708,33,100.0,100.0,False,40.96,Indiana,Nuclear Fuels,hifld_pool
21994,40.1418,-85.4573,33,100.0,100.0,False,30.86,Indiana,Columbia Hills,hifld_pool
21995,40.2562,-85.3538,33,230.0,100.0,False,45.12,Indiana,Desoto,hifld_nearest
21996,40.2301,-85.5422,33,100.0,100.0,False,27.54,Indiana,Jones Creek,hifld_nearest
21997,40.1439,-85.4898,33,100.0,100.0,False,38.33,Indiana,Sibley No Two,hifld_pool
21998,40.2223,-85.3598,33,100.0,100.0,False,15.51,Indiana,Crystal Falls,hifld_pool
21999,40.1769,-85.2592,33,100.0,100.0,False,14.01,Indiana,Pineville,hifld_pool
22000,40.4112,-85.4701,33,100.0,100.0,False,12.53,Indiana,Lorin Industries,hifld_pool
22001,40.2696,-85.4466,33,100.0,100.0,False,10.47,Indiana,Earlham,hifld_pool
22013,41.6729,-85.844,33,100.0,100.0,False,29.48,Indiana,Grimley Road,hifld_pool
22014,41.7231,-85.9075,33,100.0,100.0,False,32.51,Indiana,Station A St. John,hifld_pool
22015,41.7272,-86.0295,33,100.0,100.0,False,51.7,Indiana,Freemont,hifld_pool
22016,41.6385,-85.8807,33,100.0,100.0,False,32.51,Indiana,Dunlap,hifld_nearest
22017,41.6685,-85.9392,33,100.0,100.0,False,32.51,Indiana,Lusher,hifld_nearest
22018,41.7061,-85.9679,33,100.0,100.0,False,27.05,Indiana,Yahuecas 8203,hifld_pool
22019,41.6448,-86.0455,33,100.0,100.0,False,27.05,Indiana,Highway 123,hifld_pool
22020,41.7136,-85.9966,33,100.0,100.0,False,27.05,Indiana,Trap Falls,hifld_pool
22021,41.6747,-85.8761,33,100.0,100.0,False,27.05,Indiana,Rossmoor Tap 2,hifld_pool
22022,41.659,-85.9896,33,230.0,100.0,False,58.32,Indiana,Concord,hifld_nearest
22023,41.5607,-86.1043,33,100.0,100.0,False,19.19,Indiana,Sage,hifld_pool
22024,41.5299,-85.8616,33,230.0,230.0,False,24.77,Indiana,Mt. Harris,hifld_pool
22025,41.5513,-85.8589,33,100.0,100.0,False,24.77,Indiana,Shawboro,hifld_pool
22026,41.5274,-85.8951,33,100.0,100.0,False,47.65,Indiana,German Church,hifld_pool
22027,41.5932,-85.7015,33,100.0,100.0,False,25.01,Indiana,Lehma,hifld_pool
22028,41.5898,-85.7684,33,100.0,100.0,False,25.01,Indiana,Huntingdon District,hifld_pool
22029,41.5846,-85.8175,33,100.0,100.0,False,21.08,Indiana,West Liberty,hifld_pool
22030,41.5303,-85.832,33,100.0,100.0,False,21.08,Indiana,Lake Crystal,hifld_pool
22031,41.7122,-86.0949,33,100.0,100.0,False,24.72,Indiana,Tech Center,hifld_pool
22032,41.7165,-86.2129,33,500.0,1.0,False,51.53,Indiana,University,hifld_nearest
22033,41.7503,-86.1588,33,100.0,100.0,False,24.72,Indiana,W. El Camino-15,hifld_pool
22034,41.6538,-86.1204,33,100.0,100.0,False,28.56,Indiana,Twin Branch 3,hifld_nearest
22035,41.5295,-85.5217,33,500.0,230.0,False,38.91,Indiana,Mcmichen,hifld_pool
22036,41.411,-85.5695,33,100.0,100.0,False,22.71,Indiana,Ligonier,hifld_nearest
22037,41.682,-85.8026,33,100.0,100.0,False,12.6,Indiana,Adams St,hifld_pool
22038,41.6724,-85.6522,33,100.0,100.0,False,33.76,Indiana,Hillcroft,hifld_pool
22039,41.3327,-85.8367,33,100.0,100.0,True,30.88,Indiana,Fielder Creek,hifld_pool
22041,41.4533,-85.9964,33,100.0,100.0,False,17.77,Indiana,Elkins Generating Center,hifld_pool
22042,41.4211,-86.0186,33,100.0,100.0,True,0.0,Indiana,Famoso,hifld_pool
22043,41.5873,-86.1369,33,100.0,1.0,False,14.37,Indiana,Sumpter,hifld_pool
22044,41.4496,-85.7531,33,100.0,100.0,False,10.13,Indiana,Abilene Elmcreek,hifld_pool
22045,41.4346,-85.832,33,100.0,100.0,True,53.06,Indiana,Lopez Island,hifld_pool
22093,40.2499,-85.8494,33,100.0,100.0,False,12.6,Indiana,Maud,hifld_pool
22094,40.335,-85.8724,33,100.0,100.0,True,0.0,Indiana,Ohio Oil,hifld_nearest
22095,40.4221,-85.6799,33,100.0,100.0,False,15.99,Indiana,Emrld,hifld_pool
22096,40.475,-85.5289,33,100.0,100.0,False,14.58,Indiana,Juno Beach,hifld_pool
22097,40.3645,-85.6919,33,100.0,100.0,False,10.57,Indiana,Vail,hifld_pool
22098,40.5465,-85.5864,33,230.0,230.0,False,26.43,Indiana,Dooville,hifld_nearest
22099,40.4927,-85.6096,33,100.0,100.0,False,22.97,Indiana,Dug Gap,hifld_pool
22100,40.5419,-85.6536,33,100.0,100.0,False,20.36,Indiana,Deer Creek,hifld_nearest
22101,40.3994,-85.6041,33,100.0,100.0,False,32.55,Indiana,Williams Hydro,hifld_pool
22147,40.0678,-85.9281,33,100.0,100.0,True,0.0,Indiana,Noblesville,hifld_nearest
22157,39.8823,-85.7435,33,230.0,230.0,True,0.0,Indiana,Valmont,hifld_pool
22158,39.8487,-85.7028,33,100.0,100.0,True,0.0,Indiana,Snake River,hifld_pool
22170,39.9329,-85.7052,33,100.0,100.0,True,0.0,Indiana,Borah,hifld_pool
22172,39.9025,-85.5677,33,100.0,100.0,False,9.12,Indiana,Decatur East Main Street,hifld_pool
22202,39.8339,-85.1504,33,100.0,100.0,True,5.07,Indiana,South Farmingdale,hifld_pool
22203,39.9288,-85.2069,33,100.0,100.0,False,6.06,Indiana,Anson North,hifld_pool
22204,39.9666,-85.1421,33,100.0,100.0,True,10.73,Indiana,Brown Plant,hifld_pool
22206,39.7679,-85.4434,33,100.0,100.0,True,0.0,Indiana,Haas,hifld_pool
22207,39.887,-85.4906,33,100.0,100.0,False,10.25,Indiana,Greensboro,hifld_nearest
22208,40.0548,-85.2092,33,100.0,100.0,False,6.24,Indiana,Headwaters Wind Farm Ii Llc,hifld_nearest
22209,39.9151,-85.4168,33,100.0,100.0,False,26.87,Indiana,Semiahmoo,hifld_pool
22210,39.9134,-85.3256,33,100.0,100.0,False,78.04,Indiana,90Th South,hifld_pool
22212,40.5615,-85.8902,33,100.0,100.0,True,0.0,Indiana,Newport Ss 101,hifld_pool
22214,40.5655,-86.1303,33,500.0,500.0,True,477.6500000000001,Indiana,Kokomo Webster Street,hifld_nearest
22220,40.874,-85.5391,33,230.0,100.0,False,24.46,Indiana,Eupora,hifld_pool
22221,40.8501,-85.5053,33,100.0,100.0,False,21.98,Indiana,Mittry,hifld_pool
22222,40.9769,-85.3871,33,100.0,100.0,False,21.98,Indiana,Port Calcite,hifld_pool
22223,40.8442,-85.5482,33,100.0,100.0,False,25.67,Indiana,Flaming Gorge,hifld_pool
22224,40.8918,-85.2821,33,100.0,100.0,False,9.08,Indiana,West Plano,hifld_pool
22225,40.6408,-85.3712,33,100.0,100.0,False,6.33,Indiana,West Hill,hifld_pool
22226,40.7039,-85.4112,33,100.0,100.0,False,11.2,Indiana,South Rutland,hifld_pool
22243,40.5461,-85.0612,33,100.0,100.0,False,16.06,Indiana,Hale Co,hifld_pool
22244,40.4219,-84.9691,33,100.0,100.0,False,17.79,Indiana,Aic,hifld_pool
22245,40.4934,-84.9388,33,100.0,100.0,False,15.63,Indiana,Sneath-Pacifica Tap,hifld_pool
22246,40.269,-84.8214,33,100.0,100.0,False,6.15,Indiana,South Bremerton,hifld_pool
22247,40.1115,-84.8895,33,100.0,100.0,False,5.72,Indiana,Silver Hawk,hifld_pool
22248,40.3257,-84.8024,33,100.0,100.0,False,5.87,Indiana,Kayenta,hifld_pool
22259,38.8316,-85.0193,33,100.0,100.0,True,0.0,Indiana,Laureles,hifld_pool
22292,41.3221,-85.6154,33,100.0,100.0,False,17.52,Indiana,Elk River,hifld_pool
22294,41.0164,-85.7679,33,100.0,100.0,False,10.47,Indiana,Contee Road,hifld_pool
22295,40.9814,-85.8279,33,100.0,1.0,False,10.74,Indiana,Oregon Trail,hifld_pool
22296,41.1965,-85.6212,33,100.0,100.0,False,9.82,Indiana,Casa Diablo,hifld_pool
22297,41.1252,-85.6816,33,100.0,100.0,False,13.26,Indiana,Hondo Creek,hifld_pool
22298,41.2519,-85.6998,33,100.0,100.0,True,0.0,Indiana,Manning,hifld_pool
22299,41.009,-85.6734,33,100.0,100.0,False,8.53,Indiana,North Tomah,hifld_pool
22302,41.1578,-85.8201,33,230.0,230.0,True,0.0,Indiana,Churn,hifld_pool
22305,41.7036,-85.2008,33,100.0,100.0,False,10.44,Indiana,Quinnipiac,hifld_pool
22306,41.6134,-85.3607,33,100.0,100.0,False,19.11,Indiana,Modesto Energy,hifld_pool
22307,41.5663,-85.338,33,100.0,100.0,False,19.0,Indiana,French Camp,hifld_pool
22308,41.6596,-85.3818,33,100.0,100.0,False,21.88,Indiana,Lagrange,hifld_nearest
22309,41.639,-85.5795,33,100.0,100.0,False,8.56,Indiana,Palmyra Municipal 2,hifld_pool
22310,41.5125,-85.6272,33,100.0,100.0,False,9.89,Indiana,Mclain,hifld_pool
22311,41.5561,-85.4021,33,100.0,100.0,False,10.26,Indiana,Walnut Creek,hifld_pool
22319,41.5098,-87.5181,33,100.0,100.0,True,31.73,Indiana,Caribou,hifld_pool
22321,41.4516,-87.5155,33,100.0,100.0,True,82.22,Indiana,Shiprock 2,hifld_pool
22325,41.5652,-87.5498,33,100.0,100.0,False,23.98,Indiana,River Mill,hifld_pool
22332,41.7074,-87.5956,33,100.0,100.0,False,12.52,Indiana,Calumet Energy Team Llc,hifld_nearest
22333,41.8449,-87.6093,33,100.0,100.0,False,12.52,Indiana,Vasquez,hifld_pool
22336,41.4551,-87.5736,33,100.0,100.0,False,18.71,Indiana,Country Club 3,hifld_pool
22338,41.7433,-87.5347,33,100.0,100.0,False,13.08,Indiana,Ferguson Avenue,hifld_pool
22345,41.584,-87.5324,33,100.0,100.0,False,19.16,Indiana,Colusa,hifld_pool
22352,41.1721,-87.4542,33,230.0,230.0,True,158.21,Indiana,South O'Neil,hifld_pool
22354,41.1984,-87.4934,33,100.0,100.0,True,83.23,Indiana,Colton Cement,hifld_pool
22357,41.5317,-87.372,33,500.0,500.0,True,1306.4900000000002,Indiana,Avoca,hifld_pool
22359,41.549,-87.4957,33,100.0,100.0,True,0.0,Indiana,Munster,hifld_nearest
22361,41.491,-87.4772,33,230.0,100.0,True,61.16,Indiana,Temple Station 243,hifld_pool
22364,41.5933,-87.5058,33,100.0,100.0,True,38.68,Indiana,Roxana,hifld_nearest
22365,41.6155,-87.5289,33,100.0,100.0,False,13.2,Indiana,Deland,hifld_pool
22367,41.4299,-86.6157,33,100.0,100.0,True,0.0,Indiana,Creel Energy,hifld_pool
22368,41.6459,-86.7335,33,100.0,100.0,True,24.059999999999995,Indiana,Liquid Carbonic,hifld_nearest
22371,41.5746,-86.7666,33,100.0,100.0,True,0.0,Indiana,Scrap Disposal Corp,hifld_pool
22375,41.6891,-86.8315,33,100.0,100.0,True,0.0,Indiana,Tilden,hifld_nearest
22376,41.6858,-86.4946,33,100.0,100.0,False,18.59,Indiana,Olive,hifld_nearest
22377,41.7247,-86.6212,33,100.0,100.0,False,3.87,Indiana,Southside Generating Station,hifld_pool
22379,41.5618,-86.5172,33,100.0,100.0,True,0.0,Indiana,Hazen,hifld_pool
22380,41.5729,-86.422,33,100.0,100.0,False,29.8,Indiana,North Generator,hifld_pool
22381,41.5294,-86.4566,33,100.0,100.0,False,8.98,Indiana,Smyrna,hifld_pool
22393,40.1996,-85.7752,33,100.0,100.0,False,16.73,Indiana,Ga Square,hifld_pool
22394,40.1985,-85.661,33,100.0,100.0,False,21.11,Indiana,Winterset,hifld_pool
22395,40.2418,-85.7682,33,100.0,100.0,False,17.17,Indiana,Makahoy,hifld_nearest
22396,40.0745,-85.7979,33,100.0,100.0,False,13.54,Indiana,Millbrae,hifld_pool
22397,40.0127,-85.676,33,100.0,100.0,False,16.85,Indiana,Recker,hifld_pool
22398,40.174,-85.7181,33,100.0,100.0,False,14.43,Indiana,San Felipe,hifld_pool
22399,40.0416,-85.6395,33,100.0,100.0,False,15.52,Indiana,Meadowbrook,hifld_nearest
22400,40.0852,-85.7079,33,100.0,100.0,False,29.96,Indiana,Pendleton,hifld_nearest
22401,40.0508,-85.7135,33,100.0,100.0,False,50.29,Indiana,Anderson,hifld_nearest
22466,41.422,-86.1445,33,100.0,100.0,True,29.5,Indiana,Augusta East Side,hifld_pool
22468,41.4648,-86.3294,33,100.0,100.0,False,4.64,Indiana,Marshall,hifld_nearest
22489,41.0557,-87.5048,33,100.0,100.0,True,0.0,Indiana,Nespelem,hifld_pool
22491,41.4319,-85.4589,33,100.0,100.0,False,12.01,Indiana,Exxon,hifld_pool
22492,41.1499,-85.433,33,100.0,100.0,False,18.64,Indiana,Red Cloud,hifld_pool
22493,41.2095,-85.5174,33,230.0,230.0,False,20.25,Indiana,Buckeye,hifld_pool
22494,41.0682,-85.4345,33,100.0,100.0,False,31.86,Indiana,Meridian,hifld_nearest
22495,41.1734,-85.5352,33,100.0,100.0,False,18.64,Indiana,Elyslan,hifld_pool
22497,38.9308,-84.8448,33,100.0,100.0,False,18.07,Indiana,Desert View,hifld_pool
22549,40.1281,-85.1282,33,100.0,100.0,False,15.46,Indiana,Baywood,hifld_pool
22551,40.1153,-85.0063,33,100.0,100.0,False,9.12,Indiana,Central Bluff,hifld_pool
22552,40.2468,-85.0837,33,100.0,100.0,False,21.6,Indiana,Carbona,hifld_pool
22553,40.1755,-84.9684,33,100.0,100.0,False,9.33,Indiana,Anchor Hocking,hifld_nearest
22574,41.6567,-86.1833,33,100.0,100.0,False,45.98,Indiana,Stave Falls,hifld_pool
22575,41.6319,-86.0907,33,100.0,100.0,False,24.84,Indiana,Hayden Bridge,hifld_pool
22576,41.5755,-86.1698,33,100.0,100.0,False,24.84,Indiana,Hinkley,hifld_pool
22577,41.6126,-86.0998,33,100.0,100.0,False,43.04,Indiana,Cobre,hifld_pool
22578,41.6863,-86.1056,33,100.0,100.0,False,20.25,Indiana,Twin Branch Pv,hifld_nearest
22579,41.7135,-86.1429,33,100.0,100.0,False,40.5,Indiana,Weleetka,hifld_pool
22580,41.569,-86.2644,33,100.0,100.0,False,10.44,Indiana,Prairie Creek Sw,hifld_pool
22581,41.6493,-86.2346,33,100.0,100.0,False,24.39,Indiana,Ravendale,hifld_pool
22582,41.6357,-86.3571,33,100.0,100.0,False,23.88,Indiana,Gravel Pit,hifld_nearest
22583,41.6516,-86.2716,33,100.0,100.0,False,51.72,Indiana,Calvert,hifld_nearest
22584,41.6533,-86.3549,33,230.0,230.0,False,41.17,Indiana,Locust,hifld_pool
22585,41.605,-86.3678,33,100.0,100.0,False,23.88,Indiana,Booster,hifld_pool
22586,41.6814,-86.1756,33,100.0,100.0,False,30.77,Indiana,South Bend,hifld_nearest
22587,41.6425,-86.207,33,100.0,100.0,False,31.46,Indiana,Buffalo Road,hifld_pool
22588,41.7004,-86.2787,33,100.0,100.0,False,16.44,Indiana,Drewry,hifld_nearest
22589,41.6305,-86.3037,33,100.0,100.0,False,17.29,Indiana,Salamancafrank St,hifld_pool
22590,41.6814,-86.4064,33,100.0,100.0,False,17.29,Indiana,Rittenhouse Tap 2,hifld_pool
22591,41.7223,-86.429,33,100.0,100.0,False,24.64,Indiana,Shroud,hifld_pool
22592,41.794,-86.332,33,100.0,100.0,False,20.71,Indiana,7Th Avenue,hifld_pool
22593,41.719,-86.2991,33,100.0,100.0,False,20.71,Indiana,German,hifld_nearest
22594,41.6861,-86.3513,33,100.0,100.0,False,32.44,Indiana,Factor 1 8011,hifld_pool
22595,41.6882,-86.3108,33,100.0,100.0,False,32.44,Indiana,Grandview Ave,hifld_nearest
22596,41.8166,-86.2638,33,100.0,100.0,False,12.37,Indiana,Cambria,hifld_pool
22597,41.7488,-86.2554,33,100.0,100.0,False,20.24,Indiana,Deltona,hifld_pool
22598,41.8232,-86.2238,33,100.0,100.0,False,12.37,Indiana,Marley,hifld_pool
22599,41.8599,-86.2021,33,100.0,100.0,False,12.37,Indiana,Pokagon,hifld_nearest
22602,41.2483,-86.6604,33,230.0,230.0,True,0.0,Indiana,Kuykendahl,hifld_pool
22605,41.5852,-85.031,33,100.0,100.0,True,11.42,Indiana,Lawrence Tap,hifld_pool
22606,41.6905,-85.0532,33,230.0,230.0,True,228.7,Indiana,Papri Canto Alegre,hifld_pool
22621,40.2618,-86.8815,33,500.0,500.0,True,0.0,Indiana,Blundell,hifld_pool
22634,39.7588,-84.8333,33,100.0,100.0,True,5.59,Indiana,Lsi Jennings,hifld_pool
22673,40.7478,-85.7659,33,100.0,100.0,False,23.43,Indiana,Gruver,hifld_pool
22674,40.8811,-85.7859,33,100.0,100.0,False,18.16,Indiana,Lake Hemet,hifld_pool
22687,39.8964,-85.1134,33,100.0,100.0,True,0.0,Indiana,Rewey,hifld_pool
22689,39.9586,-85.007,33,100.0,100.0,True,51.0,Indiana,Stockton A,hifld_pool
22691,40.7347,-86.3365,33,230.0,230.0,True,0.0,Indiana,Logansport,hifld_nearest
22693,38.7654,-85.4115,33,345.0,138.0,True,462.18,Indiana,Loop 337,hifld_pool
22704,40.1116,-85.9611,33,500.0,230.0,True,41.15000000000009,Indiana,Noblesville 2,hifld_nearest
22708,40.6558,-85.3266,33,500.0,1.0,False,0.0,Indiana,Montpelier Electric Generating Station,hifld_nearest
22712,41.6742,-87.4733,33,500.0,230.0,True,246.76,Indiana,Whiting Clean Energy,hifld_nearest
22717,40.7642,-86.0479,33,230.0,230.0,True,0.0,Indiana,Peru In,hifld_nearest
22718,41.2297,-87.0252,33,500.0,500.0,True,0.0,Indiana,Schahfer Station,hifld_nearest
22721,40.3549,-85.8583,33,500.0,13.8,False,0.0,Indiana,Northeast Mi,hifld_pool
22725,41.697,-85.962,33,100.0,1.0,False,0.0,Indiana,Elkhart Hydro,hifld_nearest
22739,39.9433,-85.5028,33,500.0,230.0,False,0.0,Indiana,Henry County,hifld_nearest
22742,40.7796,-85.8122,33,500.0,13.8,False,0.0,Indiana,Wabash,hifld_nearest
22749,40.047,-85.0255,33,500.0,13.8,False,0.0,Indiana,San Marcos,hifld_pool
22751,41.6627,-86.1738,33,100.0,1.0,False,0.0,Indiana,Castle Hills,hifld_pool
22755,38.7814,-84.9942,33,230.0,138.0,True,0.0,Indiana,Gallatin,hifld_nearest
22758,39.1041,-84.8794,33,500.0,230.0,True,0.0,Indiana,Keller Wall Price,hifld_pool
22762,41.7267,-86.9095,33,500.0,500.0,True,64.25,Indiana,Michigan City,hifld_nearest
22765,40.0588,-85.7127,33,500.0,13.8,False,0.0,Indiana,Mount Holly,hifld_pool
22766,41.6845,-86.2492,33,100.0,13.8,False,0.0,Indiana,Colfax,hifld_nearest
22767,41.7377,-86.2473,33,100.0,13.8,False,0.0,Indiana,Krumkill,hifld_pool
22773,39.0533,-84.8976,33,500.0,138.0,True,0.0,Indiana,Delano,hifld_pool
22774,39.8515,-84.9709,33,230.0,230.0,True,127.87000000000003,Indiana,Richmond,hifld_nearest
22777,42.3011,-88.8232,34,100.0,100.0,False,25.01,Illinois,Whitewater,hifld_pool
22778,42.2378,-88.844,34,500.0,230.0,False,29.48,Illinois,43Rd & S. Land,hifld_pool
22779,42.2846,-88.8688,34,100.0,100.0,False,34.69,Illinois,Hatfield Kp,hifld_pool
22780,42.2138,-88.7904,34,100.0,1.0,False,26.27,Illinois,Patroon,hifld_pool
22781,42.3539,-88.6689,34,100.0,100.0,False,16.87,Illinois,Abilene South,hifld_pool
22782,42.4947,-88.6446,34,100.0,100.0,False,14.86,Illinois,Friendsville,hifld_pool
22783,42.4093,-88.6218,34,100.0,100.0,False,12.85,Illinois,Newberry,hifld_pool
22784,42.3461,-88.9741,34,100.0,100.0,False,16.27,Illinois,Geysers Tap 6,hifld_pool
22785,42.3023,-89.0063,34,100.0,100.0,False,32.32,Illinois,Middlesboro,hifld_pool
22786,42.3705,-88.9965,34,100.0,100.0,False,32.32,Illinois,Freehaven-Lakepark,hifld_pool
22787,42.2737,-88.9722,34,100.0,100.0,False,16.27,Illinois,Port Robson,hifld_pool
22788,42.4366,-88.8806,34,100.0,100.0,False,10.3,Illinois,Talcville,hifld_pool
22789,42.371,-88.8952,34,100.0,100.0,False,10.3,Illinois,Arsenal Hill,hifld_pool
22790,42.4041,-88.8224,34,100.0,100.0,False,14.27,Illinois,Timberlake,hifld_pool
22791,42.2914,-89.07,34,100.0,100.0,False,36.03,Illinois,Central Ferry,hifld_pool
22792,42.3203,-89.0093,34,100.0,100.0,False,21.08,Illinois,Wheelabrator Saugus,hifld_pool
22793,42.2916,-88.9398,34,100.0,100.0,False,43.01,Illinois,Cave Junction,hifld_pool
22794,42.3339,-89.0437,34,100.0,100.0,False,36.03,Illinois,White Bluffs,hifld_pool
22795,42.3507,-88.937,34,100.0,100.0,False,13.89,Illinois,Roman Juarez,hifld_pool
22796,42.3236,-88.9508,34,100.0,100.0,False,13.89,Illinois,Tompkinsville Ps,hifld_pool
22797,42.4932,-88.9885,34,230.0,230.0,False,23.67,Illinois,East Beloit,hifld_nearest
22798,42.4472,-89.0333,34,100.0,100.0,False,24.78,Illinois,East Rockton,hifld_nearest
22799,42.433,-88.9314,34,100.0,100.0,False,15.22,Illinois,Cosmic,hifld_pool
22801,41.6118,-89.0866,34,100.0,100.0,False,20.4,Illinois,North Mesquite,hifld_pool
22802,41.5616,-89.0297,34,100.0,100.0,False,8.64,Illinois,Gertie,hifld_pool
22803,41.2629,-89.2011,34,100.0,100.0,True,0.0,Illinois,Palomar,hifld_pool
22804,41.2272,-89.0492,34,100.0,100.0,False,10.04,Illinois,Big Creek 2,hifld_pool
22805,41.4022,-89.1204,34,100.0,100.0,False,34.97,Illinois,Sub 22805,hifld_pool
22806,41.514,-89.3718,34,100.0,100.0,False,15.81,Illinois,Dog Creek,hifld_pool
22809,41.4614,-89.7557,34,100.0,100.0,True,0.0,Illinois,Monticello Alte,hifld_pool
22811,41.8577,-90.1197,34,100.0,100.0,False,14.19,Illinois,Westpoint,hifld_pool
22812,41.7834,-90.0345,34,100.0,100.0,False,5.34,Illinois,Young Rw,hifld_pool
22813,42.1082,-89.8268,34,100.0,100.0,False,8.53,Illinois,Estill Springs,hifld_pool
22814,42.1073,-89.9496,34,100.0,100.0,False,11.6,Illinois,Station L Scattergood Tap,hifld_pool
22815,42.247,-89.7979,34,100.0,100.0,False,7.35,Illinois,Basic Vegtable,hifld_pool
22816,42.0949,-90.1341,34,100.0,100.0,True,0.0,Illinois,Brocklehurst,hifld_pool
22817,42.1165,-87.972,34,100.0,100.0,False,39.1,Illinois,Vilas Road,hifld_pool
22818,42.1892,-87.9837,34,100.0,100.0,False,32.43,Illinois,Green Bluff,hifld_pool
22819,42.1988,-87.9382,34,100.0,100.0,False,46.84,Illinois,South Eloise,hifld_pool
22820,42.0651,-87.9348,34,100.0,100.0,False,40.34,Illinois,Ciniza,hifld_pool
22821,42.1493,-87.9077,34,100.0,100.0,False,28.02,Illinois,Pateros,hifld_pool
22822,42.0574,-87.9828,34,100.0,100.0,False,47.57,Illinois,Murfreesboro,hifld_pool
22823,42.1468,-88.1572,34,100.0,100.0,False,30.54,Illinois,Rock Rapids,hifld_pool
22824,42.1434,-88.131,34,100.0,100.0,False,30.54,Illinois,Acec Spring Lake,hifld_pool
22825,42.1705,-88.2274,34,100.0,100.0,False,61.07,Illinois,Archie,hifld_pool
22826,41.9386,-88.1887,34,100.0,100.0,False,29.04,Illinois,Dodge Junction,hifld_pool
22827,41.9799,-88.179,34,230.0,1.0,False,58.07,Illinois,Seymour Johnson,hifld_pool
22828,41.8237,-87.8313,34,100.0,100.0,False,47.08,Illinois,Prevost,hifld_pool
22829,41.8341,-87.835,34,100.0,100.0,False,35.15,Illinois,Medina Lake,hifld_pool
22830,41.7237,-87.7711,34,100.0,100.0,False,54.6,Illinois,Temblor,hifld_pool
22831,41.7696,-87.853,34,100.0,100.0,False,23.92,Illinois,Polson,hifld_pool
22832,42.1649,-87.9825,34,100.0,100.0,False,39.84,Illinois,Nelson Road,hifld_pool
22833,42.1683,-87.9075,34,100.0,100.0,False,28.76,Illinois,Edison Solar Ii,hifld_pool
22834,42.1802,-87.8774,34,100.0,100.0,False,33.78,Illinois,Gwynneville,hifld_pool
22835,42.068,-88.0125,34,100.0,100.0,False,28.76,Illinois,West Station Nj,hifld_pool
22836,41.7506,-87.8077,34,100.0,100.0,False,50.13,Illinois,Morganville,hifld_pool
22837,41.6716,-87.8658,34,100.0,100.0,False,53.63,Illinois,North Vernon,hifld_pool
22838,41.6202,-87.5853,34,100.0,100.0,False,62.03,Illinois,South Holland,hifld_nearest
22839,41.5834,-87.557,34,100.0,100.0,False,36.52,Illinois,Sand Ridge,hifld_nearest
22840,41.6027,-87.6411,34,100.0,100.0,False,51.98,Illinois,Rogers,hifld_pool
22841,42.0261,-87.6678,34,230.0,1.0,False,123.04,Illinois,April,hifld_pool
22842,42.1104,-87.7269,34,100.0,100.0,False,27.78,Illinois,Cuba City South,hifld_pool
22843,42.0718,-87.7404,34,100.0,100.0,False,43.79,Illinois,North Troy,hifld_pool
22844,41.9635,-87.8709,34,100.0,100.0,False,44.23,Illinois,Jax Heights,hifld_pool
22845,41.9705,-87.7806,34,100.0,100.0,False,31.9,Illinois,Hydeville,hifld_pool
22846,42.0399,-87.6955,34,100.0,100.0,False,26.39,Illinois,Prosser,hifld_pool
22847,42.0334,-87.7687,34,100.0,100.0,False,26.83,Illinois,Niles,hifld_nearest
22848,41.9434,-87.8069,34,100.0,100.0,False,36.73,Illinois,Maximo,hifld_pool
22849,41.978,-87.7134,34,230.0,100.0,False,114.33,Illinois,Moreno Tap,hifld_pool
22850,42.0279,-87.7067,34,100.0,100.0,False,102.99,Illinois,Cataract Hydro,hifld_pool
22851,41.9742,-87.6893,34,100.0,100.0,False,87.52,Illinois,Sysquoc,hifld_pool
22852,41.9978,-87.6936,34,100.0,100.0,False,40.49,Illinois,Southside,hifld_pool
22853,41.9988,-87.7383,34,100.0,100.0,False,131.59,Illinois,Comed Devon,hifld_nearest
22854,41.962,-87.6944,34,100.0,100.0,False,145.49,Illinois,Scyene Rd,hifld_pool
22855,41.873,-87.6887,34,100.0,100.0,False,46.71,Illinois,Vancouver Airport,hifld_pool
22856,41.9565,-87.6706,34,100.0,100.0,False,86.16,Illinois,Lomas,hifld_pool
22857,42.0075,-87.6604,34,100.0,100.0,False,127.82,Illinois,Sandown,hifld_pool
22858,41.935,-87.6828,34,100.0,100.0,False,42.36,Illinois,Deer Valley,hifld_pool
22859,41.9898,-87.7626,34,100.0,100.0,False,29.97,Illinois,Lind,hifld_pool
22860,41.882,-87.7731,34,100.0,100.0,False,39.8,Illinois,Renwind,hifld_pool
22861,41.9314,-87.8208,34,100.0,100.0,False,50.81,Illinois,Station 204,hifld_pool
22862,41.9885,-87.7092,34,100.0,100.0,False,48.47,Illinois,Philadlephia,hifld_pool
22863,41.9781,-87.6487,34,100.0,100.0,True,170.29000000000002,Illinois,Hosston,hifld_pool
22864,42.0884,-87.7116,34,100.0,100.0,False,81.52,Illinois,Addis,hifld_pool
22865,41.9654,-87.7396,34,100.0,100.0,False,126.19,Illinois,Hwy 87 & S. Selwyn Rd,hifld_pool
22866,42.0261,-87.6864,34,100.0,100.0,False,70.29,Illinois,Mcloughlin,hifld_pool
22867,42.0521,-87.6708,34,100.0,100.0,True,84.5,Illinois,Clinton Station,hifld_pool
22868,41.9914,-87.8543,34,100.0,100.0,False,39.7,Illinois,Wommack,hifld_pool
22869,41.932,-87.7526,34,100.0,100.0,False,39.7,Illinois,South Bradley,hifld_pool
22870,41.9124,-87.7628,34,100.0,100.0,False,39.7,Illinois,Blue Goose,hifld_pool
22871,41.9316,-87.7789,34,100.0,100.0,False,59.98,Illinois,Woodchuck,hifld_pool
22872,41.8525,-87.7569,34,230.0,100.0,False,106.59,Illinois,Sun Prairie,hifld_pool
22873,41.9973,-87.8242,34,230.0,100.0,False,88.97,Illinois,Clifton Wilson,hifld_pool
22874,41.8255,-87.7843,34,100.0,100.0,False,41.16,Illinois,Trienda,hifld_pool
22875,41.9192,-87.6331,34,100.0,100.0,False,43.76,Illinois,Olds Station,hifld_pool
22876,41.9099,-87.6254,34,100.0,100.0,False,83.1,Illinois,Bradenton,hifld_pool
22877,41.9579,-87.6408,34,230.0,100.0,True,172.55999999999997,Illinois,Cogeneradora Aes,hifld_pool
22878,41.7666,-87.6813,34,100.0,100.0,False,77.49,Illinois,Getty Oil,hifld_pool
22879,41.9013,-87.6198,34,100.0,100.0,True,63.74000000000001,Illinois,Morgan Henderson,hifld_pool
22880,41.8803,-87.6165,34,100.0,100.0,False,65.44,Illinois,Harewood West,hifld_pool
22881,41.8507,-87.611,34,100.0,100.0,False,65.02,Illinois,North Meshoppen,hifld_pool
22882,41.9112,-87.6995,34,100.0,100.0,False,78.31,Illinois,Grassmere,hifld_pool
22883,41.834,-87.666,34,100.0,100.0,False,76.31,Illinois,Henley Tap,hifld_pool
22884,41.9,-87.6607,34,230.0,100.0,False,90.6,Illinois,Comed,hifld_nearest
22885,41.9435,-87.6351,34,100.0,100.0,False,80.6,Illinois,Richmond Park,hifld_pool
22886,41.9292,-87.7644,34,230.0,1.0,False,40.3,Illinois,Flax Hill,hifld_pool
22887,41.9154,-87.8191,34,230.0,230.0,False,77.59,Illinois,Burwell,hifld_pool
22888,41.8003,-87.8242,34,100.0,100.0,False,49.06,Illinois,Henagar,hifld_pool
22889,41.9025,-87.7581,34,100.0,100.0,False,83.48,Illinois,Higbee,hifld_pool
22890,41.9147,-87.8065,34,100.0,100.0,False,68.69,Illinois,East Sanger,hifld_pool
22891,41.8244,-87.7997,34,100.0,100.0,False,55.64,Illinois,Indian Lake,hifld_pool
22892,41.9023,-87.6822,34,100.0,100.0,False,45.66,Illinois,Santa Clara,hifld_pool
22893,41.8976,-87.7278,34,100.0,100.0,False,35.6,Illinois,Bakersfield,hifld_pool
22894,42.0033,-87.7176,34,100.0,100.0,False,63.38,Illinois,Lincoln St South,hifld_pool
22895,41.878,-87.7485,34,100.0,100.0,False,74.17,Illinois,Boyles,hifld_pool
22896,41.8905,-87.7018,34,100.0,100.0,False,35.6,Illinois,Coulter,hifld_pool
22897,41.8892,-87.6128,34,100.0,100.0,False,99.18,Illinois,Lawnwood,hifld_pool
22898,41.8608,-87.6965,34,100.0,100.0,False,26.39,Illinois,Guardian Glass,hifld_pool
22899,41.8744,-87.656,34,100.0,100.0,False,75.69,Illinois,Southwestern,hifld_pool
22900,41.9627,-87.7184,34,100.0,100.0,False,46.07,Illinois,Lamping Station,hifld_pool
22901,41.7865,-87.6956,34,100.0,100.0,False,81.46,Illinois,Fruit Industries,hifld_pool
22902,41.8848,-87.6527,34,100.0,100.0,False,72.13,Illinois,Albion Road,hifld_pool
22903,41.8376,-87.7252,34,100.0,100.0,False,53.37,Illinois,Gamebird,hifld_pool
22904,41.8097,-87.7618,34,100.0,100.0,False,54.12,Illinois,Solemint,hifld_pool
22905,41.9067,-87.6649,34,100.0,100.0,False,83.34,Illinois,White Pine Vlg,hifld_pool
22906,41.8686,-87.7281,34,100.0,100.0,False,52.78,Illinois,Coto Laurel,hifld_pool
22907,41.8725,-87.67,34,100.0,100.0,False,74.33,Illinois,Groton Muni,hifld_pool
22908,41.775,-87.7371,34,100.0,100.0,False,122.23,Illinois,George Neal South,hifld_pool
22909,41.8175,-87.7033,34,100.0,100.0,False,123.08,Illinois,Telluride,hifld_pool
22910,41.7558,-87.6754,34,100.0,100.0,False,38.2,Illinois,Amalia,hifld_pool
22911,41.932,-87.6307,34,100.0,100.0,True,87.54999999999998,Illinois,Glenn,hifld_pool
22912,41.8449,-87.6925,34,100.0,100.0,False,47.12,Illinois,Indian Head,hifld_pool
22913,41.7934,-87.6018,34,100.0,100.0,False,52.51,Illinois,Dahlia,hifld_pool
22914,41.7635,-87.6945,34,100.0,100.0,False,35.96,Illinois,Ketchikan,hifld_pool
22915,41.7327,-87.644,34,100.0,100.0,False,35.96,Illinois,Salinas Urbano,hifld_pool
22916,41.7623,-87.7808,34,100.0,100.0,False,63.75,Illinois,Bedford Park,hifld_nearest
22917,41.7179,-87.7489,34,100.0,100.0,False,54.28,Illinois,Chalk Hills Hy,hifld_pool
22918,41.7246,-87.6677,34,100.0,100.0,False,42.16,Illinois,Peetz,hifld_pool
22919,41.7941,-87.7501,34,100.0,100.0,False,68.88,Illinois,Us Gypsum Oakfield,hifld_pool
22920,41.8361,-87.605,34,100.0,100.0,False,28.12,Illinois,Uncasville,hifld_pool
22921,41.8077,-87.5839,34,100.0,100.0,False,48.83,Illinois,Edwardsport Station 2,hifld_pool
22922,41.7275,-87.6076,34,100.0,100.0,False,27.42,Illinois,Cascade Steel,hifld_pool
22923,41.8124,-87.6059,34,100.0,100.0,False,44.51,Illinois,Duley,hifld_pool
22924,41.7508,-87.7052,34,100.0,100.0,False,44.23,Illinois,Hayford,hifld_nearest
22925,41.7937,-87.6801,34,100.0,100.0,False,51.2,Illinois,Marks,hifld_pool
22926,41.7576,-87.7513,34,100.0,100.0,False,50.63,Illinois,Los Esteros,hifld_pool
22927,41.7512,-87.6087,34,100.0,100.0,False,48.92,Illinois,Olinda,hifld_pool
22928,41.7181,-87.6375,34,100.0,100.0,False,80.7,Illinois,Opal Cliffs,hifld_pool
22929,41.7138,-87.6705,34,100.0,1.0,False,60.07,Illinois,Hog Bayou Energy Center,hifld_pool
22930,41.8518,-87.7478,34,100.0,100.0,False,80.68,Illinois,Canreed,hifld_pool
22931,41.7923,-87.6691,34,100.0,100.0,False,45.08,Illinois,Ashe,hifld_pool
22932,41.7779,-87.6486,34,100.0,100.0,False,96.9,Illinois,Falu 1334,hifld_pool
22933,41.8433,-87.7037,34,100.0,100.0,False,45.08,Illinois,Storage Tek I,hifld_pool
22934,41.845,-87.7844,34,100.0,100.0,False,107.4,Illinois,South Jackson,hifld_pool
22935,41.8081,-87.7437,34,230.0,230.0,False,111.65,Illinois,Bordertown,hifld_pool
22936,41.7925,-87.6368,34,100.0,100.0,False,65.79,Illinois,Urquhart,hifld_pool
22937,41.7801,-87.7173,34,100.0,100.0,False,28.33,Illinois,Bryan St,hifld_pool
22938,41.8038,-87.6999,34,100.0,100.0,False,48.11,Illinois,Gamer,hifld_pool
22939,41.7958,-87.7217,34,100.0,100.0,False,28.33,Illinois,West Memphis Gateway,hifld_pool
22940,41.8231,-87.6524,34,100.0,100.0,False,55.76,Illinois,Havelock,hifld_pool
22941,41.72,-87.559,34,100.0,100.0,False,45.2,Illinois,Southeast Chicago Energy Project,hifld_nearest
22942,41.6863,-87.4956,34,100.0,100.0,True,0.0,Illinois,Anadarko Plant,hifld_pool
22943,41.747,-87.5545,34,100.0,100.0,False,51.69,Illinois,Winthrop,hifld_pool
22944,41.8221,-87.7204,34,100.0,100.0,False,41.69,Illinois,Saint Joseph,hifld_pool
22945,41.7559,-87.6239,34,100.0,100.0,False,35.36,Illinois,Bingen,hifld_pool
22946,41.6882,-87.6816,34,100.0,100.0,False,99.95,Illinois,Robbins Community Power Llc,hifld_nearest
22947,41.7381,-87.6689,34,100.0,100.0,False,35.36,Illinois,Carbonic,hifld_pool
22948,41.7072,-87.6223,34,100.0,100.0,False,90.8,Illinois,Unibon 9501,hifld_pool
22949,41.7472,-87.6384,34,100.0,100.0,False,40.01,Illinois,Goat Rock,hifld_pool
22950,41.8156,-87.6259,34,100.0,100.0,False,40.46,Illinois,Sky Lake,hifld_pool
22951,41.6016,-87.6766,34,500.0,1.0,False,71.02,Illinois,Jim Christal,hifld_pool
22952,41.6642,-87.5985,34,100.0,100.0,False,57.64,Illinois,Surprise,hifld_pool
22953,41.7618,-87.6121,34,100.0,100.0,False,93.11,Illinois,Peachton,hifld_pool
22954,41.7398,-87.5284,34,100.0,100.0,True,38.86,Illinois,Carlton Hills,hifld_pool
22955,41.6582,-87.6267,34,100.0,100.0,False,64.6,Illinois,Wildwood,hifld_nearest
22956,41.7376,-87.5962,34,100.0,100.0,False,105.38,Illinois,Janson Ln,hifld_pool
22957,41.771,-87.5645,34,100.0,100.0,False,74.21,Illinois,Morganton Station 5,hifld_pool
22958,41.6777,-87.5422,34,100.0,100.0,False,39.61,Illinois,Tower Automotive,hifld_nearest
22959,41.6558,-87.6649,34,100.0,100.0,False,27.67,Illinois,Dal Grauer,hifld_pool
22960,41.6067,-87.6555,34,100.0,100.0,False,45.3,Illinois,Drummond,hifld_pool
22961,41.7955,-87.6195,34,230.0,230.0,False,64.87,Illinois,Washington Park,hifld_nearest
22962,41.7457,-87.6591,34,230.0,230.0,False,118.12,Illinois,Poplar Bluff Generating Station,hifld_pool
22963,41.6628,-87.5738,34,100.0,100.0,False,65.84,Illinois,Hegewisch,hifld_nearest
22964,41.6349,-87.6491,34,100.0,100.0,False,80.61,Illinois,Blue Island,hifld_nearest
22965,41.5303,-87.6101,34,230.0,100.0,False,52.21,Illinois,Lower Granite,hifld_pool
22966,41.6409,-87.5915,34,100.0,100.0,False,50.2,Illinois,Florida Power Development,hifld_pool
22967,41.5176,-87.6152,34,100.0,100.0,False,47.75,Illinois,Rock Tavern 2,hifld_pool
22968,41.5658,-87.5774,34,100.0,100.0,False,47.75,Illinois,Lansing,hifld_nearest
22969,41.5858,-87.5766,34,100.0,100.0,False,61.32,Illinois,Segs 3,hifld_pool
22970,41.8597,-87.8172,34,100.0,100.0,False,48.71,Illinois,Pittsford,hifld_pool
22971,41.8317,-87.7099,34,100.0,100.0,False,70.64,Illinois,Sunrise,hifld_pool
22972,41.881,-87.7601,34,100.0,100.0,False,39.04,Illinois,Las Palmas,hifld_pool
22973,41.8763,-87.7934,34,100.0,100.0,False,55.74,Illinois,Burro Bridge,hifld_pool
22974,41.8472,-87.8288,34,230.0,100.0,False,60.74,Illinois,Line Creek,hifld_pool
22975,41.5264,-87.6557,34,100.0,100.0,False,16.12,Illinois,Valerie,hifld_pool
22976,42.1109,-87.8964,34,100.0,100.0,False,18.56,Illinois,Forest Junction,hifld_pool
22977,42.202,-87.8843,34,100.0,100.0,False,66.1,Illinois,Tejas,hifld_pool
22978,41.9836,-87.9097,34,100.0,100.0,False,68.06,Illinois,Clifford,hifld_pool
22979,42.1493,-87.8867,34,230.0,230.0,False,66.66,Illinois,Felida,hifld_pool
22980,41.9997,-87.8486,34,100.0,100.0,False,51.89,Illinois,New London,hifld_pool
22981,42.101,-87.9204,34,100.0,100.0,False,53.36,Illinois,Brookdale,hifld_pool
22982,42.0704,-87.9115,34,230.0,230.0,False,94.25,Illinois,Commonwealth Edison Des Plaines,hifld_nearest
22983,42.0247,-87.908,34,100.0,100.0,False,57.71,Illinois,Commonwealth Edison Des Plaines 2,hifld_nearest
22984,42.0632,-88.1512,34,100.0,100.0,False,55.88,Illinois,Selle,hifld_pool
22985,41.9597,-88.1276,34,100.0,100.0,False,28.23,Illinois,Keelers,hifld_pool
22986,42.0859,-88.1703,34,100.0,100.0,False,28.23,Illinois,Eastern Office,hifld_pool
22987,42.0706,-88.2179,34,100.0,100.0,False,39.55,Illinois,Greeley,hifld_pool
22988,41.9876,-88.2841,34,100.0,100.0,False,54.9,Illinois,Doodridge,hifld_pool
22989,41.9811,-87.9779,34,100.0,100.0,False,48.25,Illinois,Itasca,hifld_nearest
22990,42.0242,-87.9395,34,100.0,100.0,False,23.42,Illinois,Carmel Rohrer,hifld_pool
22991,42.0236,-87.9684,34,100.0,100.0,False,43.72,Illinois,Bel Air Tap,hifld_pool
22992,41.8593,-87.8607,34,100.0,100.0,False,25.69,Illinois,West Charleston,hifld_pool
22993,41.9413,-87.9331,34,230.0,230.0,False,72.3,Illinois,Gray Summit,hifld_pool
22994,41.8547,-87.9093,34,100.0,100.0,False,84.2,Illinois,Oak Brook,hifld_nearest
22995,41.8752,-87.9565,34,100.0,100.0,False,62.81,Illinois,Acec Wildrose,hifld_pool
22996,41.795,-87.8817,34,100.0,100.0,False,56.09,Illinois,Halesite,hifld_pool
22997,41.8955,-87.8357,34,100.0,100.0,False,60.52,Illinois,Montibello,hifld_pool
22998,41.9459,-87.7731,34,100.0,100.0,False,68.3,Illinois,Crown,hifld_pool
22999,41.906,-87.7829,34,100.0,100.0,False,106.41,Illinois,Sim Gideon,hifld_pool
23000,41.9223,-87.7913,34,100.0,100.0,False,29.72,Illinois,Lost Hills,hifld_pool
23001,42.037,-87.7475,34,100.0,100.0,False,48.44,Illinois,Skokie,hifld_nearest
23002,42.0124,-87.6888,34,100.0,100.0,False,29.86,Illinois,San Juan,hifld_pool
23003,42.1397,-87.75,34,100.0,100.0,True,29.86,Illinois,Gisler,hifld_pool
23004,42.0645,-87.7592,34,100.0,100.0,False,45.97,Illinois,Skokie 2,hifld_nearest
23005,42.1164,-87.7636,34,500.0,1.0,False,68.08,Illinois,Moize Creek,hifld_pool
23006,41.5158,-87.7935,34,100.0,100.0,False,29.75,Illinois,Camanche Dam,hifld_pool
23007,41.4504,-87.799,34,100.0,100.0,False,33.68,Illinois,Airport Road,hifld_pool
23008,41.4846,-87.8661,34,100.0,100.0,False,21.07,Illinois,Northrop,hifld_pool
23009,41.5115,-87.8481,34,100.0,100.0,False,21.07,Illinois,East Frankfort,hifld_nearest
23010,41.9063,-87.8811,34,100.0,100.0,False,66.26,Illinois,Lake Asbury,hifld_pool
23011,42.0231,-87.8645,34,100.0,100.0,False,27.08,Illinois,Valley Home Tap 1,hifld_pool
23012,42.0697,-87.7989,34,100.0,100.0,False,61.76,Illinois,Mccarthy,hifld_pool
23013,42.0156,-88.1582,34,100.0,100.0,False,26.39,Illinois,Mancos,hifld_pool
23014,41.9855,-88.1034,34,100.0,100.0,False,26.39,Illinois,Lacey,hifld_pool
23015,42.0317,-88.0661,34,230.0,100.0,False,79.25,Illinois,Scot,hifld_pool
23016,41.9765,-88.1552,34,100.0,100.0,False,43.38,Illinois,Chaffee Gas Recovery,hifld_pool
23017,41.5812,-87.6415,34,100.0,100.0,False,33.53,Illinois,Balch 1,hifld_pool
23018,41.6212,-87.7511,34,100.0,100.0,False,20.49,Illinois,Brea,hifld_pool
23019,42.1253,-87.8045,34,100.0,100.0,False,31.1,Illinois,Northbrook,hifld_nearest
23020,42.1078,-88.0055,34,100.0,100.0,False,39.12,Illinois,Cliff Drive,hifld_pool
23021,41.4519,-87.6259,34,100.0,100.0,False,38.34,Illinois,Price Road,hifld_pool
23022,41.5183,-87.7487,34,100.0,100.0,False,42.22,Illinois,Salmon Arm,hifld_pool
23023,41.4792,-87.72,34,100.0,100.0,False,50.26,Illinois,Matteson,hifld_nearest
23024,41.8028,-87.9305,34,100.0,100.0,False,31.04,Illinois,Electric,hifld_nearest
23025,41.7321,-87.8764,34,100.0,100.0,False,71.94,Illinois,Spruce,hifld_pool
23026,41.8185,-87.8714,34,100.0,100.0,False,21.79,Illinois,Fenner,hifld_pool
23027,41.5447,-87.5885,34,100.0,1.0,False,33.92,Illinois,Arbors,hifld_pool
23028,41.5246,-87.5534,34,100.0,100.0,False,30.63,Illinois,Alpaugh,hifld_pool
23029,41.6798,-88.0152,34,100.0,100.0,False,31.62,Illinois,Central Tie,hifld_pool
23030,41.5847,-87.6672,34,100.0,100.0,False,22.09,Illinois,West Clovis,hifld_pool
23031,41.4916,-87.7583,34,100.0,100.0,False,14.64,Illinois,Burnett 11514 Kv,hifld_pool
23032,41.5247,-87.6981,34,100.0,100.0,False,42.94,Illinois,Wellsville,hifld_pool
23033,41.8455,-87.8495,34,100.0,100.0,False,37.98,Illinois,Eufaula,hifld_pool
23034,41.8849,-87.8763,34,100.0,100.0,False,42.44,Illinois,Bellwood,hifld_nearest
23035,41.5837,-87.8328,34,100.0,100.0,False,28.26,Illinois,Memphis Junction,hifld_pool
23036,41.5749,-87.7512,34,100.0,100.0,False,63.18,Illinois,Bellaire,hifld_pool
23037,42.1097,-87.8359,34,100.0,100.0,False,46.31,Illinois,East 64Th Street,hifld_pool
23038,42.1104,-87.9292,34,100.0,100.0,False,57.59,Illinois,Prospect Heights,hifld_nearest
23039,41.9466,-88.0102,34,100.0,100.0,False,32.79,Illinois,Mejia,hifld_pool
23040,42.0495,-87.861,34,100.0,100.0,False,49.71,Illinois,Ioco,hifld_pool
23041,42.1505,-87.7822,34,100.0,100.0,False,52.25,Illinois,Hawthorne Ocb Electric,hifld_pool
23042,42.08,-87.8295,34,100.0,100.0,False,21.17,Illinois,Stuttgart Ricuskey,hifld_pool
23043,42.091,-87.7368,34,100.0,100.0,False,20.73,Illinois,Wilson 1&2,hifld_pool
23044,42.0791,-87.8835,34,100.0,100.0,False,27.66,Illinois,Thayer North,hifld_pool
23045,42.1362,-87.9049,34,100.0,100.0,False,55.31,Illinois,Georgia-Pacific Corp - Nekoosa Mill,hifld_pool
23046,41.5924,-87.7141,34,100.0,1.0,False,41.46,Illinois,San Francisquito 1,hifld_pool
23047,41.6152,-87.701,34,100.0,100.0,False,62.43,Illinois,Hiwassee Dam,hifld_pool
23048,41.6348,-87.7936,34,100.0,100.0,False,28.25,Illinois,Stauffer,hifld_pool
23049,41.6827,-87.7529,34,100.0,100.0,False,86.46,Illinois,Alsip,hifld_nearest
23050,41.7408,-87.7437,34,100.0,100.0,False,31.5,Illinois,Old Mead Road,hifld_pool
23051,41.7078,-87.7303,34,100.0,100.0,False,44.55,Illinois,Cochise,hifld_pool
23052,41.6523,-87.7392,34,100.0,100.0,False,100.79,Illinois,Crestwood,hifld_nearest
23053,41.7206,-87.7291,34,230.0,230.0,False,51.27,Illinois,Evergreen Park,hifld_nearest
23054,41.9864,-87.8197,34,100.0,100.0,False,53.52,Illinois,Upper Gorge,hifld_pool
23055,41.8963,-87.8055,34,100.0,100.0,False,34.17,Illinois,Kewaunee,hifld_pool
23056,41.6727,-87.8203,34,230.0,230.0,False,62.69,Illinois,Guilbeau Electric,hifld_pool
23057,41.6414,-87.8442,34,100.0,100.0,False,45.46,Illinois,Arch Smith,hifld_pool
23058,41.6874,-87.7946,34,100.0,100.0,False,53.63,Illinois,Bridgeport Station,hifld_pool
23059,41.5719,-87.8699,34,100.0,100.0,False,34.95,Illinois,La Cygne,hifld_pool
23060,41.5346,-87.8724,34,100.0,100.0,False,18.04,Illinois,Conrath Dpc Solar,hifld_pool
23061,41.6008,-87.9291,34,100.0,100.0,False,63.71,Illinois,Goodings Grove,hifld_nearest
23062,42.1416,-88.103,34,100.0,100.0,False,27.0,Illinois,Hills Chapel,hifld_pool
23063,42.1682,-88.0396,34,100.0,100.0,False,27.0,Illinois,Trinity Dam,hifld_pool
23064,42.1126,-88.0704,34,100.0,100.0,False,40.42,Illinois,Baja Tap,hifld_pool
23065,42.0495,-88.1213,34,100.0,100.0,False,75.17,Illinois,Presque Isle Station,hifld_pool
23066,42.0609,-88.0682,34,100.0,100.0,False,38.0,Illinois,Oakland D,hifld_pool
23067,42.0874,-88.0922,34,100.0,100.0,False,31.12,Illinois,Burnt Mill,hifld_pool
23068,41.4013,-87.6504,34,100.0,100.0,False,15.31,Illinois,Rhodendron Switching,hifld_pool
23069,41.4547,-87.6763,34,100.0,100.0,False,50.51,Illinois,Benson,hifld_pool
23070,42.0829,-87.778,34,100.0,100.0,False,25.95,Illinois,Harllee Branch,hifld_pool
23071,41.9919,-87.7859,34,100.0,100.0,False,44.53,Illinois,Wauchula,hifld_pool
23072,42.0565,-87.8412,34,100.0,100.0,False,69.14,Illinois,Golf Mill,hifld_nearest
23073,42.0949,-87.7918,34,100.0,100.0,False,25.95,Illinois,North Branch Wv,hifld_pool
23074,41.5533,-87.6981,34,100.0,100.0,False,29.86,Illinois,Wilkins,hifld_pool
23075,42.1086,-87.9861,34,100.0,100.0,False,47.19,Illinois,Arlington Heights,hifld_nearest
23076,41.8992,-88.1224,34,100.0,100.0,False,16.99,Illinois,Pleasant Hill,hifld_nearest
23077,41.8662,-88.1149,34,100.0,100.0,False,47.23,Illinois,Derby Hill,hifld_pool
23078,41.9798,-88.0711,34,100.0,100.0,False,44.13,Illinois,Rosebluff,hifld_pool
23079,42.0,-88.0905,34,100.0,100.0,False,27.14,Illinois,East Jackson,hifld_pool
23080,42.0184,-88.1151,34,100.0,100.0,False,40.83,Illinois,Mogen,hifld_pool
23081,42.0598,-87.6763,34,100.0,100.0,False,62.15,Illinois,Longhouse Valley,hifld_pool
23082,41.6243,-87.522,34,100.0,100.0,True,48.06,Illinois,Burnham,hifld_nearest
23083,41.9963,-88.1494,34,100.0,100.0,False,27.65,Illinois,Larned,hifld_pool
23084,41.9582,-88.1015,34,100.0,100.0,False,37.22,Illinois,South Colton,hifld_pool
23085,41.9834,-88.2219,34,100.0,100.0,False,77.98,Illinois,Wayne,hifld_nearest
23086,41.6671,-87.923,34,100.0,100.0,False,15.58,Illinois,Sub 23086,hifld_pool
23087,41.5612,-87.7746,34,230.0,100.0,False,64.44,Illinois,North Cambridge,hifld_pool
23088,41.5985,-87.8127,34,100.0,100.0,False,61.83,Illinois,Tinley Park,hifld_nearest
23089,41.6663,-87.8091,34,100.0,100.0,False,55.17,Illinois,Jeffersonville Kentucky Avenue,hifld_pool
23090,41.5501,-87.8443,34,100.0,100.0,False,26.43,Illinois,Delta Power,hifld_pool
23091,41.5301,-87.8197,34,100.0,100.0,False,37.3,Illinois,Lake Hubbard,hifld_pool
23092,42.1464,-87.9974,34,100.0,100.0,False,26.06,Illinois,Tri-Corner,hifld_pool
23093,42.1737,-87.8503,34,100.0,100.0,False,64.92,Illinois,Bixby Hill,hifld_pool
23094,42.2048,-87.9908,34,230.0,230.0,False,51.63,Illinois,Francisco,hifld_pool
23095,41.8235,-87.9017,34,230.0,100.0,False,56.94,Illinois,San Andres,hifld_pool
23096,41.7008,-87.8643,34,100.0,100.0,False,31.15,Illinois,Spills,hifld_pool
23097,41.6995,-87.9244,34,100.0,100.0,False,19.03,Illinois,South Shreveport,hifld_pool
23098,41.7553,-87.916,34,100.0,100.0,False,23.88,Illinois,Haslerud,hifld_pool
23099,42.1587,-87.764,34,100.0,100.0,True,26.24,Illinois,Union Street,hifld_pool
23100,42.2141,-87.8032,34,100.0,100.0,True,68.32000000000001,Illinois,Proctor,hifld_pool
23101,41.8281,-88.6756,34,100.0,100.0,False,38.88,Illinois,Madison Windpower Llc,hifld_pool
23102,41.9453,-88.7225,34,100.0,100.0,False,29.85,Illinois,Rio Grande City,hifld_pool
23103,41.9451,-88.7728,34,100.0,100.0,False,33.16,Illinois,Sponge,hifld_pool
23104,41.9631,-88.7721,34,230.0,100.0,False,55.59,Illinois,Pontchartrain Park,hifld_pool
23105,41.6415,-88.9655,34,100.0,100.0,False,11.15,Illinois,Lanham,hifld_pool
23106,42.0385,-88.4822,34,100.0,100.0,False,31.27,Illinois,Rockledge,hifld_pool
23107,42.1372,-88.4594,34,100.0,100.0,False,14.81,Illinois,Storey,hifld_pool
23108,42.1994,-88.6541,34,100.0,100.0,False,18.26,Illinois,Argenta,hifld_pool
23109,42.2737,-88.6111,34,100.0,100.0,False,11.57,Illinois,Viking Energy Of Mcbain,hifld_pool
23110,42.1444,-88.604,34,100.0,100.0,False,18.26,Illinois,Gonzales,hifld_pool
23111,41.9294,-89.0967,34,100.0,100.0,False,14.71,Illinois,Ocracoke,hifld_pool
23112,41.9001,-89.0998,34,100.0,100.0,False,16.69,Illinois,Wells St,hifld_pool
23113,41.928,-89.0124,34,100.0,100.0,False,16.25,Illinois,Acec Afriesland,hifld_pool
23114,41.6925,-88.7263,34,100.0,100.0,False,21.35,Illinois,Weimar,hifld_pool
23115,41.6083,-88.6348,34,100.0,100.0,False,16.23,Illinois,Floral Park,hifld_pool
23116,41.6521,-88.7425,34,100.0,100.0,False,16.55,Illinois,New Madrid,hifld_pool
23117,41.7837,-88.8568,34,100.0,100.0,False,8.16,Illinois,Tahiti,hifld_pool
23118,42.0133,-88.7592,34,100.0,100.0,False,15.6,Illinois,Davey Town,hifld_pool
23119,42.0858,-88.7385,34,100.0,100.0,False,29.17,Illinois,Brightwaters,hifld_pool
23120,41.9667,-88.6632,34,100.0,100.0,False,15.12,Illinois,Zack,hifld_pool
23121,41.9686,-88.711,34,100.0,100.0,False,15.12,Illinois,West Shawano,hifld_pool
23122,41.928,-87.9358,34,100.0,100.0,False,36.55,Illinois,Elmhurst,hifld_nearest
23123,41.9579,-88.0231,34,100.0,100.0,False,52.4,Illinois,Orcasan,hifld_pool
23124,41.9337,-87.9856,34,100.0,100.0,False,27.09,Illinois,Saxon Creek,hifld_pool
23125,41.8979,-88.2265,34,100.0,100.0,False,15.15,Illinois,Tiana,hifld_pool
23126,41.8161,-88.2225,34,100.0,100.0,False,26.26,Illinois,Aurora,hifld_nearest
23127,41.6505,-88.2246,34,100.0,100.0,False,44.24,Illinois,Goodhue Solar,hifld_pool
23128,41.6871,-88.3158,34,100.0,100.0,False,26.26,Illinois,Sherman St,hifld_pool
23129,41.6849,-88.2654,34,100.0,100.0,False,51.3,Illinois,Wolfs Crossing,hifld_nearest
23130,41.8168,-88.3747,34,100.0,100.0,False,38.44,Illinois,Dells,hifld_pool
23131,41.8819,-88.2688,34,100.0,100.0,False,35.16,Illinois,Geneva Generation Facility,hifld_nearest
23132,41.7914,-88.3215,34,230.0,1.0,False,81.55,Illinois,Van Buren St,hifld_pool
23133,41.9565,-87.9445,34,100.0,100.0,False,33.9,Illinois,Anp Bellingham Energy Project,hifld_pool
23134,41.9055,-88.0534,34,100.0,100.0,False,15.74,Illinois,Lombard,hifld_nearest
23135,41.724,-88.1254,34,100.0,100.0,False,62.23,Illinois,Royce,hifld_nearest
23136,41.7903,-87.9999,34,100.0,100.0,False,29.31,Illinois,Nebraska City,hifld_pool
23137,41.7412,-88.1352,34,230.0,230.0,False,54.19,Illinois,Meadows,hifld_nearest
23138,41.6963,-88.1364,34,100.0,100.0,False,56.88,Illinois,Bushkill,hifld_pool
23139,41.7655,-88.0553,34,100.0,100.0,False,65.57,Illinois,Bruceville,hifld_pool
23140,41.9123,-88.0908,34,230.0,100.0,False,55.66,Illinois,Rapides,hifld_pool
23141,41.9008,-88.1506,34,100.0,100.0,False,29.54,Illinois,Fort Gage,hifld_pool
23142,41.8433,-88.207,34,100.0,100.0,False,42.04,Illinois,Prager,hifld_pool
23143,41.791,-88.0363,34,100.0,100.0,False,60.55,Illinois,Lisle,hifld_nearest
23144,41.8209,-87.9696,34,100.0,100.0,False,38.15,Illinois,Saddle Creek,hifld_pool
23145,41.7333,-88.0212,34,230.0,1.0,False,63.89,Illinois,Capri,hifld_pool
23146,41.7943,-87.9739,34,100.0,100.0,False,37.05,Illinois,Chensource,hifld_pool
23147,41.8437,-88.0396,34,100.0,100.0,False,19.05,Illinois,Fall River,hifld_pool
23148,41.7589,-88.0956,34,100.0,100.0,False,131.33,Illinois,Picadilly,hifld_pool
23149,41.7645,-87.9966,34,100.0,100.0,False,20.14,Illinois,South Carthage,hifld_pool
23150,41.7771,-87.9433,34,100.0,100.0,False,26.18,Illinois,Slocum Terminal,hifld_pool
23151,41.8622,-88.0794,34,100.0,100.0,False,44.92,Illinois,Penryn,hifld_pool
23152,41.8087,-88.0131,34,100.0,100.0,False,26.18,Illinois,Ponoma,hifld_pool
23153,41.8975,-88.0935,34,100.0,100.0,False,44.92,Illinois,Southwyck,hifld_pool
23154,41.7337,-88.0578,34,100.0,100.0,False,23.81,Illinois,Bollingbrook,hifld_nearest
23155,42.0138,-88.0866,34,100.0,1.0,False,47.25,Illinois,Aec 300,hifld_pool
23156,41.9412,-88.0827,34,100.0,100.0,False,43.95,Illinois,James De Young,hifld_pool
23157,41.9407,-88.0527,34,100.0,100.0,False,37.02,Illinois,Deposit,hifld_pool
23158,41.7432,-88.1873,34,100.0,100.0,False,18.74,Illinois,Gibson Station,hifld_pool
23159,41.8715,-88.0579,34,100.0,100.0,False,71.35,Illinois,Acec Winnebago,hifld_pool
23160,41.8685,-87.9762,34,100.0,100.0,False,48.48,Illinois,El Cajon,hifld_pool
23161,41.8191,-88.0334,34,500.0,230.0,False,78.18,Illinois,Turley,hifld_pool
23162,41.8726,-88.0089,34,100.0,100.0,False,28.51,Illinois,Cinder Butte,hifld_pool
23163,41.8313,-88.261,34,100.0,100.0,False,24.88,Illinois,Big Lake Phillips Pump,hifld_pool
23164,41.7422,-88.161,34,100.0,100.0,False,24.88,Illinois,Los Altos,hifld_pool
23165,41.7921,-88.1477,34,100.0,100.0,False,79.89,Illinois,West Sparta,hifld_pool
23166,41.6106,-88.2224,34,100.0,100.0,False,29.72,Illinois,La Veta,hifld_pool
23167,41.7259,-88.1586,34,100.0,100.0,False,28.06,Illinois,Spring Brook,hifld_nearest
23168,41.6716,-88.1365,34,100.0,100.0,False,28.06,Illinois,Rockaway Beach,hifld_pool
23169,41.6331,-88.0961,34,100.0,100.0,False,28.06,Illinois,Lockport,hifld_nearest
23170,41.6547,-88.117,34,100.0,100.0,False,44.06,Illinois,Putts Bridge,hifld_pool
23171,41.7291,-88.226,34,230.0,100.0,False,137.12,Illinois,Endako Cust,hifld_pool
23172,41.8336,-88.4116,34,100.0,100.0,False,21.3,Illinois,Wappingers Falls,hifld_pool
23173,41.8643,-88.2699,34,100.0,100.0,False,21.3,Illinois,Brook Street,hifld_pool
23174,41.8692,-88.3272,34,100.0,100.0,False,41.08,Illinois,Millbury No. 3,hifld_pool
23175,41.894,-87.9786,34,100.0,100.0,False,48.1,Illinois,Military Trail,hifld_pool
23176,41.9163,-87.9079,34,100.0,100.0,False,32.5,Illinois,Bonney Lake,hifld_pool
23177,41.854,-88.2363,34,100.0,100.0,False,25.29,Illinois,Subestacion Escuela Ii,hifld_pool
23178,41.9285,-88.2693,34,100.0,100.0,False,25.29,Illinois,Alire Pnm,hifld_pool
23179,41.9263,-88.3092,34,100.0,100.0,False,25.29,Illinois,Bonanza,hifld_pool
23180,41.7867,-87.9167,34,100.0,100.0,False,33.99,Illinois,Byhalia,hifld_pool
23181,41.8172,-87.9213,34,100.0,100.0,False,52.67,Illinois,Eastshore,hifld_pool
23182,41.8685,-88.1889,34,100.0,100.0,False,29.94,Illinois,Baker River,hifld_pool
23183,41.839,-88.1483,34,100.0,100.0,False,42.44,Illinois,Warrenville,hifld_nearest
23184,41.9566,-88.1697,34,100.0,100.0,False,23.36,Illinois,South Shaftbury,hifld_pool
23185,41.7598,-88.2199,34,100.0,100.0,False,21.1,Illinois,Frontenac,hifld_nearest
23186,41.8867,-88.0181,34,100.0,100.0,False,41.07,Illinois,Monroe Tic,hifld_pool
23187,41.7741,-88.1873,34,100.0,100.0,False,22.19,Illinois,Maguire Road,hifld_pool
23188,41.7402,-87.9735,34,100.0,100.0,False,31.32,Illinois,Bayfield,hifld_pool
23189,41.7094,-88.1923,34,100.0,100.0,False,62.37,Illinois,Route 59,hifld_nearest
23190,41.7088,-88.0271,34,100.0,100.0,False,22.19,Illinois,West Vernon,hifld_pool
23191,41.406,-88.2742,34,100.0,100.0,False,11.71,Illinois,Dresden Station,hifld_nearest
23192,41.5299,-88.3483,34,100.0,100.0,False,12.66,Illinois,Moshier,hifld_pool
23193,41.4959,-88.2969,34,100.0,100.0,False,24.7,Illinois,La Grange,hifld_pool
23194,41.5103,-88.5843,34,100.0,100.0,False,17.74,Illinois,Scott,hifld_pool
23195,41.3123,-88.472,34,100.0,100.0,False,14.08,Illinois,Saginaw Sw,hifld_pool
23196,41.3725,-88.4853,34,100.0,100.0,False,17.21,Illinois,Billeaud,hifld_pool
23197,41.3956,-88.4381,34,100.0,100.0,False,14.08,Illinois,Vancouver Island,hifld_pool
23198,41.4209,-89.94,34,100.0,100.0,False,5.43,Illinois,Toray Plastic America'S Chp Plant,hifld_pool
23199,41.34,-90.3647,34,100.0,100.0,True,0.0,Illinois,Russell Energy Center,hifld_pool
23201,41.6874,-90.122,34,100.0,100.0,False,12.46,Illinois,20 Plant,hifld_pool
23202,41.5206,-90.2163,34,100.0,100.0,False,10.92,Illinois,Beaver Cove,hifld_pool
23204,41.5072,-90.1728,34,100.0,100.0,False,11.82,Illinois,Burrard Thermal,hifld_pool
23205,41.6598,-89.8957,34,100.0,100.0,False,8.8,Illinois,Ankeny,hifld_pool
23208,42.4674,-90.3775,34,100.0,100.0,True,0.0,Illinois,Pistol River,hifld_pool
23212,42.2459,-90.016,34,100.0,100.0,False,8.41,Illinois,Gibsons,hifld_pool
23213,42.3749,-90.0557,34,100.0,100.0,False,11.42,Illinois,Waiau 1,hifld_pool
23214,42.1428,-88.3086,34,100.0,100.0,False,22.29,Illinois,St Francois,hifld_pool
23215,42.2873,-88.3112,34,100.0,100.0,False,22.29,Illinois,Lay Dam,hifld_pool
23216,42.1206,-88.3355,34,100.0,100.0,False,22.29,Illinois,Sequoyah,hifld_pool
23217,41.7351,-88.3246,34,100.0,100.0,False,29.37,Illinois,Offerman,hifld_pool
23218,41.8318,-88.296,34,100.0,100.0,False,41.21,Illinois,Givens Pioneer Coop,hifld_pool
23219,41.7242,-88.347,34,100.0,100.0,False,29.37,Illinois,Montgomery,hifld_nearest
23220,41.7956,-88.3526,34,100.0,100.0,False,29.37,Illinois,Bernardo,hifld_pool
23221,41.7158,-88.2733,34,100.0,100.0,False,47.01,Illinois,Gates,hifld_pool
23222,41.753,-88.3156,34,100.0,100.0,False,35.35,Illinois,Imhoff Tap 1,hifld_pool
23223,41.7147,-88.3241,34,100.0,100.0,False,35.35,Illinois,Mexico Intertie,hifld_pool
23224,41.7859,-88.1681,34,100.0,100.0,False,47.85,Illinois,Brevort,hifld_pool
23225,41.7832,-88.2422,34,100.0,100.0,False,35.35,Illinois,Stockton Hydro,hifld_pool
23226,41.8163,-88.1911,34,100.0,100.0,False,74.91,Illinois,West Pine,hifld_pool
23227,42.1258,-88.2942,34,230.0,230.0,False,111.1,Illinois,Mason Creek,hifld_pool
23228,42.0378,-88.3215,34,100.0,100.0,False,28.96,Illinois,Parksville,hifld_pool
23229,42.072,-88.2595,34,100.0,100.0,False,52.96,Illinois,Tollway,hifld_nearest
23230,42.0755,-88.3918,34,100.0,100.0,False,30.56,Illinois,Parkland,hifld_pool
23231,41.8432,-88.5109,34,100.0,100.0,False,9.58,Illinois,Kingman Municipal Power And Light Plant,hifld_pool
23232,41.9791,-88.3446,34,230.0,230.0,False,57.08,Illinois,St Johnsbury,hifld_pool
23233,42.0537,-88.2785,34,100.0,100.0,False,41.95,Illinois,Cambie,hifld_pool
23234,42.0081,-88.1751,34,100.0,100.0,False,28.52,Illinois,Henry D King,hifld_pool
23235,42.023,-88.2525,34,100.0,100.0,False,37.58,Illinois,Mid-Georgia Cogeneration Facility,hifld_pool
23236,41.9789,-88.3865,34,100.0,100.0,False,13.11,Illinois,Bicknell,hifld_pool
23237,41.907,-88.3341,34,100.0,100.0,False,19.78,Illinois,Last Chance,hifld_pool
23238,41.9367,-88.3609,34,100.0,100.0,False,19.78,Illinois,Plum Point,hifld_pool
23239,41.9527,-88.2936,34,100.0,100.0,False,19.78,Illinois,Red Butte,hifld_pool
23240,42.2094,-88.4592,34,100.0,100.0,False,19.88,Illinois,Hideaway,hifld_pool
23241,42.136,-88.5304,34,100.0,100.0,False,18.83,Illinois,Rodessa,hifld_pool
23242,42.1207,-88.408,34,100.0,100.0,False,18.31,Illinois,Sibley,hifld_pool
23243,42.1483,-88.3626,34,100.0,100.0,False,24.79,Illinois,Kirker,hifld_pool
23244,41.6165,-88.3039,34,100.0,100.0,False,33.88,Illinois,Tenaja,hifld_pool
23245,41.7615,-88.3332,34,100.0,100.0,False,42.12,Illinois,Drum,hifld_pool
23246,41.6255,-88.336,34,100.0,100.0,False,25.04,Illinois,Valley Stream,hifld_pool
23247,41.7222,-88.295,34,100.0,100.0,False,43.47,Illinois,Oswego,hifld_nearest
23248,41.8968,-88.5029,34,100.0,100.0,False,25.31,Illinois,East Cortez,hifld_pool
23249,41.9742,-88.4696,34,100.0,100.0,False,17.7,Illinois,Mountain Center,hifld_pool
23250,42.0126,-88.3802,34,100.0,100.0,False,15.69,Illinois,La Plata,hifld_pool
23251,41.9606,-88.3241,34,100.0,100.0,False,15.69,Illinois,Acton,hifld_pool
23252,41.7858,-88.4255,34,100.0,100.0,False,20.47,Illinois,Sawyer Ave,hifld_pool
23253,41.7796,-88.4843,34,100.0,100.0,False,20.78,Illinois,Tanker,hifld_pool
23254,41.2962,-87.6377,34,100.0,100.0,False,7.2,Illinois,Orland B,hifld_pool
23255,41.4664,-88.2526,34,100.0,100.0,False,28.29,Illinois,Kendall County Generation Facility,hifld_nearest
23256,41.4759,-88.1417,34,100.0,100.0,False,39.49,Illinois,Toston,hifld_pool
23257,41.6135,-88.2457,34,100.0,100.0,False,30.9,Illinois,Aguilita 5817,hifld_pool
23258,41.529,-88.2254,34,100.0,100.0,False,53.88,Illinois,Yabucoa,hifld_pool
23259,41.6362,-88.1502,34,100.0,100.0,False,32.15,Illinois,Snyder,hifld_pool
23260,41.5787,-88.3021,34,100.0,100.0,False,25.62,Illinois,Leon 6003,hifld_pool
23261,41.5558,-88.2391,34,100.0,100.0,False,41.26,Illinois,Reid Gardner,hifld_pool
23262,41.5807,-88.2466,34,100.0,100.0,False,25.62,Illinois,Rancho Seco,hifld_pool
23263,41.6368,-88.3073,34,500.0,100.0,False,37.2,Illinois,Los Ositos,hifld_pool
23264,41.7686,-88.527,34,100.0,100.0,False,24.55,Illinois,Nance,hifld_pool
23265,41.6256,-88.5239,34,100.0,100.0,False,12.97,Illinois,Gray Summit 2,hifld_pool
23266,41.7319,-88.4857,34,100.0,100.0,False,15.26,Illinois,Plano 2,hifld_nearest
23267,41.6673,-88.3392,34,100.0,100.0,False,16.55,Illinois,Carmichael Id,hifld_pool
23268,41.6255,-88.4235,34,100.0,100.0,False,15.52,Illinois,Gavilan Peak,hifld_pool
23269,41.6669,-88.3892,34,100.0,100.0,False,16.66,Illinois,Monterey Naval Lab,hifld_pool
23270,41.5419,-88.5249,34,230.0,230.0,False,21.95,Illinois,Admin,hifld_pool
23271,42.4851,-88.0919,34,100.0,100.0,False,16.83,Illinois,Boeing Renton 1,hifld_pool
23272,42.4923,-88.1387,34,100.0,100.0,False,33.65,Illinois,Croft,hifld_pool
23273,42.1324,-88.1736,34,100.0,100.0,False,23.73,Illinois,Walnut Energy,hifld_pool
23274,42.251,-88.151,34,100.0,100.0,False,35.34,Illinois,Seaton,hifld_pool
23275,42.2473,-88.2101,34,100.0,100.0,False,18.61,Illinois,Colwood Tap,hifld_pool
23276,42.399,-88.1328,34,100.0,100.0,False,9.07,Illinois,Bear Creek,hifld_pool
23277,42.4299,-88.2284,34,100.0,100.0,False,18.14,Illinois,Iatan,hifld_pool
23278,42.3185,-87.9843,34,100.0,100.0,False,35.64,Illinois,Libertyville,hifld_nearest
23279,42.3607,-88.0598,34,100.0,100.0,False,24.97,Illinois,Akzo Salt,hifld_pool
23280,42.4109,-88.0164,34,100.0,100.0,False,24.97,Illinois,Tulsa Southeast,hifld_pool
23281,42.3906,-87.9259,34,100.0,100.0,False,48.11,Illinois,Central Campus Unm,hifld_pool
23282,42.3545,-87.913,34,100.0,100.0,False,26.28,Illinois,Defiance,hifld_pool
23283,42.3871,-87.8452,34,100.0,100.0,False,74.31,Illinois,Belridge 1A,hifld_pool
23284,42.1971,-87.793,34,100.0,100.0,False,20.61,Illinois,North Yuma,hifld_pool
23285,42.2311,-87.9421,34,100.0,100.0,False,14.49,Illinois,Guayama Pds,hifld_pool
23286,42.304,-88.1813,34,100.0,100.0,False,35.93,Illinois,Okray,hifld_pool
23287,42.4654,-88.0076,34,100.0,100.0,False,33.4,Illinois,Middleton,hifld_pool
23288,42.4784,-88.0354,34,230.0,230.0,False,41.14,Illinois,Thibodaux,hifld_pool
23289,42.1926,-88.1367,34,100.0,100.0,False,33.98,Illinois,Pinal,hifld_pool
23290,42.2185,-88.1145,34,100.0,100.0,False,28.86,Illinois,Harmony Village,hifld_pool
23291,42.262,-88.0357,34,100.0,100.0,False,28.86,Illinois,Covanta Wallingford Energy,hifld_pool
23292,42.1867,-88.0516,34,100.0,100.0,False,55.85,Illinois,Ramer,hifld_pool
23293,42.2767,-87.9499,34,100.0,100.0,False,37.98,Illinois,Smelter,hifld_pool
23294,42.2609,-87.9268,34,100.0,100.0,False,20.15,Illinois,Bogard,hifld_pool
23295,42.2818,-88.1384,34,100.0,100.0,False,29.06,Illinois,East Side,hifld_pool
23296,42.3852,-88.2486,34,100.0,100.0,False,44.29,Illinois,Vincent,hifld_pool
23297,42.2766,-88.2659,34,100.0,100.0,False,40.06,Illinois,Peosta,hifld_pool
23298,42.3573,-88.3021,34,100.0,100.0,False,26.08,Illinois,Mars Hill,hifld_pool
23299,42.3359,-88.2827,34,100.0,100.0,False,30.44,Illinois,North Wenatchee,hifld_pool
23300,42.3148,-88.0093,34,100.0,100.0,False,25.75,Illinois,Delgen,hifld_pool
23301,42.1978,-88.0871,34,100.0,100.0,False,37.37,Illinois,Hibbing,hifld_pool
23302,42.29,-88.0372,34,500.0,100.0,False,70.87,Illinois,South Hall,hifld_pool
23303,42.4393,-88.1642,34,100.0,100.0,False,51.09,Illinois,St Clair,hifld_pool
23304,42.2614,-88.1244,34,230.0,100.0,False,33.24,Illinois,Tate & Lyle Decatur Plant Cogen,hifld_pool
23305,42.3978,-88.0421,34,100.0,100.0,False,57.56,Illinois,Elk Grove,hifld_pool
23306,42.2769,-88.0862,34,100.0,100.0,False,58.99,Illinois,Iron River,hifld_pool
23307,42.3774,-88.1794,34,230.0,230.0,False,59.99,Illinois,Saunders Creek,hifld_pool
23308,42.5026,-88.2731,34,100.0,100.0,True,9.31,Illinois,Richmond Road,hifld_nearest
23309,42.258,-87.849,34,100.0,100.0,False,55.42,Illinois,Baja,hifld_pool
23310,42.2674,-88.0053,34,100.0,100.0,False,17.83,Illinois,Deep Springs,hifld_pool
23311,42.4118,-87.8905,34,100.0,100.0,False,18.68,Illinois,Duke Springboro,hifld_pool
23312,42.3447,-87.8263,34,100.0,100.0,True,27.73,Illinois,Gifford,hifld_pool
23313,42.3862,-87.8679,34,100.0,100.0,False,66.00999999999999,Illinois,Playas Tap2,hifld_pool
23314,42.3261,-87.8699,34,100.0,100.0,False,50.4,Illinois,Crist Road,hifld_pool
23315,42.2784,-87.8302,34,230.0,100.0,True,664.83,Illinois,Departamento De La Familia,hifld_pool
23316,42.3861,-87.8172,34,100.0,100.0,False,50.4,Illinois,Clearlake,hifld_pool
23317,42.3488,-87.8692,34,230.0,100.0,False,59.88,Illinois,Quantum Lake Power Lp,hifld_pool
23318,42.4831,-87.8411,34,100.0,100.0,False,46.08,Illinois,Havenside,hifld_pool
23319,42.4885,-87.8001,34,100.0,100.0,True,49.45,Illinois,Padua,hifld_pool
23320,42.4125,-87.8568,34,100.0,100.0,False,27.91,Illinois,Alder,hifld_pool
23321,41.3612,-89.0648,34,100.0,100.0,True,10.43,Illinois,Sheldon Switch,hifld_pool
23322,41.4051,-89.0348,34,100.0,100.0,False,16.53,Illinois,Jameson Energy Center,hifld_pool
23323,41.3267,-88.712,34,100.0,100.0,False,10.74,Illinois,Marseilles Lock And Dam Hydro,hifld_nearest
23324,41.3833,-88.6344,34,100.0,100.0,False,10.74,Illinois,Station A,hifld_pool
23325,41.425,-88.7573,34,100.0,100.0,False,13.01,Illinois,Quantum,hifld_pool
23326,41.329,-88.9209,34,100.0,100.0,False,16.79,Illinois,Tuco,hifld_pool
23327,41.408,-88.8898,34,100.0,100.0,False,16.79,Illinois,Geismar,hifld_pool
23328,41.3485,-88.8312,34,230.0,230.0,False,33.58,Illinois,Hinsons Crossroads,hifld_pool
23329,41.5316,-88.6851,34,100.0,100.0,False,10.68,Illinois,Shaky Joe Swamp Tap,hifld_pool
23330,41.6801,-89.3015,34,100.0,100.0,False,14.13,Illinois,Lake Ida,hifld_pool
23331,41.8282,-89.4766,34,100.0,100.0,False,16.6,Illinois,South Scottsvile,hifld_pool
23332,41.7481,-89.4525,34,100.0,100.0,False,18.17,Illinois,Grand Ave,hifld_pool
23333,41.7933,-89.5549,34,100.0,100.0,False,16.93,Illinois,Invenergy Nelson Expansion Llc,hifld_nearest
23334,41.8671,-89.5126,34,100.0,100.0,False,16.56,Illinois,Mulberry,hifld_pool
23335,41.778,-89.0726,34,100.0,100.0,False,5.42,Illinois,Strathmore,hifld_pool
23336,42.0792,-89.5711,34,100.0,100.0,False,11.27,Illinois,Mabelvale,hifld_pool
23337,41.9877,-89.6397,34,100.0,100.0,False,5.02,Illinois,Imc 3,hifld_pool
23338,41.6491,-89.6568,34,100.0,100.0,False,16.6,Illinois,Vineland,hifld_pool
23339,41.7468,-89.7568,34,100.0,100.0,False,28.33,Illinois,Boykins,hifld_pool
23340,41.9099,-89.7775,34,230.0,230.0,False,18.81,Illinois,Wilsona,hifld_pool
23341,41.9219,-89.7251,34,100.0,100.0,False,16.64,Illinois,Ware Shoals Hydro Project,hifld_pool
23342,41.8851,-89.7809,34,100.0,100.0,False,15.19,Illinois,Sinnott,hifld_pool
23343,41.8592,-89.7302,34,100.0,100.0,False,15.32,Illinois,Energizer,hifld_pool
23344,42.2237,-88.3274,34,100.0,100.0,False,26.9,Illinois,Sage Road,hifld_pool
23345,42.217,-88.2413,34,100.0,100.0,False,34.79,Illinois,Monitor,hifld_pool
23346,42.2244,-88.2712,34,100.0,100.0,False,34.79,Illinois,Mile-Hi,hifld_pool
23347,42.2073,-88.3003,34,100.0,100.0,False,26.9,Illinois,Cromo,hifld_pool
23348,42.2383,-88.371,34,100.0,100.0,False,26.9,Illinois,Iris,hifld_pool
23349,42.1947,-88.3558,34,100.0,100.0,False,41.32,Illinois,Applied Materials,hifld_pool
23350,42.1038,-88.3353,34,100.0,100.0,False,26.55,Illinois,Sprintbrook,hifld_pool
23351,42.1743,-88.3217,34,100.0,100.0,False,20.07,Illinois,Horne Payne,hifld_pool
23352,42.2407,-88.3315,34,230.0,100.0,False,38.68,Illinois,Jepson,hifld_pool
23353,42.4097,-88.3834,34,100.0,100.0,False,33.93,Illinois,Station 11,hifld_pool
23354,42.2779,-88.3939,34,100.0,100.0,False,32.59,Illinois,Skaggs Island,hifld_pool
23355,42.2981,-88.4153,34,100.0,100.0,False,23.88,Illinois,Pioneer Prairie Phase I,hifld_pool
23356,42.2723,-88.5454,34,100.0,100.0,False,22.32,Illinois,Sellwood,hifld_pool
23357,42.3315,-88.3731,34,230.0,100.0,False,54.6,Illinois,Markland,hifld_pool
23360,42.133,-89.3218,34,100.0,100.0,False,9.06,Illinois,Redding Power,hifld_pool
23361,42.183,-89.2948,34,100.0,100.0,False,7.48,Illinois,Gulf City,hifld_pool
23362,42.0448,-89.4326,34,100.0,100.0,False,11.01,Illinois,Livonia Avenue,hifld_pool
23363,41.9475,-89.3399,34,100.0,100.0,False,22.57,Illinois,Stillwell,hifld_pool
23364,42.1835,-89.1961,34,100.0,100.0,False,27.2,Illinois,Shutesbury,hifld_pool
23365,42.3201,-89.1463,34,100.0,100.0,False,14.22,Illinois,Boca Teeca,hifld_pool
23366,42.1274,-89.0305,34,100.0,100.0,False,28.32,Illinois,Easy Valley,hifld_pool
23367,42.1944,-89.131,34,100.0,100.0,False,39.4,Illinois,3 Mile Knoll,hifld_pool
23368,42.2499,-89.0255,34,100.0,100.0,False,33.04,Illinois,Neset 2,hifld_pool
23369,42.0794,-89.1761,34,100.0,100.0,False,13.47,Illinois,Channelview,hifld_pool
23383,42.4673,-89.3903,34,100.0,100.0,False,11.06,Illinois,Robertson-Fairoaks,hifld_pool
23384,42.3452,-89.6365,34,100.0,100.0,False,24.38,Illinois,Korona,hifld_pool
23385,42.2752,-89.6188,34,100.0,100.0,False,24.17,Illinois,Reenergy Fort Fairfield,hifld_pool
23386,42.4143,-89.6558,34,100.0,100.0,False,30.52,Illinois,East Clearwater Subdivision,hifld_pool
23387,42.3774,-89.7154,34,230.0,100.0,False,29.97,Illinois,Ultragen,hifld_pool
23388,42.3219,-89.4081,34,100.0,100.0,False,13.45,Illinois,Amelia Bulk,hifld_pool
23389,42.4283,-89.2795,34,100.0,100.0,False,9.0,Illinois,Lake Village Bagby,hifld_pool
23390,42.2156,-89.4667,34,100.0,100.0,False,6.2,Illinois,West Hempstead,hifld_pool
23391,41.7802,-89.9117,34,100.0,100.0,False,8.55,Illinois,Felton,hifld_pool
23392,41.8391,-89.9695,34,100.0,100.0,False,13.49,Illinois,Reasnor,hifld_pool
23393,41.3745,-87.6429,34,100.0,100.0,False,17.97,Illinois,Panguitch,hifld_pool
23394,41.4107,-87.5891,34,100.0,100.0,False,17.97,Illinois,W Cullman,hifld_pool
23395,41.3772,-87.5814,34,100.0,100.0,False,10.77,Illinois,West River Road,hifld_pool
23396,41.499,-87.9876,34,100.0,100.0,False,15.75,Illinois,L V Sutton Combined Cycle,hifld_pool
23397,41.5159,-88.1447,34,100.0,100.0,False,69.81,Illinois,Starkey Gulch,hifld_pool
23398,41.6451,-88.175,34,230.0,230.0,False,52.71,Illinois,Gualala,hifld_pool
23399,41.6095,-88.167,34,100.0,1.0,False,45.07,Illinois,Rapids Energy Center,hifld_pool
23400,41.5029,-88.0914,34,100.0,100.0,False,47.1,Illinois,Joliet,hifld_nearest
23401,41.5517,-88.1015,34,100.0,100.0,False,26.700000000000003,Illinois,Lockport Powerhouse,hifld_nearest
23402,41.4414,-88.1098,34,100.0,100.0,False,29.03,Illinois,Terminous,hifld_pool
23403,41.5852,-88.1315,34,100.0,100.0,False,64.63,Illinois,Brodie Lane,hifld_pool
23404,41.6257,-88.0114,34,100.0,100.0,False,57.27,Illinois,Hoist,hifld_pool
23405,41.6014,-88.0394,34,100.0,100.0,False,41.28,Illinois,Douglaston,hifld_pool
23406,41.4691,-88.0386,34,100.0,100.0,False,52.24,Illinois,Basalt,hifld_pool
23407,41.4124,-87.9799,34,100.0,100.0,False,18.33,Illinois,Wilton,hifld_nearest
23408,41.3133,-88.0526,34,100.0,100.0,False,9.16,Illinois,Craryville,hifld_pool
23409,41.5586,-87.9553,34,100.0,100.0,False,31.73,Illinois,Bay De Noc,hifld_pool
23410,41.4834,-87.903,34,100.0,100.0,False,16.91,Illinois,Industrial Boulevard Sw,hifld_pool
23411,41.3876,-87.756,34,100.0,100.0,False,14.16,Illinois,Bathurst,hifld_pool
23412,41.4189,-87.7984,34,100.0,100.0,False,14.16,Illinois,Big Timber Auto,hifld_pool
23413,41.3769,-87.8259,34,100.0,100.0,False,14.16,Illinois,Fall Creek,hifld_pool
23414,41.4584,-88.0195,34,100.0,100.0,False,23.59,Illinois,Peabody,hifld_pool
23415,41.52,-87.969,34,100.0,100.0,False,23.59,Illinois,Marys Rvier,hifld_pool
23416,41.5259,-87.9111,34,230.0,1.0,False,40.5,Illinois,Grove Street,hifld_pool
23417,41.5752,-88.0286,34,100.0,100.0,False,23.59,Illinois,Beck Street,hifld_pool
23418,41.6691,-88.0783,34,100.0,100.0,False,69.3,Illinois,Will County,hifld_nearest
23419,41.6038,-88.0855,34,100.0,100.0,False,41.74,Illinois,Mcreynolds,hifld_pool
23420,41.5702,-88.1806,34,100.0,100.0,False,12.05,Illinois,East Ellensburg,hifld_pool
23421,41.4494,-88.1728,34,100.0,100.0,False,12.05,Illinois,San Leandro U,hifld_pool
23422,42.4158,-89.0515,34,100.0,100.0,False,16.05,Illinois,Pico,hifld_pool
23423,42.273,-89.1824,34,100.0,100.0,False,29.17,Illinois,Aidlin Tap,hifld_pool
23424,42.3681,-89.1438,34,100.0,100.0,False,14.95,Illinois,Sara,hifld_pool
23425,42.1869,-89.047,34,100.0,100.0,False,18.08,Illinois,Sewanee,hifld_pool
23426,42.2341,-89.1835,34,100.0,100.0,False,19.95,Illinois,Antioch,hifld_pool
23427,42.3689,-89.096,34,100.0,100.0,False,33.07,Illinois,Faribault,hifld_pool
23428,42.2918,-89.0384,34,230.0,100.0,False,56.56,Illinois,Winston,hifld_pool
23429,42.2501,-88.9973,34,100.0,100.0,False,50.32,Illinois,Cayey Tc,hifld_pool
23430,42.1992,-88.9732,34,100.0,100.0,False,28.78,Illinois,Cherry Valley,hifld_nearest
23431,42.2192,-89.0363,34,100.0,100.0,False,13.34,Illinois,Gila River,hifld_pool
23432,42.2658,-89.1378,34,100.0,100.0,False,13.34,Illinois,Kilarc,hifld_pool
23433,42.2118,-89.0971,34,100.0,100.0,False,13.34,Illinois,Sabrooke,hifld_nearest
23434,42.523,-89.1047,34,100.0,100.0,True,3.54,Illinois,Paddock,hifld_nearest
23435,42.4201,-89.1908,34,100.0,100.0,False,11.07,Illinois,Mauerman,hifld_pool
23436,42.3345,-89.2353,34,100.0,100.0,False,5.56,Illinois,Wempletown,hifld_nearest
23437,41.8018,-88.2403,34,100.0,13.8,False,0.0,Illinois,Electric Light,hifld_nearest
23438,41.8365,-87.6312,34,100.0,22.0,False,80.35,Illinois,Albeni Falls,hifld_pool
23439,41.8501,-88.3547,34,100.0,13.8,False,33.16,Illinois,Tyco Electronics,hifld_pool
23440,42.3778,-89.8079,34,100.0,18.0,False,5.35,Illinois,Bethel,hifld_pool
23441,42.0151,-88.0146,34,100.0,1.0,False,11.28,Illinois,Lakeside 2,hifld_pool
23442,42.244,-89.1131,34,230.0,24.0,False,0.0,Illinois,Nrg Rockford I,hifld_nearest
23444,41.5482,-87.7869,34,100.0,1.0,False,0.0,Illinois,Edwards Street,hifld_pool
23445,41.4653,-88.1214,34,230.0,13.8,False,24.57,Illinois,Manson,hifld_pool
23446,42.0088,-88.2435,34,500.0,1.0,False,0.0,Illinois,Elgin Energy Center Llc,hifld_nearest
23447,41.8604,-87.6164,34,100.0,100.0,False,41.99,Illinois,Fruithill,hifld_pool
23448,41.7564,-88.2733,34,100.0,13.8,False,0.08,Illinois,Upper Salmon Falls,hifld_pool
23449,41.4876,-88.125,34,230.0,13.8,False,0.0,Illinois,Joliet 29,hifld_nearest
23450,41.9274,-87.8519,34,100.0,1.0,False,40.56,Illinois,Franklin Park,hifld_nearest
23451,41.7748,-88.0668,34,100.0,18.0,False,8.96,Illinois,Morrison Lane,hifld_pool
23452,41.8335,-89.3941,34,500.0,13.8,False,3.56,Illinois,Easy Road,hifld_nearest
23453,41.6506,-89.4569,34,500.0,1.0,False,2.69,Illinois,Meyer Rd,hifld_pool
23454,41.7058,-90.3072,34,500.0,13.8,False,8.32,Illinois,Guayama Rural 4001,hifld_pool
23455,41.4154,-87.746,34,230.0,13.8,False,0.0,Illinois,Manlove-Folsom,hifld_pool
23456,41.8775,-87.6164,34,100.0,100.0,False,0.0,Illinois,Lasalle,hifld_nearest
23457,41.3404,-89.098,34,100.0,100.0,True,0.0,Illinois,Hampden,hifld_pool
23458,42.4731,-89.8551,34,500.0,13.2,False,0.0,Illinois,Big Lake,hifld_pool
23459,41.606,-88.0836,34,230.0,1.0,False,0.0,Illinois,Terrora,hifld_pool
23460,42.4793,-87.8633,34,500.0,13.8,False,0.0,Illinois,Intercession City Pl,hifld_pool
23462,41.7398,-90.3186,34,230.0,69.0,True,52.31,Illinois,Southbase,hifld_pool
23463,41.8096,-89.6821,34,100.0,1.0,False,0.0,Illinois,Kattelville,hifld_pool
23464,41.8791,-89.0264,34,100.0,1.0,False,0.0,Illinois,Goldmine,hifld_pool
23465,41.6934,-88.3512,34,100.0,100.0,False,0.0,Illinois,Hitchland,hifld_pool
23466,41.9022,-87.8094,34,100.0,13.8,False,0.0,Illinois,Ce Turbo,hifld_pool
23467,42.0514,-87.6958,34,100.0,13.8,False,0.0,Illinois,Maxwelton,hifld_pool
23468,41.7938,-87.5783,34,100.0,100.0,True,0.0,Illinois,Rec Fulton,hifld_pool
23469,42.1397,-87.7501,34,100.0,100.0,True,0.0,Illinois,Bayou Verret,hifld_pool
23470,41.5708,-87.6034,34,100.0,13.8,False,0.0,Illinois,Gronmeyer,hifld_pool
23471,41.4895,-90.5237,34,230.0,230.0,True,0.0,Illinois,Moline,hifld_nearest
23473,41.6783,-87.6379,34,100.0,13.8,False,0.0,Illinois,Riverside Ga,hifld_pool
23474,42.3889,-87.831,34,100.0,13.8,False,0.0,Illinois,Foreman North,hifld_pool
23475,41.3916,-88.3441,34,230.0,230.0,False,0.0,Illinois,Morris Cogeneration Llc,hifld_nearest
23476,41.3578,-89.1119,34,230.0,230.0,True,0.0,Illinois,Peru Il,hifld_nearest
23477,41.2321,-88.6823,34,500.0,13.8,False,0.0,Illinois,Grand Ridge Battery Projects,hifld_nearest
23478,41.774,-89.6616,34,100.0,100.0,False,0.0,Illinois,Dixleta,hifld_pool
23479,42.2818,-89.066,34,100.0,100.0,False,0.0,Illinois,Balboa,hifld_pool
23480,41.4212,-87.6348,34,500.0,13.8,False,0.0,Illinois,Crete Energy Venture Llc,hifld_nearest
23481,42.3365,-87.8301,34,100.0,100.0,False,0.0,Illinois,Biport,hifld_pool
23482,41.9031,-87.7015,34,100.0,1.0,False,0.0,Illinois,Wainiha Hydro,hifld_pool
23483,41.9776,-87.7037,34,100.0,100.0,False,0.0,Illinois,Lakehead Vesper,hifld_pool
23484,41.7478,-89.0832,34,100.0,13.8,False,0.0,Illinois,Southpoint,hifld_pool
23485,41.385,-88.7859,34,100.0,13.8,False,0.0,Illinois,Aaa,hifld_pool
23486,41.9202,-89.0434,34,100.0,20.0,False,0.0,Illinois,Ronceverte,hifld_pool
23487,41.9606,-88.2766,34,100.0,100.0,False,0.0,Illinois,East Omak,hifld_pool
23488,41.6553,-87.5727,34,230.0,18.0,False,0.0,Illinois,Desert Springs,hifld_pool
23489,41.8708,-88.2153,34,100.0,13.8,False,0.0,Illinois,Frederickson,hifld_pool
23490,41.4541,-90.1351,34,230.0,1.0,False,0.0,Illinois,Blythe,hifld_pool
23491,41.8525,-87.6669,34,230.0,100.0,False,0.0,Illinois,Fisk Street,hifld_nearest
23492,41.776,-87.7961,34,100.0,13.8,False,0.0,Illinois,Nw Term,hifld_pool
23493,41.9168,-89.0495,34,100.0,100.0,False,0.0,Illinois,Laporte Junction,hifld_pool
23494,41.6488,-89.2546,34,100.0,13.8,False,0.0,Illinois,Capsule,hifld_pool
23495,42.1066,-88.2245,34,500.0,13.8,False,0.0,Illinois,Rocky Road Power Llc,hifld_nearest
23496,41.5094,-88.226,34,230.0,13.8,False,0.0,Illinois,Sunset Point,hifld_pool
23497,41.7895,-89.6699,34,100.0,1.0,False,0.0,Illinois,Sterling Steel,hifld_nearest
23498,42.2227,-89.0541,34,230.0,24.0,False,0.0,Illinois,Hooksink,hifld_pool
23499,42.0973,-87.7396,34,100.0,1.0,False,0.0,Illinois,Georgia Pacific Paper,hifld_pool
23500,41.6171,-87.5765,34,100.0,100.0,False,0.0,Illinois,Messick,hifld_pool
23501,41.907,-87.795,34,100.0,100.0,False,0.0,Illinois,Suter,hifld_pool
23502,42.4378,-89.0678,34,100.0,1.0,False,0.0,Illinois,Rockton,hifld_nearest
23503,41.8698,-87.6475,34,100.0,100.0,False,0.0,Illinois,Taylor 138 &,hifld_nearest
23504,41.8659,-87.6721,34,100.0,13.8,False,0.0,Illinois,Ustick,hifld_pool
23505,41.4412,-87.7495,34,500.0,13.8,False,0.0,Illinois,University Park North,hifld_nearest
23506,41.3849,-87.9485,34,500.0,1.0,False,0.0,Illinois,Lincoln,hifld_nearest
23507,42.2985,-88.4564,34,100.0,1.0,False,0.0,Illinois,Wilton 2,hifld_pool
23508,41.4065,-88.2612,34,500.0,18.0,False,0.0,Illinois,Dresden Generating Station,hifld_nearest
23509,41.6262,-89.1679,34,230.0,230.0,False,0.0,Illinois,Pratts Junction,hifld_pool
23510,41.6678,-89.0139,34,500.0,18.0,False,0.0,Illinois,Shady Oaks Wind Farm,hifld_nearest
23511,41.4907,-90.1128,34,100.0,1.0,False,0.0,Illinois,Rangely,hifld_pool
23512,42.4048,-87.8129,34,500.0,13.8,False,0.0,Illinois,Zion,hifld_nearest
23513,41.9009,-88.2811,34,100.0,100.0,False,0.0,Illinois,Huebner,hifld_pool
23514,41.7136,-87.5804,34,230.0,13.2,False,0.0,Illinois,Mi-Wuk,hifld_pool
23515,41.4639,-90.1683,34,100.0,22.0,False,0.0,Illinois,Savage Rapids,hifld_pool
23516,41.9044,-89.0517,34,100.0,1.0,False,0.0,Illinois,Alchem,hifld_pool
23517,41.8499,-89.4924,34,100.0,100.0,False,0.0,Illinois,Dixon Hydroelectric Dam,hifld_nearest
23518,41.9987,-87.8165,34,100.0,13.8,False,0.0,Illinois,Progress Energy Clermont,hifld_pool
23519,41.5864,-88.0554,34,100.0,13.8,False,0.0,Illinois,Shiprock Tap,hifld_pool
23520,41.9079,-89.061,34,230.0,1.0,False,0.0,Illinois,Big Meadows,hifld_pool
23521,42.1963,-89.073,34,100.0,100.0,False,0.0,Illinois,Simplot,hifld_pool
23522,41.8222,-88.2078,34,230.0,13.8,False,0.0,Illinois,Rhome,hifld_pool
23523,42.093,-89.2781,34,500.0,1.0,False,0.0,Illinois,Byron,hifld_nearest
23524,41.8885,-89.0794,34,100.0,1.0,False,0.0,Illinois,Haines,hifld_pool
23525,41.8502,-88.15,34,100.0,100.0,False,0.0,Illinois,White Heath,hifld_pool
23526,42.298,-87.8341,34,100.0,1.0,False,0.0,Illinois,Mesquite Town East,hifld_pool
23527,41.7763,-88.9045,34,500.0,13.8,False,0.0,Illinois,Richardson Woodhaven,hifld_pool
23528,41.8098,-87.82,34,100.0,100.0,False,0.0,Illinois,Aiyansh,hifld_pool
23529,41.377,-89.3939,34,100.0,100.0,True,0.0,Illinois,Franklin H Staheli,hifld_pool
23530,41.4435,-88.117,34,230.0,13.8,False,0.0,Illinois,Elwood,hifld_nearest
23581,41.2882,-89.8847,35,100.0,100.0,True,15.47,Illinois,East Kewanee,hifld_nearest
23819,40.7463,-88.2545,35,100.0,100.0,True,3.809999999999999,Illinois,Jepsen,hifld_pool
23820,40.8749,-88.33,35,100.0,100.0,False,2.07,Illinois,Spartanburg Water System,hifld_pool
23822,40.794,-88.16,35,100.0,100.0,True,0.0,Illinois,Metcalf 1,hifld_pool
23876,41.1983,-88.2183,35,100.0,100.0,False,4.79,Illinois,Fort Atkinson,hifld_pool
23877,41.2725,-88.2623,35,100.0,100.0,False,10.23,Illinois,Leander,hifld_pool
23878,41.3152,-88.2796,35,100.0,100.0,False,22.61,Illinois,Fouke,hifld_pool
23879,41.0854,-88.4751,35,100.0,100.0,False,12.93,Illinois,Navy 1,hifld_pool
23880,41.154,-88.4591,35,100.0,1.0,False,7.26,Illinois,Drift Sand Wind Project Llc,hifld_pool
23881,41.1814,-88.3207,35,100.0,100.0,False,4.51,Illinois,Rexburg,hifld_pool
23882,41.1355,-88.3079,35,100.0,100.0,False,3.76,Illinois,Fremont Community Digester Llc,hifld_pool
23883,41.2405,-88.3508,35,100.0,100.0,False,6.21,Illinois,Bolton Falls,hifld_pool
23884,41.1859,-88.5935,35,100.0,100.0,False,4.15,Illinois,Carson County,hifld_pool
23885,41.269,-88.0151,35,100.0,100.0,False,10.94,Illinois,Bark River,hifld_pool
23886,41.3464,-88.1216,35,100.0,100.0,False,10.94,Illinois,Saltville,hifld_pool
23887,41.2882,-88.1892,35,100.0,100.0,False,10.94,Illinois,Cherokee,hifld_pool
23937,40.9855,-87.9061,35,100.0,100.0,False,5.04,Illinois,Old Smyrna Road,hifld_pool
23940,40.9256,-87.9166,35,100.0,100.0,True,0.0,Illinois,Falconer,hifld_pool
23942,40.9932,-88.0253,35,100.0,100.0,False,4.16,Illinois,First Lift,hifld_pool
23946,41.0687,-88.065,35,100.0,100.0,False,4.44,Illinois,South Edwards,hifld_pool
23947,40.9752,-88.1321,35,100.0,100.0,False,4.06,Illinois,Prairiecreek,hifld_pool
23954,41.0066,-87.766,35,100.0,100.0,False,4.59,Illinois,Custer,hifld_pool
23955,41.0259,-87.7005,35,100.0,100.0,False,5.09,Illinois,Riverville,hifld_pool
23956,40.9241,-87.7642,35,100.0,100.0,True,0.0,Illinois,Randall County,hifld_pool
24024,41.2108,-87.8711,35,100.0,100.0,False,20.16,Illinois,Beech Bluff,hifld_pool
24025,41.2241,-87.8715,35,100.0,100.0,False,20.16,Illinois,North Omaha,hifld_pool
24026,41.1615,-87.7916,35,100.0,100.0,False,20.16,Illinois,Humbolt Term,hifld_pool
24027,41.2187,-87.8778,35,230.0,1.0,False,20.16,Illinois,Tsawassen Beach Terminal,hifld_pool
24028,41.1849,-87.7438,35,230.0,230.0,False,9.95,Illinois,Hay Canyon,hifld_pool
24029,41.2154,-87.7425,35,100.0,100.0,False,9.95,Illinois,Goodyear,hifld_pool
24030,41.0074,-88.204,35,100.0,100.0,False,4.72,Illinois,East Redding,hifld_pool
24031,41.2896,-87.5527,35,100.0,100.0,False,3.11,Illinois,Reenergy Stratton Llc,hifld_pool
24032,41.2477,-87.5964,35,100.0,100.0,False,6.22,Illinois,Fresh Meadows,hifld_pool
24033,41.1406,-87.8624,35,100.0,100.0,False,26.23,Illinois,Fitch Road,hifld_pool
24034,41.1632,-87.9245,35,100.0,100.0,False,27.22,Illinois,Rio Linda,hifld_pool
24035,41.035,-87.8253,35,500.0,100.0,False,28.0,Illinois,Washington Park Ds,hifld_pool
24036,41.2181,-87.9024,35,100.0,100.0,False,35.68,Illinois,Davis Creek,hifld_nearest
24037,41.2678,-87.8546,35,100.0,100.0,False,11.24,Illinois,Wilmot,hifld_pool
24038,41.2985,-87.8146,35,100.0,100.0,False,11.24,Illinois,Hoodoo Wash,hifld_pool
24039,41.2476,-87.8852,35,100.0,100.0,False,11.24,Illinois,Rumford Industrial Park,hifld_pool
24040,41.1606,-87.6282,35,100.0,100.0,False,13.24,Illinois,George Tripp,hifld_pool
24041,41.1765,-87.7077,35,100.0,100.0,False,5.64,Illinois,Iron Works,hifld_pool
24042,40.9735,-87.5891,35,100.0,100.0,False,6.17,Illinois,Hudson Avenue,hifld_pool
24060,41.2893,-89.0967,35,100.0,100.0,True,7.5,Illinois,Oglesby,hifld_nearest
24061,41.2551,-89.0123,35,100.0,100.0,False,8.8,Illinois,Convention Center,hifld_pool
24062,41.2057,-88.7496,35,100.0,100.0,False,15.92,Illinois,Bonners Ferry,hifld_pool
24063,41.1538,-88.8933,35,100.0,100.0,False,14.2,Illinois,Jones Road 30,hifld_pool
24064,41.0718,-88.8914,35,100.0,100.0,False,14.51,Illinois,Glenbrook,hifld_pool
24065,41.2151,-88.8681,35,230.0,100.0,False,14.93,Illinois,Amo,hifld_pool
24066,41.1828,-89.0656,35,100.0,100.0,False,2.28,Illinois,Shoreham Power Station,hifld_pool
24067,41.0794,-88.9727,35,100.0,100.0,False,4.69,Illinois,Quil Ceda,hifld_pool
24074,40.676,-88.6075,35,100.0,100.0,True,0.0,Illinois,Mas Asb Cogen Plant,hifld_pool
24075,40.7235,-88.6205,35,100.0,100.0,True,2.349999999999998,Illinois,Marshalltown,hifld_pool
24076,40.7575,-88.7521,35,100.0,100.0,True,4.060000000000002,Illinois,Westinghouse Tap,hifld_pool
24077,40.9412,-88.7513,35,100.0,100.0,False,2.94,Illinois,Sheepskin,hifld_pool
24078,41.0537,-88.7212,35,100.0,100.0,False,1.19,Illinois,Greeneville,hifld_pool
24079,40.6802,-88.5415,35,100.0,100.0,False,4.74,Illinois,North Wellsville,hifld_pool
24080,40.6921,-88.5018,35,230.0,100.0,False,9.3,Illinois,Paul D. Johnson,hifld_pool
24081,40.9217,-88.8876,35,100.0,100.0,False,4.3,Illinois,Gratis Road Solar Facility,hifld_pool
24082,40.6744,-88.3768,35,100.0,100.0,False,4.89,Illinois,Engadine,hifld_pool
24083,40.7634,-88.3825,35,100.0,100.0,False,3.3,Illinois,West Dover,hifld_pool
24084,40.7793,-88.8782,35,100.0,100.0,True,3.75,Illinois,Sheffield,hifld_pool
24086,40.9211,-88.5089,35,100.0,100.0,False,2.23,Illinois,South Millersburg,hifld_pool
24087,40.8618,-88.6247,35,100.0,100.0,False,13.35,Illinois,Pontiac Midpoint,hifld_nearest
24088,40.9391,-88.662,35,100.0,100.0,False,13.35,Illinois,Distrito 5012,hifld_pool
24089,40.9096,-88.609,35,230.0,230.0,False,14.76,Illinois,Alachua,hifld_pool
24203,41.0795,-89.3301,35,100.0,100.0,True,0.0,Illinois,West Cape,hifld_pool
24205,40.8853,-89.0854,35,100.0,100.0,False,3.05,Illinois,Amos Cwlp,hifld_pool
24206,40.9526,-89.1022,35,100.0,100.0,False,2.79,Illinois,Certified,hifld_pool
24207,40.8518,-88.9508,35,100.0,100.0,False,2.35,Illinois,Coleman Hatchery,hifld_pool
24208,41.0567,-89.1288,35,100.0,100.0,False,2.84,Illinois,Stiles,hifld_pool
24209,41.1195,-89.223,35,100.0,100.0,True,0.0,Illinois,Kalaeloa,hifld_pool
24210,40.9477,-89.2669,35,100.0,100.0,True,0.0,Illinois,Onancock Diesel Generation Facility,hifld_pool
24211,41.0237,-89.2626,35,100.0,100.0,False,5.21,Illinois,Ocana,hifld_pool
24250,40.7719,-88.9482,35,100.0,100.0,False,3.89,Illinois,Clearwater Powerplant Number 1,hifld_pool
24252,40.8,-88.9677,35,100.0,100.0,False,3.89,Illinois,Jewell,hifld_pool
24253,40.7095,-88.8885,35,100.0,100.0,True,0.0,Illinois,Snoqualmie,hifld_pool
24382,41.2141,-89.2177,35,100.0,100.0,True,0.0,Illinois,West Mesquite,hifld_pool
24569,41.2439,-88.2363,35,100.0,100.0,False,6.94,Illinois,Braidwood,hifld_nearest
24570,41.228,-88.1337,35,100.0,100.0,False,5.26,Illinois,Revere Co,hifld_pool
24586,40.878,-89.1821,35,100.0,100.0,True,0.0,Illinois,Quincy Chute,hifld_pool
24587,40.7886,-89.1025,35,100.0,100.0,True,3.240000000000002,Illinois,Rising,hifld_pool
24592,40.9871,-88.5039,35,500.0,20.0,False,0.0,Illinois,Maalaea,hifld_pool
24594,40.5772,-89.0278,35,500.0,500.0,True,0.0,Illinois,Mclean Wind Farm Step-Up Transformer,hifld_nearest
24599,41.1968,-87.8564,35,100.0,100.0,False,0.0,Illinois,Telegraph Canyon,hifld_pool
24600,41.2577,-88.2179,35,500.0,18.0,False,0.0,Illinois,Farragut,hifld_pool
24606,41.1446,-88.5357,35,500.0,13.8,False,0.0,Illinois,Top Crop,hifld_nearest
24609,41.1696,-87.8501,35,100.0,13.8,False,0.0,Illinois,Naguabo 2701,hifld_pool
24612,41.2278,-88.6802,35,500.0,1.0,False,0.0,Illinois,Cadiz,hifld_pool
24624,40.4624,-88.4209,35,230.0,230.0,True,0.0,Illinois,Gibson City Energy Center Llc,hifld_nearest
24629,41.3379,-89.2799,35,500.0,500.0,True,0.0,Illinois,Hennepin,hifld_nearest
24640,41.1698,-88.6382,35,230.0,13.8,False,0.0,Illinois,Anza,hifld_pool
24642,40.8866,-88.9811,35,500.0,13.8,False,0.0,Illinois,Minonk Wind Farm,hifld_nearest
24643,41.2151,-90.1231,35,230.0,230.0,True,0.0,Illinois,Bishop Hill Energy Llc,hifld_nearest
24888,42.8966,-89.3336,36,230.0,230.0,True,0.0,Wisconsin,Brooklyn,hifld_nearest
25038,42.6522,-89.548,36,230.0,230.0,True,177.81,Wisconsin,Lake Forest,hifld_pool
25039,42.5402,-89.7236,36,100.0,100.0,True,12.27,Wisconsin,Quintette,hifld_pool
25049,42.8388,-90.109,36,100.0,100.0,True,25.74,Wisconsin,Rock Branch,hifld_nearest
25099,42.5215,-88.3343,36,500.0,230.0,True,0.0,Wisconsin,Katzenberg,hifld_nearest
25101,42.4422,-88.3481,36,100.0,100.0,False,8.08,Wisconsin,Bonneville,hifld_pool
25102,42.6657,-87.8308,36,230.0,230.0,True,0.0,Wisconsin,Somers,hifld_nearest
25103,42.5232,-87.8111,36,100.0,100.0,True,0.0,Wisconsin,Santa Ynez,hifld_pool
25107,42.5179,-88.1144,36,230.0,100.0,True,167.29,Wisconsin,Spring Valley We,hifld_nearest
25108,42.5527,-88.0208,36,100.0,100.0,True,0.0,Wisconsin,Toledo,hifld_pool
25109,42.5233,-88.0152,36,100.0,100.0,True,0.0,Wisconsin,Vergennes 9,hifld_pool
25115,42.4628,-87.8534,36,100.0,100.0,False,10.78,Wisconsin,Elm West,hifld_pool
25116,42.5079,-87.8556,36,100.0,100.0,True,0.0,Wisconsin,Cecil Lynch,hifld_pool
25117,42.4704,-87.9156,36,100.0,100.0,False,10.78,Wisconsin,Zion Energy Center,hifld_nearest
25122,42.6771,-87.8021,36,100.0,100.0,True,0.0,Wisconsin,Hayes,hifld_nearest
25126,42.5002,-88.2787,36,100.0,100.0,True,7.029999999999998,Wisconsin,Westheimer,hifld_pool
25159,42.6953,-90.0986,36,100.0,100.0,True,21.5,Wisconsin,Darlington,hifld_nearest
25163,42.5352,-89.9339,36,100.0,100.0,True,33.36,Wisconsin,Stetson,hifld_pool
25465,42.598,-89.1008,36,100.0,100.0,True,3.75,Wisconsin,Pontook Hydro Facility,hifld_pool
25466,42.5008,-89.1299,36,100.0,100.0,True,26.52,Wisconsin,Wilkeson,hifld_pool
25467,42.5598,-88.7798,36,100.0,100.0,True,0.0,Wisconsin,Bammel,hifld_pool
25468,42.4831,-88.8725,36,100.0,100.0,False,7.32,Wisconsin,Tiger,hifld_nearest
25539,42.6261,-88.6796,36,100.0,100.0,True,0.0,Wisconsin,Southwest Delavan,hifld_nearest
25543,42.6113,-88.5658,36,230.0,230.0,True,0.0,Wisconsin,Williams Bay,hifld_nearest
25547,42.5124,-88.41,36,100.0,100.0,True,19.23,Wisconsin,Burlington Ia,hifld_pool
25551,42.496,-88.5134,36,100.0,100.0,True,7.380000000000003,Wisconsin,Cobblestone,hifld_nearest
25675,42.5797,-89.0716,36,500.0,230.0,True,871.04,Wisconsin,Kittyhawk,hifld_nearest
25705,42.5604,-89.0175,36,230.0,230.0,True,25.289999999999992,Wisconsin,Marine,hifld_nearest
25719,42.5392,-87.9176,36,500.0,230.0,True,0.0,Wisconsin,Pleasant Prairie,hifld_nearest
25759,42.6632,-87.9956,36,230.0,230.0,True,47.25999999999999,Wisconsin,Paris,hifld_nearest
27340,41.7352,-90.2631,39,69.0,69.0,False,5.2,Iowa,Cordova Energy,hifld_nearest
28028,41.7348,-90.3046,39,161.0,69.0,False,5.62,Iowa,Quad Cities,hifld_nearest
28182,41.5791,-90.4608,39,500.0,500.0,True,0.0,Iowa,Riverside 4,hifld_nearest
28218,41.8168,-90.2348,39,500.0,161.0,True,0.0,Iowa,Milton L Kapp,hifld_nearest
28231,42.0117,-90.6189,39,500.0,500.0,True,60.06,Iowa,Maquoketa 1,hifld_nearest
28234,41.8221,-90.2065,39,69.0,69.0,True,0.0,Iowa,Archer Daniels Midland Clinton,hifld_nearest
