project_id,study_date,n_facilities,cost_alloc_total,cost_per_kw,n_queue_ahead
Q11-0010,2011-12-15,0,0.0,0.0,9
Q11-0005,2012-02-15,0,0.0,0.0,3
Q11-0006,2012-02-15,3,31480000.0,2171.0344827586205,4
Q11-0017,2012-03-15,1,482000.0,3.0087390761548063,14
Q11-0025,2012-03-15,25,449498000.0,543.9888660292872,21
Q11-0030,2012-03-15,5,34598000.0,82.04410718520275,26
Q11-0007,2012-04-15,14,141022000.0,2213.846153846154,4
Q11-0008,2012-04-15,4,6069000.0,65.11802575107296,5
Q11-0013,2012-04-15,2,7822000.0,29.877769289533994,10
Q11-0011,2012-05-15,1,22178000.0,489.58057395143487,8
Q11-0014,2012-06-15,1,573000.0,3.4811664641555287,11
Q11-0020,2012-06-15,6,144501000.0,157.1859023169803,17
Q11-0022,2012-06-15,17,45474000.0,74.87897250123497,18
Q11-0043,2012-06-15,0,0.0,0.0,38
Q11-0059,2012-06-15,25,308821000.0,3154.453524004086,54
Q11-0024,2012-07-15,7,6339000.0,19.582947173308618,20
Q11-0037,2012-07-15,14,53615000.0,312.0779976717113,32
Q11-0041,2012-07-15,25,93751000.0,62.50066666666667,35
Q11-0009,2012-08-15,4,3735000.0,19.02699949057565,6
Q11-0031,2012-08-15,2,5906000.0,29.918946301925025,27
Q11-0053,2012-08-15,1,2546000.0,6.644050104384133,48
Q11-0001,2012-09-15,21,275594000.0,1348.967205090553,0
Q11-0026,2012-09-15,5,18233000.0,136.8843843843844,22
Q11-0040,2012-09-15,3,10245000.0,103.79939209726444,35
Q11-0077,2012-09-15,8,61755000.0,58.391641452344935,68
Q11-0033,2012-10-15,8,21396000.0,135.1610865445357,29
Q11-0044,2012-10-15,25,94182000.0,191.69957256258905,39
Q11-0045,2012-10-15,25,128843000.0,133.3640409895456,40
Q11-0049,2012-10-15,1,551000.0,14.20103092783505,42
Q11-0051,2012-10-15,0,0.0,0.0,46
Q11-0023,2012-11-15,2,9347000.0,38.576145274453154,18
Q11-0042,2012-11-15,14,10759000.0,51.35560859188544,34
Q11-0063,2012-11-15,25,73805000.0,65.28527200353825,56
Q11-0073,2012-11-15,7,91246000.0,135.64144492344283,64
Q11-0079,2012-11-15,5,58414000.0,1387.5059382422803,69
Q11-0080,2012-11-15,25,20529000.0,193.66981132075472,70
Q11-0084,2012-11-15,25,270526000.0,693.3008713480267,74
Q11-0089,2012-11-15,17,126936000.0,237.39667103048438,79
Q12-0091,2012-11-15,0,0.0,0.0,81
Q11-0016,2012-12-15,0,0.0,0.0,12
Q11-0050,2012-12-15,25,243054000.0,1987.3589533932952,44
Q11-0052,2012-12-15,1,2186000.0,10.234082397003744,46
Q11-0060,2012-12-15,25,126833000.0,170.45155221072437,53
Q11-0061,2012-12-15,10,34978000.0,158.9909090909091,54
Q11-0062,2012-12-15,1,5921000.0,77.39869281045752,55
Q11-0002,2013-01-15,0,0.0,0.0,1
Q11-0028,2013-01-15,0,0.0,0.0,22
Q11-0038,2013-01-15,0,0.0,0.0,32
Q11-0071,2013-01-15,0,0.0,0.0,62
Q11-0078,2013-01-15,0,0.0,0.0,67
Q12-0104,2013-01-15,6,13194000.0,73.5861684327942,92
Q11-0012,2013-02-15,0,0.0,0.0,8
Q11-0015,2013-02-15,0,0.0,0.0,10
Q11-0027,2013-02-15,0,0.0,0.0,22
Q11-0048,2013-02-15,3,24371000.0,47.47905708162868,41
Q11-0056,2013-02-15,0,0.0,0.0,49
Q11-0069,2013-02-15,14,29939000.0,602.3943661971831,59
Q11-0019,2013-03-15,25,125634000.0,1061.097972972973,15
Q11-0029,2013-03-15,4,16467000.0,109.12524850894633,22
Q11-0032,2013-03-15,1,103000.0,0.5619203491543917,27
Q11-0035,2013-03-15,0,0.0,0.0,30
Q11-0076,2013-03-15,8,25465000.0,43.0734100135318,65
Q11-0081,2013-03-15,0,0.0,0.0,70
Q11-0090,2013-03-15,5,22634000.0,109.44874274661508,78
Q12-0099,2013-03-15,7,17225000.0,150.04355400696863,88
Q12-0102,2013-03-15,0,0.0,0.0,90
Q12-0114,2013-03-15,6,67522000.0,45.01466666666666,98
Q12-0122,2013-03-15,2,6653000.0,24.06148282097649,106
Q11-0018,2013-04-15,17,113347000.0,109.50342962032656,13
Q11-0039,2013-04-15,8,38358000.0,107.38521836506159,32
Q11-0068,2013-04-15,8,39390000.0,528.7248322147651,56
Q11-0074,2013-04-15,14,65541000.0,360.3133589884552,60
Q12-0092,2013-04-15,16,237391000.0,173.8618719789073,78
Q12-0108,2013-04-15,2,72000.0,0.627177700348432,91
Q12-0118,2013-04-15,0,0.0,0.0,100
Q12-0119,2013-04-15,11,25782000.0,78.6996336996337,101
Q12-0123,2013-04-15,1,73000.0,0.6293103448275862,104
Q12-0129,2013-04-15,16,56935000.0,632.6111111111111,109
Q11-0034,2013-05-15,0,0.0,0.0,27
Q11-0046,2013-05-15,25,26012000.0,50.53817757917233,37
Q11-0064,2013-05-15,12,34185000.0,118.41011430550745,52
Q11-0066,2013-05-15,5,27319000.0,422.8947368421053,54
Q12-0113,2013-05-15,5,16348000.0,94.17050691244239,93
Q12-0125,2013-05-15,15,49831000.0,98.55814873417721,104
Q11-0047,2013-06-15,0,0.0,0.0,37
Q11-0072,2013-06-15,7,14372000.0,78.44978165938865,57
Q11-0083,2013-06-15,3,5317000.0,47.38859180035651,66
Q11-0087,2013-06-15,8,18956000.0,172.48407643312103,71
Q12-0096,2013-06-15,2,86000.0,0.8309178743961353,79
Q12-0110,2013-06-15,0,0.0,0.0,91
Q12-0134,2013-06-15,11,29642000.0,140.28395646000948,111
Q11-0055,2013-07-15,3,75356000.0,89.28436018957346,43
Q11-0057,2013-07-15,0,0.0,0.0,45
Q11-0088,2013-08-15,4,4810000.0,6.119592875318066,69
Q12-0128,2013-08-15,19,66827000.0,44.55133333333333,101
Q12-0139,2013-08-15,0,0.0,0.0,108
Q12-0149,2013-08-15,0,0.0,0.0,119
Q12-0161,2013-08-15,8,13848000.0,101.97349042709867,130
Q12-0164,2013-08-15,20,160606000.0,395.0947109471095,133
Q11-0058,2013-09-15,7,47062000.0,126.07018483793196,43
Q11-0065,2013-09-15,2,3150000.0,53.20945945945946,49
Q11-0086,2013-09-15,0,0.0,0.0,64
Q12-0158,2013-09-15,7,118670000.0,122.35281987833797,121
Q12-0168,2013-09-15,8,26521000.0,103.35541699142634,131
Q12-0105,2013-10-15,2,6868000.0,38.39016210173281,77
Q12-0107,2013-10-15,8,8060000.0,107.89825970548863,80
Q12-0138,2013-10-15,1,147000.0,1.7458432304038005,103
Q12-0189,2013-10-15,25,185520000.0,546.1289372976155,150
Q11-0085,2013-11-15,11,42457000.0,245.13279445727483,60
Q12-0093,2013-11-15,4,7575000.0,75.5234297108674,67
Q12-0109,2013-11-15,8,17753000.0,77.76171703898379,79
Q12-0133,2013-11-15,1,1340000.0,11.66231505657093,95
Q12-0162,2013-11-15,5,21289000.0,52.230127576054954,122
Q12-0098,2013-12-15,3,20883000.0,118.3843537414966,71
Q12-0148,2013-12-15,0,0.0,0.0,109
Q12-0165,2013-12-15,1,20827000.0,62.4310551558753,125
Q12-0177,2013-12-15,13,72723000.0,361.8059701492537,137
Q12-0094,2014-01-15,4,1161000.0,7.6684280052840155,66
Q12-0115,2014-01-15,20,81006000.0,473.719298245614,80
Q12-0117,2014-01-15,7,58688000.0,147.30923694779116,82
Q12-0126,2014-01-15,4,3403000.0,42.5375,89
Q12-0170,2014-01-15,26,34526000.0,185.6236559139785,127
Q12-0171,2014-01-15,25,165583000.0,296.95659971305594,129
Q12-0174,2014-01-15,17,74947000.0,62.70665997322624,131
Q12-0178,2014-01-15,6,10338000.0,62.730582524271846,136
Q12-0179,2014-01-15,25,158347000.0,677.2754491017964,137
Q12-0181,2014-01-15,3,799000.0,6.0256410256410255,139
Q13-0203,2014-01-15,17,19431000.0,179.5841035120148,158
Q12-0116,2014-02-15,1,8511000.0,59.186369958275385,81
Q12-0146,2014-02-15,11,26946000.0,449.1,104
Q12-0147,2014-02-15,2,1440000.0,24.78485370051635,106
Q12-0154,2014-02-15,4,1950000.0,9.794073329984933,113
Q12-0167,2014-02-15,12,4513000.0,55.03658536585366,124
Q13-0191,2014-02-15,5,19758000.0,53.31354560172693,146
Q13-0232,2014-02-15,25,95509000.0,484.08008109477953,186
Q12-0097,2014-03-15,1,685000.0,1.6905231984205331,64
Q12-0135,2014-03-15,20,5509000.0,26.096636665087637,91
Q12-0153,2014-03-15,15,50838000.0,93.97042513863217,108
Q12-0159,2014-03-15,12,8771000.0,162.72727272727272,113
Q13-0202,2014-03-15,25,239826000.0,837.6737687740133,151
Q12-0106,2014-04-15,0,0.0,0.0,70
Q12-0120,2014-04-15,0,0.0,0.0,81
Q12-0157,2014-04-15,10,93306000.0,375.024115755627,110
Q12-0173,2014-04-15,4,15278000.0,39.224646983311935,125
Q13-0204,2014-04-15,25,44594000.0,247.88215675375207,153
Q13-0215,2014-04-15,25,21982000.0,363.3388429752066,163
Q13-0230,2014-04-15,25,54753000.0,213.87890625,178
Q12-0124,2014-05-15,1,3271000.0,23.132956152758133,81
Q12-0127,2014-05-15,1,25280000.0,76.55966081162931,84
Q12-0136,2014-05-15,19,161001000.0,286.47864768683274,90
Q12-0144,2014-05-15,7,9164000.0,54.064896755162245,97
Q13-0206,2014-05-15,25,16850000.0,175.52083333333334,151
Q12-0130,2014-06-15,1,46000.0,0.4717948717948718,86
Q12-0137,2014-06-15,17,33681000.0,319.8575498575499,91
Q12-0140,2014-06-15,8,57080000.0,278.84709330727895,94
Q12-0151,2014-06-15,0,0.0,0.0,103
Q12-0152,2014-06-15,6,26083000.0,77.97608370702541,104
Q12-0176,2014-06-15,1,595000.0,4.974916387959866,125
Q13-0200,2014-06-15,14,4451000.0,18.561301084236863,146
Q13-0213,2014-06-15,4,3994000.0,38.739088263821536,158
Q13-0229,2014-06-15,18,11495000.0,107.6310861423221,174
Q13-0250,2014-06-15,25,205457000.0,446.5485763964356,195
Q13-0260,2014-06-15,3,2632000.0,13.219487694625816,204
Q12-0145,2014-07-15,25,149856000.0,111.1938858796468,96
Q13-0211,2014-07-15,12,14927000.0,58.12694704049844,150
Q13-0231,2014-07-15,7,3966000.0,29.954682779456192,171
Q13-0261,2014-07-15,25,87564000.0,337.04387990762126,200
Q12-0142,2014-08-15,25,142966000.0,190.3675099866844,92
Q12-0143,2014-08-15,14,38776000.0,38.221784130113356,93
Q12-0156,2014-08-15,0,0.0,0.0,104
Q12-0166,2014-08-15,9,34962000.0,85.92283116244778,112
Q12-0169,2014-08-15,4,8085000.0,58.92857142857143,114
Q12-0180,2014-08-15,25,23135000.0,199.61173425366695,124
Q12-0190,2014-08-15,23,51466000.0,42.44618556701031,131
Q13-0195,2014-08-15,25,106164000.0,72.92986192209933,136
Q13-0209,2014-08-15,19,20907000.0,281.3862718707941,146
Q13-0212,2014-08-15,17,19511000.0,409.0356394129979,150
Q13-0216,2014-08-15,47,75706000.0,1081.5142857142857,154
Q13-0242,2014-08-15,7,27000.0,0.7086614173228346,179
Q13-0248,2014-08-15,1,1430000.0,9.55243820975284,184
Q12-0150,2014-09-15,1,599000.0,1.038848421782865,94
Q12-0182,2014-09-15,3,3002000.0,12.508333333333333,120
Q13-0194,2014-09-15,1,198000.0,1.0891089108910892,128
Q13-0197,2014-09-15,13,14052000.0,76.49428415895481,131
Q13-0201,2014-09-15,14,31281000.0,277.8063943161634,135
Q13-0214,2014-09-15,0,0.0,0.0,146
Q13-0268,2014-09-15,7,7464000.0,34.03556771545828,194
Q13-0281,2014-09-15,19,2510000.0,22.153574580759045,205
Q13-0282,2014-09-15,7,16687000.0,218.98950131233596,206
Q13-0289,2014-09-15,12,70447000.0,94.814266487214,213
Q12-0163,2014-10-15,25,35969000.0,146.21544715447155,103
Q12-0175,2014-10-15,25,22356000.0,234.58551941238196,111
Q12-0185,2014-10-15,4,5102000.0,138.6413043478261,120
Q13-0221,2014-10-15,0,0.0,0.0,151
Q13-0223,2014-10-15,0,0.0,0.0,153
Q13-0258,2014-10-15,15,3810000.0,124.50980392156863,185
Q13-0278,2014-10-15,15,146390000.0,912.6558603491272,201
Q13-0294,2014-10-15,25,10502000.0,180.13722126929673,216
Q12-0188,2014-11-15,10,4386000.0,28.722986247544203,121
Q13-0207,2014-11-15,0,0.0,0.0,136
Q13-0224,2014-11-15,7,492000.0,25.36082474226804,151
Q13-0227,2014-11-15,11,60821000.0,328.58454889249055,154
Q13-0238,2014-11-15,3,15083000.0,22.88423607950235,164
Q13-0295,2014-11-15,15,69224000.0,129.10108168593808,214
Q12-0172,2014-12-15,12,34733000.0,93.7209929843497,106
Q13-0192,2014-12-15,3,10277000.0,53.303941908713696,122
Q13-0193,2014-12-15,16,44151000.0,180.8725931995084,123
Q13-0228,2014-12-15,0,0.0,0.0,152
Q13-0244,2014-12-15,1,1150000.0,3.5703197764669357,167
Q13-0247,2014-12-15,14,22713000.0,90.13095238095238,169
Q13-0218,2015-01-15,0,0.0,0.0,140
Q13-0241,2015-01-15,8,9144000.0,23.404146403890454,163
Q13-0243,2015-01-15,1,272000.0,8.88888888888889,165
Q13-0263,2015-01-15,3,262000.0,9.88679245283019,182
Q13-0276,2015-01-15,17,3562000.0,43.86699507389162,191
Q13-0285,2015-01-15,8,1056000.0,16.923076923076923,199
Q12-0186,2015-02-15,21,32008000.0,57.599424149721074,112
Q12-0187,2015-02-15,3,7903000.0,27.102194787379972,113
Q13-0208,2015-02-15,15,56578000.0,138.60362567368938,128
Q13-0219,2015-02-15,7,17487000.0,106.56307129798903,136
Q13-0235,2015-02-15,11,107373000.0,71.582,151
Q13-0236,2015-02-15,4,22398000.0,46.20049504950495,152
Q13-0293,2015-02-15,20,15788000.0,62.62594208647362,199
Q14-0307,2015-02-15,10,2362000.0,50.14861995753716,213
Q13-0198,2015-03-15,5,10387000.0,72.89122807017544,119
Q13-0199,2015-03-15,0,0.0,0.0,120
Q13-0210,2015-03-15,6,35416000.0,333.170272812794,128
Q13-0222,2015-03-15,10,50190000.0,752.4737631184407,136
Q13-0225,2015-03-15,20,87090000.0,177.37270875763747,139
Q14-0319,2015-03-15,0,0.0,0.0,221
Q14-0327,2015-03-15,5,4160000.0,32.80757097791798,229
Q13-0220,2015-04-15,1,1374000.0,15.01639344262295,128
Q13-0226,2015-04-15,0,0.0,0.0,134
Q13-0233,2015-04-15,14,31499000.0,70.43604651162791,141
Q13-0239,2015-04-15,3,7926000.0,32.81987577639752,146
Q13-0253,2015-04-15,9,22407000.0,50.19489247311828,158
Q13-0256,2015-04-15,23,73655000.0,128.05111265646732,161
Q13-0274,2015-04-15,0,0.0,0.0,173
Q13-0275,2015-04-15,25,221620000.0,147.74666666666667,174
Q13-0284,2015-04-15,11,77294000.0,1937.1929824561403,182
Q14-0304,2015-04-15,1,486000.0,4.615384615384615,200
Q14-0305,2015-04-15,2,1606000.0,2.6003886010362693,201
Q13-0217,2015-05-15,0,0.0,0.0,117
Q13-0237,2015-05-15,12,101919000.0,117.68937644341801,135
Q13-0245,2015-05-15,0,0.0,0.0,144
Q13-0249,2015-05-15,6,8362000.0,15.195347992004361,147
Q13-0283,2015-05-15,1,134000.0,2.4408014571948997,173
Q13-0287,2015-05-15,0,0.0,0.0,177
Q14-0301,2015-05-15,13,18476000.0,110.63473053892216,189
Q14-0313,2015-05-15,16,43879000.0,728.8870431893688,201
Q14-0324,2015-05-15,0,0.0,0.0,209
Q14-0336,2015-05-15,0,0.0,0.0,220
Q14-0339,2015-05-15,25,122804000.0,101.70103519668737,223
Q14-0341,2015-05-15,6,10774000.0,47.02749890877346,224
Q14-0352,2015-05-15,1,186000.0,1.1574362165525824,234
Q13-0240,2015-06-15,0,0.0,0.0,137
Q13-0251,2015-06-15,1,787000.0,5.908408408408408,146
Q13-0272,2015-06-15,0,0.0,0.0,162
Q13-0279,2015-06-15,1,8793000.0,68.96470588235294,168
Q13-0300,2015-06-15,4,12158000.0,41.25551408211741,185
Q14-0302,2015-06-15,11,33604000.0,146.42265795206973,188
Q14-0303,2015-06-15,2,10022000.0,35.818441744102934,189
Q14-0328,2015-06-15,0,0.0,0.0,211
Q13-0252,2015-07-15,0,0.0,0.0,143
Q13-0264,2015-07-15,17,36821000.0,167.21616712079927,154
Q13-0290,2015-07-15,4,5001000.0,21.92459447610697,174
Q14-0306,2015-07-15,4,11113000.0,95.80172413793103,188
Q14-0335,2015-07-15,0,0.0,0.0,213
Q14-0343,2015-07-15,3,138000.0,5.75,220
Q13-0255,2015-08-15,1,5351000.0,16.784818067754077,140
Q13-0277,2015-08-15,1,85000.0,2.5,156
Q13-0286,2015-08-15,3,5944000.0,52.41622574955908,163
Q13-0292,2015-08-15,3,21527000.0,55.339331619537276,168
Q13-0297,2015-08-15,7,54890000.0,58.5930828351836,172
Q13-0299,2015-08-15,4,8968000.0,53.28579916815211,174
Q14-0318,2015-08-15,17,9324000.0,58.23860087445347,189
Q14-0325,2015-08-15,1,161000.0,0.973397823458283,196
Q13-0254,2015-09-15,0,0.0,0.0,136
Q13-0257,2015-09-15,20,62941000.0,309.44444444444446,139
Q13-0259,2015-09-15,0,0.0,0.0,141
Q13-0265,2015-09-15,7,26461000.0,155.6529411764706,144
Q14-0308,2015-09-15,2,1338000.0,44.899328859060404,178
Q14-0326,2015-09-15,3,1422000.0,6.9501466275659824,193
Q14-0348,2015-09-15,3,372000.0,3.5260663507109005,212
Q14-0363,2015-09-15,0,0.0,0.0,226
Q14-0370,2015-09-15,25,34714000.0,62.37915543575921,232
Q14-0376,2015-09-15,13,21289000.0,92.9650655021834,238
Q14-0387,2015-09-15,1,3813000.0,11.710687960687961,248
Q14-0395,2015-09-15,11,16697000.0,68.85360824742268,256
Q13-0288,2015-10-15,1,3074000.0,18.189349112426036,154
Q14-0312,2015-10-15,25,134024000.0,118.68933758413036,173
Q14-0314,2015-10-15,3,1312000.0,9.291784702549576,175
Q14-0320,2015-10-15,3,1863000.0,10.645714285714286,178
Q14-0332,2015-10-15,0,0.0,0.0,188
Q14-0347,2015-10-15,2,766000.0,8.635851183765501,201
Q14-0362,2015-10-15,17,15190000.0,51.43921435827971,215
Q14-0377,2015-10-15,25,30310000.0,109.2645998558039,229
Q14-0386,2015-10-15,8,9060000.0,37.22267871815941,237
Q14-0391,2015-10-15,17,5967000.0,45.9,241
Q13-0269,2015-11-15,24,142321000.0,173.47757191613846,137
Q13-0296,2015-11-15,16,65184000.0,82.94185010815626,155
Q14-0310,2015-11-15,22,111390000.0,116.05542821421129,166
Q14-0321,2015-11-15,6,34438000.0,216.04767879548305,174
Q14-0323,2015-11-15,0,0.0,0.0,175
Q14-0373,2015-11-15,25,7176000.0,75.3781512605042,218
Q14-0381,2015-11-15,18,3415000.0,69.26977687626776,228
Q14-0382,2015-11-15,1,925000.0,2.6603393730227207,229
Q14-0384,2015-11-15,22,27546000.0,58.934531450577666,231
Q13-0298,2015-12-15,0,0.0,0.0,152
Q14-0334,2015-12-15,1,1432000.0,8.513674197384066,180
Q14-0337,2015-12-15,18,2665000.0,53.3,183
Q14-0398,2015-12-15,8,44084000.0,273.9838408949658,237
Q14-0403,2015-12-15,5,1292000.0,14.833524684270953,240
Q14-0411,2015-12-15,2,599000.0,13.370535714285714,248
Q15-0437,2015-12-15,25,49397000.0,251.51221995926682,272
Q14-0361,2016-01-15,0,0.0,0.0,198
Q14-0389,2016-01-15,3,1081000.0,9.383680555555555,223
Q14-0397,2016-01-15,6,26809000.0,190.67567567567568,230
Q14-0309,2016-02-15,1,365000.0,3.456439393939394,152
Q14-0338,2016-02-15,0,0.0,0.0,174
Q14-0353,2016-02-15,18,2046000.0,18.267857142857142,186
Q14-0364,2016-02-15,9,45871000.0,139.2985119951412,195
Q14-0380,2016-02-15,4,626000.0,8.930099857346647,210
Q14-0402,2016-02-15,5,1186000.0,5.4730041532071985,228
Q14-0354,2016-03-15,1,399000.0,1.120157215047726,182
Q14-0357,2016-03-15,0,0.0,0.0,184
Q14-0374,2016-03-15,6,10962000.0,37.14672992206032,196
Q14-0392,2016-03-15,4,6331000.0,21.309323460114438,216
Q14-0412,2016-03-15,2,8643000.0,114.62864721485411,233
Q14-0413,2016-03-15,1,259000.0,1.378392762107504,234
Q15-0431,2016-03-15,7,8462000.0,71.59052453468698,250
Q15-0433,2016-03-15,25,15534000.0,51.098684210526315,252
Q15-0436,2016-03-15,25,168167000.0,112.11133333333333,255
Q15-0447,2016-03-15,6,3608000.0,39.431693989071036,265
Q15-0454,2016-03-15,19,47395000.0,580.8210784313726,271
Q15-0459,2016-03-15,11,9396000.0,35.72623574144487,276
Q14-0311,2016-04-15,3,1487000.0,8.772861356932154,144
Q14-0329,2016-04-15,4,7796000.0,8.964010578360353,155
Q14-0342,2016-04-15,13,10935000.0,36.98004734528238,165
Q14-0346,2016-04-15,1,4609000.0,33.98967551622419,168
Q14-0359,2016-04-15,4,3412000.0,20.5294825511432,178
Q15-0427,2016-04-15,25,16102000.0,183.81278538812785,239
Q15-0439,2016-04-15,4,2272000.0,17.70849571317225,250
Q15-0453,2016-04-15,3,11100000.0,58.20660723649711,262
Q15-0457,2016-04-15,3,1075000.0,9.307359307359308,266
Q14-0331,2016-05-15,8,9610000.0,156.7699836867863,153
Q14-0349,2016-05-15,5,14784000.0,21.44784564050486,167
Q14-0358,2016-05-15,4,4220000.0,22.62734584450402,173
Q14-0360,2016-05-15,3,14054000.0,52.93408662900188,176
Q14-0365,2016-05-15,0,0.0,0.0,181
Q14-0396,2016-05-15,0,0.0,0.0,208
Q14-0414,2016-05-15,2,14398000.0,52.68203439443835,224
Q14-0418,2016-05-15,25,57049000.0,168.43519338647772,226
Q15-0469,2016-05-15,1,13798000.0,187.21845318860244,274
Q15-0482,2016-05-15,25,11865000.0,88.94302848575713,285
Q14-0371,2016-06-15,0,0.0,0.0,177
Q14-0388,2016-06-15,10,1089000.0,13.248175182481752,193
Q14-0390,2016-06-15,0,0.0,0.0,195
Q14-0404,2016-06-15,25,66484000.0,88.57447375432987,206
Q14-0409,2016-06-15,0,0.0,0.0,211
Q15-0480,2016-06-15,25,53575000.0,109.02523402523403,274
Q15-0486,2016-06-15,25,16273000.0,216.68442077230358,280
Q15-0491,2016-06-15,20,7547000.0,35.465225563909776,284
Q15-0509,2016-06-15,36,91014000.0,347.24914154902706,301
Q14-0333,2016-07-15,0,0.0,0.0,143
Q14-0367,2016-07-15,1,169000.0,12.611940298507463,170
Q14-0393,2016-07-15,0,0.0,0.0,194
Q14-0417,2016-07-15,15,79897000.0,379.37796771130104,214
Q15-0428,2016-07-15,20,82621000.0,405.80058939096267,225
Q15-0435,2016-07-15,26,10974000.0,89.80360065466448,231
Q15-0481,2016-07-15,0,0.0,0.0,270
Q15-0490,2016-07-15,2,811000.0,11.47100424328147,278
Q15-0495,2016-07-15,8,10187000.0,33.57613711272248,283
Q14-0344,2016-08-15,11,61712000.0,105.96153846153847,144
Q14-0350,2016-08-15,0,0.0,0.0,149
Q14-0355,2016-08-15,25,147096000.0,136.73173452314558,152
Q14-0368,2016-08-15,2,2179000.0,12.847877358490566,163
Q14-0378,2016-08-15,24,50843000.0,293.04322766570607,171
Q14-0405,2016-08-15,8,8498000.0,33.70884569615232,194
Q14-0406,2016-08-15,11,6373000.0,28.501788908765654,195
Q15-0421,2016-08-15,0,0.0,0.0,209
Q15-0432,2016-08-15,4,80883000.0,74.62908285661561,216
Q15-0455,2016-08-15,21,77326000.0,615.6528662420383,237
Q15-0497,2016-08-15,40,75752000.0,326.51724137931035,274
Q15-0513,2016-08-15,3,1105000.0,6.328751431844215,289
Q14-0375,2016-09-15,0,0.0,0.0,164
Q14-0383,2016-09-15,1,20881000.0,13.920666666666667,170
Q14-0400,2016-09-15,0,0.0,0.0,185
Q15-0423,2016-09-15,1,594000.0,0.9913217623497997,206
Q15-0434,2016-09-15,12,12937000.0,154.7488038277512,214
Q15-0443,2016-09-15,5,1670000.0,11.322033898305085,223
Q15-0461,2016-09-15,19,75367000.0,225.24506873879258,238
Q15-0473,2016-09-15,3,590000.0,3.9098740888005303,247
Q15-0484,2016-09-15,20,112185000.0,418.1326872903466,256
Q14-0372,2016-10-15,9,8433000.0,27.53183153770813,153
Q14-0379,2016-10-15,2,359000.0,4.805890227576975,160
Q14-0410,2016-10-15,0,0.0,0.0,186
Q15-0446,2016-10-15,0,0.0,0.0,217
Q15-0492,2016-10-15,25,38220000.0,85.50335570469798,255
Q15-0496,2016-10-15,12,22595000.0,213.36166194523136,259
Q15-0524,2016-10-15,11,21224000.0,148.00557880055788,285
Q15-0547,2016-10-15,6,4307000.0,23.306277056277057,304
Q14-0407,2016-11-15,14,27637000.0,49.32536141352847,174
Q15-0426,2016-11-15,0,0.0,0.0,191
Q15-0442,2016-11-15,16,169405000.0,401.2434864992894,205
Q15-0483,2016-11-15,5,1770000.0,24.04891304347826,238
Q15-0494,2016-11-15,1,66000.0,0.8038976857490865,247
Q15-0501,2016-11-15,4,2441000.0,9.388461538461538,253
Q15-0535,2016-11-15,4,15059000.0,14.238842662632376,283
Q14-0408,2016-12-15,7,42754000.0,130.74617737003058,170
Q15-0429,2016-12-15,2,420000.0,3.6971830985915495,187
Q15-0438,2016-12-15,1,3233000.0,16.742620403935785,194
Q15-0458,2016-12-15,4,827000.0,10.481622306717364,212
Q15-0460,2016-12-15,0,0.0,0.0,214
Q15-0477,2016-12-15,12,48092000.0,52.13224932249322,228
Q15-0478,2016-12-15,25,38628000.0,109.33484290970846,228
Q15-0485,2016-12-15,1,37697000.0,27.72245918517429,234
Q15-0505,2016-12-15,25,101503000.0,120.8800762176968,251
Q15-0506,2016-12-15,0,0.0,0.0,252
Q15-0520,2016-12-15,19,8885000.0,104.77594339622641,265
Q15-0542,2016-12-15,1,299000.0,1.5989304812834224,284
Q16-0569,2016-12-15,15,118663000.0,413.45993031358887,306
Q16-0577,2016-12-15,17,124446000.0,1278.9928057553957,313
Q14-0419,2017-01-15,0,0.0,0.0,172
Q14-0420,2017-01-15,19,9824000.0,59.57550030321407,172
Q15-0422,2017-01-15,15,16886000.0,171.9551934826884,175
Q15-0424,2017-01-15,25,129993000.0,146.04314122008762,177
Q15-0440,2017-01-15,3,29632000.0,284.64937560038425,189
Q15-0449,2017-01-15,7,870000.0,9.570957095709572,196
Q15-0465,2017-01-15,0,0.0,0.0,210
Q15-0545,2017-01-15,5,3531000.0,50.805755395683455,277
Q15-0560,2017-01-15,7,1175000.0,14.417177914110429,288
Q16-0578,2017-01-15,0,0.0,0.0,305
Q16-0586,2017-01-15,17,100146000.0,1262.875157629256,312
Q16-0590,2017-01-15,18,7572000.0,44.69893742621015,317
Q14-0416,2017-02-15,0,0.0,0.0,164
Q15-0452,2017-02-15,1,6354000.0,24.956794972505893,193
Q15-0471,2017-02-15,0,0.0,0.0,210
Q15-0488,2017-02-15,0,0.0,0.0,222
Q15-0500,2017-02-15,1,11461000.0,35.461014851485146,232
Q15-0508,2017-02-15,0,0.0,0.0,240
Q15-0516,2017-02-15,19,77783000.0,420.44864864864866,247
Q15-0518,2017-02-15,10,2184000.0,29.12,249
Q15-0537,2017-02-15,15,114146000.0,441.5705996131528,265
Q15-0543,2017-02-15,24,54448000.0,228.38926174496643,271
Q16-0567,2017-02-15,24,44783000.0,287.0705128205128,291
Q16-0593,2017-02-15,0,0.0,0.0,315
Q15-0467,2017-03-15,8,16476000.0,46.437429537767756,200
Q15-0470,2017-03-15,25,187833000.0,177.83847756106798,203
Q15-0476,2017-03-15,9,31187000.0,139.16555109326194,208
Q15-0526,2017-03-15,25,174670000.0,436.0209685471792,249
Q15-0531,2017-03-15,23,160455000.0,106.97,253
Q16-0574,2017-03-15,5,1670000.0,30.144404332129962,290
Q16-0575,2017-03-15,4,5235000.0,5.089441959945558,290
Q16-0587,2017-03-15,25,16194000.0,253.8244514106583,302
Q16-0592,2017-03-15,1,340000.0,4.696132596685083,307
Q16-0616,2017-03-15,23,50375000.0,518.261316872428,327
Q15-0441,2017-04-15,3,11877000.0,31.714285714285715,172
Q15-0448,2017-04-15,0,0.0,0.0,177
Q15-0456,2017-04-15,0,0.0,0.0,183
Q15-0463,2017-04-15,0,0.0,0.0,189
Q15-0474,2017-04-15,8,663000.0,3.151140684410646,197
Q15-0475,2017-04-15,0,0.0,0.0,199
Q15-0507,2017-04-15,13,38829000.0,197.40213523131672,223
Q15-0517,2017-04-15,25,105147000.0,143.17401960784315,233
Q15-0523,2017-04-15,9,15168000.0,165.58951965065503,238
Q15-0536,2017-04-15,2,2251000.0,22.829614604462474,248
Q16-0565,2017-04-15,5,2515000.0,14.759389671361502,273
Q16-0570,2017-04-15,25,64307000.0,296.07274401473296,277
Q16-0572,2017-04-15,4,336000.0,7.601809954751131,279
Q16-0598,2017-04-15,7,38351000.0,84.69743816254417,302
Q16-0621,2017-04-15,8,35092000.0,596.8027210884354,322
Q15-0450,2017-05-15,0,0.0,0.0,168
Q15-0462,2017-05-15,3,14882000.0,64.59201388888889,178
Q15-0468,2017-05-15,0,0.0,0.0,182
Q15-0499,2017-05-15,15,130368000.0,915.5056179775281,204
Q15-0503,2017-05-15,0,0.0,0.0,208
Q15-0504,2017-05-15,0,0.0,0.0,208
Q15-0519,2017-05-15,6,3475000.0,18.260641093011035,223
Q15-0530,2017-05-15,2,2013000.0,3.556537102473498,231
Q15-0550,2017-05-15,3,7550000.0,21.966831539132965,248
Q15-0557,2017-05-15,12,50496000.0,138.91609353507565,254
Q16-0584,2017-05-15,21,20654000.0,134.11688311688312,277
Q16-0638,2017-05-15,1,105000.0,1.9886363636363635,326
Q16-0645,2017-05-15,5,2130000.0,14.040870138431114,332
Q15-0555,2017-06-15,8,4106000.0,21.296680497925312,244
Q16-0564,2017-06-15,7,2517000.0,34.29155313351499,251
Q16-0585,2017-06-15,6,16373000.0,65.33519553072625,268
Q16-0588,2017-06-15,13,47553000.0,519.7049180327868,269
Q16-0589,2017-06-15,0,0.0,0.0,271
Q16-0630,2017-06-15,11,6582000.0,31.120567375886523,307
Q16-0660,2017-06-15,4,470000.0,5.064655172413793,335
Q16-0668,2017-06-15,25,7051000.0,95.15519568151147,343
Q15-0489,2017-07-15,2,2354000.0,16.886657101865136,183
Q15-0510,2017-07-15,18,54546000.0,54.05946481665015,201
Q15-0511,2017-07-15,2,4874000.0,20.29142381348876,202
Q15-0514,2017-07-15,0,0.0,0.0,205
Q16-0600,2017-07-15,12,14506000.0,96.70666666666666,276
Q16-0611,2017-07-15,4,7052000.0,89.37896070975918,286
Q16-0658,2017-07-15,0,0.0,0.0,328
Q16-0664,2017-07-15,10,47470000.0,124.46250655479811,333
Q16-0667,2017-07-15,0,0.0,0.0,337
Q15-0493,2017-08-15,16,32379000.0,171.4081524616199,176
Q15-0512,2017-08-15,0,0.0,0.0,193
Q15-0534,2017-08-15,7,26732000.0,146.1563696008748,212
Q15-0539,2017-08-15,2,26043000.0,441.40677966101697,217
Q15-0541,2017-08-15,2,319000.0,3.1678252234359485,219
Q15-0551,2017-08-15,7,6898000.0,54.6159936658749,226
Q15-0558,2017-08-15,9,12625000.0,44.23615977575333,231
Q16-0582,2017-08-15,8,47963000.0,172.03371592539455,248
Q16-0610,2017-08-15,2,7982000.0,21.16679925749138,273
Q16-0631,2017-08-15,0,0.0,0.0,289
Q16-0650,2017-08-15,25,218574000.0,145.716,307
Q16-0656,2017-08-15,9,8654000.0,65.56060606060606,312
Q15-0502,2017-09-15,0,0.0,0.0,176
Q15-0515,2017-09-15,4,4164000.0,12.726161369193154,188
Q15-0559,2017-09-15,2,2134000.0,15.52,224
Q16-0566,2017-09-15,1,2963000.0,17.127167630057805,230
Q16-0571,2017-09-15,0,0.0,0.0,232
Q16-0605,2017-09-15,0,0.0,0.0,260
Q16-0627,2017-09-15,9,20570000.0,68.29349269588313,278
Q16-0665,2017-09-15,3,620000.0,23.220973782771537,313
Q16-0669,2017-09-15,0,0.0,0.0,317
Q16-0673,2017-09-15,0,0.0,0.0,321
Q16-0688,2017-09-15,20,51473000.0,95.90646543692938,336
Q16-0689,2017-09-15,5,3648000.0,20.64516129032258,337
Q16-0690,2017-09-15,3,5619000.0,34.24131627056673,337
Q15-0527,2017-10-15,16,76765000.0,69.11407220671649,190
Q16-0594,2017-10-15,0,0.0,0.0,244
Q16-0601,2017-10-15,2,432000.0,1.6089385474860336,250
Q16-0607,2017-10-15,18,63170000.0,606.2380038387716,255
Q16-0612,2017-10-15,25,154557000.0,103.038,260
Q16-0628,2017-10-15,25,45901000.0,161.5095003518649,272
Q16-0662,2017-10-15,0,0.0,0.0,303
Q16-0675,2017-10-15,2,2650000.0,10.959470636889991,316
Q16-0705,2017-10-15,2,789000.0,8.925339366515837,345
Q16-0709,2017-10-15,42,156507000.0,15048.75,349
Q15-0521,2017-11-15,11,39863000.0,182.27251943301326,179
Q15-0528,2017-11-15,5,2497000.0,15.216331505179769,184
Q15-0532,2017-11-15,5,43539000.0,105.24292965917331,187
Q15-0540,2017-11-15,4,12172000.0,36.410409811546515,195
Q16-0561,2017-11-15,0,0.0,0.0,211
Q16-0573,2017-11-15,4,594000.0,3.8223938223938223,218
Q16-0619,2017-11-15,2,60372000.0,50.70720645052914,255
Q16-0634,2017-11-15,17,2710000.0,48.220640569395016,268
Q16-0636,2017-11-15,14,2287000.0,34.756838905775076,270
Q16-0640,2017-11-15,8,18628000.0,97.12200208550574,274
Q16-0648,2017-11-15,25,30127000.0,94.56057752667923,280
Q16-0672,2017-11-15,1,50000.0,0.7163323782234957,304
Q16-0682,2017-11-15,8,897000.0,25.126050420168067,313
Q16-0698,2017-11-15,8,12962000.0,19.398383717449864,328
Q16-0713,2017-11-15,0,0.0,0.0,343
Q16-0714,2017-11-15,34,26171000.0,127.66341463414633,344
Q15-0533,2017-12-15,4,3292000.0,26.06492478226445,178
Q15-0538,2017-12-15,9,11780000.0,74.65145754119138,183
Q15-0549,2017-12-15,3,2938000.0,11.196646341463415,191
Q15-0552,2017-12-15,5,49556000.0,47.91723070972733,194
Q16-0579,2017-12-15,4,24305000.0,261.9073275862069,212
Q16-0581,2017-12-15,12,13458000.0,44.562913907284766,213
Q16-0603,2017-12-15,0,0.0,0.0,232
Q16-0608,2017-12-15,1,2120000.0,14.814814814814815,237
Q16-0678,2017-12-15,0,0.0,0.0,300
Q16-0717,2017-12-15,0,0.0,0.0,337
Q17-0747,2017-12-15,0,0.0,0.0,362
Q15-0553,2018-01-15,1,23882000.0,50.214465937762824,188
Q16-0563,2018-01-15,25,34979000.0,219.16666666666666,195
Q16-0599,2018-01-15,5,12880000.0,121.8543046357616,223
Q16-0604,2018-01-15,0,0.0,0.0,227
Q16-0623,2018-01-15,2,4941000.0,53.300970873786405,242
Q16-0626,2018-01-15,0,0.0,0.0,245
Q16-0635,2018-01-15,17,85367000.0,119.64540995094605,252
Q16-0642,2018-01-15,8,14890000.0,79.45570971184632,259
Q16-0694,2018-01-15,13,14375000.0,37.34736295141595,306
Q16-0696,2018-01-15,0,0.0,0.0,309
Q17-0725,2018-01-15,3,563000.0,5.251865671641791,335
Q17-0732,2018-01-15,2,4164000.0,46.94475760992108,341
Q17-0769,2018-01-15,0,0.0,0.0,377
Q16-0583,2018-02-15,0,0.0,0.0,203
Q16-0606,2018-02-15,0,0.0,0.0,222
Q16-0609,2018-02-15,25,118256000.0,130.6840534865731,226
Q16-0617,2018-02-15,7,21074000.0,114.47039652362847,230
Q16-0652,2018-02-15,0,0.0,0.0,260
Q16-0661,2018-02-15,27,9073000.0,84.16512059369202,268
Q16-0674,2018-02-15,18,48081000.0,240.2848575712144,282
Q16-0695,2018-02-15,25,78597000.0,136.2402496099844,301
Q16-0700,2018-02-15,23,26414000.0,96.19082301529498,306
Q17-0741,2018-02-15,15,29948000.0,291.03984450923224,340
Q16-0591,2018-03-15,7,14624000.0,40.98654708520179,201
Q16-0595,2018-03-15,14,1995000.0,33.25,205
Q16-0641,2018-03-15,19,91745000.0,732.7875399361022,243
Q16-0643,2018-03-15,25,46297000.0,155.15080428954423,245
Q16-0666,2018-03-15,0,0.0,0.0,265
Q16-0671,2018-03-15,1,7175000.0,13.956428710367632,271
Q16-0680,2018-03-15,2,1201000.0,5.675803402646503,279
Q16-0681,2018-03-15,14,8344000.0,38.24014665444546,280
Q16-0703,2018-03-15,12,106594000.0,128.6900881323192,299
Q16-0704,2018-03-15,0,0.0,0.0,301
Q17-0748,2018-03-15,10,2162000.0,23.576881134133043,337
Q16-0596,2018-04-15,11,3962000.0,24.57816377171216,196
Q16-0655,2018-04-15,25,56680000.0,120.72417465388712,243
Q16-0657,2018-04-15,14,23735000.0,214.79638009049773,245
Q16-0663,2018-04-15,5,1444000.0,7.536534446764092,251
Q16-0693,2018-04-15,5,4591000.0,37.78600823045267,277
Q16-0701,2018-04-15,1,159000.0,1.3910761154855642,284
Q16-0711,2018-04-15,22,7604000.0,81.9396551724138,294
Q17-0760,2018-04-15,3,8774000.0,32.52038547071905,335
Q17-0767,2018-04-15,8,46110000.0,181.75009854158455,342
Q17-0787,2018-04-15,25,12082000.0,82.3585548738923,360
Q16-0622,2018-05-15,5,4944000.0,31.172761664564945,210
Q16-0624,2018-05-15,22,60869000.0,218.32496413199425,212
Q16-0625,2018-05-15,32,131207000.0,847.0432537120723,213
Q16-0633,2018-05-15,25,46294000.0,208.90794223826714,219
Q16-0649,2018-05-15,4,8628000.0,20.805401495056667,232
Q16-0683,2018-05-15,2,1020000.0,7.078417765440666,263
Q17-0778,2018-05-15,2,1449000.0,15.431309904153355,344
Q17-0794,2018-05-15,19,29431000.0,411.04748603351953,358
Q17-0798,2018-05-15,25,7707000.0,97.55696202531645,363
Q17-0808,2018-05-15,48,35159000.0,343.6852394916911,371
Q16-0613,2018-06-15,0,0.0,0.0,198
Q16-0618,2018-06-15,25,8761000.0,89.21588594704684,200
Q16-0685,2018-06-15,21,75254000.0,251.6014710799064,258
Q16-0718,2018-06-15,0,0.0,0.0,288
Q17-0756,2018-06-15,8,5265000.0,27.237454733574754,316
Q17-0801,2018-06-15,0,0.0,0.0,355
Q17-0807,2018-06-15,0,0.0,0.0,359
Q17-0838,2018-06-15,25,93321000.0,76.87067545304778,389
Q16-0620,2018-07-15,15,27658000.0,143.60332294911734,193
Q16-0637,2018-07-15,1,133000.0,1.967455621301775,204
Q16-0639,2018-07-15,0,0.0,0.0,206
Q16-0653,2018-07-15,4,2168000.0,6.621869273060477,218
Q16-0654,2018-07-15,25,76292000.0,85.27104057225885,218
Q17-0729,2018-07-15,17,12408000.0,143.94431554524363,282
Q17-0740,2018-07-15,8,29470000.0,205.79608938547486,290
Q17-0749,2018-07-15,25,24220000.0,118.2040019521718,298
Q17-0773,2018-07-15,6,5140000.0,92.28007181328546,319
Q17-0791,2018-07-15,25,118781000.0,211.46697525369413,334
Q17-0820,2018-07-15,25,132394000.0,207.80725160885262,360
Q17-0843,2018-07-15,8,2587000.0,19.495101733232858,379
Q17-0846,2018-07-15,0,0.0,0.0,384
Q17-0849,2018-07-15,24,232097000.0,328.8890463369704,388
Q16-0644,2018-08-15,16,52915000.0,1150.3260869565217,202
Q16-0647,2018-08-15,0,0.0,0.0,204
Q16-0659,2018-08-15,7,3905000.0,68.50877192982456,215
Q16-0670,2018-08-15,4,4932000.0,64.05194805194805,226
Q16-0687,2018-08-15,0,0.0,0.0,240
Q16-0712,2018-08-15,1,866000.0,5.026117237376669,262
Q17-0734,2018-08-15,0,0.0,0.0,276
Q17-0753,2018-08-15,1,131000.0,0.45628700801114597,293
Q17-0763,2018-08-15,3,250000.0,3.360215053763441,302
Q17-0776,2018-08-15,0,0.0,0.0,313
Q17-0803,2018-08-15,13,2270000.0,71.83544303797468,336
Q17-0817,2018-08-15,0,0.0,0.0,348
Q17-0821,2018-08-15,15,27885000.0,147.8525980911983,353
Q17-0825,2018-08-15,5,21998000.0,171.45752143413873,357
Q17-0857,2018-08-15,1,40000.0,0.6734006734006734,387
Q17-0872,2018-08-15,5,412000.0,9.4279176201373,401
Q16-0684,2018-09-15,19,84484000.0,207.42450282347164,229
Q16-0686,2018-09-15,0,0.0,0.0,231
Q16-0699,2018-09-15,16,84362000.0,1015.1865222623345,240
Q16-0702,2018-09-15,19,52393000.0,470.7367475292004,243
Q16-0710,2018-09-15,1,19000.0,0.34545454545454546,251
Q16-0716,2018-09-15,0,0.0,0.0,257
Q16-0719,2018-09-15,5,1418000.0,8.425430778371954,260
Q17-0733,2018-09-15,2,1684000.0,3.8394892840857273,265
Q17-0735,2018-09-15,8,25771000.0,71.24965440973182,267
Q17-0759,2018-09-15,12,4103000.0,82.2244488977956,290
Q17-0770,2018-09-15,3,1333000.0,8.594455190199872,298
Q17-0774,2018-09-15,8,29122000.0,136.33895131086143,303
Q17-0783,2018-09-15,14,59428000.0,407.87920384351406,309
Q17-0806,2018-09-15,25,49123000.0,328.80187416331995,330
Q17-0829,2018-09-15,1,440000.0,3.0240549828178693,350
Q17-0856,2018-09-15,8,21127000.0,35.29991645781119,377
Q17-0864,2018-09-15,17,7365000.0,56.697459584295615,385
Q17-0869,2018-09-15,18,19394000.0,171.4765694076039,389
Q17-0883,2018-09-15,0,0.0,0.0,403
Q17-0890,2018-09-15,24,56755000.0,139.68742308638937,409
Q16-0677,2018-10-15,0,0.0,0.0,216
Q16-0706,2018-10-15,5,7043000.0,25.334532374100718,240
Q16-0707,2018-10-15,2,2685000.0,12.641242937853107,241
Q17-0743,2018-10-15,8,4199000.0,66.54516640253566,268
Q17-0762,2018-10-15,0,0.0,0.0,285
Q17-0766,2018-10-15,7,26573000.0,93.30407303370787,287
Q17-0799,2018-10-15,38,62014000.0,469.8030303030303,316
Q17-0805,2018-10-15,3,1131000.0,9.180194805194805,322
Q17-0879,2018-10-15,6,2270000.0,7.671510645488341,390
Q17-0893,2018-10-15,15,32737000.0,42.32867856219291,402
Q17-0900,2018-10-15,19,29355000.0,117.89156626506023,408
Q16-0692,2018-11-15,11,12671000.0,46.92962962962963,218
Q16-0715,2018-11-15,1,487000.0,1.9410123555201275,238
Q17-0742,2018-11-15,1,9662000.0,66.40549828178695,256
Q17-0755,2018-11-15,4,28378000.0,127.54157303370786,268
Q17-0757,2018-11-15,5,10714000.0,65.73006134969326,269
Q17-0772,2018-11-15,15,27806000.0,186.11780455153948,283
Q17-0781,2018-11-15,1,758000.0,10.706214689265536,288
Q17-0784,2018-11-15,3,5390000.0,11.029261305504399,290
Q17-0792,2018-11-15,25,98337000.0,662.6482479784366,298
Q17-0812,2018-11-15,18,3053000.0,28.938388625592417,314
Q17-0826,2018-11-15,5,1924000.0,17.240143369175627,328
Q17-0837,2018-11-15,2,724000.0,11.696284329563813,338
Q17-0840,2018-11-15,9,38254000.0,132.04694511563687,340
Q17-0845,2018-11-15,4,2656000.0,19.880239520958085,345
Q17-0850,2018-11-15,9,46365000.0,119.40509915014164,350
Q17-0866,2018-11-15,2,359000.0,5.653543307086614,364
Q18-0918,2018-11-15,6,5283000.0,46.18006993006993,413
Q16-0708,2018-12-15,13,2958000.0,93.60759493670886,222
Q17-0728,2018-12-15,0,0.0,0.0,234
Q17-0750,2018-12-15,10,1303000.0,26.591836734693878,253
Q17-0751,2018-12-15,0,0.0,0.0,254
Q17-0754,2018-12-15,0,0.0,0.0,255
Q17-0758,2018-12-15,10,27024000.0,96.20505517977928,260
Q17-0844,2018-12-15,22,2537000.0,43.44178082191781,328
Q17-0860,2018-12-15,0,0.0,0.0,348
Q17-0873,2018-12-15,4,11321000.0,23.91929009085147,359
Q18-0923,2018-12-15,13,38447000.0,121.05478589420655,406
Q17-0796,2019-01-15,9,1663000.0,37.88154897494305,280
Q17-0822,2019-01-15,0,0.0,0.0,303
Q17-0823,2019-01-15,0,0.0,0.0,304
Q17-0830,2019-01-15,0,0.0,0.0,308
Q17-0834,2019-01-15,1,5915000.0,47.16905901116427,313
Q17-0835,2019-01-15,4,2216000.0,23.20418848167539,315
Q17-0836,2019-01-15,0,0.0,0.0,315
Q17-0882,2019-01-15,0,0.0,0.0,358
Q17-0910,2019-01-15,25,4210000.0,79.73484848484848,383
Q18-0963,2019-01-15,0,0.0,0.0,432
Q18-0966,2019-01-15,14,16063000.0,108.24123989218329,435
Q17-0726,2019-02-15,2,2888000.0,37.506493506493506,220
Q17-0738,2019-02-15,2,211000.0,3.158682634730539,226
Q17-0739,2019-02-15,8,5013000.0,71.92252510760402,227
Q17-0761,2019-02-15,0,0.0,0.0,247
Q17-0815,2019-02-15,37,89306000.0,761.9965870307167,289
Q17-0848,2019-02-15,25,49207000.0,228.7633658763366,317
Q17-0851,2019-02-15,0,0.0,0.0,320
Q17-0868,2019-02-15,2,1114000.0,14.448767833981842,336
Q17-0886,2019-02-15,1,841000.0,11.153846153846153,354
Q17-0737,2019-03-15,25,19558000.0,104.58823529411765,214
Q17-0744,2019-03-15,1,54000.0,0.9121621621621622,221
Q17-0745,2019-03-15,7,59753000.0,207.33171408743928,222
Q17-0746,2019-03-15,5,4077000.0,18.3318345323741,223
Q17-0816,2019-03-15,3,3774000.0,80.813704496788,279
Q17-0827,2019-03-15,1,2613000.0,19.114850036576446,289
Q17-0853,2019-03-15,13,3941000.0,51.923583662714094,311
Q17-0863,2019-03-15,10,11823000.0,92.29508196721312,320
Q17-0876,2019-03-15,25,14874000.0,123.84679433805162,330
Q17-0888,2019-03-15,1,1297000.0,1.058343533251734,342
Q18-0916,2019-03-15,25,9843000.0,55.20471116096466,367
Q18-0930,2019-03-15,4,50685000.0,1905.451127819549,381
Q18-0936,2019-03-15,5,561000.0,15.670391061452515,387
Q18-0960,2019-03-15,3,1117000.0,5.540674603174603,408
Q18-1000,2019-03-15,25,109211000.0,244.81282223716656,446
Q17-0765,2019-04-15,6,17486000.0,86.30799605133268,225
Q17-0768,2019-04-15,8,4105000.0,39.058039961941006,228
Q17-0790,2019-04-15,2,2021000.0,6.438356164383562,244
Q17-0795,2019-04-15,13,1730000.0,43.35839598997494,248
Q17-0797,2019-04-15,0,0.0,0.0,250
Q17-0814,2019-04-15,2,322000.0,5.430016863406408,263
Q17-0828,2019-04-15,50,90869000.0,881.3676042677013,275
Q17-0847,2019-04-15,5,13949000.0,20.549499116087212,291
Q17-0859,2019-04-15,1,6023000.0,26.4282580078982,303
Q17-0875,2019-04-15,7,17384000.0,228.13648293963254,316
Q17-0889,2019-04-15,25,49920000.0,280.2919708029197,328
Q18-0926,2019-04-15,6,3609000.0,46.20998719590269,361
Q18-0927,2019-04-15,16,134611000.0,342.8706062149771,361
Q18-0935,2019-04-15,12,29394000.0,165.78680203045684,370
Q18-0937,2019-04-15,25,224225000.0,293.1812238493724,372
Q18-0970,2019-04-15,25,79239000.0,228.75,401
Q18-0979,2019-04-15,25,17986000.0,126.84062059238364,410
Q18-0983,2019-04-15,25,79342000.0,830.8062827225131,414
Q17-0771,2019-05-15,41,147137000.0,315.74463519313304,225
Q17-0780,2019-05-15,0,0.0,0.0,230
Q17-0782,2019-05-15,25,104604000.0,89.42041374593947,231
Q17-0789,2019-05-15,25,28541000.0,187.8933508887426,237
Q17-0831,2019-05-15,7,16782000.0,131.41738449490995,272
Q17-0858,2019-05-15,0,0.0,0.0,294
Q17-0867,2019-05-15,18,16947000.0,70.9376308078694,302
Q17-0878,2019-05-15,2,853000.0,6.829463570856685,312
Q17-0881,2019-05-15,1,108000.0,0.574468085106383,314
Q17-0885,2019-05-15,0,0.0,0.0,318
Q17-0902,2019-05-15,15,135765000.0,477.87750791974656,332
Q18-0933,2019-05-15,18,61126000.0,967.1835443037975,360
Q18-0940,2019-05-15,15,56622000.0,42.27730904203688,366
Q18-0976,2019-05-15,19,6194000.0,30.80059671805072,399
Q18-0980,2019-05-15,17,41139000.0,488.0071174377224,403
Q18-0995,2019-05-15,25,76555000.0,362.3047799337435,415
Q18-1001,2019-05-15,12,109848000.0,100.63948694457169,422
Q18-1020,2019-05-15,25,28219000.0,196.1014593467686,440
Q17-0785,2019-06-15,25,92926000.0,86.81427503736921,224
Q17-0793,2019-06-15,25,5536000.0,74.50874831763123,231
Q17-0810,2019-06-15,17,14049000.0,32.0826672756337,243
Q17-0855,2019-06-15,0,0.0,0.0,281
Q17-0884,2019-06-15,8,21696000.0,128.07556080283354,305
Q17-0898,2019-06-15,25,15848000.0,151.94630872483222,318
Q18-0929,2019-06-15,2,24621000.0,81.04344963791968,345
Q18-0932,2019-06-15,31,141176000.0,503.301247771836,349
Q18-0973,2019-06-15,12,7802000.0,71.7095588235294,384
Q18-0987,2019-06-15,1,256000.0,0.7942910331988831,397
Q18-1017,2019-06-15,15,4525000.0,33.64312267657993,422
Q18-1027,2019-06-15,13,23444000.0,189.2171105730428,433
Q17-0800,2019-07-15,20,48672000.0,655.0740242261104,230
Q17-0804,2019-07-15,8,13380000.0,79.78533094812164,233
Q17-0813,2019-07-15,25,45579000.0,77.63413387838528,239
Q17-0818,2019-07-15,8,34428000.0,134.11764705882354,244
Q17-0819,2019-07-15,9,53154000.0,194.56076134699853,245
Q17-0841,2019-07-15,25,653000.0,45.34722222222222,263
Q17-0874,2019-07-15,7,5953000.0,16.945630515229148,290
Q17-0906,2019-07-15,1,1023000.0,14.740634005763688,317
Q17-0908,2019-07-15,20,24714000.0,199.7898140662894,321
Q18-0945,2019-07-15,25,58765000.0,129.86740331491714,353
Q18-0948,2019-07-15,0,0.0,0.0,356
Q18-0977,2019-07-15,25,148820000.0,99.21333333333334,381
Q18-1006,2019-07-15,0,0.0,0.0,406
Q18-1055,2019-07-15,25,49967000.0,88.7513321492007,453
Q17-0824,2019-08-15,16,1531000.0,27.24199288256228,235
Q17-0833,2019-08-15,12,9773000.0,61.08125,243
Q17-0842,2019-08-15,3,2465000.0,10.629581716257007,249
Q17-0854,2019-08-15,9,3166000.0,30.708050436469446,260
Q17-0861,2019-08-15,23,66409000.0,853.586118251928,266
Q17-0903,2019-08-15,25,97801000.0,85.5277656318321,301
Q18-0913,2019-08-15,1,1304000.0,12.490421455938698,309
Q18-0915,2019-08-15,25,43270000.0,252.59778166958552,310
Q18-0942,2019-08-15,0,0.0,0.0,334
Q18-0968,2019-08-15,25,3784000.0,81.20171673819742,358
Q18-0992,2019-08-15,0,0.0,0.0,377
Q18-0996,2019-08-15,11,5759000.0,35.6594427244582,381
Q18-1002,2019-08-15,6,55000.0,4.044117647058823,386
Q18-1048,2019-08-15,19,304316000.0,238.66049721590463,431
Q18-1076,2019-08-15,25,60065000.0,235.73390894819465,457
Q17-0870,2019-09-15,25,88577000.0,94.47205631399318,261
Q17-0892,2019-09-15,21,60719000.0,211.49076976663184,280
Q17-0896,2019-09-15,2,13550000.0,85.32745591939546,283
Q18-0917,2019-09-15,7,35577000.0,72.25223395613322,301
Q18-0947,2019-09-15,1,436000.0,4.176245210727969,323
Q18-1046,2019-09-15,25,27199000.0,94.7370254266806,412
Q18-1047,2019-09-15,25,70536000.0,94.90850376749192,414
Q18-1061,2019-09-15,25,48000000.0,536.9127516778524,427
Q18-1071,2019-09-15,25,78666000.0,124.1767955801105,437
Q17-0852,2019-10-15,25,12539000.0,72.22926267281106,241
Q17-0891,2019-10-15,7,4632000.0,45.95238095238095,274
Q18-0944,2019-10-15,2,4580000.0,27.808136004857317,316
Q18-0946,2019-10-15,8,20391000.0,234.1102181400689,317
Q18-0967,2019-10-15,0,0.0,0.0,336
Q18-0971,2019-10-15,10,2393000.0,39.61920529801324,339
Q18-0978,2019-10-15,0,0.0,0.0,344
Q18-0989,2019-10-15,19,91626000.0,442.851619139681,355
Q18-1008,2019-10-15,8,14669000.0,495.5743243243243,368
Q18-1013,2019-10-15,15,9141000.0,112.0220588235294,371
Q18-1018,2019-10-15,25,78241000.0,65.19540038330139,378
Q18-1042,2019-10-15,18,16258000.0,213.35958005249344,401
Q18-1073,2019-10-15,25,3958000.0,42.37687366167024,430
Q18-1080,2019-10-15,0,0.0,0.0,437
Q18-1112,2019-10-15,3,2859000.0,11.57958687727825,465
Q17-0877,2019-11-15,1,105000.0,1.5261627906976745,248
Q17-0901,2019-11-15,25,3776000.0,66.71378091872792,268
Q17-0904,2019-11-15,25,16340000.0,215.56728232189974,270
Q17-0905,2019-11-15,25,6946000.0,39.82798165137615,270
Q18-0920,2019-11-15,25,9868000.0,44.69202898550725,282
Q18-0931,2019-11-15,25,15106000.0,220.52554744525548,291
Q18-0949,2019-11-15,18,74099000.0,760.7700205338809,306
Q18-0955,2019-11-15,7,15949000.0,84.61007957559681,311
Q18-0956,2019-11-15,0,0.0,0.0,312
Q18-0982,2019-11-15,1,1485000.0,50.16891891891892,334
Q18-0997,2019-11-15,27,24956000.0,230.43397968605726,346
Q18-1022,2019-11-15,3,30959000.0,203.67763157894737,365
Q18-1025,2019-11-15,19,77948000.0,599.6,368
Q18-1051,2019-11-15,6,12470000.0,97.04280155642023,392
Q18-1075,2019-11-15,1,2130000.0,7.045980813761164,414
Q18-1078,2019-11-15,4,1342000.0,17.869507323568577,418
Q18-1116,2019-11-15,11,53149000.0,60.369150386188096,452
Q17-0895,2019-12-15,25,5868000.0,48.2962962962963,252
Q18-0914,2019-12-15,8,12664000.0,62.23095823095823,267
Q18-0919,2019-12-15,4,875000.0,38.888888888888886,271
Q18-0921,2019-12-15,1,1533000.0,23.915756630265214,274
Q18-0939,2019-12-15,10,1663000.0,35.45842217484009,287
Q18-0984,2019-12-15,8,16074000.0,152.50474383301707,323
Q18-1004,2019-12-15,7,8936000.0,43.14823756639305,337
Q18-1019,2019-12-15,25,29849000.0,55.39903489235338,350
Q18-1056,2019-12-15,25,12924000.0,72.1608040201005,384
Q18-1065,2019-12-15,2,759000.0,9.21116504854369,393
Q18-1077,2019-12-15,4,913000.0,7.994746059544658,403
Q18-1096,2019-12-15,25,20851000.0,348.0968280467446,421
Q18-1111,2019-12-15,0,0.0,0.0,434
Q18-1126,2019-12-15,3,4564000.0,31.5411195577056,448
Q18-1130,2019-12-15,22,204593000.0,1300.654799745709,452
Q19-1143,2019-12-15,25,26868000.0,229.0537084398977,463
Q17-0897,2020-01-15,14,71640000.0,154.59646094087182,242
Q17-0907,2020-01-15,25,181647000.0,121.098,251
Q18-0912,2020-01-15,1,1951000.0,20.15495867768595,254
Q18-0924,2020-01-15,10,1182000.0,28.55072463768116,265
Q18-0928,2020-01-15,14,7204000.0,34.02928672649976,267
Q18-0959,2020-01-15,18,21991000.0,383.1184668989547,292
Q18-1009,2020-01-15,1,1747000.0,7.9626253418413855,327
Q18-1015,2020-01-15,3,26939000.0,74.52005532503458,333
Q18-1041,2020-01-15,25,86368000.0,194.69792605951307,358
Q18-1059,2020-01-15,8,82118000.0,387.5318546484191,375
Q18-1064,2020-01-15,25,1593000.0,35.478841870824056,380
Q18-1068,2020-01-15,25,44539000.0,306.74242424242425,384
Q18-1094,2020-01-15,19,15097000.0,261.1937716262976,407
Q18-1105,2020-01-15,25,40599000.0,75.00277110659523,417
Q18-1124,2020-01-15,5,15557000.0,65.50315789473684,435
Q19-1148,2020-01-15,16,14259000.0,163.70838117106774,456
Q17-0909,2020-02-15,25,63627000.0,299.13963328631877,237
Q18-0922,2020-02-15,9,5545000.0,45.75082508250825,248
Q18-0934,2020-02-15,7,12923000.0,87.4949221394719,256
Q18-0943,2020-02-15,12,5067000.0,116.21559633027523,263
Q18-0950,2020-02-15,13,4566000.0,21.711840228245364,269
Q18-0951,2020-02-15,9,21269000.0,92.47391304347826,269
Q18-0975,2020-02-15,0,0.0,0.0,288
Q18-0981,2020-02-15,25,42948000.0,45.05192489247876,294
Q18-0988,2020-02-15,15,30758000.0,196.28589661774092,299
Q18-1012,2020-02-15,25,162855000.0,197.06558567279768,314
Q18-1016,2020-02-15,25,8666000.0,125.41244573082489,319
Q18-1032,2020-02-15,4,48629000.0,320.13824884792626,334
Q18-1038,2020-02-15,25,1955000.0,19.867886178861788,339
Q18-1044,2020-02-15,25,38275000.0,223.30805134189032,344
Q18-1049,2020-02-15,10,10304000.0,37.68836869056328,350
Q18-1058,2020-02-15,2,556000.0,3.357487922705314,358
Q18-1074,2020-02-15,25,157364000.0,735.0023353573097,373
Q18-1093,2020-02-15,5,25038000.0,129.73056994818654,390
Q18-1103,2020-02-15,0,0.0,0.0,399
Q18-1108,2020-02-15,3,9210000.0,61.4,403
Q19-1135,2020-02-15,4,3095000.0,21.12627986348123,428
Q19-1141,2020-02-15,0,0.0,0.0,434
Q19-1155,2020-02-15,13,21089000.0,242.4022988505747,447
Q18-0952,2020-03-15,0,0.0,0.0,258
Q18-0954,2020-03-15,2,701000.0,6.786060019361084,261
Q18-0957,2020-03-15,10,11425000.0,27.137767220902614,263
Q18-0986,2020-03-15,3,21110000.0,94.15700267618197,286
Q18-1014,2020-03-15,1,94000.0,0.6037251123956326,306
Q18-1023,2020-03-15,0,0.0,0.0,314
Q18-1033,2020-03-15,25,142786000.0,591.2463768115942,324
Q18-1034,2020-03-15,1,3128000.0,59.0188679245283,325
Q18-1040,2020-03-15,6,341000.0,8.61111111111111,329
Q18-1052,2020-03-15,10,33852000.0,180.64034151547492,341
Q18-1053,2020-03-15,0,0.0,0.0,341
Q18-1060,2020-03-15,6,4300000.0,22.921108742004265,348
Q18-1087,2020-03-15,7,11815000.0,101.76571920757968,374
Q18-1090,2020-03-15,12,4832000.0,30.105919003115265,377
Q18-1118,2020-03-15,12,14467000.0,171.20710059171597,400
Q18-1125,2020-03-15,0,0.0,0.0,407
Q19-1134,2020-03-15,1,1988000.0,6.419115272844689,414
Q19-1147,2020-03-15,0,0.0,0.0,426
Q19-1156,2020-03-15,5,801000.0,7.17741935483871,434
Q19-1179,2020-03-15,16,90594000.0,4273.301886792453,457
Q19-1206,2020-03-15,5,37295000.0,398.4508547008547,483
Q18-0961,2020-04-15,10,101673000.0,547.2174381054898,260
Q18-0962,2020-04-15,10,73203000.0,1082.8846153846155,262
Q18-0964,2020-04-15,2,16799000.0,135.25764895330113,264
Q18-0969,2020-04-15,0,0.0,0.0,267
Q18-0994,2020-04-15,14,27731000.0,33.37465398964978,286
Q18-1011,2020-04-15,4,1432000.0,26.866791744840526,297
Q18-1028,2020-04-15,6,1030000.0,5.878995433789954,313
Q18-1050,2020-04-15,9,9331000.0,37.26437699680511,333
Q18-1127,2020-04-15,25,168989000.0,1472.0296167247386,401
Q19-1152,2020-04-15,0,0.0,0.0,422
Q19-1167,2020-04-15,3,1766000.0,24.291609353507564,438
Q19-1182,2020-04-15,2,206000.0,1.840929401251117,452
Q19-1189,2020-04-15,0,0.0,0.0,459
Q19-1194,2020-04-15,4,459000.0,12.679558011049723,463
Q19-1212,2020-04-15,7,7395000.0,22.227231740306582,481
Q18-1010,2020-05-15,1,929000.0,5.385507246376812,286
Q18-1036,2020-05-15,0,0.0,0.0,310
Q18-1045,2020-05-15,0,0.0,0.0,318
Q18-1067,2020-05-15,13,23569000.0,77.12369109947645,336
Q18-1070,2020-05-15,3,5886000.0,17.28126834997064,339
Q18-1086,2020-05-15,16,102925000.0,1172.2665148063782,354
Q18-1100,2020-05-15,0,0.0,0.0,364
Q18-1107,2020-05-15,8,2257000.0,17.482571649883813,370
Q18-1123,2020-05-15,0,0.0,0.0,385
Q19-1138,2020-05-15,7,5260000.0,26.37913741223671,397
Q19-1144,2020-05-15,0,0.0,0.0,403
Q19-1159,2020-05-15,3,3796000.0,58.4899845916795,418
Q19-1180,2020-05-15,9,38111000.0,450.48463356973997,438
Q19-1203,2020-05-15,24,95544000.0,256.7696855683956,460
Q19-1207,2020-05-15,0,0.0,0.0,464
Q19-1208,2020-05-15,4,6136000.0,26.188647033717455,464
Q19-1211,2020-05-15,2,10410000.0,61.127422196124485,468
Q19-1222,2020-05-15,0,0.0,0.0,479
Q19-1236,2020-05-15,2,1694000.0,13.606425702811245,493
Q18-0991,2020-06-15,25,18825000.0,110.60517038777908,260
Q18-0998,2020-06-15,0,0.0,0.0,264
Q18-1057,2020-06-15,2,3512000.0,32.22018348623853,310
Q19-1150,2020-06-15,0,0.0,0.0,391
Q19-1153,2020-06-15,11,6177000.0,40.90728476821192,394
Q19-1163,2020-06-15,3,1207000.0,20.774526678141136,404
Q19-1164,2020-06-15,0,0.0,0.0,404
Q19-1184,2020-06-15,0,0.0,0.0,424
Q19-1186,2020-06-15,3,10294000.0,56.653824986241055,426
Q19-1201,2020-06-15,8,66568000.0,840.5050505050505,440
Q18-1005,2020-07-15,17,78254000.0,81.59107496611406,255
Q18-1026,2020-07-15,7,12401000.0,225.88342440801458,272
Q18-1082,2020-07-15,28,6026000.0,39.80184940554822,319
Q18-1095,2020-07-15,19,23247000.0,371.3578274760383,328
Q18-1097,2020-07-15,0,0.0,0.0,330
Q18-1104,2020-07-15,5,5496000.0,72.3157894736842,336
Q18-1114,2020-07-15,0,0.0,0.0,343
Q18-1119,2020-07-15,25,12644000.0,48.668206312548115,350
Q19-1161,2020-07-15,12,29489000.0,211.99856218547808,387
Q19-1170,2020-07-15,7,68504000.0,441.3917525773196,395
Q19-1191,2020-07-15,0,0.0,0.0,416
Q19-1209,2020-07-15,11,86614000.0,637.336276674025,431
Q19-1227,2020-07-15,25,12381000.0,78.36075949367088,450
Q19-1231,2020-07-15,0,0.0,0.0,454
Q19-1235,2020-07-15,0,0.0,0.0,458
Q19-1244,2020-07-15,3,732000.0,7.211822660098522,466
Q19-1250,2020-07-15,18,102951000.0,2042.6785714285713,473
Q19-1259,2020-07-15,3,4434000.0,16.897865853658537,482
Q18-1024,2020-08-15,3,7094000.0,15.14840913944053,258
Q18-1029,2020-08-15,0,0.0,0.0,264
Q18-1031,2020-08-15,5,12880000.0,226.7605633802817,266
Q18-1035,2020-08-15,13,5845000.0,82.20815752461323,269
Q18-1043,2020-08-15,6,195000.0,7.195571955719557,276
Q18-1063,2020-08-15,20,48652000.0,277.53565316600117,291
Q18-1066,2020-08-15,10,9186000.0,46.487854251012145,293
Q18-1079,2020-08-15,1,642000.0,4.6589259796806965,305
Q18-1084,2020-08-15,6,6452000.0,35.96432552954292,310
Q19-1133,2020-08-15,0,0.0,0.0,348
Q19-1162,2020-08-15,1,326000.0,1.7659804983748646,375
Q19-1169,2020-08-15,2,769000.0,6.681146828844483,382
Q19-1177,2020-08-15,1,961000.0,7.806661251015434,389
Q19-1200,2020-08-15,4,3500000.0,37.4331550802139,410
Q19-1248,2020-08-15,3,7258000.0,85.38823529411765,456
Q19-1272,2020-08-15,5,10950000.0,66.80902989627822,480
Q19-1304,2020-08-15,1,189000.0,1.9811320754716981,511
Q18-1030,2020-09-15,2,44433000.0,56.834228702993094,254
Q18-1039,2020-09-15,25,62466000.0,154.50408112787534,262
Q18-1117,2020-09-15,0,0.0,0.0,326
Q18-1122,2020-09-15,19,27926000.0,122.10756449497158,331
Q19-1136,2020-09-15,0,0.0,0.0,341
Q19-1149,2020-09-15,0,0.0,0.0,351
Q19-1157,2020-09-15,1,361000.0,1.737247353224254,360
Q19-1165,2020-09-15,6,10231000.0,73.4985632183908,368
Q19-1166,2020-09-15,2,953000.0,9.198841698841699,369
Q19-1173,2020-09-15,12,23833000.0,151.51303242212333,376
Q19-1174,2020-09-15,6,19507000.0,81.44885177453027,377
Q19-1190,2020-09-15,5,54319000.0,242.0632798573975,391
Q19-1202,2020-09-15,1,145000.0,3.3256880733944953,402
Q19-1205,2020-09-15,16,136434000.0,1722.6515151515152,405
Q19-1237,2020-09-15,17,51534000.0,216.80269246949936,436
Q19-1261,2020-09-15,0,0.0,0.0,458
Q19-1275,2020-09-15,0,0.0,0.0,473
Q19-1287,2020-09-15,1,9819000.0,53.21951219512195,485
Q19-1326,2020-09-15,10,34337000.0,205.1194743130227,519
Q18-1069,2020-10-15,3,4034000.0,48.13842482100239,277
Q18-1085,2020-10-15,0,0.0,0.0,291
Q18-1101,2020-10-15,10,19022000.0,77.13706407137065,300
Q18-1115,2020-10-15,1,247000.0,2.515274949083503,312
Q19-1140,2020-10-15,6,18379000.0,909.8514851485148,331
Q19-1145,2020-10-15,0,0.0,0.0,335
Q19-1158,2020-10-15,0,0.0,0.0,348
Q19-1168,2020-10-15,1,2659000.0,4.186742245315698,357
Q19-1171,2020-10-15,0,0.0,0.0,361
Q19-1187,2020-10-15,0,0.0,0.0,375
Q19-1215,2020-10-15,1,178000.0,2.7134146341463414,399
Q19-1225,2020-10-15,5,2520000.0,37.83783783783784,409
Q19-1226,2020-10-15,13,44881000.0,310.5951557093426,409
Q19-1229,2020-10-15,16,20765000.0,327.5236593059937,413
Q19-1267,2020-10-15,14,44096000.0,254.89017341040463,450
Q19-1269,2020-10-15,3,6900000.0,26.34593356242841,452
Q19-1288,2020-10-15,2,50041000.0,938.8555347091932,471
Q19-1312,2020-10-15,11,81719000.0,603.9837398373984,493
Q19-1348,2020-10-15,1,101000.0,0.8945969884853853,525
Q18-1083,2020-11-15,2,7307000.0,14.909202203631912,274
Q18-1129,2020-11-15,0,0.0,0.0,308
Q19-1183,2020-11-15,0,0.0,0.0,356
Q19-1185,2020-11-15,1,1064000.0,7.430167597765363,358
Q19-1204,2020-11-15,3,458000.0,8.9453125,373
Q19-1240,2020-11-15,3,1232000.0,11.60075329566855,408
Q19-1249,2020-11-15,0,0.0,0.0,415
Q19-1273,2020-11-15,0,0.0,0.0,440
Q19-1274,2020-11-15,13,90264000.0,543.4316676700782,440
Q19-1299,2020-11-15,24,81164000.0,1394.570446735395,463
Q19-1319,2020-11-15,2,1126000.0,7.963224893917963,480
Q19-1320,2020-11-15,3,15145000.0,58.182865923933925,480
Q19-1329,2020-11-15,2,1274000.0,10.241157556270096,489
Q19-1333,2020-11-15,24,131423000.0,328.6396599149787,493
Q19-1334,2020-11-15,5,6520000.0,45.9802538787024,494
Q19-1341,2020-11-15,6,26506000.0,158.24477611940299,501
Q19-1350,2020-11-15,4,394000.0,8.259958071278826,509
Q18-1081,2020-12-15,4,13847000.0,40.13623188405797,264
Q18-1088,2020-12-15,4,257000.0,6.0046728971962615,269
Q18-1098,2020-12-15,4,27967000.0,159.44697833523375,274
Q18-1106,2020-12-15,2,285000.0,7.559681697612732,281
Q19-1154,2020-12-15,0,0.0,0.0,321
Q19-1197,2020-12-15,16,99250000.0,456.7418315692591,360
Q19-1199,2020-12-15,1,952000.0,15.40453074433657,361
Q19-1213,2020-12-15,1,5060000.0,43.210930828351835,373
Q19-1234,2020-12-15,9,5652000.0,29.17914300464636,394
Q19-1238,2020-12-15,0,0.0,0.0,398
Q19-1258,2020-12-15,0,0.0,0.0,418
Q19-1279,2020-12-15,11,63288000.0,174.68396356610543,437
Q19-1280,2020-12-15,7,5687000.0,31.14457831325301,437
Q19-1281,2020-12-15,11,29876000.0,104.27923211169285,439
Q19-1282,2020-12-15,0,0.0,0.0,440
Q19-1308,2020-12-15,10,22956000.0,171.82634730538922,464
Q19-1311,2020-12-15,1,3418000.0,29.213675213675213,466
Q19-1331,2020-12-15,0,0.0,0.0,481
Q19-1356,2020-12-15,9,22527000.0,121.17805271651426,505
Q19-1370,2020-12-15,4,5014000.0,14.60104834012813,518
Q20-1387,2020-12-15,22,13547000.0,163.41375150784077,532
Q20-1388,2020-12-15,3,987000.0,34.63157894736842,534
Q20-1411,2020-12-15,4,373000.0,4.914361001317523,556
Q18-1109,2021-01-15,15,75380000.0,357.0819516816675,270
Q18-1113,2021-01-15,19,16303000.0,115.13418079096046,272
Q18-1120,2021-01-15,19,99408000.0,297.27272727272725,280
Q18-1121,2021-01-15,0,0.0,0.0,281
Q19-1131,2021-01-15,10,6026000.0,62.38095238095238,288
Q19-1146,2021-01-15,10,29785000.0,247.79534109816973,299
Q19-1175,2021-01-15,2,3889000.0,26.894882434301522,328
Q19-1178,2021-01-15,0,0.0,0.0,330
Q19-1196,2021-01-15,2,1061000.0,5.646620542841937,345
Q19-1198,2021-01-15,12,17489000.0,92.77984084880637,347
Q19-1253,2021-01-15,4,3368000.0,11.800981079187105,398
Q19-1257,2021-01-15,0,0.0,0.0,403
Q19-1270,2021-01-15,5,5350000.0,22.8925973470261,415
Q19-1283,2021-01-15,1,3844000.0,9.46331856228459,427
Q19-1318,2021-01-15,24,13441000.0,87.6205997392438,458
Q19-1349,2021-01-15,6,4800000.0,27.149321266968325,485
Q20-1419,2021-01-15,7,6455000.0,61.94817658349328,551
Q20-1430,2021-01-15,11,756000.0,29.881422924901187,561
Q20-1434,2021-01-15,14,55625000.0,213.69573568958893,566
Q19-1137,2021-02-15,0,0.0,0.0,281
Q19-1224,2021-02-15,0,0.0,0.0,358
Q19-1243,2021-02-15,11,41818000.0,327.72727272727275,377
Q19-1252,2021-02-15,2,3559000.0,38.72687704026115,386
Q19-1255,2021-02-15,7,16158000.0,148.37465564738292,388
Q19-1306,2021-02-15,1,497000.0,8.201320132013201,436
Q19-1315,2021-02-15,14,25889000.0,244.69754253308128,443
Q19-1328,2021-02-15,26,147366000.0,2123.42939481268,453
Q19-1330,2021-02-15,0,0.0,0.0,455
Q19-1338,2021-02-15,11,39019000.0,159.71756037658616,463
Q19-1351,2021-02-15,3,315000.0,1.4576584914391486,473
Q19-1360,2021-02-15,2,326000.0,2.391782831988261,482
Q20-1408,2021-02-15,5,2365000.0,48.46311475409836,527
Q20-1413,2021-02-15,16,35484000.0,138.12378357337488,532
Q20-1418,2021-02-15,7,10286000.0,27.082675092153764,535
Q20-1429,2021-02-15,10,16307000.0,158.16682832201747,548
Q19-1151,2021-03-15,13,81772000.0,401.82800982800984,280
Q19-1160,2021-03-15,13,115167000.0,773.4519811954332,288
Q19-1188,2021-03-15,10,47189000.0,172.09700948212983,314
Q19-1195,2021-03-15,7,28748000.0,120.53668763102725,319
Q19-1216,2021-03-15,13,27799000.0,150.26486486486488,337
Q19-1218,2021-03-15,7,30466000.0,246.68825910931173,339
Q19-1239,2021-03-15,0,0.0,0.0,359
Q19-1262,2021-03-15,0,0.0,0.0,383
Q19-1263,2021-03-15,2,6660000.0,63.489037178265015,384
Q19-1265,2021-03-15,0,0.0,0.0,385
Q19-1271,2021-03-15,15,23183000.0,113.80952380952381,391
Q19-1324,2021-03-15,0,0.0,0.0,437
Q19-1332,2021-03-15,17,10718000.0,57.997835497835496,444
Q20-1375,2021-03-15,4,20436000.0,136.24,483
Q20-1394,2021-03-15,11,45198000.0,286.2444585180494,500
Q20-1403,2021-03-15,2,149000.0,1.4299424184261036,508
Q20-1443,2021-03-15,8,710000.0,20.0,548
Q20-1447,2021-03-15,0,0.0,0.0,552
Q20-1452,2021-03-15,0,0.0,0.0,557
Q19-1172,2021-04-15,0,0.0,0.0,290
Q19-1181,2021-04-15,1,174000.0,0.848780487804878,298
Q19-1217,2021-04-15,26,18253000.0,464.4529262086514,326
Q19-1221,2021-04-15,13,31209000.0,119.11832061068702,330
Q19-1246,2021-04-15,0,0.0,0.0,354
Q19-1251,2021-04-15,1,24725000.0,49.45,360
Q19-1289,2021-04-15,1,4964000.0,57.254901960784316,394
Q19-1335,2021-04-15,4,56387000.0,776.6804407713498,434
Q19-1347,2021-04-15,0,0.0,0.0,445
Q19-1362,2021-04-15,0,0.0,0.0,459
Q20-1372,2021-04-15,2,3017000.0,30.474747474747474,466
Q20-1381,2021-04-15,8,11946000.0,150.83333333333334,473
Q20-1412,2021-04-15,11,3573000.0,77.33766233766234,505
Q20-1420,2021-04-15,12,2242000.0,25.711009174311926,513
Q20-1427,2021-04-15,1,248000.0,4.320557491289199,520
Q20-1433,2021-04-15,9,52553000.0,265.95647773279353,522
Q20-1439,2021-04-15,21,30524000.0,555.992714025501,531
Q20-1468,2021-04-15,18,27781000.0,339.6210268948655,557
Q20-1486,2021-04-15,3,472000.0,5.605700712589074,575
Q19-1220,2021-05-15,1,3183000.0,19.563614013521818,312
Q19-1228,2021-05-15,7,14181000.0,120.27989821882952,320
Q19-1230,2021-05-15,3,1621000.0,15.364928909952607,321
Q19-1232,2021-05-15,0,0.0,0.0,324
Q19-1242,2021-05-15,0,0.0,0.0,334
Q19-1247,2021-05-15,0,0.0,0.0,339
Q19-1254,2021-05-15,4,2719000.0,22.867956265769553,346
Q19-1256,2021-05-15,0,0.0,0.0,348
Q19-1284,2021-05-15,0,0.0,0.0,373
Q19-1285,2021-05-15,6,47564000.0,435.56776556776555,373
Q19-1286,2021-05-15,0,0.0,0.0,373
Q19-1290,2021-05-15,1,1172000.0,8.13888888888889,379
Q19-1291,2021-05-15,1,330000.0,3.6184210526315788,380
Q19-1310,2021-05-15,0,0.0,0.0,396
Q19-1352,2021-05-15,0,0.0,0.0,432
Q19-1369,2021-05-15,7,8813000.0,25.852156057494867,446
Q20-1371,2021-05-15,26,24044000.0,331.6413793103448,448
Q20-1390,2021-05-15,9,36187000.0,404.7762863534676,465
Q20-1393,2021-05-15,5,1786000.0,21.363636363636363,468
Q20-1406,2021-05-15,0,0.0,0.0,480
Q20-1407,2021-05-15,9,37262000.0,158.09079338141706,482
Q20-1415,2021-05-15,14,69013000.0,170.65529179030662,490
Q20-1422,2021-05-15,11,120250000.0,1493.7888198757764,496
Q20-1431,2021-05-15,4,1425000.0,68.50961538461539,504
Q20-1432,2021-05-15,8,1285000.0,20.141065830721004,504
Q20-1442,2021-05-15,14,26329000.0,53.276001618777826,516
Q20-1448,2021-05-15,2,1987000.0,11.619883040935672,522
Q20-1449,2021-05-15,5,2718000.0,9.148434870414002,522
Q20-1460,2021-05-15,11,10679000.0,169.5079365079365,533
Q20-1466,2021-05-15,0,0.0,0.0,538
Q20-1521,2021-05-15,0,0.0,0.0,589
Q19-1214,2021-06-15,2,10052000.0,31.49122807017544,292
Q19-1219,2021-06-15,7,27035000.0,201.9044062733383,297
Q19-1223,2021-06-15,11,14105000.0,214.36170212765958,300
Q19-1316,2021-06-15,1,298000.0,3.947019867549669,384
Q19-1317,2021-06-15,12,13379000.0,82.6885043263288,386
Q19-1340,2021-06-15,6,21381000.0,104.8602256007847,406
Q19-1354,2021-06-15,4,13280000.0,90.15614392396469,417
Q19-1357,2021-06-15,10,15833000.0,121.60522273425501,419
Q19-1358,2021-06-15,0,0.0,0.0,420
Q19-1365,2021-06-15,0,0.0,0.0,427
Q20-1376,2021-06-15,10,15254000.0,52.8734835355286,435
Q20-1426,2021-06-15,3,1757000.0,13.889328063241107,483
Q20-1437,2021-06-15,10,61145000.0,331.7688551275095,494
Q20-1461,2021-06-15,13,14033000.0,90.07060333761233,516
Q20-1471,2021-06-15,13,14348000.0,192.59060402684563,524
Q20-1479,2021-06-15,22,21006000.0,58.528838116466986,531
Q20-1494,2021-06-15,5,10035000.0,188.98305084745763,546
Q20-1499,2021-06-15,2,3184000.0,18.215102974828376,551
Q20-1506,2021-06-15,10,4072000.0,73.76811594202898,557
Q20-1526,2021-06-15,0,0.0,0.0,576
Q19-1241,2021-07-15,9,9137000.0,86.6888045540797,309
Q19-1245,2021-07-15,0,0.0,0.0,314
Q19-1266,2021-07-15,3,30477000.0,152.23276723276723,334
Q19-1302,2021-07-15,0,0.0,0.0,366
Q19-1325,2021-07-15,3,1412000.0,10.705079605761942,383
Q19-1343,2021-07-15,17,28806000.0,72.96352583586626,399
Q19-1366,2021-07-15,15,89364000.0,178.6208275034979,419
Q20-1380,2021-07-15,8,2128000.0,6.189645142524724,429
Q20-1384,2021-07-15,30,132841000.0,867.6747224036577,431
Q20-1397,2021-07-15,7,655000.0,5.320877335499594,444
Q20-1405,2021-07-15,2,1602000.0,22.06611570247934,453
Q20-1417,2021-07-15,2,5386000.0,56.22129436325678,464
Q20-1435,2021-07-15,1,4342000.0,12.72567409144197,482
Q20-1504,2021-07-15,2,15314000.0,153.44689378757516,545
Q20-1510,2021-07-15,0,0.0,0.0,550
Q20-1527,2021-07-15,0,0.0,0.0,565
Q20-1540,2021-07-15,25,52183000.0,290.5512249443207,578
Q20-1559,2021-07-15,0,0.0,0.0,597
Q20-1568,2021-07-15,12,39337000.0,148.83465758607642,605
Q20-1573,2021-07-15,0,0.0,0.0,611
Q19-1233,2021-08-15,17,78687000.0,1142.0464441219158,292
Q19-1260,2021-08-15,1,360000.0,1.08010801080108,318
Q19-1264,2021-08-15,12,54651000.0,239.0682414698163,322
Q19-1276,2021-08-15,0,0.0,0.0,331
Q19-1278,2021-08-15,2,2401000.0,11.98701947079381,333
Q19-1296,2021-08-15,0,0.0,0.0,349
Q19-1297,2021-08-15,0,0.0,0.0,350
Q19-1298,2021-08-15,6,44285000.0,187.80746395250213,351
Q19-1345,2021-08-15,12,8388000.0,50.898058252427184,390
Q19-1364,2021-08-15,0,0.0,0.0,406
Q20-1385,2021-08-15,6,3348000.0,24.58149779735683,423
Q20-1410,2021-08-15,1,5429000.0,10.858,447
Q20-1445,2021-08-15,11,25880000.0,35.86474501108648,480
Q20-1476,2021-08-15,2,652000.0,5.9489051094890515,508
Q20-1512,2021-08-15,6,13092000.0,81.92740926157697,541
Q20-1517,2021-08-15,5,18905000.0,197.95811518324606,544
Q20-1520,2021-08-15,3,1292000.0,28.968609865470853,546
Q20-1553,2021-08-15,15,3921000.0,26.36852723604573,579
Q20-1564,2021-08-15,2,1158000.0,9.491803278688524,591
Q20-1588,2021-08-15,11,2659000.0,12.996089931573803,612
Q19-1294,2021-09-15,25,119151000.0,99.2925,336
Q19-1301,2021-09-15,5,42300000.0,174.64905037159372,339
Q19-1359,2021-09-15,0,0.0,0.0,389
Q20-1373,2021-09-15,0,0.0,0.0,400
Q20-1382,2021-09-15,9,88188000.0,58.792,407
Q20-1396,2021-09-15,1,29000.0,0.19256308100929614,418
Q20-1398,2021-09-15,1,1173000.0,15.915875169606513,420
Q20-1401,2021-09-15,14,60322000.0,522.2683982683983,423
Q20-1423,2021-09-15,9,5768000.0,26.374028349336992,445
Q20-1451,2021-09-15,0,0.0,0.0,471
Q20-1464,2021-09-15,4,13353000.0,206.702786377709,482
Q20-1497,2021-09-15,7,24763000.0,252.68367346938774,511
Q20-1529,2021-09-15,2,493000.0,4.522935779816514,542
Q20-1550,2021-09-15,13,42944000.0,205.47368421052633,561
Q20-1562,2021-09-15,19,5131000.0,44.81222707423581,574
Q20-1602,2021-09-15,2,147000.0,0.8919902912621359,613
Q19-1292,2021-10-15,0,0.0,0.0,320
Q19-1293,2021-10-15,0,0.0,0.0,321
Q19-1300,2021-10-15,0,0.0,0.0,325
Q19-1337,2021-10-15,7,13557000.0,58.63754325259516,356
Q20-1383,2021-10-15,10,101272000.0,264.62503266266003,392
Q20-1404,2021-10-15,1,92000.0,0.673992673992674,411
Q20-1424,2021-10-15,0,0.0,0.0,430
Q20-1444,2021-10-15,0,0.0,0.0,447
Q20-1470,2021-10-15,0,0.0,0.0,471
Q20-1491,2021-10-15,3,54479000.0,149.91469455145844,491
Q20-1533,2021-10-15,3,384000.0,2.3630769230769233,530
Q20-1534,2021-10-15,4,7784000.0,70.25270758122744,531
Q20-1539,2021-10-15,13,75332000.0,348.75925925925924,536
Q20-1544,2021-10-15,0,0.0,0.0,541
Q20-1545,2021-10-15,25,73090000.0,114.90331708850809,542
Q20-1572,2021-10-15,21,16249000.0,225.05540166204986,567
Q20-1589,2021-10-15,5,3204000.0,74.51162790697674,583
Q20-1590,2021-10-15,7,13414000.0,132.1576354679803,583
Q20-1600,2021-10-15,2,1444000.0,17.35576923076923,593
Q20-1601,2021-10-15,0,0.0,0.0,595
Q20-1606,2021-10-15,8,41038000.0,203.15841584158414,599
Q20-1621,2021-10-15,25,72796000.0,345.6600189933523,613
Q19-1305,2021-11-15,0,0.0,0.0,316
Q19-1307,2021-11-15,0,0.0,0.0,317
Q19-1314,2021-11-15,0,0.0,0.0,322
Q19-1339,2021-11-15,1,2572000.0,45.28169014084507,342
Q19-1344,2021-11-15,0,0.0,0.0,345
Q20-1377,2021-11-15,0,0.0,0.0,373
Q20-1414,2021-11-15,0,0.0,0.0,403
Q20-1416,2021-11-15,0,0.0,0.0,405
Q20-1421,2021-11-15,25,342667000.0,247.62754733342967,410
Q20-1436,2021-11-15,4,61000.0,2.1254355400696863,424
Q20-1557,2021-11-15,8,2266000.0,16.16262482168331,535
Q20-1561,2021-11-15,2,110000.0,1.1494252873563218,539
Q20-1574,2021-11-15,5,3751000.0,11.70358814352574,552
Q20-1578,2021-11-15,0,0.0,0.0,555
Q20-1597,2021-11-15,4,8750000.0,61.27450980392157,574
Q20-1613,2021-11-15,10,13017000.0,147.75255391600453,589
Q20-1630,2021-11-15,14,37115000.0,336.18659420289856,603
Q21-1643,2021-11-15,25,4329000.0,57.41379310344828,614
Q19-1321,2021-12-15,3,319000.0,3.4523809523809526,315
Q19-1336,2021-12-15,6,48967000.0,175.0697175545227,325
Q19-1346,2021-12-15,7,33401000.0,85.86375321336762,332
Q19-1353,2021-12-15,6,19020000.0,108.12961910176236,337
Q19-1363,2021-12-15,0,0.0,0.0,347
Q20-1386,2021-12-15,0,0.0,0.0,362
Q20-1438,2021-12-15,13,79051000.0,438.9283731260411,410
Q20-1457,2021-12-15,0,0.0,0.0,427
Q20-1465,2021-12-15,3,440000.0,1.8541930046354824,433
Q20-1480,2021-12-15,0,0.0,0.0,448
Q20-1532,2021-12-15,7,15891000.0,201.15189873417722,495
Q20-1584,2021-12-15,1,245000.0,3.1818181818181817,543
Q20-1586,2021-12-15,2,3721000.0,23.685550604710375,544
Q20-1618,2021-12-15,13,1243000.0,48.36575875486381,574
Q20-1622,2021-12-15,0,0.0,0.0,577
Q20-1623,2021-12-15,1,201000.0,2.6070038910505837,579
Q19-1361,2022-01-15,5,15091000.0,220.62865497076024,336
Q20-1389,2022-01-15,0,0.0,0.0,354
Q20-1391,2022-01-15,10,7751000.0,53.418332184700205,356
Q20-1395,2022-01-15,1,394000.0,2.9206819866567826,360
Q20-1428,2022-01-15,0,0.0,0.0,392
Q20-1450,2022-01-15,9,46239000.0,574.3975155279503,412
Q20-1454,2022-01-15,24,26820000.0,131.27753303964758,414
Q20-1472,2022-01-15,14,9368000.0,51.50082462891699,431
Q20-1490,2022-01-15,4,20432000.0,141.69209431345354,448
Q20-1502,2022-01-15,11,17117000.0,90.71012188659247,459
Q20-1552,2022-01-15,15,7656000.0,80.75949367088607,503
Q20-1566,2022-01-15,18,97973000.0,465.20892687559353,516
Q20-1576,2022-01-15,25,6083000.0,40.68896321070234,526
Q20-1608,2022-01-15,0,0.0,0.0,555
Q20-1619,2022-01-15,3,1984000.0,12.588832487309645,563
Q20-1624,2022-01-15,2,786000.0,6.395443449959316,569
Q21-1651,2022-01-15,0,0.0,0.0,591
Q21-1669,2022-01-15,12,26265000.0,65.59690309690309,608
Q21-1672,2022-01-15,19,95956000.0,517.2830188679245,610
Q21-1680,2022-01-15,21,7684000.0,76.30585898709037,619
Q21-1687,2022-01-15,0,0.0,0.0,625
Q19-1355,2022-02-15,0,0.0,0.0,317
Q20-1374,2022-02-15,2,417000.0,5.238693467336684,332
Q20-1392,2022-02-15,0,0.0,0.0,343
Q20-1399,2022-02-15,13,56971000.0,145.89244558258642,349
Q20-1400,2022-02-15,0,0.0,0.0,351
Q20-1409,2022-02-15,0,0.0,0.0,359
Q20-1440,2022-02-15,0,0.0,0.0,388
Q20-1446,2022-02-15,0,0.0,0.0,392
Q20-1458,2022-02-15,4,15659000.0,174.765625,403
Q20-1483,2022-02-15,3,1683000.0,21.276864728192162,427
Q20-1492,2022-02-15,0,0.0,0.0,435
Q20-1496,2022-02-15,4,7781000.0,71.84672206832872,438
Q20-1524,2022-02-15,0,0.0,0.0,463
Q20-1537,2022-02-15,0,0.0,0.0,476
Q20-1538,2022-02-15,3,1985000.0,15.141113653699467,477
Q20-1567,2022-02-15,34,71071000.0,390.9295929592959,502
Q20-1599,2022-02-15,1,2592000.0,16.07940446650124,532
Q20-1609,2022-02-15,4,14657000.0,33.51703635947862,541
Q21-1641,2022-02-15,0,0.0,0.0,567
Q21-1668,2022-02-15,1,117000.0,0.8222066057624736,592
Q21-1689,2022-02-15,16,40432000.0,388.39577329490874,610
Q21-1695,2022-02-15,15,54550000.0,188.8196607822776,615
Q21-1718,2022-02-15,0,0.0,0.0,637
Q20-1402,2022-03-15,0,0.0,0.0,337
Q20-1425,2022-03-15,0,0.0,0.0,359
Q20-1459,2022-03-15,19,9000000.0,70.2576112412178,389
Q20-1484,2022-03-15,1,4411000.0,23.664163090128756,410
Q20-1508,2022-03-15,0,0.0,0.0,428
Q20-1516,2022-03-15,1,5181000.0,27.456279809220987,437
Q20-1525,2022-03-15,1,26000.0,0.4355108877721943,444
Q20-1558,2022-03-15,12,1428000.0,20.31294452347084,475
Q20-1565,2022-03-15,2,2292000.0,8.488888888888889,481
Q20-1596,2022-03-15,9,57620000.0,180.57035412096522,510
Q20-1605,2022-03-15,23,108495000.0,145.33824514400536,519
Q20-1614,2022-03-15,1,995000.0,5.306666666666667,526
Q21-1648,2022-03-15,1,325000.0,2.218430034129693,553
Q21-1652,2022-03-15,9,43432000.0,355.1267375306623,557
Q21-1671,2022-03-15,4,2378000.0,24.952780692549844,575
Q21-1674,2022-03-15,10,5491000.0,42.63198757763975,579
Q21-1677,2022-03-15,4,520000.0,4.455869751499572,581
Q21-1691,2022-03-15,24,4655000.0,23.01038062283737,593
Q21-1704,2022-03-15,6,60461000.0,50.633112804622726,604
Q21-1722,2022-03-15,17,18779000.0,149.03968253968253,622
Q21-1746,2022-03-15,20,30938000.0,547.5752212389381,644
Q20-1453,2022-04-15,0,0.0,0.0,365
Q20-1456,2022-04-15,18,45951000.0,255.56729699666295,368
Q20-1462,2022-04-15,2,1464000.0,5.129642606867554,374
Q20-1473,2022-04-15,10,15585000.0,78.51385390428212,379
Q20-1475,2022-04-15,0,0.0,0.0,382
Q20-1478,2022-04-15,7,1056000.0,6.1790520772381505,385
Q20-1495,2022-04-15,0,0.0,0.0,399
Q20-1503,2022-04-15,25,28014000.0,50.06075768406004,407
Q20-1528,2022-04-15,0,0.0,0.0,429
Q20-1541,2022-04-15,0,0.0,0.0,440
Q20-1543,2022-04-15,4,22202000.0,119.17337627482556,442
Q20-1555,2022-04-15,1,242000.0,2.1900452488687785,451
Q20-1563,2022-04-15,22,28256000.0,121.95079844626673,459
Q20-1581,2022-04-15,1,267000.0,1.1069651741293531,476
Q20-1583,2022-04-15,10,17719000.0,103.01744186046511,476
Q20-1632,2022-04-15,4,1094000.0,20.036630036630036,518
Q21-1675,2022-04-15,0,0.0,0.0,557
Q21-1685,2022-04-15,0,0.0,0.0,566
Q21-1696,2022-04-15,0,0.0,0.0,575
Q21-1714,2022-04-15,0,0.0,0.0,592
Q21-1727,2022-04-15,17,5212000.0,82.86168521462639,605
Q21-1729,2022-04-15,1,3698000.0,13.355001805706031,607
Q21-1775,2022-04-15,0,0.0,0.0,649
Q20-1469,2022-05-15,0,0.0,0.0,362
Q20-1474,2022-05-15,0,0.0,0.0,367
Q20-1500,2022-05-15,3,916000.0,15.578231292517007,391
Q20-1523,2022-05-15,0,0.0,0.0,410
Q20-1530,2022-05-15,0,0.0,0.0,416
Q20-1542,2022-05-15,5,8154000.0,30.47085201793722,424
Q20-1554,2022-05-15,25,34619000.0,225.97258485639688,435
Q20-1593,2022-05-15,5,2295000.0,25.33112582781457,469
Q20-1598,2022-05-15,2,2153000.0,9.720090293453724,474
Q20-1635,2022-05-15,0,0.0,0.0,501
Q21-1665,2022-05-15,5,184000.0,3.607843137254902,531
Q21-1700,2022-05-15,10,32839000.0,378.76585928489044,562
Q21-1705,2022-05-15,3,6562000.0,31.578440808469683,567
Q21-1706,2022-05-15,10,34997000.0,105.63537579233324,568
Q21-1749,2022-05-15,0,0.0,0.0,608
Q21-1774,2022-05-15,7,3329000.0,33.02579365079365,631
Q20-1477,2022-06-15,0,0.0,0.0,361
Q20-1488,2022-06-15,3,26027000.0,40.53418470643202,371
Q20-1489,2022-06-15,11,14699000.0,278.3901515151515,372
Q20-1501,2022-06-15,0,0.0,0.0,383
Q20-1515,2022-06-15,0,0.0,0.0,392
Q20-1519,2022-06-15,0,0.0,0.0,395
Q20-1535,2022-06-15,2,332000.0,4.2401021711366536,408
Q20-1536,2022-06-15,23,116623000.0,428.1314243759178,409
Q20-1547,2022-06-15,7,24898000.0,173.02293259207784,418
Q20-1549,2022-06-15,1,64000.0,0.5423728813559322,420
Q20-1587,2022-06-15,2,34000.0,0.11344678011344678,451
Q20-1591,2022-06-15,1,2966000.0,8.72609591056193,456
Q20-1611,2022-06-15,14,11658000.0,112.20404234841193,473
Q20-1617,2022-06-15,9,47660000.0,291.14233353695784,477
Q20-1640,2022-06-15,0,0.0,0.0,496
Q21-1645,2022-06-15,0,0.0,0.0,500
Q21-1657,2022-06-15,0,0.0,0.0,510
Q21-1702,2022-06-15,0,0.0,0.0,549
Q21-1719,2022-06-15,16,31295000.0,142.50910746812386,565
Q21-1720,2022-06-15,4,901000.0,13.076923076923077,567
Q21-1752,2022-06-15,12,15430000.0,407.1240105540897,596
Q21-1758,2022-06-15,23,2873000.0,40.18181818181818,601
Q21-1777,2022-06-15,1,800000.0,10.899182561307901,619
Q21-1786,2022-06-15,25,6168000.0,87.61363636363636,627
Q21-1791,2022-06-15,16,75024000.0,941.3299874529486,631
Q21-1792,2022-06-15,19,8034000.0,64.58199356913184,631
Q21-1804,2022-06-15,25,4710000.0,49.31937172774869,644
Q21-1831,2022-06-15,1,129000.0,1.948640483383686,670
Q21-1842,2022-06-15,6,30911000.0,145.3267512929008,679
Q20-1481,2022-07-15,0,0.0,0.0,350
Q20-1482,2022-07-15,25,99570000.0,66.38,351
Q20-1485,2022-07-15,0,0.0,0.0,353
Q20-1498,2022-07-15,2,281000.0,1.5777653003930376,363
Q20-1507,2022-07-15,8,1305000.0,11.52826855123675,371
Q20-1514,2022-07-15,3,5697000.0,40.78024337866857,376
Q20-1556,2022-07-15,0,0.0,0.0,409
Q20-1571,2022-07-15,9,16434000.0,85.81723237597912,422
Q20-1579,2022-07-15,0,0.0,0.0,426
Q21-1662,2022-07-15,23,18212000.0,98.07215939687669,496
Q21-1744,2022-07-15,3,6403000.0,50.41732283464567,568
Q21-1757,2022-07-15,25,3143000.0,45.61683599419448,580
Q21-1764,2022-07-15,8,4067000.0,14.843065693430656,587
Q21-1767,2022-07-15,3,6578000.0,46.918687589158345,589
Q21-1810,2022-07-15,1,3534000.0,14.47767308480131,629
Q21-1864,2022-07-15,10,26551000.0,192.53807106598984,677
Q20-1511,2022-08-15,0,0.0,0.0,353
Q20-1518,2022-08-15,12,17404000.0,57.325428194993414,357
Q20-1522,2022-08-15,1,8553000.0,46.15758229897464,360
Q20-1531,2022-08-15,19,32909000.0,199.44848484848484,368
Q20-1592,2022-08-15,12,7627000.0,62.05858421480879,416
Q20-1610,2022-08-15,18,44485000.0,670.9653092006033,430
Q20-1612,2022-08-15,0,0.0,0.0,432
Q21-1659,2022-08-15,7,1471000.0,23.99673735725938,467
Q21-1661,2022-08-15,0,0.0,0.0,472
Q21-1686,2022-08-15,11,14706000.0,64.47172292854012,493
Q21-1698,2022-08-15,14,7283000.0,148.6326530612245,503
Q21-1712,2022-08-15,3,217000.0,1.037284894837476,516
Q21-1724,2022-08-15,1,320000.0,2.4205748865355523,527
Q21-1726,2022-08-15,1,100000.0,0.6365372374283895,530
Q21-1738,2022-08-15,10,16490000.0,70.50021376656692,539
Q21-1739,2022-08-15,12,6529000.0,22.087280108254397,542
Q21-1760,2022-08-15,3,8555000.0,64.56603773584905,560
Q21-1778,2022-08-15,0,0.0,0.0,575
Q21-1797,2022-08-15,1,4731000.0,25.9375,592
Q21-1812,2022-08-15,21,38831000.0,182.30516431924883,607
Q21-1834,2022-08-15,0,0.0,0.0,627
Q21-1861,2022-08-15,7,4800000.0,30.967741935483872,650
Q21-1882,2022-08-15,5,1243000.0,22.23613595706619,671
Q20-1551,2022-09-15,3,1705000.0,8.6856851757514,368
Q20-1580,2022-09-15,19,1862000.0,12.894736842105264,391
Q20-1604,2022-09-15,1,54000.0,0.7068062827225131,411
Q20-1627,2022-09-15,0,0.0,0.0,430
Q20-1636,2022-09-15,15,161679000.0,1607.1471172962226,435
Q20-1639,2022-09-15,0,0.0,0.0,437
Q21-1649,2022-09-15,2,6783000.0,50.6572068707991,446
Q21-1654,2022-09-15,2,1698000.0,11.966173361522198,451
Q21-1663,2022-09-15,0,0.0,0.0,460
Q21-1664,2022-09-15,2,29191000.0,166.9010863350486,461
Q21-1683,2022-09-15,0,0.0,0.0,477
Q21-1692,2022-09-15,1,1431000.0,25.105263157894736,484
Q21-1751,2022-09-15,3,1119000.0,6.765417170495768,536
Q21-1763,2022-09-15,0,0.0,0.0,548
Q21-1803,2022-09-15,1,95000.0,0.6270627062706271,584
Q21-1825,2022-09-15,0,0.0,0.0,604
Q21-1826,2022-09-15,25,58771000.0,41.631366437628394,604
Q21-1859,2022-09-15,1,2986000.0,23.90712570056045,634
Q21-1868,2022-09-15,13,1526000.0,12.306451612903226,642
Q21-1898,2022-09-15,10,26063000.0,247.7471482889734,671
Q21-1910,2022-09-15,31,36331000.0,129.47612259444048,683
Q21-1912,2022-09-15,23,25618000.0,193.7821482602118,684
Q21-1933,2022-09-15,9,4440000.0,34.498834498834505,702
Q21-1943,2022-09-15,0,0.0,0.0,711
Q20-1548,2022-10-15,14,55765000.0,82.77423185394092,355
Q20-1582,2022-10-15,2,348000.0,7.404255319148936,380
Q20-1616,2022-10-15,5,110406000.0,73.604,407
Q20-1620,2022-10-15,5,776000.0,7.08029197080292,411
Q20-1638,2022-10-15,0,0.0,0.0,424
Q21-1646,2022-10-15,0,0.0,0.0,431
Q21-1673,2022-10-15,0,0.0,0.0,456
Q21-1682,2022-10-15,0,0.0,0.0,463
Q21-1690,2022-10-15,0,0.0,0.0,470
Q21-1703,2022-10-15,2,1825000.0,12.381275440976934,481
Q21-1710,2022-10-15,0,0.0,0.0,485
Q21-1733,2022-10-15,0,0.0,0.0,507
Q21-1734,2022-10-15,0,0.0,0.0,509
Q21-1735,2022-10-15,3,963000.0,6.060415355569541,509
Q21-1740,2022-10-15,17,44711000.0,56.84083396898042,514
Q21-1747,2022-10-15,0,0.0,0.0,519
Q21-1762,2022-10-15,7,1343000.0,5.007457121551082,530
Q21-1769,2022-10-15,23,28349000.0,431.4916286149163,538
Q21-1776,2022-10-15,1,999000.0,10.309597523219814,545
Q21-1795,2022-10-15,8,5350000.0,25.783132530120483,562
Q21-1806,2022-10-15,1,18000.0,0.2917341977309562,572
Q21-1813,2022-10-15,11,31320000.0,176.6497461928934,578
Q21-1819,2022-10-15,1,658000.0,3.306532663316583,584
Q21-1848,2022-10-15,12,4884000.0,42.212618841832324,609
Q21-1867,2022-10-15,4,712000.0,5.918536990856193,625
Q21-1873,2022-10-15,21,34573000.0,283.38524590163934,632
Q21-1905,2022-10-15,0,0.0,0.0,662
Q21-1918,2022-10-15,36,85215000.0,1325.2721617418351,675
Q21-1924,2022-10-15,11,23741000.0,41.41835310537334,681
Q21-1953,2022-10-15,2,75000.0,1.8203883495145632,704
Q20-1569,2022-11-15,0,0.0,0.0,355
Q20-1570,2022-11-15,2,2389000.0,14.487568223165555,356
Q20-1625,2022-11-15,0,0.0,0.0,398
Q20-1637,2022-11-15,11,23962000.0,108.0829950383401,405
Q21-1699,2022-11-15,9,1716000.0,16.99009900990099,459
Q21-1713,2022-11-15,0,0.0,0.0,471
Q21-1715,2022-11-15,1,1671000.0,36.72527472527472,473
Q21-1741,2022-11-15,15,30862000.0,115.45828656939769,497
Q21-1773,2022-11-15,6,18855000.0,132.03781512605042,521
Q21-1839,2022-11-15,31,9448000.0,58.574085554866706,581
Q21-1844,2022-11-15,2,5179000.0,76.49926144756277,585
Q21-1869,2022-11-15,0,0.0,0.0,608
Q21-1906,2022-11-15,25,62682000.0,154.19926199261994,644
Q21-1909,2022-11-15,25,19356000.0,38.712,647
Q21-1914,2022-11-15,0,0.0,0.0,651
Q21-1915,2022-11-15,1,981000.0,7.956204379562044,652
Q21-1921,2022-11-15,25,31771000.0,128.41956345998383,657
Q21-1947,2022-11-15,11,669000.0,4.8198847262247835,679
Q22-1985,2022-11-15,25,16887000.0,93.19536423841059,714
Q20-1595,2022-12-15,0,0.0,0.0,360
Q20-1628,2022-12-15,1,11847000.0,56.06720302886891,387
Q21-1656,2022-12-15,0,0.0,0.0,409
Q21-1658,2022-12-15,9,7287000.0,24.322429906542055,409
Q21-1667,2022-12-15,0,0.0,0.0,420
Q21-1670,2022-12-15,0,0.0,0.0,423
Q21-1697,2022-12-15,10,16628000.0,254.64012251148546,444
Q21-1701,2022-12-15,0,0.0,0.0,448
Q21-1725,2022-12-15,7,10009000.0,56.42051860202931,470
Q21-1736,2022-12-15,0,0.0,0.0,480
Q21-1755,2022-12-15,6,452000.0,6.0347129506008015,493
Q21-1796,2022-12-15,0,0.0,0.0,530
Q21-1799,2022-12-15,17,34703000.0,171.37283950617285,533
Q21-1800,2022-12-15,22,55516000.0,97.92908802257894,533
Q21-1830,2022-12-15,7,1692000.0,40.7710843373494,560
Q21-1845,2022-12-15,0,0.0,0.0,573
Q21-1853,2022-12-15,2,906000.0,18.04780876494024,580
Q21-1865,2022-12-15,0,0.0,0.0,590
Q21-1881,2022-12-15,4,2103000.0,19.952561669829223,607
Q21-1889,2022-12-15,17,54358000.0,51.59753203607024,615
Q21-1897,2022-12-15,11,7368000.0,151.2936344969199,622
Q21-1923,2022-12-15,2,700000.0,5.529225908372828,646
Q21-1928,2022-12-15,11,6422000.0,44.535367545076284,650
Q21-1944,2022-12-15,4,771000.0,2.695804195804196,664
Q21-1961,2022-12-15,0,0.0,0.0,678
Q21-1964,2022-12-15,4,6797000.0,64.4876660341556,680
Q21-1968,2022-12-15,2,275000.0,5.851063829787234,684
Q22-1983,2022-12-15,7,72749000.0,167.20064353022295,699
Q22-1984,2022-12-15,6,138789000.0,111.29831595829992,700
Q22-1987,2022-12-15,18,5828000.0,32.216694306246545,703
Q20-1633,2023-01-15,12,16346000.0,77.65320665083135,376
Q21-1650,2023-01-15,0,0.0,0.0,391
Q21-1711,2023-01-15,0,0.0,0.0,442
Q21-1731,2023-01-15,2,915000.0,8.798076923076923,462
Q21-1771,2023-01-15,0,0.0,0.0,493
Q21-1793,2023-01-15,18,101852000.0,822.7140549273021,513
Q21-1811,2023-01-15,0,0.0,0.0,527
Q21-1814,2023-01-15,0,0.0,0.0,531
Q21-1817,2023-01-15,2,21674000.0,33.89740381607757,534
Q21-1843,2023-01-15,17,4584000.0,55.69866342648846,554
Q21-1855,2023-01-15,0,0.0,0.0,567
Q21-1870,2023-01-15,9,14589000.0,82.19154929577465,580
Q21-1886,2023-01-15,0,0.0,0.0,596
Q21-1896,2023-01-15,0,0.0,0.0,603
Q21-1911,2023-01-15,1,120000.0,0.9501187648456056,620
Q21-1952,2023-01-15,25,32073000.0,116.67151691524191,654
Q21-1958,2023-01-15,0,0.0,0.0,659
Q21-1959,2023-01-15,3,245000.0,3.0663329161451816,660
Q22-1989,2023-01-15,2,868000.0,8.165569143932267,689
Q22-2011,2023-01-15,4,210000.0,0.9122502172024327,710
Q22-2014,2023-01-15,0,0.0,0.0,713
Q21-1642,2023-02-15,0,0.0,0.0,366
Q21-1653,2023-02-15,4,1482000.0,6.944704779756326,374
Q21-1660,2023-02-15,9,10411000.0,88.22881355932203,381
Q21-1684,2023-02-15,1,1524000.0,3.3195382269658027,402
Q21-1694,2023-02-15,0,0.0,0.0,409
Q21-1716,2023-02-15,8,24820000.0,96.76413255360623,427
Q21-1721,2023-02-15,0,0.0,0.0,433
Q21-1770,2023-02-15,16,104607000.0,418.9307168602323,472
Q21-1772,2023-02-15,0,0.0,0.0,474
Q21-1781,2023-02-15,12,30658000.0,100.15681149950997,482
Q21-1782,2023-02-15,5,3565000.0,17.331064657267866,484
Q21-1788,2023-02-15,0,0.0,0.0,489
Q21-1849,2023-02-15,0,0.0,0.0,541
Q21-1863,2023-02-15,11,53236000.0,193.16400580551525,552
Q21-1872,2023-02-15,7,264000.0,6.197183098591549,562
Q21-1877,2023-02-15,1,215000.0,1.1819681143485432,566
Q21-1880,2023-02-15,2,4727000.0,38.05958132045089,570
Q21-1917,2023-02-15,0,0.0,0.0,604
Q21-1941,2023-02-15,2,6593000.0,104.65079365079364,625
Q22-2034,2023-02-15,21,5222000.0,68.26143790849673,709
Q22-2036,2023-02-15,1,998000.0,8.73140857392826,711
Q21-1655,2023-03-15,1,2349000.0,21.689750692520775,362
Q21-1666,2023-03-15,1,140000.0,3.1963470319634704,371
Q21-1676,2023-03-15,0,0.0,0.0,381
Q21-1679,2023-03-15,0,0.0,0.0,383
Q21-1723,2023-03-15,0,0.0,0.0,419
Q21-1730,2023-03-15,0,0.0,0.0,426
Q21-1754,2023-03-15,5,7103000.0,24.44253269098417,444
Q21-1801,2023-03-15,0,0.0,0.0,484
Q21-1815,2023-03-15,13,2904000.0,24.0,496
Q21-1816,2023-03-15,0,0.0,0.0,497
Q21-1837,2023-03-15,7,87000.0,1.1523178807947019,515
Q21-1856,2023-03-15,3,14819000.0,86.40816326530613,531
Q21-1857,2023-03-15,4,10030000.0,31.94267515923567,531
Q21-1866,2023-03-15,13,109120000.0,729.8996655518395,539
Q21-1891,2023-03-15,1,5217000.0,39.915837796480496,563
Q21-1902,2023-03-15,0,0.0,0.0,573
Q21-1916,2023-03-15,0,0.0,0.0,587
Q21-1922,2023-03-15,2,4065000.0,16.860223973455,593
Q22-2018,2023-03-15,17,8708000.0,99.52,677
Q22-2037,2023-03-15,0,0.0,0.0,694
Q22-2051,2023-03-15,1,870000.0,7.6923076923076925,706
Q22-2057,2023-03-15,1,2245000.0,1.4966666666666666,711
Q22-2064,2023-03-15,18,3653000.0,38.82040382571732,719
Q22-2069,2023-03-15,1,34000.0,0.3063063063063063,724
Q22-2084,2023-03-15,2,165000.0,1.8456375838926173,738
Q21-1745,2023-04-15,0,0.0,0.0,425
Q21-1753,2023-04-15,9,12429000.0,68.14144736842105,429
Q21-1783,2023-04-15,0,0.0,0.0,454
Q21-1790,2023-04-15,3,6136000.0,42.90909090909091,460
Q21-1821,2023-04-15,26,31767000.0,63.534,485
Q21-1827,2023-04-15,13,17721000.0,197.77901785714286,491
Q21-1883,2023-04-15,0,0.0,0.0,540
Q21-1957,2023-04-15,11,15909000.0,60.10200226671704,605
Q21-1963,2023-04-15,0,0.0,0.0,611
Q21-1967,2023-04-15,9,29367000.0,190.69480519480518,614
Q22-1971,2023-04-15,0,0.0,0.0,618
Q22-1973,2023-04-15,23,19321000.0,151.65620094191522,619
Q22-1975,2023-04-15,1,7009000.0,65.2,622
Q22-1988,2023-04-15,22,3380000.0,76.12612612612612,634
Q22-1994,2023-04-15,0,0.0,0.0,639
Q22-2026,2023-04-15,21,18383000.0,112.434250764526,668
Q22-2038,2023-04-15,1,41000.0,0.5216284987277354,678
Q22-2070,2023-04-15,29,152190000.0,395.0934579439252,709
Q22-2082,2023-04-15,0,0.0,0.0,720
Q22-2087,2023-04-15,8,10136000.0,84.25602660016625,725
Q22-2096,2023-04-15,5,299000.0,10.992647058823529,734
Q22-2101,2023-04-15,14,45045000.0,172.7185582822086,737
Q21-1708,2023-05-15,0,0.0,0.0,373
Q21-1709,2023-05-15,0,0.0,0.0,374
Q21-1717,2023-05-15,14,67683000.0,339.0931863727455,380
Q21-1728,2023-05-15,2,1930000.0,16.666666666666668,393
Q21-1743,2023-05-15,0,0.0,0.0,405
Q21-1780,2023-05-15,0,0.0,0.0,433
Q21-1784,2023-05-15,0,0.0,0.0,437
Q21-1787,2023-05-15,6,3209000.0,29.990654205607477,439
Q21-1809,2023-05-15,2,8071000.0,23.47585805700989,456
Q21-1824,2023-05-15,0,0.0,0.0,468
Q21-1841,2023-05-15,0,0.0,0.0,483
Q21-1847,2023-05-15,8,3524000.0,18.09034907597536,489
Q21-1854,2023-05-15,3,16465000.0,10.976666666666667,494
Q21-1875,2023-05-15,0,0.0,0.0,513
Q21-1894,2023-05-15,2,15191000.0,97.50320924261874,531
Q21-1920,2023-05-15,1,266000.0,2.0430107526881724,555
Q21-1931,2023-05-15,13,15421000.0,187.60340632603408,563
Q21-1934,2023-05-15,12,54359000.0,588.9382448537378,565
Q21-1939,2023-05-15,2,1853000.0,4.673392181588903,567
Q21-1942,2023-05-15,0,0.0,0.0,571
Q22-2013,2023-05-15,6,101053000.0,67.36866666666667,635
Q22-2017,2023-05-15,6,41506000.0,61.903057419835946,638
Q22-2023,2023-05-15,2,2126000.0,6.1784365010171465,644
Q22-2031,2023-05-15,12,27613000.0,204.38934122871947,649
Q22-2048,2023-05-15,0,0.0,0.0,665
Q22-2049,2023-05-15,17,56089000.0,339.31639443436177,665
Q22-2073,2023-05-15,0,0.0,0.0,689
Q22-2080,2023-05-15,0,0.0,0.0,696
Q22-2083,2023-05-15,5,3874000.0,19.018163966617575,698
Q22-2088,2023-05-15,15,17947000.0,105.88200589970502,703
Q22-2114,2023-05-15,8,9946000.0,142.69727403156384,727
Q22-2115,2023-05-15,20,50579000.0,79.3271643663739,728
Q21-1756,2023-06-15,0,0.0,0.0,396
Q21-1761,2023-06-15,5,50773000.0,49.44779898714452,398
Q21-1822,2023-06-15,1,67000.0,0.7665903890160183,449
Q21-1823,2023-06-15,0,0.0,0.0,449
Q21-1846,2023-06-15,10,62970000.0,251.17670522536898,469
Q21-1871,2023-06-15,13,28420000.0,162.67887807670292,489
Q21-1879,2023-06-15,1,5512000.0,34.819962097283636,497
Q21-1888,2023-06-15,0,0.0,0.0,505
Q21-1893,2023-06-15,2,1083000.0,9.32013769363167,508
Q21-1907,2023-06-15,0,0.0,0.0,522
Q21-1929,2023-06-15,2,3532000.0,8.233100233100233,539
Q21-1954,2023-06-15,0,0.0,0.0,560
Q22-1982,2023-06-15,0,0.0,0.0,584
Q22-2002,2023-06-15,0,0.0,0.0,601
Q22-2077,2023-06-15,4,667000.0,8.36888331242158,669
Q22-2081,2023-06-15,1,461000.0,1.0203629924745463,673
Q22-2092,2023-06-15,0,0.0,0.0,683
Q22-2097,2023-06-15,25,181263000.0,177.18768328445748,688
Q22-2105,2023-06-15,2,2017000.0,6.2659210935073,694
Q22-2127,2023-06-15,25,112606000.0,137.17383359727128,715
Q22-2147,2023-06-15,12,26262000.0,36.163591297163315,731
Q21-1766,2023-07-15,0,0.0,0.0,387
Q21-1789,2023-07-15,1,618000.0,29.71153846153846,406
Q21-1794,2023-07-15,1,1444000.0,9.058971141781681,409
Q21-1802,2023-07-15,3,7957000.0,39.06234658811979,415
Q21-1818,2023-07-15,2,2130000.0,7.7229876722262505,429
Q21-1835,2023-07-15,0,0.0,0.0,443
Q21-1850,2023-07-15,14,20631000.0,232.06974128233972,455
Q21-1851,2023-07-15,1,902000.0,3.2527948070681574,455
Q21-1876,2023-07-15,4,1573000.0,21.607142857142858,477
Q21-1878,2023-07-15,0,0.0,0.0,477
Q21-1884,2023-07-15,0,0.0,0.0,484
Q21-1900,2023-07-15,0,0.0,0.0,497
Q21-1901,2023-07-15,0,0.0,0.0,499
Q21-1908,2023-07-15,0,0.0,0.0,506
Q21-1938,2023-07-15,2,280000.0,5.566600397614314,528
Q21-1940,2023-07-15,0,0.0,0.0,528
Q21-1960,2023-07-15,9,18255000.0,97.36,548
Q21-1970,2023-07-15,0,0.0,0.0,556
Q22-1972,2023-07-15,5,12928000.0,60.78044193700047,558
Q22-1977,2023-07-15,31,32679000.0,251.57043879907621,563
Q22-1980,2023-07-15,0,0.0,0.0,564
Q22-1981,2023-07-15,0,0.0,0.0,566
Q22-2010,2023-07-15,1,2041000.0,23.325714285714287,591
Q22-2050,2023-07-15,10,6224000.0,58.386491557223266,626
Q22-2126,2023-07-15,17,6106000.0,12.854736842105263,697
Q22-2140,2023-07-15,9,3801000.0,21.046511627906977,708
Q22-2149,2023-07-15,1,1985000.0,14.880059970014992,718
Q22-2167,2023-07-15,49,51761000.0,309.7606223818073,736
Q22-2174,2023-07-15,8,16811000.0,108.80906148867314,741
Q21-1805,2023-08-15,0,0.0,0.0,402
Q21-1828,2023-08-15,0,0.0,0.0,421
Q21-1829,2023-08-15,1,3260000.0,21.835231078365705,422
Q21-1874,2023-08-15,0,0.0,0.0,458
Q21-1885,2023-08-15,0,0.0,0.0,467
Q21-1899,2023-08-15,3,1416000.0,9.792531120331951,480
Q21-1903,2023-08-15,0,0.0,0.0,482
Q21-1951,2023-08-15,0,0.0,0.0,522
Q21-1955,2023-08-15,0,0.0,0.0,526
Q21-1969,2023-08-15,0,0.0,0.0,537
Q22-1976,2023-08-15,20,56277000.0,356.86112872542805,543
Q22-2016,2023-08-15,1,12000.0,0.17191977077363896,579
Q22-2032,2023-08-15,43,69281000.0,266.5679107348981,594
Q22-2055,2023-08-15,6,26257000.0,74.69985775248934,612
Q22-2060,2023-08-15,16,55895000.0,81.8974358974359,617
Q22-2062,2023-08-15,6,2383000.0,11.630063445583211,620
Q22-2065,2023-08-15,1,911000.0,18.111332007952285,622
Q22-2112,2023-08-15,0,0.0,0.0,663
Q22-2116,2023-08-15,23,26501000.0,460.88695652173914,669
Q22-2125,2023-08-15,7,2823000.0,11.718555417185554,677
Q22-2197,2023-08-15,8,17912000.0,227.02154626108998,745
Q21-1832,2023-09-15,10,15798000.0,205.703125,416
Q21-1838,2023-09-15,27,74232000.0,148.464,420
Q21-1892,2023-09-15,6,6796000.0,25.742424242424242,464
Q21-1930,2023-09-15,0,0.0,0.0,496
Q21-1937,2023-09-15,4,865000.0,11.381578947368421,501
Q22-1974,2023-09-15,5,527000.0,3.846715328467153,533
Q22-1991,2023-09-15,4,2420000.0,27.65714285714286,548
Q22-1999,2023-09-15,3,4746000.0,34.74377745241581,554
Q22-2006,2023-09-15,1,36000.0,0.703125,561
Q22-2090,2023-09-15,0,0.0,0.0,634
Q22-2095,2023-09-15,5,216000.0,1.9285714285714286,641
Q22-2103,2023-09-15,0,0.0,0.0,647
Q22-2143,2023-09-15,0,0.0,0.0,683
Q22-2160,2023-09-15,0,0.0,0.0,699
Q22-2163,2023-09-15,0,0.0,0.0,703
Q22-2168,2023-09-15,13,9067000.0,128.42776203966005,708
Q22-2173,2023-09-15,0,0.0,0.0,712
Q22-2205,2023-09-15,5,2118000.0,24.068181818181817,739
Q22-2223,2023-09-15,1,15000.0,0.25,756
Q21-1862,2023-10-15,6,29913000.0,117.30588235294118,423
Q21-1895,2023-10-15,25,59868000.0,48.55868278043637,451
Q21-1904,2023-10-15,0,0.0,0.0,461
Q21-1919,2023-10-15,1,1225000.0,7.501530924678506,473
Q21-1962,2023-10-15,2,241000.0,1.708008504606662,506
Q21-1966,2023-10-15,1,47000.0,0.8303886925795053,510
Q22-1979,2023-10-15,4,20912000.0,81.84735812133073,521
Q22-2005,2023-10-15,0,0.0,0.0,543
Q22-2007,2023-10-15,0,0.0,0.0,546
Q22-2027,2023-10-15,18,14076000.0,345.84766584766584,562
Q22-2044,2023-10-15,1,645000.0,3.328173374613003,576
Q22-2058,2023-10-15,25,16398000.0,87.40938166311301,588
Q22-2075,2023-10-15,22,111117000.0,406.4264813460132,605
Q22-2108,2023-10-15,14,63879000.0,596.4425770308123,635
Q22-2122,2023-10-15,0,0.0,0.0,647
Q22-2123,2023-10-15,7,11494000.0,145.67807351077312,648
Q22-2128,2023-10-15,12,26699000.0,221.0182119205298,653
Q22-2130,2023-10-15,9,4887000.0,34.733475479744136,655
Q22-2144,2023-10-15,0,0.0,0.0,666
Q22-2178,2023-10-15,2,486000.0,2.7242152466367715,700
Q22-2186,2023-10-15,0,0.0,0.0,708
Q22-2196,2023-10-15,5,672000.0,4.112607099143207,717
Q22-2210,2023-10-15,1,88000.0,0.24485253199777407,728
Q22-2269,2023-10-15,6,6330000.0,24.336793540945788,782
Q21-1935,2023-11-15,1,661000.0,5.7328707718993925,460
Q22-1990,2023-11-15,26,34250000.0,308.55855855855856,506
Q22-1992,2023-11-15,2,351000.0,6.476014760147602,508
Q22-1998,2023-11-15,1,404000.0,2.1129707112970713,513
Q22-2004,2023-11-15,20,10440000.0,191.91176470588235,518
Q22-2009,2023-11-15,0,0.0,0.0,523
Q22-2022,2023-11-15,0,0.0,0.0,533
Q22-2029,2023-11-15,8,4741000.0,26.92220329358319,540
Q22-2043,2023-11-15,0,0.0,0.0,549
Q22-2046,2023-11-15,6,1864000.0,28.765432098765434,551
Q22-2047,2023-11-15,0,0.0,0.0,552
Q22-2059,2023-11-15,32,104745000.0,726.3869625520111,564
Q22-2086,2023-11-15,0,0.0,0.0,588
Q22-2098,2023-11-15,0,0.0,0.0,601
Q22-2134,2023-11-15,6,198000.0,9.753694581280788,632
Q22-2157,2023-11-15,6,1659000.0,17.536997885835095,652
Q22-2161,2023-11-15,0,0.0,0.0,656
Q22-2190,2023-11-15,2,3473000.0,42.353658536585364,683
Q22-2191,2023-11-15,11,12109000.0,63.56430446194226,685
Q22-2218,2023-11-15,0,0.0,0.0,706
Q22-2240,2023-11-15,1,119000.0,1.8335901386748843,727
Q22-2266,2023-11-15,4,9330000.0,57.486136783733826,751
Q23-2273,2023-11-15,17,27950000.0,77.76850306065666,759
Q23-2284,2023-11-15,6,6424000.0,70.05452562704471,770
Q21-1927,2023-12-15,0,0.0,0.0,441
Q21-1949,2023-12-15,5,2541000.0,27.35199138858988,456
Q21-1950,2023-12-15,0,0.0,0.0,457
Q22-1995,2023-12-15,0,0.0,0.0,496
Q22-2008,2023-12-15,3,4940000.0,106.46551724137932,506
Q22-2012,2023-12-15,1,463000.0,2.5081256771397618,510
Q22-2019,2023-12-15,4,762000.0,4.4587478057343475,516
Q22-2061,2023-12-15,21,29022000.0,218.37471783295712,551
Q22-2072,2023-12-15,0,0.0,0.0,561
Q22-2132,2023-12-15,0,0.0,0.0,611
Q22-2141,2023-12-15,1,2400000.0,21.978021978021978,617
Q22-2170,2023-12-15,10,6364000.0,18.96305125148987,644
Q22-2172,2023-12-15,0,0.0,0.0,647
Q22-2180,2023-12-15,3,124000.0,0.8322147651006712,652
Q22-2181,2023-12-15,0,0.0,0.0,655
Q22-2212,2023-12-15,2,114000.0,1.9791666666666667,681
Q22-2217,2023-12-15,0,0.0,0.0,685
Q22-2237,2023-12-15,2,462000.0,3.5133079847908744,703
Q22-2242,2023-12-15,2,5372000.0,26.515301085883515,707
Q22-2246,2023-12-15,0,0.0,0.0,710
Q22-2248,2023-12-15,0,0.0,0.0,712
Q22-2250,2023-12-15,0,0.0,0.0,713
Q22-2255,2023-12-15,0,0.0,0.0,719
Q23-2271,2023-12-15,4,102000.0,1.7586206896551724,734
Q23-2286,2023-12-15,2,1226000.0,20.744500846023687,749
Q23-2290,2023-12-15,1,94000.0,0.93812375249501,752
Q21-1945,2024-01-15,9,32816000.0,164.08,433
Q22-2020,2024-01-15,9,2732000.0,66.63414634146342,495
Q22-2025,2024-01-15,14,101322000.0,938.1666666666666,499
Q22-2028,2024-01-15,0,0.0,0.0,502
Q22-2093,2024-01-15,0,0.0,0.0,557
Q22-2107,2024-01-15,25,110027000.0,121.30871003307608,568
Q22-2113,2024-01-15,3,1349000.0,4.514725568942437,574
Q22-2124,2024-01-15,23,26156000.0,134.06458226550487,582
Q22-2129,2024-01-15,0,0.0,0.0,586
Q22-2166,2024-01-15,3,1343000.0,7.469410456062292,618
Q22-2200,2024-01-15,13,6494000.0,28.296296296296298,648
Q22-2234,2024-01-15,4,505000.0,3.062462098241358,677
Q22-1986,2024-02-15,6,9021000.0,99.67955801104972,441
Q22-1996,2024-02-15,7,26357000.0,251.49809160305344,448
Q22-2003,2024-02-15,9,4588000.0,35.211051419800455,453
Q22-2052,2024-02-15,1,39000.0,0.23522316043425814,493
Q22-2056,2024-02-15,7,16566000.0,132.31629392971246,497
Q22-2063,2024-02-15,0,0.0,0.0,504
Q22-2067,2024-02-15,0,0.0,0.0,508
Q22-2068,2024-02-15,0,0.0,0.0,508
Q22-2079,2024-02-15,0,0.0,0.0,519
Q22-2106,2024-02-15,5,26918000.0,75.67613157154906,540
Q22-2145,2024-02-15,0,0.0,0.0,571
Q22-2153,2024-02-15,8,6076000.0,55.03623188405797,579
Q22-2195,2024-02-15,5,8101000.0,44.075081610446134,617
Q22-2199,2024-02-15,1,6754000.0,35.86829527349973,620
Q22-2216,2024-02-15,0,0.0,0.0,632
Q22-2222,2024-02-15,4,2055000.0,14.502470007057163,637
Q23-2276,2024-02-15,19,21213000.0,113.98710370768404,687
Q23-2277,2024-02-15,4,881000.0,9.86562150055991,688
Q23-2279,2024-02-15,6,6303000.0,53.10025273799494,690
Q22-1997,2024-03-15,5,10480000.0,302.8901734104046,438
Q22-2001,2024-03-15,0,0.0,0.0,440
Q22-2030,2024-03-15,1,590000.0,2.954431647471207,464
Q22-2035,2024-03-15,13,38689000.0,133.41034482758621,467
Q22-2039,2024-03-15,11,35361000.0,263.49478390461996,471
Q22-2074,2024-03-15,2,5574000.0,25.405651777575205,501
Q22-2076,2024-03-15,35,121354000.0,278.7184198438218,503
Q22-2078,2024-03-15,2,1697000.0,7.532179316466933,505
Q22-2110,2024-03-15,0,0.0,0.0,530
Q22-2119,2024-03-15,0,0.0,0.0,537
Q22-2121,2024-03-15,26,56862000.0,250.71428571428572,539
Q22-2135,2024-03-15,3,374000.0,3.0655737704918034,550
Q22-2164,2024-03-15,0,0.0,0.0,574
Q22-2169,2024-03-15,2,491000.0,5.783274440518257,580
Q22-2179,2024-03-15,6,17721000.0,129.44485025566107,588
Q22-2188,2024-03-15,5,4494000.0,20.873200185787272,597
Q22-2193,2024-03-15,0,0.0,0.0,601
Q22-2206,2024-03-15,20,32764000.0,412.6448362720403,611
Q22-2219,2024-03-15,2,2473000.0,15.218461538461538,622
Q22-2230,2024-03-15,1,21000.0,0.4872389791183295,632
Q22-2238,2024-03-15,0,0.0,0.0,638
Q22-2243,2024-03-15,2,6119000.0,31.96969696969697,643
Q22-2263,2024-03-15,15,8048000.0,49.648365206662554,662
Q22-2267,2024-03-15,2,1610000.0,8.260646485377116,663
Q23-2281,2024-03-15,7,29244000.0,277.72079772079775,678
Q23-2301,2024-03-15,6,1889000.0,12.920656634746923,696
Q22-2021,2024-04-15,1,328000.0,3.2507433102081267,440
Q22-2054,2024-04-15,3,8289000.0,51.04064039408867,464
Q22-2066,2024-04-15,3,5209000.0,24.171693735498838,476
Q22-2089,2024-04-15,21,90471000.0,510.27072758037224,495
Q22-2094,2024-04-15,2,9700000.0,24.237881059470265,501
Q22-2104,2024-04-15,6,645000.0,2.740016992353441,507
Q22-2109,2024-04-15,1,4289000.0,18.20458404074703,512
Q22-2151,2024-04-15,16,3725000.0,44.66426858513189,543
Q22-2152,2024-04-15,5,4145000.0,66.85483870967742,543
Q22-2184,2024-04-15,0,0.0,0.0,573
Q23-2274,2024-04-15,0,0.0,0.0,649
Q23-2292,2024-04-15,0,0.0,0.0,667
Q23-2297,2024-04-15,4,2931000.0,33.34470989761092,670
Q23-2305,2024-04-15,6,2514000.0,10.982961992136303,676
Q23-2313,2024-04-15,7,25495000.0,83.3987569512594,682
Q22-2040,2024-05-15,14,26690000.0,483.5144927536232,435
Q22-2053,2024-05-15,7,2688000.0,50.055865921787706,442
Q22-2091,2024-05-15,1,910000.0,12.762973352033661,478
Q22-2117,2024-05-15,0,0.0,0.0,498
Q22-2162,2024-05-15,11,71259000.0,504.6671388101983,531
Q22-2171,2024-05-15,1,255000.0,2.8587443946188342,541
Q22-2209,2024-05-15,2,596000.0,2.592431491953023,572
Q22-2224,2024-05-15,1,108000.0,1.1986681465038846,583
Q22-2225,2024-05-15,0,0.0,0.0,583
Q23-2283,2024-05-15,12,3278000.0,32.94472361809045,636
Q23-2308,2024-05-15,0,0.0,0.0,657
Q23-2322,2024-05-15,2,174000.0,2.3835616438356166,670
Q23-2323,2024-05-15,2,2880000.0,28.944723618090453,671
Q23-2331,2024-05-15,9,1429000.0,14.176587301587302,677
Q22-2118,2024-06-15,8,9185000.0,84.26605504587155,468
Q22-2131,2024-06-15,4,8382000.0,50.34234234234234,476
Q22-2136,2024-06-15,0,0.0,0.0,480
Q22-2148,2024-06-15,0,0.0,0.0,487
Q22-2150,2024-06-15,0,0.0,0.0,491
Q22-2229,2024-06-15,0,0.0,0.0,556
Q22-2261,2024-06-15,0,0.0,0.0,584
Q23-2272,2024-06-15,0,0.0,0.0,593
Q23-2296,2024-06-15,12,97642000.0,272.59073143495254,615
Q23-2325,2024-06-15,4,5750000.0,76.97456492637215,640
Q22-2085,2024-07-15,6,353000.0,4.331288343558282,422
Q22-2111,2024-07-15,26,16633000.0,140.36286919831224,442
Q22-2204,2024-07-15,0,0.0,0.0,515
Q22-2208,2024-07-15,1,418000.0,4.0115163147792705,518
Q22-2226,2024-07-15,11,7116000.0,363.0612244897959,530
Q22-2244,2024-07-15,4,25854000.0,98.19217622483859,549
Q22-2268,2024-07-15,0,0.0,0.0,570
Q23-2282,2024-07-15,1,65000.0,1.3742071881606766,581
Q23-2307,2024-07-15,8,5587000.0,12.341506516456814,603
Q23-2310,2024-07-15,8,19049000.0,138.2365747460087,606
Q23-2321,2024-07-15,2,18140000.0,85.04453820909517,616
Q23-2342,2024-07-15,0,0.0,0.0,632
Q22-2139,2024-08-15,12,13140000.0,116.28318584070796,441
Q22-2146,2024-08-15,1,723000.0,3.9573070607553364,447
Q22-2154,2024-08-15,0,0.0,0.0,454
Q22-2207,2024-08-15,1,2288000.0,25.450500556173527,495
Q22-2215,2024-08-15,0,0.0,0.0,500
Q22-2228,2024-08-15,0,0.0,0.0,512
Q22-2247,2024-08-15,23,185658000.0,251.6031982653476,527
Q22-2254,2024-08-15,1,13721000.0,23.126580144951962,535
Q23-2287,2024-08-15,3,6896000.0,8.772420811601577,564
Q23-2304,2024-08-15,1,73000.0,2.3934426229508197,577
Q22-2142,2024-09-15,2,2547000.0,19.339407744874716,423
Q22-2158,2024-09-15,3,9289000.0,227.67156862745097,437
Q22-2165,2024-09-15,7,4549000.0,96.99360341151386,444
Q22-2183,2024-09-15,16,47221000.0,227.13323713323715,459
Q22-2194,2024-09-15,0,0.0,0.0,466
Q22-2213,2024-09-15,25,12877000.0,160.76154806491886,479
Q22-2232,2024-09-15,4,29413000.0,377.0897435897436,496
Q22-2239,2024-09-15,1,143000.0,2.011251758087201,502
Q22-2262,2024-09-15,10,4921000.0,21.621265377855888,521
Q23-2278,2024-09-15,8,3248000.0,13.951890034364261,534
Q23-2319,2024-09-15,1,63000.0,0.8333333333333334,570
Q23-2337,2024-09-15,22,39393000.0,197.06353176588294,583
Q23-2341,2024-09-15,0,0.0,0.0,586
Q23-2343,2024-09-15,1,276000.0,9.65034965034965,588
Q23-2356,2024-09-15,24,57500000.0,96.33104372591724,601
Q22-2155,2024-10-15,17,57780000.0,47.11734485851749,412
Q22-2175,2024-10-15,1,1057000.0,18.28719723183391,429
Q22-2176,2024-10-15,26,53869000.0,184.54607742377527,430
Q22-2185,2024-10-15,11,10281000.0,14.263318534961154,437
Q22-2187,2024-10-15,0,0.0,0.0,439
Q22-2231,2024-10-15,7,56272000.0,462.3829087921118,471
Q22-2251,2024-10-15,0,0.0,0.0,488
Q22-2256,2024-10-15,0,0.0,0.0,492
Q23-2280,2024-10-15,0,0.0,0.0,511
Q23-2302,2024-10-15,14,16580000.0,33.16,529
Q23-2324,2024-10-15,0,0.0,0.0,548
Q23-2344,2024-10-15,15,22336000.0,112.35412474849095,563
Q23-2359,2024-10-15,0,0.0,0.0,578
Q22-2201,2024-11-15,1,681000.0,3.320331545587518,430
Q22-2221,2024-11-15,4,15598000.0,545.3846153846154,445
Q22-2227,2024-11-15,0,0.0,0.0,451
Q22-2249,2024-11-15,0,0.0,0.0,470
Q22-2252,2024-11-15,0,0.0,0.0,473
Q23-2288,2024-11-15,0,0.0,0.0,502
Q23-2309,2024-11-15,2,4449000.0,17.11812235475183,517
Q23-2338,2024-11-15,2,965000.0,5.270344074276352,540
Q23-2370,2024-11-15,5,17909000.0,74.46569646569647,571
Q22-2258,2024-12-15,0,0.0,0.0,451
Q22-2260,2024-12-15,3,1069000.0,4.499158249158249,455
Q22-2270,2024-12-15,1,75000.0,0.48859934853420195,462
Q23-2291,2024-12-15,2,904000.0,5.820991629104958,480
Q23-2326,2024-12-15,0,0.0,0.0,505
Q23-2334,2024-12-15,1,3326000.0,24.31286549707602,510
Q23-2346,2024-12-15,8,21714000.0,138.92514395393474,520
Q23-2364,2024-12-15,3,8240000.0,36.267605633802816,538
Q22-2233,2025-01-15,0,0.0,0.0,415
Q22-2236,2025-01-15,3,10492000.0,58.976953344575605,417
Q22-2253,2025-01-15,2,1017000.0,12.92249047013977,430
Q22-2257,2025-01-15,7,26545000.0,133.32496233048718,433
Q23-2275,2025-01-15,10,6262000.0,243.65758754863813,447
Q23-2329,2025-01-15,6,8337000.0,11.91,486
Q23-2354,2025-01-15,10,3027000.0,14.7013113161729,506
Q23-2367,2025-01-15,25,16281000.0,205.5681818181818,519
Q23-2368,2025-01-15,0,0.0,0.0,520
Q24-2377,2025-01-15,10,13088000.0,163.6,528
Q24-2383,2025-01-15,5,172000.0,7.166666666666667,534
Q24-2395,2025-01-15,1,882000.0,15.610619469026549,546
Q22-2265,2025-02-15,3,824000.0,9.438717067583047,427
Q23-2300,2025-02-15,0,0.0,0.0,451
Q23-2306,2025-02-15,4,95000.0,1.7025089605734767,455
Q23-2311,2025-02-15,25,154586000.0,103.05733333333333,458
Q23-2349,2025-02-15,4,1766000.0,4.106021855382469,487
Q23-2355,2025-02-15,1,285000.0,4.552715654952077,492
Q23-2357,2025-02-15,6,330000.0,8.870967741935484,494
Q23-2360,2025-02-15,7,13318000.0,40.9280885064536,497
Q23-2363,2025-02-15,0,0.0,0.0,500
Q23-2285,2025-03-15,0,0.0,0.0,420
Q23-2294,2025-03-15,17,64948000.0,511.40157480314963,428
Q23-2345,2025-03-15,3,5187000.0,37.696220930232556,460
Q24-2374,2025-03-15,0,0.0,0.0,487
Q24-2385,2025-03-15,0,0.0,0.0,498
Q24-2390,2025-03-15,14,31323000.0,264.55236486486484,503
Q24-2407,2025-03-15,0,0.0,0.0,519
Q24-2410,2025-03-15,0,0.0,0.0,521
Q23-2289,2025-04-15,0,0.0,0.0,410
Q23-2293,2025-04-15,6,49207000.0,33.356155097613886,414
Q23-2318,2025-04-15,0,0.0,0.0,427
Q23-2366,2025-04-15,3,9321000.0,72.53696498054475,466
Q24-2387,2025-04-15,3,6473000.0,111.60344827586206,487
Q24-2394,2025-04-15,20,17593000.0,21.120048019207683,494
Q23-2315,2025-05-15,1,305000.0,3.4977064220183487,408
Q23-2316,2025-05-15,4,8871000.0,60.76027397260274,409
Q23-2320,2025-05-15,2,928000.0,12.506738544474393,412
Q23-2328,2025-05-15,13,72279000.0,237.60355029585799,418
Q24-2379,2025-05-15,0,0.0,0.0,462
Q24-2388,2025-05-15,3,2163000.0,18.518835616438356,471
Q24-2425,2025-05-15,0,0.0,0.0,505
Q23-2336,2025-06-15,2,5751000.0,56.88427299703264,401
Q23-2358,2025-06-15,0,0.0,0.0,420
Q24-2371,2025-06-15,6,13068000.0,261.36,434
Q24-2378,2025-06-15,0,0.0,0.0,440
Q24-2381,2025-06-15,7,2978000.0,23.824,442
Q24-2428,2025-06-15,5,5085000.0,42.375,484
Q23-2333,2025-07-15,8,18066000.0,162.61026102610262,381
Q24-2389,2025-07-15,0,0.0,0.0,433
Q24-2401,2025-07-15,0,0.0,0.0,444
Q24-2426,2025-07-15,2,62000.0,0.775,464
Q24-2440,2025-07-15,2,2291000.0,29.147582697201017,477
Q23-2348,2025-08-15,3,14113000.0,78.71165644171779,376
Q23-2353,2025-08-15,2,1019000.0,3.4286675639300133,380
Q24-2380,2025-08-15,1,41000.0,0.4823529411764706,406
Q24-2396,2025-08-15,0,0.0,0.0,420
Q24-2399,2025-08-15,1,150000.0,6.25,422
Q24-2405,2025-08-15,0,0.0,0.0,427
Q24-2412,2025-08-15,9,3067000.0,12.268,432
Q24-2414,2025-08-15,1,180000.0,0.6923076923076923,433
Q24-2451,2025-08-15,12,45608000.0,114.02,468
Q24-2452,2025-08-15,20,13024000.0,65.12,469
Q24-2454,2025-08-15,4,2118000.0,52.95,470
Q24-2456,2025-08-15,4,101000.0,20.2,473
Q23-2339,2025-09-15,11,37488000.0,351.6697936210131,346
Q23-2347,2025-09-15,21,87177000.0,319.6809680968097,353
Q23-2350,2025-09-15,3,1921000.0,8.403324584426947,356
Q24-2392,2025-09-15,0,0.0,0.0,394
Q24-2421,2025-09-15,32,107912000.0,1132.3399790136411,415
Q24-2434,2025-09-15,0,0.0,0.0,428
Q24-2436,2025-09-15,22,1264000.0,27.182795698924732,430
Q24-2439,2025-09-15,0,0.0,0.0,432
Q24-2442,2025-09-15,0,0.0,0.0,434
Q24-2464,2025-09-15,2,5668000.0,30.100902814657463,457
Q24-2384,2025-10-15,6,1170000.0,234.0,367
Q24-2400,2025-10-15,0,0.0,0.0,379
Q24-2406,2025-10-15,31,35791000.0,178.955,384
Q24-2413,2025-10-15,1,1128000.0,225.6,389
Q24-2447,2025-10-15,25,3289000.0,47.32374100719424,420
Q24-2448,2025-10-15,0,0.0,0.0,421
Q23-2352,2025-11-15,31,189648000.0,3321.3309982486867,327
Q23-2361,2025-11-15,2,646000.0,7.8208232445520585,336
Q23-2369,2025-11-15,0,0.0,0.0,344
Q24-2375,2025-11-15,0,0.0,0.0,348
Q24-2386,2025-11-15,0,0.0,0.0,359
Q24-2404,2025-11-15,0,0.0,0.0,372
Q24-2411,2025-11-15,0,0.0,0.0,377
Q24-2429,2025-11-15,4,184000.0,18.4,393
Q24-2453,2025-11-15,0,0.0,0.0,416
Q24-2455,2025-11-15,10,17452000.0,129.27407407407406,416
Q24-2462,2025-11-15,0,0.0,0.0,424
Q24-2466,2025-11-15,0,0.0,0.0,428
Q24-2482,2025-11-15,25,222465000.0,283.03435114503816,440
Q24-2372,2025-12-15,0,0.0,0.0,329
Q24-2376,2025-12-15,0,0.0,0.0,332
Q24-2382,2025-12-15,3,1587000.0,52.9,338
Q24-2391,2025-12-15,0,0.0,0.0,346
Q24-2475,2025-12-15,1,1381000.0,9.206666666666667,414
Q24-2480,2025-12-15,1,76000.0,2.1714285714285713,419
Q24-2484,2025-12-15,6,36346000.0,242.30666666666667,423
Q24-2485,2025-12-15,14,16409000.0,182.32222222222222,424
Q25-2497,2025-12-15,2,62000.0,2.066666666666667,436
