project_id,publication_date,parsed_project_id,mw,poi_str,n_facilities_stated,n_findings_parsed,n_fid_resolved,total_cost_usd,n_queue_ahead,warnings,template
Q11-0004,2011-12-02,Q11-0004,329.0,,5.0,5,5,106680000.0,,,C
Q11-0001,2012-01-25,Q11-0001,523.5,,17.0,17,16,92683000.0,,,B
Q11-0014,2012-02-03,Q11-0014,157.5,,11.0,11,10,59349000.0,,,B
Q11-0018,2012-02-26,Q11-0018,364.5,,3.0,3,3,1899000.0,,,B
Q11-0006,2012-05-03,Q11-0006,1119.2,,25.0,25,25,116749000.0,,,A
Q11-0017,2012-05-30,Q11-0017,51.2,,,0,0,0.0,15.0,,C
Q11-0036,2012-05-27,Q11-0036,193.4,,3.0,3,3,7218000.0,,,C
Q11-0030,2012-06-25,Q11-0030,171.8,,1.0,1,1,1903000.0,,,A
Q11-0034,2012-06-28,Q11-0034,1500.0,,25.0,25,24,129879000.0,,,C
Q11-0019,2012-07-26,Q11-0019,372.4,,10.0,10,10,56246000.0,,,C
Q11-0024,2012-07-28,Q11-0024,197.4,,3.0,3,3,22198000.0,,,B
Q11-0052,2012-07-31,Q11-0052,97.9,,25.0,25,25,355646000.0,47.0,,C
Q11-0003,2012-08-24,Q11-0003,212.9,,,0,0,0.0,2.0,,B
Q11-0016,2012-08-21,Q11-0016,565.8,,25.0,25,25,290855000.0,,,B
Q11-0070,2012-08-24,Q11-0070,1057.6,,25.0,25,25,186802000.0,,,C
Q11-0010,2012-09-16,Q11-0010,181.3,,,0,0,0.0,,,C
Q11-0011,2012-10-02,Q11-0011,141.4,,4.0,4,4,31426000.0,,,A
Q11-0033,2012-10-02,Q11-0033,98.7,,,0,0,0.0,,,B
Q11-0037,2012-10-02,Q11-0037,491.3,,16.0,16,15,41751000.0,31.0,,A
Q11-0046,2012-09-23,Q11-0046,383.2,,5.0,5,5,16504000.0,,,B
Q11-0005,2012-10-17,Q11-0005,49.8,,,0,0,0.0,,,B
Q11-0009,2012-10-28,Q11-0009,286.1,,4.0,4,4,21167000.0,,,C
Q11-0012,2012-10-23,Q11-0012,327.6,,14.0,14,14,45541000.0,8.0,,B
Q11-0020,2012-10-27,Q11-0020,67.3,,4.0,4,4,50620000.0,16.0,,C
Q11-0026,2012-10-16,Q11-0026,158.3,,21.0,21,20,57224000.0,20.0,,B
Q11-0035,2012-10-30,Q11-0035,209.5,,8.0,8,8,45261000.0,28.0,,B
Q11-0038,2012-10-17,Q11-0038,966.1,,25.0,25,25,209071000.0,,,C
Q11-0042,2012-10-20,Q11-0042,38.8,,,0,0,0.0,35.0,,B
Q11-0044,2012-10-15,Q11-0044,6.1,,,0,0,0.0,37.0,,B
Q11-0082,2012-10-22,Q11-0082,534.7,,12.0,12,12,69650000.0,,,C
Q11-0056,2012-12-04,Q11-0056,1130.5,,25.0,25,24,54378000.0,,,B
Q11-0066,2012-11-16,Q11-0066,672.7,,9.0,9,9,177307000.0,,,C
Q11-0072,2012-11-28,Q11-0072,42.1,,2.0,2,2,2371000.0,,,C
Q11-0073,2012-11-18,Q11-0073,106.0,,10.0,10,10,31492000.0,61.0,,B
Q11-0077,2012-11-17,Q11-0077,390.2,,25.0,25,25,154574000.0,,,A
Q11-0085,2012-11-18,Q11-0085,111.2,,1.0,1,1,8703000.0,73.0,,B
Q11-0090,2012-11-18,Q11-0090,79.6,,13.0,13,13,18829000.0,,,C
Q12-0096,2012-11-30,Q12-0096,189.8,,8.0,8,8,51906000.0,83.0,,C
Q11-0002,2012-12-15,Q11-0002,159.3,,2.0,2,2,14692000.0,1.0,,A
Q11-0007,2012-12-23,Q11-0007,179.6,,,0,0,0.0,,,C
Q11-0013,2012-12-19,Q11-0013,217.7,,23.0,23,23,29348000.0,,,B
Q11-0015,2012-12-19,Q11-0015,543.8,,9.0,9,9,102167000.0,,,B
Q11-0031,2012-12-26,Q11-0031,302.3,,,0,0,0.0,,,C
Q11-0043,2012-12-24,Q11-0043,122.3,,25.0,25,25,16764000.0,35.0,,B
Q11-0054,2012-12-22,Q11-0054,220.0,,9.0,9,9,18585000.0,,,B
Q11-0021,2013-02-02,Q11-0021,54.7,,5.0,5,5,2086000.0,17.0,,C
Q11-0045,2013-01-28,Q11-0045,213.6,,,0,0,0.0,36.0,,B
Q11-0053,2013-02-02,Q11-0053,744.1,,13.0,13,13,98191000.0,,,B
Q11-0055,2013-01-17,Q11-0055,76.5,,5.0,5,5,27549000.0,45.0,,B
Q11-0064,2013-01-16,Q11-0064,132.8,,1.0,1,1,5260000.0,52.0,,B
Q11-0071,2013-01-23,Q11-0071,220.0,,6.0,6,4,6254000.0,,,C
Q11-0089,2013-01-29,Q11-0089,60.3,,9.0,9,9,1104000.0,74.0,,B
Q12-0097,2013-01-30,Q12-0097,179.3,,5.0,5,5,13602000.0,81.0,,B
Q11-0025,2013-02-27,Q11-0025,183.3,,5.0,5,4,14721000.0,19.0,,A
Q11-0041,2013-02-22,Q11-0041,513.3,,4.0,4,3,28973000.0,,,C
Q11-0049,2013-03-01,Q11-0049,124.8,,,0,0,0.0,39.0,,B
Q11-0062,2013-02-27,Q11-0062,49.7,,6.0,6,6,3939000.0,51.0,,B
Q11-0074,2013-03-05,Q11-0074,929.5,,25.0,25,19,151906000.0,,,C
Q11-0083,2013-02-19,Q11-0083,206.8,,3.0,3,3,2621000.0,69.0,,C
Q11-0086,2013-03-06,Q11-0086,88.0,,10.0,10,8,2618000.0,,,B
Q12-0107,2013-03-04,Q12-0107,1500.0,,21.0,21,21,229101000.0,89.0,,B
Q11-0028,2013-03-15,Q11-0028,57.8,,1.0,1,1,393000.0,,,A
Q11-0032,2013-03-19,Q11-0032,357.2,,11.0,11,11,116702000.0,,,B
Q11-0067,2013-03-22,Q11-0067,181.9,,13.0,13,13,43822000.0,54.0,,B
Q11-0069,2013-03-19,Q11-0069,591.2,,25.0,25,25,195585000.0,,,B
Q11-0088,2013-03-21,Q11-0088,291.4,,7.0,7,7,29628000.0,72.0,,B
Q12-0091,2013-03-22,Q12-0091,71.2,,,0,0,0.0,75.0,,C
Q12-0101,2013-03-16,Q12-0101,114.8,,6.0,6,6,33456000.0,,,B
Q12-0111,2013-03-16,Q12-0111,71.6,,2.0,2,2,2587000.0,,,B
Q12-0112,2013-03-17,Q12-0112,327.6,,17.0,17,17,76283000.0,,,C
Q12-0115,2013-04-03,Q12-0115,276.5,,2.0,2,2,20924000.0,95.0,,B
Q11-0027,2013-04-23,Q11-0027,95.7,,,0,0,0.0,20.0,,B
Q11-0061,2013-04-30,Q11-0061,74.5,,3.0,3,3,9332000.0,,,B
Q12-0094,2013-04-15,Q12-0094,89.1,,,0,0,0.0,,,B
Q12-0116,2013-04-24,Q12-0116,116.0,,6.0,6,6,2115000.0,96.0,,B
Q12-0122,2013-04-20,Q12-0122,90.0,,19.0,19,19,199546000.0,102.0,,B
Q11-0039,2013-05-28,Q11-0039,514.7,,14.0,14,14,35914000.0,,,C
Q11-0057,2013-05-15,Q11-0057,288.7,,4.0,4,4,39713000.0,45.0,,B
Q11-0059,2013-05-19,Q11-0059,64.6,,19.0,19,17,48684000.0,,,B
Q11-0080,2013-06-03,Q11-0080,109.9,,2.0,2,2,1368000.0,64.0,,B
Q12-0106,2013-06-03,Q12-0106,173.6,,16.0,16,16,31083000.0,84.0,,B
Q12-0118,2013-05-15,Q12-0118,505.6,,5.0,5,5,53154000.0,95.0,,A
Q11-0040,2013-06-25,Q11-0040,198.2,,,0,0,0.0,28.0,,C
Q11-0065,2013-06-18,Q11-0065,183.2,,21.0,21,18,25432000.0,,,A
Q11-0076,2013-07-04,Q11-0076,112.2,,2.0,2,2,5144000.0,,,B
Q12-0103,2013-07-04,Q12-0103,61.9,,,0,0,0.0,80.0,,B
Q12-0127,2013-06-17,Q12-0127,211.3,,17.0,17,17,51169000.0,100.0,,A
Q12-0121,2013-07-28,Q12-0121,1500.0,,12.0,12,12,114205000.0,,,C
Q12-0142,2013-07-20,Q12-0142,37.2,,1.0,1,1,4580000.0,111.0,,B
Q11-0048,2013-08-21,Q11-0048,844.0,,2.0,2,2,31743000.0,,,C
Q11-0050,2013-08-15,Q11-0050,41.0,,,0,0,0.0,36.0,,A
Q11-0081,2013-08-24,Q11-0081,786.0,,21.0,21,21,171631000.0,,,B
Q12-0095,2013-08-30,Q12-0095,130.8,,2.0,2,2,2044000.0,,,B
Q12-0132,2013-08-24,Q12-0132,77.4,,2.0,2,2,48480000.0,100.0,,C
Q12-0151,2013-08-26,Q12-0151,969.9,,25.0,25,22,105664000.0,,,B
Q12-0154,2013-09-01,Q12-0154,135.8,,20.0,20,20,27315000.0,,,C
Q12-0157,2013-09-01,Q12-0157,406.5,,14.0,14,9,98524000.0,,,C
Q12-0161,2013-08-16,Q12-0161,256.6,,9.0,9,9,53852000.0,125.0,,A
Q11-0051,2013-09-30,Q11-0051,373.3,,25.0,25,24,98292000.0,,,B
Q11-0079,2013-09-28,Q11-0079,267.8,,2.0,2,2,2110000.0,,,A
Q12-0098,2013-09-15,Q12-0098,178.9,,,0,0,0.0,,,A
Q12-0100,2013-09-16,Q12-0100,74.7,,2.0,2,1,4302000.0,72.0,,B
Q11-0058,2013-10-27,Q11-0058,59.2,,,0,0,0.0,,,B
Q11-0078,2013-11-03,Q11-0078,173.2,,11.0,11,11,59897000.0,54.0,,C
Q12-0131,2013-10-15,Q12-0131,84.2,,8.0,8,8,3770000.0,95.0,,C
Q12-0182,2013-10-18,Q12-0182,339.7,,25.0,25,25,156341000.0,,,B
Q12-0102,2013-11-25,Q12-0102,228.3,,,0,0,0.0,73.0,,B
Q12-0126,2013-11-21,Q12-0126,114.9,,4.0,4,4,1692000.0,,,B
Q12-0141,2013-11-25,Q12-0141,49.2,,1.0,1,1,1759000.0,104.0,,B
Q12-0155,2013-11-20,Q12-0155,407.6,,8.0,8,8,9804000.0,,,A
Q12-0108,2013-12-22,Q12-0108,171.0,,3.0,3,3,6401000.0,,,C
Q12-0158,2013-12-23,Q12-0158,333.6,,13.0,13,13,35099000.0,,,C
Q12-0167,2013-12-19,Q12-0167,1195.2,,20.0,20,20,88907000.0,127.0,,B
Q12-0170,2013-12-24,Q12-0170,201.0,,11.0,11,11,37667000.0,,,B
Q12-0171,2013-12-21,Q12-0171,164.8,,2.0,2,2,27340000.0,,,B
Q12-0172,2014-01-03,Q12-0172,233.8,,4.0,4,4,7786000.0,131.0,,B
Q13-0198,2013-12-19,Q13-0198,127.2,,17.0,17,17,42671000.0,,,B
Q11-0084,2014-02-01,Q11-0084,43.0,,12.0,12,12,25329000.0,,,C
Q12-0092,2014-01-27,Q12-0092,285.7,,1.0,1,1,1027000.0,61.0,,B
Q12-0109,2014-01-24,Q12-0109,143.8,,8.0,8,8,22000000.0,72.0,,A
Q12-0110,2014-01-26,Q12-0110,398.4,,25.0,25,25,158372000.0,,,A
Q12-0119,2014-01-26,Q12-0119,80.0,,21.0,21,21,46710000.0,79.0,,C
Q12-0139,2014-01-21,Q12-0139,60.0,,25.0,25,25,20380000.0,96.0,,B
Q12-0140,2014-01-23,Q12-0140,58.1,,22.0,22,22,14220000.0,97.0,,B
Q12-0147,2014-01-31,Q12-0147,199.1,,25.0,25,25,24414000.0,104.0,,A
Q12-0152,2014-02-03,Q12-0152,53.9,,37.0,37,37,179657000.0,,,B
Q12-0160,2014-01-31,Q12-0160,82.0,,2.0,2,2,743000.0,,,B
Q12-0163,2014-01-25,Q12-0163,186.0,,27.0,27,27,77171000.0,,,C
Q12-0164,2014-02-02,Q12-0164,557.6,,25.0,25,25,125901000.0,,,C
Q12-0174,2014-01-22,Q12-0174,132.6,,13.0,13,13,15691000.0,,,B
Q13-0191,2014-01-19,Q13-0191,767.6,,25.0,25,25,425172000.0,,,B
Q12-0146,2014-02-20,Q12-0146,541.0,,24.0,24,24,112241000.0,,,A
Q12-0186,2014-02-25,Q12-0186,114.5,,25.0,25,25,20695000.0,,,C
Q12-0187,2014-02-28,Q12-0187,9.0,,11.0,11,11,2332000.0,136.0,,B
Q12-0190,2014-02-16,Q12-0190,215.6,,2.0,2,2,6349000.0,,,A
Q13-0225,2014-02-15,Q13-0225,197.3,,25.0,25,25,54442000.0,174.0,,A
Q12-0099,2014-03-25,Q12-0099,76.4,,5.0,5,5,4636000.0,64.0,,B
Q12-0128,2014-04-03,Q12-0128,211.1,,3.0,3,3,2051000.0,,,B
Q12-0150,2014-03-30,Q12-0150,248.8,,25.0,25,25,111392000.0,,,B
Q12-0166,2014-03-20,Q12-0166,389.5,,16.0,16,16,163850000.0,,,C
Q13-0208,2014-03-17,Q13-0208,60.5,,25.0,25,25,12117000.0,,,B
Q13-0223,2014-03-25,Q13-0223,256.0,,12.0,12,11,19457000.0,170.0,,C
Q12-0113,2014-04-16,Q12-0113,247.6,,,0,0,0.0,72.0,,B
Q12-0117,2014-05-28,Q12-0117,141.4,,7.0,7,7,6685000.0,73.0,,B
Q12-0120,2014-05-28,Q12-0120,330.2,,,0,0,0.0,,,C
Q12-0129,2014-05-17,Q12-0129,562.0,,25.0,25,25,80162000.0,,,B
Q12-0137,2014-05-26,Q12-0137,169.5,,10.0,10,10,12790000.0,89.0,,A
Q12-0144,2014-05-17,Q12-0144,117.1,,,0,0,0.0,96.0,,B
Q12-0145,2014-05-29,Q12-0145,334.5,,25.0,25,25,56915000.0,97.0,,C
Q12-0169,2014-05-26,Q12-0169,119.6,,3.0,3,3,20527000.0,116.0,,B
Q13-0199,2014-05-20,Q13-0199,96.0,,18.0,18,18,19640000.0,143.0,,B
Q13-0206,2014-05-29,Q13-0206,103.1,,,0,0,0.0,,,B
Q13-0222,2014-05-15,Q13-0222,106.8,,2.0,2,2,1392000.0,166.0,,B
Q13-0243,2014-06-02,Q13-0243,460.1,,25.0,25,25,118417000.0,187.0,,B
Q13-0253,2014-05-18,Q13-0253,199.1,,8.0,8,8,26825000.0,197.0,,B
Q12-0123,2014-06-27,Q12-0123,97.5,,3.0,3,3,8910000.0,,,C
Q12-0130,2014-07-02,Q12-0130,105.3,,25.0,25,25,13586000.0,80.0,,B
Q12-0133,2014-06-17,Q12-0133,204.7,,19.0,19,19,21085000.0,,,A
Q12-0138,2014-07-04,Q12-0138,1347.7,,25.0,25,25,266201000.0,,,A
Q13-0204,2014-06-23,Q13-0204,256.8,,25.0,25,25,22511000.0,,,C
Q13-0224,2014-06-29,Q13-0224,132.4,,,0,0,0.0,165.0,,C
Q13-0254,2014-06-23,Q13-0254,259.8,,19.0,19,19,60110000.0,193.0,,A
Q12-0136,2014-07-28,Q12-0136,1014.5,,25.0,25,21,44250000.0,,,C
Q12-0149,2014-07-29,Q12-0149,560.8,,18.0,18,14,19852000.0,,,B
Q12-0159,2014-07-23,Q12-0159,406.9,,15.0,15,13,22280000.0,,,A
Q12-0162,2014-07-18,Q12-0162,137.2,,4.0,4,4,9338000.0,104.0,,B
Q12-0183,2014-07-15,Q12-0183,1212.5,,25.0,25,25,63480000.0,,,B
Q13-0202,2014-07-30,Q13-0202,74.3,,15.0,15,15,5967000.0,,,B
Q13-0205,2014-07-31,Q13-0205,47.7,,5.0,5,5,466000.0,,,C
Q13-0209,2014-07-21,Q13-0209,70.0,,27.0,27,27,10017000.0,147.0,,C
Q13-0235,2014-07-28,Q13-0235,38.1,,22.0,22,21,1326000.0,,,B
Q13-0241,2014-07-27,Q13-0241,149.7,,5.0,5,4,9265000.0,178.0,,B
Q12-0135,2014-08-31,Q12-0135,751.0,,25.0,25,25,129275000.0,,,A
Q12-0143,2014-08-19,Q12-0143,576.6,,21.0,21,21,323452000.0,,,C
Q12-0173,2014-08-20,Q12-0173,115.9,,24.0,24,24,31342000.0,,,B
Q12-0175,2014-08-26,Q12-0175,240.0,,,0,0,0.0,,,B
Q13-0207,2014-08-18,Q13-0207,170.6,,,0,0,0.0,144.0,,B
Q13-0261,2014-08-29,Q13-0261,219.3,,1.0,1,1,4205000.0,,,C
Q13-0274,2014-08-19,Q13-0274,113.3,,25.0,25,24,8974000.0,204.0,,A
Q13-0275,2014-08-15,Q13-0275,76.2,,9.0,9,9,48052000.0,205.0,,A
Q13-0282,2014-08-25,Q13-0282,743.0,,3.0,3,3,18530000.0,,,B
Q12-0156,2014-09-21,Q12-0156,246.0,,25.0,25,25,32602000.0,92.0,,B
Q12-0168,2014-09-22,Q12-0168,95.3,,1.0,1,1,162000.0,104.0,,B
Q12-0178,2014-09-17,Q12-0178,36.8,,7.0,7,7,2635000.0,,,A
Q13-0193,2014-09-23,Q13-0193,63.9,,4.0,4,4,8258000.0,,,A
Q13-0251,2014-09-22,Q13-0251,30.6,,10.0,10,10,4047000.0,,,C
Q13-0271,2014-09-30,Q13-0271,160.4,,6.0,6,6,15717000.0,,,B
Q13-0287,2014-09-24,Q13-0287,58.3,,25.0,25,25,11757000.0,,,A
Q12-0181,2014-10-31,Q12-0181,152.7,,,0,0,0.0,113.0,,C
Q12-0185,2014-10-24,Q12-0185,1153.6,,6.0,6,6,87560000.0,,,C
Q13-0196,2014-10-31,Q13-0196,113.3,,,0,0,0.0,127.0,,B
Q13-0200,2014-10-18,Q13-0200,291.6,,,0,0,0.0,130.0,,A
Q13-0214,2014-10-26,Q13-0214,354.2,,6.0,6,6,21175000.0,143.0,,B
Q13-0216,2014-10-15,Q13-0216,31.3,,1.0,1,1,499000.0,,,A
Q13-0217,2014-10-29,Q13-0217,19.4,,,0,0,0.0,147.0,,B
Q13-0231,2014-10-25,Q13-0231,659.1,,,0,0,0.0,,,B
Q13-0288,2014-10-31,Q13-0288,536.2,,22.0,22,22,78228000.0,,,B
Q13-0220,2014-11-17,Q13-0220,185.1,,1.0,1,1,1805000.0,148.0,,C
Q12-0165,2014-12-20,Q12-0165,370.6,,11.0,11,11,35079000.0,94.0,,B
Q13-0195,2014-12-20,Q13-0195,674.2,,17.0,17,17,74428000.0,,,C
Q13-0221,2014-12-30,Q13-0221,184.5,,1.0,1,1,227000.0,,,B
Q13-0236,2014-12-28,Q13-0236,30.6,,5.0,5,5,502000.0,,,C
Q13-0237,2014-12-16,Q13-0237,322.1,,25.0,25,25,37750000.0,159.0,,B
Q13-0240,2014-12-28,Q13-0240,252.0,,,0,0,0.0,,,C
Q13-0256,2015-01-01,Q13-0256,26.5,,,0,0,0.0,176.0,,B
Q13-0269,2014-12-30,Q13-0269,81.2,,11.0,11,10,30659000.0,185.0,,B
Q13-0278,2014-12-19,Q13-0278,62.4,,,0,0,0.0,,,C
Q13-0299,2014-12-27,Q13-0299,32.9,,9.0,9,9,27162000.0,,,B
Q14-0320,2015-01-01,Q14-0320,126.8,,4.0,4,4,4665000.0,233.0,,B
Q12-0179,2015-01-17,Q12-0179,555.7,,10.0,10,10,17220000.0,,,C
Q12-0180,2015-01-27,Q12-0180,291.6,,15.0,15,12,24950000.0,,,C
Q12-0189,2015-01-22,Q12-0189,15.8,,,0,0,0.0,111.0,,A
Q13-0194,2015-02-01,Q13-0194,89.1,,,0,0,0.0,115.0,,A
Q13-0197,2015-02-02,Q13-0197,284.2,,25.0,25,25,26671000.0,118.0,,B
Q13-0201,2015-01-30,Q13-0201,408.2,,2.0,2,2,14503000.0,,,B
Q13-0211,2015-01-23,Q13-0211,305.2,,3.0,3,3,2367000.0,,,B
Q13-0212,2015-01-27,Q13-0212,164.1,,2.0,2,2,9791000.0,,,B
Q13-0228,2015-01-28,Q13-0228,1500.0,,25.0,25,25,115244000.0,,,B
Q13-0234,2015-01-31,Q13-0234,390.7,,15.0,15,15,67495000.0,153.0,,B
Q13-0286,2015-01-27,Q13-0286,252.1,,7.0,7,7,28755000.0,197.0,,A
Q13-0297,2015-01-23,Q13-0297,121.1,,4.0,4,4,33733000.0,208.0,,C
Q14-0312,2015-01-24,Q14-0312,264.5,,6.0,6,5,2761000.0,,,B
Q13-0192,2015-02-18,Q13-0192,112.9,,25.0,25,25,8204000.0,,,B
Q13-0203,2015-02-26,Q13-0203,106.3,,19.0,19,19,90555000.0,,,B
Q13-0215,2015-03-03,Q13-0215,66.7,,11.0,11,11,23390000.0,,,B
Q13-0218,2015-02-16,Q13-0218,491.0,,22.0,22,22,155737000.0,,,A
Q13-0229,2015-02-27,Q13-0229,484.8,,25.0,25,25,50166000.0,141.0,,B
Q14-0332,2015-02-24,Q14-0332,1207.5,,25.0,25,25,89804000.0,,,B
Q13-0213,2015-04-02,Q13-0213,91.5,,20.0,20,19,22077000.0,,,A
Q13-0219,2015-03-20,Q13-0219,95.6,,3.0,3,3,6197000.0,124.0,,B
Q13-0226,2015-03-16,Q13-0226,447.2,,,0,0,0.0,131.0,,C
Q13-0232,2015-03-18,Q13-0232,241.5,,16.0,16,16,66471000.0,135.0,,B
Q13-0249,2015-04-02,Q13-0249,575.2,,21.0,21,20,176960000.0,,,B
Q13-0267,2015-03-30,Q13-0267,220.8,,,0,0,0.0,165.0,,B
Q13-0268,2015-03-19,Q13-0268,1500.0,,25.0,25,25,127904000.0,,,B
Q13-0277,2015-03-28,Q13-0277,39.9,,18.0,18,18,13097000.0,,,C
Q13-0298,2015-04-03,Q13-0298,302.5,,25.0,25,25,149056000.0,191.0,,B
Q14-0306,2015-03-17,Q14-0306,60.2,,14.0,14,14,7232000.0,199.0,,B
Q14-0317,2015-03-29,Q14-0317,76.6,,1.0,1,1,412000.0,,,C
Q14-0321,2015-03-17,Q14-0321,84.4,,,0,0,0.0,,,B
Q14-0329,2015-03-17,Q14-0329,66.7,,,0,0,0.0,,,B
Q14-0334,2015-03-21,Q14-0334,229.1,,10.0,10,10,22616000.0,,,B
Q14-0345,2015-03-30,Q14-0345,160.7,,5.0,5,4,5880000.0,233.0,,B
Q13-0210,2015-05-01,Q13-0210,199.9,,,0,0,0.0,112.0,,B
Q13-0230,2015-04-22,Q13-0230,866.0,,21.0,21,19,45017000.0,,,B
Q13-0238,2015-04-21,Q13-0238,47.4,,,0,0,0.0,139.0,,C
Q13-0246,2015-04-22,Q13-0246,446.4,,21.0,21,21,95299000.0,146.0,,B
Q13-0276,2015-04-21,Q13-0276,54.9,,1.0,1,1,311000.0,,,B
Q13-0280,2015-05-02,Q13-0280,62.3,,,0,0,0.0,,,B
Q13-0293,2015-04-26,Q13-0293,294.7,,,0,0,0.0,,,A
Q14-0336,2015-04-26,Q14-0336,24.0,,2.0,2,2,80000.0,221.0,,B
Q13-0242,2015-05-16,Q13-0242,550.3,,5.0,5,5,16418000.0,,,B
Q13-0244,2015-05-19,Q13-0244,133.2,,,0,0,0.0,138.0,,B
Q13-0265,2015-05-22,Q13-0265,210.7,,,0,0,0.0,155.0,,A
Q13-0272,2015-05-30,Q13-0272,127.5,,,0,0,0.0,161.0,,B
Q14-0318,2015-06-01,Q14-0318,165.4,,4.0,4,4,15264000.0,199.0,,C
Q14-0328,2015-05-22,Q14-0328,107.5,,,0,0,0.0,,,A
Q13-0233,2015-06-16,Q13-0233,46.3,,3.0,3,3,581000.0,,,A
Q13-0245,2015-06-27,Q13-0245,124.0,,1.0,1,1,710000.0,133.0,,B
Q13-0257,2015-06-24,Q13-0257,220.2,,3.0,3,3,2608000.0,,,A
Q13-0283,2015-06-28,Q13-0283,228.1,,5.0,5,5,17171000.0,,,B
Q13-0292,2015-06-21,Q13-0292,168.3,,,0,0,0.0,169.0,,B
Q14-0311,2015-07-01,Q14-0311,160.1,,17.0,17,17,66782000.0,185.0,,C
Q14-0319,2015-07-03,Q14-0319,204.6,,25.0,25,24,41888000.0,193.0,,C
Q13-0248,2015-07-26,Q13-0248,318.8,,5.0,5,5,42279000.0,,,B
Q13-0270,2015-07-21,Q13-0270,34.0,,,0,0,0.0,150.0,,C
Q13-0279,2015-07-22,Q13-0279,113.4,,1.0,1,1,10013000.0,154.0,,B
Q13-0285,2015-07-22,Q13-0285,389.0,,11.0,11,11,80851000.0,,,B
Q13-0290,2015-07-20,Q13-0290,936.8,,13.0,13,13,95215000.0,,,B
Q14-0325,2015-07-16,Q14-0325,41.7,,10.0,10,10,4195000.0,195.0,,B
Q14-0341,2015-07-26,Q14-0341,105.5,,,0,0,0.0,,,B
Q14-0356,2015-08-02,Q14-0356,153.2,,1.0,1,1,607000.0,,,C
Q14-0363,2015-07-16,Q14-0363,556.5,,25.0,25,25,81449000.0,,,C
Q14-0369,2015-07-16,Q14-0369,229.0,,1.0,1,1,1612000.0,235.0,,C
Q14-0380,2015-08-02,Q14-0380,325.6,,9.0,9,7,28033000.0,246.0,,B
Q13-0247,2015-08-25,Q13-0247,214.7,,6.0,6,6,25489000.0,128.0,,B
Q13-0250,2015-08-29,Q13-0250,203.4,,15.0,15,15,31051000.0,,,B
Q13-0252,2015-08-25,Q13-0252,21.8,,2.0,2,2,193000.0,133.0,,B
Q13-0258,2015-08-22,Q13-0258,170.0,,23.0,23,23,9363000.0,138.0,,B
Q13-0294,2015-08-21,Q13-0294,752.3,,,0,0,0.0,,,B
Q14-0301,2015-08-26,Q14-0301,29.8,,3.0,3,3,8272000.0,,,A
Q14-0305,2015-08-26,Q14-0305,1129.2,,25.0,25,25,138640000.0,,,C
Q14-0307,2015-08-24,Q14-0307,141.2,,6.0,6,6,9238000.0,177.0,,B
Q14-0313,2015-08-28,Q14-0313,175.0,,14.0,14,14,2835000.0,,,B
Q14-0355,2015-08-15,Q14-0355,295.3,,25.0,25,21,156557000.0,217.0,,C
Q14-0379,2015-08-27,Q14-0379,243.4,,17.0,17,16,38410000.0,,,C
Q14-0388,2015-09-02,Q14-0388,242.5,,13.0,13,13,62506000.0,247.0,,A
Q13-0281,2015-09-27,Q13-0281,169.0,,5.0,5,5,4525000.0,152.0,,B
Q14-0303,2015-09-29,Q14-0303,959.8,,25.0,25,25,279893000.0,,,B
Q14-0314,2015-09-27,Q14-0314,159.4,,31.0,31,28,31996000.0,,,A
Q14-0316,2015-09-26,Q14-0316,222.3,,,0,0,0.0,180.0,,C
Q14-0340,2015-09-21,Q14-0340,88.7,,3.0,3,3,838000.0,,,C
Q14-0366,2015-09-25,Q14-0366,95.2,,25.0,25,25,17857000.0,225.0,,B
Q14-0370,2015-10-01,Q14-0370,277.4,,11.0,11,11,31032000.0,,,C
Q14-0374,2015-09-15,Q14-0374,49.3,,25.0,25,25,8723000.0,,,B
Q14-0375,2015-09-25,Q14-0375,347.7,,7.0,7,7,16891000.0,,,B
Q14-0377,2015-09-17,Q14-0377,467.4,,5.0,5,5,20429000.0,236.0,,C
Q14-0384,2015-09-25,Q14-0384,130.0,,10.0,10,10,35499000.0,,,B
Q13-0262,2015-10-23,Q13-0262,820.4,,25.0,25,25,123340000.0,,,B
Q13-0289,2015-10-20,Q13-0289,785.9,,25.0,25,25,145317000.0,,,B
Q13-0295,2015-10-15,Q13-0295,114.1,,5.0,5,5,5960000.0,,,A
Q13-0296,2015-11-02,Q13-0296,85.3,,,0,0,0.0,160.0,,C
Q14-0327,2015-10-20,Q14-0327,168.2,,5.0,5,5,7925000.0,,,B
Q14-0330,2015-10-16,Q14-0330,50.0,,5.0,5,5,4326000.0,,,C
Q14-0354,2015-10-23,Q14-0354,174.9,,3.0,3,2,317000.0,,,B
Q13-0291,2015-11-30,Q13-0291,105.1,,,0,0,0.0,146.0,,B
Q14-0357,2015-12-03,Q14-0357,329.3,,,0,0,0.0,203.0,,B
Q14-0391,2015-11-30,Q14-0391,160.9,,8.0,8,7,35516000.0,233.0,,B
Q14-0396,2015-11-26,Q14-0396,87.1,,12.0,12,11,5935000.0,235.0,,B
Q14-0404,2015-11-30,Q14-0404,44.8,,18.0,18,17,98453000.0,,,A
Q15-0423,2015-11-15,Q15-0423,159.1,,25.0,25,25,62902000.0,,,B
Q15-0430,2015-11-24,Q15-0430,196.4,,25.0,25,25,60343000.0,269.0,,C
Q13-0300,2016-01-01,Q13-0300,171.9,,8.0,8,8,69481000.0,,,A
Q14-0331,2015-12-30,Q14-0331,79.3,,,0,0,0.0,,,B
Q14-0373,2015-12-16,Q14-0373,70.1,,6.0,6,6,1236000.0,211.0,,A
Q14-0382,2015-12-25,Q14-0382,115.2,,14.0,14,13,8269000.0,,,B
Q14-0390,2015-12-28,Q14-0390,140.6,,13.0,13,12,2968000.0,,,B
Q14-0302,2016-01-31,Q14-0302,105.6,,,0,0,0.0,,,C
Q14-0322,2016-01-16,Q14-0322,869.7,,4.0,4,4,22185000.0,,,A
Q14-0335,2016-01-31,Q14-0335,295.7,,10.0,10,10,56265000.0,171.0,,A
Q14-0346,2016-01-31,Q14-0346,112.0,,9.0,9,9,3052000.0,,,A
Q14-0347,2016-01-23,Q14-0347,356.2,,,0,0,0.0,,,B
Q14-0350,2016-01-16,Q14-0350,45.7,,,0,0,0.0,183.0,,A
Q14-0395,2016-01-27,Q14-0395,216.7,,10.0,10,8,11451000.0,,,A
Q14-0416,2016-01-18,Q14-0416,88.8,,2.0,2,2,388000.0,,,C
Q14-0304,2016-02-25,Q14-0304,169.5,,8.0,8,8,7832000.0,,,C
Q14-0339,2016-02-20,Q14-0339,135.6,,9.0,9,8,34812000.0,171.0,,A
Q14-0352,2016-02-24,Q14-0352,166.2,,9.0,9,9,60654000.0,,,A
Q14-0353,2016-03-03,Q14-0353,265.5,,8.0,8,7,10430000.0,182.0,,A
Q14-0367,2016-02-26,Q14-0367,295.1,,25.0,25,25,11806000.0,195.0,,A
Q14-0385,2016-02-18,Q14-0385,297.1,,13.0,13,8,24378000.0,,,B
Q14-0405,2016-02-20,Q14-0405,75.4,,,0,0,0.0,227.0,,C
Q14-0406,2016-02-18,Q14-0406,187.9,,,0,0,0.0,228.0,,B
Q15-0426,2016-02-27,Q15-0426,304.0,,15.0,15,14,5981000.0,,,C
Q15-0429,2016-03-04,Q15-0429,1500.0,,25.0,25,22,418637000.0,,,B
Q15-0440,2016-03-03,Q15-0440,91.5,,7.0,7,7,31176000.0,259.0,,C
Q15-0447,2016-02-22,Q15-0447,81.6,,,0,0,0.0,263.0,,B
Q15-0452,2016-02-22,Q15-0452,263.0,,3.0,3,3,17112000.0,270.0,,B
Q14-0324,2016-04-01,Q14-0324,61.3,,8.0,8,8,30138000.0,,,B
Q14-0351,2016-04-03,Q14-0351,186.5,,,0,0,0.0,177.0,,A
Q14-0358,2016-03-28,Q14-0358,502.0,,,0,0,0.0,,,B
Q15-0424,2016-03-16,Q15-0424,118.2,,6.0,6,6,3317000.0,,,C
Q15-0432,2016-04-01,Q15-0432,128.3,,5.0,5,4,11032000.0,249.0,,C
Q14-0326,2016-04-29,Q14-0326,79.3,,8.0,8,3,3545000.0,,,C
Q14-0342,2016-04-23,Q14-0342,689.3,,,0,0,0.0,,,A
Q14-0364,2016-04-18,Q14-0364,78.4,,,0,0,0.0,183.0,,A
Q14-0383,2016-05-04,Q14-0383,129.8,,,0,0,0.0,201.0,,A
Q14-0389,2016-04-18,Q14-0389,27.6,,,0,0,0.0,204.0,,A
Q14-0407,2016-05-03,Q14-0407,273.3,,8.0,8,8,47729000.0,,,B
Q14-0411,2016-04-20,Q14-0411,338.7,,17.0,17,15,54132000.0,222.0,,C
Q15-0446,2016-04-23,Q15-0446,190.7,,,0,0,0.0,252.0,,A
Q15-0450,2016-04-28,Q15-0450,115.5,,16.0,16,16,15149000.0,,,A
Q15-0462,2016-04-25,Q15-0462,73.7,,25.0,25,24,16047000.0,,,A
Q15-0475,2016-04-19,Q15-0475,133.4,,25.0,25,25,31510000.0,279.0,,A
Q14-0360,2016-05-21,Q14-0360,13.4,,1.0,1,1,14000.0,175.0,,C
Q14-0381,2016-06-02,Q14-0381,82.2,,3.0,3,3,1376000.0,,,A
Q14-0397,2016-05-23,Q14-0397,750.6,,25.0,25,24,88564000.0,,,C
Q14-0402,2016-05-31,Q14-0402,223.7,,5.0,5,5,13989000.0,208.0,,A
Q15-0473,2016-05-21,Q15-0473,491.4,,25.0,25,25,120377000.0,,,A
Q15-0479,2016-05-21,Q15-0479,75.1,,25.0,25,25,5435000.0,276.0,,A
Q14-0337,2016-06-20,Q14-0337,582.4,,25.0,25,25,92067000.0,154.0,,C
Q14-0343,2016-06-19,Q14-0343,130.4,,25.0,25,25,39723000.0,159.0,,C
Q14-0348,2016-06-30,Q14-0348,1075.8,,22.0,22,22,124630000.0,,,A
Q14-0361,2016-06-25,Q14-0361,169.6,,25.0,25,25,78363000.0,173.0,,A
Q14-0386,2016-06-24,Q14-0386,153.1,,,0,0,0.0,,,A
Q14-0410,2016-07-01,Q14-0410,210.6,,8.0,8,8,8491000.0,211.0,,B
Q15-0422,2016-06-25,Q15-0422,869.2,,25.0,25,24,90116000.0,,,B
Q15-0428,2016-06-15,Q15-0428,122.2,,17.0,17,16,13465000.0,,,B
Q15-0474,2016-06-23,Q15-0474,119.2,,,0,0,0.0,265.0,,C
Q15-0484,2016-06-24,Q15-0484,212.8,,6.0,6,6,3491000.0,275.0,,A
Q15-0502,2016-06-18,Q15-0502,262.1,,43.0,43,42,102834000.0,,,C
Q14-0368,2016-07-29,Q14-0368,78.0,,,0,0,0.0,172.0,,C
Q14-0371,2016-07-26,Q14-0371,173.5,,22.0,22,21,33215000.0,175.0,,A
Q14-0398,2016-07-26,Q14-0398,252.1,,25.0,25,25,164091000.0,193.0,,C
Q14-0399,2016-07-18,Q14-0399,223.6,,6.0,6,5,5371000.0,,,A
Q15-0483,2016-07-21,Q15-0483,70.7,,18.0,18,18,3874000.0,266.0,,A
Q15-0488,2016-07-20,Q15-0488,303.4,,19.0,19,19,91634000.0,,,B
Q14-0365,2016-09-03,Q14-0365,306.3,,5.0,5,5,26409000.0,163.0,,C
Q14-0372,2016-08-18,Q14-0372,74.7,,6.0,6,6,14118000.0,170.0,,C
Q14-0376,2016-08-30,Q14-0376,1500.0,,25.0,25,25,161098000.0,,,A
Q14-0393,2016-08-26,Q14-0393,336.7,,1.0,1,1,428000.0,183.0,,C
Q15-0425,2016-08-26,Q15-0425,1083.8,,13.0,13,13,152956000.0,211.0,,B
Q15-0427,2016-08-26,Q15-0427,83.6,,16.0,16,14,39439000.0,213.0,,A
Q15-0436,2016-08-21,Q15-0436,147.5,,3.0,3,3,1065000.0,,,C
Q15-0448,2016-08-31,Q15-0448,125.6,,20.0,20,20,52330000.0,230.0,,B
Q15-0477,2016-08-16,Q15-0477,268.3,,21.0,21,21,60501000.0,,,A
Q15-0490,2016-08-24,Q15-0490,232.0,,37.0,37,37,41391000.0,,,B
Q15-0506,2016-08-15,Q15-0506,174.6,,22.0,22,22,35222000.0,282.0,,A
Q15-0517,2016-08-19,Q15-0517,143.4,,18.0,18,17,26822000.0,,,A
Q14-0403,2016-09-30,Q14-0403,108.8,,14.0,14,14,3025000.0,,,A
Q15-0421,2016-09-24,Q15-0421,81.1,,1.0,1,1,227000.0,,,A
Q15-0454,2016-10-01,Q15-0454,334.6,,25.0,25,25,21108000.0,,,C
Q15-0466,2016-09-30,Q15-0466,150.9,,5.0,5,5,41549000.0,234.0,,A
Q15-0540,2016-10-04,Q15-0540,184.8,,15.0,15,15,47894000.0,300.0,,A
Q14-0400,2016-10-23,Q14-0400,560.3,,7.0,7,4,28827000.0,,,C
Q15-0439,2016-11-02,Q15-0439,213.3,,4.0,4,4,9463000.0,201.0,,A
Q15-0485,2016-10-22,Q15-0485,447.0,,25.0,25,23,25009000.0,,,C
Q15-0489,2016-10-25,Q15-0489,105.9,,22.0,22,22,104221000.0,,,A
Q15-0528,2016-10-23,Q15-0528,1057.6,,8.0,8,8,37519000.0,278.0,,C
Q14-0419,2016-11-29,Q14-0419,324.1,,22.0,22,22,36943000.0,180.0,,A
Q15-0431,2016-12-02,Q15-0431,193.1,,6.0,6,6,3871000.0,188.0,,A
Q15-0435,2016-12-01,Q15-0435,422.2,,25.0,25,25,85487000.0,193.0,,C
Q15-0476,2016-12-03,Q15-0476,73.6,,8.0,8,8,15836000.0,,,C
Q15-0478,2016-11-18,Q15-0478,1359.8,,25.0,25,25,202834000.0,227.0,,A
Q15-0487,2016-11-22,Q15-0487,82.1,,25.0,25,25,49491000.0,,,A
Q15-0494,2016-11-17,Q15-0494,260.0,,25.0,25,24,29277000.0,241.0,,A
Q15-0513,2016-11-23,Q15-0513,84.8,,25.0,25,24,23418000.0,260.0,,A
Q15-0535,2016-11-26,Q15-0535,187.0,,11.0,11,11,21254000.0,,,A
Q14-0401,2017-01-01,Q14-0401,327.0,,3.0,3,3,4679000.0,158.0,,A
Q14-0412,2017-01-02,Q14-0412,151.2,,1.0,1,1,1761000.0,167.0,,C
Q14-0413,2016-12-19,Q14-0413,164.9,,25.0,25,25,11252000.0,,,A
Q14-0414,2016-12-27,Q14-0414,600.0,,25.0,25,25,228705000.0,167.0,,A
Q14-0417,2016-12-21,Q14-0417,1500.0,,16.0,16,13,28461000.0,,,A
Q15-0433,2016-12-23,Q15-0433,104.1,,1.0,1,1,401000.0,185.0,,A
Q15-0442,2017-01-03,Q15-0442,90.9,,1.0,1,1,386000.0,190.0,,C
Q15-0451,2016-12-16,Q15-0451,78.9,,1.0,1,1,2906000.0,197.0,,C
Q15-0453,2016-12-30,Q15-0453,93.3,,9.0,9,8,3426000.0,,,A
Q15-0458,2016-12-20,Q15-0458,108.7,,,0,0,0.0,202.0,,A
Q15-0470,2016-12-20,Q15-0470,922.5,,3.0,3,3,6682000.0,,,C
Q15-0471,2016-12-25,Q15-0471,353.3,,6.0,6,4,14365000.0,,,A
Q15-0498,2016-12-19,Q15-0498,839.7,,25.0,25,25,127847000.0,,,C
Q15-0499,2016-12-18,Q15-0499,140.9,,,0,0,0.0,236.0,,A
Q15-0530,2017-01-01,Q15-0530,258.5,,5.0,5,5,7202000.0,,,A
Q15-0560,2016-12-17,Q15-0560,187.1,,22.0,22,21,60179000.0,,,C
Q16-0562,2016-12-31,Q16-0562,287.0,,25.0,25,25,119368000.0,291.0,,A
Q16-0570,2016-12-22,Q16-0570,97.3,,10.0,10,10,32700000.0,,,A
Q16-0571,2017-01-03,Q16-0571,188.9,,5.0,5,5,9460000.0,299.0,,B
Q16-0583,2016-12-20,Q16-0583,169.4,,25.0,25,25,13201000.0,,,A
Q14-0409,2017-02-01,Q14-0409,234.5,,25.0,25,25,8222000.0,,,A
Q14-0415,2017-01-28,Q14-0415,71.0,,,0,0,0.0,,,A
Q14-0420,2017-01-17,Q14-0420,1500.0,,25.0,25,25,245771000.0,165.0,,A
Q15-0464,2017-01-21,Q15-0464,82.0,,5.0,5,5,2357000.0,,,A
Q15-0481,2017-01-25,Q15-0481,69.4,,4.0,4,4,12880000.0,209.0,,A
Q15-0511,2017-01-22,Q15-0511,75.0,,25.0,25,25,5320000.0,,,C
Q15-0536,2017-01-24,Q15-0536,238.4,,,0,0,0.0,259.0,,C
Q15-0538,2017-01-29,Q15-0538,69.5,,25.0,25,25,15231000.0,,,B
Q15-0553,2017-02-02,Q15-0553,81.5,,7.0,7,7,1891000.0,,,A
Q15-0555,2017-01-30,Q15-0555,222.3,,25.0,25,25,37425000.0,273.0,,A
Q16-0579,2017-01-24,Q16-0579,79.3,,3.0,3,3,792000.0,,,C
Q15-0445,2017-03-04,Q15-0445,254.6,,10.0,10,7,5927000.0,,,A
Q15-0463,2017-02-19,Q15-0463,1056.2,,,0,0,0.0,,,C
Q15-0493,2017-02-19,Q15-0493,323.2,,13.0,13,13,56497000.0,212.0,,A
Q15-0501,2017-02-15,Q15-0501,118.9,,10.0,10,8,8185000.0,220.0,,C
Q15-0509,2017-02-18,Q15-0509,185.0,,,0,0,0.0,,,B
Q15-0516,2017-03-05,Q15-0516,91.6,,8.0,8,8,8336000.0,,,C
Q15-0519,2017-02-27,Q15-0519,400.6,,25.0,25,24,116694000.0,236.0,,A
Q15-0524,2017-02-19,Q15-0524,1500.0,,25.0,25,25,153797000.0,,,B
Q16-0586,2017-03-03,Q16-0586,64.9,,14.0,14,12,3667000.0,295.0,,A
Q15-0434,2017-04-03,Q15-0434,374.5,,13.0,13,13,34201000.0,162.0,,B
Q15-0460,2017-03-25,Q15-0460,354.8,,25.0,25,25,64247000.0,179.0,,C
Q15-0468,2017-04-02,Q15-0468,124.1,,9.0,9,9,3157000.0,185.0,,A
Q15-0469,2017-03-19,Q15-0469,224.1,,,0,0,0.0,,,A
Q15-0529,2017-03-18,Q15-0529,98.6,,1.0,1,1,498000.0,237.0,,C
Q16-0567,2017-03-15,Q16-0567,55.4,,25.0,25,25,16220000.0,270.0,,A
Q16-0568,2017-03-20,Q16-0568,1028.6,,19.0,19,19,33381000.0,,,A
Q16-0580,2017-04-02,Q16-0580,63.8,,3.0,3,3,375000.0,,,A
Q16-0585,2017-03-28,Q16-0585,72.4,,,0,0,0.0,286.0,,A
Q16-0609,2017-03-28,Q16-0609,97.2,,16.0,16,16,26137000.0,,,A
Q16-0614,2017-03-16,Q16-0614,58.8,,13.0,13,13,14409000.0,,,A
Q15-0441,2017-04-16,Q15-0441,52.6,,1.0,1,1,265000.0,,,A
Q15-0443,2017-05-02,Q15-0443,135.5,,6.0,6,6,5046000.0,159.0,,A
Q15-0449,2017-04-30,Q15-0449,680.3,,21.0,21,17,155292000.0,,,A
Q15-0455,2017-04-23,Q15-0455,230.4,,14.0,14,12,13126000.0,167.0,,A
Q15-0456,2017-05-01,Q15-0456,133.6,,,0,0,0.0,,,C
Q15-0467,2017-04-27,Q15-0467,210.4,,,0,0,0.0,176.0,,C
Q15-0492,2017-05-02,Q15-0492,142.4,,32.0,32,32,189266000.0,,,C
Q15-0500,2017-04-22,Q15-0500,196.7,,1.0,1,1,5078000.0,203.0,,C
Q15-0510,2017-04-20,Q15-0510,734.4,,25.0,25,25,227847000.0,,,C
Q15-0512,2017-04-25,Q15-0512,190.3,,7.0,7,7,32889000.0,,,A
Q15-0523,2017-04-23,Q15-0523,566.0,,14.0,14,14,51784000.0,,,A
Q15-0543,2017-04-29,Q15-0543,343.7,,25.0,25,25,44530000.0,239.0,,C
Q15-0550,2017-04-17,Q15-0550,363.5,,17.0,17,17,16740000.0,,,A
Q15-0558,2017-04-20,Q15-0558,176.1,,25.0,25,25,12329000.0,252.0,,A
Q16-0563,2017-04-20,Q16-0563,217.2,,14.0,14,12,15145000.0,,,C
Q16-0565,2017-04-24,Q16-0565,44.2,,25.0,25,25,4180000.0,258.0,,A
Q16-0591,2017-04-19,Q16-0591,452.8,,8.0,8,8,51327000.0,,,A
Q15-0461,2017-05-29,Q15-0461,161.9,,,0,0,0.0,164.0,,C
Q15-0496,2017-05-19,Q15-0496,88.2,,,0,0,0.0,,,C
Q15-0497,2017-05-16,Q15-0497,401.8,,10.0,10,10,47588000.0,193.0,,A
Q16-0577,2017-05-19,Q16-0577,154.0,,23.0,23,23,66188000.0,,,A
Q16-0623,2017-06-03,Q16-0623,211.5,,1.0,1,1,5209000.0,,,A
Q16-0631,2017-05-15,Q16-0631,52.8,,11.0,11,11,16409000.0,,,A
Q16-0638,2017-05-26,Q16-0638,151.7,,25.0,25,18,9537000.0,,,A
Q15-0482,2017-06-26,Q15-0482,139.4,,20.0,20,20,47620000.0,173.0,,C
Q15-0548,2017-06-21,Q15-0548,192.8,,11.0,11,11,7329000.0,,,C
Q16-0578,2017-06-15,Q16-0578,250.6,,2.0,2,2,11942000.0,,,B
Q16-0581,2017-06-19,Q16-0581,91.5,,21.0,21,21,14666000.0,253.0,,C
Q16-0582,2017-06-15,Q16-0582,146.6,,1.0,1,1,344000.0,254.0,,A
Q16-0651,2017-06-16,Q16-0651,159.3,,34.0,34,34,108030000.0,,,B
Q16-0653,2017-06-29,Q16-0653,92.8,,18.0,18,18,33228000.0,317.0,,A
Q16-0661,2017-06-25,Q16-0661,74.1,,25.0,25,25,9210000.0,,,A
Q15-0503,2017-07-18,Q15-0503,1009.0,,16.0,16,16,143461000.0,,,C
Q15-0504,2017-07-20,Q15-0504,240.2,,22.0,22,20,20511000.0,183.0,,C
Q15-0507,2017-07-16,Q15-0507,152.3,,6.0,6,6,6323000.0,187.0,,A
Q15-0527,2017-07-27,Q15-0527,182.9,,1.0,1,1,438000.0,203.0,,C
Q15-0532,2017-07-17,Q15-0532,59.0,,,0,0,0.0,,,C
Q15-0534,2017-07-19,Q15-0534,100.7,,3.0,3,3,1111000.0,210.0,,A
Q15-0544,2017-07-19,Q15-0544,126.3,,16.0,16,16,8711000.0,,,C
Q16-0575,2017-07-15,Q16-0575,278.8,,7.0,7,7,74801000.0,240.0,,A
Q16-0593,2017-07-16,Q16-0593,150.0,,19.0,19,14,7749000.0,,,C
Q16-0603,2017-07-28,Q16-0603,377.1,,17.0,17,17,113728000.0,,,C
Q16-0604,2017-07-22,Q16-0604,78.9,,1.0,1,1,56000.0,,,A
Q16-0624,2017-07-25,Q16-0624,161.7,,1.0,1,1,1285000.0,,,A
Q16-0643,2017-07-21,Q16-0643,1500.0,,25.0,25,25,115074000.0,,,A
Q16-0657,2017-08-02,Q16-0657,381.4,,1.0,1,1,638000.0,,,A
Q16-0660,2017-07-25,Q16-0660,137.6,,,0,0,0.0,,,A
Q15-0486,2017-08-28,Q15-0486,188.9,,5.0,5,4,7180000.0,162.0,,A
Q15-0505,2017-08-24,Q15-0505,74.2,,,0,0,0.0,177.0,,A
Q15-0508,2017-08-20,Q15-0508,327.2,,25.0,25,25,13136000.0,,,A
Q15-0551,2017-09-02,Q15-0551,285.4,,21.0,21,21,149616000.0,,,A
Q15-0552,2017-09-01,Q15-0552,137.5,,24.0,24,24,178001000.0,,,A
Q15-0557,2017-08-25,Q15-0557,986.3,,25.0,25,25,54055000.0,,,A
Q16-0564,2017-09-01,Q16-0564,126.3,,4.0,4,4,30615000.0,,,B
Q16-0598,2017-08-17,Q16-0598,98.5,,,0,0,0.0,251.0,,A
Q16-0649,2017-08-29,Q16-0649,132.0,,15.0,15,14,18892000.0,296.0,,C
Q16-0658,2017-08-23,Q16-0658,26.7,,15.0,15,14,26829000.0,304.0,,C
Q16-0666,2017-08-26,Q16-0666,80.1,,2.0,2,1,131000.0,313.0,,A
Q16-0681,2017-08-24,Q16-0681,536.7,,25.0,25,25,125395000.0,,,B
Q15-0495,2017-09-19,Q15-0495,62.0,,,0,0,0.0,161.0,,A
Q15-0520,2017-09-30,Q15-0520,1110.7,,8.0,8,8,89525000.0,,,C
Q15-0521,2017-10-03,Q15-0521,164.1,,3.0,3,3,12995000.0,,,A
Q16-0600,2017-09-29,Q16-0600,104.2,,44.0,44,44,152150000.0,246.0,,B
Q16-0605,2017-09-23,Q16-0605,1500.0,,11.0,11,10,98370000.0,,,A
Q16-0620,2017-09-25,Q16-0620,301.2,,25.0,25,25,9625000.0,,,C
Q16-0621,2017-09-29,Q16-0621,284.2,,4.0,4,4,11101000.0,,,B
Q16-0655,2017-09-25,Q16-0655,237.9,,14.0,14,11,49020000.0,293.0,,C
Q16-0662,2017-10-04,Q16-0662,128.9,,,0,0,0.0,301.0,,B
Q16-0682,2017-09-25,Q16-0682,176.7,,,0,0,0.0,,,A
Q16-0683,2017-09-16,Q16-0683,164.1,,2.0,2,1,8987000.0,,,A
Q16-0698,2017-09-29,Q16-0698,88.4,,8.0,8,8,1030000.0,,,B
Q16-0702,2017-09-20,Q16-0702,10.4,,36.0,36,36,79872000.0,,,A
Q15-0514,2017-10-27,Q15-0514,218.7,,6.0,6,5,8097000.0,171.0,,A
Q15-0525,2017-10-19,Q15-0525,413.7,,21.0,21,21,110747000.0,,,A
Q15-0533,2017-10-27,Q15-0533,334.3,,,0,0,0.0,,,A
Q16-0587,2017-10-25,Q16-0587,103.4,,2.0,2,2,397000.0,,,C
Q16-0594,2017-10-16,Q16-0594,268.5,,2.0,2,1,992000.0,,,A
Q16-0612,2017-11-02,Q16-0612,1190.6,,,0,0,0.0,,,A
Q16-0627,2017-10-24,Q16-0627,56.2,,9.0,9,9,4769000.0,259.0,,B
Q16-0629,2017-10-16,Q16-0629,65.8,,,0,0,0.0,,,C
Q16-0633,2017-10-17,Q16-0633,191.8,,6.0,6,5,5989000.0,265.0,,A
Q16-0665,2017-10-21,Q16-0665,69.8,,13.0,13,13,4802000.0,,,A
Q16-0668,2017-10-17,Q16-0668,241.8,,,0,0,0.0,297.0,,A
Q16-0675,2017-10-30,Q16-0675,35.7,,35.0,35,35,2234000.0,,,C
Q16-0691,2017-10-21,Q16-0691,668.2,,6.0,6,6,29451000.0,,,A
Q16-0706,2017-10-31,Q16-0706,122.9,,,0,0,0.0,333.0,,C
Q16-0707,2017-10-26,Q16-0707,205.0,,10.0,10,10,29053000.0,,,C
Q15-0526,2017-11-27,Q15-0526,126.3,,2.0,2,2,4741000.0,,,A
Q15-0531,2017-11-15,Q15-0531,157.8,,6.0,6,6,27136000.0,177.0,,C
Q15-0542,2017-12-02,Q15-0542,262.4,,13.0,13,10,22914000.0,185.0,,C
Q15-0545,2017-11-27,Q15-0545,1034.2,,15.0,15,15,189511000.0,,,A
Q16-0566,2017-11-23,Q16-0566,155.4,,1.0,1,1,924000.0,203.0,,B
Q16-0601,2017-11-30,Q16-0601,143.1,,,0,0,0.0,,,C
Q16-0641,2017-11-29,Q16-0641,318.6,,,0,0,0.0,266.0,,C
Q16-0671,2017-11-16,Q16-0671,60.0,,15.0,15,14,1332000.0,294.0,,B
Q15-0546,2017-12-22,Q15-0546,475.6,,6.0,6,6,51533000.0,181.0,,C
Q16-0572,2017-12-20,Q16-0572,92.8,,,0,0,0.0,,,A
Q16-0574,2017-12-20,Q16-0574,302.0,,17.0,17,17,30310000.0,200.0,,A
Q16-0596,2017-12-26,Q16-0596,46.9,,8.0,8,8,31850000.0,,,B
Q16-0616,2017-12-21,Q16-0616,92.7,,,0,0,0.0,,,C
Q16-0619,2018-01-02,Q16-0619,703.7,,20.0,20,15,29651000.0,,,A
Q16-0635,2017-12-20,Q16-0635,187.4,,7.0,7,7,9553000.0,252.0,,A
Q16-0687,2017-12-28,Q16-0687,384.9,,2.0,2,2,1027000.0,299.0,,A
Q16-0689,2017-12-27,Q16-0689,91.9,,,0,0,0.0,,,C
Q16-0710,2017-12-17,Q16-0710,70.6,,1.0,1,1,63000.0,322.0,,B
Q17-0725,2018-01-02,Q17-0725,206.5,,25.0,25,25,118371000.0,,,C
Q17-0726,2017-12-20,Q17-0726,88.7,,6.0,6,5,3818000.0,,,A
Q17-0741,2017-12-21,Q17-0741,247.3,,9.0,9,9,35678000.0,,,B
Q15-0554,2018-02-02,Q15-0554,109.0,,22.0,22,22,133063000.0,,,A
Q16-0592,2018-01-30,Q16-0592,105.7,,,0,0,0.0,207.0,,A
Q16-0597,2018-01-26,Q16-0597,87.5,,1.0,1,1,150000.0,,,A
Q16-0599,2018-01-18,Q16-0599,40.0,,1.0,1,1,71000.0,213.0,,C
Q16-0602,2018-01-18,Q16-0602,904.9,,11.0,11,11,85887000.0,,,A
Q16-0610,2018-01-18,Q16-0610,184.1,,4.0,4,4,9077000.0,,,A
Q16-0628,2018-01-22,Q16-0628,713.5,,17.0,17,17,37596000.0,,,B
Q16-0645,2018-01-31,Q16-0645,135.5,,9.0,9,9,25006000.0,,,A
Q16-0654,2018-01-25,Q16-0654,107.8,,9.0,9,9,9934000.0,,,A
Q16-0667,2018-01-21,Q16-0667,200.1,,18.0,18,18,23759000.0,272.0,,A
Q16-0688,2018-01-29,Q16-0688,576.9,,5.0,5,5,19261000.0,,,A
Q16-0693,2018-02-01,Q16-0693,274.6,,15.0,15,15,35359000.0,296.0,,A
Q17-0763,2018-01-31,Q17-0763,184.2,,13.0,13,13,20991000.0,364.0,,A
Q15-0559,2018-02-17,Q15-0559,73.0,,20.0,20,20,16242000.0,,,A
Q16-0576,2018-02-21,Q16-0576,56.2,,,0,0,0.0,,,C
Q16-0634,2018-03-01,Q16-0634,125.2,,5.0,5,5,4030000.0,,,A
Q16-0636,2018-03-04,Q16-0636,298.4,,29.0,29,29,77909000.0,237.0,,C
Q16-0673,2018-02-15,Q16-0673,211.6,,3.0,3,3,795000.0,,,A
Q16-0674,2018-03-04,Q16-0674,218.2,,5.0,5,5,1949000.0,,,A
Q16-0697,2018-03-06,Q16-0697,62.2,,19.0,19,19,106648000.0,293.0,,B
Q16-0715,2018-02-23,Q16-0715,891.8,,25.0,25,25,144998000.0,,,A
Q17-0735,2018-03-05,Q17-0735,102.9,,22.0,22,22,108764000.0,328.0,,C
Q16-0584,2018-03-28,Q16-0584,356.8,,7.0,7,7,6479000.0,184.0,,C
Q16-0588,2018-03-22,Q16-0588,60.0,,4.0,4,4,29993000.0,188.0,,B
Q16-0650,2018-03-24,Q16-0650,110.5,,2.0,2,2,1592000.0,238.0,,C
Q16-0659,2018-03-18,Q16-0659,122.5,,1.0,1,1,614000.0,,,C
Q16-0664,2018-03-22,Q16-0664,514.1,,2.0,2,2,493000.0,,,A
Q16-0686,2018-03-28,Q16-0686,121.5,,6.0,6,6,23446000.0,,,A
Q16-0694,2018-04-02,Q16-0694,114.3,,9.0,9,9,4664000.0,279.0,,C
Q16-0696,2018-03-29,Q16-0696,828.3,,21.0,21,21,38859000.0,,,C
Q16-0714,2018-03-27,Q16-0714,66.7,,15.0,15,15,2898000.0,299.0,,C
Q16-0717,2018-04-02,Q16-0717,192.8,,,0,0,0.0,,,A
Q17-0742,2018-04-02,Q17-0742,91.7,,6.0,6,6,1169000.0,,,C
Q17-0754,2018-03-16,Q17-0754,269.8,,9.0,9,9,58151000.0,337.0,,B
Q17-0761,2018-03-17,Q17-0761,253.7,,8.0,8,8,33468000.0,343.0,,C
Q17-0781,2018-03-28,Q17-0781,146.7,,25.0,25,25,13217000.0,361.0,,A
Q16-0589,2018-04-19,Q16-0589,161.2,,2.0,2,2,1720000.0,180.0,,A
Q16-0615,2018-04-16,Q16-0615,158.6,,,0,0,0.0,,,A
Q16-0617,2018-04-17,Q16-0617,278.8,,5.0,5,5,17426000.0,,,C
Q16-0618,2018-04-15,Q16-0618,154.9,,21.0,21,21,76637000.0,,,A
Q16-0626,2018-04-30,Q16-0626,221.6,,6.0,6,6,1783000.0,209.0,,B
Q16-0642,2018-04-28,Q16-0642,414.7,,3.0,3,3,6673000.0,,,A
Q16-0648,2018-05-03,Q16-0648,469.5,,11.0,11,11,29871000.0,,,C
Q16-0656,2018-04-20,Q16-0656,191.6,,3.0,3,3,2389000.0,237.0,,A
Q16-0676,2018-04-21,Q16-0676,144.1,,10.0,10,10,20228000.0,,,A
Q16-0704,2018-04-30,Q16-0704,92.8,,2.0,2,2,26610000.0,,,A
Q16-0716,2018-04-25,Q16-0716,138.6,,7.0,7,7,2540000.0,291.0,,A
Q17-0788,2018-04-17,Q17-0788,71.6,,25.0,25,25,147523000.0,,,C
Q17-0792,2018-04-22,Q17-0792,79.0,,25.0,25,25,5248000.0,361.0,,A
Q16-0611,2018-05-31,Q16-0611,98.2,,,0,0,0.0,,,B
Q16-0678,2018-05-21,Q16-0678,299.1,,11.0,11,11,44614000.0,,,B
Q17-0772,2018-06-02,Q17-0772,93.9,,5.0,5,5,7278000.0,,,B
Q17-0802,2018-05-22,Q17-0802,102.3,,34.0,34,33,21633000.0,362.0,,C
Q17-0832,2018-05-23,Q17-0832,1214.0,,25.0,25,25,108423000.0,,,B
Q16-0606,2018-07-01,Q16-0606,104.2,,19.0,19,19,6518000.0,,,A
Q16-0613,2018-06-25,Q16-0613,192.6,,7.0,7,7,5322000.0,183.0,,C
Q16-0632,2018-06-15,Q16-0632,301.1,,1.0,1,1,216000.0,,,C
Q16-0646,2018-06-25,Q16-0646,327.4,,6.0,6,6,17348000.0,211.0,,C
Q16-0647,2018-06-30,Q16-0647,894.7,,24.0,24,24,119890000.0,,,C
Q16-0711,2018-06-22,Q16-0711,70.1,,2.0,2,2,1497000.0,270.0,,A
Q17-0743,2018-06-21,Q17-0743,204.9,,3.0,3,3,4279000.0,,,C
Q17-0750,2018-06-21,Q17-0750,193.3,,8.0,8,8,13756000.0,,,A
Q17-0785,2018-06-20,Q17-0785,561.7,,25.0,25,25,101728000.0,,,C
Q17-0795,2018-07-02,Q17-0795,145.4,,,0,0,0.0,343.0,,A
Q17-0801,2018-07-04,Q17-0801,116.7,,1.0,1,1,837000.0,349.0,,A
Q17-0814,2018-06-26,Q17-0814,637.1,,21.0,21,21,72833000.0,,,A
Q17-0837,2018-06-18,Q17-0837,132.7,,25.0,25,25,13636000.0,382.0,,A
Q16-0630,2018-08-03,Q16-0630,67.6,,5.0,5,4,1453000.0,,,A
Q16-0640,2018-07-19,Q16-0640,149.8,,2.0,2,2,453000.0,202.0,,C
Q16-0663,2018-07-22,Q16-0663,77.0,,6.0,6,6,5511000.0,,,A
Q16-0705,2018-07-15,Q16-0705,172.3,,21.0,21,21,9299000.0,260.0,,A
Q17-0734,2018-07-26,Q17-0734,143.2,,18.0,18,18,24846000.0,,,A
Q17-0747,2018-08-03,Q17-0747,287.1,,15.0,15,15,70120000.0,,,A
Q17-0757,2018-07-19,Q17-0757,74.4,,3.0,3,3,494000.0,307.0,,A
Q17-0767,2018-07-28,Q17-0767,55.7,,6.0,6,6,574000.0,,,C
Q17-0797,2018-07-25,Q17-0797,31.6,,25.0,25,25,4329000.0,341.0,,C
Q17-0811,2018-07-28,Q17-0811,71.4,,25.0,25,25,4822000.0,,,A
Q17-0815,2018-07-30,Q17-0815,188.6,,3.0,3,3,1629000.0,,,C
Q17-0819,2018-07-21,Q17-0819,128.3,,6.0,6,6,7631000.0,,,A
Q17-0840,2018-08-02,Q17-0840,863.9,,3.0,3,3,16168000.0,,,C
Q17-0843,2018-08-01,Q17-0843,705.7,,5.0,5,5,33139000.0,,,C
Q17-0866,2018-08-01,Q17-0866,43.7,,7.0,7,7,3839000.0,,,A
Q16-0637,2018-08-18,Q16-0637,46.0,,2.0,2,2,2507000.0,,,C
Q16-0652,2018-08-18,Q16-0652,57.0,,2.0,2,2,443000.0,,,C
Q16-0677,2018-08-24,Q16-0677,407.3,,3.0,3,3,1383000.0,,,C
Q16-0679,2018-08-17,Q16-0679,131.2,,,0,0,0.0,,,A
Q16-0680,2018-08-21,Q16-0680,1342.4,,25.0,25,25,65954000.0,,,A
Q16-0692,2018-08-30,Q16-0692,83.1,,12.0,12,12,32982000.0,,,C
Q16-0695,2018-08-26,Q16-0695,111.3,,5.0,5,5,12028000.0,233.0,,B
Q16-0703,2018-08-28,Q16-0703,55.0,,,0,0,0.0,241.0,,A
Q16-0709,2018-08-22,Q16-0709,330.0,,15.0,15,15,67030000.0,,,C
Q17-0728,2018-08-24,Q17-0728,52.7,,8.0,8,8,13989000.0,,,C
Q17-0729,2018-08-28,Q17-0729,361.7,,12.0,12,12,46938000.0,,,A
Q17-0753,2018-08-22,Q17-0753,49.9,,25.0,25,25,11047000.0,284.0,,A
Q17-0764,2018-08-27,Q17-0764,155.1,,25.0,25,25,11272000.0,293.0,,B
Q17-0768,2018-08-30,Q17-0768,213.6,,25.0,25,25,10996000.0,,,A
Q17-0770,2018-08-25,Q17-0770,216.9,,6.0,6,6,3460000.0,,,A
Q17-0777,2018-08-17,Q17-0777,145.7,,25.0,25,25,159644000.0,,,A
Q17-0800,2018-08-15,Q17-0800,149.4,,20.0,20,20,43906000.0,324.0,,C
Q17-0823,2018-08-29,Q17-0823,145.5,,2.0,2,2,10202000.0,,,C
Q17-0851,2018-08-25,Q17-0851,59.4,,25.0,25,25,3583000.0,,,A
Q17-0858,2018-08-19,Q17-0858,129.9,,11.0,11,11,2591000.0,380.0,,C
Q17-0863,2018-09-03,Q17-0863,113.1,,17.0,17,17,34966000.0,383.0,,C
Q17-0877,2018-08-30,Q17-0877,127.6,,20.0,20,16,28486000.0,,,B
Q17-0884,2018-08-24,Q17-0884,406.3,,14.0,14,14,34937000.0,,,B
Q16-0670,2018-09-27,Q16-0670,375.5,,7.0,7,7,11751000.0,,,A
Q16-0699,2018-10-02,Q16-0699,278.0,,3.0,3,3,15788000.0,231.0,,A
Q16-0700,2018-09-26,Q16-0700,212.4,,18.0,18,18,27417000.0,,,C
Q16-0712,2018-09-16,Q16-0712,168.3,,25.0,25,25,52955000.0,243.0,,A
Q17-0727,2018-09-25,Q17-0727,438.6,,25.0,25,25,26033000.0,,,C
Q17-0756,2018-09-25,Q17-0756,128.5,,9.0,9,9,64803000.0,,,B
Q17-0760,2018-09-15,Q17-0760,284.8,,25.0,25,25,9478000.0,,,C
Q17-0793,2018-09-29,Q17-0793,132.0,,33.0,33,33,162344000.0,,,A
Q17-0850,2018-09-22,Q17-0850,598.5,,12.0,12,12,47849000.0,,,B
Q17-0887,2018-09-22,Q17-0887,773.4,,21.0,21,21,96116000.0,,,C
Q17-0894,2018-09-19,Q17-0894,249.0,,25.0,25,25,15047000.0,403.0,,C
Q16-0685,2018-10-21,Q16-0685,270.0,,3.0,3,3,20240000.0,210.0,,C
Q16-0708,2018-10-27,Q16-0708,250.9,,25.0,25,25,56276000.0,231.0,,A
Q17-0736,2018-10-16,Q17-0736,145.5,,2.0,2,2,13859000.0,253.0,,A
Q17-0737,2018-10-17,Q17-0737,63.1,,,0,0,0.0,253.0,,A
Q17-0749,2018-10-28,Q17-0749,222.5,,1.0,1,1,1361000.0,,,A
Q17-0751,2018-10-20,Q17-0751,163.0,,15.0,15,11,25253000.0,266.0,,C
Q17-0766,2018-10-21,Q17-0766,149.4,,22.0,22,22,75951000.0,,,A
Q17-0775,2018-10-24,Q17-0775,70.8,,7.0,7,7,2115000.0,286.0,,A
Q17-0778,2018-10-29,Q17-0778,488.7,,21.0,21,21,68375000.0,289.0,,A
Q17-0799,2018-10-16,Q17-0799,123.2,,25.0,25,24,9921000.0,308.0,,A
Q17-0806,2018-10-25,Q17-0806,105.5,,21.0,21,20,8868000.0,312.0,,A
Q17-0831,2018-10-16,Q17-0831,61.9,,23.0,23,23,16211000.0,336.0,,A
Q17-0834,2018-10-18,Q17-0834,289.7,,25.0,25,25,75919000.0,,,A
Q17-0844,2018-11-03,Q17-0844,388.3,,6.0,6,6,22265000.0,348.0,,A
Q17-0860,2018-11-02,Q17-0860,63.5,,12.0,12,12,4109000.0,362.0,,A
Q17-0873,2018-10-25,Q17-0873,295.9,,25.0,25,23,9605000.0,,,A
Q16-0701,2018-11-27,Q16-0701,31.6,,20.0,20,20,1616000.0,,,C
Q16-0719,2018-11-29,Q16-0719,234.0,,,0,0,0.0,,,C
Q17-0721,2018-11-15,Q17-0721,68.7,,20.0,20,20,12490000.0,,,B
Q17-0723,2018-12-04,Q17-0723,69.2,,,0,0,0.0,229.0,,C
Q17-0744,2018-11-24,Q17-0744,49.0,,2.0,2,2,166000.0,,,A
Q17-0745,2018-11-25,Q17-0745,96.0,,8.0,8,8,11364000.0,,,C
Q17-0786,2018-11-24,Q17-0786,148.4,,17.0,17,17,21912000.0,283.0,,B
Q17-0820,2018-11-16,Q17-0820,111.6,,12.0,12,12,8285000.0,,,A
Q17-0839,2018-12-02,Q17-0839,133.6,,25.0,25,25,84182000.0,,,C
Q17-0854,2018-11-19,Q17-0854,147.7,,1.0,1,1,422000.0,,,C
Q17-0867,2018-11-24,Q17-0867,473.3,,8.0,8,8,71530000.0,356.0,,A
Q17-0748,2018-12-26,Q17-0748,91.0,,,0,0,0.0,244.0,,A
Q17-0752,2018-12-28,Q17-0752,280.9,,15.0,15,15,79201000.0,,,A
Q17-0816,2018-12-24,Q17-0816,121.1,,,0,0,0.0,301.0,,C
Q17-0817,2018-12-27,Q17-0817,736.7,,,0,0,0.0,,,A
Q17-0824,2018-12-27,Q17-0824,58.9,,7.0,7,5,1951000.0,309.0,,C
Q17-0828,2019-01-03,Q17-0828,125.4,,1.0,1,1,520000.0,312.0,,A
Q17-0838,2018-12-15,Q17-0838,58.4,,,0,0,0.0,320.0,,A
Q17-0876,2019-01-03,Q17-0876,59.7,,5.0,5,5,2101000.0,,,C
Q17-0904,2019-01-02,Q17-0904,52.8,,25.0,25,25,2277000.0,,,A
Q18-0917,2018-12-31,Q18-0917,317.6,,25.0,25,25,74322000.0,,,B
Q16-0720,2019-01-23,Q16-0720,107.7,,1.0,1,1,268000.0,213.0,,A
Q17-0732,2019-01-23,Q17-0732,66.8,,,0,0,0.0,,,C
Q17-0733,2019-01-28,Q17-0733,69.7,,3.0,3,3,3157000.0,,,C
Q17-0790,2019-01-27,Q17-0790,43.9,,48.0,48,48,41848000.0,271.0,,C
Q17-0809,2019-01-17,Q17-0809,117.2,,35.0,35,35,178755000.0,,,A
Q17-0829,2019-01-23,Q17-0829,95.5,,,0,0,0.0,304.0,,C
Q17-0830,2019-01-24,Q17-0830,229.4,,10.0,10,9,8634000.0,,,A
Q17-0842,2019-01-27,Q17-0842,215.1,,14.0,14,12,68263000.0,,,A
Q17-0845,2019-01-17,Q17-0845,142.1,,3.0,3,2,405000.0,,,B
Q17-0862,2019-02-02,Q17-0862,77.1,,,0,0,0.0,,,A
Q17-0880,2019-01-26,Q17-0880,75.4,,6.0,6,6,10279000.0,350.0,,C
Q18-0957,2019-02-02,Q18-0957,291.3,,2.0,2,2,11594000.0,,,A
Q18-0960,2019-01-30,Q18-0960,148.4,,5.0,5,5,9111000.0,,,A
Q17-0722,2019-02-21,Q17-0722,81.7,,,0,0,0.0,205.0,,A
Q17-0731,2019-03-01,Q17-0731,187.0,,4.0,4,4,10722000.0,,,A
Q17-0739,2019-02-18,Q17-0739,288.2,,10.0,10,10,78801000.0,220.0,,C
Q17-0740,2019-03-03,Q17-0740,222.4,,2.0,2,1,2986000.0,220.0,,B
Q17-0755,2019-03-06,Q17-0755,52.4,,,0,0,0.0,,,A
Q17-0857,2019-03-04,Q17-0857,128.1,,,0,0,0.0,,,C
Q17-0870,2019-02-25,Q17-0870,120.1,,,0,0,0.0,,,C
Q17-0882,2019-02-17,Q17-0882,1225.5,,25.0,25,25,134175000.0,,,B
Q17-0724,2019-03-17,Q17-0724,56.5,,25.0,25,25,67028000.0,200.0,,A
Q17-0738,2019-03-27,Q17-0738,59.2,,10.0,10,10,886000.0,,,A
Q17-0808,2019-03-29,Q17-0808,59.3,,,0,0,0.0,267.0,,C
Q17-0810,2019-03-20,Q17-0810,46.7,,,0,0,0.0,,,B
Q17-0821,2019-03-31,Q17-0821,136.7,,,0,0,0.0,,,A
Q17-0822,2019-03-15,Q17-0822,103.1,,,0,0,0.0,,,A
Q17-0841,2019-03-20,Q17-0841,678.8,,9.0,9,9,132505000.0,,,A
Q17-0847,2019-03-26,Q17-0847,75.9,,11.0,11,11,3108000.0,303.0,,B
Q17-0853,2019-03-17,Q17-0853,227.9,,11.0,11,9,36568000.0,307.0,,C
Q17-0869,2019-03-15,Q17-0869,76.2,,7.0,7,7,10403000.0,319.0,,A
Q18-0924,2019-03-27,Q18-0924,26.6,,19.0,19,19,93680000.0,,,A
Q18-0930,2019-03-16,Q18-0930,35.8,,,0,0,0.0,,,A
Q18-0994,2019-03-21,Q18-0994,446.1,,25.0,25,25,74793000.0,,,A
Q17-0759,2019-04-30,Q17-0759,202.6,,2.0,2,2,6611000.0,223.0,,C
Q17-0762,2019-04-28,Q17-0762,105.1,,9.0,9,9,2938000.0,225.0,,C
Q17-0765,2019-04-26,Q17-0765,466.0,,19.0,19,18,115570000.0,,,C
Q17-0774,2019-04-22,Q17-0774,257.0,,7.0,7,7,8168000.0,234.0,,B
Q17-0776,2019-04-19,Q17-0776,1169.8,,13.0,13,13,42149000.0,,,A
Q17-0784,2019-04-29,Q17-0784,313.9,,25.0,25,22,19214000.0,242.0,,C
Q17-0789,2019-04-23,Q17-0789,39.9,,17.0,17,17,15414000.0,,,A
Q17-0791,2019-05-02,Q17-0791,153.6,,,0,0,0.0,249.0,,C
Q17-0825,2019-04-24,Q17-0825,127.7,,25.0,25,25,14658000.0,278.0,,A
Q17-0852,2019-04-18,Q17-0852,75.3,,,0,0,0.0,302.0,,A
Q17-0861,2019-04-26,Q17-0861,238.9,,4.0,4,4,53014000.0,308.0,,A
Q17-0875,2019-04-21,Q17-0875,188.0,,7.0,7,7,18734000.0,320.0,,C
Q17-0879,2019-04-28,Q17-0879,107.4,,3.0,3,3,378000.0,323.0,,C
Q17-0883,2019-04-21,Q17-0883,178.1,,,0,0,0.0,326.0,,A
Q17-0896,2019-04-15,Q17-0896,284.1,,17.0,17,17,79772000.0,,,A
Q18-0920,2019-04-29,Q18-0920,78.1,,,0,0,0.0,,,C
Q18-0921,2019-04-29,Q18-0921,392.6,,,0,0,0.0,360.0,,A
Q18-0929,2019-04-21,Q18-0929,177.3,,18.0,18,18,30252000.0,,,C
Q18-0931,2019-05-02,Q18-0931,764.8,,5.0,5,5,27815000.0,,,A
Q18-0954,2019-04-15,Q18-0954,201.6,,8.0,8,8,11680000.0,389.0,,B
Q18-0964,2019-04-20,Q18-0964,346.4,,25.0,25,25,20545000.0,,,A
Q18-0973,2019-04-15,Q18-0973,141.8,,2.0,2,2,2495000.0,408.0,,C
Q18-0977,2019-05-01,Q18-0977,95.5,,12.0,12,12,7432000.0,412.0,,A
Q17-0783,2019-05-29,Q17-0783,151.9,,16.0,16,16,9779000.0,227.0,,C
Q17-0787,2019-05-31,Q17-0787,74.3,,16.0,16,16,4546000.0,231.0,,A
Q17-0872,2019-05-16,Q17-0872,124.9,,,0,0,0.0,,,B
Q17-0892,2019-06-02,Q17-0892,104.3,,4.0,4,1,6912000.0,,,A
Q17-0910,2019-05-25,Q17-0910,1455.3,,20.0,20,20,88844000.0,335.0,,C
Q18-0913,2019-05-24,Q18-0913,500.0,,13.0,13,13,19863000.0,,,C
Q18-0927,2019-06-01,Q18-0927,63.2,,2.0,2,2,920000.0,,,C
Q18-0934,2019-05-15,Q18-0934,1339.3,,4.0,4,4,21669000.0,,,A
Q18-0970,2019-05-19,Q18-0970,201.1,,,0,0,0.0,,,A
Q18-0974,2019-05-17,Q18-0974,84.3,,16.0,16,16,76677000.0,,,A
Q18-0989,2019-05-26,Q18-0989,211.3,,9.0,9,9,3721000.0,,,A
Q18-0995,2019-05-20,Q18-0995,1091.5,,21.0,21,21,123770000.0,,,A
Q18-1014,2019-06-02,Q18-1014,143.9,,1.0,1,1,312000.0,429.0,,A
Q17-0779,2019-07-03,Q17-0779,1070.4,,25.0,25,23,39349000.0,,,B
Q17-0794,2019-06-23,Q17-0794,74.3,,,0,0,0.0,226.0,,C
Q17-0804,2019-06-29,Q17-0804,437.9,,9.0,9,9,103096000.0,233.0,,A
Q17-0807,2019-06-19,Q17-0807,587.1,,7.0,7,6,6572000.0,,,C
Q17-0813,2019-06-29,Q17-0813,273.2,,15.0,15,15,103949000.0,,,A
Q17-0849,2019-06-28,Q17-0849,141.3,,1.0,1,1,258000.0,,,C
Q17-0868,2019-06-23,Q17-0868,351.3,,5.0,5,5,1269000.0,,,C
Q17-0878,2019-07-01,Q17-0878,169.4,,,0,0,0.0,296.0,,C
Q18-0923,2019-07-01,Q18-0923,303.8,,10.0,10,10,21745000.0,335.0,,C
Q18-0926,2019-06-17,Q18-0926,280.5,,4.0,4,4,3924000.0,,,A
Q18-0981,2019-06-18,Q18-0981,322.3,,1.0,1,1,14288000.0,388.0,,C
Q18-1011,2019-07-03,Q18-1011,134.5,,3.0,3,3,646000.0,,,A
Q18-1021,2019-06-15,Q18-1021,123.9,,17.0,17,17,12375000.0,423.0,,B
Q17-0798,2019-07-15,Q17-0798,167.7,,4.0,4,4,12259000.0,224.0,,C
Q17-0812,2019-07-16,Q17-0812,256.7,,18.0,18,18,45505000.0,234.0,,A
Q17-0818,2019-07-17,Q17-0818,56.2,,,0,0,0.0,241.0,,A
Q17-0827,2019-07-30,Q17-0827,160.0,,8.0,8,8,7948000.0,249.0,,A
Q17-0835,2019-07-29,Q17-0835,14.4,,8.0,8,8,183000.0,255.0,,B
Q17-0836,2019-08-02,Q17-0836,231.9,,5.0,5,5,19368000.0,,,A
Q17-0855,2019-07-18,Q17-0855,77.8,,25.0,25,25,41454000.0,,,A
Q17-0897,2019-07-20,Q17-0897,1143.5,,,0,0,0.0,,,B
Q17-0900,2019-07-28,Q17-0900,69.4,,3.0,3,3,4233000.0,,,A
Q17-0902,2019-07-16,Q17-0902,123.7,,14.0,14,14,45841000.0,,,C
Q18-0939,2019-07-17,Q18-0939,452.5,,21.0,21,19,115099000.0,,,C
Q18-0942,2019-07-16,Q18-0942,63.1,,,0,0,0.0,344.0,,B
Q18-0967,2019-07-25,Q18-0967,108.8,,11.0,11,11,2272000.0,,,B
Q18-0971,2019-07-21,Q18-0971,1500.0,,,0,0,0.0,,,A
Q18-1000,2019-07-19,Q18-1000,38.0,,6.0,6,6,9392000.0,,,A
Q18-1049,2019-07-17,Q18-1049,563.0,,25.0,25,25,35140000.0,,,B
Q17-0848,2019-08-31,Q17-0848,103.1,,17.0,17,17,16227000.0,,,C
Q17-0864,2019-08-26,Q17-0864,937.6,,,0,0,0.0,,,A
Q17-0886,2019-08-23,Q17-0886,287.1,,1.0,1,1,438000.0,285.0,,A
Q17-0890,2019-08-30,Q17-0890,158.8,,1.0,1,1,3051000.0,,,A
Q17-0906,2019-09-03,Q17-0906,101.6,,8.0,8,8,27109000.0,,,B
Q18-0936,2019-08-15,Q18-0936,326.3,,4.0,4,4,835000.0,,,A
Q18-0962,2019-08-21,Q18-0962,46.6,,9.0,9,9,573000.0,,,B
Q18-0986,2019-08-28,Q18-0986,619.4,,25.0,25,25,92946000.0,,,C
Q18-0990,2019-08-29,Q18-0990,161.5,,,0,0,0.0,,,A
Q18-0996,2019-08-19,Q18-0996,13.6,,3.0,3,3,588000.0,380.0,,A
Q18-1040,2019-09-02,Q18-1040,287.1,,17.0,17,16,11820000.0,423.0,,A
Q18-1042,2019-09-02,Q18-1042,1275.1,,25.0,25,25,182184000.0,,,C
Q18-1065,2019-08-24,Q18-1065,633.5,,25.0,25,24,96746000.0,,,A
Q18-1070,2019-08-29,Q18-1070,254.8,,25.0,25,20,125826000.0,,,B
Q17-0846,2019-09-15,Q17-0846,173.6,,15.0,15,15,13154000.0,247.0,,A
Q17-0885,2019-10-01,Q17-0885,100.8,,,0,0,0.0,276.0,,C
Q17-0908,2019-09-20,Q17-0908,361.2,,14.0,14,14,24508000.0,,,A
Q18-0914,2019-09-22,Q18-0914,97.8,,,0,0,0.0,,,C
Q18-1041,2019-09-24,Q18-1041,743.2,,25.0,25,25,53609000.0,,,A
Q18-1055,2019-09-23,Q18-1055,89.4,,25.0,25,25,6671000.0,428.0,,A
Q18-1067,2019-09-28,Q18-1067,93.4,,25.0,25,25,3206000.0,,,A
Q18-1074,2019-09-18,Q18-1074,41.9,,3.0,3,3,593000.0,,,C
Q17-0871,2019-10-27,Q17-0871,68.8,,1.0,1,1,747000.0,256.0,,B
Q17-0898,2019-10-29,Q17-0898,75.8,,9.0,9,9,908000.0,277.0,,A
Q17-0899,2019-10-20,Q17-0899,174.4,,2.0,2,2,229000.0,278.0,,A
Q18-0938,2019-10-19,Q18-0938,164.7,,12.0,12,12,8734000.0,,,A
Q18-0940,2019-10-25,Q18-0940,87.1,,1.0,1,1,278000.0,,,C
Q18-0941,2019-10-22,Q18-0941,104.4,,3.0,3,3,3824000.0,,,C
Q18-0961,2019-10-27,Q18-0961,600.0,,24.0,24,24,117938000.0,331.0,,C
Q18-0972,2019-10-22,Q18-0972,86.6,,12.0,12,11,25928000.0,341.0,,C
Q18-0983,2019-10-23,Q18-0983,206.9,,5.0,5,5,38013000.0,351.0,,B
Q18-1002,2019-10-26,Q18-1002,29.6,,6.0,6,6,4481000.0,366.0,,C
Q18-1036,2019-10-16,Q18-1036,76.2,,,0,0,0.0,,,A
Q18-1069,2019-11-02,Q18-1069,302.3,,25.0,25,25,27141000.0,,,C
Q18-1106,2019-10-15,Q18-1106,246.9,,25.0,25,24,64581000.0,,,B
Q17-0889,2019-12-02,Q17-0889,121.5,,,0,0,0.0,,,C
Q17-0895,2019-12-03,Q17-0895,56.6,,2.0,2,2,1213000.0,,,A
Q18-0915,2019-11-29,Q18-0915,175.7,,,0,0,0.0,274.0,,C
Q18-0925,2019-12-01,Q18-0925,68.5,,4.0,4,2,3540000.0,,,A
Q18-0943,2019-11-30,Q18-0943,97.4,,,0,0,0.0,299.0,,C
Q18-0950,2019-11-23,Q18-0950,106.3,,20.0,20,20,73624000.0,,,A
Q18-0965,2019-12-04,Q18-0965,60.4,,28.0,28,28,37085000.0,317.0,,B
Q18-0976,2019-11-24,Q18-0976,29.6,,,0,0,0.0,,,A
Q18-0991,2019-12-04,Q18-0991,108.3,,12.0,12,12,2679000.0,339.0,,A
Q18-1007,2019-11-21,Q18-1007,81.6,,4.0,4,4,19908000.0,351.0,,C
Q18-1012,2019-12-04,Q18-1012,1200.1,,11.0,11,8,20570000.0,,,A
Q18-1016,2019-12-03,Q18-1016,152.0,,1.0,1,1,2011000.0,359.0,,C
Q18-1019,2019-11-26,Q18-1019,130.0,,14.0,14,14,94685000.0,362.0,,A
Q18-1045,2019-11-17,Q18-1045,128.5,,3.0,3,3,5327000.0,,,C
Q18-1072,2019-11-23,Q18-1072,75.1,,5.0,5,5,747000.0,,,B
Q18-1110,2019-11-16,Q18-1110,880.4,,25.0,25,25,101371000.0,445.0,,A
Q18-1124,2019-11-16,Q18-1124,157.3,,3.0,3,3,2055000.0,,,C
Q19-1138,2019-11-29,Q19-1138,63.8,,25.0,25,25,6641000.0,,,A
Q17-0891,2019-12-25,Q17-0891,463.4,,18.0,18,18,27066000.0,245.0,,A
Q17-0901,2019-12-25,Q17-0901,1500.0,,25.0,25,25,174549000.0,,,A
Q18-0933,2019-12-15,Q18-0933,46.9,,8.0,8,8,3146000.0,280.0,,A
Q18-0949,2019-12-19,Q18-0949,188.5,,,0,0,0.0,294.0,,A
Q18-0978,2020-01-03,Q18-0978,105.4,,11.0,11,7,34285000.0,317.0,,A
Q18-0998,2020-01-02,Q18-0998,207.1,,,0,0,0.0,330.0,,A
Q18-1013,2019-12-16,Q18-1013,538.8,,,0,0,0.0,343.0,,A
Q18-1050,2019-12-17,Q18-1050,179.1,,12.0,12,12,18448000.0,,,C
Q18-1059,2019-12-17,Q18-1059,82.4,,,0,0,0.0,386.0,,A
Q18-1071,2019-12-17,Q18-1071,114.2,,1.0,1,1,390000.0,,,A
Q18-1090,2019-12-15,Q18-1090,59.9,,8.0,8,8,6244000.0,,,A
Q18-1099,2019-12-28,Q18-1099,541.3,,16.0,16,16,35370000.0,,,A
Q18-1105,2020-01-03,Q18-1105,61.5,,,0,0,0.0,,,C
Q18-1118,2019-12-31,Q18-1118,237.5,,9.0,9,9,11884000.0,440.0,,A
Q18-1120,2019-12-25,Q18-1120,144.7,,,0,0,0.0,,,A
Q17-0903,2020-01-16,Q17-0903,212.7,,15.0,15,15,43561000.0,,,B
Q18-0912,2020-01-31,Q18-0912,97.8,,,0,0,0.0,,,C
Q18-0918,2020-01-22,Q18-0918,41.4,,5.0,5,5,6052000.0,259.0,,A
Q18-0922,2020-02-03,Q18-0922,211.7,,22.0,22,22,18946000.0,,,B
Q18-1003,2020-01-25,Q18-1003,219.4,,10.0,10,10,18119000.0,,,C
Q18-1009,2020-01-20,Q18-1009,361.5,,,0,0,0.0,331.0,,A
Q18-1035,2020-01-27,Q18-1035,443.6,,25.0,25,22,28556000.0,,,C
Q18-1038,2020-01-15,Q18-1038,171.4,,5.0,5,5,1663000.0,,,C
Q18-1052,2020-01-20,Q18-1052,165.6,,,0,0,0.0,,,A
Q18-1053,2020-01-15,Q18-1053,211.9,,3.0,3,2,9221000.0,,,C
Q18-1058,2020-01-31,Q18-1058,44.9,,11.0,11,11,683000.0,375.0,,A
Q18-1062,2020-01-15,Q18-1062,145.2,,1.0,1,1,362000.0,,,B
Q18-1088,2020-02-02,Q18-1088,57.8,,25.0,25,25,8230000.0,,,A
Q19-1139,2020-01-17,Q19-1139,251.1,,20.0,20,20,16865000.0,,,C
Q17-0909,2020-02-28,Q17-0909,281.2,,,0,0,0.0,234.0,,A
Q18-0916,2020-03-05,Q18-0916,121.2,,,0,0,0.0,,,A
Q18-0928,2020-03-05,Q18-0928,147.7,,3.0,3,3,1951000.0,,,A
Q18-0937,2020-02-26,Q18-0937,43.6,,2.0,2,2,152000.0,256.0,,C
Q18-0944,2020-02-20,Q18-0944,210.3,,2.0,2,2,2915000.0,,,A
Q18-0953,2020-03-02,Q18-0953,57.4,,2.0,2,2,1608000.0,,,C
Q18-0975,2020-02-27,Q18-0975,953.3,,,0,0,0.0,,,C
Q18-0982,2020-02-20,Q18-0982,156.7,,13.0,13,13,118366000.0,291.0,,C
Q18-1010,2020-02-20,Q18-1010,69.1,,,0,0,0.0,313.0,,C
Q18-1026,2020-02-24,Q18-1026,151.9,,15.0,15,15,127031000.0,,,C
Q18-1032,2020-02-22,Q18-1032,98.4,,2.0,2,2,514000.0,333.0,,A
Q18-1043,2020-02-20,Q18-1043,273.4,,22.0,22,22,73833000.0,343.0,,B
Q18-1068,2020-02-15,Q18-1068,214.1,,24.0,24,24,14488000.0,,,A
Q18-1081,2020-02-28,Q18-1081,116.1,,2.0,2,2,3509000.0,,,C
Q18-1087,2020-02-28,Q18-1087,193.0,,1.0,1,1,80945000.0,,,B
Q18-1097,2020-02-23,Q18-1097,59.4,,25.0,25,25,2417000.0,,,A
Q18-1102,2020-02-16,Q18-1102,150.0,,6.0,6,6,45208000.0,397.0,,A
Q19-1137,2020-03-03,Q19-1137,58.8,,3.0,3,3,762000.0,,,B
Q19-1146,2020-02-15,Q19-1146,31.0,,,0,0,0.0,,,A
Q19-1200,2020-02-25,Q19-1200,93.6,,22.0,22,22,145742000.0,,,C
Q18-0945,2020-03-17,Q18-0945,230.0,,1.0,1,1,123000.0,,,C
Q18-0946,2020-04-01,Q18-0946,71.3,,,0,0,0.0,252.0,,A
Q18-0948,2020-03-22,Q18-0948,103.3,,5.0,5,5,5589000.0,,,A
Q18-0969,2020-03-16,Q18-0969,121.5,,,0,0,0.0,,,A
Q18-0980,2020-03-29,Q18-0980,224.2,,13.0,13,13,58154000.0,278.0,,B
Q18-1006,2020-04-03,Q18-1006,826.4,,19.0,19,19,130828000.0,,,A
Q18-1008,2020-03-19,Q18-1008,155.7,,,0,0,0.0,,,C
Q18-1017,2020-03-26,Q18-1017,46.9,,,0,0,0.0,,,C
Q18-1027,2020-03-31,Q18-1027,241.5,,5.0,5,5,7664000.0,317.0,,A
Q18-1028,2020-04-01,Q18-1028,53.0,,,0,0,0.0,318.0,,A
Q18-1034,2020-03-20,Q18-1034,39.6,,,0,0,0.0,,,A
Q18-1046,2020-03-31,Q18-1046,187.4,,14.0,14,13,17165000.0,,,C
Q18-1047,2020-03-18,Q18-1047,100.0,,,0,0,0.0,335.0,,A
Q18-1054,2020-03-18,Q18-1054,187.6,,2.0,2,2,27302000.0,339.0,,A
Q18-1084,2020-03-29,Q18-1084,160.5,,4.0,4,2,9877000.0,368.0,,A
Q18-1112,2020-04-03,Q18-1112,84.5,,25.0,25,25,7524000.0,393.0,,A
Q18-1119,2020-04-01,Q18-1119,99.7,,8.0,8,5,6610000.0,,,C
Q19-1145,2020-03-29,Q19-1145,139.7,,,0,0,0.0,,,A
Q19-1150,2020-03-22,Q19-1150,111.6,,2.0,2,2,19049000.0,,,A
Q19-1173,2020-03-21,Q19-1173,21.2,,4.0,4,4,13648000.0,449.0,,A
Q19-1188,2020-03-29,Q19-1188,36.2,,10.0,10,10,44342000.0,463.0,,A
Q19-1206,2020-03-21,Q19-1206,332.7,,25.0,25,23,46676000.0,,,C
Q18-0951,2020-04-20,Q18-0951,421.0,,,0,0,0.0,,,A
Q18-0956,2020-04-30,Q18-0956,67.6,,7.0,7,7,8683000.0,252.0,,C
Q18-0958,2020-04-15,Q18-0958,124.2,,4.0,4,4,2239000.0,253.0,,B
Q18-0963,2020-04-27,Q18-0963,77.6,,,0,0,0.0,,,B
Q18-0988,2020-05-04,Q18-0988,830.9,,1.0,1,1,1120000.0,,,A
Q18-1005,2020-04-28,Q18-1005,53.3,,,0,0,0.0,,,C
Q18-1022,2020-04-18,Q18-1022,175.2,,1.0,1,1,327000.0,303.0,,A
Q18-1030,2020-04-18,Q18-1030,48.8,,1.0,1,1,1534000.0,,,C
Q18-1044,2020-04-26,Q18-1044,250.4,,9.0,9,8,1528000.0,,,A
Q18-1061,2020-04-27,Q18-1061,305.6,,7.0,7,6,22309000.0,,,C
Q18-1080,2020-04-23,Q18-1080,87.8,,7.0,7,7,1883000.0,,,C
Q18-1117,2020-05-03,Q18-1117,241.7,,,0,0,0.0,388.0,,A
Q18-1121,2020-04-27,Q18-1121,114.8,,,0,0,0.0,,,C
Q19-1161,2020-04-22,Q19-1161,72.7,,3.0,3,3,1561000.0,427.0,,C
Q19-1176,2020-04-19,Q19-1176,111.9,,16.0,16,16,13005000.0,442.0,,C
Q19-1183,2020-05-04,Q19-1183,121.7,,,0,0,0.0,448.0,,B
Q19-1197,2020-04-28,Q19-1197,372.1,,13.0,13,13,90035000.0,,,C
Q19-1201,2020-04-21,Q19-1201,65.5,,1.0,1,1,3357000.0,466.0,,C
Q19-1202,2020-04-24,Q19-1202,234.3,,11.0,11,11,82692000.0,,,A
Q19-1205,2020-04-26,Q19-1205,170.3,,,0,0,0.0,470.0,,A
Q19-1216,2020-04-21,Q19-1216,175.5,,6.0,6,6,22134000.0,481.0,,C
Q19-1230,2020-04-22,Q19-1230,124.5,,6.0,6,6,684000.0,495.0,,A
Q18-0955,2020-05-29,Q18-0955,185.8,,1.0,1,1,513000.0,,,A
Q18-1004,2020-05-28,Q18-1004,172.5,,,0,0,0.0,272.0,,A
Q18-1039,2020-05-27,Q18-1039,31.0,,,0,0,0.0,304.0,,A
Q18-1064,2020-05-20,Q18-1064,340.6,,5.0,5,5,6345000.0,,,A
Q18-1094,2020-05-27,Q18-1094,92.8,,,0,0,0.0,353.0,,C
Q18-1101,2020-05-19,Q18-1101,129.1,,,0,0,0.0,356.0,,A
Q19-1153,2020-05-22,Q19-1153,64.9,,,0,0,0.0,406.0,,A
Q19-1157,2020-05-20,Q19-1157,58.1,,1.0,1,1,124000.0,,,C
Q19-1174,2020-05-21,Q19-1174,84.6,,1.0,1,1,9000.0,426.0,,C
Q19-1178,2020-05-28,Q19-1178,318.9,,,0,0,0.0,430.0,,B
Q19-1195,2020-05-18,Q19-1195,79.2,,25.0,25,25,10736000.0,,,C
Q19-1238,2020-05-21,Q19-1238,101.5,,11.0,11,11,20408000.0,,,A
Q18-0985,2020-06-20,Q18-0985,170.2,,,0,0,0.0,250.0,,C
Q18-0992,2020-07-02,Q18-0992,240.9,,15.0,15,14,107637000.0,256.0,,A
Q18-1051,2020-06-29,Q18-1051,109.0,,20.0,20,20,7084000.0,,,C
Q18-1076,2020-07-04,Q18-1076,151.4,,5.0,5,5,1187000.0,,,A
Q18-1098,2020-06-26,Q18-1098,76.0,,2.0,2,2,313000.0,,,A
Q18-1130,2020-06-18,Q18-1130,279.7,,25.0,25,25,22883000.0,375.0,,C
Q19-1158,2020-07-03,Q19-1158,262.7,,11.0,11,11,87333000.0,,,A
Q19-1180,2020-06-19,Q19-1180,181.7,,,0,0,0.0,422.0,,C
Q19-1203,2020-06-25,Q19-1203,135.9,,45.0,45,45,60437000.0,444.0,,B
Q19-1221,2020-07-01,Q19-1221,158.0,,25.0,25,25,5257000.0,,,A
Q19-1225,2020-07-03,Q19-1225,204.3,,,0,0,0.0,465.0,,B
Q19-1229,2020-06-26,Q19-1229,69.5,,25.0,25,25,5366000.0,,,A
Q19-1244,2020-06-26,Q19-1244,50.4,,4.0,4,4,635000.0,484.0,,C
Q18-0999,2020-07-20,Q18-0999,959.1,,7.0,7,7,38012000.0,,,B
Q18-1020,2020-07-19,Q18-1020,54.9,,2.0,2,2,2467000.0,,,A
Q18-1089,2020-07-27,Q18-1089,62.6,,,0,0,0.0,323.0,,C
Q18-1091,2020-07-29,Q18-1091,159.6,,8.0,8,8,10471000.0,,,A
Q18-1108,2020-07-22,Q18-1108,93.3,,,0,0,0.0,,,C
Q18-1113,2020-07-23,Q18-1113,259.8,,13.0,13,13,100248000.0,344.0,,A
Q18-1127,2020-07-26,Q18-1127,161.4,,5.0,5,5,16690000.0,,,A
Q19-1135,2020-08-03,Q19-1135,156.4,,,0,0,0.0,366.0,,A
Q19-1142,2020-07-21,Q19-1142,221.1,,25.0,25,25,7515000.0,,,B
Q19-1155,2020-07-20,Q19-1155,139.1,,9.0,9,9,11262000.0,,,C
Q19-1164,2020-07-26,Q19-1164,155.2,,25.0,25,25,5624000.0,,,C
Q19-1171,2020-07-29,Q19-1171,123.1,,10.0,10,8,21965000.0,,,A
Q19-1185,2020-07-30,Q19-1185,80.1,,2.0,2,2,593000.0,,,C
Q19-1231,2020-07-26,Q19-1231,237.7,,2.0,2,2,296000.0,456.0,,C
Q19-1242,2020-07-30,Q19-1242,85.0,,1.0,1,1,180000.0,467.0,,A
Q19-1253,2020-07-26,Q19-1253,262.4,,10.0,10,9,35299000.0,478.0,,A
Q19-1266,2020-07-25,Q19-1266,163.9,,25.0,25,24,37263000.0,490.0,,A
Q19-1298,2020-07-31,Q19-1298,95.4,,2.0,2,2,1678000.0,521.0,,A
Q18-1018,2020-08-28,Q18-1018,468.3,,12.0,12,12,74347000.0,,,C
Q18-1023,2020-08-22,Q18-1023,256.0,,17.0,17,17,28684000.0,257.0,,A
Q18-1025,2020-08-29,Q18-1025,56.8,,,0,0,0.0,259.0,,C
Q18-1029,2020-08-25,Q18-1029,71.1,,10.0,10,10,972000.0,,,A
Q18-1037,2020-08-20,Q18-1037,27.1,,,0,0,0.0,269.0,,A
Q18-1057,2020-08-30,Q18-1057,175.3,,5.0,5,5,1315000.0,,,A
Q18-1060,2020-08-31,Q18-1060,197.6,,,0,0,0.0,,,C
Q18-1073,2020-08-29,Q18-1073,137.8,,,0,0,0.0,298.0,,A
Q18-1078,2020-08-30,Q18-1078,179.4,,,0,0,0.0,303.0,,A
Q19-1131,2020-08-17,Q19-1131,130.0,,29.0,29,28,141661000.0,,,A
Q19-1143,2020-08-16,Q19-1143,358.2,,,0,0,0.0,361.0,,A
Q19-1156,2020-08-20,Q19-1156,184.6,,,0,0,0.0,,,C
Q19-1163,2020-08-15,Q19-1163,115.1,,25.0,25,25,4702000.0,,,A
Q19-1167,2020-08-18,Q19-1167,157.3,,10.0,10,7,19789000.0,383.0,,A
Q19-1194,2020-08-26,Q19-1194,93.5,,1.0,1,1,81000.0,,,A
Q19-1196,2020-08-25,Q19-1196,43.6,,24.0,24,23,2304000.0,,,B
Q19-1199,2020-08-24,Q19-1199,79.2,,24.0,24,24,26465000.0,413.0,,B
Q19-1255,2020-08-16,Q19-1255,364.1,,4.0,4,4,12761000.0,468.0,,A
Q19-1269,2020-08-31,Q19-1269,104.4,,,0,0,0.0,481.0,,A
Q19-1281,2020-08-28,Q19-1281,184.5,,,0,0,0.0,,,A
Q18-1024,2020-09-15,Q18-1024,781.8,,7.0,7,7,3200000.0,252.0,,A
Q18-1033,2020-09-21,Q18-1033,404.3,,,0,0,0.0,259.0,,C
Q18-1063,2020-10-01,Q18-1063,83.8,,2.0,2,2,24320000.0,,,A
Q18-1111,2020-09-27,Q18-1111,236.3,,1.0,1,1,411000.0,,,C
Q18-1116,2020-09-18,Q18-1116,228.7,,1.0,1,1,78000.0,328.0,,C
Q19-1140,2020-09-16,Q19-1140,111.6,,25.0,25,25,6964000.0,,,A
Q19-1151,2020-10-02,Q19-1151,207.8,,,0,0,0.0,,,A
Q19-1159,2020-09-23,Q19-1159,139.2,,3.0,3,3,2342000.0,,,A
Q19-1160,2020-09-16,Q19-1160,103.6,,18.0,18,18,10430000.0,,,A
Q19-1168,2020-09-28,Q19-1168,239.5,,5.0,5,5,15089000.0,,,A
Q19-1184,2020-09-19,Q19-1184,224.4,,,0,0,0.0,389.0,,B
Q19-1209,2020-09-29,Q19-1209,65.6,,,0,0,0.0,412.0,,C
Q19-1219,2020-09-30,Q19-1219,66.6,,2.0,2,2,19245000.0,422.0,,B
Q19-1223,2020-09-26,Q19-1223,63.4,,22.0,22,22,16033000.0,426.0,,A
Q19-1261,2020-10-02,Q19-1261,173.0,,,0,0,0.0,462.0,,C
Q19-1263,2020-09-27,Q19-1263,261.9,,2.0,2,2,6908000.0,465.0,,A
Q19-1306,2020-10-01,Q19-1306,135.3,,16.0,16,16,19263000.0,,,A
Q19-1320,2020-09-17,Q19-1320,167.4,,2.0,2,2,1617000.0,,,B
Q18-1079,2020-11-03,Q18-1079,125.6,,6.0,6,6,207000.0,,,A
Q18-1095,2020-10-15,Q18-1095,246.6,,5.0,5,5,3458000.0,,,A
Q18-1109,2020-10-22,Q18-1109,98.2,,,0,0,0.0,310.0,,A
Q18-1123,2020-10-23,Q18-1123,153.6,,3.0,3,3,2509000.0,324.0,,A
Q19-1132,2020-10-20,Q19-1132,139.9,,4.0,4,4,6844000.0,333.0,,A
Q19-1134,2020-10-23,Q19-1134,167.0,,19.0,19,19,5109000.0,,,A
Q19-1136,2020-10-31,Q19-1136,69.3,,2.0,2,2,3052000.0,337.0,,A
Q19-1152,2020-10-29,Q19-1152,86.8,,,0,0,0.0,349.0,,C
Q19-1162,2020-10-31,Q19-1162,635.1,,,0,0,0.0,,,A
Q19-1165,2020-10-24,Q19-1165,131.7,,,0,0,0.0,,,A
Q19-1177,2020-10-22,Q19-1177,100.0,,10.0,10,10,21731000.0,,,C
Q19-1181,2020-10-25,Q19-1181,460.6,,,0,0,0.0,,,B
Q19-1198,2020-11-03,Q19-1198,51.2,,4.0,4,4,23488000.0,389.0,,C
Q19-1220,2020-11-01,Q19-1220,144.5,,25.0,25,25,52096000.0,,,A
Q19-1234,2020-10-31,Q19-1234,106.2,,1.0,1,1,213000.0,424.0,,A
Q19-1243,2020-10-26,Q19-1243,383.5,,10.0,10,10,20355000.0,434.0,,A
Q19-1267,2020-10-20,Q19-1267,150.0,,,0,0,0.0,,,C
Q19-1268,2020-10-25,Q19-1268,166.1,,3.0,3,3,8702000.0,458.0,,A
Q19-1282,2020-10-25,Q19-1282,53.3,,2.0,2,2,9370000.0,471.0,,C
Q19-1293,2020-10-17,Q19-1293,58.2,,13.0,13,13,19855000.0,,,C
Q19-1342,2020-10-19,Q19-1342,112.9,,2.0,2,1,1835000.0,,,C
Q18-1075,2020-12-01,Q18-1075,345.0,,,0,0,0.0,275.0,,A
Q18-1077,2020-11-26,Q18-1077,490.1,,10.0,10,10,15343000.0,,,C
Q18-1082,2020-11-21,Q18-1082,42.8,,4.0,4,4,234000.0,282.0,,A
Q18-1100,2020-12-01,Q18-1100,37.7,,2.0,2,2,2294000.0,,,C
Q18-1126,2020-11-15,Q18-1126,155.0,,8.0,8,7,13899000.0,,,B
Q19-1144,2020-11-25,Q19-1144,94.0,,10.0,10,10,9640000.0,,,B
Q19-1148,2020-11-23,Q19-1148,411.8,,25.0,25,25,22615000.0,337.0,,A
Q19-1179,2020-11-30,Q19-1179,143.2,,5.0,5,5,11425000.0,,,A
Q19-1228,2020-11-23,Q19-1228,193.7,,1.0,1,1,378000.0,,,C
Q19-1232,2020-11-24,Q19-1232,245.8,,,0,0,0.0,,,B
Q19-1252,2020-11-17,Q19-1252,156.5,,2.0,2,1,2775000.0,,,C
Q19-1273,2020-11-16,Q19-1273,362.3,,1.0,1,1,910000.0,452.0,,A
Q19-1275,2020-11-24,Q19-1275,286.5,,7.0,7,7,48931000.0,,,A
Q19-1276,2020-12-02,Q19-1276,92.0,,,0,0,0.0,455.0,,A
Q19-1302,2020-12-02,Q19-1302,133.6,,10.0,10,10,13023000.0,,,C
Q19-1313,2020-11-27,Q19-1313,141.4,,,0,0,0.0,488.0,,A
Q19-1314,2020-12-03,Q19-1314,260.3,,2.0,2,2,3266000.0,,,B
Q19-1323,2020-11-28,Q19-1323,124.4,,7.0,7,7,36400000.0,,,B
Q19-1325,2020-11-24,Q19-1325,135.1,,1.0,1,1,121000.0,,,C
Q19-1327,2020-11-20,Q19-1327,399.9,,25.0,25,25,171678000.0,,,C
Q19-1328,2020-11-20,Q19-1328,141.8,,4.0,4,3,2448000.0,499.0,,A
Q19-1335,2020-11-29,Q19-1335,167.5,,8.0,8,8,41735000.0,,,A
Q19-1344,2020-11-15,Q19-1344,47.7,,25.0,25,24,4081000.0,,,A
Q18-1092,2020-12-31,Q18-1092,175.4,,,0,0,0.0,275.0,,A
Q18-1103,2020-12-16,Q18-1103,211.1,,2.0,2,2,3327000.0,284.0,,C
Q19-1133,2020-12-24,Q19-1133,63.0,,,0,0,0.0,313.0,,B
Q19-1169,2020-12-18,Q19-1169,144.6,,,0,0,0.0,344.0,,B
Q19-1191,2020-12-29,Q19-1191,217.3,,23.0,23,23,47312000.0,362.0,,A
Q19-1193,2020-12-16,Q19-1193,61.8,,1.0,1,1,81000.0,363.0,,A
Q19-1207,2020-12-26,Q19-1207,117.1,,,0,0,0.0,376.0,,C
Q19-1247,2020-12-19,Q19-1247,285.4,,3.0,3,3,5789000.0,417.0,,B
Q19-1264,2020-12-18,Q19-1264,233.7,,,0,0,0.0,433.0,,A
Q19-1274,2020-12-22,Q19-1274,182.6,,2.0,2,2,239000.0,,,A
Q19-1277,2020-12-24,Q19-1277,406.2,,16.0,16,16,8436000.0,,,C
Q19-1305,2021-01-03,Q19-1305,117.0,,5.0,5,5,18140000.0,470.0,,A
Q19-1350,2020-12-19,Q19-1350,185.9,,25.0,25,25,11038000.0,,,B
Q19-1364,2020-12-17,Q19-1364,343.4,,2.0,2,1,93000.0,,,A
Q20-1381,2020-12-19,Q20-1381,82.9,,9.0,9,9,1907000.0,,,A
Q20-1382,2020-12-17,Q20-1382,28.5,,2.0,2,2,43661000.0,538.0,,A
Q20-1405,2020-12-25,Q20-1405,75.9,,,0,0,0.0,,,C
Q18-1107,2021-01-15,Q18-1107,141.6,,,0,0,0.0,,,A
Q18-1114,2021-02-01,Q18-1114,334.4,,,0,0,0.0,286.0,,B
Q18-1115,2021-01-31,Q18-1115,121.9,,,0,0,0.0,,,A
Q18-1125,2021-01-29,Q18-1125,205.4,,,0,0,0.0,,,C
Q18-1128,2021-01-28,Q18-1128,138.3,,6.0,6,4,15333000.0,,,A
Q18-1129,2021-01-17,Q18-1129,44.7,,5.0,5,4,303000.0,,,A
Q19-1172,2021-01-25,Q19-1172,72.5,,,0,0,0.0,336.0,,C
Q19-1190,2021-01-22,Q19-1190,187.9,,1.0,1,1,1062000.0,350.0,,A
Q19-1192,2021-01-18,Q19-1192,188.5,,23.0,23,22,26479000.0,353.0,,A
Q19-1218,2021-02-01,Q19-1218,261.6,,1.0,1,1,256000.0,377.0,,C
Q19-1237,2021-01-19,Q19-1237,127.6,,3.0,3,3,7854000.0,396.0,,B
Q19-1246,2021-01-28,Q19-1246,91.9,,2.0,2,2,153000.0,405.0,,A
Q19-1249,2021-01-20,Q19-1249,108.9,,1.0,1,1,4208000.0,,,A
Q19-1251,2021-01-28,Q19-1251,140.0,,,0,0,0.0,410.0,,C
Q19-1309,2021-01-21,Q19-1309,105.8,,2.0,2,2,1160000.0,,,C
Q19-1312,2021-01-21,Q19-1312,153.4,,13.0,13,13,6355000.0,465.0,,A
Q19-1332,2021-01-16,Q19-1332,244.3,,2.0,2,2,294000.0,,,A
Q19-1343,2021-01-21,Q19-1343,176.8,,,0,0,0.0,492.0,,C
Q19-1368,2021-01-26,Q19-1368,128.0,,1.0,1,1,118000.0,,,C
Q20-1413,2021-01-29,Q20-1413,104.2,,7.0,7,7,24563000.0,557.0,,A
Q20-1424,2021-01-20,Q20-1424,25.3,,2.0,2,1,34000.0,,,A
Q20-1428,2021-01-26,Q20-1428,260.3,,25.0,25,25,9900000.0,,,A
Q19-1210,2021-02-18,Q19-1210,185.0,,,0,0,0.0,,,A
Q19-1212,2021-03-01,Q19-1212,123.5,,,0,0,0.0,,,B
Q19-1233,2021-02-27,Q19-1233,212.1,,2.0,2,2,11552000.0,376.0,,A
Q19-1256,2021-03-01,Q19-1256,345.2,,,0,0,0.0,399.0,,A
Q19-1257,2021-02-23,Q19-1257,104.9,,,0,0,0.0,399.0,,B
Q19-1259,2021-03-04,Q19-1259,212.9,,1.0,1,1,349000.0,402.0,,B
Q19-1265,2021-02-23,Q19-1265,203.7,,1.0,1,1,2762000.0,,,A
Q19-1300,2021-02-28,Q19-1300,60.6,,,0,0,0.0,,,A
Q19-1322,2021-02-28,Q19-1322,69.4,,5.0,5,5,27776000.0,456.0,,A
Q19-1324,2021-02-17,Q19-1324,94.7,,,0,0,0.0,,,C
Q19-1345,2021-03-02,Q19-1345,216.1,,9.0,9,9,5375000.0,477.0,,B
Q19-1354,2021-03-03,Q19-1354,136.3,,9.0,9,9,19958000.0,,,C
Q20-1402,2021-02-20,Q20-1402,48.8,,,0,0,0.0,530.0,,A
Q20-1407,2021-02-15,Q20-1407,256.9,,11.0,11,11,27877000.0,,,B
Q20-1412,2021-02-20,Q20-1412,379.8,,2.0,2,2,1836000.0,,,A
Q20-1423,2021-02-15,Q20-1423,103.1,,6.0,6,6,3715000.0,,,C
Q19-1154,2021-03-23,Q19-1154,148.9,,1.0,1,1,537000.0,,,B
Q19-1175,2021-03-18,Q19-1175,205.0,,6.0,6,6,1919000.0,,,A
Q19-1182,2021-03-26,Q19-1182,274.2,,1.0,1,1,48000.0,318.0,,A
Q19-1189,2021-04-03,Q19-1189,238.5,,,0,0,0.0,323.0,,C
Q19-1211,2021-03-31,Q19-1211,39.3,,3.0,3,3,251000.0,341.0,,A
Q19-1240,2021-03-24,Q19-1240,116.8,,6.0,6,4,318000.0,,,A
Q19-1245,2021-03-24,Q19-1245,500.0,,15.0,15,13,45694000.0,374.0,,A
Q19-1283,2021-03-16,Q19-1283,86.7,,1.0,1,1,3908000.0,411.0,,C
Q19-1318,2021-03-18,Q19-1318,259.0,,,0,0,0.0,,,A
Q19-1326,2021-03-29,Q19-1326,184.8,,25.0,25,25,60200000.0,,,C
Q20-1388,2021-03-30,Q20-1388,157.9,,5.0,5,3,13258000.0,,,A
Q20-1397,2021-03-31,Q20-1397,104.2,,2.0,2,1,78000.0,,,A
Q20-1414,2021-03-17,Q20-1414,87.2,,8.0,8,7,31024000.0,,,A
Q20-1441,2021-03-16,Q20-1441,199.8,,,0,0,0.0,555.0,,C
Q20-1446,2021-03-24,Q20-1446,72.5,,,0,0,0.0,560.0,,A
Q19-1166,2021-04-24,Q19-1166,633.6,,,0,0,0.0,,,A
Q19-1214,2021-04-25,Q19-1214,162.7,,,0,0,0.0,332.0,,A
Q19-1215,2021-04-21,Q19-1215,262.0,,,0,0,0.0,333.0,,A
Q19-1222,2021-04-30,Q19-1222,117.9,,,0,0,0.0,340.0,,A
Q19-1226,2021-05-04,Q19-1226,55.0,,,0,0,0.0,344.0,,A
Q19-1236,2021-04-19,Q19-1236,363.4,,,0,0,0.0,,,B
Q19-1241,2021-04-26,Q19-1241,63.6,,,0,0,0.0,359.0,,B
Q19-1248,2021-04-17,Q19-1248,118.9,,,0,0,0.0,,,A
Q19-1278,2021-04-30,Q19-1278,26.7,,,0,0,0.0,393.0,,A
Q19-1279,2021-04-23,Q19-1279,109.2,,21.0,21,21,114850000.0,394.0,,A
Q19-1285,2021-04-27,Q19-1285,91.2,,7.0,7,7,19186000.0,400.0,,A
Q19-1304,2021-04-24,Q19-1304,89.7,,,0,0,0.0,,,A
Q19-1329,2021-05-02,Q19-1329,72.6,,6.0,6,6,1359000.0,436.0,,B
Q19-1341,2021-04-15,Q19-1341,51.4,,,0,0,0.0,447.0,,A
Q19-1356,2021-04-22,Q19-1356,32.3,,1.0,1,1,395000.0,,,A
Q19-1363,2021-05-04,Q19-1363,340.9,,9.0,9,9,45439000.0,,,A
Q19-1365,2021-04-26,Q19-1365,96.9,,4.0,4,4,18622000.0,,,A
Q19-1370,2021-05-03,Q19-1370,203.0,,2.0,2,2,11275000.0,,,A
Q20-1375,2021-04-15,Q20-1375,79.2,,,0,0,0.0,,,A
Q20-1406,2021-05-01,Q20-1406,46.2,,,0,0,0.0,,,A
Q20-1421,2021-04-22,Q20-1421,57.4,,3.0,3,3,1148000.0,522.0,,C
Q20-1427,2021-04-15,Q20-1427,197.6,,,0,0,0.0,528.0,,A
Q20-1437,2021-04-25,Q20-1437,35.5,,,0,0,0.0,537.0,,C
Q20-1462,2021-04-29,Q20-1462,81.8,,25.0,25,24,18786000.0,559.0,,B
Q20-1480,2021-05-02,Q20-1480,84.2,,10.0,10,6,2511000.0,,,A
Q19-1208,2021-06-03,Q19-1208,319.2,,21.0,21,21,57411000.0,311.0,,A
Q19-1213,2021-05-20,Q19-1213,133.9,,1.0,1,1,14495000.0,,,A
Q19-1217,2021-05-19,Q19-1217,65.8,,9.0,9,9,1227000.0,,,C
Q19-1224,2021-06-01,Q19-1224,105.5,,2.0,2,2,1597000.0,,,C
Q19-1250,2021-05-22,Q19-1250,32.4,,,0,0,0.0,,,B
Q19-1280,2021-05-24,Q19-1280,35.6,,9.0,9,7,26157000.0,,,A
Q19-1284,2021-05-27,Q19-1284,144.0,,,0,0,0.0,,,A
Q19-1310,2021-05-22,Q19-1310,75.5,,6.0,6,6,776000.0,,,C
Q19-1311,2021-06-01,Q19-1311,161.8,,3.0,3,3,683000.0,409.0,,A
Q19-1334,2021-06-02,Q19-1334,203.9,,3.0,3,3,27718000.0,428.0,,C
Q19-1346,2021-05-31,Q19-1346,135.5,,1.0,1,1,2019000.0,,,A
Q19-1348,2021-05-25,Q19-1348,147.3,,,0,0,0.0,439.0,,A
Q20-1384,2021-05-21,Q20-1384,89.4,,6.0,6,6,14212000.0,472.0,,C
Q20-1387,2021-05-25,Q20-1387,83.6,,4.0,4,4,931000.0,475.0,,B
Q20-1400,2021-05-22,Q20-1400,71.3,,4.0,4,4,562000.0,,,B
Q20-1401,2021-05-16,Q20-1401,235.7,,4.0,4,4,10657000.0,489.0,,A
Q20-1409,2021-05-29,Q20-1409,404.4,,11.0,11,11,16899000.0,497.0,,A
Q20-1416,2021-05-16,Q20-1416,80.5,,1.0,1,1,2324000.0,,,C
Q20-1425,2021-05-18,Q20-1425,20.8,,6.0,6,6,688000.0,510.0,,A
Q20-1426,2021-05-31,Q20-1426,63.8,,7.0,7,7,11710000.0,514.0,,A
Q20-1433,2021-05-20,Q20-1433,54.9,,1.0,1,1,2989000.0,520.0,,A
Q20-1436,2021-05-22,Q20-1436,494.2,,12.0,12,12,15817000.0,,,C
Q20-1442,2021-05-30,Q20-1442,171.0,,2.0,2,2,2718000.0,529.0,,B
Q20-1443,2021-05-21,Q20-1443,297.1,,6.0,6,6,7438000.0,529.0,,A
Q20-1454,2021-06-03,Q20-1454,63.0,,,0,0,0.0,,,A
Q20-1515,2021-05-26,Q20-1515,165.4,,1.0,1,1,367000.0,596.0,,A
Q19-1235,2021-06-26,Q19-1235,105.4,,,0,0,0.0,328.0,,C
Q19-1239,2021-06-23,Q19-1239,311.6,,,0,0,0.0,,,A
Q19-1260,2021-06-15,Q19-1260,200.2,,,0,0,0.0,,,A
Q19-1296,2021-06-29,Q19-1296,154.8,,10.0,10,10,17150000.0,384.0,,C
Q19-1351,2021-06-23,Q19-1351,130.2,,,0,0,0.0,430.0,,A
Q19-1352,2021-06-21,Q19-1352,302.2,,4.0,4,4,13829000.0,,,A
Q19-1359,2021-06-30,Q19-1359,71.4,,,0,0,0.0,,,B
Q20-1420,2021-06-26,Q20-1420,126.5,,,0,0,0.0,494.0,,A
Q20-1431,2021-06-26,Q20-1431,184.3,,25.0,25,24,37141000.0,,,A
Q20-1455,2021-07-02,Q20-1455,155.8,,1.0,1,1,144000.0,,,C
Q20-1460,2021-07-04,Q20-1460,114.5,,3.0,3,3,6094000.0,531.0,,A
Q20-1473,2021-06-23,Q20-1473,358.9,,,0,0,0.0,543.0,,A
Q20-1488,2021-06-26,Q20-1488,53.1,,,0,0,0.0,,,C
Q20-1493,2021-07-03,Q20-1493,174.8,,3.0,3,3,16541000.0,562.0,,A
Q20-1500,2021-06-26,Q20-1500,55.2,,34.0,34,34,27083000.0,,,A
Q20-1520,2021-06-21,Q20-1520,367.4,,2.0,2,2,1740000.0,,,A
Q19-1227,2021-08-03,Q19-1227,68.9,,,0,0,0.0,311.0,,A
Q19-1254,2021-07-27,Q19-1254,333.3,,6.0,6,6,15108000.0,,,B
Q19-1258,2021-08-01,Q19-1258,228.6,,7.0,7,7,16296000.0,,,A
Q19-1270,2021-07-25,Q19-1270,135.2,,,0,0,0.0,351.0,,A
Q19-1272,2021-07-18,Q19-1272,200.3,,,0,0,0.0,,,B
Q19-1291,2021-07-18,Q19-1291,114.5,,1.0,1,1,220000.0,368.0,,A
Q19-1319,2021-07-20,Q19-1319,131.9,,13.0,13,12,20433000.0,,,C
Q19-1337,2021-07-21,Q19-1337,394.8,,8.0,8,8,14221000.0,,,C
Q19-1339,2021-07-21,Q19-1339,164.8,,,0,0,0.0,,,A
Q19-1360,2021-07-31,Q19-1360,500.3,,,0,0,0.0,,,A
Q19-1366,2021-07-28,Q19-1366,106.5,,,0,0,0.0,,,B
Q20-1374,2021-07-29,Q20-1374,343.8,,,0,0,0.0,437.0,,C
Q20-1378,2021-07-31,Q20-1378,153.1,,,0,0,0.0,441.0,,A
Q20-1391,2021-07-24,Q20-1391,123.1,,,0,0,0.0,,,A
Q20-1399,2021-08-01,Q20-1399,72.6,,,0,0,0.0,462.0,,A
Q20-1411,2021-07-26,Q20-1411,95.8,,7.0,7,7,10597000.0,,,A
Q20-1429,2021-07-31,Q20-1429,341.2,,7.0,7,7,8093000.0,,,B
Q20-1465,2021-07-20,Q20-1465,74.5,,6.0,6,6,2490000.0,,,B
Q20-1498,2021-08-03,Q20-1498,99.8,,1.0,1,1,224000.0,555.0,,C
Q20-1504,2021-08-01,Q20-1504,314.5,,,0,0,0.0,,,A
Q20-1521,2021-07-27,Q20-1521,211.9,,,0,0,0.0,576.0,,A
Q20-1534,2021-07-21,Q20-1534,179.6,,5.0,5,5,1156000.0,,,B
Q20-1553,2021-07-23,Q20-1553,193.1,,,0,0,0.0,607.0,,C
Q20-1562,2021-08-03,Q20-1562,264.3,,,0,0,0.0,616.0,,C
Q20-1567,2021-07-24,Q20-1567,142.9,,,0,0,0.0,,,A
Q19-1288,2021-08-20,Q19-1288,1200.0,,25.0,25,25,69887000.0,,,C
Q19-1290,2021-08-25,Q19-1290,216.2,,1.0,1,1,307000.0,352.0,,A
Q19-1292,2021-08-21,Q19-1292,235.8,,2.0,2,2,3346000.0,,,C
Q19-1295,2021-08-16,Q19-1295,242.2,,2.0,2,2,3744000.0,,,A
Q19-1358,2021-08-24,Q19-1358,116.5,,5.0,5,5,10969000.0,,,B
Q19-1369,2021-09-02,Q19-1369,83.8,,,0,0,0.0,,,A
Q20-1379,2021-08-19,Q20-1379,136.2,,3.0,3,3,4608000.0,423.0,,A
Q20-1404,2021-08-30,Q20-1404,500.0,,,0,0,0.0,,,A
Q20-1439,2021-08-20,Q20-1439,721.6,,18.0,18,18,10173000.0,483.0,,A
Q20-1470,2021-09-01,Q20-1470,109.6,,5.0,5,5,10059000.0,,,C
Q20-1491,2021-08-20,Q20-1491,98.0,,3.0,3,3,4056000.0,,,C
Q20-1506,2021-09-01,Q20-1506,159.8,,25.0,25,25,8782000.0,544.0,,B
Q20-1511,2021-09-03,Q20-1511,95.5,,,0,0,0.0,548.0,,A
Q20-1514,2021-08-25,Q20-1514,44.6,,,0,0,0.0,550.0,,A
Q20-1547,2021-08-19,Q20-1547,148.7,,9.0,9,8,6903000.0,,,A
Q20-1556,2021-08-31,Q20-1556,114.5,,13.0,13,11,3301000.0,,,A
Q20-1558,2021-08-30,Q20-1558,122.0,,,0,0,0.0,594.0,,C
Q20-1582,2021-08-29,Q20-1582,204.6,,6.0,6,6,1978000.0,618.0,,B
Q19-1286,2021-09-28,Q19-1286,259.0,,,0,0,0.0,343.0,,C
Q19-1287,2021-10-01,Q19-1287,195.3,,8.0,8,8,7145000.0,,,C
Q19-1294,2021-09-20,Q19-1294,91.8,,,0,0,0.0,350.0,,A
Q19-1331,2021-10-01,Q19-1331,231.2,,,0,0,0.0,376.0,,B
Q19-1353,2021-09-18,Q19-1353,201.9,,,0,0,0.0,396.0,,A
Q20-1376,2021-09-21,Q20-1376,1500.0,,25.0,25,25,143430000.0,,,A
Q20-1377,2021-09-30,Q20-1377,382.7,,2.0,2,2,1833000.0,414.0,,C
Q20-1390,2021-09-22,Q20-1390,150.6,,6.0,6,6,5475000.0,,,C
Q20-1392,2021-10-03,Q20-1392,73.7,,9.0,9,9,33724000.0,,,A
Q20-1395,2021-09-18,Q20-1395,115.5,,,0,0,0.0,,,B
Q20-1417,2021-09-22,Q20-1417,218.7,,8.0,8,8,14778000.0,,,B
Q20-1445,2021-09-24,Q20-1445,256.9,,,0,0,0.0,,,B
Q20-1458,2021-10-02,Q20-1458,64.6,,,0,0,0.0,,,A
Q20-1523,2021-09-21,Q20-1523,109.0,,,0,0,0.0,,,A
Q20-1544,2021-10-04,Q20-1544,209.0,,26.0,26,26,12570000.0,,,C
Q20-1596,2021-10-03,Q20-1596,164.8,,3.0,3,3,12978000.0,,,A
Q19-1299,2021-10-22,Q19-1299,87.7,,,0,0,0.0,,,A
Q19-1301,2021-10-26,Q19-1301,182.9,,1.0,1,1,110000.0,341.0,,C
Q19-1308,2021-11-02,Q19-1308,154.2,,2.0,2,2,4488000.0,344.0,,C
Q19-1333,2021-10-25,Q19-1333,56.8,,,0,0,0.0,,,B
Q19-1338,2021-10-27,Q19-1338,206.0,,2.0,2,2,9047000.0,,,C
Q20-1398,2021-11-02,Q20-1398,136.5,,,0,0,0.0,,,A
Q20-1418,2021-10-31,Q20-1418,305.9,,15.0,15,15,28297000.0,,,A
Q20-1438,2021-10-29,Q20-1438,128.1,,,0,0,0.0,459.0,,C
Q20-1464,2021-10-19,Q20-1464,127.9,,,0,0,0.0,480.0,,A
Q20-1485,2021-10-23,Q20-1485,363.4,,25.0,25,25,98126000.0,498.0,,A
Q20-1527,2021-10-20,Q20-1527,162.5,,,0,0,0.0,537.0,,C
Q20-1528,2021-10-28,Q20-1528,110.8,,12.0,12,12,22795000.0,537.0,,A
Q20-1533,2021-10-25,Q20-1533,216.0,,,0,0,0.0,544.0,,A
Q20-1538,2021-11-02,Q20-1538,51.5,,7.0,7,5,2937000.0,549.0,,A
Q20-1539,2021-10-25,Q20-1539,636.1,,25.0,25,25,76214000.0,549.0,,A
Q20-1566,2021-10-17,Q20-1566,72.2,,1.0,1,1,292000.0,,,C
Q20-1568,2021-11-03,Q20-1568,320.5,,19.0,19,19,30769000.0,577.0,,A
Q20-1583,2021-10-23,Q20-1583,43.0,,18.0,18,18,102808000.0,,,B
Q20-1584,2021-10-21,Q20-1584,101.5,,2.0,2,2,543000.0,,,B
Q20-1594,2021-11-01,Q20-1594,83.2,,2.0,2,2,1914000.0,,,A
Q20-1595,2021-10-31,Q20-1595,215.6,,25.0,25,25,19468000.0,,,C
Q20-1600,2021-10-31,Q20-1600,202.0,,4.0,4,4,15785000.0,606.0,,A
Q20-1615,2021-10-30,Q20-1615,210.6,,2.0,2,2,438000.0,621.0,,C
Q20-1371,2021-12-02,Q20-1371,210.2,,5.0,5,4,8546000.0,382.0,,A
Q20-1408,2021-12-02,Q20-1408,78.4,,,0,0,0.0,,,A
Q20-1410,2021-11-23,Q20-1410,178.7,,8.0,8,8,46198000.0,418.0,,A
Q20-1415,2021-11-26,Q20-1415,1383.8,,17.0,17,17,87067000.0,,,A
Q20-1430,2021-11-19,Q20-1430,28.7,,,0,0,0.0,438.0,,A
Q20-1551,2021-12-01,Q20-1551,140.2,,,0,0,0.0,,,C
Q20-1555,2021-11-24,Q20-1555,95.7,,9.0,9,5,643000.0,550.0,,C
Q20-1572,2021-11-22,Q20-1572,60.7,,,0,0,0.0,,,A
Q20-1591,2021-11-23,Q20-1591,142.8,,,0,0,0.0,584.0,,A
Q20-1607,2021-12-02,Q20-1607,88.1,,14.0,14,11,8888000.0,598.0,,A
Q20-1612,2021-11-27,Q20-1612,25.7,,6.0,6,6,684000.0,,,C
Q20-1616,2021-11-26,Q20-1616,73.0,,,0,0,0.0,,,A
Q20-1624,2021-11-27,Q20-1624,110.4,,3.0,3,3,5170000.0,,,A
Q19-1315,2021-12-22,Q19-1315,92.4,,,0,0,0.0,,,C
Q19-1330,2022-01-01,Q19-1330,279.7,,20.0,20,20,102065000.0,,,A
Q19-1340,2021-12-25,Q19-1340,389.0,,,0,0,0.0,,,A
Q19-1347,2021-12-18,Q19-1347,175.9,,,0,0,0.0,,,A
Q19-1357,2021-12-18,Q19-1357,129.9,,4.0,4,3,980000.0,355.0,,C
Q19-1367,2021-12-23,Q19-1367,119.2,,,0,0,0.0,,,B
Q20-1380,2021-12-30,Q20-1380,85.6,,3.0,3,3,2119000.0,,,B
Q20-1385,2021-12-26,Q20-1385,145.1,,1.0,1,1,67000.0,,,C
Q20-1432,2021-12-22,Q20-1432,180.1,,5.0,5,5,12209000.0,424.0,,A
Q20-1451,2021-12-24,Q20-1451,77.9,,,0,0,0.0,,,C
Q20-1459,2021-12-26,Q20-1459,237.3,,,0,0,0.0,447.0,,B
Q20-1474,2021-12-21,Q20-1474,75.0,,26.0,26,26,12660000.0,,,A
Q20-1526,2021-12-29,Q20-1526,79.0,,24.0,24,24,14604000.0,506.0,,A
Q20-1560,2021-12-31,Q20-1560,210.6,,3.0,3,2,12379000.0,536.0,,A
Q20-1570,2021-12-16,Q20-1570,149.5,,3.0,3,3,6164000.0,,,C
Q20-1578,2022-01-03,Q20-1578,77.0,,8.0,8,8,27695000.0,,,A
Q20-1580,2021-12-27,Q20-1580,157.1,,4.0,4,4,11193000.0,,,A
Q20-1613,2021-12-31,Q20-1613,157.6,,,0,0,0.0,,,A
Q20-1617,2021-12-26,Q20-1617,77.1,,2.0,2,2,1740000.0,,,A
Q20-1636,2022-01-01,Q20-1636,51.1,,5.0,5,5,7652000.0,,,A
Q19-1349,2022-01-23,Q19-1349,23.4,,1.0,1,1,35000.0,,,B
Q19-1355,2022-01-30,Q19-1355,68.4,,,0,0,0.0,,,C
Q20-1383,2022-01-30,Q20-1383,109.0,,,0,0,0.0,,,A
Q20-1389,2022-01-19,Q20-1389,134.9,,,0,0,0.0,372.0,,A
Q20-1403,2022-01-24,Q20-1403,297.8,,,0,0,0.0,385.0,,B
Q20-1422,2022-02-02,Q20-1422,106.2,,,0,0,0.0,,,B
Q20-1448,2022-01-25,Q20-1448,204.3,,4.0,4,4,64371000.0,426.0,,A
Q20-1466,2022-01-25,Q20-1466,181.9,,3.0,3,3,1395000.0,438.0,,A
Q20-1484,2022-01-31,Q20-1484,144.2,,,0,0,0.0,455.0,,C
Q20-1496,2022-01-23,Q20-1496,188.7,,3.0,3,2,735000.0,466.0,,C
Q20-1546,2022-02-02,Q20-1546,94.8,,5.0,5,5,9964000.0,,,C
Q20-1602,2022-01-20,Q20-1602,81.4,,,0,0,0.0,,,B
Q20-1618,2022-01-16,Q20-1618,122.9,,50.0,50,50,31329000.0,,,C
Q21-1663,2022-01-24,Q21-1663,400.4,,,0,0,0.0,,,B
Q21-1666,2022-01-30,Q21-1666,185.5,,13.0,13,13,59627000.0,621.0,,C
Q21-1674,2022-01-18,Q21-1674,100.7,,,0,0,0.0,628.0,,C
Q21-1681,2022-01-16,Q21-1681,390.6,,3.0,3,3,62825000.0,,,A
Q20-1386,2022-02-25,Q20-1386,195.5,,,0,0,0.0,,,A
Q20-1393,2022-03-03,Q20-1393,390.5,,2.0,2,2,915000.0,,,C
Q20-1394,2022-02-20,Q20-1394,63.2,,1.0,1,1,3163000.0,360.0,,A
Q20-1396,2022-02-17,Q20-1396,97.6,,1.0,1,1,167000.0,361.0,,C
Q20-1434,2022-02-24,Q20-1434,287.6,,2.0,2,2,2001000.0,398.0,,C
Q20-1440,2022-02-16,Q20-1440,163.8,,14.0,14,12,78750000.0,402.0,,B
Q20-1444,2022-02-16,Q20-1444,80.5,,8.0,8,8,44772000.0,,,A
Q20-1477,2022-03-02,Q20-1477,79.1,,,0,0,0.0,430.0,,A
Q20-1486,2022-02-25,Q20-1486,141.5,,,0,0,0.0,440.0,,C
Q20-1490,2022-02-26,Q20-1490,108.3,,3.0,3,3,543000.0,,,A
Q20-1518,2022-02-15,Q20-1518,113.7,,,0,0,0.0,469.0,,A
Q20-1531,2022-02-22,Q20-1531,96.4,,,0,0,0.0,482.0,,A
Q20-1532,2022-02-26,Q20-1532,131.1,,10.0,10,10,7309000.0,483.0,,A
Q20-1561,2022-03-06,Q20-1561,181.8,,10.0,10,10,14123000.0,,,B
Q20-1593,2022-03-02,Q20-1593,161.2,,3.0,3,3,32364000.0,,,A
Q20-1599,2022-02-27,Q20-1599,746.5,,25.0,25,25,113840000.0,,,C
Q20-1603,2022-02-23,Q20-1603,437.3,,,0,0,0.0,548.0,,C
Q20-1608,2022-02-20,Q20-1608,187.5,,,0,0,0.0,553.0,,A
Q20-1639,2022-02-19,Q20-1639,50.8,,25.0,25,25,1240000.0,,,A
Q21-1641,2022-02-24,Q21-1641,226.8,,,0,0,0.0,579.0,,A
Q21-1643,2022-02-27,Q21-1643,439.0,,33.0,33,33,187780000.0,,,B
Q21-1662,2022-03-02,Q21-1662,142.3,,1.0,1,1,1272000.0,,,A
Q21-1683,2022-02-20,Q21-1683,104.1,,3.0,3,3,7774000.0,,,A
Q21-1689,2022-03-06,Q21-1689,288.9,,,0,0,0.0,621.0,,A
Q21-1712,2022-02-23,Q21-1712,57.9,,1.0,1,1,20000.0,643.0,,B
Q20-1419,2022-04-03,Q20-1419,132.8,,1.0,1,1,409000.0,,,A
Q20-1452,2022-03-19,Q20-1452,89.6,,1.0,1,1,457000.0,402.0,,C
Q20-1453,2022-03-31,Q20-1453,128.1,,,0,0,0.0,,,A
Q20-1478,2022-03-17,Q20-1478,186.4,,6.0,6,6,22967000.0,422.0,,A
Q20-1502,2022-03-16,Q20-1502,222.6,,4.0,4,4,7196000.0,444.0,,A
Q20-1510,2022-04-01,Q20-1510,188.7,,5.0,5,5,17387000.0,,,A
Q20-1519,2022-03-30,Q20-1519,59.7,,1.0,1,1,15000.0,459.0,,A
Q20-1552,2022-03-30,Q20-1552,70.3,,25.0,25,25,2005000.0,,,C
Q20-1557,2022-03-30,Q20-1557,231.7,,25.0,25,24,4966000.0,,,A
Q20-1559,2022-03-31,Q20-1559,270.0,,,0,0,0.0,,,A
Q20-1590,2022-04-03,Q20-1590,319.1,,5.0,5,5,24790000.0,,,A
Q20-1626,2022-03-21,Q20-1626,54.6,,24.0,24,24,125325000.0,,,A
Q21-1644,2022-03-22,Q21-1644,109.2,,,0,0,0.0,568.0,,A
Q21-1646,2022-03-31,Q21-1646,122.3,,6.0,6,6,10438000.0,,,C
Q21-1665,2022-03-15,Q21-1665,95.3,,2.0,2,2,309000.0,,,A
Q21-1668,2022-03-21,Q21-1668,128.8,,14.0,14,14,13858000.0,,,C
Q21-1671,2022-03-18,Q21-1671,116.7,,25.0,25,25,10111000.0,,,C
Q21-1685,2022-03-30,Q21-1685,202.3,,25.0,25,25,4197000.0,,,C
Q21-1698,2022-03-29,Q21-1698,1194.1,,1.0,1,1,16913000.0,,,A
Q21-1716,2022-03-15,Q21-1716,126.0,,30.0,30,30,17929000.0,635.0,,A
Q21-1740,2022-03-21,Q21-1740,56.5,,3.0,3,3,7046000.0,657.0,,C
Q20-1447,2022-04-26,Q20-1447,43.5,,2.0,2,2,932000.0,379.0,,C
Q20-1450,2022-04-27,Q20-1450,179.8,,,0,0,0.0,382.0,,C
Q20-1456,2022-04-27,Q20-1456,285.4,,9.0,9,9,1862000.0,387.0,,A
Q20-1467,2022-04-20,Q20-1467,198.5,,,0,0,0.0,,,C
Q20-1469,2022-04-18,Q20-1469,377.8,,,0,0,0.0,,,B
Q20-1472,2022-05-01,Q20-1472,170.9,,,0,0,0.0,399.0,,A
Q20-1489,2022-04-18,Q20-1489,39.0,,9.0,9,9,1407000.0,,,A
Q20-1497,2022-04-27,Q20-1497,559.6,,18.0,18,18,10882000.0,421.0,,C
Q20-1522,2022-04-15,Q20-1522,77.3,,6.0,6,6,3804000.0,,,A
Q20-1535,2022-05-04,Q20-1535,453.2,,5.0,5,5,92176000.0,,,C
Q20-1537,2022-04-26,Q20-1537,186.3,,5.0,5,5,6250000.0,,,A
Q20-1549,2022-04-21,Q20-1549,110.5,,6.0,6,5,6173000.0,,,A
Q20-1575,2022-04-17,Q20-1575,241.2,,11.0,11,11,5373000.0,492.0,,A
Q20-1577,2022-05-04,Q20-1577,172.0,,2.0,2,2,2422000.0,494.0,,B
Q20-1635,2022-04-17,Q20-1635,45.0,,1.0,1,1,562000.0,,,A
Q21-1659,2022-04-25,Q21-1659,51.0,,2.0,2,2,3903000.0,,,C
Q21-1669,2022-05-03,Q21-1669,185.1,,14.0,14,11,17817000.0,572.0,,C
Q21-1679,2022-04-17,Q21-1679,106.4,,,0,0,0.0,,,B
Q21-1690,2022-04-27,Q21-1690,271.6,,,0,0,0.0,589.0,,C
Q21-1694,2022-04-24,Q21-1694,86.7,,8.0,8,8,337000.0,,,C
Q21-1708,2022-04-19,Q21-1708,42.1,,,0,0,0.0,606.0,,A
Q21-1721,2022-04-21,Q21-1721,62.9,,25.0,25,25,12291000.0,619.0,,C
Q21-1723,2022-04-25,Q21-1723,276.9,,2.0,2,2,317000.0,,,A
Q21-1743,2022-04-18,Q21-1743,60.2,,1.0,1,1,43000.0,639.0,,A
Q21-1769,2022-04-23,Q21-1769,203.9,,,0,0,0.0,,,A
Q20-1463,2022-05-25,Q20-1463,89.7,,,0,0,0.0,376.0,,A
Q20-1468,2022-05-20,Q20-1468,201.6,,9.0,9,9,1524000.0,,,A
Q20-1494,2022-05-18,Q20-1494,58.8,,1.0,1,1,545000.0,,,A
Q20-1517,2022-05-31,Q20-1517,77.2,,,0,0,0.0,424.0,,C
Q20-1524,2022-06-02,Q20-1524,113.0,,,0,0,0.0,430.0,,B
Q20-1536,2022-05-27,Q20-1536,267.6,,1.0,1,1,5754000.0,,,B
Q20-1541,2022-05-24,Q20-1541,143.9,,9.0,9,8,5947000.0,446.0,,B
Q20-1543,2022-05-20,Q20-1543,118.0,,,0,0,0.0,448.0,,B
Q20-1548,2022-06-03,Q20-1548,153.2,,20.0,20,20,27307000.0,453.0,,A
Q20-1587,2022-05-26,Q20-1587,90.6,,,0,0,0.0,484.0,,A
Q20-1592,2022-05-20,Q20-1592,221.5,,1.0,1,1,675000.0,489.0,,A
Q20-1629,2022-05-16,Q20-1629,64.5,,42.0,42,42,16201000.0,,,C
Q20-1634,2022-05-31,Q20-1634,90.7,,6.0,6,6,1544000.0,522.0,,C
Q21-1699,2022-05-16,Q21-1699,207.8,,8.0,8,8,28647000.0,577.0,,A
Q21-1700,2022-05-20,Q21-1700,331.3,,8.0,8,8,31907000.0,,,C
Q21-1713,2022-05-18,Q21-1713,219.6,,25.0,25,25,4617000.0,,,A
Q21-1714,2022-05-29,Q21-1714,68.9,,1.0,1,1,91000.0,592.0,,B
Q21-1768,2022-05-22,Q21-1768,100.8,,,0,0,0.0,641.0,,A
Q20-1471,2022-06-21,Q20-1471,131.4,,7.0,7,7,680000.0,,,A
Q20-1482,2022-06-28,Q20-1482,642.1,,3.0,3,3,22432000.0,,,B
Q20-1483,2022-06-27,Q20-1483,52.8,,5.0,5,5,2774000.0,,,A
Q20-1495,2022-06-17,Q20-1495,57.4,,,0,0,0.0,384.0,,A
Q20-1509,2022-06-15,Q20-1509,218.9,,9.0,9,9,21495000.0,397.0,,A
Q20-1513,2022-06-18,Q20-1513,53.7,,,0,0,0.0,,,A
Q20-1529,2022-07-04,Q20-1529,78.3,,2.0,2,2,15000.0,,,C
Q20-1530,2022-06-28,Q20-1530,272.4,,7.0,7,5,48216000.0,,,C
Q20-1581,2022-06-15,Q20-1581,299.7,,11.0,11,11,19959000.0,458.0,,A
Q20-1585,2022-06-29,Q20-1585,339.9,,14.0,14,14,48794000.0,462.0,,C
Q20-1605,2022-07-02,Q20-1605,103.9,,2.0,2,2,4671000.0,477.0,,C
Q20-1611,2022-07-01,Q20-1611,163.7,,1.0,1,1,264000.0,482.0,,B
Q20-1640,2022-06-22,Q20-1640,36.0,,6.0,6,6,19246000.0,,,A
Q21-1651,2022-06-26,Q21-1651,168.7,,,0,0,0.0,,,C
Q21-1696,2022-06-25,Q21-1696,302.3,,,0,0,0.0,,,A
Q21-1746,2022-06-22,Q21-1746,37.9,,3.0,3,3,2845000.0,597.0,,A
Q21-1751,2022-06-20,Q21-1751,68.9,,5.0,5,5,7580000.0,,,A
Q21-1752,2022-07-03,Q21-1752,71.5,,3.0,3,3,487000.0,,,A
Q21-1771,2022-06-17,Q21-1771,73.4,,3.0,3,3,294000.0,,,A
Q21-1780,2022-06-29,Q21-1780,70.4,,25.0,25,25,46464000.0,629.0,,A
Q21-1785,2022-06-30,Q21-1785,79.7,,10.0,10,10,3347000.0,634.0,,C
Q21-1786,2022-06-15,Q21-1786,124.4,,,0,0,0.0,635.0,,A
Q21-1798,2022-06-21,Q21-1798,95.5,,3.0,3,3,1645000.0,,,A
Q21-1825,2022-06-21,Q21-1825,66.2,,6.0,6,6,2482000.0,672.0,,C
Q21-1836,2022-06-20,Q21-1836,212.7,,6.0,6,6,9063000.0,681.0,,A
Q20-1475,2022-07-30,Q20-1475,100.4,,,0,0,0.0,350.0,,B
Q20-1476,2022-07-30,Q20-1476,1500.0,,,0,0,0.0,,,C
Q20-1479,2022-07-28,Q20-1479,86.1,,,0,0,0.0,354.0,,A
Q20-1492,2022-07-29,Q20-1492,178.1,,,0,0,0.0,,,A
Q20-1501,2022-07-21,Q20-1501,113.2,,6.0,6,6,3334000.0,373.0,,A
Q20-1508,2022-08-01,Q20-1508,139.7,,,0,0,0.0,377.0,,B
Q20-1550,2022-07-30,Q20-1550,50.3,,1.0,1,1,182000.0,,,B
Q20-1565,2022-07-19,Q20-1565,191.5,,13.0,13,13,13156000.0,,,A
Q20-1573,2022-08-02,Q20-1573,134.0,,,0,0,0.0,,,A
Q21-1655,2022-07-22,Q21-1655,223.5,,2.0,2,2,471000.0,498.0,,C
Q21-1656,2022-07-22,Q21-1656,185.7,,9.0,9,9,62615000.0,498.0,,C
Q21-1680,2022-07-29,Q21-1680,228.1,,25.0,25,25,2541000.0,,,A
Q21-1738,2022-07-19,Q21-1738,127.0,,4.0,4,4,1858000.0,,,C
Q21-1754,2022-07-17,Q21-1754,132.5,,,0,0,0.0,586.0,,A
Q21-1758,2022-07-26,Q21-1758,274.0,,7.0,7,5,11211000.0,590.0,,A
Q21-1761,2022-07-29,Q21-1761,140.2,,5.0,5,5,1021000.0,,,A
Q21-1804,2022-07-29,Q21-1804,244.1,,,0,0,0.0,631.0,,A
Q21-1858,2022-07-25,Q21-1858,137.9,,10.0,10,10,41768000.0,680.0,,A
Q20-1505,2022-08-19,Q20-1505,47.6,,6.0,6,6,4028000.0,,,A
Q20-1512,2022-08-15,Q20-1512,303.6,,,0,0,0.0,365.0,,A
Q20-1516,2022-08-23,Q20-1516,185.3,,1.0,1,1,1522000.0,369.0,,B
Q20-1525,2022-08-18,Q20-1525,165.0,,6.0,6,6,15782000.0,379.0,,C
Q20-1574,2022-08-29,Q20-1574,144.4,,,0,0,0.0,417.0,,A
Q20-1586,2022-08-26,Q20-1586,122.9,,8.0,8,8,1607000.0,426.0,,A
Q20-1604,2022-08-21,Q20-1604,66.3,,17.0,17,17,106910000.0,,,A
Q20-1606,2022-08-17,Q20-1606,137.8,,,0,0,0.0,,,C
Q20-1621,2022-08-23,Q20-1621,107.5,,,0,0,0.0,,,C
Q21-1653,2022-09-01,Q21-1653,61.3,,,0,0,0.0,,,C
Q21-1677,2022-08-30,Q21-1677,133.3,,2.0,2,2,1570000.0,498.0,,A
Q21-1692,2022-08-18,Q21-1692,49.0,,1.0,1,1,148000.0,510.0,,C
Q21-1706,2022-08-27,Q21-1706,209.2,,17.0,17,17,10452000.0,522.0,,B
Q21-1718,2022-08-23,Q21-1718,132.2,,,0,0,0.0,533.0,,B
Q21-1720,2022-09-03,Q21-1720,157.1,,19.0,19,19,64280000.0,536.0,,C
Q21-1732,2022-08-28,Q21-1732,233.9,,11.0,11,11,51892000.0,546.0,,C
Q21-1733,2022-09-01,Q21-1733,295.6,,1.0,1,1,678000.0,,,B
Q21-1745,2022-09-03,Q21-1745,165.4,,,0,0,0.0,556.0,,C
Q21-1772,2022-08-19,Q21-1772,119.6,,,0,0,0.0,581.0,,A
Q21-1791,2022-08-18,Q21-1791,182.4,,8.0,8,8,6662000.0,,,A
Q21-1797,2022-08-25,Q21-1797,151.5,,1.0,1,1,33000.0,604.0,,A
Q21-1806,2022-08-21,Q21-1806,213.0,,11.0,11,10,88395000.0,,,C
Q21-1828,2022-09-03,Q21-1828,300.9,,,0,0,0.0,632.0,,A
Q21-1855,2022-08-31,Q21-1855,155.0,,25.0,25,25,23194000.0,655.0,,A
Q21-1876,2022-08-31,Q21-1876,55.9,,2.0,2,2,99000.0,,,A
Q20-1545,2022-09-18,Q20-1545,196.3,,2.0,2,2,1151000.0,,,A
Q20-1598,2022-09-22,Q20-1598,76.4,,14.0,14,14,20041000.0,411.0,,B
Q20-1610,2022-10-04,Q20-1610,1500.0,,3.0,3,3,5961000.0,,,C
Q20-1614,2022-10-04,Q20-1614,109.6,,,0,0,0.0,424.0,,A
Q20-1630,2022-09-16,Q20-1630,100.6,,2.0,2,1,773000.0,435.0,,C
Q20-1633,2022-09-17,Q20-1633,83.2,,,0,0,0.0,436.0,,C
Q21-1648,2022-10-01,Q21-1648,141.9,,,0,0,0.0,449.0,,B
Q21-1657,2022-10-04,Q21-1657,148.6,,1.0,1,1,14741000.0,,,C
Q21-1658,2022-09-17,Q21-1658,174.9,,6.0,6,6,42121000.0,459.0,,C
Q21-1686,2022-09-29,Q21-1686,57.0,,3.0,3,3,18066000.0,481.0,,A
Q21-1757,2022-09-22,Q21-1757,137.9,,2.0,2,2,263000.0,544.0,,A
Q21-1819,2022-09-18,Q21-1819,74.7,,3.0,3,3,6516000.0,600.0,,A
Q21-1820,2022-10-02,Q21-1820,1411.7,,25.0,25,23,181400000.0,,,A
Q21-1853,2022-09-24,Q21-1853,124.9,,6.0,6,6,7903000.0,,,A
Q21-1862,2022-09-16,Q21-1862,124.0,,14.0,14,14,39038000.0,637.0,,A
Q21-1892,2022-09-21,Q21-1892,105.2,,25.0,25,25,143526000.0,,,B
Q21-1904,2022-09-22,Q21-1904,280.6,,26.0,26,25,14797000.0,,,C
Q21-1906,2022-09-27,Q21-1906,132.2,,25.0,25,23,5474000.0,,,A
Q21-1927,2022-09-18,Q21-1927,128.7,,5.0,5,5,4452000.0,698.0,,B
Q21-1937,2022-09-20,Q21-1937,50.8,,,0,0,0.0,,,A
Q20-1542,2022-10-21,Q20-1542,673.7,,25.0,25,25,189528000.0,,,C
Q20-1563,2022-10-18,Q20-1563,192.0,,,0,0,0.0,,,C
Q20-1564,2022-10-31,Q20-1564,164.9,,1.0,1,1,1446000.0,,,A
Q20-1576,2022-11-02,Q20-1576,47.0,,,0,0,0.0,,,A
Q20-1619,2022-11-03,Q20-1619,156.8,,,0,0,0.0,,,B
Q20-1632,2022-10-15,Q20-1632,65.4,,,0,0,0.0,420.0,,A
Q21-1667,2022-10-17,Q21-1667,70.3,,,0,0,0.0,450.0,,C
Q21-1676,2022-10-19,Q21-1676,195.4,,,0,0,0.0,,,C
Q21-1684,2022-11-02,Q21-1684,113.4,,,0,0,0.0,463.0,,A
Q21-1697,2022-10-23,Q21-1697,147.4,,,0,0,0.0,474.0,,A
Q21-1704,2022-10-25,Q21-1704,124.4,,1.0,1,1,280000.0,,,C
Q21-1707,2022-10-25,Q21-1707,105.0,,,0,0,0.0,481.0,,A
Q21-1727,2022-10-26,Q21-1727,83.1,,8.0,8,8,5779000.0,501.0,,B
Q21-1728,2022-10-26,Q21-1728,167.8,,2.0,2,2,1328000.0,,,C
Q21-1729,2022-10-17,Q21-1729,158.9,,,0,0,0.0,502.0,,A
Q21-1734,2022-10-15,Q21-1734,786.6,,25.0,25,25,63630000.0,,,A
Q21-1741,2022-11-02,Q21-1741,205.8,,,0,0,0.0,,,B
Q21-1756,2022-10-28,Q21-1756,268.2,,1.0,1,1,594000.0,526.0,,C
Q21-1763,2022-10-18,Q21-1763,65.7,,,0,0,0.0,532.0,,B
Q21-1770,2022-10-19,Q21-1770,96.9,,,0,0,0.0,536.0,,C
Q21-1789,2022-10-30,Q21-1789,207.5,,25.0,25,25,5195000.0,,,C
Q21-1800,2022-10-30,Q21-1800,61.7,,,0,0,0.0,,,A
Q21-1807,2022-10-21,Q21-1807,177.3,,,0,0,0.0,,,C
Q21-1813,2022-10-21,Q21-1813,199.0,,5.0,5,5,6074000.0,,,A
Q21-1842,2022-10-22,Q21-1842,115.7,,3.0,3,3,8882000.0,,,C
Q21-1861,2022-10-29,Q21-1861,120.3,,4.0,4,4,199000.0,,,C
Q21-1867,2022-10-27,Q21-1867,122.0,,6.0,6,4,3245000.0,,,A
Q21-1899,2022-11-03,Q21-1899,61.3,,6.0,6,6,572000.0,,,A
Q21-1912,2022-11-02,Q21-1912,64.3,,13.0,13,13,31938000.0,669.0,,A
Q21-1918,2022-10-21,Q21-1918,573.2,,2.0,2,2,373000.0,,,A
Q21-1947,2022-10-16,Q21-1947,41.2,,25.0,25,25,3904000.0,697.0,,A
Q20-1631,2022-11-20,Q20-1631,221.7,,6.0,6,5,14747000.0,,,A
Q20-1638,2022-11-25,Q20-1638,221.3,,,0,0,0.0,,,B
Q21-1661,2022-11-24,Q21-1661,281.0,,3.0,3,3,7023000.0,,,A
Q21-1691,2022-11-19,Q21-1691,65.3,,17.0,17,17,78070000.0,452.0,,C
Q21-1693,2022-11-26,Q21-1693,101.0,,,0,0,0.0,,,B
Q21-1695,2022-11-25,Q21-1695,31.5,,,0,0,0.0,,,A
Q21-1709,2022-11-30,Q21-1709,45.5,,3.0,3,3,1234000.0,,,A
Q21-1735,2022-11-26,Q21-1735,267.3,,3.0,3,3,2073000.0,492.0,,A
Q21-1767,2022-12-03,Q21-1767,142.8,,2.0,2,2,5539000.0,,,A
Q21-1833,2022-11-23,Q21-1833,161.3,,14.0,14,13,9598000.0,576.0,,A
Q21-1838,2022-11-20,Q21-1838,67.7,,7.0,7,7,5549000.0,,,A
Q21-1863,2022-11-19,Q21-1863,54.9,,10.0,10,10,12637000.0,604.0,,A
Q21-1900,2022-12-02,Q21-1900,406.5,,25.0,25,25,113385000.0,,,C
Q21-1903,2022-11-23,Q21-1903,500.0,,28.0,28,27,48465000.0,643.0,,C
Q21-1908,2022-11-24,Q21-1908,84.0,,20.0,20,20,163608000.0,,,B
Q21-1909,2022-11-19,Q21-1909,123.3,,2.0,2,2,1926000.0,,,A
Q21-1915,2022-11-23,Q21-1915,247.4,,36.0,36,35,48597000.0,,,A
Q21-1922,2022-11-15,Q21-1922,144.2,,6.0,6,6,47714000.0,,,A
Q21-1941,2022-11-17,Q21-1941,138.8,,19.0,19,16,14292000.0,,,B
Q21-1955,2022-11-15,Q21-1955,115.7,,,0,0,0.0,687.0,,A
Q21-1962,2022-12-04,Q21-1962,47.0,,1.0,1,1,215000.0,,,A
Q21-1968,2022-11-29,Q21-1968,95.4,,2.0,2,2,16172000.0,,,A
Q22-1977,2022-11-20,Q22-1977,435.1,,1.0,1,1,3377000.0,,,A
Q22-1979,2022-12-04,Q22-1979,181.2,,48.0,48,48,306972000.0,710.0,,B
Q20-1589,2022-12-21,Q20-1589,71.7,,,0,0,0.0,362.0,,A
Q20-1622,2022-12-18,Q20-1622,211.3,,5.0,5,5,10576000.0,,,B
Q20-1627,2022-12-27,Q20-1627,210.5,,9.0,9,9,19138000.0,,,A
Q21-1650,2022-12-16,Q21-1650,10.5,,,0,0,0.0,,,C
Q21-1652,2022-12-15,Q21-1652,299.6,,11.0,11,11,55956000.0,,,A
Q21-1664,2022-12-15,Q21-1664,112.4,,,0,0,0.0,419.0,,A
Q21-1719,2022-12-17,Q21-1719,177.4,,6.0,6,6,25745000.0,464.0,,A
Q21-1725,2022-12-19,Q21-1725,104.0,,,0,0,0.0,,,A
Q21-1730,2023-01-02,Q21-1730,36.9,,,0,0,0.0,,,A
Q21-1749,2022-12-27,Q21-1749,74.9,,4.0,4,4,1015000.0,489.0,,A
Q21-1790,2022-12-25,Q21-1790,180.0,,4.0,4,4,26782000.0,525.0,,C
Q21-1793,2022-12-19,Q21-1793,202.5,,,0,0,0.0,527.0,,A
Q21-1794,2022-12-30,Q21-1794,566.9,,2.0,2,2,18257000.0,,,C
Q21-1808,2022-12-22,Q21-1808,151.5,,,0,0,0.0,,,A
Q21-1811,2022-12-16,Q21-1811,639.4,,4.0,4,4,35223000.0,543.0,,A
Q21-1824,2022-12-26,Q21-1824,41.5,,6.0,6,6,529000.0,555.0,,C
Q21-1839,2022-12-28,Q21-1839,74.1,,7.0,7,7,10506000.0,,,C
Q21-1847,2023-01-02,Q21-1847,50.2,,,0,0,0.0,573.0,,C
Q21-1875,2022-12-26,Q21-1875,105.4,,1.0,1,1,575000.0,,,A
Q21-1883,2022-12-27,Q21-1883,1053.5,,25.0,25,25,109198000.0,,,A
Q21-1890,2023-01-02,Q21-1890,60.8,,,0,0,0.0,,,B
Q21-1891,2023-01-03,Q21-1891,48.7,,11.0,11,10,3987000.0,,,C
Q21-1917,2022-12-25,Q21-1917,126.6,,4.0,4,4,4946000.0,640.0,,B
Q21-1938,2022-12-31,Q21-1938,286.0,,1.0,1,1,548000.0,655.0,,A
Q21-1958,2022-12-30,Q21-1958,105.4,,10.0,10,10,3538000.0,,,C
Q21-1967,2022-12-25,Q21-1967,122.6,,5.0,5,5,11508000.0,683.0,,C
Q22-1978,2022-12-27,Q22-1978,1247.0,,25.0,25,23,42513000.0,,,C
Q22-1981,2022-12-19,Q22-1981,180.9,,7.0,7,7,8434000.0,,,A
Q22-1983,2022-12-31,Q22-1983,106.3,,50.0,50,50,148243000.0,,,A
Q21-1705,2023-01-25,Q21-1705,90.1,,,0,0,0.0,443.0,,A
Q21-1765,2023-01-26,Q21-1765,141.4,,6.0,6,6,7364000.0,494.0,,A
Q21-1787,2023-02-02,Q21-1787,123.8,,7.0,7,7,10316000.0,513.0,,A
Q21-1805,2023-02-01,Q21-1805,70.3,,1.0,1,1,254000.0,528.0,,B
Q21-1837,2023-01-20,Q21-1837,82.3,,5.0,5,5,2631000.0,,,A
Q21-1849,2023-01-26,Q21-1849,82.2,,,0,0,0.0,,,C
Q21-1859,2023-01-18,Q21-1859,52.8,,,0,0,0.0,,,C
Q21-1864,2023-01-18,Q21-1864,177.5,,9.0,9,8,18353000.0,579.0,,A
Q21-1880,2023-01-30,Q21-1880,1415.6,,17.0,17,12,26210000.0,,,C
Q21-1905,2023-01-30,Q21-1905,126.3,,25.0,25,25,28745000.0,620.0,,A
Q21-1946,2023-01-19,Q21-1946,274.9,,24.0,24,24,45364000.0,,,C
Q21-1952,2023-02-02,Q21-1952,131.5,,11.0,11,11,14481000.0,659.0,,B
Q21-1953,2023-01-23,Q21-1953,79.9,,6.0,6,5,356000.0,,,A
Q21-1965,2023-01-16,Q21-1965,49.3,,2.0,2,2,718000.0,672.0,,C
Q22-2005,2023-01-23,Q22-2005,230.2,,3.0,3,3,5154000.0,,,C
Q22-2008,2023-01-19,Q22-2008,128.4,,5.0,5,5,539000.0,,,C
Q21-1647,2023-02-17,Q21-1647,213.4,,,0,0,0.0,,,A
Q21-1654,2023-03-04,Q21-1654,118.0,,1.0,1,1,9158000.0,,,A
Q21-1678,2023-03-06,Q21-1678,459.1,,,0,0,0.0,403.0,,A
Q21-1688,2023-02-28,Q21-1688,136.4,,3.0,3,3,26782000.0,,,C
Q21-1710,2023-03-06,Q21-1710,256.5,,9.0,9,9,24557000.0,430.0,,A
Q21-1715,2023-02-26,Q21-1715,216.0,,15.0,15,15,43565000.0,,,A
Q21-1764,2023-02-17,Q21-1764,249.7,,3.0,3,3,22322000.0,474.0,,A
Q21-1766,2023-03-01,Q21-1766,80.5,,6.0,6,6,657000.0,,,A
Q21-1775,2023-02-25,Q21-1775,306.1,,15.0,15,15,6315000.0,,,C
Q21-1776,2023-02-17,Q21-1776,205.7,,2.0,2,2,2208000.0,,,A
Q21-1782,2023-02-16,Q21-1782,104.3,,1.0,1,1,53000.0,,,C
Q21-1843,2023-03-01,Q21-1843,304.1,,6.0,6,4,29404000.0,,,A
Q21-1857,2023-02-18,Q21-1857,275.6,,2.0,2,2,2492000.0,,,A
Q21-1866,2023-02-15,Q21-1866,42.6,,25.0,25,25,973000.0,,,C
Q21-1871,2023-03-06,Q21-1871,181.9,,,0,0,0.0,,,A
Q21-1874,2023-02-15,Q21-1874,124.2,,5.0,5,5,2006000.0,,,A
Q21-1911,2023-02-17,Q21-1911,145.5,,2.0,2,2,304000.0,605.0,,A
Q21-1935,2023-03-02,Q21-1935,63.0,,6.0,6,4,1619000.0,,,A
Q22-2028,2023-02-24,Q22-2028,76.5,,43.0,43,43,48387000.0,708.0,,C
Q22-2030,2023-03-01,Q22-2030,114.3,,,0,0,0.0,710.0,,A
Q21-1649,2023-03-22,Q21-1649,108.3,,12.0,12,12,25053000.0,365.0,,A
Q21-1660,2023-03-24,Q21-1660,43.8,,1.0,1,1,216000.0,,,B
Q21-1670,2023-04-01,Q21-1670,138.1,,,0,0,0.0,,,A
Q21-1673,2023-03-30,Q21-1673,166.7,,,0,0,0.0,383.0,,C
Q21-1717,2023-03-18,Q21-1717,305.2,,2.0,2,2,5371000.0,,,A
Q21-1724,2023-03-25,Q21-1724,150.1,,2.0,2,2,199000.0,,,A
Q21-1748,2023-03-15,Q21-1748,290.6,,1.0,1,1,6000.0,,,A
Q21-1795,2023-03-24,Q21-1795,87.1,,1.0,1,1,52000.0,484.0,,A
Q21-1809,2023-03-26,Q21-1809,121.0,,1.0,1,1,1023000.0,495.0,,A
Q21-1810,2023-03-22,Q21-1810,75.5,,2.0,2,2,799000.0,495.0,,B
Q21-1815,2023-03-25,Q21-1815,500.0,,16.0,16,16,80995000.0,,,A
Q21-1831,2023-03-16,Q21-1831,75.5,,3.0,3,3,14159000.0,,,C
Q21-1850,2023-03-17,Q21-1850,171.5,,,0,0,0.0,,,A
Q21-1851,2023-03-18,Q21-1851,314.0,,10.0,10,10,55882000.0,532.0,,A
Q21-1860,2023-03-20,Q21-1860,149.5,,7.0,7,7,33202000.0,538.0,,A
Q21-1885,2023-03-20,Q21-1885,130.7,,12.0,12,12,7200000.0,,,A
Q21-1896,2023-03-30,Q21-1896,1378.2,,6.0,6,6,65320000.0,,,A
Q21-1910,2023-03-31,Q21-1910,154.5,,2.0,2,2,150000.0,,,A
Q21-1916,2023-03-17,Q21-1916,241.1,,1.0,1,1,495000.0,,,C
Q21-1957,2023-03-22,Q21-1957,51.6,,4.0,4,4,1105000.0,,,C
Q21-1961,2023-03-29,Q21-1961,154.0,,2.0,2,2,334000.0,,,A
Q21-1966,2023-03-27,Q21-1966,150.2,,4.0,4,4,489000.0,,,A
Q22-1982,2023-03-27,Q22-1982,44.4,,,0,0,0.0,647.0,,A
Q22-2012,2023-03-25,Q22-2012,87.5,,22.0,22,22,6367000.0,675.0,,C
Q22-2031,2023-04-02,Q22-2031,164.6,,,0,0,0.0,,,A
Q22-2045,2023-03-21,Q22-2045,113.1,,1.0,1,1,88000.0,,,B
Q22-2051,2023-03-17,Q22-2051,1500.0,,25.0,25,24,56374000.0,,,C
Q22-2058,2023-03-18,Q22-2058,94.1,,1.0,1,1,39000.0,717.0,,A
Q22-2063,2023-03-28,Q22-2063,111.0,,20.0,20,20,46982000.0,722.0,,A
Q22-2078,2023-03-22,Q22-2078,89.4,,1.0,1,1,16000.0,736.0,,A
Q21-1737,2023-04-19,Q21-1737,203.2,,2.0,2,2,8936000.0,,,A
Q21-1739,2023-04-18,Q21-1739,20.3,,2.0,2,2,254000.0,,,A
Q21-1747,2023-04-29,Q21-1747,182.4,,,0,0,0.0,426.0,,A
Q21-1774,2023-04-19,Q21-1774,176.3,,2.0,2,2,574000.0,,,A
Q21-1777,2023-04-19,Q21-1777,63.9,,2.0,2,2,2213000.0,,,C
Q21-1784,2023-04-20,Q21-1784,143.0,,,0,0,0.0,457.0,,A
Q21-1821,2023-04-29,Q21-1821,89.6,,3.0,3,2,3086000.0,,,C
Q21-1877,2023-04-29,Q21-1877,262.7,,6.0,6,6,13560000.0,535.0,,C
Q21-1925,2023-04-23,Q21-1925,82.2,,1.0,1,1,140000.0,579.0,,C
Q21-1951,2023-04-19,Q21-1951,264.7,,3.0,3,3,8019000.0,599.0,,A
Q22-1988,2023-04-23,Q22-1988,351.4,,16.0,16,16,7511000.0,,,A
Q22-2020,2023-04-18,Q22-2020,163.5,,15.0,15,15,39997000.0,,,C
Q22-2032,2023-05-01,Q22-2032,78.6,,,0,0,0.0,672.0,,A
Q22-2064,2023-04-25,Q22-2064,385.2,,26.0,26,26,126494000.0,,,A
Q22-2076,2023-04-28,Q22-2076,113.1,,2.0,2,2,2660000.0,713.0,,A
Q22-2081,2023-04-25,Q22-2081,120.3,,4.0,4,4,600000.0,718.0,,C
Q22-2090,2023-05-04,Q22-2090,27.2,,22.0,22,22,7526000.0,,,C
Q22-2095,2023-04-18,Q22-2095,260.8,,25.0,25,25,67533000.0,730.0,,A
Q22-2108,2023-04-22,Q22-2108,69.7,,3.0,3,3,253000.0,742.0,,B
Q22-2109,2023-04-18,Q22-2109,637.6,,15.0,15,15,44653000.0,744.0,,A
Q21-1702,2023-05-20,Q21-1702,78.3,,2.0,2,2,44000.0,361.0,,A
Q21-1703,2023-05-23,Q21-1703,339.8,,,0,0,0.0,,,C
Q21-1711,2023-05-25,Q21-1711,199.6,,11.0,11,11,105360000.0,,,C
Q21-1722,2023-05-16,Q21-1722,115.8,,6.0,6,6,8791000.0,,,C
Q21-1778,2023-05-15,Q21-1778,143.0,,,0,0,0.0,424.0,,B
Q21-1781,2023-05-22,Q21-1781,107.0,,12.0,12,10,22988000.0,,,B
Q21-1803,2023-05-23,Q21-1803,343.8,,,0,0,0.0,,,A
Q21-1817,2023-05-21,Q21-1817,60.7,,2.0,2,2,166000.0,,,A
Q21-1818,2023-05-26,Q21-1818,331.6,,,0,0,0.0,,,A
Q21-1835,2023-05-16,Q21-1835,176.9,,8.0,8,8,8802000.0,471.0,,A
Q21-1841,2023-06-03,Q21-1841,194.8,,5.0,5,5,29015000.0,477.0,,C
Q21-1848,2023-06-03,Q21-1848,1500.0,,25.0,25,25,153318000.0,,,C
Q21-1869,2023-05-20,Q21-1869,148.4,,1.0,1,1,943000.0,,,A
Q21-1882,2023-05-30,Q21-1882,48.2,,,0,0,0.0,,,C
Q21-1888,2023-05-23,Q21-1888,155.8,,8.0,8,8,44984000.0,,,A
Q21-1914,2023-05-30,Q21-1914,130.2,,,0,0,0.0,,,C
Q21-1928,2023-05-19,Q21-1928,92.3,,24.0,24,23,68220000.0,552.0,,C
Q21-1933,2023-05-31,Q21-1933,396.5,,9.0,9,9,30821000.0,,,A
Q21-1936,2023-05-28,Q21-1936,58.3,,,0,0,0.0,558.0,,A
Q22-1976,2023-05-25,Q22-1976,102.8,,,0,0,0.0,,,A
Q22-2007,2023-05-18,Q22-2007,1500.0,,,0,0,0.0,,,A
Q22-2011,2023-05-17,Q22-2011,670.5,,1.0,1,1,1352000.0,,,A
Q22-2017,2023-05-24,Q22-2017,344.1,,,0,0,0.0,629.0,,A
Q22-2025,2023-05-15,Q22-2025,135.1,,4.0,4,3,2559000.0,637.0,,A
Q22-2042,2023-05-26,Q22-2042,25.5,,4.0,4,4,6061000.0,,,A
Q22-2043,2023-05-27,Q22-2043,165.3,,7.0,7,7,8999000.0,652.0,,A
Q22-2067,2023-05-27,Q22-2067,175.2,,1.0,1,1,6391000.0,673.0,,A
Q22-2074,2023-06-02,Q22-2074,165.4,,10.0,10,10,14269000.0,,,C
Q22-2077,2023-05-24,Q22-2077,203.7,,5.0,5,5,19733000.0,684.0,,C
Q22-2082,2023-05-21,Q22-2082,169.5,,25.0,25,25,64658000.0,,,B
Q21-1750,2023-06-23,Q21-1750,80.0,,,0,0,0.0,,,B
Q21-1755,2023-06-24,Q21-1755,1026.8,,5.0,5,5,67552000.0,,,A
Q21-1760,2023-06-30,Q21-1760,163.6,,,0,0,0.0,395.0,,A
Q21-1796,2023-06-27,Q21-1796,203.7,,,0,0,0.0,425.0,,C
Q21-1816,2023-06-26,Q21-1816,87.4,,8.0,8,8,17348000.0,442.0,,C
Q21-1840,2023-06-23,Q21-1840,250.7,,2.0,2,1,6035000.0,,,C
Q21-1865,2023-06-25,Q21-1865,174.7,,1.0,1,1,31000.0,,,A
Q21-1873,2023-07-03,Q21-1873,158.3,,1.0,1,1,806000.0,,,A
Q21-1887,2023-07-02,Q21-1887,116.2,,,0,0,0.0,,,B
Q21-1901,2023-06-24,Q21-1901,57.9,,,0,0,0.0,516.0,,A
Q21-1923,2023-07-02,Q21-1923,429.0,,,0,0,0.0,533.0,,A
Q21-1948,2023-06-21,Q21-1948,168.5,,25.0,25,25,38826000.0,,,C
Q21-1954,2023-06-30,Q21-1954,187.5,,16.0,16,16,56399000.0,,,A
Q21-1970,2023-06-22,Q21-1970,36.8,,1.0,1,1,360000.0,,,A
Q22-1974,2023-06-19,Q22-1974,206.4,,7.0,7,7,17638000.0,573.0,,A
Q22-1975,2023-06-22,Q22-1975,112.7,,1.0,1,1,308000.0,575.0,,A
Q22-1996,2023-06-30,Q22-1996,238.6,,7.0,7,7,28919000.0,,,C
Q22-2071,2023-06-21,Q22-2071,79.7,,6.0,6,6,5734000.0,,,A
Q22-2075,2023-06-16,Q22-2075,451.8,,,0,0,0.0,,,C
Q22-2086,2023-06-25,Q22-2086,109.3,,4.0,4,4,10107000.0,,,C
Q22-2091,2023-07-02,Q22-2091,1023.0,,15.0,15,15,68242000.0,,,B
Q22-2099,2023-06-25,Q22-2099,321.9,,5.0,5,4,24305000.0,685.0,,B
Q22-2121,2023-06-29,Q22-2121,820.9,,25.0,25,25,157191000.0,,,C
Q22-2141,2023-06-19,Q22-2141,726.2,,6.0,6,6,2084000.0,725.0,,C
Q21-1783,2023-07-15,Q21-1783,20.8,,1.0,1,1,11000.0,395.0,,A
Q21-1788,2023-07-22,Q21-1788,159.4,,,0,0,0.0,,,C
Q21-1812,2023-07-26,Q21-1812,275.8,,11.0,11,11,16780000.0,,,C
Q21-1829,2023-07-25,Q21-1829,106.9,,,0,0,0.0,,,A
Q21-1844,2023-07-21,Q21-1844,88.9,,,0,0,0.0,445.0,,A
Q21-1845,2023-07-27,Q21-1845,277.3,,10.0,10,9,14691000.0,447.0,,C
Q21-1870,2023-07-18,Q21-1870,72.8,,1.0,1,1,1078000.0,,,C
Q21-1872,2023-07-28,Q21-1872,474.4,,5.0,5,4,33108000.0,,,C
Q21-1878,2023-07-27,Q21-1878,137.3,,,0,0,0.0,,,C
Q21-1894,2023-07-31,Q21-1894,82.6,,1.0,1,1,327000.0,,,A
Q21-1895,2023-07-27,Q21-1895,61.3,,1.0,1,1,221000.0,,,B
Q21-1902,2023-07-15,Q21-1902,105.1,,3.0,3,3,671000.0,496.0,,A
Q21-1932,2023-07-20,Q21-1932,50.3,,,0,0,0.0,518.0,,C
Q21-1934,2023-07-20,Q21-1934,179.3,,1.0,1,1,70000.0,,,C
Q21-1963,2023-08-03,Q21-1963,159.0,,25.0,25,25,56177000.0,,,C
Q21-1964,2023-08-02,Q21-1964,285.6,,3.0,3,3,875000.0,544.0,,C
Q22-1971,2023-07-21,Q22-1971,129.9,,25.0,25,20,43184000.0,,,A
Q22-2004,2023-07-31,Q22-2004,87.5,,,0,0,0.0,,,A
Q22-2044,2023-07-22,Q22-2044,106.6,,16.0,16,16,29406000.0,,,A
Q22-2120,2023-07-21,Q22-2120,475.0,,7.0,7,7,2292000.0,684.0,,A
Q22-2134,2023-07-30,Q22-2134,180.6,,3.0,3,3,642000.0,696.0,,C
Q22-2143,2023-07-25,Q22-2143,133.4,,1.0,1,1,183000.0,,,C
Q22-2161,2023-08-03,Q22-2161,167.1,,,0,0,0.0,,,A
Q22-2168,2023-07-16,Q22-2168,154.5,,18.0,18,18,3295000.0,730.0,,C
Q21-1799,2023-08-15,Q21-1799,104.1,,3.0,3,3,497000.0,,,C
Q21-1822,2023-08-23,Q21-1822,133.5,,,0,0,0.0,410.0,,A
Q21-1823,2023-08-22,Q21-1823,149.3,,,0,0,0.0,411.0,,A
Q21-1868,2023-08-21,Q21-1868,145.6,,,0,0,0.0,448.0,,A
Q21-1879,2023-08-27,Q21-1879,140.6,,5.0,5,5,14757000.0,,,C
Q21-1893,2023-08-29,Q21-1893,144.6,,10.0,10,10,9355000.0,469.0,,C
Q21-1897,2023-08-30,Q21-1897,843.2,,3.0,3,3,2782000.0,,,C
Q21-1945,2023-08-25,Q21-1945,63.4,,,0,0,0.0,,,C
Q21-1949,2023-08-26,Q21-1949,127.5,,,0,0,0.0,512.0,,B
Q22-1993,2023-08-23,Q22-1993,136.6,,11.0,11,11,21491000.0,,,B
Q22-2010,2023-08-18,Q22-2010,69.8,,3.0,3,3,788000.0,566.0,,C
Q22-2026,2023-08-16,Q22-2026,259.9,,35.0,35,33,83279000.0,581.0,,A
Q22-2049,2023-08-23,Q22-2049,351.5,,,0,0,0.0,,,A
Q22-2054,2023-08-20,Q22-2054,682.5,,,0,0,0.0,604.0,,C
Q22-2056,2023-08-31,Q22-2056,204.9,,6.0,6,6,3301000.0,,,C
Q22-2059,2023-08-27,Q22-2059,50.3,,1.0,1,1,43000.0,610.0,,A
Q22-2084,2023-08-24,Q22-2084,169.4,,1.0,1,1,1315000.0,633.0,,B
Q22-2106,2023-08-17,Q22-2106,46.1,,1.0,1,1,4000.0,,,A
Q22-2110,2023-08-23,Q22-2110,57.5,,5.0,5,5,896000.0,657.0,,C
Q22-2119,2023-08-28,Q22-2119,240.9,,6.0,6,5,1910000.0,,,C
Q22-2137,2023-08-29,Q22-2137,65.8,,2.0,2,2,102000.0,680.0,,C
Q22-2191,2023-08-19,Q22-2191,78.9,,20.0,20,18,85439000.0,733.0,,C
Q22-2217,2023-08-27,Q22-2217,60.0,,,0,0,0.0,,,A
Q21-1826,2023-09-28,Q21-1826,76.8,,,0,0,0.0,392.0,,A
Q21-1832,2023-10-04,Q21-1832,500.0,,10.0,10,9,20156000.0,,,C
Q21-1886,2023-10-04,Q21-1886,264.0,,,0,0,0.0,,,C
Q21-1924,2023-09-26,Q21-1924,99.9,,2.0,2,2,50000.0,474.0,,C
Q21-1931,2023-09-30,Q21-1931,76.0,,1.0,1,1,162000.0,,,C
Q21-1956,2023-09-23,Q21-1956,141.1,,6.0,6,6,745000.0,,,B
Q21-1960,2023-09-24,Q21-1960,56.6,,,0,0,0.0,,,C
Q21-1969,2023-09-15,Q21-1969,93.0,,,0,0,0.0,508.0,,A
Q22-1973,2023-09-18,Q22-1973,255.5,,3.0,3,3,813000.0,,,A
Q22-1985,2023-10-03,Q22-1985,87.5,,,0,0,0.0,,,C
Q22-2000,2023-09-20,Q22-2000,51.2,,1.0,1,1,125000.0,,,A
Q22-2089,2023-09-30,Q22-2089,112.0,,6.0,6,4,887000.0,,,B
Q22-2097,2023-09-21,Q22-2097,74.0,,,0,0,0.0,622.0,,C
Q22-2154,2023-09-30,Q22-2154,55.4,,2.0,2,2,453000.0,676.0,,A
Q22-2157,2023-09-25,Q22-2157,24.2,,1.0,1,1,163000.0,677.0,,A
Q22-2162,2023-09-18,Q22-2162,70.6,,2.0,2,2,348000.0,,,A
Q22-2167,2023-09-17,Q22-2167,47.7,,,0,0,0.0,689.0,,C
Q22-2199,2023-10-04,Q22-2199,88.0,,,0,0,0.0,,,A
Q21-1856,2023-10-16,Q21-1856,255.0,,5.0,5,5,15820000.0,393.0,,B
Q21-1889,2023-10-20,Q21-1889,1232.9,,11.0,11,11,36070000.0,,,B
Q21-1898,2023-10-20,Q21-1898,70.1,,,0,0,0.0,428.0,,A
Q21-1913,2023-11-01,Q21-1913,163.3,,7.0,7,7,22815000.0,,,C
Q21-1929,2023-10-30,Q21-1929,115.3,,,0,0,0.0,,,A
Q22-1986,2023-10-24,Q22-1986,54.2,,2.0,2,2,457000.0,494.0,,C
Q22-1992,2023-11-01,Q22-1992,191.2,,2.0,2,2,2998000.0,,,A
Q22-1999,2023-10-25,Q22-1999,115.7,,14.0,14,14,30659000.0,,,A
Q22-2001,2023-10-24,Q22-2001,182.4,,,0,0,0.0,,,B
Q22-2021,2023-11-03,Q22-2021,40.7,,4.0,4,4,3694000.0,,,C
Q22-2038,2023-10-28,Q22-2038,193.8,,,0,0,0.0,,,A
Q22-2052,2023-10-31,Q22-2052,187.6,,2.0,2,2,578000.0,,,B
Q22-2069,2023-10-27,Q22-2069,273.4,,10.0,10,10,63554000.0,,,C
Q22-2102,2023-10-16,Q22-2102,107.1,,14.0,14,14,42486000.0,,,A
Q22-2116,2023-10-22,Q22-2116,196.2,,,0,0,0.0,,,A
Q22-2117,2023-11-02,Q22-2117,78.9,,4.0,4,4,4051000.0,,,A
Q22-2122,2023-10-29,Q22-2122,120.8,,1.0,1,1,4755000.0,,,B
Q22-2124,2023-10-26,Q22-2124,140.7,,,0,0,0.0,,,A
Q22-2138,2023-10-29,Q22-2138,393.1,,6.0,6,6,4430000.0,630.0,,A
Q22-2172,2023-10-30,Q22-2172,178.4,,,0,0,0.0,,,A
Q22-2180,2023-10-21,Q22-2180,55.5,,2.0,2,2,210000.0,,,C
Q22-2190,2023-10-25,Q22-2190,163.4,,7.0,7,7,3521000.0,,,A
Q22-2204,2023-10-24,Q22-2204,359.4,,1.0,1,1,194000.0,,,B
Q22-2234,2023-10-31,Q22-2234,64.9,,9.0,9,9,2256000.0,,,B
Q22-2263,2023-11-02,Q22-2263,260.1,,8.0,8,8,28145000.0,,,C
Q21-1921,2023-12-03,Q21-1921,70.5,,,0,0,0.0,,,A
Q22-1984,2023-11-23,Q22-1984,111.0,,10.0,10,10,13280000.0,,,A
Q22-1989,2023-11-20,Q22-1989,99.7,,6.0,6,6,4956000.0,,,A
Q22-1998,2023-11-26,Q22-1998,54.4,,1.0,1,1,1141000.0,,,C
Q22-2003,2023-11-19,Q22-2003,179.9,,9.0,9,9,21601000.0,,,A
Q22-2016,2023-11-16,Q22-2016,95.6,,8.0,8,7,17159000.0,504.0,,B
Q22-2023,2023-11-18,Q22-2023,176.1,,,0,0,0.0,,,B
Q22-2037,2023-11-15,Q22-2037,60.6,,4.0,4,4,3076000.0,521.0,,A
Q22-2040,2023-11-21,Q22-2040,64.8,,3.0,3,3,5999000.0,,,A
Q22-2041,2023-12-02,Q22-2041,151.9,,1.0,1,1,13000.0,524.0,,A
Q22-2053,2023-11-15,Q22-2053,144.2,,23.0,23,23,25562000.0,,,A
Q22-2066,2023-11-21,Q22-2066,135.9,,,0,0,0.0,547.0,,B
Q22-2080,2023-11-20,Q22-2080,123.8,,3.0,3,3,7112000.0,560.0,,C
Q22-2092,2023-11-21,Q22-2092,89.8,,5.0,5,5,40047000.0,570.0,,B
Q22-2128,2023-11-16,Q22-2128,20.3,,,0,0,0.0,,,C
Q22-2151,2023-11-24,Q22-2151,94.6,,21.0,21,21,3350000.0,626.0,,C
Q22-2155,2023-11-16,Q22-2155,168.1,,2.0,2,2,680000.0,,,B
Q22-2166,2023-11-19,Q22-2166,131.3,,6.0,6,5,12713000.0,,,A
Q22-2184,2023-11-22,Q22-2184,82.0,,3.0,3,3,1165000.0,,,C
Q22-2185,2023-11-15,Q22-2185,190.5,,,0,0,0.0,,,A
Q22-2212,2023-11-21,Q22-2212,121.8,,,0,0,0.0,680.0,,A
Q22-2240,2023-11-29,Q22-2240,79.9,,17.0,17,17,7636000.0,,,B
Q22-2260,2023-11-27,Q22-2260,162.3,,4.0,4,4,5254000.0,724.0,,C
Q23-2278,2023-11-16,Q23-2278,91.7,,18.0,18,18,66070000.0,742.0,,C
Q21-1943,2023-12-31,Q21-1943,92.9,,,0,0,0.0,,,A
Q21-1944,2023-12-24,Q21-1944,99.4,,5.0,5,5,1682000.0,,,A
Q22-2002,2023-12-20,Q22-2002,46.4,,3.0,3,3,1252000.0,473.0,,A
Q22-2006,2023-12-20,Q22-2006,184.6,,3.0,3,3,53265000.0,,,A
Q22-2013,2023-12-15,Q22-2013,170.9,,,0,0,0.0,,,A
Q22-2055,2023-12-31,Q22-2055,132.9,,1.0,1,1,494000.0,,,A
Q22-2123,2023-12-19,Q22-2123,120.3,,,0,0,0.0,584.0,,A
Q22-2126,2023-12-22,Q22-2126,101.6,,,0,0,0.0,586.0,,A
Q22-2135,2023-12-21,Q22-2135,109.2,,,0,0,0.0,,,A
Q22-2164,2023-12-23,Q22-2164,335.6,,1.0,1,1,812000.0,,,C
Q22-2174,2023-12-29,Q22-2174,149.0,,6.0,6,5,3897000.0,,,C
Q22-2175,2023-12-27,Q22-2175,240.2,,14.0,14,14,72692000.0,,,C
Q22-2206,2023-12-26,Q22-2206,57.6,,4.0,4,2,1408000.0,,,C
Q22-2211,2024-01-03,Q22-2211,137.3,,,0,0,0.0,660.0,,C
Q22-2231,2023-12-17,Q22-2231,131.5,,3.0,3,3,672000.0,,,A
Q22-2236,2023-12-27,Q22-2236,202.6,,1.0,1,1,315000.0,,,A
Q22-2242,2023-12-27,Q22-2242,72.8,,,0,0,0.0,,,C
Q22-2244,2023-12-31,Q22-2244,379.6,,6.0,6,6,8965000.0,,,C
Q22-2249,2023-12-28,Q22-2249,70.3,,,0,0,0.0,,,A
Q22-2265,2024-01-01,Q22-2265,257.1,,,0,0,0.0,,,A
Q23-2280,2023-12-20,Q23-2280,59.1,,,0,0,0.0,,,C
Q23-2284,2023-12-22,Q23-2284,100.2,,11.0,11,11,15435000.0,,,A
Q21-1939,2024-01-29,Q21-1939,200.0,,,0,0,0.0,,,A
Q22-1997,2024-01-26,Q22-1997,130.3,,2.0,2,2,106000.0,,,B
Q22-2014,2024-01-22,Q22-2014,41.0,,,0,0,0.0,,,A
Q22-2019,2024-01-20,Q22-2019,108.0,,8.0,8,8,13877000.0,,,A
Q22-2022,2024-01-24,Q22-2022,113.6,,,0,0,0.0,,,A
Q22-2087,2024-01-31,Q22-2087,314.5,,1.0,1,1,292000.0,,,A
Q22-2101,2024-01-23,Q22-2101,907.0,,21.0,21,21,207635000.0,,,A
Q22-2107,2024-01-31,Q22-2107,298.8,,5.0,5,5,94848000.0,,,A
Q22-2118,2024-01-18,Q22-2118,195.1,,4.0,4,4,1535000.0,,,A
Q22-2160,2024-01-31,Q22-2160,179.8,,3.0,3,3,2052000.0,601.0,,C
Q22-2194,2024-01-31,Q22-2194,229.5,,1.0,1,1,504000.0,,,A
Q22-2228,2024-01-21,Q22-2228,164.9,,5.0,5,5,2580000.0,,,A
Q23-2273,2024-01-19,Q23-2273,118.7,,10.0,10,10,3815000.0,,,B
Q22-1980,2024-02-17,Q22-1980,90.5,,2.0,2,2,267000.0,421.0,,A
Q22-1990,2024-03-03,Q22-1990,104.8,,22.0,22,19,37809000.0,430.0,,C
Q22-2046,2024-02-27,Q22-2046,165.8,,,0,0,0.0,477.0,,A
Q22-2050,2024-02-26,Q22-2050,125.2,,1.0,1,1,224000.0,481.0,,C
Q22-2057,2024-03-05,Q22-2057,74.2,,,0,0,0.0,488.0,,A
Q22-2061,2024-02-28,Q22-2061,180.7,,1.0,1,1,1664000.0,,,C
Q22-2062,2024-02-17,Q22-2062,123.9,,7.0,7,7,13531000.0,493.0,,A
Q22-2070,2024-02-19,Q22-2070,435.4,,16.0,16,16,66539000.0,498.0,,A
Q22-2073,2024-02-26,Q22-2073,86.7,,5.0,5,3,1046000.0,502.0,,C
Q22-2100,2024-02-28,Q22-2100,355.7,,,0,0,0.0,,,A
Q22-2139,2024-02-29,Q22-2139,284.9,,4.0,4,4,2315000.0,,,C
Q22-2147,2024-02-26,Q22-2147,110.4,,,0,0,0.0,568.0,,C
Q22-2182,2024-02-26,Q22-2182,215.3,,,0,0,0.0,601.0,,A
Q22-2187,2024-02-29,Q22-2187,84.7,,,0,0,0.0,,,A
Q22-2189,2024-03-05,Q22-2189,183.8,,,0,0,0.0,606.0,,B
Q22-2193,2024-02-29,Q22-2193,188.3,,2.0,2,2,10096000.0,,,A
Q22-2210,2024-02-20,Q22-2210,100.4,,4.0,4,4,10562000.0,,,A
Q22-2213,2024-03-05,Q22-2213,162.5,,2.0,2,2,1672000.0,625.0,,A
Q22-2216,2024-03-04,Q22-2216,141.7,,,0,0,0.0,627.0,,A
Q22-2232,2024-02-17,Q22-2232,94.2,,1.0,1,1,1094000.0,643.0,,A
Q22-2237,2024-03-01,Q22-2237,191.4,,15.0,15,15,78547000.0,,,C
Q22-2257,2024-02-18,Q22-2257,162.1,,9.0,9,9,16767000.0,,,A
Q22-2261,2024-03-05,Q22-2261,194.9,,12.0,12,12,5132000.0,669.0,,A
Q23-2271,2024-03-04,Q23-2271,89.3,,7.0,7,7,12605000.0,,,A
Q22-1991,2024-04-03,Q22-1991,34.6,,,0,0,0.0,,,B
Q22-1995,2024-03-22,Q22-1995,224.6,,,0,0,0.0,412.0,,A
Q22-2024,2024-04-01,Q22-2024,199.7,,3.0,3,3,6412000.0,,,B
Q22-2029,2024-03-30,Q22-2029,290.0,,7.0,7,7,28817000.0,440.0,,A
Q22-2033,2024-04-02,Q22-2033,134.2,,25.0,25,25,80848000.0,,,B
Q22-2068,2024-03-31,Q22-2068,219.4,,,0,0,0.0,,,B
Q22-2072,2024-03-20,Q22-2072,225.3,,,0,0,0.0,478.0,,A
Q22-2104,2024-03-17,Q22-2104,159.4,,2.0,2,2,209000.0,506.0,,A
Q22-2113,2024-03-22,Q22-2113,219.8,,4.0,4,4,18271000.0,,,C
Q22-2115,2024-04-02,Q22-2115,226.8,,1.0,1,1,904000.0,,,A
Q22-2129,2024-03-21,Q22-2129,122.0,,2.0,2,2,229000.0,527.0,,A
Q22-2145,2024-03-20,Q22-2145,83.4,,1.0,1,1,895000.0,,,B
Q22-2146,2024-03-18,Q22-2146,62.0,,,0,0,0.0,542.0,,A
Q22-2158,2024-04-03,Q22-2158,20.1,,4.0,4,2,32375000.0,,,A
Q22-2163,2024-03-22,Q22-2163,84.9,,2.0,2,2,261000.0,557.0,,A
Q22-2173,2024-03-26,Q22-2173,136.9,,1.0,1,1,4971000.0,566.0,,A
Q22-2200,2024-04-02,Q22-2200,79.4,,4.0,4,3,5538000.0,589.0,,C
Q22-2224,2024-03-29,Q22-2224,43.1,,,0,0,0.0,,,A
Q23-2275,2024-03-28,Q23-2275,105.3,,10.0,10,10,14139000.0,,,C
Q23-2286,2024-03-28,Q23-2286,86.0,,,0,0,0.0,,,B
Q23-2295,2024-03-23,Q23-2295,146.2,,1.0,1,1,327000.0,,,C
Q23-2307,2024-03-23,Q23-2307,305.7,,11.0,11,11,1101000.0,,,A
Q22-2015,2024-04-29,Q22-2015,100.9,,,0,0,0.0,,,A
Q22-2048,2024-04-17,Q22-2048,162.4,,1.0,1,1,3591000.0,437.0,,A
Q22-2060,2024-04-23,Q22-2060,215.5,,3.0,3,3,16384000.0,,,C
Q22-2083,2024-04-28,Q22-2083,177.3,,5.0,5,5,17576000.0,,,C
Q22-2088,2024-04-27,Q22-2088,400.2,,10.0,10,10,24854000.0,,,A
Q22-2098,2024-04-23,Q22-2098,235.4,,3.0,3,3,11119000.0,482.0,,C
Q22-2103,2024-04-22,Q22-2103,235.6,,3.0,3,3,567000.0,486.0,,A
Q22-2178,2024-04-17,Q22-2178,54.1,,,0,0,0.0,,,A
Q22-2219,2024-05-03,Q22-2219,181.5,,3.0,3,3,11265000.0,,,A
Q23-2291,2024-05-02,Q23-2291,87.9,,7.0,7,4,11692000.0,648.0,,A
Q23-2302,2024-04-20,Q23-2302,52.7,,,0,0,0.0,656.0,,A
Q22-2034,2024-06-03,Q22-2034,55.2,,,0,0,0.0,406.0,,A
Q22-2047,2024-05-30,Q22-2047,53.7,,1.0,1,1,255000.0,,,A
Q22-2085,2024-05-29,Q22-2085,71.3,,,0,0,0.0,452.0,,C
Q22-2111,2024-05-16,Q22-2111,115.0,,,0,0,0.0,,,A
Q22-2144,2024-05-29,Q22-2144,102.6,,,0,0,0.0,500.0,,C
Q22-2156,2024-06-02,Q22-2156,141.2,,4.0,4,4,5663000.0,509.0,,C
Q22-2165,2024-05-29,Q22-2165,89.2,,,0,0,0.0,519.0,,B
Q22-2203,2024-05-22,Q22-2203,229.9,,3.0,3,3,2167000.0,549.0,,A
Q22-2218,2024-06-03,Q22-2218,90.1,,1.0,1,1,184000.0,,,C
Q23-2277,2024-05-29,Q23-2277,99.5,,2.0,2,2,10863000.0,613.0,,A
Q23-2299,2024-05-22,Q23-2299,228.9,,,0,0,0.0,,,C
Q23-2316,2024-05-20,Q23-2316,73.0,,,0,0,0.0,,,A
Q23-2317,2024-05-31,Q23-2317,99.5,,,0,0,0.0,,,A
Q23-2319,2024-05-28,Q23-2319,74.7,,,0,0,0.0,650.0,,A
Q23-2325,2024-05-23,Q23-2325,100.8,,,0,0,0.0,654.0,,C
Q22-2112,2024-07-03,Q22-2112,109.0,,,0,0,0.0,,,A
Q22-2125,2024-06-23,Q22-2125,166.5,,,0,0,0.0,,,A
Q22-2130,2024-06-23,Q22-2130,194.0,,,0,0,0.0,468.0,,A
Q22-2142,2024-06-15,Q22-2142,120.6,,1.0,1,1,3516000.0,477.0,,B
Q22-2198,2024-06-21,Q22-2198,136.5,,1.0,1,1,179000.0,,,A
Q22-2223,2024-06-30,Q22-2223,115.2,,,0,0,0.0,545.0,,A
Q22-2255,2024-06-27,Q22-2255,141.7,,1.0,1,1,13050000.0,572.0,,A
Q22-2270,2024-06-16,Q22-2270,266.7,,8.0,8,8,50405000.0,584.0,,A
Q23-2290,2024-07-03,Q23-2290,358.2,,,0,0,0.0,604.0,,A
Q23-2301,2024-06-16,Q23-2301,452.7,,11.0,11,11,32935000.0,,,C
Q22-2079,2024-07-19,Q22-2079,81.5,,,0,0,0.0,410.0,,C
Q22-2105,2024-07-24,Q22-2105,118.5,,2.0,2,2,807000.0,,,A
Q22-2140,2024-07-22,Q22-2140,182.7,,7.0,7,6,9842000.0,,,A
Q22-2201,2024-08-01,Q22-2201,89.9,,1.0,1,1,140000.0,,,A
Q22-2202,2024-08-01,Q22-2202,104.2,,8.0,8,8,43471000.0,,,C
Q22-2220,2024-07-28,Q22-2220,19.6,,,0,0,0.0,,,A
Q22-2238,2024-08-01,Q22-2238,263.3,,1.0,1,1,868000.0,,,A
Q22-2241,2024-07-17,Q22-2241,737.9,,6.0,6,6,48095000.0,,,A
Q22-2262,2024-07-19,Q22-2262,209.7,,,0,0,0.0,559.0,,A
Q23-2276,2024-07-24,Q23-2276,47.3,,,0,0,0.0,,,B
Q23-2304,2024-08-02,Q23-2304,137.8,,,0,0,0.0,,,A
Q23-2315,2024-07-21,Q23-2315,213.3,,,0,0,0.0,606.0,,A
Q22-2133,2024-09-02,Q22-2133,113.0,,,0,0,0.0,429.0,,C
Q22-2148,2024-08-25,Q22-2148,70.9,,2.0,2,1,572000.0,442.0,,C
Q22-2209,2024-08-27,Q22-2209,206.7,,,0,0,0.0,490.0,,B
Q22-2222,2024-08-21,Q22-2222,55.8,,4.0,4,3,7106000.0,501.0,,A
Q22-2248,2024-08-26,Q22-2248,593.3,,8.0,8,8,16977000.0,,,A
Q23-2281,2024-08-26,Q23-2281,786.1,,,0,0,0.0,,,C
Q23-2336,2024-08-19,Q23-2336,192.0,,,0,0,0.0,,,A
Q22-2136,2024-09-23,Q22-2136,131.7,,3.0,3,3,3625000.0,,,A
Q22-2152,2024-10-04,Q22-2152,40.8,,2.0,2,2,4997000.0,,,C
Q22-2159,2024-09-19,Q22-2159,46.9,,6.0,6,3,1081000.0,427.0,,C
Q22-2177,2024-09-29,Q22-2177,207.9,,9.0,9,8,38392000.0,,,A
Q22-2181,2024-09-19,Q22-2181,131.1,,,0,0,0.0,,,C
Q22-2188,2024-10-01,Q22-2188,97.3,,2.0,2,2,10133000.0,,,C
Q22-2207,2024-09-15,Q22-2207,80.1,,14.0,14,14,8416000.0,,,A
Q22-2225,2024-09-22,Q22-2225,121.7,,8.0,8,8,20724000.0,,,A
Q22-2226,2024-09-17,Q22-2226,78.0,,,0,0,0.0,,,A
Q22-2233,2024-09-17,Q22-2233,71.1,,,0,0,0.0,,,C
Q22-2245,2024-09-25,Q22-2245,400.9,,,0,0,0.0,,,C
Q22-2256,2024-09-21,Q22-2256,227.6,,,0,0,0.0,,,C
Q23-2272,2024-09-16,Q23-2272,232.8,,,0,0,0.0,,,B
Q23-2298,2024-09-17,Q23-2298,30.5,,,0,0,0.0,543.0,,A
Q23-2313,2024-09-25,Q23-2313,75.6,,,0,0,0.0,557.0,,A
Q23-2331,2024-10-01,Q23-2331,199.9,,14.0,14,14,29993000.0,,,C
Q23-2350,2024-09-17,Q23-2350,596.9,,,0,0,0.0,,,B
Q22-2149,2024-11-01,Q22-2149,1226.3,,,0,0,0.0,400.0,,C
Q22-2169,2024-10-22,Q22-2169,57.8,,,0,0,0.0,420.0,,C
Q22-2170,2024-10-26,Q22-2170,291.9,,,0,0,0.0,420.0,,A
Q22-2179,2024-10-20,Q22-2179,720.8,,13.0,13,13,34497000.0,,,A
Q22-2215,2024-10-19,Q22-2215,28.6,,1.0,1,1,781000.0,,,A
Q22-2246,2024-10-25,Q22-2246,114.4,,,0,0,0.0,,,A
Q22-2250,2024-10-27,Q22-2250,95.8,,,0,0,0.0,,,A
Q22-2268,2024-10-17,Q22-2268,141.3,,,0,0,0.0,,,A
Q22-2269,2024-11-03,Q22-2269,37.3,,1.0,1,1,17000.0,,,A
Q23-2274,2024-10-23,Q23-2274,238.7,,4.0,4,4,21493000.0,505.0,,A
Q23-2282,2024-10-29,Q23-2282,683.1,,9.0,9,9,34570000.0,,,A
Q23-2296,2024-10-20,Q23-2296,500.0,,,0,0,0.0,522.0,,A
Q23-2303,2024-10-27,Q23-2303,259.9,,,0,0,0.0,528.0,,C
Q23-2318,2024-10-25,Q23-2318,664.6,,8.0,8,8,45847000.0,,,B
Q23-2335,2024-10-18,Q23-2335,15.1,,,0,0,0.0,,,C
Q23-2337,2024-10-17,Q23-2337,28.6,,6.0,6,6,18726000.0,,,A
Q23-2338,2024-10-26,Q23-2338,198.8,,,0,0,0.0,,,C
Q23-2353,2024-10-18,Q23-2353,141.8,,,0,0,0.0,572.0,,C
Q22-2195,2024-11-29,Q22-2195,205.1,,15.0,15,15,57821000.0,,,B
Q22-2221,2024-12-03,Q22-2221,140.4,,4.0,4,4,24489000.0,445.0,,A
Q22-2243,2024-11-20,Q22-2243,140.8,,,0,0,0.0,,,A
Q23-2285,2024-11-24,Q23-2285,155.3,,,0,0,0.0,,,C
Q23-2332,2024-11-23,Q23-2332,183.1,,,0,0,0.0,536.0,,A
Q23-2358,2024-12-03,Q23-2358,227.2,,,0,0,0.0,,,B
Q23-2364,2024-12-01,Q23-2364,240.5,,,0,0,0.0,,,B
Q22-2230,2024-12-21,Q22-2230,177.9,,1.0,1,1,878000.0,436.0,,A
Q22-2251,2024-12-19,Q22-2251,199.1,,,0,0,0.0,,,A
Q22-2252,2024-12-20,Q22-2252,138.1,,,0,0,0.0,,,A
Q22-2254,2024-12-25,Q22-2254,237.6,,7.0,7,7,8187000.0,,,A
Q22-2264,2024-12-21,Q22-2264,153.5,,,0,0,0.0,,,C
Q23-2320,2025-01-03,Q23-2320,85.7,,,0,0,0.0,,,B
Q23-2323,2024-12-29,Q23-2323,700.0,,,0,0,0.0,513.0,,C
Q23-2328,2024-12-26,Q23-2328,136.8,,,0,0,0.0,516.0,,C
Q23-2340,2025-01-01,Q23-2340,156.3,,,0,0,0.0,,,A
Q24-2374,2024-12-17,Q24-2374,100.0,,19.0,19,19,12994000.0,560.0,,A
Q22-2227,2025-01-31,Q22-2227,57.2,,1.0,1,1,165000.0,,,A
Q22-2247,2025-01-31,Q22-2247,78.7,,3.0,3,3,142000.0,,,A
Q22-2267,2025-01-24,Q22-2267,65.8,,,0,0,0.0,452.0,,A
Q23-2305,2025-02-01,Q23-2305,1500.0,,25.0,25,25,180422000.0,,,A
Q23-2348,2025-01-18,Q23-2348,205.9,,3.0,3,3,1264000.0,520.0,,A
Q23-2354,2025-01-17,Q23-2354,325.4,,8.0,8,8,14743000.0,,,C
Q23-2361,2025-01-21,Q23-2361,79.2,,25.0,25,25,16463000.0,,,A
Q23-2362,2025-02-01,Q23-2362,96.1,,7.0,7,7,1274000.0,534.0,,B
Q24-2386,2025-01-28,Q24-2386,56.5,,4.0,4,4,149000.0,,,A
Q22-2259,2025-02-20,Q22-2259,87.3,,,0,0,0.0,,,C
Q23-2294,2025-03-02,Q23-2294,291.5,,10.0,10,10,45071000.0,455.0,,A
Q23-2300,2025-02-25,Q23-2300,55.8,,1.0,1,1,66000.0,459.0,,B
Q23-2343,2025-02-18,Q23-2343,430.1,,1.0,1,1,411000.0,,,A
Q23-2349,2025-02-26,Q23-2349,62.6,,,0,0,0.0,499.0,,C
Q23-2351,2025-02-26,Q23-2351,37.2,,17.0,17,17,562000.0,,,B
Q23-2357,2025-02-17,Q23-2357,218.9,,9.0,9,9,36882000.0,,,A
Q24-2376,2025-02-15,Q24-2376,167.0,,1.0,1,1,13071000.0,525.0,,C
Q24-2381,2025-03-02,Q24-2381,118.4,,1.0,1,1,868000.0,530.0,,A
Q24-2385,2025-03-01,Q24-2385,5.0,,25.0,25,23,60780000.0,,,C
Q24-2398,2025-02-22,Q24-2398,150.0,,3.0,3,3,4788000.0,,,C
Q24-2401,2025-02-21,Q24-2401,150.0,,,0,0,0.0,548.0,,A
Q23-2279,2025-04-03,Q23-2279,345.4,,,0,0,0.0,,,C
Q23-2288,2025-04-01,Q23-2288,127.0,,,0,0,0.0,,,C
Q23-2339,2025-03-27,Q23-2339,137.6,,7.0,7,7,27858000.0,,,A
Q23-2370,2025-03-23,Q23-2370,179.8,,3.0,3,3,4683000.0,,,A
Q24-2378,2025-03-31,Q24-2378,190.9,,3.0,3,3,8906000.0,514.0,,C
Q24-2416,2025-03-17,Q24-2416,50.0,,,0,0,0.0,549.0,,A
Q23-2283,2025-04-21,Q23-2283,130.1,,2.0,2,2,1385000.0,419.0,,B
Q23-2287,2025-04-27,Q23-2287,1475.2,,7.0,7,3,20903000.0,,,A
Q23-2309,2025-04-25,Q23-2309,87.2,,,0,0,0.0,438.0,,A
Q23-2310,2025-04-20,Q23-2310,146.0,,,0,0,0.0,439.0,,C
Q23-2312,2025-04-29,Q23-2312,38.7,,1.0,1,1,3103000.0,,,B
Q23-2360,2025-04-26,Q23-2360,128.5,,20.0,20,20,71809000.0,,,C
Q24-2379,2025-04-25,Q24-2379,116.8,,9.0,9,9,10742000.0,,,A
Q24-2419,2025-04-21,Q24-2419,300.0,,,0,0,0.0,537.0,,A
Q23-2314,2025-05-23,Q23-2314,74.2,,,0,0,0.0,423.0,,B
Q23-2322,2025-05-29,Q23-2322,304.2,,,0,0,0.0,,,C
Q23-2352,2025-06-02,Q23-2352,403.6,,,0,0,0.0,,,B
Q24-2371,2025-05-22,Q24-2371,100.0,,21.0,21,21,4379000.0,,,A
Q24-2372,2025-05-21,Q24-2372,331.7,,25.0,25,25,84333000.0,,,A
Q24-2431,2025-06-01,Q24-2431,78.6,,,0,0,0.0,524.0,,A
Q23-2365,2025-06-28,Q23-2365,67.8,,6.0,6,3,1987000.0,,,A
Q24-2380,2025-06-27,Q24-2380,300.0,,3.0,3,3,15288000.0,,,A
Q24-2392,2025-06-21,Q24-2392,150.0,,2.0,2,2,1755000.0,,,B
Q24-2417,2025-06-26,Q24-2417,50.0,,,0,0,0.0,,,A
Q24-2442,2025-06-22,Q24-2442,20.0,,7.0,7,7,305000.0,515.0,,A
Q23-2330,2025-07-24,Q23-2330,101.1,,10.0,10,10,18952000.0,395.0,,C
Q24-2387,2025-07-15,Q24-2387,2100.0,,25.0,25,25,79189000.0,,,B
Q24-2396,2025-07-28,Q24-2396,150.0,,16.0,16,10,9981000.0,,,C
Q24-2403,2025-07-18,Q24-2403,60.0,,10.0,10,10,447000.0,,,A
Q24-2405,2025-08-03,Q24-2405,169.0,,6.0,6,6,8233000.0,459.0,,A
Q24-2443,2025-07-22,Q24-2443,5.0,,22.0,22,22,87000.0,494.0,,A
Q24-2445,2025-08-01,Q24-2445,80.0,,,0,0,0.0,,,C
Q24-2447,2025-07-30,Q24-2447,150.0,,4.0,4,4,700000.0,,,A
Q23-2327,2025-08-30,Q23-2327,111.1,,,0,0,0.0,,,A
Q23-2342,2025-08-23,Q23-2342,179.3,,2.0,2,2,3665000.0,,,B
Q24-2383,2025-08-15,Q24-2383,5.0,,1.0,1,1,56000.0,425.0,,A
Q24-2390,2025-08-22,Q24-2390,5.0,,3.0,3,3,147000.0,430.0,,C
Q24-2412,2025-08-18,Q24-2412,95.3,,1.0,1,1,2643000.0,448.0,,C
Q24-2425,2025-09-01,Q24-2425,150.0,,24.0,24,23,14977000.0,460.0,,A
Q24-2427,2025-08-25,Q24-2427,46.5,,9.0,9,8,6480000.0,,,A
Q24-2430,2025-09-01,Q24-2430,5.0,,25.0,25,25,5995000.0,,,C
Q24-2433,2025-08-19,Q24-2433,74.4,,2.0,2,2,2564000.0,,,C
Q24-2438,2025-08-30,Q24-2438,69.5,,10.0,10,10,1048000.0,472.0,,C
Q24-2439,2025-08-30,Q24-2439,90.0,,5.0,5,5,1339000.0,473.0,,A
Q24-2455,2025-09-02,Q24-2455,188.3,,25.0,25,25,39492000.0,,,C
Q23-2341,2025-09-28,Q23-2341,272.7,,,0,0,0.0,,,C
Q23-2344,2025-10-02,Q23-2344,228.6,,,0,0,0.0,,,A
Q23-2347,2025-09-27,Q23-2347,297.2,,15.0,15,12,23984000.0,,,B
Q23-2368,2025-10-03,Q23-2368,70.8,,10.0,10,10,7051000.0,,,A
Q23-2369,2025-09-25,Q23-2369,54.7,,,0,0,0.0,,,B
Q24-2375,2025-09-22,Q24-2375,25.0,,,0,0,0.0,,,A
Q24-2391,2025-09-22,Q24-2391,80.0,,,0,0,0.0,407.0,,C
Q24-2397,2025-10-02,Q24-2397,131.0,,,0,0,0.0,411.0,,A
Q24-2404,2025-09-15,Q24-2404,300.0,,2.0,2,2,244000.0,,,A
Q24-2444,2025-09-21,Q24-2444,50.0,,7.0,7,7,637000.0,452.0,,A
Q24-2446,2025-09-26,Q24-2446,20.0,,1.0,1,1,119000.0,454.0,,C
Q24-2453,2025-10-01,Q24-2453,105.5,,22.0,22,22,3631000.0,,,A
Q23-2333,2025-10-26,Q23-2333,106.6,,27.0,27,26,185232000.0,342.0,,B
Q23-2363,2025-10-23,Q23-2363,128.3,,1.0,1,1,399000.0,,,A
Q24-2377,2025-10-22,Q24-2377,94.2,,1.0,1,1,1527000.0,,,A
Q24-2395,2025-11-02,Q24-2395,188.5,,,0,0,0.0,,,A
Q24-2402,2025-10-22,Q24-2402,833.0,,6.0,6,6,34763000.0,399.0,,A
Q24-2420,2025-11-01,Q24-2420,150.0,,2.0,2,2,40000.0,,,A
Q24-2457,2025-10-25,Q24-2457,260.9,,,0,0,0.0,,,A
Q24-2473,2025-10-22,Q24-2473,5.0,,,0,0,0.0,,,A
Q23-2346,2025-11-29,Q23-2346,57.1,,8.0,8,8,51374000.0,,,C
Q23-2355,2025-11-24,Q23-2355,82.6,,,0,0,0.0,,,C
Q24-2373,2025-12-04,Q24-2373,836.0,,23.0,23,23,75533000.0,362.0,,C
Q24-2382,2025-11-30,Q24-2382,19.7,,,0,0,0.0,,,C
Q24-2393,2025-11-26,Q24-2393,187.2,,,0,0,0.0,378.0,,A
Q24-2440,2025-12-04,Q24-2440,150.0,,6.0,6,6,474000.0,,,C
Q24-2466,2025-11-21,Q24-2466,113.0,,,0,0,0.0,,,A
Q24-2471,2025-11-29,Q24-2471,100.0,,1.0,1,1,316000.0,,,C
Q24-2482,2025-11-23,Q24-2482,5.0,,13.0,13,13,141000.0,453.0,,A
Q24-2484,2025-11-24,Q24-2484,229.0,,3.0,3,3,1895000.0,,,B
Q24-2490,2025-11-28,Q24-2490,106.0,,8.0,8,8,1417000.0,,,C
Q25-2491,2025-11-23,Q25-2491,5.0,,3.0,3,3,406000.0,461.0,,A
Q23-2359,2026-01-01,Q23-2359,82.5,,1.0,1,1,153000.0,,,C
Q23-2367,2025-12-30,Q23-2367,78.7,,1.0,1,1,350000.0,,,B
Q24-2388,2025-12-17,Q24-2388,75.0,,,0,0,0.0,,,A
Q24-2409,2025-12-20,Q24-2409,200.0,,7.0,7,7,8606000.0,,,C
Q24-2475,2025-12-21,Q24-2475,80.0,,,0,0,0.0,429.0,,A
Q24-2476,2026-01-01,Q24-2476,5.0,,,0,0,0.0,,,C
Q24-2480,2025-12-31,Q24-2480,5.0,,,0,0,0.0,,,C
Q24-2485,2025-12-16,Q24-2485,100.0,,,0,0,0.0,,,C
