project_id,queue_date,poi_name,poi_sub_id,poi_kv,poi_match_score,mw,fuel,state,transmission_owner,status_now,project_type
A01,1997-04-01,South Lebanon 230 KV,13611.0,230.0,88.88888888888889,720.0,gas,PA,ME,In Service,gen
A02,1997-04-01,Oak Hall 138 kV (Oil CT),33196.0,138.0,100.0,315.0,other,VA,DPL,In Service,gen
A03,1997-04-01,Linden 230 kV or 138 kV,19239.0,230.0,100.0,120.0,gas,NJ,PSEG,In Service,gen
A04,1997-04-01,Linden 230 kV or 138 kV,19239.0,230.0,100.0,1186.0,gas,NJ,PPL,In Service,gen
A05,1997-04-01,Bergen,19042.0,138.0,100.0,500.0,gas,NJ,PSEG,In Service,gen
A06,1997-04-01,Kearny,26616.0,138.0,100.0,800.0,gas,NJ,PSEG,Withdrawn,gen
A07,1997-05-01,Dickerson 120 MW,12884.0,138.0,86.875,120.0,gas,MD,PEPCO,Withdrawn,gen
A08,1997-06-01,Susquehanna 230 kV,31753.0,230.0,100.0,1140.0,other,PA,PPL,In Service,gen
A09,1997-06-01,Susquehanna 230 kV,31753.0,230.0,100.0,1140.0,other,PA,PPL,In Service,gen
A10,1997-06-02,Glory 115 kV,13305.0,115.0,100.0,6.0,other,PA,PENELEC,In Service,gen
A11,1997-07-30,Harwood 230 kV,13294.0,230.0,100.0,356.0,gas,PA,PPL,In Service,gen
A12,1997-08-20,Martins Creek 230 kV,13453.0,230.0,100.0,600.0,gas,PA,PPL,In Service,gen
A13,1997-11-26,Mickleton 230 kV,29925.0,230.0,100.0,803.0,gas,NJ,AEC,Withdrawn,gen
A14,1998-01-01,Sewaren,18978.0,138.0,100.0,500.0,gas,NJ,PSEG,Withdrawn,gen
A15,1998-01-20,Sayreville 230 kV,26541.0,230.0,100.0,765.0,gas,NJ,JCPL,In Service,gen
A16,1998-03-03,Eagle Point 230 kV,29934.0,230.0,100.0,800.0,gas,NJ,PECO,Withdrawn,gen
A17,1998-05-08,Linden 230 kV,19239.0,230.0,100.0,1100.0,gas,NJ,PSEG,Withdrawn,gen
A18,1998-05-11,North Temple 230 kV,13620.0,230.0,100.0,557.0,gas,PA,ME,In Service,gen
A19,1998-05-15,Eddystone 230 kV,29593.0,230.0,100.0,521.0,gas,PA,PECO,In Service,gen
A20,1998-07-09,Juniata 500 kV,32834.0,500.0,100.0,485.0,gas,PA,PPL,Withdrawn,gen
A21,1998-08-17,Chichester 230 kV,13264.0,230.0,100.0,725.0,gas,PA,PECO,In Service,gen
A22,1998-08-20,Hudson 230 kV,26633.0,230.0,82.0,750.0,gas,NJ,PSEG,Withdrawn,gen
A23,1998-10-13,New Castle 138 kV,14171.0,138.0,100.0,257.0,gas,DE,DPL,Withdrawn,gen
A24,1998-10-28,South River 230 kV,14142.0,230.0,66.66666666666667,725.0,gas,NJ,JCPL,Withdrawn,gen
A25,1998-10-30,Hosensack 500 kV,29585.0,500.0,100.0,1000.0,gas,PA,PPL,Withdrawn,gen
A26,1998-11-02,Linden,19239.0,138.0,100.0,180.0,gas,NJ,PSEG,In Service,gen
A27,1998-11-04,Passyunk 230 kV,29584.0,230.0,100.0,615.0,gas,PA,PECO,Withdrawn,gen
A28,1998-11-04,Dover,34641.0,138.0,100.0,100.0,gas,DE,DPL,In Service,gen
A29,1998-11-18,Colora Tap,31826.0,138.0,88.0,465.0,gas,MD,DPL,In Service,gen
A30,1998-12-03,Colora Tap,31826.0,138.0,88.0,465.0,gas,MD,DPL,In Service,gen
A31,1998-12-22,Peckville/Varden 69 kV,31783.0,69.0,92.0,46.0,gas,PA,PPL,In Service,gen
A32,1999-01-12,Montour #1,13418.0,138.0,93.33333333333333,759.0,other,PA,PPL,In Service,gen
A33,1999-01-12,Montour #2,13418.0,138.0,93.33333333333333,14.0,other,PA,PPL,In Service,gen
A34,1999-01-12,Brunner 230 kV,32623.0,230.0,85.0,749.0,other,PA,PPL,In Service,gen
A35,1999-01-13,North Bangor 34.5 kV,16040.0,34.5,65.75,10.0,gas,PA,ME,In Service,gen
A36,1999-01-27,Hunterstown 500 kV,13298.0,500.0,92.0,830.0,gas,PA,ME,In Service,gen
A37,1999-01-27,Sayreville 230 kV,26541.0,230.0,100.0,749.0,gas,NJ,JCPL,Withdrawn,gen
A38,1999-01-27,Erie West 345 kV,31407.0,345.0,100.0,765.0,gas,PA,PENELEC,Withdrawn,gen
A39,1999-01-27,Pequest River 115 kV,13388.0,115.0,60.86956521739131,73.0,gas,NJ,JCPL,Withdrawn,gen
A40,1999-01-27,TMI 500 kV,14013.0,500.0,52.0,1271.0,gas,PA,ME,Withdrawn,gen
A41,1999-01-27,TMI 500 kV,14013.0,500.0,52.0,765.0,gas,PA,ME,Withdrawn,gen
A42,1999-01-27,Atlantic 230 kV,7914.0,230.0,100.0,449.0,gas,NJ,JCPL,Withdrawn,gen
A43,1999-01-27,Portland 230 kV,29932.0,230.0,100.0,472.0,gas,PA,ME,Withdrawn,gen
A44,1999-01-27,Shelocta 230 kV,3236.0,230.0,62.5,402.0,gas,PA,PENELEC,Withdrawn,gen
A45,1999-01-27,Oyster Creek 230 kV,26767.0,230.0,100.0,752.0,gas,NJ,JCPL,Withdrawn,gen
A46,1999-01-27,Gilbert 115 kV,18984.0,115.0,100.0,100.0,gas,NJ,JCPL,Withdrawn,gen
A47,1999-04-30,Perryman 230kV or 115kV,24938.0,230.0,92.0,740.0,gas,MD,BGE,Withdrawn,gen
A48,1999-02-03,East Towanda 230kV,13718.0,230.0,62.58823529411764,750.0,gas,NJ,PENELEC,Withdrawn,gen
A49,1999-02-03,West Hempfield 230kV,31868.0,230.0,100.0,750.0,gas,NJ,PPL,Withdrawn,gen
A50,1999-02-03,Bayonne,26511.0,138.0,100.0,60.0,gas,NJ,PSEG,Withdrawn,gen
A51,1999-02-03,Camden,29531.0,138.0,100.0,258.0,gas,NJ,PSEG,Withdrawn,gen
A52,1999-02-03,Linden,19239.0,138.0,100.0,180.0,gas,NJ,PSEG,Withdrawn,gen
A53,1999-02-03,Titusville,29899.0,138.0,80.0,25.0,gas,PA,PENELEC,Withdrawn,gen
A54,1999-02-09,TMI 230 kV,36200.0,230.0,57.14285714285714,45.0,other,PA,ME,Withdrawn,gen
A55,1999-02-22,Lakewood 230kV,5856.0,230.0,100.0,500.0,gas,NJ,JCPL,In Service,gen
A56,1999-03-08,Pedricktown 230kV,29927.0,230.0,100.0,500.0,gas,NJ,AEC,Withdrawn,gen
A57,1999-03-08,Edgemoor,16792.0,138.0,100.0,500.0,gas,PA,AEC,Withdrawn,gen
A58,1999-03-29,Hawkins Gate / Oak Grove 230kV,31492.0,230.0,100.0,450.0,gas,MD,PEPCO,Withdrawn,gen
A59,1999-04-01,Emilie,29521.0,138.0,100.0,0.0,gas,PA,PECO,In Service,gen
A59_W00,1999-01-01,Springdale 138 kV,13584.0,138.0,80.71428571428572,96.0,gas,PA,APS,In Service,gen
A60,1999-04-08,Hunterstown 500 kV,13298.0,500.0,92.0,679.0,gas,PA,ME,Withdrawn,gen
A61,1999-03-30,Hawkins Gate / Oak Grove 230kV,31492.0,230.0,100.0,450.0,gas,DE,PEPCO,Withdrawn,gen
B01,1999-04-29,Dickerson,12884.0,138.0,100.0,398.0,gas,MD,PEPCO,Withdrawn,gen
B02,1999-04-30,Morgantown,12825.0,138.0,100.0,80.0,gas,MD,PEPCO,In Service,gen
B03,1999-04-30,Hosensack 500kV,29585.0,500.0,100.0,750.0,gas,PA,PPL,In Service,gen
B04,1999-04-30,Oyster Creek,26767.0,138.0,100.0,800.0,gas,NJ,JCPL,Withdrawn,gen
B05,1999-04-30,Wayne-Homer City 345kV,16139.0,345.0,100.0,265.0,gas,PA,PENELEC,In Service,gen
B06,1999-05-10,Wayne-Homer City 345kV,16139.0,345.0,100.0,525.0,gas,PA,PENELEC,Withdrawn,gen
B07,1999-05-10,Keystone 500kV,31985.0,500.0,100.0,300.0,gas,PA,PENELEC,Withdrawn,gen
B08,1999-06-09,Friedensburg 69kV,14526.0,69.0,69.56521739130434,5.0,gas,PA,ME,Withdrawn,gen
B09A,1999-06-10,Burlington 138kV,29237.0,138.0,100.0,168.0,gas,NJ,PSEG,In Service,gen
B09b,1999-06-10,Burlington 138kV,29237.0,138.0,100.0,336.0,gas,NJ,PSEG,Withdrawn,gen
B10,1999-06-10,Keystone 500kV,31985.0,500.0,100.0,600.0,gas,PA,PENELEC,Withdrawn,gen
B12,1999-06-14,Limerick 230kV,31786.0,230.0,100.0,500.0,gas,PA,PECO,Withdrawn,gen
B12_W01,1999-01-01,South Bend 500 kV,12658.0,500.0,92.0,600.0,gas,PA,APS,In Service,gen
B12_W02,1999-01-01,Oak Grove 138 kV,31454.0,138.0,92.0,300.0,gas,WV,APS,In Service,gen
B13,1999-07-02,Lakewood 230kV,5856.0,230.0,100.0,9.0,gas,NJ,JCPL,Withdrawn,gen
B14,1999-07-06,Arnold 115kV,1398.0,115.0,100.0,10.4,wind,PA,PENELEC,Deactivated,gen
B15,1999-07-12,Morgantown/Oak Grove 230kV,12825.0,230.0,100.0,550.0,gas,MD,PEPCO,Withdrawn,gen
B16,1999-07-12,Morgantown/Oak Grove 230kV,12825.0,230.0,100.0,550.0,gas,MD,PEPCO,Withdrawn,gen
B17,1999-07-17,Jerseyville 34.5kV,33279.0,34.5,73.81818181818181,2.1,gas,NJ,JCPL,Withdrawn,gen
B18,1999-07-23,Limerick-Cromby 230kV,31786.0,230.0,100.0,750.0,gas,PA,PECO,Withdrawn,gen
B18_W03,1999-01-01,Springdale 138 kV,13584.0,138.0,80.71428571428572,525.0,gas,PA,APS,In Service,gen
B19,1999-07-30,Melrose 34.5kV,6175.0,34.5,63.42857142857143,20.0,gas,NJ,JCPL,In Service,gen
B20,1999-08-07,Elm St. 115kV,13364.0,115.0,100.0,70.0,gas,PA,PENELEC,Withdrawn,gen
B21,1999-08-09,South Reading 500kV,13622.0,500.0,92.0,925.0,gas,PA,ME,Withdrawn,gen
B22,1999-08-11,Gould St. 34.5 kV,13301.0,34.5,58.66666666666667,9.9,gas,MD,BGE,Withdrawn,gen
B23,1999-08-21,Siegfried/Allentown 138kV,32746.0,138.0,100.0,115.0,other,PA,PPL,In Service,gen
B23_W04,1999-08-26,Gans 138 kV,14284.0,138.0,100.0,88.0,gas,PA,APS,In Service,gen
B24,1999-09-07,Oak Grove 13.8kV,31454.0,13.8,92.0,6.8,gas,MD,PEPCO,Withdrawn,gen
B25,1999-09-20,Cromby 230kV,31790.0,230.0,100.0,870.0,gas,PA,PECO,Withdrawn,gen
B26,1999-09-20,Hunlock Creek 66kV,30062.0,66.0,65.6842105263158,50.0,gas,PA,UGI,In Service,gen
B27,1999-11-03,Portland 230kV,29932.0,230.0,100.0,920.5,gas,PA,ME,Withdrawn,gen
B28,1999-11-12,Muddy Run 230kV,14551.0,230.0,100.0,160.0,other,PA,PECO,In Service,gen
B28_W07,1999-11-12,Backbone Mountain 138 kV,13461.0,138.0,77.5,90.0,wind,WV,APS,In Service,gen
B28_W08,1999-11-12,Mill Run 25 kV,29641.0,25.0,77.0,15.0,wind,PA,APS,In Service,gen
B29,1999-11-15,Perryman 230kV/115kV,24938.0,230.0,92.0,750.0,gas,MD,BGE,Withdrawn,gen
B30,1999-11-22,Emilie 230kV,29521.0,230.0,100.0,1268.0,gas,PA,PECO,In Service,gen
B31,1999-11-22,Brunner-West Hempfield 230kV,32623.0,230.0,85.0,600.0,gas,PA,PPL,Withdrawn,gen
B32,1999-11-23,TMI 230kV,36200.0,230.0,57.14285714285714,650.0,gas,PA,ME,Withdrawn,gen
B33,1999-11-23,Steelton 230kV,13253.0,230.0,100.0,500.0,gas,PA,PPL,Withdrawn,gen
B34,1999-11-23,Seward 230kV,32944.0,230.0,100.0,525.0,other,PA,PENELEC,In Service,gen
B35,1999-11-24,South Akron 230kV,13614.0,230.0,100.0,313.0,gas,PA,PPL,Withdrawn,gen
B36,1999-11-24,South Akron 230kV,13614.0,230.0,100.0,78.0,gas,PA,PPL,Withdrawn,gen
B37,1999-11-24,East Greenville 69kV,15038.0,69.0,95.0,90.0,gas,PA,PPL,Withdrawn,gen
B38,1999-11-24,Elroy 138kV,29586.0,138.0,92.0,100.0,gas,PA,PPL,Withdrawn,gen
B39,1999-11-24,Quarryville 69kV,15995.0,69.0,100.0,90.0,gas,PA,PPL,Withdrawn,gen
B40,1999-11-24,West Hempfield 69kV,31868.0,69.0,100.0,100.0,gas,PA,PPL,Withdrawn,gen
B41,1999-11-24,West Hempfield 138kV,31868.0,138.0,100.0,90.0,gas,PA,PPL,Withdrawn,gen
B42,1999-11-29,Susquehanna 230kV,31753.0,230.0,100.0,500.0,gas,PA,PPL,Withdrawn,gen
B43,1999-11-29,Homer City-Wayne 345kV,31987.0,345.0,100.0,284.0,gas,PA,PENELEC,Withdrawn,gen
B44,1999-11-29,Elko-Forrest 230kV,31892.0,230.0,100.0,240.0,gas,PA,PENELEC,Withdrawn,gen
B45,1999-11-29,Lackawanna 230kV,13403.0,230.0,100.0,555.0,gas,PA,PPL,Withdrawn,gen
B46,1999-11-29,Conowingo 230kV,12905.0,230.0,100.0,548.0,other,MD,PECO,In Service,gen
B47,1999-11-29,Red Lion 500kV,16020.0,500.0,100.0,545.0,gas,DE,DPL,In Service,gen
B48,1999-11-30,Graceton 230kV,18068.0,230.0,100.0,550.0,gas,MD,PECO,Withdrawn,gen
B49,1999-11-30,Erie South-Warren 230kV,31393.0,230.0,92.3076923076923,500.0,gas,PA,PENELEC,Withdrawn,gen
B50,1999-11-30,Morgantown 69kV,12825.0,69.0,100.0,500.0,gas,PA,PPL,Withdrawn,gen
B51,1999-11-30,Wayne 345,16139.0,138.0,86.66666666666667,500.0,gas,PA,PENELEC,Withdrawn,gen
B52,1999-11-30,Woodbridge 138kV,26519.0,138.0,92.0,550.0,gas,NJ,PSEG,Withdrawn,gen
C01,1999-12-17,Linden 138kV,19239.0,138.0,92.0,1186.0,gas,NJ,PSEG,In Service,gen
C02,2000-01-06,South Lebanon 230kV,13611.0,230.0,88.88888888888889,720.0,gas,PA,ME,Withdrawn,gen
C03,2000-01-11,Morgantown/Oak Grove 230kV,12825.0,230.0,100.0,550.0,gas,MD,PEPCO,Withdrawn,gen
C04,2000-01-11,Burches Hill 230kV,31456.0,230.0,100.0,550.0,gas,MD,PEPCO,Withdrawn,gen
C05,2000-01-24,Somerset 34.5kV,7415.0,34.5,92.0,3.75,gas,NJ,JCPL,Withdrawn,gen
C06,2000-01-26,Susquehanna 230kV**,31753.0,230.0,100.0,500.0,gas,PA,PPL,Withdrawn,gen
C07,2000-01-31,Salem 500kV,18954.0,500.0,100.0,1119.0,other,NJ,PSEG,In Service,gen
C08,2000-01-31,Hope Creek 500kV,31821.0,500.0,100.0,1100.0,other,NJ,PSEG,In Service,gen
C09,2000-02-04,Fairlawn 26.4kV,42753.0,26.4,92.0,37.0,gas,NJ,PSEG,Withdrawn,gen
C10,2000-02-08,Erie East 230kV,13396.0,230.0,100.0,100.0,gas,PA,PENELEC,Withdrawn,gen
C11,2000-02-25,Mifflintown 69kV,955.0,69.0,70.58823529411764,9.9,gas,PA,PPL,Withdrawn,gen
C11_W11,2000-02-25,Hunker 138 kV,42824.0,138.0,75.33333333333334,88.0,gas,PA,APS,Withdrawn,gen
C12,2000-03-15,Conastone - Peach Bottom 500kV,31827.0,500.0,100.0,550.0,gas,MD,PECO,Withdrawn,gen
C13,2000-03-15,Conastone - Peach Bottom 500kV,31827.0,500.0,100.0,550.0,gas,MD,PECO,Withdrawn,gen
C14,2000-03-27,Keystone - Conemaugh 550,31985.0,138.0,100.0,550.0,gas,PA,PENELEC,Withdrawn,gen
C15,2000-03-28,Friedensburg 69kV,14526.0,69.0,69.56521739130434,5.0,gas,PA,ME,Withdrawn,gen
C16,2000-03-28,Westover South 34.5kV,13892.0,34.5,92.0,13.5,gas,PA,PENELEC,Withdrawn,gen
C17,2000-03-28,Somerset 23kV,7415.0,23.0,92.0,4.5,gas,PA,PENELEC,Withdrawn,gen
D01,2000-04-06,Engleside 69kV,32035.0,69.0,100.0,1.6,gas,PA,PPL,In Service,gen
D02,2000-04-07,Edgemoor,16792.0,138.0,100.0,521.0,gas,DE,DPL,In Service,gen
D03,2000-04-17,Harwood 69kV,13294.0,69.0,92.0,99.0,gas,PA,PPL,In Service,gen
D03_W15,2000-04-24,Horse Shoe Run 69 kV,39596.0,69.0,64.72727272727273,10.6,gas,WV,APS,Withdrawn,gen
D04,2000-05-26,Peckville 69kV,31783.0,69.0,92.0,20.0,gas,PA,PPL,In Service,gen
D05,2000-06-15,East Carbondale 69kV,13553.0,69.0,100.0,70.0,wind,PA,PPL,In Service,gen
D05_W17,2000-06-15,Friendsville 500 kV,33269.0,500.0,92.0,432.0,gas,MD,APS,Withdrawn,gen
D06,2000-06-19,Eclipse 115kV,13351.0,115.0,100.0,85.0,gas,PA,PENELEC,In Service,gen
D07,2000-06-23,Blueball 69kV,35470.0,69.0,79.5,53.0,gas,PA,PECO,Deactivated,gen
D08,2000-07-03,Kearny 230kV,26616.0,230.0,100.0,168.0,gas,NJ,PSEG,In Service,gen
D08_W18,2000-07-03,Terra Alta 138 kV,15888.0,138.0,69.56521739130434,88.0,gas,WV,APS,Withdrawn,gen
D08_W19,2000-07-03,Bald Eagle 46 kV,18325.0,46.0,77.0,88.0,gas,PA,APS,Withdrawn,gen
D09,2000-07-24,9th St (sub 117) 13kV,20911.0,13.0,72.0,11.0,gas,DC,PEPCO,In Service,gen
D10,2000-07-26,NIH 13kV,29404.0,13.0,52.0,25.0,other,MD,PEPCO,In Service,gen
D11,2000-07-26,Clayton 138kV,16727.0,138.0,100.0,100.0,gas,DE,DPL,In Service,gen
D13,2000-07-27,Deep Run 34.5kV,32310.0,34.5,67.0,12.0,gas,NJ,JCPL,Withdrawn,gen
D14,2000-07-28,Red Lion 500kV,16020.0,500.0,100.0,711.0,gas,DE,DPL,Withdrawn,gen
D15,2000-07-28,Red Lion 500kV,16020.0,500.0,100.0,550.0,gas,DE,DPL,Withdrawn,gen
D16,2000-07-28,Hummelstown 230kV,32768.0,230.0,100.0,550.0,gas,PA,PPL,Withdrawn,gen
D17,2000-07-28,Hummelstown 230kV,32768.0,230.0,100.0,550.0,gas,PA,PPL,Withdrawn,gen
D18,2000-07-28,Hosensack 230kV,29585.0,230.0,100.0,350.0,gas,PA,PPL,In Service,gen
D19,2000-07-28,Brunner-West Hempfield 230kV,32623.0,230.0,85.0,550.0,gas,PA,PPL,Withdrawn,gen
D20,2000-07-28,TMI-Peach Bottom 500kV,14013.0,500.0,52.0,550.0,gas,PA,PPL,Withdrawn,gen
D21,2000-07-28,Hunterstown-Conemaugh 500kV,13298.0,500.0,92.0,550.0,gas,PA,PENELEC,Withdrawn,gen
D22,2000-07-28,Hunterstown-Conemaugh 500kV,13298.0,500.0,92.0,550.0,gas,PA,PENELEC,Withdrawn,gen
D23,2000-07-31,Keystone 500kV,31985.0,500.0,100.0,500.0,gas,PA,PENELEC,Withdrawn,gen
D24,2000-07-31,Mansfield 115kV,14010.0,115.0,100.0,500.0,gas,PA,PENELEC,Withdrawn,gen
D25,2000-07-31,Hay Road 69kV & 138kV,17540.0,69.0,92.0,39.0,gas,DE,DPL,Withdrawn,gen
D26,2000-07-31,Mercer 230kV,19249.0,230.0,100.0,550.0,gas,NJ,PSEG,Withdrawn,gen
D27,2000-07-31,Salem - East Windsor 500kV,18954.0,500.0,100.0,550.0,gas,NJ,PSEG,Withdrawn,gen
D28,2000-07-30,Passyunk 230kV,29584.0,230.0,100.0,550.0,gas,PA,PECO,Withdrawn,gen
D29,2000-07-31,Derwood 13kV,6854.0,13.0,74.35294117647058,3.0,gas,MD,PEPCO,In Service,gen
E01,2000-08-15,Kearny 230kV,26616.0,230.0,100.0,750.0,gas,NJ,PSEG,Withdrawn,gen
E02,2000-08-15,N. Lebanon 69kV,13611.0,69.0,92.0,1.2,gas,PA,ME,In Service,gen
E03,2000-08-17,Somerville 13.8kV,18973.0,13.8,92.0,5.0,gas,NJ,PSEG,Withdrawn,gen
E04,2000-09-06,Atlantic 230kV,7914.0,230.0,100.0,598.0,gas,NJ,JCPL,Withdrawn,gen
E04_W20,2000-09-06,Guilford 138 kV,14094.0,138.0,100.0,88.0,gas,PA,APS,In Service,gen
E05,2000-09-14,Bethlehem Steel 33kV,18377.0,33.0,80.0,152.5,gas,MD,BGE,In Service,gen
E05_W25,2000-10-04,Doubs 500 kV or 230 kV,31630.0,500.0,100.0,620.0,gas,MD,APS,Withdrawn,gen
E06,2000-10-05,Bear Creek 69kV (Wind),31765.0,69.0,100.0,15.6,wind,PA,PPL,Withdrawn,gen
E07,2000-10-06,Montour 230kV,13418.0,230.0,100.0,766.0,other,PA,PPL,In Service,gen
E08,2000-10-17,Hunlock Creek,30062.0,138.0,73.6842105263158,500.0,gas,PA,UGI,Withdrawn,gen
E09,2000-10-19,Kiamensi 34kV,16017.0,34.0,92.0,8.4,gas,DE,DPL,Withdrawn,gen
E10,2000-10-23,Sewaren 230kV,18978.0,230.0,100.0,500.0,gas,NJ,PSEG,Withdrawn,gen
E11,2000-10-23,Wright 69kV,30492.0,69.0,80.0,16.9,gas,PA,PPL,Withdrawn,gen
E12,2000-10-25,Larrabee 230kV,26786.0,230.0,100.0,661.0,gas,NJ,JCPL,Withdrawn,gen
E13,2000-11-03,Somerset 22.86kV,7415.0,86.0,83.81818181818181,10.0,wind,PA,PENELEC,In Service,gen
E14,2000-11-07,Elm St. 115 kV,13364.0,115.0,100.0,70.0,gas,PA,PENELEC,Withdrawn,gen
E15,2000-11-07,Wright 69kV,30492.0,69.0,80.0,16.9,gas,PA,PPL,Withdrawn,gen
E16,2000-11-08,Sayreville 230kV,26541.0,230.0,100.0,776.0,gas,NJ,JCPL,Withdrawn,gen
E17,2000-11-09,Limerick,31786.0,138.0,100.0,75.0,gas,PA,PECO,Withdrawn,gen
E17_W26,2000-11-14,Taylorstown 500 kV,33189.0,500.0,65.6842105263158,1595.0,gas,PA,APS,Withdrawn,gen
E17_W27,2000-11-15,Ronco,31729.0,138.0,100.0,661.0,gas,PA,APS,In Service,gen
E17_W29,2000-11-15,Yukon 500 kV,31671.0,500.0,100.0,640.0,gas,PA,APS,Withdrawn,gen
E18,2000-11-28,Essex / Foundry St 138kV,19235.0,138.0,100.0,275.0,gas,NJ,PSEG,Withdrawn,gen
E19,2000-11-28,Delco Tap 230kV,29618.0,230.0,100.0,330.0,gas,PA,PECO,Withdrawn,gen
E20,2000-11-28,Croydon 230kV,29526.0,230.0,100.0,386.5,other,PA,PECO,In Service,gen
E21,2000-11-28,Camden-Richmond 230kV,29531.0,230.0,100.0,727.0,gas,NJ,PSEG,Withdrawn,gen
E22,2000-11-29,Burches Hill 500kV,31456.0,500.0,100.0,960.0,gas,VA,PEPCO,Withdrawn,gen
E23,2000-11-30,Lakehurst 34.5kV,14044.0,34.5,62.58823529411764,50.0,gas,NJ,JCPL,Withdrawn,gen
E24,2000-11-30,Parlin 230kV,19534.0,230.0,80.0,100.0,gas,NJ,JCPL,Withdrawn,gen
E27,2000-11-30,Hosensack 500kV,29585.0,500.0,100.0,1100.0,gas,PA,PPL,Withdrawn,gen
E28,2000-11-30,Motiva,14306.0,138.0,66.66666666666667,75.0,gas,DE,DPL,In Service,gen
F01,2000-12-04,TMI,14013.0,138.0,60.0,650.0,gas,PA,ME,Withdrawn,gen
F02,2000-12-07,Hudson,26635.0,138.0,88.0,650.0,gas,NJ,PSEG,Withdrawn,gen
F03,2000-12-13,Martins Creek 230kV,13453.0,230.0,100.0,850.0,other,PA,PPL,In Service,gen
F04,2001-01-18,Somerset 115kV,7441.0,115.0,100.0,30.0,wind,PA,PENELEC,Withdrawn,gen
F05,2001-01-25,Keystone-Conemaugh 500kV,31985.0,500.0,100.0,646.0,gas,PA,PENELEC,Withdrawn,gen
F05_W38,2001-01-29,White Oak 500 kV,32814.0,500.0,92.0,1200.0,gas,PA,APS,Withdrawn,gen
F06,2001-01-31,Birdsboro 13.2kV,1440.0,13.2,62.0,6.5,gas,PA,ME,Withdrawn,gen
F07,2001-01-31,Dickerson 230kV,12884.0,230.0,100.0,20.0,gas,MD,PEPCO,In Service,gen
F08,2001-01-31,Chalk Point 230kV,31439.0,230.0,100.0,20.0,gas,MD,PEPCO,In Service,gen
F09,2001-01-31,Central City West 23kV,15631.0,23.0,92.0,9.0,gas,PA,PENELEC,Withdrawn,gen
G00_MTX2B,2001-01-08,Keeney-Steele 230kV,13097.0,230.0,100.0,0.0,other,DC,Unknown,Withdrawn,gen
G00_MTX2C,2001-01-08,Vienna-Piney Grove 230kV,13111.0,230.0,100.0,0.0,other,MD,Unknown,Withdrawn,gen
G00_MTX3,2001-01-30,Erie West 345kV,31407.0,345.0,100.0,1000.0,other,PA,Unknown,Withdrawn,gen
G00_W39,2001-02-05,Doubs 500 kV or 230 kV,31630.0,500.0,100.0,668.0,gas,MD,APS,Withdrawn,gen
G00_W40,2001-02-05,Warren 138 kV,13365.0,138.0,92.5,264.0,gas,VA,APS,Withdrawn,gen
G02,2001-02-14,Dickerson 230kV,12884.0,230.0,100.0,234.0,gas,MD,PEPCO,Withdrawn,gen
G02_W43,2001-02-16,Tallmansville 138 kV,12504.0,138.0,78.26086956521739,450.0,gas,WV,APS,Withdrawn,gen
G03,2001-02-22,Todd 69kV,13110.0,69.0,100.0,5.0,gas,MD,DPL,Withdrawn,gen
G04,2001-02-23,Brunner Island #2,32623.0,138.0,96.25,749.0,other,PA,PPL,Withdrawn,gen
G05,2001-02-23,Brunner Island #1,32623.0,138.0,96.25,14.0,other,PA,PPL,Withdrawn,gen
G06,2001-02-23,Martins Creek #4,13453.0,138.0,95.38461538461539,850.0,other,PA,PPL,In Service,gen
G06_W44,2001-02-28,Fort Martin 500 kV,31714.0,500.0,100.0,500.0,gas,WV,APS,Withdrawn,gen
G06_W45,2001-02-28,Harrison 500 kV,35757.0,500.0,100.0,500.0,gas,WV,APS,Withdrawn,gen
G06_W47,2001-02-28,Black Oak 500 kV,32190.0,500.0,100.0,500.0,gas,PA,APS,Withdrawn,gen
G07,2001-03-07,Richmond,5371.0,138.0,100.0,100.0,gas,PA,PECO,Withdrawn,gen
G07_MTX1,2001-03-08,Sayreville 230kV,26541.0,230.0,100.0,790.0,other,NJ,JCPL,In Service,gen
G08,2001-03-13,Kearny,26616.0,138.0,100.0,215.0,gas,NJ,PSEG,In Service,gen
G09,2001-03-13,Homer City,13234.0,138.0,100.0,547.0,gas,PA,PENELEC,Withdrawn,gen
G10,2001-03-20,Bergen,19042.0,138.0,100.0,550.0,gas,NJ,PSEG,In Service,gen
G11,2001-03-20,Burlington 138kV,29237.0,138.0,100.0,622.0,gas,NJ,PSEG,Withdrawn,gen
G12,2001-03-20,Burlington 230kV,19326.0,230.0,100.0,316.0,gas,NJ,PSEG,Withdrawn,gen
G13,2001-03-22,Woodbourne,29167.0,138.0,100.0,600.0,gas,PA,PECO,Withdrawn,gen
G14,2001-03-26,TMI-Peach Bottom 500kV,14013.0,500.0,52.0,610.0,gas,PA,PPL,Withdrawn,gen
G15,2001-03-27,Sewaren,18978.0,138.0,100.0,800.0,gas,NJ,PSEG,Withdrawn,gen
G16,2001-04-02,Bayview 26kV (Wind),15445.0,26.0,67.0,8.0,wind,VA,DPL,Withdrawn,gen
G17,2001-04-05,Burlington,19326.0,138.0,100.0,261.0,gas,NJ,PSEG,In Service,gen
G18,2001-04-05,Linden,19239.0,138.0,100.0,172.0,gas,NJ,PSEG,In Service,gen
G19,2001-04-05,Linden,19239.0,138.0,100.0,168.0,gas,NJ,PSEG,In Service,gen
G20,2001-04-05,Essex,19235.0,138.0,100.0,6.0,gas,NJ,PSEG,In Service,gen
G21,2001-04-06,Meyersdale North 115 kV,16040.0,115.0,64.5,30.0,wind,PA,PENELEC,In Service,gen
G22,2001-04-06,North Wales 34.5 kV,29574.0,34.5,92.0,38.0,gas,PA,PECO,In Service,gen
G22_MTX5,2001-06-02,Linden 230kV,19239.0,230.0,100.0,330.0,other,NJ,PSEG,In Service,gen
G24,2001-05-01,Marion 26.4kV,14372.0,26.4,92.0,1.9,gas,NJ,PSEG,In Service,gen
G25,2001-05-01,Marion 26.4kV,14372.0,26.4,92.0,3.8,gas,NJ,PSEG,In Service,gen
G26,2001-05-03,England 138kV,19257.0,138.0,91.0,350.0,gas,NJ,AEC,Withdrawn,gen
G27,2001-05-03,Churchtown 230kV,29926.0,230.0,100.0,750.0,gas,NJ,AEC,Withdrawn,gen
G28,2001-05-03,Vienna 230kV,13111.0,230.0,100.0,750.0,gas,MD,DPL,Withdrawn,gen
G29,2001-05-03,Indian River 138kV,5009.0,138.0,82.35294117647058,750.0,gas,DE,DPL,Withdrawn,gen
G30,2001-05-07,Perryman 115kV,24938.0,115.0,100.0,152.0,other,MD,BGE,In Service,gen
G30_W51,2001-05-21,Fort Martin 500 kV,31714.0,500.0,100.0,600.0,other,WV,APS,In Service,gen
G30_W52,2001-05-23,Oak Grove 138 kV,31454.0,138.0,92.0,354.0,gas,WV,APS,In Service,gen
G30_W53,2001-05-23,South Bend 500 kV,12658.0,500.0,92.0,704.0,gas,PA,APS,In Service,gen
G30_W55,2001-05-29,Kempton 500 kV,11565.0,500.0,68.92307692307692,500.0,gas,MD,APS,Withdrawn,gen
G31,2001-05-30,Johnstown 230kV,32216.0,230.0,100.0,610.0,gas,PA,PENELEC,Withdrawn,gen
G32,2001-05-31,TMI - Juniata 500kV,14013.0,500.0,52.0,675.0,gas,PA,ME,Withdrawn,gen
G32_MTX6,2001-07-03,"Linden 230kV, 138kV",19239.0,230.0,100.0,365.0,other,NJ,PSEG,Withdrawn,gen
G33,2001-05-31,Brunner Island 230kV,32623.0,230.0,100.0,1200.0,gas,PA,PPL,Withdrawn,gen
G34,2001-07-02,Frackville 69kV,32745.0,69.0,100.0,51.6,other,PA,PPL,Withdrawn,gen
G35,2001-07-11,Chalk Point,13656.0,138.0,100.0,340.0,gas,MD,PEPCO,Withdrawn,gen
G36,2001-07-16,Holtwood,2221.0,138.0,82.35294117647058,107.0,other,PA,PPL,In Service,gen
G36_W58,2001-07-19,Horse Shoe Run 69 kV,39596.0,69.0,64.72727272727273,20.0,gas,WV,APS,Withdrawn,gen
G37,2001-07-19,Atlantic,7914.0,138.0,100.0,471.0,gas,NJ,JCPL,Withdrawn,gen
G38,2001-07-19,Portland,29932.0,138.0,100.0,558.0,gas,PA,ME,Withdrawn,gen
G39,2001-07-19,Joppatowne 13kV,42819.0,13.0,58.66666666666667,4.2,gas,MD,BGE,Withdrawn,gen
G40,2001-07-20,Warren 230kV,13365.0,230.0,92.5,260.0,gas,PA,PENELEC,Withdrawn,gen
G41,2001-07-26,Croydon,29526.0,138.0,100.0,750.0,gas,PA,PECO,Withdrawn,gen
G42,2001-07-26,Keystone/Conemaugh 500kV,31985.0,500.0,100.0,600.0,gas,PA,PENELEC,Withdrawn,gen
G43,2001-07-30,Homer City,13234.0,138.0,100.0,600.0,gas,PA,PENELEC,Withdrawn,gen
G44,2001-07-30,Dupont Seaford 69kV,52678.0,69.0,85.0,30.0,gas,DE,DPL,Deactivated,gen
G45,2001-07-30,Richmond,5371.0,138.0,100.0,575.0,gas,PA,PECO,Withdrawn,gen
G46,2001-07-31,Peach Bottom 500kV,14669.0,500.0,100.0,2256.0,other,PA,PECO,In Service,gen
G47,2001-07-31,Birdsboro 69kV,1440.0,69.0,70.0,32.0,gas,PA,ME,Withdrawn,gen
G48,2001-07-31,Birdsboro 69kV,1440.0,69.0,70.0,10.0,gas,PA,ME,Withdrawn,gen
G49,2001-07-31,Clinton 69kV,14245.0,69.0,100.0,10.0,gas,PA,PPL,Withdrawn,gen
G50,2001-07-31,Dickerson 230kV,12884.0,230.0,100.0,910.0,gas,MD,PEPCO,Withdrawn,gen
G51,2001-07-31,Keystone 500kV,31985.0,500.0,100.0,75.0,gas,PA,PENELEC,Withdrawn,gen
G51_W60,2001-07-31,Hatfield Ferry 500 kV,31728.0,500.0,87.14285714285714,525.0,other,PA,APS,Withdrawn,gen
G51_W61,2001-07-31,Gates Hill 138 kV,39344.0,138.0,77.5,525.0,gas,PA,APS,Withdrawn,gen
G51_W62,2001-07-31,Eastalco 230 kV,17745.0,230.0,63.42857142857143,640.0,gas,MD,APS,Withdrawn,gen
G51_W63,2001-07-31,Upton 34.5 kV,4086.0,34.5,64.72727272727273,9.9,gas,PA,APS,In Service,gen
H01,2001-07-26,Susquehanna 500kV,31753.0,500.0,100.0,52.0,other,PA,PPL,Withdrawn,gen
H02,2001-08-20,Susquehanna 230kV,31753.0,230.0,100.0,9.0,other,PA,PPL,In Service,gen
H03,2001-08-21,Susquehanna 500kV,31753.0,500.0,100.0,1153.0,other,PA,PPL,In Service,gen
H04,2001-09-07,Wright 69kV (Wind),30492.0,69.0,80.0,16.9,wind,PA,PPL,Withdrawn,gen
H04_W64,2001-09-17,Henry 138 kV,13797.0,138.0,82.5,150.0,wind,WV,APS,Withdrawn,gen
H05,2001-09-18,Riverside 230/115kV,13073.0,115.0,90.76923076923077,600.0,gas,MD,BGE,Withdrawn,gen
H05_MTX9,2001-09-25,,,138.0,0.0,,other,MD,Unknown,Withdrawn,gen
H05_W65,2001-10-15,Tallmansville 138 kV,12504.0,138.0,78.26086956521739,100.0,gas,WV,APS,Withdrawn,gen
H06,2001-10-22,Chichester 230kV,13264.0,230.0,100.0,750.0,gas,PA,PECO,In Service,gen
H07,2001-10-25,Salem - East Windsor 500kV,18954.0,500.0,100.0,200.0,gas,NJ,AEC,Withdrawn,gen
H08,2001-11-07,Richmond 230kV,5371.0,230.0,100.0,560.0,gas,PA,PECO,Withdrawn,gen
H08_W66,2001-11-14,Windsor 138 kV,13378.0,138.0,92.0,300.0,gas,WV,APS,Withdrawn,gen
H09,2001-11-15,Hooversville & Johns-Alt 230kV,32215.0,230.0,78.36363636363636,635.0,gas,PA,PENELEC,Withdrawn,gen
H10,2001-11-20,North Temple 230kV,13620.0,230.0,100.0,560.0,gas,PA,ME,Withdrawn,gen
H11,2001-11-20,New Freedom - Cardiff 230kV,29542.0,230.0,100.0,500.0,gas,NJ,AEC,Withdrawn,gen
H12,2001-11-20,Edgemoor 230kV,16792.0,230.0,100.0,189.0,gas,DE,DPL,In Service,gen
H13,2001-11-27,Dolfield,12985.0,138.0,100.0,9.0,gas,MD,BGE,In Service,gen
H14,2001-11-30,TMI-Peach Bottom 500kV,14013.0,500.0,52.0,1060.0,gas,PA,ME,Withdrawn,gen
H14_W67,2001-12-10,Enon 138 kV,14362.0,138.0,100.0,500.0,gas,PA,APS,Withdrawn,gen
H15,2001-12-20,Chapman-Moshannon 230kV,33161.0,230.0,100.0,520.0,gas,PA,PENELEC,Withdrawn,gen
H16,2001-12-21,Edgemoor,16792.0,138.0,100.0,565.0,gas,DE,DPL,Withdrawn,gen
H17,2002-01-11,Salem 500kV,18954.0,500.0,100.0,2394.0,other,NJ,PSEG,In Service,gen
H18,2002-01-11,Hope Creek 500kV,31821.0,500.0,100.0,1221.0,other,NJ,PSEG,In Service,gen
H19,2002-01-11,Hope Creek 500kV,31821.0,500.0,100.0,1221.0,other,NJ,PSEG,In Service,gen
H20,2002-01-21,Oak Grove 13.8kV,31454.0,13.8,92.0,3.5,gas,MD,PEPCO,In Service,gen
H20_CE12,2002-01-21,,,138.0,0.0,700.0,other,IL,ComEd,Withdrawn,gen
H21,2002-01-24,Ironwood 230kV,13613.0,230.0,90.0,100.0,gas,PA,ME,Withdrawn,gen
H21_W68,2002-01-29,Greenland Gap 500kV,31409.0,500.0,100.0,300.0,wind,WV,APS,In Service,gen
H22,2002-01-30,Erie South,14439.0,138.0,92.3076923076923,300.0,gas,PA,PENELEC,Withdrawn,gen
H23,2002-01-30,Bear Creek,31765.0,138.0,100.0,10.0,wind,PA,PPL,Withdrawn,gen
H23_W69,2002-01-29,Bluestone Dam 46 kV,33037.0,46.0,64.72727272727273,41.0,gas,WV,APS,Withdrawn,gen
H23_W70,2002-01-30,Kelso Gap 138 kV,8700.0,138.0,78.66666666666667,100.0,wind,MD,APS,In Service,gen
H24,2002-01-31,Forest 230kV,32638.0,230.0,100.0,575.0,gas,PA,PENELEC,Withdrawn,gen
H25,2002-01-31,Hooversville 230kV,32215.0,230.0,92.0,500.0,gas,PA,PENELEC,Withdrawn,gen
H26,2002-01-31,Eagle Point 230kV,29934.0,230.0,100.0,25.0,gas,NJ,PSEG,Withdrawn,gen
H27,2002-01-31,Marion 26.4kV,14372.0,26.4,92.0,2.85,gas,NJ,PSEG,In Service,gen
H27_W71,2002-01-31,McConnellsburg-Guilford 138 kV,14098.0,138.0,100.0,252.0,gas,PA,APS,Withdrawn,gen
H27_W72,2002-01-31,McConnellsburg-Cherry Run 138 kV,14098.0,138.0,100.0,350.0,gas,PA,APS,Withdrawn,gen
I01,2002-02-13,Ontario 23kV,4777.0,23.0,92.0,7.5,wind,NJ,AEC,In Service,gen
I02,2002-02-15,Erie West-Ashtabula 345kV,31407.0,345.0,100.0,1998.0,gas,OH,PENELEC,Withdrawn,gen
I02_W73,2002-03-07,Harrison 500 kV,35757.0,500.0,100.0,35.0,other,WV,APS,In Service,gen
I03,2002-03-20,TMI-Peach Bottom 500kV,14013.0,500.0,52.0,550.0,gas,PA,PPL,Withdrawn,gen
I03_W74,2002-03-27,Savage 138kV,32553.0,138.0,92.0,40.0,wind,PA,APS,Withdrawn,gen
I04,2002-03-29,Somerset-Allegheny 115kV,7441.0,115.0,100.0,45.0,wind,PA,PENELEC,Withdrawn,gen
I05,2002-04-02,Whiteoak (sub153) 13kV,32814.0,13.0,58.66666666666667,6.0,gas,MD,PEPCO,Withdrawn,gen
I06,2002-04-08,Greenwich Pumphousse 2.4kV,32317.0,138.0,82.27272727272728,1.7,gas,NJ,AEC,In Service,gen
I07,2002-04-11,W. H. Sammis 345kV,5022.0,345.0,83.63636363636364,1860.0,other,OH,PENELEC,Withdrawn,gen
I07_MTX8,2001-09-25,,,138.0,0.0,,other,NJ,Unknown,Withdrawn,gen
I08,2002-04-19,Cromby 230kV,31790.0,230.0,100.0,870.0,gas,PA,PECO,Withdrawn,gen
I09,2002-05-10,Bath County 500kV,11505.0,500.0,100.0,252.0,other,VA,APS,Withdrawn,gen
I10,2002-06-11,Bethesda (Sub 6),32855.0,138.0,94.0,2.0,gas,MD,PEPCO,In Service,gen
I11,2002-07-19,Cardiff 230kV,29640.0,230.0,100.0,450.0,gas,NJ,AEC,Withdrawn,gen
I12,2002-07-29,Grand Point 69kV,14093.0,69.0,92.0,30.5,other,PA,APS,In Service,gen
I13,2002-07-30,Hooversville 115kV,32215.0,115.0,100.0,29.4,wind,PA,PENELEC,In Service,gen
I14,2002-07-31,Upton 34.5kV,4086.0,34.5,64.72727272727273,14.0,gas,PA,APS,In Service,gen
I15,2002-07-31,Scalp Level 115kV,13235.0,115.0,100.0,9.9,gas,PA,PENELEC,Withdrawn,gen
I16,2002-07-31,Atwell 25kV,38649.0,25.0,68.92307692307692,10.0,gas,PA,APS,Withdrawn,gen
I17,2002-07-31,Pine Grove 69kV,24244.0,69.0,100.0,10.0,gas,PA,PPL,Withdrawn,gen
I18,2002-07-31,South Park 25kV,17632.0,25.0,92.0,10.0,gas,PA,APS,Withdrawn,gen
I19,2002-07-31,Level Green 25kV,5061.0,25.0,72.0,10.0,gas,PA,APS,Withdrawn,gen
I20,2002-07-31,Wycoff 25kV,5447.0,25.0,58.66666666666667,10.0,gas,PA,APS,Withdrawn,gen
I22,2002-07-31,Hinton 46kV,870.0,46.0,82.0,41.0,other,WV,APS,Withdrawn,gen
J01,2002-08-28,Monterey 69kV,33421.0,69.0,92.0,41.0,wind,VA,APS,Withdrawn,gen
J01_MTX,2002-08-30,Hope Creek 500kV Cedar Creek 230kV,31821.0,500.0,100.0,0.0,other,DC,PSEG,Withdrawn,gen
J02,2002-09-09,Hudson 230kV,26633.0,230.0,82.0,750.0,gas,NJ,PSEG,Withdrawn,gen
J02_MTX11,2003-02-11,Vienna 230kV - Chalk Point 230kV,13111.0,230.0,100.0,0.0,other,MD,Unknown,Withdrawn,gen
J02_MTX13,2002-09-16,Keeney XFMR 230/138kV,13097.0,138.0,82.0,0.0,other,DE,DPL,In Service,gen
J03,2002-09-26,Edgemoor,16792.0,138.0,100.0,565.0,gas,DE,DPL,Withdrawn,gen
J03_CE14,2002-10-15,Sublette Wind Farm,13907.0,138.0,68.66666666666667,20.0,wind,IL,ComEd,Withdrawn,gen
J04,2002-10-18,Bustleton 138kV,29538.0,138.0,100.0,7.0,gas,NJ,PSEG,Withdrawn,gen
J04_CE15,2002-10-20,West Brooklyn Wind Farm,48294.0,138.0,82.0,25.0,wind,IL,ComEd,Withdrawn,gen
J05,2002-10-25,Huron 69kV,13117.0,69.0,72.72727272727273,8.0,gas,NJ,AEC,In Service,gen
J06,2002-10-25,Bear Creek 69kV,31765.0,69.0,100.0,34.0,wind,PA,PPL,Withdrawn,gen
J06_CE16,2002-10-31,,,138.0,0.0,100.0,other,IL,ComEd,Withdrawn,gen
J07,2002-11-01,North Franklin 138kV,32558.0,138.0,94.0,155.0,wind,WV,APS,Withdrawn,gen
J07_MTX12,2002-11-01,Cheswold XFMR 138/69kV,16004.0,69.0,84.11764705882354,0.0,other,DE,DPL,In Service,gen
J08,2002-12-12,Whiteoak,32814.0,138.0,94.11764705882352,6.0,gas,MD,PEPCO,In Service,gen
J08_MTX14,2003-01-03,Sayreville 230kV,26541.0,230.0,100.0,80.0,other,NJ,Unknown,Withdrawn,gen
J08_MTX15,2003-01-03,Sewaren 230kV,18978.0,230.0,100.0,790.0,other,NJ,Unknown,Withdrawn,gen
J09,2003-01-31,Harrisburg Authority,39231.0,138.0,85.0,26.0,gas,PA,PPL,In Service,gen
K01,2003-02-10,Salem 69kV,23484.0,69.0,100.0,8.0,other,NJ,AEC,Deactivated,gen
K02,2003-02-25,East Towanda-Moshannon 230kV,13718.0,230.0,62.58823529411764,70.0,wind,PA,PENELEC,In Service,gen
K02_CE18,2003-02-26,Baileyville Wind Farm,911.0,138.0,66.66666666666667,80.0,wind,IL,ComEd,Withdrawn,gen
K03,2003-03-03,Wright 69kV,30492.0,69.0,80.0,39.6,wind,PA,PPL,Withdrawn,gen
K04,2003-04-15,Camden 26kV,29531.0,26.0,92.0,5.1,gas,NJ,PSEG,In Service,gen
K04_CE17,2003-04-15,Lena Wind Farm,13474.0,138.0,75.0,80.0,wind,IL,ComEd,Withdrawn,gen
K04_CE19,2003-04-15,Freeport Wind Farm,34361.0,138.0,83.33333333333333,80.0,wind,IL,ComEd,Withdrawn,gen
K05,2003-04-23,Cedar 69kV,14660.0,69.0,100.0,0.12,gas,NJ,AEC,Withdrawn,gen
K06,2003-05-06,Easton 69kV,13101.0,69.0,100.0,10.0,gas,MD,DPL,In Service,gen
K07,2003-05-07,Easton 69kV,13101.0,69.0,100.0,10.0,gas,MD,DPL,In Service,gen
K07_CE20,2003-05-16,Benson Wind Farm,13907.0,138.0,72.0,158.0,wind,IL,ComEd,Withdrawn,gen
K08,2003-05-21,Morgantown / Oak Grove,12825.0,138.0,100.0,1800.0,gas,MD,PEPCO,Withdrawn,gen
K09,2003-06-05,Bear Creek,31765.0,138.0,100.0,34.0,wind,PA,PPL,Withdrawn,gen
K10,2003-07-16,Somerset 115kV,7441.0,115.0,100.0,6.0,wind,PA,PENELEC,Withdrawn,gen
K11,2003-07-25,Greenland Gap 500kV,31409.0,500.0,100.0,300.0,wind,WV,APS,In Service,gen
K12,2003-07-28,Somerset-Allegheny 115kV,7441.0,115.0,100.0,13.0,wind,PA,PENELEC,Withdrawn,gen
K13,2003-07-28,Hooversville 115kV,32215.0,115.0,100.0,29.4,wind,PA,PENELEC,In Service,gen
K14,2003-07-28,Monterey 69kV,33421.0,69.0,92.0,7.0,wind,VA,APS,Withdrawn,gen
K15,2003-07-28,Bear Creek 69kV,31765.0,69.0,100.0,6.8,wind,PA,PPL,Withdrawn,gen
K16,2003-07-28,Birdsboro 69kV,1440.0,69.0,70.0,9.9,gas,PA,ME,Withdrawn,gen
K17,2003-07-28,Emerald 6 25kV,23759.0,25.0,55.1578947368421,5.0,gas,PA,APS,Withdrawn,gen
K18,2003-07-30,Arnold (Green Mountain) 115kV,1398.0,115.0,81.25,10.4,wind,PA,PENELEC,Deactivated,gen
K19,2003-07-30,Backbone Mountain 138kV,13461.0,138.0,77.5,90.0,wind,WV,APS,In Service,gen
K20,2003-07-30,Mill Run 25 kV,29641.0,25.0,77.0,15.0,wind,PA,APS,In Service,gen
K21,2003-07-30,East Carbondale 69kV,13553.0,69.0,100.0,64.5,wind,PA,PPL,In Service,gen
K22,2003-07-30,Somerset 22.86kV,7415.0,86.0,83.81818181818181,9.0,wind,PA,PENELEC,In Service,gen
K23,2003-07-30,Meyersdale North 115 kV,16040.0,115.0,64.5,30.0,wind,PA,PENELEC,In Service,gen
K24,2003-07-30,Henry 138kV,13797.0,138.0,82.5,150.0,wind,WV,APS,Withdrawn,gen
K25,2003-07-30,Savage 138kV,32553.0,138.0,92.0,40.0,wind,PA,APS,Withdrawn,gen
K26,2003-07-30,North Franklin 138kV,32558.0,138.0,94.0,155.0,wind,WV,APS,Withdrawn,gen
K27,2003-07-30,Calvert Cliffs 500kV,31440.0,500.0,100.0,1740.0,other,MD,BGE,Withdrawn,gen
K28,2003-07-31,Kelso Gap 138kV,8700.0,138.0,78.66666666666667,100.0,wind,MD,APS,In Service,gen
K29,2003-07-31,Ontario,4777.0,138.0,100.0,7.5,wind,NJ,AEC,Withdrawn,gen
L01,2003-08-01,Morgantown / Oak Grove,12825.0,138.0,100.0,1800.0,gas,MD,PEPCO,Withdrawn,gen
L01_AEP137,2003-08-27,Bellefonte-N. Proctorville 138kV,11390.0,138.0,100.0,165.0,other,OH,AEP,Withdrawn,gen
L01_CE21,2003-08-05,Pearl City Wind Farm,13474.0,138.0,78.94736842105263,15.0,wind,IL,ComEd,Withdrawn,gen
L02,2003-09-10,Pleasantville 12 kV,25024.0,12.0,84.3076923076923,1.5,gas,NJ,AEC,In Service,gen
L03,2003-09-10,Morgantown,12825.0,138.0,100.0,0.8,gas,PA,PPL,Withdrawn,gen
L04,2003-10-08,Chestnut Ridge 138 kV,44835.0,138.0,92.0,60.0,wind,PA,APS,Withdrawn,gen
L05,2003-10-10,Bear Creek 69kV,31765.0,69.0,100.0,25.0,wind,PA,PPL,Withdrawn,gen
L05_CE22,2003-10-15,Camp Grove,26627.0,138.0,76.19047619047619,150.0,wind,IL,ComEd,In Service,gen
L06,2003-10-20,Graceton 230kV,18068.0,230.0,100.0,550.0,gas,PA,PECO,Withdrawn,gen
L07,2003-10-23,Jenkins-Harwood #2 69kV,13472.0,69.0,100.0,42.9,wind,PA,PPL,Withdrawn,gen
L08,2003-11-07,Holtwood 69kV,11627.0,69.0,75.0,109.0,other,PA,PPL,In Service,gen
L09,2003-11-07,Montour #1 230kV,13418.0,230.0,93.33333333333333,761.0,other,PA,PPL,In Service,gen
L10,2003-11-12,Hatfield 500 kV,31728.0,500.0,100.0,520.0,other,PA,APS,Withdrawn,gen
L11,2003-12-02,Rockwood 25 kV,14226.0,25.0,92.0,9.9,wind,PA,APS,Withdrawn,gen
L12,2003-12-04,Essex,19235.0,138.0,100.0,6.0,gas,NJ,PSEG,Withdrawn,gen
L12_CE23,2003-12-08,West Brooklyn II,48294.0,138.0,88.46153846153847,20.0,wind,IL,ComEd,Withdrawn,gen
L12_CE24,2003-12-10,Willow Creek Wind Farm,13474.0,138.0,80.87096774193549,79.0,wind,IL,ComEd,Withdrawn,gen
L13,2003-12-19,Rockwood,14226.0,138.0,100.0,40.0,wind,PA,PENELEC,In Service,gen
L13_CE25,2003-12-26,Geneva,13324.0,138.0,100.0,29.0,gas,IL,ComEd,In Service,gen
L13_CE26,2004-01-18,Heartland Grand Ridge,19136.0,138.0,63.33333333333333,175.0,wind,IL,ComEd,Withdrawn,gen
L13_CE27,2004-01-18,Heartland Wind Livingston,6471.0,138.0,82.0,225.0,wind,IL,ComEd,Withdrawn,gen
L14,2004-01-20,Berlin 69kV Tap 5 MW,16119.0,69.0,92.0,5.0,other,MD,AEC,Withdrawn,gen
L15,2004-01-20,Buffalo Road-Carry East to NY,13319.0,138.0,100.0,34.0,other,NY,PENELEC,Withdrawn,gen
L16,2004-01-22,Monterey 69KV,33421.0,69.0,92.0,35.0,wind,VA,APS,Withdrawn,gen
L17,2004-01-22,Rolling Hills,40249.0,138.0,69.48717948717947,6.0,gas,PA,ME,Deactivated,gen
L18,2004-01-28,Bear Creek,31765.0,138.0,100.0,26.0,wind,PA,PPL,In Service,gen
L19,2004-01-28,Karthaus 230kV,33357.0,230.0,63.42857142857143,290.0,other,PA,APS,Withdrawn,gen
L20,2004-01-30,Birdsboro 13.2kV,1440.0,13.2,62.0,10.0,gas,PA,ME,Withdrawn,gen
L21,2004-01-30,Hudson #2,26635.0,138.0,79.71428571428571,0.0,gas,NJ,PSEG,Withdrawn,gen
M01,2004-02-01,Morgantown-Oak Grove,12825.0,138.0,100.0,1800.0,gas,MD,PEPCO,Withdrawn,gen
M02,2004-02-23,Jenkins-Harwood #2,13472.0,138.0,100.0,51.0,wind,PA,PPL,Withdrawn,gen
M03,2004-02-23,Cardiff,29640.0,138.0,100.0,450.0,gas,NJ,AEC,Withdrawn,gen
M04,2004-02-25,Calvert Cliffs,31440.0,138.0,100.0,1740.0,other,MD,BGE,In Service,gen
M05,2004-03-05,Black Oak - Bedington,977.0,138.0,100.0,0.0,other,WV,APS,In Service,gen
M06,2004-03-11,Grand Point,14093.0,138.0,100.0,30.5,other,PA,APS,Withdrawn,gen
M07,2004-03-12,Peckville (Archbald),31783.0,138.0,85.0,50.0,gas,PA,PPL,In Service,gen
M08,2004-03-29,Somerset-Allegheny,7415.0,138.0,100.0,65.0,wind,PA,PENELEC,Withdrawn,gen
M09,2004-03-30,Island Road,17735.0,138.0,100.0,50.0,other,PA,PECO,Withdrawn,gen
M09_CE28,2004-04-14,Wempletown 345kV,20819.0,345.0,100.0,200.0,wind,IL,ComEd,Withdrawn,gen
M10,2004-05-06,Vienna/Chalk Point,13111.0,138.0,100.0,400.0,other,MD,PEPCO,Withdrawn,gen
M11,2004-05-19,Susquehanna #1,31753.0,138.0,95.38461538461539,2520.0,other,PA,PPL,In Service,gen
M12,2004-05-19,Susquehanna #2,31753.0,138.0,95.38461538461539,2520.0,other,PA,PPL,In Service,gen
M13,2004-05-27,Amboy,38430.0,138.0,75.0,3.3,wind,IL,ComEd,Withdrawn,gen
M14,2004-06-09,Churchtown-Cumberland 230kV,29926.0,230.0,100.0,100.0,gas,NJ,AEC,Withdrawn,gen
M15,2004-06-09,Union City 230kV,34635.0,230.0,92.0,302.0,gas,PA,PENELEC,Withdrawn,gen
M16,2004-06-10,Peach Bottom T1,14669.0,138.0,94.0,0.0,other,PA,PECO,Withdrawn,gen
M17,2004-06-15,Mount Zion 13.8 kV,32863.0,13.8,92.0,4.0,gas,MD,PEPCO,Withdrawn,gen
M18,2004-06-17,Dixon-Mendota 34kV,34666.0,34.0,72.0,1.65,wind,IL,ComEd,Withdrawn,gen
M19,2004-06-25,Otter Point,12906.0,138.0,100.0,4.5,gas,MD,BGE,In Service,gen
M20,2004-07-13,Chestnut Valley 25kV,13941.0,25.0,69.5,5.0,gas,PA,APS,Withdrawn,gen
M21,2004-07-23,Rochelle,23403.0,138.0,100.0,20.0,other,IL,ComEd,In Service,gen
M22,2004-07-23,Cambria Slope 115kV,13597.0,115.0,76.92307692307692,125.0,other,PA,PENELEC,Withdrawn,gen
M23,2004-07-26,Henry 138kV,13797.0,138.0,82.5,150.0,wind,WV,APS,Withdrawn,gen
M24,2004-07-27,Grassy Falls,14629.0,138.0,82.5,186.0,hybrid,WV,APS,In Service,gen
M25,2004-07-29,South Reading (United Corrstack) 69kV,13622.0,69.0,80.38461538461539,12.0,other,PA,ME,Withdrawn,gen
M26,2004-07-29,Champion,33138.0,138.0,80.0,150.0,gas,PA,APS,Withdrawn,gen
M27,2004-07-30,Eddystone 138kV,29593.0,138.0,100.0,1408.0,other,PA,PECO,In Service,gen
M28,2004-07-30,Elwood-Dresden 345kV,20758.0,345.0,100.0,700.0,other,IL,ComEd,Withdrawn,gen
845542,2007-12-20,PJM-TVA,31685.0,138.0,57.14285714285714,90.0,other,,,Confirmed,gen
845546,2007-12-20,PJM-TVA,31685.0,138.0,57.14285714285714,90.0,other,,,Confirmed,gen
852544,2008-01-08,PJM-WEC,31685.0,138.0,57.14285714285714,10.0,other,,,Confirmed,gen
930679,2008-06-19,AMIL-PJM,29641.0,138.0,75.0,43.0,other,,,Confirmed,gen
931128,2008-06-19,AMIL-PJM,29641.0,138.0,75.0,25.0,other,,,Confirmed,gen
931224,2008-06-19,LGEE-PJM,4036.0,138.0,85.71428571428572,63.0,other,,,Confirmed,gen
931229,2008-06-19,LGEE-PJM,4036.0,138.0,85.71428571428572,62.0,other,,,Confirmed,gen
931258,2008-06-19,AMIL-PJM,29641.0,138.0,75.0,240.0,other,,,Confirmed,gen
945095,2008-07-15,CIN-PJM,14626.0,138.0,75.0,368.0,other,,,Confirmed,gen
963385,2008-08-11,PJM-CPLE,31685.0,138.0,57.14285714285714,89.0,other,,,Confirmed,gen
999367,2008-09-26,FE-PJM,,138.0,0.0,108.0,other,,,Withdrawn,gen
N01,2004-08-02,Graceton-Nottingham 230kV,18068.0,230.0,100.0,550.0,gas,PA,PECO,Withdrawn,gen
N02,2004-08-02,Peach Bottom,14669.0,138.0,100.0,550.0,gas,PA,PECO,Withdrawn,gen
N02_AEP139,2004-08-04,McClung 138kV,864.0,138.0,100.0,200.0,wind,WV,AEP,Withdrawn,gen
N03,2004-08-25,Edgemoor 69kV,16792.0,69.0,92.0,121.0,gas,DE,DPL,In Service,gen
N04,2004-08-25,Edgemoor 230kV,16792.0,230.0,100.0,189.0,gas,DE,DPL,Withdrawn,gen
N05,2004-08-25,Edgemoor 138kV,16792.0,138.0,100.0,242.0,gas,DE,DPL,In Service,gen
N06,2004-09-16,Hamilton 12kV,33737.0,12.0,92.0,0.047,gas,PA,PPL,In Service,gen
N07,2004-09-28,Monterey 69kV,33421.0,69.0,92.0,39.0,wind,VA,APS,Withdrawn,gen
N08,2004-09-28,Dans Mountain,13461.0,138.0,81.25,125.0,wind,PA,APS,Withdrawn,gen
N09,2004-10-04,Grassy Falls 138kV,14629.0,138.0,82.5,90.0,other,WV,APS,Withdrawn,gen
N10,2004-10-11,Grangston 138 kV,33172.0,138.0,75.0,300.0,gas,WV,AEP,In Service,gen
N11,2004-10-11,Wolf Hills 138 kV,5266.0,138.0,87.64705882352942,275.0,gas,VA,AEP,In Service,gen
N12,2004-10-13,North Haverhill 69 kV,16040.0,69.0,72.72727272727272,75.0,other,OH,AEP,In Service,gen
N13,2004-11-01,Beaver Valley,13476.0,138.0,100.0,1652.0,other,PA,DL,In Service,gen
N14,2004-11-22,Frackville-Hauto #3 69kV,32745.0,69.0,100.0,27.3,wind,PA,PPL,In Service,gen
N15,2004-12-02,LaSalle 138 kV,20760.0,138.0,93.33333333333333,150.0,wind,IL,ComEd,In Service,gen
N16,2004-12-09,Kent-Harrington 69kV,16039.0,69.0,100.0,4.0,gas,DE,DPL,In Service,gen
N17,2004-12-09,Laurel-Sussex 69kV,16031.0,69.0,100.0,3.0,gas,DE,DPL,In Service,gen
N18,2004-12-22,Clinton-Collier 345kV,35793.0,345.0,100.0,19.2,gas,PA,DL,Withdrawn,gen
N19,2004-12-28,Paw Paw 12 kV,,12.0,0.0,1.65,wind,IL,ComEd,Withdrawn,gen
N20,2005-01-06,Poplar Grove 34kV,11386.0,34.0,77.0,9.9,wind,IL,ComEd,Withdrawn,gen
N21,2005-01-18,Sublette Wind II,13779.0,138.0,57.89473684210527,30.0,wind,IL,ComEd,Withdrawn,gen
N22,2005-01-18,Sublette Wind 3,13100.0,138.0,72.0,30.0,wind,IL,ComEd,Withdrawn,gen
N23,2005-01-18,West Brooklyn Wind 3,48294.0,138.0,84.11764705882354,53.0,wind,IL,ComEd,Withdrawn,gen
N24,2005-01-18,West Brooklyn 4,48294.0,138.0,90.0,53.0,wind,IL,ComEd,Withdrawn,gen
N25,2005-01-18,West Brooklyn 5,48294.0,138.0,90.0,11.0,wind,IL,ComEd,Withdrawn,gen
N26,2005-01-20,Daleville,13756.0,138.0,100.0,1.74,gas,PA,PECO,In Service,gen
N27,2005-01-27,Pequest River 34.5 kV,13388.0,34.5,52.86956521739131,3.6,gas,NJ,JCPL,In Service,gen
N28,2005-01-27,Cambria Slope 115kV,13597.0,115.0,76.92307692307692,165.0,other,PA,PENELEC,Withdrawn,gen
N29,2005-01-28,Roth Rock 138kV,18266.0,138.0,67.25490196078432,40.0,wind,MD,APS,Withdrawn,gen
N30,2005-01-28,Grand Point 12kV,14093.0,12.0,92.0,5.0,gas,PA,APS,Withdrawn,gen
N31,2005-01-28,Freemansburg 69kV,14526.0,69.0,69.56521739130434,5.0,gas,PA,PPL,Deactivated,gen
N32,2005-01-28,Gans 138kV,14284.0,138.0,100.0,50.4,wind,PA,APS,In Service,gen
N33,2005-01-28,Afton 138kV,33172.0,138.0,83.33333333333334,60.0,wind,WV,APS,Withdrawn,gen
N34,2005-01-28,Motiva,14306.0,138.0,66.66666666666667,250.0,other,DE,DPL,In Service,gen
N35,2005-01-28,South Reading-Birdsboro 69kV,13622.0,69.0,100.0,9.0,gas,PA,ME,Withdrawn,gen
N36,2005-01-28,Gold-Sabinsville 115kV,13301.0,115.0,100.0,50.0,wind,PA,PENELEC,Withdrawn,gen
N37,2005-01-28,Windsor 138kV,13378.0,138.0,92.0,50.0,wind,PA,APS,Withdrawn,gen
N38,2005-01-28,W. Newton-Lynn 138kV,11762.0,138.0,92.5,120.0,wind,OH,AEP,Withdrawn,gen
N39,2005-01-28,Johnstown-Altoona 230kV,32216.0,230.0,100.0,80.0,wind,PA,PENELEC,In Service,gen
N40,2005-01-28,Champion 345kV,33138.0,345.0,72.0,300.0,other,PA,DL,Withdrawn,gen
N41,2005-01-31,Mountaineer 765kV,39921.0,765.0,95.65217391304348,1200.0,other,WV,AEP,Withdrawn,gen
N42,2005-01-31,Mountaineer-Belmont 765kV,39921.0,765.0,95.65217391304348,1200.0,other,OH,AEP,Withdrawn,gen
N43,2005-01-31,Hanging Rock-Jefferson 765kV,36809.0,765.0,100.0,1200.0,other,KY,AEP,Withdrawn,gen
N44,2005-01-31,Dover,34641.0,138.0,100.0,103.0,other,DE,DPL,Withdrawn,gen
N45,2005-01-31,Ft. Martin 500kV,31714.0,500.0,100.0,600.0,other,WV,APS,Withdrawn,gen
N46,2005-01-31,Cook 345kV,31143.0,345.0,100.0,1120.0,gas,MI,AEP,Withdrawn,gen
N47,2005-01-31,Beryl 138kV,41811.0,138.0,66.66666666666667,85.0,wind,WV,APS,In Service,gen
N48,2005-01-31,Lancaster-Maryland 138kV,7447.0,138.0,92.0,84.0,wind,IL,ComEd,Withdrawn,gen
N49,2005-01-31,Salix-Claysburg 115kV,13903.0,115.0,100.0,90.0,wind,PA,PENELEC,Withdrawn,gen
N50,2005-01-31,Eldred 230kV,50469.0,230.0,80.0,90.0,wind,PA,PPL,Withdrawn,gen
N51,2005-01-31,Harwood 230kV,13294.0,230.0,100.0,100.5,wind,PA,PPL,Withdrawn,gen
O01,2005-02-08,Letort 12kV,15378.0,12.0,92.0,3.2,gas,PA,PPL,Withdrawn,gen
O02,2005-02-08,Glendon 34.5kV,29921.0,34.5,92.0,3.0,gas,PA,PPL,Withdrawn,gen
O03,2005-02-11,Sublette,5641.0,138.0,66.66666666666667,30.0,wind,IL,ComEd,Withdrawn,gen
O04,2005-02-11,Camden-Richmond,29531.0,138.0,100.0,640.0,gas,NJ,PSEG,Withdrawn,gen
O05,2005-02-22,Rochelle,23403.0,138.0,100.0,22.0,other,IL,ComEd,In Service,gen
O06,2005-02-23,Ft. Martin Pruntytown,815.0,138.0,85.0,500.0,other,WV,APS,Withdrawn,gen
O06_DP01,2005-02-24,Altavista 115kV,31973.0,115.0,100.0,83.6,other,VA,Dominion,In Service,gen
O07,2005-03-01,Poplar Grove 34.5kV,11386.0,34.5,77.0,25.0,wind,IL,ComEd,Withdrawn,gen
O08,2005-03-06,,,138.0,0.0,,other,,Unknown,Withdrawn,gen
O09,2005-03-07,Normandy,5196.0,138.0,100.0,212.0,wind,IL,ComEd,In Service,gen
O10,2005-03-14,Edgemoor 138kV,16792.0,138.0,100.0,242.0,gas,DE,DPL,In Service,gen
O11,2005-03-21,Bustelton 13kV,29538.0,13.0,80.88888888888889,7.2,gas,NJ,PSEG,Deactivated,gen
O12,2005-03-28,Chicago Heights 138kV,30057.0,138.0,58.33333333333333,20.0,other,IL,ComEd,Deactivated,gen
O13,2005-04-01,Linden - Harbor Cable II,19239.0,138.0,100.0,520.0,other,NJ,PSEG,Withdrawn,gen
O14,2005-04-05,Black Oak - Bedinton RTU,977.0,138.0,100.0,0.0,other,MD,APS,Withdrawn,gen
O15,2005-04-06,Black Oak - Hatfield Wave Trap,977.0,138.0,100.0,0.0,other,PA,APS,Withdrawn,gen
O16,2005-04-07,Chichester-Linwood 230kV,13264.0,230.0,100.0,230.0,other,PA,PECO,In Service,gen
O17,2005-04-14,Somerset-Allegheny 115kV,7441.0,115.0,100.0,65.0,wind,PA,PENELEC,Withdrawn,gen
O18,2005-04-21,Salix-Claysburg (Krayn) 115kV,13903.0,115.0,100.0,60.4,wind,PA,PENELEC,In Service,gen
O19,2005-05-04,Somerset 115kV,7441.0,115.0,100.0,33.0,wind,PA,PENELEC,Withdrawn,gen
O20,2005-05-04,Lakehurst 34.5kV,14044.0,34.5,62.58823529411764,9.4,gas,NJ,JCPL,Deactivated,gen
O21,2005-05-06,Liberty 69kV,14557.0,69.0,100.0,48.0,wind,OH,Dayton,Withdrawn,gen
O22,2005-05-11,Powerton-Goodings Grove 345kV,20090.0,345.0,100.0,300.0,wind,IL,ComEd,In Service,gen
O23,2005-05-11,Powerton-Dresden 345kV,20090.0,345.0,100.0,300.0,wind,IL,ComEd,Withdrawn,gen
O24,2005-05-11,Pontiac Midpoint-Dresden 345kV,13202.0,345.0,100.0,300.0,wind,IL,ComEd,Withdrawn,gen
O25,2005-05-12,N. Salisbury 25kV,13118.0,25.0,92.0,6.0,gas,MD,DPL,In Service,gen
O26,2005-05-12,Pine Grove 69kV,24244.0,69.0,100.0,8.0,other,PA,PPL,In Service,gen
O27,2005-05-13,Powerton-Goodings Grove 345kV,20090.0,345.0,100.0,300.0,gas,IL,ComEd,Withdrawn,gen
O28,2005-05-13,Jenkins-Harwood #2 69kV,13472.0,69.0,100.0,51.0,wind,PA,PPL,Withdrawn,gen
O29,2005-05-16,Normandy 138kV,5196.0,138.0,100.0,225.0,wind,IL,ComEd,In Service,gen
O30,2005-05-16,Nora,15646.0,138.0,80.0,9.0,wind,IL,ComEd,Withdrawn,gen
O31,2005-05-18,Fries 12kV,33444.0,12.0,92.0,5.21,other,VA,AEP,In Service,gen
O32,2005-05-31,Mountaineer 765kV,39921.0,765.0,95.65217391304348,1320.0,other,WV,AEP,In Service,gen
O33,2005-06-02,McGirr-Mendota,2848.0,138.0,76.92307692307692,20.0,wind,IL,ComEd,In Service,gen
O34,2005-06-03,Frederick 12kV,12811.0,12.0,92.0,3.0,gas,MD,APS,Withdrawn,gen
O35,2005-06-06,Providence Heights #1 138kV,41930.0,138.0,80.75,74.0,wind,IL,ComEd,In Service,gen
O36,2005-06-06,Honey Brook 12kV,19523.0,12.0,73.81818181818181,1.6,gas,PA,PPL,In Service,gen
O37,2005-06-23,Belle 46kV,4569.0,46.0,80.88888888888889,14.0,gas,WV,AEP,Withdrawn,gen
O38,2005-06-27,Johnstown-Altoona 230kV,32216.0,230.0,100.0,50.0,wind,PA,PENELEC,In Service,gen
O39,2005-06-27,Sunbury - Dauphin 69kV,13490.0,69.0,100.0,56.0,wind,PA,PPL,Withdrawn,gen
O40,2005-06-27,Pine Grove - Frailey 69kV,24244.0,69.0,100.0,28.0,wind,PA,PPL,Withdrawn,gen
O42,2005-07-06,Cook 345 kV,31143.0,345.0,100.0,1100.0,other,MI,AEP,In Service,gen
O43,2005-07-07,University Park,12045.0,138.0,96.0,504.0,gas,IL,ComEd,In Service,gen
O44,2005-07-19,West Lima 138kV,38968.0,138.0,100.0,540.0,other,OH,AEP,Withdrawn,gen
O45,2005-07-21,Grassy Falls,14629.0,138.0,82.5,143.0,other,WV,APS,Withdrawn,gen
O46,2005-07-22,Frackville-Hauto #3 69kV,32745.0,69.0,100.0,27.3,wind,PA,PPL,In Service,gen
O47,2005-07-25,Nora,15646.0,138.0,80.0,10.0,wind,IL,ComEd,Withdrawn,gen
O48,2005-07-26,Hays Mill - Lookout 115kV,29641.0,115.0,75.33333333333333,36.0,wind,PA,PENELEC,In Service,gen
O49,2005-07-26,Wempletown-Byron 345kV,20819.0,345.0,100.0,200.0,wind,IL,ComEd,Withdrawn,gen
O50,2005-07-26,Powerton-Dresden 345kV,20090.0,345.0,100.0,200.0,wind,IL,ComEd,In Service,gen
O51,2005-07-27,Pontiac Midpoint-Wilton Center 345kV,13202.0,345.0,100.0,300.0,wind,IL,ComEd,In Service,gen
O52,2005-07-27,Gold-Potter Co 115kV,13301.0,115.0,100.0,50.0,wind,PA,PENELEC,Withdrawn,gen
O53,2005-07-27,Beaver Valley #1,13476.0,138.0,95.0,902.0,other,PA,DL,In Service,gen
O54,2005-07-27,Beaver Valley #2,13476.0,138.0,95.0,908.0,other,PA,DL,In Service,gen
O55,2005-07-27,Peckville 69kV,31783.0,69.0,92.0,9.0,gas,PA,PPL,Withdrawn,gen
O56,2005-07-28,Osterburg East 115kV,13905.0,115.0,100.0,76.0,wind,PA,PENELEC,Withdrawn,gen
O57,2005-07-28,Kanawha 138kV,889.0,138.0,89.0909090909091,142.0,other,WV,AEP,Withdrawn,gen
O58,2005-07-28,Tenn Eastman 138kV,40753.0,138.0,64.0,75.0,other,TN,AEP,Withdrawn,gen
O59,2005-07-29,Gold 115kV,13301.0,115.0,100.0,99.0,wind,PA,PENELEC,Withdrawn,gen
O60,2005-07-29,Berlin 23 kV,16119.0,23.0,92.0,5.4,wind,PA,PENELEC,Withdrawn,gen
O61,2005-07-29,Lawrenceville 34.5kV,33447.0,34.5,92.0,8.0,gas,VA,Dominion,Withdrawn,gen
O62,2005-07-29,Shackleford 34.5kV,30050.0,34.5,58.66666666666667,8.0,gas,VA,Dominion,Withdrawn,gen
O63,2005-07-29,Linden 230kV,19239.0,230.0,100.0,525.0,gas,NJ,PSEG,Withdrawn,gen
O64,2005-07-29,Grays Ferry - Island Road,29577.0,138.0,90.9090909090909,201.0,gas,PA,PECO,Withdrawn,gen
O65,2005-07-29,Olive-Dumont 345kV,32980.0,345.0,100.0,650.0,other,IN,AEP,Withdrawn,gen
O66,2005-07-29,Bergen 230kV,19042.0,230.0,100.0,670.0,other,NJ,JCPL,In Service,gen
O67,2005-07-29,,,138.0,0.0,,other,,Unknown,Withdrawn,gen
O68,2005-07-31,Dixon-Cherry Valley 138kV,15516.0,138.0,72.72727272727273,100.0,wind,IL,ComEd,Withdrawn,gen
O69,2005-07-31,Beaver Creek-Hazard 138kV,11597.0,138.0,100.0,535.0,other,KY,AEP,Withdrawn,gen
O70,2005-07-31,Susquehanna - Harwood 230kV,31753.0,230.0,100.0,124.0,wind,PA,PPL,Withdrawn,gen
O71,2005-07-31,Hooversville 115kV,32215.0,115.0,100.0,60.0,wind,PA,PENELEC,Withdrawn,gen
O72,2005-07-31,Hooversville-Central City,32215.0,138.0,100.0,60.0,wind,PA,PENELEC,Withdrawn,gen
O73,2005-07-31,Benson 345kV,29999.0,345.0,75.33333333333334,100.0,wind,IL,ComEd,Withdrawn,gen
P01,2005-08-23,Westover-Madera 115kV,13887.0,115.0,100.0,65.0,wind,PA,PENELEC,Withdrawn,gen
P02,2005-08-25,Ohio Central 138kV,6170.0,138.0,100.0,550.0,gas,OH,AEP,Withdrawn,gen
P03,2005-08-29,Frackville-Hauto #3,32745.0,138.0,100.0,27.3,wind,PA,PPL,In Service,gen
P04,2005-09-08,Peach Bottom 500kV,14669.0,500.0,100.0,557.0,gas,PA,PECO,In Service,gen
P05,2005-09-08,Graceton 230kV,18068.0,230.0,100.0,550.0,gas,PA,PECO,Withdrawn,gen
P06,2005-09-09,Cumberland 230 kV,4083.0,230.0,100.0,100.0,gas,NJ,AEC,In Service,gen
P07,2005-09-09,Middle 138kV,19718.0,138.0,92.0,122.0,gas,NJ,AEC,Withdrawn,gen
P08,2005-09-14,Possum Point,7609.0,138.0,100.0,600.0,gas,VA,Dominion,Withdrawn,gen
P09,2005-09-14,Kerr Dam 115kV,33274.0,115.0,100.0,267.0,other,VA,Dominion,In Service,gen
P10,2005-09-26,LaSalle 138kV,20760.0,138.0,93.33333333333333,190.5,wind,IL,ComEd,In Service,gen
P11,2005-09-26,Kewanee 138kV,12052.0,138.0,93.33333333333333,200.0,wind,IL,ComEd,In Service,gen
P12,2005-09-25,Cheswick - Springdale 138kV,31683.0,138.0,100.0,0.0,other,PA,DL,Withdrawn,gen
P13,2005-10-05,Mickleton 230kV,29925.0,230.0,100.0,600.0,gas,NJ,AEC,Withdrawn,gen
P14,2005-10-12,McGirr-Mendota,2848.0,138.0,76.92307692307692,80.0,wind,IL,ComEd,In Service,gen
P15,2005-10-12,McGirr - Mendota 138kV,2848.0,138.0,68.92307692307692,20.0,wind,IL,ComEd,Withdrawn,gen
P16,2005-10-19,Bath County,11505.0,138.0,100.0,3030.0,other,VA,Dominion,In Service,gen
P17,2005-10-20,Dixon-Mendota 34kV,34666.0,34.0,72.0,20.0,wind,IL,ComEd,Withdrawn,gen
P18,2005-10-20,Dixon-Mendota 34.5kV,34666.0,34.5,72.0,2.5,wind,IL,ComEd,Withdrawn,gen
P19,2005-10-20,McGirr Road - Mendota 138kV,21805.0,138.0,62.58823529411764,20.0,wind,IL,ComEd,Withdrawn,gen
P20,2005-10-26,Nelson-Electric Junction 345kV,20754.0,345.0,100.0,210.0,wind,IL,ComEd,Withdrawn,gen
P21,2005-10-26,McGirr Road - Dixon 138kV,21805.0,138.0,62.58823529411764,150.0,wind,IL,ComEd,Withdrawn,gen
P22,2005-10-28,Johnstown Altoona 230kV,32216.0,230.0,85.88235294117646,20.0,wind,PA,PENELEC,In Service,gen
P23,2005-10-28,Bayonne 138kV,26511.0,138.0,92.0,46.0,gas,NJ,PSEG,Withdrawn,gen
P24,2005-11-07,Mendota 34.5kV,16343.0,34.5,58.66666666666667,20.0,wind,IL,ComEd,Withdrawn,gen
P25,2005-11-07,Mendota 34.5kV,16343.0,34.5,58.66666666666667,20.0,wind,IL,ComEd,Withdrawn,gen
P26,2005-11-07,McGirr-Mendota,2848.0,138.0,76.92307692307692,9.5,wind,IL,ComEd,In Service,gen
P27,2005-11-18,Winchester 34.5 kV,6617.0,34.5,92.0,13.0,gas,VA,Dominion,In Service,gen
P28,2005-11-22,Mehoopany 115kV,15385.0,115.0,78.18181818181819,150.0,wind,PA,PENELEC,In Service,gen
P29,2005-11-22,Hunterstown 500/230kV,13298.0,230.0,84.0,0.0,other,PA,ME,Withdrawn,gen
P30,2005-11-30,Bellefonte - N. Proctorville 138kV,11390.0,138.0,100.0,185.0,other,OH,AEP,Withdrawn,gen
P31,2005-12-05,Bath County,11505.0,138.0,100.0,0.0,other,VA,Dominion,In Service,gen
P32,2005-12-07,White Oak,32814.0,138.0,100.0,19.5,gas,MD,PEPCO,In Service,gen
P33,2005-12-08,Laurel - Sussex 69kV,16031.0,69.0,100.0,4.25,other,DE,DPL,In Service,gen
P34,2005-12-20,Washington Landfill,15621.0,138.0,85.78947368421052,6.4,gas,PA,APS,In Service,gen
P35,2005-12-20,Pleasantville,25024.0,138.0,92.3076923076923,4.0,gas,NJ,AEC,Deactivated,gen
P36,2005-12-22,Nelson - Lee Co. EC 345kV,20754.0,345.0,100.0,240.0,wind,IL,ComEd,In Service,gen
P37,2005-12-22,Normandy 138kV,5196.0,138.0,100.0,140.0,wind,IL,ComEd,Withdrawn,gen
P38,2005-12-22,Bremo 230kV,7236.0,230.0,83.63636363636364,675.0,gas,VA,Dominion,In Service,gen
P39,2005-12-28,Kewanee-Powerton 138kV,12052.0,138.0,93.33333333333333,60.0,wind,IL,ComEd,Withdrawn,gen
P40,2005-12-28,Crescent Ridge 138kV,36137.0,138.0,87.14285714285714,20.0,wind,IL,ComEd,Withdrawn,gen
P41,2006-01-03,South Reading - Birdsboro 69kV,13622.0,69.0,100.0,9.0,gas,PA,ME,Withdrawn,gen
P42,2006-01-12,West Kingsport 138kV,6475.0,138.0,100.0,50.0,other,TN,AEP,Deactivated,gen
P43,2006-01-13,Weyerhaeuser 115kV,3419.0,115.0,92.0,62.5,other,NC,Dominion,In Service,gen
P44,2006-01-16,City of Columbus,14584.0,138.0,85.0,7.47,other,OH,AEP,In Service,gen
P45A,2006-01-17,Thompson 115kV,13888.0,115.0,100.0,120.0,wind,PA,PPL,Withdrawn,gen
P45B,2006-01-17,Mt. Storm 500kV,31970.0,500.0,100.0,0.0,other,WV,Dominion,Withdrawn,gen
P46,2006-01-23,Lena 138kV,31785.0,138.0,72.0,100.0,wind,IL,ComEd,In Service,gen
P47,2006-01-25,Mansfield-S. Troy 115kV,14010.0,115.0,100.0,100.0,wind,PA,PENELEC,In Service,gen
P48,2006-01-27,Bedford North - Allegheny 115kV,15166.0,115.0,93.33333333333333,120.0,wind,PA,PENELEC,Withdrawn,gen
P49,2006-01-27,Adkins 345kV,37619.0,345.0,100.0,564.0,gas,OH,Dayton,In Service,gen
P50,2006-01-27,Greenville 69kV,15038.0,69.0,100.0,236.0,gas,OH,Dayton,In Service,gen
P51,2006-01-27,Stuart 345kV,11468.0,345.0,100.0,2362.0,other,OH,Dayton,In Service,gen
P52,2006-01-30,Albright 138kV,17365.0,138.0,82.0,80.0,wind,WV,APS,Withdrawn,gen
P53,2006-01-30,Bent Mtn. 138kV,33042.0,138.0,100.0,81.0,wind,VA,AEP,Withdrawn,gen
P54,2006-01-30,Sporn - Waterford 345kV,824.0,345.0,100.0,1035.0,other,OH,AEP,Withdrawn,gen
P55,2006-01-31,West Lima 138kV,38968.0,138.0,100.0,600.0,other,OH,AEP,Withdrawn,gen
P56,2006-01-31,Elrama-Mitchell 138kV,4712.0,138.0,66.66666666666667,0.0,other,PA,DL,Withdrawn,gen
P57,2006-01-31,Charleroi - Mitchell 138kV,31726.0,138.0,100.0,0.0,other,PA,APS,Withdrawn,gen
P58,2006-01-31,Canaan - Seneca 138kV,25026.0,138.0,71.42857142857143,150.0,wind,WV,APS,Withdrawn,gen
P59,2006-01-31,Belington 138kV,32773.0,138.0,88.88888888888889,97.6,wind,WV,APS,In Service,gen
P60,2006-01-31,New Baltimore 115kV (Stony Creek),22058.0,115.0,92.0,52.5,wind,PA,PENELEC,In Service,gen
P61,2006-01-31,Gavin #1 765kV,37999.0,765.0,91.42857142857143,1320.0,other,OH,AEP,In Service,gen
P62,2006-01-31,Gavin #2 765kV,37999.0,765.0,91.42857142857143,1320.0,other,OH,AEP,In Service,gen
Q01,2006-02-07,Olive-Dequine 345kv,32980.0,345.0,100.0,500.0,wind,IN,AEP,In Service,gen
Q02,2006-02-10,Thompson 115kV,13888.0,115.0,100.0,80.0,wind,PA,PENELEC,Withdrawn,gen
Q03,2006-02-13,Olive-Dequine 345kV,32980.0,345.0,100.0,250.0,wind,IN,AEP,In Service,gen
Q04,2006-02-15,Snake Spring 115kV,14233.0,115.0,100.0,140.0,wind,PA,PENELEC,Withdrawn,gen
Q05,2006-02-15,Emmaville Mountain,13461.0,138.0,76.92307692307693,18.0,wind,PA,APS,Withdrawn,gen
Q06,2006-02-15,Breezewood,29571.0,138.0,77.77777777777779,18.0,wind,PA,APS,Withdrawn,gen
Q07,2006-02-15,DuVall South,32055.0,138.0,71.42857142857143,18.0,wind,PA,PENELEC,Withdrawn,gen
Q08,2006-02-21,Red Oak 230kV,26550.0,230.0,93.33333333333333,50.0,gas,NJ,JCPL,Withdrawn,gen
Q09,2006-02-21,Emporia,5741.0,138.0,100.0,2.5,other,VA,Dominion,In Service,gen
Q10,2006-02-23,Keystone 345kV,31985.0,345.0,92.0,238.0,gas,IN,AEP,In Service,gen
Q11,2006-02-23,Red Oak 230kV,26550.0,230.0,93.33333333333333,300.0,gas,NJ,JCPL,Withdrawn,gen
Q12,2006-03-08,Fox River Heights 12kV,39064.0,12.0,70.18181818181819,1.6,gas,IL,ComEd,Withdrawn,gen
Q13,2006-03-08,Kankakee 12kV,16731.0,12.0,50.82352941176471,1.6,gas,IL,ComEd,Withdrawn,gen
Q14,2006-03-08,Hegewisch 12kV,31513.0,12.0,92.0,6.6,gas,IL,ComEd,Withdrawn,gen
Q15,2006-03-08,Woodridge 12kV,26519.0,12.0,86.73684210526316,6.6,gas,IL,ComEd,Withdrawn,gen
Q16,2006-03-08,Western Ave 12kV,31679.0,12.0,72.0,6.6,gas,IL,ComEd,Withdrawn,gen
Q17,2006-03-08,Northbrook 12kV,20775.0,12.0,92.0,6.6,gas,IL,ComEd,Withdrawn,gen
Q18,2006-03-08,Moser 34.5kV,5182.0,34.5,68.92307692307692,5.0,gas,PA,PECO,In Service,gen
Q19,2006-03-13,Atlantic 34.5 kV,7914.0,34.5,92.0,1.0,gas,NJ,JCPL,Withdrawn,gen
Q20,2006-03-17,Holtwood,2221.0,138.0,82.35294117647058,249.0,other,PA,PPL,In Service,gen
Q21,2006-03-17,Lewistown-Juniata 230kV,31667.0,230.0,100.0,0.0,other,PA,PENELEC,Withdrawn,gen
Q22,2006-03-20,Columbia 34.5kV,29427.0,34.5,92.0,0.5,other,NJ,JCPL,In Service,gen
Q23,2006-03-20,Bayard,11543.0,138.0,66.66666666666667,19.0,wind,WV,APS,Withdrawn,gen
Q24,2006-03-23,Gold-Sabinsville 115kV,13301.0,115.0,100.0,101.0,wind,PA,PENELEC,Withdrawn,gen
Q25,2006-03-24,Donegal-Iron City 138kV,32915.0,138.0,100.0,80.0,wind,PA,APS,Withdrawn,gen
Q26,2006-03-29,Churchtown 230kV,29926.0,230.0,100.0,550.0,gas,NJ,AEC,Withdrawn,gen
Q27,2006-04-07,Frackville-Shennandoah 69kV,32745.0,69.0,100.0,100.0,wind,PA,PPL,In Service,gen
Q28,2006-04-07,Eldred-Frackville 230kV,50469.0,230.0,80.0,170.0,wind,PA,PPL,Withdrawn,gen
Q29,2006-04-11,Zion 12kV,20818.0,12.0,92.0,6.0,gas,IL,ComEd,Withdrawn,gen
Q30,2006-04-11,City of Columbus,14584.0,138.0,85.0,3.0,gas,OH,AEP,Withdrawn,gen
Q31,2006-04-11,Wagner 34kV,13137.0,34.0,92.0,10.0,gas,MD,BGE,In Service,gen
Q32,2006-04-21,Gosport 115kV,32312.0,115.0,100.0,30.0,other,VA,Dominion,Withdrawn,gen
Q33,2006-04-24,Homer-Watercure 345kV,31987.0,345.0,85.0,150.0,wind,PA,PENELEC,Withdrawn,gen
Q34,2006-04-24,Garrett 115kV,11596.0,115.0,92.0,100.0,wind,PA,PENELEC,Withdrawn,gen
Q35,2006-04-26,N. Coshocton 69kV,39048.0,69.0,90.9090909090909,15.0,gas,OH,AEP,Withdrawn,gen
Q36,2006-04-28,Philipsburg - Tyrone North 115kV,14704.0,115.0,100.0,50.0,wind,PA,PENELEC,In Service,gen
Q37,2006-05-02,Loganton 12kV,15250.0,12.0,72.0,0.02,other,PA,PPL,Withdrawn,gen
Q38,2006-05-04,C2 Tap - Mt. Union 46kV,56730.0,46.0,77.0,0.0,other,PA,PENELEC,Withdrawn,gen
Q39,2006-05-08,Kewanee 138kV,12052.0,138.0,93.33333333333333,105.0,wind,IL,ComEd,Withdrawn,gen
Q40,2006-05-15,Renovo Lock Haven,24262.0,138.0,79.89769820971867,40.0,wind,PA,PPL,Withdrawn,gen
Q41,2006-06-05,Mt. Hope Mine 34.5kV,13120.0,34.5,58.66666666666667,30.0,other,NJ,JCPL,Withdrawn,gen
Q42,2006-06-05,Indian River,5008.0,138.0,82.35294117647058,630.0,other,DE,DPL,Withdrawn,gen
Q43,2006-06-07,Clinch River 138kV,36796.0,138.0,100.0,534.0,other,VA,AEP,In Service,gen
Q44,2006-06-09,Elizabethtown,15677.0,138.0,100.0,0.3,gas,PA,PPL,In Service,gen
Q45,2006-06-14,North Lebanon 13.2kV,13611.0,13.2,92.0,3.2,gas,PA,ME,In Service,gen
Q46,2006-06-16,Curwensville 34.5 kV,12945.0,34.5,78.95652173913044,10.0,other,PA,PENELEC,Withdrawn,gen
Q47,2006-06-20,Peach Bottom,14669.0,138.0,100.0,2532.0,other,PA,PECO,In Service,gen
Q48,2006-06-20,Calvert Cliffs,31440.0,138.0,100.0,1640.0,other,MD,BGE,Withdrawn,gen
Q49,2006-06-20,Dresden 345kV,38491.0,345.0,100.0,957.0,other,IL,ComEd,In Service,gen
Q50,2006-06-20,Dresden 345kV,38491.0,345.0,100.0,957.0,other,IL,ComEd,In Service,gen
Q51,2006-06-20,Quad City 345kV,31500.0,345.0,80.0,1914.0,other,IL,ComEd,In Service,gen
Q52,2006-06-21,Hunlock Creek,30062.0,138.0,73.6842105263158,300.0,other,PA,UGI,Withdrawn,gen
Q53,2006-06-23,Summit-West Fall 115kV,13599.0,115.0,100.0,38.0,wind,PA,PENELEC,In Service,gen
Q54,2006-06-28,Haviland-Tillman 138kV,38994.0,138.0,100.0,100.0,wind,IN,AEP,Withdrawn,gen
Q55,2006-06-28,Snowy Creek,14429.0,138.0,77.77777777777779,62.5,wind,WV,APS,Withdrawn,gen
Q56,2006-07-05,Claysburg 115kV,32077.0,115.0,76.21052631578947,180.0,wind,PA,PENELEC,Withdrawn,gen
Q57,2006-07-06,Steward-Waterman 138kV,32944.0,138.0,92.3076923076923,240.0,wind,IL,ComEd,In Service,gen
Q58,2006-07-06,Sunbury-Susquehanna,13419.0,138.0,100.0,100.0,wind,PA,PPL,Withdrawn,gen
Q59,2006-07-07,S. Reading-Birdsboro 64kV,13622.0,64.0,92.0,6.4,other,PA,ME,In Service,gen
Q60,2006-07-07,Kewanee 138kV,12052.0,138.0,93.33333333333333,201.0,wind,IL,ComEd,Withdrawn,gen
Q61,2006-07-10,Grassy Falls 138kV,14629.0,138.0,82.5,10.0,other,WV,APS,Withdrawn,gen
Q62,2006-07-11,Sayton -Snake Spring 115kV,13236.0,115.0,83.33333333333334,100.0,wind,PA,PENELEC,Withdrawn,gen
Q63,2006-07-11,Seneca 230kV,16271.0,230.0,100.0,468.0,other,PA,PENELEC,In Service,gen
Q64,2006-07-12,Gosport 115kV,32312.0,115.0,100.0,20.0,other,VA,Dominion,Withdrawn,gen
Q65,2006-07-14,North Anna 500kV,33142.0,500.0,100.0,1594.0,other,VA,Dominion,Withdrawn,gen
Q66,2006-07-14,Beecher Energy - Distribution Cener #36,16382.0,138.0,85.0,2.0,gas,IL,ComEd,Withdrawn,gen
Q67,2006-07-14,LaGrange Park - West Chester Sexton Energy,13054.0,138.0,91.81818181818181,4.0,gas,IL,ComEd,Withdrawn,gen
Q67B,2006-07-14,Mt. Prospect - Des Plaines Sexton Energy,30059.0,138.0,84.45652173913044,4.0,gas,IL,ComEd,Withdrawn,gen
Q68,2006-07-21,Kincaid 345kV,38484.0,345.0,100.0,726.0,other,IL,ComEd,Withdrawn,gen
Q69,2006-07-25,Shackleford 34.5kV,30050.0,34.5,58.66666666666667,10.0,gas,VA,Dominion,In Service,gen
Q70,2006-07-25,Lawrenceville 34.5kV,33447.0,34.5,92.0,11.0,gas,VA,Dominion,In Service,gen
Q71,2006-07-26,Cranes Corner 13.2kV,33106.0,13.2,92.0,2.0,gas,VA,Dominion,Deactivated,gen
Q72,2006-07-27,Mansfield - S. Troy 115kV,14010.0,115.0,100.0,60.0,wind,PA,PENELEC,Withdrawn,gen
Q73,2006-07-27,South Reading 69kV,13622.0,69.0,100.0,30.0,other,PA,ME,Deactivated,gen
Q74,2006-07-31,Linden 230kV,19239.0,230.0,100.0,600.0,other,NJ,PSEG,Withdrawn,gen
Q75,2006-07-31,Bergen 230kV,19042.0,230.0,100.0,1000.0,other,NJ,PSEG,Withdrawn,gen
Q76,2006-07-31,Quinton 12kV,29518.0,12.0,68.92307692307692,2.0,gas,NJ,AEC,Deactivated,gen
Q77,2006-07-31,Calvert Cliffs,31440.0,138.0,100.0,1640.0,other,MD,PEPCO,Withdrawn,gen
Q78,2006-07-31,Trail Fork 34.5kV,40841.0,34.5,58.66666666666667,5.0,gas,WV,AEP,Withdrawn,gen
Q79,2006-07-31,Ft. Martin - Kammer 500kV,31714.0,500.0,100.0,700.0,other,WV,APS,In Service,gen
Q80,2006-07-31,Ft. Martin - Kammer 500kV,31714.0,500.0,100.0,750.0,gas,WV,APS,Withdrawn,gen
Q81,2006-07-31,AMOS 765kV,25160.0,765.0,92.0,20.0,other,WV,AEP,Withdrawn,gen
Q85,2006-07-31,Minonk 34.5kV,13410.0,34.5,68.92307692307692,20.0,wind,IL,ComEd,Withdrawn,gen
Q86,2006-07-31,Hudson - Essex 230kV,26633.0,230.0,82.0,455.1,gas,NJ,PSEG,Withdrawn,gen
Q87,2006-07-31,Quad Cities 345kV,31500.0,345.0,100.0,0.0,other,IL,ComEd,Withdrawn,gen
Q88,2006-07-31,Black Oak SVC,977.0,138.0,90.76923076923077,0.0,other,WV,APS,Withdrawn,gen
Q89,2006-07-31,Eldred 230kV,50469.0,230.0,80.0,750.0,other,PA,PPL,Withdrawn,gen
Q90,2006-07-31,Mickleton 230kV,29925.0,230.0,100.0,650.0,gas,NJ,AEC,In Service,gen
R01,2006-08-25,Susquehanna,31753.0,138.0,100.0,800.0,other,PA,PPL,Withdrawn,gen
R02,2006-08-25,Susquehanna,31753.0,138.0,100.0,800.0,other,PA,PPL,Withdrawn,gen
R03,2006-08-25,Adams - Allen 138kV,29510.0,138.0,92.0,130.0,wind,IN,AEP,Withdrawn,gen
R04,2006-09-06,Sunbury 500kV,13419.0,500.0,100.0,817.0,other,PA,PPL,Withdrawn,gen
R05,2006-09-08,Thompson 115kV,13888.0,115.0,100.0,50.0,wind,PA,PENELEC,Withdrawn,gen
R06,2006-09-08,Weissport 69kV,14928.0,69.0,100.0,60.0,wind,PA,PPL,Withdrawn,gen
R07,2006-09-12,Pleasantville,25024.0,138.0,92.3076923076923,6.0,gas,NJ,AEC,Deactivated,gen
R08,2006-09-14,"Central City 115kV, Hooversville 230kV",15631.0,115.0,95.71428571428571,300.0,other,PA,PENELEC,Withdrawn,gen
R09,2006-09-15,Johnstown-Altoona 230 kV,32216.0,230.0,100.0,48.0,wind,PA,PENELEC,Withdrawn,gen
R11,2006-09-20,South River 230 kV,14142.0,230.0,66.66666666666667,440.0,gas,NJ,JCPL,Withdrawn,gen
R12,2006-09-26,Bedington - Nipetown,32773.0,138.0,100.0,0.0,other,WV,APS,In Service,gen
R13,2006-09-28,Tidd - Canton Central 345kV,36200.0,345.0,100.0,350.0,other,OH,AEP,Withdrawn,gen
R14,2006-09-29,Tait 69kV,5126.0,69.0,75.0,376.0,gas,OH,Dayton,In Service,gen
R15,2006-09-29,Adkins 345kV,37619.0,345.0,100.0,564.0,gas,OH,Dayton,In Service,gen
R16,2006-10-02,Lena 138kV,31785.0,138.0,72.0,126.0,wind,IL,ComEd,Withdrawn,gen
R17,2006-10-02,Morgantown - Oak Grove 230kV,12825.0,230.0,100.0,645.0,gas,MD,PEPCO,Withdrawn,gen
R18,2006-10-02,Blackhawk,30034.0,138.0,100.0,6.4,gas,IL,ComEd,In Service,gen
R19,2006-10-03,Ladysmith 230kV,7610.0,230.0,100.0,720.0,gas,VA,Dominion,In Service,gen
R20,2006-10-04,Rock Springs,12912.0,138.0,100.0,330.0,gas,MD,ODEC,In Service,gen
R21,2006-10-12,Short Mountain,31751.0,138.0,86.66666666666667,14.0,wind,WV,APS,Withdrawn,gen
R22,2006-10-12,Elk Garden - Junction 138kV,39951.0,138.0,100.0,90.0,wind,WV,APS,Withdrawn,gen
R23,2006-10-16,Lakewood 230kV,5856.0,230.0,100.0,375.6,gas,NJ,JCPL,In Service,gen
R24,2006-10-17,Susquehanna - Alburtis 500kV,31753.0,500.0,100.0,940.0,other,PA,PPL,Withdrawn,gen
R25,2006-10-20,Dickerson - Pleasant View 230kV,12884.0,230.0,100.0,0.0,other,MD,PEPCO,Withdrawn,gen
R26,2006-10-23,Sunbury - Susquehanna 500kV,13419.0,500.0,100.0,940.0,other,PA,PPL,Withdrawn,gen
R27,2006-10-24,Frackville,32745.0,138.0,100.0,52.0,other,PA,PPL,Withdrawn,gen
R28,2006-10-24,Susquehanna - Alburtis 500kV,31753.0,500.0,100.0,940.0,other,PA,PPL,Withdrawn,gen
R29,2006-10-24,Kawanee 138kV,38483.0,138.0,76.92307692307692,200.0,wind,IL,ComEd,Withdrawn,gen
R30,2006-10-24,Pontiac Mid-Point 345kV,13202.0,345.0,81.4814814814815,500.0,wind,IL,ComEd,Withdrawn,gen
R31,2006-10-30,Hopewell 230kV,19035.0,230.0,100.0,18.0,gas,VA,Dominion,Withdrawn,gen
R32,2006-10-30,Salix - Claysburg 115kV,13903.0,115.0,100.0,73.6,wind,PA,PENELEC,In Service,gen
R33,2006-10-31,Nelson 345 kV,20754.0,345.0,100.0,600.0,gas,IL,ComEd,In Service,gen
R34,2006-11-01,,,138.0,0.0,,other,,Unknown,Withdrawn,gen
R35,2006-11-03,Robbins 138kV,4708.0,138.0,85.71428571428572,50.0,other,IL,ComEd,Withdrawn,gen
R36,2006-11-08,Bethany 138kV,56833.0,138.0,66.66666666666667,450.0,wind,DE,DPL,Withdrawn,gen
R37,2006-11-08,Rehoboth 138kV,16038.0,138.0,100.0,450.0,wind,DE,DPL,Withdrawn,gen
R38,2006-11-08,Milford 230kV,16007.0,230.0,100.0,547.0,wind,DE,DPL,Withdrawn,gen
R39,2006-11-10,Red Oak 230kV,26550.0,230.0,93.33333333333333,300.0,gas,NJ,JCPL,Withdrawn,gen
R40,2006-11-15,Rockwood - Meyersdale 115kV,14226.0,115.0,100.0,1.8,wind,PA,PENELEC,In Service,gen
R41,2006-11-15,Roxbury - Blain 23kV,13241.0,23.0,92.0,6.0,gas,PA,PENELEC,Withdrawn,gen
R42,2006-11-21,Moselem 69kV,32258.0,69.0,77.71428571428572,9.0,other,PA,ME,Withdrawn,gen
R43,2006-11-27,Frackville - Hauto #3,32745.0,138.0,100.0,20.0,wind,PA,PPL,Withdrawn,gen
R44,2006-11-27,Rockport 765kV,40294.0,765.0,100.0,485.0,other,KY,AEP,Withdrawn,gen
R45,2006-12-04,Mansfield - Tower Hill 115kV,14010.0,115.0,100.0,70.0,wind,PA,PENELEC,Withdrawn,gen
R46,2006-12-04,Providence Heights #1A 138kV,41930.0,138.0,79.64705882352942,9.0,wind,IL,ComEd,Withdrawn,gen
R47,2006-12-05,,,138.0,0.0,,other,PA,Unknown,Withdrawn,gen
R48,2006-12-06,Antwerp - Payne 69kV,15653.0,69.0,66.66666666666667,48.3,wind,OH,AEP,Withdrawn,gen
R49,2006-12-06,Haviland - Milan 138kV,38994.0,138.0,100.0,99.0,wind,OH,AEP,In Service,gen
R50,2006-12-06,Liberty - Blue Jacket 69kV,14557.0,69.0,100.0,48.0,wind,OH,Dayton,Withdrawn,gen
R51,2006-12-06,Kings Creek - Woodstock 69kV,13132.0,69.0,100.0,48.0,wind,OH,Dayton,Withdrawn,gen
R52,2006-12-06,Mechanicsburg - Darby,5163.0,138.0,100.0,200.0,wind,OH,Dayton,Withdrawn,gen
R52A,2006-12-06,Kings Creek 69kV,13132.0,69.0,100.0,100.0,wind,OH,Dayton,Withdrawn,gen
R53,2006-12-08,Stanton-Brookside 69kV,13402.0,69.0,92.0,60.0,wind,PA,PPL,Withdrawn,gen
R54,2006-12-11,Dixon - Cherry Valley 138kV,15516.0,138.0,72.72727272727273,100.0,wind,IL,ComEd,Withdrawn,gen
R55,2006-12-11,Dixon - Maryland 138kV,15516.0,138.0,72.72727272727273,100.0,wind,IL,ComEd,Withdrawn,gen
R56,2006-12-11,Quemahoning - Hooversville 230kV,13457.0,230.0,63.1578947368421,124.0,wind,PA,PENELEC,Withdrawn,gen
R57,2006-12-20,South Reading 69kV,13622.0,69.0,100.0,30.0,other,PA,ME,Deactivated,gen
R58,2006-12-21,Gloucester 230kV,29530.0,230.0,100.0,204.0,gas,NJ,PSEG,Withdrawn,gen
R59,2007-01-03,Nelson-Lee County Energy Ctr 345kV,20754.0,345.0,100.0,160.0,wind,IL,ComEd,Withdrawn,gen
R60,2007-01-08,Convoy-East Lima 345kV,31143.0,345.0,60.0,350.0,wind,OH,AEP,In Service,gen
R61,2007-01-08,Collingwood-Hiple 345kV,35691.0,345.0,100.0,350.0,wind,IN,AEP,Withdrawn,gen
R62,2007-01-08,Big Sandy 138kV,11361.0,138.0,100.0,280.0,gas,KY,AEP,In Service,gen
R63,2007-01-11,Chesterfield 230kV,33074.0,230.0,100.0,356.0,other,VA,Dominion,In Service,gen
R64,2007-01-12,Lancaster 138kV,7447.0,138.0,92.0,200.0,wind,IL,ComEd,Withdrawn,gen
R65,2007-01-12,Dixon-Cherry Valley 138kV,15516.0,138.0,72.72727272727273,100.0,wind,IL,ComEd,Withdrawn,gen
R66,2007-01-12,Fairlawn 138kV,42753.0,138.0,92.0,67.0,gas,NJ,PSEG,In Service,gen
R67,2007-01-16,Beaver Valley 345kV,13476.0,345.0,100.0,2510.0,other,PA,DL,Withdrawn,gen
R68,2007-01-16,Sammis 345kV,5022.0,345.0,78.18181818181819,1940.0,other,OH,AEP,Withdrawn,gen
R69,2007-01-16,Clifty Creek 345kV,14564.0,345.0,100.0,251.0,other,IN,AEP,Withdrawn,gen
R70,2007-01-16,Kygov Creek,12060.0,138.0,66.66666666666667,210.0,other,OH,AEP,Withdrawn,gen
R72,2007-01-18,Indian River 230kV,5008.0,230.0,74.35294117647058,438.0,other,DE,DPL,Deactivated,gen
R73,2007-01-18,Indian River 138kV,5009.0,138.0,82.35294117647058,170.0,other,DE,DPL,In Service,gen
R74,2007-01-19,Carlls Corner,19719.0,138.0,100.0,4.8,gas,NJ,AEC,In Service,gen
R75,2007-01-22,Mitchell - Shepler Hill 138kV,39336.0,138.0,92.0,242.0,other,PA,APS,Withdrawn,gen
R76,2007-01-23,Kanawha 138kV,889.0,138.0,89.0909090909091,54.159,other,WV,AEP,In Service,gen
R77,2007-01-23,Morrisville 500kV,33146.0,500.0,100.0,600.0,gas,VA,APS,Withdrawn,gen
R78,2007-01-26,Dresden-Pontiac 345kV,38491.0,345.0,100.0,300.3,wind,IL,ComEd,Withdrawn,gen
R79,2007-01-26,Tazewell-Kendall 345kV,12091.0,345.0,100.0,300.3,wind,IL,ComEd,Withdrawn,gen
R80,2007-01-26,Possum Point 230kV,7609.0,230.0,100.0,640.0,gas,VA,Dominion,In Service,gen
R81,2007-01-26,Emilie 230kV,29521.0,230.0,100.0,1268.0,gas,PA,PECO,In Service,gen
R82,2007-01-29,Kanawha #1,889.0,138.0,82.04545454545455,200.0,other,WV,AEP,In Service,gen
R83,2007-01-29,Kanawha #2,889.0,138.0,82.04545454545455,200.0,other,WV,AEP,In Service,gen
R84,2007-01-29,Picway #5,37553.0,138.0,92.5,95.0,other,OH,AEP,In Service,gen
R85,2007-01-29,Tanners Creek #1,14562.0,138.0,95.38461538461539,145.0,other,IN,AEP,In Service,gen
R86,2007-01-29,Tanners Creek #2,14562.0,138.0,95.38461538461539,145.0,other,IN,AEP,In Service,gen
R87,2007-01-29,Muskingum River #5,20132.0,138.0,96.0,585.0,other,OH,AEP,In Service,gen
R88,2007-01-30,Providence Heights #2 138kV,41930.0,138.0,80.75,75.0,wind,IL,ComEd,Withdrawn,gen
R89,2007-01-30,Conowingo,12905.0,138.0,100.0,572.0,other,MD,PECO,In Service,gen
R90,2007-01-30,Dickerson-Pleasant View 230kV,12884.0,230.0,100.0,14.0,other,MD,PEPCO,Withdrawn,gen
R91,2007-01-30,Columbus-NJ,14584.0,138.0,100.0,0.37,gas,NJ,PSEG,In Service,gen
R92,2007-01-31,DuBois 115kV,14004.0,115.0,100.0,70.0,wind,PA,PENELEC,Withdrawn,gen
R93,2007-01-31,Kelford 115kV,6463.0,115.0,77.71428571428572,12.0,gas,NC,Dominion,Withdrawn,gen
R94,2007-01-31,Susquehanna,31753.0,138.0,100.0,940.0,other,PA,PPL,Withdrawn,gen
R95,2007-01-31,Susquehanna,31753.0,138.0,100.0,940.0,other,PA,PPL,Withdrawn,gen
R96,2007-01-31,Lancaster-Maryland 138kV,7447.0,138.0,92.0,200.0,wind,IL,ComEd,Withdrawn,gen
R97,2007-01-31,Rockport 765kV,40294.0,765.0,100.0,1320.0,other,IN,AEP,In Service,gen
R98,2007-01-31,Northeast 34.5kV,14190.0,34.5,92.0,14.0,gas,VA,Dominion,Withdrawn,gen
S01,2007-02-05,Derwood 13kV,6854.0,13.0,74.35294117647058,1.0,gas,MD,PEPCO,Deactivated,gen
S02,2007-02-05,Mt. Zion 13kV,32863.0,13.0,92.0,4.0,gas,MD,PEPCO,Deactivated,gen
S03,2007-02-13,Edgemoor 230kV,16792.0,230.0,100.0,450.0,gas,DE,DPL,In Service,gen
S04,2007-02-13,Essex 230kV,19235.0,230.0,100.0,633.0,gas,NJ,PSEG,Withdrawn,gen
S05,2007-02-27,Seneca #2 230kV,16271.0,230.0,92.5,468.0,other,PA,PENELEC,In Service,gen
S06,2007-02-27,Olive-DeQuine 345kV,32980.0,345.0,100.0,200.0,wind,IN,AEP,In Service,gen
S07,2007-03-01,Keystone-Branchburg,31985.0,138.0,100.0,100.0,other,,APS,Withdrawn,gen
S08,2007-03-01,Kammer-Doubs,794.0,138.0,100.0,100.0,other,,APS,Withdrawn,gen
S09,2007-03-01,Conemaugh-Conastone,13297.0,138.0,100.0,100.0,other,,APS,Withdrawn,gen
S10,2007-03-01,Jacksons Ferry-Burches Hill,39286.0,138.0,100.0,100.0,other,,APS,Withdrawn,gen
S100,2007-07-31,Clinch River 138kV,36796.0,138.0,100.0,614.0,other,VA,AEP,In Service,gen
S101,2007-07-31,Ohio Central 138kV,6170.0,138.0,100.0,580.0,gas,OH,AEP,In Service,gen
S102,2007-07-31,Ladysmith 230kV,7610.0,230.0,100.0,950.0,gas,VA,Dominion,In Service,gen
S103,2007-07-31,Warren 115kV,13365.0,115.0,92.5,57.0,gas,PA,PENELEC,In Service,gen
S104,2007-07-31,Linden 230kV,19239.0,230.0,100.0,0.0,other,NJ,PSEG,Withdrawn,gen
S105,2007-07-31,Croydon-Emilie,29526.0,138.0,100.0,1200.0,gas,PA,PECO,Withdrawn,gen
S107,2007-07-31,Mickleton 230kV,29925.0,230.0,100.0,520.0,gas,NJ,AEC,Withdrawn,gen
S108,2007-07-31,North Anna 500kV,33142.0,500.0,100.0,1023.0,other,VA,Dominion,In Service,gen
S109,2007-07-31,North Anna 500kV,33142.0,500.0,100.0,1030.0,other,VA,Dominion,In Service,gen
S11,2007-03-05,Seward-Tower 51 115kV,32944.0,115.0,100.0,70.0,wind,PA,PENELEC,Withdrawn,gen
S110,2007-07-31,North Anna 500kV,33142.0,500.0,100.0,1023.0,other,VA,Dominion,In Service,gen
S111,2007-07-31,Surry 500kV,33170.0,500.0,100.0,932.0,other,VA,Dominion,In Service,gen
S112,2007-07-31,North Anna 500kV,33142.0,500.0,100.0,1030.0,other,VA,Dominion,In Service,gen
S113,2007-07-31,Surry 230kV,33170.0,230.0,100.0,932.0,other,VA,Dominion,In Service,gen
S114,2007-07-31,Surry 230kV,33170.0,230.0,100.0,932.0,other,VA,Dominion,In Service,gen
S115,2007-07-31,Surry 500kV,33170.0,500.0,100.0,932.0,other,VA,Dominion,In Service,gen
S116,2007-07-31,North Temple 230kV,13620.0,230.0,100.0,912.0,gas,PA,ME,Withdrawn,gen
S117,2007-07-31,Haviland 138kV,38994.0,138.0,100.0,150.0,wind,OH,AEP,Withdrawn,gen
S118,2007-07-31,North Delphos 138kV,5058.0,138.0,100.0,150.0,wind,OH,AEP,Withdrawn,gen
S119,2007-07-31,Lexington-Dooms 500kV,32885.0,500.0,100.0,0.0,other,VA,Dominion,Withdrawn,gen
S12,2007-03-14,Killen 345kV,12592.0,345.0,72.72727272727273,1300.0,other,OH,Dayton,Withdrawn,gen
S120,2007-07-31,Bristers-Ox 500kV,31655.0,500.0,100.0,0.0,other,VA,Dominion,Withdrawn,gen
S121,2007-07-31,Vineland 69kV,4500.0,69.0,77.71428571428572,63.0,gas,NJ,AEC,In Service,gen
S122,2007-07-31,Churchtown-Cumberland 230kV,29926.0,230.0,100.0,478.0,gas,NJ,AEC,Withdrawn,gen
S123,2007-07-31,Tiltonsville 138kV,34632.0,138.0,78.95652173913044,50.0,other,OH,AEP,Withdrawn,gen
S124,2007-07-31,Aroyo-Wilie Ridge 138kV,16014.0,138.0,66.66666666666667,45.0,other,WV,APS,Withdrawn,gen
S13,2007-03-19,Keystone 345kV,31985.0,345.0,92.0,238.0,gas,IN,AEP,In Service,gen
S14,2007-03-20,Dans Mountain,13461.0,138.0,81.25,54.9,wind,MD,APS,In Service,gen
S15,2007-03-19,Burches Hill 500-230kV,31456.0,230.0,91.42857142857143,0.0,other,MD,PEPCO,Withdrawn,gen
S16,2007-03-19,Gilbert-Glen Gardner 230kV,18984.0,230.0,100.0,0.0,other,NJ,JCPL,Withdrawn,gen
S17,2007-03-19,Talbert 230kV,31455.0,230.0,89.0909090909091,225.0,gas,MD,PEPCO,Withdrawn,gen
S18,2007-03-19,Talbert 230kV,31455.0,230.0,89.0909090909091,1250.0,gas,MD,PEPCO,Withdrawn,gen
S19,2007-03-19,Pine Grove-Frailey 69kV,24244.0,69.0,100.0,28.0,wind,PA,PPL,Withdrawn,gen
S20,2007-03-19,Pine Grove-Fishbach 69kV,24244.0,69.0,100.0,50.0,wind,PA,PPL,Withdrawn,gen
S22,2007-03-28,Peach Bottom 500kV,14669.0,500.0,100.0,550.0,gas,PA,PECO,Withdrawn,gen
S23,2007-03-28,Graceton 230kV,18068.0,230.0,100.0,550.0,gas,PA,PECO,Withdrawn,gen
S25,2007-04-09,Parlin 230kV,19534.0,230.0,80.0,124.0,gas,NJ,JCPL,Deactivated,gen
S26,2007-04-09,Bluff Point-Jay 138kV,13779.0,138.0,80.9090909090909,75.0,wind,IN,AEP,Withdrawn,gen
S27,2007-04-17,Blue Mound I,38481.0,138.0,95.0,198.0,wind,IL,ComEd,In Service,gen
S28,2007-04-17,Blue Mound II,38481.0,138.0,93.07692307692308,198.0,wind,IL,ComEd,In Service,gen
S29,2007-04-24,Morgantown-Oak Grove,12825.0,138.0,100.0,900.0,gas,MD,PEPCO,Withdrawn,gen
S29B,2007-04-27,Somerset 23kV,7415.0,23.0,92.0,6.75,gas,PA,PENELEC,Deactivated,gen
S30,2007-04-30,Gould,13301.0,138.0,88.88888888888889,4.0,other,MD,BGE,In Service,gen
S30B 564954,2007-05-01,LGEE-PJM,4036.0,138.0,85.71428571428572,640.0,other,,,Withdrawn,gen
S31,2007-05-03,Olive-Dequine 345kV,32980.0,345.0,100.0,450.0,wind,IN,AEP,Withdrawn,gen
S32,2007-05-03,Perryman,24938.0,138.0,100.0,130.0,gas,MD,BGE,In Service,gen
S33,2007-05-03,Riverside,13071.0,138.0,100.0,120.0,gas,MD,BGE,Withdrawn,gen
S34,2007-05-07,Handsome Lake Energy 345kV,13353.0,345.0,94.54545454545455,270.0,gas,PA,PENELEC,In Service,gen
S35,2007-05-07,Beverly 345kV,13476.0,345.0,82.35294117647058,620.0,other,OH,AEP,In Service,gen
S36,2007-05-07,Kankakee 138 kV,12052.0,138.0,58.82352941176471,175.0,wind,IL,ComEd,In Service,gen
S37,2007-05-07,Kankakee 138kV,12052.0,138.0,58.82352941176471,175.0,wind,IL,ComEd,In Service,gen
S38,2007-05-07,Westvaco 138kV,813.0,138.0,71.42857142857143,8.0,other,PA,APS,Deactivated,gen
S40,2007-05-10,Hegins,40265.0,138.0,72.72727272727273,10.5,gas,PA,PPL,In Service,gen
S41,2007-05-10,Eldred-Reed 69kV,50469.0,69.0,88.0,12.5,other,PA,PPL,Withdrawn,gen
S42,2007-05-15,Eldred-Fairview,50469.0,138.0,88.0,18.0,wind,PA,PPL,Withdrawn,gen
S43,2007-05-15,Vineland,4500.0,138.0,85.71428571428572,17.0,other,NJ,AEC,In Service,gen
S44,2007-05-18,Mifflin County,31738.0,138.0,76.78571428571429,110.0,wind,PA,PENELEC,Withdrawn,gen
S45,2007-05-18,Mechanicsburg North,5163.0,138.0,96.0,100.0,wind,OH,Dayton,Withdrawn,gen
S46,2007-05-18,Mechanicsburg South,5163.0,138.0,96.0,200.0,wind,OH,Dayton,Withdrawn,gen
S49,2007-05-24,Bedford 115kV,15166.0,115.0,100.0,202.5,wind,PA,PENELEC,Withdrawn,gen
S50,2007-05-24,Occoquan 230kV,32819.0,230.0,100.0,98.0,other,VA,Dominion,In Service,gen
S51,2007-05-29,E. Liberty-Blue Jacket 69kV,14557.0,69.0,93.33333333333333,99.0,wind,OH,Dayton,Withdrawn,gen
S52,2007-05-29,Morrisville 500kV,33146.0,500.0,100.0,600.0,gas,VA,Dominion,Withdrawn,gen
S53,2007-05-29,Lee County E.C. 345kV,4036.0,345.0,68.42857142857143,20.0,wind,IL,ComEd,Withdrawn,gen
S53B 568550,2007-06-01,PJM.AP-PJM.DPL,38646.0,138.0,61.53846153846154,125.0,other,,,Withdrawn,gen
S53C 565854,2007-06-01,PJM-CIN,31685.0,138.0,57.14285714285714,310.0,other,,,Withdrawn,gen
S54,2007-06-05,Tazewell 138kV,12091.0,138.0,100.0,130.0,wind,VA,AEP,Withdrawn,gen
S55,2007-06-06,Zion 345kV,20818.0,345.0,100.0,585.0,gas,IL,ComEd,In Service,gen
S56,2007-06-08,Beaver Creek-Hazard 138kV,11597.0,138.0,100.0,535.0,other,KY,AEP,Withdrawn,gen
S57,2007-06-11,Collins,20762.0,138.0,100.0,1500.0,wind,IL,ComEd,Withdrawn,gen
S58,2007-06-11,Collins,20762.0,138.0,100.0,1600.0,wind,IL,ComEd,Withdrawn,gen
S58B 573929,2007-06-19,AMIL-PJM,29641.0,138.0,75.0,240.0,other,,,Confirmed,gen
S58C 574221,2007-06-20,PJM-CIN,31685.0,138.0,57.14285714285714,100.0,other,,,Confirmed,gen
S58D 574906,2007-06-21,PJM.AP-PJM.DOM,38646.0,138.0,61.53846153846154,400.0,other,,,Confirmed,gen
S59,2007-06-25,Sharpsburg 12kV,39231.0,12.0,72.0,1.89,other,OH,Dayton,In Service,gen
S59B 577135,2007-06-26,PJM-CIN,31685.0,138.0,57.14285714285714,20.0,other,,,Confirmed,gen
S60,2007-06-27,Essex 26kV,19235.0,26.0,92.0,63.0,gas,NJ,PSEG,Withdrawn,gen
S61,2007-06-27,Tosco 230kV,31388.0,230.0,64.72727272727273,180.0,gas,NJ,PSEG,In Service,gen
S62,2007-07-03,LaSalle-Braidwood 345kV,20760.0,345.0,93.33333333333333,500.0,wind,IL,ComEd,Withdrawn,gen
S63,2007-07-05,Tait 69kV,5126.0,69.0,75.0,376.0,gas,OH,Dayton,In Service,gen
S64,2007-07-06,York Inc. 115kV,14815.0,115.0,67.0,18.0,other,PA,ME,Withdrawn,gen
S65,2007-07-19,Cambria,13597.0,138.0,86.15384615384616,85.0,wind,PA,PENELEC,Withdrawn,gen
S66,2007-07-20,Downing Avenue 115kV,13318.0,115.0,100.0,96.0,other,PA,PENELEC,Withdrawn,gen
S67,2007-07-26,Gould St.,13301.0,138.0,66.66666666666667,106.0,gas,MD,BGE,Deactivated,gen
S68,2007-07-27,Sayreville 230kV,26541.0,230.0,100.0,660.0,other,NJ,JCPL,Withdrawn,gen
S70,2007-07-27,Eureka 138kV,12852.0,138.0,57.14285714285714,36.4,other,WV,APS,In Service,gen
S71,2007-07-30,Bluff Point 138kV,13779.0,138.0,80.9090909090909,120.0,wind,IN,AEP,In Service,gen
S72,2007-07-30,Convoy-East Lima 345kV,31143.0,345.0,60.0,240.0,wind,IN,AEP,Withdrawn,gen
S73,2007-07-30,Lincoln-North Delphos,13460.0,138.0,100.0,200.0,wind,IN,AEP,Withdrawn,gen
S74,2007-07-31,Mount Storm 500kV,31970.0,500.0,100.0,585.0,other,WV,Dominion,In Service,gen
S75,2007-07-31,Mount Storm 500kV,31970.0,500.0,100.0,574.0,other,WV,Dominion,Withdrawn,gen
S76,2007-07-31,Mount Storm 500kV,31970.0,500.0,100.0,585.0,other,WV,Dominion,In Service,gen
S77,2007-07-31,Clover 230kV,32642.0,230.0,100.0,450.0,other,VA,Dominion,Withdrawn,gen
S78,2007-07-31,Clover 230kV,32642.0,230.0,100.0,450.0,other,VA,Dominion,Withdrawn,gen
S79,2007-07-31,Chesterfield 230kV,33074.0,230.0,100.0,691.0,other,VA,Dominion,In Service,gen
S80,2007-07-31,Chesterfield 230kV,33074.0,230.0,100.0,356.0,other,VA,Dominion,In Service,gen
S81,2007-07-31,Basin 230kV,33091.0,230.0,100.0,306.0,gas,VA,Dominion,Deactivated,gen
S82,2007-07-31,Surry 230kV,33170.0,230.0,100.0,92.0,gas,VA,Dominion,In Service,gen
S83,2007-07-31,Surry 230kV,33170.0,230.0,100.0,92.0,gas,VA,Dominion,In Service,gen
S84,2007-07-31,Surry 230kV,33170.0,230.0,100.0,92.0,gas,VA,Dominion,In Service,gen
S85,2007-07-31,Surry 230kV,33170.0,230.0,100.0,92.0,gas,VA,Dominion,In Service,gen
S86,2007-07-31,Darbytown 230kV,33072.0,230.0,90.76923076923077,92.0,gas,VA,Dominion,In Service,gen
S87,2007-07-31,Darbytown 230kV,33072.0,230.0,90.76923076923077,92.0,gas,VA,Dominion,In Service,gen
S88,2007-07-31,Darbytown 230kV,33072.0,230.0,90.76923076923077,92.0,gas,VA,Dominion,In Service,gen
S89,2007-07-31,Darbytown 230kV,33072.0,230.0,90.76923076923077,92.0,gas,VA,Dominion,In Service,gen
S90,2007-07-31,Elizabeth River 230kV,6305.0,230.0,90.52631578947368,125.0,gas,VA,Dominion,In Service,gen
S91,2007-07-31,Elizabeth River 230kV,6305.0,230.0,90.52631578947368,125.0,gas,VA,Dominion,In Service,gen
S92,2007-07-31,Elizabeth River 230kV,6305.0,230.0,90.52631578947368,125.0,gas,VA,Dominion,In Service,gen
S93,2007-07-31,Remington 230kV,33147.0,230.0,100.0,190.0,gas,VA,Dominion,In Service,gen
S94,2007-07-31,Remington 230kV,33147.0,230.0,100.0,190.0,gas,VA,Dominion,In Service,gen
S95,2007-07-31,Remington 230kV,33147.0,230.0,100.0,190.0,gas,VA,Dominion,In Service,gen
S96,2007-07-31,Remington 230kV,33147.0,230.0,100.0,190.0,gas,VA,Dominion,In Service,gen
S97,2007-07-31,South Anna 230kV,7393.0,230.0,83.33333333333334,144.0,gas,VA,Dominion,Withdrawn,gen
S98,2007-07-31,South Anna 230kV,7393.0,230.0,83.33333333333334,144.0,gas,VA,Dominion,Withdrawn,gen
S99,2007-07-31,Possum Point 230kV,7609.0,230.0,100.0,806.0,other,VA,Dominion,Withdrawn,gen
T01 639662,2007-08-01,ALTE-PJM,48484.0,138.0,80.0,75.0,other,,,Withdrawn,gen
T02 639671,2007-08-01,CPLE-PJM,1723.0,138.0,66.66666666666667,172.0,other,,,Withdrawn,gen
T03 639678,2007-08-01,CPLE-PJM,1723.0,138.0,66.66666666666667,172.0,other,,,Withdrawn,gen
T04 639742,2007-08-01,DUK-PJM,14503.0,138.0,66.66666666666667,171.0,other,,,Withdrawn,gen
T05 639743,2007-08-01,DUK-PJM,14503.0,138.0,66.66666666666667,171.0,other,,,Withdrawn,gen
T06,2007-08-03,Yorktown 230kV,33189.0,230.0,100.0,838.0,other,VA,Dominion,Withdrawn,gen
T07 664042,2007-08-06,PJM-CIN,31685.0,138.0,57.14285714285714,1000.0,other,,,Withdrawn,gen
T08 692322,2007-08-10,PJM-NIPS,31685.0,138.0,57.14285714285714,300.0,other,,,Withdrawn,gen
T09 692342,2007-08-10,PJM-CIN,31685.0,138.0,57.14285714285714,400.0,other,,,Withdrawn,gen
T10,2007-08-15,Cranes Corner 34.5KV,33106.0,34.5,92.0,3.0,gas,VA,Dominion,Deactivated,gen
T100,2007-11-12,Grover-East Towanda 230 kV,32769.0,230.0,100.0,200.0,wind,PA,PENELEC,Withdrawn,gen
T101,2007-11-12,Glassrock 69kV,45382.0,69.0,66.66666666666667,6.4,gas,OH,AEP,Withdrawn,gen
T102,2007-11-13,Sunbury 69kV,13490.0,69.0,100.0,160.0,other,PA,PPL,In Service,gen
T103,2007-11-13,Sunbury 69kV,13490.0,69.0,100.0,160.0,other,PA,PPL,In Service,gen
T104,2007-11-15,Gosport 115kV,32312.0,115.0,100.0,50.0,other,VA,Dominion,Deactivated,gen
T105,2007-11-20,Pontiac Midpoint-Wilton Center 350 MW,13202.0,138.0,100.0,350.0,wind,IL,ComEd,Withdrawn,gen
T106,2007-11-21,Lee County,1975.0,138.0,82.98701298701297,140.0,wind,IL,ComEd,Withdrawn,gen
T107,2007-11-21,Essex 230kV,19235.0,230.0,100.0,675.0,gas,NJ,PSEG,In Service,gen
T108,2007-11-29,Archbald 69kV,15496.0,69.0,87.14285714285714,9.2,gas,PA,PPL,In Service,gen
T109,2007-12-03,Keystone 500kV,31985.0,500.0,100.0,918.0,other,PA,PENELEC,In Service,gen
T11,2007-08-15,Laurel-Sussex 69kV,16031.0,69.0,100.0,5.0,gas,DE,DPL,In Service,gen
T110,2007-12-03,Keystone 500kV,31985.0,500.0,100.0,916.0,other,PA,PENELEC,In Service,gen
T111,2007-12-12,Buchanan Hydro-Niles 69kV,17096.0,69.0,87.14285714285714,6.4,gas,MI,AEP,In Service,gen
T112,2007-12-12,Morrisville-Loudoun 500kV,33146.0,500.0,100.0,0.0,other,VA,Dominion,Withdrawn,gen
T113,2007-12-14,Richmond 230kV,5371.0,230.0,100.0,132.0,other,PA,PECO,Withdrawn,gen
T114,2007-12-14,Croydon 230kV,29526.0,230.0,100.0,600.0,other,PA,PECO,Withdrawn,gen
T115,2007-12-14,Croydon 230kV,29526.0,230.0,100.0,600.0,other,PA,PECO,Withdrawn,gen
T116,2007-12-17,LaSalle 1,20760.0,138.0,82.35294117647058,1151.0,other,IL,ComEd,Withdrawn,gen
T117,2007-12-17,Hunlock Creek 69kV,13459.0,69.0,71.34920634920634,126.0,gas,PA,UGI,In Service,gen
T118,2007-12-19,Linwood 230kV,29616.0,230.0,100.0,840.0,gas,PA,PECO,In Service,gen
T119,2007-12-20,Metuchen 230kV,18977.0,230.0,100.0,600.0,gas,NJ,PSEG,Withdrawn,gen
T12,2007-08-15,Kent-Harrington 69kV,16039.0,69.0,100.0,4.25,gas,DE,DPL,In Service,gen
T120,2007-12-28,Kankakee #3 138kV,13100.0,138.0,65.0,250.0,wind,IL,ComEd,Withdrawn,gen
T121,2007-12-28,Potter-Gold 115kV,29567.0,115.0,83.33333333333334,75.0,wind,PA,PENELEC,Withdrawn,gen
T122,2007-12-28,Ocean Bay 138kV,12135.0,138.0,66.66666666666667,600.0,wind,MD,DPL,Withdrawn,gen
T123,2008-01-02,Mickleton 230kV,29925.0,230.0,100.0,440.0,gas,NJ,AEC,Withdrawn,gen
T124,2008-01-02,Latham-Pontiac I 345kV,38471.0,345.0,100.0,200.0,wind,IL,ComEd,Withdrawn,gen
T125,2008-01-02,Latham-Pontiac II 345kV,38471.0,345.0,100.0,200.0,wind,IL,ComEd,Withdrawn,gen
T126,2008-01-02,Olive-Dequine 345kV,32980.0,345.0,100.0,200.0,wind,IN,AEP,In Service,gen
T127,2008-01-02,Olive-Dequine 345kV,32980.0,345.0,100.0,200.0,wind,IN,AEP,In Service,gen
T128,2008-01-07,Masontown 500kV,12825.0,500.0,65.6842105263158,700.0,other,PA,APS,Withdrawn,gen
T129,2008-01-08,Printz 230kV,40295.0,230.0,61.53846153846154,541.0,gas,PA,PECO,In Service,gen
T13 707849,2007-08-15,PJM-MECS,31685.0,138.0,57.14285714285714,400.0,other,,,Withdrawn,gen
T130,2008-01-09,Maddox Creek-RP Mone 345 kV ,17333.0,345.0,70.58823529411764,300.0,wind,OH,AEP,Withdrawn,gen
T131,2008-01-09,Lincoln-Sterling  138kV,15246.0,138.0,100.0,150.0,wind,OH,AEP,In Service,gen
T132,2008-01-09,Cloverdale-Lexington 500kV,32612.0,500.0,100.0,0.0,other,VA,AEP,Withdrawn,gen
T133,2008-01-10,Chalk Point-Bowie 230kV,31439.0,230.0,100.0,225.0,gas,MD,PEPCO,Withdrawn,gen
T134,2008-01-10,Chalk Point-Bowie 230kV,31439.0,230.0,100.0,325.0,gas,MD,PEPCO,Withdrawn,gen
T135,2008-01-10,Chambers 230kV,19259.0,230.0,100.0,240.0,other,NJ,AEC,Withdrawn,gen
T136 852816,2008-01-09,MECS-PJM,15751.0,138.0,75.0,350.0,other,,,Withdrawn,gen
T137 852819,2008-01-09,MECS-PJM,15751.0,138.0,75.0,350.0,other,,,Withdrawn,gen
T138 852821,2008-01-09,MECS-PJM,15751.0,138.0,75.0,300.0,other,,,Withdrawn,gen
T139 853465,2008-01-10,FE-PJM,,138.0,0.0,707.0,other,,,Withdrawn,gen
T14 707852,2007-08-15,PJM-WEC,31685.0,138.0,57.14285714285714,400.0,other,,,Withdrawn,gen
T140 853531,2008-01-10,FE-PJM,,138.0,0.0,2510.0,other,,,Withdrawn,gen
T141 853853,2008-01-11,PJM-MEC,31685.0,138.0,57.14285714285714,100.0,other,,,Withdrawn,gen
T142,2008-01-15,Southwest Lima-Marysville 345kV,38964.0,345.0,100.0,300.0,wind,OH,AEP,Withdrawn,gen
T143,2008-01-16,Hennepin,13194.0,138.0,100.0,250.0,wind,IL,ComEd,Withdrawn,gen
T144,2008-01-17,Pocomoke,13131.0,138.0,100.0,19.8,other,MD,DPL,Withdrawn,gen
T145,2008-01-17,AP South 500kV,5062.0,500.0,67.0,0.0,other,,APS,Withdrawn,gen
T146,2008-01-22,England,19257.0,138.0,91.0,346.0,wind,NJ,AEC,Withdrawn,gen
T147,2008-01-24,Perryman,24938.0,138.0,100.0,183.0,gas,MD,BGE,In Service,gen
T148,2008-01-25,Wempletown-Belvidere 138kV,20819.0,138.0,100.0,100.0,wind,IL,ComEd,Withdrawn,gen
T149,2008-01-28,Birchwood 230kV,32817.0,230.0,100.0,580.0,gas,VA,Dominion,Withdrawn,gen
T15 709682,2007-08-16,CPLE-PJM,1723.0,138.0,66.66666666666667,47.0,other,,,Confirmed,gen
T152,2008-01-28,North Haverhill 69kV,16040.0,69.0,72.72727272727272,140.0,other,OH,AEP,Withdrawn,gen
T153,2008-01-28,Milford 34.5kV,16007.0,34.5,92.0,1.12,other,NJ,JCPL,Withdrawn,gen
T154,2008-01-28,Bellefontaine 69kV,11391.0,69.0,86.95652173913044,10.0,gas,OH,Dayton,Deactivated,gen
T155,2008-01-29,Belknap 25kV,15646.0,25.0,53.53846153846154,6.0,other,PA,APS,In Service,gen
T156,2008-01-30,Champion,33138.0,138.0,80.0,292.0,other,PA,APS,Withdrawn,gen
T157,2008-01-30,New Creek Mountain 500kV,47303.0,500.0,78.26086956521739,102.5,wind,WV,Dominion,In Service,gen
T158,2008-01-30,Elk Garden-Junction 138kV,39951.0,138.0,100.0,70.0,wind,WV,APS,Withdrawn,gen
T159,2008-01-30,Bergen 230kV,19042.0,230.0,100.0,230.0,gas,NJ,PSEG,Withdrawn,gen
T16,2007-08-20,Kelso Gap 138kV,8700.0,138.0,78.66666666666667,30.0,wind,MD,APS,In Service,gen
T162,2008-01-30,Lock Haven,24262.0,138.0,93.07692307692308,90.0,other,PA,PPL,Withdrawn,gen
T163,2008-01-30,Carter Fabrics 115kV,5423.0,115.0,60.86956521739131,50.0,other,VA,Dominion,Withdrawn,gen
T164,2008-01-31,Muskingum River,20132.0,138.0,100.0,600.0,other,OH,AEP,In Service,gen
T165,2008-01-31,Conesville #5,39039.0,138.0,95.0,395.0,other,OH,AEP,Deactivated,gen
T166,2008-01-31,Conesville #6,39039.0,138.0,95.0,395.0,other,OH,AEP,Deactivated,gen
T167,2008-01-31,Four Rivers 230kV,33127.0,230.0,100.0,287.3,gas,VA,Dominion,Withdrawn,gen
T168,2008-01-31,Four Rivers 500kV,33127.0,500.0,92.0,1010.0,gas,VA,Dominion,Withdrawn,gen
T169,2008-01-31,Corson,29503.0,138.0,100.0,20.0,storage,NJ,AEC,Withdrawn,battery
T17 774202,2007-08-28,PJM-DUK,31685.0,138.0,57.14285714285714,106.0,other,,,Withdrawn,gen
T170,2008-01-31,Graceton,18068.0,138.0,100.0,20.0,storage,MD,BGE,Withdrawn,battery
T171,2008-01-31,Morgantown 69kV,12825.0,69.0,100.0,20.0,storage,MD,PEPCO,Withdrawn,battery
T172,2008-01-31,Northwest,12983.0,138.0,100.0,20.0,storage,MD,BGE,Withdrawn,battery
T174,2008-01-31,Yukon-Hatfield 500kV,31671.0,500.0,100.0,930.0,gas,PA,APS,In Service,gen
T175,2008-01-31,Tiltonsville 69kV,53312.0,69.0,83.33333333333334,50.0,other,OH,AEP,Withdrawn,gen
T176,2008-01-31,Juniata-Branchburg,13246.0,138.0,100.0,500.0,other,,Unknown,Withdrawn,gen
T177,2008-01-31,Belmont-Brighton,14639.0,138.0,100.0,500.0,other,,Unknown,Withdrawn,gen
T178,2008-01-31,Keystone-Juniata,31985.0,138.0,100.0,500.0,other,,Unknown,Withdrawn,gen
T179,2008-01-31,Steel City,29551.0,138.0,100.0,873.0,gas,PA,PPL,Withdrawn,gen
T18 774383,2007-08-28,PJM-DUK,31685.0,138.0,57.14285714285714,106.0,other,,,Withdrawn,gen
T180,2008-01-31,Gainesville 230kV,31656.0,230.0,100.0,690.0,gas,VA,Dominion,Withdrawn,gen
T182,2008-01-31,TMI 230kV,36200.0,230.0,57.14285714285714,824.0,other,PA,ME,Deactivated,gen
T183,2008-01-31,Olive-Dequine 345kV,32980.0,345.0,100.0,200.0,wind,IN,AEP,Withdrawn,gen
T184,2008-01-31,Olive-Dequine 345kV,32980.0,345.0,100.0,200.0,wind,IN,AEP,Withdrawn,gen
T185,2008-01-31,Lewis,29642.0,138.0,100.0,20.0,wind,NJ,AEC,Withdrawn,gen
T186,2008-01-31,England,19257.0,138.0,91.0,20.0,wind,NJ,AEC,Withdrawn,gen
T187,2008-01-31,Reybold,5116.0,138.0,80.0,20.0,storage,DE,DPL,Withdrawn,battery
T19 774404,2007-08-28,PJM-DUK,31685.0,138.0,57.14285714285714,106.0,other,,,Withdrawn,gen
T190 863792,2008-01-31,AMIL-PJM,29641.0,138.0,75.0,1045.0,other,,,Withdrawn,gen
T192,2008-01-31,Grand Point 12kV,14093.0,12.0,92.0,1.8,other,PA,APS,Withdrawn,gen
T20,2007-08-30,Falls,14629.0,138.0,100.0,3.3,solar,PA,PECO,In Service,gen
T21 805563,2007-09-06,LGEE-PJM,4036.0,138.0,85.71428571428572,62.0,other,,,Withdrawn,gen
T22 805594,2007-09-06,AMIL-PJM,29641.0,138.0,75.0,60.0,other,,,Withdrawn,gen
T23 805597,2007-09-06,AMIL-PJM,29641.0,138.0,75.0,60.0,other,,,Withdrawn,gen
T24 805598,2007-09-06,AMIL-PJM,29641.0,138.0,75.0,120.0,other,,,Withdrawn,gen
T25 805599,2007-09-06,AMIL-PJM,29641.0,138.0,75.0,120.0,other,,,Withdrawn,gen
T26 805601,2007-09-06,LGEE-PJM,4036.0,138.0,85.71428571428572,62.0,other,,,Withdrawn,gen
T27,2007-09-07,Hyndman 34kV,14979.0,34.0,68.92307692307692,60.0,wind,PA,APS,Withdrawn,gen
T28 807067,2007-09-10,TVA-PJM,56730.0,138.0,66.66666666666667,218.0,other,,,Withdrawn,gen
T29 807071,2007-09-10,TVA-PJM,56730.0,138.0,66.66666666666667,218.0,other,,,Withdrawn,gen
T31 807646,2007-09-12,WEC-PJM,910.0,138.0,75.0,195.0,other,,,Withdrawn,gen
T32,2007-09-12,Collins,20762.0,138.0,100.0,2500.0,wind,SD,ComEd,Withdrawn,gen
T33,2007-09-12,Collins II,20762.0,138.0,91.0,1000.0,wind,SD,ComEd,Withdrawn,gen
T34,2007-09-12,Collins III,20762.0,138.0,89.0909090909091,1500.0,wind,SD,ComEd,Withdrawn,gen
T35,2007-09-12,Byron Wind IV,20774.0,138.0,81.53846153846153,1500.0,wind,ND,ComEd,Withdrawn,gen
T36 808148,2007-09-13,LGEE-PJM,4036.0,138.0,85.71428571428572,62.0,other,,,Confirmed,gen
T37,2007-09-14,Hegins,40265.0,138.0,72.72727272727273,150.0,wind,PA,PPL,Withdrawn,gen
T38,2007-09-14,Delco Tap 230kV,29618.0,230.0,100.0,900.0,gas,PA,PECO,Withdrawn,gen
T39,2007-09-14,Coudersport 46kV,13995.0,46.0,68.19047619047619,18.0,wind,PA,APS,Withdrawn,gen
T40,2007-09-14,South Harrington,16005.0,138.0,100.0,225.0,gas,DE,DPL,Withdrawn,gen
T41,2007-09-19,Kearny 138kV,26616.0,138.0,92.0,178.0,gas,NJ,PSEG,In Service,gen
T42,2007-09-19,Kearny 138kV,26616.0,138.0,92.0,89.0,gas,NJ,PSEG,In Service,gen
T43,2007-09-19,Essex 230kV,19235.0,230.0,100.0,178.0,gas,NJ,PSEG,Withdrawn,gen
T44,2007-09-19,Essex 230kV,19235.0,230.0,100.0,205.0,gas,NJ,PSEG,Withdrawn,gen
T45,2007-09-19,Hudson 230kV,26633.0,230.0,82.0,205.0,gas,NJ,PSEG,Withdrawn,gen
T46 810954,2007-09-20,PJM-CIN,31685.0,138.0,57.14285714285714,80.0,other,,,Withdrawn,gen
T47,2007-09-20,Mt. Storm-Doubs 500kV,31970.0,500.0,100.0,0.0,other,VA,Dominion,Withdrawn,gen
T48,2007-09-21,Coldwater-Rossburg 69kV,39795.0,69.0,100.0,40.0,wind,OH,Dayton,Withdrawn,gen
T49,2007-09-21,Steel City,29551.0,138.0,100.0,1134.0,gas,PA,PPL,In Service,gen
T51,2007-09-21,Hay Road,17540.0,138.0,100.0,565.0,gas,DE,DPL,In Service,gen
T52,2007-09-21,Red Lion 500kV,16020.0,500.0,100.0,565.0,gas,DE,DPL,In Service,gen
T53,2007-09-21,Delaware City,16790.0,138.0,90.52631578947368,23.3,other,DE,DPL,In Service,gen
T54,2007-09-21,Cumberland 138kV,4087.0,138.0,100.0,93.4,gas,NJ,AEC,In Service,gen
T55,2007-09-21,Sherman Ave,29637.0,138.0,89.0909090909091,93.4,gas,NJ,AEC,In Service,gen
T56,2007-09-21,Christiana,16910.0,138.0,100.0,53.4,other,DE,DPL,In Service,gen
T57,2007-09-21,Middle,19718.0,138.0,100.0,109.2,other,NJ,AEC,Withdrawn,gen
T59,2007-09-21,Mickleton,29925.0,138.0,100.0,73.4,gas,NJ,AEC,In Service,gen
T60,2007-09-21,Missouri Ave,47487.0,138.0,100.0,798.0,other,NJ,AEC,Withdrawn,gen
T61,2007-09-21,Cedar,14660.0,138.0,100.0,68.3,other,NJ,AEC,Withdrawn,gen
T63,2007-09-21,Carlls Corner,19719.0,138.0,100.0,102.2,gas,NJ,AEC,Withdrawn,gen
T66,2007-09-21,Tasley,11630.0,138.0,100.0,33.0,other,VA,DPL,In Service,gen
T67,2007-09-21,West,3264.0,138.0,100.0,20.3,other,DE,DPL,In Service,gen
T68,2007-09-21,Edgemoor,16792.0,138.0,100.0,18.2,other,DE,DPL,In Service,gen
T69 811670,2007-09-21,DUK-PJM,14503.0,138.0,66.66666666666667,171.0,other,,,Withdrawn,gen
T70 811671,2007-09-21,CPLE-PJM,1723.0,138.0,66.66666666666667,172.0,other,,,Withdrawn,gen
T71 811672,2007-09-21,TVA-PJM,56730.0,138.0,66.66666666666667,218.0,other,,,Withdrawn,gen
T72 812613,2007-09-24,NYISJK-PJM-NYISABC,,138.0,0.0,1000.0,other,,,Confirmed,gen
T73,2007-09-25,Hanging Rock 765kV,36809.0,765.0,100.0,1240.0,gas,OH,AEP,In Service,gen
T74,2007-09-26,Elgin,40265.0,138.0,100.0,484.0,gas,IL,ComEd,In Service,gen
T75,2007-09-28,South River 230kV,14142.0,230.0,66.66666666666667,280.0,gas,NJ,JCPL,In Service,gen
T76,2007-09-28,South River 230 kV,14142.0,230.0,66.66666666666667,307.0,gas,NJ,JCPL,In Service,gen
T77,2007-10-05,Linden 230kV,19239.0,230.0,100.0,1570.0,gas,NJ,PSEG,In Service,gen
T78,2007-10-05,Arnolds Corner 34.5kV,40034.0,34.5,74.85714285714286,9.8,gas,VA,Dominion,In Service,gen
T79,2007-10-05,Shacklefords 34.5kv,33030.0,34.5,55.63636363636363,6.2,gas,VA,Dominion,In Service,gen
T80 818375,2007-10-08,TVA-PJM,56730.0,138.0,66.66666666666667,436.0,other,,,Withdrawn,gen
T81,2007-10-15,Cedar 230kV,19714.0,230.0,100.0,350.0,wind,NJ,AEC,Withdrawn,gen
T82,2007-10-15,Cardiff 230kV,29640.0,230.0,100.0,350.0,wind,NJ,AEC,Withdrawn,gen
T83,2007-10-15,Merion 138kV,18959.0,138.0,100.0,350.0,wind,NJ,AEC,Withdrawn,gen
T84,2007-10-15,Corson 138kV,29503.0,138.0,100.0,350.0,wind,NJ,AEC,Withdrawn,gen
T85,2007-10-16,Roxbury-Blain 23kV,13241.0,23.0,92.0,6.4,gas,PA,PENELEC,In Service,gen
T86,2007-10-16,Bradford 34.5kV,13260.0,34.5,92.0,1.6,gas,PA,PENELEC,In Service,gen
T87 822067,2007-10-18,PJM-TVA,31685.0,138.0,57.14285714285714,103.0,other,,,Withdrawn,gen
T88 822068,2007-10-18,PJM-TVA,31685.0,138.0,57.14285714285714,103.0,other,,,Withdrawn,gen
T90 823424,2007-10-22,PJM-DUK,31685.0,138.0,57.14285714285714,885.0,other,,,Withdrawn,gen
T92,2007-10-23,Paddtown I Wind 1500 MW,,138.0,0.0,1500.0,wind,IA,ComEd,Withdrawn,gen
T93,2007-10-23,Paddtown II Wind 1500 MW,,138.0,0.0,1500.0,wind,IA,ComEd,Withdrawn,gen
T94,2007-10-24,Cook-Palesades 345kV,31143.0,345.0,100.0,1035.0,gas,MI,ITCI,In Service,gen
T95 824309,2007-10-25,PJM-MEC,31685.0,138.0,57.14285714285714,25.0,other,,,Withdrawn,gen
T96 824313,2007-10-25,PJM-MEC,31685.0,138.0,57.14285714285714,25.0,other,,,Withdrawn,gen
T97 824314,2007-10-25,PJM-MEC,31685.0,138.0,57.14285714285714,25.0,other,,,Withdrawn,gen
T98,2007-10-29,South Mahwah 69kV,15650.0,69.0,61.53846153846154,6.0,gas,NJ,RECO,Withdrawn,gen
T99,2007-10-29,Wempletown-Belvidere 138kV,20819.0,138.0,100.0,100.0,wind,IL,ComEd,Withdrawn,gen
U1-001 864402,2008-02-04,ALTE-PJM,48484.0,138.0,80.0,486.0,other,,,Withdrawn,gen
U1-002 864412,2008-02-04,ALTE-PJM,48484.0,138.0,80.0,162.0,other,,,Withdrawn,gen
U1-003 864415,2008-02-04,ALTE-PJM,48484.0,138.0,80.0,162.0,other,,,Withdrawn,gen
U1-004 865838,2008-02-06,FE-PJM,,138.0,0.0,200.0,other,,,Retracted,gen
U1-005 865843,2008-02-06,FE-PJM,,138.0,0.0,300.0,other,,,Retracted,gen
U1-006 866341,2008-02-06,TVA-PJM,56730.0,138.0,66.66666666666667,100.0,other,,,Withdrawn,gen
U1-007 866343,2008-02-06,TVA-PJM,56730.0,138.0,66.66666666666667,100.0,other,,,Withdrawn,gen
U1-008 866347,2008-02-06,TVA-PJM,56730.0,138.0,66.66666666666667,100.0,other,,,Withdrawn,gen
U1-009 866348,2008-02-06,TVA-PJM,56730.0,138.0,66.66666666666667,100.0,other,,,Withdrawn,gen
U1-010,2008-02-07,Peach Bottom,14669.0,138.0,100.0,575.0,gas,PA,PECO,In Service,gen
U1-011,2008-02-07,Minonk II 34.5kV,13410.0,34.5,54.5,20.0,wind,IL,ComEd,Withdrawn,gen
U1-012,2008-02-07,Richmond,5371.0,138.0,100.0,630.0,gas,PA,PECO,Withdrawn,gen
U1-013,2008-02-07,Eddystone,29593.0,138.0,100.0,630.0,gas,PA,PECO,Withdrawn,gen
U1-014,2008-02-07,Cromby,31790.0,138.0,100.0,700.0,gas,PA,PECO,Withdrawn,gen
U1-015,2008-02-07,Barbados,29573.0,138.0,94.11764705882352,700.0,gas,PA,PECO,Withdrawn,gen
U1-016,2008-02-07,Muddy Run,14551.0,138.0,100.0,700.0,gas,PA,PECO,Withdrawn,gen
U1-017 866822,2008-02-06,PJM-CIN,31685.0,138.0,57.14285714285714,100.0,other,,,Withdrawn,gen
U1-018 866823,2008-02-06,PJM-AMIL,31685.0,138.0,57.14285714285714,100.0,other,,,Withdrawn,gen
U1-019 866827,2008-02-06,PJM-CIN,31685.0,138.0,57.14285714285714,100.0,other,,,Withdrawn,gen
U1-020 866830,2008-02-06,PJM-AMIL,31685.0,138.0,57.14285714285714,100.0,other,,,Withdrawn,gen
U1-021 866856,2008-02-06,TVA-PJM,56730.0,138.0,66.66666666666667,200.0,other,,,Withdrawn,gen
U1-023 867311,2008-02-08,ALTE-PJM,48484.0,138.0,80.0,486.0,other,,,Withdrawn,gen
U1-024,2008-02-12,Dequine-Eugene 345kV,39168.0,345.0,100.0,500.0,wind,IN,AEP,Withdrawn,gen
U1-025 869760,2008-02-12,PJM-AMIL,31685.0,138.0,57.14285714285714,200.0,other,,,Withdrawn,gen
U1-026 869774,2008-02-12,PJM-CIN,31685.0,138.0,57.14285714285714,200.0,other,,,Withdrawn,gen
U1-029,2008-02-19,Sherman Ave 138kV,29637.0,138.0,89.0909090909091,110.0,other,NJ,AEC,Withdrawn,gen
U1-030,2008-02-19,Missouri Ave,47487.0,138.0,100.0,110.0,other,NJ,AEC,Withdrawn,gen
U1-031,2008-02-19,Earleys 230kV,3185.0,230.0,100.0,80.0,other,NC,Dominion,Withdrawn,gen
U1-032,2008-02-20,Hopewell 230kV,19035.0,230.0,100.0,112.5,other,VA,Dominion,Deactivated,gen
U1-033,2008-02-21,Miami Fort 345kV,4814.0,345.0,88.75,180.0,other,OH,Dayton,Withdrawn,gen
U1-034,2008-02-21,Miami Fort 345kV,4814.0,345.0,88.75,180.0,other,OH,Dayton,Withdrawn,gen
U1-034A 874121,2008-02-21,PJM-CIN,31685.0,138.0,57.14285714285714,50.0,other,,,Retracted,gen
U1-034B 874123,2008-02-21,PJM-AMIL,31685.0,138.0,57.14285714285714,100.0,other,,,Withdrawn,gen
U1-035 875042,2008-02-22,FE-PJM,,138.0,0.0,400.0,other,,,Retracted,gen
U1-036,2008-02-25,Steel Side 115 kV,49268.0,115.0,73.6842105263158,220.0,gas,MD,BGE,Withdrawn,gen
U1-037,2008-02-29,LaSalle-Plano 345kV,20760.0,345.0,93.33333333333333,250.0,wind,IL,ComEd,Withdrawn,gen
U1-038,2008-02-29,Millheim,29641.0,138.0,66.66666666666667,50.0,wind,PA,APS,Withdrawn,gen
U1-039 877998,2008-02-28,NYIS-PJM,16691.0,138.0,66.66666666666667,774.0,other,,,Retracted,gen
U1-040 878534,2008-02-29,NYIS-PJM-FE,16691.0,138.0,66.66666666666667,40.0,other,,,Withdrawn,gen
U1-041 882124,2008-03-07,NYIS-PJM,16691.0,138.0,66.66666666666667,250.0,other,,,Withdrawn,gen
U1-042 885633,2008-03-14,PJM-NIPS,31685.0,138.0,57.14285714285714,25.0,other,,,Withdrawn,gen
U1-043 885634,2008-03-14,PJM-NIPS,31685.0,138.0,57.14285714285714,50.0,other,,,Withdrawn,gen
U1-044,2008-03-18,Frederick County VA Regional Landfill,12811.0,138.0,77.29729729729729,2.0,gas,VA,APS,In Service,gen
U1-045 886741,2008-03-17,NYIS-PJM,16691.0,138.0,66.66666666666667,250.0,other,,,Withdrawn,gen
U1-046 886748,2008-03-17,NYIS-PJM,16691.0,138.0,66.66666666666667,150.0,other,,,Withdrawn,gen
U1-047 887539,2008-03-19,PJM-NIPS,31685.0,138.0,57.14285714285714,50.0,other,,,Withdrawn,gen
U1-048,2008-03-24,Reichs Ford Landfill,33902.0,138.0,76.0,2.0,gas,MD,APS,Deactivated,gen
U1-049,2008-03-24,Kankakee #4 138kV,11763.0,138.0,55.55555555555556,100.0,wind,IL,ComEd,Withdrawn,gen
U1-050,2008-03-25,Clearfield,15263.0,138.0,73.6842105263158,200.0,wind,PA,PENELEC,Withdrawn,gen
U1-051,2008-03-25,Clearfield,15263.0,138.0,73.6842105263158,130.0,wind,PA,PENELEC,Withdrawn,gen
U1-052 889837,2008-03-26,Duquesne-PJM,39168.0,138.0,66.66666666666667,1188.0,other,,,Confirmed,gen
U1-053 889882,2008-03-26,FE-PJM,,138.0,0.0,1188.0,other,,,Withdrawn,gen
U1-054,2008-03-26,Calumet,14125.0,138.0,79.13043478260869,327.0,gas,IL,ComEd,In Service,gen
U1-055 890480,2008-03-27,PJM-NIPS,31685.0,138.0,57.14285714285714,50.0,other,,,Withdrawn,gen
U1-056,2008-03-28,Lewis 138kV,29642.0,138.0,100.0,350.0,wind,NJ,AEC,Withdrawn,gen
U1-057,2008-03-31,North Lebanon,13611.0,138.0,100.0,950.0,gas,PA,ME,Withdrawn,gen
U1-058,2008-04-02,Olive-Dumont 345kV,32980.0,345.0,100.0,586.0,gas,IN,AEP,Withdrawn,gen
U1-059,2008-04-02,Ada-Dunkirk 69kV,16115.0,69.0,67.0,48.3,wind,OH,AEP,In Service,gen
U1-060,2008-04-02,East Lima-South Kenton 138kV,38941.0,138.0,100.0,151.8,wind,OH,AEP,Withdrawn,gen
U1-061 893756,2008-04-02,Duquesne-PJM,39168.0,138.0,66.66666666666667,141.0,other,,,Confirmed,gen
U1-062 893757,2008-04-02,FE-PJM,,138.0,0.0,141.0,other,,,Withdrawn,gen
U1-063 894818,2008-04-03,LGEE-PJM,4036.0,138.0,85.71428571428572,29.0,other,,,Withdrawn,gen
U1-064 894826,2008-04-03,LGEE-PJM,4036.0,138.0,85.71428571428572,29.0,other,,,Confirmed,gen
U1-065,2008-04-07,Middle 69kV,19718.0,69.0,100.0,97.0,other,NJ,AEC,Withdrawn,gen
U1-066,2008-04-07,Carlls Corner 69kV,19719.0,69.0,100.0,91.0,other,NJ,AEC,Deactivated,gen
U1-067,2008-04-09,Honey Brook,19523.0,138.0,81.81818181818181,3.2,gas,PA,PPL,In Service,gen
U1-068,2008-04-14,York 115kV,14549.0,115.0,82.0,51.0,gas,PA,ME,Deactivated,gen
U1-069,2008-04-14,Emsworth Locks & Dam,33454.0,138.0,76.81818181818181,30.0,other,PA,DL,Withdrawn,gen
U1-070,2008-04-14,Dashields Lock & Dam,45102.0,138.0,57.14285714285714,14.0,other,PA,DL,Withdrawn,gen
U1-071,2008-04-14,CW Bill Young Lock & Dam,34366.0,138.0,56.52173913043479,15.0,other,PA,APS,Withdrawn,gen
U1-072,2008-04-14,Braddock Lock & Dam,32820.0,138.0,81.42857142857143,10.0,other,PA,DL,Withdrawn,gen
U1-073,2008-04-14,Allegheny Lock & Dam #7,14396.0,138.0,71.25,16.0,other,PA,APS,Withdrawn,gen
U1-074,2008-04-14,Point Marion Lock & Dam,14372.0,138.0,78.18181818181819,10.0,other,PA,APS,Withdrawn,gen
U1-075,2008-04-14,Sutton Dam,39479.0,138.0,70.0,12.0,other,WV,APS,Withdrawn,gen
U1-076,2008-04-14,Allegheny Lock & Dam #2,15362.0,138.0,62.770270270270274,12.0,other,PA,DL,Withdrawn,gen
U1-077,2008-04-14,Allegheny Lock & Dam #4,15362.0,138.0,69.42307692307692,16.0,other,PA,APS,Withdrawn,gen
U1-078,2008-04-14,Tionesta Dam,33037.0,138.0,66.66666666666667,8.0,other,PA,PENELEC,Withdrawn,gen
U1-079,2008-04-14,Opekiska Lock & Dam,34366.0,138.0,63.41463414634146,10.0,other,WV,APS,Withdrawn,gen
U1-080,2008-04-14,Montgomery Lock & Dam,31497.0,138.0,83.04347826086956,35.0,other,PA,DL,Withdrawn,gen
U1-081,2008-04-14,Monongahela Lock & Dam #4,,138.0,0.0,10.0,other,PA,APS,Withdrawn,gen
U1-082,2008-04-14,Maxwell Lock & Dam,38930.0,138.0,80.5,10.0,other,PA,APS,Withdrawn,gen
U1-083,2008-04-14,Hildebrand Lock & Dam,45102.0,138.0,55.81395348837209,10.0,other,WV,APS,Withdrawn,gen
U1-086,2008-04-17,Eldred 230kV,50469.0,230.0,80.0,150.0,other,PA,PPL,Withdrawn,gen
U1-087,2008-04-18,Dequine 345kV,39168.0,345.0,100.0,150.0,wind,IN,AEP,Withdrawn,gen
U1-088,2008-04-18,Dequine 345kV,39168.0,345.0,100.0,100.0,wind,IN,AEP,Withdrawn,gen
U1-089,2008-04-18,Paper Tap 69kV,56744.0,69.0,80.0,20.0,other,PA,PECO,Deactivated,gen
U1-090,2008-04-22,Killen 345kV,12592.0,345.0,72.72727272727273,612.0,other,OH,Dayton,Deactivated,gen
U1-091 902731,2008-04-22,FE-PJM,,138.0,0.0,1329.0,other,,,Withdrawn,gen
U1-093,2008-04-29,Ladysmith 230kV,7610.0,230.0,100.0,190.0,other,VA,Dominion,In Service,gen
U1-094,2008-04-29,Ladysmith 230kV,7610.0,230.0,100.0,190.0,other,VA,Dominion,In Service,gen
U1-095,2008-04-29,Ladysmith 230kV,7610.0,230.0,100.0,190.0,other,VA,Dominion,In Service,gen
U1-096,2008-04-29,Reybold,5116.0,138.0,80.0,20.0,storage,DE,DPL,Withdrawn,battery
U1-097,2008-04-30,Essex 230kV,19235.0,230.0,100.0,100.0,gas,NJ,PSEG,Withdrawn,gen
U1-098 906034,2008-04-30,Duquesne-PJM,39168.0,138.0,66.66666666666667,1788.0,other,,,Confirmed,gen
U1-099,2008-04-30,Joliet 4 MW,20756.0,138.0,86.36363636363636,4.0,gas,IL,ComEd,Withdrawn,gen
U2-002 908694,2008-05-06,PJM-FE,31685.0,138.0,57.14285714285714,200.0,other,,,Retracted,gen
U2-003,2008-05-13,Wempletown,20819.0,138.0,100.0,200.0,wind,IL,ComEd,Withdrawn,gen
U2-004 911979,2008-05-13,MEC-PJM,15751.0,138.0,85.71428571428572,100.0,other,,,Retracted,gen
U2-005,2008-05-14,Branchburg-Deans 500kV,29176.0,500.0,100.0,1010.0,gas,NJ,PSEG,Withdrawn,gen
U2-006,2008-05-14,Branchburg-Deans 500kV,29176.0,500.0,100.0,1010.0,gas,NJ,PSEG,Withdrawn,gen
U2-007 912864,2008-05-15,PJM-AMIL,31685.0,138.0,57.14285714285714,700.0,other,,,Withdrawn,gen
U2-008 912865,2008-05-15,PJM-AMIL,31685.0,138.0,57.14285714285714,500.0,other,,,Withdrawn,gen
U2-009 912866,2008-05-15,PJM-AMIL,31685.0,138.0,57.14285714285714,300.0,other,,,Withdrawn,gen
U2-010 912867,2008-05-15,PJM-AMIL,31685.0,138.0,57.14285714285714,100.0,other,,,Withdrawn,gen
U2-011 912869,2008-05-15,PJM-AMIL,31685.0,138.0,57.14285714285714,700.0,other,,,Withdrawn,gen
U2-012 913162,2008-05-16,PJM-AMIL,31685.0,138.0,57.14285714285714,200.0,other,,,Withdrawn,gen
U2-013,2008-05-16,Northeast 34.5kV,14190.0,34.5,92.0,8.0,gas,VA,Dominion,In Service,gen
U2-014 915083,2008-05-20,PJM-AMIL,31685.0,138.0,57.14285714285714,1600.0,other,,,Withdrawn,gen
U2-015,2008-05-22,Harwood-E. Palmerton 230kV,13294.0,230.0,100.0,100.0,wind,PA,PPL,Withdrawn,gen
U2-016,2008-05-23,East Towanda-Grover 230kV,13718.0,230.0,62.58823529411764,85.0,wind,PA,PENELEC,Withdrawn,gen
U2-017,2008-05-23,Tazewell-Baileysville 138kV,12091.0,138.0,100.0,200.0,wind,VA,AEP,Withdrawn,gen
U2-024,2008-05-23,Tazewell-Baileyville 138kV,12091.0,138.0,100.0,900.0,gas,WV,AEP,Withdrawn,gen
U2-025,2008-05-29,Brooke County Landfill,6821.0,138.0,60.46511627906976,4.0,gas,WV,APS,Withdrawn,gen
U2-026,2008-05-29,Antwerp 69kV,15653.0,69.0,66.66666666666667,30.0,wind,OH,AEP,Withdrawn,gen
U2-027,2008-05-29,Mehoopany 115kV,15385.0,115.0,78.18181818181819,50.0,wind,PA,PENELEC,Withdrawn,gen
U2-028,2008-05-30,Meadow Brook Capacitor,7686.0,138.0,86.36363636363636,0.0,other,VA,APS,In Service,gen
U2-028A_AT1,2008-05-29,Ironville,5122.0,138.0,100.0,135.0,other,OH,ATSI,Withdrawn,gen
U2-029,2008-06-05,Passyunk,29584.0,138.0,100.0,1.3,solar,PA,PECO,Withdrawn,gen
U2-030,2008-06-05,Four Mile Ridge Wind 138kV,31394.0,138.0,71.31818181818181,60.0,wind,MD,APS,In Service,gen
U2-031,2008-06-09,Kings Fork 34.5kV,32301.0,34.5,92.0,30.0,gas,VA,Dominion,Withdrawn,gen
U2-032,2008-06-09,Elbow Mountain,40718.0,138.0,84.21052631578947,20.0,wind,MD,APS,Withdrawn,gen
U2-033 925392,2008-06-09,PJM-DUK,31685.0,138.0,57.14285714285714,104.0,other,,,Withdrawn,gen
U2-034 925394,2008-06-09,PJM-DUK,31685.0,138.0,57.14285714285714,104.0,other,,,Withdrawn,gen
U2-035 925395,2008-06-09,PJM-TVA,31685.0,138.0,57.14285714285714,104.0,other,,,Withdrawn,gen
U2-036 925941,2008-06-10,PJM-NIPS,31685.0,138.0,57.14285714285714,200.0,other,,,Withdrawn,gen
U2-037 925947,2008-06-10,PJM_NIPS,,138.0,0.0,200.0,other,,,Withdrawn,gen
U2-038 926231,2008-06-11,PJM-CWLP,31685.0,138.0,57.14285714285714,200.0,other,,,Withdrawn,gen
U2-039 926237,2008-06-11,PJM-IPL,31685.0,138.0,57.14285714285714,200.0,other,,,Withdrawn,gen
U2-040,2008-06-12,Bridgewater-Middlesex 230kV,2420.0,230.0,92.0,650.0,gas,NJ,PSEG,Withdrawn,gen
U2-040A 926830,2008-06-12,PJM-AMIL,31685.0,138.0,57.14285714285714,900.0,other,,,Withdrawn,gen
U2-040B 926832,2008-06-12,PJM-AMIL,31685.0,138.0,57.14285714285714,1600.0,other,,,Withdrawn,gen
U2-041,2008-06-13,East Lima-Marysville 345kV,38941.0,345.0,100.0,166.4,wind,OH,AEP,Withdrawn,gen
U2-042,2008-06-13,East Lima-South Kenton 138kV,38941.0,138.0,100.0,201.0,wind,OH,AEP,Withdrawn,gen
U2-044,2008-06-20,Lewis 138kV,29642.0,138.0,100.0,20.0,wind,NJ,AEC,Withdrawn,gen
U2-045,2008-06-20,Huron 69kV,13117.0,69.0,72.72727272727273,20.0,wind,NJ,AEC,Withdrawn,gen
U2-046,2008-06-23,Roseland 500kV,26624.0,500.0,100.0,660.0,other,NJ,PSEG,Withdrawn,gen
U2-047,2008-06-23,Deans 500kV,29509.0,500.0,100.0,660.0,other,NJ,PSEG,Withdrawn,gen
U2-048,2008-06-24,Cox's Corner-Croydon 230kV,40034.0,230.0,77.0,640.0,gas,NJ,PSEG,Withdrawn,gen
U2-049,2008-06-24,Monmouth,12845.0,138.0,78.57142857142857,640.0,gas,NJ,JCPL,Withdrawn,gen
U2-050,2008-06-24,Lonesome Pine 138kV,4648.0,138.0,100.0,100.0,wind,VA,AEP,Withdrawn,gen
U2-051,2008-06-24,Glen Lyn-Wythe 138kV,7968.0,138.0,100.0,60.0,wind,VA,AEP,Withdrawn,gen
U2-052,2008-06-24,S. Bluefield-Wythe 69kV,914.0,69.0,100.0,80.0,wind,VA,AEP,Withdrawn,gen
U2-053,2008-06-24,Martins Creek,13453.0,138.0,100.0,800.0,gas,PA,PPL,Withdrawn,gen
U2-054,2008-06-25,Weissport,14928.0,138.0,100.0,2.6,other,PA,PPL,Withdrawn,gen
U2-055,2008-06-27,Karthaus-Milesburg 230kV,33357.0,230.0,63.42857142857143,89.1,wind,PA,APS,Withdrawn,gen
U2-056,2008-06-30,West Point,14859.0,138.0,85.0,88.7,other,VA,Dominion,Withdrawn,gen
U2-057,2008-06-30,Hopewell 34.5kV,13478.0,34.5,92.0,47.6,other,VA,Dominion,Withdrawn,gen
U2-058,2008-06-30,Kincaid Wind,38484.0,138.0,87.5,500.0,wind,IL,ComEd,Withdrawn,gen
U2-059,2008-07-07,Foul Rift 13kV,15734.0,13.0,54.5,2.0,solar,NJ,JCPL,In Service,gen
U2-060,2008-07-07,Camden,29531.0,138.0,100.0,5.0,gas,NJ,PSEG,Withdrawn,gen
U2-061,2008-07-07,Garrett County,11596.0,138.0,85.0,50.0,wind,MD,APS,In Service,gen
U2-062,2008-07-09,Randolph 138kV,14093.0,138.0,62.5,187.5,wind,OH,AEP,Withdrawn,gen
U2-063,2008-07-10,Croydon 230kV,29526.0,230.0,100.0,391.0,gas,PA,PECO,In Service,gen
U2-064,2008-07-10,Branchburg-Ramapo 500kV,29176.0,500.0,100.0,1000.0,other,NJ,PSEG,Withdrawn,gen
U2-065,2008-07-14,Kankakee 138kV,12052.0,138.0,58.82352941176471,250.0,wind,IL,ComEd,Withdrawn,gen
U2-066,2008-07-14,Marysville-SW Lima 345kV,38712.0,345.0,100.0,200.0,wind,OH,AEP,Withdrawn,gen
U2-067,2008-07-15,Eldred-Pine Grove 69kV,50469.0,69.0,88.0,32.5,other,PA,PPL,In Service,gen
U2-068,2008-07-21,Mount Storm-Valley 500kV,31970.0,500.0,100.0,130.0,wind,VA,Dominion,Withdrawn,gen
U2-069,2008-07-21,Frackville,32745.0,138.0,100.0,56.0,wind,PA,PPL,Withdrawn,gen
U2-070,2008-07-21,Somerset,7415.0,138.0,100.0,7.5,wind,PA,PENELEC,Withdrawn,gen
U2-071,2008-07-23,Tazewell-Saltville 138kV,12091.0,138.0,100.0,200.0,wind,VA,AEP,Withdrawn,gen
U2-072,2008-07-23,East Lima-Marysville 345kV,38941.0,345.0,100.0,249.795,wind,OH,AEP,In Service,gen
U2-073,2008-07-23,Frostburg 138kV II,32189.0,138.0,94.54545454545455,139.4,wind,PA,APS,In Service,gen
U2-074,2008-07-24,Peach Bottom-Rock Springs 500kV,14669.0,500.0,100.0,650.0,gas,PA,PECO,Withdrawn,gen
U2-075,2008-07-24,Susquehanna-Roseland 500kV,31753.0,500.0,100.0,636.0,gas,PA,PPL,Withdrawn,gen
U2-076,2008-07-25,Falls,14629.0,138.0,100.0,10.0,gas,PA,PECO,Withdrawn,gen
U2-077,2008-07-25,Linden VFT  230kV,19239.0,230.0,88.0,300.0,other,NJ,PSEG,In Service,gen
U2-080,2008-07-30,South Portsmouth 138kV,47479.0,138.0,95.0,134.0,other,KY,AEP,Withdrawn,gen
U2-081,2008-07-30,Chalk Point 230kV,31439.0,230.0,100.0,600.0,gas,MD,PEPCO,Withdrawn,gen
U2-082,2008-07-30,Dickerson 230kV,12884.0,230.0,100.0,400.0,gas,MD,PEPCO,Withdrawn,gen
U2-083,2008-07-30,Chalk Point 230kV,31439.0,230.0,100.0,400.0,gas,MD,PEPCO,Withdrawn,gen
U2-084,2008-07-30,Dickerson,12884.0,138.0,100.0,600.0,gas,MD,PEPCO,Withdrawn,gen
U2-085,2008-07-30,Sakron-Prince #3 138kV,13614.0,138.0,92.3076923076923,11.4,gas,PA,PPL,Withdrawn,gen
U2-086,2008-07-30,Airydale 500kV,36330.0,500.0,62.58823529411764,0.0,other,PA,PENELEC,Withdrawn,gen
U2-087,2008-07-30,Juniata 500 MVAR SVC,13246.0,138.0,80.5,0.0,other,PA,PPL,Withdrawn,gen
U2-088,2008-07-30,Meadow Brook 500kV,7686.0,500.0,100.0,0.0,other,VA,APS,Withdrawn,gen
U2-089,2008-07-30,Kemptown 500kV,20819.0,500.0,69.77777777777779,0.0,other,PA,APS,Withdrawn,gen
U2-090,2008-07-31,Desoto-Tanners Creek 345kV,36331.0,345.0,100.0,200.0,wind,IN,AEP,In Service,gen
U2-091,2008-07-31,Delaware-Richmond 138kV,13775.0,138.0,100.0,100.0,wind,IN,AEP,Withdrawn,gen
U2-092,2008-07-31,Delaware-Centerville 138kV,13775.0,138.0,100.0,100.0,wind,IN,AEP,Withdrawn,gen
U2-093 954414,2008-07-30,PJM-LGEE,31685.0,138.0,57.14285714285714,100.0,other,,,Withdrawn,gen
U2-094,2008-07-31,Foul Rift 34.5kV,15734.0,34.5,54.5,19.0,solar,NJ,JCPL,Withdrawn,gen
U2-095,2008-07-31,Nelson 345kV,20754.0,345.0,100.0,600.0,gas,IL,ComEd,Withdrawn,gen
U2-096,2008-07-31,Lock Haven-Lycoming #1 69kV,24262.0,69.0,93.07692307692308,1.5,gas,PA,PPL,Withdrawn,gen
U2-098,2008-07-31,South Amboy,33449.0,138.0,61.53846153846154,1320.0,gas,NJ,JCPL,Withdrawn,gen
U2-099,2008-07-31,Martins Creek 230kV,13453.0,230.0,100.0,700.0,gas,PA,PPL,Withdrawn,gen
U2-100,2008-07-31,Bergen 230kV,19042.0,230.0,100.0,800.0,other,NJ,PSEG,Withdrawn,gen
U2-101,2008-07-31,Nelson Bio,5149.0,138.0,88.0,20.0,other,IL,ComEd,Withdrawn,gen
U2-102 955153,2008-07-31,CPLE-PJM,1723.0,138.0,66.66666666666667,60.0,other,,,Confirmed,gen
U2-103 955155,2008-07-31,CPLE-PJM,1723.0,138.0,66.66666666666667,60.0,other,,,Confirmed,gen
U2-104 955156,2008-07-31,CPLE-PJM,1723.0,138.0,66.66666666666667,60.0,other,,,Confirmed,gen
U3-001,2008-08-11,Barbadoes 34kV,29573.0,34.0,92.0,1.0,storage,PA,PECO,Withdrawn,battery
U3-002,2008-08-13,Deer Creek-Fisher Body-Mullin 138kV,13730.0,138.0,100.0,200.0,wind,IN,AEP,In Service,gen
U3-003,2008-08-14,Mt. Olive 69kV,13128.0,69.0,100.0,2.0,gas,MD,DPL,Deactivated,gen
U3-004,2008-08-14,Cecil,841.0,138.0,61.53846153846154,1.6,gas,MD,DPL,Withdrawn,gen
U3-005,2008-08-12,Meadow Brook,7686.0,138.0,100.0,0.0,other,VA,APS,Withdrawn,gen
U3-006 967853,2008-08-18,PJM-CPLW,31685.0,138.0,57.14285714285714,100.0,other,,,Withdrawn,gen
U3-007 967858,2008-08-18,PJM-DUK,31685.0,138.0,57.14285714285714,100.0,other,,,Withdrawn,gen
U3-008,2008-08-18,Mt. Bethel 230kV,32549.0,230.0,72.0,200.0,other,PA,ME,Withdrawn,gen
U3-009,2008-08-18,Mt. Bethel 230kV,32549.0,230.0,72.0,595.0,other,PA,ME,Withdrawn,gen
U3-010,2008-08-22,Towanda,16002.0,138.0,66.66666666666667,120.0,wind,PA,PENELEC,Withdrawn,gen
U3-011 975675,2008-08-26,CPLE-PJM,1723.0,138.0,66.66666666666667,60.0,other,,,Retracted,gen
U3-012,2008-08-28,Bradford 115kV,13260.0,115.0,92.0,85.0,wind,PA,PENELEC,Withdrawn,gen
U3-013,2008-08-28,Clermont 115kV,23329.0,115.0,92.0,125.0,wind,PA,PENELEC,Withdrawn,gen
U3-016,2008-09-04,Midlothian 230kV,7352.0,230.0,100.0,550.0,gas,VA,Dominion,Withdrawn,gen
U3-017,2008-09-22,Westvaco 138kV,813.0,138.0,71.42857142857143,12.0,other,PA,APS,Withdrawn,gen
U3-018,2008-09-17,Knieriem,37541.0,138.0,66.66666666666667,20.0,wind,PA,PENELEC,Withdrawn,gen
U3-019 989861,2008-09-18,NYIS-PJM,16691.0,138.0,66.66666666666667,200.0,other,,,Withdrawn,gen
U3-021,2008-09-29,Silver Lake-Cherry Valley,20806.0,138.0,100.0,100.0,gas,IL,ComEd,Withdrawn,gen
U3-022,2008-09-30,Sherman-Cumberland 138kV,29637.0,138.0,100.0,14.0,solar,NJ,AEC,Withdrawn,gen
U3-023,2008-10-01,Printz 230kV,40295.0,230.0,61.53846153846154,720.0,gas,PA,PECO,Withdrawn,gen
U3-025,2008-10-02,Elk Garden-Parr Run 138kV,39951.0,138.0,100.0,80.0,wind,WV,APS,Withdrawn,gen
U3-026,2008-10-09,Collins,20762.0,138.0,100.0,0.0,wind,IL,ComEd,Withdrawn,gen
U3-027 1010165,2008-09-19,PJM-NYIS,31685.0,138.0,57.14285714285714,600.0,other,,,Withdrawn,gen
U3-029,2008-10-29,Beaver Valley #1,13476.0,138.0,95.0,950.0,other,PA,DL,In Service,gen
U3-030,2008-10-29,Beaver Valley #2,13476.0,138.0,95.0,951.0,other,PA,DL,In Service,gen
U3-031,2008-10-31,Lincoln Generating Facility,33577.0,138.0,83.33333333333333,616.0,gas,IL,ComEd,In Service,gen
U3-032,2008-10-30,Traynor 34.5kV,29190.0,34.5,92.0,20.0,solar,NJ,JCPL,Withdrawn,gen
U3-033 1030332,2008-11-03,PJM-CIN,31685.0,138.0,57.14285714285714,400.0,other,,,Withdrawn,gen
U3-034 1033525,2008-10-31,TVA-PJM,56730.0,138.0,66.66666666666667,905.0,other,,,Withdrawn,gen
U4-001,2008-11-03,Howard 138kV,5052.0,138.0,100.0,200.0,wind,OH,AEP,Withdrawn,gen
U4-002,2008-11-03,Pickens-Monterville 138kV,850.0,138.0,100.0,100.0,wind,WV,APS,Withdrawn,gen
U4-003,2008-10-29,Olive-Dequine 345kV,32980.0,345.0,100.0,200.0,wind,IN,AEP,Withdrawn,gen
U4-004,2008-11-05,York 115kV,14549.0,115.0,82.0,162.0,gas,PA,ME,Withdrawn,gen
U4-005,2008-11-05,Susquehanna,31753.0,138.0,100.0,700.0,gas,PA,PPL,Withdrawn,gen
U4-006,2008-11-05,Mendota 138kV,16343.0,138.0,66.66666666666667,20.0,other,IL,ComEd,Withdrawn,gen
U4-007,2008-11-11,Jennings Randolph Dam,4401.0,138.0,81.42857142857143,14.0,other,MD,APS,Withdrawn,gen
U4-008,2008-11-13,South Central Power,25252.0,138.0,84.0,6.4,gas,OH,AEP,In Service,gen
U4-009,2008-11-17,Louisa 230kV,7394.0,230.0,88.0,144.0,gas,VA,Dominion,In Service,gen
U4-009A 1041029,2008-11-19,LGEE-PJM,4036.0,138.0,85.71428571428572,29.0,other,,,Confirmed,gen
U4-010,2008-11-20,Pontiac-Latham 345kV,30180.0,345.0,92.0,200.0,wind,IL,ComEd,Withdrawn,gen
U4-011,2008-11-20,Pontiac Midpoint I 345kV,13202.0,345.0,96.66666666666667,200.0,wind,IL,ComEd,Withdrawn,gen
U4-012,2008-11-20,Pontiac Midpoint II 345kV,13202.0,345.0,95.26315789473684,200.0,wind,IL,ComEd,Withdrawn,gen
U4-013,2008-11-21,North Lebanon 230kV,13611.0,230.0,100.0,950.0,gas,PA,ME,Withdrawn,gen
U4-014,2008-11-24,Siegfried-Hauto 69kV,32746.0,69.0,100.0,10.0,solar,PA,PPL,In Service,gen
U4-015,2008-11-25,Rock Springs 500kV,12912.0,500.0,100.0,475.0,gas,MD,ODEC,In Service,gen
U4-016,2008-11-26,Harwood,13294.0,138.0,100.0,213.0,gas,PA,PPL,Withdrawn,gen
U4-017,2008-11-28,Corder Crossing 138kV,31503.0,138.0,70.72727272727272,165.0,wind,WV,APS,Withdrawn,gen
U4-018,2008-11-30,Bedington-Harmony Jct 138kV,32773.0,138.0,100.0,0.0,other,WV,APS,Withdrawn,gen
U4-019 1049345,2008-12-03,PJM-TVA,31685.0,138.0,57.14285714285714,60.0,other,,,Withdrawn,gen
U4-020 1049348,2008-12-03,PJM-TVA,31685.0,138.0,57.14285714285714,50.0,other,,,Retracted,gen
U4-021 1049350,2008-12-03,PJM-TVA,31685.0,138.0,57.14285714285714,100.0,other,,,Retracted,gen
U4-022 1049352,2008-12-03,PJM-TVA,31685.0,138.0,57.14285714285714,100.0,other,,,Confirmed,gen
U4-023 1049355,2008-12-03,PJM-TVA,31685.0,138.0,57.14285714285714,100.0,other,,,Confirmed,gen
U4-024 1052862,2008-12-09,PJM-TVA,31685.0,138.0,57.14285714285714,100.0,other,,,Retracted,gen
U4-025 1058858,2008-12-18,PJM-CWLP,31685.0,138.0,57.14285714285714,400.0,other,,,Retracted,gen
U4-026,2008-12-19,Lowmoor-Lexington 230kV,31688.0,230.0,100.0,100.0,wind,VA,Dominion,Withdrawn,gen
U4-027,2008-12-22,Normandy-Kewanee 138kV,5196.0,138.0,100.0,100.0,gas,IL,ComEd,Withdrawn,gen
U4-028,2008-12-26,Fostoria Central-Greenlawn-Howard 138kV,23237.0,138.0,100.0,100.0,wind,OH,AEP,Withdrawn,gen
U4-029,2008-12-26,Fostoria Central-Greenlawn-Howard 138kV ,23237.0,138.0,100.0,200.0,wind,OH,AEP,Withdrawn,gen
U4-030,2008-12-26,Sabrooke 138kV,11979.0,138.0,100.0,153.0,gas,IL,ComEd,In Service,gen
U4-031,2008-12-30,Elrama-Mitchell 138kV,4712.0,138.0,66.66666666666667,,other,PA,DL,Withdrawn,gen
U4-032,2008-12-31,South Bend 500kV,12658.0,500.0,92.0,1063.0,gas,PA,APS,Withdrawn,gen
U4-033,2008-12-31,University Park North,12045.0,138.0,100.0,540.0,gas,IL,ComEd,In Service,gen
U4-034,2009-01-20,Conesville #5,39039.0,138.0,95.0,400.0,other,OH,AEP,Deactivated,gen
U4-035,2009-01-20,Conesville #6,39039.0,138.0,95.0,400.0,other,OH,AEP,Deactivated,gen
U4-036,2009-01-28,Gloucester 26.4kV,29530.0,26.4,92.0,5.1,solar,NJ,PSEG,In Service,gen
U4-037,2009-01-29,Brokaw-Lanesville 345kV,12100.0,345.0,100.0,200.0,wind,IL,ComEd,Withdrawn,gen
U4-038,2009-01-30,Mullin-Greentown Tap 138kV,904.0,138.0,76.92307692307692,100.0,wind,IN,AEP,Withdrawn,gen
U4-039,2009-01-30,Greentown 138kV,15947.0,138.0,100.0,710.0,wind,IN,AEP,Withdrawn,gen
U4-040,2009-01-30,Lincoln 13.2kV,13460.0,13.2,92.0,2.0,gas,PA,ME,Withdrawn,gen
U4-041,2009-01-30,Valley 13.2kV,13941.0,13.2,92.0,2.0,other,PA,ME,Withdrawn,gen
U4-042,2009-01-30,Hanover 13.2kV,33126.0,13.2,92.0,2.0,other,PA,ME,Withdrawn,gen
U4-043,2009-01-30,Tolna 13.2kV,15247.0,13.2,92.0,2.0,other,PA,ME,Withdrawn,gen
U4-044,2009-01-30,Stoverstown 13.2kV,47965.0,13.2,72.0,2.0,other,PA,ME,Withdrawn,gen
U4-045,2009-01-30,Oil Creek 34.kV,40454.0,138.0,80.0,2.0,other,PA,PENELEC,Withdrawn,gen
U4-046,2009-01-30,Teepleville 34.5kV,11749.0,34.5,70.26086956521739,2.0,other,PA,PENELEC,Withdrawn,gen
U4-047,2009-01-30,Mill Village 34.5kV,982.0,34.5,77.71428571428572,2.0,other,PA,PENELEC,Withdrawn,gen
U4-048,2009-01-30,Saegertown 34.5kV,22549.0,34.5,77.71428571428572,2.0,other,PA,PENELEC,Withdrawn,gen
U4-049 1092401,2009-01-30,PJM-LGEE,31685.0,138.0,57.14285714285714,99.0,other,,,Withdrawn,gen
V1-002 1094626,2009-02-02,TVA-PJM,56730.0,138.0,66.66666666666667,300.0,other,,,Annulled,gen
V1-003 1096809,2009-02-04,CIN-PJM,14626.0,138.0,75.0,480.0,other,,,Withdrawn,gen
V1-004 1102137,2009-02-12,NYIS-PJM,16691.0,138.0,66.66666666666667,705.0,other,,,Retracted,gen
V1-005,2009-02-12,Elrama-Mitchell 138kV,4712.0,138.0,66.66666666666667,,other,PA,DL,Withdrawn,gen
V1-006,2009-02-12,Elrama-Mitchell 138kV,4712.0,138.0,66.66666666666667,,other,PA,DL,Withdrawn,gen
V1-007 1104452,2009-02-16,PJM-IPL,31685.0,138.0,57.14285714285714,300.0,other,,,Retracted,gen
V1-008 1104456,2009-02-16,PJM-AMIL,31685.0,138.0,57.14285714285714,300.0,other,,,Retracted,gen
V1-009,2009-02-17,Gilbert 46kV,39020.0,46.0,100.0,12.0,other,WV,AEP,Withdrawn,gen
V1-010,2009-02-25,Howard-Fostoria Central 138kV,5052.0,138.0,100.0,260.0,wind,OH,AEP,Withdrawn,gen
V1-011,2009-02-26,Haviland 138kV,38994.0,138.0,100.0,100.0,wind,OH,AEP,In Service,gen
V1-012,2009-02-26,Haviland 138kV,38994.0,138.0,100.0,150.0,wind,OH,AEP,Withdrawn,gen
V1-013,2009-02-27,Springdale 138kV,13584.0,138.0,80.71428571428572,580.0,other,PA,APS,Withdrawn,gen
V1-014 1120188,2009-03-10,AMIL-PJM,29641.0,138.0,75.0,130.0,other,,,Confirmed,gen
V1-015,2009-03-10,New Liberty 138kV,41811.0,138.0,89.0909090909091,4.8,gas,OH,AEP,Withdrawn,gen
V1-016 1125859,2009-03-19,PJM-IPL,31685.0,138.0,57.14285714285714,50.0,other,,,Confirmed,gen
V1-017 1125369,2009-03-19,TVA-PJM,56730.0,138.0,66.66666666666667,100.0,other,,,Retracted,gen
V1-018 1125370,2009-03-19,TVA-PJM,56730.0,138.0,66.66666666666667,100.0,other,,,Retracted,gen
V1-019 1126560,2009-03-20,MEC-PJM,15751.0,138.0,85.71428571428572,50.0,other,,,Retracted,gen
V1-020 1126569,2009-03-20,MEC-PJM,15751.0,138.0,85.71428571428572,50.0,other,,,Retracted,gen
V1-021,2009-03-23,Cape May County 12kV,24941.0,12.0,78.0,1.9,gas,NJ,AEC,In Service,gen
V1-022,2009-03-31,Plano 345kV,20765.0,345.0,100.0,380.0,gas,IL,ComEd,Withdrawn,gen
V1-023,2009-04-06,Bridge 12kV,4681.0,12.0,92.0,2.0,gas,WV,AEP,In Service,gen
V1-024,2009-04-09,LaSalle 1,20760.0,138.0,82.35294117647058,1188.0,other,IL,ComEd,In Service,gen
V1-025,2009-04-09,LaSalle 2,20760.0,138.0,82.35294117647058,1191.0,other,IL,ComEd,In Service,gen
V1-026,2009-04-09,Limerick,31786.0,138.0,100.0,1213.0,other,PA,PECO,Withdrawn,gen
V1-027,2009-04-09,Limerick,31786.0,138.0,100.0,1213.0,other,PA,PECO,Withdrawn,gen
V1-028,2009-04-16,North Wales,29574.0,138.0,100.0,10.0,other,PA,PECO,Deactivated,gen
V1-029,2009-04-23,Frackville-Fishbach 69kV,32745.0,69.0,100.0,56.0,wind,PA,PPL,Withdrawn,gen
V1-030,2009-04-27,PSE&G Area,5771.0,138.0,62.06896551724138,52.0,solar,NJ,PSEG,In Service,gen
V1-031,2009-04-28,Possum Point 230kV,7609.0,230.0,100.0,950.0,gas,VA,Dominion,Withdrawn,gen
V1-032,2009-04-29,Highland 69kV,23456.0,69.0,100.0,5.0,solar,OH,AEP,Withdrawn,gen
V1-033,2009-04-29,Pumphrey 115kV,31871.0,115.0,100.0,132.0,other,MD,BGE,Withdrawn,gen
V1-034,2009-04-30,Bergen 230kV,19042.0,230.0,100.0,673.0,other,NJ,JCPL,In Service,gen
V1-035,2009-04-30,Kanawha 138kV,889.0,138.0,89.0909090909091,53.0,other,WV,AEP,Withdrawn,gen
V2-001,2009-05-06,Bucyrus Center 138kV,36815.0,138.0,100.0,91.8,wind,OH,AEP,Withdrawn,gen
V2-002,2009-05-06,Martinsburg,53679.0,138.0,85.71428571428572,2.65,gas,PA,PENELEC,Withdrawn,gen
V2-003,2009-05-07,Beasley 23kV,54518.0,23.0,75.33333333333334,4.0,solar,NJ,AEC,Withdrawn,gen
V2-004,2009-05-11,Harwood-E. Hazleton #1,13294.0,138.0,100.0,5.0,solar,PA,PPL,Withdrawn,gen
V2-005,2009-05-15,Pleasantville 12kV,25024.0,12.0,84.3076923076923,7.33,gas,NJ,AEC,Withdrawn,gen
V2-006,2009-05-28,East Leipsic 138kV,7094.0,138.0,100.0,150.0,wind,OH,AEP,Withdrawn,gen
V2-007,2009-05-29,Bedington-Harmony Jct 138kV,32773.0,138.0,100.0,,other,MD,APS,Withdrawn,gen
V2-008,2009-05-29,Kincaid 345kV,38484.0,345.0,100.0,600.0,other,IL,ComEd,Withdrawn,gen
V2-009,2009-05-29,Plainsboro & Devils Brook 13kV,18995.0,13.0,75.33333333333333,16.11,solar,NJ,PSEG,Withdrawn,gen
V2-010,2009-06-05,Stewartsville 34.5kV,29899.0,34.5,70.26086956521739,10.0,solar,NJ,JCPL,Withdrawn,gen
V2-011,2009-06-08,Sunbury-Milton 69kV,13490.0,69.0,100.0,5.63,solar,PA,PPL,Withdrawn,gen
V2-012,2009-06-09,Essex 26.4kV,19235.0,26.4,92.0,6.0,gas,NJ,PSEG,Withdrawn,gen
V2-013,2009-06-11,Farmingdale 12.47kV,12938.0,47.0,55.63636363636363,0.5,solar,NJ,JCPL,Withdrawn,gen
V2-014,2009-06-15,Waretown 12.47kV,53251.0,47.0,62.0,5.065,solar,NJ,AEC,Withdrawn,gen
V2-015,2009-06-15,Lumberton 13.2kV,4663.0,13.2,92.0,3.3,solar,NJ,PSEG,Withdrawn,gen
V2-016 1179105,2009-06-15,DUK-PJM,14503.0,138.0,66.66666666666667,50.0,other,,,Retracted,gen
V2-017 1179108,2009-06-15,DUK-PJM,14503.0,138.0,66.66666666666667,50.0,other,,,Retracted,gen
V2-018,2009-06-17,Tuckahoe,1518.0,138.0,66.66666666666667,20.0,solar,NJ,AEC,Withdrawn,gen
V2-019,2009-06-18,Mansfield-S. Troy 115kV,14010.0,115.0,100.0,100.5,wind,PA,PENELEC,In Service,gen
V2-019A,2009-06-23,Dumont 765kV,38419.0,765.0,100.0,7900.0,other,IN,AEP,Withdrawn,gen
V2-020,2009-06-26,Howard-West End Fostoria 138kV,5052.0,138.0,100.0,150.0,wind,OH,AEP,Withdrawn,gen
V2-021,2009-06-26,Clayville,12400.0,138.0,94.73684210526316,64.0,other,NJ,AEC,Withdrawn,gen
V2-022,2009-06-30,Galion-Leesburg 138kV,5092.0,138.0,100.0,201.0,wind,OH,AEP,Withdrawn,gen
V2-023,2009-06-30,Galion-Muskingham River 345kV,36835.0,345.0,100.0,250.5,wind,OH,AEP,Withdrawn,gen
V2-025,2009-06-30,Turnpike 13.8kV,26597.0,13.8,92.0,5.0,solar,NJ,PSEG,In Service,gen
V2-026,2009-06-30,Denver 138kV,39532.0,138.0,66.66666666666667,164.0,wind,WV,APS,Withdrawn,gen
V2-027,2009-07-08,South Milton,955.0,138.0,92.5,1.62,gas,PA,PPL,Withdrawn,gen
V2-028,2009-07-08,Vienna,13111.0,138.0,100.0,6.0,solar,MD,DPL,Withdrawn,gen
V2-029 1194261,2009-07-14,DUK-PJM,14503.0,138.0,66.66666666666667,418.0,other,,,Withdrawn,gen
V2-030,2009-07-14,Front Royal 500kV,11608.0,500.0,100.0,950.0,gas,VA,Dominion,In Service,gen
V2-031 1197326,2009-07-20,AMIL-PJM,29641.0,138.0,75.0,66.0,other,,,Confirmed,gen
V2-032 1197340,2009-07-20,AMIL-PJM,29641.0,138.0,75.0,65.0,other,,,Confirmed,gen
V2-033 1197345,2009-07-20,AMIL-PJM,29641.0,138.0,75.0,1.0,other,,,Confirmed,gen
V2-034 1197351,2009-07-20,AMIL-PJM,29641.0,138.0,75.0,45.0,other,,,Confirmed,gen
V2-035,2009-07-20,Pittsgrove,29928.0,138.0,88.75,2.0,solar,NJ,AEC,In Service,gen
V2-036 1199525,2009-07-21,PJM-TVA,31685.0,138.0,57.14285714285714,202.0,other,,,Retracted,gen
V2-037,2009-07-24,White Oak,32814.0,138.0,100.0,24.0,gas,MD,PEPCO,In Service,gen
V2-040,2009-07-28,Mountain Road 34.5kV,31615.0,34.5,92.0,4.0,gas,VA,Dominion,In Service,gen
V2-041,2009-07-29,Clayville 12kV,12400.0,12.0,86.73684210526316,4.0,solar,NJ,AEC,In Service,gen
V2-042,2009-07-29,Calvert Cliffs 500kV,31440.0,500.0,100.0,1640.0,other,MD,BGE,Withdrawn,gen
V2-042A_AT2,2009-07-27,Galion 138kV,5092.0,138.0,100.0,200.0,wind,OH,ATSI,Withdrawn,gen
V2-043,2009-07-31,Upper Deerfield Township I,15234.0,138.0,80.38461538461539,12.0,solar,NJ,AEC,Withdrawn,gen
V2-044,2009-07-31,Upper Deerfield Township II,15234.0,138.0,80.0,12.0,solar,NJ,AEC,Withdrawn,gen
V2-045,2009-07-31,Bayview,15445.0,138.0,75.0,20.0,solar,VA,ODEC,Withdrawn,gen
V2-046,2009-07-31,Pilesgrove Township 12kV,51032.0,12.0,64.72727272727273,19.9,solar,NJ,AEC,In Service,gen
V2-047,2009-07-31,Maurice River Township,51032.0,138.0,64.70588235294117,1.35,solar,NJ,AEC,Withdrawn,gen
V2-048 1205761,2009-08-05,PJM-LGEE,31685.0,138.0,57.14285714285714,11.0,other,,,Withdrawn,gen
V3-001,2009-08-03,Burches Hill 500kV,31456.0,500.0,100.0,750.0,gas,MD,PEPCO,Withdrawn,gen
V3-002,2009-08-04,Ellicott City,14151.0,138.0,78.26086956521739,1.2,solar,MD,BGE,Withdrawn,gen
V3-003,2009-08-05,Greentown-Jefferson 765kV,38394.0,765.0,100.0,500.0,wind,IN,AEP,Withdrawn,gen
V3-004,2009-08-06,Siegfried,32746.0,138.0,100.0,83.0,other,PA,PPL,Withdrawn,gen
V3-005,2009-08-10,Morris 34.5kV,34651.0,34.5,92.0,10.0,solar,NJ,JCPL,Withdrawn,gen
V3-006,2009-08-10,Linglestown,14759.0,138.0,100.0,1.0,solar,PA,PPL,Withdrawn,gen
V3-007,2009-08-10,Desoto-Tanners Creek #1 345kV,36331.0,345.0,100.0,200.0,wind,IN,AEP,In Service,gen
V3-008,2009-08-10,Desoto-Tanners Creek #1 345kV,36331.0,345.0,100.0,200.0,wind,IN,AEP,Withdrawn,gen
V3-009,2009-08-10,Desoto-Tanners Creek #2 345kV,36331.0,345.0,100.0,200.0,wind,IN,AEP,Withdrawn,gen
V3-010,2009-08-10,Delaware-Modoc 138kV,13775.0,138.0,100.0,100.0,wind,IN,AEP,Withdrawn,gen
V3-011,2009-08-11,Sussex 12.47kV,17111.0,47.0,82.0,3.4,gas,NJ,JCPL,Deactivated,gen
V3-012 1212383,2009-08-11,TVA-PJM,56730.0,138.0,66.66666666666667,600.0,other,,,Annulled,gen
V3-013,2009-08-18,Wilmington 69kV,42006.0,69.0,87.0,20.0,solar,OH,Dayton,Withdrawn,gen
V3-014,2009-08-20,Lee County,1975.0,138.0,82.98701298701297,160.2,wind,IL,ComEd,Withdrawn,gen
V3-015,2009-08-24,Keystone 345kV,31985.0,345.0,92.0,300.0,wind,IN,AEP,Withdrawn,gen
V3-016,2009-08-24,Greenville-West Milton 138kV,12444.0,138.0,100.0,300.0,wind,OH,Dayton,Withdrawn,gen
V3-017,2009-08-24,Morgantown-Oak Grove,12825.0,138.0,100.0,725.0,gas,MD,PEPCO,In Service,gen
V3-018,2009-08-24,Towanda 115kV,15247.0,115.0,66.66666666666667,75.0,wind,PA,PENELEC,Withdrawn,gen
V3-019,2009-08-27,Edinboro 13.8kV,31882.0,13.8,67.0,2.0,gas,PA,PENELEC,Withdrawn,gen
V3-020,2009-08-28,Mt. Storm-Valley 115kV,31970.0,115.0,100.0,500.0,other,WV,APS,Withdrawn,gen
V3-021,2009-08-28,Mt. Storm-Doubs 500kV,31970.0,500.0,100.0,500.0,other,WV,APS,Withdrawn,gen
V3-022,2009-08-28,502 Junction-Meadowbrook 500kV,17069.0,500.0,58.66666666666667,500.0,other,WV,APS,Withdrawn,gen
V3-023,2009-08-28,Alburtis-Hosensack 500kV,32727.0,500.0,100.0,500.0,other,PA,PPL,Withdrawn,gen
V3-024,2009-08-31,Devils Brook 13.2kV,18995.0,13.2,92.0,5.0,solar,NJ,PSEG,In Service,gen
V3-025,2009-08-31,Cranbury 13.8kV,14311.0,13.8,74.35294117647058,10.0,solar,NJ,JCPL,Withdrawn,gen
V3-026,2009-08-31,Larrabee 230kV,26786.0,230.0,100.0,550.0,other,NJ,JCPL,Withdrawn,gen
V3-027,2009-08-31,Pickens 138kV,850.0,138.0,100.0,200.0,wind,WV,APS,Withdrawn,gen
V3-028,2009-08-31,East Lima-Marysville 345kV,38941.0,345.0,100.0,20.0,solar,OH,AEP,In Service,gen
V3-029,2009-08-31,Chatfield 138kV,31728.0,138.0,86.11764705882352,150.0,wind,OH,AEP,Withdrawn,gen
V3-030,2009-08-31,St. Benedict-Patton 46kV,12658.0,46.0,62.58823529411764,30.6,wind,PA,PENELEC,In Service,gen
V3-031,2009-08-31,Germantown,13381.0,138.0,100.0,20.0,solar,PA,ME,Withdrawn,gen
V3-032,2009-09-01,Darwin-Eugene 345kV,19529.0,345.0,66.66666666666667,200.0,wind,IL,AEP,Withdrawn,gen
V3-034,2009-09-08,Red Oak 230kV,26550.0,230.0,93.33333333333333,921.5,gas,NJ,JCPL,Withdrawn,gen
V3-036,2009-09-14,Ontario 23kV,4777.0,23.0,92.0,5.5,gas,NJ,AEC,In Service,gen
V3-037,2009-09-14,Naval Academy Junction 13kV,18304.0,13.0,74.35294117647058,4.0,gas,MD,BGE,In Service,gen
V3-038,2009-09-16,Turnpike 13kV,26597.0,13.0,92.0,0.6,solar,NJ,PSEG,Withdrawn,gen
V3-039,2009-09-16,Harrison 4kV,7707.0,138.0,100.0,1.2,solar,NJ,PSEG,Withdrawn,gen
V3-040,2009-09-17,Siegfried-Hauto 69kV,32746.0,69.0,100.0,10.0,solar,PA,PPL,Withdrawn,gen
V3-041,2009-09-21,Daleville,13756.0,138.0,100.0,4.0,gas,PA,PECO,In Service,gen
V3-042,2009-09-02,Thompson 115kV,13888.0,115.0,100.0,84.0,wind,PA,PENELEC,Withdrawn,gen
V3-044,2009-09-28,Glendon 34.5kV,29921.0,34.5,92.0,4.8,gas,PA,ME,Deactivated,gen
V3-045,2009-09-29,Zimmer-Spurlock 345kV,40504.0,345.0,100.0,112.0,other,OH,DEOK,In Service,gen
V3-046,2009-09-30,Conemaugh-Juniata 500kV,13297.0,500.0,100.0,741.0,other,PA,PENELEC,Withdrawn,gen
V3-047,2009-09-30,Sutton Dam 69kV,43936.0,69.0,66.66666666666667,9.9,other,WV,APS,Withdrawn,gen
V3-050,2009-10-12,Penns Neck 13kV,33192.0,13.0,52.86956521739131,4.6,gas,NJ,PSEG,Withdrawn,gen
V3-051,2009-10-16,Letort,15378.0,138.0,100.0,3.2,wind,PA,PPL,Deactivated,gen
V3-052,2009-10-21,NI HUB-DC Cook ,,138.0,0.0,500.0,other,,ComEd,In Service,gen
V3-053,2009-10-22,Desoto 138kV,36331.0,138.0,100.0,150.0,wind,IN,AEP,Withdrawn,gen
V3-054 1246457,2009-10-22,PJM-LGEE,31685.0,138.0,57.14285714285714,99.0,other,,,Withdrawn,gen
V3-055,2009-10-23,Engle 69kV,15741.0,69.0,80.0,50.0,other,KY,AEP,Withdrawn,gen
V3-056,2009-10-30,Metropolitan Court 34.5kV,11495.0,34.5,50.06451612903225,50.0,other,MD,APS,Withdrawn,gen
V3-057,2009-10-30,Ironwood 230kV,13613.0,230.0,90.0,20.0,storage,PA,ME,Withdrawn,battery
V3-058,2009-10-30,Brunswick 26.4kV,29513.0,26.4,92.0,2.0,solar,NJ,PSEG,In Service,gen
V3-059,2009-10-30,Brunswick 26.4kV,29513.0,26.4,92.0,2.0,solar,NJ,PSEG,In Service,gen
V3-060,2009-10-30,Antioch,37990.0,138.0,100.0,20.0,wind,IL,ComEd,Withdrawn,gen
V3-061,2009-10-30,Bayview,15445.0,138.0,75.0,20.0,solar,VA,ODEC,Withdrawn,gen
V3-062,2009-10-30,McConnellsburg-Guilford 138kV,14098.0,138.0,100.0,20.0,solar,PA,APS,Withdrawn,gen
V3-063,2009-10-30,Dupont 69kV,13407.0,69.0,100.0,20.0,other,VA,AEP,Withdrawn,gen
V3-064,2009-10-30,Rivesville-Pruntytown 138kV,32183.0,138.0,90.0,28.0,other,WV,APS,Withdrawn,gen
V3-065,2009-10-30,Clay St. 4kV (Barringer),47489.0,138.0,82.35294117647058,0.549,solar,NJ,PSEG,In Service,gen
V3-066,2009-10-30,Cook Road 13.8kV (Park),26629.0,13.8,92.0,0.432,solar,NJ,PSEG,In Service,gen
V3-067,2009-10-30,Norfolk St. 4kV (Central),25252.0,138.0,81.66666666666666,0.773,solar,NJ,PSEG,In Service,gen
V3-068,2009-10-30,Norfolk St. 4kV (New Central HS),25252.0,138.0,78.4,0.425,solar,NJ,PSEG,In Service,gen
V3-069,2009-10-30,Woodbridge 13kV (Matrix Bldg),26519.0,13.0,92.0,2.308,solar,NJ,PSEG,In Service,gen
V3-070,2009-10-30,J. Rinco 34.5kV,31529.0,34.5,63.42857142857143,8.0,solar,NJ,JCPL,In Service,gen
V3-071,2009-10-30,Frenchtown 12.47kV,13320.0,47.0,55.63636363636363,2.0,solar,NJ,JCPL,Withdrawn,gen
V4-001,2009-11-02,Lebanon 34.5kV,33389.0,34.5,92.0,2.0,solar,NJ,JCPL,In Service,gen
V4-002,2009-11-05,Graceton 230kV,18068.0,230.0,100.0,575.0,gas,PA,PECO,Withdrawn,gen
V4-003,2009-11-09,Churchmans,32307.0,138.0,80.0,14.0,storage,DE,DPL,Withdrawn,battery
V4-004,2009-11-11,Roxbury 12.5kV,13241.0,12.5,92.0,10.0,solar,NJ,JCPL,Withdrawn,gen
V4-005,2009-11-11,Southampton 13.8kV,44795.0,13.8,77.71428571428572,2.9,solar,NJ,PSEG,In Service,gen
V4-006,2009-11-12,Byron 1-NI Hub,20774.0,138.0,91.42857142857143,150.0,other,,ComEd,In Service,gen
V4-007,2009-11-12,Quad City 1-NI Hub,31500.0,138.0,72.72727272727273,150.0,other,,ComEd,In Service,gen
V4-008,2009-11-12,Braidwood 1-AD Hub,20761.0,138.0,94.54545454545455,500.0,other,,ComEd,Withdrawn,gen
V4-009,2009-11-12,Upper Deerfield,15234.0,138.0,88.0,10.0,solar,NJ,AEC,Withdrawn,gen
V4-010,2009-11-12,Tiffin Center 138kV,5080.0,138.0,88.0,200.0,wind,OH,AEP,Withdrawn,gen
V4-011,2009-11-13,Granger Electric,21598.0,138.0,81.25,3.2,gas,OH,AEP,In Service,gen
V4-012,2009-11-13,Morgantown,12825.0,138.0,100.0,4.8,gas,PA,PPL,Withdrawn,gen
V4-013,2009-11-18,Gloucester 26kV,29530.0,26.0,92.0,5.2,solar,NJ,PSEG,Withdrawn,gen
V4-014,2009-11-20,Greenridge Landfill,46208.0,138.0,65.11627906976744,6.5,gas,PA,APS,Withdrawn,gen
V4-015,2009-11-23,Fostoria Central 138kV,23237.0,138.0,100.0,66.6,wind,OH,AEP,Withdrawn,gen
V4-016,2009-11-25,Valley 138kV,16471.0,138.0,100.0,200.0,wind,MI,AEP,Withdrawn,gen
V4-017,2009-11-25,Woodruffs Gap 345kV,6127.0,345.0,64.0,3.5,solar,NJ,JCPL,Withdrawn,gen
V4-018,2009-11-25,Front Royal 500kV,11608.0,500.0,100.0,1425.0,gas,VA,Dominion,In Service,gen
V4-019,2009-11-25,Bergen 230kV,19042.0,230.0,100.0,1209.0,gas,NJ,PSEG,In Service,gen
V4-020,2009-11-25,North Temple 230kV,13620.0,230.0,100.0,650.0,gas,PA,ME,Withdrawn,gen
V4-021,2009-11-30,Keystone 345kV,31985.0,345.0,92.0,300.0,wind,IN,Dayton,Withdrawn,gen
V4-022,2009-11-30,Tasley,11630.0,138.0,100.0,5.0,solar,VA,ODEC,Withdrawn,gen
V4-023,2009-11-30,Upper Pittsgrove 1,29928.0,138.0,96.66666666666667,18.0,solar,NJ,AEC,Withdrawn,gen
V4-024,2009-11-30,Upper Pittsgrove 2,29928.0,138.0,96.66666666666667,18.0,solar,NJ,AEC,Withdrawn,gen
V4-025,2009-11-30,Upper Pittsgrove 3,29928.0,138.0,96.66666666666667,20.0,solar,NJ,AEC,Withdrawn,gen
V4-026,2009-12-01,Pontiac-Dumont 345kV,30180.0,345.0,92.0,3000.0,other,IL,AEP,Withdrawn,gen
V4-027,2009-12-07,Quarryville,15995.0,138.0,100.0,5.0,solar,PA,PPL,In Service,gen
V4-028,2009-12-07,Kuller Road 13.2kV,33107.0,13.2,80.88888888888889,4.0,solar,NJ,PSEG,Withdrawn,gen
V4-029,2009-12-07,Mannington Township,51032.0,138.0,64.83253588516746,20.0,solar,NJ,AEC,Withdrawn,gen
V4-030,2009-12-08,Byron 2-NI Hub,20774.0,138.0,91.42857142857143,350.0,other,,ComEd,In Service,gen
V4-031,2009-12-08,Quad 2-NI Hub,31500.0,138.0,66.36363636363636,350.0,other,,ComEd,In Service,gen
V4-033,2009-12-11,Desoto-Tanners Creek 345kV,36331.0,345.0,100.0,299.2,wind,IN,AEP,Withdrawn,gen
V4-035,2009-12-14,Yankee 12.5kV,5195.0,12.5,82.0,1.5,solar,OH,Dayton,Withdrawn,gen
V4-036,2009-12-14,Newport-South Millville 69kV,4491.0,69.0,92.0,20.0,solar,NJ,AEC,Withdrawn,gen
V4-037,2009-12-14,Pilesgrove 12kV,14631.0,12.0,72.0,10.0,solar,NJ,AEC,Withdrawn,gen
V4-037A 1274879,2009-12-15,DUK-PJM,14503.0,138.0,66.66666666666667,200.0,other,,,Retracted,gen
V4-038,2009-12-16,Friendship Manor 34.5kV,7469.0,34.5,80.75,1.0,gas,MD,BGE,In Service,gen
V4-039,2009-12-18,Church,12913.0,138.0,100.0,9.0,solar,MD,DPL,Withdrawn,gen
V4-039A_AT3,2009-12-21,"MOABs A16, A17, A18",,138.0,0.0,22.0,gas,OH,ATSI,Withdrawn,gen
V4-040,2009-12-22,Orchard 230kV,19254.0,230.0,92.0,20.0,solar,NJ,AEC,Withdrawn,gen
V4-041,2009-12-24,Upper Pittsgrove 4,29928.0,138.0,96.66666666666667,20.0,solar,NJ,AEC,Withdrawn,gen
V4-042,2009-12-24,Upper Pittsgrove 5,29928.0,138.0,96.66666666666667,20.0,solar,NJ,AEC,Withdrawn,gen
V4-043,2009-12-24,Shirley 12kV,12940.0,12.0,77.71428571428572,8.0,solar,NJ,AEC,Withdrawn,gen
V4-044,2009-12-24,Mannington Township 2,51032.0,138.0,62.72727272727272,3.0,solar,NJ,AEC,Withdrawn,gen
V4-045,2009-12-24,Peach Bottom,14669.0,138.0,100.0,2665.8,other,PA,PECO,In Service,gen
V4-046,2009-12-24,Byron 1,20774.0,138.0,91.42857142857143,1232.0,other,IL,ComEd,In Service,gen
V4-047,2009-12-24,Byron 2,20774.0,138.0,91.42857142857143,1210.0,other,IL,ComEd,In Service,gen
V4-048,2009-12-24,Braidwood 1,20761.0,138.0,94.54545454545455,1240.0,other,IL,ComEd,In Service,gen
V4-049,2009-12-24,Braidwood 2,20761.0,138.0,94.54545454545455,1214.0,other,IL,ComEd,In Service,gen
V4-050 1276187,2009-12-17,PJM-AMIL,31685.0,138.0,57.14285714285714,225.0,other,,,Annulled,gen
V4-051 1276193,2009-12-17,PJM-AMIL,31685.0,138.0,57.14285714285714,225.0,other,,,Withdrawn,gen
V4-052,2009-12-28,West Reading,13622.0,138.0,88.88888888888889,10.0,gas,PA,ME,In Service,gen
V4-053,2009-12-30,Double Toll Gate 138kV,32779.0,138.0,100.0,20.0,solar,VA,APS,Withdrawn,gen
V4-054,2009-12-31,Fairfield Township 12kV,15263.0,12.0,77.0,10.0,solar,NJ,AEC,In Service,gen
V4-055,2010-01-06,Meigs-Ravenswood 69kV,46760.0,69.0,60.0,11.0,solar,OH,AEP,Withdrawn,gen
V4-055A 926517,2010-01-06,LGEE-PJM,4036.0,138.0,85.71428571428572,5.0,other,,,Confirmed,gen
V4-058,2010-01-07,Collins HVDC,20762.0,138.0,87.5,3500.0,other,SD,ComEd,Withdrawn,gen
V4-059,2010-01-11,Pine Creek 46kV,31740.0,46.0,92.0,20.0,other,WV,AEP,Withdrawn,gen
V4-060 1297962,2010-01-15,MEC-PJM,15751.0,138.0,85.71428571428572,50.0,other,,,Confirmed,gen
V4-061 1297967,2010-01-15,MEC-PJM,15751.0,138.0,85.71428571428572,50.0,other,,,Confirmed,gen
V4-062,2010-01-22,Upper Pittsgrove 6,29928.0,138.0,96.66666666666667,3.0,solar,NJ,AEC,Withdrawn,gen
V4-063,2010-01-22,Upper Pittsgrove 7,29928.0,138.0,96.66666666666667,20.0,solar,NJ,AEC,Withdrawn,gen
V4-064,2010-01-26,Tasley-Kellam 69kV,11630.0,69.0,100.0,20.0,solar,VA,ODEC,Withdrawn,gen
V4-065,2010-01-27,Meadow Road 13kV,29187.0,13.0,92.0,10.0,solar,NJ,PSEG,Withdrawn,gen
V4-066,2010-01-28,Egg Harbor Township 12kV,51032.0,12.0,64.72727272727273,3.6,solar,NJ,AEC,Withdrawn,gen
V4-067,2010-01-28,Cates Road Egg Harbor Township 12kV,51032.0,12.0,49.72727272727272,2.6,solar,NJ,AEC,Deactivated,gen
V4-068,2010-01-29,Murphy's 34.5kV,40253.0,34.5,84.5,5.0,solar,NC,Dominion,In Service,gen
V4-069,2010-01-29,Frenchtown 34.5kV,15947.0,34.5,65.6842105263158,3.0,solar,NJ,JCPL,In Service,gen
V4-070,2010-01-29,Frenchtown 12.5kV,15947.0,12.5,65.6842105263158,3.0,solar,NJ,JCPL,In Service,gen
V4-071,2010-01-29,Bixby 13.8kV,37589.0,13.8,92.0,2.0,storage,OH,AEP,Withdrawn,battery
V4-072,2010-01-29,Blue Ridge Landfill,31511.0,138.0,66.66666666666667,4.8,gas,PA,APS,Withdrawn,gen
V4-073,2010-01-29,Yankee 12.5kV,5195.0,12.5,82.0,2.5,solar,OH,Dayton,In Service,gen
V4-074,2010-01-29,Quad Cities Wind,31500.0,138.0,90.625,1000.0,wind,IL,ComEd,Withdrawn,gen
V4-075,2010-01-29,Warwick 12kV,15602.0,12.0,92.0,2.0,solar,PA,PPL,Withdrawn,gen
V4-076,2010-01-29,Carlisle Pike 23kV,13242.0,23.0,92.0,5.3,solar,PA,PENELEC,Withdrawn,gen
V4-077,2010-01-29,Montgomery Avenue 12.47kV,31497.0,47.0,79.64705882352942,13.0,solar,PA,PENELEC,Withdrawn,gen
V4-078,2010-01-29,Hawks Bridge Road,4681.0,138.0,82.0,10.0,solar,NJ,AEC,Withdrawn,gen
V4-081 1307470,2010-01-29,PJM-LGEE,31685.0,138.0,57.14285714285714,110.0,other,,,Retracted,gen
W1-001,2010-02-02,Linden VFT 230kV,19239.0,230.0,88.0,15.0,other,NJ,PSEG,In Service,gen
W1-002,2010-02-03,Tiltonsville-Windsor 138kV,34632.0,138.0,78.95652173913044,98.0,other,OH,AEP,Withdrawn,gen
W1-003,2010-02-04,Oak Hall,11635.0,138.0,100.0,20.0,solar,VA,DPL,In Service,gen
W1-004,2010-02-04,Oak Hall,11635.0,138.0,100.0,20.0,solar,VA,DPL,In Service,gen
W1-005,2010-02-04,Oak Hall,11635.0,138.0,100.0,20.0,solar,VA,DPL,In Service,gen
W1-006,2010-02-04,Oak Hall,11635.0,138.0,100.0,20.0,solar,VA,DPL,In Service,gen
W1-007,2010-02-04,Oak Hall,11635.0,138.0,100.0,20.0,solar,VA,DPL,Withdrawn,gen
W1-008,2010-02-04,Tasley-Kellam 69kV,11630.0,69.0,100.0,20.0,solar,VA,ODEC,Withdrawn,gen
W1-009,2010-02-04,Tasley-Kellam 69kV,11630.0,69.0,100.0,20.0,solar,VA,ODEC,Withdrawn,gen
W1-010,2010-02-04,Cooper,1417.0,138.0,100.0,20.0,solar,PA,PECO,Withdrawn,gen
W1-011,2010-02-04,Orchard 230kV,19254.0,230.0,92.0,70.0,solar,NJ,AEC,Withdrawn,gen
W1-011A 1318109,2010-02-11,DUK2-PJM,14503.0,138.0,57.14285714285714,50.0,other,,,Retracted,gen
W1-012,2010-02-12,Millheim-Brush Jct 46kV,29641.0,46.0,58.66666666666667,50.0,wind,PA,APS,Withdrawn,gen
W1-013,2010-02-17,Saint Thomas 34kV I,16881.0,34.0,58.66666666666667,20.0,solar,PA,APS,Withdrawn,gen
W1-014,2010-02-18,Saint Thomas 34kV II,16881.0,34.0,58.66666666666667,20.0,solar,PA,APS,Withdrawn,gen
W1-015,2010-02-19,Shade Gap 115kV,13238.0,115.0,100.0,60.8,wind,PA,PENELEC,Withdrawn,gen
W1-016 1325338,2010-02-19,MEC-PJM,15751.0,138.0,85.71428571428572,50.0,other,,,Confirmed,gen
W1-017 1325402,2010-02-19,MEC-PJM,15751.0,138.0,85.71428571428572,50.0,other,,,Confirmed,gen
W1-018 1325455,2010-02-19,MEC-PJM,15751.0,138.0,85.71428571428572,50.0,other,,,Confirmed,gen
W1-019 1325477,2010-02-19,MEC-PJM,15751.0,138.0,85.71428571428572,50.0,other,,,Confirmed,gen
W1-020 1325503,2010-02-19,MEC-PJM,15751.0,138.0,85.71428571428572,46.0,other,,,Confirmed,gen
W1-021,2010-02-22,Fairton 69kV I,31487.0,69.0,70.58823529411764,20.0,solar,NJ,AEC,Withdrawn,gen
W1-022,2010-02-24,Fairton 69kV II,31487.0,69.0,70.58823529411764,20.0,solar,NJ,AEC,Withdrawn,gen
W1-023,2010-02-24,Fairton 69kV III,31487.0,69.0,70.58823529411764,10.0,solar,NJ,AEC,Withdrawn,gen
W1-024,2010-02-24,Manalapan 12.5kV,20162.0,12.5,54.5,4.0,solar,NJ,JCPL,In Service,gen
W1-025,2010-02-25,Mt. Storm-Valley 500kV,31970.0,500.0,100.0,500.0,other,WV,Dominion,Withdrawn,gen
W1-026,2010-02-25,Mt. Storm-Doubs 500kV,31970.0,500.0,100.0,500.0,other,WV,Dominion,Withdrawn,gen
W1-027,2010-02-25,502 Junction-Meadowbrook 500kV,17069.0,500.0,58.66666666666667,500.0,other,WV,APS,Withdrawn,gen
W1-028,2010-02-25,Alburtis-Hosensack,32727.0,138.0,100.0,500.0,other,PA,PPL,Withdrawn,gen
W1-029,2010-02-25,Winfall 230kV,6054.0,230.0,61.53846153846154,208.0,wind,NC,Dominion,In Service,gen
W1-030,2010-02-25,Pontiac Midpoint-Reynolds 345kV,13202.0,345.0,100.0,300.0,wind,IL,ComEd,Withdrawn,gen
W1-031,2010-02-25,Pontiac Midpoint-Reynolds 345kV,13202.0,345.0,100.0,300.0,wind,IL,ComEd,Withdrawn,gen
W1-032,2010-02-25,Millhurst 12.5kV,14069.0,12.5,67.0,3.0,solar,NJ,JCPL,In Service,gen
W1-033,2010-02-25,Pumphrey 115kV,31871.0,115.0,100.0,157.0,other,MD,BGE,Withdrawn,gen
W1-034,2010-02-26,Burches Hill,31456.0,138.0,100.0,750.0,gas,MD,PEPCO,Withdrawn,gen
W1-035,2010-02-26,Baker 345kV,33039.0,345.0,100.0,750.0,gas,KY,AEP,Withdrawn,gen
W1-036,2010-02-26,Matt Funk-Tech Drive 138kV,33040.0,138.0,100.0,45.0,wind,VA,AEP,Withdrawn,gen
W1-037,2010-02-26,East Lima-South Kenton 138kV,38941.0,138.0,100.0,20.0,solar,VA,DPL,Withdrawn,gen
W1-038,2010-02-26,Fairlawn 138kV,42753.0,138.0,92.0,77.0,gas,NJ,PSEG,Withdrawn,gen
W1-039,2010-02-26,Pedricktown 230kV,29927.0,230.0,100.0,120.3,gas,NJ,AEC,Deactivated,gen
W1-040,2010-02-26,LaSalle,20760.0,138.0,93.33333333333333,2752.0,other,IL,ComEd,Withdrawn,gen
W1-041,2010-02-26,W. Milton-Greenville,15593.0,138.0,100.0,50.0,wind,OH,Dayton,Withdrawn,gen
W1-042,2010-03-04,Hubar Road 1,6336.0,138.0,73.0,20.0,solar,PA,APS,Withdrawn,gen
W1-043,2010-03-04,Hubar Road 2,19232.0,138.0,70.58823529411764,20.0,solar,PA,APS,Withdrawn,gen
W1-044,2010-03-04,Mont Alto,21846.0,138.0,79.01960784313725,20.0,solar,PA,APS,Withdrawn,gen
W1-045,2010-03-04,Roxbury 23 kV,13241.0,23.0,92.0,13.5,solar,PA,PENELEC,In Service,gen
W1-046,2010-03-04,Face Rock 69kV,32038.0,69.0,100.0,15.0,solar,PA,PPL,Withdrawn,gen
W1-048,2010-03-09,Quinton Township,51032.0,138.0,68.97727272727272,5.0,solar,NJ,AEC,Withdrawn,gen
W1-049 1342417,2010-03-09,TVA-PJM,56730.0,138.0,66.66666666666667,300.0,other,,,Withdrawn,gen
W1-050,2010-03-12,Keller & Valley Camp Roads I,13941.0,138.0,73.33333333333334,20.0,solar,PA,APS,Withdrawn,gen
W1-051,2010-03-12,St. Thomas 34kV III,16881.0,34.0,58.66666666666667,130.0,solar,PA,APS,Withdrawn,gen
W1-052,2010-03-12,Keller & Valley Camp Roads II,13941.0,138.0,73.21428571428571,20.0,solar,PA,APS,Withdrawn,gen
W1-053,2010-03-15,Pleasant View 500kV,29475.0,500.0,92.0,229.0,other,VA,Dominion,Withdrawn,gen
W1-054,2010-03-16,South Akron-Prince,13614.0,138.0,100.0,11.4,gas,PA,PPL,In Service,gen
W1-055,2010-03-18,Broadway 34.5kV,15051.0,34.5,86.0,10.0,solar,NJ,JCPL,Withdrawn,gen
W1-056,2010-03-18,Ada-Dunkirk 69kV,16115.0,69.0,67.0,66.7,wind,OH,AEP,In Service,gen
W1-057,2010-03-23,Earleys 34.5kV,3185.0,34.5,92.0,20.0,solar,NC,Dominion,Withdrawn,gen
W1-058 1352721,2010-03-22,PJM-CPLE,31685.0,138.0,57.14285714285714,7.0,other,,,Retracted,gen
W1-058A_DK1,2010-03-23,AK Steel Middletown-AK Steel 1C 138kV,17794.0,138.0,85.78947368421052,134.5,gas,OH,Duke,Withdrawn,gen
W1-059,2010-03-24,Denville,14262.0,138.0,87.5,2.0,solar,NJ,JCPL,Withdrawn,gen
W1-060,2010-03-25,Carneys Point Township,14859.0,138.0,73.15789473684211,20.0,solar,NJ,AEC,Withdrawn,gen
W1-061,2010-03-26,Brambleton,31622.0,138.0,100.0,33.0,other,VA,Dominion,Withdrawn,gen
W1-061A 1365383,2010-03-26,PJM-TVA,31685.0,138.0,57.14285714285714,100.0,other,,,Retracted,gen
W1-061B 1365390,2010-03-26,PJM-TVA,31685.0,138.0,57.14285714285714,200.0,other,,,Retracted,gen
W1-062,2010-03-29,Clayton 138kV,16727.0,138.0,100.0,101.0,gas,DE,DPL,In Service,gen
W1-063,2010-03-30,Branchburg-Elroy 500kV,29176.0,500.0,100.0,33.0,other,NJ,PSEG,Withdrawn,gen
W1-064,2010-03-31,Grand Point 12kV,14093.0,12.0,92.0,1.6,gas,PA,APS,Withdrawn,gen
W1-065,2010-03-31,Millstone,54247.0,138.0,100.0,1.99,solar,NJ,JCPL,Withdrawn,gen
W1-066,2010-03-31,New Brooklyn Road 12kV,48294.0,12.0,78.0,9.0,solar,NJ,AEC,Withdrawn,gen
W1-067 1373369,2010-04-09,PJM-EKPC,31685.0,138.0,57.14285714285714,250.0,other,,PSEG,Retracted,gen
W1-068,2010-04-16,Quinton Township,51032.0,138.0,68.97727272727272,20.0,solar,NJ,AEC,Withdrawn,gen
W1-070,2010-04-20,Laurel 69kV,16031.0,69.0,100.0,20.0,solar,MD,DPL,Withdrawn,gen
W1-070A_AT4,2010-04-20,Ashtabula 138kV,4382.0,138.0,100.0,50.0,wind,OH,ATSI,Withdrawn,gen
W1-071,2010-04-22,Elk Road 12kV,17068.0,12.0,75.33333333333334,1.03,solar,NJ,AEC,Withdrawn,gen
W1-072A_AT5,2010-04-26,Lemoyne,38769.0,138.0,100.0,640.0,gas,OH,ATSI,In Service,gen
W1-073,2010-04-27,Ladysmith CT 230kV,31619.0,230.0,100.0,1562.0,gas,VA,Dominion,Withdrawn,gen
W1-074,2010-04-27,Remington CT 230kV,33148.0,230.0,100.0,1370.0,gas,VA,Dominion,Withdrawn,gen
W1-075,2010-04-28,Hunterstown 115kV,13298.0,115.0,100.0,20.0,solar,PA,ME,Withdrawn,gen
W1-076,2010-04-28,Kingwood,31490.0,138.0,94.11764705882352,10.0,solar,NJ,JCPL,Withdrawn,gen
W1-077,2010-04-28,Shacklefords 34.5kV,33030.0,34.5,55.63636363636363,14.0,gas,VA,Dominion,In Service,gen
W1-078,2010-04-28,Sammis-Wylie Ridge 345kV,5022.0,345.0,78.18181818181819,,other,OH,APS,In Service,gen
W1-079 1394028,2010-04-28,EKPC-PJM,11482.0,138.0,80.9090909090909,70.0,other,,,Confirmed,gen
W1-080,2010-04-29,Sutton Dam,39479.0,138.0,70.0,9.9,other,WV,APS,Withdrawn,gen
W1-081,2010-04-29,Mickleton 12kV,29925.0,12.0,92.0,5.0,solar,NJ,AEC,Withdrawn,gen
W1-082,2010-04-29,Milford,16007.0,138.0,100.0,20.0,solar,NJ,JCPL,Withdrawn,gen
W1-083,2010-04-29,Deptford 13kV,29935.0,13.0,92.0,4.6,solar,NJ,PSEG,Withdrawn,gen
W1-084,2010-04-29,Pedricktown 12kV,29927.0,12.0,92.0,5.0,solar,NJ,AEC,Withdrawn,gen
W1-085,2010-04-29,Millville 1 69kV,982.0,69.0,86.54545454545455,20.0,solar,NJ,AEC,Withdrawn,gen
W1-086,2010-04-29,Millville 2 69kV,982.0,69.0,86.54545454545455,20.0,solar,NJ,AEC,Withdrawn,gen
W1-087,2010-04-29,Millville 3 69kV,982.0,69.0,86.54545454545455,20.0,solar,NJ,AEC,Withdrawn,gen
W1-088,2010-04-29,Millville 4 69kV,982.0,69.0,86.54545454545455,20.0,solar,NJ,AEC,Withdrawn,gen
W1-089,2010-04-29,Newport 69kV,4491.0,69.0,92.0,18.0,solar,NJ,AEC,Withdrawn,gen
W1-090,2010-04-29,Berlin 69kV,16119.0,69.0,92.0,18.0,solar,NJ,AEC,Withdrawn,gen
W1-091,2010-04-29,Berlin 12kV,16119.0,12.0,92.0,2.5,solar,NJ,AEC,Withdrawn,gen
W1-092,2010-04-29,Mays Landing 12kV,49098.0,12.0,65.6842105263158,8.7,solar,NJ,AEC,Withdrawn,gen
W1-093,2010-04-29,Cape May 12kV,24941.0,12.0,92.0,20.0,solar,NJ,AEC,Withdrawn,gen
W1-094,2010-04-29,Williamstown 12kV,31832.0,12.0,92.0,10.0,solar,NJ,AEC,Withdrawn,gen
W1-095,2010-04-29,Buena 12kV,11460.0,12.0,75.63636363636364,18.0,solar,NJ,AEC,Withdrawn,gen
W1-096,2010-04-29,Woodbine 12kV,29167.0,12.0,69.77777777777779,7.0,solar,NJ,AEC,Withdrawn,gen
W1-097,2010-04-30,Fairfield Township 12kV,15263.0,12.0,77.0,2.0,solar,NJ,AEC,Withdrawn,gen
W1-098,2010-04-30,Levittown 13kV,29533.0,13.0,92.0,0.965,solar,NJ,PSEG,Withdrawn,gen
W1-099,2010-04-30,Levittown 13kV,29533.0,13.0,92.0,1.282,solar,NJ,PSEG,Withdrawn,gen
W1-100,2010-04-30,Minue Street 12kV,26521.0,12.0,92.0,1.741,solar,NJ,PSEG,Withdrawn,gen
W1-101,2010-04-30,Bayonne 13kV,26511.0,13.0,92.0,1.4,solar,NJ,PSEG,In Service,gen
W1-102,2010-04-30,Southampton 13kV,44795.0,13.0,77.71428571428572,1.9,solar,NJ,PSEG,Withdrawn,gen
W1-103,2010-04-30,Millville 12kV,982.0,12.0,92.0,20.0,solar,NJ,AEC,Withdrawn,gen
W1-104,2010-04-30,Bellefonte 12kV,11390.0,12.0,92.0,0.65,solar,PA,APS,Withdrawn,gen
W1-105,2010-04-30,Reamstown,32800.0,138.0,82.35294117647058,3.0,solar,PA,PPL,Withdrawn,gen
W1-106,2010-04-30,West Carlisle,23333.0,138.0,94.0,5.0,solar,PA,PPL,Withdrawn,gen
W1-107,2010-04-30,Grove City Road 12kV,33130.0,12.0,63.42857142857143,2.0,solar,PA,APS,Withdrawn,gen
W1-108,2010-04-30,Grays Ferry 230kV,29577.0,230.0,90.9090909090909,163.0,gas,PA,PECO,In Service,gen
W1-109,2010-04-30,Bloom 138kV,38428.0,138.0,62.5,20.0,storage,IL,ComEd,Withdrawn,battery
W1-110,2010-04-30,Galloway Township 12kV,40187.0,12.0,76.11764705882354,3.21,solar,NJ,AEC,Withdrawn,gen
W1-111,2010-04-30,Harwood-Berwick 69kV,13294.0,69.0,92.0,20.0,storage,PA,PPL,In Service,battery
W1-112,2010-04-30,Holmdel,29529.0,138.0,66.66666666666667,4.0,solar,NJ,JCPL,In Service,gen
W1-113,2010-04-30,Millstone 2,54247.0,138.0,94.54545454545455,8.0,solar,NJ,JCPL,In Service,gen
W1-114,2010-04-30,Port Carbon,31893.0,138.0,73.46320346320346,3.0,solar,PA,PPL,Withdrawn,gen
W1-115,2010-04-30,Tamanend,14931.0,138.0,100.0,3.0,solar,PA,PPL,Withdrawn,gen
W1-116,2010-04-30,Emmitsburg 34kV,32568.0,34.0,65.6842105263158,14.0,solar,MD,APS,In Service,gen
W1-117,2010-04-30,Silica Spur 1,6336.0,138.0,72.3076923076923,20.0,solar,NJ,AEC,Withdrawn,gen
W1-118,2010-04-30,Silica Spur 2,15255.0,138.0,59.25925925925925,20.0,solar,NJ,AEC,Withdrawn,gen
W1-119,2010-04-30,Pemberton Township 1 34.5 kV,52725.0,34.5,75.5,8.8,solar,NJ,JCPL,In Service,gen
W1-120,2010-04-30,Pemberton Township 2 34.5 kV,52725.0,34.5,75.5,8.8,solar,NJ,JCPL,In Service,gen
W1-121,2010-04-30,Crosswicks 13kV,18991.0,13.0,92.0,8.0,solar,NJ,PSEG,In Service,gen
W1-122,2010-04-30,Wantage 12.47kV,13409.0,47.0,50.82352941176471,5.13,solar,NJ,JCPL,Withdrawn,gen
W1-123,2010-04-30,Mannington Township 1 12kV,6336.0,12.0,63.42857142857143,10.0,solar,NJ,AEC,Withdrawn,gen
W1-124,2010-04-30,Tinton Falls 34.5kV,37847.0,34.5,75.33333333333334,16.9,solar,NJ,JCPL,In Service,gen
W1-125,2010-04-30,Mannington Township 2 12kV,51032.0,12.0,54.72727272727272,12.0,solar,NJ,AEC,Withdrawn,gen
W1-126,2010-04-30,White,4481.0,138.0,88.75,10.0,solar,NJ,JCPL,Withdrawn,gen
W1-127,2010-04-30,Phillipsburg 12.47kV,14704.0,47.0,76.61538461538461,3.0,solar,NJ,JCPL,In Service,gen
W1-128,2010-04-30,Red School Lane 69kV,48481.0,69.0,62.06896551724138,20.0,solar,NJ,JCPL,Withdrawn,gen
W1-129,2010-04-30,Cookstown 34.5kV,18961.0,34.5,92.0,5.0,solar,NJ,JCPL,In Service,gen
W1-130,2010-04-30,Vine Road 12kV,31642.0,12.0,77.71428571428572,9.2,solar,NJ,AEC,In Service,gen
W1-131,2010-04-30,Kenney,13129.0,138.0,100.0,5.0,solar,MD,DPL,Withdrawn,gen
W1-132,2010-04-30,Pittstown,38424.0,138.0,73.6842105263158,2.0,solar,NJ,JCPL,In Service,gen
W2-001,2010-05-06,Fostoria Central 138/kV,23237.0,138.0,94.0,66.6,wind,OH,AEP,Withdrawn,gen
W2-002,2010-05-10,Kennedyville 1 69kV,31817.0,69.0,95.71428571428571,20.0,solar,MD,DPL,Withdrawn,gen
W2-003,2010-05-10,Kennedyville 2 69kV,31817.0,69.0,95.71428571428571,20.0,solar,MD,DPL,Withdrawn,gen
W2-004,2010-05-12,Foundry St. 138kV,31183.0,138.0,63.1578947368421,45.0,other,NJ,PSEG,Withdrawn,gen
W2-005,2010-05-12,Pruntytown 138kV,815.0,138.0,100.0,30.0,other,WV,APS,Withdrawn,gen
W2-006,2010-05-12,Newburgh 12kV,4403.0,12.0,92.0,1.0,solar,NJ,JCPL,Withdrawn,gen
W2-007,2010-05-14,East Leipsic 138kV,7094.0,138.0,100.0,100.0,wind,OH,AEP,Withdrawn,gen
W2-008,2010-05-18,Tiltonsville-Windsor 138kV,34632.0,138.0,78.95652173913044,,other,OH,AEP,Withdrawn,gen
W2-009,2010-05-19,Hopewell 230kV,19035.0,230.0,100.0,18.0,gas,VA,Dominion,Withdrawn,gen
W2-010,2010-05-20,Conemaugh Unit 1,13297.0,138.0,86.875,870.0,other,PA,PENELEC,In Service,gen
W2-011,2010-05-20,Conemaugh Unit 2,13297.0,138.0,86.875,870.0,other,PA,PENELEC,In Service,gen
W2-013,2010-05-24,Branchburg-Elroy 500kV,29176.0,500.0,100.0,33.0,other,NJ,PSEG,Withdrawn,gen
W2-014,2010-05-25,Richmond,5371.0,138.0,100.0,98.0,other,PA,PECO,In Service,gen
W2-015,2010-05-25,Bridgeton 12kV,33799.0,12.0,82.0,10.0,solar,NJ,AEC,Withdrawn,gen
W2-016,2010-05-25,Frenchtown 34.5kV,15947.0,34.5,65.6842105263158,15.0,solar,NJ,JCPL,In Service,gen
W2-017,2010-05-28,Pennsville Township,51032.0,138.0,66.66666666666667,6.0,solar,NJ,AEC,Withdrawn,gen
W2-018,2010-05-28,Cumberland County Landfill,4083.0,138.0,81.53846153846153,11.2,gas,PA,PENELEC,In Service,gen
W2-019,2010-05-28,Wrightstown 34.5kV,38424.0,34.5,68.19047619047619,6.0,solar,NJ,JCPL,In Service,gen
W2-020,2010-05-28,Deptford 13kV,29935.0,13.0,92.0,5.0,solar,NJ,PSEG,Withdrawn,gen
W2-021,2010-05-28,Deptford 13kV,29935.0,13.0,92.0,5.0,solar,NJ,PSEG,Withdrawn,gen
W2-022,2010-05-28,Pantego 115kV,2012.0,115.0,61.53846153846154,73.6,wind,NC,Dominion,Withdrawn,gen
W2-023,2010-05-28,Sewaren 230kV,18978.0,230.0,100.0,625.0,gas,NJ,PSEG,Withdrawn,gen
W2-024,2010-05-28,Kearny 138kV,26616.0,138.0,92.0,625.0,gas,NJ,PSEG,Withdrawn,gen
W2-025,2010-05-28,Oldmans Township,42592.0,138.0,75.0,20.0,solar,NJ,AEC,Withdrawn,gen
W2-026,2010-05-28,Glassboro Road,33326.0,138.0,66.66666666666667,1.5,solar,NJ,AEC,Withdrawn,gen
W2-027,2010-05-28,Terrace 12kV,48586.0,12.0,92.0,5.0,solar,NJ,PSEG,Withdrawn,gen
W2-028,2010-06-01,Limerick #1,31786.0,138.0,94.0,1218.0,other,PA,PECO,Withdrawn,gen
W2-029,2010-06-01,Limerick #2,31786.0,138.0,94.0,1218.0,other,PA,PECO,Withdrawn,gen
W2-030,2010-06-03,Egg Harbor Township,51032.0,138.0,72.72727272727273,9.6,solar,NJ,AEC,In Service,gen
W2-031,2010-06-10,Gloucester 26kV,29530.0,26.0,92.0,8.5,solar,NJ,PSEG,Withdrawn,gen
W2-032,2010-06-10,Stow Creek Township,14753.0,138.0,77.41935483870968,20.0,solar,NJ,AEC,Withdrawn,gen
W2-033 1457548,2010-06-14,OVEC-PJM-MECS,34641.0,138.0,66.66666666666667,200.0,other,,,Confirmed,gen
W2-034,2010-06-16,Cohansey Road,17540.0,138.0,70.58823529411764,20.0,solar,NJ,AEC,Withdrawn,gen
W2-035,2010-06-16,Cohansey Road,17540.0,138.0,70.58823529411764,16.0,solar,NJ,AEC,Withdrawn,gen
W2-036,2010-06-18,Polhemus Lane 13kV,26600.0,13.0,61.230769230769226,0.749,solar,NJ,PSEG,In Service,gen
W2-037,2010-06-22,Cookstown 34.5kV,18961.0,34.5,92.0,7.0,solar,NJ,JCPL,Withdrawn,gen
W2-038,2010-06-22,East Frankfort-Crete,20757.0,138.0,100.0,800.0,other,IL,ComEd,In Service,gen
W2-039,2010-06-28,Clayville 69kV,12400.0,69.0,94.73684210526316,63.0,gas,NJ,AEC,In Service,gen
W2-040,2010-06-29,Camden 69kV,29531.0,69.0,92.0,20.0,solar,OH,Dayton,Withdrawn,gen
W2-041,2010-06-29,Egg Harbor Township,51032.0,138.0,72.72727272727273,2.6,solar,NJ,AEC,Withdrawn,gen
W2-042,2010-06-29,Dennis Township,19258.0,138.0,82.0,5.0,solar,NJ,AEC,Withdrawn,gen
W2-043,2010-06-30,Albright-Snowy Creek 138kV,17365.0,138.0,82.0,101.0,other,WV,APS,Withdrawn,gen
W2-044,2010-06-30,Columbia 138kV,31870.0,138.0,100.0,100.5,wind,IN,AEP,Withdrawn,gen
W2-046,2010-06-30,Powerton-Goodings Grove 345kV,20090.0,345.0,100.0,450.0,wind,IL,ComEd,Withdrawn,gen
W2-047,2010-06-30,Oldmans Township,42592.0,138.0,75.0,7.5,solar,NJ,AEC,Withdrawn,gen
W2-048,2010-06-30,Brokaw-Lanesville,12100.0,138.0,100.0,62.5,wind,IL,ComEd,In Service,gen
W2-049,2010-06-30,Reedy Creek 115kV,32181.0,115.0,100.0,47.4,other,VA,Dominion,In Service,gen
W2-050,2010-07-13,Flemington,24260.0,138.0,100.0,10.0,solar,NJ,JCPL,In Service,gen
W2-051,2010-07-13,Woodstown 69kV,19256.0,69.0,100.0,20.0,solar,NJ,AEC,Withdrawn,gen
W2-052,2010-07-19,Pierson Avenue 13kV,32721.0,13.0,62.58823529411764,0.592,solar,NJ,PSEG,In Service,gen
W2-053,2010-07-21,West Waynesboro 34.5kV I,40750.0,34.5,92.0,20.0,solar,PA,APS,Withdrawn,gen
W2-054,2010-07-21,West Waynesboro II 34.5kV II,40750.0,34.5,86.0,20.0,solar,PA,APS,Withdrawn,gen
W2-056,2010-07-23,Lumberton 13kV,4663.0,13.0,92.0,11.0,solar,NJ,PSEG,In Service,gen
W2-057,2010-07-28,Laurel Mountain,29534.0,138.0,91.73684210526315,125.0,storage,WV,APS,Deactivated,battery
W2-058,2010-07-29,Southampton 13kV,44795.0,13.0,77.71428571428572,1.0,solar,NJ,PSEG,Withdrawn,gen
W2-059,2010-07-29,Strasburg 12kV,31798.0,12.0,92.0,2.4,other,PA,PPL,Withdrawn,gen
W2-060,2010-07-29,Burlington 26kV,19326.0,26.0,92.0,20.0,solar,NJ,PSEG,Withdrawn,gen
W2-061,2010-07-29,Ringoes 12kV,19136.0,12.0,63.42857142857143,3.0,solar,NJ,JCPL,In Service,gen
W2-062,2010-07-29,Engle 69kV,15741.0,69.0,80.0,62.1,other,KY,AEP,Withdrawn,gen
W2-063,2010-07-30,Millbrook Park 138kV,7466.0,138.0,100.0,70.0,other,KY,AEP,Withdrawn,gen
W2-064,2010-07-30,Ringoes 34.5kV,19136.0,34.5,63.42857142857143,10.0,solar,NJ,JCPL,Withdrawn,gen
W2-065,2010-07-30,Woodstown Road 12kV,19256.0,12.0,84.5,5.0,solar,NJ,AEC,Withdrawn,gen
W2-067,2010-07-30,Amsterdam 138kV,6426.0,138.0,100.0,50.0,wind,OH,Dayton,Withdrawn,gen
W2-068,2010-07-30,Bluff Point 138kV,13779.0,138.0,80.9090909090909,150.0,wind,OH,AEP,Withdrawn,gen
W2-069,2010-07-30,Fishburn/Tanney 46kV,31629.0,46.0,72.0,10.0,solar,PA,APS,Withdrawn,gen
W2-070,2010-07-30,Pedricktown 12kV,29927.0,12.0,92.0,10.0,solar,NJ,AEC,Withdrawn,gen
W2-071,2010-07-30,Mt. Laurel 13kV,29534.0,13.0,92.0,2.8,solar,NJ,PSEG,In Service,gen
W2-072,2010-07-30,Pilesgrove 12kV,14631.0,12.0,72.0,20.0,solar,NJ,AEC,Withdrawn,gen
W2-073,2010-07-30,New Canton 12kV,37488.0,12.0,80.88888888888889,4.0,solar,NJ,JCPL,Withdrawn,gen
W2-074,2010-07-30,Bennett 12kV,14053.0,12.0,83.0,1.0,solar,NJ,JCPL,Withdrawn,gen
W2-075,2010-07-30,Tolna Unit 2,15247.0,138.0,82.5,20.0,other,PA,ME,In Service,gen
W2-076,2010-07-30,Rocktown 4.8kV,55036.0,138.0,81.21052631578948,2.0,solar,NJ,JCPL,Withdrawn,gen
W2-077,2010-07-30,Wrightstown 34.5kV,38424.0,34.5,68.19047619047619,2.06,solar,NJ,JCPL,Withdrawn,gen
W2-078,2010-07-30,Applegarth 12.5kV,32918.0,12.5,58.66666666666667,9.0,solar,NJ,JCPL,In Service,gen
W2-079,2010-07-30,Stillman Valley,13941.0,138.0,77.5,19.4,solar,IL,ComEd,Withdrawn,gen
W2-080,2010-07-30,Stanton 12kV,13402.0,12.0,92.0,2.0,solar,NJ,JCPL,In Service,gen
W2-081,2010-07-30,Port Carbon 12kV,31893.0,12.0,65.46320346320346,3.0,solar,PA,PPL,Withdrawn,gen
W2-082,2010-07-30,Fort Dix-McGuire 34.5kV,,34.5,0.0,8.0,solar,NJ,JCPL,In Service,gen
W2-083,2010-07-30,Frenchtown-Rosemont 34.5kV,15947.0,34.5,65.6842105263158,17.0,solar,NJ,JCPL,Withdrawn,gen
W2-084,2010-07-30,Branchville-Holiday Lakes 34.5kV,41497.0,34.5,72.0,10.0,solar,NJ,JCPL,Withdrawn,gen
W2-085,2010-07-30,Baptistown-Frenchtown 34.5kV,32574.0,34.5,62.58823529411764,10.0,solar,NJ,JCPL,Withdrawn,gen
W2-086,2010-07-30,Baptistown-East Flemington 34.5kV,32574.0,34.5,62.58823529411764,10.0,solar,NJ,JCPL,Withdrawn,gen
W2-087,2010-07-30,Mt. Holly 26kV,14762.0,26.0,63.42857142857143,10.0,solar,NJ,PSEG,Withdrawn,gen
W2-088,2010-07-30,Gravel Hill-Smithburg 34.5kV,13902.0,34.5,69.77777777777779,17.0,solar,NJ,JCPL,Withdrawn,gen
W2-089,2010-07-30,Cookstown-Fort Dix 34.5kV,18961.0,34.5,92.0,20.0,solar,NJ,JCPL,Withdrawn,gen
W2-090,2010-07-30,Lumberton 230kV,29537.0,230.0,100.0,20.0,solar,NJ,PSEG,Withdrawn,gen
W2-091,2010-07-30,Broadway-Stewartsville 34.5kV,15051.0,34.5,86.0,10.0,solar,NJ,JCPL,In Service,gen
W2-092,2010-07-30,Hunterstown 115kV II,13298.0,115.0,100.0,20.0,solar,PA,ME,Withdrawn,gen
W2-093,2010-07-30,Hunterstown 115kV III,13298.0,115.0,100.0,20.0,solar,PA,ME,Withdrawn,gen
W2-094,2010-07-30,Lincoln 13.2kV,13460.0,13.2,92.0,3.0,solar,PA,ME,Withdrawn,gen
W2-095,2010-07-30,Guilford 34.5kV,14094.0,34.5,92.0,10.0,solar,PA,APS,Withdrawn,gen
W2-096,2010-07-30,West Carlisle-Newville 1 69kV,23333.0,69.0,94.0,20.0,solar,PA,PPL,Withdrawn,gen
W2-097,2010-07-30,West Carlisle-Newville 2 69kV,23333.0,69.0,94.0,20.0,solar,PA,PPL,Withdrawn,gen
W2-098,2010-07-30,Hunterstown 115kV IV,13298.0,115.0,100.0,20.0,solar,PA,ME,Withdrawn,gen
W2-099,2010-07-30,Kenney 69kV,13129.0,69.0,100.0,20.0,solar,MD,DPL,Withdrawn,gen
W2-100,2010-07-30,Quinton Township,51032.0,138.0,68.97727272727272,10.0,solar,NJ,AEC,Withdrawn,gen
W2-101,2010-07-30,Quinton Township,51032.0,138.0,68.97727272727272,20.0,solar,NJ,AEC,Withdrawn,gen
W2-102,2010-07-30,Mt. Holly 26.4kV,14762.0,26.4,63.42857142857143,7.0,solar,NJ,PSEG,In Service,gen
W3-001,2010-07-28,Gilbert-Morris Park 34.5kV,13448.0,34.5,92.0,8.0,solar,NJ,JCPL,Withdrawn,gen
W3-002,2010-08-02,Occoquan 34.5kV,32819.0,34.5,92.0,3.2,gas,VA,Dominion,In Service,gen
W3-003,2010-08-03,East Flemington-Frenchtown 34.5kV,19021.0,34.5,92.0,8.8,solar,NJ,JCPL,In Service,gen
W3-004,2010-08-03,Ridgefield 13kV,24243.0,13.0,68.19047619047619,1.261,solar,NJ,PSEG,Withdrawn,gen
W3-005,2010-08-03,Fostoria Central-Galion (FE) 345kV,23237.0,345.0,100.0,500.0,wind,OH,AEP,Withdrawn,gen
W3-006,2010-08-05,Newburgh 12kV,4403.0,12.0,92.0,6.0,solar,NJ,JCPL,Withdrawn,gen
W3-007,2010-08-06,Reed 34.5kV,12606.0,34.5,92.0,20.0,solar,PA,APS,Withdrawn,gen
W3-008,2010-08-06,Mercersburg 34.5kV,14731.0,34.5,68.19047619047619,20.0,solar,PA,APS,Withdrawn,gen
W3-009,2010-08-06,Fairton,29213.0,138.0,76.92307692307692,10.0,solar,NJ,AEC,Withdrawn,gen
W3-010,2010-08-10,Hans Meadow 12.47KV,29187.0,47.0,61.28571428571429,0.34,gas,VA,AEP,Withdrawn,gen
W3-011,2010-08-10,East Lima-Fostoria Central 345kV,38941.0,345.0,100.0,300.0,wind,OH,AEP,Withdrawn,gen
W3-012,2010-08-10,East Lima-Fostoria Central 345kV,38941.0,345.0,100.0,300.0,wind,OH,AEP,Withdrawn,gen
W3-013,2010-08-10,Miami,4448.0,138.0,100.0,300.0,wind,OH,Dayton,Withdrawn,gen
W3-014,2010-08-10,Galion-Fostoria Central 345kV,36835.0,345.0,100.0,300.0,wind,OH,AEP,Withdrawn,gen
W3-015,2010-08-10,Egg Harbor Township,51032.0,138.0,72.72727272727273,2.0,solar,NJ,AEC,Withdrawn,gen
W3-016,2010-08-12,Pilesgrove,14631.0,138.0,80.0,20.0,solar,NJ,AEC,Withdrawn,gen
W3-017,2010-08-12,Pilesgrove,14631.0,138.0,80.0,20.0,solar,NJ,AEC,Withdrawn,gen
W3-018,2010-08-12,Deepwater-Woodstown 69kV,31823.0,69.0,100.0,60.0,solar,NJ,AEC,Withdrawn,gen
W3-019,2010-08-20,Fentress-Shawboro 230kV,32308.0,230.0,100.0,150.0,wind,NC,Dominion,Withdrawn,gen
W3-021,2010-08-24,Jacksons Ferry-Peak Creek 138kV,39286.0,138.0,100.0,70.0,wind,VA,AEP,Withdrawn,gen
W3-021A,2010-08-23,Corry East 115kV,13326.0,115.0,100.0,70.0,wind,PA,PENELEC,Withdrawn,gen
W3-022,2010-08-25,Frackville-Eldred #1 230kV,32745.0,230.0,100.0,150.0,wind,PA,PPL,Withdrawn,gen
W3-023,2010-08-25,Frackville-Eldred #2 230kV,32745.0,230.0,100.0,120.0,wind,PA,PPL,Withdrawn,gen
W3-024,2010-08-26,Columbia 138kV,31870.0,138.0,100.0,149.4,wind,IN,AEP,Withdrawn,gen
W3-025,2010-08-27,Wrightstown 34.5kV,38424.0,34.5,68.19047619047619,2.06,solar,NJ,JCPL,Withdrawn,gen
W3-026,2010-08-27,Burlington 13kV,19326.0,13.0,92.0,5.0,solar,NJ,PSEG,Withdrawn,gen
W3-027,2010-08-27,Meadowbrook 500kV,13754.0,500.0,92.0,100.0,other,VA,APS,Withdrawn,gen
W3-028,2010-08-27,Cedar 230kV,19714.0,230.0,100.0,348.0,wind,NJ,AEC,Withdrawn,gen
W3-029,2010-08-30,Buckeye-Ringoes 34.5kV,5180.0,34.5,78.15384615384616,8.4,solar,NJ,JCPL,In Service,gen
W3-030,2010-08-30,Southampton 13kV,44795.0,13.0,77.71428571428572,5.0,solar,NJ,PSEG,Withdrawn,gen
W3-031,2010-08-30,Medford 69kV,15166.0,69.0,85.71428571428572,20.0,solar,NJ,PSEG,Withdrawn,gen
W3-032,2010-08-30,Stewartsville-West Portal 34.5kV,29899.0,34.5,70.26086956521739,8.0,solar,NJ,JCPL,Withdrawn,gen
W3-032A,2010-08-30,Cartanza 230kV,16047.0,230.0,100.0,309.2,gas,DE,DPL,In Service,gen
W3-033,2010-08-31,Egg Harbor Township 1,6336.0,138.0,71.42857142857143,7.5,gas,NJ,AEC,Withdrawn,gen
W3-034,2010-08-31,Egg Harbor Township 2,51032.0,138.0,68.57142857142857,10.0,gas,NJ,AEC,Withdrawn,gen
W3-035,2010-08-31,Williamstown 12kV,31832.0,12.0,92.0,7.0,solar,NJ,AEC,Withdrawn,gen
W3-036,2010-08-31,Pemberton 12kV,52725.0,12.0,92.0,5.0,solar,MD,DPL,Withdrawn,gen
W3-037,2010-08-31,Delmar 12kV,22895.0,12.0,64.72727272727273,20.0,solar,MD,DPL,Withdrawn,gen
W3-038,2010-08-31,Lumberton 13kV,4663.0,13.0,92.0,5.0,solar,NJ,PSEG,Withdrawn,gen
W3-039,2010-08-31,Bayonne 26kV,26511.0,26.0,92.0,20.0,wind,NJ,PSEG,Withdrawn,gen
W3-040,2010-08-31,Martinsburg,53679.0,138.0,85.71428571428572,3.8,gas,PA,PENELEC,Withdrawn,gen
W3-041,2010-08-31,Burlington 26kV,19326.0,26.0,92.0,10.0,solar,NJ,PSEG,Withdrawn,gen
W3-042,2010-08-31,Mercersburg 34.5kV,14731.0,34.5,68.19047619047619,16.0,solar,PA,APS,Withdrawn,gen
W3-043,2010-08-31,Pendleton 230 kV,32322.0,230.0,100.0,500.0,wind,VA,Dominion,Withdrawn,gen
W3-044,2010-08-31,Washington 34.5kV,15621.0,34.5,92.0,8.8,solar,NJ,JCPL,In Service,gen
W3-045,2010-08-31,Fairfield 12kV,15263.0,12.0,92.0,3.0,solar,NJ,JCPL,Withdrawn,gen
W3-046,2010-08-31,Powerton 345kV,20090.0,345.0,100.0,207.5,wind,IL,ComEd,Withdrawn,gen
W3-047,2010-08-31,Front Royal 500kV,11608.0,500.0,100.0,1464.0,gas,VA,Dominion,In Service,gen
W3-048,2010-08-31,Hope Creek 500kV,31821.0,500.0,100.0,1275.0,other,NJ,PSEG,In Service,gen
W3-049,2010-08-31,Carneys Point 12kV,14859.0,12.0,68.0,10.0,solar,NJ,AEC,Withdrawn,gen
W3-050,2010-08-31,Kelford 34.5kV,6463.0,34.5,77.71428571428572,20.0,solar,NC,Dominion,Withdrawn,gen
W3-051,2010-08-31,Dorton 138kV,11586.0,138.0,100.0,60.0,wind,KY,AEP,Withdrawn,gen
W3-052,2010-08-31,Tazewell-Kendall 345kV,12091.0,345.0,100.0,200.0,wind,IL,ComEd,Withdrawn,gen
W3-053,2010-08-31,Trowbridge 230kV,32253.0,230.0,100.0,260.0,wind,NC,Dominion,Withdrawn,gen
W3-054,2010-08-31,Mackeys-Riders Creek 115kV,3417.0,115.0,100.0,150.0,wind,NC,Dominion,Withdrawn,gen
W3-054A,2010-08-31,Oak Hall 138kV,33196.0,138.0,100.0,95.0,wind,VA,ODEC,Withdrawn,gen
W3-055,2010-09-01,Lumberton 69kV,4663.0,69.0,92.0,12.0,solar,NJ,PSEG,Withdrawn,gen
W3-056,2010-09-01,Lumberton 69kV,4663.0,69.0,92.0,8.0,solar,NJ,PSEG,Withdrawn,gen
W3-057,2010-09-01,Lumberton 69kV,4663.0,69.0,92.0,20.0,solar,NJ,PSEG,Withdrawn,gen
W3-058,2010-09-10,Rio Grande 12kV,14031.0,12.0,71.0,10.0,solar,NJ,AEC,Withdrawn,gen
W3-059,2010-09-10,Quinton 12kV,29518.0,12.0,68.92307692307692,10.0,solar,NJ,AEC,Withdrawn,gen
W3-059A_AT6,2010-09-10,Avery-Greenfield 138kV ,39338.0,138.0,100.0,99.0,wind,OH,ATSI,Withdrawn,gen
W3-059B_AT7,2010-09-10,Allen Junction-Lyons 138kV,5038.0,138.0,100.0,97.6,wind,OH,ATSI,Withdrawn,gen
W3-059C_AT8,2010-09-10,Allen Junction 138kV,5038.0,138.0,100.0,99.0,wind,OH,ATSI,Withdrawn,gen
W3-060,2010-09-13,Kendallville 138kV,13047.0,138.0,100.0,120.0,wind,IN,AEP,Withdrawn,gen
W3-061,2010-09-14,Church 69kV,12913.0,69.0,100.0,20.0,solar,MD,DPL,Withdrawn,gen
W3-062,2010-09-17,,,138.0,0.0,,other,,Unknown,Withdrawn,gen
W3-063,2010-09-17,South Fultonham 4kV,43936.0,138.0,100.0,0.85,gas,OH,AEP,Deactivated,gen
W3-064,2010-09-22,Hunterstown 115kV V,13298.0,115.0,100.0,20.0,solar,PA,ME,Withdrawn,gen
W3-065,2010-09-22,Braidwood-Cook,20761.0,138.0,100.0,500.0,other,,ComEd,Withdrawn,gen
W3-066,2010-09-24,Shawboro 230kV,32356.0,230.0,100.0,300.0,wind,NC,Dominion,Withdrawn,gen
W3-067,2010-09-27,Gardners-Hunterstown 115kV,13245.0,115.0,100.0,20.0,solar,PA,ME,Withdrawn,gen
W3-068,2010-09-28,Cumberland-W. Shore 3  #1 69kV,4083.0,69.0,92.0,20.0,solar,PA,PPL,Withdrawn,gen
W3-069,2010-09-28,Cumberland-W. Shore 3  #2 69kV,4083.0,69.0,92.0,20.0,solar,PA,PPL,Withdrawn,gen
W3-070,2010-09-29,Metropolitan Court 34.5kV,11495.0,34.5,50.06451612903225,52.0,other,MD,APS,Withdrawn,gen
W3-071,2010-09-30,Worcester 25kV,13126.0,25.0,92.0,12.54,solar,MD,DPL,Withdrawn,gen
W3-072,2010-09-30,St. Thomas-Guilford 34.5kV,16881.0,34.5,58.66666666666667,20.0,solar,PA,APS,Withdrawn,gen
W3-073,2010-09-30,West Cape May 12kV,24941.0,12.0,86.0,2.0,solar,NJ,AEC,Withdrawn,gen
W3-075,2010-09-30,Orchard 230kV,19254.0,230.0,92.0,20.0,solar,NJ,AEC,Withdrawn,gen
W3-076,2010-09-30,Morris Park-Stewartsville 34.5kV,19000.0,34.5,92.0,17.0,solar,NJ,JCPL,Withdrawn,gen
W3-077,2010-09-30,Broadway-Stewartsville 34.5kV,15051.0,34.5,86.0,8.8,solar,NJ,JCPL,In Service,gen
W3-078,2010-09-30,Twin Rivers-Windsor 34.5kV,33127.0,34.5,62.58823529411765,13.0,solar,NJ,JCPL,Withdrawn,gen
W3-079,2010-09-30,Allenwood-Larabee 34.5kV,840.0,34.5,74.35294117647058,7.0,solar,NJ,JCPL,In Service,gen
W3-080,2010-09-30,Burlington 26kV,19326.0,26.0,92.0,15.0,solar,NJ,PSEG,In Service,gen
W3-081,2010-09-30,Baptistown-Frenchtown 34.5kV,32574.0,34.5,62.58823529411764,11.0,solar,NJ,JCPL,Withdrawn,gen
W3-082,2010-09-30,Woodbine Township,51032.0,138.0,67.4331550802139,20.0,solar,NJ,AEC,Withdrawn,gen
W3-083 1650070,2010-10-08,AMIL-PJM,29641.0,138.0,75.0,84.0,other,,,Confirmed,gen
W3-084,2010-10-15,Clinton-Round Valley 34.5kV,13458.0,34.5,92.0,16.6,solar,NJ,JCPL,Withdrawn,gen
W3-085,2010-10-15,Chatfield-South Tiffin 138kV,31728.0,138.0,86.11764705882352,185.0,wind,OH,AEP,Withdrawn,gen
W3-086,2010-10-18,Townsend 138kV,16002.0,138.0,100.0,10.0,solar,DE,DPL,Withdrawn,gen
W3-087,2010-10-18,Cartanza 230kV,16047.0,230.0,100.0,15.0,solar,DE,DPL,Withdrawn,gen
W3-088,2010-10-21,South West Lima 345kV,38968.0,345.0,84.5,200.0,wind,OH,AEP,Withdrawn,gen
W3-089,2010-10-21,Carneys Point 69kV,14859.0,69.0,76.0,20.0,solar,NJ,AEC,Withdrawn,gen
W3-090,2010-10-21,Carneys Point 12kV 1,14859.0,12.0,68.0,10.0,solar,NJ,AEC,Withdrawn,gen
W3-092,2010-10-21,Carneys Point 12kV 2,14859.0,12.0,68.0,3.0,solar,NJ,AEC,Withdrawn,gen
W3-093,2010-10-25,Lyon Station,13624.0,138.0,88.88888888888889,3.0,storage,PA,ME,Withdrawn,battery
W3-095,2010-10-26,Broadway-Stewartsville#2 34.5kV,15051.0,34.5,86.0,15.0,solar,NJ,JCPL,Withdrawn,gen
W3-096,2010-10-26,Perkiomen,29570.0,138.0,100.0,2.5,solar,PA,PECO,Withdrawn,gen
W3-097,2010-10-26,Russelville OH,38900.0,138.0,85.71428571428572,5.0,solar,OH,AEP,Withdrawn,gen
W3-098,2010-10-26,Hillsboro-Kenton (KU) 138kV,13098.0,138.0,100.0,20.0,solar,OH,AEP,Withdrawn,gen
W3-099,2010-10-27,Erie East-Erie South 230 kV,13396.0,230.0,100.0,100.0,wind,PA,PENELEC,Withdrawn,gen
W3-100,2010-10-28,Daretown Road 12kV,12660.0,12.0,72.0,8.0,solar,NJ,AEC,Withdrawn,gen
W3-101,2010-10-28,East Elmer Road 12kV,17068.0,12.0,67.0,3.2,solar,NJ,AEC,Withdrawn,gen
W3-102,2010-10-28,East Carbondale-Lackawanna 69kV,13553.0,69.0,100.0,15.0,solar,PA,PPL,Withdrawn,gen
W3-103,2010-10-29,Upper Deerfield Township 12kV,15234.0,12.0,73.25,5.0,solar,NJ,AEC,Withdrawn,gen
W3-104,2010-10-29,Egg Harbor Township 12kV,51032.0,12.0,64.72727272727273,5.0,solar,NJ,AEC,Withdrawn,gen
W3-105,2010-10-29,Dickerson 230kV,12884.0,230.0,100.0,18.0,other,MD,PEPCO,Deactivated,gen
W3-106,2010-10-29,Sussex-Wykertown 34.5kV,17111.0,34.5,92.0,9.9,solar,NJ,JCPL,In Service,gen
W3-107,2010-10-29,Ringoes-Texas Eastern 34.5kV,19136.0,34.5,63.42857142857143,10.0,solar,NJ,JCPL,Withdrawn,gen
W3-108,2010-10-29,Ringoes #2 34.5kV,33926.0,34.5,58.66666666666667,1.0,solar,NJ,JCPL,Withdrawn,gen
W3-109,2010-10-29,Bridgeton 12kV,33799.0,12.0,82.0,0.625,solar,NJ,AEC,Withdrawn,gen
W3-110,2010-10-29,Sussex,17111.0,138.0,100.0,7.5,solar,NJ,JCPL,In Service,gen
W3-111,2010-10-29,S. Cumberland 69kV,4083.0,69.0,87.0,20.0,solar,OH,AEP,Withdrawn,gen
W3-112,2010-10-29,S. Cumberland 69kV,4083.0,69.0,87.0,35.0,solar,OH,AEP,Withdrawn,gen
W3-113,2010-10-29,S. Cumberland 69kV,4083.0,69.0,87.0,49.9,solar,OH,AEP,Withdrawn,gen
W3-113A 1685913,2010-10-29,PJM-TVA,31685.0,138.0,57.14285714285714,165.0,other,,,Retracted,gen
W3-114,2010-10-29,Venango I,13322.0,138.0,82.04545454545455,2.0,solar,PA,PENELEC,Withdrawn,gen
W3-115,2010-10-29,Venango II,13322.0,138.0,79.62566844919785,2.0,solar,PA,PENELEC,Withdrawn,gen
W3-116,2010-10-29,Venango III,13322.0,138.0,77.77777777777777,2.0,solar,PA,PENELEC,Withdrawn,gen
W3-117,2010-10-29,Clarion,24525.0,138.0,82.35294117647058,2.0,solar,PA,PENELEC,Withdrawn,gen
W3-118,2010-10-29,Venango IV,13322.0,138.0,79.62566844919785,2.0,solar,PA,PENELEC,Withdrawn,gen
W3-119,2010-10-29,Venango V,13322.0,138.0,82.04545454545455,2.0,solar,PA,PENELEC,Withdrawn,gen
W3-120,2010-10-29,Cookstown-Great Adventure 34.5kV,18961.0,34.5,92.0,17.0,solar,NJ,JCPL,Withdrawn,gen
W3-121,2010-10-29,Queen Anne County 25kV,15405.0,25.0,60.96551724137932,6.0,solar,MD,DPL,Withdrawn,gen
W3-122,2010-10-29,Brandon Shores-Riverside 230kV,13136.0,230.0,100.0,236.0,other,MD,BGE,Withdrawn,gen
W3-123,2010-10-29,Brandon Shores,13136.0,138.0,100.0,,other,MD,BGE,Withdrawn,gen
W3-124,2010-10-29,Devils Brook 13kV,18995.0,13.0,92.0,2.85,solar,NJ,PSEG,In Service,gen
W3-125,2010-10-29,Eagle Point 230kV,29934.0,230.0,100.0,195.0,gas,NJ,PSEG,Withdrawn,gen
W3-126,2010-10-29,Branchville-Holiday Lakes 34.5kV,41497.0,34.5,72.0,17.0,solar,NJ,JCPL,Withdrawn,gen
W3-127,2010-10-29,City of Columbus 14.4kV,14584.0,14.4,77.0,1.0,other,OH,AEP,Withdrawn,gen
W3-128,2010-10-29,Sporn-Waterford 345kV,824.0,345.0,100.0,652.0,gas,OH,AEP,Withdrawn,gen
W3-129,2010-10-29,Beaver Brook 13kV,29936.0,13.0,92.0,7.3,solar,NJ,PSEG,Withdrawn,gen
W3-130,2010-10-29,Crosswicks 13kV,18991.0,13.0,92.0,8.3,solar,NJ,PSEG,Withdrawn,gen
W3-131,2010-10-29,Alpha #2 34.5kV,2011.0,34.5,83.42857142857143,7.6,solar,NJ,JCPL,Withdrawn,gen
W3-132,2010-10-29,Stillman Valley,13941.0,138.0,77.5,19.4,solar,IL,ComEd,Withdrawn,gen
W3-133,2010-10-29,Kewanee,12052.0,138.0,93.33333333333333,19.5,wind,IL,ComEd,Withdrawn,gen
W3-134,2010-10-29,South Joliet 34.5kV,20756.0,34.5,84.5,10.6,other,IL,ComEd,Withdrawn,gen
W3-135,2010-10-29,Goose Lake 34.5kV,12060.0,34.5,74.35294117647058,12.1,other,IL,ComEd,Withdrawn,gen
W3-136,2010-10-29,Andover-Kittatinny #2 34.5kV,14278.0,34.5,92.0,10.0,solar,NJ,JCPL,Withdrawn,gen
W3-137,2010-10-29,Furnace Brook 12kV,32038.0,12.0,64.72727272727273,4.0,solar,NJ,JCPL,Withdrawn,gen
W3-138,2010-10-29,Blairstown-Kittatinny 34.5kV,29213.0,34.5,67.0,10.0,solar,NJ,JCPL,Withdrawn,gen
W3-139,2010-10-29,Broadway-Stewartsville #3 34.5kV,15051.0,34.5,86.0,10.0,solar,NJ,JCPL,Withdrawn,gen
W3-140,2010-10-29,Sussex #2,17111.0,138.0,92.5,8.0,solar,NJ,JCPL,Withdrawn,gen
W3-141,2010-10-29,Knowlton #1 12kV,6336.0,12.0,65.0,3.0,solar,NJ,JCPL,Withdrawn,gen
W3-142,2010-10-29,Lopatcong,19522.0,138.0,77.77777777777779,18.0,solar,NJ,JCPL,Withdrawn,gen
W3-143,2010-10-29,Knowlton #2,38421.0,138.0,62.5,5.0,solar,NJ,JCPL,Withdrawn,gen
W3-144,2010-10-29,Pequest-Washington 34.5kV,13924.0,34.5,58.66666666666667,8.0,solar,NJ,JCPL,Withdrawn,gen
W3-145,2010-10-29,Branchville-Newton 34.5kV,41497.0,34.5,72.0,17.0,solar,NJ,JCPL,Withdrawn,gen
W3-146,2010-10-29,Andover-Kittatinny 34.5kV,14278.0,34.5,92.0,10.0,solar,NJ,JCPL,Withdrawn,gen
W3-147,2010-10-29,Baptistown-Frenchtown #2 34.5kV,32574.0,34.5,62.58823529411764,10.0,solar,NJ,JCPL,Withdrawn,gen
W3-148,2010-10-29,Baptistown 12kV,32574.0,12.0,62.58823529411764,6.0,solar,NJ,JCPL,Withdrawn,gen
W3-149,2010-10-29,Frenchtown-Rosemont 34.5kV,15947.0,34.5,65.6842105263158,17.0,solar,NJ,JCPL,Withdrawn,gen
W3-150,2010-10-29,Flemington 34.5kV,24260.0,34.5,92.0,10.0,solar,NJ,JCPL,Withdrawn,gen
W3-151,2010-10-29,Phillipsburg 34.5kV,14704.0,34.5,87.65217391304348,16.0,solar,NJ,JCPL,Withdrawn,gen
W3-152,2010-10-29,Morris Park 12kV,19000.0,12.0,92.0,2.5,solar,NJ,JCPL,Withdrawn,gen
W3-153,2010-10-29,Heaton 34kV,29580.0,34.0,92.0,2.6,solar,PA,PECO,Withdrawn,gen
W3-154,2010-10-29,Broadway 12kV,15051.0,12.0,86.0,1.6,solar,NJ,JCPL,Withdrawn,gen
W3-155,2010-10-29,Alabama 13.8kV,31469.0,13.8,81.0909090909091,20.0,gas,DC,PEPCO,Withdrawn,gen
W3-156,2010-10-29,Englishtown-Texas Road 34.5kV,14759.0,34.5,64.72727272727273,17.0,solar,NJ,JCPL,Withdrawn,gen
W3-157,2010-10-29,Stow Creek Township 12kV,14753.0,12.0,69.41935483870968,1.7,solar,NJ,AEC,Withdrawn,gen
W3-158,2010-10-29,Great Adventure-Great Adventure Tap 34kV,51555.0,34.0,58.66666666666667,8.0,solar,NJ,JCPL,Withdrawn,gen
W3-159,2010-10-29,Hornerstown-Windsor 34kV,3217.0,34.0,87.23809523809523,12.0,solar,NJ,JCPL,Withdrawn,gen
W3-160,2010-10-29,Worcester 25kV,13126.0,25.0,92.0,10.0,solar,MD,DPL,Withdrawn,gen
W3-161,2010-10-29,Kanawha River 138kV,889.0,138.0,100.0,13.0,other,WV,AEP,Withdrawn,gen
W3-162,2010-10-29,Baker 345kV,33039.0,345.0,100.0,993.0,gas,KY,AEP,In Service,gen
W3-163,2010-10-29,Upper Pittsgrove 138kV 1,29928.0,138.0,100.0,20.0,solar,NJ,AEC,Withdrawn,gen
W3-164,2010-10-29,Upper Pittsgrove 138kV 2,29928.0,138.0,100.0,20.0,solar,NJ,AEC,Withdrawn,gen
W3-165,2010-10-29,Upper Pittsgrove 138kV 3,29928.0,138.0,100.0,20.0,solar,NJ,AEC,Withdrawn,gen
W3-166,2010-10-29,Nottingham I,13257.0,138.0,95.0,15.0,solar,PA,PECO,Withdrawn,gen
W3-167,2010-10-29,Nottingham II,13257.0,138.0,93.07692307692308,10.0,solar,PA,PPL,Withdrawn,gen
W3-168,2010-10-29,Germantown 13.2 kV,13381.0,13.2,92.0,15.0,solar,PA,ME,Withdrawn,gen
W3-169,2010-10-29,North Hanover 12.5kV,13921.0,12.5,92.0,12.0,solar,PA,ME,Withdrawn,gen
W3-170,2010-10-29,Buckskin 69kV,29965.0,69.0,71.42857142857143,12.0,solar,OH,AEP,Withdrawn,gen
W3-171,2010-10-29,Levittown 13kV,29533.0,13.0,92.0,2.0,solar,NJ,PSEG,Withdrawn,gen
W3-172,2010-10-29,Hay Road 230kV 1,17540.0,230.0,100.0,402.0,gas,DE,DPL,Withdrawn,gen
W3-173,2010-10-29,Hay Road 230kV 2,17540.0,230.0,100.0,218.0,gas,DE,DPL,Withdrawn,gen
W3-174,2010-10-29,Churchtown 230kV 1,29926.0,230.0,100.0,193.5,gas,NJ,AEC,Withdrawn,gen
W3-175,2010-10-29,Churchtown 230kV 2,29926.0,230.0,100.0,371.0,gas,NJ,AEC,Withdrawn,gen
W4-001,2010-11-02,Clover,32642.0,138.0,100.0,7.0,solar,VA,Dominion,Withdrawn,gen
W4-001A_AT9,2010-11-02,Lowellville 69kV,36526.0,69.0,100.0,24.0,gas,OH,ATSI,Deactivated,gen
W4-003,2010-11-09,Marengo-Pleasant Valley,12082.0,138.0,66.66666666666667,164.0,other,IL,ComEd,Withdrawn,gen
W4-004,2010-11-10,Madison-Tanners Creek 138kV,13755.0,138.0,100.0,90.0,wind,IN,AEP,Withdrawn,gen
W4-004A_AT10,2010-11-12,Oberlin Road 69kV,14915.0,69.0,91.0,19.2,gas,OH,ATSI,Deactivated,gen
W4-004B_AT11,2010-11-15,Perry 345kV,6618.0,345.0,100.0,1297.8,other,OH,ATSI,In Service,gen
W4-005,2010-11-17,Blue Mound-Latham,38481.0,138.0,100.0,306.0,wind,IL,ComEd,In Service,gen
W4-006,2010-11-19,S. Hicksville-Lockwood Road 138kV,20172.0,138.0,100.0,150.0,wind,OH,AEP,Withdrawn,gen
W4-007,2010-11-19,Afton 138kV,33172.0,138.0,83.33333333333334,20.0,wind,WV,APS,Withdrawn,gen
W4-008,2010-11-22,Madison-Tanners Creek 138kV,13755.0,138.0,100.0,180.0,wind,IN,AEP,Withdrawn,gen
W4-009,2010-11-22,Raritan River 230kV,26617.0,230.0,69.56521739130434,725.0,gas,NJ,JCPL,In Service,gen
W4-010,2010-11-22,White Oak,32814.0,138.0,100.0,53.0,gas,MD,PEPCO,In Service,gen
W4-011,2010-11-24,Larabee 34.5kV,26786.0,34.5,85.33333333333333,15.0,solar,NJ,JCPL,Withdrawn,gen
W4-012,2010-11-24,Whetstone 115kV,14002.0,115.0,94.73684210526316,120.0,wind,PA,PENELEC,Withdrawn,gen
W4-013,2010-11-24,Frack-Orwigsburg 69kV,32745.0,69.0,66.66666666666667,50.0,wind,PA,PPL,Withdrawn,gen
W4-014,2010-11-29,Stewartsville-Captive Plastics 34.5kV,29899.0,34.5,70.26086956521739,17.0,solar,NJ,JCPL,Withdrawn,gen
W4-015,2010-11-29,Mickleton 230kV 1,29925.0,230.0,100.0,860.0,gas,NJ,AEC,In Service,gen
W4-016,2010-11-29,Mickleton 230kV 2,29925.0,230.0,100.0,1095.0,gas,NJ,AEC,Withdrawn,gen
W4-017,2010-11-29,Kings Creek-Crisfield 69kV,13132.0,69.0,100.0,100.0,wind,MD,DPL,Withdrawn,gen
W4-018,2010-11-30,Monroeville 12kV,18988.0,12.0,72.0,10.0,solar,NJ,AEC,Withdrawn,gen
W4-019,2010-11-30,Mendota,16343.0,138.0,66.66666666666667,40.0,wind,IL,ComEd,Withdrawn,gen
W4-020,2010-11-30,Mt. Zion 13.8kV,32863.0,13.8,92.0,10.08,solar,MD,PEPCO,Withdrawn,gen
W4-021,2010-11-30,Atlantic-South River 230kV,7914.0,230.0,100.0,738.4,gas,NJ,JCPL,Withdrawn,gen
W4-021A,2010-11-30,Richland & Crawford,13641.0,138.0,81.42857142857143,200.0,wind,OH,AEP,Withdrawn,gen
W4-022,2010-12-01,Hunterstown 230kV,13298.0,230.0,92.0,100.0,solar,PA,ME,Withdrawn,gen
W4-023,2010-12-01,Kearny 138kV,26616.0,138.0,92.0,300.0,gas,NJ,PSEG,Withdrawn,gen
W4-024,2010-12-01,Hudson 230kV,26633.0,230.0,82.0,550.0,gas,NJ,PSEG,Withdrawn,gen
W4-025,2010-12-06,Cookstown-Fort Dix 34.5kV,18961.0,34.5,92.0,7.0,solar,NJ,JCPL,In Service,gen
W4-026,2010-12-14,Baptistown-Frenchtown 34.5kV,32574.0,34.5,62.58823529411764,10.0,solar,NJ,JCPL,Withdrawn,gen
W4-027,2010-12-15,Minotola 12kV,13410.0,12.0,72.0,7.9,solar,NJ,AEC,Withdrawn,gen
W4-028,2010-12-15,Quinton 69kV,45410.0,69.0,75.0,20.0,solar,NJ,AEC,Withdrawn,gen
W4-029,2010-12-17,Medford 13kV,13759.0,13.0,81.0909090909091,2.4,solar,NJ,PSEG,Withdrawn,gen
W4-030,2010-12-20,Jessup,31184.0,138.0,57.14285714285714,0.008,solar,MD,BGE,Withdrawn,gen
W4-031,2010-12-22,Perryville 12.5kV,32786.0,12.5,87.23809523809523,2.6,solar,NJ,JCPL,Withdrawn,gen
W4-032,2010-12-28,West Portal 4.8kV,3264.0,138.0,73.0,1.5,solar,NJ,JCPL,Withdrawn,gen
W4-033,2010-12-28,Wilmington,42006.0,138.0,95.0,10.0,solar,IL,ComEd,Withdrawn,gen
W4-034,2010-12-28,Essex 26.4kV,19235.0,26.4,92.0,3.0,gas,NJ,PSEG,Withdrawn,gen
W4-035,2010-12-28,Martinsville,14537.0,138.0,100.0,20.0,solar,OH,Dayton,Withdrawn,gen
W4-036,2010-12-28,Buckskin 12kV,29965.0,12.0,63.42857142857143,12.0,solar,OH,AEP,Withdrawn,gen
W4-037,2010-12-30,Bismark 500kV,34657.0,500.0,58.66666666666667,160.0,storage,WV,Dominion,Withdrawn,battery
W4-038,2010-12-30,Hudson 230kV,26633.0,230.0,82.0,677.5,other,NJ,PSEG,Deactivated,gen
W4-039,2010-12-30,Engle 69kV,15741.0,69.0,80.0,62.5,other,KY,AEP,Withdrawn,gen
W4-040,2010-12-30,Harrison Township 12kV,7707.0,12.0,76.11764705882354,9.7,solar,NJ,AEC,Withdrawn,gen
W4-041,2010-12-30,Carlls Corner 69kV,19719.0,69.0,100.0,20.0,solar,NJ,AEC,Withdrawn,gen
W4-042,2010-12-30,McConnellsburg 34.5kV,14098.0,34.5,92.0,20.0,solar,PA,APS,Withdrawn,gen
W4-043,2010-12-31,Roberts 34.5kV,5033.0,34.5,92.0,20.0,solar,OH,AEP,Withdrawn,gen
W4-044,2011-01-05,Kelson Ridge 230kV,32321.0,230.0,72.0,1450.0,gas,MD,PEPCO,Withdrawn,gen
W4-045,2011-01-11,Great Adventure-Great Adventure Tap 34.5kV,51555.0,34.5,58.66666666666667,9.0,solar,NJ,JCPL,Withdrawn,gen
W4-046,2011-01-11,Washington-Mobile Chemical 34.5kV,15621.0,34.5,92.0,10.0,solar,NJ,JCPL,In Service,gen
W4-048,2011-01-18,Doremus Place 13kV,26600.0,13.0,92.0,1.05,solar,NJ,PSEG,Withdrawn,gen
W4-051,2011-01-24,Packer 13kV,13273.0,13.0,92.0,12.0,gas,PA,PECO,Withdrawn,gen
W4-053,2011-01-24,Rocktown 4.8kV,55036.0,138.0,81.21052631578948,2.0,solar,NJ,JCPL,Withdrawn,gen
W4-054,2011-01-26,Williamstown 12kV,31832.0,12.0,92.0,12.0,solar,NJ,AEC,Withdrawn,gen
W4-055,2011-01-28,Morris Park 12kV,19000.0,12.0,92.0,8.0,solar,NJ,JCPL,Withdrawn,gen
W4-056,2011-01-28,Pittsgrove 12kV,29928.0,12.0,80.75,2.0,solar,NJ,AEC,Withdrawn,gen
W4-057,2011-01-28,Pittsgrove 2 12kV,29928.0,12.0,75.4090909090909,2.0,solar,NJ,AEC,Withdrawn,gen
W4-058,2011-01-31,Lawrence 13kV,14189.0,13.0,92.0,0.702,solar,NJ,PSEG,In Service,gen
W4-059,2011-01-31,Kuller Road 13kV,33107.0,13.0,80.88888888888889,0.6,solar,NJ,PSEG,In Service,gen
W4-060,2011-01-31,Midland-Werner 34.5kV,36545.0,34.5,92.0,10.0,solar,NJ,JCPL,In Service,gen
W4-061,2011-01-31,Lawrence 26kV,14189.0,26.0,92.0,9.0,solar,NJ,PSEG,Withdrawn,gen
W4-062,2011-01-31,Tabernacle 69kV,48586.0,69.0,70.58823529411764,18.0,solar,NJ,AEC,Withdrawn,gen
W4-063,2011-01-31,Huron 69kV,13117.0,69.0,72.72727272727273,25.0,wind,NJ,AEC,Withdrawn,gen
W4-064,2011-01-31,N. Newton 12kV,11762.0,12.0,84.5,3.0,solar,NJ,JCPL,In Service,gen
W4-065,2011-01-31,Sussex 12kV,17111.0,12.0,92.0,3.0,solar,NJ,JCPL,Withdrawn,gen
W4-066,2011-01-31,Sussex,17111.0,138.0,100.0,5.0,solar,NJ,JCPL,Withdrawn,gen
W4-067,2011-01-31,Vernon 12kV,16667.0,12.0,92.0,8.0,solar,NJ,JCPL,Withdrawn,gen
W4-068,2011-01-31,Hazen-Pequest River 34.5kV,7036.0,34.5,72.0,8.0,solar,NJ,JCPL,Withdrawn,gen
W4-069,2011-01-31,Lycoming,32771.0,138.0,100.0,3.0,gas,PA,PPL,Withdrawn,gen
W4-070,2011-01-31,Morgantown,12825.0,138.0,100.0,2.0,solar,PA,PPL,Withdrawn,gen
W4-071,2011-01-31,Garrett,11596.0,138.0,100.0,2.25,wind,PA,PENELEC,Withdrawn,gen
W4-072,2011-01-31,Englishtown-Rt. 33 Sw Point 34.5kV,14759.0,34.5,64.72727272727273,16.0,solar,NJ,JCPL,Withdrawn,gen
W4-073,2011-01-31,Phillipsburg 34.5kV,14704.0,34.5,87.65217391304348,8.0,solar,NJ,JCPL,In Service,gen
W4-074,2011-01-31,Cox’s Corner 13kV,40034.0,13.0,77.0,5.0,solar,NJ,PSEG,Withdrawn,gen
W4-075,2011-01-31,Trenton 26kV,18994.0,26.0,92.0,9.0,solar,NJ,PSEG,Withdrawn,gen
W4-076,2011-01-31,Ritchie,31489.0,138.0,100.0,10.0,solar,MD,PEPCO,Withdrawn,gen
W4-078,2011-01-31,Todd 25kV,13110.0,25.0,92.0,20.0,solar,MD,DPL,Withdrawn,gen
W4-079,2011-01-31,Lebanon,33389.0,138.0,100.0,2.0,solar,NJ,JCPL,Withdrawn,gen
W4-080,2011-01-31,Metuchen 26.4kV,18977.0,26.4,92.0,20.0,solar,NJ,PSEG,Withdrawn,gen
W4-081,2011-01-31,Manchester,6899.0,138.0,100.0,2.0,solar,NJ,JCPL,Withdrawn,gen
W4-082,2011-01-31,Libertyville 12kV,14400.0,12.0,92.0,7.99,gas,IL,ComEd,Deactivated,gen
W4-083,2011-01-31,Quinton 69kV,45410.0,69.0,75.0,10.0,solar,NJ,AEC,Withdrawn,gen
W4-084,2011-01-31,Dixon 12kV,34666.0,12.0,72.0,3.95,gas,IL,ComEd,Deactivated,gen
W4-085,2011-01-31,Grays Ferry,29577.0,138.0,90.9090909090909,2.0,storage,PA,PECO,Withdrawn,battery
W4-086,2011-01-31,Goose Lake 34.5kV,12060.0,34.5,74.35294117647058,2.1,gas,IL,ComEd,Deactivated,gen
W4-087,2011-01-31,South Holland,31166.0,138.0,100.0,3.07,gas,IL,ComEd,Withdrawn,gen
W4-088,2011-01-31,Salem-Woodstown 69kV,23484.0,69.0,100.0,10.0,solar,NJ,AEC,Withdrawn,gen
W4-089,2011-01-31,Vineland #1 12kV,4500.0,12.0,67.0,1.6,solar,NJ,AEC,Withdrawn,gen
W4-090,2011-01-31,Vineland #2 12kV,4500.0,12.0,67.0,1.34,solar,NJ,AEC,Withdrawn,gen
W4-091,2011-01-31,Andover-Kittatinny 34.5kV,14278.0,34.5,92.0,10.0,solar,NJ,JCPL,Withdrawn,gen
W4-092,2011-01-31,Englishtown 34.5kV,14759.0,34.5,64.72727272727273,10.0,solar,NJ,JCPL,Withdrawn,gen
W4-093,2011-01-31,Frenchtown 34.5kV,15947.0,34.5,65.6842105263158,7.0,solar,NJ,JCPL,Withdrawn,gen
W4-094,2011-01-31,Millhurst-Raceway Mall 34.5kV,14069.0,34.5,67.0,6.0,solar,NJ,JCPL,Withdrawn,gen
W4-095,2011-01-31,Beckett 12kV,16712.0,12.0,68.92307692307692,5.2,solar,NJ,AEC,Withdrawn,gen
W4-096,2011-01-31,Piney Grove 25kV,14631.0,25.0,87.23809523809523,10.0,solar,MD,DPL,Withdrawn,gen
W4-097,2011-01-31,Hawks 12.5kV,19179.0,12.5,71.375,3.0,solar,NJ,JCPL,In Service,gen
W4-098,2011-01-31,U.S. Silica #1 69kV,6336.0,69.0,64.5,10.0,solar,NJ,AEC,Withdrawn,gen
W4-099,2011-01-31,U.S. Silica #2 69kV,12398.0,69.0,56.25,10.0,solar,NJ,AEC,Withdrawn,gen
W4-100,2011-01-31,Exxon-NewYork Life 34.5kV,14362.0,34.5,58.66666666666667,20.0,solar,NJ,JCPL,Withdrawn,gen
W4-101,2011-01-31,Limecrest-Newton 34.5kV,38586.0,34.5,58.66666666666667,20.0,solar,NJ,JCPL,Withdrawn,gen
W4-102,2011-01-31,Lappans 34.5kV,14823.0,34.5,64.72727272727273,20.0,solar,MD,APS,In Service,gen
W4-103,2011-01-31,Burlington 26kV,19326.0,26.0,92.0,7.0,solar,NJ,PSEG,In Service,gen
X1-001,2011-02-01,South Millville 69kV,982.0,69.0,86.54545454545455,10.0,gas,NJ,AEC,Withdrawn,gen
X1-003,2011-02-11,Belvidere,7758.0,138.0,75.0,1.9,solar,NJ,JCPL,Withdrawn,gen
X1-004,2011-02-11,Asbury,13397.0,138.0,83.33333333333334,9.7,solar,NJ,JCPL,Withdrawn,gen
X1-005,2011-02-11,Port Murray,34539.0,138.0,86.36363636363636,9.7,solar,NJ,JCPL,Withdrawn,gen
X1-006,2011-02-11,Phillipsburg,14704.0,138.0,95.65217391304348,4.8,solar,NJ,JCPL,Withdrawn,gen
X1-007,2011-02-11,Hackettstown,13794.0,138.0,72.72727272727273,5.8,solar,NJ,JCPL,Withdrawn,gen
X1-008,2011-02-11,Mansfield,14010.0,138.0,100.0,7.8,solar,NJ,JCPL,Withdrawn,gen
X1-009,2011-02-11,Sterling 69kV,38970.0,69.0,92.0,20.0,solar,OH,AEP,Withdrawn,gen
X1-012,2011-02-22,Branchville-Sussex 34.5kV,41497.0,34.5,72.0,10.0,solar,NJ,JCPL,In Service,gen
X1-013,2011-02-24,N. Lebanon 230kV,13611.0,230.0,100.0,1018.0,gas,PA,ME,Withdrawn,gen
X1-014,2011-02-25,Peters Mountain 13kV,39292.0,13.0,92.0,20.0,wind,WV,AEP,Withdrawn,gen
X1-015,2011-02-28,Kenney-Rock Springs 500kV,13129.0,500.0,92.0,360.0,other,MD,NAEA,Withdrawn,gen
X1-016,2011-02-28,Upper Pittsgrove 12kV,29928.0,12.0,92.0,20.0,solar,NJ,AEC,Withdrawn,gen
X1-017,2011-02-28,Cedar 230kV,19714.0,230.0,100.0,720.0,wind,NJ,AEC,Withdrawn,gen
X1-018,2011-02-28,Lewistown 230kV,31667.0,230.0,100.0,75.0,wind,PA,PENELEC,Withdrawn,gen
X1-019,2011-02-28,Sunbury-Dauphin 69kV,13490.0,69.0,100.0,60.0,wind,PA,PPL,Withdrawn,gen
X1-020,2011-02-28,Dumont-Greentown 765kV,38419.0,765.0,100.0,1500.0,wind,IN,AEP,Withdrawn,gen
X1-021,2011-02-28,Deptford 13kV,29935.0,13.0,92.0,5.0,solar,NJ,PSEG,Withdrawn,gen
X1-022,2011-02-28,Park Hall,5173.0,138.0,87.14285714285714,10.0,solar,MD,PEPCO,Withdrawn,gen
X1-023,2011-02-28,Mechanicsville,13492.0,138.0,74.07407407407408,6.0,solar,MD,PEPCO,Withdrawn,gen
X1-024,2011-02-28,Pedricktown 12kV,29927.0,12.0,92.0,15.0,solar,NJ,AEC,Withdrawn,gen
X1-025,2011-02-28,Leonardtowne,13708.0,138.0,95.65217391304348,10.0,solar,MD,PEPCO,Withdrawn,gen
X1-026,2011-03-02,Brick,31778.0,138.0,83.33333333333334,6.25,solar,NJ,JCPL,Withdrawn,gen
X1-027,2011-03-02,Hanging Rock 138kV,5235.0,138.0,92.0,200.0,other,OH,AEP,Withdrawn,gen
X1-027A_AT12,2011-03-03,Davis Besse-Beaver 345kV,33031.0,345.0,100.0,500.0,wind,OH,ATSI,Withdrawn,gen
X1-028,2011-03-04,Upton 34.5kV,4086.0,34.5,64.72727272727273,20.0,solar,PA,APS,Withdrawn,gen
X1-029,2011-03-04,Dorchester County,1396.0,138.0,87.64705882352942,20.0,solar,MD,DPL,Withdrawn,gen
X1-032,2011-03-16,Costen 25kV,12828.0,25.0,92.0,4.0,solar,MD,DPL,In Service,gen
X1-033,2011-03-17,NCEC Sycamore 69/12.47kV,29481.0,47.0,77.0,12.0,solar,OH,AEP,Withdrawn,gen
X1-034,2011-03-22,Stoney Brook 12kV,19523.0,12.0,87.65217391304348,1.25,solar,NJ,JCPL,Withdrawn,gen
X1-035,2011-03-24,Piney 34.5kV I,13354.0,34.5,92.0,2.0,solar,PA,PENELEC,Withdrawn,gen
X1-036,2011-03-24,Piney 34.5kV II,13354.0,34.5,92.0,2.0,solar,PA,PENELEC,Withdrawn,gen
X1-037,2011-03-28,Howell,13478.0,138.0,85.71428571428572,17.0,solar,NJ,JCPL,In Service,gen
X1-038,2011-03-29,Union Camp 115kV,41817.0,115.0,85.0,35.0,gas,VA,Dominion,In Service,gen
X1-039,2011-03-29,Eagle Point 230kV,29934.0,230.0,100.0,190.0,gas,NJ,PSEG,In Service,gen
X1-040,2011-03-29,Collingwood-Hiple 345kV,35691.0,345.0,100.0,360.0,wind,IN,AEP,Withdrawn,gen
X1-041,2011-03-29,Dumont-Sorensen 345kV,38419.0,345.0,100.0,252.0,wind,IN,AEP,Withdrawn,gen
X1-042,2011-03-29,Watervliet,30261.0,138.0,88.75,3.2,gas,MI,AEP,In Service,gen
X1-043,2011-03-30,Cox's Corner 13kV,40034.0,13.0,77.0,2.0,solar,NJ,PSEG,Withdrawn,gen
X1-044,2011-03-30,Minotola 12kV,13410.0,12.0,72.0,10.0,solar,NJ,AEC,Withdrawn,gen
X1-045,2011-03-31,Dresden,38491.0,138.0,100.0,1917.0,other,IL,ComEd,In Service,gen
X1-046,2011-03-31,Branchville-N Newton #1 34kV,41497.0,34.0,72.0,8.0,solar,NJ,JCPL,Withdrawn,gen
X1-047,2011-03-31,Delaware City 69kV,29610.0,69.0,88.46153846153847,40.0,gas,DE,DPL,Withdrawn,gen
X1-048,2011-03-31,Kenvil 12.5kV,41497.0,12.5,58.66666666666667,4.0,solar,NJ,JCPL,Withdrawn,gen
X1-049,2011-03-31,Englishtown 12.5kV,14759.0,12.5,64.72727272727273,2.0,solar,NJ,JCPL,Withdrawn,gen
X1-050,2011-03-31,Lumberton 69kV,4663.0,69.0,92.0,10.0,solar,NJ,PSEG,Withdrawn,gen
X1-051,2011-03-31,Lumberton 69kV,4663.0,69.0,92.0,10.0,solar,NJ,PSEG,Withdrawn,gen
X1-052,2011-03-31,Lumberton 69kV,4663.0,69.0,92.0,10.0,solar,NJ,PSEG,Withdrawn,gen
X1-053,2011-03-31,Suffolk 34.5kV,3183.0,34.5,92.0,20.0,gas,VA,Dominion,Withdrawn,gen
X1-054,2011-03-31,Burlington 26kV,19326.0,26.0,92.0,10.0,solar,NJ,PSEG,Withdrawn,gen
X1-055,2011-03-31,Robbinsville,36394.0,138.0,100.0,2.0,solar,NJ,JCPL,Withdrawn,gen
X1-058A_DK2,2011-04-05,Todhunter 69kV,23461.0,69.0,100.0,20.0,solar,OH,Duke,Withdrawn,gen
X1-064A_AT13,2011-04-11,Barberton-Star 138kV,5056.0,138.0,100.0,268.0,gas,OH,ATSI,Withdrawn,gen
X1-065 2120850,2011-04-12,EKPC-PJM,11482.0,138.0,80.9090909090909,70.0,other,,,Confirmed,gen
X1-066,2011-04-18,Galloway Township 12kV,40187.0,12.0,76.11764705882354,1.0,solar,NJ,AEC,Withdrawn,gen
X1-067,2011-04-19,Plymouth,12789.0,138.0,100.0,20.0,solar,NC,Dominion,Withdrawn,gen
X1-068,2011-04-20,Red Oak 230kV,26550.0,230.0,93.33333333333333,776.0,gas,NJ,JCPL,In Service,gen
X1-069,2011-04-22,Frenchtown,15947.0,138.0,73.6842105263158,10.0,solar,NJ,JCPL,Withdrawn,gen
X1-070,2011-04-25,Levittown 138kV,29533.0,138.0,92.0,3.5,solar,NJ,PSEG,In Service,gen
X1-071,2011-04-25,Cinnaminson 138kV,29532.0,138.0,92.0,0.93,solar,NJ,PSEG,In Service,gen
X1-072,2011-04-26,Hackensack 4kV,29585.0,138.0,73.6842105263158,1.0,solar,NJ,PSEG,In Service,gen
X1-073,2011-04-27,Alpha-Gilbert 34kV,2011.0,34.0,92.0,12.0,solar,NJ,JCPL,Withdrawn,gen
X1-074,2011-04-27,Hay Road 230kV,17540.0,230.0,100.0,856.0,gas,DE,DPL,Withdrawn,gen
X1-075,2011-04-27,Sussex 12kV,17111.0,12.0,92.0,4.0,solar,NJ,JCPL,Withdrawn,gen
X1-076,2011-04-28,East Greenwich Township 12kV,32317.0,12.0,75.5,18.0,solar,NJ,AEC,Withdrawn,gen
X1-077,2011-04-28,Wrightstown 34.5kV,38424.0,34.5,68.19047619047619,2.06,solar,NJ,JCPL,Withdrawn,gen
X1-078,2011-04-28,Deans (Poseidon) 500kV,29509.0,500.0,80.71428571428572,525.0,other,NJ,PSEG,Withdrawn,gen
X1-079,2011-04-28,Baptistown-Frenchtown #2 34kV,32574.0,34.0,62.58823529411764,10.0,solar,NJ,JCPL,Withdrawn,gen
X1-080,2011-04-28,Poe-Suffolk 115kV,33453.0,115.0,100.0,135.0,gas,VA,Dominion,Withdrawn,gen
X1-081,2011-04-28,Andover 12kV,14278.0,12.0,92.0,4.0,solar,NJ,JCPL,Withdrawn,gen
X1-082,2011-04-28,Hazen Switch Point-Warren 34kV,36322.0,34.0,74.0,12.0,solar,NJ,JCPL,Withdrawn,gen
X1-083,2011-04-28,Salem 12kV,18954.0,12.0,92.0,6.0,solar,NJ,AEC,Withdrawn,gen
X1-084,2011-04-28,Altavista 115kV,31973.0,115.0,100.0,60.0,other,VA,Dominion,In Service,gen
X1-085,2011-04-29,Hornerstown-Windsor 34kV,3217.0,34.0,87.23809523809523,5.0,solar,NJ,JCPL,In Service,gen
X1-086,2011-04-29,Guilford 34.5kV,14094.0,34.5,92.0,9.7,solar,PA,APS,Withdrawn,gen
X1-087,2011-04-29,Stillman Valley,13941.0,138.0,77.5,15.3,gas,IL,ComEd,Deactivated,gen
X1-088,2011-04-29,Franklin #2,4560.0,138.0,94.0,17.0,solar,NJ,JCPL,Withdrawn,gen
X1-089,2011-04-29,Franklin #3,4560.0,138.0,94.0,17.0,solar,NJ,JCPL,Withdrawn,gen
X1-090,2011-04-29,Yardville 138kV,29507.0,138.0,83.5,10.0,solar,NJ,PSEG,Withdrawn,gen
X1-091,2011-04-29,Bridgeton 12kV,33799.0,12.0,82.0,1.91,solar,NJ,AEC,Withdrawn,gen
X1-092,2011-04-29,Newport 12kV,4491.0,12.0,92.0,1.91,solar,NJ,AEC,Withdrawn,gen
X1-093,2011-04-29,Pequest 12kV,13924.0,12.0,58.66666666666667,4.0,solar,NJ,JCPL,Withdrawn,gen
X1-094,2011-04-29,Flanders-Saxton Fall 34kV,14648.0,34.0,67.0,17.0,solar,NJ,JCPL,Withdrawn,gen
X1-095,2011-04-29,Bernardsville 12kV,41497.0,12.0,73.81818181818181,3.0,solar,NJ,JCPL,In Service,gen
X1-096,2011-04-29,Loretto-Kings Creek 138kV,13133.0,138.0,100.0,150.0,wind,MD,DPL,Withdrawn,gen
X1-097,2011-04-29,Red Lion 138kV,16048.0,138.0,100.0,24.9,other,DE,DPL,In Service,gen
X1-098,2011-04-29,Cook Road 13kV,26629.0,13.0,92.0,0.5,other,NJ,PSEG,Withdrawn,gen
X1-099,2011-04-29,Woodhill 12kV,37019.0,12.0,74.35294117647058,6.0,solar,IL,ComEd,Withdrawn,gen
X1-100,2011-04-29,Branchville 12kV,41497.0,12.0,72.0,4.0,solar,NJ,JCPL,Withdrawn,gen
X1-101,2011-04-29,Clinton-Round Valley 34.5kV,13458.0,34.5,92.0,8.0,solar,NJ,JCPL,Withdrawn,gen
X1-102,2011-04-29,Stewartsville-Captive Plastics 34.5kV,29899.0,34.5,70.26086956521739,9.5,solar,NJ,JCPL,Withdrawn,gen
X1-103,2011-04-29,Branchville-Sussex 34.5kV,41497.0,34.5,72.0,4.0,solar,NJ,JCPL,Withdrawn,gen
X1-104,2011-04-29,Baptistown-Frenchtown 34.5kV,32574.0,34.5,62.58823529411764,2.45,solar,NJ,JCPL,Withdrawn,gen
X1-105,2011-04-29,Branchville-Holiday Lakes 34.5kV,41497.0,34.5,72.0,11.2,solar,NJ,JCPL,Withdrawn,gen
X1-106,2011-04-29,Sussex,17111.0,138.0,100.0,16.8,solar,NJ,JCPL,Withdrawn,gen
X1-107,2011-04-29,Hopatcong,19522.0,138.0,77.77777777777779,2.8,solar,NJ,JCPL,Withdrawn,gen
X1-108,2011-04-29,Martins Creek 230kV,13453.0,230.0,100.0,600.0,gas,PA,PPL,In Service,gen
X1-109,2011-04-29,E. Towanda 230kV,13718.0,230.0,62.58823529411764,850.0,gas,PA,PENELEC,In Service,gen
X1-110,2011-04-29,Lower Township 12kV,51032.0,12.0,70.57142857142857,2.0,solar,NJ,AEC,Withdrawn,gen
X1-111,2011-04-29,Jackson,3208.0,138.0,100.0,1.6,solar,NJ,JCPL,Withdrawn,gen
X1-112,2011-04-29,Pennsville 12kV,13045.0,12.0,86.73684210526316,20.0,wind,NJ,AEC,Withdrawn,gen
X1-113,2011-04-29,Lawrence 26kV,14189.0,26.0,92.0,10.0,solar,NJ,PSEG,Withdrawn,gen
X1-114,2011-04-29,Holiday Lakes 12kV,5283.0,12.0,53.53846153846154,2.0,solar,NJ,JCPL,Withdrawn,gen
X1-115,2011-04-29,Andover,14278.0,138.0,100.0,1.0,solar,NJ,JCPL,Withdrawn,gen
X1-116,2011-04-29,Branchville-N Newton #2 34kV,41497.0,34.0,72.0,7.0,solar,NJ,JCPL,Withdrawn,gen
X1-117,2011-04-29,Hampton,33138.0,138.0,100.0,3.0,solar,NJ,JCPL,Withdrawn,gen
X1-118,2011-04-29,Hampton #2,33138.0,138.0,93.33333333333333,4.0,solar,NJ,JCPL,Withdrawn,gen
X1-119,2011-04-29,Andover #2,14278.0,138.0,93.33333333333333,4.0,solar,NJ,JCPL,Withdrawn,gen
X2-001,2011-05-04,Howell,13478.0,138.0,85.71428571428572,8.0,solar,NJ,JCPL,Withdrawn,gen
X2-002,2011-05-04,Somerville 13kV,18973.0,13.0,92.0,11.2,solar,NJ,PSEG,Withdrawn,gen
X2-003,2011-05-04,East Rutherford 13kV,15251.0,13.0,87.0,2.1,solar,NJ,PSEG,Withdrawn,gen
X2-004,2011-05-05,Cumberland-W. Shore #1 69kV,4083.0,69.0,92.0,20.0,solar,PA,PPL,Withdrawn,gen
X2-005,2011-05-05,Cumberland-W. Shore #2 69kV,4083.0,69.0,92.0,20.0,solar,PA,PPL,Withdrawn,gen
X2-006,2011-05-06,Baker 345kV,33039.0,345.0,100.0,999.0,gas,KY,AEP,Withdrawn,gen
X2-007,2011-05-12,Peckville-Varden 69kV,31783.0,69.0,92.0,15.0,solar,PA,PPL,Withdrawn,gen
X2-008,2011-05-16,Pruntytown 138kV,815.0,138.0,100.0,30.0,other,WV,APS,Withdrawn,gen
X2-009,2011-05-17,Cedar Grove-Clifton 230kV,26627.0,230.0,100.0,206.0,other,VA,PSEG,Withdrawn,gen
X2-011,2011-05-19,Fairlawn 138kV,42753.0,138.0,92.0,73.0,gas,NJ,PSEG,Deactivated,gen
X2-012,2011-05-19,Clinton 230kV,13458.0,230.0,100.0,850.0,gas,PA,PPL,In Service,gen
X2-013,2011-05-19,Thorofare 13kV,29933.0,13.0,92.0,2.0,storage,NJ,PSEG,In Service,battery
X2-014,2011-05-23,Trenton 26kV,18994.0,26.0,92.0,10.0,solar,NJ,PSEG,Withdrawn,gen
X2-015,2011-05-23,Mt. Holly 26kV,14762.0,26.0,63.42857142857143,2.25,solar,NJ,PSEG,Withdrawn,gen
X2-016,2011-05-24,Harrison Township 12kV,7707.0,12.0,76.11764705882354,10.0,solar,NJ,AEC,Withdrawn,gen
X2-017,2011-05-24,Elk Township 12kV #1,14753.0,12.0,76.61538461538461,10.0,solar,NJ,AEC,Withdrawn,gen
X2-018,2011-05-24,Elk Township 12kV #2,14753.0,12.0,76.61538461538461,10.0,solar,NJ,AEC,Withdrawn,gen
X2-019,2011-05-25,Silver Lake 345kV,20806.0,345.0,100.0,225.0,gas,IL,ComEd,Withdrawn,gen
X2-020,2011-05-26,Erie East 230 kV,13396.0,230.0,100.0,200.0,wind,PA,PENELEC,Withdrawn,gen
X2-021,2011-05-27,Erie East 230kV,13396.0,230.0,100.0,153.75,wind,PA,PENELEC,Withdrawn,gen
X2-022,2011-05-31,Brokaw-Lanesville,12100.0,138.0,100.0,250.0,wind,IL,ComEd,In Service,gen
X2-023,2011-05-31,North Mashoppen-Mehoopany 115kV,13291.0,115.0,90.9090909090909,51.0,wind,PA,PENELEC,Withdrawn,gen
X2-024,2011-05-31,Lower Alloways Creek 12kV,33714.0,12.0,56.28571428571428,2.0,solar,NJ,AEC,Withdrawn,gen
X2-025,2011-05-31,Sunbury 500kV,13419.0,500.0,100.0,416.0,gas,PA,PPL,In Service,gen
X2-026,2011-05-31,Leola,31795.0,138.0,100.0,3.2,gas,PA,PPL,Withdrawn,gen
X2-027,2011-05-31,Quinton 12kV,29518.0,12.0,68.92307692307692,2.0,solar,NJ,AEC,Withdrawn,gen
X2-028,2011-05-31,Quinton Township 12kV,51032.0,12.0,60.97727272727272,3.0,solar,NJ,AEC,Withdrawn,gen
X2-029,2011-05-31,Danville-East Danville 138kV,32886.0,138.0,100.0,55.0,other,VA,AEP,Withdrawn,gen
X2-030,2011-05-31,Morgantown-Oak Grove 230kV,12825.0,230.0,100.0,830.0,gas,MD,PEPCO,Withdrawn,gen
X2-031,2011-05-31,Krayn 115kV,38508.0,115.0,61.53846153846154,50.0,wind,PA,PENELEC,Withdrawn,gen
X2-032,2011-06-02,,,138.0,0.0,,solar,NJ,JCPL,Withdrawn,gen
X2-033,2011-06-03,Trenton 26kV,18994.0,26.0,92.0,3.0,solar,NJ,PSEG,Withdrawn,gen
X2-034,2011-06-03,Laplume,31685.0,138.0,72.72727272727273,0.032,solar,PA,PPL,Withdrawn,gen
X2-035,2011-06-06,Sunnymeade Road 13kV),29182.0,13.0,85.07692307692308,8.0,solar,NJ,PSEG,Withdrawn,gen
X2-036,2011-06-06,Whitehouse,1841.0,138.0,77.77777777777779,4.0,solar,NJ,JCPL,Withdrawn,gen
X2-037,2011-06-08,Lewis 138kV,29642.0,138.0,100.0,350.0,wind,NJ,AEC,Withdrawn,gen
X2-038,2011-06-10,Halfway 12.5kV,12796.0,12.5,92.0,2.0,gas,MD,APS,Withdrawn,gen
X2-039,2011-06-15,Brookside-Cloverdale 138kV,29244.0,138.0,77.77777777777779,100.0,wind,OH,ATSI,Withdrawn,gen
X2-040,2011-06-22,Wurno 34.5kV,32621.0,34.5,92.0,6.0,gas,VA,AEP,Withdrawn,gen
X2-041 2403941,2011-06-24,TVA-PJM,56730.0,138.0,66.66666666666667,600.0,other,,,Retracted,gen
X2-042 2403944,2011-06-24,CIN-PJM,14626.0,138.0,75.0,600.0,other,,,Confirmed,gen
X2-043 2403946,2011-06-24,MECS-PJM,15751.0,138.0,75.0,600.0,other,,,Retracted,gen
X2-044,2011-06-24,Winslow 12kV,13378.0,12.0,63.42857142857143,2.0,solar,NJ,AEC,Withdrawn,gen
X2-045,2011-06-27,Kenney-Mt. Olive 69kV,13129.0,69.0,100.0,20.0,solar,MD,DPL,Withdrawn,gen
X2-046,2011-06-27,Sussex County,17111.0,138.0,83.84615384615384,20.0,solar,DE,DPL,Withdrawn,gen
X2-047,2011-06-28,Oldmans Township 12kV,42592.0,12.0,67.0,10.0,solar,NJ,AEC,Withdrawn,gen
X2-048,2011-06-28,South Harrison Township 12kV,7707.0,12.0,74.63157894736842,10.0,solar,NJ,AEC,Withdrawn,gen
X2-049,2011-06-28,S. Reading-Birdsboro 64kV,13622.0,64.0,92.0,9.6,gas,PA,ME,Withdrawn,gen
X2-050,2011-06-28,Essex 230kV,19235.0,230.0,100.0,705.0,gas,NJ,PSEG,Withdrawn,gen
X2-051,2011-06-28,,,138.0,0.0,8.0,solar,OH,AEP,Withdrawn,gen
X2-052,2011-06-29,Dumont-Olive 345kV,38419.0,345.0,100.0,675.0,gas,IN,AEP,In Service,gen
X2-053,2011-06-29,Amsterdam 69kV,6426.0,69.0,92.0,6.4,gas,OH,AEP,Withdrawn,gen
X2-054,2011-06-30,Franklin,4560.0,138.0,100.0,10.0,solar,NJ,JCPL,Withdrawn,gen
X2-055,2011-06-30,"Cedar Grove-Clifton ""B"" 230kV",26627.0,230.0,100.0,206.0,other,VA,PSEG,Withdrawn,gen
X2-056,2011-06-30,Greenwich 12kV,32317.0,12.0,92.0,1.94,solar,NJ,AEC,Withdrawn,gen
X2-057,2011-06-30,White,4481.0,138.0,88.75,4.1,solar,NJ,JCPL,Withdrawn,gen
X2-058,2011-06-30,Buckley Road 138kV,23232.0,138.0,100.0,149.5,wind,OH,AEP,Withdrawn,gen
X2-059,2011-06-30,Freehold,22057.0,138.0,100.0,10.0,solar,NJ,JCPL,Withdrawn,gen
X2-060,2011-06-30,East Mill 138kV,29641.0,138.0,90.0,30.0,other,VA,Dominion,In Service,gen
X2-061,2011-06-30,Lawrenceville 34.5kV,33447.0,34.5,92.0,15.0,gas,VA,Dominion,Withdrawn,gen
X2-062,2011-06-30,North Hanover,13921.0,138.0,100.0,5.0,solar,NJ,JCPL,Withdrawn,gen
X2-063 2459943,2011-07-06,TVA-PJM,56730.0,138.0,66.66666666666667,220.0,other,,,Retracted,gen
X2-064 2459958,2011-07-06,TVA-PJM,56730.0,138.0,66.66666666666667,720.0,other,,,Withdrawn,gen
X2-065 2459960,2011-07-06,TVA-PJM,56730.0,138.0,66.66666666666667,720.0,other,,,Retracted,gen
X2-066,2011-07-18,S. Harrington-N. Seaford 138kV,16005.0,138.0,100.0,312.0,gas,DE,DPL,Withdrawn,gen
X2-067,2011-07-18,Cartanza 230kV,16047.0,230.0,100.0,309.0,gas,DE,DPL,Withdrawn,gen
X2-068,2011-07-19,Lopatcong,19522.0,138.0,77.77777777777779,10.0,solar,NJ,JCPL,Withdrawn,gen
X2-069,2011-07-19,Swedesboro,32218.0,138.0,70.0,5.0,solar,NJ,AEC,Withdrawn,gen
X2-070,2011-07-19,Hightstown,13405.0,138.0,84.21052631578947,10.0,solar,NJ,JCPL,Withdrawn,gen
X2-071,2011-07-19,Beckett,16712.0,138.0,76.92307692307692,5.0,solar,NJ,AEC,Withdrawn,gen
X2-072,2011-07-19,,,138.0,0.0,,solar,NJ,AEC,Withdrawn,gen
X2-073 2533204,2011-07-21,PJM-CPLE,31685.0,138.0,57.14285714285714,120.0,other,,,Withdrawn,gen
X2-074,2011-07-25,Gibbsboro 12kV,33368.0,12.0,65.6842105263158,1.0,solar,NJ,AEC,Withdrawn,gen
X2-075,2011-07-26,Flemington,24260.0,138.0,100.0,6.0,solar,NJ,JCPL,In Service,gen
X2-076,2011-07-28,Carson-Wake 500kV,33483.0,500.0,100.0,1525.5,gas,VA,Dominion,In Service,gen
X2-077,2011-07-28,Hursch Road 69kV,15442.0,69.0,88.88888888888889,10.0,solar,OH,Dayton,Withdrawn,gen
X2-078,2011-07-29,Ringoes,19136.0,138.0,71.42857142857143,0.38,solar,NJ,JCPL,Withdrawn,gen
X2-079,2011-07-28,,,138.0,0.0,,solar,NJ,AEC,Withdrawn,gen
X2-080,2011-07-28,,,138.0,0.0,,solar,NJ,AEC,Withdrawn,gen
X2-081,2011-07-28,Phillipsburg,14704.0,138.0,95.65217391304348,1.5,solar,NJ,JCPL,Withdrawn,gen
X2-082,2011-07-28,Chesterfield 230kV,33074.0,230.0,100.0,1575.0,gas,VA,Dominion,Withdrawn,gen
X2-083,2011-07-29,Newark 12kV,4550.0,12.0,92.0,2.6,other,DE,DPL,In Service,gen
X2-084,2011-07-29,East New Market 69kV,52689.0,69.0,100.0,19.6,solar,MD,DPL,Withdrawn,gen
X2-085,2011-07-29,Barberton–Seiberling 23kV,5056.0,23.0,92.0,14.0,solar,OH,ATSI,Withdrawn,gen
X2-086,2011-07-29,Mt. Storm 115kV,31970.0,115.0,100.0,77.0,other,WV,Dominion,Withdrawn,gen
X2-087,2011-07-29,Doremus 13kV,26600.0,13.0,78.15384615384616,1.0,solar,NJ,PSEG,In Service,gen
X2-088,2011-07-29,Devils Brook 13kV,18995.0,13.0,92.0,2.356,solar,NJ,PSEG,In Service,gen
X2-089,2011-07-29,Pierson Avenue 13kV,32721.0,13.0,62.58823529411764,2.0,solar,NJ,PSEG,In Service,gen
X2-090,2011-07-29,Dewey-Inez 69kV,11370.0,69.0,92.0,21.0,other,KY,AEP,Withdrawn,gen
X2-091,2011-07-29,Hegewisch 34kV,31513.0,34.0,92.0,10.0,solar,IL,ComEd,Withdrawn,gen
X2-092,2011-07-29,Cornell 34.5kV,54256.0,34.5,79.5,10.0,solar,IL,ComEd,Withdrawn,gen
X2-093,2011-07-29,Pontiac-Midpoint 34.5kV,30180.0,34.5,92.0,10.0,solar,IL,ComEd,Withdrawn,gen
X2-094,2011-07-29,Green Brook 13kV,29183.0,13.0,87.23809523809523,3.0,solar,NJ,PSEG,Withdrawn,gen
X2-095,2011-07-29,Cape May Court House 12kV,24941.0,12.0,74.0,1.82,solar,NJ,AEC,Withdrawn,gen
X2-096,2011-07-29,Wantage,13409.0,138.0,71.42857142857143,4.0,solar,NJ,JCPL,Withdrawn,gen
X2-097,2011-07-29,Andover,14278.0,138.0,100.0,10.0,solar,NJ,JCPL,Withdrawn,gen
X2-098,2011-07-29,Lopatcong #2,19522.0,138.0,70.0,10.0,solar,NJ,JCPL,Withdrawn,gen
X2-099,2011-07-29,Sparta-Woodruff's Gap 34kV,33351.0,34.0,84.5,10.0,solar,NJ,JCPL,Withdrawn,gen
X2-100,2011-07-29,Woodstown-Laurel 69kV,19256.0,69.0,100.0,14.4,wind,NJ,AEC,Withdrawn,gen
X2-101,2011-07-29,Upper Pittsgrove 138kV,29928.0,138.0,100.0,18.0,wind,NJ,AEC,Withdrawn,gen
X3-001,2011-08-01,West Melrose 34.5kV,3264.0,34.5,65.33333333333334,1.82,solar,OH,AEP,Withdrawn,gen
X3-002,2011-08-01,Greenville 12kV,4626.0,12.0,92.0,3.38,solar,OH,Dayton,Withdrawn,gen
X3-002A 2590376,2011-08-02,MECS-PJM,15751.0,138.0,75.0,100.0,other,,,Withdrawn,gen
X3-003,2011-08-03,Mehoopany II 115 kV,15385.0,115.0,66.62337662337661,64.0,gas,PA,PENELEC,In Service,gen
X3-004,2011-08-08,Essex 230kV,19235.0,230.0,100.0,710.0,gas,NJ,PSEG,In Service,gen
X3-005,2011-08-08,Wildwood 12kV,31512.0,12.0,92.0,9.0,solar,IL,ComEd,In Service,gen
X3-006,2011-08-08,North Temple 230kV,13620.0,230.0,100.0,800.0,gas,PA,ME,Withdrawn,gen
X3-007,2011-08-08,Bustleton 13kV,29538.0,13.0,92.0,2.0,solar,NJ,PSEG,Withdrawn,gen
X3-008,2011-08-12,Todd 69kV,13110.0,69.0,100.0,20.0,solar,MD,DPL,In Service,gen
X3-009,2011-08-12,New Market 69kV,12806.0,69.0,92.0,20.0,solar,MD,DPL,Withdrawn,gen
X3-010,2011-08-15,Franklin #1,4560.0,138.0,94.0,3.0,solar,NJ,JCPL,Withdrawn,gen
X3-011,2011-08-15,Franklin #2,4560.0,138.0,94.0,5.0,solar,NJ,JCPL,Withdrawn,gen
X3-012 2654202,2011-08-15,AMIL-PJM,29641.0,138.0,75.0,315.0,other,,,Retracted,gen
X3-013,2011-08-15,Wildwood Crest 12kV,31512.0,12.0,79.14285714285714,8.0,solar,NJ,AEC,Withdrawn,gen
X3-014,2011-08-16,South Harrington-North Seaford 138kV,16005.0,138.0,100.0,300.0,gas,DE,DPL,Withdrawn,gen
X3-015,2011-08-22,West Cambridge-Vienna 69kV,13115.0,69.0,100.0,19.5,solar,MD,DPL,Withdrawn,gen
X3-016,2011-08-23,Carneys Point Township 12kV,14859.0,12.0,65.15789473684211,10.0,solar,NJ,AEC,Withdrawn,gen
X3-017,2011-08-29,Elsinboro Township 12kV,51032.0,12.0,60.75,2.0,solar,NJ,AEC,Withdrawn,gen
X3-018,2011-08-29,Vineland 12kV,4500.0,12.0,77.71428571428572,2.0,solar,NJ,AEC,Withdrawn,gen
X3-019 2713235,2011-08-26,LGEE-PJM,4036.0,138.0,85.71428571428572,485.0,other,,,Withdrawn,gen
X3-020 2722964,2011-08-29,AMIL-PJM,29641.0,138.0,75.0,180.0,other,,,Confirmed,gen
X3-021 2723695,2011-08-29,MECS-PJM,15751.0,138.0,75.0,660.0,other,,,Annulled,gen
X3-022,2011-08-29,Hunterstown-Jackson 138kV,13298.0,138.0,92.0,100.0,solar,PA,ME,Withdrawn,gen
X3-023,2011-08-29,S. Greenwich-Willard 69kV,41625.0,69.0,100.0,60.0,wind,OH,AEP,Withdrawn,gen
X3-024,2011-08-29,Cape May Court House,24941.0,138.0,82.0,1.82,solar,NJ,AEC,Withdrawn,gen
X3-025,2011-08-29,Morris Park 12kV,19000.0,12.0,92.0,4.32,solar,NJ,JCPL,Withdrawn,gen
X3-026,2011-08-29,Buena Vista Township 12kV,11460.0,12.0,78.5,1.0,solar,NJ,AEC,Withdrawn,gen
X3-027,2011-08-29,Ocean,25118.0,138.0,83.63636363636364,10.0,solar,NJ,AEC,Withdrawn,gen
X3-028,2011-08-30,X3-028 Sullivan 345 kV,,345.0,0.0,3500.0,other,IN,AEP,Withdrawn,gen
X3-029,2011-08-30,Belvidere,7758.0,138.0,75.0,11.15,gas,NJ,JCPL,In Service,gen
X3-030,2011-08-30,Shelby-S.W. Lima 345kV,34645.0,345.0,100.0,245.0,wind,OH,Dayton,Withdrawn,gen
X3-031,2011-08-30,Southwest Lima-West Moulton 138kV,26860.0,138.0,100.0,150.0,wind,OH,AEP,Withdrawn,gen
X3-032,2011-08-31,Poe-Suffolk 115kV,33453.0,115.0,100.0,155.0,gas,VA,Dominion,Withdrawn,gen
X3-033,2011-08-31,Green,14236.0,138.0,90.9090909090909,16.0,solar,NJ,JCPL,Withdrawn,gen
X3-034,2011-08-31,Hunterstown-Jackson 130kV,13298.0,130.0,92.0,20.0,solar,PA,APS,Withdrawn,gen
X3-035,2011-08-31,Mansfield,14010.0,138.0,100.0,5.0,solar,NJ,JCPL,Withdrawn,gen
X3-036,2011-08-31,William 138kV,19521.0,138.0,92.0,150.0,wind,WV,APS,Withdrawn,gen
X3-037,2011-08-31,Krendale-Seneca 138kV,13047.0,138.0,70.0,46.0,other,OH,APS,Withdrawn,gen
X3-038,2011-08-31,Manchester,6899.0,138.0,100.0,20.0,solar,NJ,JCPL,Withdrawn,gen
X3-039,2011-08-31,Geneva 115kV,13324.0,115.0,100.0,96.0,other,PA,PENELEC,Withdrawn,gen
X3-040,2011-08-31,Weirwood-Eastville 69kV,36173.0,69.0,80.0,18.0,wind,VA,ODEC,Withdrawn,gen
X3-041,2011-08-31,Milton,955.0,138.0,100.0,14.9,solar,DE,DPL,Withdrawn,gen
X3-042,2011-09-02,,,138.0,0.0,,solar,NJ,AEC,Withdrawn,gen
X3-043,2011-09-12,Lumberton 69kV,4663.0,69.0,92.0,12.0,solar,NJ,AEC,Withdrawn,gen
X3-044,2011-09-14,Three Mile Island,13255.0,138.0,100.0,860.0,other,PA,ME,Withdrawn,gen
X3-045,2011-09-14,Dresden,38491.0,138.0,100.0,1984.0,other,IL,ComEd,Withdrawn,gen
X3-046,2011-09-14,Quad Cities,31500.0,138.0,100.0,1984.0,other,IL,ComEd,Withdrawn,gen
X3-047,2011-09-26,Bayview 25kV,15445.0,25.0,67.0,5.0,wind,VA,ODEC,Withdrawn,gen
X3-048 2852305,2011-09-26,NYIS-PJM,16691.0,138.0,66.66666666666667,105.0,other,,,Withdrawn,gen
X3-049 2852306,2011-09-26,NYIS-PJM,16691.0,138.0,66.66666666666667,105.0,other,,,Withdrawn,gen
X3-050 2852309,2011-09-26,NYIS-PJM,16691.0,138.0,66.66666666666667,105.0,other,,,Withdrawn,gen
X3-051,2011-09-27,Flatlick 765kV,37862.0,765.0,100.0,1460.0,gas,OH,AEP,Withdrawn,gen
X3-052,2011-09-28,Essex 26.4kV,19235.0,26.4,92.0,6.2,gas,NJ,PSEG,In Service,gen
X3-053,2011-09-29,Homer-Seville 69kV,13234.0,69.0,77.0,17.68,solar,OH,ATSI,Withdrawn,gen
X3-054,2011-09-29,Sussex,17111.0,138.0,100.0,4.9,solar,NJ,JCPL,Withdrawn,gen
X3-055,2011-09-29,Occoquan 34.5kV,32819.0,34.5,92.0,10.0,other,VA,Dominion,Withdrawn,gen
X3-056,2011-09-30,Susquehanna 230kV,31753.0,230.0,100.0,1310.0,other,PA,PPL,Withdrawn,gen
X3-057,2011-09-30,Susquehanna 230kV,31753.0,230.0,100.0,1310.0,other,PA,PPL,Withdrawn,gen
X3-058 2890646,2011-10-05,PJM-DUK,31685.0,138.0,57.14285714285714,120.0,other,,,Retracted,gen
X3-059,2011-10-10,Roberts 34.5kV,5033.0,34.5,92.0,20.0,solar,OH,ATSI,Withdrawn,gen
X3-060,2011-10-10,Fairfield Twp 1 12kV,15263.0,12.0,80.0,2.0,solar,NJ,AEC,Withdrawn,gen
X3-061,2011-10-10,Fairfield Twp 2 12kV,15263.0,12.0,80.0,2.0,solar,NJ,AEC,Withdrawn,gen
X3-062,2011-10-11,Mercersburg-Milnor 34.5kV,14731.0,34.5,68.19047619047619,20.0,solar,PA,APS,Withdrawn,gen
X3-063 2919169,2011-10-11,PJM-DUK,31685.0,138.0,57.14285714285714,500.0,other,,,Withdrawn,gen
X3-064,2011-10-12,Fredericksburg-Mine Road 230kV,31618.0,230.0,100.0,237.0,other,VA,Dominion,Withdrawn,gen
X3-065,2011-10-12,Bristers-Ox 500kV,31655.0,500.0,100.0,183.0,other,VA,Dominion,Withdrawn,gen
X3-066,2011-10-13,Church Hill 69kV,12913.0,69.0,90.0,6.0,solar,MD,DPL,In Service,gen
X3-067,2011-10-13,Church Hill 12kV,12913.0,12.0,82.0,2.0,solar,MD,DPL,Withdrawn,gen
X3-068,2011-10-14,Graceton 230kV,18068.0,230.0,100.0,678.0,gas,PA,BGE,Withdrawn,gen
X3-069,2011-10-19,Hamilton,33737.0,138.0,100.0,4.0,solar,NJ,JCPL,Withdrawn,gen
X3-070,2011-10-28,Reybold 138kV,5116.0,138.0,80.0,72.0,gas,DE,DPL,In Service,gen
X3-071,2011-10-28,Sussex County 12kV,17111.0,12.0,75.84615384615384,10.0,solar,DE,DPL,Withdrawn,gen
X3-072,2011-10-28,Lafayette,29628.0,138.0,100.0,10.5,solar,NJ,JCPL,Withdrawn,gen
X3-073,2011-10-28,Massey 69kV,12915.0,69.0,100.0,9.8,solar,MD,DPL,Withdrawn,gen
X3-074,2011-10-28,Chestertown 69kV,12914.0,69.0,100.0,11.9,solar,MD,DPL,Withdrawn,gen
X3-075,2011-10-28,Runnemede 13kV,29182.0,13.0,65.6842105263158,3.0,solar,NJ,PSEG,In Service,gen
X3-076,2011-10-28,Loudoun-Meadowbrook 500kV,42726.0,500.0,92.3076923076923,1270.0,gas,VA,Dominion,Withdrawn,gen
X3-077,2011-10-31,Sussex County 12kV,17111.0,12.0,75.84615384615384,10.0,solar,DE,DPL,Withdrawn,gen
X3-078,2011-10-31,Harrisburg 12kV,39231.0,12.0,92.0,4.0,gas,PA,PPL,Withdrawn,gen
X3-079,2011-10-31,Oyster Creek-Waretown 34kV,26767.0,34.0,92.0,16.0,solar,NJ,JCPL,Withdrawn,gen
X3-080,2011-10-31,Fairton Township,14753.0,138.0,73.33333333333334,8.0,solar,NJ,AEC,Withdrawn,gen
X3-081,2011-10-31,Upper Darby 13kV ,29613.0,13.0,92.0,0.5,gas,PA,PECO,Withdrawn,gen
X3-082,2011-10-31,Marble Hill-Morris Park 34kV,40004.0,34.0,69.0,10.0,solar,NJ,JCPL,Withdrawn,gen
X3-083,2011-10-31,Andover-Kittatinny 34kV,14278.0,34.0,92.0,10.0,solar,NJ,JCPL,Withdrawn,gen
X3-084,2011-10-31,Wantage,13409.0,138.0,71.42857142857143,4.0,solar,NJ,JCPL,Withdrawn,gen
X3-085,2011-10-31,Sussex 34kV,17111.0,34.0,92.0,8.0,solar,NJ,JCPL,Withdrawn,gen
X3-086,2011-10-31,Lafayette,29628.0,138.0,100.0,4.0,solar,NJ,JCPL,Withdrawn,gen
X3-087,2011-10-31,Burches Hill-Brandywine 230kV,31456.0,230.0,100.0,894.0,gas,MD,PEPCO,Withdrawn,gen
X3-088,2011-10-31,Dickerson 230kV,12884.0,230.0,100.0,440.0,gas,MD,PEPCO,Withdrawn,gen
X3-089,2011-10-31,Sayreville 230kV,26541.0,230.0,100.0,744.0,gas,NJ,JCPL,Withdrawn,gen
X3-090 3023526,2011-10-31,PJM-DUK,31685.0,138.0,57.14285714285714,100.0,other,,,Retracted,gen
X3-091 3023529,2011-10-31,PJM-DUK,31685.0,138.0,57.14285714285714,100.0,other,,,Retracted,gen
X3-092 3023530,2011-10-31,PJM-DUK,31685.0,138.0,57.14285714285714,100.0,other,,,Retracted,gen
X3-093 3023531,2011-10-31,PJM-DUK,31685.0,138.0,57.14285714285714,100.0,other,,,Retracted,gen
X3-094 3023533,2011-10-31,PJM-DUK,31685.0,138.0,57.14285714285714,100.0,other,,,Retracted,gen
X3-095 3023618,2011-10-31,AMIL-PJM,29641.0,138.0,75.0,338.0,other,,,Retracted,gen
X3-096 3023630,2011-10-31,AMIL-PJM,29641.0,138.0,75.0,268.0,other,,,Confirmed,gen
X3-097 3023634,2011-10-31,AMIL-PJM,29641.0,138.0,75.0,202.0,other,,,Confirmed,gen
X3-098 3023635,2011-10-31,AMIL-PJM,29641.0,138.0,75.0,94.0,other,,,Withdrawn,gen
X3-099 3023636,2011-10-31,AMIL-PJM,29641.0,138.0,75.0,602.0,other,,,Retracted,gen
X3-100 3023637,2011-10-31,AMIL-PJM,29641.0,138.0,75.0,336.0,other,,,Retracted,gen
X3-101 3023638,2011-10-31,AMIL-PJM,29641.0,138.0,75.0,259.0,other,,,Retracted,gen
X3-102,2011-10-31,Burches Hill-Possum Point 500kV,31456.0,500.0,100.0,971.2,gas,MD,PEPCO,Withdrawn,gen
X3-103,2011-10-31,Oakgrove-Morgantown 230kV,31454.0,230.0,94.11764705882352,971.2,gas,MD,PEPCO,Withdrawn,gen
X4-001,2011-11-02,St. Thomas-Guilford 34.5kV,16881.0,34.5,58.66666666666667,20.0,solar,PA,APS,Withdrawn,gen
X4-002,2011-11-02,St. Thomas-Guilford 34.5kV,16881.0,34.5,58.66666666666667,20.0,solar,PA,APS,Withdrawn,gen
X4-003,2011-11-02,Mill Creek-Riverview 138kV,40057.0,138.0,100.0,56.0,gas,OH,AEP,Withdrawn,gen
X4-004,2011-11-02,Woodbury 26.4kV,33387.0,26.4,92.0,5.0,gas,NJ,PSEG,Withdrawn,gen
X4-005,2011-11-03,Raritan River 230kV,26617.0,230.0,69.56521739130434,785.0,gas,NJ,JCPL,In Service,gen
X4-006,2011-11-03,Kelson Ridge 230kV,32321.0,230.0,72.0,785.0,gas,MD,PEPCO,In Service,gen
X4-007,2011-11-03,Kelson Ridge 230kV,32321.0,230.0,72.0,785.0,gas,MD,PEPCO,Withdrawn,gen
X4-008 3131895,2011-11-16,MECS-PJM,15751.0,138.0,75.0,600.0,other,,,Withdrawn,gen
X4-009,2011-11-17,Cumberland - W. Shore #1 69kV,4083.0,69.0,92.0,20.0,solar,PA,PPL,Withdrawn,gen
X4-010,2011-11-17,Cumberland - W. Shore #2 69kV,4083.0,69.0,92.0,20.0,solar,PA,PPL,Withdrawn,gen
X4-011,2011-11-17,Mercersburg-Milnor 34.5kV,14731.0,34.5,68.19047619047619,20.0,solar,PA,APS,Withdrawn,gen
X4-012,2011-11-21,Branchville-Sussex 34kV,41497.0,34.0,72.0,6.0,solar,NJ,JCPL,Withdrawn,gen
X4-013,2011-11-28,Pleasant View-Edwards Ferry 230kV,31624.0,230.0,100.0,200.0,other,VA,Dominion,Withdrawn,gen
X4-014,2011-11-28,Kellam - Bayview 69kV,11631.0,69.0,100.0,20.0,storage,VA,ODEC,Withdrawn,battery
X4-015,2011-11-28,Cookstown-Fort Dix 34kV,18961.0,34.0,92.0,5.0,solar,NJ,JCPL,In Service,gen
X4-016,2011-11-29,Bayonne 138kV,26511.0,138.0,92.0,168.0,gas,NJ,PSEG,Deactivated,gen
X4-017,2011-11-30,Fruitland 69kV,52727.0,69.0,100.0,20.0,solar,MD,DPL,Withdrawn,gen
X4-018,2011-11-30,Hudson 230kV,26633.0,230.0,82.0,660.0,gas,NJ,PSEG,Withdrawn,gen
X4-019,2011-11-30,Sunbury 500kV,13419.0,500.0,100.0,643.0,gas,PA,PPL,In Service,gen
X4-020,2011-11-30,Peach Bottom-TMI #1 500kV I,14669.0,500.0,100.0,800.0,gas,PA,PPL,Withdrawn,gen
X4-021,2011-11-30,Peach Bottom-TMI #2 500kV II,14669.0,500.0,100.0,320.0,gas,PA,PPL,Withdrawn,gen
X4-022,2011-11-30,Mount Storm 230kV,31970.0,230.0,100.0,358.0,other,WV,Dominion,Withdrawn,gen
X4-023,2011-11-30,Dickerson 230kV,12884.0,230.0,100.0,155.0,other,MD,PEPCO,Withdrawn,gen
X4-024,2011-11-30,Rock Springs 500kV,12912.0,500.0,100.0,109.0,other,MD,NAEA,Withdrawn,gen
X4-025,2011-11-30,Millbrook Park 138kV,7466.0,138.0,100.0,80.0,other,KY,AEP,Withdrawn,gen
X4-026,2011-11-30,Aquasco 230kV,13200.0,230.0,100.0,792.0,gas,MD,PEPCO,Withdrawn,gen
X4-027,2011-12-08,Linwood 230kV,29616.0,230.0,100.0,852.0,gas,PA,PECO,In Service,gen
X4-028,2011-12-13,Northerly Island,48505.0,138.0,81.25,0.103,storage,IL,ComEd,Withdrawn,battery
X4-029,2011-12-23,Upper Deerfield 12kV,15234.0,12.0,80.0,10.0,solar,NJ,AEC,Withdrawn,gen
X4-029A 3396286,2011-12-29,ALTE-PJM,48484.0,138.0,80.0,156.0,other,,,Retracted,gen
X4-029B 3396289,2011-12-29,ALTE-PJM,48484.0,138.0,80.0,156.0,other,,,Retracted,gen
X4-029C 3396292,2011-12-29,ALTE-PJM,48484.0,138.0,80.0,156.0,other,,,Retracted,gen
X4-029D 3396293,2011-12-29,ALTE-PJM,48484.0,138.0,80.0,156.0,other,,,Confirmed,gen
X4-030,2011-12-30,Freemont 69kV,5259.0,69.0,100.0,13.75,solar,OH,AEP,Withdrawn,gen
X4-031,2011-12-30,Bennett-Farmingdale 34kV,14053.0,34.0,83.0,2.0,solar,NJ,JCPL,In Service,gen
X4-032,2011-12-30,Zach,23757.0,138.0,60.0,10.0,other,PA,PECO,Withdrawn,gen
X4-033,2012-01-18,Braid 24kV BR-1-Cook 765kV,4681.0,24.0,64.72727272727273,500.0,other,,ComEd,Withdrawn,gen
X4-034,2012-01-19,Dravosburg–Rankin 23kV,31708.0,23.0,92.0,5.0,other,PA,DL,Withdrawn,gen
X4-035,2012-01-20,Burches Hill-Chalk Point 500kV,31456.0,500.0,100.0,735.5,gas,MD,PEPCO,In Service,gen
X4-036,2012-01-30,Braidwood-Cook,20761.0,138.0,100.0,250.0,other,,ComEd,Withdrawn,gen
X4-037,2012-01-30,Dresden-DEOK Zone,38491.0,138.0,100.0,500.0,other,,ComEd,Withdrawn,gen
X4-038,2012-01-30,TMI-PPL,14013.0,138.0,60.0,500.0,other,,PPL,Withdrawn,gen
X4-039,2012-01-30,Pleasant View-Brambleton 230kV,31624.0,230.0,100.0,800.0,gas,VA,Dominion,In Service,gen
X4-040,2012-01-30,Sussex County 12kV,17111.0,12.0,75.84615384615384,2.0,solar,DE,DPL,Withdrawn,gen
X4-041 3618197,2012-01-31,AMIL-PJM,29641.0,138.0,75.0,143.0,other,,Dominion,Confirmed,gen
X4-042,2012-01-31,Footedale 12kV,11756.0,12.0,62.58823529411764,3.0,gas,PA,APS,Withdrawn,gen
X4-043,2012-01-31,Clinton,13458.0,138.0,100.0,8.0,solar,NJ,JCPL,Withdrawn,gen
X4-044,2012-01-31,Aldene 230kV,19252.0,230.0,100.0,17.9,gas,NJ,PSEG,In Service,gen
X4-045,2012-01-31,Southwark 13kV,29591.0,13.0,92.0,0.5,storage,PA,PECO,Withdrawn,battery
X4-046,2012-01-31,E Street (Sub 18) 13kV,14167.0,13.0,60.33333333333333,19.5,gas,DC,PEPCO,In Service,gen
X4-047,2012-01-31,Phillipsburg,14704.0,138.0,95.65217391304348,4.0,solar,NJ,JCPL,Withdrawn,gen
X4-048,2012-01-31,Lackawanna 230kV,13403.0,230.0,100.0,1000.0,gas,PA,PPL,In Service,gen
Y1-001,2012-02-03,BL England 138kV,19257.0,138.0,100.0,452.0,gas,NJ,AEC,Withdrawn,gen
Y1-002 3641682,2012-02-03,NIPS-PJM,16691.0,138.0,66.66666666666667,575.0,other,,,Confirmed,gen
Y1-003,2012-02-07,Deep Creek-Penn Mar 115kV,32310.0,115.0,100.0,60.0,wind,MD,APS,Withdrawn,gen
Y1-004 3673272,2012-02-07,TVA-PJM,56730.0,138.0,66.66666666666667,720.0,other,,,Confirmed,gen
Y1-005,2012-02-13,LaSalle,20760.0,138.0,93.33333333333333,2729.0,other,IL,ComEd,Withdrawn,gen
Y1-006,2012-02-14,Jubal Early-Austinville 138kV,7966.0,138.0,84.21052631578947,72.0,wind,VA,AEP,Withdrawn,gen
Y1-007 3721881,2012-02-14,TVA-PJM,56730.0,138.0,66.66666666666667,500.0,other,,,Confirmed,gen
Y1-008,2012-02-17,Tasley-Kellam 69kV,11630.0,69.0,100.0,50.0,wind,VA,ODEC,Withdrawn,gen
Y1-009,2012-02-21,Yardville 13kV,36376.0,13.0,77.71428571428572,4.0,solar,NJ,PSEG,Withdrawn,gen
Y1-010,2012-02-21,Quinton 12kV,29518.0,12.0,68.92307692307692,3.9,gas,NJ,AEC,Withdrawn,gen
Y1-011,2012-02-23,Sewaren 230kV,18978.0,230.0,100.0,520.0,gas,NJ,PSEG,Withdrawn,gen
Y1-012,2012-02-23,Geneva,13324.0,138.0,100.0,6.48,gas,OH,ATSI,In Service,gen
Y1-013,2012-02-23,McAlpin 12kV,32744.0,12.0,68.92307692307692,4.8,gas,WV,APS,Withdrawn,gen
Y1-014,2012-02-24,Worton 12kV,7677.0,12.0,75.33333333333334,1.6,solar,MD,DPL,Withdrawn,gen
Y1-015,2012-02-24,Shenango-Hoytdale 345kV,36538.0,345.0,100.0,1000.0,gas,PA,ATSI,Withdrawn,gen
Y1-016,2012-02-28,Baker-Hardy 138kV,33039.0,138.0,100.0,50.0,wind,WV,APS,Withdrawn,gen
Y1-017,2012-02-28,Tabernacle,48586.0,138.0,70.58823529411764,10.0,solar,NJ,AEC,Withdrawn,gen
Y1-018,2012-02-28,Conesville #5,39039.0,138.0,95.0,405.0,other,OH,AEP,Deactivated,gen
Y1-019,2012-02-28,Conesville #6,39039.0,138.0,95.0,405.0,other,OH,AEP,Deactivated,gen
Y1-020,2012-02-28,Sussex 34kV,17111.0,34.0,92.0,9.9,solar,NJ,JCPL,In Service,gen
Y1-021,2012-02-28,Fredericksburg-Cranes Corner 230kV,31618.0,230.0,100.0,64.0,other,VA,Dominion,Withdrawn,gen
Y1-022,2012-02-28,Cooper,1417.0,138.0,100.0,10.0,solar,PA,PECO,Withdrawn,gen
Y1-023,2012-02-28,Felicity 69kV,15659.0,69.0,70.58823529411764,20.0,solar,OH,Duke,Withdrawn,gen
Y1-024,2012-02-28,Felicity 12.5kV,3283.0,12.5,67.0,3.0,solar,OH,Duke,Withdrawn,gen
Y1-025,2012-02-29,Raritan River 230kV,26617.0,230.0,69.56521739130434,785.0,gas,NJ,JCPL,Withdrawn,gen
Y1-026,2012-02-29,Tosco 230kV,31388.0,230.0,64.72727272727273,180.0,gas,NJ,PSEG,In Service,gen
Y1-027,2012-02-29,Belmon 12.5kV,13652.0,12.5,92.0,4.0,gas,PA,APS,Withdrawn,gen
Y1-028,2012-02-29,Lewis Run 115kV,30566.0,115.0,100.0,125.0,wind,PA,PENELEC,Withdrawn,gen
Y1-029,2012-02-29,Waynesboro-Dooms 115kV,32218.0,115.0,100.0,99.0,wind,VA,Dominion,Withdrawn,gen
Y1-030,2012-02-29,Forest 69kV,31981.0,69.0,92.0,100.0,wind,OH,AEP,Withdrawn,gen
Y1-031,2012-02-29,Erie East 230kV,13396.0,230.0,100.0,101.47,wind,PA,PENELEC,Withdrawn,gen
Y1-032,2012-02-29,Potter-Gold 115kV,29567.0,115.0,83.33333333333334,99.0,wind,PA,PENELEC,Withdrawn,gen
Y1-033,2012-02-29,Penn Mar-Rock Wood 115kV,14227.0,115.0,100.0,38.3,wind,PA,PENELEC,In Service,gen
Y1-034,2012-02-29,Everson 23kV,16667.0,23.0,68.92307692307692,6.0,gas,WV,APS,Withdrawn,gen
Y1-035,2012-03-08,Eastlake 138kV,23032.0,138.0,100.0,462.0,gas,OH,ATSI,Withdrawn,gen
Y1-036,2012-03-08,Eastlake 345kV,23032.0,345.0,100.0,462.0,gas,OH,ATSI,Withdrawn,gen
Y1-037,2012-03-15,,,138.0,0.0,6.0,solar,NJ,JCPL,Withdrawn,gen
Y1-038,2012-03-19,Sparta,33351.0,138.0,92.5,5.0,solar,NJ,JCPL,Withdrawn,gen
Y1-039,2012-03-23,Kings Creek 69kV,13132.0,69.0,100.0,5.2,other,MD,DPL,Withdrawn,gen
Y1-039A_EKPC1,2012-03-23,JK Smith 138 KV,1410.0,138.0,94.11764705882352,170.0,gas,KY,EKPC,Withdrawn,gen
Y1-040 4012244,2012-03-26,PJM-LGEE,31685.0,138.0,57.14285714285714,103.0,other,,,Withdrawn,gen
Y1-041 4019603,2012-03-27,ALTE-PJM,48484.0,138.0,80.0,156.0,other,,,Confirmed,gen
Y1-042,2012-03-30,Vineland 12kV,4500.0,12.0,77.71428571428572,3.5,solar,NJ,AEC,Withdrawn,gen
Y1-043,2012-03-30,Mackeys-Creswell 115kV,3417.0,115.0,100.0,150.0,wind,NC,Dominion,Withdrawn,gen
Y1-044,2012-03-30,Belmont 138kV,16750.0,138.0,100.0,43.2,other,WV,APS,In Service,gen
Y1-045,2012-03-30,Friendship Manor,7469.0,138.0,88.75,2.0,solar,MD,BGE,Withdrawn,gen
Y1-046,2012-03-30,New Prospect Road 12kV,19260.0,12.0,92.0,8.0,solar,NJ,JCPL,Withdrawn,gen
Y1-047,2012-03-30,North Meshoppen 34.5kV,13291.0,34.5,92.0,15.4,gas,PA,PENELEC,In Service,gen
Y1-048,2012-04-02,Four Rivers 115kV,33127.0,115.0,100.0,372.0,gas,VA,Dominion,Withdrawn,gen
Y1-049,2012-04-06,Wurno 34.5kV,32621.0,34.5,92.0,6.0,gas,VA,AEP,In Service,gen
Y1-050 4089954,2012-04-06,AMIL-PJM,29641.0,138.0,75.0,600.0,other,,,Retracted,gen
Y1-051 4089967,2012-04-06,CIN-PJM,14626.0,138.0,75.0,300.0,other,,,Retracted,gen
Y1-052 4089969,2012-04-06,AMIL-PJM,29641.0,138.0,75.0,125.0,other,,,Retracted,gen
Y1-053 4126399,2012-04-11,PJM-NYIS,31685.0,138.0,57.14285714285714,100.0,other,,,Retracted,gen
Y1-054,2012-04-16,Rochelle 138kV,23403.0,138.0,100.0,20.0,gas,OH,DEOK,In Service,gen
Y1-055,2012-04-16,Brick-Lanes Mill 34.5kV,31778.0,34.5,75.33333333333334,5.0,solar,NJ,JCPL,Withdrawn,gen
Y1-056,2012-04-16,TMI,14013.0,138.0,60.0,879.0,other,PA,ME,Withdrawn,gen
Y1-057,2012-04-25,Barbadoes 34kV,29573.0,34.0,92.0,2.0,storage,PA,PECO,Deactivated,battery
Y1-058 4231012,2012-04-25,AMIL-PJM,29641.0,138.0,75.0,33.0,other,,,Confirmed,gen
Y1-059 4231038,2012-04-25,AMIL-PJM,29641.0,138.0,75.0,33.0,other,,,Confirmed,gen
Y1-060,2012-04-25,Aulander 34.5kV,14648.0,34.5,67.0,15.0,solar,NC,Dominion,Withdrawn,gen
Y1-061 4239695,2012-04-26,CPLE-PJM,1723.0,138.0,66.66666666666667,55.0,other,,,Retracted,gen
Y1-062 4239873,2012-04-26,CPLE-PJM,1723.0,138.0,66.66666666666667,55.0,other,,,Retracted,gen
Y1-063,2012-04-27,Trenton 34.5kV,18994.0,34.5,92.0,4.0,storage,OH,AEP,Deactivated,battery
Y1-064,2012-04-27,Berkshire 34.5kV,15617.0,34.5,55.1578947368421,4.0,storage,OH,AEP,Withdrawn,battery
Y1-065,2012-04-27,Rock Springs 500kV,12912.0,500.0,100.0,834.1,gas,MD,Essential Power,In Service,gen
Y1-066,2012-04-27,Four Rivers 115kV,33127.0,115.0,100.0,182.0,gas,VA,Dominion,In Service,gen
Y1-067,2012-04-27,Peckville-Jackson 69kV,31783.0,69.0,92.0,64.6,wind,PA,PPL,Withdrawn,gen
Y1-068,2012-04-27,East Mill 138kV,29641.0,138.0,90.0,50.0,other,VA,Dominion,In Service,gen
Y1-069,2012-04-27,Bay Shore-Fostoria Central 345kV & Bayshore-Monroe 345kV,5029.0,345.0,100.0,799.0,gas,OH,ATSI,In Service,gen
Y1-070,2012-04-30,Shenango-Hoytdale 345kV,36538.0,345.0,100.0,825.0,gas,PA,ATSI,Withdrawn,gen
Y1-071,2012-04-30,Burma 25kV,14012.0,25.0,92.0,6.0,gas,PA,APS,Withdrawn,gen
Y1-072,2012-04-30,Glen Gardner 12kV,29179.0,12.0,92.0,2.0,solar,NJ,JCPL,In Service,gen
Y1-073,2012-04-30,Riders Creek,3415.0,138.0,95.23809523809523,20.0,solar,NC,Dominion,Withdrawn,gen
Y1-074,2012-04-30,Martin 12kV,6448.0,12.0,92.0,7.8,solar,OH,ATSI,Withdrawn,gen
Y1-075,2012-04-30,Medford 13kV,13759.0,13.0,81.0909090909091,1.0,solar,NJ,PSEG,In Service,gen
Y1-076,2012-04-30,BL England 138kV,19257.0,138.0,100.0,452.0,gas,NJ,AEC,Withdrawn,gen
Y1-077,2012-04-30,BL England 138kV,19257.0,138.0,100.0,486.0,gas,NJ,AEC,Withdrawn,gen
Y1-078,2012-04-30,Crawford 138kV,5372.0,138.0,80.0,20.0,storage,IL,ComEd,Withdrawn,battery
Y1-079,2012-04-30,Wye Mills 69kV,12919.0,69.0,100.0,10.0,solar,MD,DPL,In Service,gen
Y1-080,2012-04-30,Dorchester 12kV,1396.0,12.0,92.0,3.38,solar,MD,DPL,In Service,gen
Y1-081,2012-04-30,Wye Mills 12kV,12919.0,12.0,92.0,3.38,solar,MD,DPL,Withdrawn,gen
Y1-082,2012-04-30,Longwood-Wye Mills 69kV,13099.0,69.0,100.0,63.0,other,MD,DPL,In Service,gen
Y1-084,2012-04-30,East Newton–Blairstown 34.5kV,11762.0,34.5,84.5,1.99,solar,NJ,JCPL,Withdrawn,gen
Y1-085,2012-04-30,Kings Creek 25kV,13132.0,25.0,92.0,4.4,other,MD,DPL,Withdrawn,gen
Y1-086,2012-04-30,Morgans Corner,40034.0,138.0,82.85714285714286,20.0,solar,NC,Dominion,In Service,gen
Y1-087,2012-04-30,New Hope,1838.0,138.0,100.0,15.0,solar,MD,DPL,Withdrawn,gen
Y1-088 4273094,2012-04-30,AMIL-PJM,29641.0,138.0,75.0,50.0,other,,,Withdrawn,gen
Y1-089 4273103,2012-04-30,AMIL-PJM,29641.0,138.0,75.0,61.0,other,,,Confirmed,gen
Y1-090 4273104,2012-04-30,AMIL-PJM,29641.0,138.0,75.0,105.0,other,,,Confirmed,gen
Y1-091 4273111,2012-04-30,AMIL-PJM,29641.0,138.0,75.0,57.0,other,,,Withdrawn,gen
Y2-001,2012-05-02,Gosport,32312.0,138.0,100.0,53.8,other,VA,Dominion,Deactivated,gen
Y2-002,2012-05-08,,,138.0,0.0,350.0,gas,PA,PPL,Withdrawn,gen
Y2-003,2012-05-16,Chicago Battery,5937.0,138.0,73.33333333333334,0.6,storage,IL,ComEd,Withdrawn,battery
Y2-004 4392716,2012-05-16,AMIL-PJM,29641.0,138.0,75.0,300.0,other,,,Withdrawn,gen
Y2-005 4392723,2012-05-16,AMIL-PJM,29641.0,138.0,75.0,117.0,other,,,Confirmed,gen
Y2-006 4392735,2012-05-16,IPL-PJM,14065.0,138.0,100.0,237.0,other,,,Withdrawn,gen
Y2-007 4393092,2012-05-16,AMIL-PJM,29641.0,138.0,75.0,600.0,other,,,Withdrawn,gen
Y2-008 4393106,2012-05-16,CIN-PJM,14626.0,138.0,75.0,600.0,other,,,Withdrawn,gen
Y2-009 4436881,2012-05-22,MECS-PJM,15751.0,138.0,75.0,100.0,other,,,Withdrawn,gen
Y2-010,2012-05-23,Olive-Meadow Lake 345kV,32980.0,345.0,100.0,100.0,wind,IN,AEP,Withdrawn,gen
Y2-011,2012-05-24,Brunot Island I 138kV,13572.0,138.0,96.0,20.0,other,PA,DL,Withdrawn,gen
Y2-012,2012-05-24,Brunot Island II 138kV,13572.0,138.0,94.375,20.0,other,PA,DL,Withdrawn,gen
Y2-013,2012-05-30,Linden VFT-Tosco 230kV,19239.0,230.0,88.0,800.0,gas,NJ,PSEG,Withdrawn,gen
Y2-014 4465462,2012-05-30,MECS-PJM,15751.0,138.0,75.0,542.0,other,,,Retracted,gen
Y2-015,2012-05-31,Eldred-Frackville #1 230kV,50469.0,230.0,80.0,344.0,gas,PA,PPL,Withdrawn,gen
Y2-016,2012-06-06,,,138.0,0.0,68.0,wind,PA,PENELEC,Withdrawn,gen
Y2-017 4469835,2012-06-11,WEC-PJM,910.0,138.0,75.0,578.0,other,,,Withdrawn,gen
Y2-018,2012-06-20,Pequest River 34.5kV,13388.0,34.5,52.86956521739131,3.8,solar,NJ,JCPL,In Service,gen
Y2-019,2012-06-21,Essex 230kV,19235.0,230.0,100.0,755.0,gas,NJ,PSEG,In Service,gen
Y2-020 4474313,2012-06-26,ALTE-PJM,48484.0,138.0,80.0,312.0,other,,,Retracted,gen
Y2-021 4474676,2012-06-29,TVA-PJM,56730.0,138.0,66.66666666666667,160.0,other,,,Withdrawn,gen
Y2-022 4474678,2012-06-29,TVA-PJM,56730.0,138.0,66.66666666666667,100.0,other,,,Withdrawn,gen
Y2-023 4474686,2012-06-29,TVA-PJM,56730.0,138.0,66.66666666666667,100.0,other,,,Withdrawn,gen
Y2-024 4474688,2012-06-29,TVA-PJM,56730.0,138.0,66.66666666666667,13.0,other,,,Withdrawn,gen
Y2-025 4474691,2012-06-29,DUK-PJM,14503.0,138.0,66.66666666666667,160.0,other,,,Withdrawn,gen
Y2-026 4474692,2012-06-29,DUK-PJM,14503.0,138.0,66.66666666666667,100.0,other,,,Withdrawn,gen
Y2-027 4474693,2012-06-29,DUK-PJM,14503.0,138.0,66.66666666666667,75.0,other,,,Withdrawn,gen
Y2-028 4474695,2012-06-29,DUK-PJM,14503.0,138.0,66.66666666666667,38.0,other,,,Withdrawn,gen
Y2-029,2012-06-29,Ringoes 12kV,19136.0,12.0,63.42857142857143,0.38,solar,NJ,JCPL,Withdrawn,gen
Y2-030 4476631,2012-07-03,LGEE-PJM,4036.0,138.0,85.71428571428572,167.0,other,,,Confirmed,gen
Y2-031 4476636,2012-07-03,LGEE-PJM,4036.0,138.0,85.71428571428572,167.0,other,,,Confirmed,gen
Y2-032 4476638,2012-07-03,LGEE-PJM,4036.0,138.0,85.71428571428572,167.0,other,,,Confirmed,gen
Y2-033 4476971,2012-07-04,TVA-PJM,56730.0,138.0,66.66666666666667,93.0,other,,,Confirmed,gen
Y2-034 4476972,2012-07-04,DUK-PJM,14503.0,138.0,66.66666666666667,156.0,other,,,Confirmed,gen
Y2-035 4479078,2012-07-10,DUK-PJM,14503.0,138.0,66.66666666666667,200.0,other,,,Confirmed,gen
Y2-036 4479079,2012-07-10,DUK-PJM,14503.0,138.0,66.66666666666667,200.0,other,,,Confirmed,gen
Y2-037,2012-07-11,Tuscarora 12kV #1,13441.0,12.0,92.0,3.0,solar,PA,PPL,Withdrawn,gen
Y2-038,2012-07-11,Tuscarora 12kV #2,13441.0,12.0,92.0,3.0,solar,PA,PPL,Withdrawn,gen
Y2-039 4480171,2012-07-13,PJM-NYIS,31685.0,138.0,57.14285714285714,6.0,other,,,Retracted,gen
Y2-040 4480173,2012-07-13,MECS-PJM,15751.0,138.0,75.0,660.0,other,,,Withdrawn,gen
Y2-041 4482430,2012-07-20,PJM-NYIS,31685.0,138.0,57.14285714285714,6.0,other,,,Withdrawn,gen
Y2-042,2012-07-23,Oxbow 34.5 kV,13392.0,34.5,78.66666666666667,18.3,gas,PA,PENELEC,In Service,gen
Y2-043,2012-07-30,Kickapoo,20781.0,138.0,62.5,15.7,storage,IL,ComEd,Deactivated,battery
Y2-044 4485276,2012-07-31,NYIS-PJM,16691.0,138.0,66.66666666666667,83.0,other,,,Withdrawn,gen
Y2-045,2012-08-02,Baker 345kV,33039.0,345.0,100.0,999.0,gas,KY,AEP,In Service,gen
Y2-046 4486124,2012-08-03,TVA-PJM,56730.0,138.0,66.66666666666667,800.0,other,,,Retracted,gen
Y2-047,2012-08-06,Peach Bottom-BGE,14669.0,138.0,100.0,200.0,other,,PECO,Withdrawn,gen
Y2-048,2012-08-08,Haumesser Road,19264.0,138.0,70.0,240.0,storage,IL,ComEd,Withdrawn,battery
Y2-049 4487235,2012-08-08,MECS-PJM,15751.0,138.0,75.0,542.0,other,,,Withdrawn,gen
Y2-050,2012-08-15,Tidd–Canton Central,36200.0,138.0,100.0,742.0,gas,OH,AEP,In Service,gen
Y2-051,2012-08-15,Brick-Lane Mill 34.5kV,31778.0,34.5,75.33333333333334,5.0,solar,NJ,JCPL,In Service,gen
Y2-052,2012-08-15,South Bend 500kV,12658.0,500.0,92.0,704.0,gas,PA,APS,Withdrawn,gen
Y2-053,2012-08-15,Lemoyne 138kV,38769.0,138.0,100.0,675.0,gas,OH,ATSI,Withdrawn,gen
Y2-054,2012-08-15,Oak Grove 138kV,31454.0,138.0,92.0,354.0,gas,WV,APS,In Service,gen
Y2-055,2012-08-16,Elm Street 34.5kV,13364.0,34.5,92.0,29.0,gas,PA,PENELEC,Withdrawn,gen
Y2-056 4489283,2012-08-17,ALTE-PJM,48484.0,138.0,80.0,468.0,other,,,Retracted,gen
Y2-057,2012-08-23,Wyandot 13kV,56871.0,13.0,63.42857142857143,3.0,gas,OH,AEP,Withdrawn,gen
Y2-058,2012-08-27,Broadford-Jackson's Ferry 765kV,40048.0,765.0,100.0,762.0,gas,VA,AEP,Withdrawn,gen
Y2-059,2012-08-30,Kingston-Westover 69kV,14897.0,69.0,100.0,20.0,solar,MD,DPL,Withdrawn,gen
Y2-060,2012-08-31,North Meshoppen 34.5kv II,13291.0,34.5,92.0,18.9,gas,PA,PENELEC,In Service,gen
Y2-061,2012-08-31,Cumberland-West Shore 69kV,4083.0,69.0,92.0,20.0,solar,PA,PPL,Withdrawn,gen
Y2-062,2012-08-31,East New Market 69kV,52689.0,69.0,100.0,20.0,solar,MD,DPL,Withdrawn,gen
Y2-063,2012-09-20,Eldred-Frackville #2 230kV,50469.0,230.0,80.0,344.0,gas,PA,PPL,Withdrawn,gen
Y2-064,2012-09-24,Printz,45308.0,138.0,66.66666666666667,606.5,gas,PA,PECO,In Service,gen
Y2-065,2012-09-28,Valley-Raccoon 138kV,16471.0,138.0,100.0,205.0,gas,PA,DL,Withdrawn,gen
Y2-066,2012-09-28,Suffolk 34.5kV,3183.0,34.5,92.0,9.0,gas,VA,Dominion,Withdrawn,gen
Y2-067,2012-09-28,Clinch River 138kV,36796.0,138.0,100.0,626.0,other,VA,AEP,In Service,gen
Y2-068 4504469,2012-10-12,AMIL-PJM,29641.0,138.0,75.0,3081.0,other,,,Withdrawn,gen
Y2-069 4505354,2012-10-15,MECS-PJM,15751.0,138.0,75.0,165.0,other,,,Withdrawn,gen
Y2-070 4505355,2012-10-15,MECS-PJM,15751.0,138.0,75.0,165.0,other,,,Withdrawn,gen
Y2-071 4505356,2012-10-15,MECS-PJM,15751.0,138.0,75.0,165.0,other,,,Withdrawn,gen
Y2-072 4505357,2012-10-15,MECS-PJM,15751.0,138.0,75.0,165.0,other,,,Withdrawn,gen
Y2-073 4505680,2012-10-16,NYISJK-PJM-NYISBC,,138.0,0.0,250.0,other,,,Withdrawn,gen
Y2-074,2012-10-19,Hopewell 230kV,19035.0,230.0,100.0,401.0,gas,VA,Dominion,In Service,gen
Y2-075,2012-10-19,Solar City,32916.0,138.0,80.0,0.5,solar,MD,APS,Withdrawn,gen
Y2-076,2012-10-22,Clover 230kV,32642.0,230.0,100.0,445.0,other,VA,Dominion,In Service,gen
Y2-077,2012-10-23,Hopewell 230kV,19035.0,230.0,100.0,401.0,gas,VA,Dominion,In Service,gen
Y2-078,2012-10-25,Lakewood #1 230kV,5856.0,230.0,94.0,280.0,gas,NJ,JCPL,In Service,gen
Y2-079,2012-10-25,Lakewood #2 230kV,5856.0,230.0,94.0,395.6,gas,NJ,JCPL,In Service,gen
Y2-080,2012-10-29,Rhodes Lane 500kV,45463.0,500.0,68.19047619047619,1065.0,gas,PA,APS,Withdrawn,gen
Y2-081,2012-10-30,Deptford 13kV,29935.0,13.0,92.0,5.0,solar,NJ,PSEG,In Service,gen
Y2-082 4510276,2012-10-30,MECS-PJM,15751.0,138.0,75.0,1200.0,other,,,Annulled,gen
Y2-083,2012-10-30,Essex 138kV,19235.0,138.0,100.0,218.0,gas,NJ,PSEG,Withdrawn,gen
Y2-084,2012-10-30,Dequine 345kV,39168.0,345.0,100.0,64.0,storage,IN,AEP,Withdrawn,battery
Y2-085,2012-10-30,Sammis–Star 345kV ,5022.0,345.0,78.18181818181819,1050.0,gas,OH,ATSI,Withdrawn,gen
Y2-086,2012-10-30,Engle 69kV,15741.0,69.0,80.0,62.5,other,KY,AEP,Withdrawn,gen
Y2-087,2012-10-31,Raystown-Lewistown 230kV,32800.0,230.0,100.0,150.4,wind,PA,PENELEC,Withdrawn,gen
Y2-088,2012-10-31,Garards Fort 25kV,14093.0,25.0,58.66666666666667,19.9,gas,PA,APS,Withdrawn,gen
Y2-089,2012-10-31,Lackawanna 230kV,13403.0,230.0,100.0,1370.0,gas,PA,PPL,In Service,gen
Y2-090 4510751,2012-10-31,ALTE-PJM,48484.0,138.0,80.0,156.0,other,,,Withdrawn,gen
Y2-091,2012-10-31,Toledo Solar,43075.0,138.0,61.53846153846154,0.332,solar,OH,ATSI,Withdrawn,gen
Y2-092,2012-10-31,Walbridge Solar,14644.0,138.0,66.66666666666667,0.3,solar,OH,ATSI,Withdrawn,gen
Y2-093,2012-10-31,Easton-Easton Tap 69kV,13101.0,69.0,100.0,63.0,other,PA,DPL,Withdrawn,gen
Y2-094,2012-10-31,4 Quad Cities-1-NI Hub,31500.0,138.0,95.38461538461539,250.0,other,,ComEd,Withdrawn,gen
Y2-095,2012-10-31,Sullivan 765 kV,38498.0,765.0,100.0,1211.0,other,IL,AEP,Withdrawn,gen
Y2-096,2012-10-31,Balenger Sewage-Thomas Bakery 34.5kV,33740.0,34.5,49.14285714285714,47.2,other,MD,APS,Withdrawn,gen
Y2-097,2012-10-31,Brunswick 500kV,29513.0,500.0,92.0,3102.0,gas,VA,Dominion,Withdrawn,gen
Y2-098,2012-10-31,Freemansburg #1 12kV,6336.0,12.0,64.14285714285714,5.0,gas,PA,PPL,Deactivated,gen
Y2-099,2012-10-31,Warrenton 34.5kV,33150.0,34.5,92.0,2.0,gas,VA,Dominion,Withdrawn,gen
Y2-100,2012-10-31,Otter Point 34.5kV,12906.0,34.5,92.0,4.0,gas,MD,BGE,In Service,gen
Y2-101,2012-10-31,Freemansburg #2 12kV,38030.0,12.0,61.565217391304344,3.2,gas,PA,PPL,Withdrawn,gen
Y2-102,2012-11-01,Deepwater 138kV,31823.0,138.0,100.0,193.0,gas,NJ,AEC,Withdrawn,gen
Y2-103,2012-11-01,Zion Energy Center,5780.0,138.0,81.25,945.0,gas,IL,ComEd,Withdrawn,gen
Y2-104,2012-11-01,Russell Hill-N. Meshoppen 34.5kV,11394.0,34.5,83.0,6.6,gas,PA,PENELEC,Withdrawn,gen
Y2-105,2012-11-01,Eagle Point 230kV,29934.0,230.0,100.0,253.0,gas,NJ,PSEG,In Service,gen
Y2-106 4511112,2012-11-01,ALTE-PJM,48484.0,138.0,80.0,156.0,other,,,Retracted,gen
Y2-107,2012-11-02,Robison Park-Argenta 345 kV,35690.0,345.0,100.0,200.0,wind,IN,AEP,Withdrawn,gen
Y2-108,2012-11-02,Crisfield 25kV,13134.0,25.0,92.0,12.0,other,MD,DPL,Withdrawn,gen
Y2-109,2012-11-02,Bayview 25kV,15445.0,25.0,67.0,12.5,other,VA,ODEC,In Service,gen
Y2-110,2012-11-02,BL England 138kV,19257.0,138.0,100.0,565.0,gas,NJ,AEC,Withdrawn,gen
Y2-111,2012-11-02,Tait 69kV,5126.0,69.0,75.0,12.0,storage,OH,Dayton,Deactivated,battery
Y2-112,2012-11-02,Keystone 345kV,31985.0,345.0,92.0,12.0,storage,IN,AEP,Withdrawn,battery
Y2-113,2012-11-02,Morris 138kV,34651.0,138.0,92.0,120.0,gas,IL,ComEd,In Service,gen
Y2-114 4511399,2012-11-02,CIN-PJM,14626.0,138.0,75.0,95.0,other,,,Confirmed,gen
Y2-115 4511400,2012-11-02,TVA-PJM,56730.0,138.0,66.66666666666667,102.0,other,,,Withdrawn,gen
Y2-116,2012-11-02,Sullivan 765 kV,38498.0,765.0,100.0,600.0,other,IL,AEP,Withdrawn,gen
Y2-117,2012-11-02,Perryman Solar,24938.0,138.0,87.14285714285714,20.0,solar,MD,BGE,Withdrawn,gen
Y3-001,2012-11-05,Hudson 230kV,26633.0,230.0,82.0,705.0,gas,NJ,PSEG,Withdrawn,gen
Y3-002 4512681,2012-11-06,MECS-PJM,15751.0,138.0,75.0,103.0,other,,,Retracted,gen
Y3-003 4514773,2012-11-12,PJM-LGEE,31685.0,138.0,57.14285714285714,100.0,other,,,Retracted,gen
Y3-004 4520247,2012-11-30,ALTE-PJM,48484.0,138.0,80.0,468.0,other,,,Retracted,gen
Y3-005 4520326,2012-11-30,PJM-LGEE,31685.0,138.0,57.14285714285714,300.0,other,,,Retracted,gen
Y3-006 4522077,2012-12-07,AMIL-PJM,29641.0,138.0,75.0,40.0,other,,,Withdrawn,gen
Y3-007 4522091,2012-12-07,AMIL-PJM,29641.0,138.0,75.0,35.0,other,,,Withdrawn,gen
Y3-008 4522102,2012-12-07,AMIL-PJM,29641.0,138.0,75.0,40.0,other,,,Withdrawn,gen
Y3-009 4522107,2012-12-07,AMIL-PJM,29641.0,138.0,75.0,35.0,other,,,Withdrawn,gen
Y3-010,2012-12-14,Brush Junction-Millheim 46kV,39107.0,46.0,78.66666666666667,70.0,wind,PA,APS,Withdrawn,gen
Y3-011 4524473,2012-12-17,ALTE-PJM,48484.0,138.0,80.0,468.0,other,,,Withdrawn,gen
Y3-012,2012-12-21,Huron 69kV,13117.0,69.0,72.72727272727273,15.5,gas,NJ,AEC,In Service,gen
Y3-013,2012-12-27,Zion Energy Center,5780.0,138.0,81.25,585.0,gas,IL,ComEd,In Service,gen
Y3-014 4526965,2012-12-28,TVA-PJM,56730.0,138.0,66.66666666666667,40.0,other,,,Retracted,gen
Y3-015 4526966,2012-12-28,TVA-PJM,56730.0,138.0,66.66666666666667,35.0,other,,,Retracted,gen
Y3-016 4526971,2012-12-28,TVA-PJM,56730.0,138.0,66.66666666666667,35.0,other,,,Retracted,gen
Y3-017 4526972,2012-12-28,AMIL-PJM,29641.0,138.0,75.0,40.0,other,,,Retracted,gen
Y3-018 4526973,2012-12-28,AMIL-PJM,29641.0,138.0,75.0,38.0,other,,,Retracted,gen
Y3-019 4530042,2013-01-09,AMIL-PJM,29641.0,138.0,75.0,275.0,other,,,Withdrawn,gen
Y3-020 4530044,2013-01-09,AMIL-PJM,29641.0,138.0,75.0,87.0,other,,,Withdrawn,gen
Y3-021 4530045,2013-01-09,AMIL-PJM,29641.0,138.0,75.0,87.0,other,,,Withdrawn,gen
Y3-022 4531285,2013-01-14,PJM-LGEE,31685.0,138.0,57.14285714285714,300.0,other,,,Retracted,gen
Y3-023,2013-01-18,Country Side 12kV,1975.0,12.0,70.26086956521739,4.8,gas,IN,AEP,In Service,gen
Y3-024,2013-01-18,Bluff Point 12kV,13779.0,12.0,72.9090909090909,3.2,gas,IN,AEP,In Service,gen
Y3-025,2013-01-22,Bridge-South Park 12kV,4681.0,12.0,92.0,3.18,gas,WV,AEP,In Service,gen
Y3-026,2013-01-25,Burlington 26kV,19326.0,26.0,92.0,10.0,solar,NJ,PSEG,In Service,gen
Y3-027,2013-01-25,Camden 26kV,29531.0,26.0,92.0,6.0,solar,NJ,PSEG,Withdrawn,gen
Y3-028 4534356,2013-01-25,CIN-PJM,14626.0,138.0,75.0,200.0,other,,,Withdrawn,gen
Y3-029,2013-02-01,Damascus-Mt. Airy 34.5kV,12822.0,34.5,92.0,4.375,gas,MD,APS,Withdrawn,gen
Y3-030,2013-02-04,Sandy Springs-High Ridge 230kV,31572.0,230.0,96.0,127.0,other,MD,BGE,Withdrawn,gen
Y3-031,2013-02-06,Riders Creek 115kV,3415.0,115.0,95.23809523809523,130.9,wind,NC,Dominion,Withdrawn,gen
Y3-031A_EKPC2,2013-02-11,Flemingsburg 138 KV,38393.0,138.0,70.0,150.28,wind,KY,EKPC,Withdrawn,gen
Y3-032 4540149,2013-02-19,MECS-PJM,15751.0,138.0,75.0,250.0,other,,,Annulled,gen
Y3-033,2013-02-19,Chestertown-Millington 69kV ,12914.0,69.0,100.0,100.0,wind,MD,DPL,Withdrawn,gen
Y3-034,2013-02-20,Eldred-Pine Grove 690kV,50469.0,690.0,80.0,10.5,gas,PA,PPL,In Service,gen
Y3-035,2013-02-21,Mole Creek 345kV,40057.0,345.0,75.0,97.5,wind,IL,ComEd,Withdrawn,gen
Y3-036,2013-02-28,Gavin Unit 2,823.0,138.0,82.5,1356.0,other,OH,AEP,In Service,gen
Y3-037,2013-02-28,Amos Unit 3,25160.0,138.0,80.9090909090909,1336.0,other,WV,AEP,In Service,gen
Y3-038,2013-02-28,Rockport Unit 1,38973.0,138.0,86.0,1356.0,other,IN,AEP,In Service,gen
Y3-039,2013-02-28,Clinch River Unit 1,36796.0,138.0,87.64705882352942,250.0,gas,VA,AEP,In Service,gen
Y3-040,2013-02-28,Clinch River Unit 2,36796.0,138.0,87.64705882352942,250.0,gas,VA,AEP,In Service,gen
Y3-041,2013-02-28,Peckville-Jackson 69kV,31783.0,69.0,92.0,62.0,wind,PA,PPL,Withdrawn,gen
Y3-042,2013-02-28,Elrama 69kV,22895.0,69.0,72.72727272727273,460.0,gas,PA,DL,Withdrawn,gen
Y3-043,2013-02-28,Peach Bottom 500kV,14669.0,500.0,100.0,760.0,gas,PA,PECO,In Service,gen
Y3-044,2013-02-28,Kearny ,26616.0,138.0,100.0,206.0,gas,NJ,PSEG,In Service,gen
Y3-045,2013-02-28,Bergen ,19042.0,138.0,100.0,1235.0,gas,NJ,PSEG,In Service,gen
Y3-046,2013-02-28,Linden ,19239.0,138.0,100.0,178.0,gas,NJ,PSEG,Withdrawn,gen
Y3-047,2013-02-28,Essex ,19235.0,138.0,100.0,299.0,gas,NJ,PSEG,Withdrawn,gen
Y3-048,2013-02-28,Burlington ,19326.0,138.0,100.0,207.0,gas,NJ,PSEG,In Service,gen
Y3-049,2013-02-28,Edison ,15516.0,138.0,100.0,582.0,gas,NJ,PSEG,Withdrawn,gen
Y3-050,2013-02-28,Kearny ,26616.0,138.0,100.0,497.0,gas,NJ,PSEG,In Service,gen
Y3-051,2013-02-28,Linden ,19239.0,138.0,100.0,1626.0,gas,NJ,PSEG,In Service,gen
Y3-052,2013-02-28,Bergen ,19042.0,138.0,100.0,1285.0,gas,NJ,PSEG,In Service,gen
Y3-053,2013-02-28,Kearny ,26616.0,138.0,100.0,537.0,gas,NJ,PSEG,In Service,gen
Y3-054,2013-03-05,Milford 138kV,16007.0,138.0,100.0,12.0,solar,DE,DPL,Withdrawn,gen
Y3-055 4543017,2013-03-05,PJM-TVA,31685.0,138.0,57.14285714285714,300.0,other,,,Retracted,gen
Y3-056,2013-03-12,Pioneer Crossing 69kV,14875.0,69.0,83.125,8.0,gas,PA,ME,In Service,gen
Y3-057,2013-03-13,Forest Park,31981.0,138.0,90.0,12.0,solar,MD,PEPCO,Withdrawn,gen
Y3-058,2013-03-13,Rockawalkin 69kV,15436.0,69.0,63.63636363636363,15.0,solar,MD,DPL,In Service,gen
Y3-059 4545202,2013-03-14,PJM-MECS,31685.0,138.0,57.14285714285714,500.0,other,,,Confirmed,gen
Y3-060 4545220,2013-03-14,PJM-CPLE,31685.0,138.0,57.14285714285714,89.0,other,,,Withdrawn,gen
Y3-061 4545319,2013-03-14,DUK-PJM,14503.0,138.0,66.66666666666667,409.0,other,,,Retracted,gen
Y3-062,2013-03-18,Erie East 34.5kV,13396.0,34.5,92.0,18.7,wind,PA,PENELEC,Withdrawn,gen
Y3-063,2013-03-20,State Line 138kV,31516.0,138.0,94.73684210526316,1161.0,gas,IN,ComEd,Withdrawn,gen
Y3-064,2013-03-21,Pierce-Beckjord 138kV,5027.0,138.0,100.0,160.0,other,OH,DEOK,In Service,gen
Y3-065 4548142,2013-03-26,PJM-CIN,31685.0,138.0,57.14285714285714,300.0,other,,,Retracted,gen
Y3-066 4548245,2013-03-26,AMIL-PJM,29641.0,138.0,75.0,580.0,other,,,Retracted,gen
Y3-067 4548247,2013-03-26,ALTE-PJM,48484.0,138.0,80.0,312.0,other,,,Withdrawn,gen
Y3-068,2013-03-29,George Washington 138kV,802.0,138.0,100.0,525.0,gas,WV,AEP,Withdrawn,gen
Y3-069 4549810,2013-04-02,NIPS-PJM,16691.0,138.0,66.66666666666667,233.0,other,,,Confirmed,gen
Y3-070 4549811,2013-04-02,NIPS-PJM,16691.0,138.0,66.66666666666667,40.0,other,,,Withdrawn,gen
Y3-071 4549812,2013-04-02,NIPS-PJM,16691.0,138.0,66.66666666666667,35.0,other,,,Withdrawn,gen
Y3-072 4549813,2013-04-02,NIPS-PJM,16691.0,138.0,66.66666666666667,233.0,other,,,Confirmed,gen
Y3-073,2013-04-10,W.H. Zimmer Station,53093.0,138.0,100.0,1350.0,other,OH,DEOK,Withdrawn,gen
Y3-074,2013-04-12,Ashton 480V,31182.0,138.0,64.0,0.372,other,MD,BGE,In Service,gen
Y3-075 4553095,2013-04-15,CIN-PJM,14626.0,138.0,75.0,50.0,other,,,Withdrawn,gen
Y3-076 4553097,2013-04-15,CIN-PJM,14626.0,138.0,75.0,50.0,other,,,Withdrawn,gen
Y3-077 4553099,2013-04-15,CIN-PJM,14626.0,138.0,75.0,250.0,other,,,Withdrawn,gen
Y3-078 4553101,2013-04-15,CIN-PJM,14626.0,138.0,75.0,500.0,other,,,Withdrawn,gen
Y3-079 4553350,2013-04-16,DUK-PJM,14503.0,138.0,66.66666666666667,409.0,other,,,Retracted,gen
Y3-080,2013-04-19,Tait 69kV,5126.0,69.0,75.0,20.0,storage,OH,Dayton,Deactivated,battery
Y3-081,2013-04-19,,,138.0,0.0,0.11,gas,OH,ATSI,Withdrawn,gen
Y3-082,2013-04-19,Easton-Trappe Tap 69kV,13101.0,69.0,100.0,63.0,other,MD,DPL,In Service,gen
Y3-083 4554680,2013-04-22,MECS-PJM,15751.0,138.0,75.0,250.0,other,,,Withdrawn,gen
Y3-084 4555130,2013-04-24,AMIL-PJM,29641.0,138.0,75.0,4.0,other,,,Retracted,gen
Y3-085 4555141,2013-04-24,AMIL-PJM,29641.0,138.0,75.0,4.0,other,,,Retracted,gen
Y3-086 4555143,2013-04-24,MEC-PJM,15751.0,138.0,85.71428571428572,4.0,other,,,Retracted,gen
Y3-087,2013-04-26,Beaverbrook 13kV,29936.0,13.0,87.65217391304348,3.8,solar,NJ,PSEG,In Service,gen
Y3-088,2013-04-26,Kendall I,13047.0,138.0,76.19047619047619,1158.8,gas,IL,ComEd,In Service,gen
Y3-089,2013-04-26,Kendall II,13047.0,138.0,72.72727272727273,1178.8,gas,IL,ComEd,In Service,gen
Y3-090,2013-04-26,Kendall III,13047.0,138.0,69.56521739130434,1198.8,gas,IL,ComEd,In Service,gen
Y3-091,2013-04-26,Kendall IV,13047.0,138.0,72.72727272727273,1218.8,gas,IL,ComEd,In Service,gen
Y3-092,2013-04-26,Erie West 345kV,31407.0,345.0,100.0,1000.0,other,PA,PENELEC,Withdrawn,gen
Y3-093,2013-04-26,Erie West 345kV,31407.0,345.0,100.0,1000.0,other,PA,PENELEC,Withdrawn,gen
Y3-094 4556115,2013-04-29,CIN-PJM,14626.0,138.0,75.0,223.0,other,,,Annulled,gen
Y3-095,2013-04-29,Centreville 12kV,7701.0,12.0,92.0,2.0,solar,MD,DPL,Withdrawn,gen
Y3-096,2013-04-29,Hanging Rock 765kV,36809.0,765.0,100.0,10.0,storage,OH,AEP,Withdrawn,battery
Y3-097,2013-04-29,Trent (Jug St.) 34.5kV,20107.0,34.5,77.0,4.0,storage,OH,AEP,Deactivated,battery
Y3-098,2013-04-29,Printz,45308.0,138.0,66.66666666666667,735.0,gas,PA,PECO,Withdrawn,gen
Y3-099,2013-04-29,Beckjord 2 MW-1,5035.0,138.0,88.46153846153847,2.0,storage,OH,DEOK,In Service,battery
Y3-100,2013-04-29,Beckjord 2 MW-2,5035.0,138.0,88.46153846153847,2.0,storage,OH,DEOK,Deactivated,battery
Y3-101,2013-04-29,Cedar 12kV,14660.0,12.0,92.0,5.7,solar,NJ,AEC,Withdrawn,gen
Y3-102,2013-04-30,Rock Springs 500kV,12912.0,500.0,100.0,1000.0,gas,MD,Essential Power,In Service,gen
Y3-103,2013-04-30,Valley-Raccoon 138kV,16471.0,138.0,100.0,205.0,gas,PA,DL,In Service,gen
Y3-104,2013-04-30,Sullivan Trail-Stanton 69kV,42889.0,69.0,88.0,20.0,storage,PA,PPL,Withdrawn,battery
Y3-105,2013-04-30,Belvidere-Gilbert-115kV,7758.0,115.0,67.0,20.0,storage,NJ,JCPL,Withdrawn,battery
Y3-106,2013-04-30,Belleville-Rutland 138kV,14289.0,138.0,92.0,49.0,other,WV,AEP,In Service,gen
Y3-107,2013-04-30,Bergen 230kV,19042.0,230.0,100.0,1220.0,gas,NJ,PSEG,In Service,gen
Y3-108,2013-04-30,Linden 230kV,19239.0,230.0,100.0,1420.0,gas,NJ,PSEG,Withdrawn,gen
Y3-109,2013-04-30,Nyswaner 25kV,14648.0,25.0,67.0,19.9,gas,PA,APS,Withdrawn,gen
Y3-110,2013-04-30,North Salisbury-Worcester 69kV,13118.0,69.0,100.0,15.7,other,MD,DPL,Withdrawn,gen
Y3-111,2013-04-30,Harborcreek Township 34kV,14753.0,34.0,62.58823529411764,18.7,wind,PA,PENELEC,Withdrawn,gen
Y3-112,2013-04-30,Butler-Shanor Manor 138kV,17398.0,138.0,100.0,43.0,other,PA,APS,Withdrawn,gen
Y3-113,2013-04-30,Russell Hill-W. Meshoppen,11394.0,138.0,91.0,10.0,gas,PA,PENELEC,Withdrawn,gen
Y3-114,2013-04-30,,,138.0,0.0,19.9,gas,PA,PENELEC,Withdrawn,gen
Y3-115 4556438,2013-04-30,PJM-WEC,31685.0,138.0,57.14285714285714,250.0,other,,,Withdrawn,gen
Y3-116 4556441,2013-04-30,PJM-AMIL,31685.0,138.0,57.14285714285714,75.0,other,,,Retracted,gen
Y3-117 4556443,2013-04-30,PJM-NIPS,31685.0,138.0,57.14285714285714,175.0,other,,,Retracted,gen
Y3-118 4556445,2013-04-30,PJM-AMIL,31685.0,138.0,57.14285714285714,250.0,other,,,Retracted,gen
Y3-119,2013-04-30,E. Lynchburg-Peaks View 34.5kV,32696.0,34.5,82.9090909090909,19.0,other,VA,AEP,Withdrawn,gen
Y3-120,2013-04-30,Conowingo 230kV,12905.0,230.0,100.0,617.0,other,MD,PECO,Withdrawn,gen
Z1-001,2013-05-02,Blairsville East-Social Hall 138kV,14160.0,138.0,100.0,15.69,other,PA,APS,Withdrawn,gen
Z1-002 4558624,2013-05-08,DUK-PJM,14503.0,138.0,66.66666666666667,409.0,other,,,Retracted,gen
Z1-003 4558888,2013-05-09,NYIS-PJM,16691.0,138.0,66.66666666666667,600.0,other,,,Retracted,gen
Z1-004,2013-05-10,,,138.0,0.0,,other,,Unknown,Withdrawn,gen
Z1-005 4559728,2013-05-13,ALTE-PJM,48484.0,138.0,80.0,312.0,other,,,Retracted,gen
Z1-006,2014-07-21,NIPSCO-BOCGASE2,3422.0,138.0,66.66666666666667,25.0,other,,AEP,Withdrawn,gen
Z1-007 4561037,2013-05-17,CIN-PJM,14626.0,138.0,75.0,87.0,other,,,Annulled,gen
Z1-008 4561044,2013-05-17,LGEE-PJM,4036.0,138.0,85.71428571428572,59.0,other,,,Retracted,gen
Z1-009 4561079,2013-05-17,NIPS-PJM,16691.0,138.0,66.66666666666667,300.0,other,,,Retracted,gen
Z1-010 4561082,2013-05-17,NIPS-PJM,16691.0,138.0,66.66666666666667,40.0,other,,,Retracted,gen
Z1-011 4561084,2013-05-17,CIN-PJM,14626.0,138.0,75.0,40.0,other,,,Retracted,gen
Z1-012 4561085,2013-05-17,CIN-PJM,14626.0,138.0,75.0,600.0,other,,,Retracted,gen
Z1-013 4561088,2013-05-17,AMIL-PJM,29641.0,138.0,75.0,44.0,other,,,Retracted,gen
Z1-014 4561089,2013-05-17,ALTE-PJM,48484.0,138.0,80.0,300.0,other,,,Retracted,gen
Z1-015,2013-05-20,"Springdale 3, 4, 5",13100.0,138.0,71.875,590.0,gas,PA,APS,In Service,gen
Z1-016,2013-05-24,Hanna-Juniper 345kV,14563.0,345.0,100.0,140.0,other,OH,ComEd,Withdrawn,gen
Z1-017,2013-05-24,Limerick-Peach Bottom,31786.0,138.0,100.0,181.0,other,PA,PECO,Withdrawn,gen
Z1-018,2013-05-29,Richland III 138kV,42423.0,138.0,90.0,591.0,gas,OH,ATSI,Withdrawn,gen
Z1-019 4566427,2013-06-05,NYIS-PJM,16691.0,138.0,66.66666666666667,600.0,other,,,Withdrawn,gen
Z1-020,2013-06-04,Richland I 138kV,42423.0,138.0,94.0,48.0,gas,OH,ATSI,Withdrawn,gen
Z1-021,2013-06-04,Richland II 138kV,42423.0,138.0,91.81818181818181,390.0,gas,OH,ATSI,Withdrawn,gen
Z1-022,2013-06-04,Stryker 138kV,5994.0,138.0,100.0,22.0,other,OH,ATSI,Withdrawn,gen
Z1-023 4566738,2013-06-06,TVA-PJM,56730.0,138.0,66.66666666666667,300.0,other,,,Withdrawn,gen
Z1-024 4566952,2013-06-07,PJM-AMIL,31685.0,138.0,57.14285714285714,100.0,other,,,Withdrawn,gen
Z1-025 4566958,2013-06-07,CIN-PJM,14626.0,138.0,75.0,206.0,other,,,Withdrawn,gen
Z1-026 4566959,2013-06-07,CIN-PJM,14626.0,138.0,75.0,40.0,other,,,Withdrawn,gen
Z1-027 4566961,2013-06-07,NIPS-PJM,16691.0,138.0,66.66666666666667,124.0,other,,,Confirmed,gen
Z1-028 4566962,2013-06-07,NIPS-PJM,16691.0,138.0,66.66666666666667,40.0,other,,,Withdrawn,gen
Z1-029 4567977,2013-06-11,CIN-PJM,14626.0,138.0,75.0,59.0,other,,,Annulled,gen
Z1-030,2013-06-24,Bay Shore 138kV,5029.0,138.0,92.0,464.0,gas,OH,ATSI,Withdrawn,gen
Z1-031,2013-06-25,Lake Nelson-Middlesex 230kV,29185.0,230.0,100.0,56.0,other,NJ,JCPL,Withdrawn,gen
Z1-033,2013-07-02,Hudson 230kV,26633.0,230.0,82.0,400.0,other,NJ,PSEG,Withdrawn,gen
Z1-034,2013-07-03,Niles 138kV,16691.0,138.0,92.0,217.0,gas,OH,ATSI,Withdrawn,gen
Z1-035,2013-07-05,Lake Road 11.5 kV,15107.0,11.5,72.71428571428572,18.0,wind,OH,ATSI,Withdrawn,gen
Z1-036,2013-07-23,WinFall-Chowan 230kV,6054.0,230.0,61.53846153846154,185.6,wind,NC,Dominion,In Service,gen
Z1-037,2013-07-25,Krendale-Shanor Manor 138kV,13047.0,138.0,70.0,43.0,other,PA,APS,Withdrawn,gen
Z1-038,2013-08-01,Florey Knob 34.5kV,54186.0,34.5,70.26086956521739,19.9,gas,PA,PENELEC,Withdrawn,gen
Z1-039 4582175,2013-08-06,AMIL-PJM,29641.0,138.0,75.0,260.0,other,,,Withdrawn,gen
Z1-040 4582207,2013-08-06,AMIL-PJM,29641.0,138.0,75.0,260.0,other,,,Withdrawn,gen
Z1-041,2013-08-14,Rock Springs 500kV,12912.0,500.0,100.0,327.0,gas,MD,Essential Power,In Service,gen
Z1-042,2013-08-16,Belleville/New Holland-Logan 46kV,14289.0,46.0,92.0,46.0,wind,PA,PENELEC,Withdrawn,gen
Z1-043 4585350,2013-08-22,AMIL-PJM,29641.0,138.0,75.0,260.0,other,,,Withdrawn,gen
Z1-044 4586363,2013-08-27,PJM-MECS,31685.0,138.0,57.14285714285714,894.0,other,,,Withdrawn,gen
Z1-045 4586409,2013-08-27,PJM-MECS,31685.0,138.0,57.14285714285714,894.0,other,,,Retracted,gen
Z1-046 4586438,2013-08-27,TVA-PJM,56730.0,138.0,66.66666666666667,240.0,other,,,Confirmed,gen
Z1-047,2013-08-28,Albright,17365.0,138.0,82.0,464.0,gas,PA,PENELEC,Withdrawn,gen
Z1-048,2013-08-28,Rivesville,32183.0,138.0,90.0,464.0,gas,WV,APS,Withdrawn,gen
Z1-049,2013-08-28,Willow Island,16748.0,138.0,85.6,464.0,gas,WV,APS,Withdrawn,gen
Z1-050,2013-08-29,Kittatinny 230kV,19240.0,230.0,100.0,420.0,other,NJ,JCPL,In Service,gen
Z1-051,2013-08-29,DC Cook Unit 2,31143.0,138.0,78.57142857142857,1192.0,other,MI,AEP,In Service,gen
Z1-052,2013-08-29,Burches Hill-Chalk Point 500kV,31456.0,500.0,100.0,800.0,gas,MD,PEPCO,In Service,gen
Z1-053,2013-09-05,Monocacy 12.47 KV - Worman Mill Feeder,12802.0,47.0,83.81818181818181,0.3,solar,MD,APS,Withdrawn,gen
Z1-054,2013-09-06,Byron-Cherry Valley,20774.0,138.0,100.0,26.0,other,IL,ComEd,Withdrawn,gen
Z1-055,2013-09-11,South Bend 500kV,12658.0,500.0,92.0,714.0,gas,PA,APS,In Service,gen
Z1-056,2013-09-11,South Bend 500kV,12658.0,500.0,92.0,720.0,gas,PA,APS,In Service,gen
Z1-057,2013-09-26,Reybold 138kV,5116.0,138.0,80.0,252.0,gas,DE,DPL,In Service,gen
Z1-058,2013-09-26,Linden 1 - 138kV,19239.0,138.0,84.5,491.0,gas,NJ,PSEG,In Service,gen
Z1-059,2013-09-26,Linden 2 - 230kV,19239.0,230.0,92.5,800.0,gas,NJ,PSEG,In Service,gen
Z1-060 4593055,2013-09-30,NYIS-PJM,16691.0,138.0,66.66666666666667,101.0,other,,,Withdrawn,gen
Z1-061 4593064,2013-09-30,NYIS-PJM,16691.0,138.0,66.66666666666667,61.0,other,,,Withdrawn,gen
Z1-062 4593068,2013-09-30,NYIS-PJM,16691.0,138.0,66.66666666666667,139.0,other,,,Withdrawn,gen
Z1-063,2013-09-30,Kirk 34.5kV,39333.0,34.5,92.0,6.0,storage,OH,AEP,Withdrawn,battery
Z1-064,2013-09-30,Shannon 13.2kV,4660.0,13.2,79.5,4.0,storage,OH,AEP,Withdrawn,battery
Z1-065,2013-09-30,Wiley 34.5kV,14254.0,34.5,72.0,6.0,storage,OH,DEOK,In Service,battery
Z1-066,2013-09-30,Arnold 115kV,1398.0,115.0,100.0,10.4,storage,PA,PENELEC,In Service,battery
Z1-067 4593370,2013-10-01,DUK-PJM,14503.0,138.0,66.66666666666667,50.0,other,,,Confirmed,gen
Z1-068,2013-10-10,Birdneck 34.5kV,21804.0,34.5,58.66666666666667,12.0,wind,VA,Dominion,In Service,gen
Z1-069,2013-10-24,Gold-Sabinsville 115kV,13301.0,115.0,100.0,70.0,wind,PA,PENELEC,In Service,gen
Z1-070 4598661,2013-10-25,AMIL-PJM,29641.0,138.0,75.0,1045.0,other,,,Retracted,gen
Z1-071 4598677,2013-10-25,TVA-PJM,56730.0,138.0,66.66666666666667,82.0,other,,,Confirmed,gen
Z1-072,2013-10-28,Crescent Ridge,36137.0,138.0,87.14285714285714,54.45,wind,IL,ComEd,In Service,gen
Z1-073,2013-10-28,Mendota Hills,40249.0,138.0,69.48717948717947,50.4,wind,IL,ComEd,In Service,gen
Z1-074,2013-10-28,Garrett-Jenning 34.5kV,11596.0,34.5,92.0,20.0,wind,MD,APS,Withdrawn,gen
Z1-076,2013-10-30,Stockton 1 69kV,13130.0,69.0,94.0,14.0,solar,MD,DPL,Withdrawn,gen
Z1-077,2013-10-30,Stockton 2 69kV,13130.0,69.0,94.0,10.0,solar,MD,DPL,Withdrawn,gen
Z1-078,2013-10-30,Broadford-Jackson Ferry Phase II 765kV,40048.0,765.0,100.0,777.0,gas,VA,AEP,Withdrawn,gen
Z1-079,2013-10-30,Todhunter-Foster 345kV,23461.0,345.0,100.0,513.0,gas,OH,DEOK,In Service,gen
Z1-080,2013-10-30,Clinton County 34.5kV,13458.0,34.5,77.0,6.0,storage,OH,DEOK,In Service,battery
Z1-081,2013-10-30,Church 25kV,12913.0,25.0,92.0,6.0,solar,MD,DPL,Withdrawn,gen
Z1-082,2013-10-31,Lawnside 13kV,4749.0,13.0,72.0,1.0,storage,NJ,PSEG,In Service,battery
Z1-083,2013-10-30,Salem Unit 1-PSEG Zone,18954.0,138.0,82.5,300.0,other,NJ,PSEG,Withdrawn,gen
Z1-084,2013-10-30,Quad Cities 1-NI Hub,31500.0,138.0,95.38461538461539,475.0,other,,ComEd,Withdrawn,gen
Z1-085,2013-10-30,Quad Cities 2-NI Hub,31500.0,138.0,95.38461538461539,525.0,other,,ComEd,Withdrawn,gen
Z1-086,2013-10-30,Heritage-Carson,33355.0,138.0,94.11764705882352,1681.0,gas,VA,Dominion,In Service,gen
Z1-087,2013-10-30,Glade 230kV,30866.0,230.0,100.0,485.0,other,PA,PENELEC,In Service,gen
Z1-088,2013-10-30,Allegheny Dam 5,15362.0,138.0,68.67788461538461,8.0,other,PA,APS,In Service,gen
Z1-089,2013-10-30,Allegheny Dam 6 138kV,31676.0,138.0,59.45945945945945,9.0,other,PA,APS,In Service,gen
Z1-090,2013-10-30,Sunbury 500kV,13419.0,500.0,100.0,1024.0,gas,PA,PPL,In Service,gen
Z1-091,2013-10-31,Lenox 34kV,13886.0,34.0,92.0,19.9,gas,PA,PENELEC,Withdrawn,gen
Z1-092,2013-10-31,Milan 34kV,21671.0,34.0,92.0,19.9,gas,PA,PENELEC,In Service,gen
Z1-093,2013-10-31,Woodville Battery 34.5kV,37019.0,34.5,77.88235294117646,6.0,storage,OH,ATSI,Withdrawn,battery
Z1-094,2013-10-31,Jugg 34.5kV,20107.0,34.5,52.0,6.0,storage,OH,AEP,Withdrawn,battery
Z1-095,2013-10-31,North Woodcock 34.5kV,21973.0,34.5,65.6842105263158,6.0,storage,OH,AEP,Withdrawn,battery
Z1-096,2013-10-31,Trenton 26kV,18994.0,26.0,92.0,7.84,solar,NJ,PSEG,In Service,gen
Z1-097,2013-10-31,Adkins 345kV,37619.0,345.0,100.0,564.0,gas,OH,AEP,In Service,gen
Z1-098,2013-10-31,Peckville-Jackson 69kV,31783.0,69.0,92.0,20.0,storage,PA,PPL,Withdrawn,battery
Z1-099,2013-10-31,North Street 69kV,16040.0,69.0,77.5,182.0,gas,DE,DPL,In Service,gen
Z1-100,2013-10-31,Oak Hall,11635.0,138.0,100.0,20.0,solar,VA,DPL,In Service,gen
Z1-101,2013-10-31,Oak Hall,11635.0,138.0,100.0,20.0,solar,VA,DPL,In Service,gen
Z1-102,2013-10-31,Oak Hall,11635.0,138.0,100.0,20.0,solar,VA,DPL,In Service,gen
Z1-103,2013-10-31,Oak Hall,11635.0,138.0,100.0,20.0,solar,VA,DPL,In Service,gen
Z1-104,2013-10-31,Somerset County 25kV,7415.0,25.0,78.0,20.0,storage,MD,DPL,Withdrawn,battery
Z1-105,2013-10-31,Emlenton 34.5kV,20819.0,34.5,69.77777777777779,19.9,gas,PA,PENELEC,Withdrawn,gen
Z1-106,2013-10-31,West Chicago 34kV,3264.0,34.0,65.33333333333334,20.0,storage,IL,ComEd,Deactivated,battery
Z1-107,2013-10-31,Joliet 34kV,20756.0,34.0,92.0,20.0,storage,IL,ComEd,Deactivated,battery
Z1-108,2013-10-31,McHenry 34kV,15748.0,34.0,63.42857142857143,20.0,storage,IL,ComEd,In Service,battery
Z1-109,2013-10-31,Tosco-VFT 230kV,31388.0,230.0,64.72727272727273,208.0,gas,NJ,PSEG,Withdrawn,gen
Z1-110,2013-10-31,Grover 34kV,32769.0,34.0,92.0,19.9,gas,PA,PENELEC,In Service,gen
Z1-111 4600025,2013-10-31,AMIL-PJM,29641.0,138.0,75.0,200.0,other,,,Retracted,gen
Z1-112 4600034,2013-10-31,MEC-PJM,15751.0,138.0,85.71428571428572,108.0,other,,,Withdrawn,gen
Z1-113,2013-10-31,West Winchester 13kV,11609.0,13.0,92.0,12.0,gas,VA,APS,In Service,gen
Z1-114,2013-10-31,Oxford 13kV,13383.0,13.0,92.0,6.0,gas,PA,ME,Withdrawn,gen
Z1-115,2013-10-31,Crescentville 13kV,29524.0,13.0,92.0,2.0,gas,PA,PECO,Withdrawn,gen
Z1-116,2013-10-31,Metuchen 230kV,18977.0,230.0,100.0,675.0,gas,NJ,PSEG,Withdrawn,gen
Z1-117,2013-10-31,Pocomoke 1 138kV,13131.0,138.0,94.0,10.0,solar,MD,DPL,Withdrawn,gen
Z1-118,2013-10-31,Pocomoke 2 138kV,13131.0,138.0,94.0,10.0,solar,MD,DPL,Withdrawn,gen
Z1-119,2013-10-31,Pocomoke 3 138kV,13131.0,138.0,94.0,10.0,solar,MD,DPL,Withdrawn,gen
Z1-120,2013-10-31,Loretto 1 138kV,13133.0,138.0,93.33333333333333,10.0,solar,MD,DPL,Withdrawn,gen
Z1-121,2013-10-31,Loretto 2 138kV,13133.0,138.0,93.33333333333333,10.0,solar,MD,DPL,Withdrawn,gen
Z1-122,2013-10-31,Loretto 3 138kV,13133.0,138.0,93.33333333333333,10.0,solar,MD,DPL,Withdrawn,gen
Z1-123,2013-10-31,Piney Grove 1 138kV,14631.0,138.0,78.95652173913044,10.0,solar,MD,DPL,Withdrawn,gen
Z1-124,2013-10-31,Piney Grove 2 138kV,14631.0,138.0,78.95652173913044,10.0,solar,MD,DPL,Withdrawn,gen
Z1-125,2013-10-31,Piney Grove 3 138kV,14631.0,138.0,78.95652173913044,10.0,solar,MD,DPL,Withdrawn,gen
Z1-126,2013-10-31,Piney Grove 4 138kV,14631.0,138.0,78.95652173913044,10.0,solar,MD,DPL,Withdrawn,gen
Z1-127,2013-10-31,University Park,12045.0,138.0,96.0,320.0,gas,IL,ComEd,In Service,gen
Z2-001,2013-11-01,Burlington 26 kV,19326.0,26.0,92.0,7.1,solar,NJ,PSEG,Withdrawn,gen
Z2-002,2013-11-01,Linden 230kV,19239.0,230.0,100.0,1049.0,gas,NJ,PSEG,In Service,gen
Z2-003 4601556,2013-11-07,DUK-PJM,14503.0,138.0,66.66666666666667,299.0,other,,,Withdrawn,gen
Z2-004,2013-11-08,Mantua Township 12kV,42592.0,12.0,62.96774193548387,10.0,other,NJ,AEC,Withdrawn,gen
Z2-005 4604093,2013-11-19,PJM-MEC,31685.0,138.0,57.14285714285714,200.0,other,,,Withdrawn,gen
Z2-006 4604623,2013-11-20,PJM-MECS,31685.0,138.0,57.14285714285714,200.0,other,,,Withdrawn,gen
Z2-007,2013-11-22,East Palmerton-Harwood 230kV,13446.0,230.0,100.0,212.5,wind,PA,PPL,Withdrawn,gen
Z2-008,2013-12-09,East Palmerton-Wagner 69kV,13446.0,69.0,100.0,99.0,wind,PA,PPL,Withdrawn,gen
Z2-009,2013-12-23,East Hazelton-Harwood 69kV,13446.0,69.0,66.66666666666667,52.0,wind,PA,PPL,Withdrawn,gen
Z2-010 4612032,2013-12-24,PJM-MEC,31685.0,138.0,57.14285714285714,300.0,other,,,Withdrawn,gen
Z2-011,2013-12-30,Canton 34.5kV,2012.0,34.5,92.0,19.9,gas,PA,PENELEC,In Service,gen
Z2-012,2013-12-31,Weirwood-Eastville 69kV,36173.0,69.0,80.0,20.0,solar,VA,ODEC,In Service,gen
Z2-013,2014-01-09,Frostburg 138kV,32189.0,138.0,94.54545454545455,139.4,wind,PA,APS,In Service,gen
Z2-014,2014-01-09,St. Benedict-Patton,12658.0,138.0,70.58823529411764,30.6,wind,PA,PENELEC,In Service,gen
Z2-015,2014-01-15,Dans Mountain 138kV,13461.0,138.0,81.25,19.8,solar,PA,APS,Withdrawn,gen
Z2-016,2014-01-17,Blairsville-Social Hall 138kV,40255.0,138.0,100.0,15.69,other,PA,PENELEC,Withdrawn,gen
Z2-017,2014-02-04,Bristers Ox 500kV,31655.0,500.0,91.81818181818181,237.0,other,VA,Dominion,In Service,gen
Z2-018,2014-02-05,South Canton-Harmon 345kV,37461.0,345.0,100.0,82.0,other,OH,ATSI,Withdrawn,gen
Z2-019,2014-02-07,Fairborn 12.47kV,14810.0,47.0,55.1578947368421,0.85,gas,OH,ATSI,Withdrawn,gen
Z2-020,2014-02-07,New Franklin 12.47kV,4560.0,47.0,78.0,0.85,gas,OH,ATSI,Withdrawn,gen
Z2-023 4626437,2014-02-11,ALTE-PJM,48484.0,138.0,80.0,156.0,other,,,Withdrawn,gen
Z2-024 4626439,2014-02-11,TVA-PJM,56730.0,138.0,66.66666666666667,200.0,other,,,Withdrawn,gen
Z2-025 4626594,2014-02-12,PJM-MECS,31685.0,138.0,57.14285714285714,300.0,other,,,Retracted,gen
Z2-026,2014-02-14,North Temple 230kV,13620.0,230.0,100.0,800.0,gas,PA,ME,Withdrawn,gen
Z2-027,2014-02-20,Pasquotank 34.5kV,29584.0,34.5,58.66666666666667,20.0,solar,NC,Dominion,In Service,gen
Z2-028,2014-02-21,Highland-Sammis 345kV & Highland-Mansfield 345kV,36945.0,345.0,100.0,800.0,gas,OH,ATSI,In Service,gen
Z2-029,2014-02-25,Stuart 4,4834.0,138.0,92.5,585.0,other,OH,Dayton,Deactivated,gen
Z2-030,2014-02-26,Double Toll Gate 34.5kV,32779.0,34.5,92.0,10.0,solar,VA,APS,In Service,gen
Z2-031 4630443,2014-02-26,PJM-MECS,31685.0,138.0,57.14285714285714,300.0,other,,,Withdrawn,gen
Z2-032,2014-02-27,Clean River Power MR-1 (Devola),6305.0,138.0,65.0877192982456,5.21,other,OH,AEP,Withdrawn,gen
Z2-033,2014-02-27,Clean River Power MR-2 (Lowell),6305.0,138.0,65.0877192982456,5.21,other,OH,AEP,Withdrawn,gen
Z2-034,2014-02-27,Clean River Power MR-3 (Beverly),6305.0,138.0,65.0877192982456,3.95,other,OH,AEP,Withdrawn,gen
Z2-035,2014-02-27,Clean River Power MR-5 (Malta),6305.0,138.0,65.0877192982456,3.95,other,OH,AEP,Withdrawn,gen
Z2-036,2014-02-27,Clean River Power MR-6 (Rokeby),6305.0,138.0,65.0877192982456,3.95,other,OH,AEP,Withdrawn,gen
Z2-037,2014-02-27,Clean River Power MR-7 (Philo),6305.0,138.0,65.0877192982456,3.95,other,OH,AEP,Withdrawn,gen
Z2-038,2014-02-27,Ridgeley-Frostburg 138kV,979.0,138.0,100.0,19.9,solar,MD,APS,Withdrawn,gen
Z2-039,2014-02-27,PF Hydro,37995.0,138.0,68.74125874125873,4.61,other,VA,APS,In Service,gen
Z2-040,2014-02-27,PF Hydro,37995.0,138.0,68.74125874125873,5.75,other,WV,APS,In Service,gen
Z2-041,2014-02-27,Silver Lake,20806.0,138.0,100.0,455.0,gas,IL,ComEd,Withdrawn,gen
Z2-042,2014-02-28,Wurno-Clayor 138kV,32621.0,138.0,100.0,180.0,wind,VA,AEP,Withdrawn,gen
Z2-043,2014-03-05,Kelford 34.5kV,6463.0,34.5,77.71428571428572,20.0,solar,NC,Dominion,In Service,gen
Z2-044,2014-03-05,Whitakers 34.5kV,29434.0,34.5,65.6842105263158,12.0,solar,NC,Dominion,In Service,gen
Z2-045,2014-03-12,Cedar Grove-Roseland 230kV,26627.0,230.0,100.0,42.0,other,NJ,PSEG,Withdrawn,gen
Z2-046,2014-03-14,Susquehanna-Lackawanna 500kV,31753.0,500.0,100.0,1050.0,gas,PA,PPL,In Service,gen
Z2-047,2014-03-24,Steel City 230kV,29551.0,230.0,100.0,,other,PA,PPL,Withdrawn,gen
Z2-048,2014-03-26,George Washington 138kV,802.0,138.0,100.0,545.0,gas,WV,AEP,Withdrawn,gen
Z2-049,2014-03-28,Cedar Grove-Williams 230kV,26627.0,230.0,100.0,21.0,other,NJ,PSEG,Withdrawn,gen
Z2-050,2014-03-28,Easton-Trappe Tap 69kV,13101.0,69.0,100.0,13.0,other,MD,DPL,Withdrawn,gen
Z2-051,2014-03-28,Red Lion-Cedar Creek 230kV,16020.0,230.0,100.0,83.0,other,DE,DPL,Withdrawn,gen
Z2-052,2014-03-28,Preston-Tanyard 69kV,13109.0,69.0,100.0,20.0,other,MD,DPL,Withdrawn,gen
Z2-053,2014-03-28,Bridgewater-S. River,2420.0,138.0,100.0,156.1,other,,PSEG,Withdrawn,gen
Z2-054,2014-03-28,Roseland-Williams 230kV,26624.0,230.0,100.0,44.0,other,NJ,PSEG,Withdrawn,gen
Z2-055,2014-03-28,Cedar Grove-Clifton 230kV,26627.0,230.0,100.0,42.0,other,NJ,PSEG,Withdrawn,gen
Z2-056,2014-03-31,Crossmans-Werner 34.5kV,32537.0,34.5,68.19047619047619,20.0,solar,NJ,JCPL,In Service,gen
Z2-057 4637968,2014-03-31,AMIL-PJM,29641.0,138.0,75.0,35.0,other,,,Withdrawn,gen
Z2-058 4637969,2014-03-31,AMIL-PJM,29641.0,138.0,75.0,6.0,other,,,Withdrawn,gen
Z2-059 4637970,2014-03-31,AMIL-PJM,29641.0,138.0,75.0,37.0,other,,,Withdrawn,gen
Z2-060,2014-03-31,Burches Hill-Brandywine 230kV,31456.0,230.0,100.0,927.0,gas,MD,PEPCO,Withdrawn,gen
Z2-061,2014-04-01,Spurlock-Zimmer 345kV,4687.0,345.0,62.5,88.0,other,KY,DEOK,Withdrawn,gen
Z2-062,2014-04-02,Gloucester 26kV,29530.0,26.0,92.0,24.5,gas,NJ,PSEG,In Service,gen
Z2-063 4639216,2014-04-07,PJM-WEC,31685.0,138.0,57.14285714285714,90.0,other,WI,,Withdrawn,gen
Z2-064,2014-04-10,Smith-N. Fayette 138kV,32866.0,138.0,86.66666666666667,651.0,gas,PA,APS,Withdrawn,gen
Z2-065 4641473,2014-04-17,CPLE-PJM,1723.0,138.0,66.66666666666667,55.0,other,,,Annulled,gen
Z2-066 4641474,2014-04-17,CPLE-PJM,1723.0,138.0,66.66666666666667,55.0,other,,,Annulled,gen
Z2-067 4641475,2014-04-17,CPLE-PJM,1723.0,138.0,66.66666666666667,55.0,other,,,Annulled,gen
Z2-068 4641477,2014-04-17,DUK-PJM,14503.0,138.0,66.66666666666667,87.0,other,,,Withdrawn,gen
Z2-069,2014-04-22,Bridgewater-Hoboken,2420.0,138.0,100.0,105.0,other,,PSEG,Withdrawn,gen
Z2-070,2014-04-22,Worcester-Ocean Pines 69kV,13126.0,69.0,100.0,25.0,other,MD,DPL,Withdrawn,gen
Z2-071,2014-04-22,Piney Grove-New Church 138kV,14631.0,138.0,87.23809523809523,55.0,other,MD,DPL,Withdrawn,gen
Z2-072,2014-04-22,Indian River-New Church,5008.0,138.0,82.35294117647058,204.6,other,,DPL,Withdrawn,gen
Z2-073,2014-04-22,Chestertown West 25kV,12914.0,25.0,87.38461538461539,5.0,solar,MD,DPL,Withdrawn,gen
Z2-074,2014-04-22,Chestertown East 25kV,12914.0,25.0,87.38461538461539,6.0,solar,MD,DPL,Withdrawn,gen
Z2-075,2014-04-22,Lynch East 25kV,1395.0,25.0,83.42857142857143,5.5,solar,MD,DPL,Withdrawn,gen
Z2-076,2014-04-22,Worcester South 25kV,13126.0,25.0,86.54545454545455,2.64,solar,MD,DPL,In Service,gen
Z2-077,2014-04-22,Worcester North 25kV,13126.0,25.0,86.54545454545455,5.0,solar,MD,DPL,In Service,gen
Z2-078 4642907,2014-04-24,DUK-PJM,14503.0,138.0,66.66666666666667,90.0,other,,,Annulled,gen
Z2-079,2014-04-25,Pleasant View - Edwards Ferry 230kV,31624.0,230.0,100.0,31.0,other,VA,Dominion,Withdrawn,gen
Z2-080 4643119,2014-04-25,PJM-NIPS,31685.0,138.0,57.14285714285714,100.0,other,,,Retracted,gen
Z2-081,2014-04-28,Streator 34.5kV,45651.0,34.5,67.0,13.3,gas,IL,ComEd,In Service,gen
Z2-082,2014-04-29,Cape May County 12kV,24941.0,12.0,78.0,2.0,gas,NJ,AEC,In Service,gen
Z2-083,2014-04-29,Mickleton 230kV,29925.0,230.0,100.0,1104.0,gas,NJ,AEC,In Service,gen
Z2-084,2014-04-29,JK Smith 345kV,1411.0,345.0,94.11764705882352,207.8,gas,KY,EKPC,Withdrawn,gen
Z2-085,2014-04-29,Mahoning Valley Hydro 25kV,13941.0,25.0,67.0,7.5,other,PA,APS,In Service,gen
Z2-086,2014-04-29,,,138.0,0.0,200.0,wind,IL,ComEd,Withdrawn,gen
Z2-087,2014-04-29,Pontiac MidPoint-Brokaw 345kV,13202.0,345.0,100.0,200.0,wind,IL,ComEd,In Service,gen
Z2-088,2014-04-30,Tarboro-Everetts 230kV,3715.0,230.0,100.0,80.0,solar,NC,Dominion,In Service,gen
Z2-089,2014-04-30,Sewaren 230kV,18978.0,230.0,100.0,568.0,gas,NJ,PSEG,In Service,gen
Z2-090,2014-04-30,Blackhawk 12.5kV,30034.0,12.5,92.0,4.0,storage,IL,ComEd,Withdrawn,battery
Z2-091,2014-04-30,Woodsdale Road,5024.0,138.0,92.5,36.0,gas,OH,DEOK,Withdrawn,gen
Z2-092,2014-04-30,Bennett-Farmingdale 34.5kV,14053.0,34.5,83.0,4.0,storage,NJ,JCPL,Withdrawn,battery
Z2-093,2014-04-30,Hawks 12kV,19179.0,12.0,71.375,6.5,storage,NJ,JCPL,Withdrawn,battery
Z2-094,2014-04-30,Washington-Mobile Chemical 34kV,15621.0,34.0,92.0,20.0,storage,NJ,JCPL,Withdrawn,battery
Z2-095,2014-04-30,Branchville-Sussex 34kV,41497.0,34.0,72.0,20.0,storage,NJ,JCPL,Withdrawn,battery
Z2-096,2014-04-30,Lynch West 25kV,1395.0,25.0,83.42857142857143,10.0,solar,MD,DPL,Withdrawn,gen
Z2-097,2014-04-30,Church 25kV,12913.0,25.0,92.0,5.0,solar,MD,DPL,Withdrawn,gen
Z2-099,2014-04-30,Boykins 34.5kV,3210.0,34.5,92.0,8.5,solar,VA,Dominion,Withdrawn,gen
Z2-100,2014-04-30,Boykin 115kV,3210.0,115.0,84.3076923076923,20.0,solar,VA,Dominion,Withdrawn,gen
Z2-101,2014-04-30,Frackville-Fishbach 69kV,32745.0,69.0,100.0,67.5,wind,PA,PPL,Withdrawn,gen
Z2-102,2014-04-30,Argonne-New Lisbon 34.5kV,14315.0,34.5,63.42857142857143,13.0,solar,NJ,JCPL,In Service,gen
Z2-103,2014-04-30,North Meshoppen 34.5kV III,13291.0,34.5,92.0,19.9,gas,PA,PENELEC,In Service,gen
Z2-104,2014-04-30,Oxbow 34.5 kV II,13392.0,34.5,78.66666666666667,19.9,gas,PA,PENELEC,In Service,gen
Z2-105,2014-04-30,Bell-Mariana 25kV,4569.0,25.0,92.0,19.9,gas,PA,APS,Withdrawn,gen
Z2-106,2014-04-30,Washington-Bell 25kV,15621.0,25.0,92.0,19.9,gas,PA,APS,Withdrawn,gen
Z2-107,2014-04-30,East Carbondale-Lackawanna 69kV,13553.0,69.0,100.0,10.0,storage,PA,PPL,Withdrawn,battery
Z2-108,2014-04-30,Meyersdale North 115kV,16040.0,115.0,64.5,48.0,storage,PA,PENELEC,In Service,battery
Z2-109,2014-04-30,South River 230kV,14142.0,230.0,66.66666666666667,460.0,storage,NJ,JCPL,Withdrawn,battery
Z2-110 4644137,2014-04-30,PJM-DUK,31685.0,138.0,57.14285714285714,78.0,other,,,Withdrawn,gen
Z2-111 4644159,2014-04-30,PJM-WEC,31685.0,138.0,57.14285714285714,300.0,other,,,Withdrawn,gen
Z2-112,2014-04-30,Waterford 345kV,40041.0,345.0,92.0,1007.0,gas,OH,AEP,In Service,gen
Z2-113,2014-04-30,Watervliet 12.47kV,30261.0,47.0,73.33152173913044,4.6,solar,MI,AEP,In Service,gen
Z2-114,2014-04-30,Olive 12.47kV,32974.0,47.0,80.75,5.0,solar,IN,AEP,In Service,gen
Z2-115,2014-04-30,Deer Creek 12.47kV,13730.0,47.0,83.81818181818181,2.5,solar,IN,AEP,In Service,gen
Z2-116,2014-04-30,Twin Branch 12.47kV,12792.0,47.0,85.57142857142857,2.6,solar,IN,AEP,In Service,gen
AA1-001 4645310,2014-05-05,AMIL-PJM,29641.0,138.0,75.0,78.0,other,,,Confirmed,gen
AA1-002 4645653,2014-05-07,MECS-PJM,15751.0,138.0,75.0,65.0,other,,,Retracted,gen
AA1-003 4646885,2014-05-13,CIN-PJM,14626.0,138.0,75.0,575.0,other,,,Withdrawn,gen
AA1-004 4646887,2014-05-13,CIN-PJM,14626.0,138.0,75.0,225.0,other,,,Withdrawn,gen
AA1-005 4646888,2014-05-13,CIN-PJM,14626.0,138.0,75.0,550.0,other,,,Retracted,gen
AA1-006,2014-06-02,Erie County Landfill,53659.0,138.0,63.41463414634146,2.3,gas,OH,ATSI,In Service,gen
AA1-007,2014-06-19,Smith Gap Regional Landfill,53659.0,138.0,58.33333333333333,6.0,gas,VA,AEP,Withdrawn,gen
AA1-008 4656596,2014-06-20,AMIL-PJM,29641.0,138.0,75.0,20.0,other,,,Retracted,gen
AA1-009 4656601,2014-06-20,AMIL-PJM,29641.0,138.0,75.0,20.0,other,,,Retracted,gen
AA1-010 4656602,2014-06-20,AMIL-PJM,29641.0,138.0,75.0,20.0,other,,,Retracted,gen
AA1-011 4656605,2014-06-20,AMIL-PJM,29641.0,138.0,75.0,20.0,other,,,Retracted,gen
AA1-012 4656606,2014-06-20,AMIL-PJM,29641.0,138.0,75.0,20.0,other,,,Retracted,gen
AA1-013,2014-06-23,Hanging Rock 765kV,36809.0,765.0,100.0,1250.0,gas,OH,AEP,In Service,gen
AA1-014,2014-06-23,Washington 345kV,15621.0,345.0,92.0,625.0,gas,OH,AEP,In Service,gen
AA1-015,2014-06-23,Fayette II,29628.0,138.0,73.6842105263158,661.0,gas,PA,APS,In Service,gen
AA1-016,2014-06-25,Portland 1,29932.0,138.0,94.0,158.0,other,PA,ME,Withdrawn,gen
AA1-017,2014-06-25,Portland 2,29932.0,138.0,94.0,243.0,other,PA,ME,Withdrawn,gen
AA1-018,2014-06-25,Powerton-Goodings Grove,20090.0,138.0,100.0,150.0,wind,IL,ComEd,In Service,gen
AA1-019,2014-07-09,Beaverbrook 13kV,29936.0,13.0,87.65217391304348,7.3,solar,NJ,PSEG,Withdrawn,gen
AA1-020,2014-07-10,Andersontown Road #2,38966.0,138.0,66.66666666666667,1.5,solar,MD,DPL,Withdrawn,gen
AA1-021,2014-07-10,Andersontown Rd #2,38966.0,138.0,66.66666666666667,1.5,solar,MD,DPL,Withdrawn,gen
AA1-022,2014-07-10,Andersontown Rd #3,13100.0,138.0,71.76470588235294,1.5,solar,MD,DPL,Withdrawn,gen
AA1-023,2014-07-10,Andersontown Rd #4,38966.0,138.0,66.66666666666667,1.5,solar,MD,DPL,Withdrawn,gen
AA1-024 4661444,2014-07-10,DUK-PJM,14503.0,138.0,66.66666666666667,6.0,other,,,Withdrawn,gen
AA1-025,2014-07-11,Oak Hall A,11635.0,138.0,94.0,20.0,solar,VA,DPL,In Service,gen
AA1-026,2014-07-11,Oak Hall B,11635.0,138.0,94.0,20.0,solar,VA,DPL,In Service,gen
AA1-027,2014-07-11,Oak Hall C,11635.0,138.0,94.0,20.0,solar,VA,DPL,In Service,gen
AA1-028,2014-07-11,Oak Hall D,11635.0,138.0,94.0,20.0,solar,VA,DPL,In Service,gen
AA1-029,2014-07-14,Carson Rawlings 500kV,33483.0,500.0,82.0,315.0,other,VA,Dominion,Withdrawn,gen
AA1-030,2014-07-14,Zion-Zion Energy Center,20818.0,138.0,100.0,133.0,other,IL,ComEd,Withdrawn,gen
AA1-031 4662618,2014-07-15,PJM-AMIL,31685.0,138.0,57.14285714285714,3000.0,other,,,Withdrawn,gen
AA1-032,2014-07-21,Kingsport Mill,6475.0,138.0,83.57142857142857,50.0,other,TN,AEP,Deactivated,gen
AA1-033,2014-07-23,Hay Road 230kV,17540.0,230.0,100.0,371.0,gas,DE,DPL,Withdrawn,gen
AA1-034,2014-07-24,Peach Bottom 500kV,14669.0,500.0,100.0,880.0,gas,PA,PECO,In Service,gen
AA1-035,2014-08-01,Edgecomb-Roanoke Valley,33947.0,138.0,62.5,60.0,other,,Dominion,Withdrawn,gen
AA1-036,2014-08-11,Mountain 230kV,13461.0,230.0,100.0,180.0,gas,PA,UGI,Withdrawn,gen
AA1-037,2014-08-13,Piney Hydro 34.5kV,13354.0,34.5,75.63636363636364,33.26,other,PA,PENELEC,In Service,gen
AA1-038,2014-08-19,Lexington-Low Moor 230kV,32885.0,230.0,100.0,78.2,wind,VA,Dominion,Under Construction,gen
AA1-039,2014-08-26,Bergen 230kV,19042.0,230.0,100.0,660.0,other,NJ,PSEG,Withdrawn,gen
AA1-040,2014-08-27,Morris,34651.0,138.0,100.0,140.0,gas,IL,ComEd,In Service,gen
AA1-041,2014-08-27,Tioga 34.5kV,20822.0,34.5,58.66666666666667,19.9,gas,PA,PENELEC,Withdrawn,gen
AA1-042,2014-08-27,Ontelaunee,33063.0,138.0,66.66666666666667,574.0,gas,PA,ME,Withdrawn,gen
AA1-043,2014-08-27,Ontelaunee 230kV,33780.0,230.0,63.1578947368421,591.1,gas,PA,ME,In Service,gen
AA1-044,2014-08-27,Shenango-Hoytdale 345kV,36538.0,345.0,100.0,1000.0,gas,PA,ATSI,In Service,gen
AA1-045,2014-08-29,McConnellsburg-Guilford 138kV,14098.0,138.0,100.0,308.0,gas,PA,APS,Withdrawn,gen
AA1-046,2014-08-29,Somerset-Allegheny 115kV,7441.0,115.0,100.0,80.0,wind,PA,PENELEC,Withdrawn,gen
AA1-047,2014-08-29,Hazelton-Jennings 138kV,7036.0,138.0,76.92307692307692,69.1,wind,MD,APS,Withdrawn,gen
AA1-048,2014-08-29,Kendall,38455.0,138.0,76.17647058823529,800.0,gas,IL,ComEd,Withdrawn,gen
AA1-049,2014-08-30,Shawboro-Sligo 230kV,32356.0,230.0,100.0,20.0,solar,NC,Dominion,Withdrawn,gen
AA1-050,2014-08-30,Tarboro-Everetts 230kV,3715.0,230.0,100.0,80.0,solar,NC,Dominion,In Service,gen
AA1-051 4671936,2014-09-03,PJM-WEC,31685.0,138.0,57.14285714285714,100.0,other,,,Confirmed,gen
AA1-052 4671937,2014-09-03,PJM-IPL,31685.0,138.0,57.14285714285714,400.0,other,,,Confirmed,gen
AA1-053 4671938,2014-09-03,PJM-MEC,31685.0,138.0,57.14285714285714,700.0,other,,,Withdrawn,gen
AA1-054 4671939,2014-09-03,PJM-CIN,31685.0,138.0,57.14285714285714,700.0,other,,,Confirmed,gen
AA1-055 4671943,2014-09-03,PJM-AMIL,31685.0,138.0,57.14285714285714,1100.0,other,,,Withdrawn,gen
AA1-056,2014-09-10,Bay Shore-Fostoria 345kV & Bay Shore-Monroe 345kV,5029.0,345.0,100.0,960.0,gas,OH,ATSI,In Service,gen
AA1-057,2014-09-10,Sunbury-Milton 69kV,13490.0,69.0,100.0,16.0,other,PA,PPL,Withdrawn,gen
AA1-058 4675070,2014-09-15,CPLE-PJM,1723.0,138.0,66.66666666666667,6.0,other,,,Withdrawn,gen
AA1-059,2014-09-16,Crisfield 25kV,13134.0,25.0,92.0,6.0,solar,MD,DPL,Withdrawn,gen
AA1-060,2014-09-22,Great Adventure 34.5kV,51555.0,34.5,58.66666666666667,20.0,storage,NJ,JCPL,In Service,battery
AA1-061,2014-09-23,Jacktown-East New Market 69kV,13423.0,69.0,80.0,20.0,solar,MD,DPL,Withdrawn,gen
AA1-062,2014-09-26,Williams 138kV,30022.0,138.0,90.0,150.0,wind,WV,APS,Withdrawn,gen
AA1-063,2014-09-26,Huntsville (Cabin Creek) 69kV,40082.0,69.0,85.0,3.6,gas,IN,AEP,Withdrawn,gen
AA1-063A,2014-09-29,Carolina–Seaboard 115kV,3216.0,115.0,100.0,74.9,solar,NC,Dominion,In Service,gen
AA1-064,2014-09-30,Carson-Wake 500kV,33483.0,500.0,100.0,80.0,solar,NC,Dominion,Withdrawn,gen
AA1-065,2014-09-30,Earleys 230kV,3185.0,230.0,100.0,80.0,solar,NC,Dominion,In Service,gen
AA1-066,2014-09-30,Susquehanna-Lackawanna 500kV,31753.0,500.0,100.0,1050.0,gas,PA,PPL,In Service,gen
AA1-067,2014-09-30,Everetts 34.5kV,3203.0,34.5,92.0,15.0,solar,NC,Dominion,In Service,gen
AA1-068,2014-10-01,Wilson 34.5kV,6630.0,34.5,92.0,3.5,solar,MD,Unknown,Withdrawn,gen
AA1-070,2014-10-06,Hatfield 500kV,31728.0,500.0,100.0,1710.0,other,PA,APS,Withdrawn,gen
AA1-071 4680722,2014-10-13,MEC-PJM,15751.0,138.0,85.71428571428572,72.0,other,,,Confirmed,gen
AA1-072,2014-10-13,Kelford 34.5kV,6463.0,34.5,77.71428571428572,23.1,solar,NC,Dominion,In Service,gen
AA1-073,2014-10-14,Metuchen 26kV,18977.0,26.0,92.0,5.6,gas,NJ,PSEG,Withdrawn,gen
AA1-074 4681626,2014-10-16,PJM-MECS,31685.0,138.0,57.14285714285714,300.0,other,,,Confirmed,gen
AA1-075,2014-10-21,Huron 23kV,13117.0,23.0,64.72727272727273,7.5,gas,NJ,AEC,Withdrawn,gen
AA1-076,2014-10-22,Hunterstown-Conemaugh 500kV,13298.0,500.0,92.0,1050.0,gas,PA,PENELEC,In Service,gen
AA1-077,2014-10-23,Lackawanna 230kV,13403.0,230.0,100.0,1483.0,gas,PA,PPL,In Service,gen
AA1-078,2014-10-23,University Park North,12045.0,138.0,100.0,560.0,gas,IL,ComEd,In Service,gen
AA1-079,2014-10-24,Emilie 230kV,29521.0,230.0,100.0,1342.0,gas,PA,PECO,In Service,gen
AA1-080,2014-10-24,Wilson 34.5kV,6630.0,34.5,92.0,3.5,solar,MD,APS,Withdrawn,gen
AA1-081,2014-10-24,Cooksville 13kV,6157.0,13.0,87.23809523809523,3.0,solar,MD,BGE,Withdrawn,gen
AA1-082,2014-10-24,E. Towanda 230kV,13718.0,230.0,62.58823529411764,907.5,gas,PA,PENELEC,In Service,gen
AA1-083,2014-10-27,Four Rivers 230kV,33127.0,230.0,100.0,746.0,gas,VA,Dominion,In Service,gen
AA1-084,2014-10-27,Reybold 138kV,5116.0,138.0,80.0,252.0,gas,DE,DPL,In Service,gen
AA1-085,2014-10-29,Moshannon-Milesburg 230kV,31895.0,230.0,100.0,82.0,wind,PA,APS,Withdrawn,gen
AA1-086,2014-10-29,Blue Mound-Latham,38481.0,138.0,100.0,200.0,wind,IL,ComEd,Withdrawn,gen
AA1-087,2014-10-29,Timblin-Trade City 115kV,14013.0,115.0,100.0,100.0,other,PA,PENELEC,Withdrawn,gen
AA1-088,2014-10-29,USAP-Woodville 138kV,11248.0,138.0,66.66666666666667,100.0,other,PA,DL,Withdrawn,gen
AA1-089,2014-10-29,Dravosburg-W Mifflin,31708.0,138.0,100.0,100.0,other,PA,DL,Withdrawn,gen
AA1-090,2014-10-29,Cheswick 24kV Unit 1-AEP-Dayton HUB,31683.0,24.0,92.0,565.0,other,,DL,Withdrawn,gen
AA1-091,2014-10-29,Dover 12kV,34641.0,12.0,92.0,2.0,storage,DE,DPL,Withdrawn,battery
AA1-092,2014-10-31,Halfway 34.5kV,12796.0,34.5,92.0,12.0,solar,MD,APS,Withdrawn,gen
AA1-093,2014-10-30,Clear Spring 12.5kV,33043.0,12.5,70.26086956521739,3.5,solar,MD,APS,Withdrawn,gen
AA1-094,2014-10-30,Worcester 25kV,13126.0,25.0,92.0,6.0,solar,MD,DPL,Withdrawn,gen
AA1-095,2014-10-30,Halfway-Marlowe 34.5kV,12796.0,34.5,92.0,4.25,solar,MD,APS,In Service,gen
AA1-096,2014-10-30,Wilson 12.5kV,6630.0,12.5,92.0,3.5,solar,MD,APS,Withdrawn,gen
AA1-097,2014-10-30,Oyster Creek 230kV,26767.0,230.0,100.0,186.0,gas,NJ,JCPL,Withdrawn,gen
AA1-098,2014-10-30,Raritan River-Red Oak 230kV,26617.0,230.0,69.56521739130434,560.0,gas,NJ,JCPL,Withdrawn,gen
AA1-099,2014-10-30,Clinton Co. 34.5kV,13458.0,34.5,83.0,10.0,storage,OH,DEOK,In Service,battery
AA1-100,2014-10-30,Warrior Run 138kV,11906.0,138.0,63.1578947368421,11.0,storage,PA,APS,Deactivated,battery
AA1-101,2014-10-30,Tait 69kV,5126.0,69.0,75.0,20.0,storage,OH,Dayton,Withdrawn,battery
AA1-102,2014-10-30,Kings Creek-Loretto 138kV,13132.0,138.0,100.0,118.0,solar,MD,DPL,In Service,gen
AA1-103,2014-10-30,Harwood-Siegfried 230kV,13294.0,230.0,100.0,208.5,wind,PA,PPL,Withdrawn,gen
AA1-104,2014-10-30,Mickleton 230kV,29925.0,230.0,100.0,20.0,storage,NJ,AEC,Withdrawn,battery
AA1-105,2014-10-30,Thorofare 13kV,29933.0,13.0,92.0,2.0,storage,NJ,PSEG,Withdrawn,battery
AA1-106,2014-10-30,Grover II 34.5kV,32769.0,34.5,82.0,19.9,gas,PA,PENELEC,Withdrawn,gen
AA1-107,2014-10-30,Kings Creek-Pocomoke 138kV,13132.0,138.0,100.0,19.9,other,MD,DPL,Withdrawn,gen
AA1-108,2014-10-30,Churchtown 230kV,29926.0,230.0,100.0,529.0,gas,NJ,AEC,Withdrawn,gen
AA1-109,2014-10-31,Cotoctin-Troutville Junction 34.5kV,12801.0,34.5,79.5,9.0,solar,MD,APS,In Service,gen
AA1-110,2014-10-31,Massey 25kV,12915.0,25.0,92.0,6.0,solar,MD,DPL,Withdrawn,gen
AA1-111,2014-10-31,Moshannon-East Towanda 230kV,31895.0,230.0,100.0,463.0,gas,PA,PENELEC,Withdrawn,gen
AA1-112,2014-10-31,Westmoreland 25kV,29595.0,25.0,92.0,7.2,gas,PA,APS,Withdrawn,gen
AA1-113,2014-10-31,Frackville-Hauto 69kV,32745.0,69.0,100.0,68.0,wind,PA,PPL,Withdrawn,gen
AA1-114,2014-10-31,Harwood-East Hazelton #2 69kV,13294.0,69.0,92.0,60.0,wind,PA,PPL,Withdrawn,gen
AA1-115,2014-10-31,Thirty First Street 115kV,13899.0,115.0,96.55172413793103,20.0,storage,PA,PENELEC,Withdrawn,battery
AA1-116,2014-10-31,Kensington/Kankakee,1731.0,138.0,100.0,18.4,storage,IL,ComEd,Withdrawn,battery
AA1-117,2014-10-31,Kensington/Kankakee,1731.0,138.0,100.0,20.0,storage,IL,ComEd,Withdrawn,battery
AA1-118,2014-10-31,Picway 69kV,37553.0,69.0,92.0,20.0,storage,OH,AEP,Withdrawn,battery
AA1-119,2014-10-31,Sunset Lake-Mardela,16013.0,138.0,100.0,139.0,other,,DPL,Withdrawn,gen
AA1-120,2014-10-31,Fowler-LaPorte,39041.0,138.0,83.33333333333334,64.0,other,,AEP,Withdrawn,gen
AA1-121,2014-10-31,South Granville 12kV,4548.0,12.0,86.54545454545455,2.0,storage,OH,AEP,Withdrawn,battery
AA1-122,2014-10-31,Antietam 34.5kV,12798.0,34.5,92.0,10.0,solar,MD,APS,Withdrawn,gen
AA1-123,2014-10-31,Highland-Sammis 345kV,36945.0,345.0,100.0,1152.0,gas,OH,ATSI,In Service,gen
AA1-124,2014-10-31,Englishtown-Monroe 34kV,14759.0,34.0,64.72727272727273,1.5,solar,NJ,JCPL,Withdrawn,gen
AA1-125,2014-10-31,Seaman 138kV,23273.0,138.0,100.0,20.0,solar,OH,AEP,Withdrawn,gen
AA1-126,2014-10-31,Hillcrest 138kV,36329.0,138.0,100.0,20.0,solar,OH,DEOK,Withdrawn,gen
AA1-127,2014-10-31,Andersontown Road 25kV,38966.0,25.0,64.0,6.0,solar,MD,DPL,Withdrawn,gen
AA1-128,2014-10-31,Glen Lyn ,7968.0,138.0,100.0,10.0,storage,VA,AEP,Withdrawn,battery
AA1-129,2014-10-31,Northbrook-Skokie,20775.0,138.0,100.0,27.0,gas,IL,ComEd,Withdrawn,gen
AA1-130,2014-10-31,St. Claire 13kV,16277.0,13.0,86.11764705882352,5.0,gas,OH,AEP,Withdrawn,gen
AA1-131,2014-10-31,N. Towanda 34.5kV,33741.0,34.5,67.0,8.0,gas,PA,PENELEC,Withdrawn,gen
AA1-132,2014-10-31,Shawboro-Sligo 230kV,32356.0,230.0,100.0,80.0,solar,NC,Dominion,Withdrawn,gen
AA1-133,2014-10-31,Hickory-Shawboro 230kV,32309.0,230.0,100.0,80.0,solar,NC,Dominion,Withdrawn,gen
AA1-134,2014-10-31,Sunbury-WinFall 230kV,13419.0,230.0,100.0,80.0,solar,NC,Dominion,Withdrawn,gen
AA1-135,2014-10-31,Earleys-Everetts 230kV,3185.0,230.0,100.0,80.0,solar,NC,Dominion,Withdrawn,gen
AA1-136,2014-10-31,Cashie-E. Trowbridge 230kV,3582.0,230.0,100.0,80.0,solar,NC,Dominion,Withdrawn,gen
AA1-137,2014-10-31,Earleys-Northampton 230kV,3185.0,230.0,100.0,80.0,solar,NC,Dominion,Withdrawn,gen
AA1-138,2014-10-31,Earleys-Suffolk 230kV,3185.0,230.0,100.0,80.0,solar,NC,Dominion,Withdrawn,gen
AA1-139,2014-10-31,Hickory-Shawboro 230kV,32309.0,230.0,100.0,120.0,solar,NC,Dominion,In Service,gen
AA1-140,2014-10-31,Worcester 25kV,13126.0,25.0,92.0,20.0,solar,MD,DPL,Withdrawn,gen
AA1-141,2014-10-31,Kenney 25kV,13129.0,25.0,92.0,15.0,solar,MD,DPL,Withdrawn,gen
AA1-142,2014-10-31,Vienna-Laurel 69kV,13112.0,69.0,100.0,20.0,solar,MD,DPL,Withdrawn,gen
AA1-143,2014-10-31,Easton-Wye Mills 69kV,13101.0,69.0,100.0,20.0,solar,MD,DPL,Withdrawn,gen
AA1-144,2014-10-31,East Towanda-Grover 230kV,13718.0,230.0,62.58823529411764,163.0,gas,PA,PENELEC,Withdrawn,gen
AA1-145,2014-10-31,Four Rivers 230kV,33127.0,230.0,100.0,340.0,gas,VA,Dominion,In Service,gen
AA1-146,2014-11-01,Nelson,5149.0,138.0,100.0,190.0,gas,IL,ComEd,In Service,gen
AA1-147,2014-10-31,Marion 345kV,19529.0,345.0,100.0,400.0,other,NJ,PSEG,Withdrawn,gen
AA2-001,2014-11-03,Reusens 34.5kV,11451.0,34.5,92.0,12.5,other,VA,AEP,Withdrawn,gen
AA2-002 4686172,2014-11-03,ALTE-PJM,48484.0,138.0,80.0,156.0,other,,,Withdrawn,gen
AA2-003 4686173,2014-11-03,ALTE-PJM,48484.0,138.0,80.0,312.0,other,,,Withdrawn,gen
AA2-004 4686175,2014-11-03,ALTE-PJM,48484.0,138.0,80.0,156.0,other,,,Withdrawn,gen
AA2-005 4686176,2014-11-03,ALTE-PJM,48484.0,138.0,80.0,456.0,other,,,Withdrawn,gen
AA2-006 4686643,2014-11-05,PJM-DUK,31685.0,138.0,57.14285714285714,150.0,other,,,Retracted,gen
AA2-007 4686662,2014-11-05,PJM-DUK,31685.0,138.0,57.14285714285714,58.0,other,,,Retracted,gen
AA2-008,2014-11-06,Saegers 230 kV,45570.0,230.0,68.92307692307692,907.0,gas,PA,PPL,In Service,gen
AA2-009 4691199,2014-11-21,AMIL-PJM,29641.0,138.0,75.0,1045.0,other,,,Withdrawn,gen
AA2-010 4691202,2014-11-21,AMIL-PJM,29641.0,138.0,75.0,1045.0,other,,,Withdrawn,gen
AA2-011,2014-11-24,Winslow Township,51032.0,138.0,68.97727272727272,4.0,solar,NJ,AEC,Withdrawn,gen
AA2-012 4692026,2014-11-24,ALTE-PJM,48484.0,138.0,80.0,156.0,other,,,Withdrawn,gen
AA2-013 4692027,2014-11-24,ALTE-PJM,48484.0,138.0,80.0,156.0,other,,,Withdrawn,gen
AA2-014 4692029,2014-11-24,ALTE-PJM,48484.0,138.0,80.0,156.0,other,,,Withdrawn,gen
AA2-017,2014-11-26,East Palmerton-Acahela 69kV,13446.0,69.0,100.0,98.0,wind,PA,PPL,Withdrawn,gen
AA2-018 4694146,2014-12-03,ALTE-PJM,48484.0,138.0,80.0,312.0,other,,,Withdrawn,gen
AA2-019 4694147,2014-12-03,ALTE-PJM,48484.0,138.0,80.0,156.0,other,,,Withdrawn,gen
AA2-020,2014-12-05,Albright-Cross School 138kV,17365.0,138.0,82.0,15.0,other,MD,APS,Withdrawn,gen
AA2-021,2014-12-05,Steele 25kV,37552.0,25.0,68.92307692307692,7.0,solar,MD,DPL,Withdrawn,gen
AA2-022 4694704,2014-12-05,CPLE-PJM,1723.0,138.0,66.66666666666667,45.0,other,,,Retracted,gen
AA2-023 4695929,2014-12-11,ALTE-PJM,48484.0,138.0,80.0,156.0,other,,,Withdrawn,gen
AA2-024 4696138,2014-12-12,ALTE-PJM,48484.0,138.0,80.0,156.0,other,,,Withdrawn,gen
AA2-025 4696140,2014-12-12,ALTE-PJM,48484.0,138.0,80.0,156.0,other,,,Withdrawn,gen
AA2-026 4696144,2014-12-12,AMIL-PJM,29641.0,138.0,75.0,24.0,other,,,Withdrawn,gen
AA2-027 4696146,2014-12-12,AMIL-PJM,29641.0,138.0,75.0,24.0,other,,,Withdrawn,gen
AA2-029,2014-12-18,Everetts 34.5kV,3203.0,34.5,92.0,28.0,solar,NC,Dominion,Withdrawn,gen
AA2-030,2014-12-24,Nelson,5149.0,138.0,100.0,380.0,gas,IL,ComEd,In Service,gen
AA2-033 4698486,2014-12-23,NYIS-PJM,16691.0,138.0,66.66666666666667,300.0,other,,,Retracted,gen
AA2-034 4698488,2014-12-23,NYIS-PJM,16691.0,138.0,66.66666666666667,300.0,other,,,Retracted,gen
AA2-035,2014-12-30,Collins,20762.0,138.0,100.0,1098.3,gas,IL,ComEd,Withdrawn,gen
AA2-036,2015-01-09,West Cambridge 12kV,5189.0,12.0,92.0,14.0,solar,MD,DPL,Withdrawn,gen
AA2-037,2015-01-09,Preston 12kV,13109.0,12.0,92.0,5.0,solar,MD,DPL,Withdrawn,gen
AA2-038 4703464,2015-01-16,ALTE-PJM,48484.0,138.0,80.0,312.0,other,,,Retracted,gen
AA2-039,2015-01-23,Kewanee 138 kV,12052.0,138.0,93.33333333333333,150.0,wind,IL,ComEd,Withdrawn,gen
AA2-040,2015-01-30,Kings Fork 34.5kV,32301.0,34.5,92.0,,other,VA,Dominion,Withdrawn,gen
AA2-041,2015-02-02,Tidd-Collier,36200.0,138.0,100.0,225.0,other,OH,AEP,Withdrawn,gen
AA2-042,2015-02-02,Conastone-Northwest 230kV,31827.0,230.0,100.0,102.0,other,MD,BGE,Withdrawn,gen
AA2-043,2015-02-02,Smith-N. Fayette 138kV,32866.0,138.0,86.66666666666667,718.0,gas,PA,APS,Withdrawn,gen
AA2-044,2015-02-06,Sherman Avenue 69kV,29637.0,69.0,89.0909090909091,13.5,solar,NJ,AEC,Withdrawn,gen
AA2-048,2015-02-19,Allenwood-Larrabee 34kV,840.0,34.0,74.35294117647058,7.0,storage,NJ,JCPL,In Service,battery
AA2-049,2015-02-18,Atlantic-Oceanview 34kV,7914.0,34.0,92.0,19.9,storage,NJ,JCPL,Withdrawn,battery
AA2-050,2015-02-18,Penrose #1 230klV,29599.0,138.0,83.125,210.0,gas,PA,PECO,Withdrawn,gen
AA2-051,2015-02-19,Penrose #2 230kV,29599.0,230.0,93.33333333333333,130.0,gas,PA,PECO,Withdrawn,gen
AA2-052,2015-02-20,Essex 26kV,19235.0,26.0,92.0,3.0,gas,NJ,PSEG,In Service,gen
AA2-053,2015-02-23,Carolina-Jackson 115kV,3216.0,115.0,100.0,74.9,solar,NC,Dominion,In Service,gen
AA2-054,2015-02-23,Pumphrey 230kV,31871.0,230.0,100.0,155.0,other,MD,BGE,In Service,gen
AA2-055,2015-02-26,Hornertown 34.5kV,3217.0,34.5,92.0,20.0,solar,NC,Dominion,Withdrawn,gen
AA2-056,2015-02-26,Hornertown 34.5kV,3217.0,34.5,92.0,20.0,solar,NC,Dominion,Withdrawn,gen
AA2-057,2015-02-26,Hornertown-Whitakers 115kV,3217.0,115.0,92.0,66.0,solar,NC,Dominion,In Service,gen
AA2-058,2015-02-28,Mount Rose 13kV,42817.0,13.0,92.0,1.0,hybrid,NJ,PSEG,In Service,gen
AA2-059,2015-02-27,Edenton 15kV,29999.0,15.0,68.92307692307692,10.0,solar,NC,Dominion,Withdrawn,gen
AA2-060,2015-02-28,Branchville-Sussex #1 34kV,41497.0,34.0,72.0,6.0,storage,NJ,JCPL,In Service,battery
AA2-061,2015-02-27,Branchville-Sussex #2 34.5kV,41497.0,34.5,72.0,14.0,storage,NJ,JCPL,In Service,battery
AA2-062,2015-02-27,Branchville-N. Newton #1 34.kV,41497.0,138.0,80.0,7.0,storage,NJ,JCPL,Withdrawn,battery
AA2-063,2015-02-27,Branchville-N. Newton #2 34.5kV,41497.0,34.5,72.0,8.0,storage,NJ,JCPL,Withdrawn,battery
AA2-064,2015-02-27,Branchville-N. Newton #3 34.5kV,41497.0,34.5,72.0,17.0,storage,NJ,JCPL,Withdrawn,battery
AA2-065,2015-02-27,Hazen Switch Point-Washington 34.5kV,36322.0,34.5,74.0,8.0,storage,NJ,JCPL,Withdrawn,battery
AA2-066,2015-02-27,Penns Neck 13kV,33192.0,13.0,52.86956521739131,2.0,gas,NJ,PSEG,In Service,gen
AA2-067,2015-02-27,Belvidere,7758.0,138.0,75.0,10.0,gas,IL,ComEd,Withdrawn,gen
AA2-068,2015-02-27,South Justice 115kV,6051.0,115.0,55.55555555555556,20.0,solar,NC,Dominion,Withdrawn,gen
AA2-069,2015-02-27,Cartanza 230kV,16047.0,230.0,100.0,760.2,gas,DE,DPL,Withdrawn,gen
AA2-069A,2015-02-27,Peckville-Jackson 69kV,31783.0,69.0,92.0,64.6,wind,PA,PPL,Withdrawn,gen
AA2-070,2015-02-28,Smith Mountain 138kV,32866.0,138.0,100.0,649.0,other,VA,AEP,In Service,gen
AA2-071 4714642,2015-03-02,TVA-PJM,56730.0,138.0,66.66666666666667,700.0,other,,,Retracted,gen
AA2-072,2015-03-09,Kingsville 13kV,32565.0,13.0,73.81818181818181,1.1,solar,MD,BGE,In Service,gen
AA2-073 4716842,2015-03-09,PJM-MEC,31685.0,138.0,57.14285714285714,300.0,other,,,Retracted,gen
AA2-074 4717004,2015-03-10,CPLE-PJM,1723.0,138.0,66.66666666666667,45.0,other,,,Confirmed,gen
AA2-075,2015-03-16,Southwest Lima 345kV,38964.0,345.0,100.0,250.0,wind,OH,AEP,Withdrawn,gen
AA2-076,2015-03-27,Linwood 230kV,29616.0,230.0,100.0,852.0,gas,PA,PECO,In Service,gen
AA2-077,2015-03-27,Penrose #1 230kV,29599.0,230.0,93.33333333333333,220.0,gas,PA,PECO,Withdrawn,gen
AA2-078,2015-03-27,Penrose #2 230kV,29599.0,230.0,93.33333333333333,130.0,gas,PA,PECO,Withdrawn,gen
AA2-079,2015-03-30,Possum Point 230kV,7609.0,230.0,100.0,668.0,gas,VA,Dominion,In Service,gen
AA2-080,2015-03-31,Ellsworth-Eppler Junction 25kV,5528.0,25.0,65.6842105263158,19.9,gas,PA,APS,Withdrawn,gen
AA2-081,2015-03-31,Niles Valley 34.5kV,14008.0,34.5,92.0,19.9,gas,PA,PENELEC,Withdrawn,gen
AA2-082,2015-03-31,Alpha 34.5kV,2011.0,34.5,92.0,20.0,storage,NJ,JCPL,In Service,battery
AA2-083,2015-03-31,South Troy 34.5kV,13371.0,34.5,92.0,19.9,gas,PA,PENELEC,Withdrawn,gen
AA2-084,2015-03-31,Lappans Road 12.5kV,33340.0,12.5,58.66666666666667,4.0,solar,MD,APS,Withdrawn,gen
AA2-085,2015-03-31,General Office 12.5kV,21598.0,12.5,58.66666666666667,10.0,solar,MD,APS,Withdrawn,gen
AA2-086,2015-03-31,Boykins 34.5kV,3210.0,34.5,92.0,13.0,solar,VA,Dominion,Withdrawn,gen
AA2-087,2015-03-31,Boykins 34.5kV,3210.0,34.5,92.0,20.0,solar,VA,Dominion,Withdrawn,gen
AA2-088,2015-03-31,Boykins-Handsome 115kV,3210.0,115.0,92.0,100.0,solar,VA,Dominion,In Service,gen
AA2-089 4725077,2015-04-14,CIN-PJM,14626.0,138.0,75.0,200.0,other,,,Withdrawn,gen
AA2-090 4725079,2015-04-14,CIN-PJM,14626.0,138.0,75.0,100.0,other,,,Withdrawn,gen
AA2-091 4725081,2015-04-14,CIN-PJM,14626.0,138.0,75.0,15.0,other,,,Withdrawn,gen
AA2-092 4725288,2015-04-15,PJM-AMIL,31685.0,138.0,57.14285714285714,100.0,other,,,Withdrawn,gen
AA2-093 4725500,2015-04-16,CIN-PJM,14626.0,138.0,75.0,20.0,other,,,Withdrawn,gen
AA2-094 4725501,2015-04-16,CIN-PJM,14626.0,138.0,75.0,22.0,other,,,Withdrawn,gen
AA2-096 4725504,2015-04-16,CIN-PJM,14626.0,138.0,75.0,16.0,other,,,Withdrawn,gen
AA2-097 4725505,2015-04-16,CIN-PJM,14626.0,138.0,75.0,21.0,other,,,Withdrawn,gen
AA2-098,2015-04-20,George Washington (Moundsville),802.0,138.0,87.58620689655172,565.0,gas,WV,AEP,Withdrawn,gen
AA2-099,2015-04-21,Sewaren 230kV,18978.0,230.0,100.0,568.0,gas,NJ,PSEG,In Service,gen
AA2-100,2015-04-22,Brown 34.5kV,12956.0,34.5,92.0,4.8,gas,OH,DEOK,In Service,gen
AA2-101 4726899,2015-04-22,PJM-MECS,31685.0,138.0,57.14285714285714,100.0,other,,,Confirmed,gen
AA2-102 4726900,2015-04-22,PJM-MECS,31685.0,138.0,57.14285714285714,100.0,other,,,Confirmed,gen
AA2-103,2015-04-24,Backbone Mountain 138kV,13461.0,138.0,77.5,20.0,storage,WV,APS,Withdrawn,battery
AA2-104,2015-04-24,Bigby 115kV,37589.0,115.0,72.0,20.0,storage,PA,PENELEC,Withdrawn,battery
AA2-105,2015-04-24,Hornertown 34.5kV,3217.0,34.5,92.0,20.0,solar,NC,Dominion,Withdrawn,gen
AA2-106,2015-04-24,Bluff Point 69kV,14859.0,69.0,77.5,20.0,storage,IN,AEP,Withdrawn,battery
AA2-107,2015-04-24,Waterman 34kV,5350.0,34.0,72.0,20.0,storage,IL,ComEd,Withdrawn,battery
AA2-108,2015-04-27,Plano 765kV,20765.0,765.0,100.0,2060.0,other,IL,ComEd,Withdrawn,gen
AA2-109,2015-04-27,Rock Springs-Peach Bottom 500kV,12912.0,500.0,100.0,1100.0,gas,PA,PECO,Withdrawn,gen
AA2-110,2015-04-27,Eddystone 230kV,29593.0,230.0,100.0,550.0,gas,PA,PECO,Withdrawn,gen
AA2-111,2015-04-27,Cochranville-Peach Bottom 230kV,30066.0,230.0,76.19047619047619,550.0,gas,PA,PECO,Withdrawn,gen
AA2-112,2015-04-27,Tiffany 34.5kV,5080.0,34.5,68.92307692307692,19.9,gas,PA,PENELEC,Withdrawn,gen
AA2-113,2015-04-28,Hornertown 34.5kV,3217.0,34.5,92.0,16.0,solar,NC,Dominion,Withdrawn,gen
AA2-114,2015-04-28,Furnace Brook-Hazen Switch Point 34kV,32038.0,34.0,64.72727272727273,20.0,storage,NJ,JCPL,Withdrawn,battery
AA2-115,2015-04-28,S. Reading-Boyertown 230kV,15999.0,230.0,100.0,450.0,gas,PA,ME,In Service,gen
AA2-116,2015-04-28,Cook-East Elkhart 345kV,31143.0,345.0,100.0,994.0,gas,MI,AEP,In Service,gen
AA2-117,2015-04-28,Sussex,17111.0,138.0,100.0,16.0,storage,NJ,JCPL,Withdrawn,battery
AA2-118,2015-04-29,Murphy-Tunis 115kV,40253.0,115.0,92.0,35.2,solar,NC,Dominion,Withdrawn,gen
AA2-119,2015-04-30,Glen Falls 138kV,777.0,138.0,100.0,550.0,gas,WV,APS,Under Construction,gen
AA2-120,2015-04-29,Tower Hill 115kV,14165.0,115.0,100.0,250.0,gas,PA,PENELEC,Withdrawn,gen
AA2-121,2015-04-29,Tidd-Wylie Ridge 345kV,36200.0,345.0,100.0,685.0,gas,WV,APS,Withdrawn,gen
AA2-122,2015-04-29,Parlin 230kV,19534.0,230.0,80.0,143.5,storage,NJ,JCPL,Withdrawn,battery
AA2-123,2015-04-29,Marengo 34kV,12082.0,34.0,58.66666666666667,20.0,storage,IL,ComEd,In Service,battery
AA2-124,2015-04-29,Sewaren 230kV,18978.0,230.0,100.0,576.0,gas,NJ,PSEG,Withdrawn,gen
AA2-125,2015-04-29,Edison 138kV,15516.0,138.0,100.0,580.1,gas,NJ,PSEG,Withdrawn,gen
AA2-126,2015-04-30,Thorofare 13kV,29933.0,13.0,92.0,5.0,storage,NJ,PSEG,Withdrawn,battery
AA2-127,2015-04-30,Bear Garden 230kV,31897.0,230.0,100.0,682.0,gas,VA,Dominion,In Service,gen
AA2-128,2015-04-30,Raritan River-Werner 115kV,5009.0,115.0,66.66666666666667,175.0,gas,NJ,JCPL,Withdrawn,gen
AA2-129,2015-04-30,New Church 138kV,12913.0,138.0,88.0,20.0,storage,VA,DPL,Withdrawn,battery
AA2-130,2015-04-30,Kings Creek-Crisfield 69kV,13132.0,69.0,100.0,2.0,gas,MD,DPL,Withdrawn,gen
AA2-131,2015-04-30,Oak Grove 138kV,31454.0,138.0,92.0,354.0,gas,WV,APS,In Service,gen
AA2-132,2015-04-30,Thompson 34.5kV,13888.0,34.5,92.0,19.9,gas,PA,PENELEC,Withdrawn,gen
AA2-133,2015-04-30,Wyalusing 34.5kV,12621.0,34.5,58.66666666666667,19.9,gas,PA,PENELEC,In Service,gen
AA2-134,2015-04-30,Andrew Shaft-84 Junction 25kV,55038.0,25.0,52.0,19.9,gas,PA,APS,Withdrawn,gen
AA2-135,2015-04-30,East Towanda 34.5kV,13718.0,34.5,62.58823529411764,19.9,gas,PA,PENELEC,Withdrawn,gen
AA2-136,2015-04-30,Kendall,38455.0,138.0,76.17647058823529,1228.8,gas,IL,ComEd,Withdrawn,gen
AA2-137,2015-04-30,Hanging Rock 765kV - Power Block 1,36809.0,765.0,100.0,670.0,gas,OH,AEP,In Service,gen
AA2-138,2015-04-30,Hanging Rock 765kV - Power Block 2,36809.0,765.0,100.0,670.0,gas,OH,AEP,In Service,gen
AA2-139,2015-04-30,Ronco 500kV,31729.0,500.0,100.0,706.0,gas,PA,APS,In Service,gen
AA2-140,2015-04-30,Printz 230kV,40295.0,230.0,61.53846153846154,641.5,gas,PA,PECO,In Service,gen
AA2-141,2015-04-30,Washington 345kV,15621.0,345.0,92.0,670.0,gas,OH,AEP,In Service,gen
AA2-142,2015-04-30,Branchburg-Deans 500kV,29176.0,500.0,100.0,1377.0,gas,NJ,PSEG,Withdrawn,gen
AA2-143,2015-04-30,Catoctin 12.5kV,12801.0,12.5,92.0,4.0,solar,MD,APS,Withdrawn,gen
AA2-144,2015-04-30,East New Market 12kV,52689.0,12.0,92.0,10.0,solar,MD,DPL,Withdrawn,gen
AA2-145,2015-04-30,Catoctin 34.5kV,12801.0,34.5,92.0,20.0,solar,MD,APS,Withdrawn,gen
AA2-146,2015-04-30,Catoctin 34.5kV,12801.0,34.5,92.0,20.0,solar,MD,APS,Withdrawn,gen
AA2-147,2015-04-30,Todd 12kV,13110.0,12.0,92.0,4.0,solar,MD,DPL,Withdrawn,gen
AA2-148,2015-04-30,Madison-Tanners Creek 138kV,13755.0,138.0,100.0,175.0,wind,IN,AEP,Withdrawn,gen
AA2-149,2015-04-30,Carolina-Seaboard 115kV,3216.0,115.0,100.0,20.0,solar,NC,Dominion,Withdrawn,gen
AA2-150,2015-04-30,Trappe 12kV,13108.0,12.0,92.0,10.0,solar,MD,DPL,Withdrawn,gen
AA2-151,2015-04-30,Delano-Scioto Trail 138kV,23670.0,138.0,90.0,80.0,solar,OH,AEP,Withdrawn,gen
AA2-152,2015-04-30,Keeney-Steel 230kV,13097.0,230.0,100.0,80.0,solar,MD,DPL,Withdrawn,gen
AA2-153,2015-04-30,Yellow Springs 34.5kV,38960.0,34.5,92.0,4.0,solar,MD,APS,Withdrawn,gen
AA2-154,2015-04-30,Watkins Corner 34.5kV,40034.0,34.5,74.85714285714286,20.0,solar,VA,Dominion,Withdrawn,gen
AA2-155,2015-04-30,Mt. Lena 12.5kV,5620.0,12.5,67.0,4.0,solar,MD,APS,Withdrawn,gen
AA2-156,2015-04-30,Aydlett-Shawboro 230kV,29628.0,230.0,62.5,80.0,solar,NC,Dominion,Withdrawn,gen
AA2-157,2015-04-30,Cashie-Trowbridge 230kV,3582.0,230.0,100.0,80.0,solar,NC,Dominion,Withdrawn,gen
AA2-158,2015-04-30,Louisa 34.5kV,7394.0,34.5,80.0,20.0,solar,VA,Dominion,Withdrawn,gen
AA2-159,2015-04-30,Downsville 34.5kV,45315.0,34.5,82.0,16.0,solar,MD,APS,Withdrawn,gen
AA2-160,2015-04-30,Bridgeville 12kV,16030.0,12.0,92.0,20.0,solar,DE,DPL,Withdrawn,gen
AA2-161,2015-05-01,Yukon-Robbins 138kV,31671.0,138.0,100.0,541.0,gas,PA,APS,Withdrawn,gen
AA2-162,2015-04-30,Elizabeth City-Shawboro 230kV,3179.0,230.0,100.0,80.0,solar,NC,Dominion,Withdrawn,gen
AA2-163,2015-04-30,Wakefield 12.5kV,33433.0,12.5,92.0,20.0,solar,VA,Dominion,Withdrawn,gen
AA2-164,2015-04-30,Murphy 34.5kV,40253.0,34.5,92.0,20.0,solar,NC,Dominion,Withdrawn,gen
AA2-165,2015-04-30,Hornertown-Whitakers 115kV,3217.0,115.0,92.0,74.9,solar,NC,Dominion,In Service,gen
AA2-166,2015-04-30,Shenango-Bedford 69kV,36538.0,69.0,92.0,19.9,gas,PA,ATSI,Withdrawn,gen
AA2-167,2015-04-30,East Sayre 34.5kV,13380.0,34.5,92.0,19.9,gas,PA,PENELEC,Withdrawn,gen
AA2-168,2015-04-30,Prince George's County,15382.0,138.0,78.18181818181819,4.0,solar,MD,PEPCO,Withdrawn,gen
AA2-169,2015-04-30,Five Forks 115kV,12902.0,115.0,100.0,20.0,solar,NC,Dominion,Withdrawn,gen
AA2-170,2015-04-30,Burches Hill-Brandywine 230kV,31456.0,230.0,100.0,1038.1,gas,MD,PEPCO,Withdrawn,gen
AA2-171,2015-04-30,Sunbury #1 500kV,13419.0,500.0,93.33333333333333,1121.0,gas,PA,PPL,In Service,gen
AA2-172,2015-04-30,ATSI-PSEG,7948.0,138.0,66.66666666666667,115.0,other,,ATSI,Withdrawn,gen
AA2-173,2015-04-30,Hatfield 500kV,31728.0,500.0,100.0,515.0,gas,PA,APS,In Service,gen
AA2-174,2015-04-30,Carolina-Jackson 115kV,3216.0,115.0,100.0,79.9,solar,NC,Dominion,In Service,gen
AA2-175,2015-04-30,Suffolk-Sunbury 230kV,3183.0,230.0,100.0,80.0,solar,NC,Dominion,Withdrawn,gen
AA2-176,2015-04-30,Indian River-Piney Grove 230kV,5008.0,230.0,74.35294117647058,80.0,solar,DE,DPL,Withdrawn,gen
AA2-177,2015-04-30,Hopewell-Surry 230kV,19035.0,230.0,100.0,80.0,solar,VA,Dominion,Withdrawn,gen
AA2-178,2015-04-30,Mackeys 230kV,3417.0,230.0,100.0,80.0,solar,NC,Dominion,In Service,gen
AA2-179,2015-04-30,Creswell-Mackeys 115kV,3416.0,115.0,100.0,80.0,solar,NC,Dominion,Withdrawn,gen
AA2-180,2015-04-30,Hickory 34.5kV,5088.0,34.5,92.0,20.0,solar,VA,Dominion,Withdrawn,gen
AA2-181,2015-04-30,Earleys-Northampton 230kV,3185.0,230.0,100.0,80.0,solar,NC,Dominion,Withdrawn,gen
AA2-182,2015-04-30,Sunbury #2 500kV,13419.0,500.0,93.33333333333333,1030.0,gas,PA,PPL,Withdrawn,gen
AA2-183,2015-04-30,Tosco-VFT 230kV,31388.0,230.0,64.72727272727273,234.0,gas,NJ,PSEG,Withdrawn,gen
AA2-184,2015-04-30,Atlantic-Red Bank 34kV,7914.0,34.0,92.0,20.0,solar,NJ,JCPL,In Service,gen
AA2-185,2015-04-30,Independent Hill 115kV,32075.0,115.0,93.33333333333333,1.9,gas,VA,Dominion,Withdrawn,gen
AA2-186,2015-04-30,Forest 69kV,31981.0,69.0,92.0,20.0,storage,OH,AEP,Withdrawn,battery
AB1-001,2015-05-01,Absecon 12 kV,32060.0,12.0,64.72727272727273,2.3,solar,NJ,AEC,In Service,gen
AB1-002,2015-05-01,Atlantic-South River 230kV,7914.0,230.0,100.0,909.0,gas,NJ,JCPL,Withdrawn,gen
AB1-003,2015-05-04,Keystone-Conemaugh 500kV,31985.0,500.0,100.0,1474.0,gas,PA,PENELEC,Withdrawn,gen
AB1-004,2015-05-04,Solar Holler,20102.0,138.0,68.07407407407408,0.4,solar,,AEP,Withdrawn,gen
AB1-005,2015-05-18,Harrisonville 13kV,38034.0,13.0,75.33333333333334,1.3,gas,MD,BGE,Withdrawn,gen
AB1-006,2015-05-22,Meadow Lake 345kV,13143.0,345.0,100.0,200.0,wind,IN,AEP,In Service,gen
AB1-007 4735313,2015-05-26,TVA-PJM,56730.0,138.0,66.66666666666667,58.0,other,,,Retracted,gen
AB1-008 4735314,2015-05-26,TVA-PJM,56730.0,138.0,66.66666666666667,85.0,other,,,Retracted,gen
AB1-009 4735315,2015-05-26,TVA-PJM,56730.0,138.0,66.66666666666667,95.0,other,,,Retracted,gen
AB1-010,2015-05-27,Quakertown,29904.0,138.0,100.0,0.5,storage,NJ,JCPL,Withdrawn,battery
AB1-011,2015-05-27,Bear Branch 13kV,5290.0,13.0,92.0,0.5,storage,MD,BGE,Withdrawn,battery
AB1-012,2015-05-27,Hackettstown,13794.0,138.0,72.72727272727273,0.5,storage,NJ,JCPL,Withdrawn,battery
AB1-013,2015-05-29,Riders Creek 115kV,3415.0,115.0,95.23809523809523,130.0,wind,NC,Dominion,Withdrawn,gen
AB1-014,2015-06-08,Hillcrest 138kV,36329.0,138.0,100.0,125.0,solar,OH,DEOK,In Service,gen
AB1-015,2015-06-16,Evergreen 138kV,5061.0,138.0,100.0,16.5,gas,OH,ATSI,Deactivated,gen
AB1-017,2015-06-18,Highland-Sammis 345 kV & Highland-Mansfield 345 kV,36945.0,345.0,100.0,940.0,gas,OH,ATSI,In Service,gen
AB1-018 4740256,2015-06-18,TVA-PJM,56730.0,138.0,66.66666666666667,90.0,other,,,Retracted,gen
AB1-019,2015-06-29,Newlinville 230 kV,13258.0,230.0,100.0,100.0,other,PA,PECO,Withdrawn,gen
AB1-020,2015-06-29,Cold Spring 240v,31600.0,138.0,76.92307692307692,0.005,storage,MD,BGE,Withdrawn,battery
AB1-021,2015-06-29,West Caldwell 13kV,26626.0,13.0,92.0,1.72,hybrid,NJ,PSEG,In Service,gen
AB1-022,2015-07-06,Columbia 115kV,31870.0,115.0,100.0,2.0,storage,VA,Dominion,Withdrawn,battery
AB1-023 4743994,2015-07-07,LGEE-PJM,4036.0,138.0,85.71428571428572,120.0,other,,,Withdrawn,gen
AB1-024,2015-07-17,Loretto-Wilton Ctr,13133.0,138.0,100.0,50.0,other,IL,ComEd,Withdrawn,gen
AB1-025,2015-07-21,Lumberton 13kV,4663.0,13.0,92.0,6.8,solar,NJ,PSEG,In Service,gen
AB1-026,2015-07-22,Westmoreland 34.5kV,29595.0,34.5,92.0,20.0,solar,VA,Dominion,Withdrawn,gen
AB1-027,2015-07-22,Old Church 34.5 KV,32816.0,34.5,92.0,20.0,solar,VA,Dominion,In Service,gen
AB1-028,2015-07-27,Boykins 34.5kV,3210.0,34.5,92.0,20.0,solar,VA,Dominion,Withdrawn,gen
AB1-029,2015-07-27,Loretto-Pontiac,13133.0,138.0,100.0,35.0,other,IL,ComEd,Withdrawn,gen
AB1-030,2015-07-28,Huron 69kV,13117.0,69.0,72.72727272727273,23.0,gas,NJ,AEC,Withdrawn,gen
AB1-031,2015-07-29,North Wales 34kV,29574.0,34.0,92.0,9.0,other,PA,PECO,Withdrawn,gen
AB1-031A,2015-07-31,LAKEWOOD 18 KV OCEAN C1-ATLANTIC 230 KV REACTR,5856.0,18.0,92.0,25.0,other,NJ,JCPL,Withdrawn,gen
AB1-032,2015-07-31,Lee Station Southwest 12kV,3957.0,12.0,82.76923076923077,3.3,solar,OH,AEP,Withdrawn,gen
AB1-033,2015-08-12,North Wales 34.5kV,29574.0,34.5,92.0,6.0,other,PA,PECO,Deactivated,gen
AB1-034,2015-08-12,Maintou 34.5kV,26746.0,34.5,72.0,0.6,gas,NJ,JCPL,Withdrawn,gen
AB1-035,2015-08-14,Mill Creek 240v,40057.0,138.0,88.46153846153847,0.005,storage,MD,BGE,Withdrawn,battery
AB1-036,2015-08-14,Howard 240v,5052.0,138.0,86.36363636363636,0.005,storage,MD,BGE,Withdrawn,battery
AB1-037,2015-08-14,Ridgeview 240v,12941.0,138.0,89.28571428571429,0.005,storage,MD,BGE,Withdrawn,battery
AB1-038,2015-08-14,Shadyside 240v,2840.0,138.0,58.33333333333333,0.005,storage,MD,BGE,Withdrawn,battery
AB1-039,2015-08-14,Lipins Corner 240v,12937.0,138.0,91.66666666666667,0.005,storage,MD,BGE,Withdrawn,battery
AB1-040,2015-08-14,Glendale 240v,18374.0,138.0,77.6923076923077,0.005,storage,MD,BGE,Withdrawn,battery
AB1-041,2015-08-14,Hunt Club 240v,,138.0,0.0,0.005,storage,MD,BGE,Withdrawn,battery
AB1-042,2015-08-14,Wall Cove 240v,2859.0,138.0,62.06896551724138,0.005,storage,MD,BGE,Withdrawn,battery
AB1-043,2015-08-14,Riva Road 240v,31445.0,138.0,87.5,0.005,storage,MD,BGE,Withdrawn,battery
AB1-044,2015-08-14,Highland 240v,21674.0,138.0,88.46153846153847,0.005,storage,MD,BGE,Withdrawn,battery
AB1-045,2015-08-14,East Towson 240v,13718.0,138.0,88.46153846153847,0.005,storage,MD,BGE,Withdrawn,battery
AB1-046,2015-08-14,Sudbrook Park 240v,7466.0,138.0,57.14285714285714,0.005,storage,MD,BGE,Withdrawn,battery
AB1-047,2015-08-14,Highland 240v,21674.0,138.0,88.46153846153847,0.005,storage,MD,BGE,Withdrawn,battery
AB1-048,2015-08-14,Texas 240v,13629.0,138.0,74.33333333333333,0.005,storage,MD,BGE,Withdrawn,battery
AB1-049,2015-08-14,Friendship Manor 240v,7469.0,138.0,84.28571428571428,0.005,storage,MD,BGE,Withdrawn,battery
AB1-050,2015-08-14,High Ridge 240v,31571.0,138.0,90.0,0.005,storage,MD,BGE,Withdrawn,battery
AB1-051,2015-08-24,Lutherville 240v,34282.0,138.0,69.23076923076923,0.005,storage,MD,BGE,Withdrawn,battery
AB1-052,2015-08-24,Bengies 240v,14059.0,138.0,60.86956521739131,0.005,storage,MD,BGE,Withdrawn,battery
AB1-053,2015-08-24,Hornertown 34.5kV,3217.0,34.5,92.0,10.0,solar,NC,Dominion,Withdrawn,gen
AB1-054,2015-08-24,Boykins 115kV,3210.0,115.0,92.0,60.0,solar,VA,Dominion,Withdrawn,gen
AB1-055,2015-08-31,Balls Gap 34.5kV,33029.0,34.5,80.88888888888889,2.0,storage,WV,AEP,Deactivated,battery
AB1-056,2015-08-31,Indian River 230kV I,5008.0,230.0,74.35294117647058,247.8,wind,DE,DPL,Suspended,gen
AB1-057,2015-08-31,Indian River 230kV II,5008.0,230.0,74.35294117647058,251.8,wind,DE,DPL,Withdrawn,gen
AB1-058,2015-08-31,Gavin Unit #1 765kV,37999.0,765.0,82.5,1331.0,other,OH,AEP,In Service,gen
AB1-059,2015-08-31,Old Church 34.5kV,32816.0,34.5,92.0,5.0,solar,VA,Dominion,Withdrawn,gen
AB1-060,2015-08-31,Cloverdale-Jacksons Ferry 765kV,32612.0,765.0,100.0,,other,,AEP,Withdrawn,gen
AB1-061,2015-08-31,Fieldale-Thornton-Franklin 138kV & Danville-East Danville 138kV,32592.0,138.0,100.0,,other,,AEP,Withdrawn,gen
AB1-062,2015-08-31,Graceton-Safe Harbor,18068.0,138.0,100.0,,other,,PPL,Withdrawn,gen
AB1-063,2015-09-01,Locust St. 13kV,5144.0,13.0,82.0,0.4,hybrid,NJ,PSEG; PSEG,In Service,gen
AB1-064,2015-08-31,Monessen 25kV,5261.0,25.0,58.66666666666667,11.2,gas,PA,APS,Withdrawn,gen
AB1-065,2015-08-31,Jennings-Hoyes 34.5kV,4401.0,34.5,92.0,10.9,solar,MD,APS,Withdrawn,gen
AB1-066,2015-08-31,Lime Kiln-Aqueduct 34.5kV,12812.0,34.5,92.0,19.8,solar,MD,APS,Withdrawn,gen
AB1-067,2015-08-31,Unionville 12.5kV,7440.0,12.5,92.0,10.0,solar,VA,Dominion,Withdrawn,gen
AB1-068,2015-09-08,Eldred-Frackville 230kV,50469.0,230.0,80.0,364.0,gas,PA,PPL,Withdrawn,gen
AB1-069,2015-09-09,Wylie Ridge 500kV,35523.0,500.0,100.0,1025.0,gas,PA,APS,Withdrawn,gen
AB1-070,2015-09-10,Emporia-Trego 115kV,5741.0,115.0,100.0,80.0,solar,VA,Dominion,Withdrawn,gen
AB1-071,2015-09-11,Greenbury Point 240V,14859.0,138.0,73.52941176470588,0.005,storage,MD,BGE,Withdrawn,battery
AB1-072,2015-09-14,Hancock-Marlowe 34.5kV,16174.0,34.5,92.0,2.5,solar,MD,APS,Withdrawn,gen
AB1-073,2015-09-17,Eddystone 138kV,29593.0,138.0,100.0,856.0,storage,PA,PECO,Withdrawn,battery
AB1-074,2015-09-17,Richmond 230kV,5371.0,230.0,100.0,118.0,storage,PA,PECO,Withdrawn,battery
AB1-075,2015-09-17,Riverside 115kV,13073.0,115.0,100.0,20.0,storage,MD,BGE,Withdrawn,battery
AB1-076,2015-09-17,Fourmile Ridge 138kV,19230.0,138.0,69.23076923076923,20.0,storage,MD,APS,Withdrawn,battery
AB1-077,2015-09-21,Suffolk-WinFall 230kV,3183.0,230.0,100.0,150.0,wind,NC,Dominion,Withdrawn,gen
AB1-078,2015-09-22,Wilson 34.5kV,6630.0,34.5,92.0,2.0,storage,PA,APS,Withdrawn,battery
AB1-079,2015-09-25,Zion 12kV,20818.0,12.0,92.0,6.5,gas,IL,ComEd,Withdrawn,gen
AB1-080,2015-09-30,Dumont-Olive 345kV,38419.0,345.0,100.0,715.0,gas,IN,AEP,In Service,gen
AB1-081,2015-09-30,Anaconda-Mayo Dunbar 115kV,43876.0,115.0,63.42857142857143,80.0,solar,NC,Dominion,In Service,gen
AB1-082,2015-09-30,Potter 46kV,15787.0,46.0,82.9090909090909,19.9,gas,PA,APS,Withdrawn,gen
AB1-083,2015-09-30,McDowell-Sharon 69kV,2411.0,69.0,92.0,19.9,gas,PA,ATSI,Withdrawn,gen
AB1-084,2015-09-30,Greenfield-Elk Mountain 69kV,6385.0,69.0,92.0,19.9,gas,PA,PPL,Withdrawn,gen
AB1-085,2015-09-30,North Aurora,12219.0,138.0,92.5,20.0,storage,IL,ComEd,Withdrawn,battery
AB1-086,2015-09-30,Pontiac Midpoint 345kV,13202.0,345.0,100.0,575.0,gas,IL,ComEd,Withdrawn,gen
AB1-087,2015-10-01,Sullivan 345kV #1,33035.0,345.0,100.0,480.0,gas,IN,AEP,Under Construction,gen
AB1-088,2015-10-01,Sullivan 345kV #2,33035.0,345.0,100.0,480.0,gas,IN,AEP,Engineering and Procurement,gen
AB1-089,2015-09-30,Byron-Wayne 345kV #1,20774.0,345.0,100.0,575.0,gas,IL,ComEd,Withdrawn,gen
AB1-090,2015-09-30,Byron-Wayne 345kV #2,20774.0,345.0,100.0,575.0,gas,IL,ComEd,Withdrawn,gen
AB1-091,2015-09-30,Davis Creek 345kV,20769.0,345.0,100.0,575.0,gas,IL,ComEd,Withdrawn,gen
AB1-092,2015-09-30,Moshannon-East Towanda 230kV,31895.0,230.0,100.0,504.0,gas,PA,PENELEC,Withdrawn,gen
AB1-093,2015-10-05,Oakland,6146.0,138.0,100.0,0.85,gas,NJ,RE,Withdrawn,gen
AB1-094,2015-10-05,Rio Grande 12kV,14031.0,12.0,71.0,0.85,gas,NJ,AEC,Withdrawn,gen
AB1-095,2015-10-06,Rona 12kV,20914.0,12.0,72.0,0.85,gas,OH,ATSI,Deactivated,gen
AB1-096,2015-10-07,Carroll-Mt. Airy 34.5kV,12804.0,34.5,92.0,8.166,solar,MD,APS,In Service,gen
AB1-097,2015-10-07,Harrisonburg-Stauton 115kV,11605.0,115.0,100.0,20.0,solar,VA,Dominion,Withdrawn,gen
AB1-098,2015-10-08,Walkersville 12kV,12803.0,12.0,92.0,8.16,solar,MD,APS,Withdrawn,gen
AB1-099,2015-10-13,Sunnymeade Road 13kV,29182.0,13.0,85.07692307692308,2.0,storage,NJ,PSEG,Withdrawn,battery
AB1-100 4764572,2015-10-14,NYIS-PJM,16691.0,138.0,66.66666666666667,480.0,other,,,Withdrawn,gen
AB1-101,2015-10-16,Cloverdale-Jacksons Ferry 765kV,32612.0,765.0,100.0,,other,,AEP,Withdrawn,gen
AB1-102,2015-10-16,Graceton-Safe Harbor 230kV,18068.0,230.0,100.0,,other,,PPL,Withdrawn,gen
AB1-103,2015-10-16,Fieldale-Thornton & Danville-E. Danville 138kV,32592.0,138.0,100.0,,other,,AEP,Withdrawn,gen
AB1-104,2015-10-21,Camden 26kV,29531.0,26.0,92.0,9.9,solar,NJ,PSEG,Withdrawn,gen
AB1-105,2015-10-22,Highland-Hanna 345kV,36945.0,345.0,100.0,940.0,gas,OH,ATSI,In Service,gen
AB1-106,2015-10-22,Yukon-Hatfield 500kV,31671.0,500.0,100.0,940.0,gas,PA,APS,In Service,gen
AB1-107,2015-10-22,Bayshore-GM Powertrain 138 kV & Lallendorf 345kV,5029.0,138.0,86.11764705882352,955.0,gas,OH,ATSI,Withdrawn,gen
AB1-108,2015-10-23,Lackawanna 500 kV,19255.0,500.0,100.0,485.0,gas,PA,PPL,Withdrawn,gen
AB1-109,2015-10-26,Mountaineer,39921.0,138.0,95.65217391304348,1356.0,other,WV,AEP,Partially in Service - Under Construction,gen
AB1-110,2015-10-27,Cochranville-Peach Bottom 230kV,30066.0,230.0,76.19047619047619,620.0,gas,PA,PECO,Withdrawn,gen
AB1-111,2015-10-27,Rock Springs-Peach Bottom 500kV,12912.0,500.0,100.0,1235.0,gas,PA,PECO,Withdrawn,gen
AB1-112,2015-10-27,Hatfield 500kV,31728.0,500.0,100.0,535.0,gas,PA,APS,In Service,gen
AB1-113,2015-10-27,East New Market 12kV,52689.0,12.0,92.0,10.0,solar,MD,DPL,Withdrawn,gen
AB1-114,2015-10-28,Masury-Maysvile 69kV,13397.0,69.0,92.0,12.5,storage,PA,ATSI,Withdrawn,battery
AB1-115,2015-10-28,Painesville 13kV,31656.0,13.0,82.9090909090909,3.1,gas,OH,ATSI,Withdrawn,gen
AB1-116,2015-10-28,Egg Harbor Road 12kV,14025.0,12.0,60.75,0.787,gas,NJ,AEC,In Service,gen
AB1-117,2015-10-28,Cunningham 500kV,31877.0,500.0,100.0,920.0,gas,VA,Dominion,Withdrawn,gen
AB1-118,2015-10-28,Trenton 13kV,18994.0,13.0,92.0,0.735,gas,NJ,PSEG,Withdrawn,gen
AB1-119,2015-10-28,Tansboro Road 12kV,33368.0,12.0,58.66666666666667,0.735,gas,NJ,AEC,In Service,gen
AB1-120,2015-10-28,King of Prussia,33407.0,138.0,58.06451612903225,0.8,storage,PA,PECO,Withdrawn,battery
AB1-121,2015-10-29,Byron 345kV,20774.0,345.0,100.0,1927.0,other,IL,ComEd,Withdrawn,gen
AB1-122,2015-10-30,Kendall-Tazewell & Dresden-Mole Creek,38455.0,138.0,76.17647058823529,1160.0,gas,IL,ComEd,In Service,gen
AB1-123,2015-10-29,Showalter 34.5kV,36223.0,34.5,67.0,18.4,solar,MD,APS,Withdrawn,gen
AB1-124,2015-10-29,Carroll-Monocacy 34.5kV,12804.0,34.5,92.0,20.0,solar,MD,APS,In Service,gen
AB1-125,2015-10-30,Carroll-Monocacy 34.5kV,12804.0,34.5,92.0,15.0,solar,MD,APS,In Service,gen
AB1-126,2015-10-29,McConnellsburg-Mercersburg 34.5kV,14098.0,34.5,92.0,20.0,solar,PA,APS,Withdrawn,gen
AB1-127,2015-10-29,St. Thomas-Guilford 34.5kV,16881.0,34.5,58.66666666666667,20.0,solar,PA,APS,In Service,gen
AB1-128,2015-10-29,St. Thomas-Mercersburg 34.5kV,16881.0,34.5,58.66666666666667,20.0,solar,PA,APS,In Service,gen
AB1-129,2015-10-29,Mercersburg-Milnor 34.5kV,14731.0,34.5,68.19047619047619,15.0,solar,PA,APS,Withdrawn,gen
AB1-130,2015-10-29,Loretto 69kV,13133.0,69.0,100.0,10.0,solar,MD,DPL,Withdrawn,gen
AB1-131,2015-10-30,South Joliet,20756.0,138.0,92.5,6.0,storage,IL,ComEd,Withdrawn,battery
AB1-132,2015-11-02,Thelma 230kV,3221.0,230.0,100.0,120.0,solar,NC,Dominion,In Service,gen
AB1-133,2015-10-30,Chestertown 69kV,12914.0,69.0,100.0,20.0,solar,MD,DPL,Withdrawn,gen
AB1-134,2015-10-30,Wye Mills-Centreville 69kV,12919.0,69.0,100.0,60.0,solar,MD,DPL,Withdrawn,gen
AB1-135,2015-10-30,Chickahominy 34.5kV ,32812.0,34.5,92.0,20.0,solar,VA,Dominion,Withdrawn,gen
AB1-136,2015-10-30,Picway Solar 138kV,37553.0,138.0,85.0,80.0,solar,OH,AEP,Withdrawn,gen
AB1-137,2015-10-30,Frankford 25kV,20181.0,25.0,92.0,6.0,solar,DE,DPL,Withdrawn,gen
AB1-138,2015-10-30,Navy 34.5kV,41231.0,34.5,58.66666666666667,9.6,solar,NJ,JCPL,In Service,gen
AB1-139,2015-10-30,Metuchen 26kV,18977.0,26.0,92.0,6.6,solar,NJ,PSEG,In Service,gen
AB1-140,2015-10-30,George Washington 138kV I,802.0,138.0,100.0,575.0,gas,WV,AEP,Withdrawn,gen
AB1-141,2015-10-30,Church-Wye Mills 138 kV I,12913.0,138.0,100.0,19.8,solar,MD,DPL,In Service,gen
AB1-142,2015-10-30,Church-Wye Mills 138 kV II,12913.0,138.0,100.0,39.6,solar,MD,DPL,In Service,gen
AB1-143,2015-10-30,George Washington 138kV II,802.0,138.0,100.0,585.0,gas,WV,AEP,Withdrawn,gen
AB1-144,2015-10-30,Shawville 230kV,31894.0,230.0,100.0,590.0,gas,PA,PENELEC,In Service,gen
AB1-145,2015-10-30,Winslow 12kV,13378.0,12.0,63.42857142857143,3.0,solar,NJ,AEC,Withdrawn,gen
AB1-146,2015-10-30,Sabrooke 12kV,11979.0,12.0,92.0,2.0,storage,IL,ComEd,Withdrawn,battery
AB1-147,2015-10-30,Hoytdale 138kV,35791.0,138.0,100.0,20.0,storage,PA,ATSI,Withdrawn,battery
AB1-148,2015-10-30,Branchburg-Deans 500kV,29176.0,500.0,100.0,1745.0,gas,NJ,PSEG,Withdrawn,gen
AB1-149,2015-10-30,Baker 138kV,33039.0,138.0,100.0,121.6,wind,WV,APS,Withdrawn,gen
AB1-150,2015-10-30,Grassy Falls 138kV,14629.0,138.0,82.5,50.6,wind,WV,APS,In Service,gen
AB1-151,2015-10-30,Paupack 230kV,15253.0,230.0,62.0,575.0,gas,PA,PPL,Withdrawn,gen
AB1-152,2015-10-30,Culpeper 34.5kV,41579.0,34.5,63.42857142857143,15.0,solar,VA,Dominion,Withdrawn,gen
AB1-153,2015-10-30,Hunterstown 500kV,13298.0,500.0,92.0,1061.5,gas,PA,ME,Withdrawn,gen
AB1-154,2015-10-30,Gilbert 230kV,18984.0,230.0,100.0,1092.2,gas,NJ,JCPL,Withdrawn,gen
AB1-155,2015-10-30,Wakefield 34.5kV,33433.0,34.5,92.0,10.0,solar,VA,Dominion,Withdrawn,gen
AB1-156,2015-10-30,Sligo 34.5kV,32355.0,34.5,92.0,20.0,solar,NC,Dominion,Withdrawn,gen
AB1-157,2015-10-30,George Washington 138kV III,802.0,138.0,100.0,595.0,gas,WV,AEP,Withdrawn,gen
AB1-158,2015-10-30,Thornville 34.5kV,43949.0,34.5,92.0,10.0,solar,OH,AEP,Withdrawn,gen
AB1-159,2015-10-30,Wakefield 34.5kV,33433.0,34.5,92.0,10.0,solar,VA,Dominion,Withdrawn,gen
AB1-160,2015-10-30,Gold-Sabinsville 115kV,13301.0,115.0,100.0,90.0,wind,PA,PENELEC,In Service,gen
AB1-161,2015-10-30,Centreville 12kV,7701.0,12.0,92.0,1.34,solar,MD,DPL,Withdrawn,gen
AB1-162,2015-10-30,Price 69 kV,12917.0,69.0,100.0,16.7,solar,MD,DPL,Withdrawn,gen
AB1-163,2015-10-30,Glidden-Van Hiseville 34.5 kV,19239.0,34.5,68.92307692307692,2.88,solar,NJ,JCPL,In Service,gen
AB1-164,2015-10-30,Whiteley 25kV,12928.0,25.0,74.35294117647058,20.0,storage,PA,APS,Withdrawn,battery
AB1-165,2015-10-30,Tabernacle 12kV,48586.0,12.0,62.58823529411764,3.0,solar,NJ,AEC,Withdrawn,gen
AB1-166,2015-10-31,Wilson 23kV,6630.0,23.0,92.0,20.0,storage,PA,DL,Withdrawn,battery
AB1-167,2015-10-30,South Cumberland 69kV,4083.0,69.0,87.0,50.0,storage,OH,AEP,Withdrawn,battery
AB1-168,2015-10-30,Berlin 12kV,16119.0,12.0,92.0,4.5,solar,NJ,AEC,Withdrawn,gen
AB1-169,2015-10-30,Stuart 345kV,11468.0,345.0,100.0,1150.0,gas,KY,Dayton,Withdrawn,gen
AB1-169A,2015-10-30,Minotola 138 kV,13410.0,138.0,72.0,575.0,gas,NJ,AEC,Withdrawn,gen
AB1-170,2015-10-30,LaSalle-Braidwood,20760.0,138.0,93.33333333333333,250.0,wind,IL,ComEd,Withdrawn,gen
AB1-171,2015-10-30,Franklin 25kV,4560.0,25.0,92.0,20.0,gas,PA,APS,Withdrawn,gen
AB1-172,2015-10-30,Joliet-Wilmington,20756.0,138.0,100.0,6.4,gas,IL,ComEd,Withdrawn,gen
AB1-173,2015-10-31,Brink-Trego 115kV,16119.0,115.0,64.72727272727273,19.8,solar,VA,Dominion,In Service,gen
AB1-173A,2015-10-31,Brink-Trego 115kV,16119.0,115.0,64.72727272727273,39.6,solar,VA,Dominion,In Service,gen
AB1-174,2015-10-30,Thornville12kV,43949.0,12.0,92.0,10.0,solar,OH,AEP,Withdrawn,gen
AB1-175,2015-10-30,Homer City-Mainesburg 345kV,31987.0,345.0,100.0,1000.0,gas,PA,PENELEC,Withdrawn,gen
AB1-176,2015-10-30,Price 25kV II,12917.0,25.0,92.0,4.0,solar,MD,DPL,Engineering and Procurement,gen
AB1-177,2015-10-30,Ontario 23kV,4777.0,23.0,92.0,1.0,storage,NJ,AEC,Withdrawn,battery
AB1-178,2015-10-30,Pidgeon 69kV,36938.0,69.0,92.0,19.9,gas,OH,ATSI,Withdrawn,gen
AB1-179,2015-10-30,Sabinsville-Wellsboro 34kV,13390.0,34.0,92.0,19.9,gas,PA,PENELEC,Withdrawn,gen
AB1-180,2015-10-30,Pine View 12kV,13485.0,12.0,75.33333333333333,3.2,gas,WV,AEP,In Service,gen
AB1-181,2015-10-30,Cunningham 500kV,31877.0,500.0,100.0,1000.0,gas,VA,Dominion,In Service,gen
AB1-182,2015-10-30,Bear Creek,31765.0,138.0,100.0,20.0,storage,PA,PPL,Withdrawn,battery
AB1-183,2015-10-30,Kennedyville-Massey 69kV,31817.0,69.0,100.0,99.0,solar,MD,DPL,Withdrawn,gen
AB1-184,2015-10-30,Centreville 12kV II,7701.0,12.0,92.0,1.96,solar,MD,DPL,Withdrawn,gen
AB1-185,2015-11-03,4 QUAD C18 KV QC-1-981 CRES 138KV PROVIDWF,15822.0,18.0,58.66666666666667,2.0,other,,ComEd,Withdrawn,gen
AB1-186,2015-11-03,REDLION 34.5 KV REDLINFC-KENT 13 KV DOVER2CT,16020.0,34.5,85.33333333333333,3.0,other,,DPL,Withdrawn,gen
AB2-001,2015-11-02,Ringoes-US Bronze 34kV,19136.0,34.0,63.42857142857143,10.0,solar,NJ,JCPL,In Service,gen
AB2-002 4768938,2015-11-06,TVA-PJM,56730.0,138.0,66.66666666666667,148.0,other,,,Withdrawn,gen
AB2-003,2015-11-09,Halfway-N=Milnor 34.5kV,12796.0,34.5,92.0,4.4,solar,MD,APS,Withdrawn,gen
AB2-004,2015-11-13,Halfway-Milnor 34.5kV,12796.0,34.5,92.0,5.4,solar,MD,APS,Withdrawn,gen
AB2-005 4771489,2015-11-20,TVA-PJM,56730.0,138.0,66.66666666666667,148.0,other,,,Withdrawn,gen
AB2-006 4771490,2015-11-20,TVA-PJM,56730.0,138.0,66.66666666666667,350.0,other,,,Retracted,gen
AB2-007 4772393,2015-11-24,NYISJK-PJM-NYISABC,,138.0,0.0,1000.0,other,,,Withdrawn,gen
AB2-008,2015-11-30,Edison 138kV,15516.0,138.0,100.0,105.0,gas,NJ,PSEG,Withdrawn,gen
AB2-009,2015-11-30,Edison 138kV,15516.0,138.0,100.0,116.0,gas,NJ,PSEG,Withdrawn,gen
AB2-010,2015-12-01,Saltville-Holston 34.5kV - Phase I,7940.0,34.5,92.0,5.0,solar,VA,AEP,Withdrawn,gen
AB2-011,2015-12-01,Saltville-Holstone 34.5kV - Phase II,7940.0,34.5,92.0,5.0,solar,VA,AEP,Withdrawn,gen
AB2-012,2015-12-09,Blooming Grove to West Damascus 69 kV,29930.0,69.0,85.0,19.9,gas,PA,PPL,Withdrawn,gen
AB2-013 4776359,2015-12-15,AMIL-PJM,29641.0,138.0,75.0,150.0,other,,,Withdrawn,gen
AB2-014,2015-12-15,Lakewood 230kV,5856.0,230.0,100.0,280.0,gas,NJ,JCPL,In Service,gen
AB2-015,2015-12-21,Franklin 115kV,18962.0,115.0,100.0,91.0,solar,VA,Dominion,Withdrawn,gen
AB2-016,2015-12-28,Maddox Creek 345kV,17333.0,345.0,70.58823529411764,100.0,wind,OH,AEP,Withdrawn,gen
AB2-017,2016-01-04,,,138.0,0.0,1.0,storage,NJ,JCPL,Withdrawn,battery
AB2-018,2016-01-20,Bethel-Carolina 12.kkV,32549.0,138.0,90.0,3.0,solar,NC,Dominion,Withdrawn,gen
AB2-019,2016-02-03,Erie West 345kV,31407.0,345.0,100.0,28.0,other,PA,PENELEC,Withdrawn,gen
AB2-020,2016-02-04,Roseland-Williams 230kV,26624.0,230.0,100.0,40.0,other,,PSEG,In Service,gen
AB2-021,2016-02-04,Keeney-Rock Springs 500kV,16012.0,500.0,100.0,100.0,other,MD,BGE,In Service,gen
AB2-022,2016-02-04,Elizabeth City 34.5kV,3179.0,34.5,92.0,20.0,solar,NC,Dominion,In Service,gen
AB2-023,2016-02-04,Culpeper 34.5kV,41579.0,34.5,63.42857142857143,15.0,solar,VA,Dominion,Withdrawn,gen
AB2-024,2016-02-08,Correctional 34.5kV,20914.0,34.5,58.66666666666667,20.0,solar,VA,Dominion,In Service,gen
AB2-025,2016-02-08,Sapony 34.5kV,33449.0,34.5,92.0,20.0,solar,VA,Dominion,In Service,gen
AB2-026,2016-02-08,Powhatan 34.5kV,7691.0,34.5,92.0,20.0,solar,VA,Dominion,In Service,gen
AB2-027,2016-02-10,Maple Ave-Mount Lena 34.5kV,13427.0,34.5,78.66666666666667,8.8,solar,MD,APS,Withdrawn,gen
AB2-028,2016-02-10,Fall Creek-Desoto 345kV,36333.0,345.0,100.0,200.0,wind,IN,AEP,Withdrawn,gen
AB2-029,2016-02-11,Remington 34.5kV,33147.0,34.5,92.0,19.8,solar,VA,Dominion,In Service,gen
AB2-030,2016-02-11,Tasley 25kV,11630.0,25.0,92.0,4.0,storage,VA,DPL,Withdrawn,battery
AB2-031,2016-02-13,Brink-Trego 115kV,16119.0,115.0,64.72727272727273,59.6,solar,VA,Dominion,In Service,gen
AB2-032,2016-02-11,Church-Wye Mills 138 kV,12913.0,138.0,100.0,20.0,solar,MD,DPL,In Service,gen
AB2-033,2016-02-22,Tasley 69kV,11630.0,69.0,100.0,10.0,solar,VA,ODEC,Withdrawn,gen
AB2-034 4788768,2016-02-23,,,138.0,0.0,100.0,other,,,Withdrawn,gen
AB2-035,2016-02-23,Bethel-Carolina 12.5kV,32549.0,12.5,82.0,3.0,solar,NC,Dominion,Withdrawn,gen
AB2-036,2016-02-26,Church - Oil City 138kV,12913.0,138.0,100.0,92.0,solar,MD,DPL,Suspended,gen
AB2-037,2016-02-26,Keeney-Steele 230kV,13097.0,230.0,100.0,145.0,solar,MD,DPL,Partially in Service - Under Construction,gen
AB2-038,2016-03-01,Frostburg 138kV,32189.0,138.0,94.54545454545455,139.4,wind,MD,APS,In Service,gen
AB2-039,2016-02-29,Bakers Pond-Ivor 115kV,14044.0,115.0,63.1578947368421,85.0,solar,VA,Dominion,Withdrawn,gen
AB2-040,2016-03-02,Brink 115kV,16119.0,115.0,64.72727272727273,80.0,solar,VA,Dominion,In Service,gen
AB2-041,2016-02-29,Frostburg 138kV,32189.0,138.0,94.54545454545455,80.0,wind,PA,APS,Withdrawn,gen
AB2-042,2016-02-29,Smithfield-Surry 230kV,5760.0,230.0,100.0,160.0,solar,VA,Dominion,Withdrawn,gen
AB2-043,2016-02-29,Chase City 115kV,33224.0,115.0,100.0,49.9,solar,VA,Dominion,In Service,gen
AB2-044,2016-02-29,,,138.0,0.0,10.0,solar,NJ,PSEG,Withdrawn,gen
AB2-045,2016-02-29,Buckingham 34.5kV,7400.0,34.5,92.0,19.8,solar,VA,Dominion,In Service,gen
AB2-046,2016-02-29,Charleroi 12kV,31726.0,12.0,92.0,0.5,gas,PA,APS,Withdrawn,gen
AB2-047,2016-02-29,Brokaw-Pontiac Midpoint,12100.0,138.0,100.0,250.0,wind,IL,ComEd,In Service,gen
AB2-048,2016-03-03,Grandin 12kV,31604.0,12.0,68.92307692307692,0.5,storage,NJ,JCPL,Withdrawn,battery
AB2-049,2016-03-04,Gloucester Township 12kV,29530.0,12.0,77.78947368421052,3.0,solar,NJ,AEC,In Service,gen
AB2-050,2016-03-04,Four Rivers 230kV,33127.0,230.0,100.0,746.0,gas,VA,Dominion,In Service,gen
AB2-051,2016-03-14,Chesapeake 230kV,32311.0,230.0,84.28571428571428,840.0,gas,VA,Dominion,Withdrawn,gen
AB2-052,2016-03-16,Culpeper 34.5kV,41579.0,34.5,63.42857142857143,20.0,solar,VA,Dominion,Withdrawn,gen
AB2-053,2016-03-17,Culpeper 34.5kV,41579.0,34.5,63.42857142857143,20.0,solar,VA,Dominion,Withdrawn,gen
AB2-054,2016-03-17,JK Smith 345kV,1411.0,345.0,94.11764705882352,614.0,gas,KY,EKPC,Withdrawn,gen
AB2-055,2016-03-17,Bayonne 345kV,26511.0,345.0,100.0,1041.4,gas,NJ,PSEG,Withdrawn,gen
AB2-056,2016-03-21,Colora 34.5kV,31826.0,34.5,92.0,10.0,solar,MD,DPL,Withdrawn,gen
AB2-057,2016-03-24,Brunswick 26kV,29513.0,26.0,92.0,10.0,solar,NJ,PSEG,In Service,gen
AB2-058,2016-03-25,Stewartsville 34.5kV,29899.0,34.5,70.26086956521739,10.0,solar,NJ,JCPL,In Service,gen
AB2-059,2016-03-25,Benson-Dunbar 115kV,34535.0,115.0,83.33333333333334,100.0,solar,NC,Dominion,In Service,gen
AB2-060,2016-03-25,Chase City-Lunenburg 115kV,33224.0,115.0,100.0,80.0,solar,VA,Dominion,In Service,gen
AB2-061,2016-03-29,Meadow Road 13kV,29187.0,13.0,92.0,2.5,solar,NJ,PSEG,Withdrawn,gen
AB2-062,2016-03-30,Unionville 115kV,7440.0,115.0,100.0,20.0,solar,VA,Dominion,Withdrawn,gen
AB2-063,2016-03-30,Price 69kV,12917.0,69.0,100.0,20.0,solar,MD,DPL,Withdrawn,gen
AB2-064,2016-03-30,Southwest Lima 345kV,38964.0,345.0,100.0,40.0,solar,OH,AEP,Withdrawn,gen
AB2-065,2016-03-30,Madison-Tanners Creek 138kV,13755.0,138.0,100.0,124.2,wind,IN,AEP,Withdrawn,gen
AB2-066,2016-03-31,Crawfords Corner 23kV,40034.0,23.0,73.25,4.1,storage,NJ,JCPL,Withdrawn,battery
AB2-067,2016-03-31,Kammer-Vassell 765kV,36959.0,765.0,100.0,1100.0,gas,OH,AEP,In Service,gen
AB2-068,2016-03-31,Chickahominy 500kV,32812.0,500.0,100.0,1060.0,gas,VA,Dominion,Withdrawn,gen
AB2-069,2016-03-31,Chase City-Kerr Dam 115kV,33224.0,115.0,100.0,49.0,solar,VA,Dominion,Withdrawn,gen
AB2-070,2016-03-31,Mt. Pulaski-Brokaw,29601.0,138.0,91.0,197.0,wind,IL,ComEd,In Service,gen
AB2-071,2016-03-31,Hunterstown-Lincoln 115kV,13298.0,115.0,100.0,100.0,solar,PA,ME,Withdrawn,gen
AB2-072,2016-03-31,Arnold's Corner 34.5kV,40034.0,34.5,74.0,18.0,solar,VA,Dominion,Withdrawn,gen
AB2-073,2016-04-01,Earleys 230kV,3185.0,230.0,100.0,5.0,solar,NC,Dominion,Withdrawn,gen
AB2-074,2016-04-01,Sunbury #2 500kV,13419.0,500.0,93.33333333333333,1143.0,gas,PA,PPL,Withdrawn,gen
AB2-075 4796024,2016-04-05,DUK-PJM,14503.0,138.0,66.66666666666667,42.0,other,,,Retracted,gen
AB2-076 4796025,2016-04-05,DUK-PJM,14503.0,138.0,66.66666666666667,51.0,other,,,Retracted,gen
AB2-077,2016-04-14,Buggs Island-Chase City 115kV,33225.0,115.0,92.5,20.0,solar,VA,Dominion,In Service,gen
AB2-078,2016-04-14,Buggs Island-Chase City 115kV,33225.0,115.0,92.5,40.0,solar,VA,Dominion,In Service,gen
AB2-079,2016-04-14,Buggs Island-Chase City 115kV,33225.0,115.0,92.5,60.0,solar,VA,Dominion,In Service,gen
AB2-080,2016-04-12,Marysville-Flatlick 765kV,38712.0,765.0,100.0,1200.0,gas,OH,AEP,Withdrawn,gen
AB2-081,2016-04-13,Sligo 34.5kV,32355.0,34.5,92.0,20.0,solar,NC,Dominion,Withdrawn,gen
AB2-082,2016-04-14,Metuchen 230kv,18977.0,230.0,100.0,675.0,gas,NJ,PSEG,Withdrawn,gen
AB2-083,2016-04-14,Delano 138kV,23670.0,138.0,90.0,40.0,solar,OH,AEP,Withdrawn,gen
AB2-084,2016-04-15,Costen 25kV,12828.0,25.0,92.0,10.0,solar,MD,DPL,Withdrawn,gen
AB2-085,2016-04-18,Adams 138kV,29510.0,138.0,92.0,49.9,solar,OH,AEP,Withdrawn,gen
AB2-086,2016-04-18,Grassfield 13.2kV,6302.0,13.2,92.0,20.0,solar,VA,Dominion,Withdrawn,gen
AB2-087,2016-04-21,Earleys 34.5kV,3185.0,34.5,92.0,5.0,solar,NC,Dominion,Withdrawn,gen
AB2-088,2016-04-22,Tarboro 12.5kV,3715.0,12.5,92.0,4.0,solar,NC,Dominion,Withdrawn,gen
AB2-089,2016-04-25,Beechwood DP-Palmer Springs 115 kV,15652.0,115.0,84.5,20.0,solar,VA,Dominion,Withdrawn,gen
AB2-090,2016-04-25,Chase City 34.5kV,33224.0,34.5,92.0,36.0,solar,VA,Dominion,Withdrawn,gen
AB2-091,2016-04-26,Hudson 230kV,26633.0,230.0,82.0,105.0,gas,NJ,PSEG,Withdrawn,gen
AB2-092,2016-04-26,Bergen 138kV,19042.0,138.0,100.0,1371.1,gas,NJ,PSEG,Partially in Service - Under Construction,gen
AB2-093,2016-04-26,Ormet 138kV,31981.0,138.0,72.72727272727273,485.0,gas,OH,AEP,In Service,gen
AB2-094,2016-04-26,Warren Glen Switch Point 34kV,36322.0,34.0,70.57142857142857,20.0,storage,NJ,JCPL,Withdrawn,battery
AB2-095,2016-04-26,Ocean Pines-Walston Switch 69kV,25118.0,69.0,100.0,30.0,solar,MD,DPL,Withdrawn,gen
AB2-096,2016-04-27,Silver Lake-Cherry Valley,20806.0,138.0,100.0,450.0,gas,IL,ComEd,Withdrawn,gen
AB2-097,2016-04-27,Antietam 34.5kV,12798.0,34.5,92.0,10.0,solar,MD,APS,In Service,gen
AB2-098,2016-04-27,Everetts 34.5kV,3203.0,34.5,92.0,5.0,solar,NC,Dominion,Withdrawn,gen
AB2-099,2016-04-28,Ahoskie 34.5kV,12359.0,34.5,63.42857142857143,5.0,solar,NC,Dominion,In Service,gen
AB2-100,2016-04-27,Clubhouse-Lakeview 230kV,33432.0,230.0,100.0,100.0,solar,VA,Dominion,In Service,gen
AB2-101,2016-04-27,George Washington 138kV,802.0,138.0,100.0,626.0,gas,WV,AEP,Withdrawn,gen
AB2-102,2016-04-28,Cumberland 230kV,4083.0,230.0,100.0,230.0,gas,NJ,AEC,Withdrawn,gen
AB2-103,2016-04-28,Seaman 138kV,23273.0,138.0,100.0,40.0,solar,OH,AEP,Withdrawn,gen
AB2-104,2016-04-28,Tidd-Wylie Ridge 345kV,36200.0,345.0,100.0,750.0,gas,WV,APS,Withdrawn,gen
AB2-105,2016-04-28,Mantua 12kV,26746.0,12.0,63.42857142857143,0.21,gas,NJ,AEC,Withdrawn,gen
AB2-106,2016-04-28,Pierson Avenue 480V,16822.0,138.0,56.00000000000001,0.21,gas,NJ,PSEG,Withdrawn,gen
AB2-107,2016-04-28,Burlington 480V,19326.0,138.0,90.0,0.21,gas,NJ,PSEG,Withdrawn,gen
AB2-108,2016-04-28,Egg Harbor Township 12kV,51032.0,12.0,64.72727272727273,0.21,gas,NJ,AEC,Withdrawn,gen
AB2-109,2016-04-28,Reusens 34.5kV,11451.0,34.5,92.0,12.5,other,VA,AEP,In Service,gen
AB2-110,2016-04-28,Englishtown-Millhurst 34.5kV,14759.0,34.5,64.72727272727273,11.1,solar,NJ,JCPL,Withdrawn,gen
AB2-111,2016-04-28,Millhurst-Rt 33 Switch Point 34.5kV,14069.0,34.5,67.0,11.1,solar,NJ,JCPL,Withdrawn,gen
AB2-112,2016-04-28,S. Reading-Boyertown 230kV,15999.0,230.0,100.0,485.0,gas,PA,ME,In Service,gen
AB2-113,2016-04-28,Cecil County 1,6336.0,138.0,72.14285714285714,2.0,solar,MD,DPL,Withdrawn,gen
AB2-114,2016-04-28,Cecil County 2,265.0,138.0,72.0,2.0,solar,MD,DPL,Withdrawn,gen
AB2-115,2016-04-28,Cecil County 3,13100.0,138.0,72.14285714285714,2.0,solar,MD,DPL,Withdrawn,gen
AB2-116,2016-04-28,Cecil County 4,265.0,138.0,72.0,2.0,solar,MD,DPL,Withdrawn,gen
AB2-117,2016-04-28,Cecil County 5,265.0,138.0,72.0,2.0,solar,MD,DPL,Withdrawn,gen
AB2-118,2016-04-28,Cecil County 6,265.0,138.0,72.0,2.0,solar,MD,DPL,Withdrawn,gen
AB2-119,2016-04-28,Middle Township 12kV,19718.0,12.0,74.0,1.5,solar,NJ,AEC,Withdrawn,gen
AB2-120,2016-04-28,Piney Grove-New Church 138kV,14631.0,138.0,87.23809523809523,100.0,solar,MD,DPL,Withdrawn,gen
AB2-121,2016-04-28,Burlington 26kV,19326.0,26.0,92.0,5.0,solar,NJ,PSEG,Withdrawn,gen
AB2-122,2016-04-28,Egg Harbor 12kV,32037.0,12.0,68.19047619047619,1.9,solar,NJ,AEC,Withdrawn,gen
AB2-123,2016-04-28,Whiterock 34kV,12818.0,34.0,86.73684210526316,5.0,solar,MD,BGE,Withdrawn,gen
AB2-124,2016-04-28,Whiterock 34kV,12818.0,34.0,86.73684210526316,5.0,solar,MD,BGE,Withdrawn,gen
AB2-125,2016-04-28,Marriott Hill 34kV,31444.0,34.0,92.0,3.3,solar,MD,BGE,Withdrawn,gen
AB2-126,2016-04-28,Finksburg 34kV,12820.0,34.0,92.0,3.8,solar,MD,BGE,Withdrawn,gen
AB2-127,2016-04-28,Gilbert 34.5kV,13448.0,34.5,92.0,16.0,storage,NJ,JCPL,Withdrawn,battery
AB2-128,2016-04-29,Clubhouse-Lakeview 230kV,33432.0,230.0,100.0,80.0,solar,NC,Dominion,Withdrawn,gen
AB2-129,2016-04-29,Doubs 230kV,31630.0,230.0,100.0,80.0,solar,MD,APS,Withdrawn,gen
AB2-130,2016-04-29,Laurel 69kV,16031.0,69.0,100.0,85.0,solar,DE,DPL,Withdrawn,gen
AB2-131,2016-04-29,Galion-Roberts South 138kV,5092.0,138.0,100.0,150.0,solar,OH,ATSI,Withdrawn,gen
AB2-132,2016-04-30,Haumesser Road,19264.0,138.0,70.0,240.0,hybrid,IL,ComEd,In Service,gen
AB2-133,2016-04-29,Chestertown 69kV,12914.0,69.0,100.0,45.0,solar,MD,DPL,Partially in Service - Under Construction,gen
AB2-134,2016-04-29,Hopewell-Surry 230kV,19035.0,230.0,100.0,142.4,solar,VA,Dominion,In Service,gen
AB2-135,2016-04-30,Church-Kent 69kV,12913.0,69.0,100.0,64.0,solar,MD,DPL,In Service,gen
AB2-136,2016-04-30,Cambridge-West Cambridge 69kV,13114.0,69.0,100.0,51.1,solar,MD,DPL,In Service,gen
AB2-137,2016-04-29,St. Clair 13.2kV,16277.0,13.2,92.0,4.0,gas,OH,AEP,Withdrawn,gen
AB2-138,2016-04-28,Clybourn 12.5kV,33927.0,12.5,59.25490196078432,0.1,storage,IL,ComEd,Withdrawn,battery
AB2-139,2016-04-29,Raceway Mall 34.5kV,33376.0,34.5,52.86956521739131,0.42,other,NJ,JCPL,In Service,gen
AB2-140,2016-04-29,Rock Ridge 13kV,12904.0,13.0,92.0,3.0,solar,MD,BGE,Withdrawn,gen
AB2-141,2016-04-29,George Washington 138kV,802.0,138.0,100.0,394.0,gas,WV,AEP,Withdrawn,gen
AB2-142,2016-04-29,Steele 25kV,37552.0,25.0,68.92307692307692,13.4,solar,MD,DPL,Withdrawn,gen
AB2-143,2016-04-29,Lynch 25kV,1395.0,25.0,92.0,20.0,solar,MD,DPL,Withdrawn,gen
AB2-144,2016-04-29,Emmitsburg–Taneytown 2 34.5 kV,32568.0,34.5,65.6842105263158,13.8,solar,MD,APS,Withdrawn,gen
AB2-145,2016-04-29,Axton 138kV,32296.0,138.0,92.0,572.0,gas,VA,AEP,Withdrawn,gen
AB2-146,2016-04-29,Axton 138kV,32296.0,138.0,92.0,382.0,gas,VA,AEP,Withdrawn,gen
AB2-147,2016-04-29,Clubhouse-Freeman 115kV,33432.0,115.0,100.0,40.0,solar,VA,Dominion,Withdrawn,gen
AB2-148,2016-04-29,Mapleton-Murphy 115kV,15001.0,115.0,75.0,19.9,solar,NC,Dominion,Withdrawn,gen
AB2-149,2016-04-29,Myrtle-Windsor 115kV,33442.0,115.0,100.0,50.0,solar,VA,Dominion,Withdrawn,gen
AB2-150,2016-04-29,Clubhouse-Freeman 115kV,33432.0,115.0,100.0,40.0,solar,VA,Dominion,Withdrawn,gen
AB2-151,2016-04-29,Mapleton-Murphy 115kV,15001.0,115.0,75.0,19.9,solar,NC,Dominion,Withdrawn,gen
AB2-152,2016-04-29,Hopewell 230kV,19035.0,230.0,100.0,57.6,gas,VA,Dominion,Withdrawn,gen
AB2-153,2016-04-29,Church-Wye Mills 138 kV,12913.0,138.0,100.0,40.0,solar,MD,DPL,In Service,gen
AB2-154,2016-04-29,Kendall 345kV,38455.0,345.0,76.17647058823529,1283.0,gas,IL,ComEd,Withdrawn,gen
AB2-155,2016-04-29,Richland-Stryker,13641.0,138.0,100.0,379.0,gas,OH,ATSI,Withdrawn,gen
AB2-156,2016-04-29,W.H. Zimmer 345kV,53093.0,345.0,100.0,1350.0,other,OH,DEOK,Withdrawn,gen
AB2-157,2016-04-29,Prince George's County 12kV,15382.0,12.0,70.18181818181819,2.5,solar,MD,PEPCO,In Service,gen
AB2-158,2016-04-29,Louisa-South Anna 230kV,7394.0,230.0,88.0,88.2,solar,VA,Dominion,In Service,gen
AB2-159,2016-04-29,Lumberton 13kV,4663.0,13.0,92.0,8.1,solar,NJ,PSEG,Withdrawn,gen
AB2-160,2016-04-30,Reams 115kV,39054.0,115.0,66.66666666666667,80.0,solar,VA,Dominion,Withdrawn,gen
AB2-161,2016-05-02,Waverly #2 DP 115kV,5748.0,115.0,87.5,50.0,solar,VA,Dominion,In Service,gen
AB2-162,2016-04-29,Camden 480V,29531.0,138.0,86.36363636363636,0.21,gas,NJ,PSEG,Withdrawn,gen
AB2-163,2016-04-29,Sicklerville 12kV,33348.0,12.0,70.26086956521739,0.21,gas,NJ,AEC,Withdrawn,gen
AB2-164,2016-04-29,Wattsville-Wallops Island 69kV,29899.0,69.0,100.0,20.0,solar,VA,ODEC,Withdrawn,gen
AB2-165,2016-04-29,Tasley-Oak Hall 69kV I,11630.0,69.0,100.0,20.0,solar,VA,ODEC,Withdrawn,gen
AB2-166,2016-04-29,Edgewood 12kV,12907.0,12.0,92.0,5.5,solar,MD,DPL,Withdrawn,gen
AB2-167,2016-04-29,Stockton 69kV,13130.0,69.0,100.0,14.0,solar,MD,DPL,Withdrawn,gen
AB2-168,2016-04-29,Perch 34.5kV,32918.0,34.5,72.0,9.0,solar,MD,DPL,Withdrawn,gen
AB2-169,2016-04-29,Pantago-Five Points 115kV,44961.0,115.0,64.72727272727273,74.0,solar,NC,Dominion,In Service,gen
AB2-170,2016-04-29,East Lima-Marysville 345kV,38941.0,345.0,100.0,130.0,solar,OH,AEP,In Service,gen
AB2-171,2016-04-29,Handsome 115kV,31706.0,115.0,83.81818181818181,75.0,solar,VA,Dominion,Withdrawn,gen
AB2-172,2016-04-30,Todd 69kV,13110.0,69.0,100.0,50.0,solar,MD,DPL,In Service,gen
AB2-173,2016-04-29,Nelson 345kV,20754.0,345.0,100.0,206.0,gas,IL,ComEd,Withdrawn,gen
AB2-174,2016-04-29,Emporia-Trego 115kV,5741.0,115.0,100.0,80.0,solar,VA,Dominion,In Service,gen
AB2-175,2016-04-29,Peach Bottom 500kV,14669.0,500.0,100.0,2709.8,other,PA,PECO,Partially in Service - Under Construction,gen
AB2-176,2016-04-29,Chase City 34.5kV,33224.0,34.5,92.0,14.0,solar,VA,Dominion,Withdrawn,gen
AB2-177,2016-04-29,Kenney 25kV,13129.0,25.0,92.0,6.6,solar,MD,DPL,Withdrawn,gen
AB2-178,2016-04-29,Beckjord 138kV,5035.0,138.0,100.0,19.8,storage,OH,DEOK,Withdrawn,battery
AB2-179,2016-04-29,Townsend 138kV,16002.0,138.0,100.0,50.0,solar,DE,DPL,In Service,gen
AB2-180,2016-04-29,Rockawalkin 69kV,15436.0,69.0,63.63636363636363,20.0,solar,MD,DPL,Withdrawn,gen
AB2-181,2016-04-29,Catoctin 138kV,12801.0,138.0,100.0,20.0,solar,MD,APS,Withdrawn,gen
AB2-182,2016-04-29,Townsend 25kV,16002.0,25.0,92.0,20.0,solar,MD,DPL,Withdrawn,gen
AB2-183,2016-04-29,Massey 25kV,12915.0,25.0,92.0,20.0,solar,MD,DPL,Withdrawn,gen
AB2-184,2016-04-29,Monkton,29604.0,138.0,76.92307692307692,5.0,solar,MD,BGE,Withdrawn,gen
AB2-185,2016-04-29,Wye Mills 25kV,12919.0,25.0,92.0,8.0,solar,MD,DPL,Withdrawn,gen
AB2-186,2016-04-29,South Hertford 34.5kV,16268.0,34.5,69.77777777777779,5.0,solar,NC,Dominion,Withdrawn,gen
AB2-187,2016-04-29,Indian River-Nelson 138kV,5009.0,138.0,82.35294117647058,80.0,solar,DE,DPL,Withdrawn,gen
AB2-188,2016-04-29,Creswell 34.5kV,3416.0,34.5,92.0,20.0,solar,NC,Dominion,Withdrawn,gen
AB2-189,2016-04-29,Mackeys 230kV,3417.0,230.0,100.0,120.0,solar,NC,Dominion,Withdrawn,gen
AB2-190,2016-04-29,Hopewell-Surry 230kV,19035.0,230.0,100.0,150.0,solar,VA,Dominion,In Service,gen
AB2-191,2016-04-29,Mendota Hills,40249.0,138.0,69.48717948717947,70.4,wind,IL,ComEd,In Service,gen
AB2-192,2016-04-29,Tasley-Oak Hall 69kV II,11630.0,69.0,100.0,20.0,solar,VA,ODEC,Withdrawn,gen
AC1-001,2016-05-06,Delano 138kV,23670.0,138.0,90.0,49.9,solar,OH,AEP,In Service,gen
AC1-002 4804066,2016-05-05,AMIL-PJM,29641.0,138.0,75.0,550.0,other,,ATSI,Withdrawn,gen
AC1-003,2016-05-09,Tidd-Wylie Ridge 345kV,36200.0,345.0,100.0,830.0,gas,WV,APS,Withdrawn,gen
AC1-004 4804766,2016-05-10,AMIL-PJM,29641.0,138.0,75.0,300.0,other,,,Withdrawn,gen
AC1-005,2016-05-12,Zion-Stateline,20818.0,138.0,100.0,1000.0,other,IL,ComEd,Withdrawn,gen
AC1-006,2016-05-31,Aydlett 34.5kV,36330.0,34.5,54.5,15.0,solar,NC,Dominion,Withdrawn,gen
AC1-007,2016-05-31,Crittenden 34.5kV,32304.0,34.5,92.0,10.0,solar,VA,Dominion,Withdrawn,gen
AC1-008,2016-06-09,Calvert Cliffs 500kV,31440.0,500.0,100.0,1799.3,other,MD,BGE,In Service,gen
AC1-009,2016-06-15,Tasley 69kV,11630.0,69.0,100.0,20.0,solar,VA,ODEC,Withdrawn,gen
AC1-010,2016-06-22,Gloucester 26kV,29530.0,26.0,92.0,6.0,solar,NJ,PSEG,In Service,gen
AC1-011,2016-06-22,Emlenton 34.5kV,20819.0,34.5,69.77777777777779,18.0,gas,PA,PENELEC,Withdrawn,gen
AC1-012,2016-06-23,Rupert 34.5kV,32918.0,34.5,64.72727272727273,5.0,solar,WV,AEP,Withdrawn,gen
AC1-013,2016-06-28,Clybourn 12.5kV,33927.0,12.5,59.25490196078432,0.1,storage,IL,ComEd,Withdrawn,battery
AC1-014,2016-07-08,Farmingdale-Bennett I 34.5kV,12938.0,34.5,65.6842105263158,4.0,solar,NJ,JCPL,Withdrawn,gen
AC1-015,2016-07-08,Farmingdale-Bennett II 34.5kV,12938.0,34.5,65.6842105263158,0.4,solar,NJ,JCPL,Withdrawn,gen
AC1-016,2016-07-13,Burlington 26 kV,19326.0,26.0,92.0,8.8,solar,NJ,PSEG,Withdrawn,gen
AC1-017,2016-07-13,Levittown 13 kV,29533.0,13.0,92.0,3.7,solar,NJ,PSEG,In Service,gen
AC1-018,2016-07-13,Morris Park 12.47kV,19000.0,47.0,84.5,1.4,solar,NJ,JCPL,Withdrawn,gen
AC1-019,2016-07-13,Lake Nelson 13 kV,29185.0,13.0,92.0,0.9,solar,NJ,PSEG,Withdrawn,gen
AC1-020,2016-07-13,Kittatinny-Newton 34.5 kV,19240.0,34.5,92.0,12.2,solar,NJ,JCPL,Withdrawn,gen
AC1-021,2016-07-14,Yukon Hatfield 500kV,31728.0,500.0,87.14285714285714,1050.0,gas,PA,APS,In Service,gen
AC1-022,2016-07-14,N. Vienna 138kV,13111.0,138.0,92.5,60.0,solar,OH,DEOK,Withdrawn,gen
AC1-023,2016-07-14,Southwest Lima-East Lima 345kV,38964.0,345.0,100.0,120.0,solar,OH,AEP,Withdrawn,gen
AC1-024,2016-07-14,Frazeysburg 138kV,38030.0,138.0,70.0,150.0,solar,OH,AEP,Withdrawn,gen
AC1-025,2016-07-18,Dale Summit,13437.0,138.0,100.0,1.5,storage,PA,APS,In Service,battery
AC1-026,2016-07-18,Sayreville,26541.0,138.0,100.0,1.3,storage,NJ,JCPL,Withdrawn,battery
AC1-027,2016-07-26,Pendleton 34.5kV,3924.0,34.5,92.0,17.6,solar,VA,Dominion,In Service,gen
AC1-028,2016-07-27,North Salisbury 25kV,13118.0,25.0,92.0,3.8,other,MD,DPL,Withdrawn,gen
AC1-029,2016-07-29,South River 230kV,14142.0,230.0,66.66666666666667,480.0,gas,NJ,JCPL,Withdrawn,gen
AC1-030,2016-08-01,Cinnaminson 13kV,29532.0,13.0,92.0,2.5,solar,NJ,PSEG,In Service,gen
AC1-031,2016-08-01,Hampstead 13 kV,4563.0,13.0,80.88888888888889,2.0,solar,MD,BGE,Withdrawn,gen
AC1-032,2016-08-09,Wilmington,42006.0,138.0,95.0,2.0,solar,IL,ComEd,Withdrawn,gen
AC1-033,2016-08-14,Kewanee 138 kV,12052.0,138.0,93.33333333333333,100.8,wind,IL,ComEd,In Service,gen
AC1-034,2016-08-11,Heartsease DP - Mayo Dunbar 115kV,7444.0,115.0,63.63636363636363,75.0,solar,NC,Dominion,Engineering and Procurement,gen
AC1-035,2016-08-18,Ironwood 230kV,13613.0,230.0,90.0,750.0,gas,PA,ME,In Service,gen
AC1-036,2016-08-22,Twittys Creek 34.5kV,33393.0,34.5,68.19047619047619,13.75,solar,VA,Dominion,In Service,gen
AC1-037,2016-08-22,Doremus 13kV,26600.0,13.0,78.15384615384616,0.5,storage,NJ,PSEG,Withdrawn,battery
AC1-038,2016-08-30,Big Sandy 1 138kV,11361.0,138.0,94.54545454545455,293.0,gas,KY,AEP,In Service,gen
AC1-039,2016-08-31,Catoctin 34kV,12801.0,34.0,92.0,20.0,solar,MD,APS,Withdrawn,gen
AC1-040,2016-08-31,Rockport-Duff-Coleman 345 kV ,40294.0,345.0,100.0,150.0,solar,IN,AEP,Withdrawn,gen
AC1-041,2016-08-31,Mt. Olive 12kV,13128.0,12.0,92.0,5.0,solar,MD,DPL,Withdrawn,gen
AC1-042,2016-09-01,Altavista-Mt. Airy 69kV,31973.0,69.0,92.0,42.0,solar,VA,Dominion,In Service,gen
AC1-043,2016-08-31,Mountain Run-Mitchell 115 kV,7922.0,115.0,100.0,100.0,solar,VA,Dominion,Withdrawn,gen
AC1-044,2016-08-31,Kammer-Vassell 765kV,36959.0,765.0,100.0,1650.0,gas,OH,AEP,In Service,gen
AC1-045,2016-08-31,King's Fork 34.5kV,32301.0,34.5,87.23809523809523,15.0,solar,VA,Dominion,Withdrawn,gen
AC1-046,2016-08-31,Fentress 34.5kV,32308.0,34.5,92.0,15.0,solar,VA,Dominion,Withdrawn,gen
AC1-047,2016-08-31,Hickory 34.5kV,5088.0,34.5,92.0,20.0,solar,VA,Dominion,Withdrawn,gen
AC1-048,2016-08-31,Germantown 115kV,13381.0,115.0,92.0,35.0,solar,PA,ME,Withdrawn,gen
AC1-049,2016-08-31,Worcester 25kV,13126.0,25.0,92.0,4.0,solar,MD,DPL,Withdrawn,gen
AC1-050,2016-08-31,Mardela 12kV,13122.0,12.0,92.0,5.0,solar,MD,DPL,Withdrawn,gen
AC1-051,2016-08-31,Willard-S. Greenwich 69kV,14754.0,69.0,86.15384615384616,60.0,wind,OH,AEP,Withdrawn,gen
AC1-052,2016-08-31,Tasley 69kV,11630.0,69.0,100.0,9.0,solar,VA,ODEC,Withdrawn,gen
AC1-053,2016-09-01,Lanesville-Brokaw,12504.0,138.0,100.0,200.0,wind,IL,ComEd,In Service,gen
AC1-054,2016-08-31,Kerr Dam–Eatons Ferry 115 kV,33274.0,115.0,100.0,65.0,solar,NC,Dominion,In Service,gen
AC1-055,2016-09-10,Glen Falls 138kV,777.0,138.0,100.0,580.0,gas,WV,APS,Under Construction,gen
AC1-056 4831048,2016-09-12,PJM-AMIL,31685.0,138.0,57.14285714285714,100.0,other,,,Confirmed,gen
AC1-057 4831050,2016-09-12,PJM-MECS,31685.0,138.0,57.14285714285714,200.0,other,,ATSI,Retracted,gen
AC1-058 4831663,2016-09-13,PJM-AMIL,31685.0,138.0,57.14285714285714,300.0,other,,,Retracted,gen
AC1-059,2016-09-13,Desoto-Tanners Creek 345kV,36331.0,345.0,100.0,300.0,wind,IN,AEP,Withdrawn,gen
AC1-060,2016-09-20,Providence Forge 34.5kV,6053.0,34.5,92.0,24.0,gas,VA,Dominion,In Service,gen
AC1-061,2016-09-20,Locks 34.5kV,33454.0,34.5,92.0,3.0,gas,VA,Dominion,In Service,gen
AC1-062,2016-09-20,Jetersville 34.5kV,33279.0,34.5,92.0,16.0,gas,VA,Dominion,In Service,gen
AC1-063,2016-09-20,Shackleford 34.5kV,30050.0,34.5,58.66666666666667,14.0,gas,VA,Dominion,In Service,gen
AC1-064,2016-09-20,Route 16 34.5kV,31504.0,34.5,68.92307692307692,15.0,gas,PA,APS,In Service,gen
AC1-065,2016-09-22,Harmony Village-Shackleford 115kV,33194.0,115.0,100.0,50.0,solar,VA,Dominion,Partially in Service - Under Construction,gen
AC1-066,2016-09-21,Linden 26 kV,19239.0,26.0,92.0,5.0,gas,NJ,PSEG,Withdrawn,gen
AC1-067,2016-09-21,Davis Creek-Burnham,20769.0,138.0,100.0,1254.0,gas,IL,ComEd,Withdrawn,gen
AC1-068,2016-09-28,Atlanta 69kV I,37617.0,69.0,100.0,99.8,solar,OH,Dayton,In Service,gen
AC1-069,2016-09-28,Atlanta 69kV II,37617.0,69.0,100.0,99.8,solar,OH,Dayton,In Service,gen
AC1-070,2016-09-26,Stuarts Draft 23kV,11507.0,23.0,92.0,20.0,solar,VA,Dominion,Withdrawn,gen
AC1-071,2016-09-28,Paupack-Lackawanna 230kV,15253.0,230.0,62.0,67.25,wind,PA,PPL,Withdrawn,gen
AC1-072,2016-09-28,Segreto (Covert) 345kV,53139.0,345.0,58.66666666666667,1055.0,gas,MI,ITCI,In Service,gen
AC1-073,2016-09-28,Laurel Mountain 138 kV,29534.0,138.0,83.73684210526315,141.3,hybrid,WV,APS,Canceled,gen
AC1-074,2016-09-30,Jacksonville-Renaker 138kV I,3788.0,138.0,92.0,80.0,solar,KY,EKPC,In Service,gen
AC1-075,2016-09-29,Perth-Hickory Grove 115kV,32918.0,115.0,100.0,60.0,solar,VA,Dominion,In Service,gen
AC1-076,2016-10-02,Locust Grove-Paytes 115kV,7438.0,115.0,92.5,62.5,solar,VA,Dominion,In Service,gen
AC1-077,2016-09-30,Sayreville Storage,26541.0,138.0,86.66666666666667,0.04,storage,NJ,JCPL,Withdrawn,battery
AC1-078,2016-10-01,Beatty-London 138kV,56827.0,138.0,100.0,176.0,solar,OH,ATSI,In Service,gen
AC1-079,2016-09-30,Broadwell Solar,4080.0,138.0,60.60606060606061,80.0,solar,KY,EKPC,Withdrawn,gen
AC1-080,2016-09-30,Perth-Hickory Grove 115kV,32918.0,115.0,100.0,80.0,solar,VA,Dominion,In Service,gen
AC1-081,2016-09-30,Susquehanna-Lackawanna 500kV,31753.0,500.0,100.0,180.0,gas,PA,PPL,Withdrawn,gen
AC1-082,2016-10-01,Ravenswood-Hemlock 69kV,21676.0,69.0,80.0,48.0,solar,OH,AEP,Partially in Service - Under Construction,gen
AC1-083,2016-09-30,Smith Mountain-Bearskin 138kV,32866.0,138.0,100.0,100.0,solar,VA,AEP,In Service,gen
AC1-084,2016-09-30,Mt. Arlington Solar,32828.0,138.0,85.0,1.6,solar,NJ,JCPL,Withdrawn,gen
AC1-085,2016-10-02,Stuart-Clinton 345kV,11468.0,345.0,100.0,400.0,solar,OH,Dayton,In Service,gen
AC1-086,2016-10-11,Thelma 230kV,3221.0,230.0,100.0,180.0,solar,NC,Dominion,Partially in Service - Under Construction,gen
AC1-087,2016-10-11,Siegfried-Hauto 69kV,32746.0,69.0,100.0,20.0,solar,PA,PPL,In Service,gen
AC1-088,2016-10-12,Strawton 138kV,45651.0,138.0,100.0,20.0,storage,IN,AEP,Withdrawn,battery
AC1-089,2016-10-15,Hillsboro-Wildcat 138kV,13098.0,138.0,100.0,150.0,solar,OH,AEP,In Service,gen
AC1-090,2016-10-17,Hamilton Township 12kV,33737.0,12.0,76.11764705882354,4.0,solar,NJ,AEC,Withdrawn,gen
AC1-091,2016-10-19,Cedar Creek 138kV I,11578.0,138.0,100.0,19.8,solar,DE,DPL,Suspended,gen
AC1-092,2016-10-20,Cedar Creek 138kV II,11578.0,138.0,100.0,39.6,solar,DE,DPL,Suspended,gen
AC1-093,2016-10-20,Cedar Creek 138kV III,11578.0,138.0,100.0,58.4,solar,DE,DPL,Suspended,gen
AC1-094,2016-10-20,Cedar Creek 138kV IV,11578.0,138.0,100.0,74.3,solar,DE,DPL,Suspended,gen
AC1-095,2016-10-19,Cedar Creek 25kV,11578.0,25.0,92.0,9.9,solar,DE,DPL,Withdrawn,gen
AC1-096,2016-10-20,Marysville-Flatlick 765kV,38712.0,765.0,100.0,1277.0,gas,OH,AEP,Withdrawn,gen
AC1-097,2016-10-21,Hatfield 500kV,31728.0,500.0,100.0,1140.0,gas,PA,APS,Withdrawn,gen
AC1-098,2016-10-22,Dawson-South Justice 115kV,32567.0,115.0,72.72727272727273,60.0,solar,NC,Dominion,In Service,gen
AC1-099,2016-10-22,Dawson-South Justice 115kV,32567.0,115.0,72.72727272727273,80.0,solar,NC,Dominion,In Service,gen
AC1-100,2016-10-24,Ohio Central 138kV,6170.0,138.0,100.0,678.0,gas,OH,AEP,In Service,gen
AC1-101,2016-10-26,Johns Creek-Excel 138kV I,11574.0,138.0,100.0,50.0,solar,KY,AEP,Engineering and Procurement,gen
AC1-102,2016-10-25,Johns Creek-Excel 138kV II,11574.0,138.0,100.0,100.0,solar,KY,AEP,Engineering and Procurement,gen
AC1-103,2016-10-25,Nottingham 138kV,33918.0,138.0,100.0,1050.0,gas,OH,AEP,Withdrawn,gen
AC1-104,2016-10-25,Deepwater-Penns Grove 69kV,31823.0,69.0,100.0,19.8,solar,NJ,AEC,Withdrawn,gen
AC1-105,2016-10-26,Halifax-Mt. Laurel 115kV,32179.0,115.0,100.0,51.0,solar,VA,Dominion,In Service,gen
AC1-106,2016-10-26,Chase City 115kV,33224.0,115.0,100.0,49.9,solar,VA,Dominion,Withdrawn,gen
AC1-107,2016-10-26,Chickahominy 500kV,32812.0,500.0,100.0,1600.0,gas,VA,Dominion,Withdrawn,gen
AC1-108,2016-10-26,Hunterstown-Conemaugh 500kV,13298.0,500.0,92.0,1100.0,gas,PA,PENELEC,In Service,gen
AC1-109,2016-10-26,Aurora 345kV,12219.0,345.0,100.0,980.0,gas,IL,ComEd,In Service,gen
AC1-110,2016-10-26,Aurora 138kV,12219.0,138.0,100.0,1046.0,gas,IL,ComEd,In Service,gen
AC1-111,2016-10-26,Aurora 138kV,12219.0,138.0,100.0,1016.0,gas,IL,ComEd,In Service,gen
AC1-112,2016-10-27,Old Church 34.5kV,32816.0,34.5,92.0,17.0,solar,VA,Dominion,In Service,gen
AC1-113,2016-10-27,Rockford,13880.0,138.0,87.14285714285714,320.0,gas,IL,ComEd,In Service,gen
AC1-114,2016-10-27,Rockford II,13881.0,138.0,82.6923076923077,173.0,gas,IL,ComEd,In Service,gen
AC1-115,2016-10-27,St. Johns 115kV,33103.0,115.0,100.0,14.9,solar,VA,Dominion,Withdrawn,gen
AC1-116,2016-10-27,Mount Eagle 34.5kV,18325.0,34.5,80.75,12.5,solar,VA,Dominion,Withdrawn,gen
AC1-117,2016-10-27,Stockton 34.5kV,13130.0,34.5,92.0,20.0,solar,VA,AEP,Withdrawn,gen
AC1-118,2016-10-27,Westmoreland 34.5kV,29595.0,34.5,92.0,20.0,solar,VA,Dominion,In Service,gen
AC1-119,2016-10-27,Deep Run,32310.0,138.0,75.0,1.5,storage,NJ,JCPL,Withdrawn,battery
AC1-120,2016-10-29,Mitchell-Mountain Run 115kV,39336.0,115.0,92.0,60.0,solar,VA,Dominion,Engineering and Procurement,gen
AC1-121,2016-10-27,Mitchell-Mountain Run 115kV,39336.0,115.0,92.0,80.0,solar,VA,Dominion,Engineering and Procurement,gen
AC1-122,2016-10-27,Smith Mountain-Candler's Mountain 138kV,32866.0,138.0,100.0,60.0,solar,VA,AEP,In Service,gen
AC1-123,2016-10-27,Smith Mountain-Candler's Mountain 138kV,32866.0,138.0,100.0,80.0,solar,VA,AEP,In Service,gen
AC1-124,2016-10-27,Harryette 12kV,29578.0,12.0,67.0,1.0,storage,OH,AEP,Withdrawn,battery
AC1-125,2016-10-27,Harryette 12kV,29578.0,12.0,67.0,1.0,storage,OH,AEP,Withdrawn,battery
AC1-126 4841985,2016-10-27,PJM-CPLE,31685.0,138.0,57.14285714285714,25.0,other,,,Withdrawn,gen
AC1-127 4841988,2016-10-27,PJM-CPLE,31685.0,138.0,57.14285714285714,25.0,other,,,Withdrawn,gen
AC1-128 4841989,2016-10-27,PJM-CPLE,31685.0,138.0,57.14285714285714,25.0,other,,,Withdrawn,gen
AC1-129 4841990,2016-10-27,PJM-CPLE,31685.0,138.0,57.14285714285714,25.0,other,,,Confirmed,gen
AC1-130 4841991,2016-10-27,PJM-CPLE,31685.0,138.0,57.14285714285714,25.0,other,,,Withdrawn,gen
AC1-131 4841992,2016-10-27,PJM-CPLE,31685.0,138.0,57.14285714285714,50.0,other,,,Confirmed,gen
AC1-132 4841993,2016-10-27,PJM-CPLE,31685.0,138.0,57.14285714285714,50.0,other,,,Withdrawn,gen
AC1-133 4841994,2016-10-27,PJM-CPLE,31685.0,138.0,57.14285714285714,100.0,other,,,Withdrawn,gen
AC1-134,2016-10-28,Four Rivers 230kV,33127.0,230.0,100.0,746.0,gas,VA,Dominion,In Service,gen
AC1-135,2016-10-28,Mickleton 230kV,29925.0,230.0,100.0,1274.0,gas,NJ,AEC,Withdrawn,gen
AC1-136,2016-10-28,Keriton 12kV,18959.0,12.0,68.92307692307692,2.0,solar,KY,DEOK,Withdrawn,gen
AC1-137,2016-10-28,Erlanger 12kV,19533.0,12.0,63.42857142857143,1.9,solar,KY,DEOK,Withdrawn,gen
AC1-138,2016-10-28,Bend Station 12kV,12658.0,12.0,82.0,2.5,solar,KY,DEOK,Withdrawn,gen
AC1-139,2016-10-28,Doubs 230kV,31630.0,230.0,100.0,102.0,solar,MD,APS,Withdrawn,gen
AC1-140,2016-10-28,North Longview 500 kV,13310.0,500.0,100.0,710.0,other,WV,APS,In Service,gen
AC1-141,2016-10-28,Cook-East Elkhart 345kV,31143.0,345.0,100.0,1085.0,gas,MI,AEP,In Service,gen
AC1-142,2016-10-28,Garner-Lancaster 115kV,7446.0,115.0,90.0,100.0,solar,VA,Dominion,Withdrawn,gen
AC1-142A,2016-10-28,Joliet,20756.0,138.0,100.0,1100.0,gas,IL,ComEd,Deactivated,gen
AC1-143,2016-10-31,Brandy-Remington 115kV,42729.0,115.0,90.9090909090909,60.0,solar,VA,Dominion,Withdrawn,gen
AC1-144,2016-10-31,Hillsboro 138kV,13098.0,138.0,100.0,85.0,solar,OH,AEP,Withdrawn,gen
AC1-145,2016-10-31,Gretna DP 69 kV,31799.0,69.0,58.66666666666667,50.0,solar,VA,Dominion,In Service,gen
AC1-146,2016-10-31,Chatham 69kV,32889.0,69.0,92.0,15.0,solar,VA,Dominion,Withdrawn,gen
AC1-147,2016-10-31,Grassfield 34.5kV,6302.0,34.5,92.0,20.0,solar,VA,Dominion,In Service,gen
AC1-148,2016-10-31,Granger-Twin Branch 138kV,13054.0,138.0,80.0,50.0,solar,IN,AEP,Withdrawn,gen
AC1-149,2016-10-31,Buckskin 69kV,29965.0,69.0,71.42857142857143,85.0,solar,OH,AEP,Withdrawn,gen
AC1-150,2016-10-31,Beaver 138kV,39532.0,138.0,100.0,200.0,solar,OH,AEP,Withdrawn,gen
AC1-151,2016-10-31,Harwood-Berwick 69kV,13294.0,69.0,92.0,20.0,solar,PA,PPL,Withdrawn,gen
AC1-152,2016-10-31,Lawrenceburg 345kV PB I,33810.0,345.0,92.0,1270.0,gas,IN,AEP,In Service,gen
AC1-153,2016-10-31,Kendall-Tazewell-Dresden-Mole Creek,38455.0,138.0,76.17647058823529,2460.0,gas,IL,ComEd,Withdrawn,gen
AC1-154,2016-10-31,I.B. Corners 12kV,12918.0,12.0,92.0,3.2,solar,MD,DPL,Withdrawn,gen
AC1-155,2016-10-31,Mt. Airy 34.5kV,12807.0,34.5,92.0,50.0,solar,VA,AEP,Withdrawn,gen
AC1-156,2016-10-31,Morgan's Cut 34.5kV,13325.0,34.5,77.71428571428572,60.0,solar,VA,AEP,Withdrawn,gen
AC1-157,2016-10-31,Hillsboro 138kV,13098.0,138.0,100.0,100.0,solar,OH,AEP,Withdrawn,gen
AC1-158,2016-10-31,Spotsylvania 500kV,5115.0,500.0,72.0,485.0,solar,VA,Dominion,In Service,gen
AC1-159,2016-10-31,Chesapeake 230kV,32311.0,230.0,84.28571428571428,1250.1,gas,VA,Dominion,Withdrawn,gen
AC1-160,2016-10-31,Buckskin 69kV,29965.0,69.0,71.42857142857143,100.0,solar,OH,Dayton,Withdrawn,gen
AC1-161,2016-11-02,Septa 500kV,33169.0,500.0,100.0,240.0,solar,VA,Dominion,In Service,gen
AC1-162,2016-10-31,Briery-Clover 230kV,26634.0,230.0,66.66666666666667,240.0,solar,VA,Dominion,Withdrawn,gen
AC1-163,2016-10-31,Ahoskie 34.5KV,12359.0,34.5,63.42857142857143,16.94,solar,NC,Dominion,Withdrawn,gen
AC1-164,2016-10-31,Chickahominy 230kV,32812.0,230.0,100.0,295.0,solar,VA,Dominion,Partially in Service - Under Construction,gen
AC1-165,2016-11-02,Atlanta 69kV III,37617.0,69.0,100.0,99.8,solar,OH,Dayton,In Service,gen
AC1-166,2016-11-02,Atlanta 69kV IV,37617.0,69.0,100.0,99.8,solar,OH,Dayton,In Service,gen
AC1-167,2016-11-01,Platter Creek 69kV,7537.0,69.0,73.6842105263158,49.9,solar,OH,AEP,Partially in Service - Under Construction,gen
AC1-168,2016-10-31,Kewanee-Streator,12052.0,138.0,93.33333333333333,78.65,wind,IL,ComEd,Suspended,gen
AC1-169,2016-10-31,Chicago Heights,16817.0,138.0,64.0,5.0,solar,IL,ComEd,Withdrawn,gen
AC1-170,2016-10-31,New Canton 12.47V,2012.0,138.0,80.58823529411765,1.0,storage,NJ,JCPL,Withdrawn,battery
AC1-171,2016-10-31,Powerton,20090.0,138.0,100.0,79.1,wind,IL,ComEd,Withdrawn,gen
AC1-172,2016-10-31,Lawrenceburg 345kV PB II,33810.0,345.0,92.0,1320.0,gas,IN,AEP,In Service,gen
AC1-173,2016-10-31,Logtown 138kV,12825.0,138.0,70.58823529411764,75.9,wind,OH,AEP,In Service,gen
AC1-174,2016-10-31,Losantville 345kV,38485.0,345.0,76.19047619047619,100.0,solar,IN,AEP,In Service,gen
AC1-175,2016-10-31,Losantville 345kV,38485.0,345.0,76.19047619047619,200.0,solar,IN,AEP,In Service,gen
AC1-176,2016-10-31,Timber Switch 138kV,45680.0,138.0,100.0,58.7,wind,OH,AEP,Withdrawn,gen
AC1-177,2016-10-31,Kings Creek 25kV,13132.0,25.0,92.0,4.0,other,MD,DPL,Withdrawn,gen
AC1-178,2016-10-31,Millsboro 25kV,13098.0,25.0,80.88888888888889,6.0,other,DE,DPL,Withdrawn,gen
AC1-179,2016-10-31,Millsboro 25kV II,13098.0,25.0,80.88888888888889,6.0,other,DE,DPL,Withdrawn,gen
AC1-180,2016-10-31,Kings Creek 25kV,13132.0,25.0,92.0,6.0,other,MD,DPL,Withdrawn,gen
AC1-181,2016-10-31,Richland 138kV,42423.0,138.0,100.0,428.0,gas,OH,ATSI,In Service,gen
AC1-182,2016-10-31,W.H. Zimmer Station 345kV,53093.0,345.0,100.0,1320.0,other,OH,DEOK,Deactivated,gen
AC1-183,2016-10-31,Ontelaunee 230kV,33780.0,230.0,63.1578947368421,608.1,gas,PA,ME,Withdrawn,gen
AC1-184,2016-10-31,Printz,45308.0,138.0,66.66666666666667,676.5,gas,PA,PECO,Withdrawn,gen
AC1-185,2016-10-31,Lee County,1975.0,138.0,82.98701298701297,688.0,gas,IL,ComEd,In Service,gen
AC1-186,2016-10-31,Central City 115kV,15631.0,115.0,95.71428571428571,138.0,wind,PA,PENELEC,Withdrawn,gen
AC1-187,2016-10-31,Potter-Gold 115kV,29567.0,115.0,83.33333333333334,117.0,wind,PA,APS,Withdrawn,gen
AC1-188,2016-11-01,Rio-Lick 138kV,14031.0,138.0,92.0,70.0,solar,OH,AEP,Engineering and Procurement,gen
AC1-189,2016-10-31,Chinquapin-Everetts 230kV,14626.0,230.0,66.66666666666667,80.0,solar,NC,Dominion,Under Construction,gen
AC1-190,2016-10-31,East New Market 69kV,52689.0,69.0,100.0,50.0,solar,MD,DPL,Engineering and Procurement,gen
AC1-191,2016-10-31,Elmont 115kV,31616.0,115.0,100.0,80.0,solar,VA,Dominion,Pending Termination,gen
AC1-192,2016-10-31,Conastone-Peach Bottom,31827.0,138.0,100.0,,other,,BGE,Withdrawn,gen
AC1-193,2016-10-31,Handsome DP-Southampton 115kV,31706.0,115.0,76.21052631578948,130.0,solar,VA,Dominion,Withdrawn,gen
AC1-194,2016-10-31,Elk 138kV,31892.0,138.0,85.71428571428572,125.0,solar,OH,AEP,Engineering and Procurement,gen
AC1-195,2016-10-31,Dunkirk-Ada 69kV,31447.0,69.0,100.0,75.0,wind,OH,AEP,Withdrawn,gen
AC1-196,2016-10-31,Mantua 12kV,26746.0,12.0,63.42857142857143,0.21,gas,NJ,AEC,Withdrawn,gen
AC1-197,2016-10-31,Somerset 480v,7415.0,138.0,88.46153846153847,0.21,gas,NJ,PSEG,Withdrawn,gen
AC1-198,2016-10-31,Union 480v,41817.0,138.0,85.0,0.21,gas,NJ,PSEG,Withdrawn,gen
AC1-199,2016-10-31,Mercer 480v I,19249.0,138.0,83.84615384615384,0.21,gas,NJ,PSEG,Withdrawn,gen
AC1-200,2016-10-31,Mercer 480v II,19249.0,138.0,82.85714285714286,0.21,gas,NJ,PSEG,Withdrawn,gen
AC1-201,2016-10-31,Camden 480v II,29531.0,138.0,82.85714285714286,0.21,gas,NJ,PSEG,Withdrawn,gen
AC1-202,2016-10-31,Cedar 12kV,14660.0,12.0,92.0,0.21,gas,NJ,AEC,Withdrawn,gen
AC1-203,2016-10-31,Camden 480v III,29531.0,138.0,82.0,0.21,gas,NJ,PSEG,Withdrawn,gen
AC1-204,2016-10-31,Elwood,11583.0,138.0,100.0,1200.9,gas,IL,ComEd,In Service,gen
AC1-205,2016-10-31,Madison Park,13755.0,138.0,91.0,10.3,solar,NJ,JCPL,Withdrawn,gen
AC1-206,2016-10-31,Clubhouse 230kV,33432.0,230.0,100.0,85.0,hybrid,VA,Dominion,Withdrawn,gen
AC1-207,2016-10-31,Monroe 34.5kV,13425.0,34.5,92.0,13.1,solar,NJ,JCPL,In Service,gen
AC1-208,2016-11-01,Cox-Whitakers 115kV,32043.0,115.0,72.0,80.0,solar,NC,Dominion,Under Construction,gen
AC1-209,2016-10-31,Pine Grove Solar,14631.0,138.0,88.75,18.0,solar,PA,PECO,Withdrawn,gen
AC1-210,2016-10-31,Madison 69kV,17887.0,69.0,100.0,45.0,solar,OH,AEP,Withdrawn,gen
AC1-211,2016-10-31,McConnellsburg 138kV,14098.0,138.0,100.0,70.0,solar,PA,APS,Withdrawn,gen
AC1-212,2016-10-31,Minster 69kV,22897.0,69.0,83.33333333333334,19.9,storage,OH,Dayton,Withdrawn,battery
AC1-213,2016-10-31,North Salisbury 25kV,13118.0,25.0,92.0,5.3,solar,MD,DPL,Withdrawn,gen
AC1-214,2016-10-31,Crescent Ridge,36137.0,138.0,87.14285714285714,79.4,wind,IL,ComEd,In Service,gen
AC1-215,2016-10-31,Chase-City-Twittys Creek 115kV,2903.0,115.0,92.0,100.0,solar,VA,Dominion,Withdrawn,gen
AC1-216,2016-10-31,Hopewell-Surry 230kV,19035.0,230.0,100.0,97.9,solar,VA,Dominion,In Service,gen
AC1-217,2016-10-31,McConnellsburg-Texas Eastern 6 138kV,14098.0,138.0,100.0,55.0,solar,PA,APS,Withdrawn,gen
AC1-218,2016-10-31,,,138.0,0.0,0.25,storage,NJ,JCPL,Withdrawn,battery
AC1-219,2016-10-31,,,138.0,0.0,0.2,storage,NJ,JCPL,Withdrawn,battery
AC1-220,2016-10-31,Price 25kV,12917.0,25.0,92.0,26.5,solar,MD,DPL,Withdrawn,gen
AC1-221,2016-11-02,Halifax-Person 230kV,32179.0,230.0,100.0,29.2,solar,VA,Dominion,In Service,gen
AC1-222,2016-11-03,Crystal Hill-Halifax 115kV,5851.0,115.0,100.0,44.7,solar,VA,Dominion,In Service,gen
AC1-223,2016-10-31,E. Frankfort-University Park North,20757.0,138.0,100.0,0.0,other,IL,ComEd,In Service,gen
AC1-224,2016-10-31,Wye Mills 25kV,12919.0,25.0,92.0,1.0,storage,MD,DPL,Withdrawn,battery
AC1-225,2016-10-31,Sorenson-Marysville 765kV,36327.0,765.0,100.0,300.2,wind,OH,AEP,Withdrawn,gen
AC1-226,2016-10-31,Wurno-Claytor 138kV,32621.0,138.0,100.0,200.1,wind,VA,AEP,Withdrawn,gen
AC1-227,2016-10-31,Low Moor-Lexington 230kV,31688.0,230.0,93.33333333333333,96.6,wind,VA,Dominion,Withdrawn,gen
AC1-228,2016-10-31,Todd 25kV,13110.0,25.0,92.0,3.0,solar,MD,DPL,Withdrawn,gen
AC1-229,2016-10-31,Omar 12kV,16036.0,12.0,92.0,10.0,solar,DE,DPL,Withdrawn,gen
AC2-001,2016-11-01,,,138.0,0.0,300.2,wind,OH,AEP,Withdrawn,gen
AC2-002,2016-11-01,,,138.0,0.0,179.4,wind,VA,AEP,Withdrawn,gen
AC2-003,2016-11-01,,,138.0,0.0,78.2,wind,VA,Dominion,Withdrawn,gen
AC2-004,2016-11-01,Meyersdale 115kV,12938.0,115.0,66.66666666666667,98.75,wind,PA,PENELEC,Withdrawn,gen
AC2-005,2016-11-01,Todd 25kV,13110.0,25.0,92.0,3.0,solar,MD,DPL,Withdrawn,gen
AC2-006,2016-11-01,Oman 12kV,13107.0,12.0,72.0,10.0,solar,DE,DPL,Withdrawn,gen
AC2-007,2016-11-01,Belvidere,7758.0,138.0,75.0,20.0,solar,IL,ComEd,Withdrawn,gen
AC2-008,2016-11-03,Wildcat 12kV,31566.0,12.0,58.66666666666667,10.0,solar,OH,AEP,Withdrawn,gen
AC2-009,2016-12-01,Pennington 13 kV,32588.0,13.0,82.0,0.59,hybrid,NJ,PSEG,In Service,gen
AC2-010,2016-12-05,Millsboro 25kV,13098.0,25.0,80.88888888888889,6.0,other,DE,DPL,Withdrawn,gen
AC2-011,2016-12-05,Millsboro 25kV II,13098.0,25.0,80.88888888888889,6.0,other,DE,DPL,Withdrawn,gen
AC2-012,2016-12-20,Grassfield-Great Bridge 115kV,6302.0,115.0,100.0,118.0,solar,VA,Dominion,In Service,gen
AC2-013,2016-12-28,Ripley 69kV,23126.0,69.0,92.0,27.5,solar,MD,PEPCO,Withdrawn,gen
AC2-014,2016-12-28,Ripley-Nanjemoy 69kV,23126.0,69.0,92.0,32.5,solar,MD,PEPCO,Withdrawn,gen
AC2-015,2016-12-29,Chatfield-Howard 138kV,31728.0,138.0,86.11764705882352,117.0,solar,OH,AEP,Partially in Service - Under Construction,gen
AC2-016,2017-01-03,Stemple 345kV,13620.0,345.0,72.0,748.0,gas,OH,AEP,In Service,gen
AC2-017,2017-01-04,Calvert Cliffs 500kV,31440.0,500.0,100.0,1810.4,other,MD,BGE,In Service,gen
AC2-018,2017-01-19,Rock Springs 500kV,12912.0,500.0,100.0,390.0,gas,MD,Essential Power,In Service,gen
AC2-019,2017-01-19,Highland 12kV,21674.0,12.0,92.0,10.0,solar,OH,AEP,Withdrawn,gen
AC2-020,2017-01-19,Greenfield-Buckskin 69kV,6385.0,69.0,92.0,20.0,solar,OH,Dayton,Withdrawn,gen
AC2-021,2017-01-25,Albright-Cross School 138 kV,17365.0,138.0,82.0,15.0,other,MD,APS,Withdrawn,gen
AC2-022,2017-01-25,Gordonsville-Remington 230kV,32777.0,230.0,100.0,100.0,solar,VA,Dominion,Withdrawn,gen
AC2-023,2017-01-25,Hebron 69kV,13117.0,69.0,100.0,45.8,solar,MD,DPL,Suspended,gen
AC2-024,2017-01-25,Edison 4kV,15516.0,138.0,100.0,1.2,solar,NJ,PSEG,Withdrawn,gen
AC2-025,2017-01-25,Hatfield 500kV,31728.0,500.0,100.0,1140.0,gas,PA,APS,Withdrawn,gen
AC2-026,2017-01-30,Wakefield 138kV,33433.0,138.0,92.0,50.0,solar,OH,AEP,Withdrawn,gen
AC2-027,2017-01-30,Highland 12kV,21674.0,12.0,92.0,10.0,solar,OH,AEP,Withdrawn,gen
AC2-028,2017-01-31,Highland 13.2kV,21674.0,13.2,92.0,10.0,solar,OH,AEP,Withdrawn,gen
AC2-029,2017-02-02,Circleville 138kV,5203.0,138.0,100.0,70.0,solar,OH,AEP,Suspended,gen
AC2-030,2017-02-03,East Beaver 69kV,39532.0,69.0,84.5,20.0,solar,OH,AEP,Withdrawn,gen
AC2-031,2017-02-03,Hillsboro 138kV,13098.0,138.0,100.0,100.0,solar,OH,AEP,Withdrawn,gen
AC2-032,2017-02-03,Graceton-Cooper 230kV,18068.0,230.0,100.0,50.0,other,,BGE,Withdrawn,gen
AC2-033,2017-02-03,Graceton-Bagley 230kV,18068.0,230.0,100.0,100.0,other,,BGE,Withdrawn,gen
AC2-034,2017-02-03,Eugene-Dequine 345kV,14309.0,345.0,100.0,100.0,other,,AEP,Withdrawn,gen
AC2-035,2017-02-03,Lick-Firebrick 69kV,7478.0,69.0,92.0,49.0,solar,OH,AEP,Withdrawn,gen
AC2-036,2017-02-03,Ravenswood-East Bashan Switch 69kV,21676.0,69.0,80.0,0.0,solar,OH,AEP,Withdrawn,gen
AC2-037,2017-02-03,Lick 69kV,7478.0,69.0,92.0,20.0,solar,OH,AEP,Withdrawn,gen
AC2-038,2017-02-03,Lee 69kV,4036.0,69.0,92.0,20.0,solar,OH,AEP,Withdrawn,gen
AC2-039,2017-02-03,Poston-Dexter 69kV,36790.0,69.0,92.0,43.0,solar,OH,AEP,Withdrawn,gen
AC2-040,2017-02-03,Hillsboro 138kV,13098.0,138.0,100.0,49.0,solar,OH,AEP,Withdrawn,gen
AC2-041,2017-02-03,Hillsboro 138kV,13098.0,138.0,100.0,100.0,solar,OH,AEP,Withdrawn,gen
AC2-042,2017-02-03,Hillsboro 138kV,13098.0,138.0,100.0,200.0,solar,OH,AEP,Withdrawn,gen
AC2-043,2017-02-06,W. Millersport-S. Baltimore 138kV,39576.0,138.0,100.0,50.0,solar,OH,AEP,Withdrawn,gen
AC2-044,2017-02-07,Maddox Creek 345kV,17333.0,345.0,70.58823529411764,370.0,solar,OH,AEP,Engineering and Procurement,gen
AC2-045,2017-02-07,Clark 12kV,4400.0,12.0,92.0,10.0,solar,OH,AEP,Withdrawn,gen
AC2-046,2017-02-08,EAst Beaver 138kV,39532.0,138.0,92.5,63.0,solar,OH,AEP,Withdrawn,gen
AC2-047,2017-02-08,Ashley-Millbrook Park 69 kV,12345.0,69.0,92.0,18.3,solar,OH,AEP,Withdrawn,gen
AC2-048,2017-02-10,Sporn 138kV,16084.0,138.0,100.0,60.0,solar,OH,AEP,Withdrawn,gen
AC2-049,2017-02-10,Hillsboro-Millbrook 138kV,13098.0,138.0,100.0,49.0,solar,OH,AEP,Withdrawn,gen
AC2-050,2017-02-10,Tabernacle 12kV,48586.0,12.0,62.58823529411764,10.0,solar,NJ,AEC,Withdrawn,gen
AC2-051,2017-02-13,Pickaway Solar,36392.0,138.0,61.53846153846154,10.0,solar,OH,AEP,Withdrawn,gen
AC2-052 4862612,2017-02-14,PJM-LINDENVFT,31685.0,138.0,57.14285714285714,300.0,other,,,Confirmed,gen
AC2-053,2017-02-15,Germantown 115kV,13381.0,115.0,92.0,55.0,solar,PA,ME,Withdrawn,gen
AC2-054,2017-02-14,South Rultonham 69kV,43936.0,69.0,90.9090909090909,10.0,solar,OH,AEP,Withdrawn,gen
AC2-055,2017-02-14,Buckskin 69kV,29965.0,69.0,71.42857142857143,47.5,solar,OH,AEP,Withdrawn,gen
AC2-056,2017-02-15,Killen 345kV,12592.0,345.0,72.72727272727273,20.0,solar,OH,Dayton,Withdrawn,gen
AC2-057,2017-02-16,Ridgeway-Dan River 69kV,14000.0,69.0,92.0,20.0,solar,VA,AEP,Withdrawn,gen
AC2-058,2017-02-16,Newcomerstown-N. Philly 69kV,39112.0,69.0,92.0,16.37,solar,OH,AEP,Withdrawn,gen
AC2-059,2017-02-16,Biers Run-Circleville 138kV,42672.0,138.0,100.0,127.0,solar,OH,AEP,In Service,gen
AC2-060,2017-02-18,Buckskin 69kV,29965.0,69.0,71.42857142857143,100.0,solar,OH,AEP,In Service,gen
AC2-061,2017-02-17,Hillsboro-Clinton 138kV,13098.0,138.0,100.0,117.0,solar,OH,AEP,In Service,gen
AC2-062,2017-02-22,Emerald-Kenton 138kV,53022.0,138.0,71.42857142857143,55.0,solar,OH,AEP,Withdrawn,gen
AC2-063,2017-02-22,Earleys 230kV,3185.0,230.0,100.0,100.0,solar,NC,Dominion,Withdrawn,gen
AC2-064,2017-02-22,Hillsboro-Millbrook 138kV,13098.0,138.0,100.0,115.0,solar,OH,AEP,Withdrawn,gen
AC2-065,2017-02-22,Delaware-Darby 138kV,13775.0,138.0,100.0,50.0,other,,Dayton,Withdrawn,gen
AC2-066,2017-02-24,Hillcrest 138kV,36329.0,138.0,100.0,200.0,solar,OH,DEOK,In Service,gen
AC2-067,2017-02-27,Camden-Crystal I 69kV,29531.0,69.0,92.0,49.9,solar,OH,Dayton,Under Construction,gen
AC2-068,2017-02-27,Camden-Crystal II 69kV,29531.0,69.0,92.0,69.9,solar,OH,Dayton,Under Construction,gen
AC2-069,2017-02-27,Jacsonville-Renaker 138kV III,3788.0,138.0,87.65217391304348,60.0,solar,KY,EKPC,Withdrawn,gen
AC2-070,2017-02-27,Old Church 34.5kV,32816.0,34.5,92.0,13.0,solar,VA,Dominion,Withdrawn,gen
AC2-071,2017-02-27,Buckingham 35kV,7400.0,35.0,92.0,20.0,solar,VA,Dominion,Withdrawn,gen
AC2-072,2017-02-27,Nokesville 35kV,38397.0,35.0,77.71428571428572,20.0,solar,VA,Dominion,Withdrawn,gen
AC2-073,2017-02-27,Harmony Village 35kV,7427.0,35.0,92.0,20.0,solar,VA,Dominion,Withdrawn,gen
AC2-074,2017-02-27,Mt. Jackson 35kV,32629.0,35.0,92.0,15.65,solar,VA,Dominion,Withdrawn,gen
AC2-075,2017-02-28,Jacksonville-Renaker 138 kV,3788.0,138.0,92.0,100.0,solar,KY,EKPC,In Service,gen
AC2-076,2017-02-28,Kiski Valley–Vandergrift 25 kV,13714.0,25.0,92.0,19.9,gas,PA,APS,Withdrawn,gen
AC2-077,2017-02-28,Sabinsville 34.5kV,13390.0,34.5,92.0,20.0,gas,PA,PENELEC,Withdrawn,gen
AC2-078,2017-02-28,Disputanta-Waverly 115kV,33452.0,115.0,100.0,60.0,solar,VA,Dominion,Withdrawn,gen
AC2-079,2017-03-03,Ivor-Oak Ridge 115kV,31647.0,115.0,60.0,85.0,solar,VA,Dominion,Under Construction,gen
AC2-080,2017-02-28,Olive-Reynolds 345kV,32980.0,345.0,100.0,200.0,wind,IN,AEP,Withdrawn,gen
AC2-081,2017-02-28,Battle Town 115kV,31071.0,115.0,64.27272727272727,100.0,solar,VA,APS,Withdrawn,gen
AC2-082,2017-02-28,Remington-Gainesville 230kV,33147.0,230.0,100.0,85.0,solar,VA,Dominion,Withdrawn,gen
AC2-083,2017-02-28,Dawson-South Justice 115kV,32567.0,115.0,72.72727272727273,20.0,solar,NC,Dominion,Withdrawn,gen
AC2-084,2017-03-02,Dawson-South Justice 115kV,32567.0,115.0,72.72727272727273,140.0,solar,NC,Dominion,In Service,gen
AC2-085,2017-02-28,Eastwood 34kV,17793.0,34.0,92.0,20.0,solar,OH,DEOK,Withdrawn,gen
AC2-086,2017-02-28,Eastwood 34.5kV,17793.0,34.5,92.0,20.0,solar,OH,DEOK,Withdrawn,gen
AC2-087,2017-02-28,Buckskin 69kV,29965.0,69.0,71.42857142857143,85.0,solar,OH,AEP,Withdrawn,gen
AC2-088,2017-03-01,S. Bethel-Brown 69kV,32549.0,69.0,82.38095238095238,70.0,solar,OH,DEOK,In Service,gen
AC2-089,2017-02-28,Klockner 34.5 kV,29186.0,34.5,63.42857142857143,18.2,solar,VA,AEP,Withdrawn,gen
AC2-090,2017-03-07,Losantville 345kV,38485.0,345.0,76.19047619047619,100.0,solar,IN,AEP,In Service,gen
AC2-091,2017-02-28,Modoc (Riverstart Solar IV) 138kV,13773.0,138.0,76.0,100.0,solar,IN,AEP,Withdrawn,gen
AC2-092,2017-03-01,Susquehanna-Lackawanna 500kV,31753.0,500.0,100.0,1105.0,gas,PA,PPL,In Service,gen
AC2-093,2017-03-02,Brunswick-Wake 500 kV,29513.0,500.0,92.0,675.0,solar,NC,Dominion,Withdrawn,gen
AC2-094,2017-03-06,Louisa-North Anna 230kV,7394.0,230.0,88.0,99.9,solar,VA,Dominion,Withdrawn,gen
AC2-095,2017-03-08,Eastwood 138kV,17793.0,138.0,92.0,10.0,solar,OH,DEOK,Withdrawn,gen
AC2-096,2017-03-09,Wurno I 34.5KV,32621.0,34.5,83.42857142857143,20.0,solar,VA,AEP,Withdrawn,gen
AC2-097,2017-03-09,Wurno II 34.5kV,32621.0,34.5,80.75,20.0,solar,VA,AEP,Withdrawn,gen
AC2-098,2017-03-09,Buckhorn-Lonesome Pine 138kV,4647.0,138.0,100.0,100.0,solar,VA,AEP,Withdrawn,gen
AC2-099,2017-03-09,Nursery 36kV,5124.0,36.0,78.15384615384616,3.0,gas,OH,ATSI,Withdrawn,gen
AC2-100,2017-03-12,Halifax-Person 230kV,32179.0,230.0,100.0,50.0,solar,VA,Dominion,In Service,gen
AC2-101,2017-03-10,Ripley-Nanjemoy 69kV,23126.0,69.0,92.0,32.5,solar,MD,SMECO,Withdrawn,gen
AC2-102,2017-03-10,Mitchell DP 115kV,39336.0,115.0,83.81818181818181,80.0,solar,VA,Dominion,Withdrawn,gen
AC2-103,2017-03-10,Beaver-Davis Besse 345 kV I,39532.0,345.0,100.0,297.66,wind,OH,ATSI,Under Construction,gen
AC2-104,2017-03-10,Marysville-Sorenson 765kv,38712.0,765.0,100.0,500.25,wind,OH,AEP,Withdrawn,gen
AC2-105,2017-03-13,Saddler 115kV,5250.0,115.0,70.58823529411764,100.0,solar,VA,Dominion,Withdrawn,gen
AC2-106,2017-03-13,Biers Run 138kV,42672.0,138.0,100.0,100.0,solar,OH,AEP,Withdrawn,gen
AC2-107,2017-03-13,Perth 115kV,32918.0,115.0,100.0,100.0,solar,VA,Dominion,Withdrawn,gen
AC2-108,2017-03-13,Wharton 115kV,16045.0,115.0,92.0,100.0,solar,NC,Dominion,Withdrawn,gen
AC2-110,2017-03-14,Harmony Village-Shackleford 115kV,33194.0,115.0,100.0,70.0,solar,VA,Dominion,Under Construction,gen
AC2-111,2017-03-16,College Corner 138kV,13782.0,138.0,100.0,80.0,solar,OH,AEP,Under Construction,gen
AC2-112,2017-03-17,Stuarts Draft-Waynesboro 115kV,11507.0,115.0,100.0,150.0,solar,VA,Dominion,Withdrawn,gen
AC2-113,2017-03-17,Culpeper 35kV,41579.0,35.0,63.42857142857143,20.0,solar,VA,Dominion,Withdrawn,gen
AC2-114,2017-03-20,Magnolia-Summersville 69kV,13062.0,69.0,71.42857142857143,49.9,solar,KY,EKPC,Withdrawn,gen
AC2-115,2017-03-21,Rockford,13880.0,138.0,87.14285714285714,360.0,gas,IL,ComEd,In Service,gen
AC2-116,2017-03-21,Rockford II,13881.0,138.0,82.6923076923077,180.0,gas,IL,ComEd,In Service,gen
AC2-117,2017-03-21,University Park North,12045.0,138.0,100.0,606.0,gas,IL,ComEd,In Service,gen
AC2-118,2017-03-21,Cabot-Keystone 500kV,31670.0,500.0,100.0,1200.0,gas,PA,APS,Withdrawn,gen
AC2-119,2017-03-22,Grandview 138kV,13349.0,138.0,92.0,25.0,solar,WV,AEP,Withdrawn,gen
AC2-120,2017-03-24,Ripley 69kV,23126.0,69.0,92.0,27.5,solar,MD,SMECO,In Service,gen
AC2-121,2017-03-23,Gordonsville-Remington 230kV,32777.0,230.0,100.0,150.0,solar,VA,Dominion,Withdrawn,gen
AC2-122,2017-03-23,Lick Run 115kV,7685.0,115.0,80.0,50.0,solar,PA,PENELEC,Withdrawn,gen
AC2-123,2017-03-25,Jacksons Ferry 138kV,39286.0,138.0,100.0,75.0,solar,VA,AEP,In Service,gen
AC2-124,2017-03-24,Gunn Road 345kV,16330.0,345.0,62.5,50.0,solar,OH,AEP,Withdrawn,gen
AC2-125,2017-03-24,Ladysmith 230 kV I,7610.0,230.0,100.0,209.0,gas,VA,Dominion,In Service,gen
AC2-126,2017-03-24,Ladysmith 230 kV II,7610.0,230.0,100.0,209.0,gas,VA,Dominion,In Service,gen
AC2-127,2017-03-24,Ladysmith CT Unit 3,31619.0,138.0,88.94736842105263,209.0,gas,VA,Dominion,Withdrawn,gen
AC2-128,2017-03-24,Ladysmith CT Unit 4,31619.0,138.0,88.94736842105263,209.0,gas,VA,Dominion,Withdrawn,gen
AC2-129,2017-03-24,Ladysmith CT Unit 5,31619.0,138.0,88.94736842105263,209.0,gas,VA,Dominion,Withdrawn,gen
AC2-130,2017-03-24,Chesterfield 230kV 5,33074.0,230.0,100.0,370.0,other,VA,Dominion,Deactivated,gen
AC2-131,2017-03-24,Chesterfield 230kV 7,33074.0,230.0,100.0,246.0,gas,VA,Dominion,Withdrawn,gen
AC2-132,2017-03-24,Chesterfield 230kV 8,33074.0,230.0,100.0,246.0,gas,VA,Dominion,Withdrawn,gen
AC2-133,2017-03-24,Warren County 500kV,15418.0,500.0,70.57142857142857,1484.0,gas,VA,Dominion,In Service,gen
AC2-134,2017-03-27,Hamburg 34.5kV,33736.0,34.5,68.92307692307692,9.0,solar,NJ,JCPL,Withdrawn,gen
AC2-135,2017-03-27,Double Toll Gate 34.5kV,32779.0,34.5,92.0,20.0,solar,VA,APS,Withdrawn,gen
AC2-136,2017-03-29,East Hagerstown 12kV,12799.0,12.0,92.0,11.8,solar,MD,APS,In Service,gen
AC2-137,2017-03-27,Elko 34.5kV,31892.0,34.5,92.0,18.8,solar,VA,Dominion,In Service,gen
AC2-138,2017-03-27,Northern Neck 34.5kV,33192.0,34.5,92.0,10.8,solar,VA,Dominion,In Service,gen
AC2-139,2017-03-27,Mantua 12kV,26746.0,12.0,63.42857142857143,0.21,gas,NJ,AEC,Withdrawn,gen
AC2-140,2017-03-27,DC Cook Unit 2,31143.0,138.0,78.57142857142857,1220.0,other,MI,AEP,In Service,gen
AC2-141,2017-03-30,Septa 500kV,33169.0,500.0,100.0,240.0,solar,VA,Dominion,Engineering and Procurement,gen
AC2-142,2017-03-28,Hatfield 500kV,31728.0,500.0,100.0,664.7,gas,PA,APS,In Service,gen
AC2-143,2017-03-28,Cranbury 34.5kV,14311.0,34.5,74.35294117647058,3.0,solar,NJ,JCPL,Withdrawn,gen
AC2-144,2017-03-28,Newburgh 12.47kV,4403.0,47.0,83.81818181818181,0.25,storage,NJ,JCPL,Withdrawn,battery
AC2-145,2017-03-28,Beach Glen 4.8kV,34678.0,138.0,80.0,0.2,storage,NJ,JCPL,Withdrawn,battery
AC2-146,2017-03-28,Modoc 138kV,13773.0,138.0,100.0,50.0,solar,IN,AEP,Withdrawn,gen
AC2-147,2017-03-28,Maryland,15736.0,138.0,100.0,20.0,solar,IL,ComEd,Withdrawn,gen
AC2-148,2017-03-28,South Dixon,14285.0,138.0,71.42857142857143,20.0,solar,IL,ComEd,Withdrawn,gen
AC2-149,2017-03-28,Glidden,19239.0,138.0,76.92307692307692,20.0,solar,IL,ComEd,Withdrawn,gen
AC2-150,2017-03-28,Dixon,34666.0,138.0,80.0,20.0,solar,IL,ComEd,Withdrawn,gen
AC2-151,2017-03-28,Mazon,38382.0,138.0,80.0,20.0,solar,IL,ComEd,Withdrawn,gen
AC2-152,2017-03-28,Pontiac Midpoint,13202.0,138.0,100.0,10.0,solar,IL,ComEd,Withdrawn,gen
AC2-153,2017-03-28,Steward,32944.0,138.0,92.3076923076923,10.0,solar,IL,ComEd,Withdrawn,gen
AC2-154,2017-03-29,Davis Creek 138kV,20769.0,138.0,100.0,50.0,solar,IL,ComEd,Engineering and Procurement,gen
AC2-155,2017-03-29,North Franklin 138kV,32558.0,138.0,94.0,100.0,wind,WV,APS,Withdrawn,gen
AC2-156,2017-03-29,Sandwich 34.5kV,36322.0,34.5,63.42857142857143,20.0,solar,IL,ComEd,Withdrawn,gen
AC2-157,2017-03-29,Sullivan 345 kV,33035.0,345.0,100.0,200.0,solar,IN,AEP,Partially in Service - Under Construction,gen
AC2-158,2017-03-29,Cashie-Earleys 230kV,3582.0,230.0,100.0,65.0,solar,NC,Dominion,Withdrawn,gen
AC2-159,2017-03-29,Jackson-Woodland 115kV,13251.0,115.0,100.0,80.0,solar,NC,Dominion,Withdrawn,gen
AC2-160,2017-03-29,Centreville 12kV,7701.0,12.0,92.0,,solar,MD,DPL,Withdrawn,gen
AC2-161,2017-03-29,Smithfield 34.5kV,5760.0,34.5,92.0,20.0,solar,VA,Dominion,Withdrawn,gen
AC2-162,2017-03-29,Old Church 34.5kV,32816.0,34.5,92.0,20.0,solar,VA,Dominion,Withdrawn,gen
AC2-163,2017-03-29,Harmony Village-Dunnsville 34.5kV,7427.0,34.5,92.0,17.5,solar,VA,Dominion,Withdrawn,gen
AC2-164,2017-03-29,Darby-Urbana 138kV,56830.0,138.0,78.66666666666667,200.0,solar,OH,Dayton,Withdrawn,gen
AC2-165,2017-03-30,Bremo-Powhatan 230kV,7236.0,230.0,83.63636363636364,99.9,solar,VA,Dominion,Under Construction,gen
AC2-166,2017-03-30,Waterman 34 kV,5350.0,34.0,72.0,40.0,solar,IL,ComEd,Withdrawn,gen
AC2-167,2017-03-30,Boykins-Murphy 115kV,3210.0,115.0,92.0,50.0,solar,VA,Dominion,Withdrawn,gen
AC2-168,2017-03-30,Clinton 23kV,13458.0,23.0,92.0,11.7,solar,PA,DL,In Service,gen
AC2-169,2017-03-30,Nortonville 12kV,38711.0,12.0,82.9090909090909,4.14,solar,NJ,AEC,Withdrawn,gen
AC2-170,2017-03-30,Quarryville,15995.0,138.0,100.0,5.0,solar,PA,PPL,Withdrawn,gen
AC2-171,2017-03-30,Jeffersonville 69kV,15098.0,69.0,77.55555555555556,29.0,solar,OH,Dayton,Withdrawn,gen
AC2-172,2017-03-30,Big Sandy 1 138kV,11361.0,138.0,94.54545454545455,310.0,gas,KY,AEP,In Service,gen
AC2-173,2017-03-30,Wempleton-Belvidere,20819.0,138.0,94.73684210526316,90.0,solar,IL,ComEd,Withdrawn,gen
AC2-174,2017-04-01,Double Tollgate 34.5kV,32779.0,34.5,88.7741935483871,10.0,solar,VA,APS,Withdrawn,gen
AC2-175,2017-03-31,Berkshire Solar 12 kV,20102.0,12.0,58.66666666666667,1.6,solar,NJ,JCPL,In Service,gen
AC2-176,2017-03-31,Jay 138 kV,13835.0,138.0,100.0,130.0,wind,IN,AEP,In Service,gen
AC2-177,2017-03-31,Desoto-Tanners Creek 345kV,36331.0,345.0,100.0,200.0,wind,IN,AEP,Withdrawn,gen
AC2-178,2017-03-31,Ortanna 138kV,15245.0,138.0,85.33333333333333,100.0,solar,MD,APS,Withdrawn,gen
AC2-179,2017-03-31,Natrium 138kV,14096.0,138.0,76.92307692307692,57.0,gas,WV,AEP,Withdrawn,gen
AC2-180,2017-03-31,Babcock & Wilcox 69kV,12657.0,69.0,73.66666666666666,12.0,gas,VA,AEP,Withdrawn,gen
AC2-181,2017-03-31,Payne 69kV,40456.0,69.0,80.0,49.9,solar,IN,AEP,Withdrawn,gen
AC2-182,2017-03-31,McConnelsburg-Texas Eastern,14098.0,138.0,96.2962962962963,80.0,solar,PA,PENELEC,Withdrawn,gen
AC2-183,2017-03-31,Pepper 69kV,41579.0,69.0,100.0,20.0,solar,DE,DPL,Withdrawn,gen
AC2-184,2017-04-01,Cedar Creek 138kV I,11578.0,138.0,100.0,94.3,solar,DE,DPL,Suspended,gen
AC2-185,2017-04-01,Cedar Creek 138kV II,11578.0,138.0,100.0,114.3,solar,DE,DPL,Suspended,gen
AC2-186,2017-04-01,Harrington 25kV,16666.0,25.0,92.0,10.0,solar,DE,DPL,Under Construction,gen
AC2-187,2017-03-31,Harrington 69kV,16666.0,69.0,100.0,30.0,solar,DE,DPL,Under Construction,gen
AC2-188,2017-03-31,Harrington 69 kV,16666.0,69.0,100.0,50.0,solar,DE,DPL,Under Construction,gen
AC2-189,2017-03-31,Crisfield-Kings Creek 69kV,13134.0,69.0,100.0,11.6,solar,MD,DPL,Withdrawn,gen
AC2-190,2017-03-31,Sussex-Harbeson 69kV,41741.0,69.0,100.0,9.6,gas,DE,DPL,Withdrawn,gen
AC2-191,2017-03-31,Sussex-Harbeson 69kV II,41741.0,69.0,100.0,9.6,gas,DE,DPL,Withdrawn,gen
AC2-192,2017-03-31,Greene-Clark 138kV,14236.0,138.0,100.0,56.0,solar,OH,ATSI,Withdrawn,gen
AC2-193,2017-03-31,Camden 26kV,29531.0,26.0,92.0,10.0,solar,NJ,PSEG,Withdrawn,gen
AC2-194,2017-03-31,WinFall 34.5kV,38642.0,34.5,58.66666666666667,16.2,solar,NC,Dominion,Withdrawn,gen
AC2-195,2017-04-01,Galion-Roberts South 138 kV,5092.0,138.0,100.0,99.96,solar,OH,ATSI,Partially in Service - Under Construction,gen
AC2-196,2017-03-31,Fentress 34.5kV,32308.0,34.5,92.0,16.66,solar,VA,Dominion,Withdrawn,gen
AD1-001,2017-04-03,Kilmer 480 v,29186.0,138.0,55.55555555555556,0.21,gas,NJ,PSEG,Withdrawn,gen
AD1-002,2017-04-03,North Bergen I 480 v,26632.0,138.0,85.0,0.21,gas,NJ,PSEG,Withdrawn,gen
AD1-003,2017-04-03,North Bergen II 480 v,26632.0,138.0,84.11764705882354,0.21,gas,NJ,PSEG,Withdrawn,gen
AD1-004,2017-04-03,Paramus 480 v,,138.0,0.0,0.21,gas,NJ,PSEG,Withdrawn,gen
AD1-005,2017-04-03,Jackson Rd 480 v,12662.0,138.0,88.75,0.21,gas,NJ,PSEG,Withdrawn,gen
AD1-006,2017-04-03,Secaucus 480 v,,138.0,0.0,0.21,gas,NJ,PSEG,Withdrawn,gen
AD1-007,2017-04-03,Bergenfield 480 v,29169.0,138.0,60.0,0.21,gas,NJ,PSEG,Withdrawn,gen
AD1-008,2017-04-03,Sand Hills 480 v,40249.0,138.0,66.45833333333333,0.21,gas,NJ,PSEG,Withdrawn,gen
AD1-009,2017-04-03,Saddle Brook 480 v,41232.0,138.0,90.0,0.21,gas,NJ,PSEG,Withdrawn,gen
AD1-010,2017-04-03,McLean 480 v,33897.0,138.0,63.1578947368421,0.21,gas,NJ,PSEG,Withdrawn,gen
AD1-011,2017-04-03,Athenia 480 v,21958.0,138.0,86.15384615384616,0.21,gas,NJ,PSEG,Withdrawn,gen
AD1-012,2017-04-03,Cheesequake 12.5 kV,22462.0,12.5,52.0,0.21,gas,NJ,JCPL,Withdrawn,gen
AD1-013,2017-04-06,Twombly Road 138kV,29633.0,138.0,63.1578947368421,40.0,solar,IL,ComEd,Engineering and Procurement,gen
AD1-014,2017-04-17,Hutching-Sugar Creek 138kV,4432.0,138.0,76.19047619047619,100.0,other,,Dayton,Withdrawn,gen
AD1-015,2017-04-21,Frazeysburg 138 kV,38030.0,138.0,70.0,150.0,solar,OH,AEP,Withdrawn,gen
AD1-016,2017-04-29,Marengo,12082.0,138.0,66.66666666666667,20.0,solar,IL,ComEd,Withdrawn,gen
AD1-017,2017-05-11,Smith Mountain-Bearskin 138 kV,32866.0,138.0,100.0,120.0,solar,VA,AEP,In Service,gen
AD1-018,2017-05-12,Carlos Jct - Plaza 34 kV,31893.0,34.0,62.0,20.0,solar,MD,APS,Withdrawn,gen
AD1-019,2017-05-24,Ontario 23 kV,4777.0,23.0,92.0,13.1,gas,NJ,AEC,Withdrawn,gen
AD1-020,2017-06-09,Hunterstown-Lincoln 115 kV,13298.0,115.0,100.0,80.0,solar,PA,ME,In Service,gen
AD1-021 4885734,2017-06-13,PJM-LindenVFT,31685.0,138.0,57.14285714285714,330.0,other,,PSEG,Confirmed,gen
AD1-022,2017-06-19,Cashie-Trowbridge 230 kV,3582.0,230.0,100.0,80.0,solar,NC,Dominion,Engineering and Procurement,gen
AD1-023,2017-06-19,Cashie-Trowbridge 230 kV,3582.0,230.0,100.0,40.0,solar,NC,Dominion,Withdrawn,gen
AD1-024,2017-06-19,Davis Creek-Wilmington,20769.0,138.0,100.0,50.0,solar,IL,ComEd,Withdrawn,gen
AD1-025,2017-06-28,Hopewell-Surry 230 kV,19035.0,230.0,100.0,150.0,solar,VA,Dominion,In Service,gen
AD1-026,2017-06-28,Shenango-Hoytdale 345 kV,36538.0,345.0,100.0,1000.0,gas,PA,ATSI,In Service,gen
AD1-027,2017-07-03,Camden 26 kV,29531.0,26.0,92.0,10.0,solar,NJ,PSEG,Withdrawn,gen
AD1-028,2017-07-11,Home DepotNJ #957 - Old Bridge,30039.0,138.0,59.25925925925925,0.2,solar,NJ,JCPL,Withdrawn,gen
AD1-029,2017-07-20,Scotland Neck-South Justice 115 kV,22020.0,115.0,85.6923076923077,110.0,hybrid,NC,Dominion,Withdrawn,gen
AD1-030,2017-07-20,Camden 26 kV II,29531.0,26.0,92.0,7.0,solar,NJ,PSEG,Withdrawn,gen
AD1-031,2017-07-24,Kewanee - E.D. Edwards 138 kV,12052.0,138.0,93.33333333333333,70.0,solar,IL,ComEd,Withdrawn,gen
AD1-032 4893040,2017-07-25,PJM-OVEC,31685.0,138.0,57.14285714285714,25.0,other,,,Retracted,gen
AD1-033,2017-07-26,Fentress-Landstown 230 kV,32308.0,230.0,100.0,70.0,solar,VA,Dominion,In Service,gen
AD1-034,2017-07-26,Sapony 230 kV,33449.0,230.0,100.0,74.9,solar,VA,Dominion,Withdrawn,gen
AD1-035,2017-07-27,Darby-East Liberty 69 kV,56830.0,69.0,86.66666666666667,50.0,solar,OH,Dayton,Withdrawn,gen
AD1-036,2017-07-27,Chatfield 138 kV,31728.0,138.0,86.11764705882352,35.0,solar,OH,AEP,Withdrawn,gen
AD1-037,2017-07-28,Martins Creek 230 kV,13453.0,230.0,100.0,651.6,gas,PA,PPL,In Service,gen
AD1-038,2017-07-28,Oliver Solar,42222.0,138.0,64.51612903225806,0.3,solar,NJ,PSEG,Withdrawn,gen
AD1-039,2017-07-29,Kendall-Tazewell & Dresden-Mole Creek,38455.0,138.0,76.17647058823529,1262.7,gas,IL,ComEd,In Service,gen
AD1-040,2017-07-31,Mount Eagle 34.5 kV,18325.0,34.5,80.75,11.0,solar,VA,Dominion,Withdrawn,gen
AD1-041,2017-08-03,Harmony Village-Shackleford 115 kV,33194.0,115.0,100.0,50.0,solar,VA,Dominion,In Service,gen
AD1-042,2017-07-31,Stuarts Draft-Waynesboro 115 kV,11507.0,115.0,100.0,150.0,storage,VA,Dominion,Withdrawn,battery
AD1-043,2017-08-01,Makahoy 138 kV,45628.0,138.0,100.0,120.0,solar,IN,AEP,Withdrawn,gen
AD1-044,2017-07-31,Oak Grove 34.5 kV I,31454.0,34.5,92.0,20.0,solar,VA,Dominion,Withdrawn,gen
AD1-045,2017-07-31,Oak Grove 34.5 kV II,31454.0,34.5,92.0,20.0,solar,VA,Dominion,Withdrawn,gen
AD1-046,2017-07-31,Oak Grove 34.5 kV III,31454.0,34.5,92.0,11.2,solar,VA,Dominion,Withdrawn,gen
AD1-047,2017-07-31,Brink 115 kV,16119.0,115.0,64.72727272727273,80.0,solar,VA,Dominion,Withdrawn,gen
AD1-048,2017-08-03,Turner 34.5 kV,839.0,34.5,92.0,20.0,solar,VA,Dominion,Withdrawn,gen
AD1-049,2017-08-03,Culpeper 34.5 kV,41579.0,34.5,63.42857142857143,20.0,solar,VA,Dominion,Withdrawn,gen
AD1-050,2017-08-07,Beechwood DP-Palmer Springs 115 kV,15652.0,115.0,84.5,45.0,hybrid,VA,Dominion,Withdrawn,gen
AD1-051,2017-08-07,Sporn South 138 kV,16084.0,138.0,91.42857142857143,30.0,solar,WV,AEP,Withdrawn,gen
AD1-052,2017-08-10,Freemont Energy Center,4438.0,138.0,97.2972972972973,745.0,gas,OH,ATSI,In Service,gen
AD1-053,2017-08-11,Plainsboro 13 kV,33368.0,13.0,72.0,3.0,solar,NJ,PSEG,Withdrawn,gen
AD1-054,2017-08-11,Bergen 13 kV,19042.0,13.0,92.0,1.5,solar,NJ,PSEG,In Service,gen
AD1-055,2017-08-16,Crystal Hill-Halifax 115 kV,5851.0,115.0,100.0,64.7,solar,VA,Dominion,In Service,gen
AD1-056,2017-08-14,Hornertown-Hathaway 230 kV,3217.0,230.0,100.0,60.0,solar,NC,Dominion,Engineering and Procurement,gen
AD1-057,2017-08-14,Hornertown-Hathaway 230 kV,3217.0,230.0,100.0,93.0,solar,NC,Dominion,Engineering and Procurement,gen
AD1-058,2017-08-16,Halifax-Person 230 kV,32179.0,230.0,100.0,75.1,solar,VA,Dominion,In Service,gen
AD1-059,2017-08-17,Lakewood 230 kV,5856.0,230.0,100.0,280.0,gas,NJ,JCPL,In Service,gen
AD1-060,2017-08-18,Mercersburg-Milnor 34.5 kV,14731.0,34.5,68.19047619047619,15.0,solar,PA,APS,In Service,gen
AD1-061,2017-08-18,McConnelsburg-Mercersburg 34 kV,14098.0,34.0,88.2962962962963,20.0,solar,PA,APS,In Service,gen
AD1-062,2017-08-18,Itasca 12.5 kV,30056.0,12.5,92.0,1.0,storage,IL,ComEd,Withdrawn,battery
AD1-063,2017-08-22,Harmony Village 34.5 kV,7427.0,34.5,92.0,15.0,solar,VA,Dominion,In Service,gen
AD1-064,2017-08-25,White Rock-Wayne 345kV,12818.0,345.0,92.0,150.0,wind,IL,ComEd,Withdrawn,gen
AD1-065,2017-08-31,Eldred-Frackville 230kV,50469.0,230.0,80.0,175.8,wind,PA,PPL,Withdrawn,gen
AD1-066,2017-08-31,Crescent Ridge,36137.0,138.0,87.14285714285714,79.4,solar,IL,ComEd,Withdrawn,gen
AD1-067,2017-08-31, Mendota Hills,40249.0,138.0,69.48717948717947,76.13,wind,IL,ComEd,In Service,gen
AD1-068,2017-08-31,Albright-Garrett 138 kV,17365.0,138.0,82.0,80.0,wind,WV,APS,Withdrawn,gen
AD1-069,2017-08-31,Iron Bridge-Donegal 138 kV,32293.0,138.0,100.0,80.0,wind,PA,APS,Withdrawn,gen
AD1-070,2017-08-31,Fostoria Central 138 kV,23237.0,138.0,100.0,205.0,solar,OH,AEP,Pending Termination,gen
AD1-071,2017-08-31,Levittown 13kV,29533.0,13.0,92.0,2.6,solar,NJ,PSEG,Withdrawn,gen
AD1-072,2017-08-31,Biers Run-Circleville 138 kV,42672.0,138.0,100.0,147.0,solar,OH,AEP,In Service,gen
AD1-073,2017-09-02,Buckskin 69 kV,29965.0,69.0,71.42857142857143,120.0,solar,OH,AEP,In Service,gen
AD1-074,2017-09-01,Trowbridge 230 kV,32253.0,230.0,100.0,300.0,solar,NC,Dominion,Engineering and Procurement,gen
AD1-075,2017-08-31,Trowbridge 230 kV,32253.0,230.0,100.0,375.0,solar,NC,Dominion,Engineering and Procurement,gen
AD1-076,2017-08-31,Trowbridge 230 kV,32253.0,230.0,100.0,484.0,solar,NC,Dominion,Engineering and Procurement,gen
AD1-077,2017-09-01,Standardsville-Pratts 34.5 kV,14594.0,34.5,68.92307692307692,17.0,solar,VA,APS,Withdrawn,gen
AD1-078,2017-09-01,Paytes 115 kV,7444.0,115.0,90.0,20.0,solar,VA,Dominion,Withdrawn,gen
AD1-079 4899239,2017-09-01,PJM-CPLE,31685.0,138.0,57.14285714285714,,other,,,Withdrawn,gen
AD1-080,2017-09-01,Endless Caverns 34.5 kV,39996.0,34.5,56.28571428571428,20.0,solar,VA,Dominion,Withdrawn,gen
AD1-081,2017-09-06,Beatty-London 138 kV,56827.0,138.0,100.0,196.0,solar,OH,ATSI,In Service,gen
AD1-082,2017-09-08,Bakers Pond-Ivor 115kV,14044.0,115.0,63.1578947368421,68.0,solar,VA,Dominion,In Service,gen
AD1-083,2017-09-11,Page-Bethel 138 kV,31885.0,138.0,100.0,100.0,solar,VA,APS,Withdrawn,gen
AD1-084,2017-09-12,Cushaw 115 kV,32890.0,115.0,100.0,7.5,other,VA,Dominion,In Service,gen
AD1-085,2017-09-15,North Shenandoah-Stanley 34.5 kV,11606.0,34.5,92.0,20.0,solar,VA,APS,Withdrawn,gen
AD1-086,2017-09-15,E. Frankfort-Goodings Grove,20757.0,138.0,100.0,23.9,other,,ComEd,Withdrawn,gen
AD1-087,2017-09-16,Clover-Sedge Hill 230 kV,32642.0,230.0,100.0,64.2,solar,VA,Dominion,In Service,gen
AD1-088,2017-09-15,Briery-Clover 230 kV,26634.0,230.0,66.66666666666667,80.0,solar,VA,Dominion,Suspended,gen
AD1-089,2017-09-15,Birdneck 34.5 kV,21804.0,34.5,58.66666666666667,16.0,wind,VA,Dominion,Withdrawn,gen
AD1-090,2017-09-18,Muskingum River 345 kV Phase I,20132.0,345.0,100.0,1260.0,gas,OH,AEP,Withdrawn,gen
AD1-091,2017-09-18,Muskingum River 345 kV Phase II,20132.0,345.0,100.0,630.0,gas,OH,AEP,Withdrawn,gen
AD1-092 4902076,2017-09-18,AMIL-PJM,29641.0,138.0,75.0,105.0,other,,,Withdrawn,gen
AD1-093 4902084,2017-09-18,AMIL-PJM,29641.0,138.0,75.0,180.0,other,,AEP,Withdrawn,gen
AD1-094 4902085,2017-09-18,AMIL-PJM,29641.0,138.0,75.0,34.0,other,,AEP,Withdrawn,gen
AD1-095,2017-09-19,North Salisbury 25 kV,13118.0,25.0,92.0,8.0,gas,MD,DPL,Withdrawn,gen
AD1-096,2017-09-19,Stillman Valley 34 kV,13941.0,34.0,69.5,20.0,solar,IL,ComEd,Withdrawn,gen
AD1-097,2017-09-20,Linwood 230 kV II,29616.0,230.0,100.0,919.0,gas,PA,PECO,In Service,gen
AD1-098,2017-09-21,Dixon - McGirr 138 kV ,15516.0,138.0,72.72727272727273,100.0,solar,IL,ComEd,Withdrawn,gen
AD1-099,2017-09-21,South Bend 500 kV,12658.0,500.0,92.0,720.0,gas,PA,APS,In Service,gen
AD1-100,2017-09-22,Loretto-Wilton 345 kV & Braidwood-Davis Creek 345 kV,13133.0,345.0,92.0,850.0,wind,IL,ComEd,Under Construction,gen
AD1-101,2017-09-21,Continental 69 kV,31372.0,69.0,66.66666666666667,49.9,solar,OH,AEP,In Service,gen
AD1-102,2017-09-21,Wurno-Claytor Lake 138 KV,32621.0,138.0,100.0,180.01,wind,VA,AEP,Withdrawn,gen
AD1-103,2017-09-22,Beaver-Davis Besse 345 kV II,39532.0,345.0,100.0,500.4,wind,OH,ATSI,Withdrawn,gen
AD1-104,2017-09-22,Marysville-Sorenson 765 kV II,38712.0,765.0,100.0,403.2,wind,OH,AEP,Withdrawn,gen
AD1-105,2017-09-23,Kings Dominion DP 115 kV,33129.0,115.0,94.70588235294117,74.0,solar,VA,Dominion,Under Construction,gen
AD1-106,2017-09-23,North Waldo-Wild Creek 138 kV,4512.0,138.0,100.0,60.0,solar,OH,AEP,Withdrawn,gen
AD1-107,2017-09-22,McGuire Battery Storage,2848.0,138.0,79.13043478260869,1.25,storage,NJ,JCPL,Withdrawn,battery
AD1-108,2017-09-25,Grover 34 kV,32769.0,34.0,92.0,21.4,gas,PA,PENELEC,In Service,gen
AD1-109,2017-09-25,Canton 34.5 kV,2012.0,34.5,92.0,21.0,gas,PA,PENELEC,In Service,gen
AD1-110,2017-09-25,North Meshoppen 34.5 kV,13291.0,34.5,92.0,21.4,gas,PA,PENELEC,In Service,gen
AD1-111,2017-09-25,Woolrich 12.47 kV,29404.0,47.0,47.55555555555556,4.13,gas,PA,PPL,Withdrawn,gen
AD1-112,2017-09-25,Davis Creek 138 kV,20769.0,138.0,100.0,200.0,wind,IL,ComEd,Withdrawn,gen
AD1-113,2017-09-25,Raritan River 230 kV,26617.0,230.0,69.56521739130434,820.0,gas,NJ,JCPL,Withdrawn,gen
AD1-114,2017-09-26,Kelson Ridge 230kV,32321.0,230.0,72.0,820.0,gas,MD,PEPCO,In Service,gen
AD1-115,2017-09-27,Mountain Run-Mitchell 115 kV,7922.0,115.0,100.0,150.0,solar,VA,Dominion,Withdrawn,gen
AD1-116,2017-09-26,Nevada 345 kV,23637.0,345.0,92.0,20.0,solar,IL,ComEd,Withdrawn,gen
AD1-117,2017-09-26,Maryland 138 kV,15736.0,138.0,92.0,78.0,solar,IL,ComEd,Withdrawn,gen
AD1-118,2017-09-27,Lemoyne,38769.0,138.0,100.0,700.0,gas,OH,ATSI,In Service,gen
AD1-119,2017-09-28,Payne 69 kV,40456.0,69.0,80.0,49.9,solar,OH,AEP,In Service,gen
AD1-120 4904819,2017-09-28,DUK-PJM,14503.0,138.0,66.66666666666667,109.0,other,,,Withdrawn,gen
AD1-121 4904949,2017-09-28,CPLE-PJM,1723.0,138.0,66.66666666666667,109.0,other,,,Withdrawn,gen
AD1-122 4904950,2017-09-28,PJM-DUK,31685.0,138.0,57.14285714285714,130.0,other,,Dominion,Withdrawn,gen
AD1-123,2017-09-28,Welco 34.5 kV,910.0,34.5,72.0,10.0,solar,VA,Dominion,Withdrawn,gen
AD1-124,2017-09-28,Lynbrook 12 kV,25744.0,12.0,74.35294117647058,15.0,solar,VA,AEP,Withdrawn,gen
AD1-125,2017-09-28,Baker 138 kV,33039.0,138.0,100.0,80.0,wind,WV,APS,Engineering and Procurement,gen
AD1-126,2017-09-28,W. DeKalb-Waterman,3264.0,138.0,73.75,80.0,solar,IL,ComEd,Withdrawn,gen
AD1-127,2017-09-28,Cambria Slope 115 kV,13597.0,115.0,76.92307692307692,325.0,gas,PA,PENELEC,Withdrawn,gen
AD1-128,2017-09-29,Modoc-Delaware 138 kV,13773.0,138.0,100.0,150.0,solar,IN,AEP,In Service,gen
AD1-129,2017-09-28,Belvidere 34 kV,7758.0,34.0,67.0,12.5,solar,IL,ComEd,Withdrawn,gen
AD1-130,2017-10-02,Hardin Switch 345 kV,40060.0,345.0,83.84615384615384,150.0,solar,OH,AEP,In Service,gen
AD1-131,2017-09-30,Sedge Hill-Person 230 kV,13372.0,230.0,69.5,70.0,solar,VA,Dominion,In Service,gen
AD1-132,2017-09-29,Cashie 230 kV,3582.0,230.0,100.0,150.0,solar,NC,Dominion,Withdrawn,gen
AD1-133,2017-09-30,Pontiac MidPoint-Dresden,13202.0,138.0,100.0,300.0,solar,IL,ComEd,Withdrawn,gen
AD1-134,2017-09-29,JK Smith 138 kV,1410.0,138.0,94.11764705882352,73.0,gas,KY,EKPC,Withdrawn,gen
AD1-135,2017-09-29,Clinton 23 kV II,13458.0,23.0,92.0,20.0,solar,PA,DL,In Service,gen
AD1-136,2017-09-30,South Bethel-Brown 69 kV,32549.0,69.0,82.38095238095238,80.0,solar,OH,DEOK,In Service,gen
AD1-137,2017-09-29,Dequine 345 kV,39168.0,345.0,100.0,500.0,wind,IN,AEP,Withdrawn,gen
AD1-138,2017-09-29,Valley 138 kV,16471.0,138.0,100.0,100.0,solar,MI,AEP,Withdrawn,gen
AD1-139,2017-09-29,Mullin-Grant Tap 138 kV,904.0,138.0,76.92307692307692,100.0,solar,IN,AEP,Withdrawn,gen
AD1-140,2017-09-29,Greene-Clark 138 kV,14236.0,138.0,100.0,175.0,solar,OH,ATSI,Withdrawn,gen
AD1-141,2017-09-29,S. Lucasville-Wakefield 138 kV,7462.0,138.0,100.0,50.0,solar,OH,AEP,Withdrawn,gen
AD1-142,2017-09-29,Milan 34.5 kV,21671.0,34.5,92.0,21.0,gas,PA,PENELEC,In Service,gen
AD1-143,2017-09-29,Hauto-Siegfried 69 kV,14929.0,69.0,100.0,90.0,hybrid,PA,PPL,Withdrawn,gen
AD1-144,2017-09-30,Kings Fork 34.5 kV,32301.0,34.5,92.0,15.0,solar,VA,Dominion,In Service,gen
AD1-145,2017-09-30,Laurel-Dupont Seaford 69 kV,16031.0,69.0,100.0,9.6,gas,DE,DPL,Withdrawn,gen
AD1-146,2017-09-30,Millsboro 25 kV,13098.0,25.0,80.88888888888889,10.0,solar,DE,DPL,Withdrawn,gen
AD1-147,2017-09-30,Martinsville-Wilmington 69 kV,14537.0,69.0,100.0,50.0,solar,OH,Dayton,Withdrawn,gen
AD1-148,2017-10-01,Brokaw-Lanesville,12100.0,138.0,100.0,185.0,wind,IL,ComEd,In Service,gen
AD1-149,2017-09-30,Carbondale 69 kV,879.0,69.0,100.0,19.9,hybrid,WV,AEP,Withdrawn,gen
AD1-150,2017-09-30,Kankakee 34.5 kV,16731.0,34.5,50.82352941176471,19.9,storage,IL,ComEd,Withdrawn,battery
AD1-151,2017-10-01,Hopewell-Surry 230 kV,19035.0,230.0,100.0,150.0,solar,VA,Dominion,Pending Termination,gen
AD1-152,2017-10-01,Clover-Sedge Hill 230 kV,32642.0,230.0,100.0,80.0,solar,VA,Dominion,In Service,gen
AD1-153,2017-09-30,Walker Mill 12 kV,31461.0,12.0,85.57142857142857,2.76,solar,MD,PEPCO,Withdrawn,gen
AD1-154,2017-09-30,Timblin 34.5 kV,14013.0,34.5,92.0,20.0,gas,PA,PENELEC,Withdrawn,gen
AD1-155,2017-10-02,Meadow Brook-Strasburg 138 kV,7686.0,138.0,100.0,75.0,solar,VA,APS,In Service,gen
AD1-156,2017-09-30,Poe 34.5 kV,33453.0,34.5,92.0,19.7,solar,VA,Dominion,Withdrawn,gen
AD1-157,2017-09-30,South Creek 34.5 kV,3415.0,34.5,75.63636363636364,15.0,solar,VA,Dominion,Withdrawn,gen
AD1-158,2017-09-30,Old Chapel-Millville 138kV,32780.0,138.0,100.0,20.0,solar,VA,Dominion,Withdrawn,gen
AD1-159,2017-09-30,Hickory 34.5 kV,5088.0,34.5,92.0,12.0,solar,VA,Dominion,Withdrawn,gen
AD1-160,2017-09-30,Pamplin 34.5 kV,7417.0,34.5,92.0,15.7,solar,VA,Dominion,Withdrawn,gen
AD1-161,2017-09-30,Stonewall-Long Mountain 69 kV,17553.0,69.0,100.0,55.0,solar,VA,AEP,Withdrawn,gen
AD2-001,2017-10-02,Grangston 138 kV,33172.0,138.0,75.0,318.0,gas,WV,AEP,In Service,gen
AD2-002,2017-10-17,Franklin-Emerald 25 kV,4560.0,25.0,92.0,20.0,gas,PA,APS,Withdrawn,gen
AD2-003 4907750,2017-10-24,PJM-OVEC,31685.0,138.0,57.14285714285714,41.0,other,,,Withdrawn,gen
AD2-004,2017-10-26,Steel-Vienna 230 kV,13278.0,230.0,86.66666666666667,600.0,gas,MD,DPL,Withdrawn,gen
AD2-005,2017-10-24,Nottingham 138kV,33918.0,138.0,100.0,1085.0,gas,OH,AEP,Withdrawn,gen
AD2-006,2017-11-02,Gilbert-Morris Park 34.5 kV,13448.0,34.5,92.0,7.5,solar,NJ,JCPL,Withdrawn,gen
AD2-007,2017-11-04,Hopewell-Surry 230 kV,19035.0,230.0,100.0,7.6,solar,VA,Dominion,Withdrawn,gen
AD2-008,2017-11-04,Hopewell-Surry 230 kV,19035.0,230.0,100.0,52.1,solar,VA,Dominion,Withdrawn,gen
AD2-009,2017-11-07,McConnellsburg 138 kV,14098.0,138.0,100.0,70.0,solar,PA,APS,In Service,gen
AD2-010,2017-11-07,Hillsboro 138 kV,13098.0,138.0,100.0,200.0,solar,OH,AEP,Withdrawn,gen
AD2-011,2017-11-07,Hillsboro 138 kV,13098.0,138.0,100.0,100.0,solar,OH,AEP,Withdrawn,gen
AD2-012,2017-11-07,Hillsboro 138 kV,13098.0,138.0,100.0,49.0,solar,OH,AEP,Withdrawn,gen
AD2-013,2017-11-03,Earleys 115 kV,3185.0,115.0,92.0,74.9,solar,NC,Dominion,Withdrawn,gen
AD2-014,2017-11-10,Steubenville 69 kV,15038.0,69.0,72.72727272727273,49.5,solar,OH,AEP,Suspended,gen
AD2-015,2017-11-13,Dequine 345 kV,39168.0,345.0,100.0,500.0,wind,IN,AEP,Withdrawn,gen
AD2-016,2017-11-16,Biers Run-Circleville 138 kV,42672.0,138.0,100.0,274.0,solar,OH,AEP,In Service,gen
AD2-017,2017-11-15,Buckskin 69 kV,29965.0,69.0,71.42857142857143,120.0,solar,OH,AEP,Withdrawn,gen
AD2-018,2017-11-14,Roseland-Cedar Grove 230kV,26624.0,230.0,100.0,0.0,other,NJ,PSEG,In Service,gen
AD2-019,2017-11-14,Williams-Cedar Grove 230kV,19521.0,230.0,93.33333333333333,0.0,other,NJ,PSEG,In Service,gen
AD2-020,2017-12-01,Valley 138 kV,16471.0,138.0,100.0,100.0,solar,MI,AEP,Engineering and Procurement,gen
AD2-021,2017-11-29,Elko 34.5 kV,31892.0,34.5,92.0,20.0,solar,VA,Dominion,In Service,gen
AD2-022,2017-12-02,East Danville - Roxborough 230 kV,32009.0,230.0,100.0,96.0,solar,VA,AEP,Engineering and Procurement,gen
AD2-023,2017-12-02,East Danville - Roxborough 230 kV,32009.0,230.0,100.0,150.0,solar,VA,AEP,Engineering and Procurement,gen
AD2-024,2017-12-01,Marengo 34 kV,12082.0,34.0,58.66666666666667,20.0,solar,IL,ComEd,Withdrawn,gen
AD2-025,2017-12-05,Hillsborough 13 kV,13098.0,13.0,77.71428571428572,2.0,storage,NJ,PSEG,Withdrawn,battery
AD2-026,2017-12-06,East Flemington-Frenchtown 34.5 kV II,19021.0,34.5,92.0,8.8,solar,NJ,JCPL,In Service,gen
AD2-027,2017-12-07,Camden Switch 26 kV,29531.0,26.0,75.84615384615384,10.0,solar,NJ,PSEG,In Service,gen
AD2-028,2017-12-12,McConnellsburg-Texas Eastern,14098.0,138.0,100.0,150.0,hybrid,PA,APS,Withdrawn,gen
AD2-029,2017-12-13,Dorchester County 12kV,1396.0,12.0,79.64705882352942,19.5,solar,MD,DPL,Withdrawn,gen
AD2-030,2017-12-13,Wan 34.5 kV,20813.0,34.5,77.71428571428572,19.8,solar,VA,Dominion,In Service,gen
AD2-031,2017-12-16,Martinsville-Wilmington 69 kV,14537.0,69.0,100.0,49.9,solar,OH,Dayton,In Service,gen
AD2-032,2017-12-15,Morrisville 230 kV,33146.0,230.0,100.0,150.0,solar,VA,Dominion,Withdrawn,gen
AD2-033,2017-12-23,Chase City-Lunenburg 115 kV,33224.0,115.0,100.0,130.0,solar,VA,Dominion,Under Construction,gen
AD2-035,2018-01-12,Ontelaunee 230 kV,33780.0,230.0,63.1578947368421,630.0,gas,PA,ME,In Service,gen
AD2-036,2018-01-16,Jacksonville-Renaker 138kV IV,3788.0,138.0,92.0,60.0,solar,KY,EKPC,Withdrawn,gen
AD2-037,2018-01-18,Gilbert-Morris Park 34.5 kV,13448.0,34.5,92.0,7.5,solar,NJ,JCPL,Withdrawn,gen
AD2-038,2018-01-22,Powerton-Nevada 345 kV,20090.0,345.0,100.0,150.0,wind,IL,ComEd,Partially in Service - Under Construction,gen
AD2-039,2018-01-20,Harmony Village-Shackleford 115 kV,33194.0,115.0,100.0,90.0,solar,VA,Dominion,Under Construction,gen
AD2-040,2018-01-23,Showalter 34.5 kV,36223.0,34.5,67.0,18.4,solar,MD,APS,Withdrawn,gen
AD2-041,2018-01-24,Normandy,5196.0,138.0,100.0,17.0,solar,IL,ComEd,Withdrawn,gen
AD2-042,2018-01-29,Camden Switch 26 kV II,29531.0,26.0,75.84615384615384,13.2,solar,NJ,PSEG,In Service,gen
AD2-043,2018-01-29,Crystal Hill 115 kV,5851.0,115.0,100.0,65.5,solar,VA,Dominion,Withdrawn,gen
AD2-044,2018-01-29,Northern Neck 34.5 kV,33192.0,34.5,92.0,14.0,solar,VA,Dominion,In Service,gen
AD2-045,2018-01-29,Price Solar,12917.0,138.0,83.63636363636364,20.0,solar,MD,DPL,Withdrawn,gen
AD2-046,2018-01-31,Boydton DP-Kerr Dam 115 kV,33037.0,115.0,63.1578947368421,80.0,solar,VA,Dominion,Withdrawn,gen
AD2-047,2018-01-31,Davis Creek 138 kV,20769.0,138.0,100.0,200.0,wind,IL,ComEd,Suspended,gen
AD2-048,2018-02-01,Cynthia-Headquarters 69 kV,14626.0,69.0,58.66666666666667,70.0,solar,KY,EKPC,Under Construction,gen
AD2-049,2018-01-31,Newport News 23kV,33180.0,23.0,92.0,10.0,storage,VA,Dominion,Withdrawn,battery
AD2-050,2018-01-31,Buxmont 69kV,29924.0,69.0,100.0,200.0,storage,PA,PPL,Withdrawn,battery
AD2-051,2018-01-31,Earleys – Northampton 230kV,3185.0,230.0,100.0,74.9,solar,NC,Dominion,Withdrawn,gen
AD2-052,2018-01-31,Laurel Lake Solar,16031.0,138.0,82.0,10.0,solar,NJ,AEC,Withdrawn,gen
AD2-053,2018-02-02,South Canton-Harmon  345kV,37461.0,345.0,100.0,50.0,other,OH,AEP,Withdrawn,gen
AD2-054,2018-02-01,Dumont-Stillwell 345kV,38419.0,345.0,100.0,50.0,other,IN,AEP,Withdrawn,gen
AD2-055,2018-02-09,Moshannon-East Towanda 230 kV,31895.0,230.0,100.0,548.0,gas,PA,PENELEC,Withdrawn,gen
AD2-056,2018-02-13,Charles City,33130.0,138.0,94.0,20.0,solar,VA,Dominion,Withdrawn,gen
AD2-057,2018-02-20,Highland-Hanna 345kV,36945.0,345.0,100.0,940.0,gas,OH,ATSI,Withdrawn,gen
AD2-058,2018-02-21,St. Barnabas 13 kV,29241.0,13.0,58.66666666666667,5.6,solar,MD,PEPCO,In Service,gen
AD2-059,2018-02-21,Chapel Street 138 kV,32780.0,138.0,77.0,0.77,storage,DE,DPL,Withdrawn,battery
AD2-060,2018-02-21,Davis Creek 138kV,20769.0,138.0,100.0,70.0,solar,IL,ComEd,Engineering and Procurement,gen
AD2-061,2018-02-23,Spring Run 23 kV,29456.0,23.0,73.81818181818181,7.4,solar,PA,PENELEC,Withdrawn,gen
AD2-062,2018-02-24,Roxbury-Greene 138 kV,13241.0,138.0,100.0,80.3,solar,PA,PENELEC,Withdrawn,gen
AD2-063,2018-02-26,Central-Chase City 115kV,25252.0,115.0,92.0,149.5,solar,VA,Dominion,Withdrawn,gen
AD2-064,2018-02-27,Tansboro 12kV,3715.0,12.0,72.0,1.26,solar,NJ,AEC,Withdrawn,gen
AD2-065,2018-02-27,Atco 12 kV,5547.0,12.0,67.0,2.57,solar,NJ,AEC,In Service,gen
AD2-066,2018-03-01,Mazon-Crescent Ridge 138 kV ,38382.0,138.0,80.0,116.0,solar,IL,ComEd,Under Construction,gen
AD2-067,2018-03-02,Centerburg 138kV,14731.0,138.0,80.0,150.0,solar,OH,AEP,Engineering and Procurement,gen
AD2-068,2018-02-28,Everetts-Greenville 230kV,3203.0,230.0,100.0,50.0,solar,NC,Dominion,Withdrawn,gen
AD2-069,2018-02-28,Cox's Corner 13 kV,40034.0,13.0,77.0,3.0,solar,NJ,PSEG,Withdrawn,gen
AD2-070,2018-03-12,Gilbert-Morris Park 34.5kV,13448.0,34.5,92.0,7.5,solar,NJ,JCPL,In Service,gen
AD2-071,2018-03-15,Strawton-Deer Creek 138 kV,45651.0,138.0,100.0,100.0,solar,IN,AEP,Suspended,gen
AD2-072,2018-03-14,Van Arsdell-Mercer Industrial 69kV,36376.0,69.0,60.86956521739131,95.0,solar,KY,EKPC,Withdrawn,gen
AD2-073,2018-03-14,Sanders DP 230 kV,56728.0,230.0,66.66666666666667,19.92,solar,VA,Dominion,In Service,gen
AD2-074,2018-03-15,Garner DP-Lancaster 115 kV,7446.0,115.0,100.0,86.0,solar,VA,Dominion,Under Construction,gen
AD2-075,2018-03-15,Segreto 345kV,29634.0,345.0,66.66666666666667,1340.0,gas,MI,AEP,Withdrawn,gen
AD2-076,2018-03-15,Carville 138 kV,33772.0,138.0,94.11764705882352,49.0,solar,MD,DPL,Withdrawn,gen
AD2-077,2018-03-16,Buxmont 69 kV,29924.0,69.0,100.0,150.0,storage,PA,PPL,Engineering and Procurement,battery
AD2-078,2018-03-15,N. Haverhill 69kV,16040.0,69.0,72.72727272727272,95.0,other,OH,AEP,Withdrawn,gen
AD2-079,2018-03-19,Capitol Ave 34.5kV,53453.0,34.5,61.565217391304344,20.0,solar,IN,AEP,In Service,gen
AD2-080,2018-03-19,Dumont-Stillwell 345kV,38419.0,345.0,100.0,309.0,other,IN,AEP,Withdrawn,gen
AD2-081,2018-03-20,Banister 34.5kV,32888.0,34.5,92.0,20.0,solar,VA,Dominion,Withdrawn,gen
AD2-082,2018-03-20,Pamplin 34.5kV,7417.0,34.5,92.0,15.0,solar,VA,Dominion,Withdrawn,gen
AD2-083,2018-03-20,Larrabee 230kV,26786.0,230.0,100.0,1100.0,other,NJ,JCPL,Withdrawn,gen
AD2-084,2018-03-20,Cardiff 230kV,29640.0,230.0,100.0,1100.0,other,NJ,AEC,Withdrawn,gen
AD2-085,2018-03-21,Myrtle-Windsor DP 115kV,33442.0,115.0,100.0,51.0,solar,VA,Dominion,Engineering and Procurement,gen
AD2-086,2018-03-21,Hardin Switch 345 kV,40060.0,345.0,83.84615384615384,230.0,solar,OH,AEP,In Service,gen
AD2-087,2018-03-20,Randolf 138kV,21840.0,138.0,63.42857142857143,200.0,wind,OH,AEP,Withdrawn,gen
AD2-088,2018-03-20,Laurel 69kV,16031.0,69.0,100.0,30.0,solar,DE,DPL,Withdrawn,gen
AD2-089,2018-03-20,Anaconda-Tar River 115 kV,43876.0,115.0,63.42857142857143,75.0,solar,NC,Dominion,Withdrawn,gen
AD2-090,2018-03-20,Handsom - Southampton 115kV,15090.0,115.0,71.42857142857143,70.0,solar,VA,Dominion,Withdrawn,gen
AD2-091,2018-03-20,Hardin Tap 345kV,40060.0,345.0,88.0,50.0,storage,OH,AEP,Suspended,battery
AD2-092,2018-03-22,Marysville 345kV,38712.0,345.0,100.0,120.0,solar,OH,AEP,Withdrawn,gen
AD2-093,2018-03-21,Marysville 345kV,38712.0,345.0,100.0,240.0,solar,OH,AEP,Partially in Service - Under Construction,gen
AD2-094,2018-03-20,Pantego-Five Points 115 kV,2012.0,115.0,61.53846153846154,20.0,storage,NC,Dominion,Withdrawn,battery
AD2-095,2018-03-20,Todd 69 kV,13110.0,69.0,100.0,20.0,storage,MD,DPL,Withdrawn,battery
AD2-096,2018-03-21,Marysville 345kV,38712.0,345.0,100.0,50.0,storage,OH,AEP,Suspended,battery
AD2-097,2018-03-21,Spruance NUG 230kV,33093.0,230.0,100.0,66.0,gas,VA,Dominion,In Service,gen
AD2-098 4934836,2018-03-21,PJM-WEC,31685.0,138.0,57.14285714285714,,other,,,Confirmed,gen
AD2-099 4934920,2018-03-21,,,138.0,0.0,,other,,,Withdrawn,gen
AD2-100,2018-03-23,Kincaid-Pana 345 kV ,38484.0,345.0,100.0,210.0,solar,IL,ComEd,Suspended,gen
AD2-101,2018-03-22,Bloom-Davis Creek,31840.0,138.0,66.66666666666667,200.0,wind,IL,ComEd,Withdrawn,gen
AD2-102,2018-03-22,Wempletown 345 kV,20819.0,345.0,100.0,200.0,solar,IL,ComEd,Withdrawn,gen
AD2-103,2018-03-22,Crane CT 1 115kV,6336.0,115.0,65.0,14.0,other,MD,BGE,Withdrawn,gen
AD2-104,2018-03-22,Crane CT 2-3-4 115kV,33224.0,115.0,60.0,144.6,gas,MD,BGE,Withdrawn,gen
AD2-105,2018-03-22,Leslie-Stinnett 161KV,1486.0,161.0,100.0,100.0,solar,KY,AEP,Withdrawn,gen
AD2-106,2018-03-22,Bulan 69kV,11548.0,69.0,100.0,80.0,solar,KY,AEP,Withdrawn,gen
AD2-107,2018-03-22,Chavies-Bonnyman 69kV,23401.0,69.0,63.42857142857143,55.0,solar,KY,AEP,Withdrawn,gen
AD2-108,2018-03-22,Springdale CT II 138kV,13584.0,138.0,64.06593406593406,96.0,gas,PA,APS,In Service,gen
AD2-109,2018-03-22,Gans 138kV,14284.0,138.0,100.0,100.0,gas,PA,APS,Withdrawn,gen
AD2-110,2018-03-22,Guilford 138kV,14094.0,138.0,100.0,100.0,gas,PA,APS,In Service,gen
AD2-111,2018-03-22,Hunlock 69 kV,13459.0,69.0,85.0,50.0,gas,PA,AEP,Withdrawn,gen
AD2-112,2018-03-22,Springdale CC II 138kV,13584.0,138.0,64.06593406593406,610.0,gas,PA,APS,In Service,gen
AD2-113,2018-03-22,South Bend 500kV,12658.0,500.0,92.0,788.1,gas,PA,APS,In Service,gen
AD2-114,2018-03-22,South Bend 500kV,12658.0,500.0,92.0,1200.0,gas,PA,APS,Withdrawn,gen
AD2-115,2018-03-24,Lyons-Moselem 69kV,13624.0,69.0,92.0,20.0,solar,PA,ME,In Service,gen
AD2-116,2018-03-24,Hokes-Grantley 69 kV,43979.0,69.0,72.72727272727273,20.0,solar,PA,ME,In Service,gen
AD2-117,2018-03-22,Bernville 69kV,41497.0,69.0,92.0,15.0,solar,PA,ME,Withdrawn,gen
AD2-118,2018-03-22,Laurel 12 kV,16031.0,12.0,92.0,5.0,solar,DE,DPL,Withdrawn,gen
AD2-119,2018-03-22,Milesburg-Dale Summit 230kV,33159.0,230.0,100.0,75.0,solar,PA,APS,Withdrawn,gen
AD2-120,2018-03-22,Shenango-McDowell 138kV,36538.0,138.0,100.0,120.0,solar,PA,ATSI,Withdrawn,gen
AD2-121,2018-03-22,Oyster Creek 230 kV I,26767.0,230.0,100.0,530.0,other,NJ,JCPL,Withdrawn,gen
AD2-122,2018-03-22,Oyster Creek 230 kV II,26767.0,230.0,100.0,635.0,other,NJ,JCPL,Withdrawn,gen
AD2-123,2018-03-22,East Danville-Roxborough 230 kV,32009.0,230.0,100.0,94.0,solar,NC,AEP,Withdrawn,gen
AD2-124,2018-03-22,East Danville-Roxborough 230 kV,32009.0,230.0,100.0,20.0,solar,NC,AEP,Withdrawn,gen
AD2-125,2018-03-23,Myersdale Storage,46097.0,138.0,60.0,68.0,storage,PA,PENELEC,Withdrawn,battery
AD2-126,2018-03-23,Backbone Mountain 138 kV,13461.0,138.0,77.5,90.0,storage,WV,APS,Withdrawn,battery
AD2-127,2018-03-23,East Carbondale-Lackawanna 69 kV,13553.0,69.0,100.0,89.0,storage,PA,PPL,Withdrawn,battery
AD2-128,2018-03-23,Mill Run 25 kV,29641.0,25.0,77.0,15.0,storage,PA,APS,Withdrawn,battery
AD2-129,2018-03-23,Somerset Storage,7415.0,138.0,85.0,18.0,storage,PA,PENELEC,Withdrawn,battery
AD2-130,2018-03-23,ESS-J338,19235.0,138.0,75.0,13.6,other,IL,ComEd,Withdrawn,gen
AD2-131,2018-03-24,Kincaid-Pana 345kV,38484.0,345.0,100.0,260.0,solar,IL,ComEd,Suspended,gen
AD2-132,2018-03-23,Olive-Reynolds 345kV,32980.0,345.0,100.0,200.0,wind,IN,AEP,Withdrawn,gen
AD2-133,2018-03-25,Eagle Valley 115kV,14703.0,115.0,100.0,135.4,wind,PA,PENELEC,In Service,gen
AD2-134,2018-03-25,Shady Oaks,45102.0,138.0,85.0,215.4,wind,IL,ComEd,Partially in Service - Under Construction,gen
AD2-135,2018-03-23,Williamstown 12kV,31832.0,12.0,92.0,1.62,solar,NJ,AEC,Partially in Service - Under Construction,gen
AD2-136,2018-03-23,Melmore Tap 138kV,6175.0,138.0,89.0909090909091,360.0,wind,OH,AEP,Withdrawn,gen
AD2-137,2018-03-23,Loretto-Wilton Center,13133.0,138.0,100.0,150.0,wind,IL,ComEd,Withdrawn,gen
AD2-138,2018-03-23,Olive-Reynolds #1 345kV,32980.0,345.0,100.0,200.0,wind,IN,AEP,Withdrawn,gen
AD2-139,2018-03-23,Wilton Center,14129.0,138.0,88.0,200.0,solar,IL,ComEd,Withdrawn,gen
AD2-140,2018-03-23,Wilton Center,14129.0,138.0,88.0,150.0,wind,IL,ComEd,Withdrawn,gen
AD2-141,2018-03-23,Wilton Center,14129.0,138.0,88.0,150.0,wind,IL,ComEd,Withdrawn,gen
AD2-142,2018-03-23,Wilton Center,14129.0,138.0,88.0,300.0,wind,IL,ComEd,Withdrawn,gen
AD2-143,2018-03-23,Richland Jct-East Leipsic 138kV,42423.0,138.0,90.0,150.0,wind,IN,AEP,Withdrawn,gen
AD2-144,2018-03-23,Marysville 345kV,38712.0,345.0,100.0,150.0,wind,IN,AEP,Withdrawn,gen
AD2-145,2018-03-23,Star 345kV,39067.0,345.0,100.0,150.0,wind,IN,ATSI,Withdrawn,gen
AD2-146,2018-03-23,Wiley 138 kV,23126.0,138.0,72.72727272727273,100.0,solar,OH,DEOK,Withdrawn,gen
AD2-147,2018-03-23,South Charleston 345kV,33013.0,345.0,87.0,100.0,solar,OH,Dayton,Withdrawn,gen
AD2-148,2018-03-23,Davis Creek 345kV,20769.0,345.0,100.0,150.0,wind,IL,ComEd,Withdrawn,gen
AD2-149,2018-03-23,Davis Creek 345kV,20769.0,345.0,100.0,150.0,wind,IL,ComEd,Withdrawn,gen
AD2-150,2018-03-23,Davis Creek 345kV,20769.0,345.0,100.0,150.0,wind,IL,ComEd,Withdrawn,gen
AD2-151,2018-03-23,Hillcrest 345kV,36329.0,345.0,92.0,100.0,solar,OH,DEOK,Withdrawn,gen
AD2-152,2018-03-23,Pocono 230 kV,41928.0,230.0,100.0,150.0,wind,PA,PPL,Withdrawn,gen
AD2-153,2018-03-23,Brokaw-Pontiac Midpoint,12100.0,138.0,100.0,150.0,wind,IL,ComEd,Withdrawn,gen
AD2-154,2018-03-23,Brokaw-Pontiac Midpoint,12100.0,138.0,100.0,150.0,wind,IL,ComEd,Withdrawn,gen
AD2-155,2018-03-23,Brokaw-Pontiac Midpoint,12100.0,138.0,100.0,150.0,wind,IL,ComEd,Withdrawn,gen
AD2-156,2018-03-23,Avery 138 kV,39338.0,138.0,100.0,100.0,solar,OH,ATSI,Withdrawn,gen
AD2-157,2018-03-23,Hampshire-Gore 138kV,31871.0,138.0,58.82352941176471,100.0,solar,WV,APS,Withdrawn,gen
AD2-158,2018-03-24,Old Chapel-Millville 138kV,32780.0,138.0,100.0,77.5,solar,WV,APS,Withdrawn,gen
AD2-159,2018-03-26,Chestnut 345kV,44835.0,345.0,79.14285714285714,187.5,wind,IL,ComEd,Withdrawn,gen
AD2-160,2018-03-26,Hickory-Moyock 230kV,32309.0,230.0,100.0,50.0,solar,NC,Dominion,In Service,gen
AD2-161,2018-03-26,Hunlock 69kV,13459.0,69.0,85.0,10.0,storage,PA,PPL,Withdrawn,battery
AD2-162,2018-03-27,Biers Run-Circleville 138kV,42672.0,138.0,100.0,110.0,solar,OH,AEP,Withdrawn,gen
AD2-163,2018-03-27,Broadview-Tangy 138 kV,15445.0,138.0,92.0,180.0,solar,OH,ATSI,In Service,gen
AD2-164,2018-03-26,Peninsula 34.5kV,33185.0,34.5,92.0,26.7,gas,VA,Dominion,Withdrawn,gen
AD2-165,2018-03-26,South River II 230kV,31647.0,230.0,59.16666666666666,565.0,hybrid,NJ,JCPL,Withdrawn,gen
AD2-166,2018-03-27,Ironwood 230kV,13613.0,230.0,90.0,825.0,gas,PA,ME,In Service,gen
AD2-167,2018-03-27,Rock Springs 500kV,12912.0,500.0,100.0,1090.0,gas,MD,Essential Power,In Service,gen
AD2-168,2018-03-28,Wempletown 138 kV,20819.0,138.0,100.0,150.0,hybrid,IL,ComEd,Withdrawn,gen
AD2-169,2018-03-28,Pleasant Hill-Trego 115kV,30054.0,115.0,92.0,100.0,solar,VA,Dominion,Withdrawn,gen
AD2-170,2018-03-28,Carll's Corner 12 kV,19719.0,12.0,88.2962962962963,4.8,solar,NJ,AEC,Withdrawn,gen
AD2-171,2018-03-28,Branchburg-Alburtis 500kV,29176.0,500.0,100.0,700.0,gas,NJ,PSEG,Withdrawn,gen
AD2-172,2018-03-29,Lena 138kV,31785.0,138.0,72.0,50.0,solar,IL,ComEd,In Service,gen
AD2-173,2018-03-28,Bremo-Kidds Store 115 kV,7397.0,115.0,83.63636363636364,75.0,solar,VA,Dominion,Withdrawn,gen
AD2-174,2018-03-28,Oakville-St. Andrews 69kV,13697.0,69.0,100.0,52.5,solar,MD,SMECO,Withdrawn,gen
AD2-175,2018-03-28,Davis Creek 345 kV,20769.0,345.0,100.0,205.0,solar,IL,ComEd,Withdrawn,gen
AD2-176,2018-03-28,Marengo 138kV,12082.0,138.0,66.66666666666667,100.0,solar,IL,ComEd,Withdrawn,gen
AD2-177,2018-03-28,Pontiac MidPoint 345 kV,13202.0,345.0,100.0,205.0,solar,IL,ComEd,Withdrawn,gen
AD2-178,2018-03-28,Wurno 138kV,32621.0,138.0,100.0,120.0,solar,VA,AEP,Withdrawn,gen
AD2-179,2018-03-29,Morgans Cut-Glen Lyn 138kV,11495.0,138.0,75.33333333333334,100.0,solar,VA,AEP,Withdrawn,gen
AD2-180,2018-03-29,Elk Garden-Parr Run 138kV,39951.0,138.0,100.0,110.0,wind,WV,APS,In Service,gen
AD2-181,2018-03-29,Shawboro-Sligo 230 kV,32356.0,230.0,100.0,150.0,solar,NC,Dominion,Withdrawn,gen
AD2-182,2018-03-29,George Washington 138 kV,802.0,138.0,100.0,481.5,gas,WV,AEP,Withdrawn,gen
AD2-183,2018-03-29,Cashie 230 kV,3582.0,230.0,100.0,80.0,hybrid,NC,Dominion,Withdrawn,gen
AD2-184,2018-03-29,Cashie 230 kV,3582.0,230.0,100.0,80.0,hybrid,NC,Dominion,Withdrawn,gen
AD2-185,2018-03-29,Cashie 230 kV,3582.0,230.0,100.0,80.0,hybrid,NC,Dominion,Withdrawn,gen
AD2-186,2018-03-29,Hickory 34.5 kV,5088.0,34.5,92.0,20.0,solar,VA,Dominion,Withdrawn,gen
AD2-187,2018-03-29,Hickory 34.5 kV,5088.0,34.5,92.0,12.0,solar,VA,Dominion,Withdrawn,gen
AD2-188,2018-03-29,Nelson-Electric Junc,5149.0,138.0,100.0,125.0,solar,IL,ComEd,Withdrawn,gen
AD2-189,2018-03-30,Kammer-Vassell 765kV,36959.0,765.0,100.0,1875.0,gas,OH,AEP,In Service,gen
AD2-190,2018-03-30,Morrisville 230 kV,33146.0,230.0,100.0,200.0,solar,VA,Dominion,Withdrawn,gen
AD2-191,2018-03-30,Melmore 138kV,6175.0,138.0,100.0,370.0,wind,OH,AEP,Withdrawn,gen
AD2-192,2018-03-31,Glen Falls 138kV,777.0,138.0,100.0,625.0,gas,WV,APS,Under Construction,gen
AD2-193,2018-03-30,Spotsylvania 500 kV,5115.0,500.0,72.0,556.0,solar,VA,Dominion,Withdrawn,gen
AD2-194,2018-03-31,Elwood 345 kV,20758.0,345.0,100.0,1260.9,gas,IL,ComEd,Partially in Service - Under Construction,gen
AD2-195,2018-03-30,Trowbridge-Pantero 115 kV,32253.0,115.0,92.0,80.0,solar,NC,Dominion,Withdrawn,gen
AD2-196,2018-03-30,Acahela 230 kV,31761.0,230.0,100.0,150.0,wind,PA,PPL,Withdrawn,gen
AD2-197,2018-03-30,Carson-Rodgers Road 500 kV,33483.0,500.0,100.0,500.0,solar,VA,Dominion,Withdrawn,gen
AD2-198,2018-03-30,Ellwood,30049.0,138.0,93.33333333333333,1745.0,gas,IL,ComEd,Withdrawn,gen
AD2-199,2018-03-30,St. Barnabas 13kV II,29241.0,13.0,58.66666666666667,3.0,solar,MD,PEPCO,Withdrawn,gen
AD2-200,2018-03-30,Briery-Clover 230 kV,26634.0,230.0,66.66666666666667,144.0,solar,VA,Dominion,Withdrawn,gen
AD2-201,2018-03-30,South Creek 115 kV,3415.0,115.0,83.63636363636364,62.0,solar,VA,Dominion,Withdrawn,gen
AD2-201A,2018-03-30,Hickman-Riverbend 69kV,20864.0,69.0,71.42857142857143,50.0,solar,VA,AEP,Withdrawn,gen
AD2-202,2018-03-31,Clover-Sedge Hill 230kV,32642.0,230.0,100.0,83.0,solar,VA,Dominion,In Service,gen
AD2-203,2018-03-30,Clubhouse-Lakeville 230 kV,33432.0,230.0,100.0,72.3,solar,VA,Dominion,Withdrawn,gen
AD2-204,2018-03-30,Burlington 26 kV,19326.0,26.0,92.0,5.0,solar,NJ,PSEG,Withdrawn,gen
AD2-205,2018-04-13,Byllesby 69 kV,7963.0,69.0,86.0,4.0,storage,VA,AEP,In Service,battery
AD2-206,2018-03-30,Clubhouse-Freeman DP 115 kV,33432.0,115.0,100.0,250.0,solar,VA,Dominion,Withdrawn,gen
AD2-207,2018-03-30,Suffolk-Poe 115 kV,32305.0,115.0,100.0,100.0,solar,VA,Dominion,Withdrawn,gen
AD2-208,2018-03-30,Boykins 115 kV,3210.0,115.0,92.0,100.0,solar,VA,Dominion,Withdrawn,gen
AD2-209,2018-03-30,Cherryville 12.5 kV,51157.0,12.5,77.71428571428572,2.0,storage,NJ,JCPL,Withdrawn,battery
AD2-210,2018-03-30,Cedar Knolls 12.5 kV,14660.0,12.5,74.5,2.0,storage,NJ,JCPL,Withdrawn,battery
AD2-211,2018-03-30,Great Adventure 34.5 kV,51555.0,34.5,58.66666666666667,20.0,storage,NJ,JCPL,Withdrawn,battery
AD2-212,2018-03-30,Ocean Bay 128 kV,12135.0,128.0,66.66666666666667,160.0,wind,MD,DPL,Withdrawn,gen
AD2-213,2018-04-01,East Flemington-Lebanon 34.5 kV,19021.0,34.5,92.0,20.0,storage,NJ,JCPL,In Service,battery
AD2-214,2018-03-30,Rock Falls-Garden Plains,14629.0,138.0,85.0,68.0,solar,IL,ComEd,Withdrawn,gen
AD2-215,2018-03-30,Kings Fork 34.5 kV,32301.0,34.5,92.0,15.0,solar,VA,Dominion,Withdrawn,gen
AD2-216,2018-03-30,Axton 138 kV,32296.0,138.0,92.0,68.0,solar,VA,AEP,Withdrawn,gen
AD2-217,2018-03-30,Crossland 13 kV,26624.0,13.0,74.35294117647058,8.8,storage,PA,ATSI,Withdrawn,battery
AE1-001,2018-04-02,Calvert Cliffs 500kV ,31440.0,500.0,100.0,1820.8,other,MD,BGE,In Service,gen
AE1-002,2018-04-04,Wilton Center-Loretto,14129.0,138.0,88.0,100.0,storage,IN,ComEd,Withdrawn,battery
AE1-003,2018-04-04,Williams 138 kV,30022.0,138.0,90.0,209.0,storage,WV,APS,Withdrawn,battery
AE1-004,2018-04-07,Harmony Village-Shackleford 115 kV,33194.0,115.0,100.0,110.0,solar,VA,Dominion,Under Construction,gen
AE1-005,2018-04-20,Pantego-Five Points 115 kV,2012.0,115.0,61.53846153846154,20.0,storage,NC,Dominion,Withdrawn,battery
AE1-006,2018-04-23,Germantown 115 kV,13381.0,115.0,92.0,75.0,solar,PA,ME,Withdrawn,gen
AE1-007,2018-04-23,Camden-Crystal III 69 kV,29531.0,69.0,92.0,89.9,solar,OH,Dayton,Withdrawn,gen
AE1-008,2018-04-23,College Corner 138 kV,13782.0,138.0,100.0,100.0,solar,OH,AEP,Withdrawn,gen
AE1-009,2018-04-25,Bremo-Cunningham DP 115 kV,7397.0,115.0,83.63636363636364,20.0,solar,VA,Dominion,Withdrawn,gen
AE1-010,2018-04-27,Locust Grove-Paytes 115 kV,7438.0,115.0,92.5,95.5,storage,VA,Dominion,Withdrawn,battery
AE1-011,2018-05-02,Livingston Road 13 kV,6471.0,13.0,85.07692307692308,1.48,solar,MD,PEPCO,Withdrawn,gen
AE1-012,2018-10-02,64th St. 13 kV,29227.0,13.0,77.71428571428572,0.54,solar,MD,PEPCO,Withdrawn,gen
AE1-013,2018-05-03,Suitland Road 13 kV,17735.0,13.0,72.0,0.9,solar,MD,PEPCO,Withdrawn,gen
AE1-014,2018-05-02,Canada Street 13 kV,13359.0,13.0,62.58823529411764,0.54,solar,MD,PEPCO,Withdrawn,gen
AE1-015,2018-05-02,St. Barnabas Road 13 kV,11511.0,13.0,56.0,1.4,solar,MD,PEPCO,Withdrawn,gen
AE1-016,2018-05-03,Livingston Road 13 kV,6471.0,13.0,85.07692307692308,1.08,solar,MD,PEPCO,Withdrawn,gen
AE1-017,2018-05-14,Peak Creek-Draper 34.5 kV,32620.0,34.5,92.0,20.0,solar,VA,AEP,Withdrawn,gen
AE1-018,2018-05-14,Peak Creek-Memoria Drive 12 kV,32620.0,12.0,92.0,5.0,solar,VA,AEP,Withdrawn,gen
AE1-019,2018-05-15,Earleys-Scotland Neck 115 kV,3185.0,115.0,92.0,70.0,solar,NC,Dominion,Withdrawn,gen
AE1-020,2018-05-23,Oyster Creek 230 kV,26767.0,230.0,100.0,816.0,wind,NJ,JCPL,Suspended,gen
AE1-021,2018-05-24,Gavin #2 765 kV,37999.0,765.0,91.42857142857143,1367.0,other,OH,AEP,In Service,gen
AE1-022,2018-05-25,Morrisville 230 kV,33146.0,230.0,100.0,200.0,solar,VA,Dominion,Withdrawn,gen
AE1-023,2018-05-25,Wempletown,20819.0,138.0,100.0,150.0,hybrid,IL,ComEd,Withdrawn,gen
AE1-024,2018-05-25,Cashie 230 kV,3582.0,230.0,100.0,80.0,hybrid,NC,Dominion,Withdrawn,gen
AE1-025,2018-05-25,Cashie 230 kV,3582.0,230.0,100.0,80.0,hybrid,NC,Dominion,Withdrawn,gen
AE1-026,2018-05-25,Cashie 230 kV,3582.0,230.0,100.0,80.0,hybrid,NC,Dominion,Withdrawn,gen
AE1-027,2018-05-29,Hickory 34.5 kV,5088.0,34.5,92.0,20.0,solar,VA,Dominion,Withdrawn,gen
AE1-028,2018-05-29,Hickory 34.5 kV,5088.0,34.5,92.0,12.0,solar,VA,Dominion,Withdrawn,gen
AE1-029,2018-05-30,Wheatland 12 kV,40127.0,12.0,92.0,8.8,storage,PA,ATSI,Withdrawn,battery
AE1-030,2018-06-04,Stuart-Clinton 345 kV II,11468.0,345.0,100.0,100.0,solar,OH,Dayton,Withdrawn,gen
AE1-031,2018-06-04,Stuart-Clinton 345 kV III,11468.0,345.0,100.0,100.0,solar,OH,Dayton,Withdrawn,gen
AE1-032 4948568,2018-05-24,AMIL-PJM,29641.0,138.0,75.0,,other,,,Withdrawn,gen
AE1-033 4950965,2018-06-04,ALTE-PJM,48484.0,138.0,80.0,,other,,,Withdrawn,gen
AE1-034,2018-06-07,Larrabee 230 kV,26786.0,230.0,100.0,1104.0,wind,NJ,JCPL,Withdrawn,gen
AE1-035,2018-06-08,Earleys 230 kV,3185.0,230.0,100.0,99.9,solar,NC,Dominion,In Service,gen
AE1-036,2018-06-13,Red Oak 230 kV,26550.0,230.0,93.33333333333333,776.0,gas,NJ,JCPL,In Service,gen
AE1-037,2018-06-18,Deans 500kV,29509.0,500.0,100.0,1200.0,wind,NJ,PSEG,Withdrawn,gen
AE1-038,2018-06-22,Cartanza 69 kV,16047.0,69.0,100.0,20.0,solar,DE,DPL,Withdrawn,gen
AE1-039,2018-06-22,West Street (Orchard Hills) 12.47 kV,24827.0,47.0,76.28571428571428,4.0,gas,MI,AEP,In Service,gen
AE1-040,2018-06-26,Greenfield 69 kV,6385.0,69.0,92.0,48.0,solar,OH,Dayton,In Service,gen
AE1-041,2018-06-25,Edison 4kV,15516.0,138.0,100.0,1.1,hybrid,NJ,PSEG,In Service,gen
AE1-042 4954950,2018-06-26,TVA-PJM,56730.0,138.0,66.66666666666667,,other,,,Withdrawn,gen
AE1-043,2018-07-03,Clayton-Woodstown 12 kV,16727.0,12.0,92.0,1.0,solar,NJ,AEC,Withdrawn,gen
AE1-044,2018-07-06,Morrisville 230 kV,33146.0,230.0,100.0,200.0,solar,VA,Dominion,Withdrawn,gen
AE1-045,2018-07-11,Minotola 12 kV I,13410.0,12.0,72.0,3.0,solar,NJ,AEC,Withdrawn,gen
AE1-046,2018-07-11,Minotola 12 kV II,13410.0,12.0,72.0,3.0,solar,NJ,AEC,Withdrawn,gen
AE1-047,2018-07-11,Spotsylvania 500 kV,5115.0,500.0,72.0,800.0,solar,VA,Dominion,Withdrawn,gen
AE1-048,2018-07-17,Wye Mills 25 kV,12919.0,25.0,92.0,1.0,storage,MD,DPL,Withdrawn,battery
AE1-049,2018-07-17,Tanners Creek - Miami Fort Upgrade Acceleration (b2828; b2831; b2968),14562.0,138.0,100.0,,other,OH,DEOK,Withdrawn,gen
AE1-050,2018-07-20,Gavin Unit 1 765 kV,37999.0,765.0,82.5,1349.0,other,OH,AEP,In Service,gen
AE1-051,2018-07-20,East Carbondale-Lackawanna 69kV,13553.0,69.0,100.0,74.5,storage,PA,PPL,Withdrawn,battery
AE1-052,2018-07-21,William 138 kV,19521.0,138.0,92.0,66.0,storage,WV,APS,Withdrawn,battery
AE1-053,2018-07-20,Meyersdale North,16040.0,138.0,72.5,30.0,storage,PA,PENELEC,Withdrawn,battery
AE1-054,2018-07-23,Mill Run 25kV,29641.0,25.0,77.0,15.0,storage,PA,APS,Withdrawn,battery
AE1-055,2018-07-24,Mason 230 kV,38382.0,230.0,100.0,134.0,hybrid,NJ,PSEG,Withdrawn,gen
AE1-056,2018-07-25,Red House-South Creek 115 kV,12622.0,115.0,70.0,60.0,solar,VA,Dominion,Withdrawn,gen
AE1-057,2018-07-26,Brandy DP 115 kV,42729.0,115.0,71.42857142857143,5.0,solar,VA,Dominion,Withdrawn,gen
AE1-058,2018-07-26,Frackville-Siegfried 230 kV,32745.0,230.0,100.0,500.0,other,PA,PPL,Withdrawn,gen
AE1-059,2018-07-27,Stanton-Summit 230 kV,13402.0,230.0,100.0,200.0,other,PA,PPL,Withdrawn,gen
AE1-060,2018-07-26,Kittatinny-Newton 34.5 kV,19240.0,34.5,92.0,19.8,storage,NJ,JCPL,In Service,battery
AE1-061,2018-07-30,Minotola 12 kV,13410.0,12.0,72.0,5.5,storage,NJ,AEC,Withdrawn,battery
AE1-062,2018-07-30,Silver Lake 69 kV,20806.0,69.0,92.0,20.0,storage,NJ,AEC,Withdrawn,battery
AE1-063,2018-07-30,Buckeye-Ringoes 34.5 kV,5180.0,34.5,78.15384615384616,3.0,solar,NJ,JCPL,Withdrawn,gen
AE1-064,2018-07-31,Whitehouse-Lone Gum 138 kV,1841.0,138.0,69.77777777777779,102.1,solar,VA,AEP,Withdrawn,gen
AE1-065,2018-07-31,Virginia Beach 230 kV,6600.0,230.0,100.0,800.1,wind,VA,Dominion,Withdrawn,gen
AE1-066,2018-07-31,Virginia Beach 230 kV,6600.0,230.0,100.0,800.1,wind,VA,Dominion,Withdrawn,gen
AE1-067,2018-07-31,Virginia Beach 230 kV,6600.0,230.0,100.0,800.1,wind,VA,Dominion,Withdrawn,gen
AE1-068,2018-07-31,Carson-Rogers Rd 500 kV,33483.0,500.0,100.0,500.0,solar,VA,Dominion,Withdrawn,gen
AE1-069,2018-07-31,Carson-Rogers Road 500 kV,33483.0,500.0,100.0,400.0,solar,VA,Dominion,Withdrawn,gen
AE1-070 - moved to TC1,2018-07-31,Elwood 345 kV,20758.0,345.0,100.0,1610.0,gas,IL,ComEd,Withdrawn,gen
AE1-071,2018-07-31,Shade Gap-Roxbury 115 kV,13238.0,115.0,100.0,100.1,solar,PA,PENELEC,In Service,gen
AE1-072,2018-07-31,Shawboro-Sligo 230 kV,32356.0,230.0,100.0,150.0,solar,NC,Dominion,Under Construction,gen
AE1-073,2018-07-31,Bremo-Kidds Store 115 kV,7397.0,115.0,83.63636363636364,75.0,solar,VA,Dominion,Withdrawn,gen
AE1-074,2018-08-01,Winterpock 34.5 kV,12818.0,34.5,72.0,20.0,solar,VA,Dominion,Partially in Service - Under Construction,gen
AE1-075,2018-08-02,Powhatan 34.5 kV,7691.0,34.5,92.0,18.0,solar,VA,Dominion,In Service,gen
AE1-076,2018-08-07,Twombley Road 138 kV,29633.0,138.0,70.0,35.4,solar,IL,ComEd,Withdrawn,gen
AE1-077,2018-08-07,Sandy Springs-High Ridge 230 kV,31572.0,230.0,96.0,100.0,other,MD,BGE,Withdrawn,gen
AE1-078,2018-08-07,Greendale-Miami Fort 138kV Upgrades,14236.0,138.0,80.0,50.0,other,OH,DEOK,Withdrawn,gen
AE1-079,2018-08-11,Maysville-Sharon 69 kV,38712.0,69.0,86.73684210526316,19.9,solar,PA,ATSI,Under Construction,gen
AE1-080,2018-08-21,Wylie Ridge 500 kV,35523.0,500.0,100.0,1075.0,gas,PA,APS,Withdrawn,gen
AE1-080A 4964319,2018-08-16,PJM-MECS,31685.0,138.0,57.14285714285714,,other,,,Withdrawn,gen
AE1-081,2018-08-27,Landing 12.47 kV,49098.0,47.0,69.35294117647058,1.25,solar,NJ,JCPL,In Service,gen
AE1-082,2018-08-28,Charles County 13 kV,23401.0,13.0,77.0,1.25,solar,MD,SMECO,Withdrawn,gen
AE1-083,2018-08-28,Busselton 13kV,36232.0,13.0,72.0,5.0,solar,NJ,PSEG,Withdrawn,gen
AE1-084,2018-08-30,Barterbrook-Stuarts Draft 115 kV,29936.0,115.0,70.26086956521739,83.0,solar,VA,Dominion,Withdrawn,gen
AE1-085,2018-08-30,Bakers Pond-Bell Ave 115 kV,14044.0,115.0,63.1578947368421,75.0,solar,VA,Dominion,Withdrawn,gen
AE1-086,2018-08-31,Grassy Falls 138 kV,14629.0,138.0,82.5,55.6,wind,WV,APS,In Service,gen
AE1-087,2018-08-31,Todd 69 kV,13110.0,69.0,100.0,20.0,storage,MD,DPL,Withdrawn,battery
AE1-088,2018-08-31,Five Points-Pantego 115 kV,33429.0,115.0,92.0,20.0,storage,NC,Dominion,Withdrawn,battery
AE1-089,2018-08-31,Elderberry-Dumont 345 kV,22546.0,345.0,58.66666666666667,310.0,solar,IN,AEP,Withdrawn,gen
AE1-090,2018-09-01,Hardin Switch 345 kV,40060.0,345.0,83.84615384615384,250.0,solar,OH,AEP,In Service,gen
AE1-091,2018-08-31,West Newton-Lynn 138 kV,11762.0,138.0,92.5,110.0,solar,OH,AEP,Suspended,gen
AE1-092 - moved to TC1,2018-08-31,Blue Jacket-Kirby 138 kV,20824.0,138.0,60.0,206.55,solar,OH,Dayton,Engineering and Procurement,gen
AE1-093,2018-08-31,Elk 138 kV,31892.0,138.0,85.71428571428572,42.0,storage,OH,AEP,Suspended,battery
AE1-094 4966856,2018-08-30,PJM-HUDSON,31685.0,138.0,57.14285714285714,,other,,,Withdrawn,gen
AE1-095 4966859,2018-08-30,PJM-HUDSON,31685.0,138.0,57.14285714285714,,other,,,Withdrawn,gen
AE1-096 4966862,2018-08-30,PJM-HUDSON,31685.0,138.0,57.14285714285714,,other,,,Withdrawn,gen
AE1-097 4966877,2018-08-30,PJM-HUDSON,31685.0,138.0,57.14285714285714,,other,,,Withdrawn,gen
AE1-098,2018-08-31,Endless Caverns 34.5 kV,39996.0,34.5,56.28571428571428,15.7,solar,VA,Dominion,Withdrawn,gen
AE1-099,2018-08-31,Endless Caverns 34.kV,39996.0,138.0,64.28571428571428,15.7,solar,VA,Dominion,Withdrawn,gen
AE1-100,2018-09-03,Axton 138 kV,32296.0,138.0,92.0,66.0,solar,VA,AEP,In Service,gen
AE1-101,2018-09-02,McConnellsburg-Texas Eastern 138 kV,14098.0,138.0,100.0,150.0,solar,PA,APS,In Service,gen
AE1-102,2018-09-01,Maddox Creek 345 kV,17333.0,345.0,70.58823529411764,396.0,solar,OH,AEP,Engineering and Procurement,gen
AE1-103,2018-09-01,Holland-Union Camp 115 kV,38486.0,115.0,92.0,40.0,solar,VA,Dominion,Suspended,gen
AE1-104,2018-09-06,BL England 138 kV,19257.0,138.0,100.0,432.0,wind,NJ,AEC,Suspended,gen
AE1-105,2018-09-06,North Longview 500 kV,13310.0,500.0,100.0,1270.0,gas,WV,APS,Engineering and Procurement,gen
AE1-106,2018-09-11,Lake Lynn-Hazelton 138 kV,13312.0,138.0,86.15384615384616,99.6,solar,WV,APS,Withdrawn,gen
AE1-107,2018-09-10,Mt. Pleasant-Lums Pond 138 kV,31820.0,138.0,100.0,53.1,solar,DE,DPL,Withdrawn,gen
AE1-108,2018-09-13,Bremo-Scottsville 138 kV,7397.0,138.0,83.63636363636364,149.5,solar,VA,AEP,Under Construction,gen
AE1-109,2018-09-15,Frenchs Mill 34 kV,29641.0,34.0,72.0,20.0,solar,WV,APS,In Service,gen
AE1-109A,2018-09-12,Baker Pont-Ivor 115 kV,14044.0,115.0,77.77777777777779,85.0,solar,VA,Dominion,Withdrawn,gen
AE1-110 4966477,2018-08-28,PJM-DUK,31685.0,138.0,57.14285714285714,,other,,,Withdrawn,gen
AE1-111 4966479,2018-08-28,PJM-DUK,31685.0,138.0,57.14285714285714,,other,,,Withdrawn,gen
AE1-112 4966484,2018-08-28,PJM-DUK,31685.0,138.0,57.14285714285714,,other,,,Withdrawn,gen
AE1-113,2018-09-14,Mole Creek 345 kV,40057.0,345.0,75.0,300.0,wind,IL,ComEd,Under Construction,gen
AE1-114 - moved to TC1,2018-09-13,Maryland-Lancaster 138 kV,15736.0,138.0,92.0,150.0,wind,IL,ComEd,Engineering and Procurement,gen
AE1-115,2018-09-14,Churchtown 69 kV,21702.0,69.0,92.0,20.0,storage,NJ,AEC,Withdrawn,battery
AE1-116,2018-09-14,Somerset 22.86kV,7415.0,86.0,83.81818181818181,9.0,storage,PA,PENELEC,Withdrawn,battery
AE1-117,2018-09-14,Bethany 138 kV,56833.0,138.0,66.66666666666667,152.0,wind,DE,DPL,Withdrawn,gen
AE1-118,2018-09-14,Bethany-138th Street 138 kV,56833.0,138.0,66.66666666666667,152.0,wind,DE,DPL,Withdrawn,gen
AE1-119,2018-09-17,Lemoyne 345 kV,38769.0,345.0,100.0,1260.0,gas,OH,ATSI,Withdrawn,gen
AE1-120,2018-09-17,Hillcrest 138 kV,36329.0,138.0,100.0,200.0,solar,OH,DEOK,In Service,gen
AE1-121,2018-09-18,Axton 138 kV,32296.0,138.0,92.0,529.5,gas,VA,AEP,Withdrawn,gen
AE1-122,2018-09-18,Axton 138 kV,32296.0,138.0,92.0,529.5,gas,VA,AEP,Withdrawn,gen
AE1-123,2018-09-20,Emlenton 34.5 kV,20819.0,34.5,69.77777777777779,18.0,gas,PA,PENELEC,In Service,gen
AE1-124,2018-09-19,Oak Grove 34.5 kV,31454.0,34.5,92.0,20.0,solar,VA,Dominion,Withdrawn,gen
AE1-125,2018-09-19,Mt. Jackson 34.5 kV,32629.0,34.5,92.0,18.9,solar,VA,Dominion,Withdrawn,gen
AE1-126,2018-09-19,Kingsland 26 kV,6831.0,26.0,92.0,19.8,solar,NJ,PSEG,Withdrawn,gen
AE1-127,2018-09-19,Eldred-Sunbury 69 kV,50469.0,69.0,88.0,50.0,solar,PA,PPL,Withdrawn,gen
AE1-128,2018-09-19,Bedford North-Wills Mounain 115 kV,15166.0,115.0,93.33333333333333,120.0,hybrid,PA,PENELEC,Withdrawn,gen
AE1-129,2018-09-07,Zion View - Middletown 115 kV,14679.0,115.0,94.73684210526316,79.6,solar,PA,ME,Suspended,gen
AE1-130,2018-09-11,Meads Store 138 kV ,6607.0,138.0,64.72727272727273,83.0,solar,VA,AEP,Withdrawn,gen
AE1-131,2018-09-20,Gardners-Hunterstown 115 kV,13245.0,115.0,100.0,65.0,solar,PA,ME,Withdrawn,gen
AE1-132,2018-09-20,McConnellsburg 138 kV,14098.0,138.0,100.0,85.0,solar,PA,APS,Withdrawn,gen
AE1-133,2018-09-24,Elizabeth City-Tanglewood 230 kV,3179.0,230.0,100.0,300.0,solar,NC,Dominion,Withdrawn,gen
AE1-134,2018-09-24,Nelson 345 kV,20754.0,345.0,100.0,609.0,gas,IL,ComEd,In Service,gen
AE1-135,2018-09-24,Clubhouse 230 kV,33432.0,230.0,100.0,200.0,hybrid,VA,Dominion,Withdrawn,gen
AE1-136,2018-09-24,McConnellsburg-Guilford 138 kV,14098.0,138.0,100.0,53.32,solar,PA,APS,Withdrawn,gen
AE1-137,2018-09-24,Bluff Point-Randolph,13779.0,138.0,80.9090909090909,100.0,solar,IN,AEP,Withdrawn,gen
AE1-138,2018-09-24,Hamilton 115 kV,33737.0,115.0,92.0,22.0,solar,PA,ME,Withdrawn,gen
AE1-139,2018-09-24,Hunterstown 115 kV,13298.0,115.0,100.0,65.0,solar,PA,ME,Withdrawn,gen
AE1-140,2018-09-24,Fayetteville-West Waynesboro 138 kV,32490.0,138.0,100.0,22.0,solar,PA,APS,Withdrawn,gen
AE1-141,2018-09-24,McDowell 138 kV,13358.0,138.0,100.0,55.0,hybrid,PA,ATSI,Withdrawn,gen
AE1-142,2018-09-24,Manitou-Pleasant Plains 34.5 kV,26746.0,34.5,85.33333333333333,20.0,solar,NJ,JCPL,In Service,gen
AE1-143,2018-09-25,Marion County 161 kV,14372.0,161.0,83.84615384615384,96.0,solar,KY,EKPC,Under Construction,gen
AE1-145,2018-09-24,Wallops Island 69 kV,29900.0,69.0,100.0,20.0,hybrid,VA,ODEC,Withdrawn,gen
AE1-146,2018-09-25,Ebersole #2-Fostoria Central 138 kV,23238.0,138.0,94.0,120.0,solar,OH,AEP,Under Construction,gen
AE1-147,2018-09-24,Bellefonte 46 kV,11390.0,46.0,92.0,20.0,solar,PA,APS,Withdrawn,gen
AE1-148 - moved to TC1,2018-09-24,Kerr Dam-Ridge Rd 115 kV,33274.0,115.0,100.0,90.0,solar,VA,Dominion,Withdrawn,gen
AE1-149,2018-09-24,Disputanta-Poe 115 kV,33452.0,115.0,100.0,100.0,solar,VA,Dominion,Suspended,gen
AE1-150,2018-09-24,Curdsville-Willis Mountain 115 kV,14234.0,115.0,80.0,100.0,solar,VA,Dominion,Withdrawn,gen
AE1-151,2018-09-24,PACA Street 13.8kV,45491.0,13.8,63.42857142857143,9.0,gas,MD,BGE,Withdrawn,gen
AE1-152,2018-09-24,Gosport 34.5 kV,32312.0,34.5,92.0,21.5,hybrid,VA,Dominion,Withdrawn,gen
AE1-153,2018-09-25,Remington-Gordonsville 230 kV,33147.0,230.0,100.0,149.0,solar,VA,Dominion,Engineering and Procurement,gen
AE1-154,2018-09-24,Louisa-South Anna 230 kV,7394.0,230.0,88.0,105.2,solar,VA,Dominion,Withdrawn,gen
AE1-155,2018-09-26,Garner-Northern Neck 115 kV,7446.0,115.0,90.0,127.0,solar,VA,Dominion,In Service,gen
AE1-156,2018-09-25,Quakertown Solar II 34.5 kV,29904.0,34.5,77.78947368421052,17.6,solar,NJ,JCPL,In Service,gen
AE1-157,2018-09-24,Ladysmith CT-St. Johns 230 kV,31619.0,230.0,100.0,120.0,solar,VA,Dominion,Pending Termination,gen
AE1-158,2018-09-24,Ladysmith CT-St. Johns 230 kV,31619.0,230.0,100.0,120.0,solar,VA,Dominion,Withdrawn,gen
AE1-159,2018-09-24,Fredericksburg-Pinewood 115 kV,31618.0,115.0,100.0,120.0,solar,VA,Dominion,Withdrawn,gen
AE1-160,2018-09-25,Venango 34.5 kV,13322.0,34.5,81.0909090909091,20.0,solar,PA,PENELEC,Withdrawn,gen
AE1-161,2018-09-24,Landis 138 kV,29638.0,138.0,100.0,50.0,storage,NJ,AEC,Withdrawn,battery
AE1-162,2018-09-24,Smithfield 34.5 kV,5760.0,34.5,92.0,20.0,solar,VA,Dominion,In Service,gen
AE1-163,2018-09-24,Powerton-Nevada 345 kV,20090.0,345.0,100.0,350.0,wind,IL,ComEd,Partially in Service - Under Construction,gen
AE1-164,2018-09-24,Old Chapel 138 kV,32780.0,138.0,100.0,40.0,solar,VA,APS,Withdrawn,gen
AE1-165,2018-09-24,Cambria Slope 115kV,13597.0,115.0,76.92307692307692,20.0,solar,PA,PENELEC,Withdrawn,gen
AE1-166,2018-09-24,Loretto-Wilton 345 kV & Braidwood-Davis Creek 345 kV,13133.0,345.0,92.0,150.0,solar,IL,ComEd,Engineering and Procurement,gen
AE1-167,2018-09-25,Wattsville 12 kV,29899.0,12.0,92.0,11.09,solar,VA,DPL,Withdrawn,gen
AE1-168,2018-09-25,Victoria-Martin 115 kV,33134.0,115.0,58.82352941176471,150.0,solar,VA,Dominion,Withdrawn,gen
AE1-169,2018-09-25,Titusville 115 kV,29899.0,115.0,80.0,85.0,solar,PA,PENELEC,Withdrawn,gen
AE1-170,2018-09-25,Kenzie Creek-Colby 138 kV,16487.0,138.0,100.0,150.0,solar,MI,AEP,Withdrawn,gen
AE1-171,2018-09-25,Reynolds-Olive 345 kV,21842.0,345.0,100.0,280.0,solar,IN,AEP,Withdrawn,gen
AE1-172 - moved to TC1,2018-09-25,Loretto-Wilton Center,13133.0,138.0,100.0,255.0,wind,IL,ComEd,Withdrawn,gen
AE1-173,2018-09-25,Carson-Suffolk 500 kV,33483.0,500.0,100.0,800.0,solar,VA,Dominion,Under Construction,gen
AE1-174,2018-09-25,Light Foot 34.5 kV,33178.0,34.5,86.73684210526316,5.0,storage,VA,Dominion,Withdrawn,battery
AE1-175,2018-09-25,Light Foot 34.5 kV,33178.0,34.5,86.73684210526316,19.9,solar,VA,Dominion,In Service,gen
AE1-176,2018-09-25,Roanoke-Vinton 12 kV (Niagara Hydro),32587.0,12.0,92.0,2.4,other,VA,AEP,In Service,gen
AE1-177,2018-09-25,Louisa-South Anna 230 kV,7394.0,230.0,88.0,80.0,solar,VA,Dominion,Withdrawn,gen
AE1-178,2018-09-25,Wolf Hills 138 kV,5266.0,138.0,87.64705882352942,294.0,gas,VA,AEP,In Service,gen
AE1-179,2018-09-25,South Millville-Newport 69 kV,982.0,69.0,86.54545454545455,59.7,solar,NJ,AEC,Withdrawn,gen
AE1-180,2018-09-25,Mountain Run 115 kV,7922.0,115.0,100.0,20.0,solar,VA,APS,Withdrawn,gen
AE1-181,2018-09-25,St. Johns-Freeland 69 kV,13421.0,69.0,100.0,45.0,solar,PA,PPL,Withdrawn,gen
AE1-182,2018-09-25,Newville-West Carlise 69 kV,15665.0,69.0,84.21052631578947,10.0,solar,PA,PPL,Withdrawn,gen
AE1-183,2018-09-26,Maysville-McDowell 69 kV,38712.0,69.0,86.73684210526316,20.0,solar,PA,ATSI,Partially in Service - Under Construction,gen
AE1-184,2018-09-25,Pontiac Midpoint-Dresden,13202.0,138.0,100.0,82.7,other,IL,ComEd,Withdrawn,gen
AE1-185,2018-09-30,Hokes-Jackson 69 kV,43979.0,69.0,72.72727272727273,20.0,solar,PA,ME,In Service,gen
AE1-186,2018-09-26,Moselem-Lyons 69 kV,32258.0,69.0,77.71428571428572,20.0,solar,PA,ME,Withdrawn,gen
AE1-187,2018-09-26,North Lebanon- Cleona 69 kV,13611.0,69.0,92.0,20.0,solar,PA,ME,Withdrawn,gen
AE1-188,2018-09-26,Fayetteville 34.5 kV,5633.0,34.5,92.0,20.0,solar,PA,APS,Withdrawn,gen
AE1-189,2018-09-26,Penville-Adams 138 kV,13045.0,138.0,94.11764705882352,245.0,solar,IN,AEP,Withdrawn,gen
AE1-190,2018-09-28,Harmony Village-Shackleford 115 kV,33194.0,115.0,100.0,70.0,solar,VA,Dominion,In Service,gen
AE1-191,2018-09-28,Harmony Village-Shackleford 115 kV,33194.0,115.0,100.0,150.0,solar,VA,Dominion,In Service,gen
AE1-192,2018-09-26,Belle Haven-Tasley 69 kV,11639.0,69.0,78.6842105263158,70.0,solar,VA,ODEC,Withdrawn,gen
AE1-193,2018-09-26,Crete 345 kV,12047.0,345.0,76.25,500.0,wind,IL,ComEd,Withdrawn,gen
AE1-194,2018-09-26,Crete 345 kV,12047.0,345.0,76.25,500.0,wind,IL,ComEd,Withdrawn,gen
AE1-195,2018-09-26,Crete 345 kV,12047.0,345.0,76.25,500.0,wind,IL,ComEd,Withdrawn,gen
AE1-196,2018-09-28,Hokes-Jackson 69 kV II,43979.0,69.0,72.72727272727273,20.0,solar,PA,ME,In Service,gen
AE1-197,2018-09-26,Reynolds 345 kV,21842.0,345.0,100.0,500.0,wind,IN,AEP,Withdrawn,gen
AE1-198,2018-09-26,Crete 345 kV,12047.0,345.0,76.25,357.0,hybrid,IL,ComEd,Withdrawn,gen
AE1-199,2018-09-26,Twombly Road 138 kV,29633.0,138.0,63.1578947368421,40.0,solar,IL,ComEd,Withdrawn,gen
AE1-200,2018-09-26,College Corner-Randolph 138 kV,13782.0,138.0,100.0,235.0,solar,IN,AEP,Withdrawn,gen
AE1-201,2018-09-26,Marengo 34 kV,12082.0,34.0,58.66666666666667,40.0,solar,IL,ComEd,Withdrawn,gen
AE1-202,2018-09-26,Effort Mountain 12.47 kV,53594.0,47.0,85.07692307692308,19.8,storage,PA,PPL,Withdrawn,battery
AE1-203,2018-09-26,Iliff 12.47 kV,16677.0,47.0,50.82352941176471,4.0,storage,NJ,JCPL,Withdrawn,battery
AE1-204,2018-09-26,Waukegan 13 kV,5350.0,13.0,72.0,4.4,storage,IL,ComEd,Withdrawn,battery
AE1-205,2018-09-26,McLean 345 kV,33897.0,345.0,84.3076923076923,200.0,solar,IL,ComEd,Engineering and Procurement,gen
AE1-206,2018-09-26,Four Rivers-Hanover 230 kV,33127.0,230.0,100.0,285.0,solar,VA,Dominion,Withdrawn,gen
AE1-207,2018-09-27,Mississinewa-Gaston 138 kV,13733.0,138.0,100.0,160.0,solar,IN,AEP,Suspended,gen
AE1-208,2018-09-27,Delaware-Van Buren 138 kV,13775.0,138.0,100.0,130.0,solar,IN,AEP,Suspended,gen
AE1-209,2018-09-27,Desoto 345 kV,36331.0,345.0,100.0,100.0,wind,IN,AEP,Suspended,gen
AE1-210,2018-09-27,Desoto 345 kV,36331.0,345.0,100.0,200.0,wind,IN,AEP,Suspended,gen
AE1-211,2018-09-27,Reynolds 345 kV,21842.0,345.0,100.0,302.4,wind,IN,AEP,Withdrawn,gen
AE1-212,2018-09-10,Grandview-Clifftop 138 kV,13349.0,138.0,92.0,90.0,solar,WV,AEP,Pending Termination,gen
AE1-213,2018-09-26,Highland-Lordstown 1 & 2 345 kV,36945.0,345.0,100.0,1170.0,gas,OH,ATSI,Withdrawn,gen
AE1-214,2018-09-27,Rockport 765 kV,40294.0,765.0,100.0,800.0,hybrid,IN,AEP,Withdrawn,gen
AE1-215,2018-09-27,Reynolds 345 kV,21842.0,345.0,100.0,500.0,hybrid,IN,AEP,Withdrawn,gen
AE1-216,2018-09-27,Reynolds 345 kV,21842.0,345.0,100.0,500.0,hybrid,IN,AEP,Withdrawn,gen
AE1-217,2018-09-27,Gaston 138kV,3220.0,138.0,92.0,200.0,solar,IN,AEP,Withdrawn,gen
AE1-218,2018-09-28,Glassboro 12 kV,33326.0,12.0,69.77777777777779,2.0,solar,NJ,AEC,Withdrawn,gen
AE1-219,2018-09-27,Glassboro 12 kV II,33326.0,12.0,69.77777777777779,4.4,solar,NJ,AEC,Withdrawn,gen
AE1-220,2018-09-24,Coleen-Clifford  138 kV,32922.0,138.0,92.3076923076923,100.0,solar,VA,AEP,Withdrawn,gen
AE1-221,2018-09-28,North Wales 34.5 kV,29574.0,34.5,92.0,38.0,gas,PA,PECO,In Service,gen
AE1-222,2018-09-28,Dresden Tazewell Mole Creek,12091.0,138.0,79.6,2562.7,gas,IL,ComEd,Withdrawn,gen
AE1-223,2018-09-28,Allentown Booster 138 kV,13504.0,138.0,85.88235294117646,1.86,solar,NJ,PSEG,Withdrawn,gen
AE1-224,2018-09-24,Montour 230 kV,13418.0,230.0,100.0,100.0,solar,PA,PPL,Withdrawn,gen
AE1-225,2018-09-29,Columbia-Sunbury 69 kV,31870.0,69.0,100.0,19.8,solar,PA,PPL,Withdrawn,gen
AE1-226,2018-09-29,Face Rock-Kinzer #13 69 kV,32038.0,69.0,100.0,19.8,solar,PA,PPL,Withdrawn,gen
AE1-227,2018-09-28,South Cumberland 69 kV,4083.0,69.0,87.0,49.5,solar,OH,AEP,Suspended,gen
AE1-228,2018-09-28,Steward 138 kV,32944.0,138.0,92.3076923076923,140.0,solar,IL,ComEd,Withdrawn,gen
AE1-229,2018-09-18,Deepwater-Upper Pittsgrove 138 kV,31823.0,138.0,100.0,149.3,solar,NJ,AEC,Withdrawn,gen
AE1-230,2018-09-28,Shockoe 69 kV,5853.0,69.0,92.0,20.0,hybrid,VA,Dominion,Withdrawn,gen
AE1-231,2018-09-28,Hughesville 69 kV,13684.0,69.0,100.0,20.0,hybrid,MD,SMECO,Withdrawn,gen
AE1-232,2018-09-28,Harrowgate-Locks 115 kV,33086.0,115.0,100.0,120.0,solar,VA,Dominion,Withdrawn,gen
AE1-233,2018-09-28,West Dekalb 138 kV,16019.0,138.0,73.75,97.5,wind,IL,ComEd,Withdrawn,gen
AE1-234,2018-09-27,Nottingham 230kV Reactor Bypass,13257.0,230.0,100.0,578.0,other,PA,PECO,Withdrawn,gen
AE1-235,2018-09-28,Carson-Clover 500 kV,33483.0,500.0,100.0,180.0,solar,VA,Dominion,Withdrawn,gen
AE1-236,2018-09-28,Corson-Septa 500 kV,29503.0,500.0,92.0,290.0,solar,NC,Dominion,Withdrawn,gen
AE1-237,2018-09-29,Andover (Maysville) 69kV I,14278.0,69.0,74.35294117647058,19.9,solar,PA,ATSI,Partially in Service - Under Construction,gen
AE1-238,2018-09-28,Oceanview Wind 230 kV,26784.0,230.0,89.28571428571429,816.0,wind,NJ,JCPL,Withdrawn,gen
AE1-239,2018-09-28,McDowell 138 kV,13358.0,138.0,100.0,38.2,solar,PA,ATSI,Withdrawn,gen
AE1-240,2018-09-28,Carlls Corner-Sherman Avenue 69 kV,19719.0,69.0,100.0,49.7,solar,NJ,AEC,Withdrawn,gen
AE1-241,2018-09-28,Wilmington-Davis Creek,42006.0,138.0,95.0,250.0,solar,IL,ComEd,Withdrawn,gen
AE1-242,2018-09-28,Kincaid-Pana,38484.0,138.0,100.0,150.0,solar,IL,ComEd,Withdrawn,gen
AE1-243,2018-09-29,Warren Glen Storage 34.5 kV,34678.0,34.5,68.3157894736842,20.0,storage,NJ,JCPL,Partially in Service - Under Construction,battery
AE1-244,2018-09-28,Gilbert Storage 34.5 kV,13448.0,34.5,76.0,19.8,storage,NJ,JCPL,Withdrawn,battery
AE1-245,2018-09-18,Haviland 138 kV,38994.0,138.0,100.0,140.3,wind,OH,AEP,Partially in Service - Under Construction,gen
AE1-246,2018-09-24,Barren County-Summer Shade 161 kV,15418.0,161.0,78.57142857142857,85.0,solar,KY,EKPC,Withdrawn,gen
AE1-247,2018-09-24,Barren County-Summer Shade 161 kV,15418.0,161.0,78.57142857142857,205.0,hybrid,KY,EKPC,Withdrawn,gen
AE1-248,2018-08-31,Bell Avenue 115 kV,14634.0,115.0,82.35294117647058,100.0,hybrid,VA,Dominion,Withdrawn,gen
AE1-249,2018-09-25,Reams 115 kV,39054.0,115.0,66.66666666666667,70.0,hybrid,VA,Dominion,Withdrawn,gen
AE1-250,2018-08-31,Smith Mountain-E. Danville 138 kV,32866.0,138.0,100.0,150.0,solar,VA,AEP,Under Construction,gen
AE1-251,2018-09-14,Penn-Lees Lick 69 kV,14227.0,69.0,77.0,120.0,hybrid,KY,EKPC,Withdrawn,gen
AE1-252,2018-09-18,Loretto-Wilton Center,13133.0,138.0,100.0,150.0,solar,IL,ComEd,Withdrawn,gen
AE1-253,2018-09-28,Tidd-Collier 345kV,36200.0,345.0,100.0,50.0,other,PA,APS,Withdrawn,gen
AE2-001,2018-10-02,Nittany-Zion 46 kV,19240.0,46.0,62.58823529411764,20.0,solar,PA,APS,Suspended,gen
AE2-002,2018-10-03,64th Street 13 kV,29227.0,13.0,77.71428571428572,3.8,solar,MD,PEPCO,Withdrawn,gen
AE2-003,2018-10-03,Walker Mill Road 13 kV,31461.0,13.0,92.0,3.0,solar,MD,DPL,Withdrawn,gen
AE2-004,2018-10-04,Poolesville 230 kV,5757.0,230.0,100.0,60.0,solar,VA,Dominion,Withdrawn,gen
AE2-005,2018-10-05,Harmony Village-Shackleford 115 kV,33194.0,115.0,100.0,130.0,solar,VA,Dominion,Under Construction,gen
AE2-006,2018-10-08,Twittys Creek 34.5 kV,33393.0,34.5,68.19047619047619,13.75,solar,VA,Dominion,In Service,gen
AE2-007,2018-10-10,Chesapeake 230 kV,32311.0,230.0,84.28571428571428,1205.6,gas,VA,Dominion,Withdrawn,gen
AE2-008,2018-10-15,Elderberry-Dumont 345 kV,22546.0,345.0,58.66666666666667,390.0,storage,IN,AEP,Withdrawn,battery
AE2-009,2018-10-17,Nottingham-Peach Bottom Tap 230 kV line,13257.0,230.0,100.0,11.0,other,PA,PECO,Withdrawn,gen
AE2-010,2018-10-30,Paper Tap 69 kV,56744.0,69.0,80.0,29.0,gas,PA,PECO,In Service,gen
AE2-011,2018-11-07,Tansboro 12 kV,3715.0,12.0,72.0,3.1,solar,NJ,AEC,Withdrawn,gen
AE2-012,2018-11-09,Red Oak-South River 230 kV,26550.0,230.0,93.33333333333333,570.0,gas,NJ,JCPL,Withdrawn,gen
AE2-013,2018-11-12,Highland-Lordstown 345 kV,36945.0,345.0,100.0,1170.0,gas,OH,ATSI,Withdrawn,gen
AE2-014,2018-11-16,Sewaren 230 kV,18978.0,230.0,100.0,1200.0,wind,NJ,PSEG,Withdrawn,gen
AE2-015,2018-11-26,Cookstown-New Lisbon 34.5 kV,18961.0,34.5,92.0,5.0,solar,NJ,JCPL,Withdrawn,gen
AE2-016,2018-11-26,Bustleton 13.2 kV,29538.0,13.2,92.0,3.5,solar,NJ,PSEG,Withdrawn,gen
AE2-017,2018-11-28,Lexington Park 69 kV,6090.0,69.0,84.5,20.0,solar,MD,SMECO,Withdrawn,gen
AE2-018,2018-12-10,Laurence 13.2 kV,14189.0,13.2,79.5,3.5,solar,NJ,PSEG,Withdrawn,gen
AE2-019,2018-12-12,New Road 230 kV,41810.0,230.0,100.0,120.0,storage,VA,Dominion,Under Construction,battery
AE2-020,2018-12-16,Cardiff 230 kV I,29640.0,230.0,100.0,604.8,wind,NJ,AEC,Withdrawn,gen
AE2-021,2018-12-15,Cardiff 230 kV II,29640.0,230.0,100.0,604.8,wind,NJ,AEC,Withdrawn,gen
AE2-022,2018-12-15,Cardiff 230 kV III,29640.0,230.0,100.0,300.0,wind,NJ,AEC,Withdrawn,gen
AE2-023,2018-12-14,BL England 138 kV,19257.0,138.0,100.0,445.2,wind,NJ,AEC,Withdrawn,gen
AE2-024,2018-12-14,Larrabee 230 kV I,26786.0,230.0,100.0,882.0,wind,NJ,JCPL,Withdrawn,gen
AE2-025,2018-12-14,Larrabee 230 kV II,26786.0,230.0,100.0,445.2,wind,NJ,JCPL,Withdrawn,gen
AE2-026,2018-12-19,Louisa-South Anna 230kV,7394.0,230.0,88.0,150.0,solar,VA,Dominion,Withdrawn,gen
AE2-027,2018-12-20,Harrowgate-Locks 115kV,33086.0,115.0,100.0,120.0,solar,VA,Dominion,Suspended,gen
AE2-028,2018-12-24,Broadway 12.47 kV,15051.0,47.0,78.16161616161615,0.75,solar,NJ,JCPL,Withdrawn,gen
AE2-029,2018-12-29,Grottoes-Merck 115kV,32645.0,115.0,100.0,50.0,solar,VA,Dominion,Partially in Service - Under Construction,gen
AE2-030,2018-12-31,Frostburg 138kV,32189.0,138.0,94.54545454545455,18.0,solar,MD,APS,Withdrawn,gen
AE2-031,2019-01-07,Carson-Rawlings 500 kV,33483.0,500.0,100.0,290.0,solar,VA,Dominion,Withdrawn,gen
AE2-032,2019-01-07,Pnode 1369011078-Pnode 51299,,138.0,0.0,811.0,other,PA,PPL,Withdrawn,gen
AE2-033,2019-01-08,Clubhouse-Sapony 230 kV,33432.0,230.0,100.0,149.0,solar,VA,Dominion,Suspended,gen
AE2-034,2019-01-16,Mackeys 230 kV,3417.0,230.0,100.0,140.0,solar,NC,Dominion,Partially in Service - Under Construction,gen
AE2-035,2019-01-16,Lena 138 kV,31785.0,138.0,72.0,100.0,solar,IL,ComEd,In Service,gen
AE2-036,2019-01-17,Masury-Maysville 138 kV,13397.0,138.0,100.0,19.9,hybrid,PA,ATSI,Withdrawn,gen
AE2-037,2019-01-18,Earleys-Everetts 230 kV,3185.0,230.0,100.0,71.5,solar,NC,Dominion,Withdrawn,gen
AE2-039,2019-01-22,Clayton-Williamstown 69 kV,48585.0,69.0,100.0,44.0,solar,NJ,AEC,Withdrawn,gen
AE2-040,2019-01-23,Sapony 34.5 kV,33449.0,34.5,92.0,15.7,storage,VA,Dominion,In Service,battery
AE2-041,2019-01-24,Harmony Village 230 kV,7427.0,230.0,100.0,40.0,storage,VA,Dominion,Engineering and Procurement,battery
AE2-042,2019-01-25,Milton 69 kV,955.0,69.0,100.0,65.0,solar,PA,PPL,In Service,gen
AE2-043,2019-01-23,Franklinville  138 kV,32745.0,138.0,78.26086956521739,4.0,solar,NJ,AEC,Withdrawn,gen
AE2-044,2019-01-29,Anaconda-Dunbar 115 kV,43876.0,115.0,63.42857142857143,120.0,solar,NC,Dominion,Withdrawn,gen
AE2-045,2019-01-29,Olive-Reynolds 345 kV,32980.0,345.0,100.0,200.0,solar,IN,AEP,Engineering and Procurement,gen
AE2-046,2019-02-02,Harwood-East Hazelton 69 kV,13294.0,69.0,92.0,50.0,hybrid,PA,PPL,Withdrawn,gen
AE2-047,2019-01-31,Ridgeway-Solite 69 kV,14000.0,69.0,92.0,50.0,solar,VA,AEP,Engineering and Procurement,gen
AE2-048,2019-01-31,Muskingum-W. Millersport 345 kV,20132.0,345.0,90.76923076923077,220.0,solar,OH,AEP,Engineering and Procurement,gen
AE2-049,2019-01-31,Wilmington-Davis Creek,42006.0,138.0,95.0,115.0,solar,IL,ComEd,Withdrawn,gen
AE2-050,2019-01-31,Braidwood-E. Frankfort,20761.0,138.0,100.0,150.0,solar,IL,ComEd,Withdrawn,gen
AE2-051,2019-02-01,Carson-Septa 500 kV,33483.0,500.0,100.0,150.0,solar,VA,Dominion,Engineering and Procurement,gen
AE2-052,2019-01-31,Disputanta-Poe 115 kV,33452.0,115.0,100.0,20.0,storage,VA,Dominion,Withdrawn,battery
AE2-053 - moved to TC1,2019-02-01,Kerr Dam-Ridge Road 115 kV,33274.0,115.0,100.0,110.0,storage,VA,Dominion,Withdrawn,battery
AE2-054,2019-02-02,Warfordsburg 34 kV,14097.0,34.0,92.0,20.0,solar,PA,APS,In Service,gen
AE2-055,2019-01-31,Shingletown-Boalsburg 46 kV,33160.0,46.0,92.0,20.0,solar,PA,APS,Withdrawn,gen
AE2-056,2019-01-31,Howell 12.47 kV Solar I,13478.0,47.0,62.58823529411764,3.0,solar,NJ,JCPL,Withdrawn,gen
AE2-057,2019-01-31,Jerseyville 12.47 kV Solar,33279.0,47.0,64.0,1.0,solar,NJ,JCPL,Withdrawn,gen
AE2-058,2019-02-01,Cherokee-Milton 69 kV,2894.0,69.0,92.0,20.0,solar,PA,PPL,Withdrawn,gen
AE2-059,2019-02-07,Derry Tap-Derry Bus 69 kV,56744.0,69.0,80.0,20.0,solar,PA,PPL,In Service,gen
AE2-060,2019-02-07,Mifflintown Bus-Mifflintown Tap 69 kV,18272.0,69.0,59.25925925925925,20.0,solar,PA,PPL,In Service,gen
AE2-061,2019-02-04,Rock Springs 500 kV,12912.0,500.0,100.0,394.0,gas,MD,Essential Power,In Service,gen
AE2-062,2019-02-05,Romeoville 12 kV,13717.0,12.0,72.0,0.98,storage,IL,ComEd,In Service,battery
AE2-063,2019-02-05,Normantown,12825.0,138.0,80.0,0.98,storage,IL,ComEd,Withdrawn,battery
AE2-064,2019-02-07,Beaverbrook 13 kV,29936.0,13.0,87.65217391304348,5.8,solar,NJ,PSEG,In Service,gen
AE2-065,2019-02-06,Romeoville 12 kV,13717.0,12.0,72.0,6.8,solar,NJ,PSEG,In Service,gen
AE2-066,2019-02-06,Gloucester 13 kV,29530.0,13.0,92.0,4.5,solar,NJ,PSEG,Withdrawn,gen
AE2-067,2019-02-12,N. Meshoppen 34 kV,13291.0,34.0,92.0,20.0,gas,PA,PENELEC,Withdrawn,gen
AE2-068,2019-02-12,Second Street12 kV,11580.0,12.0,66.54545454545455,5.0,solar,NJ,AEC,Withdrawn,gen
AE2-069,2019-02-12,Burlington 13 kV,19326.0,13.0,92.0,5.0,solar,NJ,PSEG,Withdrawn,gen
AE2-070,2019-02-13,White Rock 34 kV,12818.0,34.0,92.0,4.0,solar,MD,BGE,Withdrawn,gen
AE2-071,2019-02-19,Patton Rd-Summer Shade 69 kV,48109.0,69.0,77.77777777777779,35.0,solar,KY,EKPC,In Service,gen
AE2-072,2019-02-15,East Leipsic-Richland 138 kV,7094.0,138.0,100.0,150.0,solar,OH,AEP,In Service,gen
AE2-073,2019-02-15,Centerburg 138kV,14731.0,138.0,80.0,200.0,solar,OH,AEP,Withdrawn,gen
AE2-074,2019-02-20,Potter 46 kV,15787.0,46.0,82.9090909090909,35.0,solar,PA,APS,Partially in Service - Under Construction,gen
AE2-075,2019-02-19,Second Street 12 kV,11580.0,12.0,66.54545454545455,4.4,solar,NJ,AEC,Withdrawn,gen
AE2-076,2019-02-19,Southampton 13.2 kV,44795.0,13.2,77.71428571428572,2.0,solar,NJ,PSEG,Withdrawn,gen
AE2-077,2019-02-21,Pierpoint-Freeport,29587.0,138.0,70.0,70.0,solar,IL,ComEd,Withdrawn,gen
AE2-078,2019-02-21,Poolesville 34.5 kV,5757.0,34.5,92.0,20.0,solar,VA,Dominion,Withdrawn,gen
AE2-079,2019-02-21,Poolesville 34.5 kV,5757.0,34.5,92.0,20.0,solar,VA,Dominion,Withdrawn,gen
AE2-080,2019-02-21,Poolesville 34.5 kV,5757.0,34.5,92.0,20.0,solar,VA,Dominion,Withdrawn,gen
AE2-081,2019-01-31,Howell 12.47 kV Solar II,13478.0,47.0,62.58823529411764,3.2,solar,NJ,JCPL,Withdrawn,gen
AE2-082,2019-01-31,Englishtown-Wyckoff 34.5 kV Solar,14759.0,34.5,64.72727272727273,7.0,solar,NJ,JCPL,Withdrawn,gen
AE2-083,2019-02-22,Forrester Solar 34.5 kV,20102.0,34.5,58.66666666666667,1.63,solar,NJ,JCPL,Withdrawn,gen
AE2-084,2019-02-03,Derry Tap-Derry Bus 69 kV,56744.0,69.0,80.0,20.0,solar,PA,PPL,Withdrawn,gen
AE2-085,2019-02-22,Southampton 13.2 kV,44795.0,13.2,77.71428571428572,5.04,hybrid,NJ,PSEG,Withdrawn,gen
AE2-086,2019-02-22,Reeder Road Solar 12.47 kV,43075.0,47.0,54.5,4.0,solar,NJ,JCPL,Withdrawn,gen
AE2-087,2019-02-22,Carlls Corner 12 kV,19719.0,12.0,92.0,4.54,hybrid,NJ,AEC,Withdrawn,gen
AE2-088,2019-02-22,Clayton 12 kV,16727.0,12.0,92.0,2.53,hybrid,NJ,AEC,Withdrawn,gen
AE2-089,2019-02-22,Pennville-Adams 138 kV,13045.0,138.0,100.0,155.0,solar,IN,AEP,Suspended,gen
AE2-090,2019-02-22,Randolph-Hodgin 138 kV,14093.0,138.0,62.5,144.0,solar,IN,AEP,Withdrawn,gen
AE2-091,2019-01-24,Newport 69 kV,4491.0,69.0,92.0,35.0,solar,NJ,AEC,Withdrawn,gen
AE2-092,2019-02-26,Kidds Store-Sherwood 115 kV,6607.0,115.0,72.72727272727273,138.0,solar,VA,Dominion,Engineering and Procurement,gen
AE2-093,2019-02-26,Easton-Steele 138 kV,13101.0,138.0,100.0,44.0,solar,MD,DPL,Withdrawn,gen
AE2-094,2019-02-26,Carson-Rogers Road 500 kV,33483.0,500.0,100.0,300.0,hybrid,VA,Dominion,Engineering and Procurement,gen
AE2-095,2019-02-28,Hopewell 26 kV,13478.0,26.0,92.0,2.15,hybrid,NJ,PSEG,Withdrawn,gen
AE2-096,2019-02-28,East Flemington-Frenchtown Solar 34.5 kV,19021.0,34.5,92.0,2.75,solar,NJ,JCPL,Withdrawn,gen
AE2-097,2019-02-28,Levittown 13.2 kV,29533.0,13.2,92.0,2.0,solar,NJ,PSEG,Withdrawn,gen
AE2-098,2019-02-28,Belvidere Solar 12 kV,4080.0,12.0,58.66666666666667,1.88,solar,NJ,JCPL,Withdrawn,gen
AE2-099,2019-02-28,Burlington 13.2 kV,19326.0,13.2,92.0,2.77,hybrid,NJ,PSEG,Withdrawn,gen
AE2-100,2019-02-28,Carlstadt 13.2 kV,29472.0,13.2,58.66666666666667,2.3,solar,NJ,PSEG,Withdrawn,gen
AE2-101,2019-02-28,Nortonville 12 kV,38711.0,12.0,82.9090909090909,4.0,solar,NJ,AEC,Withdrawn,gen
AE2-102,2019-02-28,Columbus 13 kV,14584.0,13.0,92.0,5.04,hybrid,NJ,PSEG,Withdrawn,gen
AE2-103,2019-02-28,Cookstown-Van Hiseville Solar 34.5 kV,18961.0,34.5,92.0,3.0,solar,NJ,JCPL,Withdrawn,gen
AE2-104,2019-03-02,Suffolk 115 kV,32305.0,115.0,100.0,49.0,solar,VA,Dominion,Withdrawn,gen
AE2-105,2019-02-28,Kittatinny-Newton Solar 34.5 kV,19240.0,34.5,92.0,3.5,solar,NJ,JCPL,Withdrawn,gen
AE2-106,2019-02-28,Carlls Corner 12 kV,19719.0,12.0,92.0,4.92,hybrid,NJ,AEC,Withdrawn,gen
AE2-107 - moved to TC1,2019-02-28,Haumesser Road 138 kV,38972.0,138.0,66.66666666666667,90.0,solar,IL,ComEd,Withdrawn,gen
AE2-108,2019-02-28,Kings Dominion DP 115 kV,33129.0,115.0,94.70588235294117,20.0,solar,VA,Dominion,Withdrawn,gen
AE2-109,2019-02-28,Kings Dominion DP 115 kV,33129.0,115.0,94.70588235294117,7.0,solar,VA,Dominion,Withdrawn,gen
AE2-110,2019-03-03,Columbia-West Bloomsburg 69 kV,31870.0,69.0,100.0,20.0,solar,PA,PPL,Suspended,gen
AE2-111,2019-03-01,Beavertown Tap-Beavertown Weaving Tap 69kV,56744.0,69.0,76.42857142857143,20.0,solar,PA,PPL,Withdrawn,gen
AE2-112,2019-02-28,Carville 138 kV II,33772.0,138.0,94.11764705882352,66.0,solar,MD,DPL,Withdrawn,gen
AE2-113,2019-03-01,Farmers Valley-Ridgeway 115 kV,13303.0,115.0,100.0,120.0,solar,PA,APS,Under Construction,gen
AE2-114,2019-03-01,Midland 23 kV I,36545.0,23.0,92.0,17.1,solar,PA,DL,In Service,gen
AE2-115,2019-03-01,Midland 23 kV II,36545.0,23.0,92.0,17.1,solar,PA,DL,In Service,gen
AE2-116,2019-02-28,Midland 23 kV III,36545.0,23.0,92.0,20.0,solar,PA,DL,Withdrawn,gen
AE2-117,2019-03-01,ABW Tap-Alexandria 46 kV,56730.0,46.0,74.85714285714286,20.0,solar,PA,PENELEC,Suspended,gen
AE2-118,2019-02-28,ABW Tap-Williamsburg 46 kV,56730.0,46.0,74.85714285714286,20.0,solar,PA,PENELEC,Engineering and Procurement,gen
AE2-119,2019-02-28,Shawville-Phillipsburg 34.5 kV,13893.0,34.5,92.0,20.0,solar,PA,PENELEC,Withdrawn,gen
AE2-120,2019-03-01,Graymont-Zion 46 kV,29243.0,46.0,72.0,20.0,solar,PA,APS,Withdrawn,gen
AE2-121,2019-03-01,Milesburg-Tanney Junction 46 kV,33159.0,46.0,92.0,10.64,solar,PA,APS,Withdrawn,gen
AE2-122,2019-02-28,Birdneck-Landstown 230 kV,32820.0,230.0,62.5,800.1,wind,VA,Dominion,Withdrawn,gen
AE2-123 - moved to TC1,2019-02-28,Birdneck-Landstown 230 kV,32820.0,230.0,62.5,800.1,wind,VA,Dominion,Withdrawn,gen
AE2-124 - moved to TC1,2019-02-28,Landstown 230 kV,32359.0,230.0,100.0,800.1,wind,VA,Dominion,Withdrawn,gen
AE2-125,2019-03-02,Stahlstown-Ligonier 25 kV,47965.0,25.0,65.6842105263158,13.8,solar,PA,APS,In Service,gen
AE2-126,2019-03-01,Dubois-Curwensville 34.5 kV,14004.0,34.5,92.0,20.0,solar,PA,PENELEC,In Service,gen
AE2-127,2019-02-28,Milesburg-Moshannon 230 kV,33159.0,230.0,100.0,20.0,solar,PA,APS,Withdrawn,gen
AE2-128,2019-02-28,Milesburg-Moshannon 230 kV,33159.0,230.0,100.0,20.0,solar,PA,PENELEC,Withdrawn,gen
AE2-129,2019-03-01,Philipsburg-Clarence 34.5 kV,14704.0,34.5,92.0,20.0,solar,PA,PENELEC,In Service,gen
AE2-130 - moved to TC1,2019-02-28,Rockport 765 kV,40294.0,765.0,100.0,800.0,hybrid,IN,AEP,Withdrawn,gen
AE2-131,2019-02-28,Philipsburg-Karthaus 34.5,14704.0,138.0,100.0,20.0,solar,PA,PENELEC,Under Construction,gen
AE2-132,2019-03-01,Remington CT 230 kV,33148.0,230.0,100.0,190.0,gas,VA,Dominion,In Service,gen
AE2-133,2019-03-06,Penns Tap-Richfield Tie 69 kV,56744.0,69.0,80.0,20.0,solar,PA,PPL,In Service,gen
AE2-134,2019-03-06,Locust Grove-Paytes 115 kV,7438.0,115.0,92.5,62.5,solar,VA,Dominion,In Service,gen
AE2-135,2019-03-05,Frackville-Siegfried 230 kV,32745.0,230.0,100.0,500.0,other,PA,PPL,Withdrawn,gen
AE2-136,2019-03-06,Muskingum River-W. Millersport 345 kV,20132.0,345.0,100.0,114.0,solar,OH,AEP,Withdrawn,gen
AE2-137,2019-03-07,Yukon-Robbins 138 kV II,31671.0,138.0,100.0,625.0,gas,PA,APS,Withdrawn,gen
AE2-138 - moved to TC1,2019-03-08,Avon-North Clark 345 kV,3423.0,345.0,92.0,260.0,solar,KY,EKPC,Withdrawn,gen
AE2-139,2019-03-09,East Towanda-Grover 230 kV,13718.0,230.0,62.58823529411764,100.5,solar,PA,PENELEC,Engineering and Procurement,gen
AE2-140,2019-03-11,Axton-Danville 138 kV,32296.0,138.0,92.0,201.1,solar,VA,AEP,Pending Termination,gen
AE2-141,2019-03-11,Tabernacle 12 kV,48586.0,12.0,62.58823529411764,3.0,solar,NJ,AEC,Withdrawn,gen
AE2-142,2019-03-11,Glen Gardner-Washington Solar 34.5 kV,29179.0,34.5,92.0,4.0,solar,NJ,JCPL,Withdrawn,gen
AE2-143,2019-03-11,Yardville 13.2 kV,36376.0,13.2,77.71428571428572,3.91,hybrid,NJ,PSEG,Withdrawn,gen
AE2-144,2019-03-11,Deptford 13.2 kV,29935.0,13.2,92.0,4.03,hybrid,NJ,PSEG,Withdrawn,gen
AE2-145,2019-03-11,Tabernacle 12 kV,48586.0,12.0,62.58823529411764,2.52,hybrid,NJ,AEC,Withdrawn,gen
AE2-146,2019-03-11,Gold 115 kV,13301.0,115.0,100.0,183.0,solar,PA,PENELEC,Withdrawn,gen
AE2-147 - moved to TC1,2019-03-13,Swamp 230 kV,20813.0,230.0,58.66666666666667,150.0,solar,NC,Dominion,Withdrawn,gen
AE2-148,2019-02-22,Beatty-Greene 345 kV,56827.0,345.0,100.0,577.0,solar,OH,AEP,In Service,gen
AE2-149,2019-03-14,Biers Run-Bixby 345 kV,42672.0,345.0,100.0,400.0,hybrid,OH,AEP,Withdrawn,gen
AE2-150,2019-03-14,Bakers Pond-Bell Ave 115 kV,14044.0,115.0,63.1578947368421,75.0,hybrid,VA,Dominion,Withdrawn,gen
AE2-151,2019-03-14,Earleys 34.5kV,3185.0,34.5,92.0,10.0,solar,NC,Dominion,Withdrawn,gen
AE2-152,2019-03-04,Loretto-Wilton 345 kV & Braidwood-Davis Creek 345 kV,13133.0,345.0,92.0,300.0,solar,IL,ComEd,Engineering and Procurement,gen
AE2-153,2019-03-14,Braidwood-Davis Creek,20761.0,138.0,100.0,200.0,wind,IL,ComEd,Withdrawn,gen
AE2-154,2019-03-14,Meadow Lake 345 kV (MLV VIII),13143.0,345.0,100.0,250.0,wind,IN,AEP,Withdrawn,gen
AE2-155,2019-03-15,Old Church 34.5 kV,32816.0,34.5,92.0,25.0,solar,VA,Dominion,In Service,gen
AE2-156 - moved to TC1,2019-03-15,Yadkin 115 kV,32306.0,115.0,100.0,100.0,storage,VA,Dominion,Engineering and Procurement,battery
AE2-157,2019-03-15,Wakefield–Waverly 115 kV,33433.0,115.0,100.0,100.0,solar,VA,Dominion,Withdrawn,gen
AE2-158,2019-03-15,Kanawha River 138 kV,889.0,138.0,100.0,48.0,other,WV,AEP,Withdrawn,gen
AE2-159,2019-03-15,Kanawha River 138 kV,889.0,138.0,100.0,48.0,other,WV,AEP,Withdrawn,gen
AE2-160,2019-03-15,Kanawha River 138 kV,889.0,138.0,100.0,105.159,other,WV,AEP,Engineering and Procurement,gen
AE2-161,2019-03-15,Morris Park-Washington 34.5 kV,19000.0,34.5,92.0,4.0,solar,NJ,JCPL,Withdrawn,gen
AE2-162,2019-03-15,Lumberton 13.2 kV,4663.0,13.2,92.0,3.78,hybrid,NJ,PSEG,Withdrawn,gen
AE2-163,2019-03-15,West Caldwell 13.2 kV,26626.0,13.2,92.0,1.0,solar,NJ,PSEG,Withdrawn,gen
AE2-164,2019-03-15,Saddle Brook 13.2 kV,41232.0,13.2,92.0,1.4,solar,NJ,PSEG,Withdrawn,gen
AE2-165,2019-03-15,Cedar Grove 13.2 kV,26627.0,13.2,92.0,2.6,solar,NJ,PSEG,Withdrawn,gen
AE2-166,2019-03-16,Stockton 138 kV,13130.0,138.0,92.0,90.0,solar,VA,AEP,Suspended,gen
AE2-167,2019-03-15,Belmont-Harrison 500 kV,38901.0,500.0,100.0,1335.0,gas,WV,APS,Withdrawn,gen
AE2-168,2019-03-15,Belmont-Harrison 500 kV II,38901.0,500.0,100.0,665.0,gas,WV,APS,Withdrawn,gen
AE2-169,2019-03-16,Delaware-Van Buren 138 kV,13775.0,138.0,100.0,163.0,solar,IN,AEP,Suspended,gen
AE2-170,2019-03-15,Gaston-Desoto 138 kV,3220.0,138.0,92.0,250.0,storage,IN,AEP,Withdrawn,battery
AE2-171,2019-03-15,Makahoy 138 kV,45628.0,138.0,100.0,150.0,storage,IN,AEP,Withdrawn,battery
AE2-172,2019-03-16,Mississinewa-Gaston 138 kV,13733.0,138.0,100.0,200.0,storage,IN,AEP,Suspended,battery
AE2-173 - moved to TC1,2019-03-18,McLean 345 kV,33897.0,345.0,84.3076923076923,250.0,storage,IL,ComEd,Withdrawn,battery
AE2-174,2019-03-19,Fremont Center-Tiffin Center 138 kV circuit #1,4438.0,138.0,88.33333333333334,198.0,wind,OH,AEP,Withdrawn,gen
AE2-175,2019-03-19,Jackson-Long Pond 69 kV,13423.0,69.0,100.0,80.0,solar,PA,PPL,Partially in Service - Under Construction,gen
AE2-176,2019-03-19,Groton 138 kV Solar,16242.0,138.0,83.33333333333334,125.0,solar,OH,ATSI,In Service,gen
AE2-177,2019-03-18,Squabb SVC 230 kV,13200.0,230.0,58.82352941176471,165.0,solar,PA,APS,Withdrawn,gen
AE2-178,2019-03-18,Wayne 115 kV,31410.0,115.0,100.0,62.0,solar,PA,PENELEC,Withdrawn,gen
AE2-179,2019-03-18,Lick-Waverly 115kV,7478.0,115.0,92.0,78.0,solar,OH,OVEC,Withdrawn,gen
AE2-180,2019-03-18,Beatty-London 138 kV III,56827.0,138.0,100.0,79.0,solar,OH,ATSI,Withdrawn,gen
AE2-181,2019-03-18,Snyder 69kV,15929.0,69.0,66.66666666666667,49.0,solar,OH,ATSI,In Service,gen
AE2-182,2019-03-18,Briery-Clover 230 kV,26634.0,230.0,66.66666666666667,122.0,solar,VA,Dominion,Withdrawn,gen
AE2-183,2019-03-18,Rogers Road 500 kV,14056.0,500.0,76.21052631578947,1756.0,gas,VA,Dominion,In Service,gen
AE2-184,2019-03-18,Warren County 500 kV,15418.0,500.0,70.57142857142857,1499.0,gas,VA,Dominion,In Service,gen
AE2-185 - moved to TC1,2019-03-18,Gladys DP-Stonemill Switching Station 69 kV,44005.0,69.0,66.66666666666667,60.0,solar,VA,Dominion,Engineering and Procurement,gen
AE2-186,2019-03-18,Brandy DP-Remington 115 kV,42729.0,115.0,71.42857142857143,60.0,solar,VA,Dominion,Withdrawn,gen
AE2-187 - moved to TC1,2019-03-18,Shockoe DP-Chatham 69 kV,5853.0,69.0,83.0,60.0,solar,VA,Dominion,Withdrawn,gen
AE2-188,2019-03-18,Mitchell DP-Mountain Run 115 kV,39336.0,115.0,83.81818181818181,40.0,storage,VA,Dominion,Withdrawn,battery
AE2-189,2019-03-18,Housenville 138 kV,31707.0,138.0,95.23809523809523,42.0,solar,PA,APS,Withdrawn,gen
AE2-190,2019-03-18,Elk Run D.P.-Gainesville 230 kV,7685.0,230.0,81.0909090909091,70.0,solar,VA,Dominion,Withdrawn,gen
AE2-191,2019-03-18,Saxonburg 138 kV,44746.0,138.0,82.35294117647058,52.0,solar,PA,APS,Withdrawn,gen
AE2-192,2019-03-18,Orrtanna 115 kV,15245.0,115.0,100.0,65.0,solar,PA,ME,Withdrawn,gen
AE2-193,2019-03-18,Shenango 138 kV,36538.0,138.0,100.0,120.0,solar,PA,ATSI,Withdrawn,gen
AE2-194,2019-03-18,Congress-Toronto 138 kV,33919.0,138.0,63.1578947368421,145.0,solar,OH,ATSI,Suspended,gen
AE2-195,2019-03-18,East Canton-Robertsville 69 kV,37488.0,69.0,87.5,19.7,solar,OH,AEP,Withdrawn,gen
AE2-196,2019-03-19,Mt. Airy-Wythe 138 kV,12807.0,138.0,92.0,94.6,solar,VA,AEP,Withdrawn,gen
AE2-197,2019-03-19,,,138.0,0.0,5.0,solar,NJ,JCPL,Withdrawn,gen
AE2-198,2019-03-19,,,138.0,0.0,2.75,solar,NJ,PSEG,Withdrawn,gen
AE2-199,2019-03-19,,,138.0,0.0,2.0,solar,NJ,AEC,Withdrawn,gen
AE2-200,2019-03-19,,,138.0,0.0,5.0,solar,NJ,AEC,Withdrawn,gen
AE2-201,2019-03-19,,,138.0,0.0,5.0,solar,NJ,JCPL,Withdrawn,gen
AE2-202,2019-03-19,,,138.0,0.0,3.88,solar,NJ,JCPL,Withdrawn,gen
AE2-203,2019-03-19,,,138.0,0.0,4.38,solar,NJ,JCPL,Withdrawn,gen
AE2-204,2019-03-19,Bolivar 34.5 kV,34672.0,34.5,92.0,19.3,solar,OH,AEP,Withdrawn,gen
AE2-205,2019-03-19,Cumberland 230 kV,4083.0,230.0,100.0,78.0,solar,NJ,AEC,Withdrawn,gen
AE2-206,2019-03-20,East Sidney-Quincy 138 kV,5107.0,138.0,100.0,99.0,solar,OH,Dayton,In Service,gen
AE2-207,2019-03-20,Heartsease DP-Mayo Dunbar 115 kV,7444.0,115.0,63.63636363636363,18.0,storage,NC,Dominion,Withdrawn,battery
AE2-208,2019-03-20,Chavies-Bonnyman 69 kV,23401.0,69.0,63.42857142857143,80.0,storage,KY,AEP,Withdrawn,battery
AE2-209,2019-03-20,Airey 69 kV,5135.0,69.0,72.72727272727273,56.0,solar,MD,DPL,Withdrawn,gen
AE2-210 - moved to TC1,2019-03-20,Avon-North Clark 345 kV,3423.0,345.0,92.0,90.0,solar,KY,EKPC,Withdrawn,gen
AE2-211,2019-03-20,Jackson-Three Mile Island 230 kV,3208.0,230.0,100.0,55.0,solar,PA,ME,Engineering and Procurement,gen
AE2-212,2019-03-20,Harrowgate 34 kV,33086.0,34.0,92.0,20.0,solar,VA,Dominion,Engineering and Procurement,gen
AE2-213,2019-03-20,Thorofare 13.2 kV,29933.0,13.2,92.0,3.15,hybrid,NJ,PSEG,Withdrawn,gen
AE2-214,2019-03-23,Cole 345 kV,7926.0,345.0,80.88888888888889,200.0,solar,OH,AEP,Under Construction,gen
AE2-215,2019-03-21,Blain 115 kV,31690.0,115.0,82.9090909090909,60.0,solar,PA,PENELEC,Withdrawn,gen
AE2-216,2019-03-21,Hardin Switch 345 kV,40060.0,345.0,83.84615384615384,55.0,storage,OH,AEP,Suspended,battery
AE2-217,2019-03-21,East Springfield-London 138 kV,4710.0,138.0,100.0,180.0,solar,OH,ATSI,Engineering and Procurement,gen
AE2-218,2019-03-21,Eldean 138 kV,5161.0,138.0,100.0,178.0,solar,OH,Dayton,Withdrawn,gen
AE2-219,2019-03-21,Bluff Point-Randolph 138 kV,13779.0,138.0,80.9090909090909,100.0,solar,IN,AEP,Engineering and Procurement,gen
AE2-220,2019-03-21,Losantville 345 kV,38485.0,345.0,76.19047619047619,125.0,solar,IN,AEP,Engineering and Procurement,gen
AE2-221,2019-03-21,Clinton-Stuart 345 kV,35793.0,345.0,100.0,300.0,solar,OH,Dayton,Under Construction,gen
AE2-222,2019-03-22,Higbee 69 kV,19717.0,69.0,100.0,300.0,wind,NJ,AEC,Withdrawn,gen
AE2-223 - moved to TC1,2019-03-22,McLean 345 kV,33897.0,345.0,84.3076923076923,350.0,wind,IL,ComEd,Engineering and Procurement,gen
AE2-224,2019-03-23,Bear Rock-Johnstown 230 kV,29936.0,230.0,76.19047619047619,100.0,solar,PA,PENELEC,In Service,gen
AE2-225,2019-03-22,Suffolk 34 kV,3183.0,34.0,92.0,20.0,solar,VA,Dominion,Withdrawn,gen
AE2-226,2019-03-22,Millville-Old Chapel 138 kV,982.0,138.0,100.0,99.0,solar,WV,APS,Engineering and Procurement,gen
AE2-227,2019-03-22,Iron Bridge 34 kV,31611.0,34.0,92.0,20.0,solar,VA,Dominion,Withdrawn,gen
AE2-228,2019-03-22,Tyler 34 kv,33085.0,34.0,92.0,20.0,solar,VA,Dominion,Withdrawn,gen
AE2-229,2019-03-22,Suffolk 34 kV,3183.0,34.0,92.0,15.0,solar,VA,Dominion,Withdrawn,gen
AE2-230,2019-03-24,Bartonsville-Meadow Brook 138 kV ,14595.0,138.0,92.0,70.0,solar,VA,APS,In Service,gen
AE2-231,2019-03-22,St. Johns 115 kV,33103.0,115.0,100.0,44.0,solar,VA,Dominion,Withdrawn,gen
AE2-232,2019-03-22,Oyster Creek 230 kV II ,26767.0,230.0,100.0,400.0,wind,NJ,JCPL,Withdrawn,gen
AE2-233,2019-03-22,Carson-Rogers Rd 500 kV,33483.0,500.0,100.0,94.0,solar,VA,Dominion,Withdrawn,gen
AE2-234,2019-03-22,Liberty Center-Buckeye Tap 69 kV,14557.0,69.0,89.0909090909091,35.0,solar,IN,AEP,Engineering and Procurement,gen
AE2-235,2019-03-22,Murphysville-Plumville 69 kV,38712.0,69.0,73.81818181818181,60.0,solar,KY,EKPC,Withdrawn,gen
AE2-236,2019-03-22,Columbia-Northeast 138 kV,31870.0,138.0,100.0,55.0,solar,IN,AEP,Withdrawn,gen
AE2-237,2019-03-22,Vernon-Sugar Loaf #2 115 kV,16667.0,115.0,92.0,107.0,storage,NJ,JCPL,Withdrawn,battery
AE2-238,2019-03-21,Reybold 12 kV,5116.0,12.0,72.0,8.0,solar,DE,DPL,Withdrawn,gen
AE2-239,2019-03-22,Tanners Creek-East Bend & Miami Fort-Terminal 345 kV,14562.0,345.0,100.0,100.0,other,,AEP,Withdrawn,gen
AE2-240,2019-03-22,Olive-Reynolds 1 & 2 345 kV,32980.0,345.0,100.0,3170.0,other,IN,AEP,Withdrawn,gen
AE2-241,2019-03-23,Bloomsburg-Columbia 69 kV,31840.0,69.0,100.0,20.0,solar,PA,PPL,Suspended,gen
AE2-242,2019-03-22,Bowmanns Mill-Scott 69 kV,29641.0,69.0,71.23076923076923,85.0,solar,PA,PPL,Withdrawn,gen
AE2-243,2019-03-22,East Carbondale 12.47 kV I,13553.0,47.0,86.0,16.5,wind,PA,PPL,Withdrawn,gen
AE2-244,2019-03-22,East Carbondale 12.47 kV II,13553.0,47.0,86.0,16.5,wind,PA,PPL,Withdrawn,gen
AE2-245,2019-03-25,Stockton 34.5 kV,13130.0,34.5,92.0,20.0,solar,VA,AEP,Withdrawn,gen
AE2-246,2019-03-25,Gretna DP 69 kV,31799.0,69.0,58.66666666666667,50.0,solar,VA,Dominion,Withdrawn,gen
AE2-247,2019-03-25,Myrtle-Windsor 115 kV,33442.0,115.0,100.0,71.0,solar,VA,Dominion,Engineering and Procurement,gen
AE2-248,2019-03-25,Fillmore-Thompson Farm 46 kV,25757.0,46.0,67.0,16.0,solar,PA,APS,Suspended,gen
AE2-249,2019-03-25,Bedford North-Pennsylvania Hollow 23 kV,15029.0,23.0,85.33333333333333,16.6,solar,PA,PENELEC,Withdrawn,gen
AE2-250 - moved to TC1,2019-03-26,Purdy Sw.-Reams 115 kV,21804.0,115.0,55.55555555555556,82.5,solar,VA,Dominion,Withdrawn,gen
AE2-251,2019-03-26,Cardiff 230 kV,29640.0,230.0,100.0,1200.0,wind,NJ,AEC,Withdrawn,gen
AE2-252,2019-03-26,Gardners-Mountain 115 kV,13245.0,115.0,100.0,20.0,solar,PA,ME,Withdrawn,gen
AE2-253,2019-03-25,Hickory-Moyock 230 kV,32309.0,230.0,100.0,100.0,solar,NC,Dominion,In Service,gen
AE2-254,2019-03-26,Garrard County-Tommy-Gooch 69 kV,15405.0,69.0,69.23076923076923,50.0,solar,KY,EKPC,In Service,gen
AE2-255,2019-03-26,Molecreek 345 kV,23636.0,345.0,58.66666666666667,400.0,wind,IL,ComEd,Under Construction,gen
AE2-256,2019-03-28,Copperstone-North Lebanon 230 kV,42819.0,230.0,100.0,70.0,solar,PA,ME,Withdrawn,gen
AE2-257,2019-03-27,Cedar Neck 69 kV,14660.0,69.0,85.0,120.0,wind,DE,DPL,Withdrawn,gen
AE2-258,2019-03-27,Chase City 115 kV,33224.0,115.0,100.0,49.9,solar,VA,Dominion,Withdrawn,gen
AE2-259,2019-03-28,Curdsville-Willis Mtn 115 kV,14234.0,115.0,80.0,100.0,solar,VA,Dominion,Engineering and Procurement,gen
AE2-260,2019-03-28,Clubhouse 230 kV,33432.0,230.0,100.0,200.0,hybrid,VA,Dominion,Withdrawn,gen
AE2-261 - moved to TC1,2019-03-28,Kincaid-Pana 345 kV,38484.0,345.0,100.0,299.0,solar,IL,ComEd,Engineering and Procurement,gen
AE2-262,2019-03-29,Moshannon-Milesburg 230 kV,31895.0,230.0,100.0,83.6,solar,PA,APS,Engineering and Procurement,gen
AE2-263,2019-03-29,Moshannon-Milesburg 230 kV II,31895.0,230.0,100.0,161.98,solar,PA,APS,Engineering and Procurement,gen
AE2-264,2019-03-28,Altoona-Raystown 230 kV,31896.0,230.0,100.0,80.0,solar,PA,PENELEC,Withdrawn,gen
AE2-265,2019-03-28,Corey 138 kV,16511.0,138.0,100.0,150.0,hybrid,MI,AEP,Withdrawn,gen
AE2-266,2019-03-28,Corey 138kV,16511.0,138.0,100.0,198.9,hybrid,MI,AEP,Withdrawn,gen
AE2-267,2019-03-29,Woodsdale 345 kV,5024.0,345.0,100.0,49.0,solar,OH,DEOK,Engineering and Procurement,gen
AE2-268,2019-03-28,Harmony Village 34 kV,7427.0,34.0,92.0,15.0,solar,VA,Dominion,Withdrawn,gen
AE2-269,2019-03-28,Fayetteville 138 kV,32490.0,138.0,100.0,22.0,solar,PA,APS,Withdrawn,gen
AE2-270 - moved to TC1,2019-03-28,Hopewell-Surry 230 kV,19035.0,230.0,100.0,150.0,hybrid,VA,Dominion,Withdrawn,gen
AE2-271,2019-03-14,Montour 230 kV,13418.0,230.0,100.0,101.6,solar,PA,PPL,Withdrawn,gen
AE2-272,2019-03-28,Woodstown 12 kV,19256.0,12.0,92.0,19.9,solar,NJ,AEC,In Service,gen
AE2-273,2019-03-28,Siegfried-Hauto 69KV ,32746.0,69.0,100.0,20.0,solar,PA,PPL,In Service,gen
AE2-274,2019-03-28,Siegfried-Hauto 69 kV,32746.0,69.0,100.0,20.0,solar,PA,PPL,In Service,gen
AE2-275 - moved to TC1,2019-03-28,J.K. Smith-Fawkes 138 kV,1410.0,138.0,100.0,90.0,solar,KY,EKPC,Withdrawn,gen
AE2-276,2019-03-28,Sullivan 345kV,33035.0,345.0,100.0,50.0,storage,IN,AEP,Engineering and Procurement,battery
AE2-277,2019-03-28,McDowell 138 kV,13358.0,138.0,100.0,38.2,solar,PA,ATSI,Withdrawn,gen
AE2-278,2019-03-26,Urbana 138 kV,5047.0,138.0,100.0,150.7,solar,OH,Dayton,Withdrawn,gen
AE2-279,2019-03-13,Oxford 115 kV,13383.0,115.0,100.0,44.0,solar,PA,ME,Withdrawn,gen
AE2-280,2019-03-29,Claytor Lake-Edgemont 138 kV,11236.0,138.0,91.0,126.65,solar,VA,AEP,Withdrawn,gen
AE2-281,2019-03-29,Powerton-Nevada 345 kV,20090.0,345.0,100.0,400.0,wind,IL,ComEd,Partially in Service - Under Construction,gen
AE2-282,2019-03-31,East Fayette 138 kV,39146.0,138.0,80.0,67.0,solar,OH,ATSI,In Service,gen
AE2-283 - moved to TC1,2019-03-29,Gladys-Stone Mill 69 kV,15360.0,69.0,75.33333333333334,53.0,solar,VA,Dominion,Engineering and Procurement,gen
AE2-284,2019-03-29,Kenzie Creek-Colby 138 kV,16487.0,138.0,100.0,225.0,storage,MI,AEP,Withdrawn,battery
AE2-285,2019-03-30,Maysville 69 kV,38712.0,69.0,86.73684210526316,50.0,solar,PA,ATSI,Under Construction,gen
AE2-286,2019-03-29,Airey 12 kV,5135.0,12.0,64.72727272727273,19.5,solar,MD,DPL,Withdrawn,gen
AE2-287,2019-03-29,Brunswick 115 kV,33297.0,115.0,100.0,130.0,solar,VA,Dominion,Withdrawn,gen
AE2-288,2019-03-29,Sunbury 500 kV,13419.0,500.0,100.0,1233.0,gas,PA,PPL,Withdrawn,gen
AE2-289,2019-03-29,Frostburg 138 kV,32189.0,138.0,94.54545454545455,80.0,wind,MD,APS,Active,gen
AE2-290,2019-03-29,Nottingham 138 kV,33918.0,138.0,100.0,100.0,solar,OH,AEP,Suspended,gen
AE2-291 - moved to TC1,2019-03-29,Grit DP-Perth 115 kV,31653.0,115.0,62.5,102.0,solar,VA,Dominion,Engineering and Procurement,gen
AE2-292 - moved to TC1,2019-03-29,Grit DP-Perth 115 kV,31653.0,115.0,62.5,127.0,solar,VA,Dominion,Withdrawn,gen
AE2-293,2019-03-29,Dauphin-Pine Grove 69kV,13407.0,69.0,61.53846153846154,20.0,solar,PA,PPL,Withdrawn,gen
AE2-294,2019-03-29,Dauphin-Pine Grove 69 kV,13407.0,69.0,61.53846153846154,20.0,storage,PA,PPL,Withdrawn,battery
AE2-295,2019-03-29,Eldred 230 kV,50469.0,230.0,80.0,174.8,wind,PA,PPL,Withdrawn,gen
AE2-296,2019-03-29,Hutchings West 69 kV,4432.0,69.0,85.38461538461539,104.0,gas,OH,Dayton,Withdrawn,gen
AE2-297,2019-03-22,Madison-Tanners Creek 138 kV,13755.0,138.0,100.0,152.5,solar,IN,AEP,In Service,gen
AE2-298,2019-03-22,Cavett Switch - West Van Wert 69 kV,36322.0,69.0,83.84615384615384,49.9,solar,OH,AEP,Withdrawn,gen
AE2-299,2019-03-22,Erie East 230 kV,13396.0,230.0,100.0,160.0,storage,PA,PENELEC,Suspended,battery
AE2-300,2019-03-29,,,138.0,0.0,200.0,storage,OH,AEP,Withdrawn,battery
AE2-301,2019-03-29,Crisfield 25 kV,13134.0,25.0,92.0,5.5,storage,MD,DPL,Withdrawn,battery
AE2-302,2019-03-29,East Beaver-Lick 138 kV,39532.0,138.0,92.5,49.9,solar,OH,AEP,Withdrawn,gen
AE2-303,2019-03-30,Honda Marysville Tap,38712.0,138.0,85.0,49.9,solar,OH,Dayton,Withdrawn,gen
AE2-304,2019-03-29,South Hertford 34 kV,16268.0,34.0,69.77777777777779,5.0,solar,NC,Dominion,Withdrawn,gen
AE2-305,2019-03-29,Givens-Mechanicsburg 138 kV,38718.0,138.0,79.47368421052632,78.0,solar,OH,Dayton,Withdrawn,gen
AE2-306,2019-03-30,Gunn Road 345 kV,16330.0,345.0,62.5,30.0,solar,OH,AEP,Under Construction,gen
AE2-307,2019-03-29,Braidwood-East Frankfort,20761.0,138.0,100.0,225.0,hybrid,IL,ComEd,Withdrawn,gen
AE2-308 - moved to TC1,2019-03-29,Three Forks-Dale 138 kV,16268.0,138.0,63.1578947368421,100.0,solar,KY,EKPC,Engineering and Procurement,gen
AE2-309,2019-04-01,Carlos Junction-Lonaconing 34.5 kV,31893.0,34.5,62.0,19.84,solar,MD,APS,In Service,gen
AE2-310,2019-03-29,Wilmington-Davis Creek,42006.0,138.0,95.0,85.0,hybrid,IL,ComEd,Withdrawn,gen
AE2-311,2019-03-29,Carson-Septa 500 kV,33483.0,500.0,100.0,400.0,solar,VA,Dominion,Withdrawn,gen
AE2-312,2019-03-29,Rocky Road,11935.0,138.0,83.33333333333333,411.7,gas,IL,ComEd,Withdrawn,gen
AE2-313 - moved to TC1,2019-03-29,Carson-Rawlings 500 kV,33483.0,500.0,100.0,314.0,solar,VA,Dominion,Withdrawn,gen
AE2-314,2019-03-29,Cardiff 230 kV,29640.0,230.0,100.0,72.0,solar,NJ,AEC,Withdrawn,gen
AE2-315,2019-03-29,Yankee Tap 69 kV,5195.0,69.0,84.21052631578947,124.0,gas,OH,Dayton,In Service,gen
AE2-316,2019-03-30,Brookville-Squab Hollow 138 kV,13717.0,138.0,100.0,90.0,solar,PA,PENELEC,Under Construction,gen
AE2-317,2019-03-30,Pequest River 115 kV,13388.0,115.0,60.86956521739131,80.0,solar,NJ,JCPL,Withdrawn,gen
AE2-318,2019-03-31,Ford-Cedarville 138 kV,33902.0,138.0,100.0,100.0,solar,OH,DEOK,Suspended,gen
AE2-319,2019-03-31,Atlanta 69kV I,37617.0,69.0,100.0,100.0,solar,OH,Dayton,Withdrawn,gen
AE2-320,2019-03-31,Atlanta 69 kV II,37617.0,69.0,100.0,50.0,solar,OH,Dayton,Withdrawn,gen
AE2-321 - moved to TC1,2019-03-30,Belvidere-Marengo 138 kV,7758.0,138.0,67.0,100.0,solar,IL,ComEd,Withdrawn,gen
AE2-322,2019-03-30,Platter Creek 69kV,7537.0,69.0,73.6842105263158,94.0,solar,OH,AEP,Partially in Service - Under Construction,gen
AE2-323,2019-03-30,Twin Branch-Guardian 138 kV,12792.0,138.0,100.0,100.0,solar,IN,AEP,In Service,gen
AE2-324,2019-03-30,Galion-Roberts South II 138 kV,5092.0,138.0,100.0,120.3,storage,OH,ATSI,Withdrawn,battery
AE2-325 - moved to TC1,2019-03-30,Valley 138 kV,16471.0,138.0,100.0,152.2,storage,MI,AEP,Withdrawn,battery
AE2-326,2019-03-30,Jacksons Ferry 138 kV,39286.0,138.0,100.0,127.2,storage,VA,AEP,Engineering and Procurement,battery
AE2-327,2019-03-30,Biers Run-Circleville 138 kV,42672.0,138.0,100.0,162.2,storage,OH,AEP,Withdrawn,battery
AE2-328,2019-03-30,Briery DP-Clover 230 kV,14043.0,230.0,62.58823529411764,100.0,solar,VA,Dominion,Withdrawn,gen
AE2-329,2019-03-30,Cedarville-Ford 138 kV,33772.0,138.0,84.21052631578947,52.2,storage,OH,DEOK,Withdrawn,battery
AE2-330,2019-03-30,Belvidere-Marengo,7758.0,138.0,75.0,52.2,storage,IL,ComEd,Withdrawn,battery
AE2-331,2019-03-31,Mark Center 69 kV,14815.0,69.0,75.0,34.8,storage,OH,AEP,Withdrawn,battery
AE2-332,2019-03-31,Twin Branch-Guardian 138 kV,12792.0,138.0,100.0,52.2,storage,IN,AEP,Withdrawn,battery
AE2-333,2019-04-01,Bedington 138 kV,32773.0,138.0,100.0,100.0,solar,WV,APS,Suspended,gen
AE2-334,2019-04-01,Clayton-Williamstown 69 kV,48585.0,69.0,100.0,44.0,solar,NJ,AEC,Withdrawn,gen
AE2-335,2019-03-31,Gloucester Solar II,29530.0,138.0,85.78947368421052,60.0,solar,NJ,AEC,Withdrawn,gen
AE2-336,2019-03-31,St. Barnabas 13 kV,29241.0,13.0,58.66666666666667,4.6,solar,MD,PEPCO,Withdrawn,gen
AE2-337,2019-03-31,St. Barnabas 13 kV,29241.0,13.0,58.66666666666667,2.4,solar,MD,PEPCO,Withdrawn,gen
AE2-338,2019-03-31,Avon 138 kV,3423.0,138.0,92.0,20.3,storage,KY,EKPC,Withdrawn,battery
AE2-339,2019-03-31,Avon 138 kV,3423.0,138.0,92.0,40.0,solar,KY,EKPC,Under Construction,gen
AE2-340,2019-03-31,Sandwich-Plano,36322.0,138.0,71.42857142857143,52.2,storage,IL,ComEd,Withdrawn,battery
AE2-341 - moved to TC1,2019-03-31,Sandwich-Plano 138 kV,29404.0,138.0,66.66666666666667,150.0,solar,IL,ComEd,Engineering and Procurement,gen
AE2-342,2019-03-31,Woodstock 69 kV,21973.0,69.0,100.0,40.0,solar,OH,Dayton,Withdrawn,gen
AE2-343,2019-04-01,Andover (Maysville) 69 kV II,14278.0,69.0,74.35294117647058,17.9,solar,PA,ATSI,Partially in Service - Under Construction,gen
AE2-344,2019-03-14,Edinboro South-Venango Junction 115 kV,6108.0,115.0,60.0,116.5,solar,PA,PENELEC,Withdrawn,gen
AE2-345,2019-03-13,Hunterstown-Texas Eastern Tap 115 kV,13298.0,115.0,100.0,70.0,solar,PA,ME,Suspended,gen
AE2-346,2019-03-29,Ahoskie 34.5 kV,12359.0,34.5,63.42857142857143,17.0,solar,NC,Dominion,In Service,gen
AF1-001,2019-04-01,Thayerville 34.5 kV,42328.0,34.5,77.71428571428572,13.75,solar,MD,APS,Withdrawn,gen
AF1-002,2019-04-01,Berwick 12.47 kV,31778.0,47.0,83.0,5.0,solar,PA,PPL,Withdrawn,gen
AF1-003,2019-04-02,Hawkins Gate-Billingsley Rd 69 kV,31492.0,69.0,100.0,20.0,solar,MD,SMECO,Withdrawn,gen
AF1-004,2019-04-01,Hwy 228-Bennsville 69 kV,5228.0,69.0,50.82352941176471,16.82,solar,MD,SMECO,Withdrawn,gen
AF1-005,2019-04-01,Grayton-Ripley 69 kV,13336.0,69.0,100.0,20.0,solar,MD,SMECO,Withdrawn,gen
AF1-006,2019-04-02,Fairview East 34.5 kV,13315.0,34.5,92.0,20.0,solar,PA,PENELEC,In Service,gen
AF1-007,2019-04-01,Indian River 230 kV I,5008.0,230.0,74.35294117647058,255.1,wind,DE,DPL,Suspended,gen
AF1-008,2019-04-02,CPV NJ Solar,3454.0,138.0,57.14285714285714,20.0,solar,NJ,JCPL,Withdrawn,gen
AF1-009,2019-04-02,Dixon-McGirr,34666.0,138.0,80.0,125.0,storage,IL,ComEd,Withdrawn,battery
AF1-010,2019-04-02,Schauff Road,6153.0,138.0,66.66666666666667,30.0,solar,IL,ComEd,Withdrawn,gen
AF1-011,2019-04-02,Schauff Road,6153.0,138.0,66.66666666666667,255.0,storage,IL,ComEd,Withdrawn,battery
AF1-012,2019-04-02,Electric Junc-Nelson,15107.0,138.0,74.04761904761905,175.0,solar,IL,ComEd,Withdrawn,gen
AF1-013,2019-04-02,Dixon-McGirr,34666.0,138.0,80.0,25.0,storage,IL,ComEd,Withdrawn,battery
AF1-014,2019-04-04,Harmony Village-Shackleford 115 kV,33194.0,115.0,100.0,149.9,solar,VA,Dominion,Under Construction,gen
AF1-015,2019-04-03,Easton-Steele 138 kV II,13101.0,138.0,100.0,59.0,solar,MD,DPL,Withdrawn,gen
AF1-016,2019-04-03,Suffolk 115 kV,32305.0,115.0,100.0,71.0,solar,VA,Dominion,Withdrawn,gen
AF1-017,2019-04-03,Myrtle-Windsor 115 kV,33442.0,115.0,100.0,91.0,solar,VA,Dominion,Engineering and Procurement,gen
AF1-018,2019-04-03,Harmony Village 230 kV,7427.0,230.0,100.0,80.0,storage,VA,Dominion,Engineering and Procurement,battery
AF1-019,2019-04-06,Branchville-Holiday Lakes 34.5 kV,41497.0,34.5,72.0,20.0,storage,NJ,JCPL,In Service,battery
AF1-020 5006187,2019-04-01,PJM-TVA,31685.0,138.0,57.14285714285714,,other,,,Withdrawn,gen
AF1-021,2019-04-17,Bethelboro-Connellsville #1 25 kV,32289.0,25.0,92.0,14.0,solar,PA,APS,In Service,gen
AF1-022,2019-04-17,Lake Lynn-Uniontown 25 kV,13312.0,25.0,78.15384615384616,14.0,solar,PA,APS,In Service,gen
AF1-023,2019-04-18,Atlantic-Red Bank 34 kV II,7914.0,34.0,92.0,20.0,solar,NJ,JCPL,In Service,gen
AF1-024,2019-05-01,Freeland Municipal Authority,8686.0,138.0,61.07142857142857,19.9,solar,PA,PPL,Withdrawn,gen
AF1-025,2019-05-03,Cedar Creek-Silver Run 230 kV,11578.0,230.0,92.0,,other,,DPL,Withdrawn,gen
AF1-026,2019-05-06,Edge Road Battery Storage (CIRs),,138.0,0.0,20.0,storage,NJ,JCPL,In Service,battery
AF1-027,2019-05-06,Plumsted 537 Energy Storage (CIRs),14125.0,138.0,58.18181818181818,20.0,storage,NJ,JCPL,In Service,battery
AF1-028,2019-05-13,Endless Caverns 115 kV,32186.0,115.0,61.53846153846154,150.0,storage,VA,Dominion,Partially in Service - Under Construction,battery
AF1-029,2019-05-14,Cavett Switch - West Van Wert 69 kV,36322.0,69.0,83.84615384615384,75.0,solar,OH,AEP,Withdrawn,gen
AF1-030 - moved to TC1,2019-05-17,Sandwich-Plano 138 kV,29404.0,138.0,66.66666666666667,250.0,solar,IL,ComEd,Engineering and Procurement,gen
AF1-031,2019-05-17,Kings Dominion DP 115 kV,33129.0,115.0,94.70588235294117,93.5,solar,VA,Dominion,Withdrawn,gen
AF1-032,2019-05-18,Suffolk 34.5 kV,3183.0,34.5,92.0,15.0,solar,VA,Dominion,In Service,gen
AF1-033,2019-05-17,Poolesville 34 kV,5757.0,34.0,92.0,20.0,solar,VA,Dominion,Withdrawn,gen
AF1-034,2019-05-22,Clinton-Stuart 345 kV,35793.0,345.0,100.0,300.0,solar,OH,Dayton,Withdrawn,gen
AF1-035,2019-05-22,Clinton-Stuart 345 kV,35793.0,345.0,100.0,100.0,solar,OH,Dayton,Withdrawn,gen
AF1-036,2019-05-24,Carville 138 kV III,33772.0,138.0,94.11764705882352,86.0,solar,MD,DPL,Withdrawn,gen
AF1-037,2019-05-31,C.P. Crane 115 kV,29166.0,115.0,60.86956521739131,200.0,storage,MD,BGE,Withdrawn,battery
AF1-038,2019-06-08,Sewellton Jct-Webbs Crossroads 69 kV,13253.0,69.0,58.66666666666667,60.0,solar,KY,EKPC,Under Construction,gen
AF1-039,2019-06-07,Listonburg-Highpoint 24.9 kV,11588.0,24.9,68.19047619047619,15.0,solar,PA,PENELEC,In Service,gen
AF1-040,2019-06-15,Gratz Tap 69 kV,56744.0,69.0,80.0,20.0,storage,PA,PPL,Engineering and Procurement,battery
AF1-041,2019-06-18,Absecon 12.47 kV,4068.0,47.0,50.82352941176471,2.4,solar,NJ,AEC,In Service,gen
AF1-042,2019-06-24,Garner DP-Lancaster 115 kV,7446.0,115.0,100.0,131.0,solar,VA,Dominion,Engineering and Procurement,gen
AF1-043,2019-06-28,Moshannon-East Towanda 230 kV,31895.0,230.0,100.0,640.0,gas,PA,PENELEC,Withdrawn,gen
AF1-044,2019-06-28,Wye Mills-Longwood 69 kV,12919.0,69.0,100.0,45.0,solar,MD,DPL,Withdrawn,gen
AF1-045,2019-06-29,Cedarville-Ford 138 kV,33772.0,138.0,84.21052631578947,152.2,storage,OH,DEOK,Suspended,battery
AF1-046,2019-06-28,Twin Branch-Guardian 138 kV,12792.0,138.0,100.0,152.2,storage,IN,AEP,Withdrawn,battery
AF1-047,2019-06-28,Mark Center 69 kV,14815.0,69.0,75.0,94.8,storage,OH,AEP,Withdrawn,battery
AF1-048 - moved to TC1,2019-06-28,Belvidere-Marengo,7758.0,138.0,75.0,152.2,storage,IL,ComEd,Withdrawn,battery
AF1-049,2019-07-12,Berry Hill 138 kV,39344.0,138.0,77.5,125.0,solar,VA,AEP,Under Construction,gen
AF1-050,2019-07-14,Summer Shade - Green County 161 kV,40455.0,161.0,100.0,60.0,solar,KY,EKPC,Under Construction,gen
AF1-051,2019-07-13,Gavin 765 kV,37999.0,765.0,100.0,1360.0,other,OH,AEP,In Service,gen
AF1-052,2019-07-26,Mason 230 kV,38382.0,230.0,100.0,131.5,hybrid,NJ,PSEG,Withdrawn,gen
AF1-053,2019-07-31,Givens-Mechanicsburg 138 kV,38718.0,138.0,79.47368421052632,118.0,storage,OH,Dayton,Withdrawn,battery
AF1-054,2019-07-31,Givens-Mechanicsburg 138 kV,38718.0,138.0,79.47368421052632,156.5,solar,OH,Dayton,Withdrawn,gen
AF1-055,2019-07-31,Wayne 115 kV,31410.0,115.0,100.0,69.5,solar,PA,PENELEC,Withdrawn,gen
AF1-056,2019-07-31,Maysville/Masury 138 kV,38712.0,138.0,86.73684210526316,100.0,hybrid,PA,ATSI,Withdrawn,gen
AF1-057,2019-07-31,Jackson-Three Mile Island 230 kV II,3208.0,230.0,100.0,75.0,solar,PA,ME,Engineering and Procurement,gen
AF1-058,2019-08-01,Welco 34.5 kV,910.0,34.5,72.0,20.0,solar,VA,Dominion,In Service,gen
AF1-059,2019-07-31,Brodnax-South Hill 115 kV,33296.0,115.0,100.0,99.2,hybrid,VA,Dominion,Withdrawn,gen
AF1-060,2019-07-31,Lena 138 kV,31785.0,138.0,72.0,110.34,storage,IL,ComEd,Withdrawn,battery
AF1-061,2019-07-31,Fayetteville 12.47 kV,5633.0,47.0,86.0,4.0,solar,PA,APS,Withdrawn,gen
AF1-062,2019-07-31,Jug Street 138 kV,20107.0,138.0,92.0,200.0,storage,OH,AEP,Engineering and Procurement,battery
AF1-063,2019-07-31,Lockwood Road 138 kV,5996.0,138.0,100.0,30.0,solar,OH,AEP,Withdrawn,gen
AF1-064,2019-07-31,Weston 69 kV,813.0,69.0,92.0,50.0,solar,OH,ATSI,Partially in Service - Under Construction,gen
AF1-065,2019-07-24,Tidd-Wylie Ridge 345 kV III,36200.0,345.0,100.0,930.0,gas,WV,APS,Withdrawn,gen
AF1-066,2019-08-02,New Road 230 kV,41810.0,230.0,100.0,170.0,storage,VA,Dominion,Withdrawn,battery
AF1-067,2019-08-08,Kings Dominion DP 115 kV,33129.0,115.0,94.70588235294117,50.0,hybrid,VA,Dominion,Withdrawn,gen
AF1-068,2019-08-08,Boalsburg-Centre Hall 46 kV,13592.0,46.0,69.77777777777779,20.0,solar,PA,APS,Withdrawn,gen
AF1-069,2019-08-09,Carson-Rogers Rd 500 kV,33483.0,500.0,100.0,394.0,hybrid,VA,Dominion,Engineering and Procurement,gen
AF1-070,2019-08-13,North Clark 345 kV,4400.0,345.0,83.42857142857143,350.0,hybrid,KY,EKPC,Withdrawn,gen
AF1-071,2019-08-13,College Corner 138 kV,13782.0,138.0,100.0,98.0,solar,OH,AEP,Under Construction,gen
AF1-072,2019-08-14,Rocky Road,11935.0,138.0,83.33333333333333,410.8,gas,IL,ComEd,Withdrawn,gen
AF1-073,2019-07-31,Trowbridge 230 kV,32253.0,230.0,100.0,200.0,solar,NC,Dominion,Withdrawn,gen
AF1-074,2019-07-26,Waverly-Wakefield 115 kV,5748.0,115.0,100.0,68.0,solar,VA,Dominion,Withdrawn,gen
AF1-075,2019-08-21,Harrisburg-Endless Caverns 230 kV,39231.0,230.0,100.0,73.0,solar,VA,Dominion,Withdrawn,gen
AF1-076,2019-08-22,Southwest Lima 138 kV,26860.0,138.0,100.0,100.0,solar,OH,AEP,Withdrawn,gen
AF1-077,2019-08-22,Southwest Lima 138 kV,26860.0,138.0,100.0,200.0,solar,OH,AEP,Withdrawn,gen
AF1-078,2019-08-27,East Sidney-Quincy 138 kV,5107.0,138.0,100.0,144.0,solar,OH,Dayton,In Service,gen
AF1-079,2019-08-28,Louisa-South Anna 230 kV,7394.0,230.0,88.0,150.0,solar,VA,Dominion,Withdrawn,gen
AF1-080,2019-08-28,Deer Creek-Fisher Body-Mullin 138 kV,13730.0,138.0,100.0,220.0,storage,IN,AEP,Withdrawn,battery
AF1-081,2019-08-28,Cumberland 230 kV,4083.0,230.0,100.0,238.0,solar,NJ,AEC,Withdrawn,gen
AF1-082,2019-08-29,Heartsease-Mayo Dunbar DP,12317.0,138.0,63.63636363636363,93.0,storage,NC,Dominion,Withdrawn,battery
AF1-083,2019-08-31,Green County-Saloma 161 kV,15405.0,161.0,75.0,55.0,solar,KY,EKPC,Engineering and Procurement,gen
AF1-084,2019-08-30,Hartford-Almena 69 kV,17067.0,69.0,100.0,85.0,solar,MI,AEP,Under Construction,gen
AF1-085,2019-08-30,Southwest Lima-West Moulton 138 kV,26860.0,138.0,100.0,77.0,solar,OH,AEP,Withdrawn,gen
AF1-086,2019-08-30,Madera-Westover South 115 kV,33183.0,115.0,71.42857142857143,109.9,wind,PA,PENELEC,Partially in Service - Under Construction,gen
AF1-087,2019-08-30,Bakers Pond-Bell Ave 115 kV II,14044.0,115.0,63.1578947368421,75.0,storage,VA,Dominion,Withdrawn,battery
AF1-088 - moved to TC1,2019-08-30,Sullivan 345 kV,33035.0,345.0,100.0,1000.0,other,IN,AEP,Withdrawn,gen
AF1-089,2019-08-30,New Castle 69 kV,14171.0,69.0,100.0,70.0,hybrid,KY,EKPC,Withdrawn,gen
AF1-090,2019-08-30,Kincaid-Pana,38484.0,138.0,100.0,200.0,wind,IL,ComEd,Engineering and Procurement,gen
AF1-091,2019-08-30,Varner - Sowers 138 kV,35696.0,138.0,66.66666666666667,180.0,solar,IN,AEP,Engineering and Procurement,gen
AF1-092,2019-08-30,Huntington Jct. 138 kV,13139.0,138.0,100.0,150.0,hybrid,IN,AEP,Withdrawn,gen
AF1-093,2019-08-31,Henderson-Stoneboro 69 kV,3231.0,69.0,92.0,20.0,solar,PA,ATSI,Partially in Service - Under Construction,gen
AF1-094,2019-08-30,Union City-Cambridge Springs 34.5 kV,34635.0,34.5,92.0,20.0,solar,PA,PENELEC,Under Construction,gen
AF1-095,2019-08-30,Hertlein Road-Winburne 34 kV,30014.0,34.0,62.0,15.0,solar,PA,PENELEC,Withdrawn,gen
AF1-096,2019-08-30,Titusville-Oil Creek 34.5 kV,29899.0,34.5,72.0,20.0,solar,PA,PENELEC,Withdrawn,gen
AF1-097,2019-08-30,Zion-E College Ave 34 kV,20818.0,34.0,92.0,20.0,solar,PA,PENELEC,Withdrawn,gen
AF1-098,2019-08-30,Four Mile Jct-Corry East 115 kV,31394.0,115.0,100.0,80.0,solar,PA,PENELEC,Engineering and Procurement,gen
AF1-099 - moved to TC1,2019-09-04,Moshannon-Milesburg 230 kV III,31895.0,230.0,100.0,126.5,hybrid,PA,APS,Withdrawn,gen
AF1-100 - moved to TC1,2019-09-04,Shawville-Moshannon 230 kV,31894.0,230.0,100.0,250.0,hybrid,PA,PENELEC,Withdrawn,gen
AF1-101,2019-09-06,Oyster Creek 230 kV III,26767.0,230.0,100.0,800.0,wind,NJ,JCPL,Withdrawn,gen
AF1-102,2019-09-06,Gans 138 kV II,14284.0,138.0,100.0,96.0,gas,PA,APS,In Service,gen
AF1-103,2019-09-10,Warren 34.5 kV,13365.0,34.5,84.5,20.0,hybrid,PA,PENELEC,Withdrawn,gen
AF1-104,2019-09-10,Erie West 34.5 kV,13323.0,34.5,92.0,20.0,hybrid,PA,PENELEC,Withdrawn,gen
AF1-105,2019-09-10,Glen Gardner 34.5 kV,29179.0,34.5,92.0,20.0,storage,NJ,JCPL,Withdrawn,battery
AF1-106,2019-09-10,East Sayre 34.5 kV,13380.0,34.5,92.0,20.0,hybrid,PA,PENELEC,Withdrawn,gen
AF1-107,2019-09-10,Pohatcong 230 kV,19522.0,230.0,100.0,60.0,storage,NJ,JCPL,Withdrawn,battery
AF1-108,2019-09-10,East Flemington 34.5 kV,19021.0,34.5,92.0,20.0,hybrid,NJ,JCPL,Withdrawn,gen
AF1-109,2019-09-10,Pleasant Valley 230 kV,16800.0,230.0,100.0,20.0,hybrid,NJ,PSEG,Withdrawn,gen
AF1-110,2019-09-10,Kingsland 26 kV,6831.0,26.0,92.0,2.0,solar,NJ,PSEG,Withdrawn,gen
AF1-111,2019-09-10,Kingsland 26 kV,6831.0,26.0,92.0,2.0,solar,NJ,PSEG,Withdrawn,gen
AF1-112,2019-09-11,Centre Hall-Boalsburg 46 kV,5173.0,46.0,72.9090909090909,15.0,solar,PA,APS,Withdrawn,gen
AF1-113,2019-09-11,Gristmill 345 kV,31983.0,345.0,62.0,180.0,solar,OH,AEP,Withdrawn,gen
AF1-114,2019-09-12,Oak Grove-Dahlgren 230 kV,31454.0,230.0,100.0,100.0,solar,VA,Dominion,Engineering and Procurement,gen
AF1-115,2019-09-12,Poolesville 230 kV,5757.0,230.0,100.0,60.0,solar,VA,Dominion,Withdrawn,gen
AF1-116 - moved to TC1,2019-09-12,Marion County 161 kV,14372.0,161.0,83.84615384615384,120.0,solar,KY,EKPC,Withdrawn,gen
AF1-117,2019-09-13,Atlanta-Stuart 345 kV,37617.0,345.0,100.0,200.0,solar,OH,AEP,Withdrawn,gen
AF1-118,2019-09-13,Sorenson-Desoto 345 kV,36327.0,345.0,100.0,350.0,hybrid,IN,AEP,Withdrawn,gen
AF1-119,2019-09-13,Keystone-Desoto 345 kV,31985.0,345.0,92.0,200.0,hybrid,IN,AEP,Engineering and Procurement,gen
AF1-120,2019-08-31,East Fayette 2 138 kV,39163.0,138.0,75.0,107.0,solar,OH,ATSI,In Service,gen
AF1-121,2019-09-17,Crain Highway 13 kV,33271.0,13.0,65.16239316239316,20.0,solar,MD,PEPCO,Withdrawn,gen
AF1-122,2019-09-17,Cardington-Liberty 69 kV,39992.0,69.0,84.21052631578947,64.0,solar,OH,ATSI,Pending Termination,gen
AF1-123 - moved to TC1,2019-09-17,Harper 230 kV,35696.0,230.0,92.0,833.0,wind,VA,Dominion,Under Construction,gen
AF1-124 - moved to TC1,2019-09-17,Harper 230 kV,35696.0,230.0,92.0,836.0,wind,VA,Dominion,Partially in Service - Under Construction,gen
AF1-125 - moved to TC1,2019-09-17,Harper 230 kV,35696.0,230.0,92.0,820.0,wind,VA,Dominion,Partially in Service - Under Construction,gen
AF1-126,2019-09-17,Cookstown 230 kV,18961.0,230.0,100.0,250.0,storage,NJ,JCPL,Withdrawn,battery
AF1-127,2019-09-17,Avon 345 kV,3423.0,345.0,92.0,80.0,solar,KY,EKPC,Withdrawn,gen
AF1-128 - moved to TC1,2019-09-18,Chesterfield 230 kV,33074.0,230.0,100.0,569.0,gas,VA,Dominion,Under Construction,gen
AF1-129,2019-09-18,Chesterfield 230 kV,33074.0,230.0,100.0,569.0,gas,VA,Dominion,Engineering and Procurement,gen
AF1-130,2019-09-20,Inez 138 kV,11430.0,138.0,100.0,190.0,solar,KY,AEP,Suspended,gen
AF1-131,2019-09-18,Clearville-Clearville Junction 34.5 kV,12400.0,34.5,82.0,16.15,solar,PA,APS,Withdrawn,gen
AF1-132,2019-09-18,Shingletown-Boalsburg 46 kV,33160.0,46.0,92.0,20.0,solar,PA,APS,Withdrawn,gen
AF1-133,2019-09-18,Pequest River-Richmond 34.5 kV,13388.0,34.5,52.86956521739131,20.0,solar,PA,ME,Withdrawn,gen
AF1-134,2019-09-19,Philipsburg-Madera 34.5 kV,14704.0,34.5,92.0,20.0,solar,PA,PENELEC,Under Construction,gen
AF1-135,2019-09-18,Madera 34.5 kV,13122.0,34.5,68.92307692307692,20.0,solar,PA,PENELEC,Withdrawn,gen
AF1-136,2019-09-19,Warfordsburg-Purcell Junction 34.5 kV,14097.0,34.5,92.0,15.72,solar,PA,APS,Engineering and Procurement,gen
AF1-137,2019-09-18,Newlinville 34.5 kV,13258.0,34.5,92.0,9.8,solar,PA,PECO,Withdrawn,gen
AF1-138,2019-09-18,Huntingdon-Warrier Ridge 46 kV,13585.0,46.0,92.0,20.0,solar,PA,PENELEC,Withdrawn,gen
AF1-139,2019-09-18,Thompson 34.5 kV,13888.0,34.5,92.0,20.0,solar,PA,PENELEC,Withdrawn,gen
AF1-140,2019-09-19,Claysburg 23 kV,32077.0,23.0,76.21052631578947,16.3,solar,PA,PENELEC,Suspended,gen
AF1-141,2019-08-30,Varner 138 kV,35696.0,138.0,66.66666666666667,96.0,solar,IN,AEP,Withdrawn,gen
AF1-142 - moved to TC1,2019-09-04,Moshannon-Milesburg 230 kV IV,31895.0,230.0,100.0,328.9,hybrid,PA,APS,Withdrawn,gen
AF1-143,2019-09-18,Lick Run 115 kV,7685.0,115.0,80.0,100.0,solar,PA,PENELEC,Engineering and Procurement,gen
AF1-144,2019-09-18,Hayden 345 kV,37616.0,345.0,100.0,100.0,solar,OH,AEP,Withdrawn,gen
AF1-145,2019-09-18,Flanders-Netcong 34.5 kV,14648.0,34.5,67.0,20.0,solar,NJ,JCPL,Withdrawn,gen
AF1-146,2019-09-18,Hoytdale -McClelland 345 kV,35791.0,345.0,100.0,201.95,solar,PA,ATSI,Withdrawn,gen
AF1-147,2019-09-20,Poland Rd-Runway DP 230kV,46590.0,230.0,100.0,100.0,solar,VA,Dominion,Partially in Service - Under Construction,gen
AF1-148,2019-09-19,Sorenson-Desoto 345 kV,36327.0,345.0,100.0,159.0,hybrid,IN,AEP,Withdrawn,gen
AF1-149,2019-09-19,Graymont-Zion 46 kV,29243.0,46.0,72.0,20.0,solar,PA,APS,Withdrawn,gen
AF1-150,2019-09-19,Midfield 22.9 kV,5760.0,22.9,69.77777777777779,14.4,gas,PA,DL,In Service,gen
AF1-151,2019-09-19,Fayetteville 34.5 kV,5633.0,34.5,92.0,20.0,solar,PA,APS,Withdrawn,gen
AF1-152 - moved to TC1,2019-09-19,Swamp 230 kV,20813.0,230.0,58.66666666666667,50.0,solar,NC,Dominion,Withdrawn,gen
AF1-153,2019-09-19,Motion-Ridgeway 46 kV,29604.0,46.0,75.33333333333334,20.0,solar,PA,APS,Suspended,gen
AF1-154,2019-09-19,Dauphin,15203.0,138.0,61.53846153846154,20.0,solar,PA,PPL,Withdrawn,gen
AF1-155,2019-09-19,Paper City-Wilcox 46 kV,14005.0,46.0,92.0,20.0,solar,PA,APS,Withdrawn,gen
AF1-156,2019-09-19,Braidwood-Davis Creek,20761.0,138.0,100.0,150.0,solar,IL,ComEd,Withdrawn,gen
AF1-157,2019-09-20,Laurel-Sussex 69 kV,16031.0,69.0,100.0,25.0,solar,DE,DPL,Withdrawn,gen
AF1-158,2019-09-24,Edison-Gravel Pit 138 kV,15516.0,138.0,100.0,150.0,solar,IN,AEP,In Service,gen
AF1-159,2019-09-21,Martinsville-Wilmington 69 kV,14537.0,69.0,100.0,49.9,solar,OH,Dayton,In Service,gen
AF1-160,2019-09-20,Silver Lake 69 kV,20806.0,69.0,92.0,40.0,storage,NJ,AEC,Withdrawn,battery
AF1-161 - moved to TC1,2019-09-20,Valley 138 kV,16471.0,138.0,100.0,50.0,storage,MI,AEP,Engineering and Procurement,battery
AF1-162,2019-09-20,Inez 138 kV,11430.0,138.0,100.0,100.0,storage,KY,AEP,Engineering and Procurement,battery
AF1-163,2019-09-20,Barren-Summer Shade 161 kV,11572.0,161.0,77.71428571428572,120.0,solar,KY,EKPC,Withdrawn,gen
AF1-164,2019-09-20,Southwest Lima 345 kV,38964.0,345.0,100.0,300.0,solar,OH,AEP,Withdrawn,gen
AF1-165,2019-09-23,Campbelltown-Millars Quarry 69 kV,38033.0,69.0,73.81818181818181,15.0,solar,PA,ME,Withdrawn,gen
AF1-166,2019-09-23,Target-Chambers No.5 34.5 kV,16458.0,34.5,68.92307692307692,16.0,solar,PA,APS,Withdrawn,gen
AF1-167,2019-09-24,West Freedom-C&K Coal 25 kV,14270.0,25.0,85.33333333333333,13.515,solar,PA,APS,Suspended,gen
AF1-168,2019-09-23,Kingsland 26.4 kV I,6831.0,26.4,92.0,4.0,solar,NJ,PSEG,Withdrawn,gen
AF1-169,2019-09-23,Kingsland 26.4 kV II,6831.0,26.4,92.0,4.0,solar,NJ,PSEG,Withdrawn,gen
AF1-170,2019-09-23,Springboro-Venango Junction 115 kV,13148.0,115.0,82.0,77.5,solar,PA,PENELEC,Withdrawn,gen
AF1-171,2019-09-23,Jamestown-Hartstown 69 kV,33423.0,69.0,82.76923076923077,20.0,solar,PA,ATSI,Withdrawn,gen
AF1-172,2019-09-24,Moshannon-Chapman 230 kV,31895.0,230.0,100.0,250.0,solar,PA,PENELEC,Withdrawn,gen
AF1-173,2019-09-23,Gretna DP-Shockoe DP 69 kV,31799.0,69.0,58.66666666666667,50.0,solar,VA,Dominion,Withdrawn,gen
AF1-174,2019-09-25,Newlinville 34.5 kv II,13258.0,34.5,92.0,20.0,solar,PA,PECO,Withdrawn,gen
AF1-175,2019-09-24,Donald C Cook-Jackson Road 345 kV,31143.0,345.0,79.23076923076923,152.0,hybrid,IN,AEP,Withdrawn,gen
AF1-176 - moved to TC1,2019-09-25,Corey 138 kV,16511.0,138.0,100.0,300.0,hybrid,MI,AEP,Engineering and Procurement,gen
AF1-177,2019-09-25,Warren 115 kV,13365.0,115.0,92.5,62.0,gas,PA,PENELEC,In Service,gen
AF1-178,2019-09-25,Tolna 2 115 kV ,15247.0,115.0,91.42857142857143,21.5,other,PA,ME,In Service,gen
AF1-179,2019-09-25,Tolna 1 115 kV,15247.0,115.0,91.42857142857143,21.0,other,PA,ME,In Service,gen
AF1-180,2019-09-25,Titus 4 & 5 69 kV,13505.0,69.0,49.14285714285714,38.7,other,PA,ME,In Service,gen
AF1-181,2019-09-25,Shawville 3 230 kV,31894.0,230.0,94.54545454545455,593.0,gas,PA,PENELEC,In Service,gen
AF1-182,2019-09-25,Shawville 4 230 kV,31894.0,230.0,94.54545454545455,597.0,gas,PA,PENELEC,In Service,gen
AF1-183,2019-09-25,Shawville 1 230 kV,31894.0,230.0,94.54545454545455,598.0,gas,PA,PENELEC,In Service,gen
AF1-184,2019-09-25,Shawnee 1 34.5 kv,14106.0,34.5,85.33333333333333,21.0,other,PA,ME,In Service,gen
AF1-185,2019-09-25,Sayreville 1-2-3 230 kV,26541.0,230.0,95.0,248.7,gas,NJ,JCPL,In Service,gen
AF1-186,2019-09-25,Portland 5 230 kV,29932.0,230.0,94.0,147.5,gas,PA,ME,In Service,gen
AF1-187,2019-09-25,Portland 3 & 4 115 kV,29932.0,115.0,77.0,39.8,gas,PA,ME,In Service,gen
AF1-188,2019-09-25,Orrtanna 115 kV,15245.0,115.0,100.0,27.0,other,PA,ME,In Service,gen
AF1-189,2019-09-25,Niles CT A 23 kV,16691.0,23.0,77.0,26.1,other,OH,ATSI,In Service,gen
AF1-190,2019-09-25,New Castle 4 69 kV,14171.0,69.0,95.0,320.0,gas,PA,ATSI,In Service,gen
AF1-191,2019-09-25,New Castle 5 138 kV,14171.0,138.0,95.0,324.0,gas,PA,ATSI,In Service,gen
AF1-192,2019-09-25,Mountain 2 115 kV,13461.0,115.0,88.0,55.0,gas,PA,ME,In Service,gen
AF1-193,2019-09-25,Hunterstown 115 kV,13298.0,115.0,100.0,65.0,gas,PA,ME,In Service,gen
AF1-194,2019-09-25,Hamilton CT1 115 kV,33737.0,115.0,82.0,27.0,other,PA,ME,In Service,gen
AF1-195,2019-09-25,Gilbert CT9 230 kV,18984.0,230.0,89.0909090909091,168.0,gas,NJ,JCPL,In Service,gen
AF1-196,2019-09-25,Gilbert CT 5-6-7 230 kV,18984.0,230.0,87.5,302.5,gas,NJ,JCPL,In Service,gen
AF1-197,2019-09-25,Brunot Island 138 kV,13572.0,138.0,100.0,295.0,gas,PA,DL,Withdrawn,gen
AF1-198,2019-09-26,Blossburg #1 CT 34.5 kV,6336.0,34.5,64.14285714285714,22.5,gas,PA,PENELEC,In Service,gen
AF1-199,2019-09-25,Avon Lake 10 138 kV,5039.0,138.0,91.0,36.0,other,OH,ATSI,Deactivated,gen
AF1-200 - moved to TC1,2019-09-25,Plano 345 kV,20765.0,345.0,100.0,2100.0,other,IL,ComEd,Withdrawn,gen
AF1-201 - moved to TC1,2019-09-24,Hayes-White Marsh 115 kV,29400.0,115.0,92.0,150.0,hybrid,VA,Dominion,Withdrawn,gen
AF1-202,2019-09-25,Keystone-Desoto 345 kV,31985.0,345.0,92.0,200.0,wind,IN,AEP,Under Construction,gen
AF1-203,2019-09-30,Patton Rd-Summer Shade 69 kV,48109.0,69.0,77.77777777777779,55.0,solar,KY,EKPC,In Service,gen
AF1-204 - moved to TC1,2019-09-25,Eugene 345 kV,14309.0,345.0,100.0,255.0,wind,IN,AEP,Engineering and Procurement,gen
AF1-205,2019-09-27,Napoleon Muni 138 kV,24806.0,138.0,56.516129032258064,40.0,solar,OH,AMPT,Suspended,gen
AF1-206,2019-09-26,East Fayette 138 kV,39146.0,138.0,80.0,199.0,solar,OH,ATSI,Engineering and Procurement,gen
AF1-207,2019-09-27,Reynolds-Olive #1 345 kV,21842.0,345.0,100.0,180.0,solar,IN,AEP,Engineering and Procurement,gen
AF1-208,2019-09-26,Laurel-Roadstown 69 kV,16031.0,69.0,100.0,45.0,hybrid,NJ,AEC,Withdrawn,gen
AF1-209,2019-09-26,Guilford 34.5 kV,14094.0,34.5,92.0,31.9,solar,PA,APS,Withdrawn,gen
AF1-210,2019-09-26,Burma 23 kV,14012.0,23.0,92.0,15.9,solar,PA,APS,Withdrawn,gen
AF1-211,2019-09-26,Campbelltown-Millars Quarry 69 kV,38033.0,69.0,73.81818181818181,15.0,solar,PA,ME,Withdrawn,gen
AF1-212,2019-09-26,Campbelltown-Millars Quarry 69 kV,38033.0,69.0,73.81818181818181,15.0,solar,PA,ME,Withdrawn,gen
AF1-213,2019-09-26,Bionol-Madera 115 kV,39783.0,115.0,64.72727272727273,151.8,solar,PA,PENELEC,Withdrawn,gen
AF1-214,2019-09-26,Nittany-Zion 46 kV,19240.0,46.0,62.58823529411764,20.0,solar,PA,APS,Withdrawn,gen
AF1-215,2019-09-28,Olive-Reynolds 345 kV,32980.0,345.0,100.0,300.0,solar,IN,AEP,In Service,gen
AF1-216,2019-09-26,Lycoming-Lock Haven 69 kV,32771.0,69.0,100.0,143.11,solar,PA,PPL,Withdrawn,gen
AF1-217,2019-09-28,Edinboro -Cambridge Springs 34.5 kV,31882.0,34.5,67.0,20.0,solar,PA,PENELEC,Withdrawn,gen
AF1-218,2019-09-27,Scalp Level 23 kV,13235.0,23.0,92.0,15.0,solar,PA,PENELEC,Withdrawn,gen
AF1-219,2019-09-27,Hunt Farm 69 kV,42824.0,69.0,66.66666666666667,30.0,hybrid,KY,EKPC,Withdrawn,gen
AF1-220,2019-09-27,Ridgway-Whetstone 115 kV,14000.0,115.0,93.33333333333333,151.7,solar,PA,PENELEC,Withdrawn,gen
AF1-221 - moved to TC1,2019-09-27,College Corner-Drewersburg 138 kV,13782.0,138.0,100.0,180.0,solar,IN,AEP,Withdrawn,gen
AF1-222,2019-09-27,Oceanview Wind 2 230 kV,26784.0,230.0,86.875,1326.0,wind,NJ,JCPL,Withdrawn,gen
AF1-223,2019-09-27,Keystone-Desoto 345 kV,31985.0,345.0,92.0,150.0,solar,IN,AEP,Under Construction,gen
AF1-224,2019-09-27,Fayetteville 34.5 kV,5633.0,34.5,92.0,31.9,solar,PA,APS,Withdrawn,gen
AF1-225,2019-09-27,Milnor 34.5 kV,16007.0,34.5,68.92307692307692,20.0,solar,PA,APS,Withdrawn,gen
AF1-226,2019-09-28,Bowmans Mill-Scott 69 kV,29641.0,69.0,72.0,35.0,solar,PA,PPL,Suspended,gen
AF1-227,2019-09-30,Marysville – Gunn Road 345 kV,38712.0,345.0,100.0,325.0,solar,OH,AEP,In Service,gen
AF1-228,2019-09-27,Beatty-Greene 345 kV,56827.0,345.0,100.0,155.0,solar,OH,AEP,Under Construction,gen
AF1-229,2019-09-27,Galion-South Berwick 345 kV,36835.0,345.0,100.0,120.0,solar,OH,AEP,Under Construction,gen
AF1-230,2019-09-27,Chatfield 138 kV,31728.0,138.0,86.11764705882352,49.0,solar,OH,AEP,Withdrawn,gen
AF1-231,2019-09-27,New Church 138 kV,12913.0,138.0,88.0,19.0,storage,VA,DPL,Withdrawn,battery
AF1-232,2019-09-27,Allegheny-Somerset 115 kV,5509.0,115.0,71.42857142857143,160.0,hybrid,PA,PENELEC,Withdrawn,gen
AF1-233 - moved to TC1,2019-09-27,Flemingsburg – Spurlock 138kV,38393.0,138.0,70.0,188.5,solar,KY,EKPC,Engineering and Procurement,gen
AF1-234,2019-09-27,Baldy-Wesnberg 69 kV,52693.0,69.0,80.0,20.0,solar,PA,ME,Withdrawn,gen
AF1-235,2019-09-27,Sunbury 500 kV,13419.0,500.0,100.0,617.0,gas,PA,PPL,Withdrawn,gen
AF1-236,2019-09-27,Mackeys 230 kV,3417.0,230.0,100.0,1210.0,solar,NC,Dominion,Withdrawn,gen
AF1-237,2019-09-28,Mercer 230 kV,19249.0,230.0,100.0,170.0,storage,NJ,PSEG,Engineering and Procurement,battery
AF1-238 - moved to TC1,2019-09-28,Sherman Ave - West Vineland 69 kV,29637.0,69.0,89.0909090909091,50.0,storage,NJ,AEC,Engineering and Procurement,battery
AF1-239,2019-09-28,Sherman Ave - West Vineland 69 kV,29637.0,69.0,89.0909090909091,80.0,storage,NJ,AEC,Engineering and Procurement,battery
AF1-240 - moved to TC1,2019-09-30,Timblin 34.5 kV,14013.0,34.5,92.0,15.75,solar,PA,PENELEC,Withdrawn,gen
AF1-241,2019-09-30,Watson 12.47 kV,38421.0,47.0,58.66666666666667,15.0,solar,PA,PPL,Withdrawn,gen
AF1-242,2019-09-30,Wilcox-Paper City 46 kV,29984.0,46.0,92.0,20.0,solar,PA,APS,Withdrawn,gen
AF1-243,2019-09-30,Tasley 25 kV,11630.0,25.0,92.0,5.0,storage,VA,ODEC,Withdrawn,battery
AF1-244,2019-09-30,Kingston 12 kV,6627.0,12.0,92.0,8.0,storage,MD,DPL,Withdrawn,battery
AF1-245,2019-09-30,Hudson 230 kV,26633.0,230.0,82.0,200.0,storage,NJ,PSEG,Engineering and Procurement,battery
AF1-246,2019-09-30,Clover-Rawlings 500 kV,32642.0,500.0,100.0,100.0,solar,VA,Dominion,Withdrawn,gen
AF1-247,2019-09-30,Woodsdale 345 kV,5024.0,345.0,100.0,50.0,solar,OH,DEOK,Withdrawn,gen
AF1-248,2019-09-30,Northern Neck 34.5 kV,33192.0,34.5,92.0,14.0,solar,VA,Dominion,In Service,gen
AF1-249,2019-10-02,Nickel 12.47 kV,,47.0,0.0,19.92,solar,OH,DEOK,In Service,gen
AF1-250,2019-09-30,Maysville 69 kV II,38712.0,69.0,86.73684210526316,68.0,solar,PA,ATSI,Withdrawn,gen
AF1-251,2019-09-30,Avon-North Clark 345 kV,3423.0,345.0,92.0,220.0,hybrid,KY,EKPC,Withdrawn,gen
AF1-252 - moved to TC1,2019-09-30,Kincaid-Pana,38484.0,138.0,100.0,262.4,storage,IL,ComEd,Withdrawn,battery
AF1-253 - moved to TC1,2019-09-30,Kincaid-Pana,38484.0,138.0,100.0,305.6,storage,IL,ComEd,Withdrawn,battery
AF1-254,2019-09-30,Milnor-Huyetts 34.5 kV,16007.0,34.5,68.92307692307692,20.0,solar,PA,APS,In Service,gen
AF1-255,2019-09-30,Osterburg-Claysburg 23 kV,13905.0,23.0,86.54545454545455,13.5,solar,PA,PENELEC,Withdrawn,gen
AF1-257,2019-09-30,Hawks 2 12 kV,19179.0,12.0,58.45833333333333,3.0,solar,NJ,JCPL,In Service,gen
AF1-258,2019-09-30,Rockawalkin 69 kV,15436.0,69.0,63.63636363636363,15.0,solar,MD,DPL,In Service,gen
AF1-259,2019-09-30,Price 25 kV,12917.0,25.0,92.0,6.0,solar,MD,DPL,In Service,gen
AF1-260,2019-09-30,Allenwood-Larrabee 2 34.5 kV,840.0,34.5,74.35294117647058,7.0,solar,NJ,JCPL,In Service,gen
AF1-261,2019-09-30,Burlington 26 kV,19326.0,26.0,92.0,7.0,solar,NJ,PSEG,In Service,gen
AF1-262,2019-09-30,Upper Pittsgrove 12 kV,29928.0,12.0,92.0,2.0,solar,NJ,AEC,In Service,gen
AF1-263,2019-09-30,Bennett-Farmingdale 2 34.5 kV,14053.0,34.5,83.0,2.0,solar,NJ,JCPL,Withdrawn,gen
AF1-264,2019-09-30,Runnemede 13 kV,29182.0,13.0,65.6842105263158,3.0,solar,NJ,PSEG,In Service,gen
AF1-265,2019-09-30,Four Rivers-Hanover 230 kV,33127.0,230.0,100.0,435.0,storage,VA,Dominion,Withdrawn,battery
AF1-266 - moved to TC1,2019-09-30,Clubhouse-Sapony 230 kV,33432.0,230.0,100.0,223.5,storage,VA,Dominion,Withdrawn,battery
AF1-267,2019-09-30,Union City Tap 138 kV,34635.0,138.0,91.42857142857143,54.0,solar,KY,EKPC,Withdrawn,gen
AF1-268,2019-09-30,Desoto-Jay 138 kV,36331.0,138.0,100.0,83.0,solar,IN,AEP,Pending Termination,gen
AF1-269,2019-09-30,Airey-Golden Hill 69 kV,5135.0,69.0,72.72727272727273,67.0,storage,MD,DPL,Withdrawn,battery
AF1-270 - moved to TC1,2019-09-30,Blue Jacket-Kirby 138 kV,20824.0,138.0,60.0,279.5,solar,OH,Dayton,Withdrawn,gen
AF1-271,2019-09-30,Keisters-Krendale 138 kV,31715.0,138.0,93.33333333333333,60.0,solar,PA,APS,Withdrawn,gen
AF1-271A,2019-09-27,Gratz 69 kV,31747.0,69.0,80.0,17.0,solar,PA,PPL,Withdrawn,gen
AF1-272,2019-10-01,Lucerne 115 kV,29612.0,115.0,72.0,110.0,solar,PA,PENELEC,Engineering and Procurement,gen
AF1-273,2019-09-30,Allegheny 115 kV,5509.0,115.0,71.42857142857143,85.0,solar,PA,PENELEC,Withdrawn,gen
AF1-274,2019-09-30,Harvey Run 115 kV,14003.0,115.0,100.0,85.0,solar,PA,PENELEC,Withdrawn,gen
AF1-275,2019-09-30,Cole 345 kV,7926.0,345.0,80.88888888888889,240.0,solar,OH,AEP,Under Construction,gen
AF1-276 - moved to TC1,2019-09-30,Lewis Run-Pierce Brook 230 kV,30566.0,230.0,100.0,100.0,solar,PA,PENELEC,Withdrawn,gen
AF1-277 - moved to TC1,2019-09-30,Lewis Run-Pierce Brook 2 230 kV,30566.0,230.0,100.0,200.0,solar,PA,PENELEC,Withdrawn,gen
AF1-278 - moved to TC1,2019-09-30,Lewis Run-Pierce Brook 3 230 kV,30566.0,230.0,100.0,280.0,solar,PA,PENELEC,Withdrawn,gen
AF1-279,2019-09-20,Carlisle 138 kV,23333.0,138.0,92.0,150.0,hybrid,OH,ATSI,Withdrawn,gen
AF1-280 - moved to TC1,2019-09-10,Nelson-Lee County,5149.0,138.0,100.0,200.0,solar,IL,ComEd,Engineering and Procurement,gen
AF1-281 - moved to TC1,2019-09-10,Nelson-Lee County,5149.0,138.0,100.0,220.0,storage,IL,ComEd,Withdrawn,battery
AF1-282,2019-09-30,Stuart-Clinton 345 kV,11468.0,345.0,100.0,100.0,solar,OH,Dayton,Engineering and Procurement,gen
AF1-283,2019-09-30,Stuart-Clinton 345 kV,11468.0,345.0,100.0,130.0,solar,OH,Dayton,Engineering and Procurement,gen
AF1-284,2019-09-30,Penn Mar-Garrett 138 kV,14227.0,138.0,92.0,20.0,solar,MD,APS,Withdrawn,gen
AF1-285,2019-10-02,Gunn Road 345 kV,16330.0,345.0,62.5,130.0,hybrid,OH,AEP,Under Construction,gen
AF1-286,2019-09-30,East Sayre 34.5 kV II,13380.0,34.5,92.0,13.6,solar,PA,PENELEC,Withdrawn,gen
AF1-287,2019-09-28,Edinboro South 34.5 kV II,31882.0,34.5,58.66666666666667,20.0,solar,PA,PENELEC,Withdrawn,gen
AF1-288,2019-09-27,Curryville-Claysburg 115 kV I,14234.0,115.0,100.0,20.0,solar,PA,PENELEC,Withdrawn,gen
AF1-289,2019-09-27,Curryville-Claysburg 115 kV II,14234.0,115.0,100.0,20.0,solar,PA,PENELEC,Withdrawn,gen
AF1-290,2019-10-05,Feagans Mill-Millville 138 kV,32801.0,138.0,96.0,80.0,solar,WV,APS,In Service,gen
AF1-291,2019-09-30,Tyler 34.5 kV,33085.0,34.5,92.0,20.0,solar,VA,Dominion,Engineering and Procurement,gen
AF1-291A,2019-10-01,Bartonsville-Meadow Brook 138 kV,14595.0,138.0,92.0,80.0,solar,VA,APS,In Service,gen
AF1-292,2019-09-30,Fields 34.5kV,33444.0,34.5,64.72727272727273,14.9,solar,VA,Dominion,Under Construction,gen
AF1-293 - moved to TC1,2019-09-30,Kidds Store-Fort Union 115 kV,6607.0,115.0,72.72727272727273,127.86,hybrid,VA,Dominion,Withdrawn,gen
AF1-294 - moved to TC1,2019-09-30,Jetersville-Ponton 115 kV,33279.0,115.0,100.0,41.0,solar,VA,Dominion,Engineering and Procurement,gen
AF1-295,2019-09-30,Blain 115 kV II,31690.0,115.0,82.9090909090909,72.0,storage,PA,PENELEC,Withdrawn,battery
AF1-296 - moved to TC1,2019-09-30,Garden Plain 138 kV,4726.0,138.0,85.0,190.89,wind,IL,ComEd,Engineering and Procurement,gen
AF1-297,2019-09-30,North Longview 500 kV,13310.0,500.0,100.0,52.8,solar,PA,APS,Withdrawn,gen
AF1-298,2019-09-30,Desoto 345 kV,36331.0,345.0,100.0,200.0,solar,IN,AEP,Withdrawn,gen
AF1-299,2019-09-30,Otter Point 34.5 kV I,12906.0,34.5,92.0,15.0,solar,MD,BGE,In Service,gen
AF1-300,2019-09-30,Otter Point 34.5 kV II,12906.0,34.5,92.0,15.0,solar,MD,BGE,In Service,gen
AF1-301 - moved to TC1,2019-09-30,Louisa-South Anna 230 kV,7394.0,230.0,88.0,117.0,solar,VA,Dominion,Withdrawn,gen
AF1-302,2019-09-30,Brookville-Squab Hollow 138 kV,13717.0,138.0,100.0,132.0,solar,PA,PENELEC,Under Construction,gen
AF1-303,2019-09-30,Vernon 115 kV,16667.0,115.0,92.0,107.0,storage,NJ,JCPL,Withdrawn,battery
AF1-304,2019-09-30,Titusville-Grandview 115 kV,29899.0,115.0,80.0,100.0,hybrid,PA,PENELEC,Withdrawn,gen
AF1-305,2019-09-30,Maysville-Masury 138 kV,38712.0,138.0,86.73684210526316,35.0,hybrid,PA,ATSI,Withdrawn,gen
AF1-306 - moved to TC1,2019-09-30,Squab Hollow 230 kV,53274.0,230.0,64.35897435897435,197.2,storage,PA,APS,Withdrawn,battery
AF1-307,2019-09-30,Seward-Jackson Rd 115 kV,32944.0,115.0,100.0,66.5,solar,PA,PENELEC,Withdrawn,gen
AF1-308,2019-09-30,Waverly 138 kV,23678.0,138.0,100.0,60.0,solar,OH,AEP,Withdrawn,gen
AF1-309,2019-09-30,North Hanover 115 kV,13921.0,115.0,100.0,32.0,solar,PA,ME,Withdrawn,gen
AF1-310,2019-09-30,Clover 230 kV,32642.0,230.0,100.0,300.0,solar,VA,Dominion,Withdrawn,gen
AF1-311,2019-09-30,Montour 230 kV,13418.0,230.0,100.0,150.0,solar,PA,PPL,Withdrawn,gen
AF1-312,2019-09-30,Dan River-Ridgeway 138 kV,5009.0,138.0,100.0,150.0,hybrid,NC,AEP,Withdrawn,gen
AF1-313,2019-09-30,Wes Del-Royerton 138 kV,16517.0,138.0,66.66666666666667,40.0,solar,IN,AEP,Withdrawn,gen
AF1-314 - moved to TC1,2019-09-30,Lena - Lancaster 138 kV,31785.0,138.0,72.0,212.0,wind,IL,ComEd,Withdrawn,gen
AF1-315,2019-09-30,Cedarville-Ford 138 kV,33772.0,138.0,84.21052631578947,60.0,solar,OH,DEOK,Withdrawn,gen
AF1-316,2019-09-30,Katydid Road 345 kV,20815.0,345.0,58.82352941176471,132.0,solar,IL,ComEd,Withdrawn,gen
AF1-317,2019-09-30,Electric Junction-Nelson 354 kV,13160.0,354.0,68.92307692307692,175.0,solar,IL,ComEd,Withdrawn,gen
AF1-318 - moved to TC1,2019-09-30,Crescent Ridge-Corbin,36137.0,138.0,87.14285714285714,299.97,wind,IL,ComEd,Withdrawn,gen
AF1-319,2019-09-30,Honda Marysville Tap 69 kV,38712.0,69.0,77.0,58.0,solar,OH,Dayton,Withdrawn,gen
AF1-320,2019-10-01,Merrill Creek 115 kV,40057.0,115.0,84.21052631578947,70.0,hybrid,NJ,JCPL,Engineering and Procurement,gen
AF1-321,2019-09-30,Hooversville 115 kV I,32215.0,115.0,100.0,20.0,solar,PA,PENELEC,Suspended,gen
AF1-322,2019-09-23,Meadow Lake 345 kV,13143.0,345.0,100.0,200.0,solar,IN,AEP,Under Construction,gen
AF1-323 - moved to TC1,2019-09-30,Scottsville-Colleen 138 kV,38703.0,138.0,92.0,55.0,solar,VA,AEP,Withdrawn,gen
AF1-324,2019-09-30,Greystone-West Denville 34.5 kV,19039.0,34.5,92.0,20.0,storage,NJ,JCPL,Withdrawn,battery
AF1-325,2019-09-30,Sparta-Woodruff's Gap 34.5 kV,33351.0,34.5,84.5,20.0,storage,NJ,JCPL,Engineering and Procurement,battery
AF1-326,2019-09-30,Pohatcong-Newburgh 34.5 kV,19522.0,34.5,92.0,20.0,storage,NJ,JCPL,Withdrawn,battery
AF1-327,2019-09-30,Pohatcong-Newburgh 34.5 kV,19522.0,34.5,92.0,20.0,storage,NJ,JCPL,Withdrawn,battery
AF1-328,2019-09-30,Hackettstown-Pohatcong 34.5 kV,13794.0,34.5,64.72727272727273,20.0,storage,NJ,JCPL,Engineering and Procurement,battery
AF1-329,2019-09-19,Chickahominy 230 kV,32812.0,230.0,100.0,570.0,solar,VA,Dominion,Withdrawn,gen
AF1-330,2019-09-30,Marengo 34.5 kV,12082.0,34.5,58.66666666666667,20.0,solar,IL,ComEd,Withdrawn,gen
AF1-331,2019-09-30,Twombley Road,29633.0,138.0,70.0,60.0,solar,IL,ComEd,Engineering and Procurement,gen
AF1-332,2019-09-30,Electric Jct-Nelson ,13160.0,138.0,76.92307692307692,225.0,solar,IL,ComEd,Withdrawn,gen
AF1-333,2019-09-27,Laurelton-Mifflinburg 69 kV ,16031.0,69.0,80.0,20.0,solar,PA,PPL,Engineering and Procurement,gen
AF1-334,2019-09-27,Northkill 69 kV,5041.0,69.0,65.6842105263158,20.0,solar,PA,ME,Withdrawn,gen
AF1-335,2019-09-27,Northkill 230 kV,14958.0,230.0,66.66666666666667,101.2,solar,PA,ME,Withdrawn,gen
AF1-336,2019-09-27,Northkill 69 kV,5041.0,69.0,65.6842105263158,20.0,solar,PA,ME,Withdrawn,gen
AF1-337,2019-09-27,Laurelton-Mifflinburg 69 kV ,16031.0,69.0,80.0,40.0,solar,PA,PPL,Engineering and Procurement,gen
AF1-338,2019-09-27,Laurelton-Mifflinburg 69 kV ,16031.0,69.0,80.0,60.0,solar,PA,PPL,Engineering and Procurement,gen
AF1-339,2019-09-28,Laurelton-Mifflinburg 69 kV ,16031.0,69.0,80.0,80.0,solar,PA,PPL,Engineering and Procurement,gen
AF2-001,2019-10-01,Hooversville 115 kV II,32215.0,115.0,100.0,40.0,solar,PA,PENELEC,Suspended,gen
AF2-002,2019-10-01,Hooversville 115 kV III,32215.0,115.0,100.0,50.0,solar,PA,PENELEC,Suspended,gen
AF2-003,2019-10-01,Powerton-Mole Creek ,20090.0,138.0,100.0,303.0,wind,IL,ComEd,Withdrawn,gen
AF2-004,2019-10-01,Beaver 345 kV,39532.0,345.0,100.0,378.2,gas,OH,ATSI,Engineering and Procurement,gen
AF2-005,2019-10-01,Beaver 138 kV,39532.0,138.0,100.0,95.2,gas,OH,ATSI,Engineering and Procurement,gen
AF2-006,2019-10-01,Jermyn Tap-Brownell 69 kV,42822.0,69.0,88.0,20.0,solar,PA,PPL,Withdrawn,gen
AF2-007,2019-10-01,Tinker Tap–East Carbondale 69 kV,56744.0,69.0,79.0,20.0,solar,PA,PPL,Withdrawn,gen
AF2-008 - moved to TC1,2019-10-03,Sullivan 345 kV,33035.0,345.0,100.0,2000.0,other,IN,AEP,Withdrawn,gen
AF2-009,2019-10-10,Queen Street 34.5 kV,13924.0,34.5,92.0,20.0,storage,PA,ME,Withdrawn,battery
AF2-010 - moved to TC1,2019-10-11,Union City-Titusville 115 kV,34635.0,115.0,100.0,77.0,solar,PA,PENELEC,Withdrawn,gen
AF2-011,2019-10-11,Tait 69 kV,5126.0,69.0,75.0,690.0,gas,OH,Dayton,Withdrawn,gen
AF2-012,2019-10-11,Tait 69 kV,5126.0,69.0,75.0,794.0,gas,OH,Dayton,Withdrawn,gen
AF2-013,2019-10-15,Arnold's Corner-Dahlgren 230 kV,40034.0,230.0,74.0,100.0,storage,VA,Dominion,Engineering and Procurement,battery
AF2-014,2019-10-18,Maddox Creek 345 kV,17333.0,345.0,70.58823529411764,150.0,solar,OH,AEP,Under Construction,gen
AF2-015,2019-10-23,Essex-McCarter 230 kV,19235.0,230.0,100.0,50.0,other,,PSEG,Withdrawn,gen
AF2-016 - moved to TC1,2019-10-01,Lewis 138 kV,29642.0,138.0,100.0,240.0,storage,NJ,AEC,Withdrawn,battery
AF2-017,2019-10-31,John's Creek 34 kV,11574.0,34.0,86.73684210526316,20.0,solar,KY,AEP,Withdrawn,gen
AF2-018,2019-11-01,Inez 138 kV,11430.0,138.0,100.0,200.0,solar,KY,AEP,Engineering and Procurement,gen
AF2-019,2019-11-15,Middle 69 kV,19718.0,69.0,100.0,20.0,storage,NJ,AEC,Engineering and Procurement,battery
AF2-020,2019-11-15,Carll's Corner 69 kV,19719.0,69.0,96.2962962962963,20.0,storage,NJ,AEC,Withdrawn,battery
AF2-021 - moved to TC1,2019-11-15,Cedar 69 kV,14660.0,69.0,100.0,20.0,storage,NJ,AEC,Withdrawn,battery
AF2-022,2019-11-15,Cumberland 138 kV,4087.0,138.0,100.0,50.0,storage,NJ,AEC,Withdrawn,battery
AF2-023,2019-11-15,Churchtown 69 kV,21702.0,69.0,92.0,42.5,storage,NJ,AEC,Withdrawn,battery
AF2-024,2019-11-15,Mickleton 69 kV,29925.0,69.0,92.0,24.0,storage,NJ,AEC,Withdrawn,battery
AF2-025 - moved to TC1,2019-11-15,Ontario 69 kV,4777.0,69.0,92.0,20.0,storage,NJ,AEC,Pending Termination,battery
AF2-026,2019-11-15,Sherman Ave 138 kV,29637.0,138.0,89.0909090909091,30.0,storage,NJ,AEC,Withdrawn,battery
AF2-027,2019-11-15,Zion Energy Center 345 kV,20818.0,345.0,78.0,635.0,storage,IL,ComEd,Engineering and Procurement,battery
AF2-028,2019-11-17,Pumphrey 115 kV,31871.0,115.0,100.0,,other,MD,BGE,Withdrawn,gen
AF2-029,2019-10-28,Ronco 500 kV,31729.0,500.0,100.0,726.0,storage,PA,APS,Withdrawn,battery
AF2-030,2019-10-28,Ontelaunee 230 kV,33780.0,230.0,63.1578947368421,650.0,storage,PA,ME,Withdrawn,battery
AF2-031,2019-10-28,Calumet,14125.0,138.0,79.13043478260869,20.0,storage,IL,ComEd,Engineering and Procurement,battery
AF2-032,2019-10-28,Kincaid 345 kV ,38484.0,345.0,100.0,20.0,solar,IL,ComEd,Withdrawn,gen
AF2-033,2019-10-28,Miami Fort GT 138 kV,4448.0,138.0,83.63636363636364,1076.0,storage,OH,DEOK,Withdrawn,battery
AF2-034 - moved to TC1,2019-10-28,Kendall 345kV,38455.0,345.0,76.17647058823529,1238.8,hybrid,IL,ComEd,Withdrawn,gen
AF2-035 - moved to TC1,2019-11-27,St. Johns 115 kV,33103.0,115.0,100.0,72.0,solar,VA,Dominion,Withdrawn,gen
AF2-036,2019-11-27,Garner-Northern Neck 115 kV,7446.0,115.0,90.0,62.0,solar,VA,Dominion,Withdrawn,gen
AF2-037 - moved to TC1,2019-11-29,Louisa-North Anna 230 kV,7394.0,230.0,88.0,94.0,solar,VA,Dominion,Withdrawn,gen
AF2-038,2019-10-28,Printz 230 kV,40295.0,230.0,61.53846153846154,661.5,storage,PA,PECO,Withdrawn,battery
AF2-039,2019-11-29,Shawville-Clearfield 34.5 kV,13893.0,34.5,92.0,13.5,solar,PA,PENELEC,Under Construction,gen
AF2-040,2019-12-04,Elk Run-Gainesville 230 kV,7685.0,230.0,92.0,75.0,storage,VA,Dominion,Withdrawn,battery
AF2-041 - moved to TC1,2019-12-09,Nelson-Electric Junction 345 kV,20754.0,345.0,100.0,300.0,solar,IL,ComEd,Engineering and Procurement,gen
AF2-042 - moved to TC1,2019-12-09,Clover-Rawlings 500 kV,32642.0,500.0,100.0,500.0,solar,VA,Dominion,Under Construction,gen
AF2-043,2019-12-11,Suffolk 34.5 kV,3183.0,34.5,92.0,20.0,solar,VA,Dominion,In Service,gen
AF2-044,2019-12-10,Highland-Sammis and Highland-Mansfield 345 kV,36945.0,345.0,100.0,940.0,gas,OH,ATSI,In Service,gen
AF2-045,2019-12-13,Cambria Nug 115 kV,13597.0,115.0,75.0,20.0,storage,PA,PENELEC,Withdrawn,battery
AF2-046 - moved to TC1,2019-12-19,Tunis-Mapleton 115 kV,38637.0,115.0,72.72727272727273,126.0,solar,NC,Dominion,Withdrawn,gen
AF2-047 - moved to TC1,2019-12-19,Creswell-Riders Creek 115 kV,3416.0,115.0,100.0,150.0,solar,NC,Dominion,Withdrawn,gen
AF2-048,2019-12-19,Rio-Lick 138 kV,14031.0,138.0,92.0,140.0,solar,OH,AEP,Engineering and Procurement,gen
AF2-049,2019-12-20,Ladysmith CT-St. Johns 230 kV,31619.0,230.0,100.0,180.0,solar,VA,Dominion,Withdrawn,gen
AF2-050 - moved to TC1,2019-12-23,Bear Rock-Johnstown 230 kV,29936.0,230.0,76.19047619047619,150.0,solar,PA,PENELEC,Engineering and Procurement,gen
AF2-051,2020-01-06,Geneva 115 kV,13324.0,115.0,100.0,50.0,solar,PA,PENELEC,Withdrawn,gen
AF2-052,2020-01-06,Farmers Valley-Ridgeway 115 kV,13303.0,115.0,100.0,55.0,solar,PA,PENELEC,Withdrawn,gen
AF2-053,2019-12-26,Chickahominy 500kV,32812.0,500.0,100.0,1800.0,gas,VA,Dominion,Withdrawn,gen
AF2-054,2020-01-11,Wan 34.5 kV,20813.0,34.5,77.71428571428572,19.9,solar,VA,Dominion,In Service,gen
AF2-055,2020-01-16,Plaintation Creek 69 kV,1391.0,69.0,61.53846153846154,45.0,hybrid,VA,ODEC,Withdrawn,gen
AF2-056 - moved to TC1,2020-01-16,Shenandoah Tap 1– Mahanoy Tap 2 69 kV,22461.0,69.0,80.75,50.0,solar,PA,PPL,Withdrawn,gen
AF2-057,2020-01-22,Grassfield 34.5 kV,6302.0,34.5,92.0,20.0,storage,VA,Dominion,Withdrawn,battery
AF2-058,2020-01-24,Fairton 12 kV,29213.0,12.0,68.92307692307692,5.0,solar,NJ,AEC,Withdrawn,gen
AF2-059,2020-01-24,Southwest Lima-West Moulton 138 kV,26860.0,138.0,100.0,97.0,solar,OH,AEP,Withdrawn,gen
AF2-060,2020-01-25,Wattsville 12 kV,29899.0,12.0,92.0,9.0,storage,VA,DPL,Suspended,battery
AF2-061,2020-01-24,Wattsville 69kV,29899.0,69.0,100.0,40.0,storage,VA,DPL,Withdrawn,battery
AF2-062,2020-01-24,Lewis Run-Pierce Brook 230 kV,30566.0,230.0,100.0,200.0,solar,PA,PENELEC,Withdrawn,gen
AF2-063 - moved to TC1,2020-01-29,Louisa-North Anna 230 kV,7394.0,230.0,88.0,150.0,solar,VA,Dominion,Withdrawn,gen
AF2-064,2020-01-29,Flanders 115 kV,14648.0,115.0,75.0,15.0,solar,NJ,JCPL,Withdrawn,gen
AF2-065 - moved to TC1,2020-01-30,Surry-Hopewell 230 kV,33170.0,230.0,100.0,300.0,solar,VA,Dominion,Withdrawn,gen
AF2-066,2020-01-30,West Manchester-Crown 69kV,6899.0,69.0,87.0,80.0,solar,OH,Dayton,Withdrawn,gen
AF2-067,2020-01-30,West Manchester 69 kV ,6899.0,69.0,87.0,40.0,solar,OH,Dayton,Withdrawn,gen
AF2-068 - moved to TC1,2020-01-30,Jay 138 kV,13835.0,138.0,100.0,150.0,solar,IN,AEP,Engineering and Procurement,gen
AF2-069 - moved to TC1,2020-01-31,Crescent Ridge 138 kV,36137.0,138.0,87.14285714285714,87.8,wind,IL,ComEd,Withdrawn,gen
AF2-070 - moved to TC1,2020-01-31,Crescent Ridge 138 kV,36137.0,138.0,87.14285714285714,72.6,wind,IL,ComEd,Withdrawn,gen
AF2-071,2020-01-31,Windsor 230 kV,29508.0,230.0,100.0,100.0,storage,NJ,JCPL,Withdrawn,battery
AF2-072,2020-01-31,Larrabee 230 kV,26786.0,230.0,100.0,50.0,storage,NJ,JCPL,Withdrawn,battery
AF2-073,2020-01-31,Nucor Steel-Suffolk 230 kV,3184.0,230.0,100.0,90.0,solar,NC,Dominion,Withdrawn,gen
AF2-074,2020-01-31,Nucor Steel-Suffolk 230 kV,3184.0,230.0,100.0,130.0,solar,NC,Dominion,Withdrawn,gen
AF2-075,2020-02-01,Bartonsville-Meadow Brook 138 kV III,14595.0,138.0,92.0,130.0,solar,VA,APS,In Service,gen
AF2-076,2020-01-31,Suffolk-Nucor Steel 230 kV,3183.0,230.0,100.0,50.0,solar,VA,Dominion,Withdrawn,gen
AF2-077,2020-02-01,White Marsh 34.5 kV,4481.0,34.5,65.6842105263158,20.0,solar,VA,Dominion,In Service,gen
AF2-078,2020-02-01,Reynolds-Olive #1 345 kV,21842.0,345.0,100.0,200.0,hybrid,IN,AEP,Under Construction,gen
AF2-079,2020-01-31,Greenville-West Milton 138 kV ,12444.0,138.0,100.0,165.0,solar,OH,Dayton,Withdrawn,gen
AF2-080 - moved to TC1,2020-01-31,Chinquapin-Everetts 230 kV,14626.0,230.0,66.66666666666667,150.0,solar,NC,Dominion,Withdrawn,gen
AF2-081 - moved to TC1,2020-01-31,Moyock 230 kV,13773.0,230.0,64.72727272727273,80.0,solar,NC,Dominion,Engineering and Procurement,gen
AF2-082,2020-01-31,Dauphin PG Tie–Dauphin Juniata Tie 69 k,6188.0,138.0,64.0,55.0,solar,PA,PPL,Withdrawn,gen
AF2-083,2020-01-31,Kenzie Creek-Stone Lake 69 kV,16487.0,69.0,92.0,150.0,solar,MI,AEP,Under Construction,gen
AF2-084,2020-01-31,Honda-Marysville Tap 69 kV,6430.0,69.0,70.33333333333333,100.0,solar,OH,Dayton,Withdrawn,gen
AF2-085,2020-02-04,Midlothian 34.5 kV,7352.0,34.5,92.0,20.0,storage,VA,Dominion,In Service,battery
AF2-086,2020-02-03,Scott Tap-Bowmans Mill Tap 69 kV,32014.0,69.0,86.66666666666667,19.6,solar,PA,PPL,Engineering and Procurement,gen
AF2-087,2020-02-03,East Altoona-Pinecroft 12.47 kV,31896.0,47.0,85.33333333333333,7.25,solar,PA,PENELEC,Withdrawn,gen
AF2-088,2020-02-05,Shawville-Clearfield 34.5 kV II,13893.0,34.5,92.0,20.0,solar,PA,PENELEC,Under Construction,gen
AF2-089,2020-02-06,Titusville 34.5 kV,29899.0,34.5,72.0,25.0,solar,PA,PENELEC,Withdrawn,gen
AF2-090,2020-02-06,Central Hardin 138 kV,15671.0,138.0,100.0,110.0,solar,KY,EKPC,Withdrawn,gen
AF2-091,2020-02-07,Oak Grove-Dahlgren 230 kV,31454.0,230.0,100.0,134.0,solar,VA,Dominion,Engineering and Procurement,gen
AF2-092,2020-02-11,Snake Spring-Bedford Area 23 kV,14233.0,23.0,92.0,12.0,solar,PA,PENELEC,Withdrawn,gen
AF2-093,2020-01-21,Derry 12.47 kV,14273.0,47.0,74.35294117647058,3.0,solar,PA,PPL,Withdrawn,gen
AF2-094,2020-02-12,Huntington Jct. 138 kV,13139.0,138.0,100.0,190.0,solar,IN,AEP,Withdrawn,gen
AF2-095 - moved to TC1,2020-02-13,Davis Creek 138 kV,20769.0,138.0,100.0,144.0,solar,IL,ComEd,Engineering and Procurement,gen
AF2-096 - moved to TC1,2020-02-12,Braidwood-East Frankfort 345 kV,20761.0,345.0,100.0,300.0,solar,IL,ComEd,Withdrawn,gen
AF2-097,2020-02-13,Fairview East 34.5 kV II,13315.0,34.5,92.0,25.0,solar,PA,PENELEC,Withdrawn,gen
AF2-098,2020-02-14,Crittenden 12 kV,32304.0,12.0,92.0,3.45,storage,KY,DEOK,Withdrawn,battery
AF2-099,2020-01-28,Taxville 2 13.2 kV,14676.0,13.2,86.0,3.0,solar,PA,ME,Withdrawn,gen
AF2-100,2020-01-28,Taxville 1 13.2 kV,14676.0,13.2,86.0,3.0,solar,PA,ME,Withdrawn,gen
AF2-101,2020-01-28,Allen 13.2 kV,4343.0,13.2,92.0,3.0,solar,PA,ME,Withdrawn,gen
AF2-102,2020-01-29,Germantown 13.2 kV,13381.0,13.2,92.0,3.0,solar,PA,ME,Withdrawn,gen
AF2-103,2020-03-17,Haviland 138 kV,38994.0,138.0,100.0,103.15,hybrid,OH,AEP,In Service,gen
AF2-104,2020-02-21,Somerset 23 kV,7415.0,23.0,92.0,4.0,solar,PA,PENELEC,Withdrawn,gen
AF2-105,2020-01-31,Morgans Cut-Glen Lyn #2 138 kV,11495.0,138.0,75.33333333333334,100.0,solar,VA,AEP,Withdrawn,gen
AF2-106,2020-01-31,Hazel Hollow-Glen Lyn #1 138 kV,7036.0,138.0,82.5,150.0,solar,VA,AEP,Engineering and Procurement,gen
AF2-107,2020-02-24,Clifford 138 kV,32919.0,138.0,100.0,50.0,solar,VA,AEP,Withdrawn,gen
AF2-108,2020-02-25,Locks 34.5 kV,33454.0,34.5,92.0,10.0,hybrid,VA,Dominion,Withdrawn,gen
AF2-109,2020-02-25,Church 69 kV,12913.0,69.0,100.0,20.0,storage,MD,DPL,Withdrawn,battery
AF2-110,2020-02-27,Suffolk 115 kV,32305.0,115.0,100.0,69.0,solar,VA,Dominion,Withdrawn,gen
AF2-111 - moved to TC1,2020-02-28,North Clark-Spurlock 345 kV,4400.0,345.0,83.42857142857143,250.0,solar,KY,EKPC,Engineering and Procurement,gen
AF2-112,2020-02-28,Oakland-Gorman 69 kV,6146.0,69.0,92.0,10.0,solar,MD,APS,Withdrawn,gen
AF2-113,2020-02-28,Clinton-Stuart 345 kV,35793.0,345.0,100.0,375.0,storage,OH,Dayton,Withdrawn,battery
AF2-114,2020-02-28,Old Chapel-Millville 138 kV II,32780.0,138.0,100.0,92.5,solar,WV,APS,Withdrawn,gen
AF2-115 - moved to TC1,2020-02-28,Jetersville-Ponton 115 kV,33279.0,115.0,100.0,66.0,solar,VA,Dominion,Engineering and Procurement,gen
AF2-116,2020-02-28,McConnellsburg 138 kV,14098.0,138.0,100.0,90.0,solar,PA,APS,Withdrawn,gen
AF2-117,2020-02-28,Warfordsburg-McConnellsburg 138 kV,14097.0,138.0,100.0,70.0,solar,PA,APS,Withdrawn,gen
AF2-118,2020-02-28,Gilbert-Morris Park (A-27) 34.5 kV II,13448.0,34.5,92.0,39.99,storage,NJ,JCPL,Withdrawn,battery
AF2-119,2020-02-28,Bristers-Sowego 115 kV,31655.0,115.0,92.0,80.0,solar,VA,Dominion,Withdrawn,gen
AF2-120 - moved to TC1,2020-02-28,Garner-Northern Neck 115 kV,7446.0,115.0,90.0,62.0,solar,VA,Dominion,Partially in Service - Under Construction,gen
AF2-122,2020-02-29,Kirk 138 kV,39333.0,138.0,100.0,98.0,solar,OH,AEP,Partially in Service - Under Construction,gen
AF2-123,2020-02-28,National-Tangy 138 kV,33095.0,138.0,74.0,49.0,solar,OH,ATSI,Withdrawn,gen
AF2-124,2020-02-28,Kyger Creek-Pierce 345 kV,34337.0,345.0,74.35294117647058,120.0,solar,OH,OVEC,Withdrawn,gen
AF2-125,2020-02-28,Varner 138 kV,35696.0,138.0,66.66666666666667,150.0,solar,IN,AEP,Withdrawn,gen
AF2-126 - moved to TC1,2020-02-28,Weston 69 kV II,813.0,69.0,92.0,62.0,solar,OH,ATSI,Partially in Service - Under Construction,gen
AF2-127,2020-02-28,Lockwood Road 138 kV,5996.0,138.0,100.0,68.0,solar,OH,AEP,Withdrawn,gen
AF2-128 - moved to TC1,2020-02-28,Crescent Ridge-Corbin 138 kV,36137.0,138.0,87.14285714285714,79.5,wind,IL,ComEd,Withdrawn,gen
AF2-129,2020-03-03,Sharon-Mercer 69 kV,13357.0,69.0,100.0,20.0,solar,PA,ATSI,Withdrawn,gen
AF2-130,2020-03-04,Cobalt Corners 34.5 kV,19719.0,34.5,66.07407407407408,18.9,solar,PA,PENELEC,In Service,gen
AF2-131,2020-03-04,Cooper 34.5 kV,1417.0,34.5,92.0,5.0,solar,PA,PECO,Withdrawn,gen
AF2-132,2020-03-04,Reynolds-Olive #1 345 kV,21842.0,345.0,100.0,300.0,solar,IN,AEP,Under Construction,gen
AF2-133,2020-03-04,Reynolds-Olive #2 345 kV,21842.0,345.0,100.0,300.0,solar,IN,AEP,Partially in Service - Under Construction,gen
AF2-134,2020-03-07,Olive-Reynolds #2 345 kV,32980.0,345.0,100.0,400.0,solar,IN,AEP,In Service,gen
AF2-135,2020-03-05,Rockwood-Confluence 23 kV,14226.0,23.0,92.0,5.0,solar,PA,PENELEC,Withdrawn,gen
AF2-136,2020-03-06,Swamp 230 kV,20813.0,230.0,58.66666666666667,208.0,solar,NC,Dominion,Withdrawn,gen
AF2-137,2020-03-06,Marysville-Sorenson 765 kV,38712.0,765.0,100.0,500.0,solar,OH,AEP,Withdrawn,gen
AF2-138,2020-03-10,Flanders-West Wharton 34.5 kV,14648.0,34.5,67.0,19.8,solar,NJ,JCPL,In Service,gen
AF2-139,2020-03-10,Gilbert-Warren Glen 34.5 kV,13448.0,34.5,92.0,16.3,solar,NJ,JCPL,In Service,gen
AF2-140,2020-03-12,Saegers 230 kV,45570.0,230.0,68.92307692307692,907.0,gas,PA,PPL,In Service,gen
AF2-141,2020-03-11,Lick Run 115 kV,7685.0,115.0,80.0,100.0,storage,PA,PENELEC,Withdrawn,battery
AF2-142 - moved to TC1,2020-03-12,Nevada 345 kV,23637.0,345.0,92.0,150.0,solar,IL,ComEd,Engineering and Procurement,gen
AF2-143 - moved to TC1,2020-03-12,Powerton-Nevada 345 kV,20090.0,345.0,100.0,150.0,solar,IL,ComEd,Engineering and Procurement,gen
AF2-144,2020-03-12,Powhatan 34.5 kV,7691.0,34.5,92.0,17.0,hybrid,VA,Dominion,In Service,gen
AF2-145,2020-03-12,Lycoming-Lock Haven 69 kV,32771.0,69.0,100.0,194.1,solar,PA,PPL,Withdrawn,gen
AF2-146,2020-03-12,Hill Valley-Valley REC 46 kV,14235.0,46.0,92.0,20.0,solar,PA,PENELEC,Withdrawn,gen
AF2-147,2020-03-12,McVeytown-Strodes Mill 46 kV,12816.0,46.0,58.66666666666667,13.1,solar,PA,PENELEC,Withdrawn,gen
AF2-148,2020-03-12,Shade Gap-Three Springs KTS 23 kV,13238.0,23.0,92.0,13.5,solar,PA,PENELEC,Withdrawn,gen
AF2-149,2020-03-12,Sharp Road 69 kV,6153.0,69.0,100.0,80.0,solar,OH,AEP,Engineering and Procurement,gen
AF2-150,2020-03-13,Galion 138 kV,5092.0,138.0,100.0,88.0,solar,OH,ATSI,Under Construction,gen
AF2-151,2020-03-16,Dillsburg 13.2 kV,13249.0,13.2,92.0,3.0,solar,PA,ME,Withdrawn,gen
AF2-152,2020-03-16,Morgantown CT5 230 kV,12825.0,230.0,91.42857142857143,56.0,other,MD,PEPCO,Deactivated,gen
AF2-153,2020-03-16,Morgantown CT4 230 kV,12825.0,230.0,91.42857142857143,56.0,other,MD,PEPCO,Deactivated,gen
AF2-154,2020-03-16,Dickerson H2 CT 230 kV,12884.0,230.0,88.0,173.0,gas,MD,PEPCO,In Service,gen
AF2-155,2020-03-16,Chalk Point CT3-CT6 230 kV,31439.0,230.0,90.0,461.9,gas,MD,PEPCO,Withdrawn,gen
AF2-156,2020-03-16,Chalk Point CT2 69 kV,13656.0,69.0,90.0,30.0,gas,MD,PEPCO,In Service,gen
AF2-157,2020-03-16,Chalk Point CT1 69 kV,13656.0,69.0,90.0,20.0,gas,MD,PEPCO,Withdrawn,gen
AF2-158,2020-03-16,Chalk Point Unit 4 230 kV,31439.0,230.0,86.0,589.3,gas,MD,PEPCO,Withdrawn,gen
AF2-159,2020-03-16,Chalk Point ST3 230 kV,31439.0,230.0,90.0,598.17,gas,MD,PEPCO,Withdrawn,gen
AF2-160,2020-03-16,Brunot Island 138 kV,13572.0,138.0,100.0,283.5,gas,PA,DL,Withdrawn,gen
AF2-161,2020-03-16,Mount Rock 12.47 kV,3720.0,47.0,63.77777777777777,3.0,solar,PA,PPL,Withdrawn,gen
AF2-162,2020-03-16,Keystone-Desoto 345 kV,31985.0,345.0,92.0,245.0,solar,IN,AEP,Engineering and Procurement,gen
AF2-163,2020-03-13,Lick Run 115 kV,7685.0,115.0,80.0,34.5,solar,PA,PENELEC,Withdrawn,gen
AF2-164 - moved to TC1,2020-03-17,Handsome Lake 345 kV,31706.0,345.0,100.0,80.0,solar,PA,PENELEC,Withdrawn,gen
AF2-165,2020-03-19,Clark Summit-Emlenton 34.5 kV,13350.0,34.5,92.0,18.9,solar,PA,PENELEC,In Service,gen
AF2-166,2020-03-18,Emlenton 34.5 kV,20819.0,34.5,69.77777777777779,20.0,solar,PA,PENELEC,Withdrawn,gen
AF2-167,2020-03-18,Eaton Crest-Red Bank 34.5 kV,5084.0,34.5,75.63636363636364,8.0,solar,NJ,JCPL,Withdrawn,gen
AF2-168,2020-03-18,Princeton University 69 kV,32947.0,69.0,85.0,5.0,solar,NJ,PSEG,In Service,gen
AF2-169,2020-03-19,BL England 138 kV,19257.0,138.0,100.0,552.0,wind,NJ,AEC,Withdrawn,gen
AF2-170,2020-03-19,Erie West-Springboro 34.5 kV,13323.0,34.5,92.0,20.0,solar,PA,PENELEC,Withdrawn,gen
AF2-171 - moved to TC1,2020-03-19,Madisonville 115 kV,14593.0,115.0,92.0,150.0,solar,VA,Dominion,Withdrawn,gen
AF2-172,2020-03-19,Newport 12 kV,4491.0,12.0,92.0,10.0,solar,NJ,AEC,Withdrawn,gen
AF2-173 - moved to TC1,2020-03-19,Desoto 345 kV,36331.0,345.0,100.0,340.0,solar,IN,AEP,Withdrawn,gen
AF2-174,2020-03-19,Tabernacle 12 kV,48586.0,12.0,62.58823529411764,11.0,solar,NJ,AEC,Withdrawn,gen
AF2-175,2020-03-19,Straban 13.2 kV,41922.0,13.2,92.0,3.0,solar,PA,ME,Withdrawn,gen
AF2-176 - moved to TC1,2020-03-19,Masury-Maysville 138 kV,13397.0,138.0,100.0,60.0,solar,PA,ATSI,Withdrawn,gen
AF2-177 - moved to TC1,2020-03-20,Sorenson-DeSoto #2 345 kV,36327.0,345.0,100.0,200.0,wind,IN,AEP,Engineering and Procurement,gen
AF2-178,2020-03-20,Roxbury 23 kV II,13241.0,23.0,92.0,13.5,solar,PA,PENELEC,In Service,gen
AF2-179,2020-03-20,St. Thomas-Mercersburg 34.5 kV II,16881.0,34.5,58.66666666666667,20.0,solar,PA,APS,In Service,gen
AF2-180,2020-03-20,St. Thomas-Guilford 34.5 kV II,16881.0,34.5,58.66666666666667,20.0,solar,PA,APS,In Service,gen
AF2-181,2020-03-20,Lexington Park 69 kV,6090.0,69.0,84.5,20.0,solar,MD,SMECO,Withdrawn,gen
AF2-182 - moved to TC1,2020-03-21,Nelson-Lee County 345 kV II,20754.0,345.0,100.0,500.0,solar,IL,ComEd,Engineering and Procurement,gen
AF2-183 - moved to TC1,2020-03-20,Nelson-Lee County 345 kV,20754.0,345.0,100.0,600.0,storage,IL,ComEd,Withdrawn,battery
AF2-184,2020-03-20,McConnelsburg-Mercersburg 34 kV II,14098.0,34.0,88.2962962962963,20.0,solar,PA,APS,In Service,gen
AF2-185,2020-03-20,Mercersburg-Milnor 34.5 kV II,14731.0,34.5,68.19047619047619,15.0,solar,PA,APS,In Service,gen
AF2-186,2020-03-20,South Cecil 69 kV,947.0,69.0,61.53846153846154,45.0,solar,OH,AEP,Withdrawn,gen
AF2-187,2020-03-22,Brookside-Cloverdale 138 kV,29244.0,138.0,77.77777777777779,120.0,solar,OH,ATSI,Engineering and Procurement,gen
AF2-188,2020-03-22,Reynolds-Meadow Lake #1 345 kV,21842.0,345.0,100.0,112.0,solar,IN,AEP,Withdrawn,gen
AF2-189,2020-03-22,Greentown 138 kV,15947.0,138.0,100.0,150.0,solar,IN,AEP,Withdrawn,gen
AF2-190,2020-03-22,Olive-Reynolds #2 345 kV,32980.0,345.0,100.0,260.0,solar,IN,AEP,Withdrawn,gen
AF2-191,2020-03-22,New Carlisle 138 kV,6431.0,138.0,100.0,110.0,solar,IN,AEP,Withdrawn,gen
AF2-192,2020-03-23,Frenchtown Solar-West Flemington 34.5 kV,13320.0,34.5,56.0,7.0,solar,NJ,JCPL,Withdrawn,gen
AF2-193 - moved to TC1,2020-03-23,Indian River 230 kV I,5008.0,230.0,74.35294117647058,440.0,wind,DE,DPL,Withdrawn,gen
AF2-194 - moved to TC1,2020-03-23,Indian River 230 kV II,5008.0,230.0,74.35294117647058,880.0,wind,DE,DPL,Withdrawn,gen
AF2-195,2020-03-23,Queen Street 115 kV,13924.0,115.0,100.0,171.7,storage,PA,ME,Withdrawn,battery
AF2-196,2020-03-23,Cedar Neck 69 kV II,14660.0,69.0,85.0,150.0,wind,DE,DPL,Withdrawn,gen
AF2-197,2020-03-23,East Towanda 115 kV,13718.0,115.0,70.58823529411764,100.8,storage,PA,PENELEC,Withdrawn,battery
AF2-198,2020-03-23,Heath 69 kV,50480.0,69.0,83.63636363636364,22.4,storage,OH,AEP,Withdrawn,battery
AF2-199 - moved to TC1,2020-03-24,Nelson-Electric Junction 345 kV,20754.0,345.0,100.0,400.0,solar,IL,ComEd,Engineering and Procurement,gen
AF2-200 - moved to TC1,2020-03-24,Nelson-Electric Junction 345 kV,20754.0,345.0,100.0,600.0,solar,IL,ComEd,Engineering and Procurement,gen
AF2-201 - moved to TC1,2020-03-24,Lena - Lancaster 138 kV,31785.0,138.0,72.0,199.0,solar,IL,ComEd,Withdrawn,gen
AF2-202,2020-03-24,Landis 12 V,29638.0,138.0,86.36363636363636,2.7,solar,NJ,AEC,Withdrawn,gen
AF2-203,2020-03-25,Rohrsburg 12.5 kV ,14097.0,12.5,68.19047619047619,20.0,solar,PA,PPL,Withdrawn,gen
AF2-204,2020-03-24,Van Buren-Delaware 138 kV,13731.0,138.0,100.0,110.0,hybrid,IN,AEP,Withdrawn,gen
AF2-205,2020-03-25,Olive-Reynolds #2 345 kV,32980.0,345.0,100.0,200.0,solar,IN,AEP,Engineering and Procurement,gen
AF2-206,2020-03-24,Larrabee-Point Pleasant 34.5 kV,26786.0,34.5,92.0,15.4,solar,NJ,JCPL,Withdrawn,gen
AF2-207,2020-03-24,Nelson 69 kV,16025.0,69.0,100.0,50.4,storage,DE,DPL,Withdrawn,battery
AF2-208,2020-03-24,Colora 230 kV,31826.0,230.0,100.0,100.8,storage,MD,DPL,Withdrawn,battery
AF2-209 - moved to TC1,2020-03-25,South Hicksville-Sowers 138 kV,20172.0,138.0,100.0,140.0,solar,OH,AEP,Withdrawn,gen
AF2-210,2020-03-25,Foster-Garver Road 345 kV,40506.0,345.0,100.0,200.0,solar,OH,DEOK,Withdrawn,gen
AF2-211,2020-03-25,College Corner 138 kV,13782.0,138.0,100.0,100.0,solar,IN,AEP,Withdrawn,gen
AF2-212,2020-03-25,Shelby 138 kV,38965.0,138.0,100.0,150.0,solar,IN,Dayton,Withdrawn,gen
AF2-213,2020-03-25,Zions View-Smith Street 115 kV,14679.0,115.0,100.0,81.2,storage,PA,ME,Withdrawn,battery
AF2-214,2020-03-25,Heartsease DP-Anaconda 115 kV,7444.0,115.0,63.63636363636363,151.2,storage,NC,Dominion,Withdrawn,battery
AF2-215,2020-03-25,Saint Thomas-LeMasters Junction 34.5 kV,16881.0,34.5,58.66666666666667,5.0,solar,PA,APS,Withdrawn,gen
AF2-216,2020-03-25,Blue Jacket-Kirby 138 kV,20824.0,138.0,60.0,150.0,solar,OH,ATSI,Withdrawn,gen
AF2-217,2020-03-25,Hyatt-Marysville 345 kV,37550.0,345.0,100.0,220.0,solar,OH,AEP,Withdrawn,gen
AF2-218,2020-03-25,Gettysburg 69 kV,14731.0,69.0,70.0,49.99,solar,OH,Dayton,Withdrawn,gen
AF2-219,2020-03-25,,,138.0,0.0,58.0,solar,NC,Dominion,Withdrawn,gen
AF2-220,2020-03-25,Hickman-River Bend 69 kV,20864.0,69.0,71.42857142857143,37.0,solar,VA,AEP,Withdrawn,gen
AF2-221,2020-03-25,Scalp Level 22.9 kV,13235.0,22.9,92.0,15.0,solar,PA,PENELEC,Suspended,gen
AF2-222 - moved to TC1,2020-03-25,Madisonville DP-Twitty's Creek 115 kV,14593.0,115.0,86.0,167.0,solar,VA,Dominion,Engineering and Procurement,gen
AF2-223,2020-03-25,Marysville 345 kV,38712.0,345.0,100.0,200.0,solar,OH,AEP,Withdrawn,gen
AF2-224,2020-03-26,Allen 345 kV,12592.0,345.0,100.0,100.0,solar,IN,AEP,Engineering and Procurement,gen
AF2-225 - moved to TC1,2020-03-26,McLean 345 kV,33897.0,345.0,84.3076923076923,500.0,solar,IL,ComEd,Engineering and Procurement,gen
AF2-226 - moved to TC1,2020-03-26,Katydid Road 345 kV,20815.0,345.0,58.82352941176471,350.0,storage,IL,ComEd,Engineering and Procurement,battery
AF2-227,2020-03-26,Martins Creek–Cherry Hill 69 kV ,13453.0,69.0,100.0,63.75,solar,PA,PPL,Withdrawn,gen
AF2-228,2020-03-26,Brunner Island 13.8 kV,32623.0,13.8,92.0,61.0,solar,PA,PPL,Withdrawn,gen
AF2-229,2020-03-26,Roxbury 23 kV,13241.0,23.0,92.0,20.0,solar,PA,PENELEC,Engineering and Procurement,gen
AF2-230,2020-03-26,Lock 34 kV,33454.0,34.0,80.88888888888889,4.0,solar,PA,PECO,Withdrawn,gen
AF2-231,2020-03-26,Belleville 12.47 kV,14289.0,47.0,85.07692307692308,5.0,solar,PA,PENELEC,Withdrawn,gen
AF2-232,2020-03-26,Bowmanns Mill Tap-Scott 69 kV,56744.0,69.0,75.29411764705883,75.0,hybrid,PA,PPL,Withdrawn,gen
AF2-233,2020-03-26,Penns-Richfield Tie #1 69 kV,38959.0,69.0,66.66666666666667,20.0,hybrid,PA,PPL,Under Construction,gen
AF2-234,2020-03-26,Penns-Richfield Tie #1 69 kV,38959.0,69.0,66.66666666666667,40.0,hybrid,PA,PPL,Under Construction,gen
AF2-235,2020-03-27,Titusville-Oil Creek 34.5 kV,29899.0,34.5,72.0,10.0,solar,PA,PENELEC,Withdrawn,gen
AF2-236,2020-03-26,Jamestown-Hartstown 69 kV,33423.0,69.0,82.76923076923077,28.0,solar,PA,ATSI,Withdrawn,gen
AF2-237,2020-03-26,Union City-Cambridge Springs 34.5 kV,34635.0,34.5,92.0,30.0,solar,PA,PENELEC,Withdrawn,gen
AF2-238,2020-03-26,Mansfield-South Troy 34.5 kV,14010.0,34.5,92.0,20.0,solar,PA,PENELEC,Engineering and Procurement,gen
AF2-239,2020-03-26,Wyalusing-Hollenback WRC 34.5 kV,12621.0,34.5,58.66666666666667,20.0,solar,PA,PENELEC,Withdrawn,gen
AF2-240,2020-03-26,North Orwell 12.47 kV,16040.0,47.0,64.72727272727272,7.0,solar,PA,PENELEC,Withdrawn,gen
AF2-241,2020-03-26,Athens-Milan 34.5 kV,22055.0,34.5,92.0,20.0,solar,PA,PENELEC,Withdrawn,gen
AF2-242,2020-03-27,Wharton 115 kV,16045.0,115.0,92.0,80.0,solar,NC,Dominion,Withdrawn,gen
AF2-243,2020-03-27,Clark Summit 34.5 kV,13350.0,34.5,92.0,15.0,solar,PA,PENELEC,Withdrawn,gen
AF2-244,2020-03-27,Powhatan 34.5 kV,7691.0,34.5,92.0,15.0,solar,VA,Dominion,Withdrawn,gen
AF2-245,2020-03-27,Spurlock-Flemingsburg 138 kV,12140.0,138.0,66.66666666666667,132.0,hybrid,KY,EKPC,Withdrawn,gen
AF2-246,2020-03-27,Stephensburg 69 kV,15670.0,69.0,100.0,58.0,solar,KY,EKPC,Withdrawn,gen
AF2-247,2020-03-27,Bustleton 13.2 kV,29538.0,13.2,92.0,5.0,solar,NJ,PSEG,In Service,gen
AF2-248,2020-03-27,Edgewood 12 kV I,12907.0,12.0,92.0,7.2,solar,MD,DPL,Withdrawn,gen
AF2-249,2020-03-27,Edgewood 12 kV II,12907.0,12.0,92.0,3.0,storage,MD,DPL,Withdrawn,battery
AF2-250,2020-03-27,Edgewood 12 kV III,12907.0,12.0,92.0,1.95,solar,MD,DPL,In Service,gen
AF2-251,2020-03-27,Susquehanna unit 1 230 kV,31753.0,230.0,88.33333333333334,1310.0,other,PA,PPL,Withdrawn,gen
AF2-252,2020-03-27,Blue Mound 345 kV,38481.0,345.0,100.0,248.0,storage,IL,ComEd,Engineering and Procurement,battery
AF2-253,2020-03-27,McClelland-Shenango 345 kV,31833.0,345.0,65.6842105263158,70.0,solar,PA,ATSI,Withdrawn,gen
AF2-254,2020-03-27,Cookstown-New Lisbon 34.5 kV,18961.0,34.5,92.0,10.0,solar,NJ,JCPL,Withdrawn,gen
AF2-255,2020-03-27,Iron Bridge 34.5 kV,31611.0,34.5,92.0,25.0,solar,VA,Dominion,Withdrawn,gen
AF2-256,2020-03-27,Tyler 34.5 kV,33085.0,34.5,92.0,25.0,solar,VA,Dominion,Withdrawn,gen
AF2-257,2020-03-27,Tyler 34.5 kV,33085.0,34.5,92.0,25.0,solar,VA,Dominion,Withdrawn,gen
AF2-258,2020-03-27,Harrowgate 34.5 kV,33086.0,34.5,92.0,25.0,solar,VA,Dominion,Withdrawn,gen
AF2-259,2020-03-27,Locks 34.5 kV,33454.0,34.5,92.0,25.0,solar,VA,Dominion,Withdrawn,gen
AF2-260,2020-03-27,Stephensburg-Central Hardin 69 kV,15670.0,69.0,100.0,85.0,solar,KY,EKPC,Withdrawn,gen
AF2-261,2020-03-27,Harwood-Susquehanna #1 230 kV,13294.0,230.0,100.0,75.0,solar,PA,PPL,Withdrawn,gen
AF2-262,2020-03-27,Freeland #1 Tap-Jeddo-Highland 69 kV,56744.0,69.0,76.42857142857143,45.0,solar,PA,PPL,Withdrawn,gen
AF2-263 - moved to TC1,2020-03-27,Shelby 138 kV,38965.0,138.0,100.0,98.0,solar,OH,Dayton,Withdrawn,gen
AF2-264,2020-03-27,Tunis 34.5 kV,38637.0,34.5,64.72727272727273,20.0,solar,NC,Dominion,Withdrawn,gen
AF2-265,2020-03-27,South Troy-Athens 34.5 kV,13371.0,34.5,92.0,15.0,solar,PA,PENELEC,Withdrawn,gen
AF2-266,2020-03-27,Clover 230 kV,32642.0,230.0,100.0,50.0,storage,VA,Dominion,Withdrawn,battery
AF2-267,2020-03-27,Lancaster 138 kV,7447.0,138.0,92.0,210.9,wind,IL,ComEd,Withdrawn,gen
AF2-268,2020-03-27,Orrtanna 13.2 kV,15245.0,13.2,92.0,2.0,hybrid,PA,ME,Withdrawn,gen
AF2-269,2020-03-27,Adams Y Solar II,29510.0,138.0,79.375,,hybrid,PA,ME,Withdrawn,gen
AF2-270,2020-03-27,Bedford South RCB-Bedford Area 23 kV,15029.0,23.0,78.15384615384616,3.721,hybrid,PA,PENELEC,Withdrawn,gen
AF2-271,2020-03-27,Pemberton-Sinking Valley 12.47 kV,52725.0,47.0,92.0,3.0,hybrid,PA,PENELEC,Withdrawn,gen
AF2-272,2020-03-27,Bernville 13.2 kV,41497.0,13.2,92.0,3.0,hybrid,PA,ME,Withdrawn,gen
AF2-273,2020-03-27,Sligo 25 kV,32355.0,25.0,92.0,4.0,hybrid,PA,APS,Withdrawn,gen
AF2-274,2020-03-28,Lardin 12.47 kV,16677.0,47.0,58.66666666666667,3.0,hybrid,PA,APS,Withdrawn,gen
AF2-275,2020-03-27,Guilford 12.47 kV,14094.0,47.0,83.81818181818181,3.0,hybrid,PA,APS,Withdrawn,gen
AF2-276,2020-03-27,Guilford 12.47 kV,14094.0,47.0,83.81818181818181,3.0,hybrid,PA,APS,Withdrawn,gen
AF2-277,2020-03-27,Richland 12.47 kV,13641.0,47.0,83.81818181818181,2.0,hybrid,PA,PPL,Withdrawn,gen
AF2-278,2020-03-27,Halifax 12.47 kV,32179.0,47.0,83.0,3.0,hybrid,PA,PPL,Withdrawn,gen
AF2-279,2020-03-27,Letort 12.47 kV,15378.0,47.0,82.0,3.0,hybrid,PA,PPL,Withdrawn,gen
AF2-280,2020-03-27,Buck 12.47 kV,13290.0,47.0,79.14285714285714,3.0,hybrid,PA,PPL,Withdrawn,gen
AF2-281,2020-03-27,Lynnville 13.2 kV,36335.0,13.2,72.0,3.0,hybrid,PA,ME,Withdrawn,gen
AF2-282,2020-03-27,Edelle 12.47 kV,463.0,47.0,53.53846153846154,3.0,hybrid,PA,PPL,Withdrawn,gen
AF2-283,2020-03-27,Greenfield 12.47 kV,6385.0,47.0,85.07692307692308,2.0,hybrid,PA,PPL,Withdrawn,gen
AF2-284,2020-03-27,Watson 12.47 kV,38421.0,47.0,58.66666666666667,2.0,hybrid,PA,PPL,Withdrawn,gen
AF2-285,2020-03-27,W. Damascus 12.47 kV,53651.0,47.0,85.07692307692308,3.0,hybrid,PA,PPL,Withdrawn,gen
AF2-286,2020-03-27,Shermansdale 12.47 kV,33410.0,47.0,56.0,3.0,hybrid,PA,PPL,Withdrawn,gen
AF2-287,2020-03-27,Green Park 12.47 kV,31510.0,47.0,61.565217391304344,3.0,hybrid,PA,PPL,Withdrawn,gen
AF2-288,2020-03-27,Benvenue 12.47 kV,51555.0,47.0,52.86956521739131,3.0,hybrid,PA,PPL,Withdrawn,gen
AF2-289,2020-03-27,Watson 12.47 kV,38421.0,47.0,58.66666666666667,3.0,hybrid,PA,PPL,Withdrawn,gen
AF2-290,2020-03-27,Derry 12.47 kV,14273.0,47.0,74.35294117647058,2.0,hybrid,PA,PPL,Withdrawn,gen
AF2-291,2020-03-28,Sporn South-Leon 138 kV,16084.0,138.0,91.42857142857143,100.0,solar,WV,AEP,Engineering and Procurement,gen
AF2-292,2020-03-28,South Union 12.47 kV,14285.0,47.0,83.0,1.17,hybrid,PA,APS,Withdrawn,gen
AF2-293,2020-03-28,Beech Creek 12.47 kV,11597.0,47.0,63.63636363636363,1.17,hybrid,PA,APS,Withdrawn,gen
AF2-294,2020-03-29,Thompson 34.5 kV,13888.0,34.5,92.0,17.0,solar,PA,PENELEC,Suspended,gen
AF2-295,2020-03-28,Wilcox-Paper City 46 kV,29984.0,46.0,92.0,20.0,solar,PA,APS,Withdrawn,gen
AF2-296 - moved to TC1,2020-03-28,Madera 34.5 kV,13122.0,34.5,68.92307692307692,20.0,solar,PA,PENELEC,Engineering and Procurement,gen
AF2-297 - moved to TC1,2020-03-28,Sedge Hill 115 kV,13372.0,115.0,77.5,80.0,solar,VA,Dominion,Withdrawn,gen
AF2-298,2020-03-30,Crown-New Lebanon 69 kV,12956.0,69.0,80.0,49.9,solar,OH,Dayton,Engineering and Procurement,gen
AF2-299 - moved to TC1,2020-03-30,Fields 34.5 kV,33444.0,34.5,64.72727272727273,18.0,solar,VA,Dominion,Withdrawn,gen
AF2-300,2020-03-30,St. Johns 115 kV,33103.0,115.0,100.0,64.0,solar,VA,Dominion,Withdrawn,gen
AF2-301,2020-03-30,Poolesville-Winchester 230 kV,5757.0,230.0,100.0,25.0,solar,VA,Dominion,Withdrawn,gen
AF2-302 - moved to TC1,2020-03-30,Scottsville-Colleen 138 kV,38703.0,138.0,92.0,75.0,solar,VA,AEP,Withdrawn,gen
AF2-303,2020-03-30,Edgecombe 230 kV,3709.0,230.0,84.21052631578947,100.0,hybrid,NC,Dominion,Engineering and Procurement,gen
AF2-304,2020-03-30,Surry-Hopewell 230 kV,33170.0,230.0,100.0,89.0,hybrid,VA,Dominion,Engineering and Procurement,gen
AF2-305,2020-03-30,Brokaw-Lanesville 345 kV,12100.0,345.0,100.0,197.0,wind,IL,ComEd,In Service,gen
AF2-306,2020-03-30,Hope-Blevins Valley Tap 69 kV,1838.0,69.0,77.0,26.0,storage,KY,EKPC,Withdrawn,battery
AF2-307 - moved to TC1,2020-03-30,Hope-Belvins Valley Tap 69 kV,1838.0,69.0,77.0,64.2,solar,KY,EKPC,Withdrawn,gen
AF2-308,2020-03-30,Central Hardin-Stephensburg 69 kV,15671.0,69.0,100.0,28.0,storage,KY,EKPC,Withdrawn,battery
AF2-309,2020-03-30,Central Hardin-Stephensburg 69 kV,15671.0,69.0,100.0,70.0,solar,KY,EKPC,Withdrawn,gen
AF2-310,2020-03-30,Jennings-Hoyes Road 34.5 kV,4401.0,34.5,92.0,20.0,hybrid,MD,APS,Withdrawn,gen
AF2-311,2020-03-30,Gilboa-Jones Branch 138 kV,834.0,138.0,100.0,100.0,solar,WV,APS,Engineering and Procurement,gen
AF2-312,2020-03-30,Carrolltown-Patton 46 kV,799.0,46.0,87.23809523809523,18.0,solar,PA,PENELEC,Withdrawn,gen
AF2-313,2020-03-30,Price 69 kV,12917.0,69.0,100.0,19.9,solar,MD,DPL,Withdrawn,gen
AF2-314,2020-03-30,Vandergrift-Guffy Junction 25 kV,14278.0,25.0,47.55555555555556,10.0,solar,PA,APS,Withdrawn,gen
AF2-315,2020-03-30,Susquehanna Unit 2 500 kV,31753.0,500.0,88.33333333333334,1310.0,other,PA,PPL,Withdrawn,gen
AF2-316,2020-03-30,Gilboa-Jones Branch 138 kV II,834.0,138.0,100.0,150.0,solar,WV,APS,Engineering and Procurement,gen
AF2-317,2020-03-31,Hill Topper 345 kV,14165.0,345.0,71.01960784313725,65.0,wind,IL,ComEd,In Service,gen
AF2-318,2020-03-30,East Towanda-New Albany 34.5 kV,13718.0,34.5,62.58823529411764,20.0,solar,PA,PENELEC,Withdrawn,gen
AF2-319 - moved to TC1,2020-03-30,Katydid Road 345 kV,20815.0,345.0,58.82352941176471,400.0,storage,IL,ComEd,Engineering and Procurement,battery
AF2-320,2020-03-30,Dumont-Stillwell 345 kV,38419.0,345.0,100.0,48.0,other,IN,AEP,Withdrawn,gen
AF2-321 - moved to TC1,2020-03-30,Stryker-Ridgeville 138 kV,5994.0,138.0,100.0,148.0,solar,OH,ATSI,Withdrawn,gen
AF2-322,2020-03-30,Hoytdale-McClelland 345 kV,35791.0,345.0,100.0,401.62,solar,PA,ATSI,Withdrawn,gen
AF2-323,2020-03-30,Geneva-Franklin Tap 115 kV,13324.0,115.0,100.0,44.0,solar,PA,PENELEC,Withdrawn,gen
AF2-324 - moved to TC1,2020-03-30,Edgecombe 230 kV,3709.0,230.0,84.21052631578947,75.0,solar,NC,Dominion,Withdrawn,gen
AF2-325,2020-03-30,Jacktown 12 kV,3208.0,12.0,72.0,10.0,hybrid,MD,DPL,Engineering and Procurement,gen
AF2-326,2020-03-30,Battleboro 34.5kV,31071.0,34.5,62.0,20.0,hybrid,NC,Dominion,Withdrawn,gen
AF2-327,2020-03-30,Wakefield 13 kV,33433.0,13.0,92.0,20.0,hybrid,VA,Dominion,Withdrawn,gen
AF2-328,2020-03-30,Inez-Johns Creek 138 kV,11430.0,138.0,100.0,75.0,solar,KY,AEP,Withdrawn,gen
AF2-329 - moved to TC1,2020-03-30,Sandwich-Plano 138 kV,29404.0,138.0,66.66666666666667,292.2,storage,IL,ComEd,Withdrawn,battery
AF2-330,2020-03-30,Claysburg-Summit 115 kV,32077.0,115.0,76.21052631578947,70.0,solar,PA,PENELEC,Withdrawn,gen
AF2-331,2020-03-30,Montour 230 kV,13418.0,230.0,100.0,50.0,solar,PA,PPL,Withdrawn,gen
AF2-332,2020-03-30,Montour 230 kV,13418.0,230.0,100.0,100.0,solar,PA,PPL,Withdrawn,gen
AF2-333,2020-03-30,Montour 230 kV,13418.0,230.0,100.0,120.0,solar,PA,PPL,Withdrawn,gen
AF2-334,2020-03-30,Montour 230 kV,13418.0,230.0,100.0,140.0,solar,PA,PPL,Withdrawn,gen
AF2-335 - moved to TC1,2020-03-31,Delaware-Royerton 138 kV,13775.0,138.0,100.0,100.0,solar,IN,AEP,Withdrawn,gen
AF2-336,2020-03-31,Snake Spring 115 kV I,14233.0,115.0,100.0,20.0,solar,PA,PENELEC,Withdrawn,gen
AF2-337,2020-03-31,Snake Spring 115 kV II,14233.0,115.0,100.0,40.0,solar,PA,PENELEC,Withdrawn,gen
AF2-338,2020-03-31,Snake Spring 115 kV III,14233.0,115.0,100.0,60.0,solar,PA,PENELEC,Withdrawn,gen
AF2-339,2020-03-31,Snake Spring 115 kV IV,14233.0,115.0,100.0,80.0,solar,PA,PENELEC,Withdrawn,gen
AF2-340,2020-03-31,,,138.0,0.0,20.0,solar,PA,APS,Withdrawn,gen
AF2-341,2020-03-31,Maysville138 kV,38712.0,138.0,86.73684210526316,20.0,solar,PA,ATSI,Withdrawn,gen
AF2-342,2020-03-31,Maysville138 kV II,38712.0,138.0,86.73684210526316,40.0,solar,PA,ATSI,Withdrawn,gen
AF2-343,2020-03-31,Maysville 138 kV III,38712.0,138.0,86.73684210526316,60.0,solar,PA,ATSI,Withdrawn,gen
AF2-344,2020-03-31,Maysville 138 kV IV,38712.0,138.0,86.73684210526316,80.0,solar,PA,ATSI,Withdrawn,gen
AF2-345,2020-03-31,Maysville 138 kV V,38712.0,138.0,86.73684210526316,100.0,solar,PA,ATSI,Withdrawn,gen
AF2-346,2020-03-31,Electric Junction-Nelson 345 kV,30040.0,345.0,76.92307692307692,250.0,solar,IL,ComEd,Withdrawn,gen
AF2-347,2020-03-30,Bowling Green 2-Tontogony 69 kV,14379.0,69.0,96.0,,other,,ATSI,Withdrawn,gen
AF2-348 - moved to TC1,2020-03-31,North Clark-Spurlock 345 kV,4400.0,345.0,83.42857142857143,250.0,solar,KY,EKPC,Withdrawn,gen
AF2-349 - moved to TC1,2020-03-31,SILVER LAKE- CHERRY VALLEY 345 KV,20806.0,345.0,100.0,300.0,solar,IL,ComEd,Engineering and Procurement,gen
AF2-350 - moved to TC1,2020-03-31,Kensington 138 kV,1731.0,138.0,92.0,100.0,solar,IL,ComEd,Pending Termination,gen
AF2-351 - moved to TC1,2020-03-31,Kensington 138 kV,1731.0,138.0,92.0,120.0,storage,IL,ComEd,Withdrawn,battery
AF2-352,2020-03-31,Blue Mound 345 kV,38481.0,345.0,100.0,248.0,storage,IL,ComEd,Engineering and Procurement,battery
AF2-353,2020-03-31,Rockport 765 kV,40294.0,765.0,100.0,800.0,hybrid,IN,AEP,Withdrawn,gen
AF2-354,2020-03-31,Washington 34.5 kV II,15621.0,34.5,92.0,19.8,solar,NJ,JCPL,Partially in Service - Under Construction,gen
AF2-355 - moved to TC1,2020-03-31,West Gerrard-J.K. Smith 345 kV,1430.0,345.0,88.88888888888889,225.0,solar,KY,EKPC,Withdrawn,gen
AF2-356,2020-03-31,Albright-Mt. Zion 138 kV,17365.0,138.0,82.0,175.0,solar,MD,APS,Partially in Service - Under Construction,gen
AF2-357,2020-03-31,Nipetown-Reid 138 kV,32802.0,138.0,100.0,24.0,solar,MD,APS,Withdrawn,gen
AF2-358 - moved to TC1,2020-03-31,Airey-Vienna 69 kV,5135.0,69.0,72.72727272727273,100.0,solar,MD,DPL,Withdrawn,gen
AF2-359,2020-03-31,Olive-University Park 345 kV,32980.0,345.0,100.0,125.0,solar,IN,AEP,Engineering and Procurement,gen
AF2-360,2020-03-31,Keeney-Steele 230 kV,13097.0,230.0,100.0,125.0,solar,MD,DPL,Withdrawn,gen
AF2-361,2020-03-31,Mifflintown Tap 69 kV,56744.0,69.0,76.0,80.0,solar,PA,PPL,Under Construction,gen
AF2-362,2020-03-31,,,138.0,0.0,50.0,solar,VA,Dominion,Withdrawn,gen
AF2-363,2020-03-31,Cherry Valley-Glidden 138 kV,20803.0,138.0,100.0,81.4,solar,IL,ComEd,Withdrawn,gen
AF2-364,2020-03-31,Wayne Red 138 kV,16139.0,138.0,86.66666666666667,81.4,solar,IL,ComEd,Withdrawn,gen
AF2-365 - moved to TC1,2020-03-31,Munfordville KU Tap-Horse Cave Jct. 69 kV,56744.0,69.0,74.73684210526315,50.0,solar,KY,EKPC,Withdrawn,gen
AF2-366,2020-03-31,Crego Rd 138 kV,5372.0,138.0,66.66666666666667,94.9,solar,IL,ComEd,Engineering and Procurement,gen
AF2-367,2020-03-31,Neville 23 kV,1436.0,23.0,79.5,12.0,other,PA,DL,Withdrawn,gen
AF2-368,2020-03-31,Pine Creek 23 kV,31740.0,23.0,92.0,9.5,other,PA,DL,Withdrawn,gen
AF2-369,2020-03-31,Kirby 138 kV,39333.0,138.0,66.66666666666667,100.0,solar,OH,ATSI,Withdrawn,gen
AF2-370 - moved to TC1,2020-03-31,Delaware-Royerton 138 kV,13775.0,138.0,100.0,100.0,storage,IN,AEP,Withdrawn,battery
AF2-371,2020-03-31,Harrison-Good Hope 138 kV,32856.0,138.0,100.0,84.0,solar,OH,AEP,Engineering and Procurement,gen
AF2-372,2020-03-31,Black Branch 34.5 kV,23757.0,34.5,77.0,19.95,solar,VA,Dominion,Withdrawn,gen
AF2-373,2020-03-31,Mount Laurel 115 kV,29534.0,115.0,92.0,14.25,solar,VA,Dominion,Withdrawn,gen
AF2-374,2020-03-31,Woodland 34.5 kV,3207.0,34.5,92.0,20.0,solar,VA,Dominion,Withdrawn,gen
AF2-375,2020-03-31,Ebersole-Fostoria 138 kV,23238.0,138.0,100.0,129.6,solar,OH,AEP,Engineering and Procurement,gen
AF2-376 - moved to TC1,2020-03-31,Timber Switch 138 kV,45680.0,138.0,100.0,147.0,storage,OH,AEP,Engineering and Procurement,battery
AF2-377,2020-03-31,Logtown 138 kV,12825.0,138.0,70.58823529411764,50.0,storage,OH,AEP,Engineering and Procurement,battery
AF2-378,2020-03-31,Cambridge 12 kV,13114.0,12.0,92.0,2.65,hybrid,MD,DPL,Engineering and Procurement,gen
AF2-379,2020-04-01,Princess Anne 25 kV,6602.0,25.0,92.0,3.9,hybrid,MD,DPL,Under Construction,gen
AF2-380,2020-03-31,Karns City-Bear Creek 25 kV,13415.0,25.0,92.0,15.0,solar,PA,APS,Withdrawn,gen
AF2-381 - moved to TC1,2020-04-01,Bedford North-Central City West 115 kV,15166.0,115.0,93.33333333333333,60.0,solar,PA,PENELEC,Withdrawn,gen
AF2-382,2020-03-31,Hurley 69 kV,7937.0,69.0,100.0,75.0,solar,VA,AEP,Engineering and Procurement,gen
AF2-383,2020-03-31,Tolna 115 kV,15247.0,115.0,100.0,20.0,hybrid,PA,ME,Withdrawn,gen
AF2-384,2020-03-31,Brunot Island 138 kV,13572.0,138.0,100.0,20.0,hybrid,PA,DL,Withdrawn,gen
AF2-385,2020-03-31,Nelson 69 kV,16025.0,69.0,100.0,75.0,solar,DE,DPL,Withdrawn,gen
AF2-386,2020-03-31,Bryan 69 kV,33749.0,69.0,82.9090909090909,15.0,solar,OH,ATSI,Withdrawn,gen
AF2-387,2020-03-31,Hillsboro-Steele 138 kV,13098.0,138.0,100.0,100.0,solar,MD,DPL,Withdrawn,gen
AF2-388 - moved to TC1,2020-03-31,Keystone-Desoto 345 kV ,31985.0,345.0,92.0,200.0,wind,IN,OVEC,Engineering and Procurement,gen
AF2-389,2020-03-31,Kenzie Creek-Stone Lake 69 kV,16487.0,69.0,92.0,50.0,solar,MI,AEP,Withdrawn,gen
AF2-390,2020-03-31, Kenzie Creek138 kV,16487.0,138.0,100.0,100.0,solar,MI,AEP,Withdrawn,gen
AF2-391 - moved to TC1,2020-03-31,Central Hardin 69 kV,15671.0,69.0,100.0,120.0,hybrid,KY,EKPC,Withdrawn,gen
AF2-392 - moved to TC1,2020-03-31,Nelson-Dixon 138 kV,5149.0,138.0,100.0,199.0,wind,IL,ComEd,Withdrawn,gen
AF2-393 - moved to TC1,2020-03-31,Nelson-Dixon 138 kV,5149.0,138.0,100.0,259.0,storage,IL,ComEd,Withdrawn,battery
AF2-394 - moved to TC1,2020-03-31,Nelson-Dixon 138 kV,5149.0,138.0,100.0,299.0,storage,IL,ComEd,Withdrawn,battery
AF2-395,2020-03-31,Flatlick 765 kV,37862.0,765.0,100.0,1045.0,gas,OH,AEP,In Service,gen
AF2-396 - moved to TC1,2020-03-31,Stinger 138 kV,54961.0,138.0,75.33333333333334,200.0,hybrid,MI,AEP,Engineering and Procurement,gen
AF2-397 - moved to TC1,2020-04-01,Fork Union-Mt. Eagle 230 kV,38501.0,230.0,80.0,130.0,hybrid,VA,Dominion,Withdrawn,gen
AF2-398,2020-03-31,Necessity-Dinnerbell 12.47 kV,32294.0,47.0,92.0,3.0,solar,PA,APS,Withdrawn,gen
AF2-399,2020-03-31,Crewe 12.5 kV,7241.0,12.5,92.0,5.225,solar,VA,Dominion,Withdrawn,gen
AF2-400,2020-04-01,Franklin 13.2 kV,4560.0,13.2,92.0,7.13,solar,VA,Dominion,Withdrawn,gen
AF2-401,2020-03-31,Culpeper 34.5 kV,41579.0,34.5,63.42857142857143,9.27,solar,VA,Dominion,Withdrawn,gen
AF2-402,2020-03-31,Ivor-Oak Ridge 115 kV,31647.0,115.0,60.0,16.625,solar,VA,Dominion,Withdrawn,gen
AF2-403 - moved to TC1,2020-03-31,Shockoe DP-Chatham 69 kV,5853.0,69.0,83.0,60.0,storage,VA,Dominion,Withdrawn,battery
AF2-404 - moved to TC1,2020-03-31,Gladys DP-Stonemill 69 kV,44005.0,69.0,66.66666666666667,60.0,storage,VA,Dominion,Engineering and Procurement,battery
AF2-405,2020-03-31,East Sayre 34.5 kV III,13380.0,34.5,92.0,10.0,storage,PA,PENELEC,Withdrawn,battery
AF2-406 - moved to TC1,2020-03-31,Sayre 115 kV,13380.0,115.0,91.42857142857143,75.0,storage,PA,PENELEC,Withdrawn,battery
AF2-407 - moved to TC1,2020-03-31,Fall Creek 345 kV,36333.0,345.0,100.0,300.0,storage,IN,AEP,Withdrawn,battery
AF2-408,2020-03-31,Fall Creek 138 kV,36333.0,138.0,100.0,80.0,storage,IN,AEP,Engineering and Procurement,battery
AF2-409,2020-03-31,Vienna 138 kV,13111.0,138.0,100.0,100.0,storage,MD,DPL,Withdrawn,battery
AF2-410,2020-03-31,Vienna 18 kV,13111.0,18.0,92.0,10.0,storage,MD,DPL,Withdrawn,battery
AF2-411,2020-03-31,Mainesburg 345 kV,53679.0,345.0,100.0,300.0,storage,PA,PENELEC,Withdrawn,battery
AF2-412 - moved to TC1,2020-03-31,Mainesburg 115 kV,53679.0,115.0,92.0,100.0,storage,PA,PENELEC,Withdrawn,battery
AF2-413,2020-03-31,Raritan River 115 kV,5009.0,115.0,66.66666666666667,250.0,storage,NJ,JCPL,Engineering and Procurement,battery
AF2-414,2020-03-31,Bergen 345 kV,19042.0,345.0,100.0,300.0,storage,NJ,PSEG,Withdrawn,battery
AF2-415,2020-03-31,Bergen 138 kV,19042.0,138.0,100.0,150.0,storage,NJ,PSEG,Engineering and Procurement,battery
AF2-416,2020-04-01,Bergen 26 kV,19042.0,26.0,92.0,10.0,storage,NJ,PSEG,Withdrawn,battery
AF2-417,2020-03-31,West Damascus Tap-West Damascus 69 kV,53651.0,69.0,91.42857142857143,20.0,solar,PA,PPL,Engineering and Procurement,gen
AF2-418,2020-03-31,Millville Tap 69 kV,982.0,69.0,82.76923076923077,20.0,solar,PA,PPL,Withdrawn,gen
AF2-419,2020-03-31,Hunt Farm-Ballard 69 kV,42824.0,69.0,66.66666666666667,20.0,solar,KY,EKPC,Withdrawn,gen
AF2-420,2020-03-31,Hunt Farm-Ballard 69 kV,42824.0,69.0,66.66666666666667,20.0,solar,KY,EKPC,Withdrawn,gen
AF2-421,2020-04-01,East Hazelton-Weatherly Tap 69,12799.0,138.0,72.72727272727273,20.0,solar,PA,PPL,Engineering and Procurement,gen
AF2-422,2020-03-31,East Hazelton 12.47 kV,12799.0,47.0,56.0,20.0,solar,PA,PPL,Withdrawn,gen
AF2-423,2020-03-31,East Hazelton 12.47 kV,12799.0,47.0,56.0,20.0,solar,PA,PPL,Withdrawn,gen
AF2-424,2020-03-31,Reed-Reed Tap #1 69 kV,12606.0,69.0,92.0,20.0,solar,PA,PPL,Under Construction,gen
AF2-425,2020-03-31,Reed-Reed Tap#1 69 kV,12606.0,69.0,92.0,40.0,solar,PA,PPL,Under Construction,gen
AF2-426,2020-03-31,Bethelboro 12.47 kV,32289.0,47.0,85.07692307692308,1.17,hybrid,PA,APS,Withdrawn,gen
AF2-427,2020-03-31,Watson 12.47 kV,38421.0,47.0,58.66666666666667,3.0,hybrid,PA,PPL,Withdrawn,gen
AF2-428,2020-03-31,West Boyertown 13.2 kV,32747.0,13.2,82.9090909090909,3.0,hybrid,PA,ME,Withdrawn,gen
AF2-429,2020-03-31,South Hamburg 34.5 kV,44746.0,34.5,62.58823529411764,3.721,hybrid,PA,ME,Withdrawn,gen
AF2-430,2020-03-31,Moselem 13.2 kV,32258.0,13.2,77.71428571428572,3.0,hybrid,PA,ME,Withdrawn,gen
AF2-431,2020-03-31,Baldy 13.2 kV,42729.0,13.2,72.0,1.166,hybrid,PA,ME,Withdrawn,gen
AF2-432,2020-03-31,University 12.47 kV,32947.0,47.0,85.07692307692308,2.0,hybrid,PA,PPL,Withdrawn,gen
AF2-433,2020-03-31,Columbia-Geisinger Tap #1 69 kV,31870.0,69.0,100.0,20.0,solar,PA,PPL,Engineering and Procurement,gen
AF2-434,2020-03-31,Columbia-Geisinger Tap #1 69 kV,31870.0,69.0,100.0,40.0,solar,PA,PPL,Engineering and Procurement,gen
AF2-435,2020-03-31,Waugh Chapel 115 kV,31527.0,115.0,100.0,55.0,solar,MD,BGE,Withdrawn,gen
AF2-436,2020-03-31,Wyalusing 34.5 kV II,12621.0,34.5,58.66666666666667,21.4,gas,PA,PENELEC,In Service,gen
AF2-437,2020-03-31,Oxbow 34.5 kV III,13392.0,34.5,78.66666666666667,21.4,gas,PA,PENELEC,In Service,gen
AF2-438,2020-03-31,Heidleberg-Lavino 69 kV,15606.0,69.0,90.0,20.0,solar,PA,PPL,Withdrawn,gen
AF2-439,2020-03-31,Roxbury-Carlisle 115 kV,13241.0,115.0,100.0,50.0,solar,PA,PENELEC,Withdrawn,gen
AF2-440,2020-03-31,Hillsboro-Middleboro 138 kV,13098.0,138.0,100.0,50.0,solar,OH,AEP,Under Construction,gen
AF2-441 - moved to TC1,2020-03-31,Burnham 138kV,12029.0,138.0,100.0,200.0,storage,IL,ComEd,Engineering and Procurement,battery
AF2-442,2020-03-31,Vernon 115 kV,16667.0,115.0,92.0,84.0,other,NJ,JCPL,Withdrawn,gen
AF2-443,2020-03-31,Vernon 115 kV,16667.0,115.0,92.0,84.0,other,NJ,JCPL,Withdrawn,gen
AF2-444,2020-03-31,Reed-Reed Tap #2 69 kV,12606.0,69.0,92.0,19.8,solar,PA,PPL,Withdrawn,gen
AF2-445A,2020-04-01,Fishbach-Port Carbon 69 kV,15249.0,69.0,100.0,19.8,solar,PA,PPL,Withdrawn,gen
AG1-001,2020-04-03,US Silica-Unimin 69 kV,38971.0,69.0,52.0,31.0,solar,NJ,AEC,Withdrawn,gen
AG1-002,2020-04-16,Kennywood 23 kV,42930.0,23.0,79.5,5.25,other,PA,DL,Withdrawn,gen
AG1-003,2020-04-20,Marysville-Sorenson 765 kV,38712.0,765.0,100.0,900.0,hybrid,OH,AEP,Withdrawn,gen
AG1-004,2020-04-20,Marysville-Sorenson 765 kV,38712.0,765.0,100.0,1100.0,storage,OH,AEP,Withdrawn,battery
AG1-005 - moved to TC1,2020-04-29,Corbin-Crescent Ridge 138 kV,31684.0,138.0,66.66666666666667,200.0,solar,IL,ComEd,Withdrawn,gen
AG1-006,2020-04-29,Jay 138 kV,13835.0,138.0,100.0,100.0,solar,IN,AEP,Withdrawn,gen
AG1-007,2020-05-01,Tar River 12.5 kV,29211.0,12.5,72.0,9.4,solar,NC,Dominion,Withdrawn,gen
AG1-008 - moved to TC1,2020-05-01,Tunis-Mapleton 115 kV,38637.0,115.0,72.72727272727273,126.0,solar,NC,Dominion,Withdrawn,gen
AG1-009,2020-05-04,Hopewell-Surry 230kV,19035.0,230.0,100.0,150.0,storage,VA,Dominion,Withdrawn,battery
AG1-010,2020-05-05,Ladysmith-CT-St. Johns 230 kV,7610.0,230.0,100.0,180.0,storage,VA,Dominion,Withdrawn,battery
AG1-011 - moved to TC1,2020-05-08,Colonial Trail 230 kV,6256.0,230.0,79.14285714285714,160.0,storage,VA,Dominion,Withdrawn,battery
AG1-012,2020-05-08,Meadow Brook-Strasburg 138 kV II,7686.0,138.0,100.0,75.0,hybrid,VA,APS,Withdrawn,gen
AG1-013,2020-05-08,Ladysmith CT-St. Johns 230 kV,31619.0,230.0,100.0,120.0,storage,VA,Dominion,Withdrawn,battery
AG1-014,2020-05-08,Carson-Rogers Rd 500 kV,33483.0,500.0,100.0,500.0,storage,VA,Dominion,Withdrawn,battery
AG1-015,2020-05-08,Carson-Rogers Rd 500 kV,33483.0,500.0,100.0,400.0,storage,VA,Dominion,Withdrawn,battery
AG1-016,2020-05-08,Flanders 12.5 kV,14648.0,12.5,67.0,15.0,solar,NJ,JCPL,Withdrawn,gen
AG1-017,2020-05-06,Jay 138 kV,13835.0,138.0,100.0,142.64,wind,IN,AEP,In Service,gen
AG1-018,2020-05-12,Nipetown-Reid 138 kV,32802.0,138.0,100.0,32.0,solar,MD,APS,Withdrawn,gen
AG1-019 - moved to TC1,2020-05-20,Arnold's Corner-Dahlgren 230 kV,40034.0,230.0,74.0,200.0,storage,VA,Dominion,Withdrawn,battery
AG1-020,2020-05-20,New Road 230 kV,41810.0,230.0,100.0,400.0,storage,VA,Dominion,Withdrawn,battery
AG1-021 - moved to TC1,2020-05-26,Jetersville-Ponton 115 kV,33279.0,115.0,100.0,86.0,solar,VA,Dominion,Engineering and Procurement,gen
AG1-022 - moved to TC1,2020-05-26,Scottsville-Colleen 138 kV,38703.0,138.0,92.0,95.0,solar,VA,AEP,Withdrawn,gen
AG1-023,2020-05-26,North Anna-Louisa 230 kV,7393.0,230.0,100.0,75.0,solar,VA,Dominion,Withdrawn,gen
AG1-024,2020-06-01,Centerburg 138 kV,14731.0,138.0,80.0,235.0,solar,OH,AEP,Engineering and Procurement,gen
AG1-025,2020-06-02,Southwest Lima-West Moulton 138 kV,26860.0,138.0,100.0,117.0,solar,OH,AEP,Withdrawn,gen
AG1-027,2020-06-08,Suffolk-Holland 115 kV,32305.0,115.0,100.0,127.5,solar,VA,Dominion,Withdrawn,gen
AG1-028,2020-06-08,Suffolk-Holland 115 kV,32305.0,115.0,100.0,127.5,storage,VA,Dominion,Withdrawn,battery
AG1-029,2020-06-10,Weirton Solar 24 kV,19261.0,24.0,58.66666666666667,30.0,solar,WV,APS,Withdrawn,gen
AG1-030 - moved to TC1,2020-06-09,Victoria DP-Martin DP 115 kV,31653.0,115.0,60.0,150.0,solar,VA,Dominion,Withdrawn,gen
AG1-031,2020-06-10,Elk Run D.P.-Gainesville 230 kV,7685.0,230.0,81.0909090909091,90.0,solar,VA,Dominion,Withdrawn,gen
AG1-032,2020-06-11,Lightfoot 34.5 kV,33178.0,34.5,92.0,20.0,solar,VA,Dominion,Withdrawn,gen
AG1-033,2020-06-12,Scalp Level 23 kV,13235.0,23.0,92.0,5.0,solar,PA,PENELEC,Withdrawn,gen
AG1-034,2020-06-12,Centerburg 138 kV,14731.0,138.0,80.0,362.5,solar,OH,AEP,Engineering and Procurement,gen
AG1-035,2020-06-16,Ahoskie 34.5 kV,12359.0,34.5,63.42857142857143,10.0,solar,NC,Dominion,Withdrawn,gen
AG1-036,2020-06-16,Tunis 34.5 kV,38637.0,34.5,64.72727272727273,13.5,solar,NC,Dominion,Withdrawn,gen
AG1-037,2020-06-16,Ahoskie 34.5 kV,12359.0,34.5,63.42857142857143,5.0,hybrid,NC,Dominion,Withdrawn,gen
AG1-038,2020-06-16,Garner DP-Lancaster 115 kV,7446.0,115.0,100.0,176.0,solar,VA,Dominion,Engineering and Procurement,gen
AG1-039,2020-06-18,Galion 138 kV II,5092.0,138.0,100.0,144.0,solar,OH,ATSI,Under Construction,gen
AG1-040,2020-06-20,Morgan Street-Mount Hope 34.5 kV,13325.0,34.5,92.0,20.0,solar,PA,PENELEC,Under Construction,gen
AG1-041,2020-06-25,Osterburg-Bedford North 23 kV,13905.0,23.0,86.54545454545455,12.0,solar,PA,PENELEC,Withdrawn,gen
AG1-042,2020-06-26,Hayden 345 kV,37616.0,345.0,100.0,100.0,solar,OH,AEP,Withdrawn,gen
AG1-043,2020-06-26,Sowego 115 kV,31668.0,115.0,90.0,60.0,solar,VA,Dominion,Withdrawn,gen
AG1-044,2020-07-01,Whiteside County,20876.0,138.0,86.875,0.5,storage,IL,ComEd,In Service,battery
AG1-045,2020-07-03,Redbud-Gaylord 34.5 kV,32782.0,34.5,92.0,30.0,solar,VA,APS,Suspended,gen
AG1-046,2020-07-09,Freeport 138 kV,34361.0,138.0,92.0,,other,,ComEd,Withdrawn,gen
AG1-047,2020-07-13,Jay 138 kV,13835.0,138.0,100.0,100.0,solar,IN,AEP,Engineering and Procurement,gen
AG1-048,2020-07-17,Jetersville-Ponton 115 kV,33279.0,115.0,100.0,106.25,solar,VA,Dominion,Withdrawn,gen
AG1-049,2020-07-17,College Corner 138 kV,13782.0,138.0,100.0,80.0,solar,OH,AEP,Withdrawn,gen
AG1-050,2020-07-17,Milton 69 kV,955.0,69.0,100.0,90.0,storage,PA,PPL,Withdrawn,battery
AG1-051 - moved to TC1,2020-07-18,Maysville 69 kV III,38712.0,69.0,86.73684210526316,70.0,storage,PA,ATSI,Withdrawn,battery
AG1-052,2020-07-17,Zionsview-Middletown 115 kV II,14679.0,115.0,94.73684210526316,99.6,storage,PA,ME,Withdrawn,battery
AG1-053,2020-07-17,Jackson-Three Mile Island 230 kV III,3208.0,230.0,100.0,95.0,storage,PA,ME,Withdrawn,battery
AG1-054,2020-07-21,Potter-Harlan 69 kV,15787.0,69.0,90.9090909090909,40.0,solar,PA,ATSI,Under Construction,gen
AG1-055,2020-07-22,Bergen 230 kV,19042.0,230.0,100.0,0.0,other,NJ,PSEG,Withdrawn,gen
AG1-056,2020-07-22,Stryker-Ridgeville 138 kV,5994.0,138.0,100.0,202.0,solar,OH,ATSI,Withdrawn,gen
AG1-057,2020-07-27,Harmony Village 230 kV,7427.0,230.0,100.0,100.0,storage,VA,Dominion,Withdrawn,battery
AG1-058,2020-07-27,,,138.0,0.0,100.0,solar,VA,Dominion,Withdrawn,gen
AG1-059,2020-07-29,Robbins 138 kV,4708.0,138.0,85.71428571428572,100.0,solar,PA,APS,Withdrawn,gen
AG1-060 - moved to TC1,2020-07-29,Eldred 69 kV,50469.0,69.0,88.0,174.8,solar,PA,PPL,Withdrawn,gen
AG1-061 - moved to TC1,2020-07-29,Laurel-Sharptown 69 kV,16031.0,69.0,100.0,109.3,solar,DE,DPL,Withdrawn,gen
AG1-062,2020-07-30,Flanders-Pohatcong Mountain 34.5 kV,14648.0,34.5,67.0,15.0,solar,NJ,JCPL,Withdrawn,gen
AG1-063,2020-07-31,"Fairhaven 13,8 kV",13315.0,138.0,63.63636363636363,2.5,storage,MD,BGE,In Service,battery
AG1-064,2020-07-30,Plaza 34.5 kV,31614.0,34.5,92.0,19.1,storage,VA,Dominion,Withdrawn,battery
AG1-065,2020-07-30,Plaza 34.5 kV,31614.0,34.5,92.0,19.1,storage,VA,Dominion,Withdrawn,battery
AG1-066,2020-07-30,Bonnyman 69 kV,13107.0,69.0,71.42857142857143,80.0,solar,KY,AEP,Engineering and Procurement,gen
AG1-067,2020-07-30,Temple Hill 69 kV,13620.0,69.0,74.38095238095238,38.0,solar,KY,EKPC,Withdrawn,gen
AG1-068,2020-07-30,London-Tangy 69 kV,5137.0,69.0,100.0,49.9,solar,OH,ATSI,Withdrawn,gen
AG1-069,2020-07-30,,,138.0,0.0,150.0,storage,VA,APS,Withdrawn,battery
AG1-070 - moved to TC1,2020-07-30,Bon Ayr 69 kV,13897.0,69.0,77.71428571428572,45.0,solar,KY,EKPC,Withdrawn,gen
AG1-071 - moved to TC1,2020-07-30,Bon Ayr 69 kV,13897.0,69.0,77.71428571428572,100.0,solar,KY,EKPC,Withdrawn,gen
AG1-072,2020-07-30,Hillsboro-Steele 138 kV II,13098.0,138.0,100.0,50.0,storage,MD,DPL,Withdrawn,battery
AG1-073,2020-07-31,St. Johns 115 kV,33103.0,115.0,100.0,20.0,solar,VA,Dominion,Withdrawn,gen
AG1-074,2020-07-31,St. Johns 115 kV,33103.0,115.0,100.0,20.0,solar,VA,Dominion,Withdrawn,gen
AG1-075 - moved to TC1,2020-07-31,Purdy-Sapony 115 kV,31871.0,115.0,61.53846153846154,150.0,solar,VA,Dominion,Withdrawn,gen
AG1-076,2020-07-31,Fostoria Central 138 kV,23237.0,138.0,100.0,205.0,solar,OH,AEP,Pending Termination,gen
AG1-077,2020-07-31,Allegheny Tunnel 23 kV,29576.0,23.0,73.25,3.7,hybrid,KY,PENELEC,Withdrawn,gen
AG1-078,2020-07-31,,,138.0,0.0,60.0,hybrid,MD,APS,Withdrawn,gen
AG1-079,2020-07-31,New Meredith 69 kV,46340.0,69.0,90.0,1.5,solar,DE,DPL,Withdrawn,gen
AG1-080,2020-08-01,Delair-Locust Street 69 kV,15370.0,69.0,72.72727272727273,19.9,solar,NJ,PSEG,Withdrawn,gen
AG1-081,2020-07-31,Poolesville 34.5 kV,5757.0,34.5,92.0,20.0,solar,VA,Dominion,Withdrawn,gen
AG1-082 - moved to TC1,2020-07-31,Ahoskie 34.5 kV,12359.0,34.5,63.42857142857143,20.0,hybrid,NC,Dominion,Withdrawn,gen
AG1-083 - moved to TC1,2020-07-31,Ahoskie 34.5 kV,12359.0,34.5,63.42857142857143,20.0,hybrid,NC,Dominion,Withdrawn,gen
AG1-084,2020-07-31,Earlys 34.5 kV,3185.0,34.5,84.3076923076923,17.5,hybrid,NC,Dominion,Withdrawn,gen
AG1-085,2020-07-31,Earlys 34.5,3185.0,138.0,66.66666666666667,17.5,hybrid,NC,Dominion,Withdrawn,gen
AG1-086,2020-07-31,Findlay 23 kV,13557.0,23.0,92.0,17.5,hybrid,PA,DL,Withdrawn,gen
AG1-087,2020-07-31,Milford-Cartanza 230 kV,16007.0,230.0,100.0,440.0,wind,DE,DPL,Withdrawn,gen
AG1-088,2020-07-31,Carll's Corner-Sherman Ave 69 kV,19719.0,69.0,96.2962962962963,49.7,storage,NJ,AEC,Withdrawn,battery
AG1-089,2020-07-31,Grandview-Clifftop 138 kV,13349.0,138.0,92.0,120.0,storage,WV,AEP,Withdrawn,battery
AG1-090 - moved to TC1,2020-08-01,Philipsburg 115 kV,14704.0,115.0,100.0,95.0,hybrid,PA,PENELEC,Engineering and Procurement,gen
AG1-091,2020-07-31,Hickman-River Bend 69 kV,20864.0,69.0,71.42857142857143,50.0,solar,VA,AEP,Withdrawn,gen
AG1-092,2020-07-31,Hickman-River Bend 69 kV,20864.0,69.0,71.42857142857143,50.0,storage,VA,AEP,Withdrawn,battery
AG1-093,2020-07-31,Halifax-Chase City 115 kV,32179.0,115.0,100.0,120.0,hybrid,VA,Dominion,Withdrawn,gen
AG1-094,2020-08-07,Burches Hill 230 kV,31456.0,230.0,100.0,265.3,gas,MD,PEPCO,Withdrawn,gen
AG1-095,2020-08-14,General Office-Rustoleum 34.5 kV,21598.0,34.5,58.66666666666667,16.0,solar,MD,APS,Withdrawn,gen
AG1-096,2020-08-15,Rineyville 69 kV,1436.0,69.0,84.21052631578947,55.0,hybrid,KY,EKPC,Withdrawn,gen
AG1-097,2020-08-17,Old Chapel-Millville 138 kV,32780.0,138.0,100.0,92.5,solar,WV,APS,Withdrawn,gen
AG1-098 - moved to TC1,2020-08-18,Briery-Clover 230 kV,26634.0,230.0,66.66666666666667,107.0,solar,VA,Dominion,Withdrawn,gen
AG1-099,2020-08-19,Westernport 34.5 kV,13087.0,34.5,76.21052631578947,20.0,hybrid,MD,APS,Withdrawn,gen
AG1-100,2020-08-18,Venango-Saegertown 34.5 kV,13322.0,34.5,81.0909090909091,20.0,solar,PA,PENELEC,Engineering and Procurement,gen
AG1-101,2020-08-20,Oakland-Gorman 69 kV,6146.0,69.0,92.0,20.0,solar,MD,APS,Withdrawn,gen
AG1-102,2020-08-21,White Marsh 34.5 kV,4481.0,34.5,65.6842105263158,19.0,storage,VA,Dominion,Withdrawn,battery
AG1-103,2020-08-24,Clayton-Williamstown 69 kV,48585.0,69.0,100.0,44.0,storage,NJ,AEC,Withdrawn,battery
AG1-104,2020-08-25,Waugh Chapel 230 kV,31527.0,230.0,100.0,300.0,storage,MD,BGE,Withdrawn,battery
AG1-105 - moved to TC1,2020-08-27,Mount Laurel-Barnes Junction 115 kV,29534.0,115.0,92.0,90.0,solar,VA,Dominion,Under Construction,gen
AG1-106 - moved to TC1,2020-08-28,Thelma 230 kV,3221.0,230.0,100.0,143.0,solar,NC,Dominion,Withdrawn,gen
AG1-107,2020-08-31,Hillsboro-Middleboro 138 kV,13098.0,138.0,100.0,200.0,solar,OH,AEP,Under Construction,gen
AG1-108,2020-08-31,Larrabee 230 kV,26786.0,230.0,100.0,50.0,storage,NJ,JCPL,Withdrawn,battery
AG1-109 - moved to TC1,2020-08-31,Valley 138 kV,16471.0,138.0,100.0,50.0,storage,MI,AEP,Engineering and Procurement,battery
AG1-110,2020-08-31,Silver Lake 69 kV,20806.0,69.0,92.0,40.0,storage,NJ,AEC,Withdrawn,battery
AG1-111,2020-08-31,Churchtown 69 kV,21702.0,69.0,92.0,20.0,storage,NJ,AEC,Withdrawn,battery
AG1-112,2020-08-31,William 138 kV,19521.0,138.0,92.0,66.0,storage,WV,APS,Withdrawn,battery
AG1-113,2020-08-31,Somerset Windpower 22.86 kV,7415.0,86.0,73.42857142857143,9.0,storage,PA,PENELEC,Withdrawn,battery
AG1-114,2020-08-31,Meyersdale North 115 kV,16040.0,115.0,64.5,30.0,storage,PA,PENELEC,Withdrawn,battery
AG1-115,2020-08-31,Buxmont 69 kV,29924.0,69.0,100.0,200.0,storage,PA,PPL,Withdrawn,battery
AG1-116,2020-08-31,Newport-South Millville 69 kV,4491.0,69.0,92.0,59.7,storage,NJ,AEC,Withdrawn,battery
AG1-117,2020-08-31,Churchtown-Upper Pittsgrove 138 kV,21702.0,138.0,92.0,149.3,storage,NJ,AEC,Withdrawn,battery
AG1-118 - moved to TC1,2020-08-31,Sugar Grove-Waterman 138kV,36176.0,138.0,100.0,300.0,solar,IL,ComEd,Engineering and Procurement,gen
AG1-119 - moved to TC1,2020-08-31,Wayne-Byron 345 kV,16139.0,345.0,100.0,300.0,solar,IL,ComEd,Withdrawn,gen
AG1-120 - moved to TC1,2020-08-31,Glidden-Cherry Valley 138 kV,19239.0,138.0,68.92307692307692,118.6,solar,IL,ComEd,Withdrawn,gen
AG1-121 - moved to TC1,2020-08-31,Kewanee-Streator 138 kV,12052.0,138.0,93.33333333333333,294.7,wind,IL,ComEd,Withdrawn,gen
AG1-122,2020-08-31,London-National 138 kV,4534.0,138.0,100.0,70.0,solar,OH,ATSI,Withdrawn,gen
AG1-123 - moved to TC1,2020-08-31,Amherst 69 kV,11464.0,69.0,92.0,65.0,solar,VA,AEP,Withdrawn,gen
AG1-124 - moved to TC1,2020-08-31,Riverville - Gladstone 138 kV ,32183.0,138.0,100.0,90.0,solar,VA,AEP,Engineering and Procurement,gen
AG1-125,2020-08-31,Marysville-Flatlick 765 kV,38712.0,765.0,100.0,400.0,solar,OH,AEP,Engineering and Procurement,gen
AG1-126,2020-08-31,Marysville-Flatlick 765 kV,38712.0,765.0,100.0,800.0,solar,OH,AEP,Engineering and Procurement,gen
AG1-127 - moved to TC1,2020-08-31,Crego Rd 138 kV,5372.0,138.0,66.66666666666667,190.0,solar,IL,ComEd,Engineering and Procurement,gen
AG1-128,2020-08-31,Shady Oaks 138 kV,45102.0,138.0,85.0,294.2,wind,IL,ComEd,Withdrawn,gen
AG1-129,2020-08-31,US Silica - Unimin 69 kV,38971.0,69.0,52.0,51.0,solar,NJ,AEC,Withdrawn,gen
AG1-130,2020-09-01,Burlington 26 kV,19326.0,26.0,92.0,5.0,storage,NJ,PSEG,Engineering and Procurement,battery
AG1-131,2020-09-02,Edinburg 115 kV,31882.0,115.0,92.0,25.6,solar,VA,Dominion,Withdrawn,gen
AG1-132,2020-09-02,Tait 69 kV,5126.0,69.0,75.0,606.0,gas,OH,Dayton,Withdrawn,gen
AG1-133 - moved to TC1,2020-09-02,North Anna-Ladysmith 500 kV,33142.0,500.0,100.0,128.0,solar,VA,Dominion,Withdrawn,gen
AG1-134 - moved to TC1,2020-09-02,Kings Dominion DP 115 kV,33129.0,115.0,94.70588235294117,100.0,solar,VA,Dominion,Withdrawn,gen
AG1-135 - moved to TC1,2020-09-03,Garner-Lancaster 115 kV,7446.0,115.0,90.0,60.0,solar,VA,Dominion,Partially in Service - Under Construction,gen
AG1-136,2020-09-03,Cloverdale-Burlington Height 138 kV,32584.0,138.0,100.0,100.0,storage,VA,AEP,Withdrawn,battery
AG1-137,2020-09-03,Harrisonburg 230 kV,11605.0,230.0,100.0,100.0,storage,VA,Dominion,Withdrawn,battery
AG1-138,2020-09-04,Wolfs Corners 34.5 kV,12918.0,34.5,65.16239316239316,25.0,solar,PA,PENELEC,Withdrawn,gen
AG1-139,2020-09-04,Clark Summit-Emlenton 34.5 kV,13350.0,34.5,92.0,25.0,solar,PA,PENELEC,Withdrawn,gen
AG1-140,2020-09-03,Union City 34.5 kV,34635.0,34.5,92.0,2.62,solar,PA,PENELEC,Suspended,gen
AG1-141,2020-09-03,Hempfield 12.47 kV,13256.0,47.0,84.5,5.0,solar,PA,APS,Withdrawn,gen
AG1-142,2020-09-04,Bethelboro 12.47 kV,32289.0,47.0,85.07692307692308,2.5,solar,PA,APS,Withdrawn,gen
AG1-143,2020-09-04,Gainesville-Loudoun 230 kV,31656.0,230.0,100.0,200.0,storage,VA,Dominion,Withdrawn,battery
AG1-144,2020-09-04,Phillipsburg 34.5 kV,14704.0,34.5,87.65217391304348,20.0,solar,PA,PENELEC,Withdrawn,gen
AG1-145,2020-09-10,Lightfoot 34.5 kV,33178.0,34.5,92.0,20.0,solar,VA,Dominion,In Service,gen
AG1-146 - moved to TC1,2020-09-09,Garner DP-Lancaster 115 kV,7446.0,115.0,100.0,30.0,solar,VA,Dominion,Withdrawn,gen
AG1-147 - moved to TC1,2020-09-09,Garner DP-Lancaster 115 kV,7446.0,115.0,100.0,100.0,solar,VA,Dominion,Withdrawn,gen
AG1-148,2020-09-12,McCarter 26.4 kV,3165.0,26.4,72.0,5.0,gas,NJ,PSEG,In Service,gen
AG1-149,2020-09-09,Kingston 12 kV II,6627.0,12.0,92.0,11.0,storage,MD,DPL,Withdrawn,battery
AG1-150,2020-09-09,Wattsville 69 kV II,29899.0,69.0,100.0,80.0,storage,VA,DPL,Withdrawn,battery
AG1-151 - moved to TC1,2020-09-10,Endless Caverns 115 kV,32186.0,115.0,61.53846153846154,300.0,storage,VA,Dominion,Withdrawn,battery
AG1-152,2020-09-10,Remington CT 230 kV,33148.0,230.0,100.0,100.0,storage,VA,Dominion,Engineering and Procurement,battery
AG1-153 - moved to TC1,2020-09-10,Heritage 500 kV,33355.0,500.0,86.11764705882352,75.0,storage,VA,Dominion,Under Construction,battery
AG1-154 - moved to TC1,2020-09-10,Ladysmith CT 230 kV,31619.0,230.0,100.0,50.0,storage,VA,Dominion,Withdrawn,battery
AG1-155,2020-09-10,Cloverdale 34.5 kV,32584.0,34.5,92.0,20.0,storage,VA,AEP,Withdrawn,battery
AG1-156,2020-09-10,Jack Frost-Lake Harmony 69 kV,31759.0,69.0,100.0,60.0,solar,PA,PPL,Engineering and Procurement,gen
AG1-157,2020-09-11,Macungie-Emmaus Tie 69 kV,864.0,69.0,66.66666666666667,7.37,solar,PA,PPL,Withdrawn,gen
AG1-158,2020-09-11,Middletown 34.5 kV,17794.0,34.5,92.0,16.0,solar,PA,PECO,Withdrawn,gen
AG1-159,2020-09-11,Cox-Whitakers 115 kV,32043.0,115.0,72.0,80.0,storage,NC,Dominion,Withdrawn,battery
AG1-160 - moved to TC1,2020-09-11,Rogers Road 500 kV,14056.0,500.0,76.21052631578947,75.0,storage,VA,Dominion,Withdrawn,battery
AG1-161,2020-09-14,Conesville 138 kV,39039.0,138.0,100.0,58.9,solar,OH,AEP,Withdrawn,gen
AG1-162,2020-09-14,Sporn 138 kV,16084.0,138.0,100.0,27.4,solar,WV,AEP,Withdrawn,gen
AG1-163,2020-09-14,West Millersport 138 kV,39576.0,138.0,100.0,100.0,solar,OH,AEP,Withdrawn,gen
AG1-164,2020-09-16,East Hazelton-Weatherly Tap 69 kV,13446.0,69.0,66.66666666666667,40.0,solar,PA,PPL,Engineering and Procurement,gen
AG1-165,2020-09-17,East Hazelton-Weatherly Tap 69 kV,13446.0,69.0,66.66666666666667,60.0,solar,PA,PPL,Engineering and Procurement,gen
AG1-166 - moved to TC1,2020-09-16,Lone Pine 115 kV,13485.0,115.0,75.33333333333333,20.0,solar,VA,Dominion,Withdrawn,gen
AG1-167 - moved to TC1,2020-09-16,Lone Pine 115 kV,13485.0,115.0,75.33333333333333,35.0,solar,VA,Dominion,Withdrawn,gen
AG1-168 - moved to TC1,2020-09-16,Lone Pine 115 kV,13485.0,115.0,75.33333333333333,50.0,solar,VA,Dominion,Withdrawn,gen
AG1-169 - moved to TC1,2020-09-16,Lone Pine 115 kV,13485.0,115.0,75.33333333333333,15.0,solar,VA,Dominion,Withdrawn,gen
AG1-170 - moved to TC1,2020-09-16,Lone Pine 115 kV,13485.0,115.0,75.33333333333333,10.0,solar,VA,Dominion,Withdrawn,gen
AG1-171,2020-09-16,Hopewell-Surry 230kV,19035.0,230.0,100.0,20.0,solar,VA,Dominion,Withdrawn,gen
AG1-172,2020-09-16,Hopewell-Surry 230 kV,19035.0,230.0,100.0,20.0,solar,VA,Dominion,Withdrawn,gen
AG1-173,2020-09-16,Hopewell-Surry 230 kV,19035.0,230.0,100.0,20.0,solar,VA,Dominion,Withdrawn,gen
AG1-174 - moved to TC1,2020-09-16,Hopewell-Surry 230 kV,19035.0,230.0,100.0,20.0,solar,VA,Dominion,Withdrawn,gen
AG1-175,2020-09-16,Hopewell-Surry 230 kV,19035.0,230.0,100.0,20.0,solar,VA,Dominion,Withdrawn,gen
AG1-176,2020-09-16,Briery-Clover 230 kV,26634.0,230.0,66.66666666666667,149.5,solar,VA,Dominion,Withdrawn,gen
AG1-177,2020-09-17,Union City 34.5 kV,34635.0,34.5,92.0,20.0,solar,PA,PENELEC,Withdrawn,gen
AG1-178 - moved to TC1,2020-09-17,Carson-Suffolk 500 kV,33483.0,500.0,100.0,500.0,solar,VA,Dominion,Withdrawn,gen
AG1-179 - moved to TC1,2020-09-17,Brunswick-Gasburg 69 kV,29513.0,69.0,92.0,50.0,solar,VA,Dominion,Withdrawn,gen
AG1-180 - moved to TC1,2020-09-17,Brunswick-Gasburg 69 kV,29513.0,69.0,92.0,50.0,storage,VA,Dominion,Withdrawn,battery
AG1-181 - moved to TC1,2020-09-17,Pamplin-Chase City 115 kV,7417.0,115.0,100.0,150.0,solar,VA,Dominion,Withdrawn,gen
AG1-182,2020-09-17,Millville-Old Chapel 138 kV,982.0,138.0,100.0,100.0,solar,VA,APS,Withdrawn,gen
AG1-183,2020-09-17,St. Johns DP-REC 115 kV,33104.0,115.0,100.0,50.0,solar,VA,Dominion,Withdrawn,gen
AG1-184 - moved to TC1,2020-09-17,Carson-Suffolk 500 kV,33483.0,500.0,100.0,500.0,storage,VA,Dominion,Withdrawn,battery
AG1-185 - moved to TC1,2020-09-17,Pamplin-Chase City 115 kV,7417.0,115.0,100.0,150.0,storage,VA,Dominion,Withdrawn,battery
AG1-186,2020-09-17,Millville-Old Chapel 138 kV,982.0,138.0,100.0,100.0,storage,VA,APS,Withdrawn,battery
AG1-187,2020-09-17,St. Johns DP-REC 115 kV,33104.0,115.0,100.0,50.0,storage,VA,Dominion,Withdrawn,battery
AG1-188,2020-09-17,Manitou-Oyster Creek 34.5 kV,26746.0,34.5,85.33333333333333,19.8,solar,NJ,JCPL,Pending Termination,gen
AG1-189,2020-09-17,Oyster Creek-Bamber Lake 34.5,26767.0,138.0,100.0,12.0,solar,NJ,JCPL,Pending Termination,gen
AG1-190,2020-09-17,Burlington 26 kV,19326.0,26.0,92.0,13.2,solar,NJ,PSEG,Withdrawn,gen
AG1-191,2020-09-17,Chester-Pohatcong Mountain 34.5 kV,29192.0,34.5,92.0,15.4,solar,NJ,JCPL,In Service,gen
AG1-192,2020-09-17,Perry-Stoneboro 69 kV,6618.0,69.0,92.0,20.0,solar,PA,ATSI,Withdrawn,gen
AG1-193,2020-09-18,Utica Junction 34.5 kV,13352.0,34.5,92.0,10.0,solar,PA,PENELEC,Withdrawn,gen
AG1-194 - moved to TC1,2020-09-18,Nuttall 138 kV,36377.0,138.0,58.66666666666667,79.0,hybrid,WV,AEP,Withdrawn,gen
AG1-195 - moved to TC1,2020-09-18,Valley 230 kV,32920.0,230.0,100.0,150.0,hybrid,VA,Dominion,Withdrawn,gen
AG1-196 - moved to TC1,2020-09-18,Grottoes 115 kV,32645.0,115.0,100.0,150.0,hybrid,VA,Dominion,Withdrawn,gen
AG1-197,2020-09-19,Morgan Street-Cochranton 34.5 kV,13325.0,34.5,92.0,15.0,solar,PA,PENELEC,Suspended,gen
AG1-198,2020-09-18,Union City 34.5 kV,34635.0,34.5,92.0,12.0,solar,PA,PENELEC,In Service,gen
AG1-199 - moved to TC1,2020-09-18,Allen Junction 345 kV,5038.0,345.0,100.0,300.0,storage,OH,ATSI,Withdrawn,battery
AG1-200,2020-09-21,Kingsland 13 kV,6831.0,13.0,92.0,3.984,solar,NJ,PSEG,Withdrawn,gen
AG1-201,2020-09-22,Hadley 12.47 kV,36908.0,47.0,62.5,10.0,solar,PA,ATSI,Withdrawn,gen
AG1-202,2020-09-22,Springboro 12.47 kV,13148.0,47.0,74.95652173913044,10.0,solar,PA,PENELEC,Withdrawn,gen
AG1-203,2020-09-22,Reels Corner 23 kV,40034.0,23.0,77.0,10.0,solar,PA,PENELEC,Withdrawn,gen
AG1-204,2020-09-22,West Berwick 12.47 kV,32016.0,47.0,84.5,10.0,solar,PA,PPL,Withdrawn,gen
AG1-205,2020-09-22,Rockwood 23 kV,14226.0,23.0,92.0,10.0,solar,PA,PENELEC,Withdrawn,gen
AG1-206,2020-09-22,Snyder Twp 34.5 kV,5249.0,34.5,52.0,10.0,solar,PA,PENELEC,Withdrawn,gen
AG1-207,2020-09-22,Vandalia 69 kV,38024.0,69.0,62.5,85.0,storage,OH,Dayton,Engineering and Procurement,battery
AG1-208,2020-09-22,Sideview-Mt Sterling 69 kV,12941.0,69.0,74.35294117647058,35.0,solar,KY,EKPC,Withdrawn,gen
AG1-209,2020-09-22,Gretna 12.5 kV,14776.0,12.5,72.0,7.0,storage,VA,Dominion,Withdrawn,battery
AG1-210,2020-09-23,Northern Neck 34.5 kV,33192.0,34.5,92.0,10.0,storage,VA,Dominion,Withdrawn,battery
AG1-211,2020-09-22,,,138.0,0.0,15.0,storage,VA,Dominion,Withdrawn,battery
AG1-212,2020-09-22,,,138.0,0.0,7.0,storage,VA,Dominion,Withdrawn,battery
AG1-213,2020-09-23,St Johns 13.2 kV,13421.0,13.2,92.0,10.0,storage,VA,Dominion,Withdrawn,battery
AG1-214,2020-09-22,Grottoes 12.5 kV,32645.0,12.5,92.0,19.0,storage,VA,Dominion,Withdrawn,battery
AG1-215,2020-09-22,Fort Pickett 13.2 kV,37278.0,13.2,54.5,14.0,storage,VA,Dominion,Withdrawn,battery
AG1-217,2020-09-22,Cent Hardin-Kargle 69 kV Upgrade,15671.0,69.0,88.0,,other,KY,EKPC,Withdrawn,gen
AG1-218,2020-09-23,Marysville-Tangy 345 kV,38712.0,345.0,100.0,250.0,solar,OH,AEP,Withdrawn,gen
AG1-219 - moved to TC1,2020-09-23,Layland 69 kV,876.0,69.0,100.0,75.0,hybrid,WV,AEP,Withdrawn,gen
AG1-220,2020-09-23,West Dekalb 138 kV,16019.0,138.0,73.75,150.0,solar,IL,ComEd,Withdrawn,gen
AG1-221,2020-09-23,Poland Rd-Runway DP 230 kV,46590.0,230.0,100.0,150.0,storage,VA,Dominion,Partially in Service - Under Construction,battery
AG1-222,2020-09-23,Guardian-Twin Branch 138 kV,12601.0,138.0,100.0,250.0,storage,IN,AEP,Withdrawn,battery
AG1-223,2020-09-23,Larrabee-Allaire 34.5 kV,26786.0,34.5,92.0,15.4,solar,NJ,JCPL,Under Construction,gen
AG1-224 - moved to TC1,2020-09-24,Pendleton-Tanners Creek 138 kV,13753.0,138.0,100.0,210.0,solar,IN,AEP,Withdrawn,gen
AG1-225 - moved to TC1,2020-09-24,Adams 138 kV,29510.0,138.0,92.0,346.0,solar,IN,AEP,Withdrawn,gen
AG1-226 - moved to TC1,2020-09-24,Dequine-Eugene 345 kV,39168.0,345.0,100.0,450.0,solar,IN,AEP,Engineering and Procurement,gen
AG1-227,2020-09-24,Altamont-Tuscarora 69 kV,21846.0,69.0,92.0,20.0,solar,PA,PPL,Withdrawn,gen
AG1-228,2020-09-24,Alta Haute-Tuscarora 69 kV,15888.0,69.0,69.56521739130434,20.0,solar,PA,PPL,Withdrawn,gen
AG1-231,2020-09-25,Glady Run–Xenia 69 kV,17892.0,69.0,70.0,20.0,solar,OH,Dayton,Withdrawn,gen
AG1-232,2020-09-25,Magley 138 kV,13044.0,138.0,100.0,135.0,solar,IN,AEP,Engineering and Procurement,gen
AG1-233,2020-09-25,Hazleton - Lake Lynn 138 kV,15001.0,138.0,79.5,50.0,solar,WV,APS,Withdrawn,gen
AG1-234,2020-09-25,Hinton-Ronceverte 115 kV,870.0,115.0,82.0,50.0,solar,WV,AEP,Withdrawn,gen
AG1-235,2020-09-25,Fentress-Sligo 230 kV,32308.0,230.0,100.0,192.0,solar,VA,Dominion,Withdrawn,gen
AG1-236 - moved to TC1,2020-09-25,Lanesville-Brokaw 345 kV,38485.0,345.0,100.0,180.0,wind,IL,ComEd,Withdrawn,gen
AG1-237,2020-09-25,Dequine-Eugene 345 kV,39168.0,345.0,100.0,200.0,wind,IN,AEP,Engineering and Procurement,gen
AG1-238,2020-09-25,Dumont 345 kV,38419.0,345.0,100.0,150.0,solar,IN,AEP,Withdrawn,gen
AG1-239,2020-09-25,Blue Bell-Canton Central 138 kV,35470.0,138.0,94.11764705882352,150.0,solar,OH,ATSI,Withdrawn,gen
AG1-240,2020-09-25,Trinity 69 kV,22035.0,69.0,92.0,90.0,storage,VA,AEP,Withdrawn,battery
AG1-241,2020-09-25,Scalp Level 23 kV,13235.0,23.0,92.0,10.0,solar,PA,PENELEC,Withdrawn,gen
AG1-242,2020-09-25,Beccaria 34.5 kV,42871.0,34.5,58.66666666666667,10.0,solar,PA,PENELEC,Withdrawn,gen
AG1-243,2020-09-25,Guilford-Fayetteville 34.5 kV,14094.0,34.5,92.0,10.0,solar,PA,APS,Withdrawn,gen
AG1-244,2020-09-25,Middleburg 12.47 kV,33151.0,47.0,85.07692307692308,10.0,solar,PA,PPL,Withdrawn,gen
AG1-245,2020-09-25,Wakefield 12.47 kV,33433.0,47.0,84.5,10.0,solar,PA,PPL,Withdrawn,gen
AG1-246,2020-09-25,Gates Hill-Luzerne 25 kV,13372.0,25.0,69.5,7.5,solar,PA,APS,Withdrawn,gen
AG1-247,2020-09-25,North Orwell 12.47 kV,16040.0,47.0,64.72727272727272,7.5,solar,PA,PENELEC,Withdrawn,gen
AG1-248,2020-09-25,York Storage 115 kV,14549.0,115.0,63.63636363636363,170.0,storage,PA,ME,Withdrawn,battery
AG1-249,2020-09-25,Mechanicsburg-Darby 138 kV,5163.0,138.0,100.0,80.0,solar,OH,Dayton,Withdrawn,gen
AG1-251,2020-09-25,McDowell 12.47 kV,2411.0,47.0,83.81818181818181,3.875,solar,PA,ATSI,Suspended,gen
AG1-252,2020-09-25,Henderson 12.47 kV,3231.0,47.0,84.5,3.875,solar,PA,ATSI,Withdrawn,gen
AG1-253,2020-09-25,Erie East-Union City 34.5 kV,13396.0,34.5,92.0,4.0,solar,PA,PENELEC,Suspended,gen
AG1-254,2020-09-25,Salem-Woodstown 69 kV,23484.0,69.0,100.0,38.0,hybrid,NJ,AEC,Engineering and Procurement,gen
AG1-255,2020-09-26,Churchtown-Quinton 69 kV,21702.0,69.0,92.0,55.0,hybrid,NJ,AEC,Withdrawn,gen
AG1-256,2020-09-28,Northern Neck 230 kV,33192.0,230.0,100.0,20.0,storage,VA,Dominion,Withdrawn,battery
AG1-258,2020-09-28,Madisonburg Jct-Millheim 46 kV,5013.0,46.0,61.230769230769226,39.8,solar,PA,APS,Withdrawn,gen
AG1-259,2020-09-28,Sunbury-Dalmatia 69 kV,13490.0,69.0,100.0,15.9,solar,PA,PPL,Pending Termination,gen
AG1-260,2020-09-28,Sunbury-Dalmatia 69 kV,13490.0,69.0,100.0,31.8,solar,PA,PPL,Pending Termination,gen
AG1-262,2020-09-28,Lower Mount Bethel 230 kV,32549.0,230.0,60.0,85.0,storage,PA,PPL,Withdrawn,battery
AG1-263,2020-09-28,Gloucester 230 kV,29530.0,230.0,100.0,20.0,storage,NJ,PSEG,Withdrawn,battery
AG1-267,2020-09-28,Martins Creek 69 kV,13453.0,69.0,100.0,20.0,storage,PA,PPL,Withdrawn,battery
AG1-268,2020-09-28,Essex 230 kV,19235.0,230.0,100.0,80.0,storage,NJ,PSEG,Withdrawn,battery
AG1-272 - moved to TC1,2020-09-29,Twitty's Creek 115 kV,33393.0,115.0,64.72727272727273,20.0,hybrid,VA,Dominion,Withdrawn,gen
AG1-273 - moved to TC1,2020-09-28,Twitty's Creek 115 kV,33393.0,115.0,64.72727272727273,20.0,hybrid,VA,Dominion,Withdrawn,gen
AG1-274 - moved to TC1,2020-09-28,Twitty's Creek 115 kV,33393.0,115.0,64.72727272727273,20.0,hybrid,VA,Dominion,Withdrawn,gen
AG1-275,2020-09-28,Gladys DP-Stone Mill 69 kV,44005.0,69.0,66.66666666666667,20.0,solar,VA,Dominion,Withdrawn,gen
AG1-276,2020-09-28,Gladys DP-Stone Mill 69 kV,44005.0,69.0,66.66666666666667,20.0,solar,VA,Dominion,Withdrawn,gen
AG1-277 - moved to TC1,2020-09-28,Salem-Beacon Power 69 kV,23484.0,69.0,100.0,40.0,hybrid,PA,PPL,Withdrawn,gen
AG1-278 - moved to TC1,2020-09-28,Salem-Beacon Power 69 kV,23484.0,69.0,100.0,60.0,hybrid,PA,PPL,Withdrawn,gen
AG1-279 - moved to TC1,2020-09-28,Salem-Beacon Power 69 kV,23484.0,69.0,100.0,80.0,hybrid,PA,PPL,Withdrawn,gen
AG1-280,2020-09-28,Claysburg-Puzzletown 46 kV,32077.0,46.0,76.21052631578947,20.0,solar,PA,PENELEC,Withdrawn,gen
AG1-281,2020-09-30,Claysburg-HCR Tap 46 kV,32077.0,46.0,76.21052631578947,20.0,solar,PA,PENELEC,Under Construction,gen
AG1-282,2020-09-28,Dunnsville 34.5 kV,33191.0,34.5,92.0,20.0,solar,VA,Dominion,Withdrawn,gen
AG1-283,2020-09-28,Effort Mountain-Gilbert 138 kV,53594.0,138.0,100.0,30.0,solar,PA,PPL,Withdrawn,gen
AG1-284 - moved to TC1,2020-09-28,Fork Union 115 kV,41817.0,115.0,85.0,70.0,solar,VA,Dominion,Withdrawn,gen
AG1-285 - moved to TC1,2020-09-28,Chase City-Central 115 kV,33224.0,115.0,100.0,125.0,solar,VA,Dominion,Engineering and Procurement,gen
AG1-286,2020-09-28,Johnson Mountain 138 kV,33034.0,138.0,84.54545454545455,10.0,solar,VA,AEP,Withdrawn,gen
AG1-287,2020-09-28,South Boston 12.5 kV,32180.0,12.5,92.0,15.0,solar,VA,Dominion,Withdrawn,gen
AG1-288 - moved to TC1,2020-09-28,Lake of the Woods DP-Wilderness DP 115 kV,33145.0,115.0,100.0,150.0,solar,VA,Dominion,Withdrawn,gen
AG1-289 - moved to TC1,2020-09-28,Lake of the Woods DP-Wilderness DP 115 kV,33145.0,115.0,100.0,150.0,storage,VA,Dominion,Withdrawn,battery
AG1-290,2020-09-28,Wagner 115 kV,13137.0,115.0,100.0,20.0,storage,MD,BGE,Withdrawn,battery
AG1-291,2020-09-28,Neville 23 kV,1436.0,23.0,79.5,16.8,other,PA,DL,Withdrawn,gen
AG1-292,2020-09-28,Midland 138 kV,36545.0,138.0,100.0,36.6,other,PA,DL,Withdrawn,gen
AG1-293,2020-09-28,Hartstown 12.47 kV,12799.0,47.0,67.0,7.5,solar,PA,APS,Withdrawn,gen
AG1-294,2020-09-29,,,138.0,0.0,7.5,solar,PA,ME,Withdrawn,gen
AG1-295,2020-09-29,Blairsville East 23 kV,14160.0,23.0,92.0,7.5,solar,PA,PENELEC,Withdrawn,gen
AG1-296,2020-09-29,Snyder Township 34.5 kV,51032.0,34.5,67.86206896551724,10.0,solar,PA,PENELEC,Withdrawn,gen
AG1-297 - moved to TC1,2020-09-29,Hanna-Tanners Creek 345 kV,14563.0,345.0,100.0,300.0,storage,IN,AEP,Withdrawn,battery
AG1-298 - moved to TC1,2020-09-29,Calumet-Burnham 345 kV,14125.0,345.0,71.13043478260869,500.0,storage,IL,ComEd,Withdrawn,battery
AG1-299,2020-09-29,U.S. Silica 12.47 kV,,47.0,0.0,3.0,solar,NJ,AEC,Withdrawn,gen
AG1-300,2020-09-29,U.S Silica II 12.47 kV,,47.0,0.0,3.0,solar,NJ,AEC,Withdrawn,gen
AG1-301,2020-09-29,Miller REC-Warrior Ridge 46 kV,2632.0,46.0,68.19047619047619,20.0,solar,PA,PENELEC,Withdrawn,gen
AG1-302,2020-09-29,Olive-Reynolds #1 345 kV ,32980.0,345.0,100.0,300.0,solar,IN,AEP,Under Construction,gen
AG1-303,2020-09-29,Geneva 115 kV,13324.0,115.0,100.0,44.0,solar,PA,PENELEC,Withdrawn,gen
AG1-304 5078473,2020-09-29,PJM-HUDSON,31685.0,138.0,57.14285714285714,,other,,,Withdrawn,gen
AG1-305 - moved to TC1,2020-09-29,Louisa-North Anna 230 kV,7394.0,230.0,88.0,63.0,solar,VA,Dominion,Withdrawn,gen
AG1-306 - moved to TC1,2020-09-29,Fawkes-Dale 138 kV,1409.0,138.0,100.0,65.0,solar,KY,EKPC,Withdrawn,gen
AG1-307,2020-09-29,Old Chapel-Millville 138 kV,32780.0,138.0,100.0,80.0,hybrid,WV,APS,Engineering and Procurement,gen
AG1-308 - moved to TC1,2020-09-29,Shawville-Philipsburg 34.5 kV,13893.0,34.5,92.0,19.9,solar,PA,PENELEC,Withdrawn,gen
AG1-309,2020-09-29,Byron 345 kV,20774.0,345.0,100.0,0.0,other,PA,ComEd,Withdrawn,gen
AG1-310,2020-09-29,Crystal Hill-Perth 115 kV,5851.0,115.0,100.0,20.0,solar,VA,Dominion,Withdrawn,gen
AG1-311,2020-09-29,Apple Grove 138 kV,39040.0,138.0,70.0,99.0,hybrid,WV,AEP,Withdrawn,gen
AG1-312,2020-09-29,Earleys-Cashie 230 kV,3185.0,230.0,100.0,140.0,solar,NC,Dominion,Withdrawn,gen
AG1-313,2020-09-29,Jackson DP-Occoneechee 115 kV,13251.0,115.0,91.0,46.0,solar,NC,Dominion,Withdrawn,gen
AG1-314,2020-09-29,Rural Retreat 138 kV,6291.0,138.0,51.25925925925925,100.0,storage,VA,AEP,Withdrawn,battery
AG1-315,2020-09-29,Lardin-Grays Landing 12.47 kV,34541.0,47.0,75.33333333333334,2.0,solar,PA,APS,Withdrawn,gen
AG1-316,2020-09-29,Sherwill 69 kV,1833.0,69.0,62.58823529411764,75.0,hybrid,VA,AEP,Withdrawn,gen
AG1-317,2020-09-30,Livingston 13.8 kV,6471.0,13.8,92.0,1.0,storage,MD,PEPCO,Withdrawn,battery
AG1-318,2020-09-30,Ocean Bay 12 kV,12135.0,12.0,58.66666666666667,1.0,storage,MD,DPL,Withdrawn,battery
AG1-319 - moved to TC1,2020-09-30,Napoleon Muni 138 kV,24806.0,138.0,56.516129032258064,105.0,solar,OH,AMPT,Withdrawn,gen
AG1-320 - moved to TC1,2020-09-30,Hodgenville-Stephensburg 69 kV,44006.0,69.0,85.71428571428572,82.0,solar,KY,EKPC,Engineering and Procurement,gen
AG1-321 - moved to TC1,2020-09-30,Dresden-Pontiac Midpoint 345 kV,38491.0,345.0,100.0,200.0,solar,IL,ComEd,Withdrawn,gen
AG1-322,2020-09-30,Birchwood 230 kV,32817.0,230.0,100.0,70.0,hybrid,VA,Dominion,Withdrawn,gen
AG1-323 - moved to TC1,2020-09-30,Blue Jacket 138 kV,20824.0,138.0,60.0,40.0,hybrid,OH,Dayton,Withdrawn,gen
AG1-324,2020-09-30,Jay-Desoto 138 kV,13835.0,138.0,100.0,39.0,hybrid,IN,AEP,Pending Termination,gen
AG1-325,2020-09-30,Barterbrook-Stuarts Draft 115 kV,29936.0,115.0,70.26086956521739,50.0,hybrid,VA,Dominion,Withdrawn,gen
AG1-327,2020-09-30,Ringgold – East Waynesboro 138 kV,1973.0,138.0,100.0,35.0,solar,PA,APS,Withdrawn,gen
AG1-328,2020-09-30,Kirby-Blue Jacket 138 kV,39333.0,138.0,66.66666666666667,100.0,solar,OH,ATSI,Withdrawn,gen
AG1-329,2020-09-30,Conneaut 12.47 kV,13297.0,47.0,52.0,5.0,solar,PA,PENELEC,Withdrawn,gen
AG1-330,2020-09-30,Beavertown 12.47 kV,31666.0,47.0,61.565217391304344,5.0,hybrid,PA,PPL,Withdrawn,gen
AG1-331,2020-09-30,Conneaut-Conneaut Tap 69 kV,13297.0,69.0,62.58823529411764,5.0,solar,PA,ATSI,Withdrawn,gen
AG1-332,2020-09-30,Oxford 13.2 kV,13383.0,13.2,92.0,5.0,solar,PA,ME,Withdrawn,gen
AG1-333,2020-09-30,Lake Como-Pine Mills 12.47 kV,29918.0,47.0,58.66666666666667,5.0,solar,PA,PENELEC,Withdrawn,gen
AG1-334,2020-09-30,Canal 12.47 kV,39044.0,47.0,68.92307692307692,5.0,solar,PA,ATSI,Withdrawn,gen
AG1-335,2020-09-30,Wheatland 12.47 kV,40127.0,47.0,84.5,4.0,solar,PA,ATSI,Withdrawn,gen
AG1-336,2020-09-30,Hunter 12.47 kV,42824.0,47.0,82.0,5.0,hybrid,PA,PPL,Withdrawn,gen
AG1-337,2020-09-30,Elizabethville 12.47 kV,14400.0,47.0,60.96551724137932,5.0,hybrid,PA,PPL,Withdrawn,gen
AG1-338,2020-09-30,Curryville-RKB-Yellow Creek 23 kV I,14234.0,23.0,92.0,5.0,solar,PA,PENELEC,Withdrawn,gen
AG1-339,2020-09-30,Curryville-RKB-Yellow Creek 23 kV II,14234.0,23.0,92.0,5.0,solar,PA,PENELEC,Withdrawn,gen
AG1-340,2020-09-30,Curryville 23 kV,14234.0,23.0,92.0,5.0,hybrid,PA,PENELEC,Withdrawn,gen
AG1-341 - moved to TC1,2020-09-30,Summer Shade 161 kV,40455.0,161.0,100.0,106.0,hybrid,KY,EKPC,Engineering and Procurement,gen
AG1-342 - moved to TC1,2020-09-30,Dryburg 115 kV,34568.0,115.0,75.0,36.0,solar,VA,Dominion,Engineering and Procurement,gen
AG1-343 - moved to TC1,2020-09-30,Boykins-Murphy 115 kV,3210.0,115.0,92.0,62.5,hybrid,VA,Dominion,Withdrawn,gen
AG1-344,2020-09-30,Culpeper 34.5 kV,41579.0,34.5,63.42857142857143,29.27,solar,VA,Dominion,Withdrawn,gen
AG1-345,2020-09-30,Crewe 12.5 kV,7241.0,12.5,92.0,8.0,solar,VA,Dominion,Withdrawn,gen
AG1-346 - moved to TC1,2020-09-30,Mount Jackson DP 115 kV,32630.0,115.0,96.2962962962963,20.0,solar,VA,Dominion,Withdrawn,gen
AG1-347,2020-09-30,Briery DP-Clover 230 kV,14043.0,230.0,62.58823529411764,100.0,hybrid,VA,Dominion,Withdrawn,gen
AG1-348,2020-10-01,Pequest River-Washington 34.5 kV,13388.0,34.5,52.86956521739131,15.4,solar,NJ,JCPL,In Service,gen
AG1-349,2020-09-30,Olive-Reynolds #2 345 kV,32980.0,345.0,100.0,260.0,solar,IN,AEP,Engineering and Procurement,gen
AG1-351,2020-09-30,Harrison-Good Hope 138 kV,32856.0,138.0,100.0,142.0,solar,OH,AEP,Engineering and Procurement,gen
AG1-352,2020-09-30,Hunt Farm Junction 69 kV,13352.0,69.0,55.63636363636363,50.0,solar,KY,EKPC,Withdrawn,gen
AG1-353 - moved to TC1,2020-09-30,Green County-Marion County 161 kV,15405.0,161.0,75.0,98.0,solar,KY,EKPC,Withdrawn,gen
AG1-354 - moved to TC1,2020-09-30,Summershade-Green County 161 kV,40455.0,161.0,95.65217391304348,150.0,solar,KY,EKPC,Engineering and Procurement,gen
AG1-355,2020-09-30,Scalp Level-Hooversville 115 kV,13235.0,115.0,100.0,54.0,solar,PA,PENELEC,Withdrawn,gen
AG1-356,2020-09-30,Somerset-Allegheny 115 kV,7441.0,115.0,100.0,36.0,solar,PA,PENELEC,Withdrawn,gen
AG1-357,2020-09-30,Clover-Rawlings 500 kV,32642.0,500.0,100.0,200.0,solar,VA,Dominion,Withdrawn,gen
AG1-358,2020-09-30,Howard-Melmore 138 kV,5052.0,138.0,100.0,58.0,solar,OH,AEP,Withdrawn,gen
AG1-359 - moved to TC1,2020-09-30,Fentress 230 kV,32308.0,230.0,100.0,127.5,storage,VA,Dominion,Withdrawn,battery
AG1-360,2020-10-01,Costen 25 kV,12828.0,25.0,92.0,8.75,solar,MD,DPL,In Service,gen
AG1-361,2020-09-30,Lexington Park 69 kV,6090.0,69.0,84.5,20.0,solar,MD,SMECO,Withdrawn,gen
AG1-362,2020-09-30,Wernersville 12.47 kV,45315.0,47.0,64.0,5.0,solar,PA,PPL,Withdrawn,gen
AG1-363,2020-09-30,Black Oak-Hatfield 500 kV,32190.0,500.0,100.0,300.0,hybrid,MD,APS,Engineering and Procurement,gen
AG1-364 - moved to TC1,2020-09-30,Deep Creek 115 kV,32310.0,115.0,100.0,100.0,storage,VA,Dominion,Withdrawn,battery
AG1-365,2020-09-30,Allen 345 kV,12592.0,345.0,100.0,100.0,solar,IN,AEP,Engineering and Procurement,gen
AG1-366,2020-09-30,Allen 345 kV,12592.0,345.0,100.0,50.0,storage,IN,AEP,Engineering and Procurement,battery
AG1-367 - moved to TC1,2020-09-30,DeSoto 345 kV,36331.0,345.0,100.0,440.0,solar,IN,AEP,Withdrawn,gen
AG1-368,2020-09-30,Tillman 138 kV,35695.0,138.0,100.0,100.0,solar,IN,AEP,Withdrawn,gen
AG1-369,2020-09-30,Logtown 138 kV,12825.0,138.0,70.58823529411764,49.9,solar,OH,AEP,Engineering and Procurement,gen
AG1-371 - moved to TC1,2020-09-30,Nelson-Electric Junction 345 kV,20754.0,345.0,100.0,600.0,storage,IL,ComEd,Withdrawn,battery
AG1-372,2020-09-30,Nelson-Electric Junction 345 kV,20754.0,345.0,100.0,200.0,storage,IL,ComEd,Withdrawn,battery
AG1-373 - moved to TC1,2020-09-30,Nelson-Electric Junction 345 kV,20754.0,345.0,100.0,600.0,storage,IL,ComEd,Withdrawn,battery
AG1-374 - moved to TC1,2020-09-30,Blue Mound 345 kV,38481.0,345.0,100.0,300.0,solar,IL,ComEd,Pending Termination,gen
AG1-375 - moved to TC1,2020-09-30,Sorenson-Desoto 345 kV,36327.0,345.0,100.0,300.0,solar,IN,AEP,Withdrawn,gen
AG1-376,2020-09-30,Sorenson-DeSoto 345 kV,36327.0,345.0,100.0,30.0,storage,IN,AEP,Withdrawn,battery
AG1-377 - moved to TC1,2020-09-30,Philipsburg 115 kV,14704.0,115.0,100.0,115.0,solar,PA,PENELEC,Engineering and Procurement,gen
AG1-378 - moved to TC1,2020-09-30,Philipsburg 115 kV,14704.0,115.0,100.0,135.0,solar,PA,PENELEC,Engineering and Procurement,gen
AG1-379 - moved to TC1,2020-09-30,Minonk 345 kV,13410.0,345.0,68.92307692307692,200.0,solar,IL,ComEd,Withdrawn,gen
AG1-380,2020-09-30,Corwin-Elk 138 kV,32458.0,138.0,72.72727272727273,90.0,hybrid,OH,AEP,Withdrawn,gen
AG1-381,2020-09-30,Hope 69 kV,1838.0,69.0,77.0,27.0,solar,KY,EKPC,Withdrawn,gen
AG1-382,2020-09-30,SGC Tap-Reese REC 46 kV,56730.0,46.0,74.85714285714286,20.0,solar,PA,PENELEC,Withdrawn,gen
AG1-383,2020-09-30,Hickory 34.5 kV,5088.0,34.5,92.0,20.0,hybrid,VA,Dominion,Withdrawn,gen
AG1-384 - moved to TC1,2020-09-30,Twitty's Creek 115 kV,33393.0,115.0,64.72727272727273,20.0,hybrid,VA,Dominion,Withdrawn,gen
AG1-385,2020-09-30,Motion-Ridgeway 46 kV,29604.0,46.0,75.33333333333334,20.0,solar,PA,APS,Withdrawn,gen
AG1-386,2020-10-02,Smith-Francis Junction 25 kV,14674.0,25.0,80.75,20.0,solar,PA,APS,In Service,gen
AG1-387,2020-09-30,Beth 33-Lilly 46 kV,32549.0,46.0,54.5,20.0,solar,PA,PENELEC,Withdrawn,gen
AG1-388,2020-09-30,Dunnsville 34.5 kV,33191.0,34.5,92.0,20.0,solar,VA,Dominion,Withdrawn,gen
AG1-392 - moved to TC1,2020-09-30,Gold 115 kV I,13301.0,115.0,100.0,30.0,solar,PA,PENELEC,Withdrawn,gen
AG1-392A - moved to TC1,2020-10-01,Gold 115 kV II,13301.0,115.0,100.0,60.0,solar,PA,PENELEC,Withdrawn,gen
AG1-392B - moved to TC1,2020-10-01,Gold 115 kV III,13301.0,115.0,100.0,75.0,solar,PA,PENELEC,Withdrawn,gen
AG1-392C - moved to TC1,2020-10-01,Gold 115 kV IV,13301.0,115.0,100.0,90.0,solar,PA,PENELEC,Withdrawn,gen
AG1-393 - moved to TC1,2020-09-30,Sapony 34.5 kV,33449.0,34.5,92.0,20.0,solar,VA,Dominion,Withdrawn,gen
AG1-394 - moved to TC1,2020-09-30,Boykins 34.5 kV,3210.0,34.5,92.0,14.2,solar,VA,Dominion,Withdrawn,gen
AG1-395,2020-09-30,Philipsburg-Karthaus 34.5 kV 2,14704.0,34.5,92.0,20.0,solar,PA,PENELEC,Withdrawn,gen
AG1-396,2020-09-30,Dauphin-Pine Grove 69 kV,13407.0,69.0,61.53846153846154,7.5,solar,PA,PPL,Withdrawn,gen
AG1-397,2020-09-30,Walston 12 kV,38421.0,12.0,84.3076923076923,9.972,hybrid,MD,DPL,Withdrawn,gen
AG1-398,2020-09-30,Brokaw-Lanesville 345 kV,12100.0,345.0,100.0,197.0,wind,IL,ComEd,In Service,gen
AG1-399 - moved to TC1,2020-09-30,Blue Mound-Chestnut 345 kV,38481.0,345.0,100.0,300.0,wind,IL,ComEd,Withdrawn,gen
AG1-400 - moved to TC1,2020-09-30,Blue Mound-Chestnut 345 kV,38481.0,345.0,100.0,150.0,storage,IL,ComEd,Withdrawn,battery
AG1-402 - moved to TC1,2020-09-30,Blue Mound-Chestnut 345 kV,38481.0,345.0,100.0,150.0,storage,IL,ComEd,Withdrawn,battery
AG1-403,2020-09-30,Blue Mound-Chestnut 345 kV,38481.0,345.0,100.0,188.0,wind,IL,ComEd,Withdrawn,gen
AG1-404 - moved to TC1,2020-09-30,Blue Mound-Chestnut 345 kV,38481.0,345.0,100.0,100.0,storage,IL,ComEd,Withdrawn,battery
AG1-405 - moved to TC1,2020-09-30,Walnut Grove-Asahi 69 kV,52298.0,69.0,92.0,57.0,solar,KY,EKPC,Withdrawn,gen
AG1-406 - moved to TC1,2020-09-30,Walnut Grove-Asahi 69 kV,52298.0,69.0,92.0,79.0,storage,KY,EKPC,Withdrawn,battery
AG1-408,2020-09-30,,,138.0,0.0,300.0,solar,OH,ATSI,Withdrawn,gen
AG1-410 - moved to TC1,2020-09-30,Maddox Creek-RP Mone 345 kV,17333.0,345.0,70.58823529411764,300.0,solar,OH,AEP,Engineering and Procurement,gen
AG1-411 - moved to TC1,2020-09-30,Maddox Creek-RP Mone 345 kV,17333.0,345.0,70.58823529411764,400.0,storage,OH,AEP,Engineering and Procurement,battery
AG1-412 - moved to TC1,2020-09-30,Ladysmith CT-Mine Road 230 kV,31619.0,230.0,100.0,200.0,storage,VA,Dominion,Withdrawn,battery
AG1-413,2020-09-30,South Hill-Bordnax 115 kV,33275.0,115.0,100.0,69.5,solar,VA,Dominion,Withdrawn,gen
AG1-414,2020-09-30,Mississinewa 138 kV,13733.0,138.0,100.0,75.0,solar,IN,AEP,Engineering and Procurement,gen
AG1-415,2020-09-30,Double Toll Gate-Old Chapel 138 kV,32779.0,138.0,100.0,50.0,solar,VA,APS,Engineering and Procurement,gen
AG1-416,2020-09-30,Sleepy Hollow 138 kV,33164.0,138.0,100.0,125.0,hybrid,WV,APS,Withdrawn,gen
AG1-417,2020-09-30,Gateway 69 kV,30003.0,69.0,100.0,50.0,solar,IN,AEP,Withdrawn,gen
AG1-418,2020-09-30,Gateway 69 kV,30003.0,69.0,100.0,50.0,solar,IN,AEP,Withdrawn,gen
AG1-419,2020-09-30,Lynnville-South Hamburg 69 kV,12400.0,69.0,73.6842105263158,50.0,solar,PA,ME,Withdrawn,gen
AG1-420,2020-09-30,Campbell-Kiesters 138 kV,31716.0,138.0,100.0,70.0,solar,PA,APS,Withdrawn,gen
AG1-421 - moved to TC1,2020-09-30,Lexington-Dooms 230 kV,32885.0,230.0,100.0,200.0,solar,VA,Dominion,Withdrawn,gen
AG1-422 - moved to TC1,2020-09-30,Lexington-Dooms 230 kV,32885.0,230.0,100.0,50.0,storage,VA,Dominion,Withdrawn,battery
AG1-423 - moved to TC1,2020-09-30,Byron-Wayne 345 kV,20774.0,345.0,100.0,200.0,solar,IL,ComEd,Withdrawn,gen
AG1-424 - moved to TC1,2020-09-30,Sowers 138 kV,29401.0,138.0,83.33333333333334,100.0,solar,IN,AEP,Withdrawn,gen
AG1-425 - moved to TC1,2020-09-30,Groton 138 kV,16242.0,138.0,83.33333333333334,125.0,storage,OH,ATSI,Withdrawn,battery
AG1-426 - moved to TC1,2020-09-30,Bremo-Scottsville 138 kV,7397.0,138.0,83.63636363636364,149.5,storage,VA,AEP,Withdrawn,battery
AG1-427 - moved to TC1,2020-09-30,Chase City-Drakes Branch 115 kV,33224.0,115.0,100.0,118.56,solar,VA,Dominion,Withdrawn,gen
AG1-428 - moved to TC1,2020-09-30,Danieltown DP–Brunswick 69 kV ,46136.0,69.0,85.07692307692308,46.8,solar,VA,Dominion,Withdrawn,gen
AG1-429,2020-09-30,Tasley - Oak Hall 69 kV,11630.0,69.0,100.0,58.7,solar,VA,ODEC,Withdrawn,gen
AG1-431,2020-09-30,Mackeys 230 kV,3417.0,230.0,100.0,1210.0,solar,NC,Dominion,Withdrawn,gen
AG1-431A,2020-09-30,Mackeys 230 kV,3417.0,230.0,100.0,1210.0,storage,NC,Dominion,Withdrawn,battery
AG1-432 - moved to TC1,2020-09-30,Curdsville DP-Willis Mt. 115 kV,14234.0,115.0,69.56521739130434,200.0,solar,VA,Dominion,Withdrawn,gen
AG1-433 - moved to TC1,2020-09-30,Keystone-DeSoto 345 kV,31985.0,345.0,92.0,100.0,wind,IN,AEP,Engineering and Procurement,gen
AG1-434 - moved to TC1,2020-09-30,Electric Junction-Nelson 345 kV,30040.0,345.0,76.92307692307692,175.0,wind,IL,ComEd,Withdrawn,gen
AG1-435 - moved to TC1,2020-09-30,Kewanee-Hennepin 138 kV,12052.0,138.0,93.33333333333333,150.0,wind,IL,ComEd,Withdrawn,gen
AG1-436 - moved to TC1,2020-09-30,Olive-University Park 345 kV,32980.0,345.0,100.0,250.0,solar,IN,AEP,Engineering and Procurement,gen
AG1-437 - moved to TC1,2020-09-30,Cashie-Earleys 230 kV,3582.0,230.0,100.0,100.0,solar,NC,Dominion,Withdrawn,gen
AG1-438 - moved to TC1,2020-09-30,Cashie-Earleys 230 kV,3582.0,230.0,100.0,100.0,solar,NC,Dominion,Withdrawn,gen
AG1-439 - moved to TC1,2020-09-30,Chinquapin 230 kV,14626.0,230.0,66.66666666666667,250.0,solar,NC,Dominion,Withdrawn,gen
AG1-440 - moved to TC1,2020-09-30,Palmer Springs 115 kV,11036.0,115.0,74.85714285714286,75.0,solar,VA,Dominion,Withdrawn,gen
AG1-441 - moved to TC1,2020-09-30,Palmer Springs 115 kV,11036.0,115.0,74.85714285714286,75.0,solar,VA,Dominion,Withdrawn,gen
AG1-442 - moved to TC1,2020-09-30,Cashie-Earleys 230 kV,3582.0,230.0,100.0,135.0,storage,NC,Dominion,Withdrawn,battery
AG1-443 - moved to TC1,2020-09-30,Cashie-Earleys 230 kV,3582.0,230.0,100.0,135.0,storage,NC,Dominion,Withdrawn,battery
AG1-444 - moved to TC1,2020-09-30,Chinquapin 230 kV,14626.0,230.0,66.66666666666667,330.0,storage,NC,Dominion,Withdrawn,battery
AG1-445 - moved to TC1,2020-09-30,Palmer Springs 115 kV,11036.0,115.0,74.85714285714286,101.0,storage,VA,Dominion,Withdrawn,battery
AG1-446 - moved to TC1,2020-09-30,Palmer Springs 115 kV,11036.0,115.0,74.85714285714286,101.0,storage,VA,Dominion,Withdrawn,battery
AG1-447 - moved to TC1,2020-09-30,Olive-University Park 345 kV,32980.0,345.0,100.0,305.0,storage,IN,AEP,Engineering and Procurement,battery
AG1-448,2020-09-30,Olive-University Park 345 kV,32980.0,345.0,100.0,360.0,storage,IN,AEP,Withdrawn,battery
AG1-449 - moved to TC1,2020-09-30,Rawlings-Carson 500 kV,22498.0,500.0,72.0,436.0,storage,VA,Dominion,Withdrawn,battery
AG1-450 - moved to TC1,2020-09-30,Airey-Vienna 69 kV II,5135.0,69.0,72.72727272727273,125.0,storage,MD,DPL,Withdrawn,battery
AG1-451 - moved to TC1,2020-09-30,Curdsville DP-Willis Mt. 115 kV,14234.0,115.0,69.56521739130434,120.0,storage,VA,Dominion,Withdrawn,battery
AG1-453 - moved to TC1,2020-09-30,Guardian 138 kV,12601.0,138.0,100.0,140.0,solar,IN,AEP,Withdrawn,gen
AG1-454 - moved to TC1,2020-09-30,Guardian 138 kV,12601.0,138.0,100.0,190.0,storage,IN,AEP,Withdrawn,battery
AG1-455,2020-09-30,Springboro-Venango Junction 115 kV,13148.0,115.0,82.0,112.5,storage,PA,PENELEC,Withdrawn,battery
AG1-456 - moved to TC1,2020-09-30,Wildcat 138 kV,29984.0,138.0,61.53846153846154,180.0,storage,OH,AEP,Withdrawn,battery
AG1-457,2020-09-30,Somerset-Rockwood 115 kV,7441.0,115.0,100.0,54.0,solar,PA,PENELEC,Withdrawn,gen
AG1-458,2020-09-30,Marlow-Bedington 138 kV,986.0,138.0,92.3076923076923,40.0,solar,MD,APS,Withdrawn,gen
AG1-459,2020-09-30,Marlow-Bedington 138 kV,986.0,138.0,92.3076923076923,14.0,solar,MD,APS,Withdrawn,gen
AG1-460 - moved to TC1,2020-09-30,Kincaid-Pana 345 kV,38484.0,345.0,100.0,329.0,storage,IL,ComEd,Engineering and Procurement,battery
AG1-461,2020-09-30,Mumford 69 kV,14818.0,69.0,92.0,30.0,solar,DE,DPL,Withdrawn,gen
AG1-462 - moved to TC1,2020-10-01,Cordova 345 kV,34670.0,345.0,100.0,255.0,solar,IL,ComEd,Engineering and Procurement,gen
AG1-463,2020-09-30,Maysville 69 kV IV,38712.0,69.0,86.73684210526316,50.0,storage,PA,ATSI,Withdrawn,battery
AG1-464,2020-09-30,Harrington 69 kV,16666.0,69.0,100.0,50.0,storage,DE,DPL,Withdrawn,battery
AG1-465,2020-09-30,North Hanover-Gitts Run 115 kV,13921.0,115.0,100.0,100.0,storage,PA,ME,Withdrawn,battery
AG1-466,2020-09-30,Orange 34.5 kV,7442.0,34.5,92.0,14.0,solar,VA,Dominion,Withdrawn,gen
AG1-467,2020-09-30,Somerset 34.5 kV,7415.0,34.5,92.0,15.6,solar,VA,Dominion,Withdrawn,gen
AG1-468,2020-09-30,Martinsville-Figsboro 34.5 kV,14537.0,34.5,92.0,14.0,solar,VA,AEP,Withdrawn,gen
AG1-469,2020-09-30,Gordonsville 34.5 kV,32777.0,34.5,92.0,14.04,solar,VA,Dominion,Withdrawn,gen
AG1-470,2020-10-01,Ringgold 138 kV,1973.0,138.0,100.0,50.0,storage,MD,APS,Withdrawn,battery
AG1-471 - moved to TC1,2020-09-30,Up Church-Wayne County 69 kV,12913.0,69.0,90.0,54.0,solar,KY,EKPC,Engineering and Procurement,gen
AG1-472,2020-09-30,Seymour-Cave City 69 kV,14587.0,69.0,92.0,80.0,solar,KY,EKPC,Withdrawn,gen
AG1-473 - moved to TC1,2020-09-30,Shingletown-Lewistown 230 kV,33160.0,230.0,100.0,53.9,hybrid,PA,PENELEC,Withdrawn,gen
AG1-474,2020-09-30,,,138.0,0.0,70.0,hybrid,PA,APS,Withdrawn,gen
AG1-475,2020-09-30,Mickelton 230 kV,29925.0,230.0,88.88888888888889,15.0,solar,NJ,AEC,Withdrawn,gen
AG1-476,2020-09-30,Mickelton 230 kV II,29925.0,230.0,88.88888888888889,869.0,gas,NJ,AEC,Withdrawn,gen
AG1-477,2020-09-30,Grundy County 34.5 kV,4657.0,34.5,75.84615384615384,18.0,hybrid,IL,ComEd,Withdrawn,gen
AG1-478,2020-09-30,Wilmington 34.5 kV,42006.0,34.5,87.0,19.9,hybrid,IL,ComEd,Engineering and Procurement,gen
AG1-479,2020-09-30,Grundy County 34.5 kV II,4657.0,34.5,75.84615384615384,19.9,hybrid,IL,ComEd,Withdrawn,gen
AG1-480,2020-09-30,Shawnee 34.5 kV,14106.0,34.5,92.0,18.2,hybrid,PA,ME,Withdrawn,gen
AG1-481,2020-09-30,Warren 34.5 kV,13365.0,34.5,84.5,15.53,hybrid,PA,PENELEC,Withdrawn,gen
AG1-482,2020-09-30,Hamilton 115 kV,33737.0,115.0,92.0,20.0,hybrid,PA,ME,Withdrawn,gen
AG1-483 - moved to TC1,2020-10-01,Dickerson 230 kV,12884.0,230.0,100.0,500.0,storage,MD,PEPCO,Engineering and Procurement,battery
AG1-484,2020-09-30,Mountain 115 kV,13461.0,115.0,100.0,20.0,hybrid,PA,ME,Withdrawn,gen
AG1-485,2020-09-30,Brunot Island 138 kV,13572.0,138.0,100.0,55.0,storage,PA,DL,Withdrawn,battery
AG1-486,2020-09-30,Orrtanna 115 kV,15245.0,115.0,100.0,42.0,storage,PA,ME,Withdrawn,battery
AG1-487,2020-09-30,Gilbert 230 kV,18984.0,230.0,100.0,20.0,hybrid,NJ,JCPL,Withdrawn,gen
AG1-488 - moved to TC1,2020-09-30,Marion Co 161 kV,14372.0,161.0,90.0,70.0,solar,KY,EKPC,Withdrawn,gen
AG1-489,2020-09-30,McClelland-Hoytdale 345 kV,31833.0,345.0,65.6842105263158,175.0,hybrid,PA,ATSI,Withdrawn,gen
AG1-490,2020-09-30,Shenango-McDowell 138 kV,36538.0,138.0,100.0,125.0,hybrid,PA,ATSI,Withdrawn,gen
AG1-491,2020-09-30,Central Hardin 69 kV,15671.0,69.0,100.0,70.0,hybrid,KY,EKPC,Withdrawn,gen
AG1-492,2020-09-30,Kargle to Elizabethtown 69 kV,15677.0,69.0,86.95652173913044,,other,KY,EKPC,Withdrawn,gen
AG1-493,2020-09-30,Blue Jacket to Blue Jacket Tap 69 kV,56744.0,69.0,73.0,,other,OH,Dayton,Withdrawn,gen
AG1-494 - moved to TC1,2020-09-30,Boxwood-Riverville 138 kV,32689.0,138.0,100.0,50.0,storage,VA,AEP,Withdrawn,battery
AG1-495,2020-09-30,Gilbert-Rocktown 34.5 kV,13448.0,34.5,92.0,19.8,solar,NJ,JCPL,Engineering and Procurement,gen
AG1-496,2020-09-30,East Flemington 34.5 kV,19021.0,34.5,92.0,6.6,solar,NJ,JCPL,Withdrawn,gen
AG1-497 - moved to TC1,2020-09-30,Cartanza 230 kV,16047.0,230.0,100.0,120.0,hybrid,DE,DPL,Withdrawn,gen
AG1-498,2020-09-30,Mount Bethel 12.47 kV,32549.0,47.0,64.5,8.8,solar,PA,PPL,Withdrawn,gen
AG1-499,2020-09-30,Lambs 12.47 kV,16677.0,47.0,50.82352941176471,10.0,solar,NJ,AEC,Under Construction,gen
AG1-500,2020-09-30,Beaver 345 kV,39532.0,345.0,100.0,784.6,gas,OH,ATSI,Engineering and Procurement,gen
AG1-501,2020-09-30,Beaver 138 kV,39532.0,138.0,100.0,106.5,gas,OH,ATSI,Engineering and Procurement,gen
AG1-502 - moved to TC1,2020-09-30,Oak Green 115 kV,7439.0,115.0,100.0,80.0,hybrid,VA,Dominion,Withdrawn,gen
AG1-503 - moved to TC1,2020-09-30,Oak Green 115 kV,7439.0,115.0,100.0,20.0,hybrid,VA,Dominion,Withdrawn,gen
AG1-504,2020-09-30,Glenbrook-Salem 69 kV,25744.0,69.0,92.0,68.0,solar,PA,PPL,Withdrawn,gen
AG1-505 - moved to TC1,2020-09-30,Rawlings-Clover 500 kV,22498.0,500.0,72.0,150.0,solar,VA,Dominion,Withdrawn,gen
AG1-506 - moved to TC1,2020-09-30,Rawlings-Clover 500 kV,22498.0,500.0,72.0,150.0,solar,VA,Dominion,Withdrawn,gen
AG1-507,2020-09-30,Calumet 138 kV,14125.0,138.0,79.13043478260869,296.0,gas,IL,ComEd,Withdrawn,gen
AG1-508,2020-09-30,Point Lookout 69 kV,14859.0,69.0,76.0,63.3,wind,VA,AEP,Withdrawn,gen
AG1-509,2020-09-30,Point Lookout 69 kV,14859.0,69.0,76.0,105.4,wind,VA,AEP,Withdrawn,gen
AG1-510,2020-09-30,Kittatinny-Blairstown 34.5 kV,19240.0,34.5,92.0,20.0,hybrid,NJ,JCPL,Withdrawn,gen
AG1-511,2020-09-30,Kittatinny 230 kV,19240.0,230.0,100.0,50.0,hybrid,NJ,JCPL,Withdrawn,gen
AG1-512,2020-09-30,University Park North 345 kV,12045.0,345.0,100.0,646.0,storage,IL,ComEd,Withdrawn,battery
AG1-513,2020-10-01,Aurora 138 kV,12219.0,138.0,100.0,1056.0,storage,IL,ComEd,Suspended,battery
AG1-514,2020-09-30,Springdale CT III 138 kV,13584.0,138.0,62.28835978835979,106.0,storage,PA,APS,Withdrawn,battery
AG1-515,2020-09-30,Guilford 138 kV,14094.0,138.0,100.0,110.0,storage,PA,APS,Withdrawn,battery
AG1-516,2020-09-30,Gans 138 kV,14284.0,138.0,100.0,106.0,storage,PA,APS,Withdrawn,battery
AG1-517,2020-09-30,Osage 138 kV,31743.0,138.0,100.0,50.0,other,WV,APS,Engineering and Procurement,gen
AG1-518,2020-09-30,Suffolk 230 kV,3183.0,230.0,100.0,50.0,hybrid,VA,Dominion,Withdrawn,gen
AG1-519,2020-09-30,Cash's Corner 230 kV,33106.0,230.0,76.92307692307692,20.0,solar,VA,Dominion,Withdrawn,gen
AG1-520,2020-09-30,Hooversville-Rockingham 23 kV,32215.0,23.0,92.0,4.0,hybrid,PA,PENELEC,Withdrawn,gen
AG1-521,2020-09-30,Dixon-McGirr Road 138 kV,15516.0,138.0,72.72727272727273,100.0,solar,IL,ComEd,Withdrawn,gen
AG1-522 - moved to TC1,2020-09-30,Sullivan-Rockport 765 kV,38498.0,765.0,100.0,300.0,solar,IN,AEP,Withdrawn,gen
AG1-523 - moved to TC1,2020-09-30,Sullivan-Rockport 765 kV,38498.0,765.0,100.0,600.0,solar,IN,AEP,Withdrawn,gen
AG1-524 - moved to TC1,2020-09-30,Sullivan-Rockport 765 kV,38498.0,765.0,100.0,900.0,solar,IN,AEP,Withdrawn,gen
AG1-525 - moved to TC1,2020-09-30,Sullivan-Rockport 765 kV,38498.0,765.0,100.0,1200.0,solar,IN,AEP,Withdrawn,gen
AG1-526 - moved to TC1,2020-09-30,West Garrard 345 kV,1430.0,345.0,100.0,222.0,solar,KY,EKPC,Withdrawn,gen
AG1-527,2020-09-30,Imperial-Joffre 138 kV,40038.0,138.0,100.0,215.0,solar,PA,APS,Withdrawn,gen
AG1-528,2020-09-30,Tenmile - Sundial 138 kV,29521.0,138.0,76.92307692307692,225.0,solar,WV,AEP,Withdrawn,gen
AG1-530,2020-09-30,,,138.0,0.0,54.0,solar,OH,ATSI,Withdrawn,gen
AG1-531 - moved to TC1,2020-09-30,Poolesville-Winchester 230 kV,5757.0,230.0,100.0,54.0,solar,VA,Dominion,Withdrawn,gen
AG1-532,2020-09-30,Fields 34.5 kV,33444.0,34.5,64.72727272727273,13.5,solar,VA,Dominion,Under Construction,gen
AG1-533,2020-09-30,Bartonsville-Meadowbrook 138 kV IV,14595.0,138.0,92.0,170.0,solar,VA,APS,Withdrawn,gen
AG1-534,2020-09-30,Evergreen Mills 230 kV,5061.0,230.0,80.0,200.0,storage,VA,Dominion,Withdrawn,battery
AG1-536 - moved to TC1,2020-09-30,Garner-Northern Neck 115 kV,7446.0,115.0,90.0,137.0,storage,VA,Dominion,Engineering and Procurement,battery
AG1-537 - moved to TC1,2020-09-30,Barterbrook-Stuarts Draft 115 kV,29936.0,115.0,70.26086956521739,75.0,storage,VA,Dominion,Withdrawn,battery
AG1-538 - moved to TC1,2020-09-30,Remington-Gordonsville 230 kV,33147.0,230.0,100.0,75.0,storage,VA,Dominion,Withdrawn,battery
AG1-539 - moved to TC1,2020-09-30,Grit DP-Perth 115 kV,31653.0,115.0,62.5,75.0,storage,VA,Dominion,Withdrawn,battery
AG1-540,2020-09-30,Berry Hill 138 kV,39344.0,138.0,77.5,55.0,storage,VA,AEP,Withdrawn,battery
AG1-541,2020-09-30,St. Johns 115 kV,33103.0,115.0,100.0,75.0,storage,VA,Dominion,Withdrawn,battery
AG1-542,2020-09-30,,,138.0,0.0,150.0,hybrid,VA,Dominion,Withdrawn,gen
AG1-543,2020-09-30,,,138.0,0.0,325.0,hybrid,VA,Dominion,Withdrawn,gen
AG1-544,2020-09-30,Bakers Pond DP 115 kV,33102.0,115.0,64.28571428571428,60.0,hybrid,VA,Dominion,Withdrawn,gen
AG1-545,2020-09-30,W. Quaker Rd-Disputanta 34.5 kV,3264.0,34.5,64.72727272727272,20.0,hybrid,VA,Dominion,Withdrawn,gen
AG1-546,2020-09-30,Ebony-Elams Road 115 kV,17762.0,115.0,72.72727272727273,150.0,hybrid,VA,Dominion,Withdrawn,gen
AG1-547 - moved to TC1,2020-09-30,Mount Airy-Chatham 69 kV,12807.0,69.0,92.0,50.0,hybrid,VA,Dominion,Withdrawn,gen
AG1-548 - moved to TC1,2020-09-30,Erie South-Union City 115 kV,14439.0,115.0,92.3076923076923,150.0,hybrid,PA,PENELEC,Engineering and Procurement,gen
AG1-549 - moved to TC1,2020-09-30,Keystone 230 kV,31985.0,230.0,92.0,100.0,hybrid,PA,PENELEC,Withdrawn,gen
AG1-550,2020-09-30,Mount Eagle-Fork Union 230 kV,29934.0,230.0,87.5,35.0,hybrid,VA,Dominion,Withdrawn,gen
AG1-551 - moved to TC1,2020-09-30,Parmele 34.5 kV,16802.0,34.5,68.92307692307692,19.99,solar,NC,Dominion,Withdrawn,gen
AG1-552 - moved to TC1,2020-09-30,Carolina 34.5 kV,3216.0,34.5,92.0,18.0,solar,NC,Dominion,Withdrawn,gen
AG1-553 - moved to TC1,2020-09-30,Cordova 345 kV,34670.0,345.0,100.0,260.0,solar,IL,ComEd,Engineering and Procurement,gen
AG1-554,2020-09-30,South Kenton 138 kV,11565.0,138.0,92.5,49.99,solar,OH,AEP,Engineering and Procurement,gen
AG1-555,2020-09-30,Dequine 345 kV,39168.0,345.0,100.0,120.0,hybrid,IN,AEP,Engineering and Procurement,gen
AG1-556 - moved to TC1,2020-09-30,Lexington 115 kV,32885.0,115.0,100.0,100.0,storage,VA,Dominion,Withdrawn,battery
AG1-557,2020-09-30,Curdsville DP 115 kV,14234.0,115.0,69.56521739130434,20.0,solar,VA,Dominion,Withdrawn,gen
AG1-558,2020-09-30,Buckner 34.5 kV,7424.0,34.5,92.0,20.0,hybrid,VA,Dominion,Withdrawn,gen
AG1-559,2020-09-30,Caroline Pines 22 kV,13242.0,22.0,66.07407407407408,20.0,hybrid,VA,Dominion,Withdrawn,gen
AG1-560,2020-09-30,Shade Gap-Roxbury 115 kV II,13238.0,115.0,100.0,100.1,storage,PA,PENELEC,Withdrawn,battery
AG1-561,2020-09-30,Roxbury-Greene 138 kV II,13241.0,138.0,100.0,80.3,storage,PA,PENELEC,Withdrawn,battery
AG1-562,2020-09-30,Marysville-Gunn Road 345 kV,38712.0,345.0,100.0,250.0,solar,OH,AEP,Withdrawn,gen
AG1-563,2020-09-30,Bennett-Farmingdale 2 34.5 kV,14053.0,34.5,83.0,2.0,solar,NJ,JCPL,In Service,gen
AG2-001,2020-10-01,St. Johns DP 115 kV,33104.0,115.0,100.0,20.0,solar,VA,Dominion,Withdrawn,gen
AG2-002,2020-10-02,Galion 138 kV III,5092.0,138.0,100.0,164.0,solar,OH,ATSI,Withdrawn,gen
AG2-003,2020-10-02,West Millersport 138 kV,39576.0,138.0,100.0,120.0,solar,OH,AEP,Withdrawn,gen
AG2-004,2020-10-02,East Sidney-Quincy 138 kV,5107.0,138.0,100.0,164.0,solar,OH,Dayton,Withdrawn,gen
AG2-005 - moved to TC2,2020-10-02,Garner-Lancaster 115 kV,7446.0,115.0,90.0,196.0,solar,VA,Dominion,Withdrawn,gen
AG2-006,2020-10-02,Centerburg-Conesville 138 kV,14731.0,138.0,80.0,177.5,solar,OH,AEP,Withdrawn,gen
AG2-007,2020-10-06,Lanexa-Dunnsville 230 kV,33175.0,230.0,100.0,100.0,solar,VA,Dominion,Withdrawn,gen
AG2-008 - moved to TC2,2020-10-08,Erie South-Warren 230 kV,31393.0,230.0,92.3076923076923,60.0,solar,PA,PENELEC,Withdrawn,gen
AG2-009 - moved to TC2,2020-10-08,Erie South-Warren 230 kV II,31393.0,230.0,92.3076923076923,80.0,solar,PA,PENELEC,Withdrawn,gen
AG2-010 - moved to TC2,2020-10-09,Peninsula-Whealton 115 kV,33185.0,115.0,100.0,100.0,storage,VA,Dominion,Withdrawn,battery
AG2-011,2020-10-13,Laurel Mountain 138 kV,29534.0,138.0,83.73684210526315,56.3,storage,WV,APS,Withdrawn,battery
AG2-012,2020-10-15,Lardin 12 kV,34541.0,12.0,75.33333333333334,0.165,solar,PA,APS,Withdrawn,gen
AG2-013,2020-10-16,Marysville-Sorenson 765 kV,38712.0,765.0,100.0,1300.0,solar,OH,AEP,Withdrawn,gen
AG2-014 - moved to TC2,2020-10-19,Meadow Lake 345 kV,13143.0,345.0,100.0,50.0,storage,IN,AEP,Active,battery
AG2-016 - moved to TC2,2020-10-20,Oyster Creek-Whitings 34.5 kV,26767.0,34.5,92.0,19.8,solar,NJ,JCPL,Active,gen
AG2-017,2020-10-20,New Castle-Clay Village 69 kV,14171.0,69.0,100.0,80.0,solar,KY,EKPC,Withdrawn,gen
AG2-018,2020-10-20,,,138.0,0.0,105.0,solar,OH,AEP,Withdrawn,gen
AG2-019,2020-10-23,Chase City 12.5 kV,33224.0,12.5,92.0,15.0,storage,VA,Dominion,Withdrawn,battery
AG2-020 - moved to TC2,2020-10-23,Arnolds Corner 34.5 kV,40034.0,34.5,74.85714285714286,7.0,storage,VA,Dominion,Withdrawn,battery
AG2-021,2020-10-23,Crossroads 13.2 kV,15248.0,13.2,92.0,3.0,solar,PA,ME,Withdrawn,gen
AG2-022,2020-10-23,Ebenezer 12.47 kV,37234.0,47.0,83.81818181818181,3.0,solar,PA,PPL,Withdrawn,gen
AG2-023,2020-10-23,Mechanicsburg 12.47 kV,5163.0,47.0,86.375,3.0,solar,PA,PPL,Withdrawn,gen
AG2-024,2020-10-23,Allen 13.2 kV,4343.0,13.2,92.0,3.0,solar,PA,ME,Withdrawn,gen
AG2-025,2020-10-23,Mountain 13.2 kV,13461.0,13.2,92.0,3.0,solar,PA,ME,Withdrawn,gen
AG2-026,2020-10-23,Leesport 34.5 kV,13943.0,34.5,74.35294117647058,3.0,solar,PA,ME,Withdrawn,gen
AG2-027,2020-10-23,Orrtanna 13.2 kV,15245.0,13.2,92.0,3.0,solar,PA,ME,Withdrawn,gen
AG2-028,2020-10-23,Lincoln 13.2 kV,13460.0,13.2,92.0,3.0,solar,PA,ME,Withdrawn,gen
AG2-029 - moved to TC2,2020-10-23,Forest G. Hipple-Dunton Lake 345 kV,31981.0,345.0,74.0,250.0,solar,IN,AEP,Active,gen
AG2-030,2020-10-27,White Stone-Harmony Village 115 kV,33193.0,115.0,100.0,,other,,Dominion,Withdrawn,gen
AG2-031,2020-10-30,East Canton-Robertsville 69 kV,37488.0,69.0,87.5,49.9,solar,OH,AEP,Withdrawn,gen
AG2-032,2020-10-30,Mannington 230 kV,33147.0,230.0,73.6842105263158,60.0,hybrid,NJ,AEC,Withdrawn,gen
AG2-033,2020-11-04,Southwest Lima-West Moulton 138 kV,26860.0,138.0,100.0,137.0,solar,OH,AEP,Withdrawn,gen
AG2-034,2020-11-04,Emporia-Pleasant Hill 115 kV,5741.0,115.0,100.0,150.0,hybrid,VA,Dominion,Withdrawn,gen
AG2-035 - moved to TC2,2020-11-11,Salem - Woodstown 69 kV,23484.0,69.0,100.0,71.0,hybrid,NJ,AEC,Withdrawn,gen
AG2-036,2020-11-13,Mantua 12 kV,26746.0,12.0,63.42857142857143,10.0,solar,NJ,AEC,Withdrawn,gen
AG2-037 - moved to TC2,2020-11-13,Findlay-Clinton 23 kV,13557.0,23.0,92.0,4.7,solar,PA,DL,Active,gen
AG2-038,2020-11-16,Boyers DP 25 kV,7444.0,25.0,58.66666666666667,5.0,solar,PA,PENELEC,Withdrawn,gen
AG2-039,2020-11-16,Erie West-Fairview East 34.5 kV,13323.0,34.5,92.0,19.8,solar,PA,PENELEC,Withdrawn,gen
AG2-040,2020-11-16,Garman-Greenwich Mine 34.5 kV,13890.0,34.5,92.0,19.8,solar,PA,PENELEC,Withdrawn,gen
AG2-041,2020-11-16,Jamestown Tap-Maysville 69 kV,56744.0,69.0,76.92307692307693,19.8,solar,PA,ATSI,Withdrawn,gen
AG2-042,2020-11-17,,,138.0,0.0,,solar,NJ,PSEG,Withdrawn,gen
AG2-043,2020-11-17,,,138.0,0.0,,solar,NJ,PSEG,Withdrawn,gen
AG2-044,2020-11-17,,,138.0,0.0,,solar,NJ,PSEG,Withdrawn,gen
AG2-045,2020-11-17,,,138.0,0.0,,solar,NJ,PSEG,Withdrawn,gen
AG2-046,2020-11-17,,,138.0,0.0,,solar,NJ,PSEG,Withdrawn,gen
AG2-047,2020-11-17,,,138.0,0.0,,solar,NJ,PSEG,Withdrawn,gen
AG2-048,2020-11-17,,,138.0,0.0,,solar,NJ,AEC,Withdrawn,gen
AG2-049 - moved to TC2,2020-11-20,Van Dorn 34.5 kV,7681.0,34.5,72.0,20.0,other,VA,Dominion,Engineering and Procurement,gen
AG2-050,2020-11-25,Randle Cliff 13.8 kV,15700.0,13.8,72.0,,other,MD,BGE,In Service,gen
AG2-051,2020-12-02,St. Johns DP 115 kV,33104.0,115.0,100.0,20.0,solar,VA,Dominion,Withdrawn,gen
AG2-052 5090276,2020-12-03,NIPS-PJM,16691.0,138.0,66.66666666666667,,other,,,Confirmed,gen
AG2-053 - moved to TC2,2020-12-02,Fulton 138 kV,18376.0,138.0,92.0,300.0,solar,OH,ATSI,Withdrawn,gen
AG2-054 - moved to TC2,2020-12-02,Fulton 138 kV,18376.0,138.0,92.0,400.0,storage,OH,ATSI,Withdrawn,battery
AG2-055,2020-12-04,Deans 500 kV,29509.0,500.0,100.0,1300.0,wind,NJ,PSEG,Withdrawn,gen
AG2-056,2020-12-04,Gore 138 kV,13316.0,138.0,77.0,20.0,solar,VA,APS,Withdrawn,gen
AG2-057 - moved to TC2,2020-12-07,Cardington-Liberty 69 kV II,39992.0,69.0,84.21052631578947,74.0,solar,OH,ATSI,Active,gen
AG2-058,2020-12-08,Harmony Village-White Marsh 115 kV,33194.0,115.0,100.0,70.0,solar,VA,Dominion,Withdrawn,gen
AG2-059,2020-12-08,Clubhouse-Lakeview 230 kV,33432.0,230.0,100.0,80.0,solar,VA,Dominion,Withdrawn,gen
AG2-060,2020-12-10,Hanover-Plymouth 69 kV,33126.0,69.0,92.0,12.6,solar,PA,UGI,Withdrawn,gen
AG2-061 - moved to TC2,2020-12-11,Dana 345 kV,48328.0,345.0,75.33333333333333,200.0,storage,IL,ComEd,Active,battery
AG2-062 - moved to TC2,2020-12-15,William 138 kV,19521.0,138.0,92.0,147.0,wind,WV,APS,Active,gen
AG2-063 - moved to TC2,2020-12-16,North Hampton 69 kV,33138.0,69.0,85.33333333333333,54.0,solar,OH,ATSI,Withdrawn,gen
AG2-064,2020-12-17,St Johns DP 115 kV,33104.0,115.0,100.0,41.0,solar,VA,Dominion,Withdrawn,gen
AG2-065,2020-12-28,River Ridge 34.5 kV,31647.0,34.5,72.0,20.0,storage,VA,Dominion,Withdrawn,battery
AG2-066,2020-12-28,Rockcastle 138 kV,32254.0,138.0,100.0,20.0,solar,VA,AEP,Withdrawn,gen
AG2-067,2020-12-30,Heritage - Wake 500 kV,33355.0,500.0,86.11764705882352,50.0,solar,VA,Dominion,Withdrawn,gen
AG2-068 - moved to TC2,2020-12-30,Heritage - Wake 500 kV,33355.0,500.0,86.11764705882352,100.0,solar,VA,Dominion,Active,gen
AG2-069 - moved to TC2,2020-12-30,Heritage - Wake 500 kV,33355.0,500.0,86.11764705882352,250.0,solar,VA,Dominion,Active,gen
AG2-070,2020-12-30,Chickhominy-Surry 500 kV,32812.0,500.0,95.65217391304348,325.0,hybrid,VA,Dominion,Withdrawn,gen
AG2-071,2020-12-31,Cumberland 12 kV,4083.0,12.0,92.0,3.0,solar,NJ,AEC,Withdrawn,gen
AG2-072 - moved to TC2,2021-01-06,Rockport 765 kV,40294.0,765.0,100.0,700.0,gas,IN,AEP,Active,gen
AG2-073 - moved to TC2,2021-01-11,Crooksville 69 kV,6157.0,69.0,100.0,53.0,solar,KY,EKPC,Active,gen
AG2-074 - moved to TC2,2021-01-15,Meckesville Tap 69kV,56744.0,69.0,76.0,38.0,solar,PA,PPL,Active,gen
AG2-075,2021-01-19,Hartland 12.47 kV,47317.0,47.0,83.81818181818181,3.0,solar,OH,PPL,Withdrawn,gen
AG2-076,2021-01-19,Raritan River 230 kV,26617.0,230.0,69.56521739130434,660.0,other,NJ,JCPL,Withdrawn,gen
AG2-077 - moved to TC2,2021-01-19,Clover-Rawlings 500 kV,32642.0,500.0,100.0,700.0,solar,VA,Dominion,Active,gen
AG2-078,2021-01-20,Lappans 34.5 kV,14823.0,34.5,64.72727272727273,20.0,solar,MD,APS,Withdrawn,gen
AG2-079,2021-01-20,Clearville-Clearville Junction 34.5 kV,12400.0,34.5,82.0,20.0,solar,PA,APS,Withdrawn,gen
AG2-080 - moved to TC2,2021-01-21,Lexington 115 kV,32885.0,115.0,100.0,100.0,storage,VA,Dominion,Withdrawn,battery
AG2-081 - moved to TC2,2021-01-21,Avon - Renaker 138 kV,3423.0,138.0,92.0,30.0,solar,KY,EKPC,Active,gen
AG2-082 - moved to TC2,2021-01-22,Nottingham 138 kV,33918.0,138.0,100.0,200.0,solar,OH,AEP,Active,gen
AG2-083,2021-01-22,Greentown 138 kV,15947.0,138.0,100.0,300.0,solar,IN,AEP,Withdrawn,gen
AG2-084 - moved to TC2,2021-01-22,Greentown 138 kV,15947.0,138.0,100.0,100.0,storage,IN,AEP,Withdrawn,battery
AG2-085 - moved to TC2,2021-01-22,Delaware-Royerton 138 kV,13775.0,138.0,100.0,140.0,solar,IN,AEP,Withdrawn,gen
AG2-086 - moved to TC2,2021-01-22,Mt. Jackson DP-Mt. Jackson 115 kV,32630.0,115.0,96.2962962962963,75.0,hybrid,VA,Dominion,Active,gen
AG2-087,2021-01-05,Pennsauken 12 kV,55029.0,12.0,55.63636363636363,2.49,solar,NJ,PSEG,Withdrawn,gen
AG2-088 - moved to TC2,2021-01-26,Midlothian 230 kV,7352.0,230.0,100.0,150.0,storage,VA,Dominion,Active,battery
AG2-089,2021-01-26,Pelikan-Kennaloyal 25 kV,20765.0,25.0,58.66666666666667,10.0,solar,PA,APS,Withdrawn,gen
AG2-090 - moved to TC2,2021-01-26,Scalp Level 23 kV IV,13235.0,23.0,92.0,14.0,solar,PA,PENELEC,Withdrawn,gen
AG2-091 - moved to TC2,2021-01-26,Scalp Level 23 kV V,13235.0,23.0,92.0,20.0,solar,PA,PENELEC,Withdrawn,gen
AG2-092 - moved to TC2,2021-01-26,Todd 69 kV,13110.0,69.0,100.0,50.0,solar,MD,DPL,Withdrawn,gen
AG2-093 - moved to TC2,2021-01-26,"Spruance Genco, LLC",33093.0,138.0,70.0,100.0,hybrid,VA,Dominion,Withdrawn,gen
AG2-094 - moved to TC2,2021-01-27,Summer Shade-Green County 161 kV,40455.0,161.0,100.0,150.0,solar,KY,EKPC,Withdrawn,gen
AG2-095 - moved to TC2,2021-01-28,Hopewell 34.5 kV (Circuit 313),13478.0,34.5,92.0,18.0,solar,VA,Dominion,Active,gen
AG2-096 - moved to TC2,2021-01-28,Dauphin PG Tie-Dauphin Juniata Tie 69 kV,6188.0,69.0,56.0,55.0,storage,PA,PPL,Withdrawn,battery
AG2-097,2021-01-28,Altoona-Raystown 230 kV II,31896.0,230.0,100.0,80.0,storage,PA,PENELEC,Withdrawn,battery
AG2-098 - moved to TC2,2021-01-28,Copperstone-North Lebanon 230 kV II,42819.0,230.0,100.0,70.0,storage,PA,ME,Withdrawn,battery
AG2-099 - moved to TC2,2021-01-28,Moshannon-Milesburg 230 kV V,31895.0,230.0,100.0,161.98,storage,PA,APS,Withdrawn,battery
AG2-100 - moved to TC2,2021-01-28,Moshannon-Milesburg 230 kV VI,31895.0,230.0,100.0,161.98,storage,PA,APS,Withdrawn,battery
AG2-101,2021-01-28,Princess Anne–Loretto 69 kV ,6602.0,69.0,92.0,58.6,solar,MD,DPL,Withdrawn,gen
AG2-102,2021-01-28,Oak Hall-Perdue 69 kV,11635.0,69.0,100.0,20.0,hybrid,VA,ODEC,Withdrawn,gen
AG2-103,2021-01-28,Oak Hall-Hallwood 69 kV,11635.0,69.0,100.0,20.0,hybrid,VA,ODEC,Withdrawn,gen
AG2-104 - moved to TC2,2021-01-29,Marysville-Flatlick 765 kV,38712.0,765.0,100.0,200.0,solar,OH,AEP,Active,gen
AG2-105,2021-01-29,Marysville-Flatlick 765 kV,38712.0,765.0,100.0,800.0,solar,OH,AEP,Withdrawn,gen
AG2-106 - moved to TC2,2021-01-29,Marysville-Flatlick 765 kV,38712.0,765.0,100.0,800.0,storage,OH,AEP,Active,battery
AG2-107 - moved to TC2,2021-01-29,Marysville-Flatlick 765 kV,38712.0,765.0,100.0,800.0,storage,OH,AEP,Active,battery
AG2-108,2021-01-29,Milford-Cool Springs 230 kV,16007.0,230.0,100.0,460.0,wind,DE,DPL,Withdrawn,gen
AG2-109 - moved to TC2,2021-01-29,Fitchville-New London 69 kV,48316.0,69.0,73.6842105263158,40.0,solar,OH,ATSI,Active,gen
AG2-110,2021-01-29,Marysville-Tangy 345 kV,38712.0,345.0,100.0,300.0,storage,OH,AEP,Withdrawn,battery
AG2-111 - moved to TC2,2021-01-29,Perth 34.5 kV Substation (Circuit 408),32918.0,34.5,92.0,14.5,solar,VA,Dominion,Withdrawn,gen
AG2-112 - moved to TC2,2021-01-29,Perth 34.5 kV Substation (Circuit 404),32918.0,34.5,92.0,15.2,solar,VA,Dominion,Withdrawn,gen
AG2-113,2021-01-29,Nokesville-Vint Hill 230 kV,38398.0,230.0,85.71428571428572,150.0,storage,VA,Dominion,Withdrawn,battery
AG2-114 - moved to TC2,2021-01-29,Dresden-Pontiac Midpoint 345 kV,38491.0,345.0,100.0,100.0,solar,IL,ComEd,Active,gen
AG2-115,2021-01-29,Mt. Hermon 25 kV,13120.0,25.0,92.0,8.47,solar,MD,DPL,Withdrawn,gen
AG2-116 - moved to TC2,2021-01-29,Olive-Reynolds 345 #1 345 kV,32980.0,345.0,100.0,300.0,hybrid,IN,AEP,Withdrawn,gen
AG2-117,2021-01-29,Olive-Reynolds #2 345 kV,32980.0,345.0,100.0,100.0,hybrid,IN,AEP,Withdrawn,gen
AG2-118,2021-01-29,Ford-Cedarville 138 kV,33902.0,138.0,100.0,84.0,solar,OH,DEOK,Withdrawn,gen
AG2-119 - moved to TC2,2021-01-29,Galion-Roberts South 138 kV II,5092.0,138.0,100.0,80.0,solar,OH,ATSI,Active,gen
AG2-120 - moved to TC2,2021-01-29,Everetts 34.5 kV,3203.0,34.5,92.0,21.0,solar,NC,Dominion,Withdrawn,gen
AG2-121 - moved to TC2,2021-01-29,Mackeys 230 kV,3417.0,230.0,100.0,140.0,storage,NC,Dominion,Active,battery
AG2-122,2021-01-29,Crystal Hill - Halifax 115 kV,5851.0,115.0,100.0,64.7,hybrid,VA,Dominion,Withdrawn,gen
AG2-123,2021-01-29,Sedge Hill - Person 230 kV,13372.0,230.0,69.5,75.1,hybrid,VA,Dominion,Withdrawn,gen
AG2-124 - moved to TC2,2021-01-29,Shackleford-Harmony 115 kV,33186.0,115.0,66.66666666666667,149.9,solar,VA,Dominion,Active,gen
AG2-125 - moved to TC2,2021-01-29,Camden-Crystal 69 kV,29531.0,69.0,92.0,69.9,solar,OH,Dayton,Active,gen
AG2-126 - moved to TC2,2021-01-29,Eugene 345 kV,14309.0,345.0,100.0,150.0,hybrid,IN,AEP,Active,gen
AG2-127,2021-01-29,Gladstone 138 kV,3220.0,138.0,72.0,100.0,storage,VA,AEP,Withdrawn,battery
AG2-128,2021-01-30,Rawlings-Clover 500 kV,22498.0,500.0,72.0,150.0,storage,VA,Dominion,Withdrawn,battery
AG2-129,2021-01-30,Rawlings-Clover 500 kV,22498.0,500.0,72.0,150.0,storage,VA,Dominion,Withdrawn,battery
AG2-130 - moved to TC2,2021-02-02,Colby Tap-Valley 138 kV,16469.0,138.0,88.88888888888889,55.0,hybrid,MI,AEP,Withdrawn,gen
AG2-131 - moved to TC2,2021-02-01,Almena-Valley 69 kV,17077.0,69.0,100.0,40.0,solar,MI,AEP,Withdrawn,gen
AG2-132 - moved to TC2,2021-02-01,Hartford-South Haven 69 kV,17067.0,69.0,100.0,15.0,solar,MI,AEP,Withdrawn,gen
AG2-133,2021-01-31,South Creek 69 kV,29440.0,69.0,76.92307692307692,52.44,solar,VA,Dominion,Withdrawn,gen
AG2-134,2021-02-03,,,138.0,0.0,5.0,solar,PA,PPL,Withdrawn,gen
AG2-135,2021-02-04,Hoffman Estates 12.5 kV,26623.0,12.5,50.33333333333333,0.28,storage,OH,ComEd,Withdrawn,battery
AG2-136,2021-02-04,Lake Lynn-Lardin 138 kV,13312.0,138.0,86.15384615384616,119.6,solar,PA,APS,Withdrawn,gen
AG2-137,2021-02-08,Surry-Chuckatuck 230 kV,33170.0,230.0,100.0,70.0,solar,VA,Dominion,Withdrawn,gen
AG2-138,2021-02-09,Olive-University Park 345 kV,32980.0,345.0,100.0,,other,IN,AEP,Withdrawn,gen
AG2-139,2021-02-09,Lincoln 771-4 13.2 kV,13460.0,13.2,81.0909090909091,3.0,solar,PA,ME,Withdrawn,gen
AG2-140,2021-02-11,Wylie Ridge 345 kV,35523.0,345.0,100.0,,other,,APS,Withdrawn,gen
AG2-141,2021-02-11,Wylie Ridge-Toronto 345 kV,35523.0,345.0,100.0,,other,PA,APS,Withdrawn,gen
AG2-142,2021-02-12,Bowman's Mill 69 kV,29641.0,69.0,71.23076923076923,13.0,solar,PA,PPL,Withdrawn,gen
AG2-143 - moved to TC2,2021-02-16,Burma-Sligo 25 kV,14012.0,25.0,92.0,20.0,solar,PA,APS,Withdrawn,gen
AG2-144,2021-02-16,Carlls Corner 12 kV,19719.0,12.0,92.0,1.5,solar,NJ,AEC,Withdrawn,gen
AG2-145,2021-01-29,Page-Bethel 138 kV,31885.0,138.0,100.0,100.0,hybrid,VA,APS,Withdrawn,gen
AG2-146,2021-02-22,Werner 230 kV-Ravenwood 345 kV,19533.0,230.0,100.0,1242.0,other,NJ,JCPL,Withdrawn,gen
AG2-147,2021-02-22,Pontiac Midpoint 34.5kV ,13202.0,34.5,92.0,20.0,solar,IL,ComEd,Withdrawn,gen
AG2-148 - moved to TC2,2021-02-22,S Berwick - Galion 345 kV,37618.0,345.0,100.0,86.0,storage,OH,AEP,Withdrawn,battery
AG2-149 - moved to TC2,2021-02-22,Galion-South Berwick 345 kV,36835.0,345.0,100.0,400.0,solar,OH,AEP,Withdrawn,gen
AG2-150 - moved to TC2,2021-02-23,River Dock 23 kV,18266.0,23.0,79.5,5.25,other,PA,DL,Withdrawn,gen
AG2-151 - moved to TC2,2021-02-23,Trices Lake - James River Tap 115 kV,15080.0,115.0,63.1578947368421,100.0,solar,VA,Dominion,Active,gen
AG2-152 - moved to TC2,2021-02-23,Banister-Bear Skin 138 kV,32888.0,138.0,100.0,131.0,solar,VA,AEP,Active,gen
AG2-153,2021-02-24,Headquarters-Sideview 69 kV,12317.0,69.0,100.0,75.0,solar,KY,EKPC,Withdrawn,gen
AG2-154,2021-02-25,Danville 12 kV,14262.0,12.0,92.0,1.0,solar,PA,PPL,Withdrawn,gen
AG2-155,2021-02-25,Linden 12 kV,19239.0,12.0,92.0,2.8,solar,PA,PPL,Withdrawn,gen
AG2-156,2021-02-25,Montgomery 12 kV,31497.0,12.0,92.0,5.1,solar,PA,PPL,Withdrawn,gen
AG2-157,2021-02-25,Ashfield 12 kV,14010.0,12.0,74.35294117647058,1.5,solar,PA,PPL,Withdrawn,gen
AG2-158,2021-02-25,,,138.0,0.0,44.0,hybrid,KY,EKPC,Withdrawn,gen
AG2-159 - moved to TC2,2021-02-25,Williamstown 69 kV,31832.0,69.0,100.0,61.0,hybrid,KY,EKPC,Withdrawn,gen
AG2-160,2021-02-25,,,138.0,0.0,53.0,hybrid,KY,EKPC,Withdrawn,gen
AG2-161 - moved to TC2,2021-02-25,Wheelabrator Frackville-Gilberton 69 kV,15354.0,69.0,93.0,43.0,solar,PA,PPL,Withdrawn,gen
AG2-162 - moved to TC2,2021-02-25,Jefferson-Greentown 765 kV,32562.0,765.0,100.0,115.0,solar,IN,AEP,Withdrawn,gen
AG2-163 - moved to TC2,2021-02-25,Dequine-Eugene 345 kV,39168.0,345.0,100.0,700.0,solar,IN,AEP,Active,gen
AG2-164 - moved to TC2,2021-02-25,Jefferson-Greentown 765 kV,32562.0,765.0,100.0,385.0,solar,IN,AEP,Withdrawn,gen
AG2-165 - moved to TC2,2021-02-25,Dumont-Greentown 765 kV,38419.0,765.0,100.0,200.0,solar,IN,AEP,Withdrawn,gen
AG2-166 - moved to TC2,2021-02-25,Newville-Nottingham Tap 1 69 kV,15665.0,69.0,84.21052631578947,10.0,solar,PA,PPL,Active,gen
AG2-167,2021-02-25,Morgan Street-Cochranton 34.5 kV,13325.0,34.5,92.0,20.0,solar,PA,PENELEC,Withdrawn,gen
AG2-168,2021-02-26,Clinch River-Copper Ridge 138 kV ,36796.0,138.0,100.0,95.0,solar,VA,AEP,Withdrawn,gen
AG2-169,2021-02-26,Buckingham-Bremo 230 kV,7400.0,230.0,100.0,70.0,solar,VA,Dominion,Withdrawn,gen
AG2-170,2021-02-26,Whitewater Valley Power Station 69 kV,29434.0,69.0,77.0,88.0,solar,IN,AEP,Withdrawn,gen
AG2-171 - moved to TC2,2021-02-26,Lunenburg - Nutbush 115 kV,5367.0,115.0,73.6842105263158,60.0,solar,VA,Dominion,Active,gen
AG2-172,2021-02-26,Kittatinny 230 kV,19240.0,230.0,100.0,450.0,other,NJ,JCPL,Withdrawn,gen
AG2-173,2021-02-26,Twin Branch-Meridian 345 kV,32968.0,345.0,100.0,200.0,solar,IN,AEP,Withdrawn,gen
AG2-174,2021-02-26,Jack Frost-Lake Harmony 69 kV,31759.0,69.0,100.0,20.0,solar,PA,PPL,Withdrawn,gen
AG2-175,2021-02-26,Van Wert-Delphos 69 kV,37318.0,69.0,58.82352941176471,65.0,hybrid,OH,AEP,Withdrawn,gen
AG2-176 - moved to TC2,2021-02-26,Geneva 115 kV,13324.0,115.0,100.0,150.0,solar,PA,PENELEC,Active,gen
AG2-177,2021-02-26,Limecrest-Woodruff's Gap 34.5 kV,38586.0,34.5,58.66666666666667,8.0,solar,NJ,JCPL,Withdrawn,gen
AG2-178,2021-02-26,Remington 34.5 kV,33147.0,34.5,92.0,14.125,solar,VA,Dominion,Withdrawn,gen
AG2-179 - moved to TC2,2021-02-26,Sewellton Junction 69 kV,13253.0,69.0,58.66666666666667,60.0,hybrid,KY,EKPC,Withdrawn,gen
AG2-180,2021-02-26,Paulsboro 69 kV,14591.0,69.0,73.6842105263158,79.0,gas,NJ,AEC,Withdrawn,gen
AG2-181 - moved to TC2,2021-02-26,Airey - Golden Hill 69 kV,5135.0,69.0,72.72727272727273,28.0,solar,MD,DPL,Withdrawn,gen
AG2-182 - moved to TC2,2021-02-26,Doubs-Bismark 500 kV,31630.0,500.0,100.0,200.0,solar,VA,Dominion,Active,gen
AG2-183,2021-02-26,,,138.0,0.0,45.0,solar,KY,EKPC,Withdrawn,gen
AG2-184 - moved to TC2,2021-02-27,Harbert Metering 138 kV,11529.0,138.0,83.125,210.0,solar,KY,AEP,Active,gen
AG2-185,2021-02-26,Effort Mountain-Gilbert 138 kV,53594.0,138.0,100.0,40.0,solar,PA,PPL,Withdrawn,gen
AG2-186,2021-02-26,Effort Mountain-Gilbert 138 kV,53594.0,138.0,100.0,45.2,solar,PA,PPL,Withdrawn,gen
AG2-187,2021-02-26,Amherst-Riverville 138 kV,11464.0,138.0,100.0,115.0,storage,VA,AEP,Withdrawn,battery
AG2-188 - moved to TC2,2021-02-27,Farmville - Buckingham 230 kV,3265.0,230.0,100.0,140.0,solar,VA,Dominion,Withdrawn,gen
AG2-189 - moved to TC2,2021-02-27,Washington-Furnace Brook Tap 34.5 kV,15621.0,34.5,92.0,19.8,solar,NJ,JCPL,Withdrawn,gen
AG2-190,2021-02-27,Huffman 138 kV,32619.0,138.0,100.0,77.4,solar,VA,AEP,Withdrawn,gen
AG2-191 - moved to TC2,2021-02-27,Mississinewa 138 kV,13733.0,138.0,100.0,30.0,hybrid,IN,AEP,Active,gen
AG2-192 - moved to TC2,2021-02-27,Mississinewa 138 kV,13733.0,138.0,100.0,19.0,hybrid,IN,AEP,Active,gen
AG2-193 - moved to TC2,2021-02-27,Turner 34.5 kV,839.0,34.5,92.0,20.0,solar,VA,Dominion,Active,gen
AG2-194,2021-02-27,Pierce-Kyger Creek 345 kV,5027.0,345.0,100.0,170.0,solar,OH,OVEC,Withdrawn,gen
AG2-195,2021-02-27,Dowling 138 kV,41837.0,138.0,100.0,53.0,solar,OH,ATSI,Withdrawn,gen
AG2-196,2021-02-28,,,138.0,0.0,9.3,solar,MD,BGE,Withdrawn,gen
AG2-197,2021-02-28,Nelson- Electrical Junction 345 kV ,20754.0,345.0,100.0,295.9,wind,IL,ComEd,Withdrawn,gen
AG2-198 - moved to TC2,2021-02-28,Briery - Finneywood 230 kV,26634.0,230.0,66.66666666666667,80.0,solar,VA,Dominion,Active,gen
AG2-199,2021-03-01,Birchwood-NUG 230 kV,32817.0,230.0,100.0,55.0,solar,VA,Dominion,Withdrawn,gen
AG2-200 - moved to TC2,2021-03-02,North Warren - Russell 34.5 kV,13365.0,34.5,79.5,17.0,solar,PA,PENELEC,Active,gen
AG2-201,2021-03-02,Carwick Junction 25 kV,31711.0,25.0,58.66666666666667,15.0,solar,PA,APS,Withdrawn,gen
AG2-202 - moved to TC2,2021-03-04,Reusens 12.47 kV,11451.0,47.0,83.0,20.0,storage,VA,AEP,Withdrawn,battery
AG2-203,2021-03-04,Perkins Park 12.47 kV,13015.0,47.0,54.94117647058823,20.0,storage,VA,AEP,Withdrawn,battery
AG2-204,2021-03-04,Athenia 26 kV,21958.0,26.0,92.0,20.0,storage,NJ,PSEG,Withdrawn,battery
AG2-205,2021-03-06,Bonney Forge 23 kV,13406.0,23.0,58.66666666666667,3.7,solar,PA,PENELEC,Withdrawn,gen
AG2-206 - moved to TC2,2021-03-04,Tennessee Gas-East Towanda 115 kV,13370.0,115.0,87.72727272727273,48.0,solar,PA,PENELEC,Withdrawn,gen
AG2-207,2021-03-04,Brandon Shores 230 kV,13136.0,230.0,100.0,275.0,storage,MD,BGE,Withdrawn,battery
AG2-208 - moved to TC2,2021-03-05,Greenwood DP - St. Johns DP 115 kV,14930.0,115.0,84.5,70.0,solar,VA,Dominion,Withdrawn,gen
AG2-209,2021-03-05,Greenwood DP - St. Johns DP 115 kV,14930.0,115.0,84.5,70.0,hybrid,VA,Dominion,Withdrawn,gen
AG2-210,2021-03-05,,,138.0,0.0,70.0,solar,VA,Dominion,Withdrawn,gen
AG2-211,2021-03-05,,,138.0,0.0,70.0,solar,VA,Dominion,Withdrawn,gen
AG2-212 - moved to TC2,2021-03-08,Dumont-Greentown 765 kV,38419.0,765.0,100.0,400.0,solar,IN,AEP,Withdrawn,gen
AG2-213 - moved to TC2,2021-03-08,Gary D.P Tap - Gary D.P 115 kV,56730.0,115.0,69.5,80.0,solar,VA,Dominion,Active,gen
AG2-214,2021-03-08,Red House D.P - Sugar Hill 115 kV,13848.0,115.0,72.0,60.0,solar,VA,Dominion,Withdrawn,gen
AG2-215 - moved to TC2,2021-03-09,Garner DP-Lancaster 115 kV,7446.0,115.0,100.0,196.0,solar,VA,Dominion,Withdrawn,gen
AG2-216 - moved to TC2,2021-03-09,East Sidney-Quincy 138 kV,5107.0,138.0,100.0,144.0,solar,OH,Dayton,Active,gen
AG2-217,2021-03-09,Watkins Corner 34.5 kV,40034.0,34.5,74.85714285714286,20.0,storage,VA,Dominion,Withdrawn,battery
AG2-218,2021-03-09,La Rue 69 kV,16031.0,69.0,66.66666666666667,49.5,solar,OH,AEP,Withdrawn,gen
AG2-219 - moved to TC2,2021-03-09,Jefferson-Greentown 765 kV,32562.0,765.0,100.0,715.0,solar,IN,AEP,Withdrawn,gen
AG2-220 - moved to TC2,2021-03-10,East Towanda-South Troy 115 kV,13718.0,115.0,70.58823529411764,31.0,solar,PA,PENELEC,Withdrawn,gen
AG2-221 - moved to TC2,2021-03-10,South Troy - North Towanda 34.5 kV,13371.0,34.5,92.0,20.0,solar,PA,PENELEC,Withdrawn,gen
AG2-222,2021-03-10,Tanners Creek-Hanna 345 kV,14562.0,345.0,100.0,83.0,solar,IN,AEP,Withdrawn,gen
AG2-223,2021-03-10,Allen Junction 345 kV,5038.0,345.0,100.0,100.0,storage,OH,ATSI,Withdrawn,battery
AG2-224,2021-03-10,Essex 230 kV,19235.0,230.0,100.0,90.0,storage,NJ,PSEG,Withdrawn,battery
AG2-225,2021-03-10,Wagner 115 kV,13137.0,115.0,100.0,135.0,storage,MD,BGE,Withdrawn,battery
AG2-226,2021-03-11,Martins Creek 69 kV II,13453.0,69.0,100.0,52.0,storage,PA,PPL,Withdrawn,battery
AG2-227,2021-03-11,Harwood 69 kV,13294.0,69.0,92.0,33.0,storage,PA,PPL,Withdrawn,battery
AG2-228 - moved to TC2,2021-03-12,Washington-Furnace Brook Tap 34.5kV,15621.0,34.5,92.0,11.2,solar,NJ,JCPL,Withdrawn,gen
AG2-229,2021-03-12,Floyd 138 kV,33921.0,138.0,100.0,20.0,storage,VA,AEP,Withdrawn,battery
AG2-230 - moved to TC2,2021-03-12,Dumont 345 kV,38419.0,345.0,100.0,150.0,solar,IN,AEP,Active,gen
AG2-231,2021-03-13,Arrowhead 12 kV,48327.0,12.0,62.58823529411764,10.0,solar,PA,PPL,Withdrawn,gen
AG2-232,2021-03-12,Saint Thomas - CNG 34.5 kV,16881.0,34.5,58.66666666666667,10.0,solar,PA,APS,Withdrawn,gen
AG2-233,2021-03-15,Montgomery Hydroelectric 23 kV,31497.0,23.0,74.5,20.0,other,PA,DL,Withdrawn,gen
AG2-234,2021-03-15,Neville 23 kV,1436.0,23.0,79.5,20.0,other,PA,DL,Withdrawn,gen
AG2-235,2021-03-15,Lincoln-Berrywood 69 kV,13460.0,69.0,100.0,73.0,solar,OH,AEP,Withdrawn,gen
AG2-236 - moved to TC2,2021-03-15,Potter-Harlan 69 kV,15787.0,69.0,90.9090909090909,60.0,solar,PA,ATSI,Engineering and Procurement,gen
AG2-237 - moved to TC2,2021-03-16,Thelma 230kV,3221.0,230.0,100.0,143.0,storage,NC,Dominion,Withdrawn,battery
AG2-238 - moved to TC2,2021-03-16,Earleys 230 kV,3185.0,230.0,100.0,99.9,storage,NC,Dominion,Active,battery
AG2-239 - moved to TC2,2021-03-16,Hickory-Shawboro 230 kV,32309.0,230.0,100.0,120.0,storage,NC,Dominion,Withdrawn,battery
AG2-240 - moved to TC2,2021-03-16,Old Church 34.5 kV,32816.0,34.5,92.0,25.0,storage,VA,Dominion,Active,battery
AG2-241,2021-03-16,Roadstown 69 kV,4558.0,69.0,77.77777777777779,47.0,solar,NJ,AEC,Withdrawn,gen
AG2-242,2021-03-16,Olive-University Park 345 kV,32980.0,345.0,100.0,,other,IN,AEP,Withdrawn,gen
AG2-243,2021-03-16,Rome-Orwell 36 kV,15393.0,36.0,92.0,20.0,solar,OH,ATSI,Withdrawn,gen
AG2-244,2021-03-16,Winfield-Presrite Corp 36 kV,954.0,36.0,92.0,20.0,solar,OH,ATSI,Withdrawn,gen
AG2-245 - moved to TC2,2021-03-16,Olive - Reynolds #1 345 kV,32980.0,345.0,100.0,210.0,solar,IN,AEP,Active,gen
AG2-246,2021-01-29,Whitehouse-Lone Gum 138 kV,1841.0,138.0,69.77777777777779,102.1,hybrid,VA,AEP,Withdrawn,gen
AG2-247 - moved to TC2,2021-03-17,Northwestern REC Dixonburg-Vernon 34.5 kV,45338.0,34.5,55.63636363636363,20.0,solar,PA,PENELEC,Withdrawn,gen
AG2-248 - moved to TC2,2021-03-17,East Elkhart - Elcona Tap 138 kV,12852.0,138.0,94.11764705882352,100.0,storage,IN,AEP,Active,battery
AG2-249 - moved to TC2,2021-03-17,Stoneboro-Perry 69 kV,19523.0,69.0,72.0,20.0,solar,PA,ATSI,Withdrawn,gen
AG2-250 - moved to TC2,2021-03-17,Stoneboro-Perry 69 kV II,19523.0,69.0,72.0,40.0,solar,PA,ATSI,Withdrawn,gen
AG2-251,2021-03-18,Dilworth 69 kV,29986.0,69.0,75.0,29.0,solar,OH,ATSI,Withdrawn,gen
AG2-252,2021-03-18,Dilworth 69 kV II,29986.0,69.0,75.0,49.0,solar,OH,ATSI,Withdrawn,gen
AG2-253,2021-03-18,Dilworth 69 kV III,29986.0,69.0,75.0,69.0,solar,OH,ATSI,Withdrawn,gen
AG2-254,2021-03-18,New Lisbon 12.47 kV,17880.0,47.0,58.66666666666667,4.0,solar,NJ,JCPL,Withdrawn,gen
AG2-255,2021-03-18,South Hampton 13 kV,33138.0,13.0,85.33333333333333,4.0,solar,NJ,PSEG,Withdrawn,gen
AG2-256,2021-03-18,,,138.0,0.0,8.0,solar,NJ,PSEG,Withdrawn,gen
AG2-257,2021-03-18,,,138.0,0.0,8.0,solar,NJ,JCPL,Withdrawn,gen
AG2-258,2021-03-19,Carson – Rogers Road 500 kV,33483.0,500.0,100.0,100.0,solar,VA,Dominion,Withdrawn,gen
AG2-259,2021-03-19,Sherwood - Kidds Store 115 kV,31900.0,115.0,100.0,80.0,solar,VA,Dominion,Withdrawn,gen
AG2-260 - moved to TC2,2021-03-18,Crystal Hill - Perth 115 kV,5851.0,115.0,100.0,149.0,solar,VA,Dominion,Withdrawn,gen
AG2-261,2021-03-18,Lake View - Clubhouse 230 kV,3222.0,230.0,80.0,175.0,solar,VA,Dominion,Withdrawn,gen
AG2-262 - moved to TC2,2021-03-18,Dryburg 115 kV,34568.0,115.0,75.0,47.0,solar,VA,Dominion,Active,gen
AG2-263,2021-03-19,Jeffersonville-South Charleston 69 kV,15098.0,69.0,77.55555555555556,40.0,hybrid,OH,Dayton,Withdrawn,gen
AG2-264,2021-03-19,Jeffersonville-South Charleston 69 kV,15098.0,69.0,77.55555555555556,60.0,hybrid,OH,Dayton,Withdrawn,gen
AG2-265,2021-03-19,Jeffersonville-South Charleston 69 kV,15098.0,69.0,77.55555555555556,80.0,solar,OH,Dayton,Withdrawn,gen
AG2-266,2021-03-19,National-Tangy 138 kV II,33095.0,138.0,74.0,57.0,solar,OH,ATSI,Withdrawn,gen
AG2-267,2021-03-20,Branchton 12.47 kV,23757.0,47.0,58.66666666666667,10.0,solar,PA,APS,Withdrawn,gen
AG2-268,2021-03-19,Sedge Hill 230 kV,13372.0,230.0,69.5,100.0,storage,VA,Dominion,Withdrawn,battery
AG2-269,2021-03-19,Chesterfield 230 kV,33074.0,230.0,100.0,150.0,storage,VA,Dominion,Withdrawn,battery
AG2-270 - moved to TC2,2021-03-19,Clover 230 kV,32642.0,230.0,100.0,150.0,storage,VA,Dominion,Active,battery
AG2-271,2021-03-19,Indian River 230 kV,5008.0,230.0,74.35294117647058,150.0,storage,DE,DPL,Withdrawn,battery
AG2-272 - moved to TC2,2021-03-19,Berry Hill 138 kV,39344.0,138.0,77.5,55.0,storage,VA,AEP,Active,battery
AG2-273,2021-03-19,Wurno 138 kV,32621.0,138.0,100.0,120.0,storage,VA,AEP,Withdrawn,battery
AG2-274,2021-03-19,Hebron 69 kV II,13117.0,69.0,100.0,45.8,solar,MD,DPL,Withdrawn,gen
AG2-275,2021-03-22,Southwest 230 kV,3957.0,230.0,100.0,150.0,storage,VA,Dominion,Withdrawn,battery
AG2-276,2021-03-22,Tyler 230 kV,33085.0,230.0,100.0,150.0,storage,VA,Dominion,Withdrawn,battery
AG2-277,2021-03-22,Robinson 69 kV,29632.0,69.0,83.81818181818181,40.0,hybrid,OH,Dayton,Withdrawn,gen
AG2-278,2021-03-22,Robinson 69 kV,29632.0,69.0,83.81818181818181,60.0,solar,OH,Dayton,Withdrawn,gen
AG2-279 - moved to TC2,2021-03-22,Hagerstown-Conservit 34.5 kV,13794.0,34.5,92.0,20.0,solar,MD,APS,Withdrawn,gen
AG2-280,2021-03-23,Walker 34.5 kV,17980.0,34.5,92.0,10.0,solar,PA,ME,Withdrawn,gen
AG2-281 - moved to TC2,2021-03-22,Church 138 kV,12913.0,138.0,100.0,50.0,storage,MD,DPL,Withdrawn,battery
AG2-282 - moved to TC2,2021-03-22,Kuranga Power Generator,13852.0,138.0,59.09090909090908,10.0,solar,OH,DEOK,Withdrawn,gen
AG2-283,2021-03-22,Yorktown 230 kV,33189.0,230.0,100.0,150.0,storage,VA,Dominion,Withdrawn,battery
AG2-284 - moved to TC2,2021-03-22,Catharpin 230 kV,40060.0,230.0,66.66666666666667,150.0,storage,VA,Dominion,Withdrawn,battery
AG2-285,2021-03-22,Loudoun 230 kV,6061.0,230.0,84.3076923076923,150.0,storage,VA,Dominion,Withdrawn,battery
AG2-286,2021-03-23,Clifton 230 kV,26630.0,230.0,100.0,150.0,storage,VA,Dominion,Withdrawn,battery
AG2-287,2021-03-22,Beaumeade 230 kV,32059.0,230.0,100.0,150.0,storage,VA,Dominion,Withdrawn,battery
AG2-288 - moved to TC2,2021-03-22,Stonewall 138 kV,32784.0,138.0,100.0,150.0,storage,VA,APS,Active,battery
AG2-289 - moved to TC2,2021-03-23,Amsden - Fremont Center 69 kV,48134.0,69.0,76.92307692307692,66.6,storage,OH,AEP,Active,battery
AG2-290 - moved to TC2,2021-03-22,Amsden - Fremont Center 69 kV,48134.0,69.0,76.92307692307692,105.0,storage,OH,AEP,Active,battery
AG2-291,2021-03-22,Williams Central 115 kV,25252.0,115.0,75.125,16.0,solar,PA,PENELEC,Withdrawn,gen
AG2-292,2021-03-22,Scotch Hollow 230 kV,53274.0,230.0,100.0,16.0,solar,PA,PENELEC,Withdrawn,gen
AG2-293,2021-03-22,Williams Potter Tap 115 kV,56730.0,115.0,66.73684210526315,18.0,solar,PA,PENELEC,Withdrawn,gen
AG2-294,2021-03-22,MacNew 115 kV,3417.0,115.0,61.53846153846154,18.0,solar,PA,PENELEC,Withdrawn,gen
AG2-295,2021-03-23,Price 25 kV,12917.0,25.0,92.0,15.5,solar,MD,DPL,Withdrawn,gen
AG2-296,2021-03-23,South Berwick - Galion 345 kV,37618.0,345.0,100.0,430.0,solar,OH,AEP,Withdrawn,gen
AG2-297 - moved to TC2,2021-03-23,Cumberland 230 kV,4083.0,230.0,100.0,19.0,solar,NJ,AEC,Active,gen
AG2-298 - moved to TC2,2021-03-23,Sulphur Creek-Loretto 69 kV,5037.0,69.0,70.0,35.0,solar,KY,EKPC,Active,gen
AG2-299,2021-03-23,Hurley 69 kV,7937.0,69.0,100.0,75.0,storage,VA,AEP,Withdrawn,battery
AG2-300 - moved to TC2,2021-03-23,Meadow Brook 138 kV,7686.0,138.0,100.0,100.0,storage,VA,APS,Active,battery
AG2-301,2021-03-23,Morgantown 230 kV,12825.0,230.0,100.0,150.0,storage,MD,PEPCO,Withdrawn,battery
AG2-302,2021-03-23,Dickerson 230 kV,12884.0,230.0,100.0,150.0,storage,MD,PEPCO,Withdrawn,battery
AG2-303,2021-03-23,Birchwood 230 kV,32817.0,230.0,100.0,100.0,storage,VA,Dominion,Withdrawn,battery
AG2-304 - moved to TC2,2021-03-23,Liberty 230 kV,41811.0,230.0,100.0,150.0,storage,VA,Dominion,Withdrawn,battery
AG2-305,2021-03-23,Bristers 230 kV,31655.0,230.0,92.0,100.0,storage,VA,Dominion,Withdrawn,battery
AG2-306,2021-03-23,Possum Point 230 kV,7609.0,230.0,100.0,150.0,storage,VA,Dominion,Withdrawn,battery
AG2-307,2021-03-23,Roundtable 230 kV,879.0,230.0,62.0,100.0,storage,VA,Dominion,Withdrawn,battery
AG2-308,2021-03-23,Cumberland 138 kV,4087.0,138.0,100.0,100.0,storage,MD,APS,Withdrawn,battery
AG2-309,2021-03-23,Lanexa 230 kV,33175.0,230.0,100.0,150.0,storage,VA,Dominion,Withdrawn,battery
AG2-310 - moved to TC2,2021-03-23,Matt Funk 138 kV,33040.0,138.0,100.0,100.0,storage,VA,AEP,Withdrawn,battery
AG2-311 - moved to TC2,2021-03-23,Smith Mountain 138 kV,32866.0,138.0,100.0,75.0,storage,VA,AEP,Withdrawn,battery
AG2-312,2021-03-23,Suffolk - Sunbury 230 kV,3183.0,230.0,100.0,125.0,solar,VA,Dominion,Withdrawn,gen
AG2-313,2021-03-23,Burches Hill 230 kV,31456.0,230.0,100.0,265.3,gas,MD,PEPCO,Withdrawn,gen
AG2-314 - moved to TC2,2021-03-25,Gilboa-Jones Branch 138 kV III,834.0,138.0,100.0,150.0,storage,WV,APS,Withdrawn,battery
AG2-315,2021-03-24,Twin Branch - Guardian 138 kV,12792.0,138.0,100.0,302.2,storage,IN,AEP,Withdrawn,battery
AG2-316,2021-03-24,Sandwich-Plano 138 KV ,29404.0,138.0,66.66666666666667,292.2,storage,IL,ComEd,Withdrawn,battery
AG2-317,2021-03-24,Barren - Summer Shade 161 kV,11572.0,161.0,77.71428571428572,155.0,hybrid,KY,EKPC,Withdrawn,gen
AG2-318,2021-03-24,Spotsylvania 115 kV,5115.0,115.0,72.0,75.0,storage,VA,Dominion,Withdrawn,battery
AG2-319,2021-03-24,Brandon Shores 230 kV,13136.0,230.0,100.0,150.0,storage,MD,BGE,Withdrawn,battery
AG2-320 - moved to TC2,2021-03-24,Ladysmith 230 kV,7610.0,230.0,100.0,150.0,storage,VA,Dominion,Withdrawn,battery
AG2-321,2021-03-24,Landstown 230 kV,32359.0,230.0,100.0,100.0,storage,VA,Dominion,Withdrawn,battery
AG2-322,2021-03-24,Skiffs Creek 230 kV,49097.0,230.0,95.23809523809523,150.0,storage,VA,Dominion,Withdrawn,battery
AG2-323,2021-03-24,Shelhorn 230 kV,31641.0,230.0,94.11764705882352,100.0,storage,VA,Dominion,Withdrawn,battery
AG2-324,2021-03-24,Buttermilk 230 kV,15087.0,230.0,92.0,100.0,storage,VA,Dominion,Withdrawn,battery
AG2-325,2021-03-24,Pacific 230 kV,47177.0,230.0,100.0,100.0,storage,VA,Dominion,Withdrawn,battery
AG2-326,2021-03-24,Reston 230 kV,32053.0,230.0,100.0,100.0,storage,VA,Dominion,Withdrawn,battery
AG2-327 - moved to TC2,2021-03-24,Tennessee Gas-East Towanda 115 kV,13370.0,115.0,87.72727272727273,58.0,solar,PA,PENELEC,Withdrawn,gen
AG2-328 - moved to TC2,2021-03-25,Dumont - Greentown 765 kV,38419.0,765.0,100.0,600.0,solar,IN,AEP,Withdrawn,gen
AG2-329 - moved to TC2,2021-03-25,S Berwick - Galion 345 kV,37618.0,345.0,100.0,200.0,storage,OH,AEP,Active,battery
AG2-330 - moved to TC2,2021-03-25,Dumont - Greentown 765 kV,38419.0,765.0,100.0,600.0,storage,IN,AEP,Withdrawn,battery
AG2-331 - moved to TC2,2021-03-25,Jefferson-Greentown 765 kV,32562.0,765.0,100.0,715.0,storage,IN,AEP,Withdrawn,battery
AG2-332 - moved to TC2,2021-03-25,East Elkhart - Elcona Tap 138 kV,12852.0,138.0,94.11764705882352,200.0,storage,IN,AEP,Active,battery
AG2-333,2021-03-25,Martinsville - Highland 69 kV,14537.0,69.0,100.0,49.0,hybrid,OH,Dayton,Withdrawn,gen
AG2-334,2021-03-25,Miller REC - Warrior Ridge 46 kV,2632.0,46.0,68.19047619047619,30.0,solar,PA,PENELEC,Withdrawn,gen
AG2-335,2021-03-25,Churchtown 69 kV,21702.0,69.0,92.0,20.0,storage,NJ,AEC,Withdrawn,battery
AG2-336 - moved to TC2,2021-03-25,Midway 138 kV,12445.0,138.0,100.0,80.0,solar,OH,ATSI,Withdrawn,gen
AG2-337 - moved to TC2,2021-03-25,Midway 138 kV II,12445.0,138.0,100.0,100.0,solar,OH,ATSI,Withdrawn,gen
AG2-338 - moved to TC2,2021-03-25,Rogers Road - Carson 500 kV,14056.0,500.0,76.21052631578947,40.0,storage,VA,Dominion,Withdrawn,battery
AG2-339 - moved to TC2,2021-03-25,Rogers Road - Carson 500 kV,14056.0,500.0,76.21052631578947,479.0,storage,VA,Dominion,Active,battery
AG2-340,2021-03-25,South Boston 12.5 kV Line,32180.0,12.5,92.0,11.25,solar,VA,Dominion,Withdrawn,gen
AG2-341 - moved to TC2,2021-03-25,Ridge Road 115 kV,14609.0,115.0,92.0,50.0,storage,VA,Dominion,Active,battery
AG2-342,2021-03-26,Milford - Cool Springs 230 kV II,16007.0,230.0,100.0,900.0,wind,DE,DPL,Withdrawn,gen
AG2-343 - moved to TC2,2021-03-26,Eugene - Dequine 345 kV,14309.0,345.0,100.0,100.0,storage,IN,AEP,Active,battery
AG2-344 - moved to TC2,2021-03-26,Dequine 345 bkV,39168.0,138.0,84.0,100.0,storage,IN,AEP,Withdrawn,battery
AG2-345 - moved to TC2,2021-03-26,Eugene - Dequine 345 kV,14309.0,345.0,100.0,150.0,storage,IN,AEP,Active,battery
AG2-346,2021-03-26,Clubhouse – Freeman 115 kV ,33432.0,115.0,100.0,100.0,solar,VA,Dominion,Withdrawn,gen
AG2-347 - moved to TC2,2021-03-26,Indian River 230 kV II,5008.0,230.0,74.35294117647058,448.8,wind,DE,DPL,Withdrawn,gen
AG2-348 - moved to TC2,2021-03-26,Indian River 230 kV II,5008.0,230.0,74.35294117647058,897.6,wind,DE,DPL,Withdrawn,gen
AG2-349,2021-02-27,Double Toll Gate-Mead Brook 138 kV,32779.0,138.0,100.0,47.77,solar,VA,APS,Withdrawn,gen
AG2-350,2021-03-26,Smithfield 230 kV,5760.0,230.0,100.0,250.0,storage,VA,Dominion,Withdrawn,battery
AG2-351,2021-03-26,Beatty-London 138 kV III,56827.0,138.0,100.0,196.0,solar,OH,ATSI,Withdrawn,gen
AG2-352,2021-03-26,Laurel Lake 34.5 kV,16031.0,34.5,82.0,10.0,solar,PA,PENELEC,Withdrawn,gen
AG2-353,2021-03-26,Hammett 12.47 kV,14785.0,47.0,47.55555555555556,10.0,solar,PA,PENELEC,Withdrawn,gen
AG2-354 - moved to TC2,2021-03-26,Ragland - Grant Branch 138 kV,921.0,138.0,100.0,100.0,hybrid,WV,AEP,Withdrawn,gen
AG2-355 - moved to TC2,2021-03-26,North Muskingum River - Philo 138 kV,20132.0,138.0,96.0,125.0,hybrid,OH,AEP,Withdrawn,gen
AG2-356 - moved to TC2,2021-03-26,South Troy - Canton 34.5 kV,13371.0,34.5,92.0,20.0,solar,PA,PENELEC,Active,gen
AG2-357 - moved to TC2,2021-03-26,Wilton 345 kV ,14129.0,345.0,100.0,250.0,storage,IL,ComEd,Withdrawn,battery
AG2-358,2021-03-26,Midway 345 kV,12445.0,345.0,92.0,300.0,storage,OH,ATSI,Withdrawn,battery
AG2-359,2021-03-26,Hillcrest 345 kV,36329.0,345.0,92.0,125.0,storage,OH,DEOK,Withdrawn,battery
AG2-360 - moved to TC2,2021-03-26,Broadford 138 kV,5264.0,138.0,100.0,250.0,storage,VA,AEP,Active,battery
AG2-361,2021-03-26,Lanexa – Dunnsville 230 kV,33175.0,230.0,100.0,100.0,solar,VA,Dominion,Withdrawn,gen
AG2-362,2021-03-26,Lanexa - Dunnsville 230 kV,33175.0,230.0,100.0,100.0,storage,VA,Dominion,Withdrawn,battery
AG2-363 - moved to TC2,2021-03-26,Powerton 345 kV,20090.0,345.0,100.0,300.0,solar,IL,ComEd,Active,gen
AG2-364 - moved to TC2,2021-03-26,Powerton 345 kV,20090.0,345.0,100.0,200.0,solar,IL,ComEd,Active,gen
AG2-365 - moved to TC2,2021-03-26,Conneaut Tap-Werner 69 kV,56744.0,69.0,77.5,35.0,solar,PA,ATSI,Withdrawn,gen
AG2-366 - moved to TC2,2021-03-26,Garner Delivery Point - Lancaster 115 kV,42288.0,115.0,80.33333333333334,50.0,storage,VA,Dominion,Withdrawn,battery
AG2-367,2021-03-26,VEPCO South Creek - Pamplin 115 kV,3415.0,115.0,63.63636363636363,100.0,solar,VA,Dominion,Withdrawn,gen
AG2-368,2021-03-26,Scottsville - CVEC Delivery 69 kV Point,38703.0,69.0,92.0,45.0,solar,VA,AEP,Withdrawn,gen
AG2-369 - moved to TC2,2021-03-26,Heritage - Wake 500 kV,33355.0,500.0,86.11764705882352,86.0,solar,VA,Dominion,Active,gen
AG2-370 - moved to TC2,2021-03-26,Tillman 138 kV,35695.0,138.0,100.0,50.0,storage,IN,AEP,Active,battery
AG2-371,2021-03-29,Newville 12 kV,15665.0,12.0,76.21052631578947,10.0,solar,PA,PPL,Withdrawn,gen
AG2-372,2021-03-29,Lock 34.5 kV,33454.0,34.5,80.88888888888889,10.0,solar,PA,PECO,Withdrawn,gen
AG2-373,2021-03-29,Nittany-Zion 46 kV,19240.0,46.0,62.58823529411764,10.0,solar,PA,APS,Withdrawn,gen
AG2-374,2021-03-30,Warfordsburg 12 kV,14097.0,12.0,92.0,3.0,solar,PA,APS,Withdrawn,gen
AG2-375 - moved to TC2,2021-03-29,Fostoria Central 345 kV,23237.0,345.0,100.0,500.0,storage,OH,AEP,Withdrawn,battery
AG2-376,2021-03-29,Beatty 345 kV,56827.0,345.0,100.0,400.0,storage,OH,AEP,Withdrawn,battery
AG2-377,2021-03-29,West Unity – Exit 2/Holiday City Tap 69 kV,16019.0,69.0,74.28571428571428,20.0,solar,OH,ATSI,Withdrawn,gen
AG2-378 - moved to TC2,2021-03-29,North Hampton - Medway 69 kV,33138.0,69.0,85.33333333333333,74.0,solar,OH,ATSI,Withdrawn,gen
AG2-379 - moved to TC2,2021-03-29,Easton - Steele 138 kV III,13101.0,138.0,100.0,79.0,storage,MD,DPL,Withdrawn,battery
AG2-380 - moved to TC2,2021-03-29,Carville 138 kV IV,33772.0,138.0,94.11764705882352,20.0,storage,MD,DPL,Active,battery
AG2-381,2021-03-29,Church - Oil City 138 kV II,12913.0,138.0,100.0,112.0,storage,MD,DPL,Withdrawn,battery
AG2-382 - moved to TC2,2021-03-29,Cashie 230 kV,3582.0,230.0,100.0,70.0,solar,NC,Dominion,Active,gen
AG2-383,2021-03-29,Conesville 138 kV,39039.0,138.0,100.0,58.9,solar,OH,AEP,Withdrawn,gen
AG2-384 - moved to TC2,2021-03-29,Chesterfield 230 kV,33074.0,230.0,100.0,60.82,storage,VA,Dominion,Active,battery
AG2-385 - moved to TC2,2021-03-29,North Hampton 69 kV,33138.0,69.0,85.33333333333333,128.0,solar,OH,ATSI,Withdrawn,gen
AG2-386 - moved to TC2,2021-03-29,Kittanning-Rural Valley 25 kV,19240.0,25.0,62.0,30.0,solar,PA,APS,Withdrawn,gen
AG2-387,2021-03-29,Cargill 115 kV (SVEC),33772.0,115.0,75.0,20.0,solar,VA,Dominion,Withdrawn,gen
AG2-388,2021-03-29,Pole 249 6094 12.47 kV,33141.0,47.0,53.25,6.0,gas,VA,AEP,Withdrawn,gen
AG2-389,2021-03-31,Trexlertown 12 kV,13546.0,12.0,92.0,3.0,hybrid,VA,PPL,Withdrawn,gen
AG2-390,2021-03-30,Upper Providence 34.5 kV,31788.0,34.5,92.0,5.0,hybrid,PA,PECO,Withdrawn,gen
AG2-391,2021-03-31,Route 30-Laurich 12 kV,31504.0,12.0,68.92307692307692,3.0,solar,OH,APS,Withdrawn,gen
AG2-392,2021-03-31,Meason 12 kV,38382.0,12.0,82.9090909090909,3.0,solar,OH,APS,Withdrawn,gen
AG2-393,2021-03-30,Springboro Solar 12 kV,13148.0,12.0,70.125,3.0,solar,VA,PENELEC,Withdrawn,gen
AG2-394,2021-03-31,Rohrsburg 12 kV,14097.0,12.0,68.19047619047619,3.0,hybrid,VA,PPL,Withdrawn,gen
AG2-395,2021-03-31,West Berwick 12 kV,32016.0,12.0,92.0,2.0,hybrid,VA,PPL,Withdrawn,gen
AG2-397,2021-03-31,West Boyertown 13.2 kV,32747.0,13.2,82.9090909090909,2.0,solar,PA,ME,Withdrawn,gen
AG2-398,2021-03-30,Fairfield 12 kV,15263.0,12.0,92.0,10.0,solar,PA,PPL,Withdrawn,gen
AG2-399,2021-03-31,Harrisville Jct - All Min 25 kV,33146.0,25.0,61.230769230769226,3.0,solar,PA,APS,Withdrawn,gen
AG2-400 - moved to TC2,2021-03-30,Allen 345 kV,12592.0,345.0,100.0,100.0,solar,IN,AEP,Withdrawn,gen
AG2-401 - moved to TC2,2021-03-30,Losantville 345 kV,38485.0,345.0,76.19047619047619,200.0,solar,IN,AEP,Active,gen
AG2-402 - moved to TC2,2021-03-30,Allen 345 kV,12592.0,345.0,100.0,50.0,storage,IN,AEP,Withdrawn,battery
AG2-403 - moved to TC2,2021-03-30,Meadow Brook - Mt. Storm 500 kV,7686.0,500.0,100.0,125.0,solar,WV,APS,Withdrawn,gen
AG2-404 - moved to TC2,2021-03-30,Meadow Brook - Mt. Storm 500 kV II,7686.0,500.0,100.0,250.0,solar,WV,APS,Withdrawn,gen
AG2-405 - moved to TC2,2021-03-30,Continental 69 kV,31372.0,69.0,66.66666666666667,49.9,solar,OH,AEP,Active,gen
AG2-406 - moved to TC2,2021-03-30,Payne 69 kV,40456.0,69.0,80.0,49.9,solar,OH,AEP,Active,gen
AG2-407,2021-03-30,Sullivan - Dequine 345 kV,33035.0,345.0,100.0,200.0,solar,IN,AEP,Withdrawn,gen
AG2-408 - moved to TC2,2021-03-30,Allen 345 kV,12592.0,345.0,100.0,100.0,solar,IN,AEP,Withdrawn,gen
AG2-409,2021-03-30,Granite 115 kV,31606.0,115.0,100.0,0.0,other,MD,BGE,Withdrawn,gen
AG2-410,2021-03-30,Watkins Corner 34.5 kV,40034.0,34.5,74.85714285714286,20.0,solar,VA,Dominion,Withdrawn,gen
AG2-411 - moved to TC2,2021-03-31,Statler Hill 115 kV,15630.0,115.0,100.0,63.0,solar,PA,PENELEC,Active,gen
AG2-412,2021-03-30,Greentown - Hummel Creek 138 kV,15947.0,138.0,100.0,100.0,hybrid,IN,AEP,Withdrawn,gen
AG2-413,2021-03-30,Brush Junction - Pleasant Gap 46 kV,39107.0,46.0,78.66666666666667,20.0,hybrid,PA,APS,Withdrawn,gen
AG2-414,2021-03-30,Axton 138 kV,32296.0,138.0,92.0,350.0,hybrid,VA,AEP,Withdrawn,gen
AG2-415,2021-03-30,Gold – Tennessee Gas 115 kV,13301.0,115.0,100.0,20.0,hybrid,PA,PENELEC,Withdrawn,gen
AG2-416,2021-03-30,Edinboro South - Venango Junction 115 kV II,6108.0,115.0,60.0,20.0,hybrid,PA,PENELEC,Withdrawn,gen
AG2-417,2021-03-30,Clinton 69 kV II,14245.0,69.0,100.0,100.0,hybrid,PA,PPL,Withdrawn,gen
AG2-418 - moved to TC2,2021-03-30,Blain 115 kV,31690.0,115.0,82.9090909090909,40.0,hybrid,PA,PENELEC,Withdrawn,gen
AG2-419,2021-03-30,3 Bridges Rd 34.5 kV,14609.0,34.5,72.0,40.0,hybrid,MD,DPL,Withdrawn,gen
AG2-420 - moved to TC2,2021-03-30,Eclipse #2 34.5 kV,13351.0,34.5,85.33333333333333,25.0,hybrid,PA,PENELEC,Active,gen
AG2-421,2021-03-31,High Street 12.47 kV,56113.0,47.0,62.58823529411764,1.0,solar,NJ,AEC,Withdrawn,gen
AG2-422,2021-03-31,Bustleton 13 kV ,29538.0,13.0,92.0,1.2,hybrid,NJ,PSEG,Withdrawn,gen
AG2-423 - moved to TC2,2021-03-30,Cherry Run - Harmony 138 kV,985.0,138.0,100.0,80.0,solar,WV,APS,Active,gen
AG2-424 - moved to TC2,2021-03-30,Summersville - Magnolia 69 kV,863.0,69.0,92.0,63.25,hybrid,KY,EKPC,Active,gen
AG2-425,2021-03-30,Jackson Road - Nanty Glo 46 kV,12662.0,46.0,92.0,15.0,solar,PA,PENELEC,Withdrawn,gen
AG2-426 - moved to TC2,2021-03-30,Wakefield - Waverly 115 kV,33433.0,115.0,100.0,33.5,hybrid,VA,Dominion,Active,gen
AG2-427 - moved to TC2,2021-03-30,Waverly 115 kV,5748.0,115.0,100.0,85.0,hybrid,VA,Dominion,Withdrawn,gen
AG2-428 - moved to TC2,2021-03-30,Wakefield 115 kV,33433.0,115.0,100.0,170.0,hybrid,VA,Dominion,Withdrawn,gen
AG2-429 - moved to TC2,2021-03-30,Burma - Armstrong 138 kV,14012.0,138.0,100.0,46.5,hybrid,PA,APS,Active,gen
AG2-430 - moved to TC2,2021-03-30,Sunbury-Dalmatia 69 kV II,13490.0,69.0,100.0,60.0,solar,PA,PPL,Withdrawn,gen
AG2-431,2021-03-30,Sapony 34.5 kV,33449.0,34.5,92.0,20.0,solar,VA,Dominion,Withdrawn,gen
AG2-432,2021-03-31,Mount Airy - Wythe 138 kV,12807.0,138.0,92.0,45.0,solar,VA,AEP,Withdrawn,gen
AG2-433,2021-03-31,Sabinsville 115 kV,13390.0,115.0,100.0,50.0,solar,PA,PENELEC,Withdrawn,gen
AG2-434,2021-03-30,Rockwood 23 kV,14226.0,23.0,92.0,10.0,solar,PA,PENELEC,Withdrawn,gen
AG2-435,2021-03-30,Crossroads 13.2 kV II,15248.0,13.2,92.0,4.6,solar,PA,ME,Withdrawn,gen
AG2-436 - moved to TC2,2021-03-30,Carson - Rogers Road 500 kV,33483.0,500.0,100.0,350.0,solar,VA,Dominion,Active,gen
AG2-437,2021-03-30,Monarch I Interconnection 500 kV,,500.0,0.0,400.0,hybrid,VA,Dominion,Withdrawn,gen
AG2-438 - moved to TC2,2021-03-30,Union City 34.5 kV,34635.0,34.5,92.0,10.0,solar,PA,PENELEC,Withdrawn,gen
AG2-439 - moved to TC2,2021-03-30,Oxbow 34.5 kV,13392.0,34.5,78.66666666666667,9.8,solar,PA,PENELEC,Withdrawn,gen
AG2-440 - moved to TC2,2021-03-30,Twittys Creek - Madisonville 115 kV,33393.0,115.0,68.19047619047619,75.0,solar,VA,Dominion,Active,gen
AG2-441 - moved to TC2,2021-03-30,Twittys Creek - Madisonville 115 kV,33393.0,115.0,68.19047619047619,188.0,solar,VA,Dominion,Active,gen
AG2-442 - moved to TC2,2021-03-30,Twittys Creek - Madisonville 115 kV,33393.0,115.0,68.19047619047619,140.0,solar,VA,Dominion,Active,gen
AG2-443,2021-03-30,Benner 12 kV ,30929.0,12.0,75.33333333333334,4.0,solar,OH,Dayton,Withdrawn,gen
AG2-444 - moved to TC2,2021-03-30,Bixby -  Biers Run 345 kV,37589.0,345.0,100.0,163.0,solar,OH,AEP,Withdrawn,gen
AG2-445,2021-03-30,Adkins - Atlanta 345 kV,37619.0,345.0,100.0,200.0,solar,OH,AEP,Withdrawn,gen
AG2-446,2021-03-30,Cedar Creek 138 kV,11578.0,138.0,100.0,114.3,solar,DE,DPL,Withdrawn,gen
AG2-447 - moved to TC2,2021-03-30,Cedar Creek 138 kV VII,11578.0,138.0,100.0,134.25,solar,DE,DPL,Active,gen
AG2-448 - moved to TC2,2021-03-30,Cross School - Westvaco 138 kV,13751.0,138.0,70.0,50.0,solar,WV,APS,Active,gen
AG2-449 - moved to TC2,2021-03-30,Jefferson-Greentown 765 kV,32562.0,765.0,100.0,835.0,solar,IN,AEP,Withdrawn,gen
AG2-450 - moved to TC2,2021-03-30,Bridgeport 230 kV,18980.0,230.0,100.0,219.0,storage,NJ,AEC,Withdrawn,battery
AG2-451 - moved to TC2,2021-03-30,Chambers 230 kV,19259.0,230.0,100.0,240.0,storage,NJ,AEC,Withdrawn,battery
AG2-452,2021-03-30,SW Lima - Shelby 345 kV,38968.0,345.0,84.3076923076923,300.0,wind,OH,AEP,Withdrawn,gen
AG2-453 - moved to TC2,2021-03-30,Lasalle - Plano 345 kV,20760.0,345.0,93.33333333333333,280.0,solar,IL,ComEd,Active,gen
AG2-454 - moved to TC2,2021-03-30,Dequine - Eugene 345 kV,39168.0,345.0,100.0,300.0,solar,IN,AEP,Withdrawn,gen
AG2-455 - moved to TC2,2021-03-30,Dequine - Sullivan 345 kV,39168.0,345.0,100.0,280.0,solar,IN,AEP,Withdrawn,gen
AG2-456 - moved to TC2,2021-03-30,Pierce Brook-Lewis Run 230 kV,5027.0,230.0,85.0,80.0,solar,PA,PENELEC,Withdrawn,gen
AG2-457 - moved to TC2,2021-03-30,Pierce Brook - Lewis Run 230 kV,5027.0,230.0,85.0,160.0,solar,PA,PENELEC,Withdrawn,gen
AG2-458 - moved to TC2,2021-03-30,Kittatinny-Newton 34.5 kV II,19240.0,34.5,92.0,19.8,storage,NJ,JCPL,Withdrawn,battery
AG2-459 - moved to TC2,2021-03-30,Allenwood-Larrabee 34.5 kV II,840.0,34.5,74.35294117647058,7.0,storage,NJ,JCPL,Withdrawn,battery
AG2-460 - moved to TC2,2021-03-30,East Flemington-Lebanon 34.5 kV II,19021.0,34.5,92.0,20.0,storage,NJ,JCPL,Withdrawn,battery
AG2-461,2021-03-30,Lanexa - Dunnsville 230 kV,33175.0,230.0,100.0,88.0,solar,VA,Dominion,Withdrawn,gen
AG2-462 - moved to TC2,2021-03-30,Progress Park - Glen Lyn 138 kV,37997.0,138.0,100.0,150.0,hybrid,VA,AEP,Withdrawn,gen
AG2-463,2021-03-30,Gold – Tennessee Gas 115 kV II,13301.0,115.0,100.0,80.0,solar,PA,APS,Withdrawn,gen
AG2-464,2021-03-30,Feagans Mill - Stonewall 138 kV,32801.0,138.0,96.0,80.0,hybrid,WV,APS,Withdrawn,gen
AG2-465,2021-03-30,South Tiffin - West End Fostoria 138 kV,23649.0,138.0,100.0,79.0,hybrid,OH,AEP,Withdrawn,gen
AG2-466 - moved to TC2,2021-03-30,Culloden - Wyoming 765 kV,38000.0,765.0,100.0,330.0,solar,WV,AEP,Withdrawn,gen
AG2-467 - moved to TC2,2021-03-31,Beason 345 kV ,13101.0,345.0,75.33333333333334,115.0,solar,IL,ComEd,Withdrawn,gen
AG2-468,2021-03-31,Sedge Hill – Person 230 kV,13372.0,230.0,69.5,80.0,solar,VA,Dominion,Withdrawn,gen
AG2-469 - moved to TC2,2021-03-31,Westmoreland - Oak Grove 230 kV,29595.0,230.0,100.0,80.0,solar,VA,Dominion,Withdrawn,gen
AG2-470,2021-03-31,Fostoria - Lemoyne 345 kV,38773.0,345.0,92.0,300.0,solar,OH,AEP,Withdrawn,gen
AG2-471,2021-03-31,Circleville - Biers Run 138 kV,5203.0,138.0,100.0,100.0,solar,OH,AEP,Withdrawn,gen
AG2-472,2021-03-31,Jennings-Hazelton 138kV,4401.0,138.0,100.0,50.0,solar,WV,APS,Withdrawn,gen
AG2-473,2021-03-31,Brody 138 kV,6400.0,138.0,66.66666666666667,100.0,solar,MI,AEP,Withdrawn,gen
AG2-474,2021-03-31,Mottville 138 kV,18988.0,138.0,80.88888888888889,150.0,solar,MI,AEP,Withdrawn,gen
AG2-475,2021-03-31,Chickahominy - Surry 500 kV,32812.0,500.0,100.0,500.0,storage,VA,Dominion,Withdrawn,battery
AG2-476 - moved to TC2,2021-03-31,Hokes-Grantley 69 kV II,43979.0,69.0,72.72727272727273,20.0,solar,PA,ME,Engineering and Procurement,gen
AG2-477 - moved to TC2,2021-03-31,Hokes-Jackson 69 kV III,43979.0,69.0,72.72727272727273,20.0,solar,PA,ME,Engineering and Procurement,gen
AG2-478 - moved to TC2,2021-03-31,Hokes-Jackson 69 kV IV,43979.0,69.0,72.72727272727273,20.0,solar,PA,ME,Engineering and Procurement,gen
AG2-479 - moved to TC2,2021-03-31,Penns Tap-Richfield Tie 69 kV II,56744.0,69.0,80.0,20.0,solar,PA,PPL,Active,gen
AG2-480,2021-03-31,Derry Tap-Derry Bus 69 kV II,56744.0,69.0,80.0,20.0,solar,PA,PPL,Withdrawn,gen
AG2-481 - moved to TC2,2021-03-31,Derry Tap-Derry Bus 69 kV III,56744.0,69.0,80.0,20.0,solar,PA,PPL,Active,gen
AG2-482,2021-03-31,Bowman's Mill-Scott 69 kV II,29641.0,69.0,71.23076923076923,35.0,solar,PA,PPL,Withdrawn,gen
AG2-483,2021-03-31,Bowman's Mill Tap-Scott 69 kV III,56744.0,69.0,75.29411764705883,75.0,solar,PA,PPL,Withdrawn,gen
AG2-484 - moved to TC2,2021-03-31,Mifflintown Bus-Mifflintown Tap 69 kV II,18272.0,69.0,59.25925925925925,20.0,solar,PA,PPL,Active,gen
AG2-485,2021-03-31,Columbia-West Bloomsburg 69 kV II,31870.0,69.0,100.0,20.0,solar,PA,PPL,Withdrawn,gen
AG2-486,2021-03-31,Bloomsburg-Columbia 69 kV II,31840.0,69.0,100.0,20.0,solar,PA,PPL,Withdrawn,gen
AG2-487 - moved to TC2,2021-03-31,Madison - Tanners Creek 138 kV,13755.0,138.0,100.0,152.5,solar,IN,AEP,Active,gen
AG2-488,2021-03-31,Southwest Lima 345 kV,38964.0,345.0,100.0,300.0,solar,OH,AEP,Withdrawn,gen
AG2-489,2021-03-31,Haviland – Cavett Switch 69 kV,38994.0,69.0,92.0,75.0,solar,OH,AEP,Withdrawn,gen
AG2-490,2021-03-31,Haviland – Cavett Switch 69 kV ,38994.0,69.0,92.0,75.0,solar,OH,AEP,Withdrawn,gen
AG2-491 - moved to TC2,2021-03-31,Meadow Lake 345 kV,13143.0,345.0,100.0,100.0,solar,IN,AEP,Active,gen
AG2-492 - moved to TC2,2021-03-31,Meadow Lake 345 kV,13143.0,345.0,100.0,50.0,storage,IN,AEP,Active,battery
AG2-493,2021-03-31,Phillipsburg Bus II 34.5 kV,14704.0,34.5,65.33333333333334,5.0,solar,PA,PENELEC,Withdrawn,gen
AG2-494,2021-03-31,Keewaydin 34.5 kV,16810.0,34.5,50.82352941176471,5.0,solar,OH,PENELEC,Withdrawn,gen
AG2-495,2021-03-31,Phillipsburg Bus I 34.5 kV,14704.0,34.5,67.86206896551724,5.0,solar,PA,PENELEC,Withdrawn,gen
AG2-496,2021-03-31,Bloom 34.5 kV,31840.0,34.5,58.66666666666667,5.0,solar,OH,PENELEC,Withdrawn,gen
AG2-497,2021-03-31,Tangy 138 kV,56833.0,138.0,100.0,50.0,storage,OH,ATSI,Withdrawn,battery
AG2-498 - moved to TC2,2021-03-31,Obetz 138 kV,5033.0,138.0,66.66666666666667,50.0,storage,OH,AEP,Withdrawn,battery
AG2-499,2021-03-31,Bixby 345 kV,37589.0,345.0,100.0,50.0,storage,OH,AEP,Withdrawn,battery
AG2-500,2021-03-31,Townsend 138 kV II,16002.0,138.0,100.0,50.0,storage,DE,DPL,Withdrawn,battery
AG2-501,2021-03-31,Sedge Hill - Mount Laurel 115 kV,13372.0,115.0,77.5,51.0,storage,VA,Dominion,Withdrawn,battery
AG2-502,2021-03-31,Sedge Hill - Person 115 kV,13372.0,115.0,77.5,70.0,storage,VA,Dominion,Withdrawn,battery
AG2-503,2021-03-31,Adams 138 kV,29510.0,138.0,92.0,49.9,storage,OH,AEP,Withdrawn,battery
AG2-504,2021-03-31,Delano 138 kV,23670.0,138.0,90.0,49.9,storage,OH,AEP,Withdrawn,battery
AG2-505 - moved to TC2,2021-03-31,Westvaco - Mt Zion 138 kV,813.0,138.0,71.42857142857143,14.0,other,MD,APS,Withdrawn,gen
AG2-506,2021-03-31,Carson 230 kV,33483.0,230.0,100.0,100.0,storage,VA,Dominion,Withdrawn,battery
AG2-507,2021-03-31,Crewe - Victoria DP 115 kV,7241.0,115.0,100.0,60.0,solar,VA,Dominion,Withdrawn,gen
AG2-508,2021-03-31,Dry Bread 230 kV,14444.0,230.0,54.5,85.0,solar,VA,Dominion,Withdrawn,gen
AG2-509 - moved to TC2,2021-03-31,Robinson 69 kV,29632.0,69.0,83.81818181818181,55.0,hybrid,WV,AEP,Withdrawn,gen
AG2-510,2021-03-31,Double Toll Gate 138 kV,32779.0,138.0,100.0,100.0,solar,VA,APS,Withdrawn,gen
AG2-511,2021-03-31,Double Toll Gate - Millville 138 kV,32779.0,138.0,100.0,100.0,solar,VA,APS,Withdrawn,gen
AG2-512,2021-03-31,Sulphur Creek-Loretto 69 kV,5037.0,69.0,70.0,17.5,solar,KY,EKPC,Withdrawn,gen
AG2-513,2021-03-31,Hodgenville-Sulphur Creek 69 kV,44006.0,69.0,85.71428571428572,20.0,solar,KY,EKPC,Withdrawn,gen
AG2-514,2021-03-31,Midway 345 kV II,12445.0,345.0,92.0,150.0,solar,OH,ATSI,Withdrawn,gen
AG2-515 - moved to TC2,2021-03-31,Midway 345 kV III,12445.0,345.0,92.0,100.0,solar,OH,ATSI,Withdrawn,gen
AG2-516 - moved to TC2,2021-03-31,Pecatonica 138kV,5084.0,138.0,66.66666666666667,120.0,solar,IL,ComEd,Active,gen
AG2-517,2021-03-31,Cordova Energy Center 345kV ,12186.0,345.0,93.33333333333333,120.0,hybrid,IL,ComEd,Withdrawn,gen
AG2-518 - moved to TC2,2021-03-31,Tech Drive 138 kV,6289.0,138.0,63.63636363636363,80.0,storage,VA,AEP,Active,battery
AG2-519 - moved to TC2,2021-03-31,Royerton - Desoto 138 kV,32810.0,138.0,75.0,66.5,hybrid,IN,AEP,Active,gen
AG2-520,2021-03-31,Ritchie 69 kV,31489.0,69.0,100.0,17.0,solar,MD,PEPCO,Withdrawn,gen
AG2-521,2021-03-31,Fork Union 230 kV,38501.0,230.0,80.0,85.0,solar,VA,Dominion,Withdrawn,gen
AG2-522 - moved to TC2,2021-03-31,Five Forks DP - Littleton DP 115 kV,12902.0,115.0,93.07692307692308,80.0,solar,NC,Dominion,Active,gen
AG2-523,2021-03-31,Bakers Pond 115 kV,14044.0,115.0,63.1578947368421,100.0,hybrid,VA,Dominion,Withdrawn,gen
AG2-524 - moved to TC2,2021-03-31,LaSalle Station - Mazon 138  kV,20760.0,138.0,93.33333333333333,110.0,hybrid,IL,ComEd,Active,gen
AG2-525,2021-03-31,Bonney Forge 23 kV II,13406.0,23.0,58.66666666666667,5.0,solar,MI,PENELEC,Withdrawn,gen
AG2-526,2021-03-31,Oak Grove – Saunders DP 230 kV,31454.0,230.0,100.0,100.0,solar,VA,Dominion,Withdrawn,gen
AG2-527 - moved to TC2,2021-03-31,Kewanee-Toulon 138 kV ,12052.0,138.0,93.33333333333333,200.0,wind,IL,ComEd,Withdrawn,gen
AG2-528 - moved to TC2,2021-03-31,Bustleburg Tap - Fairfield DP 115 kV,56730.0,115.0,68.42857142857143,140.0,hybrid,VA,Dominion,Withdrawn,gen
AG2-529,2021-03-31,Harrisonburg - Endless Caverns 230 kV,11605.0,230.0,100.0,150.0,hybrid,VA,Dominion,Withdrawn,gen
AG2-530,2021-03-31,Mannington Mills - Woodstown 69 kV,16817.0,69.0,60.0,19.975,solar,NJ,AEC,Withdrawn,gen
AG2-531 - moved to TC2,2021-03-31,Greystone - West Denville 34.5 kV,19039.0,34.5,92.0,20.0,storage,NJ,JCPL,Withdrawn,battery
AG2-532 - moved to TC2,2021-03-31,Pohatcong-Newburgh Tap 34.5 kV,19522.0,34.5,92.0,20.0,storage,NJ,JCPL,Withdrawn,battery
AG2-533 - moved to TC2,2021-03-31,Newburgh-Pohatcong 34.5 kV,4403.0,34.5,92.0,20.0,storage,NJ,JCPL,Withdrawn,battery
AG2-534 - moved to TC2,2021-03-31,Flanders-Pohatcong Mountain R722 34.5 kV,14648.0,34.5,67.0,20.0,storage,NJ,JCPL,Withdrawn,battery
AG2-535 - moved to TC2,2021-03-31,Hackettstown-Pohatcong J738-1 34.5 kV II,13794.0,34.5,64.72727272727273,40.0,storage,NJ,JCPL,Withdrawn,battery
AG2-536,2021-03-31,Buckeye - Ringoes 34.5 kV,5180.0,34.5,78.15384615384616,20.0,storage,NJ,JCPL,Withdrawn,battery
AG2-537,2021-03-31,Ringoes-Copper Hill Solar 34.5 kV,19136.0,34.5,63.42857142857143,20.0,storage,NJ,JCPL,Withdrawn,battery
AG2-538 - moved to TC2,2021-03-31,Ridgeway - Motion Control 46 kV,14000.0,46.0,92.0,20.0,hybrid,PA,APS,Withdrawn,gen
AG2-539,2021-03-31,Mechanicsburg - Darby 138 kV,5163.0,138.0,100.0,80.0,solar,OH,Dayton,Withdrawn,gen
AG2-540,2021-03-31,Clubhouse - Jarratt 115 kV,33432.0,115.0,100.0,80.0,hybrid,VA,Dominion,Withdrawn,gen
AG2-541 - moved to TC2,2021-03-31,Perth - Crystal Hill 115 kV,32918.0,115.0,100.0,65.0,hybrid,VA,Dominion,Withdrawn,gen
AG2-542 - moved to TC2,2021-03-31,North Shenandoah – Merck 115 kV,11606.0,115.0,100.0,70.0,hybrid,VA,Dominion,Withdrawn,gen
AG2-543,2021-03-31,Suffolk - Earleys 230 kV,3183.0,230.0,100.0,70.0,hybrid,VA,Dominion,Withdrawn,gen
AG2-544 - moved to TC2,2021-03-31,Silver Lake 345 kV,20806.0,345.0,100.0,200.0,storage,IL,ComEd,Active,battery
AG2-545 - moved to TC2,2021-03-31,Silver Lake 345 kV,20806.0,345.0,100.0,400.0,storage,IL,ComEd,Active,battery
AG2-546,2021-03-31,Van Buren - Delaware 138 kV,13731.0,138.0,100.0,150.0,hybrid,IN,AEP,Withdrawn,gen
AG2-547,2021-03-31,New Liberty - Boutwell 138 kV,41811.0,138.0,89.0909090909091,50.0,hybrid,OH,AEP,Withdrawn,gen
AG2-548 - moved to TC2,2021-03-31,Corwin - Elk 138 kV,32458.0,138.0,72.72727272727273,80.0,hybrid,OH,AEP,Active,gen
AG2-549,2021-03-31,Rineyville 69 kV,1436.0,69.0,84.21052631578947,40.0,solar,KY,EKPC,Withdrawn,gen
AG2-550 - moved to TC2,2021-03-31,Bluff Point - Randolph 138 kV,13779.0,138.0,80.9090909090909,100.0,solar,IN,AEP,Active,gen
AG2-551 - moved to TC2,2021-03-31,Bluff Point - Randolph 138 kV,13779.0,138.0,80.9090909090909,150.0,storage,IN,AEP,Active,battery
AG2-552,2021-03-31,Bullitt County 161 kV,12018.0,161.0,72.0,100.0,solar,KY,EKPC,Withdrawn,gen
AG2-553 - moved to TC2,2021-03-31,Bullitt County 161 kV,12018.0,161.0,72.0,50.0,storage,KY,EKPC,Withdrawn,battery
AG2-554,2021-03-31,East End 46 kV,5430.0,46.0,72.0,10.0,solar,PA,APS,Withdrawn,gen
AG2-555,2021-03-31,Clarion 12 kV,24525.0,12.0,74.35294117647058,10.0,solar,PA,PENELEC,Withdrawn,gen
AG2-556,2021-03-31,Sullivan - Dequine 345 kV,33035.0,345.0,100.0,339.1,other,IN,AEP,Withdrawn,gen
AG2-557,2021-03-31,Spring Mills - Millheim 46 kV,14426.0,46.0,70.26086956521739,19.9,solar,PA,APS,Withdrawn,gen
AG2-558 - moved to TC2,2021-03-31,Shawville - Phillipsburg 34.5 kV II,13893.0,34.5,92.0,39.8,solar,PA,APS,Withdrawn,gen
AG2-559 - moved to TC2,2021-03-31,Shawville - Phillipsburg 34.5 kV III,13893.0,34.5,92.0,59.7,solar,PA,APS,Withdrawn,gen
AG2-560 - moved to TC2,2021-03-31,Phillipsburg (Karthaus) 34.5 kV,14704.0,34.5,60.75,79.6,solar,PA,APS,Withdrawn,gen
AG2-561 - moved to TC2,2021-03-31,Glory - Glen Campbell 34.5 kV,13305.0,34.5,92.0,20.0,solar,PA,PENELEC,Active,gen
AG2-562 - moved to TC2,2021-03-31,Elderberry 345 kV,22546.0,345.0,58.66666666666667,767.0,gas,IN,AEP,Active,gen
AG2-563,2021-03-31,Gasburg 69 kV,43880.0,69.0,70.58823529411764,50.0,solar,VA,Dominion,Withdrawn,gen
AG2-564 - moved to TC2,2021-03-31,Sulphur Springs 138 kV,5074.0,138.0,74.07407407407408,49.99,solar,OH,AEP,Withdrawn,gen
AG2-565,2021-03-31,Kidds Store - Sherwood 115 kV,6607.0,115.0,72.72727272727273,110.0,storage,VA,Dominion,Withdrawn,battery
AG2-566 - moved to TC2,2021-03-31,Briery - Finneywood 230 kV,26634.0,230.0,66.66666666666667,110.0,storage,VA,Dominion,Active,battery
AG2-567,2021-03-31,Stanville - Dewey 138 kV,29592.0,138.0,87.5,200.0,hybrid,KY,AEP,Withdrawn,gen
AG2-568 - moved to TC2,2021-03-31,Stink Run - Sundial 138 kV,7922.0,138.0,67.0,80.0,solar,WV,AEP,Active,gen
AG2-569,2021-03-31,Rogers Road - Carson 500 kV,14056.0,500.0,76.21052631578947,150.0,storage,VA,Dominion,Withdrawn,battery
AG2-570 - moved to TC2,2021-03-31,Heritage - Wake 500 kV,33355.0,500.0,86.11764705882352,400.0,solar,VA,Dominion,Active,gen
AG2-571 - moved to TC2,2021-03-31,Heritage - Wake 500 kV,33355.0,500.0,86.11764705882352,500.0,storage,VA,Dominion,Active,battery
AG2-572,2021-03-31,Scottsville - Bremo 138 kV,38703.0,138.0,92.0,50.0,solar,VA,AEP,Withdrawn,gen
AG2-573,2021-03-31,Scottsville - Bremo 138 kV,38703.0,138.0,92.0,80.0,storage,VA,AEP,Withdrawn,battery
AG2-574,2021-03-31,Sowers 138 kV,29401.0,138.0,83.33333333333334,100.0,solar,IN,AEP,Withdrawn,gen
AG2-575 - moved to TC2,2021-03-31,Crego Rd. 138 kV,5372.0,138.0,66.66666666666667,290.0,hybrid,IL,ComEd,Withdrawn,gen
AG2-576,2021-03-31,Varner 345 kV,30929.0,345.0,66.66666666666667,180.0,solar,IN,AEP,Withdrawn,gen
AG2-577,2021-03-31,Jay 138 kV,13835.0,138.0,100.0,50.0,solar,IN,AEP,Withdrawn,gen
AG2-578,2021-03-31,Jay 69 kV,13835.0,69.0,92.0,50.0,solar,IN,AEP,Withdrawn,gen
AG2-579,2021-03-31,Fostoria 138 kV,38773.0,138.0,100.0,205.0,solar,OH,AEP,Withdrawn,gen
AG2-580 - moved to TC2,2021-01-29,Rawlings-Clover 500 kV,22498.0,500.0,72.0,150.0,solar,VA,Dominion,Withdrawn,gen
AG2-581 - moved to TC2,2021-01-29,Rawlings - Unity 500 kV,22498.0,500.0,72.0,150.0,solar,VA,Dominion,Active,gen
AG2-582 - moved to TC2,2021-03-31,Flint Run 500 kV,13268.0,500.0,78.66666666666667,2100.0,gas,WV,APS,Active,gen
AG2-583 - moved to TC2,2021-03-31,Bremo - Cartersville 230 kV,7236.0,230.0,83.63636363636364,115.0,solar,VA,Dominion,Active,gen
AG2-584,2021-03-31,Double Toll Gate - Meadowbrook 138 kV,32779.0,138.0,100.0,90.0,hybrid,VA,APS,Withdrawn,gen
AG2-585 - moved to TC2,2021-03-31,Kensignton 138kV,1731.0,138.0,82.0,55.0,solar,IL,ComEd,Active,gen
AG2-586,2021-03-31,Price 69 kV,12917.0,69.0,100.0,31.0,solar,MD,DPL,Withdrawn,gen
AG2-587 - moved to TC2,2021-03-31,Graceton 230 kV,18068.0,230.0,100.0,50.0,hybrid,MD,BGE,Withdrawn,gen
AG2-588,2021-03-31,Kittatinny - Blairstown 34.5 kV,19240.0,34.5,92.0,20.0,solar,NJ,JCPL,Withdrawn,gen
AG2-589 - moved to TC2,2021-03-31,Ravenswood - Hemlock 69 kV,21676.0,69.0,80.0,20.0,solar,OH,AEP,Withdrawn,gen
AG2-590 - moved to TC2,2021-03-31,Shingletown-Lewistown 230 kV,33160.0,230.0,100.0,92.1,hybrid,PA,PENELEC,Withdrawn,gen
AG2-591,2021-03-31,Bluebell-Sancap Tap 69 kV,35470.0,69.0,92.0,61.0,solar,OH,ATSI,Withdrawn,gen
AG2-592,2021-03-31,West Cambridge - Vienna 69 kV,13115.0,69.0,100.0,28.0,solar,MD,DPL,Withdrawn,gen
AG2-593,2021-03-31,Benton-Scott 69 kV,29999.0,69.0,100.0,20.0,hybrid,PA,PPL,Withdrawn,gen
AG2-594 - moved to TC2,2021-03-31,Benton-Scott 69 kV II,29999.0,69.0,100.0,20.0,solar,PA,PPL,Withdrawn,gen
AG2-595 - moved to TC2,2021-03-31,LaRue - North Waldo 138 kV,33915.0,138.0,66.66666666666667,65.0,solar,OH,AEP,Withdrawn,gen
AG2-596,2021-03-31,Renaker-Avon 138 kV,33039.0,138.0,66.66666666666667,65.0,solar,KY,EKPC,Withdrawn,gen
AG2-597,2021-03-31,Broadford 138 kV,5264.0,138.0,100.0,200.0,hybrid,VA,AEP,Withdrawn,gen
AG2-598,2021-03-31,Knob Lick-JB Galloway Tap 69 kV,7478.0,69.0,75.33333333333333,50.0,hybrid,KY,EKPC,Withdrawn,gen
AG2-599 - moved to TC2,2021-03-31,Furnace Brook-Warren 34.5 kV,32038.0,34.5,64.72727272727273,19.6,solar,NJ,JCPL,Withdrawn,gen
AG2-600 - moved to TC2,2021-03-31,American Can-BASF 34.5 kV,29480.0,34.5,82.0,19.6,solar,NJ,JCPL,Withdrawn,gen
AG2-601,2021-03-31,Milton 69 kV III,955.0,69.0,100.0,90.0,storage,PA,PPL,Withdrawn,battery
AG2-602 - moved to TC2,2021-03-31,Maysville 69 kV V,38712.0,69.0,86.73684210526316,50.0,storage,PA,ATSI,Withdrawn,battery
AG2-603 - moved to TC2,2021-03-31,Huffman 138 kV,32619.0,138.0,100.0,77.0,hybrid,VA,AEP,Withdrawn,gen
AG2-604,2021-03-31,Edgemont 138 kV,33947.0,138.0,100.0,94.0,hybrid,VA,AEP,Withdrawn,gen
AG2-605,2021-03-31,Skimmer - Abert 69 kV,31976.0,69.0,100.0,37.0,hybrid,VA,AEP,Withdrawn,gen
AG2-606 - moved to TC2,2021-03-31,Sunbury-Juniata 500 kV,13419.0,500.0,100.0,89.0,hybrid,PA,PPL,Withdrawn,gen
AG2-607 - moved to TC2,2021-03-31,St. Johns - Dunbrook 34.5 kV,13421.0,34.5,92.0,20.0,solar,VA,Dominion,Withdrawn,gen
AG2-608,2021-03-31,Unionville - Locust 115 kV,7440.0,115.0,100.0,80.0,hybrid,VA,Dominion,Withdrawn,gen
AG2-609,2021-03-31,Unionville - Locust Grove 115 kV,7440.0,115.0,100.0,40.0,hybrid,VA,Dominion,Withdrawn,gen
AG2-610,2021-03-31,Gold 12.5 kV,13301.0,12.5,92.0,4.998,solar,PA,PENELEC,Withdrawn,gen
AG2-611,2021-03-31,Hamlin 12 kV,16270.0,12.0,92.0,4.998,solar,PA,PPL,Withdrawn,gen
AG2-612,2021-03-31,Lakeville 12 kV,12504.0,12.0,76.21052631578947,4.998,hybrid,PA,PPL,Withdrawn,gen
AG2-613,2021-03-31,Tower Hill 34.5 kV,14165.0,34.5,92.0,5.0,solar,PA,PENELEC,Withdrawn,gen
AG2-614,2021-03-31,Mansfield 12 kV,14010.0,12.0,92.0,5.0,solar,PA,PENELEC,Withdrawn,gen
AG2-615 - moved to TC2,2021-03-31,Carlos Junction-Garrett 138 kV,31893.0,138.0,70.0,100.0,solar,MD,APS,Withdrawn,gen
AG2-616 - moved to TC2,2021-03-31,Churchtown - Upper Pittsgrove 138 kV,21702.0,138.0,92.0,50.0,solar,NJ,AEC,Active,gen
AG2-617 - moved to TC2,2021-03-31,Waugh Chapel 115 kV,31527.0,115.0,100.0,55.0,solar,MD,BGE,Active,gen
AG2-618 - moved to TC2,2021-03-31,Morgantown Unit 1 and 2,12825.0,138.0,83.04347826086956,110.0,solar,MD,PEPCO,Active,gen
AG2-619,2021-03-31,Carville 138 kV,33772.0,138.0,94.11764705882352,150.0,solar,MD,DPL,Withdrawn,gen
AG2-620,2021-03-31,Remington 230 kV,33147.0,230.0,100.0,100.0,storage,VA,Dominion,Withdrawn,battery
AG2-621 - moved to TC2,2021-03-31,Hoytdale 138 kV,35791.0,138.0,100.0,150.0,storage,PA,ATSI,Active,battery
AG2-622,2021-03-31,Hanover 230 kV,33126.0,230.0,100.0,250.0,storage,VA,Dominion,Withdrawn,battery
AG2-623,2021-03-31,,,138.0,0.0,,other,DE,DPL,Withdrawn,gen
AG2-624,2021-03-31,Pequest River-Furnace Brook Tap 34.5 kV,13388.0,34.5,52.86956521739131,19.6,solar,NJ,JCPL,Withdrawn,gen
AG2-625 - moved to TC2,2021-03-31,Pequest River-Furnace Brook Tap 34.5 kV II,13388.0,34.5,52.86956521739131,19.6,solar,NJ,JCPL,Active,gen
AG2-626 - moved to TC2,2021-03-31,Pequest River-Furnace Brook Tap 34.5 kV III,13388.0,34.5,52.86956521739131,12.5,solar,NJ,JCPL,Active,gen
AG2-627 - moved to TC2,2021-03-31,Woodstown-High Street 69 kV,19256.0,69.0,100.0,40.0,solar,NJ,AEC,Withdrawn,gen
AG2-628,2021-03-31,Spring Creek - Millcreek 138 kV,41518.0,138.0,100.0,200.0,solar,OH,Dayton,Withdrawn,gen
AG2-629,2021-03-31,Tasley - Oak Hall 69 kV II,11630.0,69.0,100.0,58.76,storage,VA,ODEC,Withdrawn,battery
AG2-630,2021-03-31,Chase City-Drakes Branch 115 kV,33224.0,115.0,100.0,118.56,storage,VA,Dominion,Withdrawn,battery
AG2-631 - moved to TC2,2021-03-31,Boydton Plank Road 115 kV,17409.0,115.0,59.25925925925925,150.0,solar,VA,Dominion,Withdrawn,gen
AG2-632,2021-03-31,Boydton Plank Road 115 kV,17409.0,115.0,59.25925925925925,200.0,storage,VA,Dominion,Withdrawn,battery
AG2-633,2021-03-31,Gary DP - Lunenburg 115 kV,7446.0,115.0,75.0,125.0,solar,VA,Dominion,Withdrawn,gen
AG2-634,2021-03-31,Gary DP – Lunenburg 115 kV ,7446.0,115.0,75.0,125.0,storage,VA,Dominion,Withdrawn,battery
AG2-635,2021-03-31,Heritage 500 kV,33355.0,500.0,86.11764705882352,270.0,solar,VA,Dominion,Withdrawn,gen
AG2-636,2021-03-31,Heritage 500 kV,33355.0,500.0,86.11764705882352,270.0,storage,VA,Dominion,Withdrawn,battery
AG2-637 - moved to TC2,2021-03-31,Randolph - Hodgin 138 kV,14093.0,138.0,62.5,150.0,solar,IN,AEP,Active,gen
AG2-638,2021-03-31,Kingsland 69 kV,6831.0,69.0,92.0,100.0,solar,IN,AEP,Withdrawn,gen
AG2-639 - moved to TC2,2021-03-31,Chickahominy 230 kV,32812.0,230.0,100.0,340.0,storage,VA,Dominion,Withdrawn,battery
AG2-640 - moved to TC2,2021-03-31,Danieltown DP–Brunswick 69 kV,46136.0,69.0,85.07692307692308,46.8,storage,VA,Dominion,Withdrawn,battery
AG2-641,2021-03-31,Palmer Springs 115 kV,11036.0,115.0,74.85714285714286,80.0,solar,VA,Dominion,Withdrawn,gen
AG2-642,2021-03-31,Palmer Springs 115 kV,11036.0,115.0,74.85714285714286,80.0,storage,VA,Dominion,Withdrawn,battery
AG2-643,2021-03-31,Curdsville DP-Willis Mt. 115 kV,14234.0,115.0,69.56521739130434,200.0,storage,VA,Dominion,Withdrawn,battery
AG2-644,2021-03-31,Morrisville 230 kV,33146.0,230.0,100.0,200.0,storage,VA,Dominion,Withdrawn,battery
AG2-645,2021-03-31,Gladys DP-Stonemill 69 kV,44005.0,69.0,66.66666666666667,60.0,storage,VA,Dominion,Withdrawn,battery
AG2-646 - moved to TC2,2021-03-31,Chesterfield 230 kV,33074.0,230.0,100.0,200.0,storage,VA,Dominion,Withdrawn,battery
AG2-647,2021-03-31,Bolton - Bennsville 69 kV,996.0,69.0,80.0,9.2,solar,MD,SMECO,Withdrawn,gen
AG2-648,2021-03-31,Germantown 13.2 kV,13381.0,13.2,92.0,10.0,solar,PA,ME,Withdrawn,gen
AG2-649,2021-03-31,North Hanover 13.2 kV,13921.0,13.2,92.0,10.0,solar,PA,ME,Withdrawn,gen
AG2-650,2021-03-31,Newberry 13.2 kV,33699.0,13.2,67.0,10.0,solar,PA,ME,Withdrawn,gen
AG2-651,2021-03-31,Central City West 23 kV,15631.0,23.0,92.0,10.0,solar,PA,PENELEC,Withdrawn,gen
AG2-652,2021-03-31,Siegfried-Hauto 69 kV IV,32746.0,69.0,100.0,20.0,solar,PA,PPL,Withdrawn,gen
AG2-653,2021-03-31,Siegfried-Hauto 69 kV V,32746.0,69.0,100.0,20.0,storage,PA,PPL,Withdrawn,battery
AG2-654 - moved to TC2,2021-03-31,Craigsville - Leards Crossing 12 kV,21701.0,12.0,68.19047619047619,14.7,solar,PA,APS,Withdrawn,gen
AG2-655 - moved to TC2,2021-03-31,Mt. Storm-Bismark 500 kV,31970.0,500.0,100.0,500.0,solar,WV,Dominion,Withdrawn,gen
AG2-656,2021-03-31,Kanawha River - Carbondale 138 kV,889.0,138.0,100.0,100.0,solar,WV,AEP,Withdrawn,gen
AG2-657 - moved to TC2,2021-03-31,Kanawha River - Carbondale 138 kV,889.0,138.0,100.0,90.0,solar,WV,AEP,Active,gen
AG2-658 - moved to TC2,2021-03-31,Cowen 138 kV,12828.0,138.0,72.72727272727273,210.0,solar,WV,APS,Withdrawn,gen
AG2-659 - moved to TC2,2021-03-31,Palmer Springs - Hawtree 115 kV,11036.0,115.0,74.85714285714286,80.0,solar,VA,Dominion,Active,gen
AG2-660 - moved to TC2,2021-03-31,Nelson-Electric Junction 345 kV,20754.0,345.0,100.0,600.0,storage,IL,ComEd,Active,battery
AG2-661 - moved to TC2,2021-03-31,Hopewell - Colonial Trail 230 kV,19035.0,230.0,100.0,150.0,hybrid,VA,Dominion,Active,gen
AG2-662,2021-03-31,Stephensburg - Central Hardin 69 kV,15670.0,69.0,100.0,90.0,storage,KY,EKPC,Withdrawn,battery
AG2-663,2021-03-31,Pidgeon - Lisbon 69 kV,36938.0,69.0,92.0,40.0,solar,OH,ATSI,Withdrawn,gen
AG2-664,2021-03-31,TodHunter – Trenton 138 kV,23461.0,138.0,100.0,100.0,storage,OH,DEOK,Withdrawn,battery
AG2-665 - moved to TC2,2021-03-31,Corwin - Elk 138 kV,32458.0,138.0,72.72727272727273,160.0,hybrid,OH,AEP,Active,gen
AG2-666,2021-03-31,Spurlock - Flemingsburg 138 kV,12140.0,138.0,66.66666666666667,90.0,hybrid,KY,EKPC,Withdrawn,gen
AG2-667,2021-03-31,Wakesfield - Poolesville 34.5 kV,33433.0,34.5,86.73684210526316,20.0,solar,VA,Dominion,Withdrawn,gen
AG2-668 - moved to TC2,2021-03-31,Harvey Run 34.5 kV,14003.0,34.5,92.0,20.0,solar,PA,PENELEC,Withdrawn,gen
AG2-669,2021-03-31,Loudoun - Meadow Brook 500 kV,42726.0,500.0,92.3076923076923,150.0,solar,VA,Dominion,Withdrawn,gen
AG2-670 - moved to TC2,2021-03-31,Greensburg 69 kV,38030.0,69.0,76.21052631578947,75.0,solar,KY,EKPC,Withdrawn,gen
AG2-671,2021-03-31,Hope - Frenchburg 69 kV,1838.0,69.0,77.0,19.9,solar,KY,EKPC,Withdrawn,gen
AG2-672,2021-03-31,Conaway 138 kV,33260.0,138.0,61.53846153846154,8.0,solar,DE,DPL,Withdrawn,gen
AG2-673,2021-03-31,Fitzell 33 kV,31858.0,33.0,92.0,9.92,solar,MD,BGE,Withdrawn,gen
AG2-674,2021-03-31,Quad Cities - Sterling Steel 345 kV ,31500.0,345.0,100.0,212.1,wind,IL,ComEd,Withdrawn,gen
AG2-675 - moved to TC2,2021-03-31,Cordova 345 kV,34670.0,345.0,100.0,80.0,storage,IL,ComEd,Active,battery
AG2-676,2021-03-31,Russell Co 161 kV,11394.0,161.0,83.0,150.0,solar,KY,EKPC,Withdrawn,gen
AG2-677,2021-03-31,Russell Co J - Jamestown T 161 kV,11394.0,161.0,79.5,150.0,solar,KY,EKPC,Withdrawn,gen
AG2-678,2021-03-31,Vicco - Beckham 138 kV,11534.0,138.0,100.0,120.0,solar,KY,AEP,Withdrawn,gen
AG2-679,2021-03-31,Daisy - Collier 69 kV,6603.0,69.0,72.0,50.0,solar,KY,AEP,Withdrawn,gen
AG2-680,2021-03-31,South Anna - Louisa 230 kV,7393.0,230.0,83.33333333333334,202.0,solar,VA,Dominion,Withdrawn,gen
AG2-681,2021-03-31,Soft Shell - Bonny Man 138 kV,36226.0,138.0,66.66666666666667,150.0,solar,KY,AEP,Withdrawn,gen
AG2-682,2021-03-31,Stinnett 161 kV,8047.0,161.0,58.66666666666667,150.0,solar,KY,AEP,Withdrawn,gen
AG2-683,2021-03-31,Sullivan-Rockport 765 kV,38498.0,765.0,100.0,300.0,solar,IN,AEP,Withdrawn,gen
AG2-684,2021-03-31,Summer Shade 161 kV,40455.0,161.0,100.0,331.0,solar,KY,EKPC,Withdrawn,gen
AG2-685,2021-03-31,Big Sandy-Inez 138 kV,11361.0,138.0,100.0,150.0,solar,KY,AEP,Withdrawn,gen
AG2-686,2021-03-31,Powell Mountain 138 kV,835.0,138.0,100.0,215.0,solar,WV,APS,Withdrawn,gen
AG2-687,2021-03-31,Garrard 345 kV,1430.0,345.0,93.33333333333333,215.0,solar,KY,EKPC,Withdrawn,gen
AG2-688,2021-03-31,Imperial-Joffre 138 kV,40038.0,138.0,100.0,100.0,storage,PA,APS,Withdrawn,battery
AG2-689,2021-03-31,Tenmile 138 kV,29521.0,138.0,76.92307692307692,125.0,storage,WV,AEP,Withdrawn,battery
AG2-690 - moved to TC2,2021-03-31,Sullivan - Rockport 765 kV,38498.0,765.0,100.0,300.0,storage,IN,AEP,Withdrawn,battery
AG2-691,2021-03-31,New Lebanon - Ohio Hutchings 69 kV,42002.0,69.0,89.0909090909091,49.5,solar,OH,Dayton,Withdrawn,gen
AH1-001,2021-04-01,Bartonsville-Meadowbrook 138 kV,14595.0,138.0,92.0,220.0,solar,VA,APS,Withdrawn,gen
AH1-002,2021-04-01,Hector 115 kV,288.0,115.0,75.33333333333334,50.0,wind,PA,PENELEC,Withdrawn,gen
AH1-003,2021-04-01,Tazewell - AB1-122 345 kV ,12091.0,345.0,100.0,130.0,wind,IL,ComEd,Withdrawn,gen
AH1-004 - moved to TC2,2021-04-07,Avon - Renaker 138 kV,3423.0,138.0,92.0,40.0,solar,KY,EKPC,Active,gen
AH1-005 - moved to TC2,2021-04-09,East Towanda-South Troy 115 kV II,13718.0,115.0,70.58823529411764,51.0,solar,PA,PENELEC,Withdrawn,gen
AH1-006,2021-04-09,Essex 26 kV,19235.0,26.0,92.0,3.7,solar,NJ,PSEG,Withdrawn,gen
AH1-007,2021-04-09,Plymouth 69 kV,40975.0,69.0,100.0,20.0,solar,PA,PPL,Withdrawn,gen
AH1-008,2021-04-12,Bergen 230 kV ,19042.0,230.0,100.0,0.0,other,OH,PSEG,Withdrawn,gen
AH1-009,2021-04-14,,,138.0,0.0,86.0,solar,IL,ComEd,Withdrawn,gen
AH1-010,2021-04-19,Stony River - Buffalo Coal 66 kV,14429.0,66.0,69.77777777777779,20.0,solar,WV,APS,Withdrawn,gen
AH1-011,2021-04-19,Fulton - Tidd 69 kV,18376.0,69.0,100.0,20.0,solar,WV,AEP,Withdrawn,gen
AH1-012 - moved to TC2,2021-04-19,Louisa - North Anna 230 kV,7394.0,230.0,88.0,50.0,storage,VA,Dominion,Withdrawn,battery
AH1-013,2021-04-20,Hanna - Tanners Creek 345 kV,14563.0,345.0,100.0,500.0,solar,IN,AEP,Withdrawn,gen
AH1-014,2021-04-19,Sorenson 345 kV,36327.0,345.0,100.0,111.8,solar,IN,AEP,Withdrawn,gen
AH1-015,2021-04-22,Academia 138 kV,18304.0,138.0,80.0,150.0,solar,OH,AEP,Withdrawn,gen
AH1-016,2021-04-22,Central Hardin 138  kV,15671.0,138.0,100.0,180.0,solar,KY,EKPC,Withdrawn,gen
AH1-017,2021-05-04,Copperstone-North Lebanon 230 kV III,42819.0,230.0,100.0,100.0,solar,PA,ME,Withdrawn,gen
AH1-018,2021-05-13,Cunningham - Elmont 500 kV,31877.0,500.0,100.0,149.0,solar,VA,Dominion,Withdrawn,gen
AH1-019,2021-05-13,Cunningham - Elmont 500 kV II,31877.0,500.0,100.0,149.0,solar,VA,Dominion,Withdrawn,gen
AH1-020,2021-05-13,Kidds Store – Fork Union 115 kV,6607.0,115.0,72.72727272727273,38.0,solar,VA,Dominion,Withdrawn,gen
AH1-021,2021-05-13,North Temple 781-1 13.2 kV,13620.0,13.2,82.0,3.0,solar,PA,ME,Withdrawn,gen
AH1-022,2021-05-12,Allen 13.2 kV,4343.0,13.2,92.0,3.0,solar,PA,ME,Withdrawn,gen
AH1-023,2021-05-12,Corning Glass-Bush Town Junction 34.5 kV,14788.0,34.5,58.66666666666667,5.0,solar,PA,APS,Withdrawn,gen
AH1-024,2021-05-12,Lickdale 626-2 13.2 kV,29470.0,13.2,52.0,2.0,solar,PA,ME,Withdrawn,gen
AH1-025,2021-05-12,Myerstown 751-2 13.2 kV,47965.0,13.2,55.63636363636363,4.5,solar,PA,ME,Withdrawn,gen
AH1-026,2021-05-12,Newberry 576-4 13.2 kV,14043.0,13.2,52.0,4.5,solar,PA,ME,Withdrawn,gen
AH1-027 - moved to TC2,2021-05-20,Cartanza 230 kV,16047.0,230.0,100.0,25.0,solar,DE,DPL,Withdrawn,gen
AH1-028,2021-05-26,Freeman1 12.47 kV,5259.0,47.0,63.1578947368421,8.75,solar,VA,Dominion,Withdrawn,gen
AH1-029,2021-06-03,WV-PJM1 12 kV,,12.0,0.0,1.0,solar,IL,AEP,Withdrawn,gen
AH1-030,2021-06-03,WV PJM2 12 kV,,12.0,0.0,1.0,solar,IL,AEP,Withdrawn,gen
AH1-031,2021-06-08,National-Tangy 138 kV III,33095.0,138.0,74.0,77.0,solar,OH,ATSI,Withdrawn,gen
AH1-032,2021-06-14,West Millersport 138 kV,39576.0,138.0,100.0,138.0,solar,OH,AEP,Withdrawn,gen
AH1-033 - moved to TC2,2021-06-14,Sligo 34.5 kV,32355.0,34.5,92.0,19.5,solar,NC,Dominion,Active,gen
AH1-034 - moved to TC2,2021-06-14,Patton Road Junction - Summer Shade 69 kV,48109.0,69.0,63.63636363636363,100.0,solar,KY,EKPC,Withdrawn,gen
AH1-035 - moved to TC2,2021-06-14,Plymouth 34.5 kV,12789.0,34.5,92.0,20.0,solar,NC,Dominion,Withdrawn,gen
AH1-036,2021-06-15,Centerburg 138 kV,14731.0,138.0,80.0,277.5,storage,OH,AEP,Withdrawn,battery
AH1-037,2021-06-16,Chippewa D557 8.320 kV,,320.0,0.0,2.0,solar,,ATSI,Withdrawn,gen
AH1-038,2021-06-16,Kramer,34367.0,138.0,90.9090909090909,3.825,solar,,PENELEC,Withdrawn,gen
AH1-039,2021-06-19,Mt. Hermon 23 kV,13120.0,23.0,92.0,20.0,solar,MD,DPL,Withdrawn,gen
AH1-040 - moved to TC2,2021-06-23,Mackeys - Creswell 115 kV,3417.0,115.0,100.0,150.0,solar,NC,Dominion,Active,gen
AH1-041 - moved to TC2,2021-06-23,Pennville 138 kV,13045.0,138.0,100.0,125.0,solar,IN,AEP,Withdrawn,gen
AH1-042 - moved to TC2,2021-06-25,Providence Forge-Turner 115kV,6053.0,115.0,100.0,154.0,solar,VA,Dominion,Withdrawn,gen
AH1-043,2021-06-28,Sand Hills - Brunswick 69 kV,18378.0,69.0,74.35294117647058,90.0,storage,NJ,PSEG,Withdrawn,battery
AH1-044 - moved to TC2,2021-06-30,Nelson - Electric Junction 345 kV,20754.0,345.0,100.0,800.0,solar,IL,ComEd,Active,gen
AH1-045 - moved to TC2,2021-07-01,Zion Energy Center 345 kV ,20818.0,345.0,78.0,658.0,solar,IL,ComEd,Withdrawn,gen
AH1-046 - moved to TC2,2021-07-01,Peach Bottom 500 kV,14669.0,500.0,100.0,905.0,solar,PA,PECO,Withdrawn,gen
AH1-047 - moved to TC2,2021-07-06,Marengo - Belvidere 138 kV,12082.0,138.0,66.66666666666667,58.6,solar,IL,ComEd,Withdrawn,gen
AH1-048,2021-07-07,Riverton 138,32810.0,138.0,90.0,20.0,storage,VA,APS,Withdrawn,battery
AH1-049,2021-07-07,Erie East – Union City Ckt 00234-31 34.5 kV,13396.0,34.5,92.0,20.0,solar,PA,PENELEC,Withdrawn,gen
AH1-050 - moved to TC2,2021-07-07,Eclipse-Piney 115 kV,13351.0,115.0,100.0,50.0,solar,PA,PENELEC,Withdrawn,gen
AH1-051 - moved to TC2,2021-07-07,Eclipse-Piney 115 kV II,13351.0,115.0,100.0,80.0,solar,PA,PENELEC,Withdrawn,gen
AH1-052,2021-07-07,Boydton Plank Road 115 kV,17409.0,115.0,59.25925925925925,260.0,solar,VA,Dominion,Withdrawn,gen
AH1-053,2021-07-08,Luthersburg - Curwensville 12.47 kV,14731.0,47.0,68.19047619047619,5.0,solar,PA,PENELEC,Withdrawn,gen
AH1-054 - moved to TC2,2021-07-09,Upton-Whitings 34.5 kV,4086.0,34.5,64.72727272727273,8.25,solar,NJ,JCPL,Active,gen
AH1-055 - moved to TC2,2021-07-14,Kyger Creek - Don Marquis 345 kV,34337.0,345.0,74.35294117647058,220.0,solar,OH,OVEC,Active,gen
AH1-056 - moved to TC2,2021-07-14,Red House D.P. 115kV,13848.0,115.0,72.0,100.0,solar,VA,Dominion,Withdrawn,gen
AH1-057 - moved to TC2,2021-07-15,Edgewood 12.47 kV,12907.0,47.0,83.81818181818181,7.2,solar,MD,DPL,Active,gen
AH1-058,2021-07-16,Galion 138 kV IV,5092.0,138.0,100.0,204.0,solar,OH,ATSI,Withdrawn,gen
AH1-059 - moved to TC2,2021-07-16,Sharp Road 69 kV,6153.0,69.0,100.0,101.0,solar,OH,AEP,Active,gen
AH1-060 - moved to TC2,2021-07-20,Cardington-Liberty 69 kV III,39992.0,69.0,84.21052631578947,94.0,solar,OH,ATSI,Active,gen
AH1-061,2021-07-21,Bernville 13.2kV,41497.0,13.2,92.0,5.0,solar,PA,ME,Withdrawn,gen
AH1-062,2021-07-22,London-Tangy 69 kV II,5137.0,69.0,100.0,20.0,solar,OH,ATSI,Withdrawn,gen
AH1-063,2021-07-26,Spring Creek – South Abingdon 138 kV ,41518.0,138.0,100.0,100.0,storage,VA,AEP,Withdrawn,battery
AH1-064,2021-07-27,Hopewell 34.5kV,13478.0,34.5,92.0,20.0,storage,VA,Dominion,Withdrawn,battery
AH1-065 - moved to TC2,2021-07-27,Hopewell 34.5kV,13478.0,34.5,92.0,20.0,storage,VA,Dominion,Withdrawn,battery
AH1-066 - moved to TC2,2021-07-27,Hopewell 34.5kV,13478.0,34.5,92.0,10.0,storage,VA,Dominion,Withdrawn,battery
AH1-067,2021-07-27,Minotola 12.47 kV,13410.0,47.0,58.66666666666667,8.5,solar,NJ,AEC,Withdrawn,gen
AH1-068,2021-07-28,Williamstown 12.47 kV,31832.0,47.0,86.0,12.0,solar,NJ,AEC,Withdrawn,gen
AH1-069 - moved to TC2,2021-07-28,Jerome - Mohicanville 69 kV,38496.0,69.0,72.72727272727273,17.0,solar,OH,ATSI,Withdrawn,gen
AH1-070 - moved to TC2,2021-07-28,Jerome - Mohicanville 69 kV,38496.0,69.0,72.72727272727273,34.0,solar,OH,ATSI,Withdrawn,gen
AH1-071 - moved to TC2,2021-07-29,Midlothian 34.5 kV,7352.0,34.5,92.0,20.0,solar,VA,Dominion,Active,gen
AH1-072 - moved to TC2,2021-07-29,Red Onion - VC5 69 kV,33353.0,69.0,79.01960784313725,20.0,solar,VA,AEP,Active,gen
AH1-073 - moved to TC2,2021-07-29,Red Onion - VC5 69 kV,33353.0,69.0,79.01960784313725,40.0,solar,VA,AEP,Active,gen
AH1-074,2021-07-29,Fitchville-New London 69 kV,48316.0,69.0,73.6842105263158,20.0,solar,OH,ATSI,Withdrawn,gen
AH1-075 - moved to TC2,2021-07-29,North Waldo - Wild Creek 138 kV,4512.0,138.0,100.0,68.0,solar,OH,AEP,Withdrawn,gen
AH1-076 - moved to TC2,2021-07-29,Loyalhanna - Reed Junction 25 kV,7096.0,25.0,62.58823529411764,18.0,solar,PA,APS,Withdrawn,gen
AH1-077,2021-07-30,TBD 34.5 kV,36200.0,34.5,49.14285714285714,3.0,solar,NJ,AEC,Withdrawn,gen
AH1-078,2021-07-30,Paulsboro 69 kV II,14591.0,69.0,73.6842105263158,79.0,gas,NJ,AEC,Withdrawn,gen
AH1-079,2021-07-30,Harmony Village 34.5kV,7427.0,34.5,92.0,20.0,solar,VA,Dominion,Withdrawn,gen
AH1-080,2021-07-30,Virginia Beach - Pendleton 115 kV,6600.0,115.0,100.0,40.0,storage,VA,Dominion,Withdrawn,battery
AH1-081 - moved to TC2,2021-07-30,Knob Lick 69kV,7478.0,69.0,75.33333333333333,60.0,solar,KY,EKPC,Withdrawn,gen
AH1-082 - moved to TC2,2021-07-30,Knob Lick 69kV,7478.0,69.0,75.33333333333333,104.0,solar,KY,EKPC,Withdrawn,gen
AH1-083 - moved to TC2,2021-07-30,Summer Shade - Green County 161 kV,40455.0,161.0,100.0,250.0,solar,KY,EKPC,Withdrawn,gen
AH1-084 - moved to TC2,2021-07-30,Sullivan 345 kV,33035.0,345.0,100.0,2500.0,other,IN,AEP,Withdrawn,gen
AH1-085,2021-07-30,Sullivan 345kV,33035.0,345.0,100.0,500.0,other,,AEP,Withdrawn,gen
AH1-086 - moved to TC2,2021-07-30,Morrisville 230kV,33146.0,230.0,100.0,90.0,storage,VA,Dominion,Withdrawn,battery
AH1-087 - moved to TC2,2021-07-30,Morrisville 230kV,33146.0,230.0,100.0,110.0,storage,VA,Dominion,Withdrawn,battery
AH1-088 - moved to TC2,2021-07-30,Morrisville 230kV,33146.0,230.0,100.0,130.0,storage,VA,Dominion,Withdrawn,battery
AH1-089 - moved to TC2,2021-07-30,Morrisville 230kV,33146.0,230.0,100.0,150.0,storage,VA,Dominion,Withdrawn,battery
AH1-090,2021-07-30,Surry - Hopewell 230 kV,33170.0,230.0,100.0,80.0,hybrid,VA,Dominion,Withdrawn,gen
AH1-091 - moved to TC2,2021-07-30,Ahoskie 34.5kV,12359.0,34.5,63.42857142857143,17.0,storage,NC,Dominion,Active,battery
AH1-092 - moved to TC2,2021-07-30,SedgeHill - Person 230 kV,40189.0,230.0,86.11764705882352,90.0,hybrid,VA,Dominion,Withdrawn,gen
AH1-093,2021-07-30,SedgeHill - Person 230 kV,40189.0,230.0,86.11764705882352,160.0,hybrid,VA,Dominion,Withdrawn,gen
AH1-094 - moved to TC2,2021-07-30,Wells - Shinrock 69 kV I,25125.0,69.0,100.0,49.9,hybrid,OH,ATSI,Withdrawn,gen
AH1-095,2021-07-30,Wells - Shinrock 69 kV II,25125.0,69.0,100.0,69.9,hybrid,OH,ATSI,Withdrawn,gen
AH1-096,2021-07-30,Wells - Shinrock 69 kv III,25125.0,69.0,100.0,79.9,hybrid,OH,ATSI,Withdrawn,gen
AH1-097,2021-07-30,Jubal Early - Pipers Gap 138 kV,7966.0,138.0,84.21052631578947,20.0,hybrid,VA,AEP,Withdrawn,gen
AH1-098 - moved to TC2,2021-07-30,Wolf Glade-West Carroll 138 kV,30866.0,138.0,77.0,40.0,hybrid,VA,AEP,Active,gen
AH1-099,2021-07-30,Glady Run–Xenia 69 kV,17892.0,69.0,70.0,20.0,solar,OH,Dayton,Withdrawn,gen
AH1-100,2021-07-30,Effort Mountain-Gilbert 138 kV II,53594.0,138.0,100.0,45.2,solar,PA,PPL,Withdrawn,gen
AH1-101,2021-07-30,River EC 138 kV ,55014.0,138.0,71.42857142857143,57.78,storage,IL,ComEd,Withdrawn,battery
AH1-102 - moved to TC2,2021-07-30,Seward-Glory 115 kV,32944.0,115.0,100.0,100.0,solar,PA,PENELEC,Withdrawn,gen
AH1-103,2021-08-02,Pinewood - St. Johns 115 kV,13923.0,115.0,77.77777777777779,75.0,solar,VA,Dominion,Withdrawn,gen
AH1-104,2021-08-02,Hepburna 12.47 kV Grampian ckt,13117.0,47.0,50.82352941176471,5.0,solar,PA,PENELEC,Withdrawn,gen
AH1-105,2021-08-03,TBD 23 kV,36200.0,23.0,49.14285714285714,4.0,solar,DE,DPL,Withdrawn,gen
AH1-106 - moved to TC2,2021-08-04,Winterpock 34.5kV,12818.0,34.5,72.0,26.0,solar,VA,Dominion,Active,gen
AH1-107 - moved to TC2,2021-08-04,Winterpock 34.5kV,12818.0,34.5,72.0,26.0,solar,VA,Dominion,Active,gen
AH1-108 - moved to TC2,2021-08-04,Spruance NUG 230 kV,33093.0,230.0,100.0,66.0,gas,VA,Dominion,Active,gen
AH1-109,2021-08-03,Krendale - Unionville 12.47 kV,12938.0,47.0,67.0,3.0,solar,OH,APS,Withdrawn,gen
AH1-110,2021-08-06,Newville 12 kV II,15665.0,12.0,76.21052631578947,5.0,solar,PA,PPL,Withdrawn,gen
AH1-111,2021-08-06,Walker 12 kV,17980.0,12.0,92.0,5.0,solar,PA,PPL,Withdrawn,gen
AH1-112,2021-08-06,New Meredith 23 kV,46340.0,23.0,82.0,4.0,solar,DE,DPL,Withdrawn,gen
AH1-113,2021-08-09,North Pole - Russelville 34.5 kV,33141.0,34.5,92.0,20.0,solar,OH,DEOK,Withdrawn,gen
AH1-114,2021-08-09,North Pole - Russelville 34.5 kV,33141.0,34.5,92.0,40.0,solar,OH,DEOK,Withdrawn,gen
AH1-115,2021-08-13,,,138.0,0.0,4.0,solar,DE,DPL,Withdrawn,gen
AH1-116 5132083,2021-08-12,PJM-MECS,31685.0,138.0,57.14285714285714,1200.0,other,,,Withdrawn,gen
AH1-117 5136432,2021-08-12,PJM-CIN,31685.0,138.0,57.14285714285714,,other,,,Withdrawn,gen
AH1-118,2021-08-13,Windsor 25 kV,13378.0,25.0,92.0,20.0,solar,WV,APS,Withdrawn,gen
AH1-119,2021-08-13,Bismark-Doubs 500 kV,34657.0,500.0,58.66666666666667,100.0,hybrid,VA,Dominion,Withdrawn,gen
AH1-120,2021-08-17,Felton 23kV ,16006.0,23.0,92.0,4.0,solar,DE,DPL,Withdrawn,gen
AH1-121,2021-08-18,,,138.0,0.0,,solar,NJ,AEC,Withdrawn,gen
AH1-122,2021-08-19,Dowling 138 kV II,41837.0,138.0,100.0,75.0,solar,OH,ATSI,Withdrawn,gen
AH1-123,2021-08-24,Locust Grove D.P. 34.5kV,7438.0,34.5,79.5,20.0,storage,VA,Dominion,Withdrawn,battery
AH1-124 - moved to TC2,2021-08-23,Vint Hill 34.5kV,24994.0,34.5,92.0,20.0,storage,VA,Dominion,Under Construction,battery
AH1-125 - moved to TC2,2021-08-23,Sycoline 34.5kV,37079.0,34.5,58.66666666666667,20.0,storage,VA,Dominion,Under Construction,battery
AH1-126,2021-08-23,Bowman 12.5kV,13107.0,12.5,75.33333333333334,20.0,storage,VA,Dominion,Withdrawn,battery
AH1-127 - moved to TC2,2021-08-23,Railroad 34.5kV,5330.0,34.5,83.81818181818181,20.0,storage,VA,Dominion,Under Construction,battery
AH1-128 - moved to TC2,2021-08-23,Railroad 34.5kV,5330.0,34.5,83.81818181818181,20.0,storage,VA,Dominion,Under Construction,battery
AH1-129,2021-08-24,Gretna-Mt. Airy 69kV,48501.0,69.0,72.72727272727273,20.0,storage,VA,Dominion,Withdrawn,battery
AH1-130,2021-08-24,Gretna-Mt. Airy 69kV,48501.0,69.0,72.72727272727273,20.0,storage,VA,Dominion,Withdrawn,battery
AH1-131,2021-08-23,Gretna-Mt. Airy 69kV,48501.0,69.0,72.72727272727273,20.0,storage,VA,Dominion,Withdrawn,battery
AH1-132,2021-08-23,Double Toll Gate - Strasburg 34.5 kV,32779.0,34.5,92.0,14.4,gas,VA,APS,Withdrawn,gen
AH1-133 - moved to TC2,2021-08-23,Saltville - Tazewell 138 kV,7940.0,138.0,100.0,70.0,solar,VA,AEP,Active,gen
AH1-134,2021-08-25,Northern Neck 230 kV,33192.0,230.0,100.0,20.0,storage,VA,Dominion,Withdrawn,battery
AH1-135,2021-08-24,Vienna - Vienna 8 138 kV,13111.0,138.0,100.0,,other,,DPL,Withdrawn,gen
AH1-136 - moved to TC2,2021-08-25,Falcon - Middle Creek 46 kV,14048.0,46.0,77.71428571428572,20.0,solar,KY,AEP,Withdrawn,gen
AH1-137,2021-08-26,,,138.0,0.0,,solar,PA,PPL,Withdrawn,gen
AH1-138 - moved to TC2,2021-07-30,Penniman 34.5 kV,6052.0,34.5,86.11764705882352,20.0,solar,VA,Dominion,Active,gen
AH1-139,2021-08-27,Cooper 34.5kV ,1417.0,34.5,92.0,3.0,solar,PA,PECO,Withdrawn,gen
AH1-140 - moved to TC2,2021-07-30,Vasco 138 kV,14162.0,138.0,100.0,150.0,hybrid,PA,APS,Withdrawn,gen
AH1-141,2021-08-26,Darbytown 230 kV,33072.0,230.0,90.76923076923077,5.0,storage,VA,Dominion,Withdrawn,battery
AH1-142,2021-08-27,Darbytown 230 kV II,33072.0,230.0,90.76923076923077,4.0,storage,VA,Dominion,Withdrawn,battery
AH1-143,2021-08-26,Darbytown 230 kV III,33072.0,230.0,90.76923076923077,2.0,storage,VA,Dominion,Withdrawn,battery
AH1-144 - moved to TC2,2021-08-26,Peter's Mountain 138 kV,39292.0,138.0,95.23809523809523,70.0,solar,VA,AEP,Active,gen
AH1-145 - moved to TC2,2021-08-26,Peter's Mountain 138 kV,39292.0,138.0,95.23809523809523,150.0,storage,VA,AEP,Active,battery
AH1-146 - moved to TC2,2021-08-26,White Rock - Wayne 345 kV,12818.0,345.0,92.0,200.0,solar,IL,ComEd,Withdrawn,gen
AH1-147 - moved to TC2,2021-08-27,White Rock - Wayne 345 kV,12818.0,345.0,92.0,400.0,solar,IL,ComEd,Withdrawn,gen
AH1-148 - moved to TC2,2021-08-26,White Rock - Wayne 345 kV  ,12818.0,345.0,92.0,600.0,solar,IL,ComEd,Withdrawn,gen
AH1-149,2021-08-28,Moselem-Saint Peters Tap 69 kV,32258.0,69.0,77.71428571428572,8.375,solar,PA,ME,Withdrawn,gen
AH1-150 - moved to TC2,2021-08-28,Nelson-Electric Junction 345 kV,20754.0,345.0,100.0,1000.0,solar,IL,ComEd,Active,gen
AH1-151 - moved to TC2,2021-08-27,Nelson-Electric Junction 345 kV,20754.0,345.0,100.0,1200.0,solar,IL,ComEd,Active,gen
AH1-152 - moved to TC2,2021-08-27,Dumont 345 kV,38419.0,345.0,100.0,150.0,storage,IN,AEP,Withdrawn,battery
AH1-153 - moved to TC2,2021-08-27,Dumont 345 kV,38419.0,345.0,100.0,200.0,solar,IN,AEP,Active,gen
AH1-154 - moved to TC2,2021-08-27,Dumont 345 kV,38419.0,345.0,100.0,300.0,storage,IN,AEP,Withdrawn,battery
AH1-154A,2021-08-27,Mount Rock12 kV II,3720.0,12.0,81.58333333333333,5.0,solar,PA,PPL,Withdrawn,gen
AH1-154B,2021-08-27,Hughesville 12 kV,13684.0,12.0,92.0,5.0,solar,PA,PPL,Withdrawn,gen
AH1-155 5139596,2021-08-27,NIPS-PJM,16691.0,138.0,66.66666666666667,,other,,,Confirmed,gen
AH1-156,2021-08-30,Cane Ridge 69 kV,33361.0,69.0,92.0,40.0,solar,KY,EKPC,Withdrawn,gen
AH1-157 - moved to TC2,2021-08-31,Penniman - Waller 230 kV,6052.0,230.0,94.11764705882352,100.0,storage,VA,Dominion,Withdrawn,battery
AH1-158 - moved to TC2,2021-09-01,Eclipse-Piney 115 kV III,13351.0,115.0,100.0,80.0,storage,PA,PENELEC,Withdrawn,battery
AH1-159 - moved to TC2,2021-08-30,Conneaut-Conneaut Tap 69 kV,13297.0,69.0,62.58823529411764,20.0,solar,PA,ATSI,Withdrawn,gen
AH1-160 - moved to TC2,2021-08-31,Tower Hill 34.5 kV,14165.0,34.5,92.0,20.0,solar,PA,PENELEC,Withdrawn,gen
AH1-161,2021-08-30,Canal 69 kV,39044.0,69.0,80.75,20.0,solar,PA,ATSI,Withdrawn,gen
AH1-162 - moved to TC2,2021-08-31,Curryville-RKB-Yellow Creek 23 kV,14234.0,23.0,92.0,16.0,solar,PA,PENELEC,Withdrawn,gen
AH1-163 - moved to TC2,2021-09-01,Millersburg 69 kV,32758.0,69.0,100.0,100.0,solar,KY,EKPC,Withdrawn,gen
AH1-164 - moved to TC2,2021-08-31,Oak Level - Tank Hill 138 kV,32599.0,138.0,100.0,35.0,solar,VA,AEP,Withdrawn,gen
AH1-165 - moved to TC2,2021-08-31,Will County 138 kV,265.0,138.0,100.0,72.0,storage,IL,ComEd,Active,battery
AH1-166,2021-09-01,Carson – Suffolk 500 kV,33483.0,500.0,100.0,800.0,storage,VA,Dominion,Withdrawn,battery
AH1-167,2021-08-27,Pinewood - St Johns 115 kV,13923.0,115.0,77.77777777777779,80.0,solar,VA,Dominion,Withdrawn,gen
AH1-168,2021-08-27,Pinewood - St Johns 115 kV II,13923.0,115.0,77.77777777777779,120.0,solar,VA,Dominion,Withdrawn,gen
AH1-169,2021-08-27,Greenbush 69kV,22033.0,69.0,92.0,20.0,solar,VA,ODEC,Withdrawn,gen
AH1-170 - moved to TC2,2021-08-27,Columbia DP 115kV,31870.0,115.0,91.81818181818181,20.0,solar,VA,Dominion,Active,gen
AH1-171,2021-08-27,Columbia DP 115kV,31870.0,115.0,91.81818181818181,20.0,solar,VA,Dominion,Withdrawn,gen
AH1-172,2021-08-31,Wolf Glade 34.5  kV,30866.0,34.5,77.0,20.0,solar,VA,AEP,Withdrawn,gen
AH1-173,2021-08-31,Buckhorn 34.5 kV,4647.0,34.5,92.0,16.65,solar,VA,AEP,Withdrawn,gen
AH1-174,2021-08-31,Westlake 34.5 kV,31493.0,34.5,92.0,20.0,solar,VA,AEP,Withdrawn,gen
AH1-175,2021-08-31,Sheffield 34.5 kV,31517.0,34.5,92.0,20.0,solar,VA,AEP,Withdrawn,gen
AH1-176,2021-08-31,Ridgeway 34.5 kV,14000.0,34.5,92.0,18.8,solar,VA,AEP,Withdrawn,gen
AH1-177,2021-09-01,Willis Gap 34.5 kV,33029.0,34.5,65.6842105263158,10.0,solar,VA,AEP,Withdrawn,gen
AH1-178,2021-08-31,Remington - Morrisville 34.5 kV,33147.0,34.5,92.0,20.0,solar,VA,Dominion,Withdrawn,gen
AH1-179 - moved to TC2,2021-08-31,Edinburg - Woodstock DP 34.5 kV,31882.0,34.5,92.0,20.0,solar,VA,Dominion,Withdrawn,gen
AH1-180,2021-08-31,Westlake 34.5 kV,31493.0,34.5,92.0,9.0,solar,VA,AEP,Withdrawn,gen
AH1-181,2021-08-31,Stuart 34.5,4834.0,138.0,86.36363636363636,12.0,solar,VA,AEP,Withdrawn,gen
AH1-182,2021-08-31,Peak Creek 34.5,32620.0,138.0,88.46153846153847,11.45,solar,VA,AEP,Withdrawn,gen
AH1-183,2021-09-01,Remington - Elm 34.5 kV,33147.0,34.5,92.0,12.0,solar,VA,Dominion,Withdrawn,gen
AH1-184,2021-08-31,Powhatan - Powhatan DP 24.94 kV,7691.0,94.0,92.0,5.0,solar,VA,Dominion,Withdrawn,gen
AH1-185 - moved to TC2,2021-08-31,Benn's Church - Smithfield 34.5 kV,12913.0,34.5,75.84615384615384,20.0,solar,VA,Dominion,Withdrawn,gen
AH1-186,2021-09-01,Maysville-Sharon 69 kV II,38712.0,69.0,86.73684210526316,19.9,storage,PA,ATSI,Withdrawn,battery
AH1-187,2021-08-31,Andover (Maysville) 69 kV III,14278.0,69.0,74.35294117647058,17.9,storage,PA,ATSI,Withdrawn,battery
AH1-188 - moved to TC2,2021-08-31,Pigeon Creek 138 kV,15471.0,138.0,88.75,140.0,solar,WV,AEP,Active,gen
AH1-189 - moved to TC2,2021-08-31,Hopkins 138 kV,939.0,138.0,100.0,140.0,solar,WV,AEP,Withdrawn,gen
AH1-190,2021-09-01,Waukegan 138 kV,5350.0,138.0,80.0,80.0,storage,IL,ComEd,Withdrawn,battery
AH1-191,2021-09-01,Powerton 138 kV,20090.0,138.0,92.0,20.9,hybrid,IL,ComEd,Withdrawn,gen
AH1-192,2021-09-01,Sunbury-Columbia 69kV ,13490.0,69.0,100.0,5.0,solar,PA,PPL,Withdrawn,gen
AH1-193,2021-09-01,Sunbury-Danville 69 kV,13490.0,69.0,100.0,5.0,solar,PA,PPL,Withdrawn,gen
AH1-194,2021-09-01,Warfordsburg – Hancock 34.5 kV,14097.0,34.5,92.0,5.0,solar,PA,APS,Withdrawn,gen
AH1-195,2021-09-02,Mechanicsburg - Darby 138 kV,5163.0,138.0,100.0,50.0,solar,OH,Dayton,Withdrawn,gen
AH1-196 - moved to TC2,2021-09-02,Silver Lake - Cherry Valley 345 kV,20806.0,345.0,100.0,150.0,solar,IL,ComEd,Active,gen
AH1-197 - moved to TC2,2021-09-01,Occoquan 230kV,32819.0,230.0,100.0,98.0,other,VA,Dominion,Withdrawn,gen
AH1-198,2021-09-01,Marysville - Sorenson 765 kV,38712.0,765.0,100.0,1355.0,solar,OH,AEP,Withdrawn,gen
AH1-199,2021-09-03,Loretto 345 kV,13133.0,345.0,92.0,100.0,solar,IL,ComEd,Withdrawn,gen
AH1-200,2021-09-04,Compressor 605 69kV,32742.0,69.0,57.14285714285714,12.0,solar,PA,PPL,Withdrawn,gen
AH1-201 - moved to TC2,2021-09-03,Allegheny-New Baltimore 115kV,5509.0,115.0,71.42857142857143,40.0,solar,PA,PENELEC,Withdrawn,gen
AH1-202,2021-09-04,New Baltimore 115 kV II (Mountain Ridge Solar) ,22058.0,115.0,92.0,120.0,solar,PA,PENELEC,Withdrawn,gen
AH1-203 - moved to TC2,2021-09-03,Allegheny-Somerset 115 kV,5509.0,115.0,71.42857142857143,70.0,solar,PA,PENELEC,Withdrawn,gen
AH1-204,2021-09-04,Allegheny-Somerset 115 kV II,5509.0,115.0,71.42857142857143,90.0,solar,PA,PENELEC,Withdrawn,gen
AH1-205 - moved to TC2,2021-09-03,Allegheny-New Baltimore 115kV,5509.0,115.0,71.42857142857143,40.0,storage,PA,PENELEC,Withdrawn,battery
AH1-206 - moved to TC2,2021-09-08,Bethelboro 138 kV,32289.0,138.0,100.0,60.0,storage,PA,APS,Active,battery
AH1-207,2021-09-08,Bethelboro 25 kV-1,32289.0,25.0,92.0,12.0,solar,PA,APS,Withdrawn,gen
AH1-208,2021-09-08,Bethelboro 25 kV-2,32289.0,25.0,92.0,12.0,solar,PA,APS,Withdrawn,gen
AH1-209,2021-09-08,Bethelboro 25 kV-3,32289.0,25.0,92.0,12.0,solar,PA,APS,Withdrawn,gen
AH1-210,2021-09-08,Bethelboro 25 kV-4,32289.0,25.0,92.0,12.0,solar,PA,APS,Withdrawn,gen
AH1-211,2021-09-08,Bethelboro 25 kV-5,32289.0,25.0,92.0,12.0,solar,PA,APS,Withdrawn,gen
AH1-212 - moved to TC2,2021-09-07,Bethlehem - Lilly 46 kV,18377.0,46.0,92.0,20.0,solar,PA,PENELEC,Withdrawn,gen
AH1-213,2021-09-09,James River 115 kV,2249.0,115.0,70.58823529411764,52.5,hybrid,VA,Dominion,Withdrawn,gen
AH1-214,2021-09-09,Red House DP 115 kV,13848.0,115.0,75.0,44.1,hybrid,VA,Dominion,Withdrawn,gen
AH1-215 - moved to TC2,2021-09-09,Central VA-Twitty 115 kV,16072.0,115.0,85.71428571428572,31.5,hybrid,VA,Dominion,Withdrawn,gen
AH1-216 - moved to TC2,2021-09-08,Smithfield-Surry 230 kV,5760.0,230.0,100.0,99.0,hybrid,VA,Dominion,Active,gen
AH1-217 - moved to TC2,2021-09-09,Kidds Store - Fork Union 115 kV II,6607.0,115.0,72.72727272727273,57.0,solar,VA,Dominion,Withdrawn,gen
AH1-218,2021-09-09,Garner DP 115 kV,7446.0,115.0,100.0,30.0,solar,VA,Dominion,Withdrawn,gen
AH1-219,2021-09-08,Blue Jacket 138 kV,20824.0,138.0,60.0,39.9,hybrid,OH,Dayton,Withdrawn,gen
AH1-220 - moved to TC2,2021-09-08,Remington CT 230 kV,33148.0,230.0,100.0,100.0,storage,VA,Dominion,Engineering and Procurement,battery
AH1-221 - moved to TC2,2021-09-08,Heritage 500 kV,33355.0,500.0,86.11764705882352,75.0,storage,VA,Dominion,Active,battery
AH1-222 - moved to TC2,2021-09-08,Ladysmith CT 230 kV,31619.0,230.0,100.0,50.0,storage,VA,Dominion,Withdrawn,battery
AH1-223 - moved to TC2,2021-09-08,Poland Rd-Runway DP 230 kV,46590.0,230.0,100.0,150.0,storage,VA,Dominion,Engineering and Procurement,battery
AH1-224,2021-09-09,Willard 69 kV,14754.0,69.0,86.15384615384616,30.0,solar,OH,AEP,Withdrawn,gen
AH1-225,2021-09-08,Wood Solar 69 kV,918.0,69.0,63.77777777777777,30.0,solar,OH,AEP,Withdrawn,gen
AH1-226 - moved to TC2,2021-09-08,Clubhouse - Sapony 230 kV,33432.0,230.0,100.0,115.0,solar,VA,Dominion,Withdrawn,gen
AH1-227 - moved to TC2,2021-09-08,Flemming - Fremont 69 kV,24260.0,69.0,77.77777777777779,51.3,solar,VA,AEP,Active,gen
AH1-228,2021-09-08,Marsh Run 230kV,33149.0,230.0,92.5,615.0,gas,VA,Dominion,Withdrawn,gen
AH1-229,2021-09-08,Louisa 230kV,7394.0,230.0,88.0,564.0,gas,VA,Dominion,Withdrawn,gen
AH1-230,2021-09-09,Sabinsville 34.5kV,13390.0,34.5,92.0,20.0,solar,PA,PENELEC,Withdrawn,gen
AH1-231,2021-09-08,Lanexa 230kV,33175.0,230.0,100.0,28.8,storage,VA,Dominion,Withdrawn,battery
AH1-232,2021-09-10,Wempletown 138 kV,20819.0,138.0,100.0,175.0,solar,IL,ComEd,Withdrawn,gen
AH1-233,2021-09-10,Wempletown 138 kV,20819.0,138.0,100.0,175.0,storage,IL,ComEd,Withdrawn,battery
AH1-234 - moved to TC2,2021-09-10,Wempletown 345 kV,20819.0,345.0,100.0,224.0,solar,IL,ComEd,Withdrawn,gen
AH1-235,2021-09-10,Kilgore Compressor Facility 138 kV,14249.0,138.0,56.60377358490566,8.0,solar,OH,AEP,Withdrawn,gen
AH1-236,2021-09-09,Bane 69  kV,30011.0,69.0,75.0,8.0,solar,OH,AEP,Withdrawn,gen
AH1-237,2021-09-09,Ladysmith- Elmont 230kV,7610.0,230.0,100.0,130.0,solar,VA,Dominion,Withdrawn,gen
AH1-238,2021-09-09,Ladysmith- Elmont 230kV,7610.0,230.0,100.0,180.0,storage,VA,Dominion,Withdrawn,battery
AH1-239 - moved to TC2,2021-09-09,Upchurch - Zula 69 kV,12913.0,69.0,85.71428571428572,80.0,solar,KY,EKPC,Active,gen
AH1-240,2021-09-09,Wayne County 161 kV,16139.0,161.0,82.5,200.0,solar,KY,EKPC,Withdrawn,gen
AH1-241 - moved to TC2,2021-09-09,Cobbs Creek - James River Industrial 115kV,29440.0,115.0,70.58823529411764,100.0,solar,VA,Dominion,Withdrawn,gen
AH1-242,2021-09-09,New Bethlehem-Armstrong 138kV,13716.0,138.0,100.0,30.0,solar,PA,APS,Withdrawn,gen
AH1-243,2021-09-09,New Bethlehem – Armstrong 138kV,13716.0,138.0,100.0,60.0,solar,PA,APS,Withdrawn,gen
AH1-244,2021-09-09,Yukon-Bethelboro 138kV,31671.0,138.0,100.0,80.0,storage,PA,APS,Withdrawn,battery
AH1-245,2021-09-09,Yukon-Bethelboro 138kV,31671.0,138.0,100.0,160.0,storage,PA,APS,Withdrawn,battery
AH1-246,2021-09-09,Osterberg 115kV,13905.0,115.0,80.0,80.0,solar,PA,PENELEC,Withdrawn,gen
AH1-247 - moved to TC2,2021-09-09,Lardin - Lake Lynn 138kV,40060.0,138.0,83.33333333333334,40.0,solar,PA,APS,Active,gen
AH1-248 - moved to TC2,2021-09-09,Lardin - Lake Lynn 138kV,40060.0,138.0,83.33333333333334,65.0,solar,PA,APS,Active,gen
AH1-249 - moved to TC2,2021-09-09,Lardin - Lake Lynn 138kV,40060.0,138.0,83.33333333333334,145.0,storage,PA,APS,Active,battery
AH1-250,2021-09-09,Todds Tavern- Spotsylvania/Goldsdale 115kV,31652.0,115.0,94.0,60.0,solar,VA,Dominion,Withdrawn,gen
AH1-251 - moved to TC2,2021-09-09,Todds Tavern- Spotsylvania/Goldsdale 115kV,31652.0,115.0,94.0,50.0,storage,VA,Dominion,Active,battery
AH1-252,2021-09-09,Wharton - Sundial 138 kV,16045.0,138.0,100.0,100.0,storage,WV,AEP,Withdrawn,battery
AH1-253,2021-09-09,Price 69kV,12917.0,69.0,100.0,15.5,solar,MD,DPL,Withdrawn,gen
AH1-254 - moved to TC2,2021-09-10,Greenland Gap 500 kV II,31409.0,500.0,100.0,171.4,wind,WV,APS,Active,gen
AH1-255 - moved to TC2,2021-09-09,Greenland Gap III,31409.0,138.0,92.94117647058823,240.0,storage,WV,APS,Withdrawn,battery
AH1-256,2021-09-09,Greeland Gap 500 kV IV,31409.0,500.0,96.0,951.6,storage,WV,APS,Withdrawn,battery
AH1-257 - moved to TC2,2021-09-09,Broadway - Washington 34.5 kV,15051.0,34.5,86.0,19.25,solar,NJ,JCPL,Active,gen
AH1-258 - moved to TC2,2021-09-10,Belford - Keansburg 34.5 kV,15029.0,34.5,77.71428571428572,19.25,solar,NJ,JCPL,Active,gen
AH1-259,2021-09-09,Chesterfield- Centralia 115kV,33074.0,115.0,100.0,35.0,storage,VA,Dominion,Withdrawn,battery
AH1-260 - moved to TC2,2021-09-10,New Freedom - Monroe 230 kV,29542.0,230.0,100.0,300.0,storage,NJ,AEC,Active,battery
AH1-261 - moved to TC2,2021-09-10,Northeast - Riverside 230 kV,32041.0,230.0,100.0,135.0,storage,MD,BGE,Active,battery
AH1-262,2021-09-09,Deep Creek 115 kV,32310.0,115.0,100.0,100.0,storage,VA,Dominion,Withdrawn,battery
AH1-263 - moved to TC2,2021-09-09,Chancellor 115 kV,31654.0,115.0,100.0,200.0,storage,VA,Dominion,Active,battery
AH1-264,2021-09-09,Suffolk- Sunbury 230kV,3183.0,230.0,100.0,50.0,storage,VA,Dominion,Withdrawn,battery
AH1-265 - moved to TC2,2021-09-10,Winslow - Monroe 69kV,15615.0,69.0,71.42857142857143,29.4,solar,NJ,AEC,Withdrawn,gen
AH1-266,2021-09-09,Clubhouse – Lakeview 230 kV,33432.0,230.0,100.0,100.0,solar,VA,Dominion,Withdrawn,gen
AH1-267,2021-09-09,Papermill IND – Harmony Village 230 kV ,31461.0,230.0,58.66666666666667,120.0,solar,VA,Dominion,Withdrawn,gen
AH1-268 - moved to TC2,2021-09-09,Seward-Glory 115 kV II,32944.0,115.0,100.0,100.0,storage,PA,PENELEC,Withdrawn,battery
AH1-269 - moved to TC2,2021-09-09,Claytor 138 kV,11236.0,138.0,100.0,50.0,storage,VA,AEP,Active,battery
AH1-270,2021-09-09,Hayden 345 kV,37616.0,345.0,100.0,85.0,solar,OH,AEP,Withdrawn,gen
AH1-271 - moved to TC2,2021-09-09,Cashie 230 kV,3582.0,230.0,100.0,110.0,solar,NC,Dominion,Active,gen
AH1-272 - moved to TC2,2021-09-10,Argenta - Twin Branch 345 kV,31079.0,345.0,100.0,185.0,solar,MI,AEP,Active,gen
AH1-273,2021-09-10,Brown - Eastwood 138 kV,12956.0,138.0,100.0,160.0,solar,OH,DEOK,Withdrawn,gen
AH1-274 - moved to TC2,2021-09-09,Butler 69 kV,17398.0,69.0,92.0,16.7,solar,NJ,AEC,Withdrawn,gen
AH1-275,2021-09-10,Chippewa D557 8.32 kV,,32.0,0.0,2.0,solar,,ATSI,Withdrawn,gen
AH1-276,2021-09-09,Leasure 12.47kV,41876.0,47.0,58.66666666666667,4.99,solar,VA,PENELEC,Withdrawn,gen
AH1-277,2021-09-10,Indian River 230kV ,5008.0,230.0,74.35294117647058,1035.0,wind,DE,DPL,Withdrawn,gen
AH1-278,2021-09-10,Milford - Indian River/Cool Springs 230kV,16007.0,230.0,100.0,1035.0,wind,DE,DPL,Withdrawn,gen
AH1-279,2021-09-09,Poolesville - Winchester 230 kV,5757.0,230.0,100.0,104.0,solar,VA,Dominion,Withdrawn,gen
AH1-280 - moved to TC2,2021-09-09,Jetersville-Ponton 115 kV,33279.0,115.0,100.0,106.0,solar,VA,Dominion,Active,gen
AH1-281 - moved to TC2,2021-09-09,Bluegrass Parkway Tap - Woodlawn 69 kV,29515.0,69.0,74.85714285714286,20.0,solar,KY,EKPC,Withdrawn,gen
AH1-282 - moved to TC2,2021-09-09,Galion - Ohio Central 345 kV,36835.0,345.0,100.0,49.9,solar,OH,AEP,Active,gen
AH1-283 - moved to TC2,2021-09-09,Mount Storm-Pruntytown 500kV,31970.0,500.0,100.0,200.0,solar,MD,APS,Active,gen
AH1-284,2021-09-10,West Willow 12 kV,3264.0,12.0,65.75,2.0,solar,PA,PPL,Withdrawn,gen
AH1-285 - moved to TC2,2021-09-09,Sandwich 138 kV,29404.0,138.0,66.66666666666667,86.0,solar,IL,ComEd,Withdrawn,gen
AH1-286,2021-09-10,Bradford North 34.5kV ,13260.0,34.5,86.0,3.0,solar,WV,PENELEC,Withdrawn,gen
AH1-287,2021-09-10,Houseville – Cooperstown 25 kV,31707.0,25.0,92.0,4.99,solar,OH,APS,Withdrawn,gen
AH1-288,2021-09-09,Chickahominy 230kV,32812.0,230.0,100.0,43.2,storage,VA,Dominion,Withdrawn,battery
AH1-289,2021-09-09,Eugene 345 kV,14309.0,345.0,100.0,300.0,wind,IN,AEP,Withdrawn,gen
AH1-290 - moved to TC2,2021-09-09,BASF - Washburn Solar 34.5 kV,54184.0,34.5,67.0,19.25,solar,NJ,JCPL,Withdrawn,gen
AH1-291 - moved to TC2,2021-09-10,Rock Creek-Hummel Creek 138 kV,45681.0,138.0,100.0,185.0,solar,IN,AEP,Withdrawn,gen
AH1-292 - moved to TC2,2021-09-10,Sullivan 345 kV,33035.0,345.0,100.0,200.0,solar,IN,AEP,Active,gen
AH1-293,2021-09-11,Makahoy 138 kV,45628.0,138.0,100.0,120.0,solar,IN,AEP,Withdrawn,gen
AH1-294 - moved to TC2,2021-09-11,Mclean 345 kV ,33897.0,345.0,84.3076923076923,350.0,solar,IL,ComEd,Withdrawn,gen
AH1-295 - moved to TC2,2021-09-10,Brokaw to Mt Pulaski 345 kV,12100.0,345.0,79.0,130.0,wind,IL,ComEd,Withdrawn,gen
AH1-296 - moved to TC2,2021-09-10,Beason 345 kV ,13101.0,345.0,75.33333333333334,175.0,storage,IL,ComEd,Withdrawn,battery
AH1-297 - moved to TC2,2021-09-10,Kewanee - E.D. Edwards 138 kV,12052.0,138.0,93.33333333333333,200.0,wind,IL,ComEd,Withdrawn,gen
AH1-298 - moved to TC2,2021-09-14,Meridian 345 kV,12590.0,345.0,100.0,75.0,storage,IN,AEP,Withdrawn,battery
AH1-299,2021-09-10,Coventry 138 kV,30197.0,138.0,100.0,100.0,storage,IN,AEP,Withdrawn,battery
AH1-300,2021-09-10,Hacienda 138 kV,12607.0,138.0,100.0,50.0,storage,IN,AEP,Withdrawn,battery
AH1-301,2021-09-10,Milan 138 kV,30167.0,138.0,100.0,100.0,storage,IN,AEP,Withdrawn,battery
AH1-302 - moved to TC2,2021-09-10,Olive - Reynolds 345 kV,32980.0,345.0,100.0,275.0,storage,IN,AEP,Active,battery
AH1-303,2021-09-10,Sullivan - Dequine 345 kV,33035.0,345.0,100.0,275.0,storage,IN,AEP,Withdrawn,battery
AH1-304 - moved to TC2,2021-09-11,Delaware-Van Buren 138 kV,13775.0,138.0,100.0,163.0,solar,IN,AEP,Active,gen
AH1-305 - moved to TC2,2021-09-10,Olive - Reynolds 345 kV,32980.0,345.0,100.0,275.0,solar,IN,AEP,Active,gen
AH1-306 - moved to TC2,2021-09-11,Mississinewa-Gaston 138 kV,13733.0,138.0,100.0,200.0,solar,IN,AEP,Active,gen
AH1-307 - moved to TC2,2021-09-11,Delaware-Van Buren 138 kV,13775.0,138.0,100.0,213.0,storage,IN,AEP,Withdrawn,battery
AH1-308 - moved to TC2,2021-09-10,Pennville - Adams 138 kV,13045.0,138.0,100.0,205.0,storage,IN,AEP,Withdrawn,battery
AH1-309 - moved to TC2,2021-09-11,Kenzie Creek-Colby 138 kV,16487.0,138.0,100.0,150.0,solar,MI,AEP,Withdrawn,gen
AH1-310,2021-09-10,Colby - Valley 138 kV,16469.0,138.0,86.66666666666667,100.0,solar,MI,AEP,Withdrawn,gen
AH1-311 - moved to TC2,2021-09-10, Heartsease DP - Mayo Dunbar 115kV,7444.0,115.0,63.63636363636363,75.0,solar,NC,Dominion,Active,gen
AH1-312,2021-09-10,Shilo DP – Conetoe DP 115 kV,13895.0,115.0,66.66666666666667,80.0,solar,NC,Dominion,Withdrawn,gen
AH1-313 - moved to TC2,2021-09-10,Moshannon-Milesburg 230 kV VII,31895.0,230.0,100.0,100.0,hybrid,PA,APS,Withdrawn,gen
AH1-314 - moved to TC2,2021-09-11,East Danville 138 kV,5697.0,138.0,100.0,100.0,storage,VA,AEP,Active,battery
AH1-315,2021-09-10,Maroe 69 kV,986.0,69.0,75.33333333333334,96.0,solar,OH,ATSI,Withdrawn,gen
AH1-316 - moved to TC2,2021-09-11,Todd 25 kV,13110.0,25.0,92.0,20.0,solar,MD,DPL,Withdrawn,gen
AH1-317,2021-09-10,Greene - Beatty 345 kV,38963.0,345.0,100.0,200.0,solar,OH,AEP,Withdrawn,gen
AH1-318 - moved to TC2,2021-09-11,Cole 345 kV,7926.0,345.0,80.88888888888889,60.0,storage,OH,AEP,Withdrawn,battery
AH1-319 - moved to TC2,2021-09-10,East Springfield-London 138 kV II,4710.0,138.0,100.0,54.0,storage,OH,ATSI,Withdrawn,battery
AH1-320 - moved to TC2,2021-09-10,Blue Jacket - Kirby 138 kV,20824.0,138.0,60.0,275.55,storage,OH,Dayton,Withdrawn,battery
AH1-321 - moved to TC2,2021-09-10,Eldean 138 kV,5161.0,138.0,100.0,232.0,storage,OH,Dayton,Withdrawn,battery
AH1-322,2021-09-09,Fostoria Central - Lemoyne 345 kV,23237.0,345.0,100.0,390.0,storage,OH,AEP,Withdrawn,battery
AH1-323 - moved to TC2,2021-09-09,Elmont 230 kV,31616.0,230.0,100.0,100.0,storage,VA,Dominion,Withdrawn,battery
AH1-324 - moved to TC2,2021-09-10,Colonial Trail - Surry 230 kV,6256.0,230.0,79.14285714285714,80.0,solar,VA,Dominion,Withdrawn,gen
AH1-325 - moved to TC2,2021-09-09,Kirk 138 kV,39333.0,138.0,100.0,50.0,storage,OH,AEP,Withdrawn,battery
AH1-326,2021-09-09,West Newton - Lynn 138 kV,11762.0,138.0,92.5,110.0,solar,OH,AEP,Withdrawn,gen
AH1-327 - moved to TC2,2021-09-10,Hardin Switch 345 kV,40060.0,345.0,83.84615384615384,250.0,solar,OH,AEP,Active,gen
AH1-328 - moved to TC2,2021-09-10,Blue Jacket - Kirby 138 kV,20824.0,138.0,60.0,206.55,solar,OH,Dayton,Active,gen
AH1-329,2021-09-09,Circleville - Biers Run 138 kV,5203.0,138.0,100.0,130.0,storage,OH,AEP,Withdrawn,battery
AH1-330,2021-09-10,Tyner - McKee 69 kV,16829.0,69.0,72.72727272727273,100.0,solar,KY,EKPC,Withdrawn,gen
AH1-331 - moved to TC2,2021-09-09,Edinboro South-Erie South 25kV,31882.0,25.0,58.66666666666667,19.9,solar,PA,PENELEC,Withdrawn,gen
AH1-332,2021-09-09,West Hills - Craigsville Junction 25 kV,40249.0,25.0,92.0,19.9,solar,PA,APS,Withdrawn,gen
AH1-333,2021-09-11,Miller - Canal 69kV,15364.0,69.0,76.92307692307692,48.0,solar,OH,DEOK,Withdrawn,gen
AH1-334 - moved to TC2,2021-09-10,Lakehurst - Whitings 34.5 kV,14044.0,34.5,62.58823529411764,19.25,solar,NJ,JCPL,Active,gen
AH1-335,2021-09-10,Furnace Brook Tap - Warren County Resource Recovery 34.5 kV,56730.0,34.5,67.29411764705883,19.25,solar,NJ,JCPL,Withdrawn,gen
AH1-336,2021-09-10,Bremo Bluff - Buckingham 230 kV,7236.0,230.0,100.0,56.0,solar,VA,Dominion,Withdrawn,gen
AH1-337 - moved to TC2,2021-09-10,Randolph - Hodgin 138 kV,14093.0,138.0,62.5,46.0,solar,IN,AEP,Withdrawn,gen
AH1-338 - moved to TC2,2021-09-10,New Sub S2354 138kV,,138.0,0.0,180.0,solar,IL,ComEd,Active,gen
AH1-339 - moved to TC2,2021-09-10,West Crawford 69 kV,16019.0,69.0,73.0,80.0,solar,OH,AEP,Withdrawn,gen
AH1-340 - moved to TC2,2021-09-10,Cheat Lake-Ruthbelle 138 kV,841.0,138.0,62.5,48.89,solar,WV,APS,Withdrawn,gen
AH1-341 - moved to TC2,2021-09-10,ESS-H445 3B 138kv,19235.0,138.0,75.0,150.0,solar,IL,ComEd,Active,gen
AH1-342,2021-09-10,Carlos Junction 138 kV II,31893.0,138.0,70.0,75.0,hybrid,MD,APS,Withdrawn,gen
AH1-343 - moved to TC2,2021-09-10,Crystal Hill DP- Perth 115kV,5851.0,115.0,93.07692307692308,69.0,solar,VA,Dominion,Active,gen
AH1-344,2021-09-11,Sparta Solar 34.5kV,33351.0,34.5,67.71428571428571,,solar,NJ,JCPL,Withdrawn,gen
AH1-345 - moved to TC2,2021-09-10,Remington 324 34.5 kV,33147.0,34.5,82.76923076923077,14.0,solar,VA,Dominion,Active,gen
AH1-346,2021-09-10,Harrisonburg 356 34.5 kV,11605.0,34.5,84.5,15.0,solar,VA,Dominion,Withdrawn,gen
AH1-347,2021-09-10,North Pole 492 34.5 kV,33141.0,34.5,80.0,25.0,solar,VA,Dominion,Withdrawn,gen
AH1-348 - moved to TC2,2021-09-10,Pound 34.5 kV,17743.0,34.5,58.66666666666667,10.0,solar,VA,AEP,Active,gen
AH1-349,2021-09-10,Powhatan 406 34.5 kV,7691.0,34.5,82.0,15.0,solar,VA,Dominion,Withdrawn,gen
AH1-350,2021-09-11,Sunnyside – Carrolton 138 kV,795.0,138.0,100.0,92.4,solar,OH,AEP,Withdrawn,gen
AH1-351,2021-09-11,Hillsboro-Wye Mills 138kV ,13098.0,138.0,100.0,50.0,solar,MD,DPL,Withdrawn,gen
AH1-352 - moved to TC2,2021-09-10,Red Eye 138 kV,20815.0,138.0,63.42857142857143,40.0,storage,VA,AEP,Withdrawn,battery
AH1-353 - moved to TC2,2021-09-10,Lena 138 kV,31785.0,138.0,72.0,20.0,solar,IL,ComEd,Withdrawn,gen
AH1-354 - moved to TC2,2021-09-10,Lena 138 kV,31785.0,138.0,72.0,60.0,storage,IL,ComEd,Withdrawn,battery
AH1-355 - moved to TC2,2021-09-10,Owl Trap Switching Station 115kV,13758.0,115.0,55.1578947368421,40.0,storage,VA,Dominion,Withdrawn,battery
AH1-356 - moved to TC2,2021-09-10,Kings Creek 138kV ,13132.0,138.0,100.0,30.0,storage,MD,DPL,Withdrawn,battery
AH1-357 - moved to TC2,2021-09-10,Pierce Brook-Lewis Run 230kV,5027.0,230.0,85.0,180.0,solar,PA,PENELEC,Withdrawn,gen
AH1-358 - moved to TC2,2021-09-10,Pierce Brook-Lewis Run 230kV,5027.0,230.0,85.0,200.0,storage,PA,PENELEC,Withdrawn,battery
AH1-359 - moved to TC2,2021-09-10,Pierce Brook - Lewis Run 230 kV,5027.0,230.0,85.0,220.0,solar,PA,PENELEC,Withdrawn,gen
AH1-360 - moved to TC2,2021-09-10,Pierce Brook - Lewis Run 230 kV,5027.0,230.0,85.0,240.0,storage,PA,PENELEC,Withdrawn,battery
AH1-361 - moved to TC2,2021-09-10,Minonk 345 kV,13410.0,345.0,68.92307692307692,50.0,storage,IL,ComEd,Withdrawn,battery
AH1-362,2021-09-10,Reedy Creek- Kinderton 115kV,32181.0,115.0,100.0,75.0,solar,VA,Dominion,Withdrawn,gen
AH1-363,2021-09-10,Reedy Creek- Kinderton 115kV,32181.0,115.0,100.0,50.0,storage,VA,Dominion,Withdrawn,battery
AH1-364,2021-09-10,Harmony Village 230kV,7427.0,230.0,100.0,68.0,storage,VA,Dominion,Withdrawn,battery
AH1-365,2021-09-10,Iron Bridge 230kV,31611.0,230.0,100.0,50.4,storage,VA,Dominion,Withdrawn,battery
AH1-366,2021-09-10,Whitely 138 kV,12928.0,138.0,67.0,30.0,hybrid,PA,APS,Withdrawn,gen
AH1-367,2021-09-10,Franklin 138 kV,32558.0,138.0,100.0,74.0,hybrid,PA,APS,Withdrawn,gen
AH1-367A - moved to TC2,2021-09-10,Franklin 138 kV II,32558.0,138.0,100.0,72.0,solar,PA,APS,Withdrawn,gen
AH1-368,2021-09-10,Cloverdale - Joshua Falls 765 kV,32612.0,765.0,100.0,125.0,hybrid,VA,AEP,Withdrawn,gen
AH1-369,2021-09-10,Backbone Mountain 138 kV II,13461.0,138.0,77.5,40.0,storage,WV,APS,Withdrawn,battery
AH1-370,2021-09-10,Mather - Stoney Point Junction 25 kV,29598.0,25.0,75.33333333333334,8.0,solar,PA,APS,Withdrawn,gen
AH1-371,2021-09-10,Universal 12 kV,31680.0,12.0,92.0,13.0,solar,PA,DL,Withdrawn,gen
AH1-372,2021-09-10,Piney - Timblin 115 kV,13354.0,115.0,100.0,16.0,solar,PA,APS,Withdrawn,gen
AH1-373,2021-09-10,Buckeye No. 3 - Cowell Junction 25kV,13100.0,25.0,64.5,12.8,solar,PA,APS,Withdrawn,gen
AH1-374,2021-09-10,Bremo-Cartersville 230 kV II,7236.0,230.0,83.63636363636364,115.0,storage,VA,Dominion,Withdrawn,battery
AH1-375,2021-09-10,Cobbs Creek- James River 115kV,29440.0,115.0,70.58823529411764,60.0,solar,VA,Dominion,Withdrawn,gen
AH1-376 - moved to TC2,2021-09-10,Ronceverte - Clenden 46 kV,36542.0,46.0,92.0,28.0,solar,WV,APS,Withdrawn,gen
AH1-377 - moved to TC2,2021-09-10,Clover- Farmville 230kV,32642.0,230.0,100.0,186.0,solar,VA,Dominion,Withdrawn,gen
AH1-378 - moved to TC2,2021-09-10,Lunenburg- Butcher Creek 115kV,5367.0,115.0,73.6842105263158,51.0,solar,VA,Dominion,Withdrawn,gen
AH1-379,2021-09-10,Hickman 69 kV,20864.0,69.0,71.42857142857143,20.0,solar,VA,AEP,Withdrawn,gen
AH1-380 - moved to TC2,2021-09-10,Mt Olive - Kenny 69kV,13128.0,69.0,100.0,20.0,solar,MD,DPL,Withdrawn,gen
AH1-381,2021-09-10,Lone Gum - Rockcastle 138 kV,33037.0,138.0,58.82352941176471,99.5,solar,VA,AEP,Withdrawn,gen
AH1-382,2021-09-10,Van Arsdell 69 kV,36376.0,69.0,60.86956521739131,20.0,hybrid,KY,EKPC,Withdrawn,gen
AH1-383,2021-09-10,Celanese 138 kV,33063.0,138.0,100.0,15.0,solar,VA,AEP,Withdrawn,gen
AH1-384,2021-09-10,Indian River 230kV ,5008.0,230.0,74.35294117647058,1410.0,wind,DE,DPL,Withdrawn,gen
AH1-385,2021-09-10,Rogers Road 500 kV,14056.0,500.0,76.21052631578947,109.0,solar,VA,Dominion,Withdrawn,gen
AH1-386,2021-09-10,Kerr Dam - Chase City 115 kV,33274.0,115.0,100.0,130.0,solar,VA,Dominion,Withdrawn,gen
AH1-387 - moved to TC2,2021-09-10,Meadowbrook-Greenland Gap  500kV,13754.0,500.0,92.0,150.0,wind,WV,APS,Active,gen
AH1-388,2021-09-10,Chase City-Herbert 115 kV,33224.0,115.0,100.0,115.0,hybrid,VA,Dominion,Withdrawn,gen
AH1-389,2021-09-10,Utica East Ohio Midstream 138 kV,13352.0,138.0,45.701298701298704,19.95,solar,OH,ATSI,Withdrawn,gen
AH1-390 - moved to TC2,2021-09-10,TBD 69 kV,13110.0,69.0,57.14285714285714,19.9,solar,PA,PPL,Withdrawn,gen
AH1-391 - moved to TC2,2021-09-10,Olive 138 kV,32974.0,138.0,100.0,100.0,solar,IN,AEP,Withdrawn,gen
AH1-392 - moved to TC2,2021-09-10,Gravel Pit-Kankakee 138 kV,31983.0,138.0,66.66666666666667,90.0,solar,IN,AEP,Active,gen
AH1-393,2021-09-10,Markus Solar 115 kV,19261.0,115.0,61.230769230769226,3.75,solar,PA,PENELEC,Withdrawn,gen
AH1-394,2021-09-11,Mainesburg 115 kV,53679.0,115.0,92.0,10.5,solar,PA,PENELEC,Withdrawn,gen
AH1-395,2021-09-11,Mainesburg 115 kV II,53679.0,115.0,92.0,6.0,solar,PA,PENELEC,Withdrawn,gen
AH1-396 - moved to TC2,2021-09-10,Gary 24.94 kV,15829.0,94.0,55.72727272727272,11.891,solar,VA,Dominion,Active,gen
AH1-397 - moved to TC2,2021-09-10,Shacklesfords 34.5 kV,33030.0,34.5,61.565217391304344,19.67,solar,VA,Dominion,Active,gen
AH1-398,2021-09-22,Oak Grove 22.9 kV,31454.0,22.9,92.0,18.0,solar,VA,Dominion,Withdrawn,gen
AH1-399 - moved to TC2,2021-09-22,North Doswell 12.5 kV,33101.0,12.5,92.0,9.87,solar,VA,Dominion,Active,gen
AH1-400,2021-09-10,Jones Creek - Aladdin 138 kV,45578.0,138.0,100.0,150.0,solar,IN,AEP,Withdrawn,gen
AH1-401,2021-09-10,Jones Creek - Aliddin 138 kV,45578.0,138.0,100.0,150.0,storage,IN,AEP,Withdrawn,battery
AH1-402,2021-09-10,Shelocta 115kV,33653.0,115.0,62.5,85.0,solar,PA,PENELEC,Withdrawn,gen
AH1-403,2021-09-10,Shelocta 115kV,33653.0,115.0,62.5,85.0,storage,PA,PENELEC,Withdrawn,battery
AH1-404,2021-09-11,Pierce - Kyger Creek 345 kV,5027.0,345.0,100.0,210.0,solar,OH,OVEC,Withdrawn,gen
AH1-405,2021-09-10,Exchange Tap I 69 kV,56744.0,69.0,76.42857142857143,20.0,solar,PA,PPL,Withdrawn,gen
AH1-406,2021-09-10,Exchange Tap 69 kV II,56744.0,69.0,77.5,20.0,solar,PA,PPL,Withdrawn,gen
AH1-407,2021-09-10,Exchange Tap 69 kV III,56744.0,69.0,77.5,20.0,solar,PA,PPL,Withdrawn,gen
AH1-408 - moved to TC2,2021-09-10,Freeman DP - Lawrenceville 115 kV,5259.0,115.0,66.66666666666667,120.0,solar,VA,Dominion,Withdrawn,gen
AH1-409,2021-09-10,Brodhead - Maretburg 69 kV,48327.0,69.0,100.0,58.0,solar,KY,EKPC,Withdrawn,gen
AH1-410,2021-09-10,Union City Tap – JK Smith 138 kV,34635.0,138.0,91.42857142857143,68.0,solar,KY,EKPC,Withdrawn,gen
AH1-411,2021-09-10,Phillipsburg - Ingersol Rand 34.5 kV,14704.0,34.5,87.65217391304348,5.75,solar,NJ,JCPL,Withdrawn,gen
AH1-412,2021-09-10,Franklintown 34.5 kV,4560.0,34.5,72.0,20.0,hybrid,WV,APS,Withdrawn,gen
AH1-413,2021-09-11,Wayne Trace 138 kV,35699.0,138.0,100.0,100.0,storage,IN,AEP,Withdrawn,battery
AH1-414,2021-09-11,Leslie - Pineville 161 kV,1486.0,161.0,100.0,80.0,hybrid,KY,AEP,Withdrawn,gen
AH1-415,2021-09-10,Bremo Bluff 34.5kV,7236.0,34.5,92.0,15.975,solar,VA,Dominion,Withdrawn,gen
AH1-416,2021-09-11,Bellefontaine 69 kV,11391.0,69.0,86.95652173913044,50.0,hybrid,OH,Dayton,Withdrawn,gen
AH1-417,2021-09-10,Castalia 69 kV,13060.0,69.0,66.66666666666667,50.0,hybrid,OH,ATSI,Withdrawn,gen
AH1-418,2021-09-10,Elkhorn City - Second Fork 69 kV,45543.0,69.0,100.0,50.0,hybrid,KY,AEP,Withdrawn,gen
AH1-419,2021-09-10,Thompson 34.5 kV II,13888.0,34.5,92.0,20.0,hybrid,PA,PENELEC,Withdrawn,gen
AH1-420,2021-09-10,Fentress 34.5kV,32308.0,34.5,92.0,20.0,solar,VA,Dominion,Withdrawn,gen
AH1-421,2021-09-10,West Mingo 69 kV,46760.0,69.0,91.42857142857143,40.0,hybrid,OH,Dayton,Withdrawn,gen
AH1-422,2021-09-10,West Mingo 69 kV,46760.0,69.0,91.42857142857143,60.0,hybrid,OH,Dayton,Withdrawn,gen
AH1-423,2021-09-10,West Mingo 69 kV,46760.0,69.0,91.42857142857143,80.0,solar,OH,Dayton,Withdrawn,gen
AH1-424,2021-09-11,Sandborn 34.5 kV,14985.0,34.5,85.33333333333333,19.2,solar,OH,ATSI,Withdrawn,gen
AH1-425,2021-09-10,Lemoyne 138kV,38769.0,138.0,100.0,32.0,solar,OH,ATSI,Withdrawn,gen
AH1-426 - moved to TC2,2021-09-11,Gilboa-Jones Branch 138 kV IV,834.0,138.0,100.0,64.6,storage,WV,APS,Withdrawn,battery
AH1-426A - moved to TC2,2021-09-11,Gilboa-Jones Branch 138 kV V,834.0,138.0,100.0,96.9,storage,WV,APS,Withdrawn,battery
AH1-427 - moved to TC2,2021-09-10,Tommy Gooch - Garrard County 69 kV,,69.0,0.0,100.0,solar,KY,EKPC,Withdrawn,gen
AH1-428 - moved to TC2,2021-09-10,Tommy Gooch - Garrard County 69 kV,,69.0,0.0,100.0,storage,KY,EKPC,Withdrawn,battery
AH1-429 - moved to TC2,2021-09-10,Flemingsburg - Spurlock 138 kV,38393.0,138.0,70.0,90.0,solar,KY,EKPC,Withdrawn,gen
AH1-430,2021-09-10,Flemingsburg - Spurlock 138 kV,38393.0,138.0,70.0,90.0,storage,KY,EKPC,Withdrawn,battery
AH1-431,2021-09-10,Pennville 138 kV,13045.0,138.0,100.0,125.0,storage,IN,AEP,Withdrawn,battery
AH1-432 - moved to TC2,2021-09-10,Randolph - Hodgin 138 kV,14093.0,138.0,62.5,150.0,storage,IN,AEP,Withdrawn,battery
AH1-433,2021-09-10,Kingsland 69 kV,6831.0,69.0,92.0,100.0,storage,IN,AEP,Withdrawn,battery
AH1-434 - moved to TC2,2021-09-10,Carolina- Earleys 115kV,3216.0,115.0,100.0,75.0,solar,NC,Dominion,Withdrawn,gen
AH1-435,2021-09-10,Carolina- Earleys 115kV,3216.0,115.0,100.0,75.0,storage,NC,Dominion,Withdrawn,battery
AH1-436,2021-09-10,Mackeys- Creswell 115kV,3417.0,115.0,100.0,150.0,storage,NC,Dominion,Withdrawn,battery
AH1-437,2021-09-10,Remington- Gordonsville 230kV,33147.0,230.0,100.0,150.0,solar,VA,Dominion,Withdrawn,gen
AH1-438,2021-09-10,Remington- Gordonsville 230kV,33147.0,230.0,100.0,150.0,storage,VA,Dominion,Withdrawn,battery
AH1-439 - moved to TC2,2021-09-10,Buckingham- Farmville 230kV,7400.0,230.0,100.0,85.0,solar,VA,Dominion,Active,gen
AH1-440 - moved to TC2,2021-09-10,Buckingham- Farmville 230kV,7400.0,230.0,100.0,85.0,storage,VA,Dominion,Withdrawn,battery
AH1-441,2021-09-10,Cunningham - Elmont 500 kV III,31877.0,500.0,100.0,149.0,storage,VA,Dominion,Withdrawn,battery
AH1-442,2021-09-10,Cunningham - Elmont 500 kV IV,31877.0,500.0,100.0,149.0,storage,VA,Dominion,Withdrawn,battery
AH1-443,2021-09-10,Kidds Store - Fork Union 115 kV II,6607.0,115.0,72.72727272727273,0.0,storage,VA,Dominion,Withdrawn,battery
AH1-444,2021-09-10,Fentress – Sligo 230 kV,32308.0,230.0,100.0,200.0,storage,VA,Dominion,Withdrawn,battery
AH1-445,2021-09-10,Belleville 46 kV,14289.0,46.0,92.0,10.0,solar,PA,PENELEC,Withdrawn,gen
AH1-446 - moved to TC2,2021-09-10,Sanders DP - Westmoreland 230 kV,56728.0,230.0,66.66666666666667,65.0,hybrid,VA,Dominion,Withdrawn,gen
AH1-447 - moved to TC2,2021-09-10,Axton – Danville #2 138 kV,32296.0,138.0,92.0,60.0,storage,VA,AEP,Withdrawn,battery
AH1-448,2021-09-10,East Palmerton-Harwood 230 kV,13446.0,230.0,100.0,180.0,hybrid,PA,PPL,Withdrawn,gen
AH1-449,2021-09-10,Muskingum River - Sporn 345 kV,20132.0,345.0,100.0,150.0,hybrid,OH,AEP,Withdrawn,gen
AH1-450,2021-09-10,Chase City 115kV,33224.0,115.0,100.0,50.0,storage,VA,Dominion,Withdrawn,battery
AH1-451,2021-09-11,Hopkins 138 kV,939.0,138.0,100.0,180.0,solar,WV,AEP,Withdrawn,gen
AH1-452 - moved to TC2,2021-09-11,Clementine-Clementine Jct. 25 kV,832.0,25.0,65.6842105263158,19.9,solar,PA,APS,Active,gen
AH1-453,2021-09-10,Eugene 345 kV,14309.0,345.0,100.0,150.0,storage,IN,AEP,Withdrawn,battery
AH1-454,2021-09-10,Pinewood- St Johns 115kV,13923.0,115.0,77.77777777777779,100.0,storage,VA,Dominion,Withdrawn,battery
AH1-455,2021-09-10,Middle Creek 69 kV,11589.0,69.0,100.0,60.0,solar,KY,EKPC,Withdrawn,gen
AH1-456,2021-09-10,Moran DP – Flatcreek 115 kV,14272.0,115.0,77.77777777777779,80.0,solar,VA,Dominion,Withdrawn,gen
AH1-457,2021-09-10,Moran DP – Flatcreek 115 kV,14272.0,115.0,77.77777777777779,130.0,storage,VA,Dominion,Withdrawn,battery
AH1-458,2021-09-10,Hampshire - Ridgeley 138 kV 1,31871.0,138.0,58.82352941176471,100.0,solar,WV,APS,Withdrawn,gen
AH1-459,2021-09-11,Hampshire - Ridgeley 138 kV 2,31871.0,138.0,58.82352941176471,150.0,storage,WV,APS,Withdrawn,battery
AH1-460 - moved to TC2,2021-09-10,Hooversville - Scalp Level 115 kV,32215.0,115.0,100.0,66.0,solar,PA,PENELEC,Active,gen
AH1-461 - moved to TC2,2021-09-10,Buckhorn 138 kV,4647.0,138.0,100.0,80.0,storage,VA,AEP,Active,battery
AH1-462 - moved to TC2,2021-09-11,Rachel Hill 115 kV,13902.0,115.0,100.0,60.0,storage,PA,PENELEC,Withdrawn,battery
AH1-463 - moved to TC2,2021-09-10,Owingsville - Preston 69 kV,45315.0,69.0,85.71428571428572,65.0,solar,KY,EKPC,Withdrawn,gen
AH1-464,2021-09-11,Hinkston 24.9 kV,6627.0,24.9,67.0,12.0,solar,KY,EKPC,Withdrawn,gen
AH1-465,2021-09-10,Carson – Rogers Road 500 kV,33483.0,500.0,100.0,350.0,solar,VA,Dominion,Withdrawn,gen
AH1-466 - moved to TC2,2021-09-10,Baker - Broadford 765 kV,33039.0,765.0,100.0,600.0,solar,KY,AEP,Withdrawn,gen
AH1-467 - moved to TC2,2021-09-10,Baker - Broadford 765 kV,33039.0,765.0,100.0,900.0,storage,KY,AEP,Withdrawn,battery
AH1-468,2021-09-10,Hokes-Jackson 69 kV V,43979.0,69.0,72.72727272727273,35.0,storage,PA,ME,Withdrawn,battery
AH1-469,2021-09-11,Derry Tap-Derry Bus 69 kV III,56744.0,69.0,80.0,35.0,hybrid,PA,PPL,Withdrawn,gen
AH1-470,2021-09-10,Derry Tap- Derry Bus 69 kV IV,56744.0,69.0,80.0,35.0,solar,PA,PPL,Withdrawn,gen
AH1-471,2021-09-10,Derry Tap- Derry Bus 69 kV VI,56744.0,69.0,80.0,27.5,solar,PA,PPL,Withdrawn,gen
AH1-472,2021-09-10,Derry Tap- Derry Bus 69 kV VII,56744.0,69.0,80.0,91.0,solar,PA,PPL,Withdrawn,gen
AH1-473,2021-09-10,Hokes-Jackson 69 kV VI,43979.0,69.0,72.72727272727273,35.0,storage,PA,ME,Withdrawn,battery
AH1-474,2021-09-11,Edinboro South-Venango Junction 115 kV III,6108.0,115.0,60.0,203.5,storage,PA,PENELEC,Withdrawn,battery
AH1-475,2021-09-11,Edinboro-Cambridge Springs 34.5 kV II,31882.0,34.5,67.0,35.0,storage,PA,PENELEC,Withdrawn,battery
AH1-476,2021-09-11,Hunterstown-Texas Eastern Tap 115 kV II,13298.0,115.0,100.0,170.5,solar,PA,ME,Withdrawn,gen
AH1-477,2021-09-10,Greentown 138 kV,15947.0,138.0,100.0,112.0,storage,IN,AEP,Withdrawn,battery
AH1-478,2021-09-10,Columbia-West Bloomsburg 69 kV II,31870.0,69.0,100.0,60.0,solar,PA,PPL,Withdrawn,gen
AH1-479,2021-09-10,New Carlisle 138 kV,6431.0,138.0,100.0,192.0,storage,IN,AEP,Withdrawn,battery
AH1-480,2021-09-10,Haviland – Cavett Switch 69 kV,38994.0,69.0,92.0,132.0,storage,OH,AEP,Withdrawn,battery
AH1-481,2021-09-10,Reynolds - Meadow Lake #1 345 kV,21842.0,345.0,100.0,196.0,storage,IN,AEP,Withdrawn,battery
AH1-482 - moved to TC2,2021-09-10,Olive - Reynolds #2 345 kV,32980.0,345.0,100.0,338.0,storage,IN,AEP,Active,battery
AH1-483,2021-09-10,Honda Marysville Tap 69 kV,38712.0,69.0,77.0,142.0,storage,OH,Dayton,Withdrawn,battery
AH1-484,2021-09-11,Madison - Tanners Creek 138 kV,13755.0,138.0,100.0,267.5,solar,IN,AEP,Withdrawn,gen
AH1-485,2021-09-10,Brookside-Cloverdale 138 kV II,29244.0,138.0,77.77777777777779,228.0,solar,OH,ATSI,Withdrawn,gen
AH1-486,2021-09-11,Maysville 69 kV 1,38712.0,69.0,86.73684210526316,20.0,solar,PA,ATSI,Withdrawn,gen
AH1-487 - moved to TC2,2021-09-10,Camp Reynolds 12.5 kV,5116.0,12.5,80.46153846153847,20.0,solar,PA,ATSI,Withdrawn,gen
AH1-488,2021-09-10,Maysville 34.5 kV 3,38712.0,34.5,86.73684210526316,20.0,solar,PA,ATSI,Withdrawn,gen
AH1-489,2021-09-10,Maysville 34.5 kV 4,38712.0,34.5,86.73684210526316,20.0,solar,PA,ATSI,Withdrawn,gen
AH1-490 - moved to TC2,2021-09-10,Venango Junction - Cambridge Springs 34.5 kV,13322.0,34.5,92.0,20.0,solar,PA,PENELEC,Withdrawn,gen
AH1-491 - moved to TC2,2021-09-11,Union City 34.5 kV,34635.0,34.5,92.0,20.0,solar,PA,PENELEC,Withdrawn,gen
AH1-492 - moved to TC2,2021-09-11,Bernville 13 kV,41497.0,13.0,92.0,20.0,solar,PA,ME,Withdrawn,gen
AH1-493,2021-09-11,Bernville 34.5 kV 2,41497.0,34.5,92.0,20.0,solar,PA,ME,Withdrawn,gen
AH1-494,2021-09-10,Wakefield 12 kV,33433.0,12.0,92.0,10.0,solar,PA,PPL,Withdrawn,gen
AH1-495,2021-09-10,Middleburg 12 kV,33151.0,12.0,92.0,10.0,solar,PA,PPL,Withdrawn,gen
AH1-496,2021-09-10,West Berwick 12 kV,32016.0,12.0,92.0,10.0,solar,PA,PPL,Withdrawn,gen
AH1-497,2021-09-10,Hadley 12.47kV,36908.0,47.0,62.5,5.0,solar,PA,ATSI,Withdrawn,gen
AH1-498,2021-09-10,Jamestown 12.47kV,33423.0,47.0,75.4065934065934,5.0,solar,PA,ATSI,Withdrawn,gen
AH1-499,2021-09-10,Stoneboro 12.47kV,19523.0,47.0,61.565217391304344,10.0,solar,PA,ATSI,Withdrawn,gen
AH1-500,2021-09-10,Conesville Junction – Parkview Road Junction 46 kV,39039.0,46.0,83.42857142857143,10.0,solar,PA,APS,Withdrawn,gen
AH1-501,2021-09-10,Tionesta Junction – Crown 34.5 kV ,13352.0,34.5,58.66666666666667,10.0,solar,PA,PENELEC,Withdrawn,gen
AH1-502,2021-09-10,Dequine - Eugene 345 kV,39168.0,345.0,100.0,150.0,storage,IN,AEP,Withdrawn,battery
AH1-503,2021-09-10,Kings Fork – Chuckatuck 230 kV,32301.0,230.0,100.0,150.0,storage,VA,Dominion,Withdrawn,battery
AH1-504,2021-09-10,Lickdale 13.2kV,29470.0,13.2,67.0,7.5,solar,PA,ME,Withdrawn,gen
AH1-505,2021-09-10,Wheatland 12.47 kV ,40127.0,47.0,84.5,7.5,solar,PA,ATSI,Withdrawn,gen
AH1-506,2021-09-10,Oceanview Wind 3 230 kV,26784.0,230.0,86.875,2056.0,wind,NJ,JCPL,Withdrawn,gen
AH1-507,2021-09-10,Oceanview Wind 4 230 kV,26784.0,230.0,86.875,2786.0,wind,NJ,JCPL,Withdrawn,gen
AH1-508,2021-09-10,Bremo-Fork Union Military Academy 34.5 kV,7236.0,34.5,75.63636363636364,16.0,solar,VA,Dominion,Withdrawn,gen
AH1-509,2021-09-10,TBD 12 kV,36200.0,12.0,49.14285714285714,,solar,PA,PPL,Withdrawn,gen
AH1-510,2021-09-11,Clarence Solar 12 kV,19236.0,12.0,64.0,4.95,solar,,PENELEC,Withdrawn,gen
AH1-511,2021-09-10,Blacklick Solar 12 kV,7095.0,12.0,80.0,4.95,solar,,PENELEC,Withdrawn,gen
AH1-512,2021-09-10,Brush Creek Solar 12 kV,39107.0,12.0,72.0,4.95,solar,,PENELEC,Withdrawn,gen
AH1-513,2021-09-10,Summit Community Solar 12 kV,13599.0,12.0,70.18181818181819,4.95,solar,,APS,Withdrawn,gen
AH1-514,2021-09-10,Philipsburg - Emeigh 12.47 kV-1,14704.0,47.0,92.0,5.0,solar,PA,PENELEC,Withdrawn,gen
AH1-515,2021-09-10,Philipsburg - Emeigh 12.47 kV-2,14704.0,47.0,92.0,5.0,solar,PA,PENELEC,Withdrawn,gen
AH1-515A,2021-09-10,Springdale - Wycoff 12.8 kV,13584.0,12.8,72.71428571428572,5.0,solar,PA,APS,Withdrawn,gen
AH1-516,2021-09-10,Springfield Road - Springfield Road 69 kV,24243.0,69.0,93.57142857142857,70.0,solar,OH,DEOK,Withdrawn,gen
AH1-517,2021-09-10,,,138.0,0.0,,solar,IL,ComEd,Withdrawn,gen
AH1-518,2021-09-10,Pulaski Sub-New Wilmington 69kV,29601.0,69.0,92.0,19.0,solar,PA,ATSI,Withdrawn,gen
AH1-519,2021-09-10,,,138.0,0.0,200.0,solar,OH,Dayton,Withdrawn,gen
AH1-520,2021-09-10,Blue Jacket-Kirby 138 kV V,20824.0,138.0,60.0,120.0,solar,OH,ATSI,Withdrawn,gen
AH1-521,2021-09-10,Blue Jacket-Kirby 138 kV VI,20824.0,138.0,60.0,100.0,storage,OH,ATSI,Withdrawn,battery
AH1-522,2021-09-10,Timber Switch 138 kV,45680.0,138.0,100.0,47.0,solar,OH,AEP,Withdrawn,gen
AH1-523,2021-09-10,Heidelberg 69 kV,15606.0,69.0,100.0,20.0,solar,PA,PPL,Withdrawn,gen
AH1-524,2021-09-11,University Park - Olive 345 kV,12045.0,345.0,96.0,117.0,solar,IN,AEP,Withdrawn,gen
AH1-525,2021-09-11,University Park - Olive 345 kV,12045.0,345.0,96.0,50.0,storage,IN,AEP,Withdrawn,battery
AH1-526 - moved to TC2,2021-09-11,Knox - Washington CEC 138 kV,33770.0,138.0,100.0,80.0,hybrid,OH,ATSI,Withdrawn,gen
AH1-527,2021-09-10,Chase City- Herbert Plant Substation 115kV,33224.0,115.0,100.0,149.0,solar,VA,Dominion,Withdrawn,gen
AH1-528 - moved to TC2,2021-09-10,Rawlings - Unity 500 kV,22498.0,500.0,72.0,300.8,solar,VA,Dominion,Active,gen
AH1-529,2021-09-10,Renaker - Avon 138 kV,33039.0,138.0,66.66666666666667,89.0,solar,KY,EKPC,Withdrawn,gen
AH1-530 - moved to TC2,2021-09-10,Fairfield – Reily 69 kV ,15263.0,69.0,92.0,28.0,solar,OH,DEOK,Withdrawn,gen
AH1-531,2021-09-10,Salyers Rd 34.5 kV,38972.0,34.5,65.6842105263158,21.0,hybrid,OH,AEP,Withdrawn,gen
AH1-532,2021-09-10,Marion County - Marion Co. Industrial 161 kV,14372.0,161.0,83.84615384615384,37.8,solar,KY,EKPC,Withdrawn,gen
AH1-533 - moved to TC2,2021-09-10,Sunbury-Juniata II,13419.0,138.0,100.0,185.2,hybrid,PA,PPL,Withdrawn,gen
AH1-534,2021-09-10,Sullivan Gardens - Walters 138 kV,39580.0,138.0,100.0,22.7,solar,TN,AEP,Withdrawn,gen
AH1-535 - moved to TC2,2021-09-10,Nagel - Cane River 230 kV,39335.0,230.0,100.0,100.0,hybrid,TN,AEP,Active,gen
AH1-536 - moved to TC2,2021-09-10,Church-Oil City 138kV,12913.0,138.0,100.0,41.8,hybrid,MD,DPL,Withdrawn,gen
AH1-537 - moved to TC2,2021-09-11,Pierce - Kyger Creek 345 kV,5027.0,345.0,100.0,178.5,solar,OH,OVEC,Active,gen
AH1-538 - moved to TC2,2021-09-10,East Lima - Haviland 138 kV,38941.0,138.0,100.0,100.0,hybrid,OH,AEP,Withdrawn,gen
AH1-539 - moved to TC2,2021-09-10,South Kenton 138 kV,11565.0,138.0,92.5,129.4,hybrid,OH,AEP,Withdrawn,gen
AH1-540 - moved to TC2,2021-09-10,Byron to Wayne 345 kV,20774.0,345.0,80.71428571428572,165.0,hybrid,IL,ComEd,Withdrawn,gen
AH1-541 - moved to TC2,2021-09-10,Chestnut 345 kV,44835.0,345.0,79.14285714285714,92.4,hybrid,IL,ComEd,Active,gen
AH1-542 - moved to TC2,2021-09-10,Crissinger-Delaware Business Park 138kV,4703.0,138.0,100.0,110.0,hybrid,OH,ATSI,Active,gen
AH1-543 - moved to TC2,2021-09-11,Mulberry - Tazewell 345 kV,22546.0,345.0,92.0,157.4,hybrid,IL,ComEd,Active,gen
AH1-544,2021-09-10,La Salle 345 kV,20760.0,345.0,100.0,67.7,solar,IL,ComEd,Withdrawn,gen
AH1-545 - moved to TC2,2021-09-10,Wylie Ridge-Tidd 345kV,35523.0,345.0,100.0,200.0,solar,PA,APS,Active,gen
AH1-546 - moved to TC2,2021-09-10,Bremo - Buckingham 230 kV,7236.0,230.0,83.63636363636364,65.0,solar,VA,Dominion,Active,gen
AH1-547,2021-09-10,Reynolds - Olive #1 345 kV,21842.0,345.0,100.0,180.0,solar,IN,AEP,Withdrawn,gen
AH1-548,2021-09-10,Sorenson 345 kV,36327.0,345.0,100.0,160.0,solar,IN,AEP,Withdrawn,gen
AH1-549 - moved to TC2,2021-09-10,Allen - RP Mone 345 kV,12592.0,345.0,100.0,180.0,solar,IN,AEP,Withdrawn,gen
AH1-550,2021-09-10,Hazelton - Kirk 138 kV,7036.0,138.0,76.92307692307692,110.0,solar,OH,AEP,Withdrawn,gen
AH1-551,2021-09-10,,,138.0,0.0,100.0,solar,OH,AEP,Withdrawn,gen
AH1-552 - moved to TC2,2021-09-10,Chalk Point 230 kV,31439.0,230.0,100.0,670.2,hybrid,MD,PEPCO,Active,gen
AH1-553,2021-09-10,Broadview -Tangy 138 kV II,15445.0,138.0,92.0,66.0,solar,OH,ATSI,Withdrawn,gen
AH1-554,2021-09-10,Lick 138 kV,7478.0,138.0,100.0,150.0,storage,OH,AEP,Withdrawn,battery
AH1-555,2021-09-10,Maxwell 138 kV,38930.0,138.0,100.0,100.0,storage,OH,ATSI,Withdrawn,battery
AH1-556,2021-09-10,Larrabee 230 kV III,26786.0,230.0,100.0,805.2,wind,NJ,JCPL,Withdrawn,gen
AH1-557 - moved to TC2,2021-09-10,Larrabee Collector Station 230 kV ,26786.0,230.0,83.33333333333333,1300.0,wind,NJ,JCPL,Withdrawn,gen
AH1-558 - moved to TC2,2021-09-10,Four Rivers 230kV,33127.0,230.0,100.0,996.0,storage,VA,Dominion,Withdrawn,battery
AH1-559,2021-09-10,,,138.0,0.0,896.0,storage,IL,ComEd,Withdrawn,battery
AH1-560 - moved to TC2,2021-09-10,University Park 138 kV,12045.0,138.0,88.0,473.0,storage,IL,ComEd,Withdrawn,battery
AH1-561 - moved to TC2,2021-09-10,Ironwood 230kV,13613.0,230.0,90.0,1075.0,storage,PA,ME,Withdrawn,battery
AH1-562 - moved to TC2,2021-09-10,Springdale 138kV,13584.0,138.0,80.71428571428572,356.0,storage,PA,APS,Withdrawn,battery
AH1-563 - moved to TC2,2021-09-11,Aurora E.C. 138kV,12219.0,138.0,88.0,1206.0,storage,IL,ComEd,Active,battery
AH1-564 - moved to TC2,2021-09-10,Rockford II 138 kV,13881.0,138.0,82.6923076923077,330.0,storage,IL,ComEd,Active,battery
AH1-565 - moved to TC2,2021-09-10,Lemoyne 345kV,38769.0,345.0,100.0,950.0,storage,OH,ATSI,Withdrawn,battery
AH1-566 - moved to TC2,2021-09-10,South Bend 500kV,12658.0,500.0,92.0,1038.1,storage,PA,APS,Withdrawn,battery
AH1-567 - moved to TC2,2021-09-10,University Park 138 kV,12045.0,138.0,88.0,328.0,gas,IL,ComEd,Active,gen
AH1-568,2021-09-10,Keen Mountain 138 kV,13461.0,138.0,81.25,80.0,storage,VA,AEP,Withdrawn,battery
AH1-569 - moved to TC2,2021-09-10,Tangy - National 138 kV,56833.0,138.0,100.0,42.0,solar,OH,ATSI,Withdrawn,gen
AH1-570 - moved to TC2,2021-09-10,Millersburg 69 kV,32758.0,69.0,100.0,25.0,solar,KY,EKPC,Active,gen
AH1-571 - moved to TC2,2021-09-10,Millersburg 69 kV,32758.0,69.0,100.0,45.0,solar,KY,EKPC,Active,gen
AH1-572 - moved to TC2,2021-09-10,South Morral-Uncapher Switch 69 kV,29978.0,69.0,62.5,30.0,solar,OH,AEP,Withdrawn,gen
AH1-573 - moved to TC2,2021-09-10,South Morral-Uncapher Switch 69 kV,29978.0,69.0,62.5,49.99,solar,OH,AEP,Withdrawn,gen
AH1-574,2021-09-10,Harrington 69kV,16666.0,69.0,100.0,20.0,solar,DE,DPL,Withdrawn,gen
AH1-575,2021-09-10,Harrington 69kV ,16666.0,69.0,100.0,10.0,solar,DE,DPL,Withdrawn,gen
AH1-576,2021-09-10,South Harrington 69kV,16005.0,69.0,100.0,20.0,solar,DE,DPL,Withdrawn,gen
AH1-577 - moved to TC2,2021-09-10,Clutch 69 kV,5157.0,69.0,75.84615384615384,70.0,solar,OH,AEP,Withdrawn,gen
AH1-578 - moved to TC2,2021-09-10,Clutch 69 kV,5157.0,69.0,75.84615384615384,98.0,storage,OH,AEP,Withdrawn,battery
AH1-579,2021-09-10,Marysville – Hyatt 345 kV,38712.0,345.0,100.0,150.0,storage,OH,AEP,Withdrawn,battery
AH1-580 - moved to TC2,2021-09-10,Nottingham 138 kV,33918.0,138.0,100.0,400.0,solar,OH,AEP,Active,gen
AH1-581,2021-09-10,,,138.0,0.0,200.0,solar,OH,Dayton,Withdrawn,gen
AH1-582,2021-09-10,Marysville - Flatlick 765 kV,38712.0,765.0,100.0,800.0,storage,OH,AEP,Withdrawn,battery
AH1-583,2021-09-10,Marysville - Flatlick 765 kV,38712.0,765.0,100.0,800.0,storage,OH,AEP,Withdrawn,battery
AH1-584 - moved to TC2,2021-09-10,Nelson-Indian River 138kV,5149.0,138.0,100.0,50.0,solar,DE,DPL,Withdrawn,gen
AH1-585 - moved to TC2,2021-09-10,Nelson-Indian River 138kV,5149.0,138.0,100.0,100.0,solar,DE,DPL,Withdrawn,gen
AH1-586 - moved to TC2,2021-09-10,Nelson-Indian River 138kV,5149.0,138.0,100.0,145.0,storage,DE,DPL,Withdrawn,battery
AH1-587 - moved to TC2,2021-09-10,Farmers Valley - Ridgeway 115 kV,13303.0,115.0,100.0,200.0,solar,PA,PENELEC,Withdrawn,gen
AH1-588 - moved to TC2,2021-09-10,Lewis Run - Pierce Brook 230 kV,30566.0,230.0,100.0,240.0,solar,PA,PENELEC,Withdrawn,gen
AH1-589 - moved to TC2,2021-09-10,Lewis Run - Pierce Brook 230 kV,30566.0,230.0,100.0,410.0,solar,PA,PENELEC,Withdrawn,gen
AH1-590 - moved to TC2,2021-09-10,Cherry Ridge 66 kV,902.0,66.0,72.72727272727273,50.0,solar,WV,APS,Withdrawn,gen
AH1-591 - moved to TC2,2021-09-10,Cherry Ridge 66kV,902.0,66.0,72.72727272727273,100.0,solar,WV,APS,Withdrawn,gen
AH1-592 - moved to TC2,2021-09-10,Cherry Ridge 66kV,902.0,66.0,72.72727272727273,145.0,storage,WV,APS,Withdrawn,battery
AH1-593,2021-09-10,Hazelton 138,30606.0,138.0,77.5,65.0,solar,WV,APS,Withdrawn,gen
AH1-594,2021-09-10,Hazelton 138kV,7036.0,138.0,76.92307692307692,97.0,storage,WV,APS,Withdrawn,battery
AH1-595,2021-09-10,Fowler Ridge 345 kV,13720.0,345.0,83.84615384615384,150.0,solar,IN,AEP,Withdrawn,gen
AH1-596,2021-09-10,Fowler Ridge 345 kV,13720.0,345.0,83.84615384615384,125.0,storage,IN,AEP,Withdrawn,battery
AH1-597,2021-09-10,LM Troy 138 kV,6400.0,138.0,87.14285714285714,110.0,solar,OH,ATSI,Withdrawn,gen
AH1-598,2021-09-10,LM Troy 138 kV,6400.0,138.0,87.14285714285714,110.0,storage,OH,ATSI,Withdrawn,battery
AH1-599,2021-09-10,,,138.0,0.0,150.0,solar,IL,ComEd,Withdrawn,gen
AH1-600,2021-09-10,,,138.0,0.0,110.0,storage,IL,ComEd,Withdrawn,battery
AH1-601,2021-09-10,,,138.0,0.0,300.0,solar,IL,ComEd,Withdrawn,gen
AH1-602,2021-09-10,,,138.0,0.0,225.0,storage,IL,ComEd,Withdrawn,battery
AH1-603,2021-09-10,,,138.0,0.0,200.0,solar,OH,AEP,Withdrawn,gen
AH1-604,2021-09-10,,,138.0,0.0,150.0,storage,OH,AEP,Withdrawn,battery
AH1-605,2021-09-10,,,138.0,0.0,120.0,solar,IN,AEP,Withdrawn,gen
AH1-606,2021-09-10,,,138.0,0.0,90.0,storage,IN,AEP,Withdrawn,battery
AH1-607,2021-09-10,,,138.0,0.0,119.04,solar,IN,AEP,Withdrawn,gen
AH1-608,2021-09-10,Milliron-Brookside 138kV,16015.0,138.0,75.0,49.26,solar,OH,ATSI,Withdrawn,gen
AH1-609,2021-09-10,Milliron-Brookside 138kV,16015.0,138.0,75.0,168.31,solar,OH,ATSI,Withdrawn,gen
AH1-610,2021-09-11,Altavista - Stonemill 69 kV,31973.0,69.0,92.0,,other,VA,Dominion,Withdrawn,gen
AH1-611,2021-09-10,Perkiomenville 34.5kV ,29570.0,34.5,70.26086956521739,7.5,solar,PA,PECO,Withdrawn,gen
AH1-612,2021-09-10,North Orwell - East Sayre 34.5kV,33101.0,34.5,74.35294117647058,7.5,solar,PA,PENELEC,Withdrawn,gen
AH1-613,2021-09-10,Earleys- Suffolk 230kV,3185.0,230.0,100.0,130.0,hybrid,VA,Dominion,Withdrawn,gen
AH1-614,2021-09-10,Burns 69 kV,52092.0,69.0,92.0,40.0,hybrid,OH,DEOK,Withdrawn,gen
AH1-615,2021-09-10,Pine Creek 138 kV,31740.0,138.0,100.0,100.0,storage,PA,DL,Withdrawn,battery
AH1-616,2021-09-10,Chicago Heights 138 kV,30057.0,138.0,58.33333333333333,150.0,storage,IL,ComEd,Withdrawn,battery
AH1-617 - moved to TC2,2021-09-10,Harbert Metering 138 kV,11529.0,138.0,83.125,200.0,solar,KY,AEP,Active,gen
AH1-618,2021-09-10,Beaver Creek 138 kV,11597.0,138.0,100.0,200.0,solar,KY,AEP,Withdrawn,gen
AH1-619,2021-09-10,Beaver Creek 138 kV,11597.0,138.0,100.0,200.0,solar,KY,AEP,Withdrawn,gen
AH1-620,2021-09-10,Carville 138kV,33772.0,138.0,94.11764705882352,76.0,solar,MD,DPL,Withdrawn,gen
AH1-621,2021-09-10,Steele-Milford 230kV ,13253.0,230.0,71.42857142857143,120.0,solar,MD,DPL,Withdrawn,gen
AH1-622,2021-09-10,Five Fork 115kV ,12902.0,115.0,94.73684210526316,20.0,solar,PA,PECO,Withdrawn,gen
AH1-623,2021-09-10,South Anna - Desper 230 kV,7393.0,230.0,83.33333333333334,160.0,solar,VA,Dominion,Withdrawn,gen
AH1-624,2021-09-10,Mainesburg-Homer City 345kV,53679.0,345.0,100.0,230.0,solar,PA,PENELEC,Withdrawn,gen
AH1-625,2021-09-11,Cowen 138kV,12828.0,138.0,72.72727272727273,250.0,solar,WV,APS,Withdrawn,gen
AH1-626 - moved to TC2,2021-09-10,Ladysmith 230 kV,7610.0,230.0,100.0,62.5,storage,VA,Dominion,Withdrawn,battery
AH1-627 - moved to TC2,2021-09-10,Ladysmith 230 kV II,7610.0,230.0,100.0,125.0,storage,VA,Dominion,Withdrawn,battery
AH1-628 5141135,2021-09-07,PJM-CIN,31685.0,138.0,57.14285714285714,670.0,other,,,Withdrawn,gen
AH1-629,2021-09-11,Hokes-Grantley 69 kV III,43979.0,69.0,72.72727272727273,35.0,solar,PA,ME,Withdrawn,gen
AH1-630,2021-09-11,Penns Tap-Richfield Tie 69 kV V,56744.0,69.0,80.0,35.0,hybrid,PA,PPL,Withdrawn,gen
AH1-631,2021-09-10,Edinboro South 34.5 kV III,31882.0,34.5,58.66666666666667,35.0,storage,PA,PENELEC,Withdrawn,battery
AH1-632,2021-09-10,Mercersburg-Milnor 34.5 kV III,14731.0,34.5,68.19047619047619,27.0,storage,PA,APS,Withdrawn,battery
AH1-633,2021-09-13,Powerton to Katydid 345 kV,20090.0,345.0,82.63157894736842,288.0,solar,IL,ComEd,Withdrawn,gen
AH1-634 - moved to TC2,2021-09-13,Indian River 230kV I,5008.0,230.0,74.35294117647058,323.1,wind,DE,DPL,Withdrawn,gen
AH1-635,2021-09-13,,,138.0,0.0,200.0,solar,OH,Dayton,Withdrawn,gen
AH1-636,2021-09-13,,,138.0,0.0,200.0,storage,OH,Dayton,Withdrawn,battery
AH1-637 - moved to TC2,2021-09-13,Oak Grove 34.5 kV,31454.0,34.5,92.0,16.0,solar,VA,Dominion,Active,gen
AH1-638,2021-09-13,Pleasantville 12.47kV ,25024.0,47.0,74.75862068965517,1.625,solar,NJ,AEC,Withdrawn,gen
AH1-639,2021-09-13,Lordstown - Mansfield 345 kV,7677.0,345.0,72.0,150.0,hybrid,OH,ATSI,Withdrawn,gen
AH1-640,2021-09-14,Gladys DP - Stonemill 69 kV,44005.0,69.0,66.66666666666667,40.0,storage,VA,Dominion,Withdrawn,battery
AH1-641 - moved to TC2,2021-09-14,Churchtown - Upper Pittsgrove 138kV,21702.0,138.0,92.0,65.0,solar,NJ,AEC,Active,gen
AH1-642,2021-09-14,Morgantown - Tompkinsville 69kV,12825.0,69.0,100.0,80.0,solar,MD,SMECO,Withdrawn,gen
AH1-643,2021-09-14,Hewitt Road - Oakville 69kV ,31450.0,69.0,100.0,80.0,solar,MD,SMECO,Withdrawn,gen
AH1-644 - moved to TC2,2021-09-15,Spicewood Metering 138 kV,11536.0,138.0,85.0,100.0,solar,KY,AEP,Withdrawn,gen
AH1-645,2021-09-15,Surry - Yadkin 500 kV,33170.0,500.0,100.0,450.0,hybrid,VA,Dominion,Withdrawn,gen
AH1-646,2021-09-16,Lake Lynn – Gerards Fort 25 kV,13312.0,25.0,78.15384615384616,19.9,solar,PA,APS,Withdrawn,gen
AH1-647,2021-09-17,Greensboro 25 kV,36334.0,25.0,92.0,19.9,hybrid,PA,APS,Withdrawn,gen
AH1-648,2021-09-17,Grays Ferry 230kV ,29577.0,230.0,90.9090909090909,168.0,gas,PA,PECO,Withdrawn,gen
AH1-649,2021-09-23,Clubhouse- Purdy 115kV,33432.0,115.0,100.0,60.0,solar,VA,Dominion,Withdrawn,gen
AH1-650,2021-09-23,Clubhouse- Purdy 115kV,33432.0,115.0,100.0,100.0,solar,VA,Dominion,Withdrawn,gen
AH1-651,2021-09-24,Southampton- Handsom 115kV,44795.0,115.0,77.71428571428572,100.0,solar,VA,Dominion,Withdrawn,gen
AH1-652,2021-09-23,Southampton- Handsom 115kV,44795.0,115.0,77.71428571428572,100.0,solar,VA,Dominion,Withdrawn,gen
AH1-653,2021-09-23,Greentown 138 kV,15947.0,138.0,100.0,200.0,solar,IN,AEP,Withdrawn,gen
AH1-654,2021-09-23,Kincaid 345 kV,38484.0,345.0,100.0,100.0,solar,IL,ComEd,Withdrawn,gen
AH1-655,2021-09-24,SE Canton 138 kV,38926.0,138.0,94.73684210526316,100.0,solar,OH,AEP,Withdrawn,gen
AH1-656,2021-09-23,Gary 115kV,15829.0,115.0,74.0,80.0,solar,VA,Dominion,Withdrawn,gen
AH1-657,2021-09-23,Nelson 345 kV,20754.0,345.0,100.0,100.0,solar,IL,ComEd,Withdrawn,gen
AH1-658,2021-09-23,R. P. Mone 345 kV,19905.0,345.0,100.0,100.0,solar,OH,AEP,Withdrawn,gen
AH1-659,2021-09-23,Cordova 345 kV,34670.0,345.0,100.0,100.0,solar,IL,ComEd,Withdrawn,gen
AH1-660,2021-09-29,Taylor 69kV ,16029.0,69.0,100.0,6.66,solar,DE,DPL,Withdrawn,gen
AH1-661 - moved to TC2,2021-09-29,Cannelville 12.47 kV,39628.0,47.0,85.57142857142857,10.07,other,OH,AEP,Active,gen
AH1-662,2021-10-01,Wells 69kV ,25125.0,69.0,100.0,7.66,solar,DE,DPL,Withdrawn,gen
AH1-663,2021-09-30,River EC 138 kV,55014.0,138.0,71.42857142857143,57.78,storage,IL,ComEd,Withdrawn,battery
AH1-664 - formerly AE1-144 - moved to TC2,2018-09-24,Goddard-Plumville 138 kV,14638.0,138.0,63.42857142857143,100.0,solar,KY,EKPC,Active,gen
AH1-665 - formerly AE2-038 - moved to TC2,2019-01-23,Goddard-Plumsville 138 kV II,14638.0,138.0,63.42857142857143,180.0,solar,KY,EKPC,Active,gen
AH1-666 - formerly AF1-256 - moved to TC2,2019-09-30,Flemingsburg - Spurlock 138 kV,38393.0,138.0,70.0,80.0,solar,KY,EKPC,Active,gen
AH1-667 - formerly AF2-121 - moved to TC2,2020-02-29,Philipsburg-Shawville 34.5 kV,14704.0,34.5,92.0,18.0,solar,PA,PENELEC,Active,gen
AH1-668 - formerly AG1-257 - moved to TC2,2020-09-29,Madisonburg Jct-Millheim 46 kV,5013.0,46.0,61.230769230769226,19.9,solar,PA,APS,Withdrawn,gen
AH1-669 - formerly AG1-326 - moved to TC2,2020-09-30,Circleville-Biers Run 138 kV,5203.0,138.0,100.0,50.0,solar,OH,AEP,Withdrawn,gen
AH1-670 - formerly AG1-401 - moved to TC2,2020-09-30,Blue Mound-Chestnut 345 kV,38481.0,345.0,100.0,250.0,wind,IL,ComEd,Withdrawn,gen
AH1-672 - formerly AG1-529 - moved to TC2,2020-09-30,Farmview 138 kV,52683.0,138.0,100.0,75.0,solar,DE,DPL,Active,gen
AH1-673 - formerly AG1-535 - moved to TC2,2020-09-30,State Line - River Energy Center 138 kV,31516.0,138.0,94.73684210526316,85.0,storage,IL,ComEd,Active,battery
AH1-676 - moved to TC2,2025-04-04,Gordonsville 230 kV,32777.0,230.0,100.0,1294.6,gas,VA,Dominion,Withdrawn,gen
AH1-677 - moved to TC2,2025-04-07,Rogers Road 500 kV,14056.0,500.0,76.21052631578947,1756.0,gas,VA,Dominion,Active,gen
AH1-678 - moved to TC2,2025-04-07,Heritage 500 kV,33355.0,500.0,86.11764705882352,1525.5,gas,VA,Dominion,Active,gen
AH1-679 - moved to TC2,2025-04-11,Four Rivers 230 kV,33127.0,230.0,100.0,766.0,gas,VA,Dominion,Active,gen
AH1-680 - moved to TC2,2025-04-03,Sammis - South Canton 345 kV,5022.0,345.0,78.18181818181819,1300.0,gas,OH,ATSI,Active,gen
AH1-681 - moved to TC2,2025-06-03,Cunningham 500 kV,31877.0,500.0,100.0,1000.0,gas,VA,Dominion,Active,gen
AH1-682 - moved to TC2,2025-04-04,Ladysmith CT 230 kV,31619.0,230.0,100.0,190.0,gas,VA,Dominion,Active,gen
AH1-683 - moved to TC2,2025-04-04,Ladysmith CT 230 kV,31619.0,230.0,100.0,190.0,gas,VA,Dominion,Active,gen
AH1-684 - moved to TC2,2025-04-08,Remington CT 230 kV,33148.0,230.0,100.0,190.0,gas,VA,Dominion,Engineering and Procurement,gen
AH1-685 - moved to TC2,2025-04-08,Remington CT 230 kV,33148.0,230.0,100.0,190.0,gas,VA,Dominion,Engineering and Procurement,gen
AH1-686 - moved to TC2,2025-04-03,Hanging Rock 765 kV,36809.0,765.0,100.0,1364.0,gas,OH,AEP,Active,gen
AH1-687 - moved to TC2,2025-04-08,Bear Garden 230kV,31897.0,230.0,100.0,682.0,gas,VA,Dominion,Active,gen
AH1-690 - moved to TC2,2025-04-03,Bay Shore - Lallendorf 345 kV,5029.0,345.0,100.0,1475.0,gas,OH,ATSI,Withdrawn,gen
AH1-691 - moved to TC2,2025-04-08,Ladysmith CT 230 kV,31619.0,230.0,100.0,209.0,gas,VA,Dominion,Active,gen
AH1-692 - moved to TC2,2025-04-08,Ladysmith CT 230 kV,31619.0,230.0,100.0,209.0,gas,VA,Dominion,Active,gen
AH1-693 - moved to TC2,2025-04-08,Remington CT 230 kV,33148.0,230.0,100.0,190.0,gas,VA,Dominion,Engineering and Procurement,gen
AH1-694 - moved to TC2,2025-04-08,Ladysmith CT 230 kV,31619.0,230.0,100.0,190.0,gas,VA,Dominion,Active,gen
AH1-695 - moved to TC2,2025-04-03,Three Mile Island 230 kV,13255.0,230.0,100.0,859.0,other,PA,ME,Active,gen
AH1-696 - moved to TC2,2025-04-07,Possum Point 230kV,7609.0,230.0,100.0,668.0,gas,VA,Dominion,Engineering and Procurement,gen
AH1-698 - moved to TC2,2025-04-08,Braidwood 345 kV,20761.0,345.0,100.0,2584.0,other,IL,ComEd,Active,gen
AH1-699 - moved to TC2,2025-04-04,Wellsville 345 kV,14279.0,345.0,92.0,1210.0,gas,OH,ATSI,Engineering and Procurement,gen
AH1-701 - moved to TC2,2025-04-11,Valero 69 kV,16667.0,69.0,66.66666666666667,61.0,gas,NJ,AEC,Active,gen
AH1-702 - moved to TC2,2025-04-07,Byron 345 kV,20774.0,345.0,100.0,2530.0,other,IL,ComEd,Active,gen
AH1-703 - moved to TC2,2025-04-08,Bergen 230kV,19042.0,230.0,100.0,670.61,gas,NJ,PSEG,Active,gen
AH1-704 - moved to TC2,2025-04-03,Hannibal 138 kV,36933.0,138.0,78.88888888888889,509.0,gas,OH,AEP,Active,gen
AH1-705 - moved to TC2,2025-04-07,Sunbury #1 500kV,13419.0,500.0,93.33333333333333,1153.4,gas,PA,PPL,Withdrawn,gen
AH1-706 - moved to TC2,2025-04-07,Lordstown 345 kV,7677.0,345.0,72.0,970.453,gas,OH,ATSI,Engineering and Procurement,gen
AH1-707 - moved to TC2,2025-04-07,Saegers 230 kV,45570.0,230.0,68.92307692307692,907.0,gas,PA,PPL,Withdrawn,gen
AH1-710 - moved to TC2,2025-04-09,Salem 500kV,18954.0,500.0,100.0,2650.8,other,NJ,PSEG,Active,gen
AH1-711 - moved to TC2,2025-04-09,Lemoyne 345 kV,38769.0,345.0,100.0,1108.2,gas,OH,ATSI,Active,gen
AH1-712 - moved to TC2,2025-04-06,Cunningham 500 kV,31877.0,500.0,100.0,776.0,gas,VA,Dominion,Active,gen
AH1-713 - moved to TC2,2025-04-07,Mt. Storm 500kV,31970.0,500.0,100.0,538.0,other,WV,Dominion,Active,gen
AH1-714 - moved to TC2,2025-04-09,Lasalle 345 kV,20760.0,345.0,93.33333333333333,1360.0,other,IL,ComEd,Active,gen
AH1-715 - moved to TC2,2025-04-08,Linden 138kV & 230kV,19239.0,138.0,92.0,803.17,gas,NJ,PSEG,Active,gen
AH1-716 - moved to TC2,2025-04-10,Surry-Skiffes Creek 500kV,33170.0,500.0,100.0,650.0,storage,VA,Dominion,Active,battery
AH1-717 - moved to TC2,2025-04-10,Gravel Neck 230 kV,20897.0,230.0,68.19047619047619,453.0,gas,VA,Dominion,Withdrawn,gen
AH1-718 - moved to TC2,2025-04-07,Nelson 345 kV,20754.0,345.0,100.0,391.0,gas,IL,ComEd,Active,gen
AH1-719 - moved to TC2,2025-04-03,Beverly 345 kV,13476.0,345.0,82.35294117647058,694.0,gas,OH,AEP,Engineering and Procurement,gen
AH1-720 - moved to TC2,2025-04-11,East Towanda 230 kV,13718.0,230.0,62.58823529411764,907.5,gas,PA,PENELEC,Withdrawn,gen
AH1-721 - moved to TC2,2025-04-02,Laurel-Cooper 161 kV,16031.0,161.0,92.0,786.0,gas,KY,EKPC,Active,gen
AH1-722 - moved to TC2,2025-04-08,Linden 230kV,19239.0,230.0,100.0,806.4,gas,NJ,PSEG,Active,gen
AH1-723 - moved to TC2,2025-04-06,Cunningham 500 kV,31877.0,500.0,100.0,776.0,gas,VA,Dominion,Active,gen
AH1-725 - moved to TC2,2025-04-09,Conastone 500 kV,31827.0,500.0,100.0,500.0,storage,MD,BGE,Active,battery
AH1-727 - moved to TC2,2025-04-10,Brambleton-Goose Creek 500kV,31622.0,500.0,100.0,425.0,storage,VA,Dominion,Active,battery
AH1-729 - moved to TC2,2025-04-08,Ocean Court 230 kV,11495.0,230.0,58.66666666666667,100.0,storage,VA,Dominion,Withdrawn,battery
AH1-734 - moved to TC2,2025-04-10,South Bend 500 kV,12658.0,500.0,92.0,1058.4,gas,PA,APS,Active,gen
AH1-735 - moved to TC2,2025-04-09,Richland 138 kV,42423.0,138.0,100.0,447.0,gas,OH,ATSI,Withdrawn,gen
AH1-744 - moved to TC2,2025-04-11,Cheltenham 500 kV,47127.0,500.0,100.0,853.5,gas,MD,PEPCO,Engineering and Procurement,gen
AH1-746 - moved to TC2,2025-04-10,Madera - Westover South 115 kV,33183.0,115.0,71.42857142857143,109.9,wind,PA,PENELEC,Active,gen
AH2-001,2021-10-01,Rattlesnake Hill Waste Heat Recovery,13372.0,138.0,71.76470588235294,3.6,other,PA,PENELEC,Withdrawn,gen
AH2-002,2021-10-02,Temple Hill - Roseville 69 kV,13620.0,69.0,74.38095238095238,80.0,solar,KY,EKPC,Withdrawn,gen
AH2-003,2021-10-02,Hickory Grove 115 kV,32309.0,115.0,86.15384615384616,20.0,solar,VA,Dominion,Withdrawn,gen
AH2-004,2021-10-01,Perth – Crystal Hill 115 kV,32918.0,115.0,100.0,20.0,solar,VA,Dominion,Withdrawn,gen
AH2-005,2021-10-01,Pamplin – Willis Tap 115 kV,7417.0,115.0,100.0,20.0,solar,VA,Dominion,Withdrawn,gen
AH2-006,2021-10-04,Harrison - Good Hope 138 kV,32856.0,138.0,100.0,14.234,other,OH,AEP,Withdrawn,gen
AH2-007,2021-10-04,Texas Eastern - Jeffersonville 69 kV,40753.0,69.0,92.0,10.12,other,OH,Dayton,Withdrawn,gen
AH2-008,2021-10-06,Bear Peak East Providence II,41930.0,138.0,82.0,5.0,solar,PA,APS,Withdrawn,gen
AH2-009,2021-10-08,Galion 138 kV V,5092.0,138.0,100.0,244.0,solar,OH,ATSI,Withdrawn,gen
AH2-010,2021-10-07,Marysville - Sorenson 765 kV,38712.0,765.0,100.0,1455.0,solar,OH,AEP,Withdrawn,gen
AH2-011,2021-10-09,National-Tangy 138kV IV,33095.0,138.0,74.0,177.0,solar,OH,ATSI,Withdrawn,gen
AH2-012,2021-10-13,Sinai 12.47 kV,32178.0,47.0,80.75,9.9,hybrid,VA,Dominion,Withdrawn,gen
AH2-013,2021-10-12,Cartersville 34.5 kV,32774.0,34.5,92.0,15.996,hybrid,VA,Dominion,Withdrawn,gen
AH2-014,2021-10-15,Crane Solar 34.5 kV,32314.0,34.5,67.0,5.0,solar,PA,PENELEC,Withdrawn,gen
AH2-015,2021-10-20,Nelson 138 kV,5149.0,138.0,100.0,110.0,storage,IL,ComEd,Withdrawn,battery
AH2-016,2021-10-21,Stonycreek 23 kV,14429.0,23.0,76.21052631578947,20.0,solar,PA,PENELEC,Withdrawn,gen
AH2-017,2021-10-22,Brothersvalley 23 kV,37276.0,23.0,64.0,15.0,solar,PA,PENELEC,Withdrawn,gen
AH2-018,2021-10-22,Lawrence 12.47 kV,14189.0,47.0,83.81818181818181,10.0,solar,PA,PENELEC,Withdrawn,gen
AH2-019,2021-10-26,,,138.0,0.0,,solar,MD,DPL,Withdrawn,gen
AH2-020,2021-10-27,,,138.0,0.0,,solar,PA,PSEG,Withdrawn,gen
AH2-021,2021-10-27,Summer Shade - Barren County 161 kV,40455.0,161.0,100.0,150.0,hybrid,KY,EKPC,Withdrawn,gen
AH2-022,2021-10-28,Bear Peak West Providence LLC,41930.0,138.0,81.53846153846153,8.25,solar,PA,PENELEC,Withdrawn,gen
AH2-023,2021-10-29,McDowell 12.47 kV,2411.0,47.0,83.81818181818181,5.0,solar,PA,ATSI,Withdrawn,gen
AH2-024,2021-10-30,Kodiak Solar 13.2 kV,7938.0,13.2,48.00000000000001,3.0,solar,PA,PENELEC,Withdrawn,gen
AH2-025,2021-10-29,Eugene - Dequine 345 kV,14309.0,345.0,100.0,200.0,hybrid,IN,AEP,Withdrawn,gen
AH2-026,2021-11-02,,,138.0,0.0,72.0,storage,VA,Dominion,Withdrawn,battery
AH2-028,2021-11-02,Watertower - Kingston 69 kV,53251.0,69.0,84.21052631578947,44.0,hybrid,OH,AEP,Withdrawn,gen
AH2-028A,2021-11-02,Watertower - Kingston 69 kV,53251.0,69.0,84.21052631578947,64.0,solar,OH,AEP,Withdrawn,gen
AH2-029,2021-11-02,Cedarville 12 kV,52667.0,12.0,76.21052631578947,18.0,solar,OH,Dayton,Withdrawn,gen
AH2-030,2021-11-03,Feagan's Mill 138 kV,32801.0,138.0,100.0,90.0,solar,WV,APS,Withdrawn,gen
AH2-031,2021-11-03,Feagan's Mill 138 kV II,32801.0,138.0,100.0,30.0,storage,WV,APS,Withdrawn,battery
AH2-032,2021-11-09,Possum Point 115kV,7609.0,115.0,100.0,60.0,storage,VA,Dominion,Withdrawn,battery
AH2-033,2021-11-09,Possum Point 115kV,7609.0,115.0,100.0,60.0,storage,VA,Dominion,Withdrawn,battery
AH2-034,2021-11-09,Possum Point 230kV,7609.0,230.0,100.0,100.0,storage,VA,Dominion,Withdrawn,battery
AH2-035,2021-11-09,Possum Point 500kV,7609.0,500.0,92.0,100.0,storage,VA,Dominion,Withdrawn,battery
AH2-036,2021-11-11,Young 12.47,1728.0,138.0,68.74125874125873,4.99,solar,PA,PENELEC,Withdrawn,gen
AH2-037,2021-11-11,Booth 12.47,,138.0,0.0,4.99,solar,PA,APS,Withdrawn,gen
AH2-038,2021-11-13,Weirton - Arroyo 25 kV,20090.0,25.0,72.0,10.75,solar,WV,APS,Withdrawn,gen
AH2-039,2021-11-13,Chesapeake - Paw Paw 23 kV,32311.0,23.0,76.28571428571428,5.5,solar,WV,APS,Withdrawn,gen
AH2-040,2021-11-13,William - Blackwater 69 kV,19521.0,69.0,92.0,11.5,solar,WV,APS,Withdrawn,gen
AH2-041,2021-11-13,Osage - Collins Ferry 23 kV,31743.0,23.0,92.0,18.89,solar,WV,APS,Withdrawn,gen
AH2-042,2021-11-13,Marlowe - North Martinsburg 34.5 kV,986.0,34.5,92.0,5.75,solar,WV,APS,Withdrawn,gen
AH2-043,2021-11-19,Cabin Creek 138 kV,891.0,138.0,100.0,200.0,hybrid,WV,AEP,Withdrawn,gen
AH2-044,2021-11-30,Clearfield 12.5 kV,15263.0,12.5,65.6842105263158,5.0,solar,PA,APS,Withdrawn,gen
AH2-045,2021-12-16,Kerr Dam - Buggs Island 115kV,33274.0,115.0,100.0,40.0,hybrid,VA,Dominion,Withdrawn,gen
AH2-046,2021-12-16,Kerr Dam - Buggs Island 115kV,33274.0,115.0,100.0,60.0,solar,VA,Dominion,Withdrawn,gen
AH2-047 5157311,2021-12-15,PJM-TVA,31685.0,138.0,57.14285714285714,495.0,other,,,Withdrawn,gen
AH2-048,2021-12-20,Bayview 69kV ,15445.0,69.0,75.0,20.0,storage,VA,ODEC,Withdrawn,battery
AH2-049,2021-12-20,Crisfield 69kV ,13134.0,69.0,100.0,20.0,storage,MD,DPL,Withdrawn,battery
AH2-050,2021-12-19,Tasley 69kV ,11630.0,69.0,100.0,20.0,storage,VA,ODEC,Withdrawn,battery
AH2-051,2021-12-20,Edge Moore 230kV,16792.0,230.0,88.88888888888889,200.0,storage,DE,DPL,Withdrawn,battery
AH2-052,2021-12-21,New Hope 12.47 kV,1838.0,47.0,83.81818181818181,1.98,solar,MD,DPL,Withdrawn,gen
AH2-053,2021-12-22,Mardela Springs 12.47 kV,13122.0,47.0,73.66666666666666,1.98,solar,MD,DPL,Withdrawn,gen
AH2-054,2021-12-21,Edgewood 12.47 kV I,12907.0,47.0,83.81818181818181,1.98,solar,MD,DPL,Withdrawn,gen
AH2-055,2021-12-22,TBD 69kV ,13110.0,69.0,57.14285714285714,0.99,solar,MD,DPL,Withdrawn,gen
AH2-056,2021-12-24,Chesterfield 230 kV II,33074.0,230.0,100.0,60.0,storage,VA,Dominion,Withdrawn,battery
AH2-057,2021-12-23,Scottsville - CVEC Delivery Point 46 kV,38703.0,46.0,92.0,74.9,solar,VA,AEP,Withdrawn,gen
AH2-058,2021-12-24,Possum Point 115 kV,7609.0,115.0,100.0,30.0,storage,VA,Dominion,Withdrawn,battery
AH2-059,2021-12-24,Possum Point 115 kV II,7609.0,115.0,100.0,30.0,storage,VA,Dominion,Withdrawn,battery
AH2-060,2021-12-24,Possum Point 230 kV,7609.0,230.0,100.0,55.0,storage,VA,Dominion,Withdrawn,battery
AH2-061,2021-12-23,Possum Point 230 kV II,7609.0,230.0,100.0,55.0,storage,VA,Dominion,Withdrawn,battery
AH2-062,2021-12-31,TBD 34kV ,36200.0,34.0,49.14285714285714,5.0,solar,PA,PECO,Withdrawn,gen
AH2-063,2021-12-30,North Ramsey 23 kV,38478.0,23.0,84.5,20.0,solar,PA,DL,Withdrawn,gen
AH2-064,2021-12-31,South Ramsey 23 kV,38478.0,23.0,84.5,10.0,solar,PA,DL,Withdrawn,gen
AH2-065,2021-12-31,TBD 69kV ,13110.0,69.0,57.14285714285714,1.992,solar,MD,DPL,Withdrawn,gen
AH2-066,2022-01-04,Jefferson 12.5 kV,29464.0,12.5,92.0,5.0,solar,PA,PENELEC,Withdrawn,gen
AH2-067,2022-01-12,Mount Rose 13 kV,42817.0,13.0,92.0,2.0,solar,IL,PSEG,Withdrawn,gen
AH2-068,2022-01-13,Pemberville - West End Fostoria 69 kV,32627.0,69.0,73.81818181818181,100.0,solar,OH,AEP,Withdrawn,gen
AH2-069,2022-01-13,JAckson Ferry - Progress Park 138 kV,39286.0,138.0,96.2962962962963,250.0,solar,VA,AEP,Withdrawn,gen
AH2-070,2022-01-19,Edgewood 12.47 kV II,12907.0,47.0,83.81818181818181,1.98,solar,MD,DPL,Withdrawn,gen
AH2-071,2022-01-19,Edgewood 12.47 kV III,12907.0,47.0,83.81818181818181,1.98,solar,MD,DPL,Withdrawn,gen
AH2-072,2022-01-21,Damascus 69 kV,12822.0,69.0,92.0,62.1,storage,VA,AEP,Withdrawn,battery
AH2-073,2022-01-22,Ashtabula County PV Project 2,4382.0,138.0,79.3103448275862,10.0,solar,OH,ATSI,Withdrawn,gen
AH2-074,2022-01-22,Ashtabula County PV Project 1,4382.0,138.0,79.3103448275862,10.0,solar,OH,ATSI,Withdrawn,gen
AH2-075,2022-01-21,Hampton VA 2,33138.0,138.0,87.5,29.12,storage,VA,Dominion,Withdrawn,battery
AH2-076,2022-01-26,Bonneyman - Softshell 138 kV,45242.0,138.0,66.66666666666667,52.5,hybrid,KY,AEP,Withdrawn,gen
AH2-077,2022-01-27,Indian River 230 kV,5008.0,230.0,74.35294117647058,150.0,storage,DE,DPL,Withdrawn,battery
AH2-078,2022-01-27,Dryburg - Chase City 230 kV,34568.0,230.0,67.0,99.67,solar,VA,Dominion,Withdrawn,gen
AH2-079,2022-01-28,,,138.0,0.0,69.0,solar,VA,Dominion,Withdrawn,gen
AH2-080,2022-01-28,Brunswick - Gasburg 69 kV,29513.0,69.0,92.0,52.65,solar,VA,Dominion,Withdrawn,gen
AH2-081,2022-01-27,Bentley Farms 69 kV,14589.0,69.0,56.515837104072396,35.5,solar,OH,Dayton,Withdrawn,gen
AH2-082,2022-01-27,New Holland - Washington Courthouse 69 kV,48481.0,69.0,88.0,33.25,solar,OH,Dayton,Withdrawn,gen
AH2-083,2022-01-27,Correctional,20914.0,138.0,66.66666666666667,140.0,storage,VA,Dominion,Withdrawn,battery
AH2-084,2022-01-28,Sowego,31668.0,138.0,90.0,125.0,storage,VA,Dominion,Withdrawn,battery
AH2-085,2022-01-28,Byron-Wayne 345 kV,20774.0,345.0,100.0,145.335,solar,IL,ComEd,Withdrawn,gen
AH2-086,2022-02-01,Byron – Wayne 345 kV,20774.0,345.0,100.0,600.0,storage,IL,ComEd,Withdrawn,battery
AH2-087,2022-01-31,Byron - Wayne 345 kV ,20774.0,345.0,100.0,600.0,storage,IL,ComEd,Withdrawn,battery
AH2-088,2022-02-01,Byron - Wayne 345 kV,20774.0,345.0,100.0,600.0,storage,IL,ComEd,Withdrawn,battery
AH2-089,2022-01-31,Nelson-Electric Junction 345 kV,20754.0,345.0,100.0,1200.0,storage,IL,ComEd,Withdrawn,battery
AH2-090,2022-01-31,Nelson-Electric Junction 345kV,20754.0,345.0,100.0,1200.0,storage,IL,ComEd,Withdrawn,battery
AH2-091,2022-01-31,Nelson-Electric Junction 345kV,20754.0,345.0,100.0,1200.0,storage,IL,ComEd,Withdrawn,battery
AH2-092,2022-02-01,Kidds Store-Sherwood 115 kV,6607.0,115.0,72.72727272727273,138.0,storage,VA,Dominion,Withdrawn,battery
AH2-093,2022-01-31,Jasper 69 kV,33754.0,69.0,92.0,32.0,hybrid,OH,Dayton,Withdrawn,gen
AH2-094,2022-01-31,Lakeville 12 kV II,12504.0,12.0,76.21052631578947,4.95,solar,PA,PPL,Withdrawn,gen
AH2-095,2022-01-31,Crawford 13.8 kV,5372.0,13.8,72.0,3.3,solar,PA,PENELEC,Withdrawn,gen
AH2-096,2022-02-01,West Cambridge - Airey 69 kV,13115.0,69.0,100.0,19.5,solar,MD,DPL,Withdrawn,gen
AH2-097,2022-01-31,,,138.0,0.0,14.0,solar,VA,Dominion,Withdrawn,gen
AH2-098,2022-02-01,,,138.0,0.0,7.0,solar,VA,Dominion,Withdrawn,gen
AH2-099,2022-01-31,,,138.0,0.0,3.0,solar,VA,Dominion,Withdrawn,gen
AH2-100,2022-01-31,Briery Substation 29.4kV,35693.0,29.4,64.72727272727273,20.0,solar,VA,Dominion,Withdrawn,gen
AH2-101,2022-01-31,Briery Substation 29.4kV,35693.0,29.4,64.72727272727273,5.0,solar,VA,Dominion,Withdrawn,gen
AH2-102,2022-01-31,Blaine - Roanoke 138 kV,31690.0,138.0,100.0,200.0,storage,VA,AEP,Withdrawn,battery
AH2-103,2022-02-01,Gans - South Union 138 kV,14284.0,138.0,100.0,200.0,storage,PA,APS,Withdrawn,battery
AH2-104,2022-02-04,Willis Mts- Farmville 115kV,47505.0,115.0,68.19047619047619,72.0,hybrid,VA,Dominion,Withdrawn,gen
AH2-105,2022-02-04,Merck 34.5 kV,53617.0,34.5,72.71428571428572,16.0,solar,VA,Dominion,Withdrawn,gen
AH2-106,2022-02-04,Wellsville 345 kV,14279.0,345.0,92.0,1210.0,gas,OH,ATSI,Withdrawn,gen
AH2-107,2022-02-12,Suffolk 115 kV,32305.0,115.0,100.0,69.0,storage,VA,Dominion,Withdrawn,battery
AH2-108,2022-02-11,Potter-Harlan 69 kV,15787.0,69.0,90.9090909090909,95.0,solar,PA,ATSI,Withdrawn,gen
AH2-109,2022-02-16,TBD 12.47kV ,,47.0,0.0,1.5,solar,NJ,AEC,Withdrawn,gen
AH2-110,2022-02-19,Wells - Harrington 69 kV,25125.0,69.0,100.0,5.0,solar,PA,DPL,Withdrawn,gen
AH2-111,2022-02-19,Hannibal 138 kV,36933.0,138.0,78.88888888888889,505.0,gas,OH,AEP,Withdrawn,gen
AH2-112,2022-02-22,Olive - Dumont 345 kV,32980.0,345.0,100.0,250.0,hybrid,IN,AEP,Withdrawn,gen
AH2-113,2022-02-22,Dresden – Pontiac Midpoint 345kV,38491.0,345.0,100.0,250.0,hybrid,IL,ComEd,Withdrawn,gen
AH2-114,2022-02-22,,,138.0,0.0,150.0,solar,IN,AEP,Withdrawn,gen
AH2-115,2022-02-23,Mansfield - Mainesburg 115 kV,14010.0,115.0,100.0,85.0,solar,PA,PENELEC,Withdrawn,gen
AH2-116,2022-02-23,Garman - Westover South 115 kV,13890.0,115.0,100.0,85.0,solar,PA,PENELEC,Withdrawn,gen
AH2-117,2022-02-23,Dorton - Henry Clay 46 kV,11586.0,46.0,92.0,30.0,solar,KY,AEP,Withdrawn,gen
AH2-118,2022-02-23,Ripley Switch – Grayton 69kV,36322.0,69.0,83.84615384615384,100.0,hybrid,MD,PEPCO,Withdrawn,gen
AH2-119,2022-02-25,Morgan Street - Titusville 34.5 kV,13325.0,34.5,92.0,15.0,solar,PA,PENELEC,Withdrawn,gen
AH2-120,2022-02-26,Garden Prairie 345 kV,4726.0,345.0,74.85714285714286,400.0,storage,IL,ComEd,Withdrawn,battery
AH2-121,2022-02-26,Garden Prairie 345 kV,4726.0,345.0,74.85714285714286,500.0,storage,IL,ComEd,Withdrawn,battery
AH2-122,2022-02-26,Nelson-Lee County 345 kV,20754.0,345.0,100.0,220.0,storage,IL,ComEd,Withdrawn,battery
AH2-123,2022-02-26,Nelson - Lee County 345 kV,20754.0,345.0,100.0,420.0,storage,IL,ComEd,Withdrawn,battery
AH2-124,2022-02-26,Nelson - Lee County 345 kV,20754.0,345.0,100.0,400.0,storage,IL,ComEd,Withdrawn,battery
AH2-125,2022-02-26,Kensington 138 kV,1731.0,138.0,92.0,200.0,storage,KY,ComEd,Withdrawn,battery
AH2-126,2022-02-25,Tidd 138 kV,36200.0,138.0,100.0,100.0,storage,OH,AEP,Withdrawn,battery
AH2-127,2022-02-25,Burlington 26 kV,19326.0,26.0,92.0,20.0,storage,NJ,PSEG,Withdrawn,battery
AH2-128,2022-02-28,Stone Solar 34.5 kV,11571.0,34.5,75.63636363636364,8.0,solar,PA,APS,Withdrawn,gen
AH2-129,2022-03-01,Piney - Timblin 115 kV,13354.0,115.0,100.0,52.0,solar,PA,APS,Withdrawn,gen
AH2-130,2022-02-28,Clark Co - Spencer Road 138 kV,4400.0,138.0,88.75,85.0,solar,KY,EKPC,Withdrawn,gen
AH2-131,2022-02-28,Bridgeport 230kV ,18980.0,230.0,100.0,225.0,storage,NJ,AEC,Withdrawn,battery
AH2-132,2022-03-01,Chambers 230kV ,19259.0,230.0,100.0,240.0,storage,NJ,AEC,Withdrawn,battery
AH2-133,2022-03-01,Fentress- Landstown 230kV,32308.0,230.0,100.0,300.0,storage,VA,Dominion,Withdrawn,battery
AH2-134,2022-03-01,TBD 34.5 kV,36200.0,34.5,49.14285714285714,4.95,solar,WV,DPL,Withdrawn,gen
AH2-135,2022-02-28,Harwood- McAdoo 69 kV,13294.0,69.0,92.0,50.0,solar,PA,PPL,Withdrawn,gen
AH2-136,2022-02-28,Dunnsville 345 kV,33191.0,345.0,92.0,20.0,solar,VA,Dominion,Withdrawn,gen
AH2-137,2022-02-28,Monroe - Coolwell 12.47 kV,13425.0,47.0,92.0,10.0,solar,VA,AEP,Withdrawn,gen
AH2-138,2022-02-28,Arrington Circuit 12.47 kV,33148.0,47.0,54.5,10.0,solar,VA,AEP,Withdrawn,gen
AH2-139,2022-02-28,,,138.0,0.0,50.0,storage,VA,Dominion,Withdrawn,battery
AH2-140,2022-02-28,,,138.0,0.0,50.0,storage,VA,Dominion,Withdrawn,battery
AH2-141,2022-02-28,,,138.0,0.0,50.0,storage,VA,Dominion,Withdrawn,battery
AH2-142,2022-02-28,,,138.0,0.0,50.0,storage,VA,Dominion,Withdrawn,battery
AH2-143,2022-02-28,,,138.0,0.0,50.0,storage,VA,Dominion,Withdrawn,battery
AH2-144,2022-02-28,Birchwood-NUG 230kV,32817.0,230.0,100.0,150.0,storage,VA,Dominion,Withdrawn,battery
AH2-145,2022-02-28,Birchwood-NUG 230kV,32817.0,230.0,100.0,52.3,storage,VA,Dominion,Withdrawn,battery
AH2-146,2022-02-28,Adams - Seaman 69 kV,29510.0,69.0,92.0,87.2,hybrid,OH,AEP,Withdrawn,gen
AH2-147,2022-03-01,Marysville - Sorenson 765 kV,38712.0,765.0,100.0,119.0,hybrid,OH,AEP,Withdrawn,gen
AH2-148,2022-02-28,East Lima - Marysville 345 kV,38941.0,345.0,100.0,152.0,hybrid,OH,AEP,Withdrawn,gen
AH2-149,2022-02-28,Stinger - Valley 138 kV,54961.0,138.0,75.33333333333334,150.0,hybrid,MI,AEP,Withdrawn,gen
AH2-150,2022-02-28,Carson-Suffolk 500 kV,33483.0,500.0,100.0,800.0,storage,VA,Dominion,Withdrawn,battery
AH2-151,2022-02-28,SedgeHill - Person 230kV,40189.0,230.0,86.11764705882352,195.0,hybrid,VA,Dominion,Withdrawn,gen
AH2-152,2022-03-01,Effort Mountain-Gilbert 138 kV IV,53594.0,138.0,100.0,90.0,hybrid,PA,PPL,Withdrawn,gen
AH2-153,2022-02-28,Eugene 345 kV,14309.0,345.0,100.0,180.0,hybrid,IN,AEP,Withdrawn,gen
AH2-154,2022-02-28,Eugene 345 kV,14309.0,345.0,100.0,150.0,hybrid,IN,AEP,Withdrawn,gen
AH2-155,2022-03-02,Lyons-Allen Jct 138 kV,13624.0,138.0,92.0,95.0,solar,OH,ATSI,Withdrawn,gen
AH2-156,2022-03-02,Buckeye P-Wakeman 69 kV,5180.0,69.0,70.26923076923077,40.0,solar,OH,ATSI,Withdrawn,gen
AH2-157,2022-03-02,Hooversville-Somerset 23 kV,32215.0,23.0,92.0,12.0,solar,PA,PENELEC,Withdrawn,gen
AH2-158,2022-03-02,Somerset-Hooversville 115 kV,7441.0,115.0,100.0,80.0,solar,PA,PENELEC,Withdrawn,gen
AH2-159,2022-03-02,Buckskin – Worley 69 kV,29965.0,69.0,71.42857142857143,49.0,solar,OH,AEP,Withdrawn,gen
AH2-160,2022-03-02,Buckskin – Worley 69 kV,29965.0,69.0,71.42857142857143,69.0,solar,OH,AEP,Withdrawn,gen
AH2-161,2022-03-04,Prospect 25 kV,30059.0,25.0,82.0,18.8,solar,PA,APS,Withdrawn,gen
AH2-162,2022-03-04,Northeast-CP Crane 115kV ,32041.0,115.0,100.0,200.0,storage,MD,BGE,Withdrawn,battery
AH2-163,2022-03-04,Kittanning - Rural Valley 25 kV,19240.0,25.0,62.0,49.8,solar,PA,APS,Withdrawn,gen
AH2-164,2022-03-04,Chatfield 69 kV,31728.0,69.0,86.11764705882352,85.0,solar,OH,AEP,Withdrawn,gen
AH2-165,2022-03-08,Fayette - Lyons 138 kV,29628.0,138.0,87.5,80.0,solar,OH,ATSI,Withdrawn,gen
AH2-166,2022-03-08,Lyons 138 kV,13624.0,138.0,92.0,45.0,solar,OH,ATSI,Withdrawn,gen
AH2-167,2022-03-05,Campbell Tap-McDowell 69 kV,31716.0,69.0,82.0,6.6,other,PA,ATSI,Withdrawn,gen
AH2-168,2022-03-08,Beatty - MT Hope 345 kV,56827.0,345.0,100.0,185.0,solar,OH,ATSI,Withdrawn,gen
AH2-169,2022-03-08,Thornville - Pleasantville 69 kV,43949.0,69.0,100.0,80.0,solar,OH,AEP,Withdrawn,gen
AH2-170,2022-03-07,Byron 345,20774.0,138.0,86.66666666666667,140.0,solar,IL,ComEd,Withdrawn,gen
AH2-171,2022-03-07,Davis Creek 345 kV,20769.0,345.0,100.0,200.0,solar,IL,ComEd,Withdrawn,gen
AH2-172,2022-03-07,Wilton 345 kV,14129.0,345.0,100.0,200.0,solar,IL,ComEd,Withdrawn,gen
AH2-173,2022-03-07,Maryland 138 kV,15736.0,138.0,92.0,150.0,solar,IL,ComEd,Withdrawn,gen
AH2-174,2022-03-09,PA- Fort Hill 12.47 kV,,47.0,0.0,2.0,hybrid,OH,APS,Withdrawn,gen
AH2-175,2022-03-09,Montgomery 12 kV,31497.0,12.0,92.0,3.0,hybrid,,PPL,Withdrawn,gen
AH2-176,2022-03-08,Hughesville 12 kV,13684.0,12.0,92.0,3.0,hybrid,,PPL,Withdrawn,gen
AH2-177,2022-03-08,Hamlin 12 kV,16270.0,12.0,92.0,3.0,hybrid,,PPL,Withdrawn,gen
AH2-178,2022-03-08,Trexlertown 12 kV,13546.0,12.0,92.0,2.0,hybrid,,PPL,Withdrawn,gen
AH2-179,2022-03-08,Millville 12 kV,982.0,12.0,92.0,5.0,hybrid,,PPL,Withdrawn,gen
AH2-180,2022-03-08,Rohrsburg 12 kV,14097.0,12.0,68.19047619047619,3.0,hybrid,,PPL,Withdrawn,gen
AH2-181,2022-03-08,PA-Schwoyer 13.2 kV,,13.2,0.0,3.0,hybrid,PA,ME,Withdrawn,gen
AH2-182,2022-03-07,PA-Oknefski 12.47 kV,,47.0,0.0,3.0,hybrid,VA,APS,Withdrawn,gen
AH2-183,2022-03-08,PA-Montmorenci 12.47 kV,,47.0,0.0,3.0,hybrid,IL,APS,Withdrawn,gen
AH2-184,2022-03-07,PA- Shadeland 13 kV,,13.0,0.0,2.0,hybrid,PA,PENELEC,Withdrawn,gen
AH2-185,2022-03-07,PA-Beaver 13.2 kV,,13.2,0.0,2.0,solar,PA,PENELEC,Withdrawn,gen
AH2-186,2022-03-09,Enfield 12kV,6385.0,12.0,74.35294117647058,20.0,solar,VA,Dominion,Withdrawn,gen
AH2-187,2022-03-09,Burma – Seminole Road Junction 25 kV,14012.0,25.0,92.0,20.0,solar,PA,APS,Withdrawn,gen
AH2-188,2022-03-09,Youst Solar,19261.0,138.0,72.0,35.0,solar,PA,PENELEC,Withdrawn,gen
AH2-189,2022-03-09,Fearnley Solar 34.5 kV,3185.0,34.5,58.66666666666667,12.0,solar,PA,PENELEC,Withdrawn,gen
AH2-190,2022-03-09,Higgins Run Solar,20102.0,138.0,56.25,12.0,solar,PA,PENELEC,Withdrawn,gen
AH2-191,2022-03-08,Hopkins 138 kV,939.0,138.0,100.0,95.0,hybrid,WV,AEP,Withdrawn,gen
AH2-192,2022-03-08,Wharton 138 kV,16045.0,138.0,100.0,95.0,hybrid,WV,AEP,Withdrawn,gen
AH2-193,2022-03-08,Pax Branch 138 kV,45633.0,138.0,100.0,70.0,hybrid,WV,AEP,Withdrawn,gen
AH2-194,2022-03-09,Bergen 138kV,19042.0,138.0,100.0,736.0,gas,NJ,PSEG,Withdrawn,gen
AH2-195,2022-03-08,Seward-Glory 115 kV,32944.0,115.0,100.0,65.0,solar,PA,PENELEC,Withdrawn,gen
AH2-196,2022-03-08,,,138.0,0.0,1600.0,wind,NJ,JCPL,Withdrawn,gen
AH2-197,2022-03-08,North Huntley - Pleasant Valley 138 kV,30345.0,138.0,93.33333333333333,50.0,hybrid,IL,ComEd,Withdrawn,gen
AH2-198,2022-03-08,Mt. Hermon 69 kV,13120.0,69.0,100.0,74.715,solar,MD,DPL,Withdrawn,gen
AH2-199,2022-03-08,Shorewood 138 kV,918.0,138.0,82.35294117647058,51.7,hybrid,IL,ComEd,Withdrawn,gen
AH2-200,2022-03-09,TBD 12kV ,36200.0,12.0,49.14285714285714,3.0,hybrid,NJ,AEC,Withdrawn,gen
AH2-201,2022-03-09,TBD 12kV ,36200.0,12.0,49.14285714285714,5.0,hybrid,NJ,AEC,Withdrawn,gen
AH2-202,2022-03-09,Hunterdon 34.5 kV,12598.0,34.5,76.21052631578947,5.0,hybrid,NJ,JCPL,Withdrawn,gen
AH2-204,2022-03-09,Lancaster 138 kV,7447.0,138.0,92.0,170.0,storage,IL,ComEd,Withdrawn,battery
AH2-205,2022-03-09,I.C. Air Rights 12.5 kV,34351.0,12.5,51.25925925925925,10.0,storage,IL,ComEd,Withdrawn,battery
AH2-206,2022-03-09,I.C. Air Rights 12.5 kV,34351.0,12.5,51.25925925925925,10.0,storage,IL,ComEd,Withdrawn,battery
AH2-207,2022-03-09,Hopkins 138 kV,939.0,138.0,100.0,85.0,hybrid,WV,AEP,Withdrawn,gen
AH2-208,2022-03-09,,,138.0,0.0,45.0,hybrid,VA,Dominion,Withdrawn,gen
AH2-209,2022-03-09,Cabin Creek 138 kV,891.0,138.0,100.0,95.0,hybrid,WV,AEP,Withdrawn,gen
AH2-210,2022-03-09,Stillwell - Dumont 345 kV,34540.0,345.0,58.66666666666667,78.0,hybrid,IN,AEP,Withdrawn,gen
AH2-211,2022-03-09,Olive - Dumont 345 kV,32980.0,345.0,100.0,110.0,hybrid,IN,AEP,Withdrawn,gen
AH2-212,2022-03-09,Cardington 138 kV,29437.0,138.0,80.0,115.0,solar,OH,ATSI,Withdrawn,gen
AH2-213,2022-03-09,London 138 kV,4534.0,138.0,100.0,140.0,solar,IN,ATSI,Withdrawn,gen
AH2-214,2022-03-09,,,138.0,0.0,100.0,solar,OH,AEP,Withdrawn,gen
AH2-215,2022-03-09,Midway 138 kV,12445.0,138.0,100.0,200.0,solar,OH,ATSI,Withdrawn,gen
AH2-216,2022-03-09,,,138.0,0.0,200.0,solar,OH,Dayton,Withdrawn,gen
AH2-217,2022-03-09,Cardington 138 kV II,29437.0,138.0,80.0,100.0,storage,OH,ATSI,Withdrawn,battery
AH2-218,2022-03-09,London 138 kV II,4534.0,138.0,100.0,100.0,storage,OH,ATSI,Withdrawn,battery
AH2-219,2022-03-09,,,138.0,0.0,100.0,storage,OH,AEP,Withdrawn,battery
AH2-220,2022-03-09,Midway 138 kV,12445.0,138.0,100.0,100.0,storage,OH,ATSI,Withdrawn,battery
AH2-221,2022-03-09,,,138.0,0.0,100.0,storage,OH,Dayton,Withdrawn,battery
AH2-222,2022-03-09,Millersburg 69 kV,32758.0,69.0,100.0,60.0,solar,KY,EKPC,Withdrawn,gen
AH2-223,2022-03-09,Bluff Point 138 kV,13779.0,138.0,80.9090909090909,50.0,solar,IN,AEP,Withdrawn,gen
AH2-224,2022-03-09,Millersburg 69 kV,32758.0,69.0,100.0,50.0,storage,KY,EKPC,Withdrawn,battery
AH2-225,2022-03-09,Southampton- Handsom 115kV,44795.0,115.0,77.71428571428572,125.0,storage,VA,Dominion,Withdrawn,battery
AH2-226,2022-03-09,Clubhouse- Purdy 115kV,33432.0,115.0,100.0,175.0,storage,VA,Dominion,Withdrawn,battery
AH2-227,2022-03-09,Bluff Point 138 kV,13779.0,138.0,80.9090909090909,75.0,storage,IN,AEP,Withdrawn,battery
AH2-228,2022-03-09,Circleville 138 kV,5203.0,138.0,100.0,150.0,storage,OH,AEP,Withdrawn,battery
AH2-229,2022-03-09,Bedforth North 115 kV,15166.0,115.0,70.58823529411764,50.0,storage,PA,PENELEC,Withdrawn,battery
AH2-230,2022-03-09,Gardners 115 kV,13245.0,115.0,100.0,75.0,storage,PA,ME,Withdrawn,battery
AH2-231,2022-03-09,,,138.0,0.0,125.0,storage,PA,APS,Withdrawn,battery
AH2-232,2022-03-09,,,138.0,0.0,25.0,storage,VA,Dominion,Withdrawn,battery
AH2-233,2022-03-09,Olive - Reynolds 345 kV,32980.0,345.0,100.0,100.0,storage,IN,AEP,Withdrawn,battery
AH2-234,2022-03-09,W Dekalb 138 kV ,16019.0,138.0,73.75,100.0,storage,IL,ComEd,Withdrawn,battery
AH2-235,2022-03-09,Orrtana 115 kV,15245.0,115.0,93.33333333333333,125.0,storage,PA,ME,Withdrawn,battery
AH2-236,2022-03-09,McDowell 138 kV,13358.0,138.0,100.0,100.0,storage,PA,ATSI,Withdrawn,battery
AH2-237,2022-03-09,Adams 138 kV,29510.0,138.0,92.0,125.0,solar,IN,AEP,Withdrawn,gen
AH2-238,2022-03-10,Clubhouse- Purdy 115kV,33432.0,115.0,100.0,100.0,storage,VA,Dominion,Withdrawn,battery
AH2-239,2022-03-10,Trumbull138 kV,23138.0,138.0,66.66666666666667,49.0,hybrid,OH,ATSI,Withdrawn,gen
AH2-240,2022-03-10,Oceanview 230 kV,26784.0,230.0,100.0,1493.0,wind,NJ,JCPL,Withdrawn,gen
AH2-241,2022-03-10,Loudoun 115kV,33339.0,115.0,92.3076923076923,45.0,storage,VA,Dominion,Withdrawn,battery
AH2-242,2022-03-09,Crown - New Lebanon 69 kV,12956.0,69.0,80.0,45.0,hybrid,OH,Dayton,Withdrawn,gen
AH2-243,2022-03-09,South Summitville 69 kV,45649.0,69.0,100.0,43.0,solar,IN,AEP,Withdrawn,gen
AH2-244,2022-03-09,Swickley - Ambridge 23 kV,13309.0,23.0,86.11764705882352,25.0,storage,PA,DL,Withdrawn,battery
AH2-245,2022-03-09,Swickley - Ambridge 23 kV,13309.0,23.0,86.11764705882352,25.0,storage,PA,DL,Withdrawn,battery
AH2-246,2022-03-09,Polyester S/S 230kV,33098.0,230.0,95.65217391304348,100.0,storage,VA,Dominion,Withdrawn,battery
AH2-247,2022-03-09,Krayn 115 kV,38508.0,115.0,61.53846153846154,158.2836,wind,PA,PENELEC,Withdrawn,gen
AH2-248,2022-03-09,Carrolltown 46 kV ,799.0,46.0,87.23809523809523,113.2592,wind,PA,PENELEC,Withdrawn,gen
AH2-249,2022-03-09,Busseyville 138 kV,11362.0,138.0,100.0,150.0,solar,KY,AEP,Withdrawn,gen
AH2-250,2022-03-10,TBD 13.2 kV,36200.0,13.2,49.14285714285714,9.25,solar,PA,PECO,Withdrawn,gen
AH2-251,2022-03-11,PA- Shorb Mill 13 kV,,13.0,0.0,2.0,hybrid,VA,ME,Withdrawn,gen
AH2-252,2022-03-10,Middleburg 12 kV,33151.0,12.0,92.0,2.0,hybrid,,PPL,Withdrawn,gen
AH2-253,2022-03-10,Beaver Valley - Crescent 138 kV,13476.0,138.0,100.0,70.0,hybrid,PA,DL,Withdrawn,gen
AH2-254,2022-03-09,,,138.0,0.0,5.0,hybrid,NJ,PSEG,Withdrawn,gen
AH2-255,2022-03-09,,,138.0,0.0,70.0,hybrid,WV,APS,Withdrawn,gen
AH2-256,2022-03-09,Wheelabrator Frackville-Gilberton 69 kV II,15354.0,69.0,93.0,50.0,hybrid,PA,PPL,Withdrawn,gen
AH2-257,2022-03-09,Dequine - Eugene 345 kV,39168.0,345.0,100.0,400.0,solar,IN,AEP,Withdrawn,gen
AH2-258,2022-03-09,Plano 345 kV,20765.0,345.0,100.0,172.0,hybrid,IL,ComEd,Withdrawn,gen
AH2-259,2022-03-09,Plano 345 kV,20765.0,345.0,100.0,172.0,storage,IL,ComEd,Withdrawn,battery
AH2-260,2022-03-09,Garrett - Albright 138 kV,11596.0,138.0,92.0,70.0,solar,WV,APS,Withdrawn,gen
AH2-261,2022-03-10,Garrett - Albright 138 kV,11596.0,138.0,92.0,98.0,storage,WV,APS,Withdrawn,battery
AH2-262,2022-03-10,Catoctin-Carroll 138 kV,12801.0,138.0,100.0,17.0,hybrid,MD,APS,Withdrawn,gen
AH2-263,2022-03-09,Marion Co - Marion Co industrial  161 kV,14372.0,161.0,90.0,63.6,solar,KY,EKPC,Withdrawn,gen
AH2-264,2022-03-09,Logtown - North Delphos 138 kV,12825.0,138.0,70.58823529411764,115.0,solar,OH,AEP,Withdrawn,gen
AH2-265,2022-03-09,Oak Grove - Hawkins Gate 230kV ,31454.0,230.0,100.0,200.0,storage,MD,PEPCO,Withdrawn,battery
AH2-266,2022-03-10,Hughesville-Cedarville 69kV ,13684.0,69.0,100.0,25.0,solar,MD,SMECO,Withdrawn,gen
AH2-267,2022-03-09,Modera - BioEnergy Tap 115 kV,21954.0,115.0,83.33333333333334,100.0,hybrid,PA,PENELEC,Withdrawn,gen
AH2-268,2022-03-10,Sapony 34.5 kV,33449.0,34.5,92.0,37.0,hybrid,VA,Dominion,Withdrawn,gen
AH2-269,2022-03-10,Lakewood 230 kV,5856.0,230.0,100.0,100.0,storage,NJ,JCPL,Withdrawn,battery
AH2-269A,2022-03-10,Burches Hill-Chalk Point 500kV,31456.0,500.0,100.0,845.0,gas,MD,PEPCO,Withdrawn,gen
AH2-270,2022-03-10,Garden Plain 138 kV,4726.0,138.0,85.0,300.0,wind,IL,ComEd,Withdrawn,gen
AH2-271,2022-03-10,Central VA- Chase City 115kV,16072.0,115.0,85.71428571428572,150.0,solar,VA,Dominion,Withdrawn,gen
AH2-272,2022-03-10,Central VA- Chase City 115kV,16072.0,115.0,85.71428571428572,100.0,storage,VA,Dominion,Withdrawn,battery
AH2-273,2022-03-11,Eagle Road 138 kV,18325.0,138.0,88.75,150.0,solar,OH,Dayton,Withdrawn,gen
AH2-274,2022-03-11,Eagle Road 138 kV,18325.0,138.0,88.75,100.0,storage,OH,Dayton,Withdrawn,battery
AH2-275,2022-03-10,Carrollton Solar 138 kV,799.0,138.0,88.75,100.0,solar,OH,ATSI,Withdrawn,gen
AH2-276,2022-03-10,Second Fork 69 kV,11580.0,69.0,100.0,40.0,hybrid,KY,AEP,Withdrawn,gen
AH2-277,2022-03-10,Hurley 69 kV,7937.0,69.0,100.0,60.0,hybrid,VA,AEP,Withdrawn,gen
AH2-278,2022-03-10,Cabin Creek 138 kV,891.0,138.0,100.0,100.0,storage,WV,AEP,Withdrawn,battery
AH2-279,2022-03-10,Whiteley 138 kV,12928.0,138.0,74.35294117647058,150.0,storage,PA,APS,Withdrawn,battery
AH2-280,2022-03-11,Noblesville - Fall Creek 345 kV,38398.0,345.0,100.0,120.0,solar,IN,AEP,Withdrawn,gen
AH2-281,2022-03-10,Trego 34.5 kV,48094.0,34.5,64.72727272727273,26.0,solar,VA,Dominion,Withdrawn,gen
AH2-282,2022-03-10,Burnworth 138 kV,12029.0,138.0,62.5,75.0,hybrid,IN,AEP,Withdrawn,gen
AH2-283,2022-03-10,,,138.0,0.0,50.0,storage,OH,AEP,Withdrawn,battery
AH2-284,2022-03-10,Adams 138 kV,29510.0,138.0,92.0,49.9,hybrid,OH,AEP,Withdrawn,gen
AH2-285,2022-03-11,,,138.0,0.0,1400.0,wind,NJ,JCPL,Withdrawn,gen
AH2-286,2022-03-11,,,138.0,0.0,1400.0,wind,NJ,PSEG,Withdrawn,gen
AH2-287,2022-03-10,,,138.0,0.0,600.0,wind,NJ,JCPL,Withdrawn,gen
AH2-288,2022-03-10,Napoleon Muni 138 kV,24806.0,138.0,56.516129032258064,206.0,storage,OH,AMPT,Withdrawn,battery
AH2-289,2022-03-10,East Fayette 138 kV II,39146.0,138.0,80.0,199.0,storage,OH,ATSI,Withdrawn,battery
AH2-290,2022-03-10,Sandwich 138 kV,29404.0,138.0,66.66666666666667,86.0,storage,IL,ComEd,Withdrawn,battery
AH2-291,2022-03-10,Rawlings-Clover 500kV,22498.0,500.0,72.0,150.0,storage,VA,Dominion,Withdrawn,battery
AH2-292,2022-03-10,Bear Rock 230 kV,29936.0,230.0,76.19047619047619,76.95,wind,PA,PENELEC,Withdrawn,gen
AH2-293,2022-03-11,Gilbert - Morris Park 115 kV,18984.0,115.0,100.0,50.0,hybrid,NJ,JCPL,Withdrawn,gen
AH2-294,2022-03-11,Mazon Blue - Lasalle 138 kV,38481.0,138.0,72.0,150.0,solar,IL,ComEd,Withdrawn,gen
AH2-295,2022-03-10,Emerald 25 kV,53022.0,25.0,63.42857142857143,40.0,solar,PA,APS,Withdrawn,gen
AH2-296,2022-03-10,,,138.0,0.0,,solar,IL,PSEG,Withdrawn,gen
AH2-297,2022-03-10,,,138.0,0.0,,solar,VA,PSEG,Withdrawn,gen
AH2-298,2022-03-10,,,138.0,0.0,,solar,VA,PSEG,Withdrawn,gen
AH2-299,2022-03-10,,,138.0,0.0,,solar,VA,PSEG,Withdrawn,gen
AH2-300,2022-03-10,,,138.0,0.0,,solar,VA,PSEG,Withdrawn,gen
AH2-301,2022-03-10,,,138.0,0.0,,solar,VA,PSEG,Withdrawn,gen
AH2-302,2022-03-10,,,138.0,0.0,,solar,VA,PSEG,Withdrawn,gen
AH2-303,2022-03-10,,,138.0,0.0,,solar,VA,PSEG,Withdrawn,gen
AH2-304,2022-03-10,,,138.0,0.0,,solar,VA,PSEG,Withdrawn,gen
AH2-305,2022-03-10,,,138.0,0.0,,solar,VA,PSEG,Withdrawn,gen
AH2-306,2022-03-10,,,138.0,0.0,,solar,VA,PSEG,Withdrawn,gen
AH2-307,2022-03-10,,,138.0,0.0,,solar,VA,PSEG,Withdrawn,gen
AH2-308,2022-03-10,,,138.0,0.0,,solar,VA,PSEG,Withdrawn,gen
AH2-309,2022-03-10,,,138.0,0.0,,solar,VA,PSEG,Withdrawn,gen
AH2-310,2022-03-10,,,138.0,0.0,,solar,VA,PSEG,Withdrawn,gen
AH2-311,2022-03-10,,,138.0,0.0,,solar,IL,PSEG,Withdrawn,gen
AH2-312,2022-03-10,,,138.0,0.0,,solar,IL,PSEG,Withdrawn,gen
AH2-313,2022-03-10,,,138.0,0.0,,solar,IL,PSEG,Withdrawn,gen
AH2-314,2022-03-10,,,138.0,0.0,,solar,IL,PSEG,Withdrawn,gen
AH2-315,2022-03-10,,,138.0,0.0,,solar,IL,PSEG,Withdrawn,gen
AH2-316,2022-03-10,Somerset 23 kV,7415.0,23.0,92.0,5.0,solar,PA,PENELEC,Withdrawn,gen
AH2-317,2022-03-10,Fredericksburg - North Lebanon 13.2 kV,31618.0,13.2,92.0,10.0,solar,PA,ME,Withdrawn,gen
AH2-318,2022-03-10,Corry East 34.5 kV,13326.0,34.5,92.0,10.0,solar,PA,PENELEC,Withdrawn,gen
AH2-319,2022-03-10,Milan 34.5 kV,21671.0,34.5,92.0,7.5,solar,PA,PENELEC,Withdrawn,gen
AH2-320,2022-03-10,Revloc 34.5 kV,15080.0,34.5,54.5,10.0,solar,PA,PENELEC,Withdrawn,gen
AH2-321,2022-03-10,Cooper 34.5 kV,1417.0,34.5,92.0,5.0,solar,PA,ME,Withdrawn,gen
AH2-322,2022-03-11,East Danville-Smith Mountain 138 kV ,5697.0,138.0,100.0,290.0,solar,VA,AEP,Withdrawn,gen
AH2-330,2022-03-11,Fentress- Landstown 230kV,32308.0,230.0,100.0,400.0,storage,VA,Dominion,Withdrawn,battery
AH2-331,2022-03-10,North Delphos - Logtown 138 kV,5058.0,138.0,100.0,100.0,hybrid,OH,AEP,Withdrawn,gen
AH2-332,2022-03-10,Talbert 230kV ,31455.0,230.0,89.0909090909091,115.0,storage,MD,PEPCO,Withdrawn,battery
AH2-333,2022-03-11,Orchard 230kV,19254.0,230.0,92.0,415.0,storage,NJ,AEC,Withdrawn,battery
AH2-334,2022-03-10,New Freedom 230 kV,29542.0,230.0,100.0,300.0,storage,NJ,PSEG,Withdrawn,battery
AH2-335,2022-03-10,Roundtop 115 kV,13927.0,115.0,100.0,130.0,storage,PA,ME,Withdrawn,battery
AH2-336,2022-03-10,Kenney - Mt Olive 69 kV,13129.0,69.0,100.0,70.0,hybrid,MD,DPL,Withdrawn,gen
AH2-337,2022-03-10,Talbot 69 kV,13104.0,69.0,85.71428571428572,100.0,hybrid,MD,DPL,Withdrawn,gen
AH2-338,2022-03-10,Wempletown 138 kV,20819.0,138.0,100.0,160.0,solar,IL,ComEd,Withdrawn,gen
AH2-339,2022-03-10,Wempletown 138 kV,20819.0,138.0,100.0,160.0,storage,IL,ComEd,Withdrawn,battery
AH2-340,2022-03-10,Toulon 138kV,26861.0,138.0,66.66666666666667,350.0,solar,IL,ComEd,Withdrawn,gen
AH2-341,2022-03-10,Toulon 138 kV,26861.0,138.0,66.66666666666667,350.0,storage,IL,ComEd,Withdrawn,battery
AH2-342,2022-03-10,Edwards - Kewanee East 138kV,12083.0,138.0,100.0,280.0,solar,IL,ComEd,Withdrawn,gen
AH2-343,2022-03-10,Edwards - Kewanee East 138kV,12083.0,138.0,100.0,280.0,storage,IL,ComEd,Withdrawn,battery
AH2-344,2022-03-10,La Rue 138 kV,33915.0,138.0,60.0,94.5,hybrid,OH,AEP,Withdrawn,gen
AH2-345,2022-03-10,Wellington 138 kV,13747.0,138.0,76.28571428571428,120.0,solar,OH,ATSI,Withdrawn,gen
AH2-346,2022-03-10,East Arlington 69 kV,39992.0,69.0,94.54545454545455,47.5,hybrid,OH,AEP,Withdrawn,gen
AH2-347,2022-03-10,Northern St. Joseph 138 kV,33192.0,138.0,67.85714285714286,200.0,storage,IN,AEP,Withdrawn,battery
AH2-348,2022-03-10,Jefferson - Rockport 765 kV,32562.0,765.0,100.0,700.0,solar,IN,AEP,Withdrawn,gen
AH2-349,2022-03-10,Sedge Hill- Person 230kV,13372.0,230.0,69.5,142.0,solar,VA,Dominion,Withdrawn,gen
AH2-350,2022-03-10,Cartersville 230kV,32774.0,230.0,92.0,150.0,solar,VA,Dominion,Withdrawn,gen
AH2-351,2022-03-10,Jefferson - Hanging Rock 765 kV,32562.0,765.0,100.0,1000.0,solar,KY,AEP,Withdrawn,gen
AH2-352,2022-03-10,Fall Creek 345 kV,36333.0,345.0,100.0,400.0,solar,IN,AEP,Withdrawn,gen
AH2-353,2022-03-10,Jefferson - Hanging Rock 765 kV,32562.0,765.0,100.0,1000.0,solar,KY,AEP,Withdrawn,gen
AH2-354,2022-03-10,Bishopville - Worcester 138 kV,16035.0,138.0,75.0,30.0,solar,MD,DPL,Withdrawn,gen
AH2-355,2022-03-10,Emlenton - Clark Summit 34.5 kV,20819.0,34.5,69.77777777777779,7.5,solar,PA,PENELEC,Withdrawn,gen
AH2-356,2022-03-10,Brookeville 34.5 kV,13717.0,34.5,87.23809523809523,10.0,solar,PA,PENELEC,Withdrawn,gen
AH2-357,2022-03-10,Crown - Piney 34.5 kV,12956.0,34.5,72.0,10.0,solar,PA,PENELEC,Withdrawn,gen
AH2-359,2022-03-10,Rockwood 23kV,14226.0,23.0,92.0,5.0,solar,PA,PENELEC,Withdrawn,gen
AH2-360,2022-03-10,Scalp Level 23 kV,13235.0,23.0,92.0,10.0,solar,PA,PENELEC,Withdrawn,gen
AH2-361,2022-03-10,Scottdale - Iron Bridge 13.2 kV ,32014.0,13.2,63.42857142857143,5.0,solar,PA,APS,Withdrawn,gen
AH2-362,2022-03-10,Guilford - Upton 13 kV,14094.0,13.0,92.0,5.0,solar,PA,APS,Withdrawn,gen
AH2-363,2022-03-10,Davis Creek - Bloom 345 kV,20769.0,345.0,100.0,200.0,hybrid,IL,ComEd,Withdrawn,gen
AH2-364,2022-03-10,,,138.0,0.0,75.0,solar,PA,ME,Withdrawn,gen
AH2-365,2022-03-10,Easton - Steele 138 kV IV,13101.0,138.0,100.0,79.0,solar,MD,DPL,Withdrawn,gen
AH2-366,2022-03-10,Carville 138 kV V,33772.0,138.0,94.11764705882352,89.0,solar,MD,DPL,Withdrawn,gen
AH2-367,2022-03-10,,,138.0,0.0,70.0,solar,PA,ME,Withdrawn,gen
AH2-368,2022-03-10,,,138.0,0.0,75.0,solar,WV,AEP,Withdrawn,gen
AH2-369,2022-03-11,Nuttall 138 kV,36377.0,138.0,58.66666666666667,200.0,solar,WV,AEP,Withdrawn,gen
AH2-370,2022-03-10,Church - Oil City 138 kV III,12913.0,138.0,100.0,112.0,solar,MD,DPL,Withdrawn,gen
AH2-371,2022-03-10,Jay 138 kV,13835.0,138.0,100.0,150.0,storage,IN,AEP,Withdrawn,battery
AH2-372,2022-03-10,Corbin – Cresent Ridge 138kV,31684.0,138.0,66.66666666666667,302.0,storage,IL,ComEd,Withdrawn,battery
AH2-373,2022-03-10,Blossom Trail 138 kV,14536.0,138.0,56.516129032258064,180.0,hybrid,MI,AEP,Withdrawn,gen
AH2-374,2022-03-10,Milliron - Brookside 138 kV II,16015.0,138.0,75.0,252.31,storage,OH,ATSI,Withdrawn,battery
AH2-375,2022-03-10,Lena- Landcaster 138kV,31785.0,138.0,72.0,318.0,storage,IL,ComEd,Withdrawn,battery
AH2-376,2022-03-10,Garden Plain 138 kV,4726.0,138.0,85.0,365.1,storage,IL,ComEd,Withdrawn,battery
AH2-377,2022-03-10,Pontiac Midpoint – Dresden 345 kV,13202.0,345.0,100.0,450.0,storage,IL,ComEd,Withdrawn,battery
AH2-378,2022-03-10,Appomattox ESC,12175.0,138.0,60.86956521739131,100.0,storage,VA,Dominion,Withdrawn,battery
AH2-378A,2022-03-10,Monroe 138kV ,13425.0,138.0,100.0,200.0,storage,NJ,AEC,Withdrawn,battery
AH2-379,2022-03-10,Sign Post - Stockton 69 kV,14671.0,69.0,83.33333333333333,28.3,solar,MD,DPL,Withdrawn,gen
AH2-380,2022-03-10,Matteson - East Frankfort 138 kV,38468.0,138.0,100.0,44.0,hybrid,IL,ComEd,Withdrawn,gen
AH2-381,2022-03-11,North Lebanon - Annville 69 kV,13611.0,69.0,92.0,15.3,solar,PA,ME,Withdrawn,gen
AH2-382,2022-03-11,Wythe – Mount Airy 138 kV,7960.0,138.0,100.0,75.0,hybrid,VA,AEP,Withdrawn,gen
AH2-383,2022-03-11,Goddard - Flemingsburg 138 kV,14638.0,138.0,63.42857142857143,70.0,hybrid,KY,EKPC,Withdrawn,gen
AH2-384,2022-03-10,Everetts 34.5kV,3203.0,34.5,92.0,25.0,hybrid,NC,Dominion,Withdrawn,gen
AH2-385,2022-03-10, Chinquapin-Everetts 230kV,14626.0,230.0,66.66666666666667,80.0,storage,NC,Dominion,Withdrawn,battery
AH2-386,2022-03-10,North Franklin 138 kV,32558.0,138.0,94.0,191.5,wind,WV,APS,Withdrawn,gen
AH2-387,2022-03-10,Long Carolyn PV 34.5 kV,32827.0,34.5,61.230769230769226,9.99,solar,PA,PENELEC,Withdrawn,gen
AH2-388,2022-03-10,Long Carolyn 34.5 kV,32827.0,34.5,70.26086956521739,9.99,storage,PA,PENELEC,Withdrawn,battery
AH2-389,2022-03-10,Devlin 69 kV,15473.0,69.0,72.72727272727273,6.0,solar,PA,ATSI,Withdrawn,gen
AH2-390,2022-03-10,Devlin Storage 69 kV,15646.0,69.0,60.0,6.0,storage,PA,ATSI,Withdrawn,battery
AH2-391,2022-03-10,Pomerico 69 kV,18959.0,69.0,63.42857142857143,7.0,solar,PA,ATSI,Withdrawn,gen
AH2-392,2022-03-10,Pomerico 69 kV II,18959.0,69.0,63.42857142857143,7.0,storage,PA,ATSI,Withdrawn,battery
AH2-393,2022-03-10,Nowacoski 34.5 kV,,34.5,0.0,8.0,solar,PA,PENELEC,Withdrawn,gen
AH2-394,2022-03-10,Walters Karl 69 kV,36223.0,69.0,87.5,6.3,solar,PA,ATSI,Withdrawn,gen
AH2-395,2022-03-10,Walters Karl 69 kV II,36223.0,69.0,87.5,6.3,storage,PA,ATSI,Withdrawn,battery
AH2-396,2022-03-10,Nowacoski 34.5 kV II,,34.5,0.0,8.0,storage,PA,PENELEC,Withdrawn,battery
AH2-397,2022-03-10,Somerset 115 kV,7441.0,115.0,100.0,200.0,solar,PA,PENELEC,Withdrawn,gen
AH2-398,2022-03-10,Four Rivers- St. Johns 230kV,33127.0,230.0,100.0,80.0,solar,VA,Dominion,Withdrawn,gen
AH2-399,2022-03-10,TBD 34.5kV,36200.0,34.5,49.14285714285714,20.0,solar,VA,Dominion,Withdrawn,gen
AH2-400,2022-03-10,TBD 34.5kV,36200.0,34.5,49.14285714285714,20.0,solar,VA,Dominion,Withdrawn,gen
AH2-401,2022-03-10,Dubois 34.5 kV,14004.0,34.5,92.0,20.0,solar,PA,PENELEC,Withdrawn,gen
AH2-402,2022-03-10,Philipsburg 34.5 kV,14704.0,34.5,92.0,20.0,solar,PA,PENELEC,Withdrawn,gen
AH2-403,2022-03-10,Krayn 115 kV,38508.0,115.0,61.53846153846154,148.2836,wind,PA,PENELEC,Withdrawn,gen
AH2-404,2022-03-10,East Danville - Banister 138kV,5697.0,138.0,100.0,35.0,hybrid,VA,AEP,Withdrawn,gen
AH2-405,2022-03-11,McConnellsburg-Guilford 138 kV,14098.0,138.0,100.0,100.0,solar,PA,APS,Withdrawn,gen
AH2-406,2022-03-10,Mt. Pleasant-Lums Pond 138 kV II,31820.0,138.0,100.0,34.5,storage,DE,DPL,Withdrawn,battery
AH2-407,2022-03-10,,,138.0,0.0,34.5,hybrid,DE,DPL,Withdrawn,gen
AH2-408,2022-03-10,Fostoria - Lemoyne 138 kV,38773.0,138.0,100.0,49.9,hybrid,OH,ATSI,Withdrawn,gen
AH2-409,2022-03-11,Fostoria - Lemoyne 138 kV II,38773.0,138.0,100.0,80.0,hybrid,OH,ATSI,Withdrawn,gen
AH2-410,2022-03-10,New Castle 69 kV,14171.0,69.0,100.0,20.0,hybrid,KY,EKPC,Withdrawn,gen
AH2-411,2022-03-10,New Castle 69 kV,14171.0,69.0,100.0,50.0,hybrid,KY,EKPC,Withdrawn,gen
AH2-412,2022-03-10,TBD 69kV ,13110.0,69.0,57.14285714285714,7.35,solar,NJ,AEC,Withdrawn,gen
AH2-413,2022-03-10,Sorenson 345 kV,36327.0,345.0,100.0,365.0,hybrid,IN,AEP,Withdrawn,gen
AH2-414,2022-03-11,Sorenson 345 kV,36327.0,345.0,100.0,689.0,storage,IN,AEP,Withdrawn,battery
AH2-415,2022-03-10,Pontiac Midpoint 345 kV,13202.0,345.0,100.0,300.0,storage,IL,ComEd,Withdrawn,battery
AH2-416,2022-03-10,Pontiac Midpoint 345,13202.0,138.0,94.0,450.0,storage,IL,ComEd,Withdrawn,battery
AH2-417,2022-03-10,,,138.0,0.0,160.0,hybrid,OH,Dayton,Withdrawn,gen
AH2-418,2022-03-10,Riverside - Pokagon 138 kV,13073.0,138.0,100.0,100.0,hybrid,MI,AEP,Withdrawn,gen
AH2-419,2022-03-10,Reynolds - Olive 345 kV,21842.0,345.0,100.0,210.0,hybrid,IN,AEP,Withdrawn,gen
AH2-420,2022-03-10,Morgan Street 115 kV,13325.0,115.0,100.0,50.0,storage,PA,PENELEC,Withdrawn,battery
AH2-421,2022-03-10,Dresden 138kV,38491.0,138.0,100.0,230.0,storage,IL,ComEd,Withdrawn,battery
AH2-422,2022-03-10,Yukon 138 kV,31671.0,138.0,100.0,83.0,storage,PA,APS,Withdrawn,battery
AH2-423,2022-03-11,Sollers 230kV ,13154.0,230.0,87.5,180.0,storage,MD,SMECO,Withdrawn,battery
AH2-424,2022-03-11,Durbin-Pickens 138 kV,37596.0,138.0,83.33333333333334,120.0,hybrid,WV,APS,Withdrawn,gen
AI1-001,2022-04-02,Larrabee 230 kV,26786.0,230.0,100.0,2100.0,wind,NJ,JCPL,Withdrawn,gen
AI1-003,2022-04-01,Rock Creek 138 kV,45681.0,138.0,100.0,170.0,wind,IN,AEP,Withdrawn,gen
AI1-006,2022-04-01,Monterville - Pickens 138 kV,15379.0,138.0,85.71428571428572,103.0,wind,WV,APS,Withdrawn,gen
AI1-009,2022-04-01,Pendleton - Tanners Creek 138 kV ,13753.0,138.0,100.0,100.0,hybrid,IN,AEP,Withdrawn,gen
AI1-010,2022-04-01,Ladysmith CT 230 kV,31619.0,230.0,100.0,200.0,storage,VA,Dominion,Withdrawn,battery
AI1-011,2022-04-01,Buckingham- Farmville 230kV,7400.0,230.0,100.0,131.0,solar,VA,Dominion,Withdrawn,gen
AI1-012,2022-04-01,Buckingham- Farmville 230kV,7400.0,230.0,100.0,131.0,storage,VA,Dominion,Withdrawn,battery
AI1-013,2022-04-01,Chickahominy 230 kV,32812.0,230.0,100.0,200.0,storage,VA,Dominion,Withdrawn,battery
AI1-014,2022-04-01,Bismark-Doubs 500 kV,34657.0,500.0,58.66666666666667,100.0,solar,WV,Dominion,Withdrawn,gen
AI1-015,2022-04-01, Buckingham-Bremo 230 kV,7400.0,230.0,100.0,320.0,solar,VA,Dominion,Withdrawn,gen
AI1-016,2022-04-01,Boydton Plank Road 115 kV,17409.0,115.0,59.25925925925925,260.0,storage,VA,Dominion,Withdrawn,battery
AI1-017,2022-04-01,Septa 500 kV,33169.0,500.0,100.0,300.0,storage,VA,Dominion,Withdrawn,battery
AI1-018,2022-04-01,Spotslvania 500 kV,5115.0,500.0,65.6842105263158,300.0,storage,VA,Dominion,Withdrawn,battery
AI1-019,2022-04-01,Laurel - Cooper 161 kV,16031.0,161.0,92.0,50.0,hybrid,KY,EKPC,Withdrawn,gen
AI1-020,2022-04-02,TBD,36200.0,138.0,57.14285714285714,1.98,solar,,DPL,Withdrawn,gen
AI1-021,2022-04-01,Hillandale 115kV,15429.0,115.0,76.21052631578947,105.0,solar,VA,Dominion,Withdrawn,gen
AI1-022,2022-04-01,Sorenson 345 kV,36327.0,345.0,100.0,450.0,storage,IN,AEP,Withdrawn,battery
AI1-023,2022-04-01,Twin Groves 345 kV,45482.0,345.0,68.19047619047619,200.0,storage,IL,ComEd,Withdrawn,battery
AI1-024,2022-04-01,Twin Groves 345 kV,45482.0,345.0,68.19047619047619,300.0,storage,IL,ComEd,Withdrawn,battery
AI1-025,2022-04-01,Two Mile Run 1-12.47 kV,42417.0,47.0,79.14285714285714,,other,,PENELEC,Withdrawn,gen
AI1-026,2022-04-02,Ringtown 12 kV,15689.0,12.0,74.35294117647058,5.0,solar,,PPL,Withdrawn,gen
AI1-027,2022-04-01,Two Mile Run 2-12.47 kV,42417.0,47.0,79.14285714285714,,other,,PENELEC,Withdrawn,gen
AI1-028,2022-04-01,,,138.0,0.0,,other,,Dominion,Withdrawn,gen
AI1-029,2022-04-01,,,138.0,0.0,19.8,solar,PA,PECO,Withdrawn,gen
AI1-030,2022-04-01,Corry East - Garland Jct 34.5 kV,13326.0,34.5,92.0,5.0,solar,PA,PENELEC,Withdrawn,gen
AI1-031,2022-04-01,Westmoreland - Oak Grove 230kV,29595.0,230.0,100.0,100.0,storage,VA,Dominion,Withdrawn,battery
AI1-032,2022-04-01,Bristers 115kV,31655.0,115.0,92.0,200.0,storage,VA,Dominion,Withdrawn,battery
AI1-033,2022-04-05,Somerville 26 kV,18973.0,26.0,92.0,8.0,solar,NJ,PSEG,Withdrawn,gen
AI1-034 5180926,2022-03-30,PJM-CPLE,31685.0,138.0,57.14285714285714,,other,,,Withdrawn,gen
AI1-035,2022-04-05,Texas Eastern 6 12.47 kV,40753.0,47.0,83.66666666666667,,other,,APS,Withdrawn,gen
AI1-036,2022-04-08,Rockwood - Somerset 12.47 kV,14226.0,47.0,92.0,13.0,solar,PA,PENELEC,Withdrawn,gen
AI1-037 5178816,2022-04-08,PJM-WEC,31685.0,138.0,57.14285714285714,,other,,,Withdrawn,gen
AI1-038,2022-04-12,Harwood-Siegfried 230kV II,13294.0,230.0,100.0,95.76,solar,PA,PPL,Withdrawn,gen
AI1-039,2022-04-19,Moshannon-Milesburg 230 kV VIII,31895.0,230.0,100.0,200.0,hybrid,PA,PENELEC,Withdrawn,gen
AI1-040,2022-04-29,Ridgway - Elko 138 kV,14001.0,138.0,93.33333333333333,250.0,solar,PA,APS,Withdrawn,gen
AI1-044,2022-05-13,Breezewood 12.47 kV,29571.0,47.0,58.66666666666667,7.5,solar,PA,PENELEC,Withdrawn,gen
AI1-046,2022-05-25,Smithburg 500 kV,26785.0,500.0,100.0,1600.0,wind,NJ,JCPL,Withdrawn,gen
AI1-047 5189719,2022-05-26,PJM-WEC,31685.0,138.0,57.14285714285714,,other,,,Withdrawn,gen
AI1-048 5189716,2022-05-26,PJM-WEC,31685.0,138.0,57.14285714285714,,other,,,Withdrawn,gen
AI1-049 5189731,2022-05-26,PJM-WEC,31685.0,138.0,57.14285714285714,,other,,,Withdrawn,gen
AI1-050 5189732,2022-05-26,PJM-WEC,31685.0,138.0,57.14285714285714,,other,,,Withdrawn,gen
AI1-051 5189733,2022-05-26,PJM-WEC,31685.0,138.0,57.14285714285714,,other,,,Withdrawn,gen
AI1-052 5192320,2022-05-26,PJM-WEC,31685.0,138.0,57.14285714285714,,other,,,Withdrawn,gen
AI1-053,2022-06-10,McDowell - Campbell 69 kV,2411.0,69.0,92.0,6.6,solar,PA,ATSI,Withdrawn,gen
AI1-054 5200922,2022-06-20,PJM-WEC,31685.0,138.0,57.14285714285714,,other,,,Withdrawn,gen
AI1-055 5200930,2022-06-20,PJM-WEC,31685.0,138.0,57.14285714285714,,other,,,Withdrawn,gen
AI1-056 5200938,2022-06-20,PJM-NIPS,31685.0,138.0,57.14285714285714,,other,,,Withdrawn,gen
AI1-057 5200939,2022-06-20,PJM-NIPS,31685.0,138.0,57.14285714285714,,other,,,Withdrawn,gen
AI1-058 5200932,2022-06-20,PJM-NIPS,31685.0,138.0,57.14285714285714,,other,,,Withdrawn,gen
AI1-059 5200941,2022-06-20,PJM-CIN,31685.0,138.0,57.14285714285714,,other,,,Withdrawn,gen
AI1-060 5200940,2022-06-20,PJM-NIPS,31685.0,138.0,57.14285714285714,,other,,,Withdrawn,gen
AI1-061 5200942,2022-06-20,PJM-CIN,31685.0,138.0,57.14285714285714,,other,,,Withdrawn,gen
AI1-062 5200943,2022-06-20,PJM-CIN,31685.0,138.0,57.14285714285714,,other,,,Withdrawn,gen
AI1-063,2022-06-21,Bear Peak East St. Clair 23 kV,16277.0,23.0,74.0,15.0,solar,PA,PENELEC,Withdrawn,gen
AI1-064 5201681,2022-06-21,PJM-WEC,31685.0,138.0,57.14285714285714,,other,,,Withdrawn,gen
AI1-065 5201682,2022-06-21,PJM-WEC,31685.0,138.0,57.14285714285714,,other,,,Withdrawn,gen
AI1-066,2022-06-23,Bear Peak Rostraver 12.47 kV,42871.0,47.0,67.45454545454545,7.5,solar,PA,APS,Withdrawn,gen
AI1-067,2022-06-23,Bear Peak Rostraver II 12.47 kV,42871.0,47.0,66.8,7.5,solar,PA,APS,Withdrawn,gen
AI1-068 5201755,2022-06-22,PJM-WEC,31685.0,138.0,57.14285714285714,,other,,,Withdrawn,gen
AI1-069 5201756,2022-06-22,PJM-WEC,31685.0,138.0,57.14285714285714,,other,,,Withdrawn,gen
AI1-070 5201757,2022-06-22,PJM-WEC,31685.0,138.0,57.14285714285714,,other,,,Withdrawn,gen
AI1-071 5201758,2022-06-22,PJM-WEC,31685.0,138.0,57.14285714285714,,other,,,Withdrawn,gen
AI1-072 5201760,2022-06-22,PJM-WEC,31685.0,138.0,57.14285714285714,,other,,,Withdrawn,gen
AI1-073,2022-06-30,Bear Peak Antrim 34.5 kV,14096.0,34.5,73.25,20.0,solar,PA,APS,Withdrawn,gen
AI1-074,2022-07-05,Corwin - Elk 138 kV,32458.0,138.0,72.72727272727273,120.0,hybrid,OH,AEP,Withdrawn,gen
AI1-075,2022-07-06,Lee Co. EC 345kV,4036.0,345.0,72.0,239.8,wind,IL,ComEd,Withdrawn,gen
AI1-076,2022-07-11,TBD 13.2 kV,36200.0,13.2,49.14285714285714,19.8,solar,PA,PECO,Withdrawn,gen
AI1-077,2022-07-15,Marengo 34.5 kV Line,12082.0,34.5,58.66666666666667,15.75,solar,IL,ComEd,Withdrawn,gen
AI1-078,2022-07-26,New Carlisle - Bosserman 138 kV,6431.0,138.0,100.0,200.0,hybrid,IN,AEP,Withdrawn,gen
AI1-079,2022-07-26,Summer Shade - West Columbia 69 kV,40455.0,69.0,100.0,64.8,hybrid,KY,EKPC,Withdrawn,gen
AI1-080,2022-07-26,Albion - Kendallville - 138 kV,12596.0,138.0,100.0,125.0,hybrid,IN,AEP,Withdrawn,gen
AI1-081,2022-07-26,Jay - DeSoto 138 kV,13835.0,138.0,100.0,100.0,hybrid,IN,AEP,Withdrawn,gen
AI1-082,2022-07-28,Laurel 25 kV,16031.0,25.0,92.0,15.0,solar,PA,APS,Withdrawn,gen
AI1-084,2022-07-29,Fawkes - West Berea 138kV,1409.0,138.0,100.0,150.0,solar,KY,EKPC,Withdrawn,gen
AI1-085,2022-07-29,Tanners Creek - DeSoto 345 kV,14562.0,345.0,100.0,290.0,solar,IN,AEP,Withdrawn,gen
AI1-086,2022-07-29,Trego - Emporia 115 kV,5619.0,115.0,66.66666666666667,50.0,storage,VA,Dominion,Withdrawn,battery
AI1-087,2022-07-29,Disputanta - Bakers Pond 115 kV,33452.0,115.0,100.0,50.0,storage,VA,Dominion,Withdrawn,battery
AI1-088,2022-07-29,Poe- New Bohemia 115kV,33453.0,115.0,100.0,50.0,storage,VA,Dominion,Withdrawn,battery
AI1-089,2022-07-29,Myrtle - Oak Ridge 115 kV,33442.0,115.0,100.0,100.0,storage,VA,Dominion,Withdrawn,battery
AI1-091,2022-08-04,Bascom 69 kV,54977.0,69.0,66.66666666666667,49.9,solar,OH,AEP,Withdrawn,gen
AI1-092,2022-08-04,Collinsville - Springfield Road 69 kV,4411.0,69.0,92.0,49.9,solar,OH,Dayton,Withdrawn,gen
AI1-093,2022-08-15,Westmoreland 34.5 kV,29595.0,34.5,92.0,24.0,storage,PA,APS,Withdrawn,battery
AI1-094,2022-08-16,Westmoreland 34.5 kV,29595.0,34.5,92.0,24.0,storage,PA,APS,Withdrawn,battery
AI1-095,2022-08-19,Branchron - Keisters 25 kV,23757.0,25.0,72.0,14.0,solar,PA,APS,Withdrawn,gen
AI1-096,2022-08-23,Pemberton 138 kV,52725.0,138.0,92.0,42.0,hybrid,WV,AEP,Withdrawn,gen
AI1-097,2022-08-26,Newcomerstown 12.47 kV,39112.0,47.0,86.375,7.0,hybrid,OH,AEP,Withdrawn,gen
AI1-098,2022-08-30,Circleville 138 kV,5203.0,138.0,100.0,40.0,hybrid,OH,AEP,Withdrawn,gen
AI1-099,2022-08-30,Doubs - Brighton 500 kV,31630.0,500.0,100.0,,other,,APS,Withdrawn,gen
AI1-100,2022-08-30,Somerton - Norton 138 kV,11586.0,138.0,71.42857142857143,150.0,hybrid,OH,AEP,Withdrawn,gen
AI1-101,2022-08-30,Pocono-Acahela 230 kV,41928.0,230.0,100.0,100.0,solar,PA,PPL,Withdrawn,gen
AI1-102,2022-08-30,Suffolk 115 kV,32305.0,115.0,100.0,100.0,storage,VA,Dominion,Withdrawn,battery
AI1-103,2022-08-30,Mechanicsburg 138 kV,5163.0,138.0,100.0,200.0,solar,OH,Dayton,Withdrawn,gen
AI1-104,2022-08-30,Timber Road 138 kV,45680.0,138.0,70.76923076923077,135.0,solar,OH,AEP,Withdrawn,gen
AI1-105,2022-08-30,White Haven 2 Tap-White Haven DC 69 kV,56744.0,69.0,75.29411764705883,60.0,solar,PA,PPL,Withdrawn,gen
AI1-106,2022-08-31,Sinai 13.2 kV,32178.0,13.2,92.0,9.9,hybrid,VA,Dominion,Withdrawn,gen
AI1-107,2022-08-31,Midlothian - North Pole 230 kV,7352.0,230.0,100.0,100.0,storage,VA,Dominion,Withdrawn,battery
AI1-108,2022-08-31,Endless Caverns - Timberville  115 kV,32186.0,115.0,61.53846153846154,38.5,hybrid,VA,Dominion,Withdrawn,gen
AI1-109,2022-09-01,Deans 500 kV,29509.0,500.0,100.0,1310.0,wind,NJ,PSEG,Withdrawn,gen
AI1-110,2022-09-01,Larrabee 230 kV V,26786.0,230.0,100.0,1310.0,wind,NJ,JCPL,Withdrawn,gen
AI1-111,2022-09-01,Werner 230 kV,19533.0,230.0,100.0,1310.0,wind,NJ,JCPL,Withdrawn,gen
AI1-112,2022-08-31,Woodstock 69 kV,21973.0,69.0,100.0,85.0,hybrid,OH,Dayton,Withdrawn,gen
AI1-113,2022-09-02,New Halifax - Dawson 115 kV,32179.0,115.0,89.0909090909091,74.9,hybrid,NC,Dominion,Withdrawn,gen
AI1-114,2022-09-02,Revloc 46 kV,15080.0,46.0,54.5,9.9,hybrid,PA,PENELEC,Withdrawn,gen
AI1-115,2022-09-02,Glory 34.5 kV,13305.0,34.5,92.0,9.9,hybrid,PA,PENELEC,Withdrawn,gen
AI1-116,2022-09-06,Hopkins 138 kV,939.0,138.0,100.0,70.0,solar,WV,AEP,Withdrawn,gen
AI1-117,2022-09-06,Hopkins 138 kV,939.0,138.0,100.0,60.0,solar,WV,AEP,Withdrawn,gen
AI1-118,2022-09-06,Pequest river - Gilbert 115 kV,13388.0,115.0,60.86956521739131,37.6,solar,NJ,JCPL,Withdrawn,gen
AI1-119,2022-09-06,Shorewood 138kV ,918.0,138.0,82.35294117647058,28.8,solar,IL,ComEd,Withdrawn,gen
AI1-120,2022-09-07,Pequest River - Gilbert 115 kV,13388.0,115.0,60.86956521739131,51.6,solar,NJ,JCPL,Withdrawn,gen
AI1-121,2022-09-07,North Muskingum 69 KV,20132.0,69.0,77.38461538461539,90.0,storage,OH,AEP,Withdrawn,battery
AI1-122,2022-09-07,Sparta LF Solar 34.5 kV,33351.0,34.5,63.71428571428571,5.85,solar,NJ,JCPL,Withdrawn,gen
AI1-123,2022-09-08,Nutbush-Victoria DP 115kV,22033.0,115.0,62.5,59.0,solar,VA,Dominion,Withdrawn,gen
AI1-124,2022-09-08,Nutbush - Victoria DP 115 kV,22033.0,115.0,62.5,125.0,solar,VA,Dominion,Withdrawn,gen
AI1-125,2022-09-08,Mount Eagle 34.5 kV,18325.0,34.5,80.75,22.0,solar,VA,Dominion,Withdrawn,gen
AI1-126,2022-09-08,Farmville 12.47kV,3265.0,47.0,84.5,10.0,solar,VA,Dominion,Withdrawn,gen
AI1-127,2022-09-08,Dauphin 12 kV,15203.0,12.0,53.53846153846154,4.5,hybrid,PA,PPL,Withdrawn,gen
AI1-128,2022-09-08,Milesburg 12.47 kV,33159.0,47.0,84.5,5.0,hybrid,PA,APS,Withdrawn,gen
AI1-129,2022-09-08,Muncy 12 kV II,5108.0,12.0,58.66666666666667,4.5,hybrid,PA,PPL,Withdrawn,gen
AI1-130,2022-09-09,Northeast-CP Crane 115kV ,32041.0,115.0,100.0,75.0,storage,MD,BGE,Withdrawn,battery
AI1-131,2022-09-09,TBD 115 kV,36200.0,115.0,49.14285714285714,75.0,storage,MD,BGE,Withdrawn,battery
AI1-132,2022-09-08,Fredricksburg 69 kV,31618.0,69.0,88.2962962962963,83.0,hybrid,KY,EKPC,Withdrawn,gen
AI1-133,2022-09-08,Hillsboro 69 kV,13098.0,69.0,92.0,50.0,hybrid,KY,EKPC,Withdrawn,gen
AI1-134,2022-09-08,Greentown - Hummel Creek 138 kV,15947.0,138.0,100.0,200.0,hybrid,IN,AEP,Withdrawn,gen
AI1-135,2022-09-08,Perquimans 230 kV,6052.0,230.0,63.1578947368421,300.0,hybrid,NC,Dominion,Withdrawn,gen
AI1-136,2022-09-08,Brodnax 115 kV,33296.0,115.0,100.0,200.0,hybrid,VA,Dominion,Withdrawn,gen
AI1-137,2022-09-09,Greystone - Portland 230 kV,19039.0,230.0,100.0,155.0,solar,NJ,JCPL,Withdrawn,gen
AI1-139,2022-09-09,Henrietta Township - New Russia Township 69 kV,23707.0,69.0,85.0,14.8,solar,OH,ATSI,Withdrawn,gen
AI1-140,2022-09-09,Selma Parker - Richmond 138 kV,17592.0,138.0,69.23076923076923,40.0,hybrid,IN,AEP,Withdrawn,gen
AI1-141,2022-09-09,Blossom - Dowagi TSS 34.5 kV,45242.0,34.5,54.5,20.0,hybrid,MI,AEP,Withdrawn,gen
AI1-142,2022-09-09,Warren-National Forge 34.5 kV,13365.0,34.5,84.5,10.0,solar,PA,PENELEC,Withdrawn,gen
AI1-143,2022-09-09,Bell Township - Vandergrift 25 kV,4569.0,25.0,71.23076923076923,19.9,solar,PA,APS,Withdrawn,gen
AI1-144,2022-09-09,Gardners 13.2 kV III,13245.0,13.2,92.0,10.0,hybrid,PA,ME,Withdrawn,gen
AI1-145,2022-09-09,Farmville - Moran DP 115 kV,3265.0,115.0,92.0,125.0,solar,VA,Dominion,Withdrawn,gen
AI1-146,2022-09-09,Farmville - Moran DP 115 kV,3265.0,115.0,92.0,125.0,storage,VA,Dominion,Withdrawn,battery
AI1-147,2022-09-09,Sandwich 34kV,36322.0,34.0,63.42857142857143,150.0,solar,IL,ComEd,Withdrawn,gen
AI1-148,2022-09-09,Davis Creek 138kV ,20769.0,138.0,100.0,164.0,solar,IL,ComEd,Withdrawn,gen
AI1-149,2022-09-09,Pleasant Valley 345 kV ,16800.0,345.0,100.0,250.0,storage,IL,ComEd,Withdrawn,battery
AI1-150,2022-09-09,Locust - Todd 69 kV,5144.0,69.0,92.0,49.9,hybrid,OH,Dayton,Withdrawn,gen
AI1-151,2022-09-10,Kyger Creek - Pierce 345 kV,34337.0,345.0,74.35294117647058,231.7,solar,OH,AEP,Withdrawn,gen
AI1-152,2022-09-09,Siegfried - Nazareth 69 kV,32746.0,69.0,100.0,19.9,hybrid,PA,ME,Withdrawn,gen
AI1-153,2022-09-09,North Hershey - Grantville 69 kV,13610.0,69.0,92.0,20.0,hybrid,PA,ME,Withdrawn,gen
AI1-154,2022-09-09,Goodings Grove 138 kV,20767.0,138.0,100.0,230.0,storage,IL,ComEd,Withdrawn,battery
AI1-155,2022-09-09,Chicago Heights 138kV,30057.0,138.0,58.33333333333333,110.0,storage,IL,ComEd,Withdrawn,battery
AI1-156,2022-09-09,West Rutland 138 kV,16019.0,138.0,73.33333333333334,170.0,storage,IL,ComEd,Withdrawn,battery
AI1-157,2022-09-09,Pleasant Valley – Crystal Lake 138 kV ,11985.0,138.0,100.0,54.4,solar,IL,ComEd,Withdrawn,gen
AI1-158,2022-09-09,Pleasant Valley - Crystal Lake 138 kV,11985.0,138.0,100.0,80.0,storage,IL,ComEd,Withdrawn,battery
AI1-159,2022-09-09,Mount Sterling - Sideview 69 kV,38970.0,69.0,83.81818181818181,35.0,hybrid,KY,EKPC,Withdrawn,gen
AI1-160,2022-09-09,Crawford Solar 2 34.5 kV,14246.0,34.5,58.66666666666667,20.0,solar,PA,PENELEC,Withdrawn,gen
AI1-161,2022-09-09,Crawford Solar 3 34.5 kV,13100.0,34.5,63.875,20.0,solar,PA,PENELEC,Withdrawn,gen
AI1-162,2022-09-09,Saltsburg-Vandergrift 138 kV,13592.0,138.0,100.0,100.0,storage,PA,APS,Withdrawn,battery
AI1-163,2022-09-09,Gates Hill - Luzerne 25 kV,13372.0,25.0,69.5,7.5,solar,PA,APS,Withdrawn,gen
AI1-164,2022-09-09,Clark Summit - Tionesta Junction 34.5 kV,13350.0,34.5,92.0,10.0,solar,PA,PENELEC,Withdrawn,gen
AI1-165,2022-09-09,Magnolia - Summersville 69 kV,13062.0,69.0,71.42857142857143,85.0,hybrid,KY,EKPC,Withdrawn,gen
AI1-166,2022-09-09,Granger - Ontwa 138 kV,13054.0,138.0,80.0,150.0,storage,MI,AEP,Withdrawn,battery
AI1-167,2022-09-09,Cedarville 138 kV,33772.0,138.0,84.21052631578947,250.0,storage,OH,DEOK,Withdrawn,battery
AI1-168,2022-09-09,Conesville 345 kV,39039.0,345.0,100.0,200.0,wind,OH,AEP,Withdrawn,gen
AI1-169,2022-09-09,Moyock 230 kV,13773.0,230.0,64.72727272727273,150.0,hybrid,NC,Dominion,Withdrawn,gen
AI1-170,2022-09-10,Glidden - Sugar Grove 138kV,19239.0,138.0,68.92307692307692,100.0,hybrid,IL,ComEd,Withdrawn,gen
AI1-171,2022-09-10,Garden Plain - Rock Falls 138 kV  ,4726.0,138.0,85.0,100.0,solar,IL,ComEd,Withdrawn,gen
AI1-172,2022-09-10,Katydid Road - Goodings Grove 345 kV,20815.0,345.0,58.82352941176471,250.0,hybrid,IL,ComEd,Withdrawn,gen
AI1-173,2022-09-10,Lena - Freeport 34.5 kV,31785.0,34.5,72.0,16.0,solar,IL,ComEd,Withdrawn,gen
AI1-174,2022-09-09,Garden Plain - Rock Falls 138 kV,4726.0,138.0,85.0,118.0,hybrid,IL,ComEd,Withdrawn,gen
AI1-175,2022-09-09,Waldo - North Waldo 69 kV,4512.0,69.0,83.42857142857143,19.5,hybrid,OH,AEP,Withdrawn,gen
AI1-176,2022-09-09,Cheswick 138 kV,31683.0,138.0,100.0,300.0,storage,PA,DL,Withdrawn,battery
AI1-177,2022-09-09,Avon 345 kV II,3423.0,345.0,92.0,200.0,storage,OH,ATSI,Withdrawn,battery
AI1-178,2022-09-09,Red House DP - Sugar Hill 115 kV,13848.0,115.0,75.0,80.0,hybrid,VA,Dominion,Withdrawn,gen
AI1-179,2022-09-09,Colver Power Project 115 kV,14011.0,115.0,65.77027027027027,100.0,hybrid,PA,PENELEC,Withdrawn,gen
AI1-180,2022-09-09,Windsor 69 kV,15615.0,69.0,100.0,100.0,hybrid,KY,EKPC,Withdrawn,gen
AI1-181,2022-09-09,Grandview 115 kV,13349.0,115.0,100.0,140.0,storage,PA,PENELEC,Withdrawn,battery
AI1-182,2022-09-09,Des Plaines 138 kV,30035.0,138.0,80.64516129032258,80.0,storage,IL,ComEd,Withdrawn,battery
AI1-183,2022-09-09,DuPont - Marlboro  115 kV,15048.0,115.0,100.0,130.0,storage,VA,Dominion,Withdrawn,battery
AI1-184,2022-09-09,Greenwood 138 kV,32783.0,138.0,100.0,110.0,storage,VA,APS,Withdrawn,battery
AI1-185,2022-09-09,Valley 230 kV,32920.0,230.0,100.0,210.0,storage,VA,Dominion,Withdrawn,battery
AI1-186,2022-09-09,Strasburg 138 kV,31798.0,138.0,100.0,140.0,storage,VA,APS,Withdrawn,battery
AI1-187,2022-09-09,Glen Gardner 230 kV,29179.0,230.0,100.0,280.0,storage,NJ,JCPL,Withdrawn,battery
AI1-188,2022-09-09,Buffalo 115 kV,13319.0,115.0,91.0,130.0,storage,PA,PENELEC,Withdrawn,battery
AI1-189,2022-09-09,Northeast - Windy Edge 115 kV,32041.0,115.0,100.0,110.0,storage,MD,BGE,Withdrawn,battery
AI1-190,2022-09-09,Eagle Road 138 kV,18325.0,138.0,88.75,100.0,hybrid,OH,Dayton,Withdrawn,gen
AI1-191,2022-09-09,Landcaster - Pecatonica 138 kV,7447.0,138.0,86.73684210526316,200.0,wind,IL,ComEd,Withdrawn,gen
AI1-192,2022-09-09,Price Hill - Pruntytown 138 kV,31741.0,138.0,100.0,40.0,gas,WV,APS,Withdrawn,gen
AI1-193,2022-09-09,Lincoln 13.2 kV II,13460.0,13.2,92.0,10.0,hybrid,PA,ME,Withdrawn,gen
AI1-194,2022-09-09,Orrtanna 13.2 kV III,15245.0,13.2,92.0,10.0,hybrid,PA,ME,Withdrawn,gen
AI1-195,2022-09-09,Orrtanna 13.2 kV IV,15245.0,13.2,92.0,10.0,hybrid,PA,ME,Withdrawn,gen
AI1-196,2022-09-09,Gates Hill 25 kV,13372.0,25.0,69.5,9.8,hybrid,PA,ME,Withdrawn,gen
AI1-197,2022-09-09,Gardners 13.2 kV,13245.0,13.2,92.0,10.0,hybrid,PA,ME,Withdrawn,gen
AI1-198,2022-09-09,Gardners 13.2 kV II,13245.0,13.2,92.0,7.1,hybrid,PA,ME,Withdrawn,gen
AI1-199,2022-09-09,South Union 25 kV,14285.0,25.0,92.0,8.3,hybrid,PA,ME,Withdrawn,gen
AI1-200,2022-09-10,Campbell 8.32 kV,31716.0,32.0,86.0,5.0,hybrid,PA,ME,Withdrawn,gen
AI1-202,2022-09-10,Greenland Gap 500 kV,31409.0,500.0,100.0,450.0,hybrid,WV,APS,Withdrawn,gen
AI1-203,2022-09-10,Clover - Rawling 500 kV,32642.0,500.0,100.0,300.0,solar,VA,Dominion,Withdrawn,gen
AI1-204,2022-09-11,Brokaw 345 kV,12100.0,345.0,100.0,300.0,storage,IL,ComEd,Withdrawn,battery
AI1-205,2022-09-10,Brokaw 345 kV,12100.0,345.0,100.0,300.0,storage,IL,ComEd,Withdrawn,battery
AI1-206,2022-09-10,Brokaw 345 kV,12100.0,345.0,100.0,300.0,storage,IL,ComEd,Withdrawn,battery
AI1-211,2022-09-10,Brandonville - Necessity 138 kV,32297.0,138.0,100.0,68.0,hybrid,WV,APS,Withdrawn,gen
AI1-212,2022-09-10,Homer City - Stolle Road 345 kV,31987.0,345.0,100.0,182.0,hybrid,PA,PENELEC,Withdrawn,gen
AI1-213,2022-09-10,Farmers Valley - Ridgeway 115 kV VI,13303.0,115.0,100.0,174.0,hybrid,PA,APS,Withdrawn,gen
AI1-214,2022-09-10,Philipsburg 115 kV IV,14704.0,115.0,100.0,160.0,hybrid,PA,PENELEC,Withdrawn,gen
AI1-215,2022-09-10,Philipsburg 115 kV V,14704.0,115.0,100.0,180.0,hybrid,PA,PENELEC,Withdrawn,gen
AI1-216,2022-09-10,Philipsburg 115 kV VI,14704.0,115.0,100.0,200.0,hybrid,PA,PENELEC,Withdrawn,gen
AI1-217,2022-09-10,Philipsburg 115 kV VII,14704.0,115.0,100.0,217.0,hybrid,PA,PENELEC,Withdrawn,gen
AI1-218 5225320,2022-09-16,PJM-TVA,31685.0,138.0,57.14285714285714,,other,,,Confirmed,gen
AI1-219 5225323,2022-09-17,PJM-TVA,31685.0,138.0,57.14285714285714,,other,,,Withdrawn,gen
AI1-220 5227906,2022-09-25,PJM-AMIL,31685.0,138.0,57.14285714285714,,other,,,Withdrawn,gen
AI1-221 5227908,2022-09-25,PJM-AMIL,31685.0,138.0,57.14285714285714,,other,,,Withdrawn,gen
AI1-222 5227909,2022-09-25,PJM-AMIL,31685.0,138.0,57.14285714285714,,other,,,Withdrawn,gen
AI2-001,2022-10-01,Remington 115 kV,33147.0,115.0,100.0,150.0,storage,VA,Dominion,Withdrawn,battery
AI2-002,2022-10-01,Vanceville 138 kV,6154.0,138.0,80.0,150.0,storage,VA,APS,Withdrawn,battery
AI2-004,2022-10-14,Danieltown – Brunswick 115 kV,46136.0,115.0,100.0,80.0,hybrid,VA,Dominion,Withdrawn,gen
AI2-005,2022-10-24,Bremo 115 kV,7397.0,115.0,83.63636363636364,100.0,storage,VA,Dominion,Withdrawn,battery
AI2-006,2022-11-10,Elgin 138kV,40265.0,138.0,92.0,484.0,storage,IL,ComEd,Withdrawn,battery
AI2-007,2022-11-10,Rocky Road 138kV,11935.0,138.0,83.33333333333333,450.8,storage,IL,ComEd,Withdrawn,battery
AI2-010,2022-11-23,Elmont 34.5 kV,31616.0,34.5,92.0,20.0,storage,VA,Dominion,Withdrawn,battery
AI2-011,2022-11-30,Nelson-Electric Junction 345 kV,20754.0,345.0,100.0,100.0,storage,IL,ComEd,Withdrawn,battery
AI2-012,2022-11-30,Nelson-Electric Junction 345 kV,20754.0,345.0,100.0,300.0,storage,IL,ComEd,Withdrawn,battery
AI2-013,2022-11-30,Grundy - Goose Lake 138 kV,4657.0,138.0,92.0,24.1,solar,IL,ComEd,Withdrawn,gen
AI2-014,2022-11-30,Kankakee 138 kV,12052.0,138.0,58.82352941176471,37.9,solar,IL,ComEd,Withdrawn,gen
AI2-015,2022-12-01,Nelson-Electric Junction 345 kV,20754.0,345.0,100.0,200.0,storage,IL,ComEd,Withdrawn,battery
AI2-017,2022-12-09,PA Centre Borealis 34.5 kV,12357.0,34.5,51.25925925925925,5.0,solar,PA,APS,Withdrawn,gen
AI2-018,2022-12-09,TBD 23 kV,36200.0,23.0,49.14285714285714,4.0,solar,PA,PENELEC,Withdrawn,gen
AI2-019,2022-12-09,TBD 12.47 kV,,47.0,0.0,5.0,solar,PA,APS,Withdrawn,gen
AI2-020,2022-12-10,Warren County 500 kV,15418.0,500.0,70.57142857142857,1518.0,gas,VA,Dominion,Withdrawn,gen
AI2-022,2022-12-20,East Towanda 230 kV,13718.0,230.0,62.58823529411764,937.5,gas,PA,PENELEC,Withdrawn,gen
AI2-023,2022-12-20,Lake - 270888 345kV,5039.0,345.0,78.57142857142857,200.0,storage,IN,ComEd,Withdrawn,battery
AI2-024,2022-12-22,Racine - Ravenswood 69kV,29393.0,69.0,92.0,60.0,solar,OH,AEP,Withdrawn,gen
AI2-025,2022-12-23,,,138.0,0.0,10.0,other,DE,DPL,Withdrawn,gen
AI2-026,2022-12-22,Buckingham-Bremo 230 kV,7400.0,230.0,100.0,100.0,solar,VA,Dominion,Withdrawn,gen
AI2-027,2022-12-22,Buckingham-Bremo 230 kV,7400.0,230.0,100.0,50.0,storage,VA,Dominion,Withdrawn,battery
AI2-028,2022-12-29,Beatty - Biers Run 345 kV,56827.0,345.0,100.0,160.0,solar,OH,AEP,Withdrawn,gen
AI2-029,2022-12-31,Clarksburg - Biers Run 69 kV,43880.0,69.0,100.0,70.0,solar,OH,AEP,Withdrawn,gen
AI2-030,2023-01-18,Poplar Flat Switch - Brown Hill 69 kV,36322.0,69.0,80.0,50.0,hybrid,OH,AEP,Withdrawn,gen
AI2-031,2023-01-24,Sapnony 34.5kV,33449.0,34.5,84.3076923076923,20.0,solar,VA,Dominion,Withdrawn,gen
AI2-032,2023-01-25,Distribution Circuit#324 34.5 kV,,34.5,0.0,20.0,solar,VA,Dominion,Withdrawn,gen
AI2-033,2023-01-24,Sapony 34.5kV,33449.0,34.5,92.0,40.0,solar,VA,Dominion,Withdrawn,gen
AI2-034,2023-01-24,Distribution circuit#332 35kV,,35.0,0.0,20.0,solar,VA,Dominion,Withdrawn,gen
AI2-035,2023-01-25,East Leipsic - Richland 138 kV,7094.0,138.0,100.0,150.0,solar,OH,AEP,Withdrawn,gen
AI2-036,2023-01-25,Craigsville-Staunton 115kV,21701.0,115.0,76.19047619047619,100.0,solar,VA,Dominion,Withdrawn,gen
AI2-037,2023-01-25,Lauraville-Dunbrooke 115kV,15359.0,115.0,78.26086956521739,142.0,solar,VA,Dominion,Withdrawn,gen
AI2-038,2023-01-25,St. Johns 115kV,33103.0,115.0,100.0,150.0,solar,VA,Dominion,Withdrawn,gen
AI2-039,2023-02-01,Poolesville 230kV,5757.0,230.0,100.0,100.0,storage,VA,Dominion,Withdrawn,battery
AI2-040,2023-02-01,Orange 115kV,7442.0,115.0,100.0,75.0,storage,VA,Dominion,Withdrawn,battery
AI2-041,2023-02-01,South Boston 115kV,32180.0,115.0,100.0,75.0,storage,VA,Dominion,Withdrawn,battery
AI2-042,2023-02-01,Paytes 115kV,7444.0,115.0,90.0,50.0,storage,VA,Dominion,Withdrawn,battery
AI2-043,2023-01-31,Pamplin 34.5kV,7417.0,34.5,92.0,5.0,solar,VA,Dominion,Withdrawn,gen
AI2-044,2023-02-01,Oceana 230kV,12135.0,230.0,83.33333333333334,150.0,storage,VA,Dominion,Withdrawn,battery
AI2-045,2023-02-01,Oceana 230kV,12135.0,230.0,83.33333333333334,150.0,storage,VA,Dominion,Withdrawn,battery
AI2-046 5260341,2023-02-14,,,138.0,0.0,,other,,,Withdrawn,gen
AI2-047 5260343,2023-02-14,PJM-AMIL,31685.0,138.0,57.14285714285714,157.0,other,,,Withdrawn,gen
AI2-048 5260618,2023-02-14,PJM-AMIL,31685.0,138.0,57.14285714285714,157.0,other,,,Withdrawn,gen
AI2-049 5260620,2023-02-13,,,138.0,0.0,20.0,other,,,Withdrawn,gen
AI2-050 5263047,2023-02-15,PJM-MECS,31685.0,138.0,57.14285714285714,,other,,,Withdrawn,gen
AI2-051 5263048,2023-02-15,PJM-AMIL,31685.0,138.0,57.14285714285714,,other,,,Withdrawn,gen
AI2-052,2023-02-17,Lakewood 230 kV II,5856.0,230.0,100.0,170.0,storage,NJ,JCPL,Withdrawn,battery
AI2-053,2023-02-24,New Holland 69 kV,48481.0,69.0,88.0,100.0,wind,OH,Dayton,Withdrawn,gen
AI2-054,2023-02-24,Rock Springs 500 kV,12912.0,500.0,100.0,784.0,storage,MD,DPL,Withdrawn,battery
AI2-055,2023-02-23,Summit-West Fall 115kV II,13599.0,115.0,100.0,38.0,wind,PA,PENELEC,Withdrawn,gen
AI2-056,2023-02-23,Fairview East 34.5 kV,13315.0,34.5,92.0,20.0,solar,PA,PENELEC,Withdrawn,gen
AI2-057,2023-02-23,Venango 34.5 kV,13322.0,34.5,81.0909090909091,20.0,solar,PA,PENELEC,Withdrawn,gen
AI2-058,2023-02-23,Clark Summit-Emlenton 34.5 kV,13350.0,34.5,92.0,20.0,solar,PA,PENELEC,Withdrawn,gen
AI2-059,2023-02-23,Wolfs Corners 34.5 kV,12918.0,34.5,65.16239316239316,20.0,solar,PA,PENELEC,Withdrawn,gen
AI2-060,2023-02-23,Kewanee - E.D. Edwards 138 kV,12052.0,138.0,93.33333333333333,70.0,solar,IL,ComEd,Withdrawn,gen
AI2-061,2023-02-24,Bedford North-Central City West 115 kV,15166.0,115.0,93.33333333333333,60.0,solar,PA,PENELEC,Withdrawn,gen
AI2-062,2023-02-24,Jack Frost - Lake Harmony 69 kV,31759.0,69.0,100.0,60.0,solar,PA,PPL,Withdrawn,gen
AI2-063,2023-02-23,Lewis Run-Pierce Brook 230 kV,30566.0,230.0,100.0,280.0,solar,PA,PENELEC,Withdrawn,gen
AI2-064,2023-02-23,Desoto - Keystone 345 kV,36331.0,345.0,100.0,245.0,solar,IN,AEP,Withdrawn,gen
AI2-065,2023-02-23,Varner - Sours 138 kV,35696.0,138.0,66.66666666666667,180.0,solar,IN,AEP,Withdrawn,gen
AI2-066,2023-02-23,Marion County 161 kV,14372.0,161.0,83.84615384615384,96.0,solar,KY,EKPC,Withdrawn,gen
AI2-067,2023-02-24,Lunenburg-Nutbush 115 kV,5367.0,115.0,73.6842105263158,60.0,solar,VA,Dominion,Withdrawn,gen
AI2-068,2023-02-24,Larabee - Atlantic 230 kV,26786.0,230.0,93.33333333333333,250.0,storage,NJ,JCPL,Withdrawn,battery
AI2-069,2023-02-24,Larabee - Atlantic 230 kV,26786.0,230.0,93.33333333333333,250.0,storage,NJ,JCPL,Withdrawn,battery
AI2-070,2023-02-24,Dorothy - Lewis 138 kV,11586.0,138.0,61.53846153846154,150.0,storage,NJ,AEC,Withdrawn,battery
AI2-071,2023-02-24,Dorothy - Lewis 138 kV,11586.0,138.0,61.53846153846154,150.0,storage,NJ,AEC,Withdrawn,battery
AI2-072,2023-02-24,Steubenville 69 kV,15038.0,69.0,72.72727272727273,49.5,solar,OH,AEP,Withdrawn,gen
AI2-073,2023-02-24,Columbia-Sunbury 69 kV,31870.0,69.0,100.0,19.8,solar,PA,PPL,Withdrawn,gen
AI2-074,2023-02-24,Beatty - Greene 345 kV,56827.0,345.0,100.0,577.0,solar,OH,AEP,Withdrawn,gen
AI2-075,2023-02-24,Face Rock-Kinzer #13 69 kV,32038.0,69.0,100.0,19.8,solar,PA,PPL,Withdrawn,gen
AI2-076,2023-02-27,Kankakee 138 kV,12052.0,138.0,58.82352941176471,175.0,wind,IL,ComEd,Withdrawn,gen
AI2-077,2023-02-28,Kanakee 138 kV,12052.0,138.0,62.5,175.0,wind,IL,ComEd,Withdrawn,gen
AI2-078,2023-02-28,Myrtle-Windsor 115 kV,33442.0,115.0,100.0,91.0,solar,VA,Dominion,Withdrawn,gen
AI2-079,2023-02-27,Harmony Village-Shackleford 115 kV,33194.0,115.0,100.0,70.0,solar,VA,Dominion,Withdrawn,gen
AI2-080,2023-02-27,Oak Grove-Dahlgren 230 kV,31454.0,230.0,100.0,134.0,solar,VA,Dominion,Withdrawn,gen
AI2-081,2023-02-27,Marysville - Sorenson 765 kV,38712.0,765.0,100.0,500.0,solar,OH,AEP,Withdrawn,gen
AI2-082,2023-02-27,Cardington-Liberty 69 kV IV,39992.0,69.0,84.21052631578947,101.0,solar,OH,ATSI,Withdrawn,gen
AI2-083,2023-02-28,National-Tangy 138kV V,33095.0,138.0,74.0,177.0,solar,OH,ATSI,Withdrawn,gen
AI2-084,2023-02-27,Galion 138 kV VI,5092.0,138.0,100.0,244.0,solar,OH,ATSI,Withdrawn,gen
AI2-085,2023-02-27,Pierce - Kyger Creek 345 kV,5027.0,345.0,100.0,120.0,solar,OH,OVEC,Withdrawn,gen
AI2-086,2023-02-27,Sharp Road 69 kV,6153.0,69.0,100.0,80.0,solar,OH,AEP,Withdrawn,gen
AI2-087,2023-02-27,Gold-Sabinsville 115kV III,13301.0,115.0,100.0,90.0,wind,PA,PENELEC,Withdrawn,gen
AI2-088,2023-02-28,Centerburg 138 kV,14731.0,138.0,80.0,412.5,solar,OH,AEP,Withdrawn,gen
AI2-089,2023-02-28,Cedar Creek 138 kV,11578.0,138.0,100.0,114.3,solar,DE,DPL,Withdrawn,gen
AI2-090,2023-03-01,Harrington 69 kV,16666.0,69.0,100.0,50.0,solar,DE,DPL,Withdrawn,gen
AI2-091,2023-03-02,Lincoln-Sterling 138kV,15246.0,138.0,100.0,49.2,wind,OH,AEP,Withdrawn,gen
AI2-092,2023-03-01,Logtown 138 kV,12825.0,138.0,70.58823529411764,75.9,wind,OH,AEP,Withdrawn,gen
AI2-093,2023-03-01,Olive-DeQuine 345kV,32980.0,345.0,100.0,202.0,wind,IN,AEP,Withdrawn,gen
AI2-094,2023-03-01,Olive-Dequine 345kV,32980.0,345.0,100.0,104.0,wind,IN,AEP,Withdrawn,gen
AI2-095,2023-03-01,Olive-Dequine 345kV,32980.0,345.0,100.0,99.0,wind,IN,AEP,Withdrawn,gen
AI2-096,2023-03-01,Olive-Dequine 345kV,32980.0,345.0,100.0,99.0,wind,IN,AEP,Withdrawn,gen
AI2-097,2023-03-01,Olive-Dequine 345kV,32980.0,345.0,100.0,99.0,wind,IN,AEP,Withdrawn,gen
AI2-098,2023-03-01,Meadow Lake 345kV,13143.0,345.0,100.0,200.0,wind,IN,AEP,Withdrawn,gen
AI2-099,2023-03-01,Powerton-Goodings Grove 345kV (CIR Increase),20090.0,345.0,100.0,102.0,wind,IL,ComEd,Withdrawn,gen
AI2-100,2023-02-28,Powerton - Dresden 345kv (CIR Increase),20090.0,345.0,100.0,198.0,wind,IL,ComEd,Withdrawn,gen
AI2-101,2023-03-01,Haviland - Milan 138kV,38994.0,138.0,100.0,99.0,wind,OH,AEP,Withdrawn,gen
AI2-102,2023-03-01,Lincoln-Sterling 138kV,15246.0,138.0,100.0,101.0,wind,OH,AEP,Withdrawn,gen
AI2-103,2023-02-28,Desoto-Tanners Creek 345kV,36331.0,345.0,100.0,200.0,wind,IN,AEP,Withdrawn,gen
AI2-104,2023-02-28,Blue Mound I,38481.0,138.0,95.0,198.0,solar,IL,ComEd,Withdrawn,gen
AI2-105,2023-02-28,Desoto-Tanners Creek #1 345kV,36331.0,345.0,100.0,200.0,wind,IN,AEP,Withdrawn,gen
AI2-106,2023-02-28,Pontiac MidPoint-Brokaw 345kV,13202.0,345.0,100.0,200.0,solar,IL,ComEd,Withdrawn,gen
AI2-107,2023-03-01,Ada-Dunkirk 69kV,16115.0,69.0,67.0,66.0,wind,OH,AEP,Withdrawn,gen
AI2-109,2023-03-01,Madoc - Delaware 138 kV,13773.0,138.0,80.0,150.0,solar,IN,AEP,Withdrawn,gen
AI2-110,2023-02-28,Losantville 345 kV,38485.0,345.0,76.19047619047619,100.0,solar,IN,AEP,Withdrawn,gen
AI2-111,2023-02-28,Meadow Lake 345 kV,13143.0,345.0,100.0,200.0,solar,IN,AEP,Withdrawn,gen
AI2-112,2023-02-28,Bluff Point-Randolph 138 kV,13779.0,138.0,80.9090909090909,100.0,solar,IN,AEP,Withdrawn,gen
AI2-113,2023-02-28,Old Church 230 kV,32816.0,230.0,100.0,100.0,storage,VA,Dominion,Withdrawn,battery
AI2-114,2023-03-01,Verona - Weyers Cave 115 kV ,32921.0,115.0,100.0,100.0,storage,VA,Dominion,Withdrawn,battery
AI2-115,2023-02-28,Desoto 345 kV,36331.0,345.0,100.0,200.0,solar,IN,AEP,Withdrawn,gen
AI2-116,2023-02-28,Allen 345kV,12592.0,345.0,100.0,100.0,solar,IN,AEP,Withdrawn,gen
AI2-117,2023-02-28,Payne 69 kV,40456.0,69.0,80.0,49.9,solar,OH,AEP,Withdrawn,gen
AI2-118,2023-02-28,Continental 69 kV,31372.0,69.0,66.66666666666667,49.9,solar,OH,AEP,Withdrawn,gen
AI2-119,2023-02-28,Losantville 345 kV,38485.0,345.0,76.19047619047619,200.0,solar,IN,AEP,Withdrawn,gen
AI2-120,2023-02-28,Losantville 345 kV,38485.0,345.0,76.19047619047619,125.0,solar,IN,AEP,Withdrawn,gen
AI2-121,2023-02-28,Hector 115 kV,288.0,115.0,75.33333333333334,50.0,wind,PA,PENELEC,Withdrawn,gen
AI2-122,2023-02-28,Tazewell - AB1-122 345 kV,12091.0,345.0,100.0,130.0,wind,IL,ComEd,Withdrawn,gen
AI2-123,2023-02-28,Goddard - Plumville 138 kV,14638.0,138.0,63.42857142857143,120.0,solar,KY,EKPC,Withdrawn,gen
AI2-124,2023-02-28,Goddard 138 kV,14638.0,138.0,63.42857142857143,200.0,solar,KY,EKPC,Withdrawn,gen
AI2-125,2023-02-28,East Danville - Roxboro 230 kV,32009.0,230.0,100.0,96.0,solar,VA,AEP,Withdrawn,gen
AI2-126,2023-02-28,East Danville - Roxboro 230 kV,32009.0,230.0,100.0,54.0,solar,VA,AEP,Withdrawn,gen
AI2-127,2023-02-28,Cynthiana Tie - Headquarters 69 kV,2301.0,69.0,58.66666666666667,70.0,solar,KY,EKPC,Withdrawn,gen
AI2-128,2023-03-01,Cardiff 230 kV,29640.0,230.0,100.0,1509.6,wind,NJ,AEC,Withdrawn,gen
AI2-129,2023-02-28,Larrabee 230 kV,26786.0,230.0,100.0,2250.0,wind,NJ,JCPL,Withdrawn,gen
AI2-130,2023-02-28,Larrabee 230 kV,26786.0,230.0,100.0,1300.0,wind,NJ,JCPL,Withdrawn,gen
AI2-131,2023-02-28,Larrabee 230 kV,26786.0,230.0,100.0,882.0,wind,NJ,JCPL,Withdrawn,gen
AI2-132,2023-02-28,Larrabee 230 kV,26786.0,230.0,100.0,445.2,wind,NJ,JCPL,Withdrawn,gen
AI2-133,2023-02-28,Kincaid-Pana 345kV,38484.0,345.0,100.0,260.0,solar,IL,ComEd,Withdrawn,gen
AI2-134,2023-02-28,Pontiac Midpoint 345 kV (CIR Increase),13202.0,345.0,100.0,200.0,solar,IL,ComEd,Withdrawn,gen
AI2-135,2023-02-28,McLean 345 kV (CIR Increase),33897.0,345.0,84.3076923076923,300.0,solar,IL,ComEd,Withdrawn,gen
AI2-136,2023-02-28,Olive - Reynolds 345 kV,32980.0,345.0,100.0,275.0,solar,IN,AEP,Withdrawn,gen
AI2-137,2023-02-28,Stockton 138 kV,13130.0,138.0,92.0,90.0,solar,VA,AEP,Withdrawn,gen
AI2-138,2023-02-28,Marysville 345kV,38712.0,345.0,100.0,175.0,solar,OH,AEP,Withdrawn,gen
AI2-139,2023-02-28,Marysville 345kV,38712.0,345.0,100.0,225.0,solar,OH,AEP,Withdrawn,gen
AI2-141,2023-02-28,Heartsease DP - Mayo Dunbar 115kV,7444.0,115.0,63.63636363636363,75.0,solar,NC,Dominion,Withdrawn,gen
AI2-143,2023-02-28,Clubhouse-Sappony 230 kV,33432.0,230.0,100.0,149.0,solar,VA,Dominion,Withdrawn,gen
AI2-144,2023-02-28,Mottville 138 kV,18988.0,138.0,80.88888888888889,150.0,solar,MI,AEP,Withdrawn,gen
AI2-145,2023-02-28,Claytor Lake - Edgemont 138 kV,11236.0,138.0,91.0,126.65,solar,VA,AEP,Withdrawn,gen
AI2-146,2023-02-28,Blue Jacket - Kirby 138 kV,20824.0,138.0,60.0,348.5,solar,OH,Dayton,Withdrawn,gen
AI2-147,2023-02-28,Dequine - Eugene 345 kV,39168.0,345.0,100.0,200.0,wind,IN,AEP,Withdrawn,gen
AI2-148,2023-03-01,Mississinewa- Gaston 138 kV,13733.0,138.0,100.0,160.0,solar,IN,AEP,Withdrawn,gen
AI2-149,2023-02-28,Hardin Switch 345 kV,40060.0,345.0,83.84615384615384,280.0,solar,OH,AEP,Withdrawn,gen
AI2-150,2023-02-28,Rock Creek 138 kV,45681.0,138.0,100.0,185.0,solar,IN,AEP,Withdrawn,gen
AI2-151,2023-02-28,AC1-053 Tap 345kV (CIR Increase),5852.0,345.0,74.85714285714286,600.0,solar,IL,ComEd,Withdrawn,gen
AI2-152,2023-03-01,Makahoy 138 kV,45628.0,138.0,100.0,120.0,solar,IN,AEP,Withdrawn,gen
AI2-153,2023-03-01,Louisa-South Anna 230 kV,7394.0,230.0,88.0,127.0,solar,VA,Dominion,Withdrawn,gen
AI2-154,2023-03-01,Moshannon-Milesburg 230 kV IX,31895.0,230.0,100.0,100.0,solar,PA,APS,Withdrawn,gen
AI2-155,2023-03-01,Baker 138 kV II,33039.0,138.0,100.0,80.0,wind,WV,APS,Withdrawn,gen
AI2-156,2023-03-01,East Springfield-London 138 kV III,4710.0,138.0,100.0,234.0,solar,OH,ATSI,Withdrawn,gen
AI2-157,2023-03-01,Elk 138 kV,31892.0,138.0,85.71428571428572,125.0,solar,OH,AEP,Withdrawn,gen
AI2-158,2023-03-01,Fentress - Sligo 230kV (CIR Increase),32308.0,230.0,100.0,192.0,solar,VA,Dominion,Withdrawn,gen
AI2-159,2023-03-01,Eldean 138 kV,5161.0,138.0,100.0,232.0,solar,OH,Dayton,Withdrawn,gen
AI2-160,2023-02-28,Sullivan 345 kV,33035.0,345.0,100.0,200.0,solar,IN,AEP,Withdrawn,gen
AI2-161,2023-03-01,Sullivan - Dequine 345 kV,33035.0,345.0,100.0,200.0,solar,IN,AEP,Withdrawn,gen
AI2-162,2023-03-01,Meridian - Twin Branch 345 kV,12590.0,345.0,100.0,200.0,solar,IN,AEP,Withdrawn,gen
AI2-163,2023-03-01,Brokaw to Mt Pulaski 345 kV,12100.0,345.0,79.0,200.0,wind,IL,ComEd,Withdrawn,gen
AI2-164,2023-03-01,Fostoria Central - Lemoyn 345 kV,23237.0,345.0,100.0,300.0,solar,OH,AEP,Withdrawn,gen
AI2-165,2023-03-01,Clinton - Stuart 345 kV,35793.0,345.0,100.0,300.0,solar,OH,Dayton,Withdrawn,gen
AI2-166,2023-03-01,Lanesville-Brokaw,12504.0,138.0,100.0,200.0,wind,IL,ComEd,Withdrawn,gen
AI2-167,2023-03-01,Lanesville-Brokaw 345 kV,38485.0,345.0,100.0,400.0,wind,IL,ComEd,Withdrawn,gen
AI2-168,2023-02-28,Magley 138 kV,13044.0,138.0,100.0,135.0,solar,IN,AEP,Withdrawn,gen
AI2-169,2023-03-01,Brody 138 kV,6400.0,138.0,66.66666666666667,100.0,solar,MI,AEP,Withdrawn,gen
AI2-170,2023-03-01,Delaware - Van Buren 138 kV,13775.0,138.0,100.0,163.0,solar,IN,AEP,Withdrawn,gen
AI2-171,2023-02-28,Cole Road 345 kV,29633.0,345.0,75.0,310.0,solar,OH,AEP,Withdrawn,gen
AI2-172,2023-02-28,Pennville - Adams 138 kV,13045.0,138.0,100.0,205.0,solar,IN,AEP,Withdrawn,gen
AI2-173,2023-02-28,West Newton-Lynn 138 kV,11762.0,138.0,92.5,110.0,solar,OH,AEP,Withdrawn,gen
AI2-174,2023-02-28,Kenzie Creek - Colby 138 kV,16487.0,138.0,100.0,150.0,solar,MI,AEP,Withdrawn,gen
AI2-175,2023-02-28,Westmoreland – Oak Grove 230 kV,29595.0,230.0,100.0,80.0,solar,VA,Dominion,Withdrawn,gen
AI2-176,2023-03-01,Todd 69 kV,13110.0,69.0,100.0,50.0,solar,MD,DPL,Withdrawn,gen
AI2-177,2023-02-28,Todd 25 kV,13110.0,25.0,92.0,20.0,solar,MD,DPL,Withdrawn,gen
AI2-178,2023-02-28,LaSalle 138 kV,20760.0,138.0,93.33333333333333,105.6,wind,IL,ComEd,Withdrawn,gen
AI2-179,2023-02-28,Brokaw-Pontiac 345kV,12100.0,345.0,100.0,250.0,wind,IL,ComEd,Withdrawn,gen
AI2-180,2023-02-28,LaSalle 138kV,20760.0,138.0,93.33333333333333,191.0,wind,IL,ComEd,Withdrawn,gen
AI2-181,2023-02-28,Hardin Switch 345 kV,40060.0,345.0,83.84615384615384,170.0,solar,OH,AEP,Withdrawn,gen
AI2-182,2023-02-28,Jennings-Hazelton 138kV II,4401.0,138.0,100.0,50.0,solar,WV,APS,Withdrawn,gen
AI2-183,2023-03-02,Spotsylvania 500kV,5115.0,500.0,72.0,485.0,solar,VA,Dominion,Withdrawn,gen
AI2-184,2023-03-01,Whitely 138 kV,12928.0,138.0,67.0,30.0,hybrid,PA,APS,Withdrawn,gen
AI2-185,2023-03-01,Franklin 138 kV,32558.0,138.0,100.0,150.0,hybrid,PA,APS,Withdrawn,gen
AI2-186,2023-03-01,Franklin 138 kV,32558.0,138.0,100.0,74.0,hybrid,PA,APS,Withdrawn,gen
AI2-187,2023-03-02,Mt. Storm 500kV,31970.0,500.0,100.0,800.0,hybrid,WV,Dominion,Withdrawn,gen
AI2-188,2023-03-01,Mt. Storm - Meadow Brook 500 kV,31970.0,500.0,100.0,425.0,hybrid,WV,APS,Withdrawn,gen
AI2-189,2023-03-01,Mt. Storm - Meadow Brook 500 kV,31970.0,500.0,100.0,125.0,solar,WV,APS,Withdrawn,gen
AI2-190,2023-03-01,Carbondale 138 kV,879.0,138.0,100.0,90.0,solar,WV,AEP,Withdrawn,gen
AI2-191,2023-03-02,Lyons - Moselem Springs 69 kV,13624.0,69.0,92.0,20.0,solar,PA,ME,Withdrawn,gen
AI2-192,2023-03-02,Woodstock 69 kV,21973.0,69.0,100.0,40.0,solar,OH,Dayton,Withdrawn,gen
AI2-193,2023-03-02,East Hartford - Murch 69 kV,17067.0,69.0,94.0,85.0,solar,MI,AEP,Withdrawn,gen
AI2-194,2023-03-02,South Kenton 138 kV,11565.0,138.0,92.5,49.9,solar,OH,AEP,Withdrawn,gen
AI2-195,2023-03-01,Lycoming-Lock Haven 69 kV,32771.0,69.0,100.0,194.11,solar,PA,PPL,Withdrawn,gen
AI2-196,2023-03-02,Lycoming-Lock Haven 69 kV,32771.0,69.0,100.0,143.11,solar,PA,PPL,Withdrawn,gen
AI2-197,2023-03-01,Reynolds - Olive 345 kV,21842.0,345.0,100.0,300.0,solar,IN,AEP,Withdrawn,gen
AI2-198,2023-03-02,Olive-Reynolds 345 kV,32980.0,345.0,100.0,300.0,solar,IN,AEP,Withdrawn,gen
AI2-199,2023-03-02,Olive-Reynolds 345 kV,32980.0,345.0,100.0,300.0,solar,IN,AEP,Withdrawn,gen
AI2-200,2023-03-02,Reynolds - Olive 345 kV,21842.0,345.0,100.0,400.0,solar,IN,AEP,Withdrawn,gen
AI2-201,2023-03-01,Reynolds - Olive 345 kV,21842.0,345.0,100.0,300.0,solar,IN,AEP,Withdrawn,gen
AI2-202,2023-03-02,Bennett - Farmingdale 34.5 kV,14053.0,34.5,83.0,2.0,solar,NJ,JCPL,Withdrawn,gen
AI2-203,2023-03-02,Upper Pittsgrove 138 kV,29928.0,138.0,100.0,2.0,solar,NJ,AEC,Withdrawn,gen
AI2-204,2023-03-02,Brokaw 345kV (CIR Increase),12100.0,345.0,100.0,3.0,solar,NJ,PSEG,Withdrawn,gen
AI2-205,2023-03-02, Branchville - Sussex 34.5 kV,41497.0,34.5,72.0,10.0,solar,NJ,JCPL,Withdrawn,gen
AI2-206,2023-03-02,Cardiff 12 kV,29640.0,12.0,92.0,2.6,solar,NJ,AEC,Withdrawn,gen
AI2-207,2023-03-02,Rockawalkin 69 kV,15436.0,69.0,63.63636363636363,15.0,solar,MD,DPL,Withdrawn,gen
AI2-208,2023-03-02,Hawks 12.5 kV,19179.0,12.5,71.375,3.0,solar,NJ,JCPL,Withdrawn,gen
AI2-209,2023-03-02,Burlington 26kV (CIR Increase),19326.0,26.0,92.0,7.0,solar,NJ,PSEG,Withdrawn,gen
AI2-210,2023-03-03,Ringoes-US Bronze 34kV,19136.0,34.0,63.42857142857143,10.0,solar,NJ,JCPL,Withdrawn,gen
AI2-211,2023-03-02,Price 25 kV,12917.0,25.0,92.0,6.0,solar,MD,DPL,Withdrawn,gen
AI2-212,2023-03-02,Manitou-Pleasant Plains 34.5 kV,26746.0,34.5,85.33333333333333,20.0,solar,NJ,JCPL,Withdrawn,gen
AI2-213,2023-03-02,Allenwood-Larrabee 2 34.5 kV,840.0,34.5,74.35294117647058,7.0,solar,NJ,JCPL,Withdrawn,gen
AI2-214,2023-03-02,Scottsville - Bremo 138 kV,38703.0,138.0,92.0,149.5,solar,VA,AEP,Withdrawn,gen
AI2-215,2023-03-02,Pokagon - Corey 69 kV,16488.0,69.0,92.0,50.0,solar,MI,AEP,Withdrawn,gen
AI2-216,2023-03-02,Wurno - Claytor lake 138 kV,32621.0,138.0,100.0,180.0,wind,VA,AEP,Withdrawn,gen
AI2-217,2023-03-02,Greene - Beatty 345 kV,38963.0,345.0,100.0,155.0,solar,OH,AEP,Withdrawn,gen
AI2-218,2023-03-02,Galion - South Berwick 345 kV,36835.0,345.0,100.0,120.0,solar,OH,AEP,Withdrawn,gen
AI2-219,2023-03-02,Groton 138 kV II,16242.0,138.0,83.33333333333334,125.0,solar,OH,ATSI,Withdrawn,gen
AI2-220,2023-03-02,Beaver-Davis Besse 345 kV II,39532.0,345.0,100.0,297.66,wind,OH,ATSI,Withdrawn,gen
AI2-221,2023-03-02,Snyder 69 kV II,15929.0,69.0,66.66666666666667,49.0,solar,OH,ATSI,Withdrawn,gen
AI2-222,2023-03-02,Chase City-Lunenburg 115kV,33224.0,115.0,100.0,130.0,solar,VA,Dominion,Withdrawn,gen
AI2-223,2023-03-02,WinFall-Chowan 230kV,6054.0,230.0,61.53846153846154,189.0,wind,NC,Dominion,Withdrawn,gen
AI2-224,2023-03-02,Central-Chase City 115kV,25252.0,115.0,92.0,149.5,solar,VA,Dominion,Withdrawn,gen
AI2-225,2023-03-02,Lexington-Low Moor 230kV,32885.0,230.0,100.0,78.2,wind,VA,Dominion,Withdrawn,gen
AI2-226,2023-03-02,Jug Street 138 kV,20107.0,138.0,92.0,200.0,storage,OH,AEP,Withdrawn,battery
AI2-227,2023-03-02,Boxwood-Riverville 138 kV,32689.0,138.0,100.0,50.0,storage,VA,AEP,Withdrawn,battery
AI2-228,2023-03-02,Silver Lake 345,20806.0,138.0,90.76923076923077,400.0,storage,IL,ComEd,Withdrawn,battery
AI2-229,2023-03-02,Silver Lake 138,20806.0,138.0,90.76923076923077,200.0,storage,IL,ComEd,Withdrawn,battery
AI2-230,2023-03-02,Ladysmith CT-Mine Road 230 kV,31619.0,230.0,100.0,200.0,storage,VA,Dominion,Withdrawn,battery
AI2-231,2023-03-02,Gainesville-Loudoun 230 kV,31656.0,230.0,100.0,200.0,storage,VA,Dominion,Withdrawn,battery
AI2-231A,2023-03-02,Cloverdale-Burlington Height 138 kV,32584.0,138.0,100.0,100.0,storage,VA,AEP,Withdrawn,battery
AI2-232,2023-03-02,Shady Oaks Road 138 kV,45102.0,138.0,76.45652173913044,215.4,wind,IL,ComEd,Withdrawn,gen
AI2-233,2023-03-02,Eagle Valley 115kV II,14703.0,115.0,100.0,137.6,wind,PA,PENELEC,Withdrawn,gen
AI2-234,2023-03-02,Mole Creek 345kV (CIR Increase),40057.0,345.0,75.0,200.0,wind,IL,ComEd,Withdrawn,gen
AI2-235,2023-03-02,King's Creek 138 kV,13132.0,138.0,94.73684210526316,118.0,solar,MD,DPL,Withdrawn,gen
AI2-236,2023-03-03,Smith Mountain - Candler Mountain 138 kV,32866.0,138.0,100.0,80.0,solar,VA,AEP,Withdrawn,gen
AI2-237,2023-03-03,Garner DP-Lancaster 115 kV,7446.0,115.0,100.0,196.0,solar,VA,Dominion,Withdrawn,gen
AI2-238,2023-03-02,College Corner 138 kV,13782.0,138.0,100.0,98.0,solar,OH,AEP,Withdrawn,gen
AI2-239,2023-03-02,Harmony Village-Shackleford 115 kV,33194.0,115.0,100.0,150.0,solar,VA,Dominion,Withdrawn,gen
AI2-240,2023-03-02,Camden - Crystal 69 kV,29531.0,69.0,92.0,69.9,solar,OH,Dayton,Withdrawn,gen
AI2-241,2023-03-02,Congress-Toronto 138 kV II,33919.0,138.0,63.1578947368421,145.0,solar,OH,ATSI,Withdrawn,gen
AI2-242,2023-03-02,East Sidney-Quincy 138 kV,5107.0,138.0,100.0,144.0,solar,OH,Dayton,Withdrawn,gen
AI2-243,2023-03-02,Ecogrove 138 kV (CIR Increase),32769.0,138.0,63.42857142857143,199.0,solar,IL,ComEd,Withdrawn,gen
AI2-244,2023-03-02,Victoria DP-Martin DP 115 kV,31653.0,115.0,60.0,150.0,solar,VA,Dominion,Withdrawn,gen
AI2-245,2023-03-02,TSS 968 345 kV (CIR Increase),,345.0,0.0,200.0,solar,IL,ComEd,Withdrawn,gen
AI2-246,2023-03-02,East Leipsic - Richland 138 kV,7094.0,138.0,100.0,150.0,solar,OH,AEP,Withdrawn,gen
AI2-248,2023-03-02,Schauff Road 138 kV,6153.0,138.0,66.66666666666667,200.0,wind,IL,ComEd,Withdrawn,gen
AI2-249,2023-03-02,Biers Run-Circleville 138 kV,42672.0,138.0,100.0,274.0,solar,OH,AEP,Withdrawn,gen
AI2-250,2023-03-02,Greenfield 69 kV,6385.0,69.0,92.0,48.0,solar,OH,Dayton,Withdrawn,gen
AI2-251,2023-03-03,Buckskin 69kV,29965.0,69.0,71.42857142857143,120.0,solar,OH,AEP,Withdrawn,gen
AI2-252,2023-03-03,Hillsboro-Clinton 138kV,13098.0,138.0,100.0,117.0,solar,OH,AEP,Withdrawn,gen
AI2-253,2023-03-03,Chatfield-Howard 138kV,31728.0,138.0,86.11764705882352,117.0,solar,OH,AEP,Withdrawn,gen
AI2-254,2023-03-02,Clubhouse- Purdy 115kV,33432.0,115.0,100.0,60.0,solar,VA,Dominion,Withdrawn,gen
AI2-255,2023-03-02,Clubhouse- Purdy 115kV,33432.0,115.0,100.0,100.0,solar,VA,Dominion,Withdrawn,gen
AI2-256,2023-03-02, Gary 115kV,15829.0,115.0,74.0,80.0,solar,VA,Dominion,Withdrawn,gen
AI2-257,2023-03-02,Cordova 345kV (CIR Increase),34670.0,345.0,100.0,100.0,solar,IL,ComEd,Withdrawn,gen
AI2-259,2023-03-02,Greentown 138 kV,15947.0,138.0,100.0,200.0,solar,IN,AEP,Withdrawn,gen
AI2-260,2023-03-02,Keeney - Steele 230 kV,13097.0,230.0,100.0,189.0,solar,MD,DPL,Withdrawn,gen
AI2-261,2023-03-02,Southampton- Handsom 115kV,44795.0,115.0,77.71428571428572,100.0,solar,VA,Dominion,Withdrawn,gen
AI2-263,2023-03-02,Nelson 345kV (CIR Increase),20754.0,345.0,100.0,100.0,solar,IL,ComEd,Withdrawn,gen
AI2-264,2023-03-02,Olive - Reynolds 345 kV,32980.0,345.0,100.0,200.0,solar,IN,AEP,Withdrawn,gen
AI2-265,2023-03-02,Kincaid 345kV (CIR Increase) ,38484.0,345.0,100.0,100.0,solar,IL,ComEd,Withdrawn,gen
AI2-266,2023-03-02,R.P.Mone 345 kV,19905.0,345.0,100.0,100.0,solar,OH,AEP,Withdrawn,gen
AI2-267,2023-03-02,Southampton- Handsom 115kV,44795.0,115.0,77.71428571428572,100.0,solar,VA,Dominion,Withdrawn,gen
AI2-269,2023-03-02,Circleville 138 kV,5203.0,138.0,100.0,70.0,solar,OH,AEP,Withdrawn,gen
AI2-270,2023-03-03,East Lima-Marysville 345kV,38941.0,345.0,100.0,150.0,solar,OH,AEP,Withdrawn,gen
AI2-271,2023-03-03,Smith Mountain-Bearskin 138 kV,32866.0,138.0,100.0,120.0,solar,VA,AEP,Withdrawn,gen
AI2-272,2023-03-02,Pantago-Five Points 115kV,44961.0,115.0,64.72727272727273,74.0,solar,NC,Dominion,Withdrawn,gen
AI2-273,2023-03-02,Boykins-Handsome 115kV,3210.0,115.0,92.0,100.0,solar,VA,Dominion,Withdrawn,gen
AI2-274,2023-03-02,Powhatan 34.5 kV,7691.0,34.5,92.0,17.0,hybrid,VA,Dominion,Withdrawn,gen
AI2-275,2023-03-02,Garner-Northern Neck 115 kV,7446.0,115.0,90.0,42.0,solar,VA,Dominion,Withdrawn,gen
AI2-277,2023-03-02,Rogers Road 500 kV,14056.0,500.0,76.21052631578947,75.0,storage,VA,Dominion,Withdrawn,battery
AI2-278,2023-03-02,Garner Delivery Point - Lancaster 115 kV,42288.0,115.0,80.33333333333334,50.0,storage,VA,Dominion,Withdrawn,battery
AI2-279,2023-03-02,Garner-Northern Neck 115 kV,7446.0,115.0,90.0,75.0,storage,VA,Dominion,Withdrawn,battery
AI2-280,2023-03-02,Carson-Wake 500kV,33483.0,500.0,100.0,1525.5,gas,VA,Dominion,Withdrawn,gen
AI2-281,2023-03-03, Heritage-Carson,33355.0,138.0,94.11764705882352,1756.0,gas,VA,Dominion,Withdrawn,gen
AI2-282,2023-03-03,Ladysmith CT 230 kV ,31619.0,230.0,100.0,209.0,gas,VA,Dominion,Withdrawn,gen
AI2-283,2023-03-02,Ladysmith CT 230 kV,31619.0,230.0,100.0,209.0,gas,VA,Dominion,Withdrawn,gen
AI2-284,2023-03-02,Ladysmith CT 230 kV,31619.0,230.0,100.0,190.0,gas,VA,Dominion,Withdrawn,gen
AI2-285,2023-03-02,Ladysmith CT 230 kV,31619.0,230.0,100.0,190.0,gas,VA,Dominion,Withdrawn,gen
AI2-286,2023-03-02,Ladysmith CT 230 kV,31619.0,230.0,100.0,190.0,gas,VA,Dominion,Withdrawn,gen
AI2-287,2023-03-02,Remington CT 230 kV,33148.0,230.0,100.0,190.0,gas,VA,Dominion,Withdrawn,gen
AI2-288,2023-03-02,Remington CT 230 kV,33148.0,230.0,100.0,190.0,gas,VA,Dominion,Withdrawn,gen
AI2-289,2023-03-03,Remington CT 230 kV,33148.0,230.0,100.0,190.0,gas,VA,Dominion,Withdrawn,gen
AI2-290,2023-03-02,Brookside-Cloverdale 138 kV II,29244.0,138.0,77.77777777777779,130.0,solar,OH,ATSI,Withdrawn,gen
AI2-291,2023-03-02,Edison-Gravel Pit 138 kV,15516.0,138.0,100.0,150.0,solar,IN,AEP,Withdrawn,gen
AI2-292,2023-03-02,Hunterstown-Texas Eastern Tap 115 kV III,13298.0,115.0,100.0,70.0,solar,PA,ME,Withdrawn,gen
AI2-293,2023-03-02,Edinboro South-Venango Junction 115 kV IV,6108.0,115.0,60.0,116.5,solar,PA,PENELEC,Withdrawn,gen
AI2-294,2023-03-03,Laurel Mountain 138 kV,29534.0,138.0,83.73684210526315,125.0,wind,WV,APS,Withdrawn,gen
AI2-295,2023-03-03,Cox-Whitakers 115kV,32043.0,115.0,72.0,80.0,solar,NC,Dominion,Withdrawn,gen
AI2-296,2023-03-03,Chickahominy 230kV,32812.0,230.0,100.0,320.0,solar,VA,Dominion,Withdrawn,gen
AI2-297,2023-03-03,McConnellsburg 138 kV,14098.0,138.0,100.0,70.0,solar,PA,APS,Withdrawn,gen
AI2-298,2023-03-03,McConnellsburg-Texas Eastern 138 kV,14098.0,138.0,100.0,150.0,solar,PA,APS,Withdrawn,gen
AI2-299,2023-03-03,Benson-Dunbar 115 kV,34535.0,115.0,83.33333333333334,100.0,solar,NC,Dominion,Withdrawn,gen
AI2-300,2023-03-03,Elizabeth City 34.5 kV,3179.0,34.5,92.0,20.0,solar,NC,Dominion,Withdrawn,gen
AI2-301,2023-03-03,Dawson-South Justice 115kV,32567.0,115.0,72.72727272727273,140.0,solar,NC,Dominion,Withdrawn,gen
AI2-302,2023-03-03,Jacksonville Tap - Renaker 138 kV,3788.0,138.0,84.5,100.0,solar,KY,EKPC,Withdrawn,gen
AI2-303,2023-03-03,Crown-New Lebanon 69 kV,12956.0,69.0,80.0,49.9,solar,OH,Dayton,Withdrawn,gen
AI2-304,2023-03-02,Sporn South-Leon 138 kV,16084.0,138.0,91.42857142857143,100.0,solar,WV,AEP,Withdrawn,gen
AI2-305,2023-03-03,Ebersole #2-Fostoria Central 138 kV,23238.0,138.0,94.0,120.0,solar,OH,AEP,Withdrawn,gen
AI2-306,2023-03-02,Osterburg - Bedford North 23 kV II,13905.0,23.0,86.54545454545455,12.0,solar,PA,PENELEC,Withdrawn,gen
AI2-307,2023-03-03,Colora 230 kV,31826.0,230.0,100.0,100.8,storage,MD,DPL,Withdrawn,battery
AI2-308,2023-03-02,Snake Spring-Bedford Area 23 kV,14233.0,23.0,92.0,12.0,solar,PA,PENELEC,Withdrawn,gen
AI2-309,2023-03-02,Marysville-Gunn Road 345 kV,38712.0,345.0,100.0,250.0,solar,OH,AEP,Withdrawn,gen
AI2-310,2023-03-02,Emlenton 34.5 kV II,20819.0,34.5,69.77777777777779,20.0,solar,PA,PENELEC,Withdrawn,gen
AI2-311,2023-03-02,Ringgold 138 kV II,1973.0,138.0,100.0,50.0,storage,MD,APS,Withdrawn,battery
AI2-312,2023-03-02,Clark Summit 34.5 kV II,13350.0,34.5,92.0,15.0,solar,PA,PENELEC,Withdrawn,gen
AI2-313,2023-03-02,Ravenswood-Hemlock 69kV,21676.0,69.0,80.0,48.0,solar,OH,AEP,Withdrawn,gen
AI2-314,2023-03-03,Molecreek 345kV (CIR Increase),23636.0,345.0,58.66666666666667,100.0,wind,IL,ComEd,Withdrawn,gen
AI2-315,2023-03-03,Mole Creek 345 kV,40057.0,345.0,75.0,300.0,wind,IL,ComEd,Withdrawn,gen
AI2-316,2023-03-02,Powerton 345 kV (CIR increase),20090.0,345.0,100.0,50.0,wind,IL,ComEd,Withdrawn,gen
AI2-317,2023-03-02,Powertn - Goodings Grove 345 kV (CIR Increase) ,20090.0,345.0,93.33333333333333,350.0,wind,IL,ComEd,Withdrawn,gen
AI2-318,2023-03-02,White Marsh 34.5 kV,4481.0,34.5,65.6842105263158,19.0,storage,VA,Dominion,Withdrawn,battery
AI2-320,2023-03-02,Edinboro South - Erie South 25 kV,31882.0,25.0,58.66666666666667,19.9,solar,PA,PENELEC,Withdrawn,gen
AI2-321,2023-03-02,Clementine-Clementine Jct. 25 kV,832.0,25.0,65.6842105263158,19.9,solar,PA,APS,Withdrawn,gen
AI2-322,2023-03-02,Findlay - Midfield 23 kV,13557.0,23.0,92.0,4.7,solar,PA,DL,Withdrawn,gen
AI2-323,2023-03-02,Kittanning-Rural Valley 25 kV,19240.0,25.0,62.0,30.0,solar,PA,APS,Withdrawn,gen
AI2-324,2023-03-02,Cowansville Junction – Long Run Tap 25 kV,12945.0,25.0,68.92307692307692,14.7,solar,PA,APS,Withdrawn,gen
AI2-325,2023-03-03,Oyster Creek 230 kV,26767.0,230.0,100.0,816.0,wind,NJ,JCPL,Withdrawn,gen
AI2-326,2023-03-03,BL England 138 kV,19257.0,138.0,100.0,432.0,wind,NJ,AEC,Withdrawn,gen
AI2-327,2023-03-02,Patton Rd-Summer Shade 69 kV,48109.0,69.0,77.77777777777779,55.0,solar,KY,EKPC,Withdrawn,gen
AI2-328,2023-03-02,Marysville-Flatlick 765 kV,38712.0,765.0,100.0,400.0,solar,OH,AEP,Withdrawn,gen
AI2-329,2023-03-02,Marysville-Flatlick 765 kV,38712.0,765.0,100.0,400.0,solar,OH,AEP,Withdrawn,gen
AI2-330,2023-03-02,Marysville-Flatlick 765 kV,38712.0,765.0,100.0,400.0,solar,OH,AEP,Withdrawn,gen
AI2-331,2023-03-02,Hopkins 138 kV,939.0,138.0,100.0,180.0,solar,WV,AEP,Withdrawn,gen
AI2-332,2023-03-03,Gilboa-Jones Branch 138 kV VI,834.0,138.0,100.0,150.0,solar,WV,APS,Withdrawn,gen
AI2-333,2023-03-02,Johns Creek-Excel 138kV I,11574.0,138.0,100.0,100.0,solar,KY,AEP,Withdrawn,gen
AI2-334,2023-03-02,Inez 138 kV,11430.0,138.0,100.0,200.0,solar,KY,AEP,Withdrawn,gen
AI2-335,2023-03-02,Inez 138 kV,11430.0,138.0,100.0,200.0,solar,KY,AEP,Withdrawn,gen
AI2-336,2023-03-02,Nottingham Switch 138 kV,33918.0,138.0,87.64705882352942,400.0,solar,OH,AEP,Withdrawn,gen
AI2-337,2023-03-02,Broadview-Tangy 138 kV IV,15445.0,138.0,92.0,180.0,solar,OH,ATSI,Withdrawn,gen
AI2-338,2023-03-02,Providence Forge-Turner 115kV,6053.0,115.0,100.0,154.0,solar,VA,Dominion,Withdrawn,gen
AI2-339,2023-03-02,Gilboa-Jones Branch 138 kV VII,834.0,138.0,100.0,100.0,solar,WV,APS,Withdrawn,gen
AI2-340,2023-03-02,Valley 138 kV,16471.0,138.0,100.0,100.0,solar,MI,AEP,Withdrawn,gen
AI2-341,2023-03-02,Galion-Roberts South 138 kV III,5092.0,138.0,100.0,99.96,solar,OH,ATSI,Withdrawn,gen
AI2-342,2023-03-02,Excel-Johns Creek 138 kV,15370.0,138.0,52.0,75.0,solar,KY,AEP,Withdrawn,gen
AI2-343,2023-03-02,Hurley 69 kV,7937.0,69.0,100.0,75.0,solar,VA,AEP,Withdrawn,gen
AI2-344,2023-03-02,Gladstone 138 kV,3220.0,138.0,72.0,100.0,solar,VA,AEP,Withdrawn,gen
AI2-345,2023-03-02,Amherst-Riverville138 kV,11464.0,138.0,100.0,75.0,solar,VA,AEP,Withdrawn,gen
AI2-346,2023-03-02,Nottingham 138 kV,33918.0,138.0,100.0,400.0,solar,OH,AEP,Withdrawn,gen
AI2-347,2023-03-03,Van Arsdell-Mercer Industrial 69kV,36376.0,69.0,60.86956521739131,95.0,solar,KY,EKPC,Withdrawn,gen
AI2-348,2023-03-02,Ford - Ceddarville 138 kV,33902.0,138.0,100.0,152.2,solar,OH,DEOK,Withdrawn,gen
AI2-349,2023-03-02,Loretto 69 kV,13133.0,69.0,100.0,60.0,solar,KY,EKPC,Withdrawn,gen
AI2-350,2023-03-02,Hillsboro - Wye Mills 138 kV,13098.0,138.0,100.0,50.0,solar,MD,DPL,Withdrawn,gen
AI2-351,2023-03-03,Lappans 34.5kV II,14823.0,34.5,64.72727272727273,20.0,solar,MD,APS,Withdrawn,gen
AI2-352,2023-03-04,Martins Creek–Cherry Hill 69 kV,13453.0,69.0,100.0,60.25,solar,PA,PPL,Withdrawn,gen
AI2-353,2023-03-03,Carlos Jct. – Ridgeley 138 kV,31893.0,138.0,70.0,54.9,wind,MD,APS,Withdrawn,gen
AI2-354,2023-03-03,Williams 138 kV,30022.0,138.0,90.0,147.0,wind,WV,APS,Withdrawn,gen
AI2-355,2023-03-03,Greenland Gap 500 kV,31409.0,500.0,100.0,300.0,wind,WV,APS,Withdrawn,gen
AI2-356,2023-03-04,Greenland Gap 500 kV II,31409.0,500.0,100.0,471.6,wind,WV,APS,Withdrawn,gen
AI2-357,2023-03-06,Olive-Reynolds #2 345 kV,32980.0,345.0,100.0,260.0,solar,IN,AEP,Withdrawn,gen
AI2-358,2023-03-08,Argenta - Twin Branch 345 kV,31079.0,345.0,100.0,300.0,solar,MI,AEP,Withdrawn,gen
AI2-359,2023-03-04,Cross School 138 kV,13751.0,138.0,70.0,53.7,wind,WV,APS,Withdrawn,gen
AI2-360,2023-03-04,Elk Garden - Parr Run 138 kV,39951.0,138.0,100.0,110.0,wind,WV,APS,Withdrawn,gen
AI2-361,2023-03-04,Hooversville - Central City West 115 kV ,32215.0,115.0,100.0,29.4,wind,PA,PENELEC,Withdrawn,gen
AI2-362,2023-03-04,Rockwood - Meyersdale North 115 kV,14226.0,115.0,100.0,37.8,wind,PA,PENELEC,Withdrawn,gen
AI2-363 5267408,2023-03-08,PJM-CIN,31685.0,138.0,57.14285714285714,,other,,,Withdrawn,gen
AI2-364,2023-03-04,Brokaw - Lanesville 345 kV (CIR Increase),12100.0,345.0,100.0,200.0,wind,IL,ComEd,Withdrawn,gen
AI2-365,2023-03-04,Lake Lynn-Hazelton 138 kV II,13312.0,138.0,86.15384615384616,99.6,solar,WV,APS,Withdrawn,gen
AI2-366,2023-03-04,Maddox Creek-RP Mone 345 kV,17333.0,345.0,70.58823529411764,300.0,solar,OH,AEP,Withdrawn,gen
AI2-367,2023-03-04,Sleepy Hollow 138 kV II,33164.0,138.0,100.0,125.0,solar,WV,APS,Withdrawn,gen
AI2-368,2023-03-04,TSS 994 345 kV (CIR Increase),,345.0,0.0,187.5,wind,IL,ComEd,Withdrawn,gen
AI2-369,2023-03-04,Apple Grove 138 kV,39040.0,138.0,70.0,99.0,solar,WV,AEP,Withdrawn,gen
AI2-370,2023-03-04,Twombley Road 138kV (CIR Increase),29633.0,138.0,70.0,60.0,solar,IL,ComEd,Withdrawn,gen
AI2-371,2023-03-03,Walnut Grove - Asahi Tap 69 kV,52298.0,69.0,92.0,57.0,solar,KY,EKPC,Withdrawn,gen
AI2-372,2023-03-03,Hill Topper 345kV (CIR Increase) ,14165.0,345.0,71.01960784313725,65.0,wind,IL,ComEd,Withdrawn,gen
AI2-373,2023-03-04,Easton - Steele 138 kV,13101.0,138.0,100.0,79.0,solar,MD,DPL,Withdrawn,gen
AI2-374,2023-03-03,Hope-Blevins Valley Tap 69 kV ,1838.0,69.0,77.0,66.0,solar,KY,EKPC,Withdrawn,gen
AI2-375,2023-03-03,Old Chapel-Millville 138 kV,32780.0,138.0,100.0,80.0,solar,WV,APS,Withdrawn,gen
AI2-376,2023-03-03,Central Hardin-Stephensburg 69 kV ,15671.0,69.0,100.0,70.0,solar,KY,EKPC,Withdrawn,gen
AI2-377,2023-03-03,Maysville 69 kV VI,38712.0,69.0,86.73684210526316,50.0,solar,PA,ATSI,Withdrawn,gen
AI2-378,2023-03-03,Merrill Creek 115 kV II,40057.0,115.0,84.21052631578947,70.0,solar,NJ,JCPL,Withdrawn,gen
AI2-379,2023-03-03,Moshannon-Milesburg 230 kV X,31895.0,230.0,100.0,78.38,solar,PA,APS,Withdrawn,gen
AI2-380,2023-03-04,Altoona-Raystown 230 kV III,31896.0,230.0,100.0,80.0,solar,PA,PENELEC,Withdrawn,gen
AI2-381,2023-03-04,Layland 69 kV,876.0,69.0,100.0,75.0,solar,WV,AEP,Withdrawn,gen
AI2-383,2023-03-04,Moshannon-Milesburg 230 kV X,31895.0,230.0,100.0,83.6,solar,PA,APS,Withdrawn,gen
AI2-384,2023-03-04,Nelson 138kV (CIR Increase) ,5149.0,138.0,100.0,200.0,wind,IL,ComEd,Withdrawn,gen
AI2-385,2023-03-04,South Millville - Newport 69 kV,982.0,69.0,86.54545454545455,59.7,solar,NJ,AEC,Withdrawn,gen
AI2-386,2023-03-04,PG - Juniata 69 kV,,69.0,0.0,55.0,solar,PA,PPL,Withdrawn,gen
AI2-387,2023-03-04,Carlls Corner - Sherman Ave 69 kV,19719.0,69.0,100.0,49.7,solar,NJ,AEC,Withdrawn,gen
AI2-388,2023-03-04,Milton 69 kV,955.0,69.0,100.0,70.0,solar,PA,PPL,Withdrawn,gen
AI2-389,2023-03-04,Bluemond-Chestnut 345kV (CIR Increase) ,38481.0,345.0,88.88888888888889,300.0,wind,IL,ComEd,Withdrawn,gen
AI2-390,2023-03-04,Bluemond-Chestnut 345kV (CIR Increase),38481.0,345.0,88.88888888888889,300.0,wind,IL,ComEd,Withdrawn,gen
AI2-391,2023-03-09,Emporia-Trego 115kV,5741.0,115.0,100.0,80.0,solar,VA,Dominion,Withdrawn,gen
AI2-392,2023-03-02,Beatty-London 138 kV,56827.0,138.0,100.0,196.0,solar,OH,AEP,Withdrawn,gen
AI2-393,2023-03-02,Hickory-Moyock 230 kV,32309.0,230.0,100.0,100.0,solar,NC,Dominion,Withdrawn,gen
AI2-394,2023-03-02,Keystone-Desoto 345 kV,31985.0,345.0,92.0,200.0,wind,IN,AEP,Withdrawn,gen
AI2-395,2023-03-02,Reynolds–Olive #1 345 kV,21842.0,345.0,100.0,180.0,solar,IN,AEP,Withdrawn,gen
AI2-396,2023-03-03,Jay-Desoto 138kV,13835.0,138.0,100.0,150.0,solar,IN,AEP,Withdrawn,gen
AI2-397,2023-03-02,West Manchester-Crown 69kV,6899.0,69.0,87.0,80.0,solar,OH,AEP,Withdrawn,gen
AI2-398,2023-03-02,West Manchester 69 kV,6899.0,69.0,87.0,40.0,solar,OH,AEP,Withdrawn,gen
AI2-399,2023-03-02,Jay 138 kV,13835.0,138.0,100.0,150.0,solar,IN,AEP,Withdrawn,gen
AI2-400,2023-03-02,Crescent Ridge 138kV (CIR Increase),36137.0,138.0,87.14285714285714,72.6,wind,IL,ComEd,Withdrawn,gen
AI2-401,2023-03-02,Olive-Reynolds #1 345 kV,32980.0,345.0,100.0,200.0,hybrid,IN,AEP,Withdrawn,gen
AI2-402,2023-03-02,Kirk - Newark Center 138 kV,39333.0,138.0,100.0,107.7,solar,OH,AEP,Withdrawn,gen
AI2-403,2023-03-02,Glidden-Waterman 138 kV (CIR Increase),19239.0,138.0,68.92307692307692,81.4,solar,IL,ComEd,Withdrawn,gen
AI2-404,2023-03-02,Munfordville KU Tap-Horse Cave Jct. 69 kV,56744.0,69.0,74.73684210526315,50.0,solar,KY,EKPC,Withdrawn,gen
AI2-405,2023-03-02,Glidden-Waterman 138 kV (CIR Increase),19239.0,138.0,68.92307692307692,94.9,solar,IL,ComEd,Withdrawn,gen
AI2-407,2023-03-02,Fostoria Central 138 kV,23237.0,138.0,100.0,205.0,solar,OH,AEP,Withdrawn,gen
AI2-408,2023-03-02,Sugar Grove-Waterman 138kV,36176.0,138.0,100.0,300.0,solar,IL,ComEd,Withdrawn,gen
AI2-409,2023-03-02,Wayne-Byron 345 kV,16139.0,345.0,100.0,300.0,solar,IL,ComEd,Withdrawn,gen
AI2-410,2023-03-02,Glidden - Cherry Valley 138 kV,19239.0,138.0,68.92307692307692,118.6,solar,IL,ComEd,Withdrawn,gen
AI2-411,2023-03-02,Glidden - Waterman 138kV (CIR Increase),19239.0,138.0,68.92307692307692,95.1,solar,IL,ComEd,Withdrawn,gen
AI2-412,2023-03-02,Gateway 69 kV,30003.0,69.0,100.0,50.0,solar,IN,AEP,Withdrawn,gen
AI2-413,2023-03-02,Gateway 69 kV,30003.0,69.0,100.0,50.0,solar,IN,AEP,Withdrawn,gen
AI2-414,2023-03-02,Lynnville-South Hamburg 69 kV,12400.0,69.0,73.6842105263158,50.0,solar,PA,ME,Withdrawn,gen
AI2-415,2023-03-02,Campbell-Kiesters 138 kV,31716.0,138.0,100.0,70.0,solar,PA,APS,Withdrawn,gen
AI2-416,2023-03-02,Lexington-Dooms 230 kV,32885.0,230.0,100.0,200.0,solar,VA,Dominion,Withdrawn,gen
AI2-417,2023-03-02,Wayne 345kV (CIR Increase),16139.0,345.0,100.0,200.0,solar,IL,ComEd,Withdrawn,gen
AI2-418,2023-03-02,Sowers 138 kV,29401.0,138.0,83.33333333333334,100.0,solar,IN,AEP,Withdrawn,gen
AI2-419,2023-03-02,Oak Grove – Saunders DP 230 kV,31454.0,230.0,100.0,100.0,solar,VA,Dominion,Withdrawn,gen
AI2-420,2023-03-02,Crego Road 138kV (CIR Increase),5372.0,138.0,66.66666666666667,100.0,hybrid,IL,ComEd,Withdrawn,gen
AI2-421,2023-03-02,Varner 345 kV,30929.0,345.0,66.66666666666667,180.0,solar,IN,AEP,Withdrawn,gen
AI2-422,2023-03-02,Jay 138 kV,13835.0,138.0,100.0,50.0,solar,IN,AEP,Withdrawn,gen
AI2-423,2023-03-02,Jay 69 kV,13835.0,69.0,92.0,50.0,solar,IN,AEP,Withdrawn,gen
AI2-424,2023-03-02,Sorenson 345 kV,36327.0,345.0,100.0,111.8,solar,IN,AEP,Withdrawn,gen
AI2-425,2023-03-02,Sorenson 345 kV,36327.0,345.0,100.0,160.0,solar,IN,AEP,Withdrawn,gen
AI2-426,2023-03-02,Allen - RP Mone 345 kV,12592.0,345.0,100.0,180.0,solar,IN,AEP,Withdrawn,gen
AI2-427,2023-03-02,Hazelton - Kirk 138 kV,7036.0,138.0,76.92307692307692,110.0,solar,OH,AEP,Withdrawn,gen
AI2-428,2023-03-09,Crescent Ridge 138kV (CIR Increase),36137.0,138.0,87.14285714285714,88.7,wind,IL,ComEd,Withdrawn,gen
AI2-429,2023-03-09,Mendota Hills 138 kV,40249.0,138.0,69.48717948717947,76.1,wind,IL,ComEd,Withdrawn,gen
AI2-430,2023-03-09,Auburn 69 kV,12608.0,69.0,92.0,11.0,solar,IN,AEP,Withdrawn,gen
AI2-431,2023-03-10,Larrabee Collector Station 230 kV,26786.0,230.0,83.33333333333333,2138.85,wind,NJ,JCPL,Withdrawn,gen
AI2-432,2023-03-09,Philipsburg-Clarence 34.5 kV II,14704.0,34.5,92.0,20.0,solar,PA,PENELEC,Withdrawn,gen
AI2-433,2023-03-09,Dubois-Curwensville 34.5 kV II,14004.0,34.5,92.0,20.0,solar,PA,PENELEC,Withdrawn,gen
AI2-434,2023-03-09,,,138.0,0.0,20.0,hybrid,PA,PPL,Withdrawn,gen
AI2-435,2023-03-09,South Hamburg – St. Peters Village 69 kV,32696.0,69.0,70.0,20.0,hybrid,PA,ME,Withdrawn,gen
AI2-436,2023-03-09,Luthersburg - Curwensville 34.5 kV,14731.0,34.5,68.19047619047619,20.0,hybrid,PA,PENELEC,Withdrawn,gen
AI2-437,2023-03-10,Glen Gardner - Washington 34.5 kV,29179.0,34.5,92.0,20.0,solar,NJ,JCPL,Withdrawn,gen
AI2-438,2023-03-10,Apple Valley 138kV,16471.0,138.0,80.0,150.0,solar,OH,AEP,Withdrawn,gen
AI2-439,2023-03-10,Philipsburg 115 kV,14704.0,115.0,100.0,237.0,hybrid,PA,PENELEC,Withdrawn,gen
AI2-440,2023-03-10,Phillipsburg 115 kV,14704.0,115.0,95.65217391304348,257.0,hybrid,PA,PENELEC,Withdrawn,gen
AI2-441,2023-03-10,Salem - Beacon Power 69 kV,23484.0,69.0,100.0,100.0,hybrid,PA,PPL,Withdrawn,gen
AI2-442,2023-03-10,Salem-Beacon Power 69 kV,23484.0,69.0,100.0,120.0,hybrid,PA,PPL,Withdrawn,gen
AI2-443,2023-03-10,North Longview 500 kV,13310.0,500.0,100.0,300.0,hybrid,PA,APS,Withdrawn,gen
AI2-444,2023-03-10,Rum Creek 138kV,39939.0,138.0,89.0909090909091,59.5,hybrid,WV,AEP,Withdrawn,gen
AI2-445,2023-03-10,Parsons - William 138 kV,4483.0,138.0,100.0,148.0,hybrid,WV,APS,Withdrawn,gen
AI2-446,2023-03-10,Medera - Westover South 115 kV,13960.0,115.0,72.72727272727273,150.0,hybrid,PA,PENELEC,Withdrawn,gen
AI2-447,2023-03-10,Hillsboro-Wildcat 138kV,13098.0,138.0,100.0,150.0,solar,OH,AEP,Withdrawn,gen
AI2-448,2023-03-10,Curdsville-Willis Mtn 115 kV,14234.0,115.0,80.0,100.0,solar,VA,Dominion,Withdrawn,gen
AI2-449,2023-03-10,Disputanta-Poe 115 kV,33452.0,115.0,100.0,100.0,solar,VA,Dominion,Withdrawn,gen
AI2-450,2023-03-11,DeSoto-Keystone 345 kV,36331.0,345.0,100.0,100.0,wind,IN,AEP,Withdrawn,gen
AI2-451,2023-03-11,Givens - Mechanicsburg 138 kV,38718.0,138.0,79.47368421052632,38.5,solar,OH,Dayton,Withdrawn,gen
AI2-452,2023-03-11,Gunn Road 345 kV,16330.0,345.0,62.5,130.0,solar,OH,AEP,Withdrawn,gen
AI2-453,2023-03-11,Givens - Mechanicsburg 138 kV,38718.0,138.0,79.47368421052632,78.0,solar,OH,Dayton,Withdrawn,gen
AI2-454,2023-03-11,Mazon-Oglesby 138kV (CIR Increase) ,38382.0,138.0,80.0,116.0,solar,IL,ComEd,Withdrawn,gen
AI2-455,2023-03-11,W4-005 345kV (CIR Increase) ,,345.0,0.0,306.0,wind,PA,ComEd,Withdrawn,gen
AI2-456,2023-03-11,Birchwood - Fines Corner 230 kV,32817.0,230.0,100.0,150.0,storage,VA,Dominion,Withdrawn,battery
AI2-457,2023-03-11,Morgantown 230 kV,12825.0,230.0,100.0,1122.0,storage,MD,PEPCO,Withdrawn,battery
AI2-458,2023-03-11,Bernville 34.5 kV 1,41497.0,34.5,92.0,20.0,solar,PA,ME,Withdrawn,gen
AI2-459,2023-03-11,Bernville 34.5 kV 2,41497.0,34.5,92.0,20.0,solar,PA,ME,Withdrawn,gen
AI2-460,2023-03-10,AD1-100 345kV (CIR Increase),14503.0,345.0,58.66666666666667,150.0,solar,IL,ComEd,Withdrawn,gen
AI2-461,2023-03-10,Wilton Center - Loretto 345 kV(CIR Increase),14129.0,345.0,88.0,850.0,wind,IL,ComEd,Withdrawn,gen
AI2-462,2023-03-10,AD1-100 345kV (CIR Increase),14503.0,345.0,58.66666666666667,150.0,solar,IL,ComEd,Withdrawn,gen
AI2-463,2023-03-10,Laurelton-Mifflinburg 69 kV,16031.0,69.0,80.0,20.0,solar,PA,PPL,Withdrawn,gen
AI2-464,2023-03-10,	 Laurelton-Mifflinburg 69 kV,16031.0,69.0,80.0,20.0,solar,PA,PPL,Withdrawn,gen
AI2-465,2023-03-10,Laurelton - Mifflinburg 69 kV,16031.0,69.0,80.0,20.0,solar,PA,PPL,Withdrawn,gen
AI2-466,2023-03-11,Laurelton - Mifflinburg 69 kV,16031.0,69.0,80.0,20.0,solar,PA,PPL,Withdrawn,gen
AI2-467,2023-03-11,Maysville 138 kV,38712.0,138.0,86.73684210526316,20.0,solar,PA,ATSI,Withdrawn,gen
AI2-468,2023-03-11,Summit Road 12.5 kV,13599.0,12.5,82.0,20.0,solar,PA,ATSI,Withdrawn,gen
AI2-469,2023-03-11,Mercer 12.5 kV,19249.0,12.5,92.0,20.0,solar,PA,ATSI,Withdrawn,gen
AI2-470,2023-03-11,Mercer 12.5 kV,19249.0,12.5,92.0,20.0,solar,PA,ATSI,Withdrawn,gen
AI2-471,2023-03-10,Montour 230 kV,13418.0,230.0,100.0,101.6,solar,PA,PPL,Withdrawn,gen
AI2-472,2023-03-10,Montour 230 kV,13418.0,230.0,100.0,50.0,solar,PA,PPL,Withdrawn,gen
AI2-473,2023-03-10,Montour 230 kV,13418.0,230.0,100.0,100.0,solar,PA,PPL,Withdrawn,gen
AI2-474,2023-03-10,Montour 230 kV,13418.0,230.0,100.0,120.0,solar,PA,PPL,Withdrawn,gen
AI2-475,2023-03-10,Montour 230 kV,13418.0,230.0,100.0,140.0,solar,PA,PPL,Withdrawn,gen
AI2-476,2023-03-10,Snake Spring 115 kV,14233.0,115.0,100.0,20.0,solar,PA,PENELEC,Withdrawn,gen
AI2-477,2023-03-10,Snake Spring 115 kV II,14233.0,115.0,100.0,20.0,solar,PA,PENELEC,Withdrawn,gen
AI2-478,2023-03-11,Snake Spring 115 kV III,14233.0,115.0,100.0,20.0,solar,PA,PENELEC,Withdrawn,gen
AI2-479,2023-03-11,Snake Spring 115 kV,14233.0,115.0,100.0,20.0,solar,PA,PENELEC,Withdrawn,gen
AI2-480,2023-03-11,Crawford 34.5 kV,5372.0,34.5,72.0,20.0,solar,PA,PENELEC,Withdrawn,gen
AI2-481,2023-03-11,Union City - French Road 12.5kV,34635.0,12.5,92.0,20.0,solar,PA,PENELEC,Withdrawn,gen
AI2-482,2023-03-07,Copperstone-North Lebanon 230 kV IV,42819.0,230.0,100.0,100.0,solar,PA,ME,Withdrawn,gen
AI2-483,2023-03-07,Heath 69 kV,50480.0,69.0,83.63636363636364,22.4,storage,OH,AEP,Withdrawn,battery
AI2-484,2023-03-10,Heidelberg 69 kV,15606.0,69.0,100.0,20.0,solar,PA,PPL,Withdrawn,gen
AI2-485,2023-03-10,Bruin Junction - Petrol Junction 25 kV,32419.0,25.0,65.6842105263158,14.0,solar,PA,APS,Withdrawn,gen
AI2-486,2023-03-10,Bethelboro - Connellsville 25 kV,32289.0,25.0,92.0,14.0,solar,PA,APS,Withdrawn,gen
AI2-487,2023-03-10,Kewanee-Hennepin Tap 138kV ,12052.0,138.0,93.33333333333333,200.0,wind,IL,ComEd,Withdrawn,gen
AI2-488,2023-03-10,Electric Junction - Nelson 345kV (CIR Increase),30040.0,345.0,76.92307692307692,200.0,wind,IL,ComEd,Withdrawn,gen
AI2-489,2023-03-10,Keystone-Desoto 345 kV,31985.0,345.0,92.0,200.0,wind,IN,AEP,Withdrawn,gen
AI2-490,2023-03-10,Frostburg 138 kV ,32189.0,138.0,94.54545454545455,80.0,wind,MD,APS,Withdrawn,gen
AI2-491,2023-03-10,East Lima-Marysville 345kV,38941.0,345.0,100.0,250.0,wind,OH,AEP,Withdrawn,gen
AI2-492,2023-03-10,Deer Creek-Fisher Body-Mullin 138kV,13730.0,138.0,100.0,200.0,wind,IN,AEP,Withdrawn,gen
AI2-493,2023-03-11,New Baltimore 115kV (Stony Creek),22058.0,115.0,92.0,52.5,wind,PA,PENELEC,Withdrawn,gen
AI2-494 5271400,2023-03-24,PJM-TVA,31685.0,138.0,57.14285714285714,,other,,,Withdrawn,gen
AJ1-001,2023-04-21,Boydton DP 115 kV,33037.0,115.0,63.1578947368421,50.0,storage,VA,Dominion,Withdrawn,battery
AJ1-002,2023-04-21,North River Delivery Point 115 kV,42288.0,115.0,81.41176470588235,100.0,storage,VA,Dominion,Withdrawn,battery
AJ1-003,2023-04-21,Palmer Springs 115 kV,11036.0,115.0,74.85714285714286,100.0,storage,VA,Dominion,Withdrawn,battery
AJ1-004 5279789,2023-05-01,PJM-TVA,31685.0,138.0,57.14285714285714,,other,,,Withdrawn,gen
AJ1-005 5279793,2023-05-01,PJM-TVA,31685.0,138.0,57.14285714285714,,other,,,Withdrawn,gen
AJ1-006 5279794,2023-05-02,PJM-TVA,31685.0,138.0,57.14285714285714,,other,,,Withdrawn,gen
AJ1-007 5279795,2023-05-02,PJM-TVA,31685.0,138.0,57.14285714285714,,other,,,Withdrawn,gen
AJ1-008,2023-05-08,Zimmer 345 kV,40504.0,345.0,100.0,800.0,hybrid,OH,DEOK,Withdrawn,gen
AJ1-009,2023-05-18,,,138.0,0.0,60.0,storage,NJ,PSEG,Withdrawn,battery
AJ1-010,2023-05-22,Racine - Sarah Lane 69 kV,29393.0,69.0,92.0,35.0,solar,WV,AEP,Withdrawn,gen
AJ1-011,2023-05-24,Waukegan Unit 7 CIR Transfer,14396.0,138.0,71.07142857142857,328.0,storage,IL,ComEd,Withdrawn,battery
AJ1-012,2023-05-24,Waukegan Unit 8 CIR Transfer,,138.0,0.0,354.4,storage,IL,ComEd,Withdrawn,battery
AJ1-013,2023-05-24,Will County Unit 4 CIR Transfer,265.0,138.0,80.64516129032258,250.0,storage,IL,ComEd,Withdrawn,battery
AJ1-014,2023-05-24,Will County Unit 4 CIR Transfer,265.0,138.0,80.64516129032258,260.0,storage,IL,ComEd,Withdrawn,battery
AJ1-015,2023-06-02,Larrabee Collector 230 kV,26786.0,230.0,83.33333333333333,1342.0,wind,NJ,JCPL,Withdrawn,gen
AJ1-016,2023-06-07,Cambria Slope 115 kV,13597.0,115.0,76.92307692307692,100.0,storage,PA,PENELEC,Withdrawn,battery
AJ1-018,2023-06-22,Bishopville – Worcester 138 kV,16035.0,138.0,75.0,39.0,hybrid,MD,DPL,Withdrawn,gen
AJ1-019,2023-06-28,Bell Avenue 115 kV,14634.0,115.0,82.35294117647058,100.0,storage,VA,Dominion,Withdrawn,battery
AJ1-020,2023-06-30,St. Johns – Woodpecker 115 kV,33103.0,115.0,100.0,86.38,solar,VA,Dominion,Withdrawn,gen
AJ1-021,2023-06-30,Woodpecker – Slabtown 115 kV,33132.0,115.0,100.0,16.2,solar,VA,Dominion,Withdrawn,gen
AJ1-022,2023-06-30,Kerr Dam - Henderson NC 115 kV,33274.0,115.0,100.0,49.0,solar,VA,Dominion,Withdrawn,gen
AJ1-023,2023-06-30,Trumbull 345 kV,23138.0,345.0,58.66666666666667,1010.0,gas,OH,ATSI,Withdrawn,gen
AJ1-024 5294080,2023-07-05,PJM-TVA,31685.0,138.0,57.14285714285714,,other,,,Withdrawn,gen
AJ1-025 5294081,2023-07-06,PJM-TVA,31685.0,138.0,57.14285714285714,,other,,,Withdrawn,gen
AJ1-026 5294082,2023-07-06,PJM-TVA,31685.0,138.0,57.14285714285714,,other,,,Withdrawn,gen
AJ1-027 5294084,2023-07-06,PJM-TVA,31685.0,138.0,57.14285714285714,,other,,,Withdrawn,gen
AJ1-028 5294085,2023-07-06,PJM-TVA,31685.0,138.0,57.14285714285714,,other,,,Withdrawn,gen
AJ1-029 5294090,2023-07-06,PJM-TVA,31685.0,138.0,57.14285714285714,,other,,,Withdrawn,gen
AJ1-030 5294092,2023-07-05,PJM-TVA,31685.0,138.0,57.14285714285714,,other,,,Withdrawn,gen
AJ1-031 5294093,2023-07-06,PJM-TVA,31685.0,138.0,57.14285714285714,,other,,,Withdrawn,gen
AJ1-032 5294095,2023-07-06,PJM-TVA,31685.0,138.0,57.14285714285714,,other,,,Withdrawn,gen
AJ1-033 5294096,2023-07-05,PJM-TVA,31685.0,138.0,57.14285714285714,,other,,,Withdrawn,gen
AJ1-034 5294097,2023-07-06,PJM-TVA,31685.0,138.0,57.14285714285714,,other,,,Withdrawn,gen
AJ1-035 5294098,2023-07-06,PJM-TVA,31685.0,138.0,57.14285714285714,,other,,,Withdrawn,gen
AJ1-037,2023-07-08,Northeast - CP Crane 115 kV,32041.0,115.0,100.0,500.0,storage,MD,BGE,Withdrawn,battery
AJ1-038,2023-06-29,Penniman 34.5 kV,6052.0,34.5,86.11764705882352,33.0,storage,VA,Dominion,Withdrawn,battery
1003606,2008-09-11,FE-PJM,,138.0,0.0,208.0,other,,,Withdrawn,gen
1041672,2008-11-20,PJM-TVA,31685.0,138.0,57.14285714285714,106.0,other,,,Confirmed,gen
1041677,2008-11-20,PJM-TVA,31685.0,138.0,57.14285714285714,90.0,other,,,Withdrawn,gen
1041678,2008-11-20,PJM-TVA,31685.0,138.0,57.14285714285714,52.0,other,,,Confirmed,gen
1070958,2009-01-06,PJM-FE,31685.0,138.0,57.14285714285714,100.0,other,,,Confirmed,gen
1070959,2009-01-06,PJM-FE,31685.0,138.0,57.14285714285714,42.0,other,,,Confirmed,gen
1070962,2009-01-06,PJM-FE,31685.0,138.0,57.14285714285714,100.0,other,,,Confirmed,gen
1070966,2009-01-06,PJM-FE,31685.0,138.0,57.14285714285714,142.0,other,,,Confirmed,gen
1070967,2009-01-06,PJM-FE,31685.0,138.0,57.14285714285714,50.0,other,,,Confirmed,gen
1091513,2009-01-29,OVEC-PJM,34641.0,138.0,66.66666666666667,68.0,other,,,Confirmed,gen
1091532,2009-01-29,OVEC-PJM,34641.0,138.0,66.66666666666667,11.0,other,,,Confirmed,gen
1091549,2009-01-29,OVEC-PJM,34641.0,138.0,66.66666666666667,203.0,other,,,Confirmed,gen
1115220,2009-03-03,PJM-AMIL,31685.0,138.0,57.14285714285714,250.0,other,,,Confirmed,gen
1119633,2009-03-10,OVEC-PJM,34641.0,138.0,66.66666666666667,142.0,other,,,Confirmed,gen
1119653,2009-03-10,OVEC-PJM,34641.0,138.0,66.66666666666667,118.0,other,,,Confirmed,gen
1121578,2009-03-12,PJM-WEC,31685.0,138.0,57.14285714285714,10.0,other,,,Confirmed,gen
1129395,2009-03-25,PJM-MECS,31685.0,138.0,57.14285714285714,100.0,other,,,Confirmed,gen
1132597,2009-03-25,PJM-MECS,31685.0,138.0,57.14285714285714,25.0,other,,,Confirmed,gen
1132611,2009-03-25,PJM-FE,31685.0,138.0,57.14285714285714,38.0,other,,,Confirmed,gen
1134215,2009-04-01,FE-PJM,,138.0,0.0,200.0,other,,,Annulled,gen
1134216,2009-04-01,FE-PJM,,138.0,0.0,300.0,other,,,Annulled,gen
1134217,2009-04-01,FE-PJM,,138.0,0.0,200.0,other,,,Annulled,gen
1134219,2009-04-01,FE-PJM,,138.0,0.0,300.0,other,,,Annulled,gen
1180629,2009-06-16,DUK-PJM,14503.0,138.0,66.66666666666667,50.0,other,,,Confirmed,gen
1251680,2009-11-02,PJM-TVA,31685.0,138.0,57.14285714285714,600.0,other,,,Confirmed,gen
1252025,2009-11-02,PJM-CIN,31685.0,138.0,57.14285714285714,100.0,other,,,Confirmed,gen
1252026,2009-11-02,PJM-CIN,31685.0,138.0,57.14285714285714,100.0,other,,,Confirmed,gen
1252090,2009-11-02,PJM-ALTW,31685.0,138.0,57.14285714285714,50.0,other,,,Confirmed,gen
1252092,2009-11-02,PJM-ALTW,31685.0,138.0,57.14285714285714,65.0,other,,,Confirmed,gen
1252093,2009-11-02,PJM-ALTW,31685.0,138.0,57.14285714285714,149.0,other,,,Confirmed,gen
1252097,2009-11-02,PJM-ALTE,31685.0,138.0,57.14285714285714,40.0,other,,,Confirmed,gen
1252098,2009-11-02,PJM-ALTE,31685.0,138.0,57.14285714285714,50.0,other,,,Confirmed,gen
1252099,2009-11-02,PJM-ALTE,31685.0,138.0,57.14285714285714,50.0,other,,,Confirmed,gen
4183678,2012-04-19,DUK-PJM,14503.0,138.0,66.66666666666667,50.0,other,,,Confirmed,gen
4244941,2012-04-26,PJM-TVA,31685.0,138.0,57.14285714285714,200.0,other,,,Confirmed,gen
501061,2006-07-31,PJM-NYIS,31685.0,138.0,57.14285714285714,500.0,other,,,Withdrawn,gen
510942,2006-11-16,,,138.0,0.0,,other,,,Annulled,gen
520948,2007-01-05,PJM-NYIS,31685.0,138.0,57.14285714285714,26.0,other,,,Confirmed,gen
520949,2007-01-05,PJM-NYIS,31685.0,138.0,57.14285714285714,26.0,other,,,Confirmed,gen
520950,2007-01-05,PJM-NYIS,31685.0,138.0,57.14285714285714,26.0,other,,,Confirmed,gen
529891,2007-03-08,,,138.0,0.0,,other,,,Annulled,gen
531601,2007-03-06,OVEC-PJM,34641.0,138.0,66.66666666666667,253.0,other,,,Confirmed,gen
531604,2007-02-15,OVEC_PJM,,138.0,0.0,210.0,other,,,Confirmed,gen
531616,2007-02-15,FE-PJM,,138.0,0.0,2510.0,other,,,Withdrawn,gen
531617,2007-02-15,FE-PJM,,138.0,0.0,1940.0,other,,,Withdrawn,gen
532696,2007-02-19,PJM-CIN,31685.0,138.0,57.14285714285714,300.0,other,,,Withdrawn,gen
539601,2007-03-20,,,138.0,0.0,,other,,,Withdrawn,gen
554476,2007-05-08,,,138.0,0.0,,other,,,Confirmed,gen
554497,2007-05-08,,,138.0,0.0,,other,,,Confirmed,gen
554504,2007-05-08,,,138.0,0.0,,other,,,Confirmed,gen
554507,2007-05-08,,,138.0,0.0,,other,,,Confirmed,gen
554509,2007-05-08,,,138.0,0.0,,other,,,Confirmed,gen
554950,2007-05-08,LGEE-PJM,4036.0,138.0,85.71428571428572,63.0,other,,,Confirmed,gen
564527,2007-05-30,,,138.0,0.0,,other,,,Confirmed,gen
564533,2007-05-30,,,138.0,0.0,,other,,,Confirmed,gen
564538,2007-05-30,,,138.0,0.0,,other,,,Confirmed,gen
564539,2007-05-30,,,138.0,0.0,,other,,,Confirmed,gen
564543,2007-05-30,,,138.0,0.0,,other,,,Confirmed,gen
564544,2007-05-30,,,138.0,0.0,,other,,,Confirmed,gen
564878,2007-05-30,,,138.0,0.0,,other,,,Confirmed,gen
564884,2007-05-30,,,138.0,0.0,,other,,,Confirmed,gen
564895,2007-05-30,,,138.0,0.0,,other,,,Confirmed,gen
564938,2007-05-30,,,138.0,0.0,,other,,,Confirmed,gen
564940,2007-05-30,,,138.0,0.0,,other,,,Confirmed,gen
565380,2007-05-31,,,138.0,0.0,,other,,,Confirmed,gen
568552,2007-06-01,PJM.AP-PJM.DPL,38646.0,138.0,61.53846153846154,125.0,other,,,Withdrawn,gen
568554,2007-06-01,PJM.AP-PJM.PSEG,38646.0,138.0,61.53846153846154,125.0,other,,,Withdrawn,gen
568555,2007-06-01,PJM.AP-PJM.PSEG,38646.0,138.0,61.53846153846154,125.0,other,,,Withdrawn,gen
568556,2007-06-01,PJM.AP-PJM.PPL,38646.0,138.0,61.53846153846154,125.0,other,,,Withdrawn,gen
568557,2007-06-01,PJM.AP-PJM.PPL,38646.0,138.0,61.53846153846154,125.0,other,,,Withdrawn,gen
708103,2007-06-15,PJM-CPLE,31685.0,138.0,57.14285714285714,89.0,other,,,Confirmed,gen
811046,2007-09-20,PJM_MECS,,138.0,0.0,50.0,other,,,Confirmed,gen
811048,2007-09-20,PJM_MECS,,138.0,0.0,50.0,other,,,Confirmed,gen
811061,2007-09-20,PJM_MECS,,138.0,0.0,50.0,other,,,Confirmed,gen
811067,2007-09-20,PJM_MECS,,138.0,0.0,20.0,other,,,Confirmed,gen
811071,2007-09-20,PJM_MECS,,138.0,0.0,50.0,other,,,Confirmed,gen
811073,2007-09-20,PJM_MECS,,138.0,0.0,27.0,other,,,Confirmed,gen
811074,2007-09-20,PJM_MECS,,138.0,0.0,27.0,other,,,Confirmed,gen
811075,2007-09-20,PJM_MECS,,138.0,0.0,50.0,other,,,Confirmed,gen
811080,2007-09-20,PJM_MECS,,138.0,0.0,100.0,other,,,Confirmed,gen
811082,2007-09-20,PJM_MECS,,138.0,0.0,50.0,other,,,Confirmed,gen
811086,2007-09-20,PJM-FE,31685.0,138.0,57.14285714285714,50.0,other,,,Confirmed,gen
811089,2007-09-20,PJM-FE,31685.0,138.0,57.14285714285714,100.0,other,,,Confirmed,gen
811092,2007-09-20,PJM-FE,31685.0,138.0,57.14285714285714,50.0,other,,,Confirmed,gen
811095,2007-09-20,PJM-FE,31685.0,138.0,57.14285714285714,50.0,other,,,Confirmed,gen
811097,2007-09-20,PJM-FE,31685.0,138.0,57.14285714285714,50.0,other,,,Confirmed,gen
811101,2007-09-20,PJM-FE,31685.0,138.0,57.14285714285714,50.0,other,,,Confirmed,gen
811105,2007-09-20,PJM-AMIL,31685.0,138.0,57.14285714285714,250.0,other,,,Withdrawn,gen
816850,2007-10-04,PJM-ALTE,31685.0,138.0,57.14285714285714,15.0,other,,,Confirmed,gen
818965,2007-10-10,PJM-TVA,31685.0,138.0,57.14285714285714,180.0,other,,,Confirmed,gen
818967,2007-10-10,PJM-TVA,31685.0,138.0,57.14285714285714,138.0,other,,,Confirmed,gen
818976,2007-10-10,PJM-TVA,31685.0,138.0,57.14285714285714,600.0,other,,,Confirmed,gen
825955,2007-10-30,PJM-AMIL,31685.0,138.0,57.14285714285714,250.0,other,,,Confirmed,gen
847949,2007-12-27,PJM-MEC,31685.0,138.0,57.14285714285714,50.0,other,,,Confirmed,gen
863796,2008-01-31,,,138.0,0.0,,other,,,Withdrawn,gen
863799,2008-01-31,,,138.0,0.0,,other,,,Withdrawn,gen
866859,2008-02-06,ALTE-PJM,48484.0,138.0,80.0,468.0,other,,,Withdrawn,gen
869320,2008-02-12,PJM-FE,31685.0,138.0,57.14285714285714,100.0,other,,,Confirmed,gen
869642,2008-02-12,PJM-FE,31685.0,138.0,57.14285714285714,42.0,other,,,Confirmed,gen
869803,2008-02-12,PJM-FE,31685.0,138.0,57.14285714285714,100.0,other,,,Confirmed,gen
893173,2008-03-31,OVEC-PJM-FE,34641.0,138.0,66.66666666666667,462.0,other,,,Confirmed,gen
893692,2008-04-01,FE-PJM,,138.0,0.0,300.0,other,,,Confirmed,gen
893694,2008-04-01,FE-PJM,,138.0,0.0,200.0,other,,,Confirmed,gen
893702,2008-04-01,FE-PJM,,138.0,0.0,300.0,other,,,Confirmed,gen
893704,2008-04-01,FE-PJM,,138.0,0.0,200.0,other,,,Confirmed,gen
894765,2008-04-03,PJM-CIN,31685.0,138.0,57.14285714285714,100.0,other,,,Confirmed,gen
894769,2008-04-03,PJM-CIN,31685.0,138.0,57.14285714285714,100.0,other,,,Confirmed,gen
894770,2008-04-03,PJM-CIN,31685.0,138.0,57.14285714285714,100.0,other,,,Confirmed,gen
894774,2008-04-03,PJM-CIN,31685.0,138.0,57.14285714285714,100.0,other,,,Confirmed,gen
903384,2008-04-25,PJM-WEC,31685.0,138.0,57.14285714285714,320.0,other,,,Confirmed,gen
988887,2008-09-10,PJM-CIN,31685.0,138.0,57.14285714285714,20.0,other,,,Confirmed,gen
994856,2008-09-18,PJM-TVA,31685.0,138.0,57.14285714285714,138.0,other,,,Withdrawn,gen
994857,2008-09-18,PJM-TVA,31685.0,138.0,57.14285714285714,90.0,other,,,Withdrawn,gen
994858,2008-09-18,PJM-TVA,31685.0,138.0,57.14285714285714,90.0,other,,,Withdrawn,gen
