project_id,queue_date,poi_sub_id,poi_kv,poi_name,project_type,fuel,mw,state,zone_id,source
Q11-0001,2011-01-01,5339,138.0,Clayburn 138 kV,gen,gas,523.5,New Jersey,9,synthetic
Q11-0002,2011-01-03,19936,100.0,Tewksbury 100 kV,gen,wind,159.3,Ohio,30,synthetic
Q11-0003,2011-01-08,18622,138.0,Glennville 138 kV,gen,wind,212.9,West Virginia,28,synthetic
Q11-0004,2011-01-13,22749,230.0,San Marcos 230 kV,gen,gas,329.0,Indiana,33,synthetic
Q11-0005,2011-01-16,5875,138.0,Shelby 138 kV,gen,solar,49.8,New Jersey,9,synthetic
Q11-0006,2011-01-28,10074,138.0,Royse 138 kV,gen,gas,1119.2,Virginia,15,synthetic
Q11-0007,2011-01-31,5609,138.0,Renaissance Station 138 kV,gen,wind,179.6,New Jersey,9,synthetic
Q11-0008,2011-02-08,22965,230.0,Lower Granite 230 kV,gen,wind,180.0,Illinois,34,synthetic
Q11-0009,2011-02-09,9621,138.0,Rosholt Cwec 138 kV,gen,gas,286.1,Virginia,14,synthetic
Q11-0010,2011-02-09,9230,138.0,Santa Maria Cogen 138 kV,gen,other,181.3,Virginia,14,synthetic
Q11-0011,2011-02-14,9793,138.0,Baraga Vlg 138 kV,gen,solar,141.4,Virginia,15,synthetic
Q11-0012,2011-02-14,9778,138.0,Barlow 138 kV,gen,wind,327.6,Virginia,15,synthetic
Q11-0013,2011-02-24,7282,138.0,Pinkerton 138 kV,load,load,217.7,Pennsylvania,11,synthetic
Q11-0014,2011-03-03,18805,100.0,Hamilton Hydro 100 kV,gen,solar,157.5,Ohio,29,synthetic
Q11-0015,2011-03-09,17178,138.0,Nelson Cable 138 kV,gen,gas,543.8,Kentucky,27,synthetic
Q11-0016,2011-03-09,10644,138.0,Dooley 138 kV,gen,gas,565.8,North Carolina,16,synthetic
Q11-0017,2011-03-15,21664,230.0,Palisades 230 kV,gen,solar,51.2,Michigan,32,synthetic
Q11-0018,2011-03-15,22868,100.0,Wommack 100 kV,gen,gas,364.5,Illinois,34,synthetic
Q11-0019,2011-03-21,10268,138.0,Sharpe 138 kV,gen,gas,372.4,Virginia,15,synthetic
Q11-0020,2011-03-24,17772,138.0,Rhinelander Paper 138 kV,gen,wind,67.3,Kentucky,27,synthetic
Q11-0021,2011-03-25,10259,138.0,Four Rivers 138 kV,gen,solar,54.7,Virginia,15,synthetic
Q11-0022,2011-03-28,5912,138.0,O'Neil 138 kV,gen,solar,85.8,New Jersey,9,synthetic
Q11-0023,2011-03-29,10214,138.0,Macho Springs 138 kV,gen,gas,326.1,Virginia,15,synthetic
Q11-0024,2011-04-06,7716,138.0,Celery 138 kV,load,load,197.4,Pennsylvania,11,synthetic
Q11-0025,2011-04-11,10187,138.0,Ni River Dp 138 kV,gen,wind,183.3,Virginia,15,synthetic
Q11-0026,2011-04-14,22965,100.0,Lower Granite 100 kV,battery,storage,158.3,Illinois,34,synthetic
Q11-0027,2011-04-19,10132,138.0,Gosport 138 kV,gen,gas,95.7,Virginia,15,synthetic
Q11-0028,2011-04-20,18211,138.0,Feagan'S Mill 138 kV,gen,gas,57.8,West Virginia,28,synthetic
Q11-0029,2011-04-20,7937,138.0,Texas Eastern 138 kV,gen,gas,169.4,Pennsylvania,11,synthetic
Q11-0030,2011-04-23,9397,138.0,West Winchester 138 kV,gen,solar,171.8,Virginia,14,synthetic
Q11-0031,2011-04-25,5945,500.0,Bl England Station 500 kV,gen,gas,302.3,New Jersey,9,synthetic
Q11-0032,2011-04-28,18477,138.0,Dresden Drive 138 kV,load,load,357.2,West Virginia,28,synthetic
Q11-0033,2011-04-29,7506,138.0,Oxford Dam 138 kV,gen,solar,98.7,Pennsylvania,11,synthetic
Q11-0034,2011-05-02,5303,138.0,Sparwood 138 kV,gen,gas,1500.0,New Jersey,9,synthetic
Q11-0035,2011-05-13,22400,100.0,Pendleton 100 kV,gen,wind,209.5,Indiana,33,synthetic
Q11-0036,2011-05-15,7238,138.0,Diamond Hill 138 kV,load,load,193.4,Pennsylvania,11,synthetic
Q11-0037,2011-05-17,9542,138.0,Roanoke 138 kV,gen,solar,491.3,Virginia,14,synthetic
Q11-0038,2011-05-21,9740,138.0,National City 138 kV,gen,gas,966.1,Virginia,15,synthetic
Q11-0039,2011-05-29,22595,100.0,Grandview Ave 100 kV,gen,gas,514.7,Indiana,33,synthetic
Q11-0040,2011-06-11,8239,138.0,Drexel 138 kV,gen,wind,198.2,Pennsylvania,11,synthetic
Q11-0041,2011-06-12,23508,230.0,Dresden Generating Station 230 kV,gen,gas,513.3,Illinois,34,synthetic
Q11-0042,2011-06-19,23316,100.0,Clearlake 100 kV,gen,other,38.8,Illinois,34,synthetic
Q11-0043,2011-06-20,10643,138.0,Filer 138 kV,gen,solar,122.3,North Carolina,16,synthetic
Q11-0044,2011-06-30,20143,100.0,Greenidge Generation Llc 100 kV,gen,other,6.1,Ohio,30,synthetic
Q11-0045,2011-07-20,18401,138.0,Gate Ii 138 kV,gen,other,213.6,West Virginia,28,synthetic
Q11-0046,2011-07-21,7086,138.0,Invermere 138 kV,gen,solar,383.2,Pennsylvania,10,synthetic
Q11-0047,2011-07-23,6547,138.0,Underwood 138 kV,gen,wind,107.0,Pennsylvania,10,synthetic
Q11-0048,2011-07-24,22765,500.0,Mount Holly 500 kV,gen,gas,844.0,Indiana,33,synthetic
Q11-0049,2011-07-29,7330,138.0,West -Station 138 kV,gen,wind,124.8,Pennsylvania,11,synthetic
Q11-0050,2011-07-29,7512,138.0,Kenedy 138 kV,gen,solar,41.0,Pennsylvania,11,synthetic
Q11-0051,2011-08-07,22495,100.0,Elyslan 100 kV,gen,gas,373.3,Indiana,33,synthetic
Q11-0052,2011-08-10,10222,138.0,Fayette Plant 2 138 kV,gen,other,97.9,Virginia,15,synthetic
Q11-0053,2011-08-15,9141,138.0,East Longmeadow 138 kV,gen,gas,744.1,Virginia,14,synthetic
Q11-0054,2011-08-15,9532,138.0,Starkey 138 kV,load,load,220.0,Virginia,14,synthetic
Q11-0055,2011-08-19,18759,100.0,Pisgah 100 kV,load,load,76.5,Ohio,29,synthetic
Q11-0056,2011-08-19,8878,138.0,Searsburg 138 kV,gen,gas,1130.5,Maryland,13,synthetic
Q11-0057,2011-08-24,9312,138.0,Tarkio 138 kV,gen,wind,288.7,Virginia,14,synthetic
Q11-0058,2011-08-27,7014,138.0,North Alvin 138 kV,gen,solar,59.2,Pennsylvania,10,synthetic
Q11-0059,2011-08-30,22096,100.0,Juno Beach 100 kV,battery,storage,64.6,Indiana,33,synthetic
Q11-0060,2011-09-04,8534,138.0,St Bonifacius 138 kV,gen,gas,114.3,Maryland,13,synthetic
Q11-0061,2011-09-06,19642,100.0,West Salem 100 kV,battery,storage,74.5,Ohio,30,synthetic
Q11-0062,2011-09-12,9386,138.0,International Paper Livermore Hydro 138 kV,gen,solar,49.7,Virginia,14,synthetic
Q11-0063,2011-09-13,22749,230.0,San Marcos 230 kV,gen,solar,184.2,Indiana,33,synthetic
Q11-0064,2011-09-17,22035,230.0,Mcmichen 230 kV,gen,wind,132.8,Indiana,33,synthetic
Q11-0065,2011-09-18,22821,100.0,Pateros 100 kV,load,load,183.2,Illinois,34,synthetic
Q11-0066,2011-09-22,22035,500.0,Mcmichen 500 kV,load,load,672.7,Indiana,33,synthetic
Q11-0067,2011-09-26,21975,100.0,Noble 100 kV,gen,wind,181.9,Indiana,33,synthetic
Q11-0068,2011-10-05,7416,138.0,Federalgen Tap 138 kV,gen,solar,102.5,Pennsylvania,11,synthetic
Q11-0069,2011-10-08,9301,345.0,Woodchuck Hill 345 kV,gen,gas,591.2,Virginia,14,synthetic
Q11-0070,2011-10-09,7181,138.0,Coronet 138 kV,gen,gas,1057.6,Pennsylvania,11,synthetic
Q11-0071,2011-10-09,22965,230.0,Lower Granite 230 kV,gen,solar,220.0,Illinois,34,synthetic
Q11-0072,2011-10-18,16190,138.0,Key Largo 138 kV,load,load,42.1,Tennessee,26,synthetic
Q11-0073,2011-10-19,9219,138.0,Reusens 138 kV,gen,solar,106.0,Virginia,14,synthetic
Q11-0074,2011-10-30,23115,100.0,Floral Park 100 kV,gen,gas,929.5,Illinois,34,synthetic
Q11-0075,2011-11-09,19587,500.0,Inyokern 500 kV,gen,solar,292.4,Ohio,29,synthetic
Q11-0076,2011-11-10,21397,100.0,Salinas 100 kV,gen,solar,112.2,Michigan,32,synthetic
Q11-0077,2011-11-16,10346,138.0,East Garden City 138 kV,load,load,390.2,North Carolina,16,synthetic
Q11-0078,2011-11-19,9660,138.0,Radford Army Ammunition Plant 138 kV,load,load,173.2,Virginia,14,synthetic
Q11-0079,2011-11-19,7211,138.0,Crescent 138 kV,gen,gas,267.8,Pennsylvania,11,synthetic
Q11-0080,2011-11-27,9909,138.0,Rio Piedras Heights83 1345 138 kV,load,load,109.9,Virginia,15,synthetic
Q11-0081,2011-11-28,9476,138.0,Cottage Grove 138 kV,gen,gas,786.0,Virginia,14,synthetic
Q11-0082,2011-11-29,18048,138.0,Beardsley 138 kV,load,load,534.7,West Virginia,28,synthetic
Q11-0083,2011-12-01,19222,100.0,Deerfield 5 100 kV,gen,wind,206.8,Ohio,29,synthetic
Q11-0084,2011-12-05,19575,100.0,Woodsdale 100 kV,gen,solar,43.0,Ohio,29,synthetic
Q11-0085,2011-12-06,16483,138.0,East Millinocket Mill 138 kV,gen,wind,111.2,Tennessee,26,synthetic
Q11-0086,2011-12-07,22868,100.0,Wommack 100 kV,gen,solar,88.0,Illinois,34,synthetic
Q11-0087,2011-12-08,21760,100.0,Lake Preston 100 kV,gen,solar,72.2,Indiana,33,synthetic
Q11-0088,2011-12-16,16972,138.0,Cartersville 138 kV,gen,other,291.4,Kentucky,27,synthetic
Q11-0089,2011-12-22,10244,138.0,Evansville Muni 138 kV,gen,other,60.3,Virginia,15,synthetic
Q11-0090,2011-12-29,9435,138.0,Champaign Oak Street 138 kV,gen,solar,79.6,Virginia,14,synthetic
Q12-0091,2012-01-06,20038,100.0,Petro Lewis 100 kV,gen,other,71.2,Ohio,30,synthetic
Q12-0092,2012-01-10,5301,138.0,Strahan 138 kV,gen,wind,285.7,New Jersey,9,synthetic
Q12-0093,2012-01-11,23449,230.0,Joliet 29 230 kV,gen,gas,210.9,Illinois,34,synthetic
Q12-0094,2012-01-16,7233,138.0,Thayer 138 kV,gen,solar,89.1,Pennsylvania,11,synthetic
Q12-0095,2012-01-21,17044,138.0,Llano Estacado 138 kV,gen,gas,130.8,Kentucky,27,synthetic
Q12-0096,2012-01-24,17298,138.0,Bay Hill 138 kV,gen,other,189.8,Kentucky,27,synthetic
Q12-0097,2012-01-29,17901,138.0,Oreg 3 Inc 138 kV,gen,wind,179.3,West Virginia,28,synthetic
Q12-0098,2012-01-31,7586,138.0,Mac Heights 138 kV,load,load,178.9,Pennsylvania,11,synthetic
Q12-0099,2012-01-31,9179,138.0,Nm Potash 1 138 kV,gen,solar,76.4,Virginia,14,synthetic
Q12-0100,2012-02-04,23508,100.0,Dresden Generating Station 100 kV,gen,gas,74.7,Illinois,34,synthetic
Q12-0101,2012-02-05,10250,138.0,Kingston Station 138 kV,gen,solar,114.8,Virginia,15,synthetic
Q12-0102,2012-02-06,7123,138.0,Foster Wheeler Mt Carmel Cogen 138 kV,gen,gas,228.3,Pennsylvania,10,synthetic
Q12-0103,2012-02-10,7217,138.0,Jerusalem 138 kV,gen,other,61.9,Pennsylvania,11,synthetic
Q12-0104,2012-02-15,6484,138.0,South Monroe 138 kV,gen,gas,229.3,Pennsylvania,10,synthetic
Q12-0105,2012-02-19,22225,100.0,West Hill 100 kV,gen,gas,1001.5,Indiana,33,synthetic
Q12-0106,2012-02-22,9728,138.0,Lawrenceville 138 kV,gen,wind,173.6,Virginia,15,synthetic
Q12-0107,2012-02-28,19154,230.0,Sierra Pacific Industries Bfp 230 kV,gen,gas,1500.0,Ohio,29,synthetic
Q12-0108,2012-03-03,9693,138.0,Wethersfield 138 kV,load,load,171.0,Virginia,15,synthetic
Q12-0109,2012-03-05,9294,138.0,Rainey 138 kV,gen,solar,143.8,Virginia,14,synthetic
Q12-0110,2012-03-08,17238,138.0,Phoenix 138 kV,gen,gas,398.4,Kentucky,27,synthetic
Q12-0111,2012-03-09,7352,138.0,Canyonlands 138 kV,gen,solar,71.6,Pennsylvania,11,synthetic
Q12-0112,2012-03-11,5563,138.0,Jamestown 138 kV,battery,storage,327.6,New Jersey,9,synthetic
Q12-0113,2012-03-18,5767,138.0,Wine Creek Station 138 kV,gen,wind,247.6,New Jersey,9,synthetic
Q12-0114,2012-03-18,19569,230.0,Wingate 230 kV,load,load,102.4,Ohio,29,synthetic
Q12-0115,2012-03-25,7819,345.0,Boulevard 345 kV,gen,wind,276.5,Pennsylvania,11,synthetic
Q12-0116,2012-04-01,18005,138.0,Covanta Delaware Valley 138 kV,gen,gas,116.0,West Virginia,28,synthetic
Q12-0117,2012-04-16,9644,138.0,Airport Rd 1 138 kV,gen,solar,141.4,Virginia,14,synthetic
Q12-0118,2012-04-17,23227,230.0,Mason Creek 230 kV,gen,solar,505.6,Illinois,34,synthetic
Q12-0119,2012-04-22,23328,230.0,Hinsons Crossroads 230 kV,gen,wind,80.0,Illinois,34,synthetic
Q12-0120,2012-04-23,24027,230.0,Tsawassen Beach Terminal 230 kV,gen,solar,330.2,Illinois,35,synthetic
Q12-0121,2012-05-01,22035,500.0,Mcmichen 500 kV,gen,gas,1500.0,Indiana,33,synthetic
Q12-0122,2012-05-05,9312,138.0,Tarkio 138 kV,gen,wind,90.0,Virginia,14,synthetic
Q12-0123,2012-05-05,8997,138.0,Scottsdale 138 kV,gen,gas,97.5,Maryland,13,synthetic
Q12-0124,2012-05-19,9192,138.0,W.A. Parish 138 kV,gen,gas,505.0,Virginia,14,synthetic
Q12-0125,2012-05-29,8981,138.0,Columbus West 138 kV,gen,gas,181.0,Maryland,13,synthetic
Q12-0126,2012-05-29,23304,230.0,Tate & Lyle Decatur Plant Cogen 230 kV,gen,wind,114.9,Illinois,34,synthetic
Q12-0127,2012-05-31,18855,100.0,La Joie 100 kV,gen,gas,211.3,Ohio,29,synthetic
Q12-0128,2012-05-31,5299,138.0,Gulfway 138 kV,gen,gas,211.1,New Jersey,9,synthetic
Q12-0129,2012-06-01,18377,345.0,New Hope Ap 345 kV,gen,gas,562.0,West Virginia,28,synthetic
Q12-0130,2012-06-04,22018,100.0,Yahuecas 8203 100 kV,gen,wind,105.3,Indiana,33,synthetic
Q12-0131,2012-06-10,24042,100.0,Hudson Avenue 100 kV,gen,wind,84.2,Illinois,35,synthetic
Q12-0132,2012-06-11,6311,138.0,Grays River 138 kV,gen,solar,77.4,Pennsylvania,10,synthetic
Q12-0133,2012-06-16,9633,138.0,Kean Mtn And Grassy Creek 138 kV,gen,solar,204.7,Virginia,14,synthetic
Q12-0134,2012-06-20,8605,138.0,Hillsboro 138 kV,load,load,140.0,Maryland,13,synthetic
Q12-0135,2012-06-26,7500,138.0,Jackson 138 kV,gen,gas,751.0,Pennsylvania,11,synthetic
Q12-0136,2012-06-26,10068,138.0,Usaa 1 138 kV,gen,gas,1014.5,Virginia,15,synthetic
Q12-0137,2012-06-29,8818,138.0,East 138 kV,gen,wind,169.5,Maryland,13,synthetic
Q12-0138,2012-07-03,7979,345.0,Kingsley 345 kV,gen,gas,1347.7,Pennsylvania,11,synthetic
Q12-0139,2012-07-06,24032,100.0,Fresh Meadows 100 kV,gen,wind,60.0,Illinois,35,synthetic
Q12-0140,2012-07-07,22207,100.0,Greensboro 100 kV,gen,wind,58.1,Indiana,33,synthetic
Q12-0141,2012-07-11,22551,100.0,Central Bluff 100 kV,load,load,49.2,Indiana,33,synthetic
Q12-0142,2012-07-11,7784,138.0,Cortland 138 kV,gen,other,37.2,Pennsylvania,11,synthetic
Q12-0143,2012-07-12,7114,500.0,Montour Station 500 kV,gen,gas,576.6,Pennsylvania,10,synthetic
Q12-0144,2012-07-19,24600,230.0,Farragut 230 kV,gen,solar,117.1,Illinois,35,synthetic
Q12-0145,2012-07-24,9633,345.0,Kean Mtn And Grassy Creek 345 kV,gen,gas,334.5,Virginia,14,synthetic
Q12-0146,2012-07-24,21719,230.0,Caliente 230 kV,gen,gas,541.0,Michigan,32,synthetic
Q12-0147,2012-07-29,22035,230.0,Mcmichen 230 kV,gen,wind,199.1,Indiana,33,synthetic
Q12-0148,2012-08-07,19422,100.0,Santa Rose Geothermal 100 kV,gen,solar,57.0,Ohio,29,synthetic
Q12-0149,2012-08-07,22999,100.0,Sim Gideon 100 kV,load,load,560.8,Illinois,34,synthetic
Q12-0150,2012-08-12,7868,138.0,South Agawam 138 kV,gen,gas,248.8,Pennsylvania,11,synthetic
Q12-0151,2012-08-12,23413,100.0,Fall Creek 100 kV,gen,gas,969.9,Illinois,34,synthetic
Q12-0152,2012-08-20,7113,138.0,Jenkins 138 kV,battery,storage,53.9,Pennsylvania,10,synthetic
Q12-0153,2012-09-01,17857,138.0,Cooper 138 kV,gen,wind,397.7,Kentucky,27,synthetic
Q12-0154,2012-09-23,9255,138.0,Beebee Island Hydro Plant 138 kV,gen,other,135.8,Virginia,14,synthetic
Q12-0155,2012-09-23,22024,230.0,Mt. Harris 230 kV,gen,gas,407.6,Indiana,33,synthetic
Q12-0156,2012-09-24,7500,138.0,Jackson 138 kV,gen,wind,246.0,Pennsylvania,11,synthetic
Q12-0157,2012-09-29,10964,69.0,Selma 69 kV,load,load,406.5,North Carolina,16,synthetic
Q12-0158,2012-09-30,22749,230.0,San Marcos 230 kV,gen,solar,333.6,Indiana,33,synthetic
Q12-0159,2012-09-30,9900,138.0,Bridge 138 kV,gen,gas,406.9,Virginia,15,synthetic
Q12-0160,2012-09-30,5309,138.0,Station G Atwater 138 kV,gen,solar,82.0,New Jersey,9,synthetic
Q12-0161,2012-09-30,7619,138.0,Whitehall 138 kV,gen,wind,256.6,Pennsylvania,11,synthetic
Q12-0162,2012-10-01,19400,100.0,South Cannon Falls 100 kV,gen,wind,137.2,Ohio,29,synthetic
Q12-0163,2012-10-18,6780,138.0,Elks 138 kV,battery,storage,186.0,Pennsylvania,10,synthetic
Q12-0164,2012-10-19,9637,345.0,Franks 345 kV,load,load,557.6,Virginia,14,synthetic
Q12-0165,2012-10-22,18690,138.0,Winfield 138 kV,gen,wind,370.6,West Virginia,28,synthetic
Q12-0166,2012-10-23,8108,138.0,Wold 138 kV,gen,gas,389.5,Pennsylvania,11,synthetic
Q12-0167,2012-10-26,18616,138.0,Washington Parish Energy Center 138 kV,gen,gas,1195.2,West Virginia,28,synthetic
Q12-0168,2012-10-27,9420,138.0,Coopers Corner 138 kV,gen,wind,95.3,Virginia,14,synthetic
Q12-0169,2012-10-27,20041,100.0,Boardman 100 kV,gen,solar,119.6,Ohio,30,synthetic
Q12-0170,2012-11-07,18732,100.0,North Haven 100 kV,gen,solar,201.0,Ohio,29,synthetic
Q12-0171,2012-11-09,7429,138.0,Cooley 138 kV,gen,gas,164.8,Pennsylvania,11,synthetic
Q12-0172,2012-11-09,19527,230.0,Sayville 230 kV,gen,wind,233.8,Ohio,29,synthetic
Q12-0173,2012-11-14,10011,138.0,Dyer Creek 138 kV,load,load,115.9,Virginia,15,synthetic
Q12-0174,2012-11-18,9778,138.0,Barlow 138 kV,gen,gas,132.6,Virginia,15,synthetic
Q12-0175,2012-11-20,23151,100.0,Penryn 100 kV,gen,gas,240.0,Illinois,34,synthetic
Q12-0176,2012-11-25,17012,345.0,Mansfield 345 kV,gen,gas,1258.7,Kentucky,27,synthetic
Q12-0177,2012-11-28,18759,100.0,Pisgah 100 kV,gen,other,8.7,Ohio,29,synthetic
Q12-0178,2012-11-29,23304,100.0,Tate & Lyle Decatur Plant Cogen 100 kV,gen,solar,36.8,Illinois,34,synthetic
Q12-0179,2012-11-30,9816,345.0,Anasco 6101 345 kV,gen,gas,555.7,Virginia,15,synthetic
Q12-0180,2012-12-03,22967,100.0,Rock Tavern 2 100 kV,gen,gas,291.6,Illinois,34,synthetic
Q12-0181,2012-12-03,23449,230.0,Joliet 29 230 kV,gen,wind,152.7,Illinois,34,synthetic
Q12-0182,2012-12-03,10218,138.0,Davis 138 kV,load,load,339.7,Virginia,15,synthetic
Q12-0183,2012-12-04,8931,138.0,Metzerott Road 138 kV,gen,gas,1212.5,Maryland,13,synthetic
Q12-0184,2012-12-04,10357,69.0,Indeck Olean Energy Center 69 kV,gen,wind,78.8,North Carolina,16,synthetic
Q12-0185,2012-12-07,22749,500.0,San Marcos 500 kV,gen,gas,1153.6,Indiana,33,synthetic
Q12-0186,2012-12-16,17759,138.0,Tom Watkins 138 kV,gen,solar,114.5,Kentucky,27,synthetic
Q12-0187,2012-12-16,9502,138.0,Pardeville 138 kV,gen,other,9.0,Virginia,14,synthetic
Q12-0188,2012-12-18,19865,230.0,Trigen St. Louis 230 kV,gen,gas,608.3,Ohio,30,synthetic
Q12-0189,2012-12-25,10279,138.0,North Anna 138 kV,gen,other,15.8,Virginia,15,synthetic
Q12-0190,2012-12-30,9965,138.0,South Glens Falls Hydroelectric 138 kV,gen,wind,215.6,Virginia,15,synthetic
Q13-0191,2013-01-02,20169,230.0,Simon Street 230 kV,gen,gas,767.6,Ohio,30,synthetic
Q13-0192,2013-01-04,9633,345.0,Kean Mtn And Grassy Creek 345 kV,gen,solar,112.9,Virginia,14,synthetic
Q13-0193,2013-01-10,18320,138.0,Glendale Heights 138 kV,gen,solar,63.9,West Virginia,28,synthetic
Q13-0194,2013-01-11,18756,100.0,Overlake 100 kV,gen,solar,89.1,Ohio,29,synthetic
Q13-0195,2013-01-14,7385,138.0,Telegraph 138 kV,gen,solar,674.2,Pennsylvania,11,synthetic
Q13-0196,2013-01-15,9716,138.0,Oliver Street 138 kV,gen,wind,113.3,Virginia,15,synthetic
Q13-0197,2013-01-17,7348,138.0,Spillway 138 kV,gen,wind,284.2,Pennsylvania,11,synthetic
Q13-0198,2013-01-20,18926,100.0,Central Florida 100 kV,gen,gas,127.2,Ohio,29,synthetic
Q13-0199,2013-02-03,23327,100.0,Geismar 100 kV,gen,solar,96.0,Illinois,34,synthetic
Q13-0200,2013-02-04,5943,138.0,Hutchinson Plant 2 138 kV,gen,wind,291.6,New Jersey,9,synthetic
Q13-0201,2013-02-04,18593,138.0,Ellington 138 kV,gen,gas,408.2,West Virginia,28,synthetic
Q13-0202,2013-02-05,9861,138.0,Shawnigan Lake 138 kV,battery,storage,74.3,Virginia,15,synthetic
Q13-0203,2013-02-12,8764,138.0,Monocacy 138 kV,gen,solar,106.3,Maryland,13,synthetic
Q13-0204,2013-02-13,9633,345.0,Kean Mtn And Grassy Creek 345 kV,gen,solar,256.8,Virginia,14,synthetic
Q13-0205,2013-02-15,22751,100.0,Castle Hills 100 kV,gen,solar,47.7,Indiana,33,synthetic
Q13-0206,2013-02-15,5208,138.0,Haskill 138 kV,gen,solar,103.1,New Jersey,9,synthetic
Q13-0207,2013-02-18,5930,345.0,Tulare 345 kV,gen,wind,170.6,New Jersey,9,synthetic
Q13-0208,2013-02-23,21800,100.0,Robison Park 2 100 kV,gen,solar,60.5,Indiana,33,synthetic
Q13-0209,2013-02-25,9571,138.0,Midpoint 138 kV,battery,storage,70.0,Virginia,14,synthetic
Q13-0210,2013-03-01,19526,100.0,Devola 100 kV,gen,wind,199.9,Ohio,29,synthetic
Q13-0211,2013-03-02,9806,138.0,Carver 138 kV,gen,gas,305.2,Virginia,15,synthetic
Q13-0212,2013-03-03,18327,138.0,Barataria 138 kV,gen,gas,164.1,West Virginia,28,synthetic
Q13-0213,2013-03-06,10696,138.0,Ghost Ranch 138 kV,load,load,91.5,North Carolina,16,synthetic
Q13-0214,2013-03-06,10240,138.0,Burris Pit 138 kV,gen,solar,354.2,Virginia,15,synthetic
Q13-0215,2013-03-06,6687,138.0,Elimsport 138 kV,gen,solar,66.7,Pennsylvania,10,synthetic
Q13-0216,2013-03-13,22014,100.0,Station A St. John 100 kV,load,load,31.3,Indiana,33,synthetic
Q13-0217,2013-03-18,22495,100.0,Elyslan 100 kV,gen,other,19.4,Indiana,33,synthetic
Q13-0218,2013-03-21,7964,138.0,Sifton 138 kV,gen,solar,491.0,Pennsylvania,11,synthetic
Q13-0219,2013-03-26,6614,138.0,North Bloomfield 138 kV,gen,wind,95.6,Pennsylvania,10,synthetic
Q13-0220,2013-03-27,17860,138.0,Baker 138 kV,gen,wind,185.1,Kentucky,27,synthetic
Q13-0221,2013-03-27,22035,230.0,Mcmichen 230 kV,gen,gas,184.5,Indiana,33,synthetic
Q13-0222,2013-03-28,21754,100.0,East Loop 100 kV,gen,solar,106.8,Indiana,33,synthetic
Q13-0223,2013-03-28,22020,100.0,Trap Falls 100 kV,gen,wind,256.0,Indiana,33,synthetic
Q13-0224,2013-04-02,23288,230.0,Thibodaux 230 kV,gen,solar,132.4,Illinois,34,synthetic
Q13-0225,2013-04-11,21397,100.0,Salinas 100 kV,gen,wind,197.3,Michigan,32,synthetic
Q13-0226,2013-04-13,8900,138.0,Solar 138 kV,gen,wind,447.2,Maryland,13,synthetic
Q13-0227,2013-04-15,18118,138.0,State Pen 138 kV,gen,gas,524.4,West Virginia,28,synthetic
Q13-0228,2013-04-24,18368,345.0,Wec 345 kV,gen,gas,1500.0,West Virginia,28,synthetic
Q13-0229,2013-04-25,18368,345.0,Wec 345 kV,gen,wind,484.8,West Virginia,28,synthetic
Q13-0230,2013-04-27,9687,138.0,Hayfield 138 kV,gen,gas,866.0,Virginia,15,synthetic
Q13-0231,2013-04-30,6764,345.0,North Wales 345 kV,gen,gas,659.1,Pennsylvania,10,synthetic
Q13-0232,2013-04-30,17423,138.0,Raco 138 kV,gen,wind,241.5,Kentucky,27,synthetic
Q13-0233,2013-05-09,22245,100.0,Sneath-Pacifica Tap 100 kV,gen,solar,46.3,Indiana,33,synthetic
Q13-0234,2013-05-10,19308,100.0,Sweeny 100 kV,gen,solar,390.7,Ohio,29,synthetic
Q13-0235,2013-05-11,10277,138.0,Possum Point 138 kV,gen,solar,38.1,Virginia,15,synthetic
Q13-0236,2013-05-20,11132,69.0,Thermo 69 kV,gen,solar,30.6,North Carolina,16,synthetic
Q13-0237,2013-05-24,9633,345.0,Kean Mtn And Grassy Creek 345 kV,gen,gas,322.1,Virginia,14,synthetic
Q13-0238,2013-05-28,20199,230.0,Ruskin 230 kV,gen,solar,47.4,Ohio,30,synthetic
Q13-0239,2013-05-29,20299,500.0,Hagan 500 kV,gen,gas,1500.0,Ohio,30,synthetic
Q13-0240,2013-06-02,22035,230.0,Mcmichen 230 kV,gen,gas,252.0,Indiana,33,synthetic
Q13-0241,2013-06-03,5318,138.0,Oak Villa 138 kV,gen,solar,149.7,New Jersey,9,synthetic
Q13-0242,2013-06-07,5653,138.0,Kellerville 138 kV,gen,gas,550.3,New Jersey,9,synthetic
Q13-0243,2013-06-08,24600,500.0,Farragut 500 kV,gen,solar,460.1,Illinois,35,synthetic
Q13-0244,2013-06-09,20035,100.0,Belle Vista 100 kV,gen,wind,133.2,Ohio,30,synthetic
Q13-0245,2013-06-11,21995,100.0,Desoto 100 kV,load,load,124.0,Indiana,33,synthetic
Q13-0246,2013-06-16,9219,138.0,Reusens 138 kV,gen,wind,446.4,Virginia,14,synthetic
Q13-0247,2013-06-29,17462,138.0,Jamacha 138 kV,gen,wind,214.7,Kentucky,27,synthetic
Q13-0248,2013-07-03,6693,138.0,Rosemark 138 kV,gen,gas,318.8,Pennsylvania,10,synthetic
Q13-0249,2013-07-04,9336,138.0,Skungamaug 138 kV,gen,gas,575.2,Virginia,14,synthetic
Q13-0250,2013-07-05,22399,100.0,Meadowbrook 100 kV,gen,solar,203.4,Indiana,33,synthetic
Q13-0251,2013-07-06,17275,138.0,Madisonville 138 kV,gen,solar,30.6,Kentucky,27,synthetic
Q13-0252,2013-07-17,16959,138.0,Mtu 138 kV,gen,other,21.8,Kentucky,27,synthetic
Q13-0253,2013-07-19,5838,138.0,Arizona 138 kV,gen,solar,199.1,New Jersey,9,synthetic
Q13-0254,2013-07-19,22551,100.0,Central Bluff 100 kV,gen,wind,259.8,Indiana,33,synthetic
Q13-0255,2013-07-24,9979,138.0,East Astoria 138 kV,gen,solar,72.7,Virginia,15,synthetic
Q13-0256,2013-07-29,23330,100.0,Lake Ida 100 kV,gen,other,26.5,Illinois,34,synthetic
Q13-0257,2013-07-30,22021,100.0,Rossmoor Tap 2 100 kV,gen,solar,220.2,Indiana,33,synthetic
Q13-0258,2013-07-31,16484,138.0,Cumberland 2 138 kV,gen,wind,170.0,Tennessee,26,synthetic
Q13-0259,2013-08-05,17570,138.0,West Paintsville 138 kV,gen,solar,145.1,Kentucky,27,synthetic
Q13-0260,2013-08-06,10643,138.0,Filer 138 kV,gen,gas,457.7,North Carolina,16,synthetic
Q13-0261,2013-08-12,5801,138.0,Churchtown 138 kV,gen,solar,219.3,New Jersey,9,synthetic
Q13-0262,2013-08-18,9563,138.0,Seattle City North 138 kV,gen,gas,820.4,Virginia,14,synthetic
Q13-0263,2013-08-18,5609,345.0,Renaissance Station 345 kV,gen,gas,196.0,New Jersey,9,synthetic
Q13-0264,2013-09-01,9745,138.0,Brockport 138 kV,gen,gas,124.2,Virginia,15,synthetic
Q13-0265,2013-09-05,22987,100.0,Greeley 100 kV,gen,wind,210.7,Illinois,34,synthetic
Q13-0266,2013-09-07,5786,138.0,Passaic Valley Water Commission 138 kV,gen,solar,81.1,New Jersey,9,synthetic
Q13-0267,2013-09-07,19338,230.0,Sw 5Th 230 kV,gen,wind,220.8,Ohio,29,synthetic
Q13-0268,2013-09-08,9928,138.0,South Christianburg 138 kV,gen,gas,1500.0,Virginia,15,synthetic
Q13-0269,2013-09-13,9419,138.0,Lolo 138 kV,gen,wind,81.2,Virginia,14,synthetic
Q13-0270,2013-09-14,22035,230.0,Mcmichen 230 kV,gen,other,34.0,Indiana,33,synthetic
Q13-0271,2013-09-17,18683,345.0,Jim Hill 345 kV,gen,gas,160.4,West Virginia,28,synthetic
Q13-0272,2013-09-18,22797,230.0,East Beloit 230 kV,gen,solar,127.5,Illinois,34,synthetic
Q13-0273,2013-09-18,19531,100.0,Bristers 100 kV,gen,solar,67.2,Ohio,29,synthetic
Q13-0274,2013-09-21,8687,138.0,Addy 138 kV,gen,wind,113.3,Maryland,13,synthetic
Q13-0275,2013-09-27,7553,138.0,Butler 138 kV,gen,solar,76.2,Pennsylvania,11,synthetic
Q13-0276,2013-10-03,22035,230.0,Mcmichen 230 kV,gen,solar,54.9,Indiana,33,synthetic
Q13-0277,2013-10-10,6732,138.0,Middle Fork 138 kV,load,load,39.9,Pennsylvania,10,synthetic
Q13-0278,2013-10-10,10186,138.0,Collierville Gate 138 kV,load,load,62.4,Virginia,15,synthetic
Q13-0279,2013-10-10,20223,230.0,Williamsport 230 kV,battery,storage,113.4,Ohio,30,synthetic
Q13-0280,2013-10-13,22789,100.0,Arsenal Hill 100 kV,gen,solar,62.3,Illinois,34,synthetic
Q13-0281,2013-10-16,7181,138.0,Coronet 138 kV,gen,wind,169.0,Pennsylvania,11,synthetic
Q13-0282,2013-10-17,24606,500.0,Top Crop 500 kV,gen,gas,743.0,Illinois,35,synthetic
Q13-0283,2013-10-21,5592,138.0,Brownlee 138 kV,load,load,228.1,New Jersey,9,synthetic
Q13-0284,2013-10-25,9243,345.0,Huntington Court 345 kV,gen,gas,419.0,Virginia,14,synthetic
Q13-0285,2013-10-27,18696,138.0,Mountaineer Wind Energy Center 138 kV,gen,wind,389.0,West Virginia,28,synthetic
Q13-0286,2013-10-28,25115,100.0,Elm West 100 kV,gen,wind,252.1,Wisconsin,36,synthetic
Q13-0287,2013-11-02,18372,138.0,Coalinga 2 138 kV,gen,solar,58.3,West Virginia,28,synthetic
Q13-0288,2013-11-04,8222,345.0,Luxor 345 kV,gen,gas,536.2,Pennsylvania,11,synthetic
Q13-0289,2013-11-07,18290,138.0,Latrobe 138 kV,gen,gas,785.9,West Virginia,28,synthetic
Q13-0290,2013-11-08,19648,230.0,Aes Columbia Power 230 kV,gen,gas,936.8,Ohio,30,synthetic
Q13-0291,2013-11-08,23498,230.0,Hooksink 230 kV,gen,other,105.1,Illinois,34,synthetic
Q13-0292,2013-11-10,8504,138.0,Pingree 138 kV,gen,wind,168.3,Maryland,13,synthetic
Q13-0293,2013-11-17,9884,345.0,Braddock 345 kV,gen,solar,294.7,Virginia,15,synthetic
Q13-0294,2013-11-20,10279,345.0,North Anna 345 kV,gen,gas,752.3,Virginia,15,synthetic
Q13-0295,2013-11-21,6467,138.0,Eklutna Generation Station 138 kV,gen,other,114.1,Pennsylvania,10,synthetic
Q13-0296,2013-11-22,19827,100.0,City Of Bryan 100 kV,gen,solar,85.3,Ohio,30,synthetic
Q13-0297,2013-11-25,8170,138.0,Toone 138 kV,gen,wind,121.1,Pennsylvania,11,synthetic
Q13-0298,2013-11-27,18282,138.0,Fort St Vrain 138 kV,gen,wind,302.5,West Virginia,28,synthetic
Q13-0299,2013-12-06,9827,138.0,Agua Mansa 138 kV,load,load,32.9,Virginia,15,synthetic
Q13-0300,2013-12-24,18690,138.0,Winfield 138 kV,gen,solar,171.9,West Virginia,28,synthetic
Q14-0301,2014-01-01,7681,138.0,Piney 138 kV,load,load,29.8,Pennsylvania,11,synthetic
Q14-0302,2014-01-02,23119,100.0,Brightwaters 100 kV,gen,solar,105.6,Illinois,34,synthetic
Q14-0303,2014-01-04,9159,138.0,Deen 138 kV,gen,gas,959.8,Virginia,14,synthetic
Q14-0304,2014-01-05,10264,345.0,Bear Island 345 kV,gen,gas,169.5,Virginia,15,synthetic
Q14-0305,2014-01-07,18471,138.0,Cibolo 138 kV,gen,gas,1129.2,West Virginia,28,synthetic
Q14-0306,2014-01-08,17391,138.0,Harris Dam 138 kV,gen,other,60.2,Kentucky,27,synthetic
Q14-0307,2014-01-09,23111,100.0,Ocracoke 100 kV,gen,solar,141.2,Illinois,34,synthetic
Q14-0308,2014-01-11,17040,138.0,Kimberly Clark 138 kV,gen,gas,295.6,Kentucky,27,synthetic
Q14-0309,2014-01-14,9728,138.0,Lawrenceville 138 kV,gen,solar,109.0,Virginia,15,synthetic
Q14-0310,2014-01-17,19177,100.0,Greenwood Solar Farm 100 kV,gen,other,22.1,Ohio,29,synthetic
Q14-0311,2014-01-18,7896,138.0,Greenwood 138 kV,gen,wind,160.1,Pennsylvania,11,synthetic
Q14-0312,2014-01-19,8326,138.0,Cottonwood 138 kV,gen,gas,264.5,Delaware,12,synthetic
Q14-0313,2014-01-19,18063,138.0,Meadow Bridge 138 kV,gen,solar,175.0,West Virginia,28,synthetic
Q14-0314,2014-01-21,10193,138.0,Trans Bay Cable Facility 138 kV,battery,storage,159.4,Virginia,15,synthetic
Q14-0315,2014-01-22,23235,100.0,Mid-Georgia Cogeneration Facility 100 kV,load,load,52.9,Illinois,34,synthetic
Q14-0316,2014-01-22,22595,100.0,Grandview Ave 100 kV,gen,wind,222.3,Indiana,33,synthetic
Q14-0317,2014-01-23,22035,230.0,Mcmichen 230 kV,gen,solar,76.6,Indiana,33,synthetic
Q14-0318,2014-01-24,23884,100.0,Carson County 100 kV,gen,wind,165.4,Illinois,35,synthetic
Q14-0319,2014-01-29,10027,138.0,Sisk 138 kV,gen,wind,204.6,Virginia,15,synthetic
Q14-0320,2014-02-08,22983,100.0,Commonwealth Edison Des Plaines 2 100 kV,gen,gas,126.8,Illinois,34,synthetic
Q14-0321,2014-02-08,5613,138.0,San Justo 138 kV,gen,solar,84.4,New Jersey,9,synthetic
Q14-0322,2014-02-11,19134,500.0,Fishhawk 500 kV,gen,gas,869.7,Ohio,29,synthetic
Q14-0323,2014-02-19,5803,138.0,Deepwater 138 kV,gen,other,179.9,New Jersey,9,synthetic
Q14-0324,2014-02-20,7389,138.0,Goodyear Lake Plant 138 kV,gen,solar,61.3,Pennsylvania,11,synthetic
Q14-0325,2014-02-25,21762,100.0,Palm Harbor 100 kV,gen,other,41.7,Indiana,33,synthetic
Q14-0326,2014-02-26,22872,100.0,Sun Prairie 100 kV,load,load,79.3,Illinois,34,synthetic
Q14-0327,2014-03-02,22018,100.0,Yahuecas 8203 100 kV,gen,gas,168.2,Indiana,33,synthetic
Q14-0328,2014-03-09,6939,138.0,Bemidji 138 kV,gen,solar,107.5,Pennsylvania,10,synthetic
Q14-0329,2014-03-15,5510,138.0,Trenton 138 kV,gen,solar,66.7,New Jersey,9,synthetic
Q14-0330,2014-03-22,9335,138.0,Moonshine 138 kV,gen,gas,50.0,Virginia,14,synthetic
Q14-0331,2014-03-22,7630,138.0,Marshall Dam 138 kV,gen,gas,79.3,Pennsylvania,11,synthetic
Q14-0332,2014-03-25,8450,345.0,Hardwick 345 kV,gen,gas,1207.5,Maryland,13,synthetic
Q14-0333,2014-03-26,9133,138.0,Palm Springs 138 kV,gen,solar,326.4,Virginia,14,synthetic
Q14-0334,2014-03-29,7582,138.0,5069 Univ. Catolica 138 kV,gen,wind,229.1,Pennsylvania,11,synthetic
Q14-0335,2014-04-03,9387,138.0,Galesburg Monmouth Boulevard 138 kV,gen,gas,295.7,Virginia,14,synthetic
Q14-0336,2014-04-09,22965,100.0,Lower Granite 100 kV,gen,other,24.0,Illinois,34,synthetic
Q14-0337,2014-04-15,9630,138.0,Merret 138 kV,gen,gas,582.4,Virginia,14,synthetic
Q14-0338,2014-04-20,9506,138.0,Checkpoint 138 kV,load,load,84.1,Virginia,14,synthetic
Q14-0339,2014-04-23,24041,100.0,Iron Works 100 kV,gen,wind,135.6,Illinois,35,synthetic
Q14-0340,2014-05-02,19580,230.0,Woodland Biomass Tap 230 kV,gen,solar,88.7,Ohio,29,synthetic
Q14-0341,2014-05-04,5231,138.0,Mount Jackson D.P 138 kV,gen,gas,105.5,New Jersey,9,synthetic
Q14-0342,2014-05-05,8499,345.0,Redman 345 kV,gen,gas,689.3,Maryland,13,synthetic
Q14-0343,2014-05-06,9185,138.0,Hood 138 kV,gen,solar,130.4,Virginia,14,synthetic
Q14-0344,2014-05-08,21804,100.0,Nambe 100 kV,gen,solar,278.6,Indiana,33,synthetic
Q14-0345,2014-05-10,22594,100.0,Factor 1 8011 100 kV,gen,wind,160.7,Indiana,33,synthetic
Q14-0346,2014-05-15,8944,138.0,Southtown 138 kV,gen,gas,112.0,Maryland,13,synthetic
Q14-0347,2014-05-17,19594,230.0,Muskingum River 230 kV,gen,gas,356.2,Ohio,29,synthetic
Q14-0348,2014-05-17,8293,138.0,Asphalt Mines 138 kV,gen,gas,1075.8,Delaware,12,synthetic
Q14-0349,2014-05-19,23227,230.0,Mason Creek 230 kV,gen,gas,411.0,Illinois,34,synthetic
Q14-0350,2014-05-23,23491,100.0,Fisk Street 100 kV,gen,solar,45.7,Illinois,34,synthetic
Q14-0351,2014-05-23,10279,138.0,North Anna 138 kV,gen,wind,186.5,Virginia,15,synthetic
Q14-0352,2014-05-24,7958,138.0,Mcconnellsburg 138 kV,gen,solar,166.2,Pennsylvania,11,synthetic
Q14-0353,2014-05-24,21763,100.0,Waynedale 100 kV,gen,wind,265.5,Indiana,33,synthetic
Q14-0354,2014-06-02,22018,100.0,Yahuecas 8203 100 kV,gen,solar,174.9,Indiana,33,synthetic
Q14-0355,2014-06-03,10354,138.0,Greens Road 138 kV,gen,wind,295.3,North Carolina,16,synthetic
Q14-0356,2014-06-09,20033,230.0,West Austintown 230 kV,gen,gas,153.2,Ohio,30,synthetic
Q14-0357,2014-06-12,19417,230.0,Knollwood 230 kV,gen,wind,329.3,Ohio,29,synthetic
Q14-0358,2014-06-13,23508,500.0,Dresden Generating Station 500 kV,gen,gas,502.0,Illinois,34,synthetic
Q14-0359,2014-06-15,9043,138.0,Clermont East 138 kV,gen,other,23.9,Maryland,13,synthetic
Q14-0360,2014-06-20,9793,138.0,Baraga Vlg 138 kV,gen,other,13.4,Virginia,15,synthetic
Q14-0361,2014-06-26,9399,138.0,Chaparral 138 kV,gen,wind,169.6,Virginia,14,synthetic
Q14-0362,2014-06-27,23302,500.0,South Hall 500 kV,gen,gas,357.2,Illinois,34,synthetic
Q14-0363,2014-06-29,10026,138.0,Pearsall 138 kV,gen,gas,556.5,Virginia,15,synthetic
Q14-0364,2014-06-29,23127,100.0,Goodhue Solar 100 kV,gen,wind,78.4,Illinois,34,synthetic
Q14-0365,2014-07-04,7233,345.0,Thayer 345 kV,gen,wind,306.3,Pennsylvania,11,synthetic
Q14-0366,2014-07-15,9619,138.0,Burtt Road 138 kV,gen,wind,95.2,Virginia,14,synthetic
Q14-0367,2014-07-16,9633,345.0,Kean Mtn And Grassy Creek 345 kV,gen,gas,295.1,Virginia,14,synthetic
Q14-0368,2014-07-19,23176,100.0,Bonney Lake 100 kV,gen,solar,78.0,Illinois,34,synthetic
Q14-0369,2014-07-20,8324,138.0,Pensacola 138 kV,gen,solar,229.0,Delaware,12,synthetic
Q14-0370,2014-07-27,17749,138.0,School Street 138 kV,gen,solar,277.4,Kentucky,27,synthetic
Q14-0371,2014-07-28,8700,138.0,Pit 5 Tap 138 kV,battery,storage,173.5,Maryland,13,synthetic
Q14-0372,2014-07-29,9152,138.0,Viking 138 kV,gen,solar,74.7,Virginia,14,synthetic
Q14-0373,2014-07-30,10123,138.0,Shipyard 138 kV,gen,other,70.1,Virginia,15,synthetic
Q14-0374,2014-07-31,9633,138.0,Kean Mtn And Grassy Creek 138 kV,gen,solar,49.3,Virginia,14,synthetic
Q14-0375,2014-08-07,21983,230.0,Delena 230 kV,gen,gas,347.7,Indiana,33,synthetic
Q14-0376,2014-08-07,19648,230.0,Aes Columbia Power 230 kV,gen,gas,1500.0,Ohio,30,synthetic
Q14-0377,2014-08-09,22035,230.0,Mcmichen 230 kV,gen,solar,467.4,Indiana,33,synthetic
Q14-0378,2014-08-12,9275,138.0,Borger 138 kV,gen,gas,253.3,Virginia,14,synthetic
Q14-0379,2014-08-15,21769,100.0,Huntertown 100 kV,gen,gas,243.4,Indiana,33,synthetic
Q14-0380,2014-08-16,24612,500.0,Cadiz 500 kV,load,load,325.6,Illinois,35,synthetic
Q14-0381,2014-08-30,9639,138.0,Denver City 138 kV,gen,solar,82.2,Virginia,14,synthetic
Q14-0382,2014-08-30,22902,100.0,Albion Road 100 kV,battery,storage,115.2,Illinois,34,synthetic
Q14-0383,2014-09-02,5753,138.0,Markham 138 kV,gen,wind,129.8,New Jersey,9,synthetic
Q14-0384,2014-09-03,7974,138.0,Lake Alfred 138 kV,gen,solar,130.0,Pennsylvania,11,synthetic
Q14-0385,2014-09-06,23017,100.0,Balch 1 100 kV,gen,gas,297.1,Illinois,34,synthetic
Q14-0386,2014-09-12,23498,230.0,Hooksink 230 kV,gen,solar,153.1,Illinois,34,synthetic
Q14-0387,2014-09-12,25468,100.0,Tiger 100 kV,gen,solar,75.4,Wisconsin,36,synthetic
Q14-0388,2014-09-22,20259,100.0,Plum Street 100 kV,gen,wind,242.5,Ohio,30,synthetic
Q14-0389,2014-09-22,20130,100.0,Clyde Hill 100 kV,gen,solar,27.6,Ohio,30,synthetic
Q14-0390,2014-09-22,7251,138.0,Charleroi 138 kV,gen,solar,140.6,Pennsylvania,11,synthetic
Q14-0391,2014-09-25,9380,138.0,Penhook 138 kV,gen,wind,160.9,Virginia,14,synthetic
Q14-0392,2014-09-27,9638,345.0,Clinch River 345 kV,gen,wind,413.9,Virginia,14,synthetic
Q14-0393,2014-09-29,22220,230.0,Eupora 230 kV,gen,wind,336.7,Indiana,33,synthetic
Q14-0394,2014-10-10,9793,138.0,Baraga Vlg 138 kV,gen,solar,54.6,Virginia,15,synthetic
Q14-0395,2014-10-14,8652,138.0,Talbert Tap 138 kV,load,load,216.7,Maryland,13,synthetic
Q14-0396,2014-10-14,9159,138.0,Deen 138 kV,gen,wind,87.1,Virginia,14,synthetic
Q14-0397,2014-10-15,18242,138.0,Westex 138 kV,gen,gas,750.6,West Virginia,28,synthetic
Q14-0398,2014-11-01,9156,138.0,Daytona Beach 138 kV,gen,wind,252.1,Virginia,14,synthetic
Q14-0399,2014-11-03,8905,138.0,Black Mesa 138 kV,gen,solar,223.6,Maryland,13,synthetic
Q14-0400,2014-11-06,10279,345.0,North Anna 345 kV,gen,gas,560.3,Virginia,15,synthetic
Q14-0401,2014-11-08,9243,345.0,Huntington Court 345 kV,gen,wind,327.0,Virginia,14,synthetic
Q14-0402,2014-11-10,19154,230.0,Sierra Pacific Industries Bfp 230 kV,gen,gas,223.7,Ohio,29,synthetic
Q14-0403,2014-11-11,17399,138.0,Mountain Avenue 138 kV,load,load,108.8,Kentucky,27,synthetic
Q14-0404,2014-11-14,10262,138.0,Electric Avenue Facility 138 kV,gen,other,44.8,Virginia,15,synthetic
Q14-0405,2014-11-19,21664,230.0,Palisades 230 kV,gen,wind,75.4,Michigan,32,synthetic
Q14-0406,2014-11-24,20280,230.0,Troy Energy Llc 230 kV,gen,wind,187.9,Ohio,30,synthetic
Q14-0407,2014-11-24,21807,100.0,Carmel Hill 100 kV,gen,solar,273.3,Indiana,33,synthetic
Q14-0408,2014-11-25,17660,138.0,Berlin 5 138 kV,gen,gas,365.7,Kentucky,27,synthetic
Q14-0409,2014-12-01,9638,345.0,Clinch River 345 kV,gen,gas,234.5,Virginia,14,synthetic
Q14-0410,2014-12-02,6734,138.0,Silver Peak 138 kV,gen,wind,210.6,Pennsylvania,10,synthetic
Q14-0411,2014-12-05,9542,138.0,Roanoke 138 kV,gen,wind,338.7,Virginia,14,synthetic
Q14-0412,2014-12-05,22782,100.0,Friendsville 100 kV,gen,wind,151.2,Illinois,34,synthetic
Q14-0413,2014-12-05,9613,138.0,Elverta-Cherrybrooke 138 kV,gen,solar,164.9,Virginia,14,synthetic
Q14-0414,2014-12-05,18088,138.0,Sawgrass 138 kV,gen,wind,600.0,West Virginia,28,synthetic
Q14-0415,2014-12-11,8673,138.0,Westlake 138 kV,gen,solar,71.0,Maryland,13,synthetic
Q14-0416,2014-12-20,22035,230.0,Mcmichen 230 kV,load,load,88.8,Indiana,33,synthetic
Q14-0417,2014-12-21,22965,230.0,Lower Granite 230 kV,gen,gas,1500.0,Illinois,34,synthetic
Q14-0418,2014-12-22,8536,138.0,Gunpowder 138 kV,gen,wind,220.3,Maryland,13,synthetic
Q14-0419,2014-12-27,9243,345.0,Huntington Court 345 kV,gen,wind,324.1,Virginia,14,synthetic
Q14-0420,2014-12-28,17008,138.0,Bradshaw-Grant Line 138 kV,gen,gas,1500.0,Kentucky,27,synthetic
Q15-0421,2015-01-04,23227,230.0,Mason Creek 230 kV,gen,solar,81.1,Illinois,34,synthetic
Q15-0422,2015-01-06,10285,138.0,Jennings Lodge 138 kV,gen,gas,869.2,Virginia,15,synthetic
Q15-0423,2015-01-11,9238,138.0,Cloverdale 138 kV,gen,solar,159.1,Virginia,14,synthetic
Q15-0424,2015-01-16,6783,138.0,Upper Providence 138 kV,gen,solar,118.2,Pennsylvania,10,synthetic
Q15-0425,2015-01-17,23512,500.0,Zion 500 kV,gen,gas,1083.8,Illinois,34,synthetic
Q15-0426,2015-01-17,8841,345.0,Twinbrook 345 kV,gen,solar,304.0,Maryland,13,synthetic
Q15-0427,2015-01-18,9431,138.0,Wec 3 138 kV,battery,storage,83.6,Virginia,14,synthetic
Q15-0428,2015-01-21,10103,138.0,Frio Town 138 kV,battery,storage,122.2,Virginia,15,synthetic
Q15-0429,2015-01-21,11146,345.0,Person 345 kV,gen,gas,1500.0,North Carolina,16,synthetic
Q15-0430,2015-01-24,9645,138.0,Harrisonburg 138 kV,gen,wind,196.4,Virginia,14,synthetic
Q15-0431,2015-01-24,20278,230.0,Moffett 230 kV,gen,solar,193.1,Ohio,30,synthetic
Q15-0432,2015-01-25,19059,100.0,North Park 100 kV,gen,solar,128.3,Ohio,29,synthetic
Q15-0433,2015-01-31,19740,100.0,Nottingham 100 kV,gen,solar,104.1,Ohio,30,synthetic
Q15-0434,2015-02-07,23227,230.0,Mason Creek 230 kV,gen,wind,374.5,Illinois,34,synthetic
Q15-0435,2015-02-15,6839,138.0,Lake Road Mo 138 kV,gen,wind,422.2,Pennsylvania,10,synthetic
Q15-0436,2015-02-16,8499,345.0,Redman 345 kV,gen,solar,147.5,Maryland,13,synthetic
Q15-0437,2015-02-20,7463,138.0,Molex 138 kV,gen,wind,81.6,Pennsylvania,11,synthetic
Q15-0438,2015-02-22,18569,138.0,Graham 138 kV,gen,solar,269.2,West Virginia,28,synthetic
Q15-0439,2015-02-24,18692,345.0,State Line Combined Cycle 345 kV,load,load,213.3,West Virginia,28,synthetic
Q15-0440,2015-02-25,7520,138.0,Belvedere 138 kV,gen,wind,91.5,Pennsylvania,11,synthetic
Q15-0441,2015-03-02,23349,100.0,Applied Materials 100 kV,gen,gas,52.6,Illinois,34,synthetic
Q15-0442,2015-03-04,22971,100.0,Sunrise 100 kV,battery,storage,90.9,Illinois,34,synthetic
Q15-0443,2015-03-05,21744,230.0,River Bend 230 kV,gen,other,135.5,Indiana,33,synthetic
Q15-0444,2015-03-15,9930,138.0,Southampton Power Station 138 kV,gen,solar,271.1,Virginia,15,synthetic
Q15-0445,2015-03-20,8879,138.0,West Pawhuska 138 kV,gen,solar,254.6,Maryland,13,synthetic
Q15-0446,2015-03-20,20103,100.0,Otter Valley 100 kV,gen,solar,190.7,Ohio,30,synthetic
Q15-0447,2015-03-20,5724,138.0,Peyton 138 kV,gen,solar,81.6,New Jersey,9,synthetic
Q15-0448,2015-03-24,6095,138.0,Multitrade Of Pittsylvania Lp 138 kV,gen,gas,125.6,Pennsylvania,10,synthetic
Q15-0449,2015-03-25,21682,230.0,Fermi 230 kV,gen,gas,680.3,Michigan,32,synthetic
Q15-0450,2015-03-30,22297,100.0,Hondo Creek 100 kV,gen,solar,115.5,Indiana,33,synthetic
Q15-0451,2015-04-01,9006,138.0,Fmc 138 kV,gen,wind,78.9,Maryland,13,synthetic
Q15-0452,2015-04-02,20299,500.0,Hagan 500 kV,gen,gas,263.0,Ohio,30,synthetic
Q15-0453,2015-04-05,17217,345.0,Buckeye Canada 345 kV,gen,solar,93.3,Kentucky,27,synthetic
Q15-0454,2015-04-05,9633,345.0,Kean Mtn And Grassy Creek 345 kV,gen,wind,334.6,Virginia,14,synthetic
Q15-0455,2015-04-11,22376,100.0,Olive 100 kV,gen,gas,230.4,Indiana,33,synthetic
Q15-0456,2015-04-12,22749,230.0,San Marcos 230 kV,load,load,133.6,Indiana,33,synthetic
Q15-0457,2015-04-13,5561,138.0,Segs 7 138 kV,battery,storage,71.0,New Jersey,9,synthetic
Q15-0458,2015-04-16,6002,138.0,Rec Laprairie 138 kV,gen,solar,108.7,New Jersey,9,synthetic
Q15-0459,2015-04-17,23395,100.0,West River Road 100 kV,gen,solar,71.8,Illinois,34,synthetic
Q15-0460,2015-04-18,7254,138.0,Clubhouse 138 kV,gen,wind,354.8,Pennsylvania,11,synthetic
Q15-0461,2015-04-22,21664,230.0,Palisades 230 kV,gen,solar,161.9,Michigan,32,synthetic
Q15-0462,2015-04-26,16945,138.0,Us Ord Depot-Herlong 138 kV,gen,solar,73.7,Kentucky,27,synthetic
Q15-0463,2015-04-26,10279,345.0,North Anna 345 kV,gen,gas,1056.2,Virginia,15,synthetic
Q15-0464,2015-04-27,5221,138.0,Singleton 138 kV,gen,solar,82.0,New Jersey,9,synthetic
Q15-0465,2015-04-27,9399,345.0,Chaparral 345 kV,gen,gas,611.8,Virginia,14,synthetic
Q15-0466,2015-04-28,24211,100.0,Ocana 100 kV,gen,solar,150.9,Illinois,35,synthetic
Q15-0467,2015-04-29,8627,138.0,Littleton 138 kV,gen,solar,210.4,Maryland,13,synthetic
Q15-0468,2015-04-29,21796,230.0,Robison Park 230 kV,gen,wind,124.1,Indiana,33,synthetic
Q15-0469,2015-04-30,21664,230.0,Palisades 230 kV,load,load,224.1,Michigan,32,synthetic
Q15-0470,2015-05-01,22749,500.0,San Marcos 500 kV,gen,gas,922.5,Indiana,33,synthetic
Q15-0471,2015-05-02,11146,345.0,Person 345 kV,gen,gas,353.3,North Carolina,16,synthetic
Q15-0472,2015-05-03,22035,230.0,Mcmichen 230 kV,gen,solar,152.2,Indiana,33,synthetic
Q15-0473,2015-05-06,9133,138.0,Palm Springs 138 kV,gen,gas,491.4,Virginia,14,synthetic
Q15-0474,2015-05-06,5930,500.0,Tulare 500 kV,gen,solar,119.2,New Jersey,9,synthetic
Q15-0475,2015-05-08,9751,138.0,Oshkosh 138 kV,gen,solar,133.4,Virginia,15,synthetic
Q15-0476,2015-05-10,7940,138.0,Hickory Creek 138 kV,gen,solar,73.6,Pennsylvania,11,synthetic
Q15-0477,2015-05-11,18502,138.0,Thatcher Junction 138 kV,gen,solar,268.3,West Virginia,28,synthetic
Q15-0478,2015-05-12,19620,230.0,Nord 230 kV,gen,gas,1359.8,Ohio,30,synthetic
Q15-0479,2015-05-13,9638,138.0,Clinch River 138 kV,gen,solar,75.1,Virginia,14,synthetic
Q15-0480,2015-05-26,17876,138.0,Ketchum 138 kV,gen,wind,261.9,West Virginia,28,synthetic
Q15-0481,2015-05-28,8362,138.0,Delevan 138 kV,gen,solar,69.4,Delaware,12,synthetic
Q15-0482,2015-05-30,19902,100.0,Fostoria 100 kV,gen,solar,139.4,Ohio,30,synthetic
Q15-0483,2015-06-01,22493,230.0,Buckeye 230 kV,battery,storage,70.7,Indiana,33,synthetic
Q15-0484,2015-06-05,8824,345.0,Pluess 345 kV,gen,solar,212.8,Maryland,13,synthetic
Q15-0485,2015-06-12,9885,138.0,Gallows Road 138 kV,gen,solar,447.0,Virginia,15,synthetic
Q15-0486,2015-06-25,23221,100.0,Gates 100 kV,battery,storage,188.9,Illinois,34,synthetic
Q15-0487,2015-06-25,18259,138.0,Randsburg 138 kV,gen,solar,82.1,West Virginia,28,synthetic
Q15-0488,2015-06-26,8017,138.0,Carbondale Nw 138 kV,gen,gas,303.4,Pennsylvania,11,synthetic
Q15-0489,2015-07-03,6481,138.0,Kincheloe Housing 138 kV,gen,solar,105.9,Pennsylvania,10,synthetic
Q15-0490,2015-07-04,9230,138.0,Santa Maria Cogen 138 kV,battery,storage,232.0,Virginia,14,synthetic
Q15-0491,2015-07-06,9823,138.0,Station Q Harbor 138 kV,gen,solar,176.7,Virginia,15,synthetic
Q15-0492,2015-07-08,7942,345.0,Mwd Eastside Res 345 kV,battery,storage,142.4,Pennsylvania,11,synthetic
Q15-0493,2015-07-17,20299,230.0,Hagan 230 kV,gen,wind,323.2,Ohio,30,synthetic
Q15-0494,2015-07-20,22996,100.0,Halesite 100 kV,gen,wind,260.0,Illinois,34,synthetic
Q15-0495,2015-07-22,23227,230.0,Mason Creek 230 kV,gen,solar,62.0,Illinois,34,synthetic
Q15-0496,2015-07-22,5434,138.0,Transclosure 138 kV,gen,solar,88.2,New Jersey,9,synthetic
Q15-0497,2015-07-29,19557,500.0,Conesville Station 500 kV,gen,wind,401.8,Ohio,29,synthetic
Q15-0498,2015-07-30,9150,138.0,Houston 138 kV,gen,gas,839.7,Virginia,14,synthetic
Q15-0499,2015-07-30,21664,230.0,Palisades 230 kV,gen,solar,140.9,Michigan,32,synthetic
Q15-0500,2015-08-02,6274,138.0,Hoover 138 kV,gen,wind,196.7,Pennsylvania,10,synthetic
Q15-0501,2015-08-04,21000,100.0,Oregon 100 kV,gen,solar,118.9,Michigan,32,synthetic
Q15-0502,2015-08-05,10011,138.0,Dyer Creek 138 kV,battery,storage,262.1,Virginia,15,synthetic
Q15-0503,2015-08-08,9729,138.0,Colton 138 kV,gen,gas,1009.0,Virginia,15,synthetic
Q15-0504,2015-08-08,17049,138.0,Wheatland 138 kV,gen,wind,240.2,Kentucky,27,synthetic
Q15-0505,2015-08-09,18768,230.0,Pinetree 230 kV,gen,solar,74.2,Ohio,29,synthetic
Q15-0506,2015-08-11,17885,138.0,Mcclelland 138 kV,gen,other,174.6,West Virginia,28,synthetic
Q15-0507,2015-08-15,7478,138.0,Raccoon 138 kV,gen,wind,152.3,Pennsylvania,11,synthetic
Q15-0508,2015-08-19,18381,345.0,Red Tail 345 kV,gen,gas,327.2,West Virginia,28,synthetic
Q15-0509,2015-08-20,6062,138.0,Alburtis 138 kV,gen,solar,185.0,Pennsylvania,10,synthetic
Q15-0510,2015-08-21,9314,138.0,West Nashville 138 kV,gen,gas,734.4,Virginia,14,synthetic
Q15-0511,2015-08-22,9633,345.0,Kean Mtn And Grassy Creek 345 kV,gen,solar,75.0,Virginia,14,synthetic
Q15-0512,2015-08-23,24642,100.0,Minonk Wind Farm 100 kV,battery,storage,190.3,Illinois,35,synthetic
Q15-0513,2015-08-25,9500,138.0,Kumis 138 kV,gen,solar,84.8,Virginia,14,synthetic
Q15-0514,2015-08-30,17581,138.0,Hotchkiss 138 kV,gen,wind,218.7,Kentucky,27,synthetic
Q15-0515,2015-08-31,9159,138.0,Deen 138 kV,gen,solar,242.3,Virginia,14,synthetic
Q15-0516,2015-09-01,10233,138.0,St. Martins 138 kV,gen,solar,91.6,Virginia,15,synthetic
Q15-0517,2015-09-04,24032,100.0,Fresh Meadows 100 kV,gen,solar,143.4,Illinois,35,synthetic
Q15-0518,2015-09-11,23495,500.0,Rocky Road Power Llc 500 kV,gen,gas,338.2,Illinois,34,synthetic
Q15-0519,2015-09-13,16957,345.0,Denton North Interchange 345 kV,gen,gas,400.6,Kentucky,27,synthetic
Q15-0520,2015-09-13,18687,230.0,South Milford 230 kV,gen,gas,1110.7,West Virginia,28,synthetic
Q15-0521,2015-09-16,21797,100.0,Stolle Road 100 kV,load,load,164.1,Indiana,33,synthetic
Q15-0522,2015-09-23,9633,138.0,Kean Mtn And Grassy Creek 138 kV,gen,solar,96.0,Virginia,14,synthetic
Q15-0523,2015-09-24,8515,138.0,Trumbull 138 kV,gen,gas,566.0,Maryland,13,synthetic
Q15-0524,2015-09-25,7938,138.0,Fayetteville 138 kV,gen,gas,1500.0,Pennsylvania,11,synthetic
Q15-0525,2015-09-29,7676,138.0,Canyon Dam 138 kV,gen,gas,413.7,Pennsylvania,11,synthetic
Q15-0526,2015-09-29,20158,100.0,Reedurban 100 kV,gen,solar,126.3,Ohio,30,synthetic
Q15-0527,2015-10-03,18773,230.0,Galeville 230 kV,gen,wind,182.9,Ohio,29,synthetic
Q15-0528,2015-10-05,19760,230.0,Kelly 230 kV,gen,gas,1057.6,Ohio,30,synthetic
Q15-0529,2015-10-05,19970,100.0,Aerojet 100 kV,gen,wind,98.6,Ohio,30,synthetic
Q15-0530,2015-10-06,5876,138.0,Cleveland 138 kV,gen,solar,258.5,New Jersey,9,synthetic
Q15-0531,2015-10-10,9159,138.0,Deen 138 kV,gen,solar,157.8,Virginia,14,synthetic
Q15-0532,2015-10-20,18830,100.0,Washington Avenue 100 kV,gen,solar,59.0,Ohio,29,synthetic
Q15-0533,2015-10-24,20169,230.0,Simon Street 230 kV,gen,gas,334.3,Ohio,30,synthetic
Q15-0534,2015-10-28,11146,138.0,Person 138 kV,gen,other,100.7,North Carolina,16,synthetic
Q15-0535,2015-10-31,7979,345.0,Kingsley 345 kV,load,load,187.0,Pennsylvania,11,synthetic
Q15-0536,2015-11-01,23523,230.0,Byron 230 kV,gen,solar,238.4,Illinois,34,synthetic
Q15-0537,2015-11-03,10027,138.0,Sisk 138 kV,gen,solar,124.3,Virginia,15,synthetic
Q15-0538,2015-11-09,9529,138.0,Chisholm 138 kV,gen,solar,69.5,Virginia,14,synthetic
Q15-0539,2015-11-10,9179,138.0,Nm Potash 1 138 kV,gen,solar,209.5,Virginia,14,synthetic
Q15-0540,2015-11-13,7086,138.0,Invermere 138 kV,gen,wind,184.8,Pennsylvania,10,synthetic
Q15-0541,2015-11-15,11130,138.0,Roanoke Rapids 138 kV,gen,wind,165.1,North Carolina,16,synthetic
Q15-0542,2015-11-17,10063,138.0,Hunter 138 kV,gen,solar,262.4,Virginia,15,synthetic
Q15-0543,2015-11-19,7273,138.0,Kettner 138 kV,gen,wind,343.7,Pennsylvania,11,synthetic
Q15-0544,2015-11-21,9247,138.0,Stony Brook 138 kV,gen,solar,126.3,Virginia,14,synthetic
Q15-0545,2015-11-23,19048,230.0,Jacks Creek 230 kV,gen,gas,1034.2,Ohio,29,synthetic
Q15-0546,2015-11-24,17313,138.0,Mount Olive 138 kV,gen,wind,475.6,Kentucky,27,synthetic
Q15-0547,2015-11-27,22749,230.0,San Marcos 230 kV,gen,wind,250.4,Indiana,33,synthetic
Q15-0548,2015-12-04,22749,230.0,San Marcos 230 kV,gen,solar,192.8,Indiana,33,synthetic
Q15-0549,2015-12-05,5190,138.0,Cresskill 138 kV,gen,solar,99.7,New Jersey,9,synthetic
Q15-0550,2015-12-13,20254,230.0,Big Horn 230 kV,gen,gas,363.5,Ohio,30,synthetic
Q15-0551,2015-12-16,9530,138.0,Kenmore 138 kV,gen,gas,285.4,Virginia,14,synthetic
Q15-0552,2015-12-17,6962,138.0,Brandford Rr 138 kV,gen,solar,137.5,Pennsylvania,10,synthetic
Q15-0553,2015-12-18,22933,100.0,Storage Tek I 100 kV,gen,solar,81.5,Illinois,34,synthetic
Q15-0554,2015-12-19,6006,138.0,Berthoud 138 kV,gen,solar,109.0,Pennsylvania,10,synthetic
Q15-0555,2015-12-19,18553,138.0,Camanche 138 kV,gen,wind,222.3,West Virginia,28,synthetic
Q15-0556,2015-12-21,9372,138.0,Golden 69 138 kV,gen,solar,291.4,Virginia,14,synthetic
Q15-0557,2015-12-23,19648,230.0,Aes Columbia Power 230 kV,gen,gas,986.3,Ohio,30,synthetic
Q15-0558,2015-12-28,9633,138.0,Kean Mtn And Grassy Creek 138 kV,gen,solar,176.1,Virginia,14,synthetic
Q15-0559,2015-12-30,9854,138.0,Colleyville 138 kV,battery,storage,73.0,Virginia,15,synthetic
Q15-0560,2015-12-31,9448,138.0,San Bernard 138 kV,gen,solar,187.1,Virginia,14,synthetic
Q16-0561,2016-01-02,23512,230.0,Zion 230 kV,gen,other,21.7,Illinois,34,synthetic
Q16-0562,2016-01-04,7785,138.0,Morris 138 kV,gen,wind,287.0,Pennsylvania,11,synthetic
Q16-0563,2016-01-05,23187,100.0,Maguire Road 100 kV,battery,storage,217.2,Illinois,34,synthetic
Q16-0564,2016-01-05,10121,138.0,Yates Dam 138 kV,gen,solar,126.3,Virginia,15,synthetic
Q16-0565,2016-01-08,9238,138.0,Cloverdale 138 kV,gen,other,44.2,Virginia,14,synthetic
Q16-0566,2016-01-08,21772,100.0,Hillcrest 100 kV,gen,solar,155.4,Indiana,33,synthetic
Q16-0567,2016-01-10,17348,138.0,Mosaic Co Tampa Facility 138 kV,gen,wind,55.4,Kentucky,27,synthetic
Q16-0568,2016-01-12,5584,138.0,Sayreville 138 kV,gen,gas,1028.6,New Jersey,9,synthetic
Q16-0569,2016-01-17,9614,138.0,Rector 138 kV,gen,gas,904.5,Virginia,14,synthetic
Q16-0570,2016-01-20,8130,138.0,Gm Alison 138 kV,gen,solar,97.3,Pennsylvania,11,synthetic
Q16-0571,2016-01-22,20299,230.0,Hagan 230 kV,gen,solar,188.9,Ohio,30,synthetic
Q16-0572,2016-01-26,10279,138.0,North Anna 138 kV,load,load,92.8,Virginia,15,synthetic
Q16-0573,2016-01-29,17238,138.0,Phoenix 138 kV,gen,solar,129.0,Kentucky,27,synthetic
Q16-0574,2016-02-02,9728,138.0,Lawrenceville 138 kV,gen,wind,302.0,Virginia,15,synthetic
Q16-0575,2016-02-06,17314,138.0,Narod 138 kV,gen,solar,278.8,Kentucky,27,synthetic
Q16-0576,2016-02-11,23390,100.0,West Hempstead 100 kV,gen,solar,56.2,Illinois,34,synthetic
Q16-0577,2016-02-19,7961,138.0,Nyssa 138 kV,battery,storage,154.0,Pennsylvania,11,synthetic
Q16-0578,2016-02-22,17994,138.0,Sauk City Phillips St 138 kV,gen,solar,250.6,West Virginia,28,synthetic
Q16-0579,2016-02-23,9103,138.0,Sharon Amtrak 138 kV,gen,solar,79.3,Maryland,13,synthetic
Q16-0580,2016-02-25,17036,138.0,Palaau Power 138 kV,gen,solar,63.8,Kentucky,27,synthetic
Q16-0581,2016-02-27,8907,138.0,Happy Lane 138 kV,gen,other,91.5,Maryland,13,synthetic
Q16-0582,2016-02-28,5569,138.0,Big Foot 138 kV,gen,wind,146.6,New Jersey,9,synthetic
Q16-0583,2016-02-29,9633,138.0,Kean Mtn And Grassy Creek 138 kV,gen,solar,169.4,Virginia,14,synthetic
Q16-0584,2016-03-01,9793,345.0,Baraga Vlg 345 kV,gen,wind,356.8,Virginia,15,synthetic
Q16-0585,2016-03-02,5509,138.0,Playas 138 kV,gen,solar,72.4,New Jersey,9,synthetic
Q16-0586,2016-03-05,23287,100.0,Middleton 100 kV,gen,solar,64.9,Illinois,34,synthetic
Q16-0587,2016-03-07,10147,138.0,Calaveras 345 138 kV,gen,solar,103.4,Virginia,15,synthetic
Q16-0588,2016-03-09,9193,138.0,Pinto 138 kV,battery,storage,60.0,Virginia,14,synthetic
Q16-0589,2016-03-09,23245,100.0,Drum 100 kV,battery,storage,161.2,Illinois,34,synthetic
Q16-0590,2016-03-11,17857,345.0,Cooper 345 kV,gen,gas,460.9,Kentucky,27,synthetic
Q16-0591,2016-03-13,8251,345.0,Waterside 345 kV,gen,gas,452.8,Pennsylvania,11,synthetic
Q16-0592,2016-03-15,8499,345.0,Redman 345 kV,gen,solar,105.7,Maryland,13,synthetic
Q16-0593,2016-03-17,22965,100.0,Lower Granite 100 kV,gen,solar,150.0,Illinois,34,synthetic
Q16-0594,2016-03-17,22904,100.0,Solemint 100 kV,gen,gas,268.5,Illinois,34,synthetic
Q16-0595,2016-03-18,10279,138.0,North Anna 138 kV,gen,other,17.8,Virginia,15,synthetic
Q16-0596,2016-03-21,6091,138.0,Simpson Lumber 138 kV,gen,other,46.9,Pennsylvania,10,synthetic
Q16-0597,2016-03-22,24609,100.0,Naguabo 2701 100 kV,gen,solar,87.5,Illinois,35,synthetic
Q16-0598,2016-03-23,22749,230.0,San Marcos 230 kV,gen,solar,98.5,Indiana,33,synthetic
Q16-0599,2016-03-24,22308,100.0,Lagrange 100 kV,gen,solar,40.0,Indiana,33,synthetic
Q16-0600,2016-03-25,6413,138.0,Brule 138 kV,battery,storage,104.2,Pennsylvania,10,synthetic
Q16-0601,2016-03-30,8313,138.0,Springfield - Nichols Street 138 kV,gen,solar,143.1,Delaware,12,synthetic
Q16-0602,2016-04-04,17570,345.0,West Paintsville 345 kV,gen,gas,904.9,Kentucky,27,synthetic
Q16-0603,2016-04-06,9132,138.0,Nevada Solar One 138 kV,gen,gas,377.1,Virginia,14,synthetic
Q16-0604,2016-04-09,8128,138.0,88Th & Mingo 138 kV,gen,solar,78.9,Pennsylvania,11,synthetic
Q16-0605,2016-04-10,10264,345.0,Bear Island 345 kV,gen,gas,1500.0,Virginia,15,synthetic
Q16-0606,2016-04-12,7938,138.0,Fayetteville 138 kV,gen,solar,104.2,Pennsylvania,11,synthetic
Q16-0607,2016-04-13,5117,138.0,Lewis 138 kV,gen,solar,414.7,New Jersey,9,synthetic
Q16-0608,2016-04-14,10111,138.0,Alvey 138 kV,gen,solar,124.2,Virginia,15,synthetic
Q16-0609,2016-04-15,6246,138.0,Glenwood Hydro 138 kV,gen,solar,97.2,Pennsylvania,10,synthetic
Q16-0610,2016-04-15,19919,100.0,Power Inn-Geneva Pointe 100 kV,gen,solar,184.1,Ohio,30,synthetic
Q16-0611,2016-04-17,17217,345.0,Buckeye Canada 345 kV,gen,solar,98.2,Kentucky,27,synthetic
Q16-0612,2016-04-19,22035,500.0,Mcmichen 500 kV,gen,gas,1190.6,Indiana,33,synthetic
Q16-0613,2016-04-20,9562,138.0,Claypool Hill 138 kV,gen,solar,192.6,Virginia,14,synthetic
Q16-0614,2016-04-22,19919,100.0,Power Inn-Geneva Pointe 100 kV,gen,solar,58.8,Ohio,30,synthetic
Q16-0615,2016-04-22,22018,100.0,Yahuecas 8203 100 kV,load,load,158.6,Indiana,33,synthetic
Q16-0616,2016-04-25,7087,138.0,Minnesota River 138 kV,gen,solar,92.7,Pennsylvania,10,synthetic
Q16-0617,2016-04-28,17616,138.0,Current Creek 138 kV,load,load,278.8,Kentucky,27,synthetic
Q16-0618,2016-05-03,6647,138.0,Sub 6647 138 kV,battery,storage,154.9,Pennsylvania,10,synthetic
Q16-0619,2016-05-09,22965,230.0,Lower Granite 230 kV,gen,gas,703.7,Illinois,34,synthetic
Q16-0620,2016-05-15,18367,138.0,Belcher Mtn 138 kV,gen,solar,301.2,West Virginia,28,synthetic
Q16-0621,2016-05-17,17238,138.0,Phoenix 138 kV,gen,gas,284.2,Kentucky,27,synthetic
Q16-0622,2016-05-22,9845,138.0,Thurston 138 kV,battery,storage,66.1,Virginia,15,synthetic
Q16-0623,2016-05-23,17238,138.0,Phoenix 138 kV,load,load,211.5,Kentucky,27,synthetic
Q16-0624,2016-05-24,7088,345.0,Northern Hills 345 kV,gen,solar,161.7,Pennsylvania,10,synthetic
Q16-0625,2016-05-26,20034,230.0,Canfield 230 kV,gen,solar,107.3,Ohio,30,synthetic
Q16-0626,2016-05-29,16804,138.0,Sullivan 138 kV,gen,wind,221.6,Tennessee,26,synthetic
Q16-0627,2016-05-31,17325,138.0,Bear Creek Dam 138 kV,gen,solar,56.2,Kentucky,27,synthetic
Q16-0628,2016-06-02,8513,138.0,Viaduct Avenue 138 kV,gen,gas,713.5,Maryland,13,synthetic
Q16-0629,2016-06-03,17238,138.0,Phoenix 138 kV,gen,gas,65.8,Kentucky,27,synthetic
Q16-0630,2016-06-04,9989,138.0,Hawkins Gate 138 kV,battery,storage,67.6,Virginia,15,synthetic
Q16-0631,2016-06-05,8635,138.0,Prides Corner 138 kV,gen,solar,52.8,Maryland,13,synthetic
Q16-0632,2016-06-10,22018,100.0,Yahuecas 8203 100 kV,gen,solar,301.1,Indiana,33,synthetic
Q16-0633,2016-06-12,23245,100.0,Drum 100 kV,gen,wind,191.8,Illinois,34,synthetic
Q16-0634,2016-06-16,6662,138.0,Bearwallow 138 kV,gen,solar,125.2,Pennsylvania,10,synthetic
Q16-0635,2016-06-20,18350,138.0,Bringhurst 138 kV,gen,wind,187.4,West Virginia,28,synthetic
Q16-0636,2016-06-22,10202,138.0,Kofa 138 kV,battery,storage,298.4,Virginia,15,synthetic
Q16-0637,2016-06-22,6524,138.0,San Luis Obispo 138 kV,gen,solar,46.0,Pennsylvania,10,synthetic
Q16-0638,2016-06-25,22965,230.0,Lower Granite 230 kV,gen,solar,151.7,Illinois,34,synthetic
Q16-0639,2016-06-27,19554,500.0,Dresden 500 kV,gen,gas,1050.7,Ohio,29,synthetic
Q16-0640,2016-07-01,18337,138.0,Tendoy 138 kV,gen,solar,149.8,West Virginia,28,synthetic
Q16-0641,2016-07-02,10279,345.0,North Anna 345 kV,gen,solar,318.6,Virginia,15,synthetic
Q16-0642,2016-07-05,9693,138.0,Wethersfield 138 kV,gen,gas,414.7,Virginia,15,synthetic
Q16-0643,2016-07-05,18097,138.0,Edgeley 138 kV,gen,gas,1500.0,West Virginia,28,synthetic
Q16-0644,2016-07-05,16925,138.0,Sahtlam 138 kV,gen,gas,227.4,Kentucky,27,synthetic
Q16-0645,2016-07-06,9164,138.0,South Lynchburg 138 kV,load,load,135.5,Virginia,14,synthetic
Q16-0646,2016-07-07,9811,138.0,Basin 138 kV,gen,gas,327.4,Virginia,15,synthetic
Q16-0647,2016-07-11,18034,138.0,Gold Hill 138 kV,gen,gas,894.7,West Virginia,28,synthetic
Q16-0648,2016-07-16,17228,138.0,Upland 138 kV,gen,gas,469.5,Kentucky,27,synthetic
Q16-0649,2016-07-17,8422,138.0,Border 138 kV,gen,solar,132.0,Maryland,13,synthetic
Q16-0650,2016-07-17,5810,138.0,Fish Creek 138 138 kV,gen,wind,110.5,New Jersey,9,synthetic
Q16-0651,2016-07-17,7838,138.0,Crmwa4 138 kV,battery,storage,159.3,Pennsylvania,11,synthetic
Q16-0652,2016-07-18,9046,138.0,Ubc South Campus 138 kV,gen,solar,57.0,Maryland,13,synthetic
Q16-0653,2016-07-19,7872,138.0,Adobe 138 kV,load,load,92.8,Pennsylvania,11,synthetic
Q16-0654,2016-07-21,17792,138.0,Marshall Ford 138 kV,battery,storage,107.8,Kentucky,27,synthetic
Q16-0655,2016-07-21,22001,100.0,Earlham 100 kV,load,load,237.9,Indiana,33,synthetic
Q16-0656,2016-07-27,9227,138.0,Desmet 138 kV,gen,solar,191.6,Virginia,14,synthetic
Q16-0657,2016-07-28,18990,230.0,Lake Hodges 230 kV,gen,gas,381.4,Ohio,29,synthetic
Q16-0658,2016-07-28,9431,138.0,Wec 3 138 kV,gen,solar,26.7,Virginia,14,synthetic
Q16-0659,2016-08-04,5259,138.0,Eddington 138 kV,gen,solar,122.5,New Jersey,9,synthetic
Q16-0660,2016-08-11,7831,138.0,Necanicum 138 kV,gen,solar,137.6,Pennsylvania,11,synthetic
Q16-0661,2016-08-11,9238,138.0,Cloverdale 138 kV,gen,solar,74.1,Virginia,14,synthetic
Q16-0662,2016-08-12,7828,138.0,Ray 138 kV,gen,solar,128.9,Pennsylvania,11,synthetic
Q16-0663,2016-08-15,9645,138.0,Harrisonburg 138 kV,gen,solar,77.0,Virginia,14,synthetic
Q16-0664,2016-08-19,22035,500.0,Mcmichen 500 kV,gen,gas,514.1,Indiana,33,synthetic
Q16-0665,2016-08-20,9386,138.0,International Paper Livermore Hydro 138 kV,gen,other,69.8,Virginia,14,synthetic
Q16-0666,2016-08-21,22015,100.0,Freemont 100 kV,gen,solar,80.1,Indiana,33,synthetic
Q16-0667,2016-08-22,9178,138.0,Johns Island 138 kV,gen,wind,200.1,Virginia,14,synthetic
Q16-0668,2016-08-23,8160,345.0,Douglas 345 kV,gen,wind,241.8,Pennsylvania,11,synthetic
Q16-0669,2016-08-23,6721,138.0,Whisman 138 kV,gen,gas,181.3,Pennsylvania,10,synthetic
Q16-0670,2016-08-24,19554,500.0,Dresden 500 kV,gen,gas,375.5,Ohio,29,synthetic
Q16-0671,2016-08-25,22965,100.0,Lower Granite 100 kV,gen,solar,60.0,Illinois,34,synthetic
Q16-0672,2016-08-25,6472,138.0,Lakeside 1 138 kV,gen,solar,90.7,Pennsylvania,10,synthetic
Q16-0673,2016-08-25,19535,230.0,Millercoors Trenton Brewery 230 kV,gen,solar,211.6,Ohio,29,synthetic
Q16-0674,2016-08-27,22965,230.0,Lower Granite 230 kV,gen,solar,218.2,Illinois,34,synthetic
Q16-0675,2016-09-02,16806,138.0,North Bristol 138 kV,battery,storage,35.7,Tennessee,26,synthetic
Q16-0676,2016-09-04,23408,100.0,Craryville 100 kV,gen,solar,144.1,Illinois,34,synthetic
Q16-0677,2016-09-07,8343,138.0,Brandywine 138 kV,gen,solar,407.3,Delaware,12,synthetic
Q16-0678,2016-09-12,22491,100.0,Exxon 100 kV,gen,gas,299.1,Indiana,33,synthetic
Q16-0679,2016-09-13,5756,138.0,Manitous 138 kV,gen,solar,131.2,New Jersey,9,synthetic
Q16-0680,2016-09-24,23506,500.0,Lincoln 500 kV,gen,gas,1342.4,Illinois,34,synthetic
Q16-0681,2016-09-24,18118,138.0,State Pen 138 kV,gen,solar,536.7,West Virginia,28,synthetic
Q16-0682,2016-09-27,19865,230.0,Trigen St. Louis 230 kV,gen,gas,176.7,Ohio,30,synthetic
Q16-0683,2016-10-01,21810,100.0,Brunswick Nuclear 100 kV,gen,solar,164.1,Indiana,33,synthetic
Q16-0684,2016-10-03,21763,230.0,Waynedale 230 kV,gen,gas,1500.0,Indiana,33,synthetic
Q16-0685,2016-10-04,9681,138.0,Almaville 138 kV,gen,solar,270.0,Virginia,15,synthetic
Q16-0686,2016-10-05,9336,138.0,Skungamaug 138 kV,gen,solar,121.5,Virginia,14,synthetic
Q16-0687,2016-10-06,22749,500.0,San Marcos 500 kV,gen,solar,384.9,Indiana,33,synthetic
Q16-0688,2016-10-06,9046,345.0,Ubc South Campus 345 kV,gen,gas,576.9,Maryland,13,synthetic
Q16-0689,2016-10-08,23177,100.0,Subestacion Escuela Ii 100 kV,gen,solar,91.9,Illinois,34,synthetic
Q16-0690,2016-10-10,18862,230.0,Cedar Hill 230 kV,gen,solar,118.0,Ohio,29,synthetic
Q16-0691,2016-10-14,5826,345.0,Mallard 345 kV,gen,gas,668.2,New Jersey,9,synthetic
Q16-0692,2016-10-15,18319,138.0,North Shore 138 kV,gen,solar,83.1,West Virginia,28,synthetic
Q16-0693,2016-10-16,23887,100.0,Cherokee 100 kV,gen,wind,274.6,Illinois,35,synthetic
Q16-0694,2016-10-16,19760,230.0,Kelly 230 kV,gen,solar,114.3,Ohio,30,synthetic
Q16-0695,2016-10-20,9510,138.0,Suncor 138 kV,gen,solar,111.3,Virginia,14,synthetic
Q16-0696,2016-10-24,22035,500.0,Mcmichen 500 kV,gen,gas,828.3,Indiana,33,synthetic
Q16-0697,2016-10-26,7925,138.0,Round Rock Westinghouse 138 kV,gen,solar,62.2,Pennsylvania,11,synthetic
Q16-0698,2016-10-28,21664,230.0,Palisades 230 kV,gen,solar,88.4,Michigan,32,synthetic
Q16-0699,2016-10-30,9815,138.0,Waldron 138 kV,gen,wind,278.0,Virginia,15,synthetic
Q16-0700,2016-10-31,20220,100.0,Black Ranch 100 kV,gen,solar,212.4,Ohio,30,synthetic
Q16-0701,2016-11-02,17656,138.0,Howland Rd 138 kV,gen,solar,31.6,Kentucky,27,synthetic
Q16-0702,2016-11-04,6665,138.0,Northport 138 kV,battery,storage,10.4,Pennsylvania,10,synthetic
Q16-0703,2016-11-07,21975,100.0,Noble 100 kV,load,load,55.0,Indiana,33,synthetic
Q16-0704,2016-11-13,9330,138.0,Potash Junction 138 kV,gen,solar,92.8,Virginia,14,synthetic
Q16-0705,2016-11-18,21987,100.0,Yreka 100 kV,gen,solar,172.3,Indiana,33,synthetic
Q16-0706,2016-11-21,22886,230.0,Flax Hill 230 kV,gen,solar,122.9,Illinois,34,synthetic
Q16-0707,2016-11-24,9816,138.0,Anasco 6101 138 kV,battery,storage,205.0,Virginia,15,synthetic
Q16-0708,2016-11-25,21807,100.0,Carmel Hill 100 kV,gen,wind,250.9,Indiana,33,synthetic
Q16-0709,2016-11-27,7123,138.0,Foster Wheeler Mt Carmel Cogen 138 kV,gen,wind,330.0,Pennsylvania,10,synthetic
Q16-0710,2016-11-29,9293,138.0,Carite 138 kV,gen,solar,70.6,Virginia,14,synthetic
Q16-0711,2016-11-30,9946,138.0,Short Pump 138 kV,gen,solar,70.1,Virginia,15,synthetic
Q16-0712,2016-12-03,23212,100.0,Gibsons 100 kV,gen,solar,168.3,Illinois,34,synthetic
Q16-0713,2016-12-06,9405,138.0,Siloam Springs 138 kV,gen,solar,107.7,Virginia,14,synthetic
Q16-0714,2016-12-07,22220,100.0,Eupora 100 kV,gen,solar,66.7,Indiana,33,synthetic
Q16-0715,2016-12-09,17873,138.0,Coyote 138 kV,gen,gas,891.8,West Virginia,28,synthetic
Q16-0716,2016-12-15,10245,138.0,Rosiere 138 kV,gen,wind,138.6,Virginia,15,synthetic
Q16-0717,2016-12-19,22035,230.0,Mcmichen 230 kV,load,load,192.8,Indiana,33,synthetic
Q16-0718,2016-12-20,5734,138.0,Pine Hills 138 kV,gen,solar,360.0,New Jersey,9,synthetic
Q16-0719,2016-12-24,23508,230.0,Dresden Generating Station 230 kV,gen,solar,234.0,Illinois,34,synthetic
Q16-0720,2016-12-27,18290,138.0,Latrobe 138 kV,gen,wind,107.7,West Virginia,28,synthetic
Q17-0721,2017-01-04,6161,138.0,Horse Heaven 138 kV,battery,storage,68.7,Pennsylvania,10,synthetic
Q17-0722,2017-01-10,10038,138.0,Arcogen 138 kV,gen,solar,81.7,Virginia,15,synthetic
Q17-0723,2017-01-10,23302,100.0,South Hall 100 kV,gen,solar,69.2,Illinois,34,synthetic
Q17-0724,2017-01-10,9396,138.0,North Pole 138 kV,gen,other,56.5,Virginia,14,synthetic
Q17-0725,2017-01-10,7420,138.0,Daleville 138 kV,load,load,206.5,Pennsylvania,11,synthetic
Q17-0726,2017-01-11,19767,100.0,Rabbit Creek 100 kV,gen,solar,88.7,Ohio,30,synthetic
Q17-0727,2017-01-15,22035,230.0,Mcmichen 230 kV,gen,solar,438.6,Indiana,33,synthetic
Q17-0728,2017-01-15,18196,138.0,Richlands 138 kV,load,load,52.7,West Virginia,28,synthetic
Q17-0729,2017-01-16,6653,138.0,Moab Salt 138 kV,gen,gas,361.7,Pennsylvania,10,synthetic
Q17-0730,2017-01-16,9740,138.0,National City 138 kV,gen,solar,83.9,Virginia,15,synthetic
Q17-0731,2017-01-20,10031,138.0,Brambleton 138 kV,gen,solar,187.0,Virginia,15,synthetic
Q17-0732,2017-01-21,22035,230.0,Mcmichen 230 kV,gen,solar,66.8,Indiana,33,synthetic
Q17-0733,2017-01-21,9497,138.0,South Christiansburg 138 kV,gen,solar,69.7,Virginia,14,synthetic
Q17-0734,2017-01-26,18842,100.0,Firstenergy R E Burger 100 kV,gen,solar,143.2,Ohio,29,synthetic
Q17-0735,2017-01-27,6054,138.0,Overton 138 kV,gen,other,102.9,Pennsylvania,10,synthetic
Q17-0736,2017-01-28,20185,230.0,East Akron 230 kV,gen,solar,145.5,Ohio,30,synthetic
Q17-0737,2017-01-28,22022,100.0,Concord 100 kV,load,load,63.1,Indiana,33,synthetic
Q17-0738,2017-01-29,16919,138.0,Calpine King Energy 138 kV,gen,solar,59.2,Kentucky,27,synthetic
Q17-0739,2017-01-30,6334,138.0,Beaverton 138 kV,gen,wind,288.2,Pennsylvania,10,synthetic
Q17-0740,2017-01-30,23508,100.0,Dresden Generating Station 100 kV,gen,gas,222.4,Illinois,34,synthetic
Q17-0741,2017-01-31,19604,100.0,West Dallas Tap 100 kV,gen,solar,247.3,Ohio,30,synthetic
Q17-0742,2017-02-02,8370,138.0,Rhame 138 kV,gen,solar,91.7,Delaware,12,synthetic
Q17-0743,2017-02-03,9633,138.0,Kean Mtn And Grassy Creek 138 kV,gen,solar,204.9,Virginia,14,synthetic
Q17-0744,2017-02-03,21989,100.0,Canamah 100 kV,gen,solar,49.0,Indiana,33,synthetic
Q17-0745,2017-02-04,9514,138.0,Shepaug 138 kV,gen,solar,96.0,Virginia,14,synthetic
Q17-0746,2017-02-09,6615,138.0,Oakes 138 kV,gen,wind,246.2,Pennsylvania,10,synthetic
Q17-0747,2017-02-10,6531,345.0,Trentwood 345 kV,gen,solar,287.1,Pennsylvania,10,synthetic
Q17-0748,2017-02-15,18789,100.0,Limon Wind 1 100 kV,gen,wind,91.0,Ohio,29,synthetic
Q17-0749,2017-02-16,6549,138.0,High Falls 138 kV,gen,gas,222.5,Pennsylvania,10,synthetic
Q17-0750,2017-02-18,9159,138.0,Deen 138 kV,load,load,193.3,Virginia,14,synthetic
Q17-0751,2017-02-19,10344,69.0,Mckenzie 69 kV,gen,wind,163.0,North Carolina,16,synthetic
Q17-0752,2017-02-21,18987,100.0,South Knoxville 100 kV,gen,solar,280.9,Ohio,29,synthetic
Q17-0753,2017-02-23,17599,138.0,Station B 138 kV,gen,other,49.9,Kentucky,27,synthetic
Q17-0754,2017-02-24,9551,138.0,Mt. View 138 kV,gen,solar,269.8,Virginia,14,synthetic
Q17-0755,2017-03-02,5339,138.0,Clayburn 138 kV,gen,solar,52.4,New Jersey,9,synthetic
Q17-0756,2017-03-04,5972,138.0,Yards Creek 138 kV,gen,solar,128.5,New Jersey,9,synthetic
Q17-0757,2017-03-05,9670,138.0,Wolf Hills Energy 138 kV,gen,other,74.4,Virginia,14,synthetic
Q17-0758,2017-03-05,19962,230.0,Patterson Road 230 kV,gen,wind,306.5,Ohio,30,synthetic
Q17-0759,2017-03-06,17386,138.0,Factory 138 kV,gen,solar,202.6,Kentucky,27,synthetic
Q17-0760,2017-03-07,22574,100.0,Stave Falls 100 kV,gen,gas,284.8,Indiana,33,synthetic
Q17-0761,2017-03-07,9773,138.0,Paso Robles 138 kV,gen,wind,253.7,Virginia,15,synthetic
Q17-0762,2017-03-11,16877,138.0,John Sevier 138 kV,gen,solar,105.1,Tennessee,26,synthetic
Q17-0763,2017-03-13,19669,230.0,First Ave 230 kV,load,load,184.2,Ohio,30,synthetic
Q17-0764,2017-03-13,22749,230.0,San Marcos 230 kV,gen,solar,155.1,Indiana,33,synthetic
Q17-0765,2017-03-14,8659,138.0,Norway Hills 138 kV,battery,storage,466.0,Maryland,13,synthetic
Q17-0766,2017-03-21,18204,138.0,Conifer 138 kV,gen,solar,149.4,West Virginia,28,synthetic
Q17-0767,2017-03-24,23496,230.0,Sunset Point 230 kV,battery,storage,55.7,Illinois,34,synthetic
Q17-0768,2017-03-25,23509,230.0,Pratts Junction 230 kV,gen,solar,213.6,Illinois,34,synthetic
Q17-0769,2017-03-25,7217,138.0,Jerusalem 138 kV,gen,solar,264.9,Pennsylvania,11,synthetic
Q17-0770,2017-03-25,10280,138.0,New Albany 138 kV,gen,gas,216.9,Virginia,15,synthetic
Q17-0771,2017-03-27,19222,100.0,Deerfield 5 100 kV,gen,solar,155.2,Ohio,29,synthetic
Q17-0772,2017-04-04,6785,138.0,Cibolo Creek 138 kV,gen,solar,93.9,Pennsylvania,10,synthetic
Q17-0773,2017-04-05,9999,138.0,Elko 138 kV,load,load,76.0,Virginia,15,synthetic
Q17-0774,2017-04-07,19230,100.0,Kenzie Creek 100 kV,gen,wind,257.0,Ohio,29,synthetic
Q17-0775,2017-04-08,19045,100.0,Port Edwards Mill 100 kV,gen,solar,70.8,Ohio,29,synthetic
Q17-0776,2017-04-08,24600,500.0,Farragut 500 kV,gen,gas,1169.8,Illinois,35,synthetic
Q17-0777,2017-04-10,19953,100.0,Columbia Energy Center Sc 100 kV,gen,solar,145.7,Ohio,30,synthetic
Q17-0778,2017-04-11,20177,230.0,Dededo 230 kV,gen,solar,488.7,Ohio,30,synthetic
Q17-0779,2017-04-11,22903,100.0,Gamebird 100 kV,gen,gas,1070.4,Illinois,34,synthetic
Q17-0780,2017-04-12,21998,100.0,Crystal Falls 100 kV,gen,gas,122.8,Indiana,33,synthetic
Q17-0781,2017-04-12,22765,230.0,Mount Holly 230 kV,gen,wind,146.7,Indiana,33,synthetic
Q17-0782,2017-04-14,10157,138.0,Plano 138 kV,battery,storage,69.6,Virginia,15,synthetic
Q17-0783,2017-04-15,22495,100.0,Elyslan 100 kV,gen,solar,151.9,Indiana,33,synthetic
Q17-0784,2017-04-17,17857,138.0,Cooper 138 kV,gen,solar,313.9,Kentucky,27,synthetic
Q17-0785,2017-04-18,7233,345.0,Thayer 345 kV,gen,gas,561.7,Pennsylvania,11,synthetic
Q17-0786,2017-04-20,17394,138.0,Hilltop 138 kV,gen,wind,148.4,Kentucky,27,synthetic
Q17-0787,2017-04-26,21801,100.0,Jemison 100 kV,gen,solar,74.3,Indiana,33,synthetic
Q17-0788,2017-04-26,17907,138.0,Monroe Ne 138 kV,gen,solar,71.6,West Virginia,28,synthetic
Q17-0789,2017-04-26,8159,138.0,Karns 138 kV,gen,gas,39.9,Pennsylvania,11,synthetic
Q17-0790,2017-04-27,9396,138.0,North Pole 138 kV,battery,storage,43.9,Virginia,14,synthetic
Q17-0791,2017-04-28,8222,345.0,Luxor 345 kV,gen,wind,153.6,Pennsylvania,11,synthetic
Q17-0792,2017-04-30,22840,100.0,Rogers 100 kV,gen,solar,79.0,Illinois,34,synthetic
Q17-0793,2017-05-04,8282,138.0,Orchard Park 138 kV,battery,storage,132.0,Pennsylvania,11,synthetic
Q17-0794,2017-05-07,9540,138.0,Shute 138 kV,gen,solar,74.3,Virginia,14,synthetic
Q17-0795,2017-05-07,23523,230.0,Byron 230 kV,load,load,145.4,Illinois,34,synthetic
Q17-0796,2017-05-09,10128,138.0,Princeton Mn 138 kV,gen,other,35.1,Virginia,15,synthetic
Q17-0797,2017-05-13,21211,100.0,Wickett 100 kV,gen,solar,31.6,Michigan,32,synthetic
Q17-0798,2017-05-15,20309,230.0,Richland 230 kV,gen,solar,167.7,Ohio,30,synthetic
Q17-0799,2017-05-17,22959,100.0,Dal Grauer 100 kV,gen,solar,123.2,Illinois,34,synthetic
Q17-0800,2017-05-17,7233,138.0,Thayer 138 kV,gen,solar,149.4,Pennsylvania,11,synthetic
Q17-0801,2017-05-19,5302,138.0,Wheeler Mt 138 kV,gen,wind,116.7,New Jersey,9,synthetic
Q17-0802,2017-05-20,9625,138.0,North Dublin 138 kV,battery,storage,102.3,Virginia,14,synthetic
Q17-0803,2017-05-24,22993,230.0,Gray Summit 230 kV,battery,storage,34.2,Illinois,34,synthetic
Q17-0804,2017-05-25,9084,138.0,Hwy 90 138 kV,gen,wind,437.9,Maryland,13,synthetic
Q17-0805,2017-05-27,10119,138.0,Indrio 138 kV,gen,gas,156.2,Virginia,15,synthetic
Q17-0806,2017-05-28,23256,100.0,Toston 100 kV,gen,solar,105.5,Illinois,34,synthetic
Q17-0807,2017-05-29,5372,345.0,Laurel Ave 345 kV,gen,solar,587.1,New Jersey,9,synthetic
Q17-0808,2017-05-30,8520,138.0,Macheche 138 kV,gen,solar,59.3,Maryland,13,synthetic
Q17-0809,2017-05-31,18043,138.0,Contra Costa 3 138 kV,battery,storage,117.2,West Virginia,28,synthetic
Q17-0810,2017-06-08,10186,138.0,Collierville Gate 138 kV,gen,solar,46.7,Virginia,15,synthetic
Q17-0811,2017-06-09,23508,230.0,Dresden Generating Station 230 kV,gen,solar,71.4,Illinois,34,synthetic
Q17-0812,2017-06-09,9155,138.0,Kay 138 kV,battery,storage,256.7,Virginia,14,synthetic
Q17-0813,2017-06-10,6507,138.0,Lackawanna 138 kV,gen,gas,273.2,Pennsylvania,10,synthetic
Q17-0814,2017-06-14,9587,345.0,Bon Aqua 345 kV,gen,gas,637.1,Virginia,14,synthetic
Q17-0815,2017-06-16,8463,138.0,Berkeley F 138 kV,gen,gas,188.6,Maryland,13,synthetic
Q17-0816,2017-06-17,6198,345.0,Utica Junction 345 kV,gen,wind,121.1,Pennsylvania,10,synthetic
Q17-0817,2017-06-22,5947,500.0,Terry 500 kV,gen,gas,736.7,New Jersey,9,synthetic
Q17-0818,2017-06-24,23516,100.0,Alchem 100 kV,gen,wind,56.2,Illinois,34,synthetic
Q17-0819,2017-06-26,8254,138.0,Pontotoc 138 kV,gen,solar,128.3,Pennsylvania,11,synthetic
Q17-0820,2017-06-27,17461,138.0,Acec Wild Rose Pump 138 kV,gen,solar,111.6,Kentucky,27,synthetic
Q17-0821,2017-06-27,7629,138.0,Highland Wind Project Pa 138 kV,gen,solar,136.7,Pennsylvania,11,synthetic
Q17-0822,2017-06-28,17931,138.0,Hopkins 138 kV,battery,storage,103.1,West Virginia,28,synthetic
Q17-0823,2017-06-28,9921,138.0,Redbed Plains Wind Farm 138 kV,gen,solar,145.5,Virginia,15,synthetic
Q17-0824,2017-06-29,9855,138.0,Idylwood 138 kV,gen,solar,58.9,Virginia,15,synthetic
Q17-0825,2017-06-29,7328,138.0,Statesville Highway 64 138 kV,gen,gas,127.7,Pennsylvania,11,synthetic
Q17-0826,2017-06-29,23094,230.0,Francisco 230 kV,gen,solar,64.3,Illinois,34,synthetic
Q17-0827,2017-06-30,9024,138.0,Boundary 138 kV,gen,solar,160.0,Maryland,13,synthetic
Q17-0828,2017-07-02,9301,138.0,Woodchuck Hill 138 kV,gen,wind,125.4,Virginia,14,synthetic
Q17-0829,2017-07-02,9133,138.0,Palm Springs 138 kV,gen,solar,95.5,Virginia,14,synthetic
Q17-0830,2017-07-05,23448,100.0,Upper Salmon Falls 100 kV,gen,solar,229.4,Illinois,34,synthetic
Q17-0831,2017-07-06,9525,138.0,Urban 138 kV,gen,solar,61.9,Virginia,14,synthetic
Q17-0832,2017-07-10,23508,500.0,Dresden Generating Station 500 kV,gen,gas,1214.0,Illinois,34,synthetic
Q17-0833,2017-07-11,9971,138.0,Trask 138 kV,gen,solar,113.7,Virginia,15,synthetic
Q17-0834,2017-07-12,9156,138.0,Daytona Beach 138 kV,gen,gas,289.7,Virginia,14,synthetic
Q17-0835,2017-07-14,22866,100.0,Mcloughlin 100 kV,gen,other,14.4,Illinois,34,synthetic
Q17-0836,2017-07-16,9773,138.0,Paso Robles 138 kV,gen,gas,231.9,Virginia,15,synthetic
Q17-0837,2017-07-18,18801,230.0,Wellington 1 230 kV,gen,solar,132.7,Ohio,29,synthetic
Q17-0838,2017-07-18,22886,100.0,Flax Hill 100 kV,gen,solar,58.4,Illinois,34,synthetic
Q17-0839,2017-07-18,10242,138.0,Virginia Beach 138 kV,load,load,133.6,Virginia,15,synthetic
Q17-0840,2017-07-19,5917,345.0,Earlimart 345 kV,gen,gas,863.9,New Jersey,9,synthetic
Q17-0841,2017-07-20,19544,500.0,Waterford Power Llc 500 kV,gen,gas,678.8,Ohio,29,synthetic
Q17-0842,2017-07-23,19914,100.0,Martinsville East 100 kV,gen,solar,215.1,Ohio,30,synthetic
Q17-0843,2017-07-26,7923,345.0,Texas Eastern 5 345 kV,gen,gas,705.7,Pennsylvania,11,synthetic
Q17-0844,2017-07-29,18853,230.0,Enon 230 kV,gen,solar,388.3,Ohio,29,synthetic
Q17-0845,2017-08-01,23046,100.0,San Francisquito 1 100 kV,gen,solar,142.1,Illinois,34,synthetic
Q17-0846,2017-08-03,21769,100.0,Huntertown 100 kV,gen,wind,173.6,Indiana,33,synthetic
Q17-0847,2017-08-05,9614,138.0,Rector 138 kV,battery,storage,75.9,Virginia,14,synthetic
Q17-0848,2017-08-14,7937,138.0,Texas Eastern 138 kV,gen,solar,103.1,Pennsylvania,11,synthetic
Q17-0849,2017-08-14,8542,138.0,Raphael Road 138 kV,gen,solar,141.3,Maryland,13,synthetic
Q17-0850,2017-08-16,6085,138.0,Richard Lake 138 kV,gen,gas,598.5,Pennsylvania,10,synthetic
Q17-0851,2017-08-21,21664,230.0,Palisades 230 kV,gen,solar,59.4,Michigan,32,synthetic
Q17-0852,2017-08-22,19554,230.0,Dresden 230 kV,gen,solar,75.3,Ohio,29,synthetic
Q17-0853,2017-08-22,20197,100.0,South Akron 100 kV,gen,wind,227.9,Ohio,30,synthetic
Q17-0854,2017-08-26,5238,138.0,Naples 138 kV,gen,solar,147.7,New Jersey,9,synthetic
Q17-0855,2017-08-26,6376,138.0,Check Point 138 kV,gen,solar,77.8,Pennsylvania,10,synthetic
Q17-0856,2017-08-29,10264,138.0,Bear Island 138 kV,gen,solar,81.0,Virginia,15,synthetic
Q17-0857,2017-08-29,22336,100.0,Country Club 3 100 kV,gen,solar,128.1,Indiana,33,synthetic
Q17-0858,2017-08-31,9312,138.0,Tarkio 138 kV,gen,solar,129.9,Virginia,14,synthetic
Q17-0859,2017-08-31,23485,100.0,Aaa 100 kV,gen,other,186.9,Illinois,34,synthetic
Q17-0860,2017-09-01,10212,138.0,Bogue 138 kV,battery,storage,63.5,Virginia,15,synthetic
Q17-0861,2017-09-02,9317,138.0,Asheboro 138 kV,gen,wind,238.9,Virginia,14,synthetic
Q17-0862,2017-09-06,17146,138.0,North Oxford 138 kV,gen,solar,77.1,Kentucky,27,synthetic
Q17-0863,2017-09-06,19376,100.0,Ventura 100 kV,gen,solar,113.1,Ohio,29,synthetic
Q17-0864,2017-09-14,10279,345.0,North Anna 345 kV,gen,gas,937.6,Virginia,15,synthetic
Q17-0865,2017-09-15,23185,100.0,Frontenac 100 kV,gen,wind,271.7,Illinois,34,synthetic
Q17-0866,2017-09-15,22674,100.0,Lake Hemet 100 kV,gen,gas,43.7,Indiana,33,synthetic
Q17-0867,2017-09-17,19154,230.0,Sierra Pacific Industries Bfp 230 kV,gen,gas,473.3,Ohio,29,synthetic
Q17-0868,2017-09-19,21664,230.0,Palisades 230 kV,gen,solar,351.3,Michigan,32,synthetic
Q17-0869,2017-09-19,19735,100.0,Seal Rock 100 kV,gen,solar,76.2,Ohio,30,synthetic
Q17-0870,2017-09-23,10274,138.0,Philip Morris 138 kV,gen,solar,120.1,Virginia,15,synthetic
Q17-0871,2017-09-27,9193,138.0,Pinto 138 kV,gen,solar,68.8,Virginia,14,synthetic
Q17-0872,2017-09-30,8347,138.0,Eden 138 kV,gen,solar,124.9,Delaware,12,synthetic
Q17-0873,2017-09-30,22965,100.0,Lower Granite 100 kV,gen,solar,295.9,Illinois,34,synthetic
Q17-0874,2017-10-02,22493,230.0,Buckeye 230 kV,gen,gas,788.3,Indiana,33,synthetic
Q17-0875,2017-10-02,9929,138.0,St. Joseph 138 kV,gen,solar,188.0,Virginia,15,synthetic
Q17-0876,2017-10-05,10176,138.0,Longfalls Facility 138 kV,gen,solar,59.7,Virginia,15,synthetic
Q17-0877,2017-10-07,11151,69.0,Manawa 69 kV,gen,solar,127.6,North Carolina,16,synthetic
Q17-0878,2017-10-09,9276,138.0,Station G 138 kV,gen,wind,169.4,Virginia,14,synthetic
Q17-0879,2017-10-10,8499,138.0,Redman 138 kV,gen,other,107.4,Maryland,13,synthetic
Q17-0880,2017-10-10,19382,100.0,Transwind 100 kV,gen,wind,75.4,Ohio,29,synthetic
Q17-0881,2017-10-11,9959,138.0,Newport News 138 kV,battery,storage,76.7,Virginia,15,synthetic
Q17-0882,2017-10-13,8754,138.0,Twin Bridges 138 kV,gen,gas,1225.5,Maryland,13,synthetic
Q17-0883,2017-10-14,5382,138.0,Bethpage Power Plant 138 kV,gen,wind,178.1,New Jersey,9,synthetic
Q17-0884,2017-10-21,5871,138.0,New Dover 138 kV,gen,solar,406.3,New Jersey,9,synthetic
Q17-0885,2017-10-26,9812,138.0,Marlboro 138 kV,gen,wind,100.8,Virginia,15,synthetic
Q17-0886,2017-10-27,23302,230.0,South Hall 230 kV,gen,wind,287.1,Illinois,34,synthetic
Q17-0887,2017-10-29,9007,345.0,Hutchins 345 kV,load,load,773.4,Maryland,13,synthetic
Q17-0888,2017-10-31,19477,230.0,Granite Ridge 230 kV,gen,solar,97.5,Ohio,29,synthetic
Q17-0889,2017-11-04,22595,100.0,Grandview Ave 100 kV,gen,solar,121.5,Indiana,33,synthetic
Q17-0890,2017-11-06,10749,69.0,Webber 69 kV,gen,solar,158.8,North Carolina,16,synthetic
Q17-0891,2017-11-13,17917,138.0,Dam No. 5 Hydro Station 138 kV,gen,gas,463.4,West Virginia,28,synthetic
Q17-0892,2017-11-13,22493,230.0,Buckeye 230 kV,gen,solar,104.3,Indiana,33,synthetic
Q17-0893,2017-11-14,18845,100.0,Windhub 100 kV,gen,wind,123.4,Ohio,29,synthetic
Q17-0894,2017-11-18,22749,500.0,San Marcos 500 kV,gen,wind,249.0,Indiana,33,synthetic
Q17-0895,2017-11-22,22297,100.0,Hondo Creek 100 kV,gen,gas,56.6,Indiana,33,synthetic
Q17-0896,2017-11-23,8015,138.0,Fair Drive 138 kV,gen,solar,284.1,Pennsylvania,11,synthetic
Q17-0897,2017-11-24,22765,230.0,Mount Holly 230 kV,gen,gas,1143.5,Indiana,33,synthetic
Q17-0898,2017-12-08,10068,138.0,Usaa 1 138 kV,battery,storage,75.8,Virginia,15,synthetic
Q17-0899,2017-12-09,23508,230.0,Dresden Generating Station 230 kV,gen,gas,174.4,Illinois,34,synthetic
Q17-0900,2017-12-11,8207,138.0,Audobon 138 kV,gen,solar,69.4,Pennsylvania,11,synthetic
Q17-0901,2017-12-11,20286,230.0,Marbo 230 kV,gen,gas,1500.0,Ohio,30,synthetic
Q17-0902,2017-12-12,7553,138.0,Butler 138 kV,gen,solar,123.7,Pennsylvania,11,synthetic
Q17-0903,2017-12-13,22394,100.0,Winterset 100 kV,gen,solar,212.7,Indiana,33,synthetic
Q17-0904,2017-12-13,23495,230.0,Rocky Road Power Llc 230 kV,gen,solar,52.8,Illinois,34,synthetic
Q17-0905,2017-12-16,10031,138.0,Brambleton 138 kV,gen,solar,99.2,Virginia,15,synthetic
Q17-0906,2017-12-16,9677,138.0,Port Costa Brick Tap 138 kV,gen,solar,101.6,Virginia,15,synthetic
Q17-0907,2017-12-17,5917,138.0,Earlimart 138 kV,gen,gas,344.0,New Jersey,9,synthetic
Q17-0908,2017-12-23,11146,345.0,Person 345 kV,load,load,361.2,North Carolina,16,synthetic
Q17-0909,2017-12-26,10228,345.0,Seminole Electric Cooperative 345 kV,gen,solar,281.2,Virginia,15,synthetic
Q17-0910,2017-12-28,9633,345.0,Kean Mtn And Grassy Creek 345 kV,gen,gas,1455.3,Virginia,14,synthetic
Q18-0911,2018-01-03,10054,138.0,Hicks 138 kV,gen,solar,246.3,Virginia,15,synthetic
Q18-0912,2018-01-04,6026,345.0,Caledonia Alte 345 kV,gen,solar,97.8,Pennsylvania,10,synthetic
Q18-0913,2018-01-05,11146,345.0,Person 345 kV,battery,storage,500.0,North Carolina,16,synthetic
Q18-0914,2018-01-08,22493,230.0,Buckeye 230 kV,gen,gas,97.8,Indiana,33,synthetic
Q18-0915,2018-01-11,23512,230.0,Zion 230 kV,gen,solar,175.7,Illinois,34,synthetic
Q18-0916,2018-01-12,9633,138.0,Kean Mtn And Grassy Creek 138 kV,gen,solar,121.2,Virginia,14,synthetic
Q18-0917,2018-01-13,6839,138.0,Lake Road Mo 138 kV,gen,solar,317.6,Pennsylvania,10,synthetic
Q18-0918,2018-01-13,9159,138.0,Deen 138 kV,battery,storage,41.4,Virginia,14,synthetic
Q18-0919,2018-01-14,5610,138.0,Jack County 138 kV,gen,solar,106.4,New Jersey,9,synthetic
Q18-0920,2018-01-20,5930,138.0,Tulare 138 kV,gen,solar,78.1,New Jersey,9,synthetic
Q18-0921,2018-01-21,6521,345.0,Hedges 345 kV,gen,wind,392.6,Pennsylvania,10,synthetic
Q18-0922,2018-01-22,5374,138.0,Yauco Plaza 138 kV,gen,solar,211.7,New Jersey,9,synthetic
Q18-0923,2018-01-23,9971,138.0,Trask 138 kV,gen,wind,303.8,Virginia,15,synthetic
Q18-0924,2018-01-24,6726,138.0,Tazewell 138 kV,load,load,26.6,Pennsylvania,10,synthetic
Q18-0925,2018-01-24,17581,138.0,Hotchkiss 138 kV,gen,solar,68.5,Kentucky,27,synthetic
Q18-0926,2018-01-26,9633,345.0,Kean Mtn And Grassy Creek 345 kV,battery,storage,280.5,Virginia,14,synthetic
Q18-0927,2018-01-27,17963,138.0,Oleum 138 kV,gen,solar,63.2,West Virginia,28,synthetic
Q18-0928,2018-01-30,10195,138.0,Garrisonville 138 kV,battery,storage,147.7,Virginia,15,synthetic
Q18-0929,2018-01-30,7050,138.0,Nolensville 138 kV,battery,storage,177.3,Pennsylvania,10,synthetic
Q18-0930,2018-02-02,5653,138.0,Kellerville 138 kV,battery,storage,35.8,New Jersey,9,synthetic
Q18-0931,2018-02-06,19544,230.0,Waterford Power Llc 230 kV,gen,gas,764.8,Ohio,29,synthetic
Q18-0932,2018-02-08,19733,100.0,Eagle Eye 100 kV,gen,wind,117.8,Ohio,30,synthetic
Q18-0933,2018-02-08,23887,100.0,Cherokee 100 kV,gen,other,46.9,Illinois,35,synthetic
Q18-0934,2018-02-10,17834,345.0,Mcclellan Ar 345 kV,gen,gas,1339.3,Kentucky,27,synthetic
Q18-0935,2018-02-11,10055,138.0,Stoughton 138 kV,gen,solar,52.9,Virginia,15,synthetic
Q18-0936,2018-02-15,9853,138.0,Westwing 138 kV,gen,solar,326.3,Virginia,15,synthetic
Q18-0937,2018-02-18,23276,100.0,Bear Creek 100 kV,gen,solar,43.6,Illinois,34,synthetic
Q18-0938,2018-02-21,7750,138.0,Military Highway 138 kV,gen,solar,164.7,Pennsylvania,11,synthetic
Q18-0939,2018-02-24,9374,138.0,Brodhead South 138 kV,gen,gas,452.5,Virginia,14,synthetic
Q18-0940,2018-02-25,20138,230.0,Waters River 230 kV,gen,solar,87.1,Ohio,30,synthetic
Q18-0941,2018-02-26,9219,138.0,Reusens 138 kV,gen,solar,104.4,Virginia,14,synthetic
Q18-0942,2018-02-26,10241,138.0,Basf 138 kV,gen,solar,63.1,Virginia,15,synthetic
Q18-0943,2018-03-02,18021,138.0,Federalgen 138 kV,gen,wind,97.4,West Virginia,28,synthetic
Q18-0944,2018-03-04,8324,138.0,Pensacola 138 kV,gen,solar,210.3,Delaware,12,synthetic
Q18-0945,2018-03-05,8343,138.0,Brandywine 138 kV,gen,solar,230.0,Delaware,12,synthetic
Q18-0946,2018-03-05,9275,138.0,Borger 138 kV,gen,solar,71.3,Virginia,14,synthetic
Q18-0947,2018-03-08,20273,100.0,Rittman 100 kV,gen,solar,34.8,Ohio,30,synthetic
Q18-0948,2018-03-09,6586,138.0,Collierville 138 kV,gen,solar,103.3,Pennsylvania,10,synthetic
Q18-0949,2018-03-14,23348,100.0,Iris 100 kV,gen,wind,188.5,Illinois,34,synthetic
Q18-0950,2018-03-14,6787,138.0,Silver Bow 138 kV,gen,solar,106.3,Pennsylvania,10,synthetic
Q18-0951,2018-03-15,5372,345.0,Laurel Ave 345 kV,gen,gas,421.0,New Jersey,9,synthetic
Q18-0952,2018-03-16,22965,100.0,Lower Granite 100 kV,gen,other,27.1,Illinois,34,synthetic
Q18-0953,2018-03-18,7233,138.0,Thayer 138 kV,gen,solar,57.4,Pennsylvania,11,synthetic
Q18-0954,2018-03-18,19046,100.0,Calhoun City 100 kV,gen,solar,201.6,Ohio,29,synthetic
Q18-0955,2018-03-19,5862,138.0,West Side 138 kV,gen,solar,185.8,New Jersey,9,synthetic
Q18-0956,2018-03-26,6619,138.0,Red Hills Generating Facility 138 kV,battery,storage,67.6,Pennsylvania,10,synthetic
Q18-0957,2018-03-26,18693,345.0,Harrison 345 kV,gen,gas,291.3,West Virginia,28,synthetic
Q18-0958,2018-03-27,18743,100.0,Peru 100 kV,gen,solar,124.2,Ohio,29,synthetic
Q18-0959,2018-03-27,9532,138.0,Starkey 138 kV,gen,solar,130.2,Virginia,14,synthetic
Q18-0960,2018-03-27,9273,138.0,Edward Pike 138 kV,gen,solar,148.4,Virginia,14,synthetic
Q18-0961,2018-03-28,6580,138.0,Golden Gate 138 kV,gen,wind,600.0,Pennsylvania,10,synthetic
Q18-0962,2018-03-28,9633,138.0,Kean Mtn And Grassy Creek 138 kV,gen,solar,46.6,Virginia,14,synthetic
Q18-0963,2018-03-29,5243,138.0,Calpeak Pe 7 138 kV,gen,solar,77.6,New Jersey,9,synthetic
Q18-0964,2018-03-29,16489,138.0,Montrose 138 kV,gen,solar,346.4,Tennessee,26,synthetic
Q18-0965,2018-04-05,10037,138.0,Spring Gap 138 kV,battery,storage,60.4,Virginia,15,synthetic
Q18-0966,2018-04-07,9793,138.0,Baraga Vlg 138 kV,gen,solar,155.2,Virginia,15,synthetic
Q18-0967,2018-04-08,7946,138.0,Tornado 138 kV,gen,solar,108.8,Pennsylvania,11,synthetic
Q18-0968,2018-04-09,7447,138.0,Chesterfield 138 kV,gen,gas,495.8,Pennsylvania,11,synthetic
Q18-0969,2018-04-12,9250,138.0,Bethlehem Power Plant 138 kV,gen,solar,121.5,Virginia,14,synthetic
Q18-0970,2018-04-13,22965,100.0,Lower Granite 100 kV,gen,gas,201.1,Illinois,34,synthetic
Q18-0971,2018-04-16,22035,500.0,Mcmichen 500 kV,gen,gas,1500.0,Indiana,33,synthetic
Q18-0972,2018-04-18,19785,100.0,Saltspring Tap 100 kV,gen,solar,86.6,Ohio,30,synthetic
Q18-0973,2018-04-19,22749,230.0,San Marcos 230 kV,gen,wind,141.8,Indiana,33,synthetic
Q18-0974,2018-04-20,7265,138.0,Gobain 138 kV,gen,gas,84.3,Pennsylvania,11,synthetic
Q18-0975,2018-04-21,8499,345.0,Redman 345 kV,gen,gas,953.3,Maryland,13,synthetic
Q18-0976,2018-04-22,17881,138.0,Mammoth 138 kV,gen,solar,29.6,West Virginia,28,synthetic
Q18-0977,2018-05-03,9529,138.0,Chisholm 138 kV,gen,solar,95.5,Virginia,14,synthetic
Q18-0978,2018-05-04,19950,100.0,Baumhart 100 kV,gen,solar,105.4,Ohio,30,synthetic
Q18-0979,2018-05-07,7931,138.0,La Conner 138 kV,gen,solar,178.3,Pennsylvania,11,synthetic
Q18-0980,2018-05-07,18934,100.0,West Milersburg 100 kV,gen,wind,224.2,Ohio,29,synthetic
Q18-0981,2018-05-09,10281,345.0,Jesse L Terry 345 kV,gen,wind,322.3,Virginia,15,synthetic
Q18-0982,2018-05-09,7548,138.0,Huron 138 kV,gen,solar,156.7,Pennsylvania,11,synthetic
Q18-0983,2018-05-10,9336,138.0,Skungamaug 138 kV,gen,solar,206.9,Virginia,14,synthetic
Q18-0984,2018-05-10,9658,345.0,Buhl 345 kV,gen,solar,211.5,Virginia,14,synthetic
Q18-0985,2018-05-10,10279,138.0,North Anna 138 kV,gen,solar,170.2,Virginia,15,synthetic
Q18-0986,2018-05-11,8740,138.0,Frederick 138 kV,gen,gas,619.4,Maryland,13,synthetic
Q18-0987,2018-05-14,5850,138.0,Sjve Madera 138 kV,gen,other,118.5,New Jersey,9,synthetic
Q18-0988,2018-05-15,22035,500.0,Mcmichen 500 kV,gen,gas,830.9,Indiana,33,synthetic
Q18-0989,2018-05-16,16955,138.0,Mcleansboro 138 kV,gen,solar,211.3,Kentucky,27,synthetic
Q18-0990,2018-05-16,9070,138.0,Brandywine Power Facility 138 kV,gen,solar,161.5,Maryland,13,synthetic
Q18-0991,2018-05-17,17238,138.0,Phoenix 138 kV,battery,storage,108.3,Kentucky,27,synthetic
Q18-0992,2018-05-17,23201,100.0,20 Plant 100 kV,gen,solar,240.9,Illinois,34,synthetic
Q18-0993,2018-05-19,19554,100.0,Dresden 100 kV,gen,wind,264.8,Ohio,29,synthetic
Q18-0994,2018-05-20,17940,138.0,Boone 138 kV,gen,gas,446.1,West Virginia,28,synthetic
Q18-0995,2018-05-23,10752,138.0,Oakwind 138 kV,gen,gas,1091.5,North Carolina,16,synthetic
Q18-0996,2018-05-24,10128,138.0,Princeton Mn 138 kV,gen,other,13.6,Virginia,15,synthetic
Q18-0997,2018-05-25,17637,138.0,Laclede 138 kV,gen,solar,178.3,Kentucky,27,synthetic
Q18-0998,2018-05-26,22965,230.0,Lower Granite 230 kV,gen,solar,207.1,Illinois,34,synthetic
Q18-0999,2018-05-28,7100,500.0,Mountain 500 kV,gen,gas,959.1,Pennsylvania,10,synthetic
Q18-1000,2018-05-28,8931,138.0,Metzerott Road 138 kV,gen,solar,38.0,Maryland,13,synthetic
Q18-1001,2018-06-03,19554,500.0,Dresden 500 kV,gen,gas,890.1,Ohio,29,synthetic
Q18-1002,2018-06-03,18118,138.0,State Pen 138 kV,gen,solar,29.6,West Virginia,28,synthetic
Q18-1003,2018-06-05,9250,138.0,Bethlehem Power Plant 138 kV,gen,solar,219.4,Virginia,14,synthetic
Q18-1004,2018-06-06,22035,230.0,Mcmichen 230 kV,gen,solar,172.5,Indiana,33,synthetic
Q18-1005,2018-06-14,17040,138.0,Kimberly Clark 138 kV,gen,solar,53.3,Kentucky,27,synthetic
Q18-1006,2018-06-18,7653,138.0,Stewart 138 kV,gen,gas,826.4,Pennsylvania,11,synthetic
Q18-1007,2018-06-21,20033,230.0,West Austintown 230 kV,gen,solar,81.6,Ohio,30,synthetic
Q18-1008,2018-06-22,22869,100.0,South Bradley 100 kV,gen,gas,155.7,Illinois,34,synthetic
Q18-1009,2018-06-27,5960,345.0,Edison 345 kV,gen,wind,361.5,New Jersey,9,synthetic
Q18-1010,2018-07-01,10275,138.0,Battery Heights Dp 138 kV,gen,other,69.1,Virginia,15,synthetic
Q18-1011,2018-07-06,22855,100.0,Vancouver Airport 100 kV,gen,gas,134.5,Illinois,34,synthetic
Q18-1012,2018-07-07,22018,100.0,Yahuecas 8203 100 kV,gen,gas,1200.1,Indiana,33,synthetic
Q18-1013,2018-07-07,22982,230.0,Commonwealth Edison Des Plaines 230 kV,gen,gas,538.8,Illinois,34,synthetic
Q18-1014,2018-07-07,19554,100.0,Dresden 100 kV,gen,wind,143.9,Ohio,29,synthetic
Q18-1015,2018-07-08,22493,230.0,Buckeye 230 kV,gen,gas,1500.0,Indiana,33,synthetic
Q18-1016,2018-07-08,7938,138.0,Fayetteville 138 kV,gen,wind,152.0,Pennsylvania,11,synthetic
Q18-1017,2018-07-10,5534,138.0,Revelstoke 138 kV,gen,gas,46.9,New Jersey,9,synthetic
Q18-1018,2018-07-10,6091,138.0,Simpson Lumber 138 kV,gen,gas,468.3,Pennsylvania,10,synthetic
Q18-1019,2018-07-16,7518,138.0,Gillis 138 kV,battery,storage,130.0,Pennsylvania,11,synthetic
Q18-1020,2018-07-18,17876,138.0,Ketchum 138 kV,gen,solar,54.9,West Virginia,28,synthetic
Q18-1021,2018-07-18,9545,138.0,Balcony Falls 138 kV,gen,solar,123.9,Virginia,14,synthetic
Q18-1022,2018-07-21,24612,230.0,Cadiz 230 kV,gen,solar,175.2,Illinois,35,synthetic
Q18-1023,2018-07-22,8819,138.0,Bethany 138 kV,gen,wind,256.0,Maryland,13,synthetic
Q18-1024,2018-07-23,9633,345.0,Kean Mtn And Grassy Creek 345 kV,gen,gas,781.8,Virginia,14,synthetic
Q18-1025,2018-07-25,18683,138.0,Jim Hill 138 kV,gen,solar,56.8,West Virginia,28,synthetic
Q18-1026,2018-07-27,7733,138.0,Kendall 138 kV,gen,gas,151.9,Pennsylvania,11,synthetic
Q18-1027,2018-07-28,21986,100.0,Rerc 100 kV,gen,solar,241.5,Indiana,33,synthetic
Q18-1028,2018-07-29,9534,138.0,Hancock 138 kV,gen,solar,53.0,Virginia,14,synthetic
Q18-1029,2018-08-01,9633,138.0,Kean Mtn And Grassy Creek 138 kV,gen,solar,71.1,Virginia,14,synthetic
Q18-1030,2018-08-01,9911,138.0,Country Club 2 138 kV,gen,solar,48.8,Virginia,15,synthetic
Q18-1031,2018-08-03,20299,230.0,Hagan 230 kV,gen,solar,108.3,Ohio,30,synthetic
Q18-1032,2018-08-08,22886,230.0,Flax Hill 230 kV,gen,solar,98.4,Illinois,34,synthetic
Q18-1033,2018-08-13,7936,138.0,Uncer 138 kV,gen,wind,404.3,Pennsylvania,11,synthetic
Q18-1034,2018-08-16,8371,138.0,Woodenshoe 138 kV,gen,other,39.6,Delaware,12,synthetic
Q18-1035,2018-08-16,22493,230.0,Buckeye 230 kV,gen,gas,443.6,Indiana,33,synthetic
Q18-1036,2018-08-19,18699,138.0,Hassayampa Tap 138 kV,gen,solar,76.2,West Virginia,28,synthetic
Q18-1037,2018-08-20,22035,230.0,Mcmichen 230 kV,gen,solar,27.1,Indiana,33,synthetic
Q18-1038,2018-08-21,7286,138.0,Ss3143 138 kV,gen,solar,171.4,Pennsylvania,11,synthetic
Q18-1039,2018-08-22,8920,138.0,Huntsville 138 kV,gen,other,31.0,Maryland,13,synthetic
Q18-1040,2018-08-24,10266,138.0,Dean Drive Area Electric Generators 138 kV,gen,gas,287.1,Virginia,15,synthetic
Q18-1041,2018-08-24,24606,500.0,Top Crop 500 kV,gen,gas,743.2,Illinois,35,synthetic
Q18-1042,2018-08-25,18118,138.0,State Pen 138 kV,gen,gas,1275.1,West Virginia,28,synthetic
Q18-1043,2018-08-25,6976,138.0,Mesquite 138 kV,gen,wind,273.4,Pennsylvania,10,synthetic
Q18-1044,2018-08-25,22018,100.0,Yahuecas 8203 100 kV,gen,solar,250.4,Indiana,33,synthetic
Q18-1045,2018-08-26,23064,100.0,Baja Tap 100 kV,load,load,128.5,Illinois,34,synthetic
Q18-1046,2018-08-27,8852,138.0,Kenilworth 138 kV,gen,solar,187.4,Maryland,13,synthetic
Q18-1047,2018-08-29,19020,230.0,Wahiawa 230 kV,gen,wind,100.0,Ohio,29,synthetic
Q18-1048,2018-08-30,20995,100.0,Oak Knoll 100 kV,battery,storage,82.9,Michigan,32,synthetic
Q18-1049,2018-08-31,24600,500.0,Farragut 500 kV,gen,gas,563.0,Illinois,35,synthetic
Q18-1050,2018-08-31,23097,100.0,South Shreveport 100 kV,gen,solar,179.1,Illinois,34,synthetic
Q18-1051,2018-09-01,9633,138.0,Kean Mtn And Grassy Creek 138 kV,gen,other,109.0,Virginia,14,synthetic
Q18-1052,2018-09-02,8499,345.0,Redman 345 kV,gen,solar,165.6,Maryland,13,synthetic
Q18-1053,2018-09-03,8039,138.0,Helotes 138 kV,gen,solar,211.9,Pennsylvania,11,synthetic
Q18-1054,2018-09-03,22780,100.0,Patroon 100 kV,gen,other,187.6,Illinois,34,synthetic
Q18-1055,2018-09-06,17699,138.0,Brokaw 138 kV,gen,wind,89.4,Kentucky,27,synthetic
Q18-1056,2018-09-08,22493,230.0,Buckeye 230 kV,gen,gas,72.1,Indiana,33,synthetic
Q18-1057,2018-09-10,9627,138.0,Weston 138 kV,gen,solar,175.3,Virginia,14,synthetic
Q18-1058,2018-09-10,23523,230.0,Byron 230 kV,gen,solar,44.9,Illinois,34,synthetic
Q18-1059,2018-09-11,10279,138.0,North Anna 138 kV,gen,solar,82.4,Virginia,15,synthetic
Q18-1060,2018-09-13,9567,138.0,Girvan 138 kV,gen,gas,197.6,Virginia,14,synthetic
Q18-1061,2018-09-15,17100,138.0,Decatur Route 51 138 kV,gen,solar,305.6,Kentucky,27,synthetic
Q18-1062,2018-09-16,22493,230.0,Buckeye 230 kV,gen,solar,145.2,Indiana,33,synthetic
Q18-1063,2018-09-16,18497,138.0,Littlefork 138 kV,gen,solar,83.8,West Virginia,28,synthetic
Q18-1064,2018-09-17,9810,138.0,Mountain Lake 138 kV,gen,gas,340.6,Virginia,15,synthetic
Q18-1065,2018-09-17,9793,345.0,Baraga Vlg 345 kV,load,load,633.5,Virginia,15,synthetic
Q18-1066,2018-09-19,5782,138.0,Pringle 138 kV,gen,gas,231.4,New Jersey,9,synthetic
Q18-1067,2018-09-22,23495,230.0,Rocky Road Power Llc 230 kV,battery,storage,93.4,Illinois,34,synthetic
Q18-1068,2018-09-26,18034,138.0,Gold Hill 138 kV,gen,solar,214.1,West Virginia,28,synthetic
Q18-1069,2018-09-28,9633,345.0,Kean Mtn And Grassy Creek 345 kV,gen,wind,302.3,Virginia,14,synthetic
Q18-1070,2018-09-29,19645,230.0,Demoss 230 kV,gen,gas,254.8,Ohio,30,synthetic
Q18-1071,2018-09-29,18801,230.0,Wellington 1 230 kV,gen,solar,114.2,Ohio,29,synthetic
Q18-1072,2018-10-03,5673,138.0,Murray Hill Solar 138 kV,battery,storage,75.1,New Jersey,9,synthetic
Q18-1073,2018-10-04,22493,230.0,Buckeye 230 kV,gen,solar,137.8,Indiana,33,synthetic
Q18-1074,2018-10-08,9716,138.0,Oliver Street 138 kV,gen,gas,41.9,Virginia,15,synthetic
Q18-1075,2018-10-09,19587,500.0,Inyokern 500 kV,gen,wind,345.0,Ohio,29,synthetic
Q18-1076,2018-10-09,9024,138.0,Boundary 138 kV,battery,storage,151.4,Maryland,13,synthetic
Q18-1077,2018-10-12,5775,138.0,Prairie 138 kV,gen,gas,490.1,New Jersey,9,synthetic
Q18-1078,2018-10-15,9764,138.0,Kansas 138 kV,gen,wind,179.4,Virginia,15,synthetic
Q18-1079,2018-10-16,9633,138.0,Kean Mtn And Grassy Creek 138 kV,gen,solar,125.6,Virginia,14,synthetic
Q18-1080,2018-10-17,19648,100.0,Aes Columbia Power 100 kV,gen,solar,87.8,Ohio,30,synthetic
Q18-1081,2018-10-18,19962,230.0,Patterson Road 230 kV,gen,solar,116.1,Ohio,30,synthetic
Q18-1082,2018-10-20,23357,100.0,Markland 100 kV,battery,storage,42.8,Illinois,34,synthetic
Q18-1083,2018-10-22,9627,138.0,Weston 138 kV,gen,other,210.9,Virginia,14,synthetic
Q18-1084,2018-10-22,16916,138.0,Cico 138 kV,gen,solar,160.5,Kentucky,27,synthetic
Q18-1085,2018-10-23,7935,138.0,New Vt Hanlon 138 kV,gen,solar,82.8,Pennsylvania,11,synthetic
Q18-1086,2018-10-25,19205,100.0,Five Points 100 kV,gen,solar,84.4,Ohio,29,synthetic
Q18-1087,2018-10-26,23328,230.0,Hinsons Crossroads 230 kV,gen,wind,193.0,Illinois,34,synthetic
Q18-1088,2018-10-27,9546,138.0,Sweetwater 138 kV,gen,solar,57.8,Virginia,14,synthetic
Q18-1089,2018-10-29,9532,138.0,Starkey 138 kV,gen,wind,62.6,Virginia,14,synthetic
Q18-1090,2018-10-30,22001,100.0,Earlham 100 kV,gen,gas,59.9,Indiana,33,synthetic
Q18-1091,2018-10-30,19728,100.0,Ix Center 100 kV,gen,gas,159.6,Ohio,30,synthetic
Q18-1092,2018-10-30,19492,230.0,Tenth St 2 230 kV,gen,solar,175.4,Ohio,29,synthetic
Q18-1093,2018-10-31,17472,138.0,Hawaiian Comm & Sugar Puunene Mill 138 kV,battery,storage,212.3,Kentucky,27,synthetic
Q18-1094,2018-11-01,10286,138.0,Pillar 138 kV,gen,solar,92.8,Virginia,15,synthetic
Q18-1095,2018-11-02,17673,138.0,Locusst 138 kV,gen,gas,246.6,Kentucky,27,synthetic
Q18-1096,2018-11-04,8545,138.0,Norton 138 kV,gen,solar,74.7,Maryland,13,synthetic
Q18-1097,2018-11-06,9633,138.0,Kean Mtn And Grassy Creek 138 kV,gen,solar,59.4,Virginia,14,synthetic
Q18-1098,2018-11-09,18623,138.0,South Canton 2 138 kV,gen,solar,76.0,West Virginia,28,synthetic
Q18-1099,2018-11-09,7286,345.0,Ss3143 345 kV,gen,gas,541.3,Pennsylvania,11,synthetic
Q18-1100,2018-11-09,7097,138.0,52Nd Street 138 kV,gen,solar,37.7,Pennsylvania,10,synthetic
Q18-1101,2018-11-09,9785,138.0,Trabue 138 kV,gen,solar,129.1,Virginia,15,synthetic
Q18-1102,2018-11-11,23330,100.0,Lake Ida 100 kV,gen,other,150.0,Illinois,34,synthetic
Q18-1103,2018-11-11,18005,138.0,Covanta Delaware Valley 138 kV,gen,solar,211.1,West Virginia,28,synthetic
Q18-1104,2018-11-12,19862,230.0,Icegen 230 kV,battery,storage,147.5,Ohio,30,synthetic
Q18-1105,2018-11-14,5512,138.0,New Barnesville 138 kV,gen,solar,61.5,New Jersey,9,synthetic
Q18-1106,2018-11-18,19432,100.0,Blackhawk Sw Yd 100 kV,load,load,246.9,Ohio,29,synthetic
Q18-1107,2018-11-18,22024,230.0,Mt. Harris 230 kV,gen,gas,141.6,Indiana,33,synthetic
Q18-1108,2018-11-21,10229,138.0,Weed Junction 138 kV,gen,solar,93.3,Virginia,15,synthetic
Q18-1109,2018-11-21,19391,100.0,Bowles 100 kV,gen,wind,98.2,Ohio,29,synthetic
Q18-1110,2018-11-22,9633,345.0,Kean Mtn And Grassy Creek 345 kV,gen,gas,880.4,Virginia,14,synthetic
Q18-1111,2018-11-23,10066,138.0,Cub-Run Dp 138 kV,gen,solar,236.3,Virginia,15,synthetic
Q18-1112,2018-11-27,9662,138.0,Farrell 138 kV,gen,solar,84.5,Virginia,14,synthetic
Q18-1113,2018-11-27,9065,138.0,Highway 46 138 kV,gen,wind,259.8,Maryland,13,synthetic
Q18-1114,2018-11-29,9510,138.0,Suncor 138 kV,gen,wind,334.4,Virginia,14,synthetic
Q18-1115,2018-11-30,20997,100.0,Lone Pine 3 100 kV,load,load,121.9,Michigan,32,synthetic
Q18-1116,2018-12-05,7936,138.0,Uncer 138 kV,gen,wind,228.7,Pennsylvania,11,synthetic
Q18-1117,2018-12-06,22035,230.0,Mcmichen 230 kV,gen,wind,241.7,Indiana,33,synthetic
Q18-1118,2018-12-08,19769,100.0,D B Wilson 100 kV,gen,solar,237.5,Ohio,30,synthetic
Q18-1119,2018-12-09,23508,100.0,Dresden Generating Station 100 kV,gen,other,99.7,Illinois,34,synthetic
Q18-1120,2018-12-11,22035,230.0,Mcmichen 230 kV,gen,solar,144.7,Indiana,33,synthetic
Q18-1121,2018-12-12,20169,230.0,Simon Street 230 kV,gen,solar,114.8,Ohio,30,synthetic
Q18-1122,2018-12-12,22874,100.0,Trienda 100 kV,gen,solar,65.4,Illinois,34,synthetic
Q18-1123,2018-12-13,9444,138.0,Axton 138 kV,gen,wind,153.6,Virginia,14,synthetic
Q18-1124,2018-12-18,8009,138.0,Rosholt 138 kV,gen,solar,157.3,Pennsylvania,11,synthetic
Q18-1125,2018-12-21,24600,100.0,Farragut 100 kV,gen,solar,205.4,Illinois,35,synthetic
Q18-1126,2018-12-22,9985,138.0,Dismal River 138 kV,battery,storage,155.0,Virginia,15,synthetic
Q18-1127,2018-12-26,18771,100.0,Avery Ranch 100 kV,gen,solar,161.4,Ohio,29,synthetic
Q18-1128,2018-12-29,19158,100.0,Jocassee Tie 100 kV,load,load,138.3,Ohio,29,synthetic
Q18-1129,2018-12-31,17049,138.0,Wheatland 138 kV,gen,solar,44.7,Kentucky,27,synthetic
Q18-1130,2018-12-31,9633,138.0,Kean Mtn And Grassy Creek 138 kV,gen,solar,279.7,Virginia,14,synthetic
Q19-1131,2019-01-01,19932,100.0,North Shore Beach 100 kV,battery,storage,130.0,Ohio,30,synthetic
Q19-1132,2019-01-05,9227,138.0,Desmet 138 kV,battery,storage,139.9,Virginia,14,synthetic
Q19-1133,2019-01-07,19554,100.0,Dresden 100 kV,gen,solar,63.0,Ohio,29,synthetic
Q19-1134,2019-01-10,9633,138.0,Kean Mtn And Grassy Creek 138 kV,gen,wind,167.0,Virginia,14,synthetic
Q19-1135,2019-01-17,5482,138.0,Quail 138 kV,gen,solar,156.4,New Jersey,9,synthetic
Q19-1136,2019-01-18,19588,100.0,Lockwood 100 kV,gen,solar,69.3,Ohio,29,synthetic
Q19-1137,2019-01-20,19158,100.0,Jocassee Tie 100 kV,gen,solar,58.8,Ohio,29,synthetic
Q19-1138,2019-01-21,9253,138.0,Grantsdale 138 kV,gen,solar,63.8,Virginia,14,synthetic
Q19-1139,2019-01-21,6164,138.0,Thalmann 138 kV,battery,storage,251.1,Pennsylvania,10,synthetic
Q19-1140,2019-01-26,9263,138.0,Turkey Pen 138 kV,gen,solar,111.6,Virginia,14,synthetic
Q19-1141,2019-01-29,10279,345.0,North Anna 345 kV,gen,wind,255.9,Virginia,15,synthetic
Q19-1142,2019-02-03,9633,345.0,Kean Mtn And Grassy Creek 345 kV,gen,solar,221.1,Virginia,14,synthetic
Q19-1143,2019-02-06,11130,345.0,Roanoke Rapids 345 kV,gen,gas,358.2,North Carolina,16,synthetic
Q19-1144,2019-02-08,6435,138.0,Ross Avenue 138 kV,gen,solar,94.0,Pennsylvania,10,synthetic
Q19-1145,2019-02-12,5184,138.0,Norwell 138 kV,gen,solar,139.7,New Jersey,9,synthetic
Q19-1146,2019-02-13,19594,230.0,Muskingum River 230 kV,battery,storage,31.0,Ohio,29,synthetic
Q19-1147,2019-02-13,24035,100.0,Washington Park Ds 100 kV,gen,solar,67.3,Illinois,35,synthetic
Q19-1148,2019-02-13,20286,230.0,Marbo 230 kV,gen,solar,411.8,Ohio,30,synthetic
Q19-1149,2019-02-15,10195,138.0,Garrisonville 138 kV,gen,hybrid,221.1,Virginia,15,synthetic
Q19-1150,2019-02-15,17458,138.0,Hutchinson County 138 kV,battery,storage,111.6,Kentucky,27,synthetic
Q19-1151,2019-02-17,23104,230.0,Pontchartrain Park 230 kV,gen,solar,207.8,Illinois,34,synthetic
Q19-1152,2019-02-19,24211,100.0,Ocana 100 kV,gen,solar,86.8,Illinois,35,synthetic
Q19-1153,2019-02-20,19760,230.0,Kelly 230 kV,gen,wind,64.9,Ohio,30,synthetic
Q19-1154,2019-02-21,6997,138.0,Placer 138 kV,gen,solar,148.9,Pennsylvania,10,synthetic
Q19-1155,2019-02-21,7233,138.0,Thayer 138 kV,gen,solar,139.1,Pennsylvania,11,synthetic
Q19-1156,2019-02-22,9007,345.0,Hutchins 345 kV,gen,solar,184.6,Maryland,13,synthetic
Q19-1157,2019-02-22,19548,230.0,Hanging Rock 230 kV,gen,solar,58.1,Ohio,29,synthetic
Q19-1158,2019-02-23,10055,138.0,Stoughton 138 kV,gen,gas,262.7,Virginia,15,synthetic
Q19-1159,2019-02-23,8384,138.0,Basin Road 138 kV,gen,solar,139.2,Delaware,12,synthetic
Q19-1160,2019-02-28,9244,138.0,Lewis River 138 kV,battery,storage,103.6,Virginia,14,synthetic
Q19-1161,2019-02-28,9912,138.0,Sub 9912 138 kV,gen,solar,72.7,Virginia,15,synthetic
Q19-1162,2019-03-03,23495,500.0,Rocky Road Power Llc 500 kV,load,load,635.1,Illinois,34,synthetic
Q19-1163,2019-03-04,9633,138.0,Kean Mtn And Grassy Creek 138 kV,gen,solar,115.1,Virginia,14,synthetic
Q19-1164,2019-03-04,9633,345.0,Kean Mtn And Grassy Creek 345 kV,battery,storage,155.2,Virginia,14,synthetic
Q19-1165,2019-03-06,23495,230.0,Rocky Road Power Llc 230 kV,gen,solar,131.7,Illinois,34,synthetic
Q19-1166,2019-03-06,6005,345.0,Woodstown 345 kV,gen,gas,633.6,New Jersey,9,synthetic
Q19-1167,2019-03-07,8612,138.0,Vineyard Tap 138 kV,gen,wind,157.3,Maryland,13,synthetic
Q19-1168,2019-03-08,18477,138.0,Dresden Drive 138 kV,gen,solar,239.5,West Virginia,28,synthetic
Q19-1169,2019-03-10,5960,345.0,Edison 345 kV,gen,hybrid,144.6,New Jersey,9,synthetic
Q19-1170,2019-03-12,9213,138.0,Shepherds North 138 kV,gen,solar,63.0,Virginia,14,synthetic
Q19-1171,2019-03-15,9872,138.0,Ellerbe Road 138 kV,battery,storage,123.1,Virginia,15,synthetic
Q19-1172,2019-03-17,22749,230.0,San Marcos 230 kV,gen,solar,72.5,Indiana,33,synthetic
Q19-1173,2019-03-19,7008,138.0,John Hart 138 kV,gen,solar,21.2,Pennsylvania,10,synthetic
Q19-1174,2019-03-22,17847,138.0,Port Ewards 138 kV,gen,solar,84.6,Kentucky,27,synthetic
Q19-1175,2019-03-22,23508,100.0,Dresden Generating Station 100 kV,gen,solar,205.0,Illinois,34,synthetic
Q19-1176,2019-03-24,9242,138.0,Obion 138 kV,gen,wind,111.9,Virginia,14,synthetic
Q19-1177,2019-03-25,16921,138.0,Biddeford Ip 138 kV,gen,solar,100.0,Kentucky,27,synthetic
Q19-1178,2019-03-27,23495,230.0,Rocky Road Power Llc 230 kV,gen,wind,318.9,Illinois,34,synthetic
Q19-1179,2019-03-29,7777,138.0,Reedsburg 138 kV,gen,solar,143.2,Pennsylvania,11,synthetic
Q19-1180,2019-03-30,22493,230.0,Buckeye 230 kV,gen,hybrid,181.7,Indiana,33,synthetic
Q19-1181,2019-03-30,23495,500.0,Rocky Road Power Llc 500 kV,load,load,460.6,Illinois,34,synthetic
Q19-1182,2019-04-02,18442,138.0,Svp 138 kV,gen,hybrid,274.2,West Virginia,28,synthetic
Q19-1183,2019-04-02,22886,230.0,Flax Hill 230 kV,gen,solar,121.7,Illinois,34,synthetic
Q19-1184,2019-04-04,23520,230.0,Big Meadows 230 kV,gen,hybrid,224.4,Illinois,34,synthetic
Q19-1185,2019-04-05,22575,100.0,Hayden Bridge 100 kV,gen,solar,80.1,Indiana,33,synthetic
Q19-1186,2019-04-06,9478,138.0,Kenbridge 138 kV,battery,storage,111.7,Virginia,14,synthetic
Q19-1187,2019-04-06,5998,138.0,Viridity Energy Solutions Acua 138 kV,gen,solar,110.4,New Jersey,9,synthetic
Q19-1188,2019-04-08,18871,100.0,La Grande 100 kV,battery,storage,36.2,Ohio,29,synthetic
Q19-1189,2019-04-09,18693,138.0,Harrison 138 kV,gen,wind,238.5,West Virginia,28,synthetic
Q19-1190,2019-04-09,17238,138.0,Phoenix 138 kV,gen,wind,187.9,Kentucky,27,synthetic
Q19-1191,2019-04-10,18028,138.0,Nixon 138 kV,gen,solar,217.3,West Virginia,28,synthetic
Q19-1192,2019-04-13,19235,100.0,Kinmundy 100 kV,gen,solar,188.5,Ohio,29,synthetic
Q19-1193,2019-04-13,17623,138.0,Leslie 138 kV,gen,solar,61.8,Kentucky,27,synthetic
Q19-1194,2019-04-13,10446,69.0,Barnhill Road Solar Llc 69 kV,battery,storage,93.5,North Carolina,16,synthetic
Q19-1195,2019-04-14,9633,138.0,Kean Mtn And Grassy Creek 138 kV,gen,wind,79.2,Virginia,14,synthetic
Q19-1196,2019-04-15,17040,138.0,Kimberly Clark 138 kV,gen,solar,43.6,Kentucky,27,synthetic
Q19-1197,2019-04-17,6057,138.0,Joshua Falls 138 kV,load,load,372.1,Pennsylvania,10,synthetic
Q19-1198,2019-04-17,9646,138.0,Glen Haven 138 kV,gen,solar,51.2,Virginia,14,synthetic
Q19-1199,2019-04-18,6742,138.0,Kent 138 kV,battery,storage,79.2,Pennsylvania,10,synthetic
Q19-1200,2019-04-19,7010,138.0,Lambie 138 kV,gen,solar,93.6,Pennsylvania,10,synthetic
Q19-1201,2019-04-20,21704,100.0,Hydro Plant 100 kV,gen,solar,65.5,Michigan,32,synthetic
Q19-1202,2019-04-20,23329,100.0,Shaky Joe Swamp Tap 100 kV,gen,solar,234.3,Illinois,34,synthetic
Q19-1203,2019-04-27,9528,138.0,Buckley 138 kV,battery,storage,135.9,Virginia,14,synthetic
Q19-1204,2019-04-27,10553,69.0,Carrabelle 69 kV,gen,solar,108.6,North Carolina,16,synthetic
Q19-1205,2019-04-28,22749,230.0,San Marcos 230 kV,gen,solar,170.3,Indiana,33,synthetic
Q19-1206,2019-05-01,17008,138.0,Bradshaw-Grant Line 138 kV,battery,storage,332.7,Kentucky,27,synthetic
Q19-1207,2019-05-01,20254,230.0,Big Horn 230 kV,gen,solar,117.1,Ohio,30,synthetic
Q19-1208,2019-05-01,22095,100.0,Emrld 100 kV,gen,solar,319.2,Indiana,33,synthetic
Q19-1209,2019-05-02,10071,138.0,Wells Ic 138 kV,gen,solar,65.6,Virginia,15,synthetic
Q19-1210,2019-05-02,7416,138.0,Federalgen Tap 138 kV,gen,gas,185.0,Pennsylvania,11,synthetic
Q19-1211,2019-05-03,9336,138.0,Skungamaug 138 kV,battery,storage,39.3,Virginia,14,synthetic
Q19-1212,2019-05-04,19914,230.0,Martinsville East 230 kV,gen,solar,123.5,Ohio,30,synthetic
Q19-1213,2019-05-05,18515,138.0,Lemon Creek 138 kV,gen,solar,133.9,West Virginia,28,synthetic
Q19-1214,2019-05-11,20032,230.0,Belmont 230 kV,gen,wind,162.7,Ohio,30,synthetic
Q19-1215,2019-05-12,9480,138.0,Page 138 kV,gen,solar,262.0,Virginia,14,synthetic
Q19-1216,2019-05-14,19169,100.0,Bellbrook 100 kV,gen,solar,175.5,Ohio,29,synthetic
Q19-1217,2019-05-15,8397,138.0,Bedford Road 138 kV,battery,storage,65.8,Maryland,13,synthetic
Q19-1218,2019-05-17,9760,138.0,Cato 138 kV,gen,solar,261.6,Virginia,15,synthetic
Q19-1219,2019-05-18,10156,138.0,Dell Rapids 138 kV,battery,storage,66.6,Virginia,15,synthetic
Q19-1220,2019-05-18,18252,138.0,Days Creek 138 kV,gen,solar,144.5,West Virginia,28,synthetic
Q19-1221,2019-05-18,9633,138.0,Kean Mtn And Grassy Creek 138 kV,gen,wind,158.0,Virginia,14,synthetic
Q19-1222,2019-05-21,22849,100.0,Moreno Tap 100 kV,battery,storage,117.9,Illinois,34,synthetic
Q19-1223,2019-05-22,18384,138.0,Halls Ridge 138 kV,gen,solar,63.4,West Virginia,28,synthetic
Q19-1224,2019-05-23,9633,138.0,Kean Mtn And Grassy Creek 138 kV,gen,solar,105.5,Virginia,14,synthetic
Q19-1225,2019-05-26,10240,138.0,Burris Pit 138 kV,gen,solar,204.3,Virginia,15,synthetic
Q19-1226,2019-05-27,23227,230.0,Mason Creek 230 kV,gen,solar,55.0,Illinois,34,synthetic
Q19-1227,2019-05-28,20015,100.0,Ellis 100 kV,gen,solar,68.9,Ohio,30,synthetic
Q19-1228,2019-05-30,9755,138.0,Cordova Park 138 kV,battery,storage,193.7,Virginia,15,synthetic
Q19-1229,2019-06-02,9633,138.0,Kean Mtn And Grassy Creek 138 kV,gen,solar,69.5,Virginia,14,synthetic
Q19-1230,2019-06-03,19321,100.0,Meade County 100 kV,gen,solar,124.5,Ohio,29,synthetic
Q19-1231,2019-06-04,9896,345.0,Dranesville 345 kV,battery,storage,237.7,Virginia,15,synthetic
Q19-1232,2019-06-04,23495,230.0,Rocky Road Power Llc 230 kV,gen,solar,245.8,Illinois,34,synthetic
Q19-1233,2019-06-05,8250,345.0,William F Matson Generating Station 345 kV,gen,solar,212.1,Pennsylvania,11,synthetic
Q19-1234,2019-06-05,18801,230.0,Wellington 1 230 kV,gen,solar,106.2,Ohio,29,synthetic
Q19-1235,2019-06-08,21977,100.0,Villa Mar 1657 100 kV,gen,solar,105.4,Indiana,33,synthetic
Q19-1236,2019-06-08,10264,345.0,Bear Island 345 kV,gen,gas,363.4,Virginia,15,synthetic
Q19-1237,2019-06-09,21977,100.0,Villa Mar 1657 100 kV,gen,solar,127.6,Indiana,33,synthetic
Q19-1238,2019-06-09,8180,138.0,Carlsbad Waterfield 138 kV,gen,solar,101.5,Pennsylvania,11,synthetic
Q19-1239,2019-06-14,22035,230.0,Mcmichen 230 kV,load,load,311.6,Indiana,33,synthetic
Q19-1240,2019-06-14,5342,138.0,Parkrose 138 kV,gen,solar,116.8,New Jersey,9,synthetic
Q19-1241,2019-06-15,9662,138.0,Farrell 138 kV,gen,solar,63.6,Virginia,14,synthetic
Q19-1242,2019-06-17,8276,138.0,Victoria Tc 7001-7007-7008 138 kV,battery,storage,85.0,Pennsylvania,11,synthetic
Q19-1243,2019-06-18,9078,138.0,Hogan 138 kV,gen,hybrid,383.5,Maryland,13,synthetic
Q19-1244,2019-06-21,5987,138.0,Ralph 138 kV,battery,storage,50.4,New Jersey,9,synthetic
Q19-1245,2019-06-21,24569,100.0,Braidwood 100 kV,battery,storage,500.0,Illinois,35,synthetic
Q19-1246,2019-06-23,7936,138.0,Uncer 138 kV,battery,storage,91.9,Pennsylvania,11,synthetic
Q19-1247,2019-06-27,22586,100.0,South Bend 100 kV,gen,hybrid,285.4,Indiana,33,synthetic
Q19-1248,2019-06-28,7334,138.0,Smith Lake 138 kV,gen,solar,118.9,Pennsylvania,11,synthetic
Q19-1249,2019-06-29,18986,100.0,Gates Wellhead 100 kV,gen,solar,108.9,Ohio,29,synthetic
Q19-1250,2019-06-30,9044,138.0,E B Harris Electric Generating Plant 138 kV,gen,solar,32.4,Maryland,13,synthetic
Q19-1251,2019-07-01,5308,138.0,Wayne Junction 138 kV,gen,wind,140.0,New Jersey,9,synthetic
Q19-1252,2019-07-02,22958,100.0,Tower Automotive 100 kV,gen,solar,156.5,Illinois,34,synthetic
Q19-1253,2019-07-08,24642,100.0,Minonk Wind Farm 100 kV,gen,wind,262.4,Illinois,35,synthetic
Q19-1254,2019-07-08,5925,138.0,Glen Gardner 138 kV,gen,gas,333.3,New Jersey,9,synthetic
Q19-1255,2019-07-09,5726,138.0,Cecil Field 138 kV,gen,wind,364.1,New Jersey,9,synthetic
Q19-1256,2019-07-11,19258,230.0,P & W Aircraft 230 kV,gen,wind,345.2,Ohio,29,synthetic
Q19-1257,2019-07-11,22493,230.0,Buckeye 230 kV,gen,solar,104.9,Indiana,33,synthetic
Q19-1258,2019-07-12,6702,138.0,Garibaldi 138 kV,load,load,228.6,Pennsylvania,10,synthetic
Q19-1259,2019-07-13,9865,138.0,Raven Farm 138 kV,gen,solar,212.9,Virginia,15,synthetic
Q19-1260,2019-07-13,9633,345.0,Kean Mtn And Grassy Creek 345 kV,gen,solar,200.2,Virginia,14,synthetic
Q19-1261,2019-07-13,22493,230.0,Buckeye 230 kV,gen,solar,173.0,Indiana,33,synthetic
Q19-1262,2019-07-18,7273,138.0,Kettner 138 kV,battery,storage,174.2,Pennsylvania,11,synthetic
Q19-1263,2019-07-20,9929,138.0,St. Joseph 138 kV,gen,solar,261.9,Virginia,15,synthetic
Q19-1264,2019-07-22,23142,100.0,Prager 100 kV,gen,solar,233.7,Illinois,34,synthetic
Q19-1265,2019-07-24,18389,138.0,Dos Condados 138 kV,gen,solar,203.7,West Virginia,28,synthetic
Q19-1266,2019-07-26,17001,138.0,Barstow 138 kV,gen,wind,163.9,Kentucky,27,synthetic
Q19-1267,2019-07-26,5924,138.0,Rochester 138 kV,gen,gas,150.0,New Jersey,9,synthetic
Q19-1268,2019-07-28,6646,138.0,Rio 138 kV,battery,storage,166.1,Pennsylvania,10,synthetic
Q19-1269,2019-07-29,9841,138.0,Guadalupe 138 kV,gen,solar,104.4,Virginia,15,synthetic
Q19-1270,2019-08-01,21716,230.0,Cook 230 kV,gen,solar,135.2,Michigan,32,synthetic
Q19-1271,2019-08-01,18902,100.0,Loveridge Rd 100 kV,load,load,90.1,Ohio,29,synthetic
Q19-1272,2019-08-08,8841,345.0,Twinbrook 345 kV,gen,hybrid,200.3,Maryland,13,synthetic
Q19-1273,2019-08-08,10111,138.0,Alvey 138 kV,gen,solar,362.3,Virginia,15,synthetic
Q19-1274,2019-08-08,22865,100.0,Hwy 87 & S. Selwyn Rd 100 kV,gen,solar,182.6,Illinois,34,synthetic
Q19-1275,2019-08-11,18178,138.0,Erath 138 kV,gen,solar,286.5,West Virginia,28,synthetic
Q19-1276,2019-08-11,19017,100.0,15Th Avenue South 100 kV,gen,wind,92.0,Ohio,29,synthetic
Q19-1277,2019-08-16,5374,138.0,Yauco Plaza 138 kV,gen,solar,406.2,New Jersey,9,synthetic
Q19-1278,2019-08-17,20299,230.0,Hagan 230 kV,gen,solar,26.7,Ohio,30,synthetic
Q19-1279,2019-08-20,9172,138.0,Phillips 138 kV,battery,storage,109.2,Virginia,14,synthetic
Q19-1280,2019-08-21,3448,161.0,Grand Haven Diesel Plant 161 kV,gen,solar,35.6,New York,7,synthetic
Q19-1281,2019-08-23,7630,138.0,Marshall Dam 138 kV,gen,hybrid,184.5,Pennsylvania,11,synthetic
Q19-1282,2019-08-24,19539,100.0,Sykes Road 100 kV,gen,solar,53.3,Ohio,29,synthetic
Q19-1283,2019-08-25,17152,138.0,99 Islands 138 kV,gen,solar,86.7,Kentucky,27,synthetic
Q19-1284,2019-08-26,7507,138.0,Mt. Rose 138 kV,gen,hybrid,144.0,Pennsylvania,11,synthetic
Q19-1285,2019-08-27,9207,138.0,Bovine 138 kV,load,load,91.2,Virginia,14,synthetic
Q19-1286,2019-08-28,5930,500.0,Tulare 500 kV,gen,wind,259.0,New Jersey,9,synthetic
Q19-1287,2019-08-30,16957,345.0,Denton North Interchange 345 kV,battery,storage,195.3,Kentucky,27,synthetic
Q19-1288,2019-09-01,8450,345.0,Hardwick 345 kV,load,load,1200.0,Maryland,13,synthetic
Q19-1289,2019-09-01,8410,138.0,Vaca-Dixon 138 kV,load,load,40.7,Maryland,13,synthetic
Q19-1290,2019-09-03,9633,138.0,Kean Mtn And Grassy Creek 138 kV,gen,gas,216.2,Virginia,14,synthetic
Q19-1291,2019-09-03,9633,138.0,Kean Mtn And Grassy Creek 138 kV,gen,hybrid,114.5,Virginia,14,synthetic
Q19-1292,2019-09-04,7067,138.0,P H Glatfelter 138 kV,gen,solar,235.8,Pennsylvania,10,synthetic
Q19-1293,2019-09-05,20185,100.0,East Akron 100 kV,battery,storage,58.2,Ohio,30,synthetic
Q19-1294,2019-09-09,8313,138.0,Springfield - Nichols Street 138 kV,gen,solar,91.8,Delaware,12,synthetic
Q19-1295,2019-09-10,9721,138.0,Wooton 138 kV,gen,solar,242.2,Virginia,15,synthetic
Q19-1296,2019-09-11,23882,100.0,Fremont Community Digester Llc 100 kV,battery,storage,154.8,Illinois,35,synthetic
Q19-1297,2019-09-12,20274,100.0,Thomas Fitzhugh 100 kV,gen,solar,141.9,Ohio,30,synthetic
Q19-1298,2019-09-12,10157,138.0,Plano 138 kV,gen,solar,95.4,Virginia,15,synthetic
Q19-1299,2019-09-13,22035,230.0,Mcmichen 230 kV,battery,storage,87.7,Indiana,33,synthetic
Q19-1300,2019-09-19,22021,100.0,Rossmoor Tap 2 100 kV,gen,solar,60.6,Indiana,33,synthetic
Q19-1301,2019-09-19,9747,138.0,Agana 138 kV,gen,solar,182.9,Virginia,15,synthetic
Q19-1302,2019-09-20,8231,138.0,Northeastern 138 kV,battery,storage,133.6,Pennsylvania,11,synthetic
Q19-1303,2019-09-21,22799,100.0,Cosmic 100 kV,gen,solar,56.8,Illinois,34,synthetic
Q19-1304,2019-09-24,22493,230.0,Buckeye 230 kV,gen,solar,89.7,Indiana,33,synthetic
Q19-1305,2019-09-27,20049,100.0,Raber 100 kV,gen,solar,117.0,Ohio,30,synthetic
Q19-1306,2019-09-27,6898,138.0,Don 138 kV,load,load,135.3,Pennsylvania,10,synthetic
Q19-1307,2019-09-27,19374,100.0,Getwell 100 kV,gen,gas,383.1,Ohio,29,synthetic
Q19-1308,2019-09-27,18542,138.0,Niagra Paper Of Wisconsin 138 kV,gen,solar,154.2,West Virginia,28,synthetic
Q19-1309,2019-09-27,9202,138.0,Takelma 138 kV,battery,storage,105.8,Virginia,14,synthetic
Q19-1310,2019-09-28,10210,138.0,Grantsville 138 kV,gen,solar,75.5,Virginia,15,synthetic
Q19-1311,2019-10-01,9729,138.0,Colton 138 kV,gen,solar,161.8,Virginia,15,synthetic
Q19-1312,2019-10-08,10074,138.0,Royse 138 kV,gen,solar,153.4,Virginia,15,synthetic
Q19-1313,2019-10-08,23512,230.0,Zion 230 kV,gen,solar,141.4,Illinois,34,synthetic
Q19-1314,2019-10-14,5628,138.0,Lincolnville 138 kV,gen,gas,260.3,New Jersey,9,synthetic
Q19-1315,2019-10-14,5756,138.0,Manitous 138 kV,gen,solar,92.4,New Jersey,9,synthetic
Q19-1316,2019-10-14,22962,230.0,Poplar Bluff Generating Station 230 kV,battery,storage,136.3,Illinois,34,synthetic
Q19-1317,2019-10-16,10548,138.0,Summit Farms Solar 138 kV,battery,storage,65.5,North Carolina,16,synthetic
Q19-1318,2019-10-19,21983,230.0,Delena 230 kV,load,load,259.0,Indiana,33,synthetic
Q19-1319,2019-10-22,8499,138.0,Redman 138 kV,gen,solar,131.9,Maryland,13,synthetic
Q19-1320,2019-10-22,8710,138.0,Kingswood 138 kV,gen,solar,167.4,Maryland,13,synthetic
Q19-1321,2019-10-25,10011,138.0,Dyer Creek 138 kV,battery,storage,53.2,Virginia,15,synthetic
Q19-1322,2019-10-26,18984,100.0,Le Grand 100 kV,battery,storage,69.4,Ohio,29,synthetic
Q19-1323,2019-10-27,10189,138.0,Cranes Corner 138 kV,gen,solar,124.4,Virginia,15,synthetic
Q19-1324,2019-10-27,22965,230.0,Lower Granite 230 kV,battery,storage,94.7,Illinois,34,synthetic
Q19-1325,2019-10-27,23508,230.0,Dresden Generating Station 230 kV,gen,hybrid,135.1,Illinois,34,synthetic
Q19-1326,2019-10-28,8443,138.0,Sauk Dpc Solar 138 kV,load,load,184.8,Maryland,13,synthetic
Q19-1327,2019-10-28,18532,345.0,Jersey 345 kV,gen,solar,399.9,West Virginia,28,synthetic
Q19-1328,2019-10-28,23357,100.0,Markland 100 kV,gen,solar,141.8,Illinois,34,synthetic
Q19-1329,2019-11-01,20286,230.0,Marbo 230 kV,gen,solar,72.6,Ohio,30,synthetic
Q19-1330,2019-11-03,17694,138.0,Simpson Stuart Tap 138 kV,gen,solar,279.7,Kentucky,27,synthetic
Q19-1331,2019-11-04,23320,100.0,Alder 100 kV,gen,solar,231.2,Illinois,34,synthetic
Q19-1332,2019-11-06,7938,138.0,Fayetteville 138 kV,gen,solar,244.3,Pennsylvania,11,synthetic
Q19-1333,2019-11-06,22035,230.0,Mcmichen 230 kV,battery,storage,56.8,Indiana,33,synthetic
Q19-1334,2019-11-07,9275,138.0,Borger 138 kV,gen,solar,203.9,Virginia,14,synthetic
Q19-1335,2019-11-10,7109,138.0,Yermo 138 kV,battery,storage,167.5,Pennsylvania,10,synthetic
Q19-1336,2019-11-12,6752,138.0,Calaveras 138 kV,gen,solar,91.9,Pennsylvania,10,synthetic
Q19-1337,2019-11-13,9812,138.0,Marlboro 138 kV,load,load,394.8,Virginia,15,synthetic
Q19-1338,2019-11-13,10182,138.0,Youngcane 138 kV,gen,gas,206.0,Virginia,15,synthetic
Q19-1339,2019-11-15,22493,230.0,Buckeye 230 kV,gen,solar,164.8,Indiana,33,synthetic
Q19-1340,2019-11-17,17012,345.0,Mansfield 345 kV,gen,gas,389.0,Kentucky,27,synthetic
Q19-1341,2019-11-19,9658,138.0,Buhl 138 kV,gen,solar,51.4,Virginia,14,synthetic
Q19-1342,2019-11-21,19952,230.0,Barnes Junction 230 kV,gen,solar,112.9,Ohio,30,synthetic
Q19-1343,2019-11-22,19986,230.0,Tejon 230 kV,load,load,176.8,Ohio,30,synthetic
Q19-1344,2019-11-23,17219,138.0,Butte Des Morts 138 kV,gen,solar,47.7,Kentucky,27,synthetic
Q19-1345,2019-11-25,9225,138.0,Blue Ridge 138 kV,gen,solar,216.1,Virginia,14,synthetic
Q19-1346,2019-11-29,9062,138.0,Colesville 138 kV,gen,solar,135.5,Maryland,13,synthetic
Q19-1347,2019-11-29,9280,138.0,George 138 kV,gen,hybrid,175.9,Virginia,14,synthetic
Q19-1348,2019-11-29,23340,230.0,Wilsona 230 kV,gen,solar,147.3,Illinois,34,synthetic
Q19-1349,2019-11-30,16995,138.0,Belle Plaine 138 kV,battery,storage,23.4,Kentucky,27,synthetic
Q19-1350,2019-11-30,9633,138.0,Kean Mtn And Grassy Creek 138 kV,gen,wind,185.9,Virginia,14,synthetic
Q19-1351,2019-12-03,19760,230.0,Kelly 230 kV,gen,solar,130.2,Ohio,30,synthetic
Q19-1352,2019-12-03,5977,138.0,Raceway 138 kV,gen,solar,302.2,New Jersey,9,synthetic
Q19-1353,2019-12-04,20299,230.0,Hagan 230 kV,gen,solar,201.9,Ohio,30,synthetic
Q19-1354,2019-12-05,9720,138.0,Montverde 138 kV,gen,solar,136.3,Virginia,15,synthetic
Q19-1355,2019-12-09,9219,138.0,Reusens 138 kV,battery,storage,68.4,Virginia,14,synthetic
Q19-1356,2019-12-10,18676,345.0,Mcgraws 345 kV,gen,solar,32.3,West Virginia,28,synthetic
Q19-1357,2019-12-12,23504,100.0,Ustick 100 kV,gen,solar,129.9,Illinois,34,synthetic
Q19-1358,2019-12-14,17954,138.0,Rec Red Hawk 138 kV,gen,hybrid,116.5,West Virginia,28,synthetic
Q19-1359,2019-12-15,10965,138.0,North Blacksburg 138 kV,gen,solar,71.4,North Carolina,16,synthetic
Q19-1360,2019-12-15,8011,345.0,Florida 8602 345 kV,gen,solar,500.3,Pennsylvania,11,synthetic
Q19-1361,2019-12-16,8499,138.0,Redman 138 kV,gen,solar,356.4,Maryland,13,synthetic
Q19-1362,2019-12-19,9336,138.0,Skungamaug 138 kV,gen,solar,174.8,Virginia,14,synthetic
Q19-1363,2019-12-20,6494,138.0,Quendall Cable Sta 138 kV,gen,solar,340.9,Pennsylvania,10,synthetic
Q19-1364,2019-12-21,22965,230.0,Lower Granite 230 kV,gen,solar,343.4,Illinois,34,synthetic
Q19-1365,2019-12-21,18567,138.0,Rainberry 138 kV,battery,storage,96.9,West Virginia,28,synthetic
Q19-1366,2019-12-22,22035,230.0,Mcmichen 230 kV,gen,solar,106.5,Indiana,33,synthetic
Q19-1367,2019-12-25,8209,138.0,Creston 138 kV,gen,solar,119.2,Pennsylvania,11,synthetic
Q19-1368,2019-12-25,10281,138.0,Jesse L Terry 138 kV,gen,hybrid,128.0,Virginia,15,synthetic
Q19-1369,2019-12-27,22035,230.0,Mcmichen 230 kV,battery,storage,83.8,Indiana,33,synthetic
Q19-1370,2019-12-28,9327,138.0,Ardmore 138 kV,gen,solar,203.0,Virginia,14,synthetic
Q20-1371,2020-01-01,20087,100.0,Green 100 kV,gen,solar,210.2,Ohio,30,synthetic
Q20-1372,2020-01-03,10038,138.0,Arcogen 138 kV,gen,solar,205.6,Virginia,15,synthetic
Q20-1373,2020-01-03,5374,138.0,Yauco Plaza 138 kV,battery,storage,269.9,New Jersey,9,synthetic
Q20-1374,2020-01-04,22493,230.0,Buckeye 230 kV,gen,wind,343.8,Indiana,33,synthetic
Q20-1375,2020-01-04,8137,138.0,Eld Inlet 138 kV,load,load,79.2,Pennsylvania,11,synthetic
Q20-1376,2020-01-05,8004,138.0,Talley Road 138 kV,gen,gas,1500.0,Pennsylvania,11,synthetic
Q20-1377,2020-01-06,9185,345.0,Hood 345 kV,gen,solar,382.7,Virginia,14,synthetic
Q20-1378,2020-01-09,20199,230.0,Ruskin 230 kV,battery,storage,153.1,Ohio,30,synthetic
Q20-1379,2020-01-09,10038,138.0,Arcogen 138 kV,battery,storage,136.2,Virginia,15,synthetic
Q20-1380,2020-01-10,9867,138.0,Greenwater 138 kV,gen,solar,85.6,Virginia,15,synthetic
Q20-1381,2020-01-11,9793,138.0,Baraga Vlg 138 kV,gen,solar,82.9,Virginia,15,synthetic
Q20-1382,2020-01-13,20038,100.0,Petro Lewis 100 kV,battery,storage,28.5,Ohio,30,synthetic
Q20-1383,2020-01-13,7784,138.0,Cortland 138 kV,gen,solar,109.0,Pennsylvania,11,synthetic
Q20-1384,2020-01-14,2957,161.0,Gila 161 kV,gen,solar,89.4,New York,7,synthetic
Q20-1385,2020-01-14,8523,138.0,Falling Branch 138 kV,gen,solar,145.1,Maryland,13,synthetic
Q20-1386,2020-01-15,22965,230.0,Lower Granite 230 kV,gen,solar,195.5,Illinois,34,synthetic
Q20-1387,2020-01-16,9811,138.0,Basin 138 kV,gen,solar,83.6,Virginia,15,synthetic
Q20-1388,2020-01-16,18949,100.0,Coyote Point 100 kV,gen,solar,157.9,Ohio,29,synthetic
Q20-1389,2020-01-17,16972,138.0,Cartersville 138 kV,gen,wind,134.9,Kentucky,27,synthetic
Q20-1390,2020-01-19,9946,138.0,Short Pump 138 kV,gen,hybrid,150.6,Virginia,15,synthetic
Q20-1391,2020-01-21,9987,138.0,Lakeside 138 kV,gen,gas,123.1,Virginia,15,synthetic
Q20-1392,2020-01-22,17957,138.0,Petro Canada 138 kV,gen,gas,73.7,West Virginia,28,synthetic
Q20-1393,2020-01-26,9633,345.0,Kean Mtn And Grassy Creek 345 kV,gen,hybrid,390.5,Virginia,14,synthetic
Q20-1394,2020-01-29,20100,100.0,Hiram 100 kV,gen,solar,63.2,Ohio,30,synthetic
Q20-1395,2020-01-30,8710,138.0,Kingswood 138 kV,gen,solar,115.5,Maryland,13,synthetic
Q20-1396,2020-01-30,8698,138.0,O St 138 kV,gen,solar,97.6,Maryland,13,synthetic
Q20-1397,2020-01-31,22965,100.0,Lower Granite 100 kV,gen,solar,104.2,Illinois,34,synthetic
Q20-1398,2020-02-01,22965,230.0,Lower Granite 230 kV,load,load,136.5,Illinois,34,synthetic
Q20-1399,2020-02-10,10279,138.0,North Anna 138 kV,gen,hybrid,72.6,Virginia,15,synthetic
Q20-1400,2020-02-10,5238,138.0,Naples 138 kV,gen,solar,71.3,New Jersey,9,synthetic
Q20-1401,2020-02-12,9159,138.0,Deen 138 kV,gen,solar,235.7,Virginia,14,synthetic
Q20-1402,2020-02-13,8244,138.0,Aes Beaver Valley Partners Beaver Valley 138 kV,battery,storage,48.8,Pennsylvania,11,synthetic
Q20-1403,2020-02-13,22765,230.0,Mount Holly 230 kV,gen,wind,297.8,Indiana,33,synthetic
Q20-1404,2020-02-14,23495,500.0,Rocky Road Power Llc 500 kV,gen,hybrid,500.0,Illinois,34,synthetic
Q20-1405,2020-02-15,22035,230.0,Mcmichen 230 kV,battery,storage,75.9,Indiana,33,synthetic
Q20-1406,2020-02-16,23328,230.0,Hinsons Crossroads 230 kV,battery,storage,46.2,Illinois,34,synthetic
Q20-1407,2020-02-19,9333,138.0,East Krok 138 kV,battery,storage,256.9,Virginia,14,synthetic
Q20-1408,2020-02-20,10150,138.0,Cornelius 138 kV,gen,solar,78.4,Virginia,15,synthetic
Q20-1409,2020-02-22,9540,138.0,Shute 138 kV,gen,wind,404.4,Virginia,14,synthetic
Q20-1410,2020-02-27,19840,100.0,Flat Rock 100 kV,gen,solar,178.7,Ohio,30,synthetic
Q20-1411,2020-03-02,2755,161.0,Ottawa Avenue 161 kV,gen,solar,95.8,New York,7,synthetic
Q20-1412,2020-03-03,9091,345.0,Morgantown 345 kV,gen,solar,379.8,Maryland,13,synthetic
Q20-1413,2020-03-03,7668,138.0,Montaguecabot 138 kV,gen,wind,104.2,Pennsylvania,11,synthetic
Q20-1414,2020-03-04,9736,138.0,Lake Charles Plant 138 kV,gen,solar,87.2,Virginia,15,synthetic
Q20-1415,2020-03-04,8106,138.0,Yeagertown 138 kV,gen,gas,1383.8,Pennsylvania,11,synthetic
Q20-1416,2020-03-04,8146,138.0,Medco 138 kV,gen,solar,80.5,Pennsylvania,11,synthetic
Q20-1417,2020-03-12,10259,138.0,Four Rivers 138 kV,battery,storage,218.7,Virginia,15,synthetic
Q20-1418,2020-03-14,7526,138.0,Frank Jenkins 138 kV,gen,solar,305.9,Pennsylvania,11,synthetic
Q20-1419,2020-03-14,5973,138.0,Francis 138 kV,gen,hybrid,132.8,New Jersey,9,synthetic
Q20-1420,2020-03-15,20171,100.0,Dalton 100 kV,gen,solar,126.5,Ohio,30,synthetic
Q20-1421,2020-03-16,9551,138.0,Mt. View 138 kV,gen,solar,57.4,Virginia,14,synthetic
Q20-1422,2020-03-17,8146,138.0,Medco 138 kV,gen,solar,106.2,Pennsylvania,11,synthetic
Q20-1423,2020-03-17,17041,138.0,North Creek 138 kV,gen,solar,103.1,Kentucky,27,synthetic
Q20-1424,2020-03-17,22965,100.0,Lower Granite 100 kV,battery,storage,25.3,Illinois,34,synthetic
Q20-1425,2020-03-17,17394,138.0,Hilltop 138 kV,battery,storage,20.8,Kentucky,27,synthetic
Q20-1426,2020-03-20,19386,100.0,Rockwood 100 kV,battery,storage,63.8,Ohio,29,synthetic
Q20-1427,2020-03-23,19569,230.0,Wingate 230 kV,gen,solar,197.6,Ohio,29,synthetic
Q20-1428,2020-03-26,9633,345.0,Kean Mtn And Grassy Creek 345 kV,battery,storage,260.3,Virginia,14,synthetic
Q20-1429,2020-03-27,6064,138.0,Brodhead Central 138 kV,gen,hybrid,341.2,Pennsylvania,10,synthetic
Q20-1430,2020-03-29,9078,138.0,Hogan 138 kV,gen,solar,28.7,Maryland,13,synthetic
Q20-1431,2020-03-29,17391,138.0,Harris Dam 138 kV,gen,solar,184.3,Kentucky,27,synthetic
Q20-1432,2020-04-01,19910,100.0,Trail 100 kV,gen,hybrid,180.1,Ohio,30,synthetic
Q20-1433,2020-04-01,9975,138.0,Whirlwind 138 kV,battery,storage,54.9,Virginia,15,synthetic
Q20-1434,2020-04-02,21763,230.0,Waynedale 230 kV,gen,wind,287.6,Indiana,33,synthetic
Q20-1435,2020-04-03,8170,138.0,Toone 138 kV,battery,storage,104.0,Pennsylvania,11,synthetic
Q20-1436,2020-04-04,9436,345.0,Dayton 345 kV,gen,gas,494.2,Virginia,14,synthetic
Q20-1437,2020-04-06,23458,100.0,Big Lake 100 kV,battery,storage,35.5,Illinois,34,synthetic
Q20-1438,2020-04-07,10054,138.0,Hicks 138 kV,gen,hybrid,128.1,Virginia,15,synthetic
Q20-1439,2020-04-08,9633,345.0,Kean Mtn And Grassy Creek 345 kV,gen,gas,721.6,Virginia,14,synthetic
Q20-1440,2020-04-08,18758,100.0,Kammer 2 100 kV,battery,storage,163.8,Ohio,29,synthetic
Q20-1441,2020-04-10,23530,230.0,Elwood 230 kV,gen,solar,199.8,Illinois,34,synthetic
Q20-1442,2020-04-12,22858,100.0,Deer Valley 100 kV,gen,solar,171.0,Illinois,34,synthetic
Q20-1443,2020-04-12,9203,138.0,Ross Fork 138 kV,gen,solar,297.1,Virginia,14,synthetic
Q20-1444,2020-04-12,20965,100.0,Cruce Davila 8501 100 kV,battery,storage,80.5,Michigan,32,synthetic
Q20-1445,2020-04-13,5998,138.0,Viridity Energy Solutions Acua 138 kV,gen,wind,256.9,New Jersey,9,synthetic
Q20-1446,2020-04-16,5970,138.0,St. Clair 138 kV,gen,solar,72.5,New Jersey,9,synthetic
Q20-1447,2020-04-16,22751,100.0,Castle Hills 100 kV,battery,storage,43.5,Indiana,33,synthetic
Q20-1448,2020-04-17,10079,138.0,Kanaka 138 kV,load,load,204.3,Virginia,15,synthetic
Q20-1449,2020-04-19,22493,230.0,Buckeye 230 kV,gen,solar,125.1,Indiana,33,synthetic
Q20-1450,2020-04-20,22035,230.0,Mcmichen 230 kV,gen,solar,179.8,Indiana,33,synthetic
Q20-1451,2020-04-21,5690,138.0,Wynantskill 138 kV,gen,solar,77.9,New Jersey,9,synthetic
Q20-1452,2020-04-23,17238,138.0,Phoenix 138 kV,gen,solar,89.6,Kentucky,27,synthetic
Q20-1453,2020-04-25,22311,100.0,Walnut Creek 100 kV,gen,solar,128.1,Indiana,33,synthetic
Q20-1454,2020-04-25,9633,138.0,Kean Mtn And Grassy Creek 138 kV,battery,storage,63.0,Virginia,14,synthetic
Q20-1455,2020-04-27,9631,345.0,Fluvanna P.S 345 kV,gen,solar,155.8,Virginia,14,synthetic
Q20-1456,2020-04-27,9662,345.0,Farrell 345 kV,gen,gas,285.4,Virginia,14,synthetic
Q20-1457,2020-04-28,10259,138.0,Four Rivers 138 kV,gen,solar,136.7,Virginia,15,synthetic
Q20-1458,2020-04-29,21786,100.0,Aep Pettit Avenue 100 kV,gen,solar,64.6,Indiana,33,synthetic
Q20-1459,2020-04-30,10134,138.0,Clay Creek 138 kV,gen,solar,237.3,Virginia,15,synthetic
Q20-1460,2020-05-01,10279,138.0,North Anna 138 kV,gen,solar,114.5,Virginia,15,synthetic
Q20-1461,2020-05-04,7168,500.0,Westwood Generation Llc 500 kV,gen,solar,184.3,Pennsylvania,10,synthetic
Q20-1462,2020-05-08,17389,138.0,Lime Saddle 138 kV,gen,solar,81.8,Kentucky,27,synthetic
Q20-1463,2020-05-09,7233,138.0,Thayer 138 kV,gen,solar,89.7,Pennsylvania,11,synthetic
Q20-1464,2020-05-10,23153,100.0,Southwyck 100 kV,gen,solar,127.9,Illinois,34,synthetic
Q20-1465,2020-05-11,9501,138.0,La Virgencita 9404 138 kV,battery,storage,74.5,Virginia,14,synthetic
Q20-1466,2020-05-14,9703,138.0,Deepcreek 138 kV,gen,solar,181.9,Virginia,15,synthetic
Q20-1467,2020-05-16,19208,230.0,Dpc Argyle 230 kV,gen,gas,198.5,Ohio,29,synthetic
Q20-1468,2020-05-16,9633,345.0,Kean Mtn And Grassy Creek 345 kV,gen,hybrid,201.6,Virginia,14,synthetic
Q20-1469,2020-05-18,19437,230.0,Energy Shelby County 230 kV,gen,hybrid,377.8,Ohio,29,synthetic
Q20-1470,2020-05-19,5286,138.0,Eureka Sta E 138 kV,battery,storage,109.6,New Jersey,9,synthetic
Q20-1471,2020-05-24,9633,138.0,Kean Mtn And Grassy Creek 138 kV,gen,solar,131.4,Virginia,14,synthetic
Q20-1472,2020-05-26,9844,138.0,Van Dom 138 kV,gen,solar,170.9,Virginia,15,synthetic
Q20-1473,2020-05-28,22493,230.0,Buckeye 230 kV,gen,wind,358.9,Indiana,33,synthetic
Q20-1474,2020-05-29,9256,138.0,Sherwood Forest 138 kV,battery,storage,75.0,Virginia,14,synthetic
Q20-1475,2020-05-31,22578,100.0,Twin Branch Pv 100 kV,gen,solar,100.4,Indiana,33,synthetic
Q20-1476,2020-05-31,24600,500.0,Farragut 500 kV,gen,gas,1500.0,Illinois,35,synthetic
Q20-1477,2020-05-31,7184,138.0,Bauer 138 kV,gen,solar,79.1,Pennsylvania,11,synthetic
Q20-1478,2020-06-01,19686,100.0,Hill City 100 kV,gen,solar,186.4,Ohio,30,synthetic
Q20-1479,2020-06-02,18757,230.0,Hollis 230 kV,gen,gas,86.1,Ohio,29,synthetic
Q20-1480,2020-06-03,23508,100.0,Dresden Generating Station 100 kV,battery,storage,84.2,Illinois,34,synthetic
Q20-1481,2020-06-03,9716,138.0,Oliver Street 138 kV,load,load,298.9,Virginia,15,synthetic
Q20-1482,2020-06-05,19544,230.0,Waterford Power Llc 230 kV,gen,solar,642.1,Ohio,29,synthetic
Q20-1483,2020-06-06,9336,138.0,Skungamaug 138 kV,gen,solar,52.8,Virginia,14,synthetic
Q20-1484,2020-06-07,8130,138.0,Gm Alison 138 kV,gen,solar,144.2,Pennsylvania,11,synthetic
Q20-1485,2020-06-07,17601,138.0,Selkirk 138 kV,gen,solar,363.4,Kentucky,27,synthetic
Q20-1486,2020-06-08,22035,230.0,Mcmichen 230 kV,gen,solar,141.5,Indiana,33,synthetic
Q20-1487,2020-06-08,19656,100.0,Waimea 100 kV,battery,storage,28.9,Ohio,30,synthetic
Q20-1488,2020-06-09,7673,138.0,West Campus 138 kV,gen,solar,53.1,Pennsylvania,11,synthetic
Q20-1489,2020-06-11,9415,138.0,Schafrath Switch 138 kV,battery,storage,39.0,Virginia,14,synthetic
Q20-1490,2020-06-11,18019,138.0,Ben Lomond 138 kV,battery,storage,108.3,West Virginia,28,synthetic
Q20-1491,2020-06-11,19544,230.0,Waterford Power Llc 230 kV,battery,storage,98.0,Ohio,29,synthetic
Q20-1492,2020-06-12,10698,69.0,Salinas River 69 kV,gen,solar,178.1,North Carolina,16,synthetic
Q20-1493,2020-06-14,21212,100.0,Vicksburg 100 kV,gen,solar,174.8,Michigan,32,synthetic
Q20-1494,2020-06-14,17943,138.0,Volusia 138 kV,battery,storage,58.8,West Virginia,28,synthetic
Q20-1495,2020-06-14,9510,138.0,Suncor 138 kV,gen,solar,57.4,Virginia,14,synthetic
Q20-1496,2020-06-15,23017,100.0,Balch 1 100 kV,load,load,188.7,Illinois,34,synthetic
Q20-1497,2020-06-20,9633,345.0,Kean Mtn And Grassy Creek 345 kV,gen,gas,559.6,Virginia,14,synthetic
Q20-1498,2020-06-21,23185,100.0,Frontenac 100 kV,gen,solar,99.8,Illinois,34,synthetic
Q20-1499,2020-06-23,9172,138.0,Phillips 138 kV,gen,solar,358.9,Virginia,14,synthetic
Q20-1500,2020-06-24,9179,138.0,Nm Potash 1 138 kV,battery,storage,55.2,Virginia,14,synthetic
Q20-1501,2020-06-25,9722,138.0,Balfour 138 kV,gen,solar,113.2,Virginia,15,synthetic
Q20-1502,2020-06-27,19172,100.0,Greene 100 kV,gen,solar,222.6,Ohio,29,synthetic
Q20-1503,2020-06-28,20038,100.0,Petro Lewis 100 kV,gen,solar,115.6,Ohio,30,synthetic
Q20-1504,2020-06-28,9055,345.0,Vienna Operations 345 kV,gen,wind,314.5,Maryland,13,synthetic
Q20-1505,2020-06-28,9030,138.0,Dam No. 4 Hydro Station 138 kV,battery,storage,47.6,Maryland,13,synthetic
Q20-1506,2020-06-29,18122,138.0,Roslyn 138 kV,gen,solar,159.8,West Virginia,28,synthetic
Q20-1507,2020-06-29,5835,138.0,Nunn 138 kV,battery,storage,361.4,New Jersey,9,synthetic
Q20-1508,2020-06-29,9278,138.0,Vedder 138 kV,gen,solar,139.7,Virginia,14,synthetic
Q20-1509,2020-07-01,22393,100.0,Ga Square 100 kV,battery,storage,218.9,Indiana,33,synthetic
Q20-1510,2020-07-02,5484,138.0,Lemolo No 1 Hydro 138 kV,battery,storage,188.7,New Jersey,9,synthetic
Q20-1511,2020-07-05,10098,138.0,Ruritan 138 kV,gen,wind,95.5,Virginia,15,synthetic
Q20-1512,2020-07-05,9219,345.0,Reusens 345 kV,battery,storage,303.6,Virginia,14,synthetic
Q20-1513,2020-07-06,21710,100.0,Berrien Springs 100 kV,gen,solar,53.7,Michigan,32,synthetic
Q20-1514,2020-07-06,19554,100.0,Dresden 100 kV,battery,storage,44.6,Ohio,29,synthetic
Q20-1515,2020-07-08,24600,230.0,Farragut 230 kV,gen,wind,165.4,Illinois,35,synthetic
Q20-1516,2020-07-08,18735,100.0,Ellensburg 100 kV,gen,hybrid,185.3,Ohio,29,synthetic
Q20-1517,2020-07-09,7847,138.0,Lower Ollala 138 kV,gen,solar,77.2,Pennsylvania,11,synthetic
Q20-1518,2020-07-11,5574,138.0,Deans 138 kV,battery,storage,113.7,New Jersey,9,synthetic
Q20-1519,2020-07-12,22965,100.0,Lower Granite 100 kV,battery,storage,59.7,Illinois,34,synthetic
Q20-1520,2020-07-13,19281,230.0,Jack Ramey Wind 230 kV,load,load,367.4,Ohio,29,synthetic
Q20-1521,2020-07-14,22749,500.0,San Marcos 500 kV,battery,storage,211.9,Indiana,33,synthetic
Q20-1522,2020-07-16,5223,138.0,Middleburg 138 kV,gen,solar,77.3,New Jersey,9,synthetic
Q20-1523,2020-07-20,23035,100.0,Memphis Junction 100 kV,gen,hybrid,109.0,Illinois,34,synthetic
Q20-1524,2020-07-20,22749,230.0,San Marcos 230 kV,gen,wind,113.0,Indiana,33,synthetic
Q20-1525,2020-07-21,10095,138.0,Vesper 138 kV,battery,storage,165.0,Virginia,15,synthetic
Q20-1526,2020-07-26,17238,138.0,Phoenix 138 kV,gen,wind,79.0,Kentucky,27,synthetic
Q20-1527,2020-07-26,22982,230.0,Commonwealth Edison Des Plaines 230 kV,battery,storage,162.5,Illinois,34,synthetic
Q20-1528,2020-07-26,6413,138.0,Brule 138 kV,gen,solar,110.8,Pennsylvania,10,synthetic
Q20-1529,2020-07-27,9633,345.0,Kean Mtn And Grassy Creek 345 kV,gen,solar,78.3,Virginia,14,synthetic
Q20-1530,2020-07-28,19552,230.0,Piqua Power Plant 230 kV,battery,storage,272.4,Ohio,29,synthetic
Q20-1531,2020-07-29,21664,230.0,Palisades 230 kV,gen,solar,96.4,Michigan,32,synthetic
Q20-1532,2020-07-30,9290,138.0,Hypoluxo 138 kV,battery,storage,131.1,Virginia,14,synthetic
Q20-1533,2020-07-31,23185,100.0,Frontenac 100 kV,gen,solar,216.0,Illinois,34,synthetic
Q20-1534,2020-08-01,6432,138.0,Grand Coulee 138 kV,gen,gas,179.6,Pennsylvania,10,synthetic
Q20-1535,2020-08-01,21719,500.0,Caliente 500 kV,load,load,453.2,Michigan,32,synthetic
Q20-1536,2020-08-03,10344,69.0,Mckenzie 69 kV,gen,solar,267.6,North Carolina,16,synthetic
Q20-1537,2020-08-03,18016,138.0,Venwind 138 kV,battery,storage,186.3,West Virginia,28,synthetic
Q20-1538,2020-08-04,23491,100.0,Fisk Street 100 kV,gen,solar,51.5,Illinois,34,synthetic
Q20-1539,2020-08-04,9614,138.0,Rector 138 kV,gen,solar,636.1,Virginia,14,synthetic
Q20-1540,2020-08-04,3481,161.0,Hillburn 161 kV,gen,solar,110.1,New York,7,synthetic
Q20-1541,2020-08-08,19735,100.0,Seal Rock 100 kV,battery,storage,143.9,Ohio,30,synthetic
Q20-1542,2020-08-11,17222,138.0,Niagara 138 kV,gen,gas,673.7,Kentucky,27,synthetic
Q20-1543,2020-08-14,19554,500.0,Dresden 500 kV,gen,solar,118.0,Ohio,29,synthetic
Q20-1544,2020-08-17,18222,138.0,Belfort 138 kV,battery,storage,209.0,West Virginia,28,synthetic
Q20-1545,2020-08-17,22921,100.0,Edwardsport Station 2 100 kV,gen,solar,196.3,Illinois,34,synthetic
Q20-1546,2020-08-17,16985,138.0,Tanners Creek 138 kV,battery,storage,94.8,Kentucky,27,synthetic
Q20-1547,2020-08-18,11146,138.0,Person 138 kV,gen,solar,148.7,North Carolina,16,synthetic
Q20-1548,2020-08-19,24077,100.0,Sheepskin 100 kV,battery,storage,153.2,Illinois,35,synthetic
Q20-1549,2020-08-19,9985,138.0,Dismal River 138 kV,battery,storage,110.5,Virginia,15,synthetic
Q20-1550,2020-08-19,5345,138.0,Upper Pittsgrove 138 kV,battery,storage,50.3,New Jersey,9,synthetic
Q20-1551,2020-08-20,7320,138.0,Hartsville 138 kV,gen,solar,140.2,Pennsylvania,11,synthetic
Q20-1552,2020-08-20,9633,138.0,Kean Mtn And Grassy Creek 138 kV,battery,storage,70.3,Virginia,14,synthetic
Q20-1553,2020-08-21,23495,230.0,Rocky Road Power Llc 230 kV,gen,wind,193.1,Illinois,34,synthetic
Q20-1554,2020-08-21,8722,138.0,Lyonsdale Associates 138 kV,gen,hybrid,102.4,Maryland,13,synthetic
Q20-1555,2020-08-23,22933,100.0,Storage Tek I 100 kV,gen,wind,95.7,Illinois,34,synthetic
Q20-1556,2020-08-23,9879,138.0,Sugar Grove 138 kV,gen,solar,114.5,Virginia,15,synthetic
Q20-1557,2020-08-24,9633,345.0,Kean Mtn And Grassy Creek 345 kV,gen,solar,231.7,Virginia,14,synthetic
Q20-1558,2020-08-25,5891,138.0,Dist 1000 138 kV,gen,solar,122.0,New Jersey,9,synthetic
Q20-1559,2020-08-27,7646,138.0,Milesburg 138 kV,gen,solar,270.0,Pennsylvania,11,synthetic
Q20-1560,2020-08-27,18730,100.0,Plains 100 kV,battery,storage,210.6,Ohio,29,synthetic
Q20-1561,2020-08-28,19851,100.0,Carrollton Frankford 100 kV,battery,storage,181.8,Ohio,30,synthetic
Q20-1562,2020-08-29,22493,230.0,Buckeye 230 kV,gen,wind,264.3,Indiana,33,synthetic
Q20-1563,2020-08-30,24600,230.0,Farragut 230 kV,load,load,192.0,Illinois,35,synthetic
Q20-1564,2020-08-31,8350,138.0,Cocoa Beach 138 kV,gen,solar,164.9,Delaware,12,synthetic
Q20-1565,2020-09-01,19235,100.0,Kinmundy 100 kV,gen,solar,191.5,Ohio,29,synthetic
Q20-1566,2020-09-04,10183,138.0,Blackfoot 138 kV,battery,storage,72.2,Virginia,15,synthetic
Q20-1567,2020-09-06,22596,100.0,Cambria 100 kV,gen,solar,142.9,Indiana,33,synthetic
Q20-1568,2020-09-07,9380,138.0,Penhook 138 kV,gen,wind,320.5,Virginia,14,synthetic
Q20-1569,2020-09-13,6770,138.0,Dexter Tap 138 kV,gen,solar,138.2,Pennsylvania,10,synthetic
Q20-1570,2020-09-13,10279,138.0,North Anna 138 kV,gen,solar,149.5,Virginia,15,synthetic
Q20-1571,2020-09-21,5930,138.0,Tulare 138 kV,gen,gas,349.9,New Jersey,9,synthetic
Q20-1572,2020-09-24,5153,138.0,Rosa Road 138 kV,gen,solar,60.7,New Jersey,9,synthetic
Q20-1573,2020-09-24,22901,100.0,Fruit Industries 100 kV,gen,solar,134.0,Illinois,34,synthetic
Q20-1574,2020-09-26,9721,138.0,Wooton 138 kV,gen,wind,144.4,Virginia,15,synthetic
Q20-1575,2020-09-28,8926,138.0,Burches Hill 138 kV,gen,wind,241.2,Maryland,13,synthetic
Q20-1576,2020-09-28,11121,69.0,North Staunton 69 kV,battery,storage,47.0,North Carolina,16,synthetic
Q20-1577,2020-10-01,19993,100.0,Kitty Hawk 100 kV,gen,wind,172.0,Ohio,30,synthetic
Q20-1578,2020-10-02,6228,138.0,Alamorio 138 kV,gen,solar,77.0,Pennsylvania,10,synthetic
Q20-1579,2020-10-04,24032,100.0,Fresh Meadows 100 kV,battery,storage,51.9,Illinois,35,synthetic
Q20-1580,2020-10-06,22578,100.0,Twin Branch Pv 100 kV,gen,solar,157.1,Indiana,33,synthetic
Q20-1581,2020-10-06,10038,138.0,Arcogen 138 kV,gen,hybrid,299.7,Virginia,15,synthetic
Q20-1582,2020-10-08,9751,138.0,Oshkosh 138 kV,gen,solar,204.6,Virginia,15,synthetic
Q20-1583,2020-10-08,6227,138.0,Oxford 138 kV,battery,storage,43.0,Pennsylvania,10,synthetic
Q20-1584,2020-10-09,18390,138.0,Black Oak 138 kV,battery,storage,101.5,West Virginia,28,synthetic
Q20-1585,2020-10-09,7419,138.0,Allegheny No. 5 Hydro Station 138 kV,gen,solar,339.9,Pennsylvania,11,synthetic
Q20-1586,2020-10-10,9590,138.0,Hartford 138 kV,gen,hybrid,122.9,Virginia,14,synthetic
Q20-1587,2020-10-10,9971,138.0,Trask 138 kV,gen,solar,90.6,Virginia,15,synthetic
Q20-1588,2020-10-10,10264,138.0,Bear Island 138 kV,gen,solar,89.0,Virginia,15,synthetic
Q20-1589,2020-10-11,23404,100.0,Hoist 100 kV,gen,solar,71.7,Illinois,34,synthetic
Q20-1590,2020-10-11,19684,100.0,Grand Prairie 100 kV,gen,solar,319.1,Ohio,30,synthetic
Q20-1591,2020-10-14,7567,138.0,Pelham 138 kV,gen,wind,142.8,Pennsylvania,11,synthetic
Q20-1592,2020-10-16,5184,138.0,Norwell 138 kV,gen,wind,221.5,New Jersey,9,synthetic
Q20-1593,2020-10-18,6551,138.0,Unionville 138 kV,load,load,161.2,Pennsylvania,10,synthetic
Q20-1594,2020-10-20,7582,138.0,5069 Univ. Catolica 138 kV,battery,storage,83.2,Pennsylvania,11,synthetic
Q20-1595,2020-10-20,5775,138.0,Prairie 138 kV,load,load,215.6,New Jersey,9,synthetic
Q20-1596,2020-10-28,7233,138.0,Thayer 138 kV,gen,solar,164.8,Pennsylvania,11,synthetic
Q20-1597,2020-10-29,22035,500.0,Mcmichen 500 kV,gen,solar,232.6,Indiana,33,synthetic
Q20-1598,2020-10-30,5773,138.0,Rivera 138 kV,gen,wind,76.4,New Jersey,9,synthetic
Q20-1599,2020-10-30,18414,138.0,Apison Pike 138 kV,gen,gas,746.5,West Virginia,28,synthetic
Q20-1600,2020-10-30,19616,100.0,Spurlock 100 kV,gen,solar,202.0,Ohio,30,synthetic
Q20-1601,2020-11-07,20152,230.0,Sunnyside 230 kV,battery,storage,152.6,Ohio,30,synthetic
Q20-1602,2020-11-08,5642,138.0,North Denver 138 kV,gen,solar,81.4,New Jersey,9,synthetic
Q20-1603,2020-11-10,18692,345.0,State Line Combined Cycle 345 kV,gen,solar,437.3,West Virginia,28,synthetic
Q20-1604,2020-11-11,6967,138.0,Putnam Pike 138 kV,battery,storage,66.3,Pennsylvania,10,synthetic
Q20-1605,2020-11-11,9193,138.0,Pinto 138 kV,gen,solar,103.9,Virginia,14,synthetic
Q20-1606,2020-11-12,5596,138.0,Laurel City 138 kV,gen,solar,137.8,New Jersey,9,synthetic
Q20-1607,2020-11-12,9894,138.0,Dulles 138 kV,battery,storage,88.1,Virginia,15,synthetic
Q20-1608,2020-11-13,10103,138.0,Frio Town 138 kV,gen,solar,187.5,Virginia,15,synthetic
Q20-1609,2020-11-14,9617,138.0,Wylie 138 kV,load,load,112.4,Virginia,14,synthetic
Q20-1610,2020-11-19,19865,230.0,Trigen St. Louis 230 kV,gen,gas,1500.0,Ohio,30,synthetic
Q20-1611,2020-11-19,9225,138.0,Blue Ridge 138 kV,gen,solar,163.7,Virginia,14,synthetic
Q20-1612,2020-11-22,9219,138.0,Reusens 138 kV,gen,solar,25.7,Virginia,14,synthetic
Q20-1613,2020-11-23,22018,100.0,Yahuecas 8203 100 kV,gen,solar,157.6,Indiana,33,synthetic
Q20-1614,2020-11-25,10135,138.0,Stover 138 kV,gen,solar,109.6,Virginia,15,synthetic
Q20-1615,2020-12-03,23523,230.0,Byron 230 kV,gen,solar,210.6,Illinois,34,synthetic
Q20-1616,2020-12-06,19344,100.0,Larsen Memorial 100 kV,gen,solar,73.0,Ohio,29,synthetic
Q20-1617,2020-12-06,7447,138.0,Chesterfield 138 kV,gen,solar,77.1,Pennsylvania,11,synthetic
Q20-1618,2020-12-08,18305,138.0,Hustisford 138 kV,battery,storage,122.9,West Virginia,28,synthetic
Q20-1619,2020-12-08,22965,230.0,Lower Granite 230 kV,gen,solar,156.8,Illinois,34,synthetic
Q20-1620,2020-12-09,7184,345.0,Bauer 345 kV,battery,storage,262.8,Pennsylvania,11,synthetic
Q20-1621,2020-12-11,5990,138.0,Fay Street 138 kV,gen,hybrid,107.5,New Jersey,9,synthetic
Q20-1622,2020-12-13,6666,138.0,Abilene Industrial Park 138 kV,gen,wind,211.3,Pennsylvania,10,synthetic
Q20-1623,2020-12-14,9633,138.0,Kean Mtn And Grassy Creek 138 kV,gen,solar,187.1,Virginia,14,synthetic
Q20-1624,2020-12-14,11206,69.0,Mayflower 69 kV,gen,solar,110.4,North Carolina,16,synthetic
Q20-1625,2020-12-15,7027,138.0,West Gilman Road 138 kV,gen,solar,149.7,Pennsylvania,10,synthetic
Q20-1626,2020-12-16,6999,138.0,Hamilton 138 kV,battery,storage,54.6,Pennsylvania,10,synthetic
Q20-1627,2020-12-18,7286,138.0,Ss3143 138 kV,load,load,210.5,Pennsylvania,11,synthetic
Q20-1628,2020-12-18,10038,138.0,Arcogen 138 kV,battery,storage,295.4,Virginia,15,synthetic
Q20-1629,2020-12-20,9307,138.0,North Huntington 138 kV,battery,storage,64.5,Virginia,14,synthetic
Q20-1630,2020-12-22,19816,230.0,Treat 230 kV,gen,wind,100.6,Ohio,30,synthetic
Q20-1631,2020-12-24,23357,230.0,Markland 230 kV,gen,solar,221.7,Illinois,34,synthetic
Q20-1632,2020-12-24,9084,138.0,Hwy 90 138 kV,gen,wind,65.4,Maryland,13,synthetic
Q20-1633,2020-12-24,20962,100.0,Helm 100 kV,gen,solar,83.2,Michigan,32,synthetic
Q20-1634,2020-12-25,11153,138.0,Edgecombe Genco Llc 138 kV,gen,solar,90.7,North Carolina,16,synthetic
Q20-1635,2020-12-25,7287,138.0,Eden Prairie 138 kV,gen,solar,45.0,Pennsylvania,11,synthetic
Q20-1636,2020-12-25,7889,138.0,Drusilla 138 kV,gen,solar,51.1,Pennsylvania,11,synthetic
Q20-1637,2020-12-25,5372,345.0,Laurel Ave 345 kV,gen,solar,243.5,New Jersey,9,synthetic
Q20-1638,2020-12-26,22035,230.0,Mcmichen 230 kV,gen,solar,221.3,Indiana,33,synthetic
Q20-1639,2020-12-27,9633,138.0,Kean Mtn And Grassy Creek 138 kV,gen,solar,50.8,Virginia,14,synthetic
Q20-1640,2020-12-29,6518,138.0,Eureka Reit 138 kV,gen,solar,36.0,Pennsylvania,10,synthetic
Q21-1641,2021-01-01,5440,138.0,Newark Bay Cogeneration Partnership Lp 138 kV,gen,solar,226.8,New Jersey,9,synthetic
Q21-1642,2021-01-02,9633,138.0,Kean Mtn And Grassy Creek 138 kV,gen,wind,144.2,Virginia,14,synthetic
Q21-1643,2021-01-02,16975,138.0,Mckinley 6002 138 kV,battery,storage,439.0,Kentucky,27,synthetic
Q21-1644,2021-01-02,22749,230.0,San Marcos 230 kV,gen,solar,109.2,Indiana,33,synthetic
Q21-1645,2021-01-06,22035,230.0,Mcmichen 230 kV,battery,storage,98.4,Indiana,33,synthetic
Q21-1646,2021-01-07,6717,138.0,Truman 138 kV,gen,solar,122.3,Pennsylvania,10,synthetic
Q21-1647,2021-01-09,9336,138.0,Skungamaug 138 kV,gen,hybrid,213.4,Virginia,14,synthetic
Q21-1648,2021-01-12,23512,230.0,Zion 230 kV,gen,hybrid,141.9,Illinois,34,synthetic
Q21-1649,2021-01-13,19845,100.0,Mcminn 100 kV,gen,solar,108.3,Ohio,30,synthetic
Q21-1650,2021-01-16,19258,138.0,P & W Aircraft 138 kV,load,load,10.5,Ohio,29,synthetic
Q21-1651,2021-01-17,9070,345.0,Brandywine Power Facility 345 kV,gen,solar,168.7,Maryland,13,synthetic
Q21-1652,2021-01-18,6586,138.0,Collierville 138 kV,gen,solar,299.6,Pennsylvania,10,synthetic
Q21-1653,2021-01-23,5826,138.0,Mallard 138 kV,gen,solar,61.3,New Jersey,9,synthetic
Q21-1654,2021-01-24,9434,138.0,Grand Ave Plant 138 kV,gen,solar,118.0,Virginia,14,synthetic
Q21-1655,2021-01-24,8919,138.0,Levitt 138 kV,gen,solar,223.5,Maryland,13,synthetic
Q21-1656,2021-01-24,10207,138.0,Myrtle 138 kV,battery,storage,185.7,Virginia,15,synthetic
Q21-1657,2021-01-25,10281,345.0,Jesse L Terry 345 kV,gen,hybrid,148.6,Virginia,15,synthetic
Q21-1658,2021-01-29,23330,100.0,Lake Ida 100 kV,gen,wind,174.9,Illinois,34,synthetic
Q21-1659,2021-01-29,10515,69.0,Santiago 69 kV,gen,solar,51.0,North Carolina,16,synthetic
Q21-1660,2021-01-30,11146,138.0,Person 138 kV,gen,solar,43.8,North Carolina,16,synthetic
Q21-1661,2021-02-01,6253,138.0,Northwest Beloit 138 kV,gen,solar,281.0,Pennsylvania,10,synthetic
Q21-1662,2021-02-02,5843,138.0,Piney Road 138 kV,gen,gas,142.3,New Jersey,9,synthetic
Q21-1663,2021-02-04,22024,230.0,Mt. Harris 230 kV,load,load,400.4,Indiana,33,synthetic
Q21-1664,2021-02-05,18712,100.0,J M Stuart 100 kV,gen,solar,112.4,Ohio,29,synthetic
Q21-1665,2021-02-07,9782,138.0,Lakemont 138 kV,gen,solar,95.3,Virginia,15,synthetic
Q21-1666,2021-02-10,19905,100.0,Greer 100 kV,gen,solar,185.5,Ohio,30,synthetic
Q21-1667,2021-02-10,19554,100.0,Dresden 100 kV,gen,solar,70.3,Ohio,29,synthetic
Q21-1668,2021-02-11,10643,138.0,Filer 138 kV,battery,storage,128.8,North Carolina,16,synthetic
Q21-1669,2021-02-15,23357,100.0,Markland 100 kV,gen,solar,185.1,Illinois,34,synthetic
Q21-1670,2021-02-15,19048,230.0,Jacks Creek 230 kV,gen,solar,138.1,Ohio,29,synthetic
Q21-1671,2021-02-16,9253,138.0,Grantsdale 138 kV,gen,solar,116.7,Virginia,14,synthetic
Q21-1672,2021-02-16,9633,138.0,Kean Mtn And Grassy Creek 138 kV,gen,solar,157.3,Virginia,14,synthetic
Q21-1673,2021-02-17,19554,100.0,Dresden 100 kV,gen,solar,166.7,Ohio,29,synthetic
Q21-1674,2021-02-18,22962,230.0,Poplar Bluff Generating Station 230 kV,battery,storage,100.7,Illinois,34,synthetic
Q21-1675,2021-02-19,22721,500.0,Northeast Mi 500 kV,gen,solar,132.0,Indiana,33,synthetic
Q21-1676,2021-02-19,7233,345.0,Thayer 345 kV,gen,solar,195.4,Pennsylvania,11,synthetic
Q21-1677,2021-02-21,22491,100.0,Exxon 100 kV,gen,solar,133.3,Indiana,33,synthetic
Q21-1678,2021-02-22,11209,345.0,Gaston 345 kV,gen,wind,459.1,North Carolina,16,synthetic
Q21-1679,2021-02-23,7837,138.0,Bethel Road 138 kV,gen,solar,106.4,Pennsylvania,11,synthetic
Q21-1680,2021-02-25,9633,345.0,Kean Mtn And Grassy Creek 345 kV,gen,solar,228.1,Virginia,14,synthetic
Q21-1681,2021-02-25,24642,230.0,Minonk Wind Farm 230 kV,gen,solar,390.6,Illinois,35,synthetic
Q21-1682,2021-02-27,22965,230.0,Lower Granite 230 kV,gen,solar,76.0,Illinois,34,synthetic
Q21-1683,2021-02-27,6274,138.0,Hoover 138 kV,battery,storage,104.1,Pennsylvania,10,synthetic
Q21-1684,2021-02-28,22493,230.0,Buckeye 230 kV,gen,solar,113.4,Indiana,33,synthetic
Q21-1685,2021-03-04,9633,138.0,Kean Mtn And Grassy Creek 138 kV,gen,solar,202.3,Virginia,14,synthetic
Q21-1686,2021-03-04,6549,138.0,High Falls 138 kV,gen,solar,57.0,Pennsylvania,10,synthetic
Q21-1687,2021-03-06,23073,100.0,North Branch Wv 100 kV,gen,solar,83.3,Illinois,34,synthetic
Q21-1688,2021-03-08,8056,138.0,Gurley 138 kV,gen,solar,136.4,Pennsylvania,11,synthetic
Q21-1689,2021-03-09,22493,230.0,Buckeye 230 kV,gen,solar,288.9,Indiana,33,synthetic
Q21-1690,2021-03-11,22749,230.0,San Marcos 230 kV,gen,wind,271.6,Indiana,33,synthetic
Q21-1691,2021-03-11,6058,138.0,Hutchinson Energy Center 138 kV,battery,storage,65.3,Pennsylvania,10,synthetic
Q21-1692,2021-03-13,23514,100.0,Mi-Wuk 100 kV,battery,storage,49.0,Illinois,34,synthetic
Q21-1693,2021-03-13,11099,138.0,Trowbridge 138 kV,gen,solar,101.0,North Carolina,16,synthetic
Q21-1694,2021-03-14,9959,138.0,Newport News 138 kV,battery,storage,86.7,Virginia,15,synthetic
Q21-1695,2021-03-15,18926,100.0,Central Florida 100 kV,gen,solar,31.5,Ohio,29,synthetic
Q21-1696,2021-03-16,11146,138.0,Person 138 kV,load,load,302.3,North Carolina,16,synthetic
Q21-1697,2021-03-18,10087,138.0,Fort Eustis 138 kV,gen,hybrid,147.4,Virginia,15,synthetic
Q21-1698,2021-03-24,22749,230.0,San Marcos 230 kV,gen,gas,1194.1,Indiana,33,synthetic
Q21-1699,2021-03-24,9578,138.0,Thunder 138 kV,gen,solar,207.8,Virginia,14,synthetic
Q21-1700,2021-03-26,8403,138.0,Chenoweth 138 kV,load,load,331.3,Maryland,13,synthetic
Q21-1701,2021-03-27,16972,138.0,Cartersville 138 kV,gen,solar,133.7,Kentucky,27,synthetic
Q21-1702,2021-03-28,21664,230.0,Palisades 230 kV,gen,solar,78.3,Michigan,32,synthetic
Q21-1703,2021-03-30,22965,230.0,Lower Granite 230 kV,battery,storage,339.8,Illinois,34,synthetic
Q21-1704,2021-03-30,5221,138.0,Singleton 138 kV,gen,solar,124.4,New Jersey,9,synthetic
Q21-1705,2021-03-31,21779,100.0,Mckinley 100 kV,gen,solar,90.1,Indiana,33,synthetic
Q21-1706,2021-04-02,17238,138.0,Phoenix 138 kV,gen,hybrid,209.2,Kentucky,27,synthetic
Q21-1707,2021-04-02,5960,138.0,Edison 138 kV,gen,solar,105.0,New Jersey,9,synthetic
Q21-1708,2021-04-03,22493,230.0,Buckeye 230 kV,battery,storage,42.1,Indiana,33,synthetic
Q21-1709,2021-04-03,5214,138.0,Seagoville Sw 138 kV,gen,solar,45.5,New Jersey,9,synthetic
Q21-1710,2021-04-05,6360,138.0,Cemex 138 kV,gen,solar,256.5,Pennsylvania,10,synthetic
Q21-1711,2021-04-07,6123,138.0,Friendswood Reit 138 kV,battery,storage,199.6,Pennsylvania,10,synthetic
Q21-1712,2021-04-08,22959,100.0,Dal Grauer 100 kV,gen,solar,57.9,Illinois,34,synthetic
Q21-1713,2021-04-10,9633,138.0,Kean Mtn And Grassy Creek 138 kV,battery,storage,219.6,Virginia,14,synthetic
Q21-1714,2021-04-11,23137,230.0,Meadows 230 kV,gen,solar,68.9,Illinois,34,synthetic
Q21-1715,2021-04-11,9623,138.0,Stockton Cogen 138 kV,gen,solar,216.0,Virginia,14,synthetic
Q21-1716,2021-04-12,17238,138.0,Phoenix 138 kV,battery,storage,126.0,Kentucky,27,synthetic
Q21-1717,2021-04-13,19580,230.0,Woodland Biomass Tap 230 kV,gen,hybrid,305.2,Ohio,29,synthetic
Q21-1718,2021-04-13,21664,230.0,Palisades 230 kV,gen,hybrid,132.2,Michigan,32,synthetic
Q21-1719,2021-04-14,9275,138.0,Borger 138 kV,gen,solar,177.4,Virginia,14,synthetic
Q21-1720,2021-04-16,23391,100.0,Felton 100 kV,gen,wind,157.1,Illinois,34,synthetic
Q21-1721,2021-04-17,9355,138.0,Hebron 138 kV,gen,solar,62.9,Virginia,14,synthetic
Q21-1722,2021-04-17,7170,138.0,Hunlock Unit 4 138 kV,gen,solar,115.8,Pennsylvania,10,synthetic
Q21-1723,2021-04-18,9633,345.0,Kean Mtn And Grassy Creek 345 kV,load,load,276.9,Virginia,14,synthetic
Q21-1724,2021-04-18,9633,138.0,Kean Mtn And Grassy Creek 138 kV,gen,solar,150.1,Virginia,14,synthetic
Q21-1725,2021-04-18,11130,138.0,Roanoke Rapids 138 kV,battery,storage,104.0,North Carolina,16,synthetic
Q21-1726,2021-04-19,22915,100.0,Salinas Urbano 100 kV,battery,storage,74.0,Illinois,34,synthetic
Q21-1727,2021-04-21,5925,138.0,Glen Gardner 138 kV,gen,solar,83.1,New Jersey,9,synthetic
Q21-1728,2021-04-23,5505,138.0,East Windsor 138 kV,gen,gas,167.8,New Jersey,9,synthetic
Q21-1729,2021-04-23,10209,138.0,Chuckatuck 138 kV,gen,solar,158.9,Virginia,15,synthetic
Q21-1730,2021-04-25,23508,100.0,Dresden Generating Station 100 kV,battery,storage,36.9,Illinois,34,synthetic
Q21-1731,2021-04-26,9437,138.0,Trincomali 138 kV,gen,solar,97.7,Virginia,14,synthetic
Q21-1732,2021-04-26,9137,138.0,Scottsville 138 kV,battery,storage,233.9,Virginia,14,synthetic
Q21-1733,2021-04-28,11129,69.0,Elmendorf 69 kV,gen,solar,295.6,North Carolina,16,synthetic
Q21-1734,2021-05-01,16805,345.0,The Dalles 345 kV,gen,gas,786.6,Tennessee,26,synthetic
Q21-1735,2021-05-01,9227,138.0,Desmet 138 kV,gen,solar,267.3,Virginia,14,synthetic
Q21-1736,2021-05-05,17694,138.0,Simpson Stuart Tap 138 kV,load,load,108.9,Kentucky,27,synthetic
Q21-1737,2021-05-05,10043,138.0,Mejia Tap Ns Line 138 kV,gen,solar,203.2,Virginia,15,synthetic
Q21-1738,2021-05-07,17026,138.0,Crown Road 138 kV,gen,gas,127.0,Kentucky,27,synthetic
Q21-1739,2021-05-07,7364,138.0,Kiamichi Station 138 kV,battery,storage,20.3,Pennsylvania,11,synthetic
Q21-1740,2021-05-08,8395,138.0,Monochem 138 kV,gen,solar,56.5,Maryland,13,synthetic
Q21-1741,2021-05-08,21719,230.0,Caliente 230 kV,gen,gas,205.8,Michigan,32,synthetic
Q21-1742,2021-05-10,22965,100.0,Lower Granite 100 kV,gen,hybrid,115.9,Illinois,34,synthetic
Q21-1743,2021-05-11,23431,100.0,Gila River 100 kV,gen,solar,60.2,Illinois,34,synthetic
Q21-1744,2021-05-13,22979,230.0,Felida 230 kV,battery,storage,58.4,Illinois,34,synthetic
Q21-1745,2021-05-14,22886,100.0,Flax Hill 100 kV,gen,solar,165.4,Illinois,34,synthetic
Q21-1746,2021-05-14,6382,138.0,Camp Gary 138 kV,gen,solar,37.9,Pennsylvania,10,synthetic
Q21-1747,2021-05-15,20223,230.0,Williamsport 230 kV,gen,solar,182.4,Ohio,30,synthetic
Q21-1748,2021-05-15,9633,345.0,Kean Mtn And Grassy Creek 345 kV,gen,hybrid,290.6,Virginia,14,synthetic
Q21-1749,2021-05-16,9294,138.0,Rainey 138 kV,gen,hybrid,74.9,Virginia,14,synthetic
Q21-1750,2021-05-17,5578,138.0,Jersey Avenue 138 kV,gen,solar,80.0,New Jersey,9,synthetic
Q21-1751,2021-05-18,11130,138.0,Roanoke Rapids 138 kV,battery,storage,68.9,North Carolina,16,synthetic
Q21-1752,2021-05-19,11099,138.0,Trowbridge 138 kV,battery,storage,71.5,North Carolina,16,synthetic
Q21-1753,2021-05-19,17850,345.0,Red Mesa 345 kV,gen,solar,141.2,Kentucky,27,synthetic
Q21-1754,2021-05-21,23523,230.0,Byron 230 kV,battery,storage,132.5,Illinois,34,synthetic
Q21-1755,2021-05-22,9007,345.0,Hutchins 345 kV,gen,gas,1026.8,Maryland,13,synthetic
Q21-1756,2021-05-23,22767,100.0,Krumkill 100 kV,gen,solar,268.2,Indiana,33,synthetic
Q21-1757,2021-05-24,22765,230.0,Mount Holly 230 kV,gen,solar,137.9,Indiana,33,synthetic
Q21-1758,2021-05-26,10048,345.0,Southaven 345 kV,battery,storage,274.0,Virginia,15,synthetic
Q21-1759,2021-05-26,9266,138.0,Rosalia 138 kV,gen,solar,207.7,Virginia,14,synthetic
Q21-1760,2021-05-26,7117,345.0,Inver Hills 345 kV,gen,solar,163.6,Pennsylvania,10,synthetic
Q21-1761,2021-05-31,6174,138.0,George Street 138 kV,battery,storage,140.2,Pennsylvania,10,synthetic
Q21-1762,2021-06-02,23487,100.0,East Omak 100 kV,gen,solar,78.0,Illinois,34,synthetic
Q21-1763,2021-06-04,18462,138.0,Prior 138 kV,gen,solar,65.7,West Virginia,28,synthetic
Q21-1764,2021-06-06,9399,345.0,Chaparral 345 kV,gen,solar,249.7,Virginia,14,synthetic
Q21-1765,2021-06-07,19236,100.0,Pit 1 100 kV,gen,solar,141.4,Ohio,29,synthetic
Q21-1766,2021-06-07,9633,138.0,Kean Mtn And Grassy Creek 138 kV,gen,solar,80.5,Virginia,14,synthetic
Q21-1767,2021-06-08,17711,138.0,Cwec Scandinavia 138 kV,gen,solar,142.8,Kentucky,27,synthetic
Q21-1768,2021-06-08,22493,230.0,Buckeye 230 kV,gen,solar,100.8,Indiana,33,synthetic
Q21-1769,2021-06-08,22035,230.0,Mcmichen 230 kV,gen,gas,203.9,Indiana,33,synthetic
Q21-1770,2021-06-08,20199,230.0,Ruskin 230 kV,gen,solar,96.9,Ohio,30,synthetic
Q21-1771,2021-06-09,7286,345.0,Ss3143 345 kV,gen,hybrid,73.4,Pennsylvania,11,synthetic
Q21-1772,2021-06-09,23214,100.0,St Francois 100 kV,gen,solar,119.6,Illinois,34,synthetic
Q21-1773,2021-06-09,19941,230.0,Calera T.S 230 kV,gen,solar,169.7,Ohio,30,synthetic
Q21-1774,2021-06-09,7233,138.0,Thayer 138 kV,gen,solar,176.3,Pennsylvania,11,synthetic
Q21-1775,2021-06-11,9633,138.0,Kean Mtn And Grassy Creek 138 kV,gen,wind,306.1,Virginia,14,synthetic
Q21-1776,2021-06-12,10167,138.0,Edgehill 138 kV,gen,gas,205.7,Virginia,15,synthetic
Q21-1777,2021-06-13,9405,138.0,Siloam Springs 138 kV,gen,solar,63.9,Virginia,14,synthetic
Q21-1778,2021-06-13,21837,100.0,Harvey 100 kV,gen,solar,143.0,Indiana,33,synthetic
Q21-1779,2021-06-14,22749,230.0,San Marcos 230 kV,gen,solar,335.8,Indiana,33,synthetic
Q21-1780,2021-06-15,9562,138.0,Claypool Hill 138 kV,gen,solar,70.4,Virginia,14,synthetic
Q21-1781,2021-06-15,23061,100.0,Goodings Grove 100 kV,battery,storage,107.0,Illinois,34,synthetic
Q21-1782,2021-06-15,9633,345.0,Kean Mtn And Grassy Creek 345 kV,gen,solar,104.3,Virginia,14,synthetic
Q21-1783,2021-06-18,9542,138.0,Roanoke 138 kV,load,load,20.8,Virginia,14,synthetic
Q21-1784,2021-06-19,19527,230.0,Sayville 230 kV,gen,solar,143.0,Ohio,29,synthetic
Q21-1785,2021-06-20,10279,138.0,North Anna 138 kV,gen,solar,79.7,Virginia,15,synthetic
Q21-1786,2021-06-21,10157,138.0,Plano 138 kV,gen,solar,124.4,Virginia,15,synthetic
Q21-1787,2021-06-22,9399,138.0,Chaparral 138 kV,gen,solar,123.8,Virginia,14,synthetic
Q21-1788,2021-06-22,9969,138.0,Mountain Road 138 kV,gen,solar,159.4,Virginia,15,synthetic
Q21-1789,2021-06-22,9633,345.0,Kean Mtn And Grassy Creek 345 kV,gen,solar,207.5,Virginia,14,synthetic
Q21-1790,2021-06-23,10259,138.0,Four Rivers 138 kV,gen,solar,180.0,Virginia,15,synthetic
Q21-1791,2021-06-24,9562,138.0,Claypool Hill 138 kV,load,load,182.4,Virginia,14,synthetic
Q21-1792,2021-06-25,9578,138.0,Thunder 138 kV,gen,solar,79.5,Virginia,14,synthetic
Q21-1793,2021-06-25,9729,138.0,Colton 138 kV,battery,storage,202.5,Virginia,15,synthetic
Q21-1794,2021-06-26,17992,230.0,Main Line 230 kV,gen,gas,566.9,West Virginia,28,synthetic
Q21-1795,2021-06-27,22024,230.0,Mt. Harris 230 kV,battery,storage,87.1,Indiana,33,synthetic
Q21-1796,2021-06-27,8330,138.0,Enterprise 138 kV,gen,solar,203.7,Delaware,12,synthetic
Q21-1797,2021-06-29,9740,138.0,National City 138 kV,gen,wind,151.5,Virginia,15,synthetic
Q21-1798,2021-06-29,9058,138.0,Wheelabrator Baltimore Refuse 138 kV,gen,solar,95.5,Maryland,13,synthetic
Q21-1799,2021-07-01,9501,138.0,La Virgencita 9404 138 kV,gen,solar,104.1,Virginia,14,synthetic
Q21-1800,2021-07-03,23495,230.0,Rocky Road Power Llc 230 kV,load,load,61.7,Illinois,34,synthetic
Q21-1801,2021-07-04,20994,100.0,Wauna 100 kV,gen,solar,223.4,Michigan,32,synthetic
Q21-1802,2021-07-05,17313,138.0,Mount Olive 138 kV,gen,solar,137.5,Kentucky,27,synthetic
Q21-1803,2021-07-06,7233,500.0,Thayer 500 kV,gen,gas,343.8,Pennsylvania,11,synthetic
Q21-1804,2021-07-06,22035,230.0,Mcmichen 230 kV,gen,solar,244.1,Indiana,33,synthetic
Q21-1805,2021-07-07,19566,230.0,Gist Creek 230 kV,gen,solar,70.3,Ohio,29,synthetic
Q21-1806,2021-07-07,10018,138.0,Bollman Tap 1 138 kV,gen,hybrid,213.0,Virginia,15,synthetic
Q21-1807,2021-07-07,23495,230.0,Rocky Road Power Llc 230 kV,gen,hybrid,177.3,Illinois,34,synthetic
Q21-1808,2021-07-09,23495,500.0,Rocky Road Power Llc 500 kV,battery,storage,151.5,Illinois,34,synthetic
Q21-1809,2021-07-09,22765,230.0,Mount Holly 230 kV,gen,solar,121.0,Indiana,33,synthetic
Q21-1810,2021-07-09,18759,100.0,Pisgah 100 kV,gen,solar,75.5,Ohio,29,synthetic
Q21-1811,2021-07-10,19554,230.0,Dresden 230 kV,gen,gas,639.4,Ohio,29,synthetic
Q21-1812,2021-07-13,8926,138.0,Burches Hill 138 kV,gen,solar,275.8,Maryland,13,synthetic
Q21-1813,2021-07-14,7416,138.0,Federalgen Tap 138 kV,gen,solar,199.0,Pennsylvania,11,synthetic
Q21-1814,2021-07-14,19391,100.0,Bowles 100 kV,battery,storage,103.2,Ohio,29,synthetic
Q21-1815,2021-07-15,9387,138.0,Galesburg Monmouth Boulevard 138 kV,battery,storage,500.0,Virginia,14,synthetic
Q21-1816,2021-07-17,10054,138.0,Hicks 138 kV,gen,hybrid,87.4,Virginia,15,synthetic
Q21-1817,2021-07-18,5964,138.0,Waveland 138 kV,gen,solar,60.7,New Jersey,9,synthetic
Q21-1818,2021-07-19,23508,500.0,Dresden Generating Station 500 kV,gen,solar,331.6,Illinois,34,synthetic
Q21-1819,2021-07-20,8754,138.0,Twin Bridges 138 kV,gen,solar,74.7,Maryland,13,synthetic
Q21-1820,2021-07-21,9453,138.0,Stafford 138 kV,gen,gas,1411.7,Virginia,14,synthetic
Q21-1821,2021-07-21,10345,69.0,Crosstown Cascade 69 kV,battery,storage,89.6,North Carolina,16,synthetic
Q21-1822,2021-07-22,21987,100.0,Yreka 100 kV,battery,storage,133.5,Indiana,33,synthetic
Q21-1823,2021-07-24,9913,138.0,Occoquan 138 kV,gen,hybrid,149.3,Virginia,15,synthetic
Q21-1824,2021-07-25,10279,138.0,North Anna 138 kV,battery,storage,41.5,Virginia,15,synthetic
Q21-1825,2021-07-26,8244,138.0,Aes Beaver Valley Partners Beaver Valley 138 kV,battery,storage,66.2,Pennsylvania,11,synthetic
Q21-1826,2021-07-26,6805,138.0,Belfast 138 kV,battery,storage,76.8,Pennsylvania,10,synthetic
Q21-1827,2021-07-27,10279,138.0,North Anna 138 kV,battery,storage,83.2,Virginia,15,synthetic
Q21-1828,2021-07-27,22035,500.0,Mcmichen 500 kV,gen,solar,300.9,Indiana,33,synthetic
Q21-1829,2021-07-27,9633,138.0,Kean Mtn And Grassy Creek 138 kV,gen,solar,106.9,Virginia,14,synthetic
Q21-1830,2021-07-28,9193,138.0,Pinto 138 kV,gen,solar,131.0,Virginia,14,synthetic
Q21-1831,2021-07-28,8753,138.0,Bowman Street 138 kV,gen,solar,75.5,Maryland,13,synthetic
Q21-1832,2021-07-29,8612,345.0,Vineyard Tap 345 kV,battery,storage,500.0,Maryland,13,synthetic
Q21-1833,2021-07-29,9912,138.0,Sub 9912 138 kV,battery,storage,161.3,Virginia,15,synthetic
Q21-1834,2021-07-30,7177,138.0,Sagamore Plant Cogeneration 138 kV,gen,wind,131.2,Pennsylvania,11,synthetic
Q21-1835,2021-07-30,9751,138.0,Oshkosh 138 kV,gen,hybrid,176.9,Virginia,15,synthetic
Q21-1836,2021-07-31,19554,500.0,Dresden 500 kV,gen,wind,212.7,Ohio,29,synthetic
Q21-1837,2021-08-01,22578,100.0,Twin Branch Pv 100 kV,battery,storage,82.3,Indiana,33,synthetic
Q21-1838,2021-08-02,7233,138.0,Thayer 138 kV,gen,hybrid,67.7,Pennsylvania,11,synthetic
Q21-1839,2021-08-02,18699,138.0,Hassayampa Tap 138 kV,battery,storage,74.1,West Virginia,28,synthetic
Q21-1840,2021-08-03,9919,138.0,Sowego Dp 138 kV,gen,solar,250.7,Virginia,15,synthetic
Q21-1841,2021-08-05,23440,100.0,Bethel 100 kV,battery,storage,194.8,Illinois,34,synthetic
Q21-1842,2021-08-05,8198,138.0,Cowlitz 138 kV,gen,solar,115.7,Pennsylvania,11,synthetic
Q21-1843,2021-08-06,23227,230.0,Mason Creek 230 kV,gen,gas,304.1,Illinois,34,synthetic
Q21-1844,2021-08-06,23520,100.0,Big Meadows 100 kV,gen,solar,88.9,Illinois,34,synthetic
Q21-1845,2021-08-10,19122,100.0,Cold River 100 kV,gen,solar,277.3,Ohio,29,synthetic
Q21-1846,2021-08-10,23512,500.0,Zion 500 kV,gen,solar,538.5,Illinois,34,synthetic
Q21-1847,2021-08-10,23302,100.0,South Hall 100 kV,gen,wind,50.2,Illinois,34,synthetic
Q21-1848,2021-08-12,6029,138.0,Cove Avenue 138 kV,gen,gas,1500.0,Pennsylvania,10,synthetic
Q21-1849,2021-08-14,22749,230.0,San Marcos 230 kV,load,load,82.2,Indiana,33,synthetic
Q21-1850,2021-08-15,8324,138.0,Pensacola 138 kV,gen,gas,171.5,Delaware,12,synthetic
Q21-1851,2021-08-16,6472,138.0,Lakeside 1 138 kV,gen,wind,314.0,Pennsylvania,10,synthetic
Q21-1852,2021-08-17,9999,138.0,Elko 138 kV,gen,wind,169.6,Virginia,15,synthetic
Q21-1853,2021-08-19,7952,138.0,West Waynesboro 138 kV,gen,solar,124.9,Pennsylvania,11,synthetic
Q21-1854,2021-08-20,6225,138.0,Mill Seat Renewable Energy Facility 138 kV,battery,storage,72.0,Pennsylvania,10,synthetic
Q21-1855,2021-08-20,18437,138.0,Katonah 138 kV,gen,wind,155.0,West Virginia,28,synthetic
Q21-1856,2021-08-20,9159,138.0,Deen 138 kV,gen,solar,255.0,Virginia,14,synthetic
Q21-1857,2021-08-21,9946,138.0,Short Pump 138 kV,gen,solar,275.6,Virginia,15,synthetic
Q21-1858,2021-08-22,6083,138.0,Colvard 138 kV,gen,wind,137.9,Pennsylvania,10,synthetic
Q21-1859,2021-08-24,18964,100.0,Grantline-Siefker 100 kV,gen,solar,52.8,Ohio,29,synthetic
Q21-1860,2021-08-24,19652,100.0,Joe Ast 100 kV,gen,solar,149.5,Ohio,30,synthetic
Q21-1861,2021-08-25,11146,138.0,Person 138 kV,gen,solar,120.3,North Carolina,16,synthetic
Q21-1862,2021-08-25,10054,138.0,Hicks 138 kV,gen,solar,124.0,Virginia,15,synthetic
Q21-1863,2021-08-26,19134,100.0,Fishhawk 100 kV,battery,storage,54.9,Ohio,29,synthetic
Q21-1864,2021-08-26,19248,100.0,Grs Lyon 100 kV,gen,solar,177.5,Ohio,29,synthetic
Q21-1865,2021-08-28,19865,230.0,Trigen St. Louis 230 kV,gen,solar,174.7,Ohio,30,synthetic
Q21-1866,2021-08-31,9633,138.0,Kean Mtn And Grassy Creek 138 kV,battery,storage,42.6,Virginia,14,synthetic
Q21-1867,2021-08-31,19865,230.0,Trigen St. Louis 230 kV,battery,storage,122.0,Ohio,30,synthetic
Q21-1868,2021-09-01,22493,230.0,Buckeye 230 kV,gen,wind,145.6,Indiana,33,synthetic
Q21-1869,2021-09-03,5960,138.0,Edison 138 kV,battery,storage,148.4,New Jersey,9,synthetic
Q21-1870,2021-09-03,9137,138.0,Scottsville 138 kV,gen,solar,72.8,Virginia,14,synthetic
Q21-1871,2021-09-03,10644,138.0,Dooley 138 kV,gen,solar,181.9,North Carolina,16,synthetic
Q21-1872,2021-09-03,21810,100.0,Brunswick Nuclear 100 kV,gen,hybrid,474.4,Indiana,33,synthetic
Q21-1873,2021-09-06,5238,138.0,Naples 138 kV,gen,solar,158.3,New Jersey,9,synthetic
Q21-1874,2021-09-08,18672,138.0,Clam River Dam 138 kV,gen,solar,124.2,West Virginia,28,synthetic
Q21-1875,2021-09-10,17027,138.0,Walnut-Engle Tap 138 kV,gen,solar,105.4,Kentucky,27,synthetic
Q21-1876,2021-09-12,23527,100.0,Richardson Woodhaven 100 kV,gen,gas,55.9,Illinois,34,synthetic
Q21-1877,2021-09-12,22209,100.0,Semiahmoo 100 kV,gen,wind,262.7,Indiana,33,synthetic
Q21-1878,2021-09-13,5571,138.0,Sayreville Cogeneration Facility 138 kV,gen,wind,137.3,New Jersey,9,synthetic
Q21-1879,2021-09-16,7174,138.0,South Reading 138 kV,gen,solar,140.6,Pennsylvania,10,synthetic
Q21-1880,2021-09-18,22018,100.0,Yahuecas 8203 100 kV,gen,gas,1415.6,Indiana,33,synthetic
Q21-1881,2021-09-19,7950,138.0,Trenton South 138 kV,battery,storage,49.3,Pennsylvania,11,synthetic
Q21-1882,2021-09-19,5963,138.0,Mercer 138 kV,gen,solar,48.2,New Jersey,9,synthetic
Q21-1883,2021-09-19,9418,138.0,North Network 138 kV,gen,gas,1053.5,Virginia,14,synthetic
Q21-1884,2021-09-23,9035,138.0,North Rutland 138 kV,gen,solar,93.0,Maryland,13,synthetic
Q21-1885,2021-09-25,9590,138.0,Hartford 138 kV,gen,solar,130.7,Virginia,14,synthetic
Q21-1886,2021-09-26,9740,138.0,National City 138 kV,gen,solar,264.0,Virginia,15,synthetic
Q21-1887,2021-09-27,23316,100.0,Clearlake 100 kV,gen,solar,116.2,Illinois,34,synthetic
Q21-1888,2021-09-27,7684,138.0,Deltaport Tap 138 kV,battery,storage,155.8,Pennsylvania,11,synthetic
Q21-1889,2021-09-27,9666,345.0,Lowmoor 345 kV,gen,gas,1232.9,Virginia,14,synthetic
Q21-1890,2021-09-28,21664,230.0,Palisades 230 kV,battery,storage,60.8,Michigan,32,synthetic
Q21-1891,2021-09-29,10445,69.0,Tekoppel 69 kV,gen,solar,48.7,North Carolina,16,synthetic
Q21-1892,2021-09-30,6029,138.0,Cove Avenue 138 kV,gen,solar,105.2,Pennsylvania,10,synthetic
Q21-1893,2021-10-04,9577,138.0,Carroll 138 kV,battery,storage,144.6,Virginia,14,synthetic
Q21-1894,2021-10-04,9633,138.0,Kean Mtn And Grassy Creek 138 kV,battery,storage,82.6,Virginia,14,synthetic
Q21-1895,2021-10-05,5616,138.0,Lombardy Ln 138 kV,battery,storage,61.3,New Jersey,9,synthetic
Q21-1896,2021-10-06,22742,500.0,Wabash 500 kV,gen,gas,1378.2,Indiana,33,synthetic
Q21-1897,2021-10-07,22024,230.0,Mt. Harris 230 kV,gen,gas,843.2,Indiana,33,synthetic
Q21-1898,2021-10-08,10450,69.0,Curtis 69 kV,gen,hybrid,70.1,North Carolina,16,synthetic
Q21-1899,2021-10-08,22035,230.0,Mcmichen 230 kV,gen,solar,61.3,Indiana,33,synthetic
Q21-1900,2021-10-11,9301,138.0,Woodchuck Hill 138 kV,gen,solar,406.5,Virginia,14,synthetic
Q21-1901,2021-10-12,22996,100.0,Halesite 100 kV,gen,solar,57.9,Illinois,34,synthetic
Q21-1902,2021-10-13,19986,230.0,Tejon 230 kV,battery,storage,105.1,Ohio,30,synthetic
Q21-1903,2021-10-14,10014,345.0,Toano 345 kV,battery,storage,500.0,Virginia,15,synthetic
Q21-1904,2021-10-15,9740,138.0,National City 138 kV,battery,storage,280.6,Virginia,15,synthetic
Q21-1905,2021-10-18,18542,138.0,Niagra Paper Of Wisconsin 138 kV,gen,solar,126.3,West Virginia,28,synthetic
Q21-1906,2021-10-21,10209,138.0,Chuckatuck 138 kV,gen,solar,132.2,Virginia,15,synthetic
Q21-1907,2021-10-21,21042,100.0,Leupp 100 kV,load,load,67.0,Michigan,32,synthetic
Q21-1908,2021-10-24,7811,138.0,Daves Falls 138 kV,battery,storage,84.0,Pennsylvania,11,synthetic
Q21-1909,2021-10-25,21380,100.0,Candelaria 100 kV,gen,solar,123.3,Michigan,32,synthetic
Q21-1910,2021-10-26,21719,230.0,Caliente 230 kV,gen,solar,154.5,Michigan,32,synthetic
Q21-1911,2021-10-26,22965,230.0,Lower Granite 230 kV,gen,wind,145.5,Illinois,34,synthetic
Q21-1912,2021-10-27,20015,100.0,Ellis 100 kV,battery,storage,64.3,Ohio,30,synthetic
Q21-1913,2021-10-28,9336,138.0,Skungamaug 138 kV,gen,solar,163.3,Virginia,14,synthetic
Q21-1914,2021-10-28,7523,138.0,Ocean Ave 138 kV,gen,solar,130.2,Pennsylvania,11,synthetic
Q21-1915,2021-10-29,9292,138.0,Candlers Mountain 138 kV,battery,storage,247.4,Virginia,14,synthetic
Q21-1916,2021-10-31,23495,230.0,Rocky Road Power Llc 230 kV,gen,gas,241.1,Illinois,34,synthetic
Q21-1917,2021-10-31,22749,230.0,San Marcos 230 kV,gen,hybrid,126.6,Indiana,33,synthetic
Q21-1918,2021-10-31,22035,230.0,Mcmichen 230 kV,gen,gas,573.2,Indiana,33,synthetic
Q21-1919,2021-11-01,19398,100.0,S. Baldwyn 100 kV,gen,wind,107.6,Ohio,29,synthetic
Q21-1920,2021-11-01,24642,230.0,Minonk Wind Farm 230 kV,gen,solar,273.8,Illinois,35,synthetic
Q21-1921,2021-11-03,22493,230.0,Buckeye 230 kV,battery,storage,70.5,Indiana,33,synthetic
Q21-1922,2021-11-06,6567,138.0,Golden Ponds Tap 138 kV,gen,solar,144.2,Pennsylvania,10,synthetic
Q21-1923,2021-11-07,9633,345.0,Kean Mtn And Grassy Creek 345 kV,gen,gas,429.0,Virginia,14,synthetic
Q21-1924,2021-11-08,9999,138.0,Elko 138 kV,gen,solar,99.9,Virginia,15,synthetic
Q21-1925,2021-11-09,9633,138.0,Kean Mtn And Grassy Creek 138 kV,battery,storage,82.2,Virginia,14,synthetic
Q21-1926,2021-11-11,10132,138.0,Gosport 138 kV,gen,solar,81.9,Virginia,15,synthetic
Q21-1927,2021-11-12,8400,138.0,Txi 138 kV,gen,solar,128.7,Maryland,13,synthetic
Q21-1928,2021-11-14,18977,100.0,Lompoc 100 kV,battery,storage,92.3,Ohio,29,synthetic
Q21-1929,2021-11-14,17102,138.0,Euclidocwa 138 kV,gen,solar,115.3,Kentucky,27,synthetic
Q21-1930,2021-11-15,23033,100.0,Eufaula 100 kV,gen,solar,35.7,Illinois,34,synthetic
Q21-1931,2021-11-15,5589,138.0,Tremval 138 kV,battery,storage,76.0,New Jersey,9,synthetic
Q21-1932,2021-11-16,22220,230.0,Eupora 230 kV,battery,storage,50.3,Indiana,33,synthetic
Q21-1933,2021-11-17,6052,345.0,Folsom Prison 345 kV,battery,storage,396.5,Pennsylvania,10,synthetic
Q21-1934,2021-11-20,23508,230.0,Dresden Generating Station 230 kV,gen,solar,179.3,Illinois,34,synthetic
Q21-1935,2021-11-25,19576,230.0,Larson Street 230 kV,gen,solar,63.0,Ohio,29,synthetic
Q21-1936,2021-11-25,22765,230.0,Mount Holly 230 kV,gen,solar,58.3,Indiana,33,synthetic
Q21-1937,2021-11-25,22333,100.0,Vasquez 100 kV,load,load,50.8,Indiana,33,synthetic
Q21-1938,2021-11-25,10264,345.0,Bear Island 345 kV,gen,solar,286.0,Virginia,15,synthetic
Q21-1939,2021-11-26,9371,138.0,Louisiana Avenue 138 kV,gen,solar,200.0,Virginia,14,synthetic
Q21-1940,2021-11-26,6922,138.0,Jefferson Tap 138 kV,gen,gas,191.3,Pennsylvania,10,synthetic
Q21-1941,2021-11-26,11121,69.0,North Staunton 69 kV,gen,solar,138.8,North Carolina,16,synthetic
Q21-1942,2021-11-27,9159,138.0,Deen 138 kV,gen,solar,153.0,Virginia,14,synthetic
Q21-1943,2021-11-27,9633,138.0,Kean Mtn And Grassy Creek 138 kV,gen,solar,92.9,Virginia,14,synthetic
Q21-1944,2021-11-29,9703,138.0,Deepcreek 138 kV,gen,solar,99.4,Virginia,15,synthetic
Q21-1945,2021-11-29,5863,138.0,Howland Hook 138 kV,gen,solar,63.4,New Jersey,9,synthetic
Q21-1946,2021-11-30,5624,138.0,Serramonte 138 kV,load,load,274.9,New Jersey,9,synthetic
Q21-1947,2021-11-30,17320,138.0,Drop 5 138 kV,gen,solar,41.2,Kentucky,27,synthetic
Q21-1948,2021-12-01,9178,138.0,Johns Island 138 kV,gen,solar,168.5,Virginia,14,synthetic
Q21-1949,2021-12-01,23033,100.0,Eufaula 100 kV,gen,solar,127.5,Illinois,34,synthetic
Q21-1950,2021-12-02,8106,138.0,Yeagertown 138 kV,battery,storage,92.9,Pennsylvania,11,synthetic
Q21-1951,2021-12-06,9432,138.0,Welco 138 kV,gen,solar,264.7,Virginia,14,synthetic
Q21-1952,2021-12-07,19167,100.0,Deshler 100 kV,gen,solar,131.5,Ohio,29,synthetic
Q21-1953,2021-12-08,8499,138.0,Redman 138 kV,gen,solar,79.9,Maryland,13,synthetic
Q21-1954,2021-12-08,6360,138.0,Cemex 138 kV,gen,solar,187.5,Pennsylvania,10,synthetic
Q21-1955,2021-12-10,7144,138.0,Wheelabrator Frackville Energy 138 kV,gen,solar,115.7,Pennsylvania,10,synthetic
Q21-1956,2021-12-11,9252,138.0,Sanborn 138 kV,gen,solar,141.1,Virginia,14,synthetic
Q21-1957,2021-12-11,11146,138.0,Person 138 kV,gen,solar,51.6,North Carolina,16,synthetic
Q21-1958,2021-12-12,7233,138.0,Thayer 138 kV,gen,solar,105.4,Pennsylvania,11,synthetic
Q21-1959,2021-12-13,9792,138.0,Freiheit 138 kV,gen,solar,278.4,Virginia,15,synthetic
Q21-1960,2021-12-15,22935,230.0,Bordertown 230 kV,battery,storage,56.6,Illinois,34,synthetic
Q21-1961,2021-12-16,21664,230.0,Palisades 230 kV,battery,storage,154.0,Michigan,32,synthetic
Q21-1962,2021-12-17,17850,345.0,Red Mesa 345 kV,gen,solar,47.0,Kentucky,27,synthetic
Q21-1963,2021-12-18,22811,100.0,Westpoint 100 kV,battery,storage,159.0,Illinois,34,synthetic
Q21-1964,2021-12-24,23512,230.0,Zion 230 kV,gen,wind,285.6,Illinois,34,synthetic
Q21-1965,2021-12-25,17420,138.0,Parks 138 kV,gen,solar,49.3,Kentucky,27,synthetic
Q21-1966,2021-12-27,9774,138.0,Danville Westover Plant 138 kV,gen,wind,150.2,Virginia,15,synthetic
Q21-1967,2021-12-27,19187,100.0,F B Culley 100 kV,gen,solar,122.6,Ohio,29,synthetic
Q21-1968,2021-12-28,7233,500.0,Thayer 500 kV,gen,solar,95.4,Pennsylvania,11,synthetic
Q21-1969,2021-12-28,10274,138.0,Philip Morris 138 kV,gen,solar,93.0,Virginia,15,synthetic
Q21-1970,2021-12-29,5709,138.0,Hallandale 138 kV,battery,storage,36.8,New Jersey,9,synthetic
Q22-1971,2022-01-01,8463,138.0,Berkeley F 138 kV,battery,storage,129.9,Maryland,13,synthetic
Q22-1972,2022-01-02,8564,138.0,Plainfield 138 kV,gen,gas,353.1,Maryland,13,synthetic
Q22-1973,2022-01-02,10214,138.0,Macho Springs 138 kV,load,load,255.5,Virginia,15,synthetic
Q22-1974,2022-01-02,7903,138.0,Switchback 138 kV,gen,wind,206.4,Pennsylvania,11,synthetic
Q22-1975,2022-01-05,9529,138.0,Chisholm 138 kV,gen,solar,112.7,Virginia,14,synthetic
Q22-1976,2022-01-06,7775,138.0,Trezevant 138 kV,load,load,102.8,Pennsylvania,11,synthetic
Q22-1977,2022-01-06,19557,500.0,Conesville Station 500 kV,gen,gas,435.1,Ohio,29,synthetic
Q22-1978,2022-01-07,23495,500.0,Rocky Road Power Llc 500 kV,gen,gas,1247.0,Illinois,34,synthetic
Q22-1979,2022-01-09,6959,138.0,Sheldon Springs Hydroelectric 138 kV,battery,storage,181.2,Pennsylvania,10,synthetic
Q22-1980,2022-01-10,9812,138.0,Marlboro 138 kV,gen,solar,90.5,Virginia,15,synthetic
Q22-1981,2022-01-11,9685,138.0,Chincoteague 138 kV,gen,solar,180.9,Virginia,15,synthetic
Q22-1982,2022-01-11,10095,138.0,Vesper 138 kV,battery,storage,44.4,Virginia,15,synthetic
Q22-1983,2022-01-12,7314,138.0,Indian Mesa 138 kV,battery,storage,106.3,Pennsylvania,11,synthetic
Q22-1984,2022-01-13,6423,138.0,Ohioville 138 kV,battery,storage,111.0,Pennsylvania,10,synthetic
Q22-1985,2022-01-15,18692,345.0,State Line Combined Cycle 345 kV,gen,hybrid,87.5,West Virginia,28,synthetic
Q22-1986,2022-01-16,9971,138.0,Trask 138 kV,battery,storage,54.2,Virginia,15,synthetic
Q22-1987,2022-01-17,18641,138.0,Dluzerne 138 kV,battery,storage,30.8,West Virginia,28,synthetic
Q22-1988,2022-01-18,22035,500.0,Mcmichen 500 kV,gen,solar,351.4,Indiana,33,synthetic
Q22-1989,2022-01-21,5500,138.0,Forward Energy Center 138 kV,gen,solar,99.7,New Jersey,9,synthetic
Q22-1990,2022-01-22,19762,100.0,Reeves 100 kV,battery,storage,104.8,Ohio,30,synthetic
Q22-1991,2022-01-22,17368,138.0,Burnsville 138 kV,battery,storage,34.6,Kentucky,27,synthetic
Q22-1992,2022-01-23,19423,100.0,Midlothian South 100 kV,gen,hybrid,191.2,Ohio,29,synthetic
Q22-1993,2022-01-25,6614,138.0,North Bloomfield 138 kV,gen,gas,136.6,Pennsylvania,10,synthetic
Q22-1994,2022-01-26,9607,138.0,North Delphos 138 kV,battery,storage,53.0,Virginia,14,synthetic
Q22-1995,2022-01-31,7653,138.0,Stewart 138 kV,gen,wind,224.6,Pennsylvania,11,synthetic
Q22-1996,2022-02-03,10274,138.0,Philip Morris 138 kV,gen,hybrid,238.6,Virginia,15,synthetic
Q22-1997,2022-02-04,22965,230.0,Lower Granite 230 kV,gen,hybrid,130.3,Illinois,34,synthetic
Q22-1998,2022-02-04,7233,138.0,Thayer 138 kV,battery,storage,54.4,Pennsylvania,11,synthetic
Q22-1999,2022-02-05,9639,138.0,Denver City 138 kV,battery,storage,115.7,Virginia,14,synthetic
Q22-2000,2022-02-06,22394,100.0,Winterset 100 kV,gen,solar,51.2,Indiana,33,synthetic
Q22-2001,2022-02-06,5583,138.0,Parlin Power Plant 138 kV,gen,solar,182.4,New Jersey,9,synthetic
Q22-2002,2022-02-06,18735,100.0,Ellensburg 100 kV,battery,storage,46.4,Ohio,29,synthetic
Q22-2003,2022-02-06,10217,138.0,Diamond Springs 138 kV,battery,storage,179.9,Virginia,15,synthetic
Q22-2004,2022-02-07,8605,138.0,Hillsboro 138 kV,gen,solar,87.5,Maryland,13,synthetic
Q22-2005,2022-02-08,17238,138.0,Phoenix 138 kV,gen,gas,230.2,Kentucky,27,synthetic
Q22-2006,2022-02-08,16956,138.0,Glaslow 138 kV,gen,solar,184.6,Kentucky,27,synthetic
Q22-2007,2022-02-09,19557,500.0,Conesville Station 500 kV,gen,gas,1500.0,Ohio,29,synthetic
Q22-2008,2022-02-16,23403,100.0,Brodie Lane 100 kV,gen,solar,128.4,Illinois,34,synthetic
Q22-2009,2022-02-17,9506,138.0,Checkpoint 138 kV,battery,storage,40.5,Virginia,14,synthetic
Q22-2010,2022-02-19,9988,138.0,Brick Church 138 kV,gen,solar,69.8,Virginia,15,synthetic
Q22-2011,2022-02-20,19780,230.0,Imperial 230 kV,load,load,670.5,Ohio,30,synthetic
Q22-2012,2022-02-21,9150,138.0,Houston 138 kV,gen,hybrid,87.5,Virginia,14,synthetic
Q22-2013,2022-02-23,18566,138.0,Mcgen 138 kV,gen,solar,170.9,West Virginia,28,synthetic
Q22-2014,2022-02-24,9851,138.0,Canadian Hills Wind 138 kV,gen,gas,41.0,Virginia,15,synthetic
Q22-2015,2022-02-28,9537,138.0,Bonsack 138 kV,load,load,100.9,Virginia,14,synthetic
Q22-2016,2022-03-01,19005,100.0,Millers Ferry 100 kV,load,load,95.6,Ohio,29,synthetic
Q22-2017,2022-03-01,22962,230.0,Poplar Bluff Generating Station 230 kV,load,load,344.1,Illinois,34,synthetic
Q22-2018,2022-03-02,5184,138.0,Norwell 138 kV,gen,solar,40.4,New Jersey,9,synthetic
Q22-2019,2022-03-03,7068,138.0,Casky 138 kV,gen,solar,108.0,Pennsylvania,10,synthetic
Q22-2020,2022-03-04,5838,138.0,Arizona 138 kV,battery,storage,163.5,New Jersey,9,synthetic
Q22-2021,2022-03-06,8130,138.0,Gm Alison 138 kV,battery,storage,40.7,Pennsylvania,11,synthetic
Q22-2022,2022-03-06,18432,138.0,Longview Power Plant 138 kV,gen,solar,113.6,West Virginia,28,synthetic
Q22-2023,2022-03-06,5610,138.0,Jack County 138 kV,gen,gas,176.1,New Jersey,9,synthetic
Q22-2024,2022-03-07,21198,100.0,Texas Cryptologic Center 100 kV,gen,hybrid,199.7,Michigan,32,synthetic
Q22-2025,2022-03-08,19554,100.0,Dresden 100 kV,battery,storage,135.1,Ohio,29,synthetic
Q22-2026,2022-03-11,2619,161.0,El Reno 161 kV,battery,storage,259.9,New York,7,synthetic
Q22-2027,2022-03-14,7189,138.0,Great Divide 138 kV,load,load,50.1,Pennsylvania,11,synthetic
Q22-2028,2022-03-14,9207,138.0,Bovine 138 kV,battery,storage,76.5,Virginia,14,synthetic
Q22-2029,2022-03-16,17710,138.0,Henpeck 138 kV,gen,solar,290.0,Kentucky,27,synthetic
Q22-2030,2022-03-17,21719,230.0,Caliente 230 kV,gen,solar,114.3,Michigan,32,synthetic
Q22-2031,2022-03-19,22962,230.0,Poplar Bluff Generating Station 230 kV,gen,solar,164.6,Illinois,34,synthetic
Q22-2032,2022-03-20,10098,138.0,Ruritan 138 kV,gen,solar,78.6,Virginia,15,synthetic
Q22-2033,2022-03-22,17961,345.0,Kettle Creek Primary 345 kV,battery,storage,134.2,West Virginia,28,synthetic
Q22-2034,2022-03-22,21997,100.0,Sibley No Two 100 kV,gen,solar,55.2,Indiana,33,synthetic
Q22-2035,2022-03-23,23495,230.0,Rocky Road Power Llc 230 kV,gen,solar,158.7,Illinois,34,synthetic
Q22-2036,2022-03-24,22035,230.0,Mcmichen 230 kV,gen,solar,319.6,Indiana,33,synthetic
Q22-2037,2022-03-24,6780,138.0,Elks 138 kV,gen,solar,60.6,Pennsylvania,10,synthetic
Q22-2038,2022-03-26,5815,138.0,Willow Glen 138 kV,gen,solar,193.8,New Jersey,9,synthetic
Q22-2039,2022-03-26,22035,230.0,Mcmichen 230 kV,gen,wind,260.9,Indiana,33,synthetic
Q22-2040,2022-03-29,17680,138.0,Randolph Road 138 kV,battery,storage,64.8,Kentucky,27,synthetic
Q22-2041,2022-03-30,9999,138.0,Elko 138 kV,gen,solar,151.9,Virginia,15,synthetic
Q22-2042,2022-03-31,19038,100.0,Mcintosh Combined Cycle Facility 100 kV,battery,storage,25.5,Ohio,29,synthetic
Q22-2043,2022-04-01,17002,138.0,Cortez 138 kV,gen,solar,165.3,Kentucky,27,synthetic
Q22-2044,2022-04-01,6702,138.0,Garibaldi 138 kV,battery,storage,106.6,Pennsylvania,10,synthetic
Q22-2045,2022-04-02,17894,138.0,Nipetown 138 kV,gen,solar,113.1,West Virginia,28,synthetic
Q22-2046,2022-04-03,18081,138.0,Coral Reef 138 kV,gen,wind,165.8,West Virginia,28,synthetic
Q22-2047,2022-04-04,9959,138.0,Newport News 138 kV,battery,storage,53.7,Virginia,15,synthetic
Q22-2048,2022-04-04,5329,138.0,Tipton 138 kV,gen,hybrid,162.4,New Jersey,9,synthetic
Q22-2049,2022-04-04,9399,345.0,Chaparral 345 kV,load,load,351.5,Virginia,14,synthetic
Q22-2050,2022-04-05,23452,230.0,Easy Road 230 kV,gen,solar,125.2,Illinois,34,synthetic
Q22-2051,2022-04-06,23495,500.0,Rocky Road Power Llc 500 kV,gen,gas,1500.0,Illinois,34,synthetic
Q22-2052,2022-04-06,16806,138.0,North Bristol 138 kV,gen,solar,187.6,Tennessee,26,synthetic
Q22-2053,2022-04-08,6882,138.0,Mint Farm 138 kV,battery,storage,144.2,Pennsylvania,10,synthetic
Q22-2054,2022-04-08,21759,500.0,Dekalb 500 kV,load,load,682.5,Indiana,33,synthetic
Q22-2055,2022-04-09,17094,138.0,Burnt Church 138 kV,gen,solar,132.9,Kentucky,27,synthetic
Q22-2056,2022-04-09,10224,138.0,Potter Station 2 138 kV,gen,solar,204.9,Virginia,15,synthetic
Q22-2057,2022-04-11,21381,100.0,Picu 100 kV,gen,solar,74.2,Michigan,32,synthetic
Q22-2058,2022-04-12,22965,230.0,Lower Granite 230 kV,battery,storage,94.1,Illinois,34,synthetic
Q22-2059,2022-04-13,10003,138.0,Camino 138 kV,battery,storage,50.3,Virginia,15,synthetic
Q22-2060,2022-04-14,9590,138.0,Hartford 138 kV,gen,gas,215.5,Virginia,14,synthetic
Q22-2061,2022-04-14,19648,230.0,Aes Columbia Power 230 kV,battery,storage,180.7,Ohio,30,synthetic
Q22-2062,2022-04-16,6997,138.0,Placer 138 kV,gen,solar,123.9,Pennsylvania,10,synthetic
Q22-2063,2022-04-18,21975,100.0,Noble 100 kV,gen,solar,111.0,Indiana,33,synthetic
Q22-2064,2022-04-18,6552,138.0,Sprinkle 138 kV,battery,storage,385.2,Pennsylvania,10,synthetic
Q22-2065,2022-04-20,23878,100.0,Fouke 100 kV,gen,hybrid,140.2,Illinois,35,synthetic
Q22-2066,2022-04-21,5728,138.0,Turkey Hill 138 kV,gen,wind,135.9,New Jersey,9,synthetic
Q22-2067,2022-04-21,23484,100.0,Southpoint 100 kV,gen,hybrid,175.2,Illinois,34,synthetic
Q22-2068,2022-04-24,19544,230.0,Waterford Power Llc 230 kV,load,load,219.4,Ohio,29,synthetic
Q22-2069,2022-04-25,7523,138.0,Ocean Ave 138 kV,battery,storage,273.4,Pennsylvania,11,synthetic
Q22-2070,2022-04-25,7122,138.0,Talenenergy Martins Creek Llc Harrisburg 138 kV,battery,storage,435.4,Pennsylvania,10,synthetic
Q22-2071,2022-04-27,6928,138.0,Municipal Light 138 kV,battery,storage,79.7,Pennsylvania,10,synthetic
Q22-2072,2022-04-29,5512,138.0,New Barnesville 138 kV,gen,wind,225.3,New Jersey,9,synthetic
Q22-2073,2022-04-30,23108,100.0,Argenta 100 kV,battery,storage,86.7,Illinois,34,synthetic
Q22-2074,2022-05-02,9371,138.0,Louisiana Avenue 138 kV,load,load,165.4,Virginia,14,synthetic
Q22-2075,2022-05-04,9633,345.0,Kean Mtn And Grassy Creek 345 kV,load,load,451.8,Virginia,14,synthetic
Q22-2076,2022-05-05,23252,100.0,Sawyer Ave 100 kV,gen,solar,113.1,Illinois,34,synthetic
Q22-2077,2022-05-08,20299,230.0,Hagan 230 kV,battery,storage,203.7,Ohio,30,synthetic
Q22-2078,2022-05-09,10038,138.0,Arcogen 138 kV,gen,solar,89.4,Virginia,15,synthetic
Q22-2079,2022-05-11,22035,230.0,Mcmichen 230 kV,battery,storage,81.5,Indiana,33,synthetic
Q22-2080,2022-05-11,10279,138.0,North Anna 138 kV,gen,solar,123.8,Virginia,15,synthetic
Q22-2081,2022-05-12,9793,138.0,Baraga Vlg 138 kV,gen,solar,120.3,Virginia,15,synthetic
Q22-2082,2022-05-12,17931,138.0,Hopkins 138 kV,gen,solar,169.5,West Virginia,28,synthetic
Q22-2083,2022-05-13,6744,138.0,Wolf Point 138 kV,battery,storage,177.3,Pennsylvania,10,synthetic
Q22-2084,2022-05-15,9398,138.0,Hanger 138 kV,battery,storage,169.4,Virginia,14,synthetic
Q22-2085,2022-05-16,18730,100.0,Plains 100 kV,gen,solar,71.3,Ohio,29,synthetic
Q22-2086,2022-05-20,8291,138.0,Armstrong 138 kV,gen,solar,109.3,Pennsylvania,11,synthetic
Q22-2087,2022-05-20,22965,230.0,Lower Granite 230 kV,gen,gas,314.5,Illinois,34,synthetic
Q22-2088,2022-05-22,5127,138.0,Alcoa Primary 138 kV,gen,gas,400.2,New Jersey,9,synthetic
Q22-2089,2022-05-23,23495,230.0,Rocky Road Power Llc 230 kV,gen,solar,112.0,Illinois,34,synthetic
Q22-2090,2022-05-23,7181,138.0,Coronet 138 kV,battery,storage,27.2,Pennsylvania,11,synthetic
Q22-2091,2022-05-23,8095,138.0,Razorback 138 kV,gen,gas,1023.0,Pennsylvania,11,synthetic
Q22-2092,2022-05-23,9327,138.0,Ardmore 138 kV,gen,solar,89.8,Virginia,14,synthetic
Q22-2093,2022-05-24,21380,100.0,Candelaria 100 kV,load,load,149.3,Michigan,32,synthetic
Q22-2094,2022-05-26,6048,138.0,Keahole 138 kV,battery,storage,172.1,Pennsylvania,10,synthetic
Q22-2095,2022-05-26,5835,138.0,Nunn 138 kV,gen,solar,260.8,New Jersey,9,synthetic
Q22-2096,2022-05-27,19605,100.0,Beloit Gateway 100 kV,battery,storage,110.4,Ohio,30,synthetic
Q22-2097,2022-05-29,9724,138.0,Nexen Tap 138 kV,battery,storage,74.0,Virginia,15,synthetic
Q22-2098,2022-05-31,22782,100.0,Friendsville 100 kV,gen,hybrid,235.4,Illinois,34,synthetic
Q22-2099,2022-05-31,22220,230.0,Eupora 230 kV,gen,solar,321.9,Indiana,33,synthetic
Q22-2100,2022-06-01,8300,138.0,Mckee Run 138 kV,gen,solar,355.7,Delaware,12,synthetic
Q22-2101,2022-06-01,6125,345.0,Acec Roslin 345 kV,load,load,907.0,Pennsylvania,10,synthetic
Q22-2102,2022-06-03,6250,138.0,Horse Flat 138 kV,gen,solar,107.1,Pennsylvania,10,synthetic
Q22-2103,2022-06-05,10100,138.0,Upalco 138 kV,gen,solar,235.6,Virginia,15,synthetic
Q22-2104,2022-06-08,9729,138.0,Colton 138 kV,gen,solar,159.4,Virginia,15,synthetic
Q22-2105,2022-06-10,7286,138.0,Ss3143 138 kV,battery,storage,118.5,Pennsylvania,11,synthetic
Q22-2106,2022-06-10,9740,138.0,National City 138 kV,gen,solar,46.1,Virginia,15,synthetic
Q22-2107,2022-06-11,9501,138.0,La Virgencita 9404 138 kV,gen,solar,298.8,Virginia,14,synthetic
Q22-2108,2022-06-11,20286,230.0,Marbo 230 kV,gen,solar,69.7,Ohio,30,synthetic
Q22-2109,2022-06-12,8341,138.0,Citisteel 138 kV,gen,solar,637.6,Delaware,12,synthetic
Q22-2110,2022-06-15,19998,100.0,Daniel Siding 100 kV,gen,solar,57.5,Ohio,30,synthetic
Q22-2111,2022-06-16,24642,230.0,Minonk Wind Farm 230 kV,load,load,115.0,Illinois,35,synthetic
Q22-2112,2022-06-17,6805,138.0,Belfast 138 kV,battery,storage,109.0,Pennsylvania,10,synthetic
Q22-2113,2022-06-18,17785,138.0,Lampson 138 kV,load,load,219.8,Kentucky,27,synthetic
Q22-2114,2022-06-19,9633,138.0,Kean Mtn And Grassy Creek 138 kV,load,load,171.0,Virginia,14,synthetic
Q22-2115,2022-06-20,21796,230.0,Robison Park 230 kV,battery,storage,226.8,Indiana,33,synthetic
Q22-2116,2022-06-21,23491,230.0,Fisk Street 230 kV,load,load,196.2,Illinois,34,synthetic
Q22-2117,2022-06-22,19914,100.0,Martinsville East 100 kV,battery,storage,78.9,Ohio,30,synthetic
Q22-2118,2022-06-24,17910,345.0,Kearneyville 345 kV,gen,gas,195.1,West Virginia,28,synthetic
Q22-2119,2022-06-25,5372,138.0,Laurel Ave 138 kV,gen,solar,240.9,New Jersey,9,synthetic
Q22-2120,2022-06-30,10227,138.0,Oakwood 138 kV,gen,solar,475.0,Virginia,15,synthetic
Q22-2121,2022-06-30,6320,138.0,North Bonneville 138 kV,load,load,820.9,Pennsylvania,10,synthetic
Q22-2122,2022-07-01,19557,230.0,Conesville Station 230 kV,gen,solar,120.8,Ohio,29,synthetic
Q22-2123,2022-07-02,21719,230.0,Caliente 230 kV,battery,storage,120.3,Michigan,32,synthetic
Q22-2124,2022-07-06,9633,138.0,Kean Mtn And Grassy Creek 138 kV,gen,solar,140.7,Virginia,14,synthetic
Q22-2125,2022-07-06,6475,138.0,Ge Alachua 138 kV,load,load,166.5,Pennsylvania,10,synthetic
Q22-2126,2022-07-07,17361,138.0,Ponca City 138 kV,battery,storage,101.6,Kentucky,27,synthetic
Q22-2127,2022-07-10,10095,138.0,Vesper 138 kV,battery,storage,49.7,Virginia,15,synthetic
Q22-2128,2022-07-12,9633,138.0,Kean Mtn And Grassy Creek 138 kV,gen,solar,20.3,Virginia,14,synthetic
Q22-2129,2022-07-12,22586,100.0,South Bend 100 kV,battery,storage,122.0,Indiana,33,synthetic
Q22-2130,2022-07-13,23512,230.0,Zion 230 kV,gen,hybrid,194.0,Illinois,34,synthetic
Q22-2131,2022-07-13,23349,100.0,Applied Materials 100 kV,load,load,194.9,Illinois,34,synthetic
Q22-2132,2022-07-14,17711,138.0,Cwec Scandinavia 138 kV,battery,storage,32.4,Kentucky,27,synthetic
Q22-2133,2022-07-15,7286,138.0,Ss3143 138 kV,gen,solar,113.0,Pennsylvania,11,synthetic
Q22-2134,2022-07-16,8345,138.0,Silverbrook 138 kV,gen,solar,180.6,Delaware,12,synthetic
Q22-2135,2022-07-16,11146,138.0,Person 138 kV,battery,storage,109.2,North Carolina,16,synthetic
Q22-2136,2022-07-20,6410,138.0,Hathaway 138 kV,load,load,131.7,Pennsylvania,10,synthetic
Q22-2137,2022-07-20,23072,100.0,Golf Mill 100 kV,battery,storage,65.8,Illinois,34,synthetic
Q22-2138,2022-07-21,8735,138.0,Tyson 138 kV,gen,solar,393.1,Maryland,13,synthetic
Q22-2139,2022-07-21,11130,345.0,Roanoke Rapids 345 kV,gen,hybrid,284.9,North Carolina,16,synthetic
Q22-2140,2022-07-21,9677,138.0,Port Costa Brick Tap 138 kV,load,load,182.7,Virginia,15,synthetic
Q22-2141,2022-07-22,9633,345.0,Kean Mtn And Grassy Creek 345 kV,gen,gas,726.2,Virginia,14,synthetic
Q22-2142,2022-07-24,5756,138.0,Manitous 138 kV,gen,wind,120.6,New Jersey,9,synthetic
Q22-2143,2022-07-26,16969,138.0,Huntersville Delivery No 2 138 kV,gen,hybrid,133.4,Kentucky,27,synthetic
Q22-2144,2022-07-28,9625,345.0,North Dublin 345 kV,gen,solar,102.6,Virginia,14,synthetic
Q22-2145,2022-07-29,7328,138.0,Statesville Highway 64 138 kV,battery,storage,83.4,Pennsylvania,11,synthetic
Q22-2146,2022-07-29,21664,230.0,Palisades 230 kV,gen,solar,62.0,Michigan,32,synthetic
Q22-2147,2022-08-05,8499,138.0,Redman 138 kV,gen,hybrid,110.4,Maryland,13,synthetic
Q22-2148,2022-08-05,23141,100.0,Fort Gage 100 kV,gen,solar,70.9,Illinois,34,synthetic
Q22-2149,2022-08-05,9633,345.0,Kean Mtn And Grassy Creek 345 kV,gen,gas,1226.3,Virginia,14,synthetic
Q22-2150,2022-08-06,23185,100.0,Frontenac 100 kV,gen,wind,215.1,Illinois,34,synthetic
Q22-2151,2022-08-10,9627,138.0,Weston 138 kV,gen,hybrid,94.6,Virginia,14,synthetic
Q22-2152,2022-08-11,19449,100.0,Glendale South Tap 3 100 kV,gen,solar,40.8,Ohio,29,synthetic
Q22-2153,2022-08-11,7123,500.0,Foster Wheeler Mt Carmel Cogen 500 kV,gen,hybrid,295.4,Pennsylvania,10,synthetic
Q22-2154,2022-08-12,9537,138.0,Bonsack 138 kV,gen,solar,55.4,Virginia,14,synthetic
Q22-2155,2022-08-14,9755,138.0,Cordova Park 138 kV,gen,hybrid,168.1,Virginia,15,synthetic
Q22-2156,2022-08-14,10038,138.0,Arcogen 138 kV,battery,storage,141.2,Virginia,15,synthetic
Q22-2157,2022-08-14,18801,230.0,Wellington 1 230 kV,battery,storage,24.2,Ohio,29,synthetic
Q22-2158,2022-08-16,7727,138.0,Lemon Cove 138 kV,load,load,20.1,Pennsylvania,11,synthetic
Q22-2159,2022-08-16,8499,138.0,Redman 138 kV,battery,storage,46.9,Maryland,13,synthetic
Q22-2160,2022-08-22,23512,230.0,Zion 230 kV,gen,solar,179.8,Illinois,34,synthetic
Q22-2161,2022-08-22,5970,345.0,St. Clair 345 kV,battery,storage,167.1,New Jersey,9,synthetic
Q22-2162,2022-08-23,7328,138.0,Statesville Highway 64 138 kV,gen,solar,70.6,Pennsylvania,11,synthetic
Q22-2163,2022-08-23,10929,69.0,Weyerhaeuser Pine Hill Operations 69 kV,gen,solar,84.9,North Carolina,16,synthetic
Q22-2164,2022-08-25,9633,138.0,Kean Mtn And Grassy Creek 138 kV,gen,solar,335.6,Virginia,14,synthetic
Q22-2165,2022-08-26,18442,138.0,Svp 138 kV,gen,solar,89.2,West Virginia,28,synthetic
Q22-2166,2022-08-26,8655,138.0,Blueridge 138 kV,gen,solar,131.3,Maryland,13,synthetic
Q22-2167,2022-08-28,22035,230.0,Mcmichen 230 kV,battery,storage,47.7,Indiana,33,synthetic
Q22-2168,2022-08-29,10098,138.0,Ruritan 138 kV,gen,solar,154.5,Virginia,15,synthetic
Q22-2169,2022-08-31,10245,138.0,Rosiere 138 kV,battery,storage,57.8,Virginia,15,synthetic
Q22-2170,2022-08-31,8629,345.0,Athens 345 kV,battery,storage,291.9,Maryland,13,synthetic
Q22-2171,2022-09-01,10272,138.0,Prince William Dp 138 kV,battery,storage,182.3,Virginia,15,synthetic
Q22-2172,2022-09-02,22035,500.0,Mcmichen 500 kV,battery,storage,178.4,Indiana,33,synthetic
Q22-2173,2022-09-02,17402,138.0,Hanging Rock Energy Facility 138 kV,gen,solar,136.9,Kentucky,27,synthetic
Q22-2174,2022-09-06,10139,138.0,Gainesville 138 kV,battery,storage,149.0,Virginia,15,synthetic
Q22-2175,2022-09-07,6840,138.0,Nashville 138 kV,gen,gas,240.2,Pennsylvania,10,synthetic
Q22-2176,2022-09-07,7285,138.0,Big River 138 kV,gen,solar,245.1,Pennsylvania,11,synthetic
Q22-2177,2022-09-08,8895,138.0,Havana 138 kV,battery,storage,207.9,Maryland,13,synthetic
Q22-2178,2022-09-09,22035,230.0,Mcmichen 230 kV,gen,solar,54.1,Indiana,33,synthetic
Q22-2179,2022-09-09,7056,138.0,La Muda 1343 138 kV,gen,gas,720.8,Pennsylvania,10,synthetic
Q22-2180,2022-09-09,7774,138.0,Albertville 138 kV,gen,solar,55.5,Pennsylvania,11,synthetic
Q22-2181,2022-09-09,23196,100.0,Billeaud 100 kV,gen,solar,131.1,Illinois,34,synthetic
Q22-2182,2022-09-10,22493,230.0,Buckeye 230 kV,gen,wind,215.3,Indiana,33,synthetic
Q22-2183,2022-09-11,6119,138.0,Oro Grande 138 kV,battery,storage,122.5,Pennsylvania,10,synthetic
Q22-2184,2022-09-18,9179,138.0,Nm Potash 1 138 kV,gen,solar,82.0,Virginia,14,synthetic
Q22-2185,2022-09-22,21840,100.0,Carnation Dairy 100 kV,gen,solar,190.5,Indiana,33,synthetic
Q22-2186,2022-09-23,19190,100.0,Westcoast Cellufibre 100 kV,battery,storage,131.3,Ohio,29,synthetic
Q22-2187,2022-09-23,6788,138.0,Blue Water 138 kV,gen,solar,84.7,Pennsylvania,10,synthetic
Q22-2188,2022-09-25,8612,138.0,Vineyard Tap 138 kV,gen,solar,97.3,Maryland,13,synthetic
Q22-2189,2022-09-25,18710,100.0,Huston 100 kV,gen,hybrid,183.8,Ohio,29,synthetic
Q22-2190,2022-09-26,9850,138.0,Viriginia Hills 138 kV,gen,solar,163.4,Virginia,15,synthetic
Q22-2191,2022-09-27,21764,100.0,Rose Hill 100 kV,gen,hybrid,78.9,Indiana,33,synthetic
Q22-2192,2022-09-29,7709,138.0,Stegall 138 kV,gen,solar,117.2,Pennsylvania,11,synthetic
Q22-2193,2022-09-30,7202,138.0,Quinn 138 kV,gen,solar,188.3,Pennsylvania,11,synthetic
Q22-2194,2022-10-01,9633,345.0,Kean Mtn And Grassy Creek 345 kV,gen,wind,229.5,Virginia,14,synthetic
Q22-2195,2022-10-02,5702,138.0,Slater 138 kV,battery,storage,205.1,New Jersey,9,synthetic
Q22-2196,2022-10-02,7681,138.0,Piney 138 kV,gen,solar,81.4,Pennsylvania,11,synthetic
Q22-2197,2022-10-03,22018,100.0,Yahuecas 8203 100 kV,gen,solar,126.1,Indiana,33,synthetic
Q22-2198,2022-10-04,9810,138.0,Mountain Lake 138 kV,gen,solar,136.5,Virginia,15,synthetic
Q22-2199,2022-10-05,7169,138.0,Ironwood Llc 138 kV,gen,solar,88.0,Pennsylvania,10,synthetic
Q22-2200,2022-10-05,19885,100.0,Midset 100 kV,load,load,79.4,Ohio,30,synthetic
Q22-2201,2022-10-05,18386,138.0,Minnix Mountain 138 kV,load,load,89.9,West Virginia,28,synthetic
Q22-2202,2022-10-07,17761,138.0,Boscobel Muni 138 kV,gen,solar,104.2,Kentucky,27,synthetic
Q22-2203,2022-10-10,22886,100.0,Flax Hill 100 kV,gen,solar,229.9,Illinois,34,synthetic
Q22-2204,2022-10-10,9336,138.0,Skungamaug 138 kV,load,load,359.4,Virginia,14,synthetic
Q22-2205,2022-10-11,10029,138.0,New Road 138 kV,load,load,97.3,Virginia,15,synthetic
Q22-2206,2022-10-11,23146,100.0,Chensource 100 kV,battery,storage,57.6,Illinois,34,synthetic
Q22-2207,2022-10-11,8417,138.0,Westhaven 138 kV,load,load,80.1,Maryland,13,synthetic
Q22-2208,2022-10-12,18483,138.0,Pleasants Energy Llc 138 kV,gen,solar,204.4,West Virginia,28,synthetic
Q22-2209,2022-10-20,17423,138.0,Raco 138 kV,gen,solar,206.7,Kentucky,27,synthetic
Q22-2210,2022-10-21,8170,138.0,Toone 138 kV,load,load,100.4,Pennsylvania,11,synthetic
Q22-2211,2022-10-22,22024,230.0,Mt. Harris 230 kV,gen,solar,137.3,Indiana,33,synthetic
Q22-2212,2022-10-23,22024,230.0,Mt. Harris 230 kV,gen,wind,121.8,Indiana,33,synthetic
Q22-2213,2022-10-23,22395,100.0,Makahoy 100 kV,gen,wind,162.5,Indiana,33,synthetic
Q22-2214,2022-10-23,23227,230.0,Mason Creek 230 kV,battery,storage,182.9,Illinois,34,synthetic
Q22-2215,2022-10-26,20242,100.0,Bruce Crossing 100 kV,battery,storage,28.6,Ohio,30,synthetic
Q22-2216,2022-10-26,22493,230.0,Buckeye 230 kV,gen,solar,141.7,Indiana,33,synthetic
Q22-2217,2022-10-27,5579,138.0,Double Bridges 138 kV,battery,storage,60.0,New Jersey,9,synthetic
Q22-2218,2022-10-27,9308,138.0,Santa Fe Station Pnm 138 kV,gen,solar,90.1,Virginia,14,synthetic
Q22-2219,2022-10-28,18242,138.0,Westex 138 kV,load,load,181.5,West Virginia,28,synthetic
Q22-2220,2022-10-28,5372,138.0,Laurel Ave 138 kV,battery,storage,19.6,New Jersey,9,synthetic
Q22-2221,2022-10-30,22225,100.0,West Hill 100 kV,battery,storage,140.4,Indiana,33,synthetic
Q22-2222,2022-10-30,9870,138.0,Honeygo 138 kV,gen,solar,55.8,Virginia,15,synthetic
Q22-2223,2022-11-01,9633,138.0,Kean Mtn And Grassy Creek 138 kV,battery,storage,115.2,Virginia,14,synthetic
Q22-2224,2022-11-02,18558,138.0,Glenshire 138 kV,battery,storage,43.1,West Virginia,28,synthetic
Q22-2225,2022-11-03,6925,138.0,El Porta 138 kV,load,load,121.7,Pennsylvania,10,synthetic
Q22-2226,2022-11-05,10279,138.0,North Anna 138 kV,battery,storage,78.0,Virginia,15,synthetic
Q22-2227,2022-11-07,9633,138.0,Kean Mtn And Grassy Creek 138 kV,gen,solar,57.2,Virginia,14,synthetic
Q22-2228,2022-11-07,22742,100.0,Wabash 100 kV,gen,hybrid,164.9,Indiana,33,synthetic
Q22-2229,2022-11-09,7184,138.0,Bauer 138 kV,battery,storage,219.3,Pennsylvania,11,synthetic
Q22-2230,2022-11-09,9363,138.0,Balch 138 kV,gen,solar,177.9,Virginia,14,synthetic
Q22-2231,2022-11-11,5177,138.0,Campo Fresco 1 138 kV,gen,hybrid,131.5,New Jersey,9,synthetic
Q22-2232,2022-11-12,7137,345.0,Kline Township Cogen Facility 345 kV,gen,hybrid,94.2,Pennsylvania,10,synthetic
Q22-2233,2022-11-13,17678,138.0,Cedar Mountain 138 kV,battery,storage,71.1,Kentucky,27,synthetic
Q22-2234,2022-11-14,17570,138.0,West Paintsville 138 kV,gen,solar,64.9,Kentucky,27,synthetic
Q22-2235,2022-11-16,23508,500.0,Dresden Generating Station 500 kV,gen,gas,687.2,Illinois,34,synthetic
Q22-2236,2022-11-16,9499,138.0,Edgemont 138 kV,load,load,202.6,Virginia,14,synthetic
Q22-2237,2022-11-18,7553,138.0,Butler 138 kV,battery,storage,191.4,Pennsylvania,11,synthetic
Q22-2238,2022-11-20,5173,138.0,Buffalo 138 kV,gen,solar,263.3,New Jersey,9,synthetic
Q22-2239,2022-11-21,19247,100.0,Ehrlich Road 100 kV,gen,hybrid,217.1,Ohio,29,synthetic
Q22-2240,2022-11-21,5775,138.0,Prairie 138 kV,battery,storage,79.9,New Jersey,9,synthetic
Q22-2241,2022-11-21,18622,345.0,Glennville 345 kV,gen,gas,737.9,West Virginia,28,synthetic
Q22-2242,2022-11-23,6452,138.0,Mortan 138 kV,gen,solar,72.8,Pennsylvania,10,synthetic
Q22-2243,2022-11-24,22018,100.0,Yahuecas 8203 100 kV,gen,solar,140.8,Indiana,33,synthetic
Q22-2244,2022-11-25,19241,230.0,Airport Lane 230 kV,gen,gas,379.6,Ohio,29,synthetic
Q22-2245,2022-11-29,9336,138.0,Skungamaug 138 kV,gen,hybrid,400.9,Virginia,14,synthetic
Q22-2246,2022-11-29,9336,138.0,Skungamaug 138 kV,load,load,114.4,Virginia,14,synthetic
Q22-2247,2022-11-30,10224,138.0,Potter Station 2 138 kV,battery,storage,78.7,Virginia,15,synthetic
Q22-2248,2022-12-03,8222,345.0,Luxor 345 kV,load,load,593.3,Pennsylvania,11,synthetic
Q22-2249,2022-12-03,8740,138.0,Frederick 138 kV,gen,solar,70.3,Maryland,13,synthetic
Q22-2250,2022-12-04,16971,138.0,Kern River 3 138 kV,gen,gas,95.8,Kentucky,27,synthetic
Q22-2251,2022-12-08,22493,230.0,Buckeye 230 kV,battery,storage,199.1,Indiana,33,synthetic
Q22-2252,2022-12-12,8612,345.0,Vineyard Tap 345 kV,load,load,138.1,Maryland,13,synthetic
Q22-2253,2022-12-12,22493,230.0,Buckeye 230 kV,gen,solar,105.1,Indiana,33,synthetic
Q22-2254,2022-12-12,9946,138.0,Short Pump 138 kV,battery,storage,237.6,Virginia,15,synthetic
Q22-2255,2022-12-14,18696,138.0,Mountaineer Wind Energy Center 138 kV,gen,solar,141.7,West Virginia,28,synthetic
Q22-2256,2022-12-15,22035,500.0,Mcmichen 500 kV,gen,solar,227.6,Indiana,33,synthetic
Q22-2257,2022-12-16,17711,138.0,Cwec Scandinavia 138 kV,battery,storage,162.1,Kentucky,27,synthetic
Q22-2258,2022-12-16,22965,100.0,Lower Granite 100 kV,gen,solar,57.7,Illinois,34,synthetic
Q22-2259,2022-12-16,10038,138.0,Arcogen 138 kV,load,load,87.3,Virginia,15,synthetic
Q22-2260,2022-12-18,19920,230.0,Stent Tap 230 kV,gen,wind,162.3,Ohio,30,synthetic
Q22-2261,2022-12-19,9619,138.0,Burtt Road 138 kV,gen,solar,194.9,Virginia,14,synthetic
Q22-2262,2022-12-20,9633,345.0,Kean Mtn And Grassy Creek 345 kV,gen,hybrid,209.7,Virginia,14,synthetic
Q22-2263,2022-12-24,17024,138.0,Ryder 138 kV,gen,solar,260.1,Kentucky,27,synthetic
Q22-2264,2022-12-24,22018,100.0,Yahuecas 8203 100 kV,gen,solar,153.5,Indiana,33,synthetic
Q22-2265,2022-12-26,7749,138.0,Cochrane Dam 138 kV,gen,gas,257.1,Pennsylvania,11,synthetic
Q22-2266,2022-12-26,21988,100.0,Labarre 100 kV,gen,gas,177.3,Indiana,33,synthetic
Q22-2267,2022-12-28,22965,100.0,Lower Granite 100 kV,gen,solar,65.8,Illinois,34,synthetic
Q22-2268,2022-12-28,8028,138.0,Los Coches 138 kV,gen,solar,141.3,Pennsylvania,11,synthetic
Q22-2269,2022-12-29,10227,138.0,Oakwood 138 kV,load,load,37.3,Virginia,15,synthetic
Q22-2270,2022-12-29,19187,100.0,F B Culley 100 kV,gen,wind,266.7,Ohio,29,synthetic
Q23-2271,2023-01-06,5549,138.0,Stephensburg 138 kV,load,load,89.3,New Jersey,9,synthetic
Q23-2272,2023-01-07,22035,230.0,Mcmichen 230 kV,gen,gas,232.8,Indiana,33,synthetic
Q23-2273,2023-01-08,7979,138.0,Kingsley 138 kV,battery,storage,118.7,Pennsylvania,11,synthetic
Q23-2274,2023-01-11,10259,138.0,Four Rivers 138 kV,gen,solar,238.7,Virginia,15,synthetic
Q23-2275,2023-01-13,7523,138.0,Ocean Ave 138 kV,battery,storage,105.3,Pennsylvania,11,synthetic
Q23-2276,2023-01-13,5316,138.0,Clay City 138 kV,battery,storage,47.3,New Jersey,9,synthetic
Q23-2277,2023-01-14,21975,100.0,Noble 100 kV,gen,solar,99.5,Indiana,33,synthetic
Q23-2278,2023-01-18,7553,138.0,Butler 138 kV,gen,solar,91.7,Pennsylvania,11,synthetic
Q23-2279,2023-01-23,22035,230.0,Mcmichen 230 kV,gen,solar,345.4,Indiana,33,synthetic
Q23-2280,2023-01-24,5486,138.0,Gilmore 138 kV,gen,solar,59.1,New Jersey,9,synthetic
Q23-2281,2023-01-27,19648,230.0,Aes Columbia Power 230 kV,gen,gas,786.1,Ohio,30,synthetic
Q23-2282,2023-02-05,5866,138.0,Traynor 138 kV,gen,gas,683.1,New Jersey,9,synthetic
Q23-2283,2023-02-07,7203,138.0,Argo 138 kV,gen,solar,130.1,Pennsylvania,11,synthetic
Q23-2284,2023-02-09,6372,138.0,Mexico 138 kV,gen,solar,100.2,Pennsylvania,10,synthetic
Q23-2285,2023-02-12,18699,345.0,Hassayampa Tap 345 kV,gen,hybrid,155.3,West Virginia,28,synthetic
Q23-2286,2023-02-15,17713,345.0,Saltery Bay 345 kV,load,load,86.0,Kentucky,27,synthetic
Q23-2287,2023-02-16,22965,230.0,Lower Granite 230 kV,gen,gas,1475.2,Illinois,34,synthetic
Q23-2288,2023-02-18,19684,100.0,Grand Prairie 100 kV,load,load,127.0,Ohio,30,synthetic
Q23-2289,2023-02-20,6280,138.0,Cromby 138 kV,gen,gas,623.7,Pennsylvania,10,synthetic
Q23-2290,2023-03-03,19760,230.0,Kelly 230 kV,battery,storage,358.2,Ohio,30,synthetic
Q23-2291,2023-03-05,8863,138.0,Borrego 138 kV,battery,storage,87.9,Maryland,13,synthetic
Q23-2292,2023-03-06,9385,138.0,Mcminnville 138 kV,gen,solar,114.9,Virginia,14,synthetic
Q23-2293,2023-03-15,10038,138.0,Arcogen 138 kV,battery,storage,106.2,Virginia,15,synthetic
Q23-2294,2023-03-21,7388,138.0,La Pointe 138 kV,gen,wind,291.5,Pennsylvania,11,synthetic
Q23-2295,2023-03-22,9633,138.0,Kean Mtn And Grassy Creek 138 kV,gen,solar,146.2,Virginia,14,synthetic
Q23-2296,2023-03-25,22035,230.0,Mcmichen 230 kV,battery,storage,500.0,Indiana,33,synthetic
Q23-2297,2023-03-27,9633,345.0,Kean Mtn And Grassy Creek 345 kV,gen,gas,807.1,Virginia,14,synthetic
Q23-2298,2023-04-04,9542,138.0,Roanoke 138 kV,battery,storage,30.5,Virginia,14,synthetic
Q23-2299,2023-04-07,11130,138.0,Roanoke Rapids 138 kV,gen,solar,228.9,North Carolina,16,synthetic
Q23-2300,2023-04-13,22035,230.0,Mcmichen 230 kV,battery,storage,55.8,Indiana,33,synthetic
Q23-2301,2023-04-13,9290,138.0,Hypoluxo 138 kV,load,load,452.7,Virginia,14,synthetic
Q23-2302,2023-04-15,22765,230.0,Mount Holly 230 kV,load,load,52.7,Indiana,33,synthetic
Q23-2303,2023-04-16,5925,500.0,Glen Gardner 500 kV,gen,solar,259.9,New Jersey,9,synthetic
Q23-2304,2023-04-16,6915,138.0,Bullmoose 138 kV,gen,solar,137.8,Pennsylvania,10,synthetic
Q23-2305,2023-04-16,17238,138.0,Phoenix 138 kV,gen,gas,1500.0,Kentucky,27,synthetic
Q23-2306,2023-04-17,9633,138.0,Kean Mtn And Grassy Creek 138 kV,gen,hybrid,197.1,Virginia,14,synthetic
Q23-2307,2023-04-21,9633,345.0,Kean Mtn And Grassy Creek 345 kV,gen,solar,305.7,Virginia,14,synthetic
Q23-2308,2023-04-23,7273,345.0,Kettner 345 kV,battery,storage,241.3,Pennsylvania,11,synthetic
Q23-2309,2023-04-24,10024,138.0,Morrison 138 kV,gen,hybrid,87.2,Virginia,15,synthetic
Q23-2310,2023-05-05,18730,100.0,Plains 100 kV,gen,solar,146.0,Ohio,29,synthetic
Q23-2311,2023-05-07,20056,230.0,North Medina 230 kV,load,load,91.7,Ohio,30,synthetic
Q23-2312,2023-05-12,5584,138.0,Sayreville 138 kV,battery,storage,38.7,New Jersey,9,synthetic
Q23-2313,2023-05-22,5393,138.0,Mt Hope 138 kV,gen,solar,75.6,New Jersey,9,synthetic
Q23-2314,2023-05-25,17757,138.0,Cowan 138 kV,gen,solar,74.2,Kentucky,27,synthetic
Q23-2315,2023-05-26,20199,230.0,Ruskin 230 kV,gen,wind,213.3,Ohio,30,synthetic
Q23-2316,2023-06-08,9633,138.0,Kean Mtn And Grassy Creek 138 kV,gen,solar,73.0,Virginia,14,synthetic
Q23-2317,2023-06-10,6842,138.0,Woodbourne 138 kV,gen,solar,99.5,Pennsylvania,10,synthetic
Q23-2318,2023-06-11,18118,138.0,State Pen 138 kV,gen,solar,664.6,West Virginia,28,synthetic
Q23-2319,2023-06-13,22033,100.0,W. El Camino-15 100 kV,gen,solar,74.7,Indiana,33,synthetic
Q23-2320,2023-06-14,9633,345.0,Kean Mtn And Grassy Creek 345 kV,gen,hybrid,85.7,Virginia,14,synthetic
Q23-2321,2023-06-21,8245,345.0,Seward 345 kV,gen,solar,176.9,Pennsylvania,11,synthetic
Q23-2322,2023-06-23,17208,345.0,Formosa Plastics 345 kV,load,load,304.2,Kentucky,27,synthetic
Q23-2323,2023-06-23,22849,230.0,Moreno Tap 230 kV,gen,solar,700.0,Illinois,34,synthetic
Q23-2324,2023-06-26,17841,230.0,West Ravenna 230 kV,battery,storage,99.6,Kentucky,27,synthetic
Q23-2325,2023-06-29,5637,138.0,Louetta 138 kV,gen,solar,100.8,New Jersey,9,synthetic
Q23-2326,2023-07-24,21963,100.0,Northstar 100 kV,gen,hybrid,191.4,Indiana,33,synthetic
Q23-2327,2023-07-25,9633,138.0,Kean Mtn And Grassy Creek 138 kV,load,load,111.1,Virginia,14,synthetic
Q23-2328,2023-07-25,9661,138.0,Skimmer 138 kV,gen,solar,136.8,Virginia,14,synthetic
Q23-2329,2023-08-03,9336,138.0,Skungamaug 138 kV,gen,gas,273.2,Virginia,14,synthetic
Q23-2330,2023-08-03,8754,138.0,Twin Bridges 138 kV,gen,hybrid,101.1,Maryland,13,synthetic
Q23-2331,2023-08-12,7349,138.0,Lawndale 138 kV,gen,solar,199.9,Pennsylvania,11,synthetic
Q23-2332,2023-08-15,9764,138.0,Kansas 138 kV,gen,solar,183.1,Virginia,15,synthetic
Q23-2333,2023-08-23,19628,100.0,Todd 100 kV,battery,storage,106.6,Ohio,30,synthetic
Q23-2334,2023-08-28,18934,100.0,West Milersburg 100 kV,load,load,131.5,Ohio,29,synthetic
Q23-2335,2023-08-28,9420,138.0,Coopers Corner 138 kV,gen,solar,15.1,Virginia,14,synthetic
Q23-2336,2023-09-04,8326,138.0,Cottonwood 138 kV,gen,gas,192.0,Delaware,12,synthetic
Q23-2337,2023-09-04,18954,100.0,Indeck Corinth Energy Center 100 kV,load,load,28.6,Ohio,29,synthetic
Q23-2338,2023-09-09,23232,230.0,St Johnsbury 230 kV,gen,solar,198.8,Illinois,34,synthetic
Q23-2339,2023-09-10,6117,138.0,Harvey Couch 138 kV,gen,hybrid,137.6,Pennsylvania,10,synthetic
Q23-2340,2023-09-10,17907,138.0,Monroe Ne 138 kV,gen,solar,156.3,West Virginia,28,synthetic
Q23-2341,2023-09-15,9564,138.0,San Xavier 138 kV,load,load,272.7,Virginia,14,synthetic
Q23-2342,2023-09-19,19154,230.0,Sierra Pacific Industries Bfp 230 kV,gen,solar,179.3,Ohio,29,synthetic
Q23-2343,2023-09-19,24035,500.0,Washington Park Ds 500 kV,battery,storage,430.1,Illinois,35,synthetic
Q23-2344,2023-09-25,5704,345.0,Roy 345 kV,battery,storage,228.6,New Jersey,9,synthetic
Q23-2345,2023-10-04,10264,345.0,Bear Island 345 kV,gen,gas,1500.0,Virginia,15,synthetic
Q23-2346,2023-10-12,20028,100.0,Niles Power Plant 100 kV,battery,storage,57.1,Ohio,30,synthetic
Q23-2347,2023-10-13,22958,100.0,Tower Automotive 100 kV,gen,hybrid,297.2,Illinois,34,synthetic
Q23-2348,2023-10-14,23010,100.0,Lake Asbury 100 kV,gen,wind,205.9,Illinois,34,synthetic
Q23-2349,2023-10-15,23071,100.0,Wauchula 100 kV,gen,solar,62.6,Illinois,34,synthetic
Q23-2350,2023-10-29,21664,500.0,Palisades 500 kV,gen,gas,596.9,Michigan,32,synthetic
Q23-2351,2023-10-31,9633,138.0,Kean Mtn And Grassy Creek 138 kV,battery,storage,37.2,Virginia,14,synthetic
Q23-2352,2023-10-31,10696,138.0,Ghost Ranch 138 kV,gen,hybrid,403.6,North Carolina,16,synthetic
Q23-2353,2023-11-01,9684,138.0,Perdue Diesel Generation Facility 138 kV,gen,hybrid,141.8,Virginia,15,synthetic
Q23-2354,2023-11-09,6996,138.0,Little Goose 138 kV,gen,solar,325.4,Pennsylvania,10,synthetic
Q23-2355,2023-11-16,9336,138.0,Skungamaug 138 kV,gen,solar,82.6,Virginia,14,synthetic
Q23-2356,2023-11-19,19337,100.0,Martin Luther King 100 kV,load,load,43.6,Ohio,29,synthetic
Q23-2357,2023-11-20,22037,100.0,Adams St 100 kV,gen,hybrid,218.9,Indiana,33,synthetic
Q23-2358,2023-11-26,9229,138.0,Nelson Dewey Sw Yd 138 kV,gen,hybrid,227.2,Virginia,14,synthetic
Q23-2359,2023-11-26,9831,138.0,Ormond 138 kV,battery,storage,82.5,Virginia,15,synthetic
Q23-2360,2023-12-10,7838,138.0,Crmwa4 138 kV,battery,storage,128.5,Pennsylvania,11,synthetic
Q23-2361,2023-12-11,17702,138.0,Warnerville 138 kV,gen,solar,79.2,Kentucky,27,synthetic
Q23-2362,2023-12-13,9527,138.0,West Loop 138 kV,gen,solar,96.1,Virginia,14,synthetic
Q23-2363,2023-12-17,5139,138.0,Phillippi 138 kV,battery,storage,128.3,New Jersey,9,synthetic
Q23-2364,2023-12-19,9700,138.0,Kapstone 138 kV,gen,solar,240.5,Virginia,15,synthetic
Q23-2365,2023-12-22,22493,230.0,Buckeye 230 kV,gen,solar,67.8,Indiana,33,synthetic
Q23-2366,2023-12-24,22338,100.0,Ferguson Avenue 100 kV,gen,solar,96.3,Indiana,33,synthetic
Q23-2367,2023-12-25,10240,138.0,Burris Pit 138 kV,battery,storage,78.7,Virginia,15,synthetic
Q23-2368,2023-12-27,17678,138.0,Cedar Mountain 138 kV,gen,solar,70.8,Kentucky,27,synthetic
Q23-2369,2023-12-29,6001,138.0,Pioneer 138 kV,gen,solar,54.7,New Jersey,9,synthetic
Q23-2370,2023-12-30,23122,100.0,Elmhurst 100 kV,load,load,179.8,Illinois,34,synthetic
Q24-2371,2024-01-01,17217,345.0,Buckeye Canada 345 kV,gen,solar,100.0,Kentucky,27,pjm_tc2:AE2-308
Q24-2372,2024-01-10,16714,138.0,Cornville 138 kV,gen,hybrid,331.7,Tennessee,26,synthetic
Q24-2373,2024-01-12,9192,138.0,W.A. Parish 138 kV,gen,wind,836.0,Virginia,14,pjm_tc2:AF1-124
Q24-2374,2024-01-20,16941,138.0,Mid City 138 kV,gen,solar,100.0,Kentucky,27,pjm_tc2:AH1-664
Q24-2375,2024-01-24,17748,138.0,Lucerne Park 138 kV,gen,solar,25.0,Kentucky,27,pjm_tc2:AH1-570
Q24-2376,2024-01-27,9894,138.0,Dulles 138 kV,gen,solar,167.0,Virginia,15,pjm_tc2:AF2-222
Q24-2377,2024-01-28,18059,138.0,Pantego 138 kV,gen,solar,94.2,West Virginia,28,synthetic
Q24-2378,2024-02-06,22797,230.0,East Beloit 230 kV,gen,wind,190.89,Illinois,34,pjm_tc2:AF1-296
Q24-2379,2024-02-06,18650,138.0,Charca 138 kV,gen,hybrid,116.8,West Virginia,28,synthetic
Q24-2380,2024-02-08,23227,230.0,Mason Creek 230 kV,gen,solar,300.0,Illinois,34,pjm_tc2:AF2-349
Q24-2381,2024-02-09,19554,100.0,Dresden 100 kV,gen,solar,118.4,Ohio,29,synthetic
Q24-2382,2024-02-12,9633,138.0,Kean Mtn And Grassy Creek 138 kV,gen,solar,19.67,Virginia,14,pjm_tc2:AH1-397
Q24-2383,2024-02-16,18750,138.0,West Bellaire 138 kV,gen,solar,5.0,Ohio,29,pjm_tc2:AH1-327
Q24-2384,2024-02-17,10103,138.0,Frio Town 138 kV,gen,solar,65.0,Virginia,15,pjm_tc2:AH1-546
Q24-2385,2024-02-18,19804,100.0,Goodpasture 100 kV,gen,solar,5.0,Ohio,30,pjm_tc2:AH1-328
Q24-2386,2024-03-04,9633,138.0,Kean Mtn And Grassy Creek 138 kV,battery,storage,56.5,Virginia,14,synthetic
Q24-2387,2024-03-07,18368,345.0,Wec 345 kV,gen,gas,2100.0,West Virginia,28,pjm_tc2:AG2-582
Q24-2388,2024-03-10,9633,138.0,Kean Mtn And Grassy Creek 138 kV,battery,storage,75.0,Virginia,14,pjm_tc2:AG1-536
Q24-2389,2024-03-12,22765,230.0,Mount Holly 230 kV,gen,solar,150.0,Indiana,33,pjm_tc2:AF2-068
Q24-2390,2024-03-13,22036,100.0,Ligonier 100 kV,gen,solar,5.0,Indiana,33,pjm_tc2:AH1-305
Q24-2391,2024-03-20,9669,138.0,Clover 138 kV,gen,solar,80.0,Virginia,14,pjm_tc2:AG2-213
Q24-2392,2024-03-20,8040,138.0,Jemez Jmec 138 kV,battery,storage,150.0,Pennsylvania,11,pjm_tc2:AG2-621
Q24-2393,2024-03-21,22035,230.0,Mcmichen 230 kV,gen,hybrid,187.2,Indiana,33,synthetic
Q24-2394,2024-03-25,9961,138.0,Bloxoms Corner 138 kV,gen,hybrid,219.5,Virginia,15,synthetic
Q24-2395,2024-03-26,17834,230.0,Mcclellan Ar 230 kV,gen,solar,188.5,Kentucky,27,pjm_tc2:AF1-233
Q24-2396,2024-03-27,17583,138.0,Badoura 230115 Kv 138 kV,gen,solar,150.0,Kentucky,27,pjm_tc2:AG1-354
Q24-2397,2024-03-30,9793,138.0,Baraga Vlg 138 kV,gen,solar,131.0,Virginia,15,pjm_tc2:AG2-152
Q24-2398,2024-03-31,23509,230.0,Pratts Junction 230 kV,gen,solar,150.0,Illinois,34,pjm_tc2:AH1-196
Q24-2399,2024-04-03,10100,138.0,Upalco 138 kV,gen,gas,569.0,Virginia,15,pjm_tc2:AF1-128
Q24-2400,2024-04-08,10193,138.0,Trans Bay Cable Facility 138 kV,gen,solar,400.0,Virginia,15,pjm_tc2:AG2-570
Q24-2401,2024-04-17,10643,138.0,Filer 138 kV,gen,solar,150.0,North Carolina,16,pjm_tc2:AH1-040
Q24-2402,2024-04-27,10237,138.0,Upsco 138 kV,gen,wind,833.0,Virginia,15,pjm_tc2:AF1-123
Q24-2403,2024-04-27,9563,138.0,Seattle City North 138 kV,gen,solar,60.0,Virginia,14,pjm_tc2:AG1-135
Q24-2404,2024-04-29,23495,500.0,Rocky Road Power Llc 500 kV,gen,solar,300.0,Illinois,34,pjm_tc2:AG1-374
Q24-2405,2024-05-01,23356,100.0,Sellwood 100 kV,gen,other,169.0,Illinois,34,pjm_tc2:AH1-714
Q24-2406,2024-05-04,21710,100.0,Berrien Springs 100 kV,battery,storage,50.0,Michigan,32,pjm_tc2:AF1-161
Q24-2407,2024-05-06,9534,138.0,Hancock 138 kV,gen,solar,20.0,Virginia,14,pjm_tc2:AH1-071
Q24-2408,2024-05-07,24600,230.0,Farragut 230 kV,battery,storage,72.0,Illinois,35,pjm_tc2:AH1-165
Q24-2409,2024-05-11,17739,138.0,Campo Fresco 2 138 kV,gen,solar,200.0,Kentucky,27,pjm_tc2:AH1-617
Q24-2410,2024-05-11,22868,100.0,Wommack 100 kV,gen,solar,180.0,Illinois,34,pjm_tc2:AH1-338
Q24-2411,2024-05-14,11146,138.0,Person 138 kV,gen,solar,19.5,North Carolina,16,pjm_tc2:AH1-033
Q24-2412,2024-05-15,19554,100.0,Dresden 100 kV,battery,storage,95.3,Ohio,29,synthetic
Q24-2413,2024-05-15,9180,138.0,Grottoes 138 kV,gen,solar,104.6,Virginia,14,synthetic
Q24-2414,2024-05-19,19662,100.0,Stark 100 kV,gen,solar,153.6,Ohio,30,synthetic
Q24-2415,2024-05-20,9633,138.0,Kean Mtn And Grassy Creek 138 kV,gen,solar,20.0,Virginia,14,pjm_tc2:AH1-072
Q24-2416,2024-05-21,5850,138.0,Sjve Madera 138 kV,gen,solar,50.0,New Jersey,9,pjm_tc2:AG2-616
Q24-2417,2024-05-29,22595,100.0,Grandview Ave 100 kV,gen,solar,50.0,Indiana,33,pjm_tc2:AH1-153
Q24-2418,2024-05-30,7027,138.0,West Gilman Road 138 kV,gen,solar,20.0,Pennsylvania,10,pjm_tc2:AG1-378
Q24-2419,2024-06-01,23512,500.0,Zion 500 kV,gen,solar,300.0,Illinois,34,pjm_tc2:AF2-041
Q24-2420,2024-06-02,22965,230.0,Lower Granite 230 kV,gen,solar,150.0,Illinois,34,pjm_tc2:AF2-143
Q24-2421,2024-06-07,22962,230.0,Poplar Bluff Generating Station 230 kV,gen,solar,100.0,Illinois,34,pjm_tc2:AF1-030
Q24-2422,2024-06-07,20034,230.0,Canfield 230 kV,gen,gas,66.7,Ohio,30,synthetic
Q24-2423,2024-06-07,24035,230.0,Washington Park Ds 230 kV,gen,solar,280.0,Illinois,35,pjm_tc2:AG2-453
Q24-2424,2024-06-08,22765,230.0,Mount Holly 230 kV,battery,storage,75.0,Indiana,33,pjm_tc2:AH1-302
Q24-2425,2024-06-11,23055,100.0,Kewaunee 100 kV,battery,storage,150.0,Illinois,34,pjm_tc2:AH1-563
Q24-2426,2024-06-11,19245,100.0,Charles 100 kV,gen,solar,40.0,Ohio,29,pjm_tc2:AG2-109
Q24-2427,2024-06-18,22965,100.0,Lower Granite 100 kV,battery,storage,46.5,Illinois,34,synthetic
Q24-2428,2024-06-22,9816,138.0,Anasco 6101 138 kV,gen,hybrid,180.0,Virginia,15,synthetic
Q24-2429,2024-06-22,17024,138.0,Ryder 138 kV,gen,solar,82.0,Kentucky,27,pjm_tc2:AG1-320
Q24-2430,2024-07-02,7349,138.0,Lawndale 138 kV,gen,solar,5.0,Pennsylvania,11,pjm_tc2:AG2-479
Q24-2431,2024-07-02,5401,138.0,Edes Tap 2 138 kV,gen,hybrid,78.6,New Jersey,9,synthetic
Q24-2432,2024-07-03,9587,138.0,Bon Aqua 138 kV,gen,gas,5.0,Virginia,14,pjm_tc2:AH1-683
Q24-2433,2024-07-07,23104,100.0,Pontchartrain Park 100 kV,gen,solar,74.4,Illinois,34,synthetic
Q24-2434,2024-07-08,22493,230.0,Buckeye 230 kV,gen,solar,250.0,Indiana,33,pjm_tc2:AG2-029
Q24-2435,2024-07-08,8410,138.0,Vaca-Dixon 138 kV,gen,solar,7.2,Maryland,13,pjm_tc2:AH1-057
Q24-2436,2024-07-11,21988,100.0,Labarre 100 kV,gen,wind,200.0,Indiana,33,pjm_tc2:AF2-388
Q24-2437,2024-07-14,22035,230.0,Mcmichen 230 kV,gen,solar,125.0,Indiana,33,pjm_tc2:AG1-436
Q24-2438,2024-07-15,22765,230.0,Mount Holly 230 kV,battery,storage,69.5,Indiana,33,synthetic
Q24-2439,2024-07-16,9401,138.0,Anniston 138 kV,gen,solar,90.0,Virginia,14,pjm_tc2:AG1-124
Q24-2440,2024-07-17,23495,230.0,Rocky Road Power Llc 230 kV,gen,solar,150.0,Illinois,34,pjm_tc2:AE2-341
Q24-2441,2024-07-17,7385,138.0,Telegraph 138 kV,gen,solar,5.0,Pennsylvania,11,pjm_tc2:AG2-481
Q24-2442,2024-07-20,9919,138.0,Sowego Dp 138 kV,battery,storage,20.0,Virginia,15,pjm_tc2:AH1-124
Q24-2443,2024-07-21,23227,230.0,Mason Creek 230 kV,battery,storage,5.0,Illinois,34,pjm_tc2:AG2-660
Q24-2444,2024-07-27,22024,230.0,Mt. Harris 230 kV,battery,storage,50.0,Indiana,33,pjm_tc2:AG2-345
Q24-2445,2024-07-28,10966,69.0,Curecanti 69 kV,gen,solar,80.0,North Carolina,16,pjm_tc2:AF2-081
Q24-2446,2024-07-29,5724,138.0,Peyton 138 kV,battery,storage,20.0,New Jersey,9,pjm_tc2:AF2-025
Q24-2447,2024-08-03,22982,230.0,Commonwealth Edison Des Plaines 230 kV,gen,wind,150.0,Illinois,34,pjm_tc2:AE2-223
Q24-2448,2024-08-05,9141,138.0,East Longmeadow 138 kV,gen,solar,33.5,Virginia,14,pjm_tc2:AG2-426
Q24-2449,2024-08-05,9919,138.0,Sowego Dp 138 kV,gen,solar,40.0,Virginia,15,pjm_tc2:AH1-098
Q24-2450,2024-08-06,22035,230.0,Mcmichen 230 kV,gen,solar,61.3,Indiana,33,synthetic
Q24-2451,2024-08-10,9633,138.0,Kean Mtn And Grassy Creek 138 kV,battery,storage,100.0,Virginia,14,pjm_tc2:AG2-300
Q24-2452,2024-08-16,21664,230.0,Palisades 230 kV,gen,solar,300.0,Michigan,32,pjm_tc2:AF1-176
Q24-2453,2024-08-17,23227,230.0,Mason Creek 230 kV,battery,storage,105.5,Illinois,34,synthetic
Q24-2454,2024-09-01,20054,230.0,Williams Lake 230 kV,battery,storage,66.6,Ohio,30,pjm_tc2:AG2-289
Q24-2455,2024-09-16,17423,138.0,Raco 138 kV,gen,hybrid,188.3,Kentucky,27,synthetic
Q24-2456,2024-09-18,17697,138.0,Calistoga 199 138 kV,gen,solar,211.2,Kentucky,27,synthetic
Q24-2457,2024-09-19,22035,230.0,Mcmichen 230 kV,gen,hybrid,260.9,Indiana,33,synthetic
Q24-2458,2024-09-24,23110,100.0,Gonzales 100 kV,gen,solar,200.0,Illinois,34,pjm_tc2:AF1-280
Q24-2459,2024-09-26,10264,345.0,Bear Island 345 kV,gen,gas,911.7,Virginia,15,synthetic
Q24-2460,2024-09-26,19604,100.0,West Dallas Tap 100 kV,gen,solar,200.0,Ohio,30,pjm_tc2:AH1-580
Q24-2461,2024-09-27,9728,138.0,Lawrenceville 138 kV,battery,storage,150.0,Virginia,15,pjm_tc2:AG2-088
Q24-2462,2024-10-05,9256,138.0,Sherwood Forest 138 kV,gen,solar,350.0,Virginia,14,pjm_tc2:AG2-436
Q24-2463,2024-10-06,9810,138.0,Mountain Lake 138 kV,gen,solar,102.0,Virginia,15,pjm_tc2:AE2-291
Q24-2464,2024-10-07,9946,138.0,Short Pump 138 kV,battery,storage,5.0,Virginia,15,pjm_tc2:AH1-223
Q24-2465,2024-10-07,22035,230.0,Mcmichen 230 kV,battery,storage,50.0,Indiana,33,pjm_tc2:AG2-492
Q24-2466,2024-10-12,9476,138.0,Cottage Grove 138 kV,gen,solar,113.0,Virginia,14,pjm_tc2:AG2-441
Q24-2467,2024-10-12,5485,138.0,Mayfair 138 kV,gen,solar,19.25,New Jersey,9,pjm_tc2:AH1-258
Q24-2468,2024-10-16,9243,138.0,Huntington Court 138 kV,gen,other,20.0,Virginia,14,pjm_tc2:AG2-049
Q24-2469,2024-10-23,8068,138.0,Canandaigua 138 kV,gen,hybrid,186.8,Pennsylvania,11,synthetic
Q24-2470,2024-10-25,7526,138.0,Frank Jenkins 138 kV,gen,solar,38.0,Pennsylvania,11,pjm_tc2:AG2-074
Q24-2471,2024-10-27,9633,138.0,Kean Mtn And Grassy Creek 138 kV,battery,storage,100.0,Virginia,14,pjm_tc2:AE2-156
Q24-2472,2024-11-03,23086,100.0,Sub 23086 100 kV,battery,storage,200.0,Illinois,34,pjm_tc2:AF2-441
Q24-2473,2024-11-03,10355,69.0,Mira Vista 69 kV,battery,storage,5.0,North Carolina,16,pjm_tc2:AH1-091
Q24-2474,2024-11-04,23495,230.0,Rocky Road Power Llc 230 kV,battery,storage,50.0,Illinois,34,pjm_tc2:AF2-226
Q24-2475,2024-11-08,10643,138.0,Filer 138 kV,gen,solar,80.0,North Carolina,16,pjm_tc2:AG2-522
Q24-2476,2024-11-09,7073,138.0,Sheldon 138 kV,gen,solar,5.0,Pennsylvania,10,pjm_tc2:AG2-037
Q24-2477,2024-11-13,7692,138.0,Meadow Lane 138 kV,gen,solar,19.9,Pennsylvania,11,pjm_tc2:AH1-452
Q24-2478,2024-11-13,16925,138.0,Sahtlam 138 kV,gen,solar,80.0,Kentucky,27,pjm_tc2:AH1-239
Q24-2479,2024-11-14,5742,138.0,South Haven 138 kV,gen,gas,127.17,New Jersey,9,pjm_tc2:AH1-715
Q24-2480,2024-11-16,9313,138.0,Hugo 138 kV,gen,gas,5.0,Virginia,14,pjm_tc2:AH1-678
Q24-2481,2024-11-18,10275,138.0,Battery Heights Dp 138 kV,gen,solar,25.0,Virginia,15,pjm_tc2:AF2-115
Q24-2482,2024-11-26,9192,138.0,W.A. Parish 138 kV,gen,solar,5.0,Virginia,14,pjm_tc2:AG2-661
Q24-2483,2024-12-12,24606,100.0,Top Crop 100 kV,gen,solar,110.0,Illinois,35,pjm_tc2:AG2-524
Q24-2484,2024-12-16,18462,138.0,Prior 138 kV,battery,storage,229.0,West Virginia,28,synthetic
Q24-2485,2024-12-17,16805,138.0,The Dalles 138 kV,gen,solar,100.0,Tennessee,26,pjm_tc2:AH1-535
Q24-2486,2024-12-19,21744,230.0,River Bend 230 kV,battery,storage,55.0,Indiana,33,pjm_tc2:AG1-447
Q24-2487,2024-12-20,21796,230.0,Robison Park 230 kV,gen,wind,255.0,Indiana,33,pjm_tc2:AF1-204
Q24-2488,2024-12-27,9401,138.0,Anniston 138 kV,gen,gas,5.0,Virginia,14,pjm_tc2:AH1-696
Q24-2489,2024-12-28,5891,138.0,Dist 1000 138 kV,gen,solar,19.0,New Jersey,9,pjm_tc2:AG2-297
Q24-2490,2024-12-29,17054,138.0,Cow Creek 138 kV,gen,solar,106.0,Kentucky,27,pjm_tc2:AG1-341
Q25-2491,2025-01-01,6261,138.0,Victoria 138 kV,gen,solar,5.0,Pennsylvania,10,pjm_tc2:AG2-478
Q25-2492,2025-01-16,9633,345.0,Kean Mtn And Grassy Creek 345 kV,gen,gas,573.0,Virginia,14,synthetic
Q25-2493,2025-01-18,20039,100.0,Clairemont 100 kV,gen,solar,300.0,Ohio,30,pjm_tc2:AG1-410
Q25-2494,2025-01-20,23153,100.0,Southwyck 100 kV,gen,solar,150.0,Illinois,34,pjm_tc2:AF2-142
Q25-2495,2025-01-21,17584,138.0,Mwd Temescal 138 kV,gen,solar,63.25,Kentucky,27,pjm_tc2:AG2-424
Q25-2496,2025-01-22,18188,138.0,Mt Gate Junction 138 kV,gen,solar,90.0,West Virginia,28,pjm_tc2:AG2-657
Q25-2497,2025-01-23,18622,345.0,Glennville 345 kV,gen,gas,1500.0,West Virginia,28,synthetic
Q25-2498,2025-01-24,22097,100.0,Vail 100 kV,gen,solar,5.0,Indiana,33,pjm_tc2:AH1-306
Q25-2499,2025-01-28,8981,138.0,Columbus West 138 kV,battery,storage,135.0,Maryland,13,pjm_tc2:AH1-261
Q25-2500,2025-01-31,19091,230.0,Keyes-Fibre Co 230 kV,battery,storage,72.5,Ohio,29,synthetic
Q25-2501,2025-02-01,18618,138.0,Mattoon East 138 kV,gen,solar,80.0,West Virginia,28,pjm_tc2:AG2-423
Q25-2502,2025-02-04,9247,138.0,Stony Brook 138 kV,gen,solar,75.0,Virginia,14,pjm_tc2:AG2-086
Q25-2503,2025-02-06,22001,100.0,Earlham 100 kV,battery,storage,78.0,Indiana,33,pjm_tc2:AH1-482
Q25-2504,2025-02-07,22965,230.0,Lower Granite 230 kV,battery,storage,150.0,Illinois,34,pjm_tc2:AH1-564
Q25-2505,2025-02-11,22493,230.0,Buckeye 230 kV,gen,solar,210.0,Indiana,33,pjm_tc2:AG2-245
Q25-2506,2025-02-13,9633,138.0,Kean Mtn And Grassy Creek 138 kV,gen,solar,70.0,Virginia,14,pjm_tc2:AH1-144
Q25-2507,2025-02-14,9301,138.0,Woodchuck Hill 138 kV,gen,solar,26.0,Virginia,14,pjm_tc2:AH1-107
Q25-2508,2025-02-18,8040,138.0,Jemez Jmec 138 kV,gen,solar,66.0,Pennsylvania,11,pjm_tc2:AH1-460
Q25-2509,2025-02-23,24035,100.0,Washington Park Ds 100 kV,gen,other,88.0,Illinois,35,pjm_tc2:AH1-702
Q25-2510,2025-02-24,22849,230.0,Moreno Tap 230 kV,battery,storage,400.0,Illinois,34,pjm_tc2:AG2-545
Q25-2511,2025-02-26,8499,138.0,Redman 138 kV,load,load,167.6,Maryland,13,synthetic
Q25-2512,2025-02-27,10016,138.0,Etna 138 kV,gen,solar,97.7,Virginia,15,synthetic
Q25-2513,2025-03-02,7839,138.0,Geysers Tap 1 138 kV,gen,solar,17.0,Pennsylvania,11,pjm_tc2:AG2-200
Q25-2514,2025-03-04,9633,138.0,Kean Mtn And Grassy Creek 138 kV,gen,solar,113.1,Virginia,14,synthetic
Q25-2515,2025-03-06,18034,138.0,Gold Hill 138 kV,gen,wind,150.0,West Virginia,28,pjm_tc2:AH1-387
Q25-2516,2025-03-06,8875,138.0,Cal Poly 138 kV,battery,storage,20.0,Maryland,13,pjm_tc2:AG2-380
Q25-2517,2025-03-11,10237,138.0,Upsco 138 kV,gen,solar,150.0,Virginia,15,pjm_tc2:AG2-069
Q25-2518,2025-03-14,10171,138.0,Johnson Falls 138 kV,gen,gas,5.0,Virginia,15,pjm_tc2:AH1-682
Q25-2519,2025-03-15,17238,138.0,Phoenix 138 kV,gen,solar,250.0,Kentucky,27,pjm_tc2:AF2-111
Q25-2520,2025-03-16,23508,230.0,Dresden Generating Station 230 kV,gen,solar,100.0,Illinois,34,pjm_tc2:AG2-114
Q25-2521,2025-03-21,9336,138.0,Skungamaug 138 kV,gen,solar,100.0,Virginia,14,pjm_tc2:AG2-151
Q25-2522,2025-03-21,19348,100.0,Blue Racer 100 kV,gen,solar,126.5,Ohio,29,synthetic
Q25-2523,2025-03-23,22493,230.0,Buckeye 230 kV,gen,wind,100.0,Indiana,33,pjm_tc2:AG1-433
Q25-2524,2025-03-24,23487,100.0,East Omak 100 kV,gen,solar,157.4,Illinois,34,pjm_tc2:AH1-543
Q25-2525,2025-03-30,10157,138.0,Plano 138 kV,gen,solar,53.0,Virginia,15,pjm_tc2:AE2-283
Q25-2526,2025-04-05,7233,138.0,Thayer 138 kV,gen,solar,20.0,Pennsylvania,11,pjm_tc2:AF2-296
Q25-2527,2025-04-10,10079,138.0,Kanaka 138 kV,battery,storage,80.0,Virginia,15,pjm_tc2:AH1-145
Q25-2528,2025-04-10,22493,230.0,Buckeye 230 kV,gen,solar,66.5,Indiana,33,pjm_tc2:AG2-519
Q25-2529,2025-04-12,10646,69.0,Samuels 69 kV,gen,solar,5.0,North Carolina,16,pjm_tc2:AH1-311
Q25-2530,2025-04-16,8440,138.0,Sterlington 138 kV,gen,solar,200.0,Maryland,13,pjm_tc2:AH1-283
Q25-2531,2025-04-20,17308,138.0,Lebec 138 kV,load,load,503.7,Kentucky,27,synthetic
Q25-2532,2025-04-20,9884,138.0,Braddock 138 kV,battery,storage,80.0,Virginia,15,pjm_tc2:AH1-461
Q25-2533,2025-04-24,17634,138.0,Amoco 138 kV,gen,solar,35.0,Kentucky,27,pjm_tc2:AG2-298
Q25-2534,2025-04-27,9183,138.0,Pavant 138 kV,gen,solar,20.0,Virginia,14,pjm_tc2:AH1-170
Q25-2535,2025-04-30,23495,230.0,Rocky Road Power Llc 230 kV,gen,solar,200.0,Illinois,34,pjm_tc2:AH1-044
Q25-2536,2025-05-01,22035,230.0,Mcmichen 230 kV,gen,solar,5.0,Indiana,33,pjm_tc2:AH1-304
Q25-2537,2025-05-02,19535,230.0,Millercoors Trenton Brewery 230 kV,gen,gas,30.45,Ohio,29,pjm_tc2:AH1-706
Q25-2538,2025-05-02,22819,100.0,South Eloise 100 kV,gen,solar,216.1,Illinois,34,synthetic
Q25-2539,2025-05-03,19569,100.0,Wingate 100 kV,gen,other,10.07,Ohio,29,pjm_tc2:AH1-661
Q25-2540,2025-05-04,10279,345.0,North Anna 345 kV,gen,solar,300.8,Virginia,15,pjm_tc2:AH1-528
Q25-2541,2025-05-07,22035,230.0,Mcmichen 230 kV,battery,storage,100.0,Indiana,33,pjm_tc2:AG2-332
Q25-2542,2025-05-08,10279,345.0,North Anna 345 kV,gen,gas,776.0,Virginia,15,pjm_tc2:AH1-723
Q25-2543,2025-05-11,7749,138.0,Cochrane Dam 138 kV,load,load,67.9,Pennsylvania,11,synthetic
Q25-2544,2025-05-12,5502,138.0,Freeman Dp 138 kV,gen,other,256.8,New Jersey,9,pjm_tc2:AH1-710
Q25-2545,2025-05-21,23523,230.0,Byron 230 kV,gen,gas,5.0,Illinois,34,pjm_tc2:AH1-567
Q25-2546,2025-05-22,22921,100.0,Edwardsport Station 2 100 kV,gen,solar,200.0,Illinois,34,pjm_tc2:AH1-150
Q25-2547,2025-05-25,24064,100.0,Glenbrook 100 kV,battery,storage,27.6,Illinois,35,synthetic
Q25-2548,2025-05-26,9586,138.0,Nogales 138 kV,battery,storage,5.0,Virginia,14,pjm_tc2:AG2-240
Q25-2549,2025-05-27,19010,100.0,Randle 100 kV,gen,gas,24.0,Ohio,29,pjm_tc2:AH1-686
Q25-2550,2025-05-28,21771,100.0,Salinas Rural 100 kV,gen,solar,150.0,Indiana,33,pjm_tc2:AG2-637
Q25-2551,2025-05-31,5653,138.0,Kellerville 138 kV,gen,hybrid,188.3,New Jersey,9,synthetic
Q25-2552,2025-06-01,9399,345.0,Chaparral 345 kV,battery,storage,250.0,Virginia,14,pjm_tc2:AG2-360
Q25-2553,2025-06-01,9947,138.0,Smallwood 138 kV,gen,solar,80.0,Virginia,15,pjm_tc2:AG2-659
Q25-2554,2025-06-03,8499,345.0,Redman 345 kV,gen,gas,990.3,Maryland,13,synthetic
Q25-2555,2025-06-03,6292,138.0,Station Fg 138 kV,gen,solar,5.0,Pennsylvania,10,pjm_tc2:AG2-476
Q25-2556,2025-06-03,9551,138.0,Mt. View 138 kV,battery,storage,75.0,Virginia,14,pjm_tc2:AG1-153
Q25-2557,2025-06-09,9179,138.0,Nm Potash 1 138 kV,battery,storage,5.0,Virginia,14,pjm_tc2:AH1-221
Q25-2558,2025-06-14,9125,138.0,Remington 138 kV,battery,storage,140.0,Virginia,14,synthetic
Q25-2559,2025-06-16,8525,345.0,Sulphur Springs 345 kV,load,load,316.0,Maryland,13,synthetic
Q25-2560,2025-06-25,23527,500.0,Richardson Woodhaven 500 kV,gen,solar,300.0,Illinois,34,pjm_tc2:AG2-363
Q25-2561,2025-06-26,18259,138.0,Randsburg 138 kV,gen,wind,373.1,West Virginia,28,synthetic
Q25-2562,2025-06-27,8361,138.0,Canadys Steam 138 kV,gen,solar,20.0,Delaware,12,pjm_tc2:AG2-447
Q25-2563,2025-06-29,9664,138.0,Avon Park 138 kV,gen,solar,100.0,Virginia,14,pjm_tc2:AG2-068
Q25-2564,2025-07-02,19064,100.0,Greg Stbella Vista 100 kV,battery,storage,38.4,Ohio,29,pjm_tc2:AG2-290
Q25-2565,2025-07-11,5861,138.0,Uvalde Reit 138 kV,battery,storage,50.0,New Jersey,9,pjm_tc2:AF1-238
Q25-2566,2025-07-11,22208,100.0,Headwaters Wind Farm Ii Llc 100 kV,gen,solar,100.0,Indiana,33,pjm_tc2:AG2-550
Q25-2567,2025-07-16,17950,138.0,Vermont Yankee 138 kV,gen,solar,41.1,West Virginia,28,synthetic
Q25-2568,2025-07-17,10089,138.0,Colony 138 kV,gen,gas,5.0,Virginia,15,pjm_tc2:AH1-677
Q25-2569,2025-07-17,23227,230.0,Mason Creek 230 kV,gen,gas,11.0,Illinois,34,pjm_tc2:AH1-718
Q25-2570,2025-07-22,23485,100.0,Aaa 100 kV,gen,solar,150.0,Illinois,34,pjm_tc2:AH1-341
Q25-2571,2025-07-24,6555,138.0,Mira Loma 138 kV,battery,storage,60.0,Pennsylvania,10,pjm_tc2:AH1-206
Q25-2572,2025-07-25,9250,138.0,Bethlehem Power Plant 138 kV,gen,solar,219.9,Virginia,14,synthetic
Q25-2573,2025-07-26,9633,138.0,Kean Mtn And Grassy Creek 138 kV,gen,hybrid,113.3,Virginia,14,synthetic
Q25-2574,2025-07-29,20300,230.0,Firstenergy Bay Shore 230 kV,battery,storage,50.2,Ohio,30,synthetic
Q25-2575,2025-07-30,9517,138.0,Salton Sea 1 138 kV,gen,gas,5.0,Virginia,14,pjm_tc2:AH1-693
Q25-2576,2025-07-31,7233,345.0,Thayer 345 kV,gen,solar,150.0,Pennsylvania,11,pjm_tc2:AG2-176
Q25-2577,2025-07-31,6813,138.0,Spring Creek 138 kV,gen,gas,270.3,Pennsylvania,10,pjm_tc2:AH1-734
Q25-2578,2025-08-02,24083,100.0,West Dover 100 kV,gen,solar,300.0,Illinois,35,pjm_tc2:AG1-118
Q25-2579,2025-08-03,9700,138.0,Kapstone 138 kV,gen,wind,235.8,Virginia,15,synthetic
Q25-2580,2025-08-13,19018,100.0,Benton Harbor 100 kV,gen,gas,24.0,Ohio,29,pjm_tc2:AH1-704
Q25-2581,2025-08-13,22220,230.0,Eupora 230 kV,gen,solar,120.0,Indiana,33,synthetic
Q25-2582,2025-08-14,10103,138.0,Frio Town 138 kV,gen,solar,20.0,Virginia,15,pjm_tc2:AH1-073
Q25-2583,2025-08-16,24600,230.0,Farragut 230 kV,gen,solar,150.0,Illinois,35,pjm_tc2:AF2-225
Q25-2584,2025-08-18,24211,100.0,Ocana 100 kV,gen,solar,100.0,Illinois,35,pjm_tc2:AF2-350
Q25-2585,2025-08-19,6047,138.0,Plaquemine Cogeneration Plant 138 kV,battery,storage,80.0,Pennsylvania,10,pjm_tc2:AH1-249
Q25-2586,2025-08-20,17802,138.0,Hot Spring Generating Facility 138 kV,gen,wind,136.0,Kentucky,27,synthetic
Q25-2587,2025-08-21,18990,230.0,Lake Hodges 230 kV,gen,solar,80.0,Ohio,29,pjm_tc2:AG2-119
Q25-2588,2025-08-26,18241,345.0,Sagehill 345 kV,gen,wind,147.0,West Virginia,28,pjm_tc2:AG2-062
Q25-2589,2025-08-29,21664,230.0,Palisades 230 kV,battery,storage,5.0,Michigan,32,pjm_tc2:AG1-109
Q25-2590,2025-08-30,20299,230.0,Hagan 230 kV,battery,storage,74.4,Ohio,30,synthetic
Q25-2591,2025-08-30,8759,138.0,Calera D.S 138 kV,battery,storage,381.8,Maryland,13,synthetic
Q25-2592,2025-08-31,9945,138.0,South Augusta 138 kV,gen,solar,14.0,Virginia,15,pjm_tc2:AH1-345
Q25-2593,2025-09-06,19306,100.0,Firstenergy W H Sammis 100 kV,gen,solar,5.0,Ohio,29,pjm_tc2:AG2-405
Q25-2594,2025-09-11,9421,138.0,Plaster City 138 kV,gen,solar,75.0,Virginia,14,pjm_tc2:AG2-440
Q25-2595,2025-09-11,22035,500.0,Mcmichen 500 kV,gen,gas,700.0,Indiana,33,pjm_tc2:AG2-072
Q25-2596,2025-09-14,10023,138.0,American Creek Capacitor Station 138 kV,gen,solar,36.0,Virginia,15,pjm_tc2:AG1-342
Q25-2597,2025-09-16,9238,138.0,Cloverdale 138 kV,battery,storage,50.0,Virginia,14,pjm_tc2:AH1-269
Q25-2598,2025-09-17,19552,230.0,Piqua Power Plant 230 kV,gen,solar,206.55,Ohio,29,pjm_tc2:AE1-092
Q25-2599,2025-09-18,22493,230.0,Buckeye 230 kV,gen,solar,450.0,Indiana,33,pjm_tc2:AG1-226
Q25-2600,2025-09-22,19257,138.0,Oak Park 138 kV,gen,solar,89.2,Ohio,29,synthetic
Q25-2601,2025-09-25,21810,100.0,Brunswick Nuclear 100 kV,gen,wind,78.7,Indiana,33,synthetic
Q25-2602,2025-09-28,17781,138.0,Santiam 138 kV,gen,solar,80.0,Kentucky,27,pjm_tc2:AH1-665
Q25-2603,2025-09-29,10154,138.0,Elmer Smith 138 kV,gen,solar,125.0,Virginia,15,pjm_tc2:AG1-285
Q25-2604,2025-10-06,19838,100.0,Eastsound 100 kV,battery,storage,172.7,Ohio,30,synthetic
Q25-2605,2025-10-08,22030,100.0,Lake Crystal 100 kV,gen,solar,90.0,Indiana,33,pjm_tc2:AH1-392
Q25-2606,2025-10-08,16921,138.0,Biddeford Ip 138 kV,gen,solar,210.0,Kentucky,27,pjm_tc2:AG2-184
Q25-2607,2025-10-09,23512,230.0,Zion 230 kV,gen,solar,200.0,Illinois,34,pjm_tc2:AH1-151
Q25-2608,2025-10-10,9633,138.0,Kean Mtn And Grassy Creek 138 kV,gen,gas,5.0,Virginia,14,pjm_tc2:AH1-694
Q25-2609,2025-10-11,23514,230.0,Mi-Wuk 230 kV,gen,solar,200.0,Illinois,34,pjm_tc2:AG2-364
Q25-2610,2025-10-15,18030,138.0,Mackinac 138 kV,gen,wind,171.4,West Virginia,28,pjm_tc2:AH1-254
Q25-2611,2025-10-18,10029,138.0,New Road 138 kV,battery,storage,60.82,Virginia,15,pjm_tc2:AG2-384
Q25-2612,2025-10-21,23397,100.0,Starkey Gulch 100 kV,battery,storage,30.0,Illinois,34,pjm_tc2:AG1-460
Q25-2613,2025-10-23,9619,138.0,Burtt Road 138 kV,gen,solar,20.0,Virginia,14,pjm_tc2:AH1-280
Q25-2614,2025-10-24,9540,138.0,Shute 138 kV,gen,gas,5.0,Virginia,14,pjm_tc2:AH1-685
Q25-2615,2025-10-26,23227,230.0,Mason Creek 230 kV,battery,storage,200.0,Illinois,34,pjm_tc2:AG2-544
Q25-2616,2025-10-27,7500,138.0,Jackson 138 kV,gen,solar,20.0,Pennsylvania,11,pjm_tc2:AG1-377
Q25-2617,2025-10-31,10928,69.0,Brockway 69 kV,gen,solar,142.8,North Carolina,16,synthetic
Q25-2618,2025-11-01,20007,100.0,Gould 100 kV,gen,solar,49.9,Ohio,30,pjm_tc2:AH1-282
Q25-2619,2025-11-04,9542,138.0,Roanoke 138 kV,gen,solar,11.89,Virginia,14,pjm_tc2:AH1-396
Q25-2620,2025-11-05,22035,230.0,Mcmichen 230 kV,gen,solar,60.2,Indiana,33,synthetic
Q25-2621,2025-11-08,9595,138.0,Faraday 138 kV,gen,solar,69.0,Virginia,14,pjm_tc2:AH1-343
Q25-2622,2025-11-15,24035,100.0,Washington Park Ds 100 kV,battery,storage,96.0,Illinois,35,synthetic
Q25-2623,2025-11-16,20052,100.0,Silver Spur 100 kV,gen,solar,59.7,Ohio,30,synthetic
Q25-2624,2025-11-19,9633,138.0,Kean Mtn And Grassy Creek 138 kV,gen,solar,62.0,Virginia,14,pjm_tc2:AF2-120
Q25-2625,2025-11-20,19580,230.0,Woodland Biomass Tap 230 kV,gen,gas,408.2,Ohio,29,pjm_tc2:AH1-711
Q25-2626,2025-11-20,9399,138.0,Chaparral 138 kV,gen,solar,70.0,Virginia,14,pjm_tc2:AH1-133
Q25-2627,2025-11-21,19345,230.0,Orange Blossom Electric 230 kV,gen,solar,220.0,Ohio,29,pjm_tc2:AH1-055
Q25-2628,2025-11-21,20056,230.0,North Medina 230 kV,gen,solar,5.0,Ohio,30,pjm_tc2:AG2-125
Q25-2629,2025-11-21,6032,138.0,Coly 138 kV,load,load,115.6,Pennsylvania,10,synthetic
Q25-2630,2025-11-26,11132,69.0,Thermo 69 kV,battery,storage,5.0,North Carolina,16,pjm_tc2:AG2-121
Q25-2631,2025-11-30,5485,138.0,Mayfair 138 kV,battery,storage,300.0,New Jersey,9,pjm_tc2:AH1-260
Q25-2632,2025-12-02,22965,100.0,Lower Granite 100 kV,gen,solar,200.0,Illinois,34,pjm_tc2:AF2-200
Q25-2633,2025-12-03,8499,138.0,Redman 138 kV,gen,solar,110.0,Maryland,13,pjm_tc2:AG2-618
Q25-2634,2025-12-06,18990,230.0,Lake Hodges 230 kV,gen,solar,21.0,Ohio,29,pjm_tc2:AH1-059
Q25-2635,2025-12-10,9633,138.0,Kean Mtn And Grassy Creek 138 kV,gen,hybrid,171.5,Virginia,14,synthetic
Q25-2636,2025-12-14,19807,230.0,Bayou Vista 230 kV,battery,storage,67.1,Ohio,30,synthetic
Q25-2637,2025-12-20,20041,100.0,Boardman 100 kV,battery,storage,100.0,Ohio,30,pjm_tc2:AG1-411
Q25-2638,2025-12-23,19344,100.0,Larsen Memorial 100 kV,battery,storage,50.0,Ohio,29,pjm_tc2:AF2-376
Q25-2639,2025-12-27,18662,138.0,Zeeland Generating Station 138 kV,gen,solar,80.0,West Virginia,28,pjm_tc2:AG2-568
Q25-2640,2025-12-31,19476,100.0,Clymer 100 kV,gen,solar,10.0,Ohio,29,pjm_tc2:AG2-057
