project_id,date,status
Q11-0001,2011-01-01,queued
Q11-0002,2011-01-03,queued
Q11-0003,2011-01-08,queued
Q11-0004,2011-01-13,queued
Q11-0005,2011-01-16,queued
Q11-0006,2011-01-28,queued
Q11-0007,2011-01-31,queued
Q11-0008,2011-02-08,queued
Q11-0009,2011-02-09,queued
Q11-0010,2011-02-09,queued
Q11-0011,2011-02-14,queued
Q11-0012,2011-02-14,queued
Q11-0013,2011-02-24,queued
Q11-0014,2011-03-03,queued
Q11-0015,2011-03-09,queued
Q11-0016,2011-03-09,queued
Q11-0017,2011-03-15,queued
Q11-0018,2011-03-15,queued
Q11-0019,2011-03-21,queued
Q11-0020,2011-03-24,queued
Q11-0021,2011-03-25,queued
Q11-0022,2011-03-28,queued
Q11-0023,2011-03-29,queued
Q11-0024,2011-04-06,queued
Q11-0025,2011-04-11,queued
Q11-0026,2011-04-14,queued
Q11-0027,2011-04-19,queued
Q11-0028,2011-04-20,queued
Q11-0029,2011-04-20,queued
Q11-0030,2011-04-23,queued
Q11-0031,2011-04-25,queued
Q11-0032,2011-04-28,queued
Q11-0033,2011-04-29,queued
Q11-0034,2011-05-02,queued
Q11-0035,2011-05-13,queued
Q11-0036,2011-05-15,queued
Q11-0037,2011-05-17,queued
Q11-0038,2011-05-21,queued
Q11-0039,2011-05-29,queued
Q11-0040,2011-06-11,queued
Q11-0041,2011-06-12,queued
Q11-0042,2011-06-19,queued
Q11-0043,2011-06-20,queued
Q11-0044,2011-06-30,queued
Q11-0045,2011-07-20,queued
Q11-0046,2011-07-21,queued
Q11-0047,2011-07-23,queued
Q11-0048,2011-07-24,queued
Q11-0049,2011-07-29,queued
Q11-0050,2011-07-29,queued
Q11-0029,2011-08-07,withdrawn
Q11-0051,2011-08-07,queued
Q11-0052,2011-08-10,queued
Q11-0053,2011-08-15,queued
Q11-0054,2011-08-15,queued
Q11-0055,2011-08-19,queued
Q11-0056,2011-08-19,queued
Q11-0057,2011-08-24,queued
Q11-0058,2011-08-27,queued
Q11-0059,2011-08-30,queued
Q11-0060,2011-09-04,queued
Q11-0061,2011-09-06,queued
Q11-0062,2011-09-12,queued
Q11-0063,2011-09-13,queued
Q11-0064,2011-09-17,queued
Q11-0065,2011-09-18,queued
Q11-0066,2011-09-22,queued
Q11-0067,2011-09-26,queued
Q11-0068,2011-10-05,queued
Q11-0069,2011-10-08,queued
Q11-0070,2011-10-09,queued
Q11-0071,2011-10-09,queued
Q11-0072,2011-10-18,queued
Q11-0073,2011-10-19,queued
Q11-0074,2011-10-30,queued
Q11-0075,2011-11-09,queued
Q11-0076,2011-11-10,queued
Q11-0077,2011-11-16,queued
Q11-0078,2011-11-19,queued
Q11-0079,2011-11-19,queued
Q11-0080,2011-11-27,queued
Q11-0023,2011-11-28,withdrawn
Q11-0081,2011-11-28,queued
Q11-0082,2011-11-29,queued
Q11-0083,2011-12-01,queued
Q11-0084,2011-12-05,queued
Q11-0085,2011-12-06,queued
Q11-0086,2011-12-07,queued
Q11-0087,2011-12-08,queued
Q11-0088,2011-12-16,queued
Q11-0089,2011-12-22,queued
Q11-0090,2011-12-29,queued
Q12-0091,2012-01-06,queued
Q12-0092,2012-01-10,queued
Q12-0093,2012-01-11,queued
Q12-0094,2012-01-16,queued
Q12-0095,2012-01-21,queued
Q12-0096,2012-01-24,queued
Q12-0097,2012-01-29,queued
Q12-0098,2012-01-31,queued
Q12-0099,2012-01-31,queued
Q12-0100,2012-02-04,queued
Q12-0101,2012-02-05,queued
Q12-0102,2012-02-06,queued
Q12-0103,2012-02-10,queued
Q12-0104,2012-02-15,queued
Q12-0105,2012-02-19,queued
Q12-0106,2012-02-22,queued
Q12-0107,2012-02-28,queued
Q11-0014,2012-03-03,withdrawn
Q12-0108,2012-03-03,queued
Q12-0109,2012-03-05,queued
Q12-0110,2012-03-08,queued
Q12-0111,2012-03-09,queued
Q12-0112,2012-03-11,queued
Q12-0113,2012-03-18,queued
Q12-0114,2012-03-18,queued
Q12-0115,2012-03-25,queued
Q12-0116,2012-04-01,queued
Q11-0068,2012-04-05,withdrawn
Q12-0117,2012-04-16,queued
Q12-0118,2012-04-17,queued
Q12-0119,2012-04-22,queued
Q12-0120,2012-04-23,queued
Q12-0121,2012-05-01,queued
Q12-0122,2012-05-05,queued
Q12-0123,2012-05-05,queued
Q11-0060,2012-05-07,withdrawn
Q12-0124,2012-05-19,queued
Q11-0008,2012-05-20,withdrawn
Q12-0125,2012-05-29,queued
Q12-0126,2012-05-29,queued
Q12-0127,2012-05-31,queued
Q12-0128,2012-05-31,queued
Q12-0129,2012-06-01,queued
Q12-0130,2012-06-04,queued
Q12-0131,2012-06-10,queued
Q12-0132,2012-06-11,queued
Q12-0133,2012-06-16,queued
Q12-0134,2012-06-20,queued
Q12-0135,2012-06-26,queued
Q12-0136,2012-06-26,queued
Q12-0093,2012-06-28,withdrawn
Q12-0137,2012-06-29,queued
Q12-0138,2012-07-03,queued
Q12-0139,2012-07-06,queued
Q12-0140,2012-07-07,queued
Q12-0141,2012-07-11,queued
Q12-0142,2012-07-11,queued
Q12-0143,2012-07-12,queued
Q12-0144,2012-07-19,queued
Q11-0047,2012-07-22,withdrawn
Q12-0145,2012-07-24,queued
Q12-0146,2012-07-24,queued
Q12-0147,2012-07-29,queued
Q12-0148,2012-08-07,queued
Q12-0149,2012-08-07,queued
Q12-0150,2012-08-12,queued
Q12-0151,2012-08-12,queued
Q11-0004,2012-08-14,withdrawn
Q12-0152,2012-08-20,queued
Q11-0063,2012-08-24,withdrawn
Q12-0153,2012-09-01,queued
Q12-0124,2012-09-20,withdrawn
Q12-0154,2012-09-23,queued
Q12-0155,2012-09-23,queued
Q12-0156,2012-09-24,queued
Q11-0022,2012-09-26,withdrawn
Q12-0157,2012-09-29,queued
Q12-0158,2012-09-30,queued
Q12-0159,2012-09-30,queued
Q12-0160,2012-09-30,queued
Q12-0161,2012-09-30,queued
Q12-0162,2012-10-01,queued
Q12-0163,2012-10-18,queued
Q12-0164,2012-10-19,queued
Q12-0165,2012-10-22,queued
Q12-0166,2012-10-23,queued
Q12-0167,2012-10-26,queued
Q12-0168,2012-10-27,queued
Q12-0169,2012-10-27,queued
Q11-0034,2012-11-01,withdrawn
Q12-0170,2012-11-07,queued
Q12-0171,2012-11-09,queued
Q12-0172,2012-11-09,queued
Q12-0173,2012-11-14,queued
Q11-0087,2012-11-16,withdrawn
Q12-0174,2012-11-18,queued
Q12-0175,2012-11-20,queued
Q12-0176,2012-11-25,queued
Q12-0177,2012-11-28,queued
Q12-0178,2012-11-29,queued
Q12-0179,2012-11-30,queued
Q12-0180,2012-12-03,queued
Q12-0181,2012-12-03,queued
Q12-0182,2012-12-03,queued
Q12-0183,2012-12-04,queued
Q12-0184,2012-12-04,queued
Q12-0185,2012-12-07,queued
Q12-0186,2012-12-16,queued
Q12-0187,2012-12-16,queued
Q12-0188,2012-12-18,queued
Q11-0026,2012-12-24,withdrawn
Q12-0114,2012-12-25,withdrawn
Q12-0189,2012-12-25,queued
Q11-0070,2012-12-26,withdrawn
Q12-0190,2012-12-30,queued
Q13-0191,2013-01-02,queued
Q13-0192,2013-01-04,queued
Q12-0105,2013-01-09,withdrawn
Q13-0193,2013-01-10,queued
Q13-0194,2013-01-11,queued
Q13-0195,2013-01-14,queued
Q13-0196,2013-01-15,queued
Q13-0197,2013-01-17,queued
Q13-0198,2013-01-20,queued
Q13-0199,2013-02-03,queued
Q13-0200,2013-02-04,queued
Q13-0201,2013-02-04,queued
Q13-0202,2013-02-05,queued
Q12-0104,2013-02-11,withdrawn
Q13-0203,2013-02-12,queued
Q13-0204,2013-02-13,queued
Q13-0205,2013-02-15,queued
Q13-0206,2013-02-15,queued
Q13-0207,2013-02-18,queued
Q11-0037,2013-02-22,withdrawn
Q13-0208,2013-02-23,queued
Q13-0209,2013-02-25,queued
Q13-0210,2013-03-01,queued
Q13-0211,2013-03-02,queued
Q13-0212,2013-03-03,queued
Q13-0213,2013-03-06,queued
Q13-0214,2013-03-06,queued
Q13-0215,2013-03-06,queued
Q12-0148,2013-03-09,withdrawn
Q13-0216,2013-03-13,queued
Q13-0217,2013-03-18,queued
Q13-0218,2013-03-21,queued
Q13-0219,2013-03-26,queued
Q13-0220,2013-03-27,queued
Q13-0221,2013-03-27,queued
Q13-0222,2013-03-28,queued
Q13-0223,2013-03-28,queued
Q13-0224,2013-04-02,queued
Q13-0225,2013-04-11,queued
Q13-0226,2013-04-13,queued
Q13-0227,2013-04-15,queued
Q12-0096,2013-04-18,withdrawn
Q13-0228,2013-04-24,queued
Q13-0229,2013-04-25,queued
Q13-0230,2013-04-27,queued
Q13-0231,2013-04-30,queued
Q13-0232,2013-04-30,queued
Q11-0090,2013-05-01,withdrawn
Q13-0233,2013-05-09,queued
Q13-0234,2013-05-10,queued
Q13-0235,2013-05-11,queued
Q11-0006,2013-05-14,withdrawn
Q13-0236,2013-05-20,queued
Q11-0024,2013-05-23,withdrawn
Q13-0237,2013-05-24,queued
Q13-0238,2013-05-28,queued
Q13-0239,2013-05-29,queued
Q11-0088,2013-06-02,withdrawn
Q13-0240,2013-06-02,queued
Q13-0241,2013-06-03,queued
Q13-0242,2013-06-07,queued
Q13-0243,2013-06-08,queued
Q13-0244,2013-06-09,queued
Q11-0055,2013-06-11,withdrawn
Q13-0245,2013-06-11,queued
Q13-0246,2013-06-16,queued
Q11-0071,2013-06-18,withdrawn
Q11-0054,2013-06-23,withdrawn
Q12-0112,2013-06-24,withdrawn
Q13-0247,2013-06-29,queued
Q13-0248,2013-07-03,queued
Q13-0249,2013-07-04,queued
Q12-0177,2013-07-05,withdrawn
Q13-0250,2013-07-05,queued
Q13-0251,2013-07-06,queued
Q13-0252,2013-07-17,queued
Q13-0253,2013-07-19,queued
Q13-0254,2013-07-19,queued
Q11-0069,2013-07-22,withdrawn
Q13-0255,2013-07-24,queued
Q13-0256,2013-07-29,queued
Q13-0257,2013-07-30,queued
Q13-0258,2013-07-31,queued
Q12-0125,2013-08-05,withdrawn
Q13-0259,2013-08-05,queued
Q13-0260,2013-08-06,queued
Q12-0176,2013-08-09,withdrawn
Q13-0261,2013-08-12,queued
Q12-0134,2013-08-17,withdrawn
Q13-0262,2013-08-18,queued
Q13-0263,2013-08-18,queued
Q12-0106,2013-08-29,withdrawn
Q13-0264,2013-09-01,queued
Q13-0265,2013-09-05,queued
Q11-0043,2013-09-06,withdrawn
Q13-0266,2013-09-07,queued
Q13-0267,2013-09-07,queued
Q13-0268,2013-09-08,queued
Q13-0269,2013-09-13,queued
Q13-0270,2013-09-14,queued
Q11-0075,2013-09-15,withdrawn
Q13-0271,2013-09-17,queued
Q13-0272,2013-09-18,queued
Q13-0273,2013-09-18,queued
Q11-0011,2013-09-20,withdrawn
Q13-0274,2013-09-21,queued
Q12-0184,2013-09-24,withdrawn
Q13-0275,2013-09-27,queued
Q13-0276,2013-10-03,queued
Q13-0277,2013-10-10,queued
Q13-0278,2013-10-10,queued
Q13-0279,2013-10-10,queued
Q13-0280,2013-10-13,queued
Q13-0281,2013-10-16,queued
Q13-0282,2013-10-17,queued
Q13-0283,2013-10-21,queued
Q13-0284,2013-10-25,queued
Q13-0285,2013-10-27,queued
Q12-0188,2013-10-28,withdrawn
Q13-0286,2013-10-28,queued
Q13-0287,2013-11-02,queued
Q13-0288,2013-11-04,queued
Q13-0255,2013-11-05,withdrawn
Q13-0289,2013-11-07,queued
Q13-0290,2013-11-08,queued
Q13-0291,2013-11-08,queued
Q13-0292,2013-11-10,queued
Q13-0293,2013-11-17,queued
Q13-0294,2013-11-20,queued
Q13-0295,2013-11-21,queued
Q11-0073,2013-11-22,withdrawn
Q13-0296,2013-11-22,queued
Q13-0297,2013-11-25,queued
Q13-0298,2013-11-27,queued
Q11-0046,2013-12-02,withdrawn
Q13-0299,2013-12-06,queued
Q12-0115,2013-12-23,withdrawn
Q13-0300,2013-12-24,queued
Q12-0101,2013-12-27,withdrawn
Q11-0062,2013-12-29,withdrawn
Q14-0301,2014-01-01,queued
Q12-0151,2014-01-02,withdrawn
Q14-0302,2014-01-02,queued
Q14-0303,2014-01-04,queued
Q11-0061,2014-01-05,withdrawn
Q14-0304,2014-01-05,queued
Q14-0305,2014-01-07,queued
Q14-0306,2014-01-08,queued
Q14-0307,2014-01-09,queued
Q14-0308,2014-01-11,queued
Q14-0309,2014-01-14,queued
Q12-0153,2014-01-15,withdrawn
Q14-0310,2014-01-17,queued
Q14-0311,2014-01-18,queued
Q14-0312,2014-01-19,queued
Q14-0313,2014-01-19,queued
Q14-0314,2014-01-21,queued
Q14-0315,2014-01-22,queued
Q14-0316,2014-01-22,queued
Q14-0317,2014-01-23,queued
Q14-0318,2014-01-24,queued
Q14-0319,2014-01-29,queued
Q11-0077,2014-02-07,withdrawn
Q14-0320,2014-02-08,queued
Q14-0321,2014-02-08,queued
Q14-0322,2014-02-11,queued
Q14-0323,2014-02-19,queued
Q14-0324,2014-02-20,queued
Q14-0325,2014-02-25,queued
Q14-0326,2014-02-26,queued
Q14-0327,2014-03-02,queued
Q12-0100,2014-03-05,withdrawn
Q14-0328,2014-03-09,queued
Q14-0329,2014-03-15,queued
Q13-0266,2014-03-21,withdrawn
Q14-0330,2014-03-22,queued
Q14-0331,2014-03-22,queued
Q11-0059,2014-03-25,withdrawn
Q14-0332,2014-03-25,queued
Q14-0333,2014-03-26,queued
Q14-0334,2014-03-29,queued
Q14-0335,2014-04-03,queued
Q12-0122,2014-04-09,withdrawn
Q14-0336,2014-04-09,queued
Q14-0337,2014-04-15,queued
Q14-0338,2014-04-20,queued
Q12-0152,2014-04-21,withdrawn
Q13-0260,2014-04-23,withdrawn
Q14-0339,2014-04-23,queued
Q14-0340,2014-05-02,queued
Q14-0341,2014-05-04,queued
Q14-0342,2014-05-05,queued
Q14-0343,2014-05-06,queued
Q14-0344,2014-05-08,queued
Q14-0345,2014-05-10,queued
Q11-0074,2014-05-12,withdrawn
Q14-0346,2014-05-15,queued
Q14-0308,2014-05-16,withdrawn
Q14-0347,2014-05-17,queued
Q14-0348,2014-05-17,queued
Q14-0349,2014-05-19,queued
Q14-0350,2014-05-23,queued
Q14-0351,2014-05-23,queued
Q14-0352,2014-05-24,queued
Q14-0353,2014-05-24,queued
Q11-0065,2014-05-26,withdrawn
Q14-0323,2014-05-26,withdrawn
Q13-0239,2014-05-31,withdrawn
Q14-0354,2014-06-02,queued
Q14-0355,2014-06-03,queued
Q12-0107,2014-06-05,withdrawn
Q14-0356,2014-06-09,queued
Q14-0357,2014-06-12,queued
Q14-0358,2014-06-13,queued
Q12-0109,2014-06-15,withdrawn
Q14-0359,2014-06-15,queued
Q14-0360,2014-06-20,queued
Q14-0361,2014-06-26,queued
Q11-0089,2014-06-27,withdrawn
Q14-0362,2014-06-27,queued
Q14-0363,2014-06-29,queued
Q14-0364,2014-06-29,queued
Q14-0365,2014-07-04,queued
Q11-0072,2014-07-05,in_service
Q13-0273,2014-07-06,withdrawn
Q11-0082,2014-07-10,in_service
Q13-0259,2014-07-10,withdrawn
Q14-0333,2014-07-12,withdrawn
Q14-0366,2014-07-15,queued
Q13-0227,2014-07-16,withdrawn
Q14-0367,2014-07-16,queued
Q14-0368,2014-07-19,queued
Q14-0369,2014-07-20,queued
Q14-0370,2014-07-27,queued
Q14-0371,2014-07-28,queued
Q14-0372,2014-07-29,queued
Q14-0373,2014-07-30,queued
Q14-0374,2014-07-31,queued
Q14-0375,2014-08-07,queued
Q14-0376,2014-08-07,queued
Q14-0377,2014-08-09,queued
Q12-0150,2014-08-10,withdrawn
Q14-0378,2014-08-12,queued
Q14-0379,2014-08-15,queued
Q14-0380,2014-08-16,queued
Q12-0139,2014-08-19,withdrawn
Q11-0042,2014-08-26,in_service
Q14-0381,2014-08-30,queued
Q14-0382,2014-08-30,queued
Q14-0383,2014-09-02,queued
Q12-0118,2014-09-03,withdrawn
Q14-0384,2014-09-03,queued
Q14-0385,2014-09-06,queued
Q11-0018,2014-09-11,in_service
Q14-0386,2014-09-12,queued
Q14-0387,2014-09-12,queued
Q11-0012,2014-09-15,in_service
Q11-0041,2014-09-19,in_service
Q14-0388,2014-09-22,queued
Q14-0389,2014-09-22,queued
Q14-0390,2014-09-22,queued
Q14-0391,2014-09-25,queued
Q14-0392,2014-09-27,queued
Q14-0309,2014-09-28,withdrawn
Q14-0393,2014-09-29,queued
Q14-0394,2014-10-10,queued
Q13-0199,2014-10-14,withdrawn
Q14-0395,2014-10-14,queued
Q14-0396,2014-10-14,queued
Q14-0397,2014-10-15,queued
Q12-0190,2014-10-22,withdrawn
Q12-0157,2014-10-27,withdrawn
Q14-0398,2014-11-01,queued
Q14-0399,2014-11-03,queued
Q14-0400,2014-11-06,queued
Q14-0401,2014-11-08,queued
Q14-0402,2014-11-10,queued
Q14-0403,2014-11-11,queued
Q14-0404,2014-11-14,queued
Q13-0263,2014-11-15,withdrawn
Q11-0039,2014-11-19,in_service
Q11-0085,2014-11-19,in_service
Q14-0405,2014-11-19,queued
Q11-0009,2014-11-20,in_service
Q14-0406,2014-11-24,queued
Q14-0407,2014-11-24,queued
Q14-0408,2014-11-25,queued
Q14-0409,2014-12-01,queued
Q14-0410,2014-12-02,queued
Q11-0056,2014-12-05,in_service
Q14-0349,2014-12-05,withdrawn
Q14-0411,2014-12-05,queued
Q14-0412,2014-12-05,queued
Q14-0413,2014-12-05,queued
Q14-0414,2014-12-05,queued
Q14-0415,2014-12-11,queued
Q12-0117,2014-12-15,withdrawn
Q13-0284,2014-12-17,withdrawn
Q14-0416,2014-12-20,queued
Q14-0417,2014-12-21,queued
Q14-0359,2014-12-22,withdrawn
Q14-0418,2014-12-22,queued
Q14-0419,2014-12-27,queued
Q14-0420,2014-12-28,queued
Q15-0421,2015-01-04,queued
Q15-0422,2015-01-06,queued
Q12-0138,2015-01-08,withdrawn
Q11-0017,2015-01-09,in_service
Q15-0423,2015-01-11,queued
Q11-0049,2015-01-14,in_service
Q15-0424,2015-01-16,queued
Q11-0001,2015-01-17,in_service
Q12-0137,2015-01-17,withdrawn
Q15-0425,2015-01-17,queued
Q15-0426,2015-01-17,queued
Q15-0427,2015-01-18,queued
Q15-0428,2015-01-21,queued
Q15-0429,2015-01-21,queued
Q15-0430,2015-01-24,queued
Q15-0431,2015-01-24,queued
Q15-0432,2015-01-25,queued
Q11-0045,2015-01-27,in_service
Q15-0433,2015-01-31,queued
Q15-0434,2015-02-07,queued
Q13-0287,2015-02-09,withdrawn
Q11-0030,2015-02-13,in_service
Q11-0064,2015-02-13,in_service
Q12-0127,2015-02-13,in_service
Q12-0163,2015-02-13,withdrawn
Q14-0338,2015-02-13,withdrawn
Q15-0435,2015-02-15,queued
Q15-0436,2015-02-16,queued
Q12-0141,2015-02-18,withdrawn
Q11-0025,2015-02-20,in_service
Q15-0437,2015-02-20,queued
Q15-0438,2015-02-22,queued
Q15-0439,2015-02-24,queued
Q15-0440,2015-02-25,queued
Q12-0186,2015-02-28,withdrawn
Q12-0158,2015-03-01,withdrawn
Q13-0201,2015-03-02,withdrawn
Q15-0441,2015-03-02,queued
Q15-0442,2015-03-04,queued
Q13-0282,2015-03-05,withdrawn
Q15-0443,2015-03-05,queued
Q12-0169,2015-03-06,withdrawn
Q13-0275,2015-03-06,withdrawn
Q11-0003,2015-03-15,in_service
Q11-0015,2015-03-15,in_service
Q15-0444,2015-03-15,queued
Q11-0013,2015-03-17,in_service
Q14-0394,2015-03-18,withdrawn
Q15-0445,2015-03-20,queued
Q15-0446,2015-03-20,queued
Q15-0447,2015-03-20,queued
Q14-0310,2015-03-23,withdrawn
Q15-0448,2015-03-24,queued
Q15-0449,2015-03-25,queued
Q15-0450,2015-03-30,queued
Q15-0451,2015-04-01,queued
Q15-0452,2015-04-02,queued
Q15-0453,2015-04-05,queued
Q15-0454,2015-04-05,queued
Q11-0005,2015-04-08,in_service
Q15-0455,2015-04-11,queued
Q15-0456,2015-04-12,queued
Q15-0457,2015-04-13,queued
Q11-0066,2015-04-14,in_service
Q11-0027,2015-04-16,in_service
Q15-0458,2015-04-16,queued
Q15-0459,2015-04-17,queued
Q15-0460,2015-04-18,queued
Q14-0387,2015-04-21,withdrawn
Q15-0461,2015-04-22,queued
Q12-0133,2015-04-26,withdrawn
Q12-0140,2015-04-26,withdrawn
Q15-0462,2015-04-26,queued
Q15-0463,2015-04-26,queued
Q15-0464,2015-04-27,queued
Q15-0465,2015-04-27,queued
Q15-0466,2015-04-28,queued
Q15-0467,2015-04-29,queued
Q15-0468,2015-04-29,queued
Q15-0469,2015-04-30,queued
Q15-0470,2015-05-01,queued
Q15-0471,2015-05-02,queued
Q15-0472,2015-05-03,queued
Q11-0032,2015-05-04,in_service
Q15-0473,2015-05-06,queued
Q15-0474,2015-05-06,queued
Q15-0475,2015-05-08,queued
Q12-0173,2015-05-09,withdrawn
Q15-0476,2015-05-10,queued
Q15-0477,2015-05-11,queued
Q15-0478,2015-05-12,queued
Q15-0479,2015-05-13,queued
Q12-0099,2015-05-15,withdrawn
Q13-0274,2015-05-16,withdrawn
Q13-0243,2015-05-18,withdrawn
Q15-0480,2015-05-26,queued
Q13-0208,2015-05-27,withdrawn
Q12-0178,2015-05-28,withdrawn
Q15-0481,2015-05-28,queued
Q15-0482,2015-05-30,queued
Q11-0036,2015-05-31,in_service
Q15-0483,2015-06-01,queued
Q13-0218,2015-06-03,withdrawn
Q14-0408,2015-06-05,withdrawn
Q15-0484,2015-06-05,queued
Q11-0019,2015-06-12,in_service
Q15-0485,2015-06-12,queued
Q12-0091,2015-06-16,in_service
Q14-0392,2015-06-20,withdrawn
Q15-0486,2015-06-25,queued
Q15-0487,2015-06-25,queued
Q15-0488,2015-06-26,queued
Q12-0094,2015-06-29,in_service
Q13-0221,2015-07-03,withdrawn
Q15-0489,2015-07-03,queued
Q15-0490,2015-07-04,queued
Q15-0491,2015-07-06,queued
Q15-0492,2015-07-08,queued
Q15-0493,2015-07-17,queued
Q13-0198,2015-07-20,in_service
Q15-0494,2015-07-20,queued
Q13-0230,2015-07-21,withdrawn
Q12-0165,2015-07-22,withdrawn
Q15-0444,2015-07-22,withdrawn
Q15-0495,2015-07-22,queued
Q15-0496,2015-07-22,queued
Q15-0497,2015-07-29,queued
Q12-0097,2015-07-30,in_service
Q15-0498,2015-07-30,queued
Q15-0499,2015-07-30,queued
Q15-0438,2015-07-31,withdrawn
Q14-0378,2015-08-01,withdrawn
Q15-0500,2015-08-02,queued
Q15-0501,2015-08-04,queued
Q15-0502,2015-08-05,queued
Q14-0315,2015-08-06,withdrawn
Q15-0503,2015-08-08,queued
Q15-0504,2015-08-08,queued
Q15-0472,2015-08-09,withdrawn
Q15-0505,2015-08-09,queued
Q15-0506,2015-08-11,queued
Q15-0507,2015-08-15,queued
Q13-0264,2015-08-19,withdrawn
Q15-0508,2015-08-19,queued
Q15-0509,2015-08-20,queued
Q15-0510,2015-08-21,queued
Q15-0511,2015-08-22,queued
Q15-0512,2015-08-23,queued
Q15-0513,2015-08-25,queued
Q15-0514,2015-08-30,queued
Q15-0515,2015-08-31,queued
Q15-0516,2015-09-01,queued
Q15-0517,2015-09-04,queued
Q11-0076,2015-09-05,in_service
Q15-0480,2015-09-06,withdrawn
Q15-0518,2015-09-11,queued
Q15-0519,2015-09-13,queued
Q15-0520,2015-09-13,queued
Q15-0521,2015-09-16,queued
Q11-0016,2015-09-18,in_service
Q13-0299,2015-09-20,withdrawn
Q15-0522,2015-09-23,queued
Q15-0523,2015-09-24,queued
Q15-0524,2015-09-25,queued
Q15-0525,2015-09-29,queued
Q15-0526,2015-09-29,queued
Q15-0527,2015-10-03,queued
Q15-0528,2015-10-05,queued
Q15-0529,2015-10-05,queued
Q15-0530,2015-10-06,queued
Q15-0531,2015-10-10,queued
Q12-0155,2015-10-12,in_service
Q11-0020,2015-10-14,in_service
Q11-0052,2015-10-14,in_service
Q13-0195,2015-10-18,withdrawn
Q15-0532,2015-10-20,queued
Q13-0193,2015-10-22,withdrawn
Q14-0362,2015-10-22,withdrawn
Q15-0533,2015-10-24,queued
Q13-0194,2015-10-27,withdrawn
Q15-0534,2015-10-28,queued
Q12-0161,2015-10-31,in_service
Q15-0535,2015-10-31,queued
Q15-0536,2015-11-01,queued
Q15-0537,2015-11-03,queued
Q11-0033,2015-11-06,in_service
Q14-0307,2015-11-06,withdrawn
Q11-0086,2015-11-08,in_service
Q15-0538,2015-11-09,queued
Q15-0539,2015-11-10,queued
Q13-0206,2015-11-11,in_service
Q12-0111,2015-11-13,in_service
Q15-0540,2015-11-13,queued
Q15-0541,2015-11-15,queued
Q12-0183,2015-11-17,withdrawn
Q14-0418,2015-11-17,withdrawn
Q15-0542,2015-11-17,queued
Q11-0080,2015-11-19,in_service
Q15-0543,2015-11-19,queued
Q15-0544,2015-11-21,queued
Q15-0545,2015-11-23,queued
Q15-0546,2015-11-24,queued
Q13-0257,2015-11-26,withdrawn
Q13-0279,2015-11-26,withdrawn
Q15-0547,2015-11-27,queued
Q11-0035,2015-11-28,in_service
Q15-0491,2015-12-02,withdrawn
Q15-0548,2015-12-04,queued
Q15-0549,2015-12-05,queued
Q13-0202,2015-12-10,withdrawn
Q15-0550,2015-12-13,queued
Q12-0123,2015-12-16,in_service
Q15-0551,2015-12-16,queued
Q15-0552,2015-12-17,queued
Q15-0459,2015-12-18,withdrawn
Q15-0553,2015-12-18,queued
Q15-0554,2015-12-19,queued
Q15-0555,2015-12-19,queued
Q15-0556,2015-12-21,queued
Q15-0557,2015-12-23,queued
Q14-0344,2015-12-24,withdrawn
Q11-0002,2015-12-28,in_service
Q15-0558,2015-12-28,queued
Q15-0559,2015-12-30,queued
Q15-0560,2015-12-31,queued
Q12-0119,2016-01-02,in_service
Q16-0561,2016-01-02,queued
Q16-0562,2016-01-04,queued
Q16-0563,2016-01-05,queued
Q16-0564,2016-01-05,queued
Q13-0222,2016-01-06,in_service
Q16-0565,2016-01-08,queued
Q16-0566,2016-01-08,queued
Q13-0203,2016-01-09,withdrawn
Q16-0567,2016-01-10,queued
Q14-0311,2016-01-11,withdrawn
Q16-0568,2016-01-12,queued
Q16-0569,2016-01-17,queued
Q13-0246,2016-01-19,withdrawn
Q16-0570,2016-01-20,queued
Q14-0388,2016-01-21,withdrawn
Q16-0571,2016-01-22,queued
Q14-0382,2016-01-24,withdrawn
Q16-0572,2016-01-26,queued
Q14-0318,2016-01-27,withdrawn
Q16-0573,2016-01-29,queued
Q16-0574,2016-02-02,queued
Q16-0575,2016-02-06,queued
Q12-0131,2016-02-10,in_service
Q16-0576,2016-02-11,queued
Q13-0253,2016-02-17,in_service
Q16-0577,2016-02-19,queued
Q16-0578,2016-02-22,queued
Q16-0579,2016-02-23,queued
Q16-0580,2016-02-25,queued
Q16-0581,2016-02-27,queued
Q16-0582,2016-02-28,queued
Q14-0325,2016-02-29,withdrawn
Q16-0583,2016-02-29,queued
Q16-0584,2016-03-01,queued
Q16-0585,2016-03-02,queued
Q11-0078,2016-03-04,in_service
Q16-0586,2016-03-05,queued
Q16-0587,2016-03-07,queued
Q16-0588,2016-03-09,queued
Q16-0589,2016-03-09,queued
Q16-0590,2016-03-11,queued
Q16-0591,2016-03-13,queued
Q16-0592,2016-03-15,queued
Q16-0593,2016-03-17,queued
Q16-0594,2016-03-17,queued
Q16-0595,2016-03-18,queued
Q15-0556,2016-03-21,withdrawn
Q16-0596,2016-03-21,queued
Q16-0597,2016-03-22,queued
Q16-0598,2016-03-23,queued
Q16-0599,2016-03-24,queued
Q16-0600,2016-03-25,queued
Q15-0465,2016-03-28,withdrawn
Q16-0601,2016-03-30,queued
Q15-0537,2016-03-31,withdrawn
Q13-0214,2016-04-02,withdrawn
Q14-0334,2016-04-03,withdrawn
Q14-0385,2016-04-04,withdrawn
Q16-0602,2016-04-04,queued
Q13-0229,2016-04-06,withdrawn
Q16-0603,2016-04-06,queued
Q15-0541,2016-04-07,withdrawn
Q14-0346,2016-04-08,withdrawn
Q15-0515,2016-04-08,withdrawn
Q16-0604,2016-04-09,queued
Q16-0605,2016-04-10,queued
Q15-0518,2016-04-11,withdrawn
Q16-0606,2016-04-12,queued
Q13-0236,2016-04-13,withdrawn
Q16-0607,2016-04-13,queued
Q14-0391,2016-04-14,withdrawn
Q16-0608,2016-04-14,queued
Q15-0423,2016-04-15,withdrawn
Q16-0609,2016-04-15,queued
Q16-0610,2016-04-15,queued
Q16-0611,2016-04-17,queued
Q16-0612,2016-04-19,queued
Q16-0613,2016-04-20,queued
Q16-0569,2016-04-21,withdrawn
Q16-0614,2016-04-22,queued
Q16-0615,2016-04-22,queued
Q11-0021,2016-04-23,in_service
Q16-0616,2016-04-25,queued
Q13-0207,2016-04-26,in_service
Q16-0617,2016-04-28,queued
Q11-0079,2016-05-02,in_service
Q15-0437,2016-05-02,withdrawn
Q16-0618,2016-05-03,queued
Q16-0619,2016-05-09,queued
Q15-0547,2016-05-10,withdrawn
Q12-0110,2016-05-11,in_service
Q12-0159,2016-05-14,in_service
Q12-0160,2016-05-14,in_service
Q16-0620,2016-05-15,queued
Q16-0621,2016-05-17,queued
Q16-0622,2016-05-22,queued
Q16-0623,2016-05-23,queued
Q12-0135,2016-05-24,in_service
Q16-0624,2016-05-24,queued
Q14-0374,2016-05-25,withdrawn
Q16-0625,2016-05-26,queued
Q16-0626,2016-05-29,queued
Q16-0627,2016-05-31,queued
Q15-0522,2016-06-01,withdrawn
Q16-0628,2016-06-02,queued
Q11-0010,2016-06-03,in_service
Q16-0629,2016-06-03,queued
Q16-0630,2016-06-04,queued
Q13-0277,2016-06-05,withdrawn
Q16-0631,2016-06-05,queued
Q16-0632,2016-06-10,queued
Q16-0633,2016-06-12,queued
Q15-0440,2016-06-14,withdrawn
Q16-0634,2016-06-16,queued
Q16-0635,2016-06-20,queued
Q16-0636,2016-06-22,queued
Q16-0637,2016-06-22,queued
Q13-0249,2016-06-23,withdrawn
Q15-0539,2016-06-24,withdrawn
Q15-0457,2016-06-25,withdrawn
Q16-0638,2016-06-25,queued
Q16-0639,2016-06-27,queued
Q11-0038,2016-06-28,in_service
Q11-0007,2016-06-29,in_service
Q12-0185,2016-06-29,in_service
Q16-0640,2016-07-01,queued
Q16-0641,2016-07-02,queued
Q16-0642,2016-07-05,queued
Q16-0643,2016-07-05,queued
Q16-0644,2016-07-05,queued
Q16-0645,2016-07-06,queued
Q16-0646,2016-07-07,queued
Q14-0326,2016-07-10,withdrawn
Q16-0647,2016-07-11,queued
Q12-0164,2016-07-12,in_service
Q13-0223,2016-07-15,in_service
Q16-0648,2016-07-16,queued
Q16-0649,2016-07-17,queued
Q16-0650,2016-07-17,queued
Q16-0651,2016-07-17,queued
Q13-0200,2016-07-18,in_service
Q16-0652,2016-07-18,queued
Q16-0653,2016-07-19,queued
Q16-0654,2016-07-21,queued
Q16-0655,2016-07-21,queued
Q13-0231,2016-07-25,in_service
Q11-0040,2016-07-27,in_service
Q16-0656,2016-07-27,queued
Q16-0657,2016-07-28,queued
Q16-0658,2016-07-28,queued
Q13-0209,2016-08-03,in_service
Q16-0659,2016-08-04,queued
Q12-0166,2016-08-09,in_service
Q16-0660,2016-08-11,queued
Q16-0661,2016-08-11,queued
Q11-0083,2016-08-12,in_service
Q16-0662,2016-08-12,queued
Q16-0663,2016-08-15,queued
Q13-0256,2016-08-17,in_service
Q12-0126,2016-08-18,in_service
Q16-0664,2016-08-19,queued
Q16-0665,2016-08-20,queued
Q11-0067,2016-08-21,in_service
Q16-0666,2016-08-21,queued
Q16-0667,2016-08-22,queued
Q16-0668,2016-08-23,queued
Q16-0669,2016-08-23,queued
Q16-0670,2016-08-24,queued
Q16-0671,2016-08-25,queued
Q16-0672,2016-08-25,queued
Q16-0673,2016-08-25,queued
Q11-0051,2016-08-26,in_service
Q16-0674,2016-08-27,queued
Q14-0332,2016-09-01,in_service
Q16-0675,2016-09-02,queued
Q12-0095,2016-09-04,in_service
Q16-0676,2016-09-04,queued
Q13-0197,2016-09-05,in_service
Q13-0212,2016-09-07,in_service
Q16-0677,2016-09-07,queued
Q12-0146,2016-09-08,in_service
Q13-0245,2016-09-09,withdrawn
Q13-0250,2016-09-10,withdrawn
Q16-0678,2016-09-12,queued
Q16-0679,2016-09-13,queued
Q15-0426,2016-09-16,withdrawn
Q15-0450,2016-09-17,withdrawn
Q11-0044,2016-09-19,in_service
Q14-0343,2016-09-21,withdrawn
Q11-0057,2016-09-22,in_service
Q16-0561,2016-09-23,withdrawn
Q16-0680,2016-09-24,queued
Q16-0681,2016-09-24,queued
Q16-0682,2016-09-27,queued
Q12-0108,2016-09-29,in_service
Q11-0028,2016-09-30,in_service
Q16-0683,2016-10-01,queued
Q13-0224,2016-10-03,in_service
Q16-0684,2016-10-03,queued
Q16-0685,2016-10-04,queued
Q16-0686,2016-10-05,queued
Q16-0687,2016-10-06,queued
Q16-0688,2016-10-06,queued
Q12-0149,2016-10-07,in_service
Q16-0689,2016-10-08,queued
Q16-0690,2016-10-10,queued
Q12-0172,2016-10-12,in_service
Q16-0691,2016-10-14,queued
Q12-0182,2016-10-15,in_service
Q13-0220,2016-10-15,in_service
Q16-0692,2016-10-15,queued
Q16-0693,2016-10-16,queued
Q16-0694,2016-10-16,queued
Q16-0695,2016-10-20,queued
Q16-0696,2016-10-24,queued
Q14-0329,2016-10-25,in_service
Q16-0639,2016-10-25,withdrawn
Q16-0607,2016-10-26,withdrawn
Q16-0697,2016-10-26,queued
Q16-0698,2016-10-28,queued
Q12-0168,2016-10-30,in_service
Q16-0699,2016-10-30,queued
Q16-0700,2016-10-31,queued
Q16-0701,2016-11-02,queued
Q13-0268,2016-11-04,in_service
Q16-0702,2016-11-04,queued
Q15-0429,2016-11-05,withdrawn
Q16-0703,2016-11-07,queued
Q16-0595,2016-11-09,withdrawn
Q11-0058,2016-11-12,in_service
Q16-0704,2016-11-13,queued
Q13-0216,2016-11-14,in_service
Q13-0233,2016-11-18,withdrawn
Q16-0705,2016-11-18,queued
Q11-0048,2016-11-21,in_service
Q11-0050,2016-11-21,in_service
Q16-0706,2016-11-21,queued
Q15-0489,2016-11-24,withdrawn
Q16-0707,2016-11-24,queued
Q11-0031,2016-11-25,in_service
Q13-0289,2016-11-25,withdrawn
Q16-0708,2016-11-25,queued
Q16-0709,2016-11-27,queued
Q16-0710,2016-11-29,queued
Q16-0711,2016-11-30,queued
Q15-0452,2016-12-01,withdrawn
Q16-0712,2016-12-03,queued
Q15-0439,2016-12-04,withdrawn
Q16-0713,2016-12-06,queued
Q16-0714,2016-12-07,queued
Q16-0715,2016-12-09,queued
Q13-0285,2016-12-15,withdrawn
Q16-0716,2016-12-15,queued
Q13-0254,2016-12-18,in_service
Q15-0432,2016-12-18,withdrawn
Q12-0120,2016-12-19,in_service
Q16-0717,2016-12-19,queued
Q12-0103,2016-12-20,in_service
Q16-0718,2016-12-20,queued
Q11-0081,2016-12-21,in_service
Q11-0084,2016-12-21,in_service
Q16-0622,2016-12-24,withdrawn
Q16-0719,2016-12-24,queued
Q15-0428,2016-12-26,withdrawn
Q16-0720,2016-12-27,queued
Q13-0217,2016-12-30,in_service
Q11-0053,2017-01-02,in_service
Q17-0721,2017-01-04,queued
Q14-0352,2017-01-08,withdrawn
Q17-0722,2017-01-10,queued
Q17-0723,2017-01-10,queued
Q17-0724,2017-01-10,queued
Q17-0725,2017-01-10,queued
Q17-0726,2017-01-11,queued
Q12-0170,2017-01-12,in_service
Q13-0213,2017-01-13,in_service
Q17-0727,2017-01-15,queued
Q17-0728,2017-01-15,queued
Q17-0729,2017-01-16,queued
Q17-0730,2017-01-16,queued
Q13-0237,2017-01-18,in_service
Q12-0189,2017-01-19,in_service
Q13-0211,2017-01-19,in_service
Q17-0731,2017-01-20,queued
Q16-0590,2017-01-21,withdrawn
Q17-0732,2017-01-21,queued
Q17-0733,2017-01-21,queued
Q14-0303,2017-01-23,withdrawn
Q17-0734,2017-01-26,queued
Q17-0735,2017-01-27,queued
Q17-0736,2017-01-28,queued
Q17-0737,2017-01-28,queued
Q17-0738,2017-01-29,queued
Q17-0739,2017-01-30,queued
Q17-0740,2017-01-30,queued
Q17-0741,2017-01-31,queued
Q17-0742,2017-02-02,queued
Q17-0743,2017-02-03,queued
Q17-0744,2017-02-03,queued
Q17-0745,2017-02-04,queued
Q12-0116,2017-02-05,in_service
Q16-0684,2017-02-05,withdrawn
Q17-0746,2017-02-09,queued
Q17-0747,2017-02-10,queued
Q16-0608,2017-02-11,withdrawn
Q12-0142,2017-02-14,in_service
Q14-0306,2017-02-14,in_service
Q17-0748,2017-02-15,queued
Q17-0749,2017-02-16,queued
Q15-0485,2017-02-17,withdrawn
Q12-0179,2017-02-18,in_service
Q14-0320,2017-02-18,in_service
Q17-0750,2017-02-18,queued
Q17-0751,2017-02-19,queued
Q17-0752,2017-02-21,queued
Q12-0144,2017-02-23,in_service
Q16-0573,2017-02-23,withdrawn
Q17-0753,2017-02-23,queued
Q17-0754,2017-02-24,queued
Q14-0403,2017-02-26,withdrawn
Q17-0755,2017-03-02,queued
Q12-0136,2017-03-03,in_service
Q17-0756,2017-03-04,queued
Q17-0757,2017-03-05,queued
Q17-0758,2017-03-05,queued
Q15-0502,2017-03-06,withdrawn
Q17-0759,2017-03-06,queued
Q17-0760,2017-03-07,queued
Q17-0761,2017-03-07,queued
Q17-0762,2017-03-11,queued
Q17-0763,2017-03-13,queued
Q17-0764,2017-03-13,queued
Q17-0765,2017-03-14,queued
Q12-0154,2017-03-19,in_service
Q16-0644,2017-03-21,withdrawn
Q17-0766,2017-03-21,queued
Q13-0192,2017-03-23,in_service
Q15-0476,2017-03-23,withdrawn
Q12-0092,2017-03-24,in_service
Q17-0767,2017-03-24,queued
Q17-0768,2017-03-25,queued
Q17-0769,2017-03-25,queued
Q17-0770,2017-03-25,queued
Q17-0771,2017-03-27,queued
Q15-0445,2017-03-29,withdrawn
Q12-0175,2017-03-30,in_service
Q13-0240,2017-04-02,in_service
Q17-0772,2017-04-04,queued
Q17-0773,2017-04-05,queued
Q12-0156,2017-04-06,in_service
Q17-0774,2017-04-07,queued
Q13-0293,2017-04-08,in_service
Q17-0775,2017-04-08,queued
Q17-0776,2017-04-08,queued
Q17-0777,2017-04-10,queued
Q17-0778,2017-04-11,queued
Q17-0779,2017-04-11,queued
Q17-0780,2017-04-12,queued
Q17-0781,2017-04-12,queued
Q12-0102,2017-04-13,in_service
Q17-0782,2017-04-14,queued
Q17-0783,2017-04-15,queued
Q13-0271,2017-04-17,in_service
Q17-0784,2017-04-17,queued
Q17-0785,2017-04-18,queued
Q13-0225,2017-04-19,in_service
Q17-0786,2017-04-20,queued
Q12-0132,2017-04-22,in_service
Q13-0252,2017-04-23,in_service
Q13-0219,2017-04-25,in_service
Q17-0787,2017-04-26,queued
Q17-0788,2017-04-26,queued
Q17-0789,2017-04-26,queued
Q17-0790,2017-04-27,queued
Q15-0433,2017-04-28,withdrawn
Q17-0791,2017-04-28,queued
Q15-0517,2017-04-29,withdrawn
Q17-0792,2017-04-30,queued
Q17-0793,2017-05-04,queued
Q14-0404,2017-05-05,withdrawn
Q17-0794,2017-05-07,queued
Q17-0795,2017-05-07,queued
Q17-0796,2017-05-09,queued
Q17-0797,2017-05-13,queued
Q17-0798,2017-05-15,queued
Q17-0799,2017-05-17,queued
Q17-0800,2017-05-17,queued
Q17-0801,2017-05-19,queued
Q17-0802,2017-05-20,queued
Q15-0435,2017-05-23,withdrawn
Q15-0550,2017-05-23,withdrawn
Q16-0571,2017-05-24,withdrawn
Q17-0803,2017-05-24,queued
Q17-0804,2017-05-25,queued
Q17-0805,2017-05-27,queued
Q14-0407,2017-05-28,withdrawn
Q15-0549,2017-05-28,withdrawn
Q17-0806,2017-05-28,queued
Q17-0807,2017-05-29,queued
Q17-0808,2017-05-30,queued
Q13-0261,2017-05-31,in_service
Q17-0809,2017-05-31,queued
Q17-0730,2017-06-03,withdrawn
Q13-0238,2017-06-06,in_service
Q12-0098,2017-06-07,in_service
Q17-0810,2017-06-08,queued
Q17-0811,2017-06-09,queued
Q17-0812,2017-06-09,queued
Q17-0813,2017-06-10,queued
Q13-0210,2017-06-11,in_service
Q13-0247,2017-06-11,in_service
Q17-0814,2017-06-14,queued
Q13-0215,2017-06-15,in_service
Q16-0609,2017-06-15,withdrawn
Q17-0815,2017-06-16,queued
Q17-0816,2017-06-17,queued
Q14-0370,2017-06-19,in_service
Q17-0817,2017-06-22,queued
Q14-0331,2017-06-24,in_service
Q17-0818,2017-06-24,queued
Q17-0819,2017-06-26,queued
Q17-0820,2017-06-27,queued
Q17-0821,2017-06-27,queued
Q17-0822,2017-06-28,queued
Q17-0823,2017-06-28,queued
Q17-0824,2017-06-29,queued
Q17-0825,2017-06-29,queued
Q17-0826,2017-06-29,queued
Q14-0354,2017-06-30,in_service
Q17-0827,2017-06-30,queued
Q17-0828,2017-07-02,queued
Q17-0829,2017-07-02,queued
Q17-0830,2017-07-05,queued
Q12-0121,2017-07-06,in_service
Q17-0831,2017-07-06,queued
Q14-0347,2017-07-10,in_service
Q14-0356,2017-07-10,in_service
Q17-0832,2017-07-10,queued
Q17-0833,2017-07-11,queued
Q14-0416,2017-07-12,in_service
Q17-0834,2017-07-12,queued
Q17-0835,2017-07-14,queued
Q17-0836,2017-07-16,queued
Q17-0837,2017-07-18,queued
Q17-0838,2017-07-18,queued
Q17-0839,2017-07-18,queued
Q17-0840,2017-07-19,queued
Q17-0841,2017-07-20,queued
Q15-0477,2017-07-21,withdrawn
Q15-0513,2017-07-23,withdrawn
Q17-0842,2017-07-23,queued
Q13-0294,2017-07-24,in_service
Q15-0431,2017-07-24,withdrawn
Q16-0577,2017-07-25,withdrawn
Q12-0167,2017-07-26,in_service
Q17-0843,2017-07-26,queued
Q17-0844,2017-07-29,queued
Q13-0272,2017-07-31,in_service
Q15-0427,2017-07-31,withdrawn
Q17-0845,2017-08-01,queued
Q17-0846,2017-08-03,queued
Q14-0314,2017-08-05,in_service
Q17-0847,2017-08-05,queued
Q15-0493,2017-08-14,withdrawn
Q17-0848,2017-08-14,queued
Q17-0849,2017-08-14,queued
Q17-0850,2017-08-16,queued
Q14-0367,2017-08-19,in_service
Q17-0851,2017-08-21,queued
Q14-0365,2017-08-22,withdrawn
Q15-0487,2017-08-22,withdrawn
Q17-0852,2017-08-22,queued
Q17-0853,2017-08-22,queued
Q16-0614,2017-08-24,withdrawn
Q17-0854,2017-08-26,queued
Q17-0855,2017-08-26,queued
Q17-0856,2017-08-29,queued
Q17-0857,2017-08-29,queued
Q12-0174,2017-08-31,in_service
Q17-0858,2017-08-31,queued
Q17-0859,2017-08-31,queued
Q17-0860,2017-09-01,queued
Q13-0288,2017-09-02,in_service
Q17-0861,2017-09-02,queued
Q13-0191,2017-09-06,in_service
Q17-0862,2017-09-06,queued
Q17-0863,2017-09-06,queued
Q14-0301,2017-09-11,in_service
Q16-0713,2017-09-13,withdrawn
Q17-0864,2017-09-14,queued
Q17-0865,2017-09-15,queued
Q17-0866,2017-09-15,queued
Q17-0867,2017-09-17,queued
Q17-0868,2017-09-19,queued
Q17-0869,2017-09-19,queued
Q12-0187,2017-09-20,in_service
Q14-0406,2017-09-22,in_service
Q16-0672,2017-09-22,withdrawn
Q16-0565,2017-09-23,withdrawn
Q17-0870,2017-09-23,queued
Q15-0455,2017-09-26,withdrawn
Q17-0871,2017-09-27,queued
Q17-0872,2017-09-30,queued
Q17-0873,2017-09-30,queued
Q14-0377,2017-10-01,in_service
Q16-0658,2017-10-02,withdrawn
Q17-0874,2017-10-02,queued
Q17-0875,2017-10-02,queued
Q17-0876,2017-10-05,queued
Q15-0516,2017-10-06,withdrawn
Q17-0877,2017-10-07,queued
Q14-0302,2017-10-09,in_service
Q17-0878,2017-10-09,queued
Q17-0879,2017-10-10,queued
Q17-0880,2017-10-10,queued
Q17-0881,2017-10-11,queued
Q14-0375,2017-10-13,in_service
Q17-0882,2017-10-13,queued
Q17-0883,2017-10-14,queued
Q13-0281,2017-10-15,in_service
Q15-0490,2017-10-16,withdrawn
Q12-0147,2017-10-21,in_service
Q17-0884,2017-10-21,queued
Q17-0803,2017-10-24,withdrawn
Q17-0885,2017-10-26,queued
Q12-0128,2017-10-27,in_service
Q17-0886,2017-10-27,queued
Q17-0887,2017-10-29,queued
Q17-0888,2017-10-31,queued
Q17-0889,2017-11-04,queued
Q17-0890,2017-11-06,queued
Q15-0475,2017-11-10,in_service
Q12-0171,2017-11-12,in_service
Q17-0891,2017-11-13,queued
Q17-0892,2017-11-13,queued
Q13-0232,2017-11-14,in_service
Q17-0893,2017-11-14,queued
Q13-0291,2017-11-16,in_service
Q13-0251,2017-11-17,in_service
Q17-0894,2017-11-18,queued
Q13-0258,2017-11-21,in_service
Q13-0235,2017-11-22,in_service
Q17-0895,2017-11-22,queued
Q17-0896,2017-11-23,queued
Q17-0897,2017-11-24,queued
Q16-0625,2017-11-26,withdrawn
Q14-0330,2017-11-30,in_service
Q17-0773,2017-12-01,withdrawn
Q13-0262,2017-12-04,in_service
Q17-0826,2017-12-05,withdrawn
Q17-0898,2017-12-08,queued
Q17-0899,2017-12-09,queued
Q15-0434,2017-12-11,withdrawn
Q17-0900,2017-12-11,queued
Q17-0901,2017-12-11,queued
Q17-0902,2017-12-12,queued
Q17-0903,2017-12-13,queued
Q17-0904,2017-12-13,queued
Q14-0369,2017-12-15,in_service
Q17-0905,2017-12-16,queued
Q17-0906,2017-12-16,queued
Q17-0907,2017-12-17,queued
Q14-0339,2017-12-18,in_service
Q14-0313,2017-12-20,in_service
Q14-0420,2017-12-20,withdrawn
Q17-0908,2017-12-23,queued
Q17-0909,2017-12-26,queued
Q13-0276,2017-12-28,in_service
Q17-0771,2017-12-28,withdrawn
Q17-0910,2017-12-28,queued
Q13-0298,2018-01-03,in_service
Q18-0911,2018-01-03,queued
Q18-0912,2018-01-04,queued
Q18-0913,2018-01-05,queued
Q15-0500,2018-01-08,withdrawn
Q18-0914,2018-01-08,queued
Q12-0143,2018-01-11,in_service
Q15-0521,2018-01-11,withdrawn
Q18-0915,2018-01-11,queued
Q18-0916,2018-01-12,queued
Q18-0917,2018-01-13,queued
Q18-0918,2018-01-13,queued
Q18-0919,2018-01-14,queued
Q13-0228,2018-01-15,in_service
Q16-0600,2018-01-19,withdrawn
Q18-0920,2018-01-20,queued
Q12-0129,2018-01-21,in_service
Q18-0921,2018-01-21,queued
Q18-0922,2018-01-22,queued
Q13-0280,2018-01-23,in_service
Q18-0923,2018-01-23,queued
Q18-0924,2018-01-24,queued
Q18-0925,2018-01-24,queued
Q18-0926,2018-01-26,queued
Q15-0473,2018-01-27,in_service
Q18-0927,2018-01-27,queued
Q14-0366,2018-01-29,in_service
Q18-0928,2018-01-30,queued
Q18-0929,2018-01-30,queued
Q18-0930,2018-02-02,queued
Q13-0286,2018-02-04,in_service
Q18-0931,2018-02-06,queued
Q18-0932,2018-02-08,queued
Q18-0933,2018-02-08,queued
Q16-0718,2018-02-09,withdrawn
Q17-0833,2018-02-10,withdrawn
Q18-0934,2018-02-10,queued
Q18-0935,2018-02-11,queued
Q15-0460,2018-02-14,withdrawn
Q18-0936,2018-02-15,queued
Q18-0937,2018-02-18,queued
Q18-0938,2018-02-21,queued
Q17-0893,2018-02-22,withdrawn
Q12-0113,2018-02-24,in_service
Q18-0939,2018-02-24,queued
Q18-0940,2018-02-25,queued
Q18-0941,2018-02-26,queued
Q18-0942,2018-02-26,queued
Q18-0943,2018-03-02,queued
Q18-0944,2018-03-04,queued
Q18-0945,2018-03-05,queued
Q18-0946,2018-03-05,queued
Q13-0297,2018-03-07,in_service
Q14-0305,2018-03-08,in_service
Q15-0526,2018-03-08,withdrawn
Q18-0947,2018-03-08,queued
Q18-0948,2018-03-09,queued
Q14-0319,2018-03-11,in_service
Q13-0205,2018-03-12,in_service
Q15-0492,2018-03-12,withdrawn
Q16-0575,2018-03-12,withdrawn
Q14-0327,2018-03-13,in_service
Q18-0949,2018-03-14,queued
Q18-0950,2018-03-14,queued
Q15-0560,2018-03-15,withdrawn
Q18-0951,2018-03-15,queued
Q18-0952,2018-03-16,queued
Q16-0690,2018-03-17,withdrawn
Q18-0953,2018-03-18,queued
Q18-0954,2018-03-18,queued
Q18-0955,2018-03-19,queued
Q14-0340,2018-03-24,in_service
Q18-0956,2018-03-26,queued
Q18-0957,2018-03-26,queued
Q18-0958,2018-03-27,queued
Q18-0959,2018-03-27,queued
Q18-0960,2018-03-27,queued
Q18-0961,2018-03-28,queued
Q18-0962,2018-03-28,queued
Q18-0963,2018-03-29,queued
Q18-0964,2018-03-29,queued
Q14-0316,2018-04-01,in_service
Q16-0579,2018-04-03,withdrawn
Q13-0204,2018-04-05,in_service
Q17-0735,2018-04-05,withdrawn
Q18-0965,2018-04-05,queued
Q14-0341,2018-04-06,in_service
Q14-0410,2018-04-06,in_service
Q18-0966,2018-04-07,queued
Q18-0967,2018-04-08,queued
Q18-0968,2018-04-09,queued
Q12-0145,2018-04-10,in_service
Q17-0758,2018-04-12,withdrawn
Q18-0969,2018-04-12,queued
Q14-0373,2018-04-13,in_service
Q18-0970,2018-04-13,queued
Q16-0667,2018-04-15,withdrawn
Q18-0971,2018-04-16,queued
Q16-0597,2018-04-18,withdrawn
Q18-0972,2018-04-18,queued
Q12-0181,2018-04-19,in_service
Q18-0973,2018-04-19,queued
Q18-0974,2018-04-20,queued
Q18-0975,2018-04-21,queued
Q18-0976,2018-04-22,queued
Q14-0389,2018-04-24,in_service
Q17-0859,2018-04-24,withdrawn
Q17-0769,2018-05-03,withdrawn
Q18-0977,2018-05-03,queued
Q16-0603,2018-05-04,withdrawn
Q18-0978,2018-05-04,queued
Q13-0241,2018-05-05,in_service
Q17-0796,2018-05-05,withdrawn
Q17-0780,2018-05-06,withdrawn
Q18-0979,2018-05-07,queued
Q18-0980,2018-05-07,queued
Q18-0981,2018-05-09,queued
Q18-0982,2018-05-09,queued
Q18-0983,2018-05-10,queued
Q18-0984,2018-05-10,queued
Q18-0985,2018-05-10,queued
Q18-0986,2018-05-11,queued
Q17-0746,2018-05-13,withdrawn
Q18-0987,2018-05-14,queued
Q18-0935,2018-05-15,withdrawn
Q18-0988,2018-05-15,queued
Q18-0989,2018-05-16,queued
Q18-0990,2018-05-16,queued
Q15-0464,2018-05-17,withdrawn
Q18-0991,2018-05-17,queued
Q18-0992,2018-05-17,queued
Q18-0932,2018-05-18,withdrawn
Q18-0993,2018-05-19,queued
Q12-0162,2018-05-20,in_service
Q18-0994,2018-05-20,queued
Q18-0995,2018-05-23,queued
Q18-0996,2018-05-24,queued
Q18-0997,2018-05-25,queued
Q18-0998,2018-05-26,queued
Q12-0180,2018-05-27,in_service
Q18-0999,2018-05-28,queued
Q18-1000,2018-05-28,queued
Q15-0507,2018-05-29,withdrawn
Q13-0292,2018-05-30,in_service
Q14-0399,2018-05-31,in_service
Q15-0486,2018-06-01,withdrawn
Q18-1001,2018-06-03,queued
Q18-1002,2018-06-03,queued
Q18-1003,2018-06-05,queued
Q14-0348,2018-06-06,in_service
Q18-1004,2018-06-06,queued
Q13-0270,2018-06-07,in_service
Q15-0506,2018-06-08,in_service
Q16-0669,2018-06-08,withdrawn
Q12-0130,2018-06-09,in_service
Q18-1005,2018-06-14,queued
Q13-0269,2018-06-18,in_service
Q18-1006,2018-06-18,queued
Q15-0456,2018-06-19,withdrawn
Q18-1007,2018-06-21,queued
Q18-1008,2018-06-22,queued
Q18-1009,2018-06-27,queued
Q18-1010,2018-07-01,queued
Q18-1011,2018-07-06,queued
Q18-1012,2018-07-07,queued
Q18-1013,2018-07-07,queued
Q18-1014,2018-07-07,queued
Q18-1015,2018-07-08,queued
Q18-1016,2018-07-08,queued
Q13-0248,2018-07-09,in_service
Q17-0888,2018-07-10,withdrawn
Q18-1017,2018-07-10,queued
Q18-1018,2018-07-10,queued
Q13-0196,2018-07-13,in_service
Q18-1019,2018-07-16,queued
Q15-0525,2018-07-17,withdrawn
Q15-0468,2018-07-18,withdrawn
Q17-0743,2018-07-18,withdrawn
Q18-1020,2018-07-18,queued
Q18-1021,2018-07-18,queued
Q15-0474,2018-07-21,in_service
Q18-1022,2018-07-21,queued
Q18-1023,2018-07-22,queued
Q18-1024,2018-07-23,queued
Q15-0498,2018-07-25,in_service
Q18-1025,2018-07-25,queued
Q15-0494,2018-07-26,in_service
Q18-1026,2018-07-27,queued
Q14-0357,2018-07-28,in_service
Q16-0714,2018-07-28,withdrawn
Q18-1027,2018-07-28,queued
Q18-1028,2018-07-29,queued
Q13-0300,2018-07-30,in_service
Q14-0342,2018-07-31,in_service
Q18-1029,2018-08-01,queued
Q18-1030,2018-08-01,queued
Q15-0504,2018-08-02,withdrawn
Q16-0606,2018-08-03,withdrawn
Q18-1031,2018-08-03,queued
Q16-0651,2018-08-04,withdrawn
Q13-0290,2018-08-06,in_service
Q15-0531,2018-08-06,withdrawn
Q14-0321,2018-08-08,in_service
Q18-1032,2018-08-08,queued
Q17-0907,2018-08-09,withdrawn
Q15-0524,2018-08-10,in_service
Q15-0536,2018-08-10,in_service
Q18-1033,2018-08-13,queued
Q15-0471,2018-08-15,in_service
Q18-1034,2018-08-16,queued
Q18-1035,2018-08-16,queued
Q18-1036,2018-08-19,queued
Q17-0881,2018-08-20,withdrawn
Q18-1037,2018-08-20,queued
Q18-1038,2018-08-21,queued
Q18-1039,2018-08-22,queued
Q18-1040,2018-08-24,queued
Q18-1041,2018-08-24,queued
Q18-1042,2018-08-25,queued
Q18-1043,2018-08-25,queued
Q18-1044,2018-08-25,queued
Q18-1045,2018-08-26,queued
Q18-1046,2018-08-27,queued
Q18-1047,2018-08-29,queued
Q18-1048,2018-08-30,queued
Q14-0411,2018-08-31,in_service
Q18-1049,2018-08-31,queued
Q18-1050,2018-08-31,queued
Q18-1051,2018-09-01,queued
Q18-1052,2018-09-02,queued
Q13-0283,2018-09-03,in_service
Q18-1053,2018-09-03,queued
Q18-1054,2018-09-03,queued
Q16-0717,2018-09-04,withdrawn
Q18-0979,2018-09-04,withdrawn
Q16-0646,2018-09-05,withdrawn
Q18-1055,2018-09-06,queued
Q18-1056,2018-09-08,queued
Q18-1057,2018-09-10,queued
Q18-1058,2018-09-10,queued
Q16-0705,2018-09-11,withdrawn
Q18-1059,2018-09-11,queued
Q14-0412,2018-09-12,in_service
Q15-0511,2018-09-13,in_service
Q15-0552,2018-09-13,withdrawn
Q17-0856,2018-09-13,withdrawn
Q18-1060,2018-09-13,queued
Q18-1061,2018-09-15,queued
Q18-1062,2018-09-16,queued
Q18-1063,2018-09-16,queued
Q18-1064,2018-09-17,queued
Q18-1065,2018-09-17,queued
Q18-1066,2018-09-19,queued
Q15-0482,2018-09-21,withdrawn
Q16-0665,2018-09-22,withdrawn
Q18-1067,2018-09-22,queued
Q13-0278,2018-09-23,in_service
Q17-0801,2018-09-24,withdrawn
Q17-0805,2018-09-24,withdrawn
Q18-1068,2018-09-26,queued
Q18-0947,2018-09-27,withdrawn
Q14-0384,2018-09-28,in_service
Q18-1069,2018-09-28,queued
Q18-1070,2018-09-29,queued
Q18-1071,2018-09-29,queued
Q13-0265,2018-09-30,in_service
Q18-1072,2018-10-03,queued
Q18-1073,2018-10-04,queued
Q15-0523,2018-10-07,in_service
Q18-1074,2018-10-08,queued
Q18-1075,2018-10-09,queued
Q18-1076,2018-10-09,queued
Q13-0234,2018-10-12,in_service
Q14-0381,2018-10-12,in_service
Q18-1077,2018-10-12,queued
Q18-1078,2018-10-15,queued
Q13-0295,2018-10-16,in_service
Q14-0317,2018-10-16,in_service
Q18-1079,2018-10-16,queued
Q18-1080,2018-10-17,queued
Q14-0415,2018-10-18,in_service
Q18-1081,2018-10-18,queued
Q18-1082,2018-10-20,queued
Q18-1083,2018-10-22,queued
Q18-1084,2018-10-22,queued
Q18-1085,2018-10-23,queued
Q18-1086,2018-10-25,queued
Q18-1087,2018-10-26,queued
Q18-1088,2018-10-27,queued
Q14-0336,2018-10-29,in_service
Q18-1089,2018-10-29,queued
Q18-1090,2018-10-30,queued
Q18-1091,2018-10-30,queued
Q18-1092,2018-10-30,queued
Q13-0267,2018-10-31,in_service
Q14-0358,2018-10-31,in_service
Q18-1093,2018-10-31,queued
Q15-0479,2018-11-01,in_service
Q18-1094,2018-11-01,queued
Q18-0987,2018-11-02,withdrawn
Q18-1095,2018-11-02,queued
Q17-0782,2018-11-04,withdrawn
Q18-1096,2018-11-04,queued
Q18-1097,2018-11-06,queued
Q16-0694,2018-11-07,withdrawn
Q14-0364,2018-11-09,in_service
Q18-1098,2018-11-09,queued
Q18-1099,2018-11-09,queued
Q18-1100,2018-11-09,queued
Q18-1101,2018-11-09,queued
Q15-0422,2018-11-11,in_service
Q18-1102,2018-11-11,queued
Q18-1103,2018-11-11,queued
Q18-1104,2018-11-12,queued
Q16-0649,2018-11-14,withdrawn
Q18-1105,2018-11-14,queued
Q16-0687,2018-11-15,withdrawn
Q14-0361,2018-11-17,in_service
Q14-0417,2018-11-18,in_service
Q18-1106,2018-11-18,queued
Q18-1107,2018-11-18,queued
Q17-0747,2018-11-20,withdrawn
Q18-1108,2018-11-21,queued
Q18-1109,2018-11-21,queued
Q18-1110,2018-11-22,queued
Q18-1111,2018-11-23,queued
Q18-1112,2018-11-27,queued
Q18-1113,2018-11-27,queued
Q18-1114,2018-11-29,queued
Q17-0905,2018-11-30,withdrawn
Q18-1115,2018-11-30,queued
Q16-0670,2018-12-03,withdrawn
Q14-0312,2018-12-04,in_service
Q17-0761,2018-12-04,withdrawn
Q18-1116,2018-12-05,queued
Q18-1117,2018-12-06,queued
Q18-1118,2018-12-08,queued
Q18-1119,2018-12-09,queued
Q18-1120,2018-12-11,queued
Q18-1121,2018-12-12,queued
Q18-1122,2018-12-12,queued
Q15-0430,2018-12-13,in_service
Q18-1123,2018-12-13,queued
Q14-0337,2018-12-15,in_service
Q15-0463,2018-12-18,in_service
Q16-0567,2018-12-18,in_service
Q18-1124,2018-12-18,queued
Q15-0508,2018-12-21,withdrawn
Q18-1066,2018-12-21,withdrawn
Q18-1125,2018-12-21,queued
Q18-1126,2018-12-22,queued
Q14-0419,2018-12-23,in_service
Q17-0860,2018-12-23,withdrawn
Q14-0390,2018-12-26,in_service
Q18-1127,2018-12-26,queued
Q14-0345,2018-12-29,in_service
Q18-1128,2018-12-29,queued
Q15-0424,2018-12-31,in_service
Q18-1129,2018-12-31,queued
Q18-1130,2018-12-31,queued
Q19-1131,2019-01-01,queued
Q19-1132,2019-01-05,queued
Q15-0499,2019-01-06,in_service
Q17-0851,2019-01-06,withdrawn
Q19-1133,2019-01-07,queued
Q19-1134,2019-01-10,queued
Q14-0328,2019-01-17,in_service
Q19-1135,2019-01-17,queued
Q19-1136,2019-01-18,queued
Q16-0580,2019-01-19,in_service
Q13-0244,2019-01-20,in_service
Q14-0379,2019-01-20,in_service
Q18-1001,2019-01-20,withdrawn
Q19-1137,2019-01-20,queued
Q19-1138,2019-01-21,queued
Q19-1139,2019-01-21,queued
Q16-0605,2019-01-24,withdrawn
Q17-0838,2019-01-24,withdrawn
Q14-0360,2019-01-26,in_service
Q19-1140,2019-01-26,queued
Q15-0530,2019-01-28,in_service
Q16-0624,2019-01-29,in_service
Q19-1141,2019-01-29,queued
Q16-0596,2019-02-02,withdrawn
Q16-0564,2019-02-03,withdrawn
Q19-1142,2019-02-03,queued
Q19-1143,2019-02-06,queued
Q19-1144,2019-02-08,queued
Q17-0752,2019-02-10,withdrawn
Q19-1145,2019-02-12,queued
Q17-0865,2019-02-13,withdrawn
Q19-1146,2019-02-13,queued
Q19-1147,2019-02-13,queued
Q19-1148,2019-02-13,queued
Q19-1149,2019-02-15,queued
Q19-1150,2019-02-15,queued
Q17-0876,2019-02-17,withdrawn
Q19-1151,2019-02-17,queued
Q17-0727,2019-02-19,withdrawn
Q19-1152,2019-02-19,queued
Q19-1153,2019-02-20,queued
Q19-1154,2019-02-21,queued
Q19-1155,2019-02-21,queued
Q19-1156,2019-02-22,queued
Q19-1157,2019-02-22,queued
Q19-1158,2019-02-23,queued
Q19-1159,2019-02-23,queued
Q13-0226,2019-02-24,in_service
Q16-0591,2019-02-24,in_service
Q17-0733,2019-02-25,withdrawn
Q19-1160,2019-02-28,queued
Q19-1161,2019-02-28,queued
Q19-1162,2019-03-03,queued
Q19-1163,2019-03-04,queued
Q19-1164,2019-03-04,queued
Q19-1165,2019-03-06,queued
Q19-1166,2019-03-06,queued
Q16-0631,2019-03-07,in_service
Q19-1167,2019-03-07,queued
Q19-1168,2019-03-08,queued
Q19-1169,2019-03-10,queued
Q19-1170,2019-03-12,queued
Q14-0405,2019-03-13,in_service
Q14-0402,2019-03-14,in_service
Q19-1171,2019-03-15,queued
Q19-1172,2019-03-17,queued
Q17-0874,2019-03-18,withdrawn
Q19-1173,2019-03-19,queued
Q19-1174,2019-03-22,queued
Q19-1175,2019-03-22,queued
Q19-1176,2019-03-24,queued
Q19-1177,2019-03-25,queued
Q19-1178,2019-03-27,queued
Q19-1179,2019-03-29,queued
Q15-0478,2019-03-30,in_service
Q19-1180,2019-03-30,queued
Q19-1181,2019-03-30,queued
Q19-1182,2019-04-02,queued
Q19-1183,2019-04-02,queued
Q19-1184,2019-04-04,queued
Q19-1185,2019-04-05,queued
Q13-0242,2019-04-06,in_service
Q19-1186,2019-04-06,queued
Q19-1187,2019-04-06,queued
Q16-0700,2019-04-07,withdrawn
Q18-0959,2019-04-07,withdrawn
Q19-1188,2019-04-08,queued
Q19-1189,2019-04-09,queued
Q19-1190,2019-04-09,queued
Q14-0372,2019-04-10,in_service
Q19-1191,2019-04-10,queued
Q13-0296,2019-04-12,in_service
Q19-1192,2019-04-13,queued
Q19-1193,2019-04-13,queued
Q19-1194,2019-04-13,queued
Q19-1195,2019-04-14,queued
Q19-1196,2019-04-15,queued
Q19-1197,2019-04-17,queued
Q19-1198,2019-04-17,queued
Q19-1199,2019-04-18,queued
Q19-1200,2019-04-19,queued
Q19-1201,2019-04-20,queued
Q19-1202,2019-04-20,queued
Q15-0436,2019-04-27,in_service
Q19-1203,2019-04-27,queued
Q19-1204,2019-04-27,queued
Q15-0453,2019-04-28,in_service
Q16-0635,2019-04-28,withdrawn
Q19-1205,2019-04-28,queued
Q16-0628,2019-04-29,withdrawn
Q16-0708,2019-04-29,withdrawn
Q15-0559,2019-04-30,withdrawn
Q16-0668,2019-04-30,in_service
Q14-0363,2019-05-01,in_service
Q19-1206,2019-05-01,queued
Q19-1207,2019-05-01,queued
Q19-1208,2019-05-01,queued
Q14-0322,2019-05-02,in_service
Q19-1209,2019-05-02,queued
Q19-1210,2019-05-02,queued
Q19-1211,2019-05-03,queued
Q19-1212,2019-05-04,queued
Q19-1213,2019-05-05,queued
Q15-0483,2019-05-06,in_service
Q18-0984,2019-05-07,withdrawn
Q16-0586,2019-05-10,in_service
Q19-1214,2019-05-11,queued
Q14-0353,2019-05-12,in_service
Q19-1215,2019-05-12,queued
Q15-0535,2019-05-13,in_service
Q19-1216,2019-05-14,queued
Q16-0686,2019-05-15,withdrawn
Q19-1217,2019-05-15,queued
Q15-0451,2019-05-17,in_service
Q19-1218,2019-05-17,queued
Q19-1219,2019-05-18,queued
Q19-1220,2019-05-18,queued
Q19-1221,2019-05-18,queued
Q14-0409,2019-05-20,in_service
Q15-0505,2019-05-21,in_service
Q19-1222,2019-05-21,queued
Q19-1223,2019-05-22,queued
Q16-0636,2019-05-23,withdrawn
Q19-1224,2019-05-23,queued
Q19-1225,2019-05-26,queued
Q17-0734,2019-05-27,withdrawn
Q19-1226,2019-05-27,queued
Q19-1227,2019-05-28,queued
Q15-0544,2019-05-30,in_service
Q18-0993,2019-05-30,withdrawn
Q19-1228,2019-05-30,queued
Q14-0380,2019-05-31,in_service
Q18-0911,2019-06-01,withdrawn
Q15-0470,2019-06-02,in_service
Q19-1229,2019-06-02,queued
Q19-1230,2019-06-03,queued
Q17-0756,2019-06-04,withdrawn
Q19-1231,2019-06-04,queued
Q19-1232,2019-06-04,queued
Q19-1233,2019-06-05,queued
Q19-1234,2019-06-05,queued
Q14-0371,2019-06-06,in_service
Q19-1235,2019-06-08,queued
Q19-1236,2019-06-08,queued
Q19-1237,2019-06-09,queued
Q19-1238,2019-06-09,queued
Q18-1085,2019-06-11,withdrawn
Q17-0763,2019-06-13,withdrawn
Q14-0350,2019-06-14,in_service
Q19-1239,2019-06-14,queued
Q19-1240,2019-06-14,queued
Q19-1241,2019-06-15,queued
Q18-0966,2019-06-16,withdrawn
Q19-1242,2019-06-17,queued
Q19-1243,2019-06-18,queued
Q19-1244,2019-06-21,queued
Q19-1245,2019-06-21,queued
Q19-1246,2019-06-23,queued
Q18-0919,2019-06-24,withdrawn
Q16-0656,2019-06-25,withdrawn
Q19-1247,2019-06-27,queued
Q19-1248,2019-06-28,queued
Q19-1249,2019-06-29,queued
Q19-1250,2019-06-30,queued
Q17-0831,2019-07-01,withdrawn
Q19-1251,2019-07-01,queued
Q16-0618,2019-07-02,withdrawn
Q19-1252,2019-07-02,queued
Q19-1253,2019-07-08,queued
Q19-1254,2019-07-08,queued
Q14-0355,2019-07-09,in_service
Q19-1255,2019-07-09,queued
Q14-0386,2019-07-10,in_service
Q19-1256,2019-07-11,queued
Q19-1257,2019-07-11,queued
Q19-1258,2019-07-12,queued
Q16-0674,2019-07-13,withdrawn
Q19-1259,2019-07-13,queued
Q19-1260,2019-07-13,queued
Q19-1261,2019-07-13,queued
Q18-1104,2019-07-15,withdrawn
Q19-1262,2019-07-18,queued
Q19-1263,2019-07-20,queued
Q18-1086,2019-07-21,withdrawn
Q19-1264,2019-07-22,queued
Q17-0792,2019-07-23,withdrawn
Q15-0446,2019-07-24,in_service
Q19-1265,2019-07-24,queued
Q14-0400,2019-07-25,in_service
Q15-0467,2019-07-26,in_service
Q17-0869,2019-07-26,withdrawn
Q18-1048,2019-07-26,withdrawn
Q18-1122,2019-07-26,withdrawn
Q19-1266,2019-07-26,queued
Q19-1267,2019-07-26,queued
Q16-0578,2019-07-28,in_service
Q19-1268,2019-07-28,queued
Q19-1269,2019-07-29,queued
Q15-0449,2019-07-30,in_service
Q18-1096,2019-07-30,withdrawn
Q15-0466,2019-08-01,in_service
Q19-1270,2019-08-01,queued
Q19-1271,2019-08-01,queued
Q15-0510,2019-08-07,in_service
Q17-0875,2019-08-07,withdrawn
Q19-1272,2019-08-08,queued
Q19-1273,2019-08-08,queued
Q19-1274,2019-08-08,queued
Q16-0613,2019-08-09,withdrawn
Q19-1275,2019-08-11,queued
Q19-1276,2019-08-11,queued
Q16-0584,2019-08-15,withdrawn
Q19-1277,2019-08-16,queued
Q17-0739,2019-08-17,withdrawn
Q19-1278,2019-08-17,queued
Q18-1031,2019-08-20,withdrawn
Q19-1279,2019-08-20,queued
Q19-1280,2019-08-21,queued
Q14-0396,2019-08-22,in_service
Q19-1281,2019-08-23,queued
Q19-1282,2019-08-24,queued
Q19-1283,2019-08-25,queued
Q19-1284,2019-08-26,queued
Q19-1285,2019-08-27,queued
Q19-1286,2019-08-28,queued
Q17-0802,2019-08-30,withdrawn
Q19-1287,2019-08-30,queued
Q14-0395,2019-09-01,in_service
Q19-1288,2019-09-01,queued
Q19-1289,2019-09-01,queued
Q15-0555,2019-09-02,in_service
Q19-1290,2019-09-03,queued
Q19-1291,2019-09-03,queued
Q15-0462,2019-09-04,in_service
Q19-1292,2019-09-04,queued
Q19-1293,2019-09-05,queued
Q14-0393,2019-09-09,in_service
Q19-1294,2019-09-09,queued
Q19-1295,2019-09-10,queued
Q19-1296,2019-09-11,queued
Q15-0533,2019-09-12,in_service
Q19-1297,2019-09-12,queued
Q19-1298,2019-09-12,queued
Q19-1299,2019-09-13,queued
Q16-0659,2019-09-17,in_service
Q17-0863,2019-09-18,withdrawn
Q15-0520,2019-09-19,in_service
Q19-1300,2019-09-19,queued
Q19-1301,2019-09-19,queued
Q19-1302,2019-09-20,queued
Q19-1303,2019-09-21,queued
Q19-1304,2019-09-24,queued
Q16-0715,2019-09-27,in_service
Q19-1305,2019-09-27,queued
Q19-1306,2019-09-27,queued
Q19-1307,2019-09-27,queued
Q19-1308,2019-09-27,queued
Q19-1309,2019-09-27,queued
Q19-1310,2019-09-28,queued
Q19-1311,2019-10-01,queued
Q17-0811,2019-10-02,withdrawn
Q18-0952,2019-10-02,withdrawn
Q14-0335,2019-10-04,in_service
Q15-0529,2019-10-07,in_service
Q19-1312,2019-10-08,queued
Q19-1313,2019-10-08,queued
Q14-0397,2019-10-12,in_service
Q16-0692,2019-10-14,withdrawn
Q16-0697,2019-10-14,in_service
Q19-1314,2019-10-14,queued
Q19-1315,2019-10-14,queued
Q19-1316,2019-10-14,queued
Q19-1317,2019-10-16,queued
Q16-0583,2019-10-17,in_service
Q19-1318,2019-10-19,queued
Q19-1319,2019-10-22,queued
Q19-1320,2019-10-22,queued
Q16-0662,2019-10-25,in_service
Q19-1321,2019-10-25,queued
Q19-1322,2019-10-26,queued
Q15-0501,2019-10-27,in_service
Q19-1323,2019-10-27,queued
Q19-1324,2019-10-27,queued
Q19-1325,2019-10-27,queued
Q17-0772,2019-10-28,withdrawn
Q19-1326,2019-10-28,queued
Q19-1327,2019-10-28,queued
Q19-1328,2019-10-28,queued
Q18-1015,2019-10-29,withdrawn
Q17-0812,2019-10-31,withdrawn
Q15-0448,2019-11-01,in_service
Q19-1329,2019-11-01,queued
Q16-0707,2019-11-02,in_service
Q17-0731,2019-11-03,withdrawn
Q18-0997,2019-11-03,withdrawn
Q19-1330,2019-11-03,queued
Q17-0790,2019-11-04,withdrawn
Q19-1331,2019-11-04,queued
Q17-0767,2019-11-06,withdrawn
Q18-0996,2019-11-06,withdrawn
Q19-1332,2019-11-06,queued
Q19-1333,2019-11-06,queued
Q19-1334,2019-11-07,queued
Q15-0425,2019-11-08,in_service
Q18-1049,2019-11-09,withdrawn
Q16-0648,2019-11-10,in_service
Q16-0712,2019-11-10,withdrawn
Q18-0964,2019-11-10,withdrawn
Q19-1335,2019-11-10,queued
Q17-0783,2019-11-12,withdrawn
Q19-1336,2019-11-12,queued
Q14-0351,2019-11-13,in_service
Q19-1337,2019-11-13,queued
Q19-1338,2019-11-13,queued
Q16-0653,2019-11-14,in_service
Q15-0512,2019-11-15,in_service
Q19-1339,2019-11-15,queued
Q15-0484,2019-11-17,in_service
Q19-1340,2019-11-17,queued
Q18-0957,2019-11-19,withdrawn
Q19-1341,2019-11-19,queued
Q19-1342,2019-11-21,queued
Q15-0488,2019-11-22,in_service
Q15-0553,2019-11-22,in_service
Q15-0558,2019-11-22,in_service
Q19-1343,2019-11-22,queued
Q16-0634,2019-11-23,in_service
Q19-1344,2019-11-23,queued
Q19-1345,2019-11-25,queued
Q14-0368,2019-11-28,in_service
Q19-1346,2019-11-29,queued
Q19-1347,2019-11-29,queued
Q19-1348,2019-11-29,queued
Q19-1349,2019-11-30,queued
Q19-1350,2019-11-30,queued
Q19-1170,2019-12-02,withdrawn
Q17-0800,2019-12-03,withdrawn
Q19-1351,2019-12-03,queued
Q19-1352,2019-12-03,queued
Q19-1353,2019-12-04,queued
Q19-1354,2019-12-05,queued
Q18-0981,2019-12-06,withdrawn
Q14-0401,2019-12-08,in_service
Q17-0830,2019-12-08,withdrawn
Q19-1149,2019-12-08,withdrawn
Q19-1355,2019-12-09,queued
Q19-1356,2019-12-10,queued
Q18-0968,2019-12-11,withdrawn
Q19-1357,2019-12-12,queued
Q18-0923,2019-12-13,withdrawn
Q19-1358,2019-12-14,queued
Q19-1147,2019-12-15,withdrawn
Q19-1359,2019-12-15,queued
Q19-1360,2019-12-15,queued
Q19-1361,2019-12-16,queued
Q15-0540,2019-12-18,in_service
Q19-1362,2019-12-19,queued
Q16-0589,2019-12-20,in_service
Q16-0604,2019-12-20,in_service
Q19-1363,2019-12-20,queued
Q19-1364,2019-12-21,queued
Q19-1365,2019-12-21,queued
Q19-1366,2019-12-22,queued
Q15-0447,2019-12-24,in_service
Q19-1367,2019-12-25,queued
Q19-1368,2019-12-25,queued
Q18-0925,2019-12-26,withdrawn
Q19-1369,2019-12-27,queued
Q19-1370,2019-12-28,queued
Q17-0795,2019-12-31,in_service
Q15-0514,2020-01-01,in_service
Q20-1371,2020-01-01,queued
Q20-1372,2020-01-03,queued
Q20-1373,2020-01-03,queued
Q20-1374,2020-01-04,queued
Q20-1375,2020-01-04,queued
Q20-1376,2020-01-05,queued
Q17-0784,2020-01-06,withdrawn
Q20-1377,2020-01-06,queued
Q20-1378,2020-01-09,queued
Q20-1379,2020-01-09,queued
Q20-1380,2020-01-10,queued
Q20-1381,2020-01-11,queued
Q14-0304,2020-01-12,in_service
Q20-1382,2020-01-13,queued
Q20-1383,2020-01-13,queued
Q20-1384,2020-01-14,queued
Q20-1385,2020-01-14,queued
Q20-1386,2020-01-15,queued
Q15-0421,2020-01-16,in_service
Q15-0528,2020-01-16,in_service
Q20-1387,2020-01-16,queued
Q20-1388,2020-01-16,queued
Q17-0902,2020-01-17,withdrawn
Q20-1389,2020-01-17,queued
Q20-1390,2020-01-19,queued
Q19-1187,2020-01-21,withdrawn
Q20-1391,2020-01-21,queued
Q20-1392,2020-01-22,queued
Q14-0324,2020-01-23,in_service
Q19-1141,2020-01-23,withdrawn
Q15-0542,2020-01-24,in_service
Q17-0786,2020-01-26,withdrawn
Q17-0799,2020-01-26,withdrawn
Q20-1393,2020-01-26,queued
Q20-1394,2020-01-29,queued
Q20-1395,2020-01-30,queued
Q20-1396,2020-01-30,queued
Q20-1397,2020-01-31,queued
Q17-0788,2020-02-01,in_service
Q20-1398,2020-02-01,queued
Q16-0582,2020-02-04,in_service
Q17-0866,2020-02-04,in_service
Q14-0413,2020-02-06,in_service
Q15-0519,2020-02-06,in_service
Q16-0621,2020-02-07,in_service
Q18-0972,2020-02-08,withdrawn
Q16-0657,2020-02-09,in_service
Q20-1399,2020-02-10,queued
Q20-1400,2020-02-10,queued
Q15-0527,2020-02-12,in_service
Q17-0736,2020-02-12,withdrawn
Q17-0832,2020-02-12,in_service
Q20-1401,2020-02-12,queued
Q16-0623,2020-02-13,in_service
Q20-1402,2020-02-13,queued
Q20-1403,2020-02-13,queued
Q20-1404,2020-02-14,queued
Q20-1405,2020-02-15,queued
Q16-0698,2020-02-16,in_service
Q20-1406,2020-02-16,queued
Q15-0442,2020-02-17,in_service
Q18-0929,2020-02-17,withdrawn
Q16-0563,2020-02-18,in_service
Q16-0661,2020-02-19,in_service
Q20-1407,2020-02-19,queued
Q20-1408,2020-02-20,queued
Q17-0873,2020-02-21,withdrawn
Q20-1409,2020-02-22,queued
Q20-1410,2020-02-27,queued
Q18-1038,2020-03-02,withdrawn
Q20-1411,2020-03-02,queued
Q20-1412,2020-03-03,queued
Q20-1413,2020-03-03,queued
Q16-0710,2020-03-04,in_service
Q20-1414,2020-03-04,queued
Q20-1415,2020-03-04,queued
Q20-1416,2020-03-04,queued
Q15-0461,2020-03-06,in_service
Q17-0892,2020-03-06,withdrawn
Q16-0619,2020-03-09,in_service
Q19-1303,2020-03-11,withdrawn
Q20-1417,2020-03-12,queued
Q14-0383,2020-03-14,in_service
Q20-1418,2020-03-14,queued
Q20-1419,2020-03-14,queued
Q17-0880,2020-03-15,withdrawn
Q20-1420,2020-03-15,queued
Q20-1421,2020-03-16,queued
Q20-1422,2020-03-17,queued
Q20-1423,2020-03-17,queued
Q20-1424,2020-03-17,queued
Q20-1425,2020-03-17,queued
Q16-0641,2020-03-20,in_service
Q20-1426,2020-03-20,queued
Q17-0721,2020-03-21,withdrawn
Q20-1427,2020-03-23,queued
Q17-0815,2020-03-25,in_service
Q20-1428,2020-03-26,queued
Q20-1429,2020-03-27,queued
Q20-1430,2020-03-29,queued
Q20-1431,2020-03-29,queued
Q16-0643,2020-03-30,in_service
Q16-0688,2020-03-31,in_service
Q17-0798,2020-03-31,withdrawn
Q20-1432,2020-04-01,queued
Q20-1433,2020-04-01,queued
Q15-0543,2020-04-02,in_service
Q20-1434,2020-04-02,queued
Q18-1083,2020-04-03,withdrawn
Q20-1435,2020-04-03,queued
Q20-1436,2020-04-04,queued
Q15-0441,2020-04-05,in_service
Q15-0538,2020-04-05,in_service
Q20-1437,2020-04-06,queued
Q20-1438,2020-04-07,queued
Q20-1439,2020-04-08,queued
Q20-1440,2020-04-08,queued
Q20-1441,2020-04-10,queued
Q20-1373,2020-04-11,withdrawn
Q20-1442,2020-04-12,queued
Q20-1443,2020-04-12,queued
Q20-1444,2020-04-12,queued
Q20-1445,2020-04-13,queued
Q19-1262,2020-04-16,withdrawn
Q20-1446,2020-04-16,queued
Q20-1447,2020-04-16,queued
Q20-1448,2020-04-17,queued
Q20-1449,2020-04-19,queued
Q20-1450,2020-04-20,queued
Q20-1451,2020-04-21,queued
Q14-0398,2020-04-22,in_service
Q15-0503,2020-04-22,in_service
Q15-0469,2020-04-23,in_service
Q20-1452,2020-04-23,queued
Q20-1453,2020-04-25,queued
Q20-1454,2020-04-25,queued
Q17-0726,2020-04-26,in_service
Q20-1455,2020-04-27,queued
Q20-1456,2020-04-27,queued
Q17-0793,2020-04-28,in_service
Q20-1457,2020-04-28,queued
Q20-1458,2020-04-29,queued
Q20-1459,2020-04-30,queued
Q16-0574,2020-05-01,in_service
Q20-1460,2020-05-01,queued
Q19-1321,2020-05-02,withdrawn
Q19-1336,2020-05-04,withdrawn
Q20-1461,2020-05-04,queued
Q16-0664,2020-05-08,in_service
Q17-0766,2020-05-08,in_service
Q20-1462,2020-05-08,queued
Q17-0819,2020-05-09,in_service
Q20-1463,2020-05-09,queued
Q16-0660,2020-05-10,in_service
Q20-1464,2020-05-10,queued
Q18-0954,2020-05-11,withdrawn
Q19-1204,2020-05-11,withdrawn
Q20-1465,2020-05-11,queued
Q18-0991,2020-05-12,withdrawn
Q19-1297,2020-05-12,withdrawn
Q15-0497,2020-05-13,in_service
Q17-0868,2020-05-14,withdrawn
Q20-1466,2020-05-14,queued
Q20-1467,2020-05-16,queued
Q20-1468,2020-05-16,queued
Q20-1469,2020-05-18,queued
Q15-0458,2020-05-19,in_service
Q16-0633,2020-05-19,in_service
Q20-1470,2020-05-19,queued
Q18-1056,2020-05-21,withdrawn
Q19-1361,2020-05-24,withdrawn
Q20-1471,2020-05-24,queued
Q16-0612,2020-05-25,in_service
Q20-1472,2020-05-26,queued
Q16-0704,2020-05-27,in_service
Q14-0414,2020-05-28,in_service
Q20-1473,2020-05-28,queued
Q20-1474,2020-05-29,queued
Q17-0760,2020-05-30,in_service
Q20-1372,2020-05-30,withdrawn
Q20-1475,2020-05-31,queued
Q20-1476,2020-05-31,queued
Q20-1477,2020-05-31,queued
Q20-1478,2020-06-01,queued
Q20-1479,2020-06-02,queued
Q20-1480,2020-06-03,queued
Q20-1481,2020-06-03,queued
Q16-0682,2020-06-04,in_service
Q20-1482,2020-06-05,queued
Q18-1012,2020-06-06,withdrawn
Q20-1483,2020-06-06,queued
Q20-1484,2020-06-07,queued
Q20-1485,2020-06-07,queued
Q20-1486,2020-06-08,queued
Q20-1487,2020-06-08,queued
Q20-1488,2020-06-09,queued
Q17-0751,2020-06-11,in_service
Q19-1316,2020-06-11,withdrawn
Q20-1489,2020-06-11,queued
Q20-1490,2020-06-11,queued
Q20-1491,2020-06-11,queued
Q20-1492,2020-06-12,queued
Q20-1493,2020-06-14,queued
Q20-1494,2020-06-14,queued
Q20-1495,2020-06-14,queued
Q20-1496,2020-06-15,queued
Q15-0496,2020-06-18,in_service
Q16-0702,2020-06-19,in_service
Q18-0928,2020-06-19,withdrawn
Q19-1307,2020-06-19,withdrawn
Q20-1497,2020-06-20,queued
Q20-1498,2020-06-21,queued
Q20-1499,2020-06-23,queued
Q20-1500,2020-06-24,queued
Q20-1501,2020-06-25,queued
Q20-1502,2020-06-27,queued
Q17-0728,2020-06-28,in_service
Q20-1503,2020-06-28,queued
Q20-1504,2020-06-28,queued
Q20-1505,2020-06-28,queued
Q20-1506,2020-06-29,queued
Q20-1507,2020-06-29,queued
Q20-1508,2020-06-29,queued
Q15-0532,2020-06-30,in_service
Q17-0789,2020-06-30,withdrawn
Q18-1026,2020-06-30,withdrawn
Q20-1509,2020-07-01,queued
Q16-0629,2020-07-02,in_service
Q20-1510,2020-07-02,queued
Q18-0924,2020-07-03,withdrawn
Q17-0884,2020-07-04,in_service
Q17-0839,2020-07-05,in_service
Q18-1000,2020-07-05,withdrawn
Q20-1511,2020-07-05,queued
Q20-1512,2020-07-05,queued
Q20-1513,2020-07-06,queued
Q20-1514,2020-07-06,queued
Q18-0927,2020-07-07,withdrawn
Q20-1515,2020-07-08,queued
Q20-1516,2020-07-08,queued
Q18-0974,2020-07-09,withdrawn
Q20-1517,2020-07-09,queued
Q20-1518,2020-07-11,queued
Q16-0693,2020-07-12,in_service
Q20-1519,2020-07-12,queued
Q20-1520,2020-07-13,queued
Q20-1521,2020-07-14,queued
Q15-0454,2020-07-16,in_service
Q17-0882,2020-07-16,withdrawn
Q20-1522,2020-07-16,queued
Q16-0680,2020-07-19,in_service
Q14-0376,2020-07-20,in_service
Q18-1055,2020-07-20,withdrawn
Q20-1523,2020-07-20,queued
Q20-1524,2020-07-20,queued
Q18-1072,2020-07-21,withdrawn
Q20-1525,2020-07-21,queued
Q16-0640,2020-07-26,in_service
Q20-1526,2020-07-26,queued
Q20-1527,2020-07-26,queued
Q20-1528,2020-07-26,queued
Q20-1529,2020-07-27,queued
Q16-0696,2020-07-28,in_service
Q16-0699,2020-07-28,in_service
Q20-1530,2020-07-28,queued
Q20-1531,2020-07-29,queued
Q20-1449,2020-07-30,withdrawn
Q20-1532,2020-07-30,queued
Q15-0481,2020-07-31,in_service
Q20-1533,2020-07-31,queued
Q20-1534,2020-08-01,queued
Q20-1535,2020-08-01,queued
Q20-1536,2020-08-03,queued
Q20-1537,2020-08-03,queued
Q15-0495,2020-08-04,in_service
Q20-1538,2020-08-04,queued
Q20-1539,2020-08-04,queued
Q20-1540,2020-08-04,queued
Q20-1541,2020-08-08,queued
Q20-1542,2020-08-11,queued
Q20-1543,2020-08-14,queued
Q16-0685,2020-08-15,in_service
Q16-0587,2020-08-17,in_service
Q20-1544,2020-08-17,queued
Q20-1545,2020-08-17,queued
Q20-1546,2020-08-17,queued
Q17-0724,2020-08-18,withdrawn
Q20-1547,2020-08-18,queued
Q20-1548,2020-08-19,queued
Q20-1549,2020-08-19,queued
Q20-1550,2020-08-19,queued
Q20-1551,2020-08-20,queued
Q20-1552,2020-08-20,queued
Q20-1553,2020-08-21,queued
Q20-1554,2020-08-21,queued
Q16-0676,2020-08-23,in_service
Q20-1555,2020-08-23,queued
Q20-1556,2020-08-23,queued
Q20-1557,2020-08-24,queued
Q20-1558,2020-08-25,queued
Q20-1559,2020-08-27,queued
Q20-1560,2020-08-27,queued
Q20-1561,2020-08-28,queued
Q18-0917,2020-08-29,in_service
Q20-1562,2020-08-29,queued
Q20-1563,2020-08-30,queued
Q20-1564,2020-08-31,queued
Q20-1565,2020-09-01,queued
Q19-1150,2020-09-02,withdrawn
Q18-1047,2020-09-03,withdrawn
Q20-1566,2020-09-04,queued
Q16-0645,2020-09-05,in_service
Q20-1567,2020-09-06,queued
Q20-1568,2020-09-07,queued
Q16-0568,2020-09-08,in_service
Q18-1050,2020-09-08,withdrawn
Q19-1173,2020-09-11,withdrawn
Q20-1569,2020-09-13,queued
Q20-1570,2020-09-13,queued
Q15-0546,2020-09-16,in_service
Q19-1153,2020-09-16,withdrawn
Q18-1093,2020-09-19,withdrawn
Q15-0554,2020-09-21,in_service
Q17-0908,2020-09-21,withdrawn
Q20-1571,2020-09-21,queued
Q19-1186,2020-09-23,withdrawn
Q20-1572,2020-09-24,queued
Q20-1573,2020-09-24,queued
Q15-0509,2020-09-25,in_service
Q16-0617,2020-09-25,in_service
Q20-1457,2020-09-25,withdrawn
Q20-1574,2020-09-26,queued
Q19-1362,2020-09-27,withdrawn
Q17-0785,2020-09-28,in_service
Q20-1575,2020-09-28,queued
Q20-1576,2020-09-28,queued
Q19-1271,2020-09-29,withdrawn
Q20-1577,2020-10-01,queued
Q20-1578,2020-10-02,queued
Q20-1579,2020-10-04,queued
Q20-1580,2020-10-06,queued
Q20-1581,2020-10-06,queued
Q19-1289,2020-10-08,withdrawn
Q20-1582,2020-10-08,queued
Q20-1583,2020-10-08,queued
Q20-1584,2020-10-09,queued
Q20-1585,2020-10-09,queued
Q20-1586,2020-10-10,queued
Q20-1587,2020-10-10,queued
Q20-1588,2020-10-10,queued
Q20-1589,2020-10-11,queued
Q20-1590,2020-10-11,queued
Q17-0842,2020-10-13,in_service
Q18-0999,2020-10-14,withdrawn
Q20-1591,2020-10-14,queued
Q16-0638,2020-10-15,in_service
Q20-1592,2020-10-16,queued
Q20-1593,2020-10-18,queued
Q20-1594,2020-10-20,queued
Q20-1595,2020-10-20,queued
Q16-0588,2020-10-22,in_service
Q20-1596,2020-10-28,queued
Q16-0610,2020-10-29,in_service
Q17-0848,2020-10-29,withdrawn
Q20-1597,2020-10-29,queued
Q18-1084,2020-10-30,withdrawn
Q20-1598,2020-10-30,queued
Q20-1599,2020-10-30,queued
Q20-1600,2020-10-30,queued
Q16-0594,2020-11-02,in_service
Q16-0601,2020-11-02,in_service
Q15-0443,2020-11-04,in_service
Q19-1317,2020-11-06,withdrawn
Q20-1601,2020-11-07,queued
Q20-1602,2020-11-08,queued
Q20-1603,2020-11-10,queued
Q16-0652,2020-11-11,in_service
Q20-1503,2020-11-11,withdrawn
Q20-1604,2020-11-11,queued
Q20-1605,2020-11-11,queued
Q20-1606,2020-11-12,queued
Q20-1607,2020-11-12,queued
Q20-1608,2020-11-13,queued
Q16-0626,2020-11-14,in_service
Q20-1609,2020-11-14,queued
Q16-0683,2020-11-18,in_service
Q17-0754,2020-11-19,in_service
Q20-1610,2020-11-19,queued
Q20-1611,2020-11-19,queued
Q16-0570,2020-11-20,in_service
Q16-0611,2020-11-22,in_service
Q20-1435,2020-11-22,withdrawn
Q20-1612,2020-11-22,queued
Q20-1613,2020-11-23,queued
Q20-1614,2020-11-25,queued
Q18-1042,2020-11-26,withdrawn
Q18-1091,2020-11-28,withdrawn
Q17-0748,2020-11-30,in_service
Q20-1540,2020-12-02,withdrawn
Q20-1615,2020-12-03,queued
Q16-0585,2020-12-04,in_service
Q16-0675,2020-12-05,in_service
Q20-1616,2020-12-06,queued
Q20-1617,2020-12-06,queued
Q20-1507,2020-12-07,withdrawn
Q16-0671,2020-12-08,in_service
Q20-1618,2020-12-08,queued
Q20-1619,2020-12-08,queued
Q20-1620,2020-12-09,queued
Q20-1621,2020-12-11,queued
Q16-0562,2020-12-12,in_service
Q16-0716,2020-12-12,in_service
Q20-1622,2020-12-13,queued
Q20-1623,2020-12-14,queued
Q20-1624,2020-12-14,queued
Q20-1625,2020-12-15,queued
Q20-1626,2020-12-16,queued
Q20-1627,2020-12-18,queued
Q20-1628,2020-12-18,queued
Q20-1629,2020-12-20,queued
Q20-1630,2020-12-22,queued
Q20-1631,2020-12-24,queued
Q20-1632,2020-12-24,queued
Q20-1633,2020-12-24,queued
Q20-1634,2020-12-25,queued
Q20-1635,2020-12-25,queued
Q20-1636,2020-12-25,queued
Q20-1637,2020-12-25,queued
Q20-1638,2020-12-26,queued
Q19-1199,2020-12-27,withdrawn
Q20-1639,2020-12-27,queued
Q18-1102,2020-12-29,withdrawn
Q20-1640,2020-12-29,queued
Q17-0732,2020-12-30,in_service
Q16-0581,2020-12-31,in_service
Q16-0666,2021-01-01,in_service
Q21-1641,2021-01-01,queued
Q21-1642,2021-01-02,queued
Q21-1643,2021-01-02,queued
Q21-1644,2021-01-02,queued
Q19-1164,2021-01-05,withdrawn
Q21-1645,2021-01-06,queued
Q16-0681,2021-01-07,in_service
Q21-1646,2021-01-07,queued
Q21-1647,2021-01-09,queued
Q17-0878,2021-01-11,in_service
Q18-0971,2021-01-11,in_service
Q21-1648,2021-01-12,queued
Q21-1649,2021-01-13,queued
Q20-1487,2021-01-14,withdrawn
Q17-0823,2021-01-15,in_service
Q18-0967,2021-01-15,in_service
Q21-1650,2021-01-16,queued
Q21-1651,2021-01-17,queued
Q16-0689,2021-01-18,in_service
Q21-1652,2021-01-18,queued
Q17-0765,2021-01-20,in_service
Q18-0934,2021-01-21,in_service
Q17-0741,2021-01-23,in_service
Q17-0778,2021-01-23,in_service
Q21-1653,2021-01-23,queued
Q21-1654,2021-01-24,queued
Q21-1655,2021-01-24,queued
Q21-1656,2021-01-24,queued
Q16-0632,2021-01-25,in_service
Q21-1657,2021-01-25,queued
Q16-0654,2021-01-27,in_service
Q16-0592,2021-01-28,in_service
Q17-0897,2021-01-29,in_service
Q19-1200,2021-01-29,withdrawn
Q21-1658,2021-01-29,queued
Q21-1659,2021-01-29,queued
Q21-1660,2021-01-30,queued
Q17-0791,2021-01-31,in_service
Q21-1661,2021-02-01,queued
Q18-1011,2021-02-02,in_service
Q21-1662,2021-02-02,queued
Q15-0557,2021-02-03,in_service
Q21-1663,2021-02-04,queued
Q19-1140,2021-02-05,withdrawn
Q21-1664,2021-02-05,queued
Q18-1080,2021-02-07,withdrawn
Q21-1665,2021-02-07,queued
Q19-1328,2021-02-10,withdrawn
Q21-1666,2021-02-10,queued
Q21-1667,2021-02-10,queued
Q21-1668,2021-02-11,queued
Q16-0691,2021-02-12,in_service
Q20-1601,2021-02-15,withdrawn
Q21-1669,2021-02-15,queued
Q21-1670,2021-02-15,queued
Q15-0545,2021-02-16,in_service
Q21-1671,2021-02-16,queued
Q21-1672,2021-02-16,queued
Q21-1673,2021-02-17,queued
Q19-1158,2021-02-18,withdrawn
Q21-1674,2021-02-18,queued
Q21-1675,2021-02-19,queued
Q21-1676,2021-02-19,queued
Q19-1179,2021-02-20,withdrawn
Q16-0673,2021-02-21,in_service
Q21-1677,2021-02-21,queued
Q21-1678,2021-02-22,queued
Q21-1679,2021-02-23,queued
Q20-1461,2021-02-25,withdrawn
Q21-1680,2021-02-25,queued
Q21-1681,2021-02-25,queued
Q18-0986,2021-02-26,in_service
Q19-1198,2021-02-26,withdrawn
Q17-0755,2021-02-27,in_service
Q21-1682,2021-02-27,queued
Q21-1683,2021-02-27,queued
Q21-1684,2021-02-28,queued
Q21-1685,2021-03-04,queued
Q21-1686,2021-03-04,queued
Q16-0642,2021-03-06,in_service
Q21-1687,2021-03-06,queued
Q19-1168,2021-03-07,withdrawn
Q15-0548,2021-03-08,in_service
Q21-1688,2021-03-08,queued
Q17-0807,2021-03-09,in_service
Q19-1137,2021-03-09,withdrawn
Q21-1689,2021-03-09,queued
Q18-1002,2021-03-11,withdrawn
Q21-1690,2021-03-11,queued
Q21-1691,2021-03-11,queued
Q21-1692,2021-03-13,queued
Q21-1693,2021-03-13,queued
Q21-1694,2021-03-14,queued
Q21-1695,2021-03-15,queued
Q21-1696,2021-03-16,queued
Q17-0829,2021-03-17,in_service
Q21-1697,2021-03-18,queued
Q17-0845,2021-03-23,in_service
Q19-1368,2021-03-23,withdrawn
Q21-1698,2021-03-24,queued
Q21-1699,2021-03-24,queued
Q16-0599,2021-03-25,in_service
Q21-1700,2021-03-26,queued
Q18-1021,2021-03-27,in_service
Q19-1256,2021-03-27,withdrawn
Q21-1701,2021-03-27,queued
Q21-1702,2021-03-28,queued
Q17-0895,2021-03-30,withdrawn
Q21-1703,2021-03-30,queued
Q21-1704,2021-03-30,queued
Q21-1705,2021-03-31,queued
Q21-1706,2021-04-02,queued
Q21-1707,2021-04-02,queued
Q21-1708,2021-04-03,queued
Q21-1709,2021-04-03,queued
Q18-0921,2021-04-04,in_service
Q21-1710,2021-04-05,queued
Q17-0843,2021-04-06,in_service
Q21-1711,2021-04-07,queued
Q21-1712,2021-04-08,queued
Q21-1713,2021-04-10,queued
Q21-1714,2021-04-11,queued
Q21-1715,2021-04-11,queued
Q18-0977,2021-04-12,in_service
Q19-1183,2021-04-12,withdrawn
Q21-1716,2021-04-12,queued
Q17-0834,2021-04-13,in_service
Q21-1717,2021-04-13,queued
Q21-1718,2021-04-13,queued
Q17-0849,2021-04-14,in_service
Q17-0910,2021-04-14,in_service
Q21-1719,2021-04-14,queued
Q15-0534,2021-04-16,in_service
Q18-1058,2021-04-16,withdrawn
Q21-1720,2021-04-16,queued
Q21-1721,2021-04-17,queued
Q21-1722,2021-04-17,queued
Q21-1723,2021-04-18,queued
Q21-1724,2021-04-18,queued
Q21-1725,2021-04-18,queued
Q21-1726,2021-04-19,queued
Q19-1188,2021-04-21,withdrawn
Q21-1727,2021-04-21,queued
Q17-0906,2021-04-22,in_service
Q18-1077,2021-04-22,withdrawn
Q21-1728,2021-04-23,queued
Q21-1729,2021-04-23,queued
Q21-1730,2021-04-25,queued
Q16-0701,2021-04-26,in_service
Q21-1731,2021-04-26,queued
Q21-1732,2021-04-26,queued
Q21-1733,2021-04-28,queued
Q16-0572,2021-04-29,in_service
Q18-0926,2021-04-30,in_service
Q21-1734,2021-05-01,queued
Q21-1735,2021-05-01,queued
Q18-1020,2021-05-04,withdrawn
Q20-1609,2021-05-04,withdrawn
Q21-1736,2021-05-05,queued
Q21-1737,2021-05-05,queued
Q17-0775,2021-05-06,in_service
Q21-1738,2021-05-07,queued
Q21-1739,2021-05-07,queued
Q16-0598,2021-05-08,in_service
Q17-0787,2021-05-08,in_service
Q21-1740,2021-05-08,queued
Q21-1741,2021-05-08,queued
Q18-1108,2021-05-10,withdrawn
Q20-1623,2021-05-10,withdrawn
Q21-1742,2021-05-10,queued
Q21-1743,2021-05-11,queued
Q21-1744,2021-05-13,queued
Q21-1745,2021-05-14,queued
Q21-1746,2021-05-14,queued
Q21-1747,2021-05-15,queued
Q21-1748,2021-05-15,queued
Q18-0920,2021-05-16,in_service
Q21-1749,2021-05-16,queued
Q21-1750,2021-05-17,queued
Q17-0725,2021-05-18,in_service
Q21-1751,2021-05-18,queued
Q17-0858,2021-05-19,in_service
Q21-1752,2021-05-19,queued
Q21-1753,2021-05-19,queued
Q17-0797,2021-05-20,in_service
Q18-1068,2021-05-20,withdrawn
Q21-1754,2021-05-21,queued
Q21-1755,2021-05-22,queued
Q21-1756,2021-05-23,queued
Q21-1757,2021-05-24,queued
Q18-0953,2021-05-25,withdrawn
Q19-1266,2021-05-26,withdrawn
Q21-1758,2021-05-26,queued
Q21-1759,2021-05-26,queued
Q21-1760,2021-05-26,queued
Q17-0887,2021-05-27,in_service
Q21-1761,2021-05-31,queued
Q16-0627,2021-06-01,in_service
Q21-1762,2021-06-02,queued
Q21-1763,2021-06-04,queued
Q21-1642,2021-06-05,withdrawn
Q21-1764,2021-06-06,queued
Q21-1765,2021-06-07,queued
Q21-1766,2021-06-07,queued
Q21-1767,2021-06-08,queued
Q21-1768,2021-06-08,queued
Q21-1769,2021-06-08,queued
Q21-1770,2021-06-08,queued
Q21-1771,2021-06-09,queued
Q21-1772,2021-06-09,queued
Q21-1773,2021-06-09,queued
Q21-1774,2021-06-09,queued
Q16-0650,2021-06-10,in_service
Q18-1023,2021-06-10,withdrawn
Q18-1054,2021-06-11,withdrawn
Q21-1775,2021-06-11,queued
Q21-1776,2021-06-12,queued
Q21-1777,2021-06-13,queued
Q21-1778,2021-06-13,queued
Q17-0776,2021-06-14,in_service
Q21-1779,2021-06-14,queued
Q19-1323,2021-06-15,withdrawn
Q21-1780,2021-06-15,queued
Q21-1781,2021-06-15,queued
Q21-1782,2021-06-15,queued
Q18-1044,2021-06-17,withdrawn
Q21-1783,2021-06-18,queued
Q18-0958,2021-06-19,withdrawn
Q21-1784,2021-06-19,queued
Q21-1785,2021-06-20,queued
Q21-1786,2021-06-21,queued
Q18-0948,2021-06-22,withdrawn
Q19-1306,2021-06-22,withdrawn
Q21-1787,2021-06-22,queued
Q21-1788,2021-06-22,queued
Q21-1789,2021-06-22,queued
Q21-1790,2021-06-23,queued
Q20-1628,2021-06-24,withdrawn
Q21-1791,2021-06-24,queued
Q19-1216,2021-06-25,withdrawn
Q21-1792,2021-06-25,queued
Q21-1793,2021-06-25,queued
Q19-1167,2021-06-26,withdrawn
Q21-1794,2021-06-26,queued
Q16-0593,2021-06-27,in_service
Q21-1795,2021-06-27,queued
Q21-1796,2021-06-27,queued
Q21-1797,2021-06-29,queued
Q21-1798,2021-06-29,queued
Q20-1481,2021-06-30,withdrawn
Q21-1799,2021-07-01,queued
Q18-1030,2021-07-02,withdrawn
Q21-1800,2021-07-03,queued
Q21-1801,2021-07-04,queued
Q19-1275,2021-07-05,withdrawn
Q21-1802,2021-07-05,queued
Q18-1053,2021-07-06,withdrawn
Q21-1803,2021-07-06,queued
Q21-1804,2021-07-06,queued
Q21-1805,2021-07-07,queued
Q21-1806,2021-07-07,queued
Q21-1807,2021-07-07,queued
Q21-1808,2021-07-09,queued
Q21-1809,2021-07-09,queued
Q21-1810,2021-07-09,queued
Q21-1811,2021-07-10,queued
Q21-1812,2021-07-13,queued
Q17-0870,2021-07-14,in_service
Q21-1813,2021-07-14,queued
Q21-1814,2021-07-14,queued
Q21-1815,2021-07-15,queued
Q21-1816,2021-07-17,queued
Q21-1817,2021-07-18,queued
Q16-0720,2021-07-19,in_service
Q19-1229,2021-07-19,withdrawn
Q21-1818,2021-07-19,queued
Q18-1088,2021-07-20,in_service
Q21-1819,2021-07-20,queued
Q21-1820,2021-07-21,queued
Q21-1821,2021-07-21,queued
Q21-1822,2021-07-22,queued
Q21-1823,2021-07-24,queued
Q21-1824,2021-07-25,queued
Q19-1302,2021-07-26,withdrawn
Q21-1825,2021-07-26,queued
Q21-1826,2021-07-26,queued
Q21-1827,2021-07-27,queued
Q21-1828,2021-07-27,queued
Q21-1829,2021-07-27,queued
Q19-1356,2021-07-28,withdrawn
Q21-1830,2021-07-28,queued
Q21-1831,2021-07-28,queued
Q21-1832,2021-07-29,queued
Q21-1833,2021-07-29,queued
Q17-0744,2021-07-30,in_service
Q21-1834,2021-07-30,queued
Q21-1835,2021-07-30,queued
Q21-1836,2021-07-31,queued
Q16-0655,2021-08-01,in_service
Q21-1837,2021-08-01,queued
Q16-0706,2021-08-02,in_service
Q21-1838,2021-08-02,queued
Q21-1839,2021-08-02,queued
Q21-1840,2021-08-03,queued
Q15-0551,2021-08-04,in_service
Q18-0944,2021-08-05,withdrawn
Q21-1841,2021-08-05,queued
Q21-1842,2021-08-05,queued
Q21-1843,2021-08-06,queued
Q21-1844,2021-08-06,queued
Q17-0764,2021-08-08,in_service
Q19-1132,2021-08-08,withdrawn
Q21-1845,2021-08-10,queued
Q21-1846,2021-08-10,queued
Q21-1847,2021-08-10,queued
Q17-0862,2021-08-11,in_service
Q17-0867,2021-08-11,in_service
Q18-1003,2021-08-11,in_service
Q21-1848,2021-08-12,queued
Q18-1004,2021-08-13,withdrawn
Q16-0602,2021-08-14,in_service
Q17-0777,2021-08-14,in_service
Q21-1849,2021-08-14,queued
Q21-1850,2021-08-15,queued
Q21-1851,2021-08-16,queued
Q21-1852,2021-08-17,queued
Q21-1853,2021-08-19,queued
Q21-1854,2021-08-20,queued
Q21-1855,2021-08-20,queued
Q21-1856,2021-08-20,queued
Q21-1857,2021-08-21,queued
Q19-1345,2021-08-22,withdrawn
Q21-1858,2021-08-22,queued
Q16-0620,2021-08-23,in_service
Q20-1620,2021-08-23,withdrawn
Q21-1859,2021-08-24,queued
Q21-1860,2021-08-24,queued
Q17-0762,2021-08-25,in_service
Q21-1861,2021-08-25,queued
Q21-1862,2021-08-25,queued
Q21-1863,2021-08-26,queued
Q21-1864,2021-08-26,queued
Q17-0742,2021-08-28,in_service
Q21-1865,2021-08-28,queued
Q17-0847,2021-08-30,in_service
Q21-1866,2021-08-31,queued
Q21-1867,2021-08-31,queued
Q20-1571,2021-09-01,withdrawn
Q21-1868,2021-09-01,queued
Q21-1869,2021-09-03,queued
Q21-1870,2021-09-03,queued
Q21-1871,2021-09-03,queued
Q21-1872,2021-09-03,queued
Q19-1326,2021-09-06,withdrawn
Q21-1873,2021-09-06,queued
Q21-1874,2021-09-08,queued
Q16-0637,2021-09-10,in_service
Q21-1875,2021-09-10,queued
Q21-1876,2021-09-12,queued
Q21-1877,2021-09-12,queued
Q17-0877,2021-09-13,in_service
Q21-1878,2021-09-13,queued
Q21-1701,2021-09-14,withdrawn
Q17-0861,2021-09-16,in_service
Q21-1879,2021-09-16,queued
Q21-1880,2021-09-18,queued
Q16-0566,2021-09-19,in_service
Q16-0663,2021-09-19,in_service
Q21-1881,2021-09-19,queued
Q21-1882,2021-09-19,queued
Q21-1883,2021-09-19,queued
Q20-1441,2021-09-20,withdrawn
Q21-1884,2021-09-23,queued
Q21-1726,2021-09-24,withdrawn
Q21-1885,2021-09-25,queued
Q16-0709,2021-09-26,in_service
Q21-1886,2021-09-26,queued
Q21-1887,2021-09-27,queued
Q21-1888,2021-09-27,queued
Q21-1889,2021-09-27,queued
Q21-1890,2021-09-28,queued
Q20-1462,2021-09-29,withdrawn
Q20-1465,2021-09-29,withdrawn
Q21-1891,2021-09-29,queued
Q19-1146,2021-09-30,in_service
Q21-1892,2021-09-30,queued
Q20-1374,2021-10-01,withdrawn
Q17-0891,2021-10-02,in_service
Q16-0630,2021-10-03,in_service
Q21-1893,2021-10-04,queued
Q21-1894,2021-10-04,queued
Q21-1895,2021-10-05,queued
Q21-1896,2021-10-06,queued
Q19-1247,2021-10-07,withdrawn
Q20-1554,2021-10-07,withdrawn
Q21-1897,2021-10-07,queued
Q18-1081,2021-10-08,in_service
Q21-1898,2021-10-08,queued
Q21-1899,2021-10-08,queued
Q17-0903,2021-10-09,in_service
Q18-0990,2021-10-09,in_service
Q21-1900,2021-10-11,queued
Q21-1901,2021-10-12,queued
Q17-0894,2021-10-13,in_service
Q18-0965,2021-10-13,in_service
Q21-1902,2021-10-13,queued
Q21-1903,2021-10-14,queued
Q17-0749,2021-10-15,in_service
Q21-1904,2021-10-15,queued
Q16-0615,2021-10-17,in_service
Q20-1556,2021-10-18,withdrawn
Q21-1905,2021-10-18,queued
Q18-0988,2021-10-20,in_service
Q21-1906,2021-10-21,queued
Q21-1907,2021-10-21,queued
Q19-1295,2021-10-22,withdrawn
Q19-1319,2021-10-24,withdrawn
Q21-1908,2021-10-24,queued
Q21-1814,2021-10-25,withdrawn
Q21-1909,2021-10-25,queued
Q21-1910,2021-10-26,queued
Q21-1911,2021-10-26,queued
Q18-1127,2021-10-27,withdrawn
Q21-1912,2021-10-27,queued
Q18-1121,2021-10-28,in_service
Q21-1913,2021-10-28,queued
Q21-1914,2021-10-28,queued
Q21-1792,2021-10-29,withdrawn
Q21-1915,2021-10-29,queued
Q21-1916,2021-10-31,queued
Q21-1917,2021-10-31,queued
Q21-1918,2021-10-31,queued
Q18-1017,2021-11-01,in_service
Q21-1919,2021-11-01,queued
Q21-1920,2021-11-01,queued
Q21-1672,2021-11-02,withdrawn
Q16-0616,2021-11-03,in_service
Q21-1921,2021-11-03,queued
Q19-1265,2021-11-05,withdrawn
Q21-1922,2021-11-06,queued
Q21-1923,2021-11-07,queued
Q16-0711,2021-11-08,in_service
Q21-1924,2021-11-08,queued
Q21-1925,2021-11-09,queued
Q17-0836,2021-11-10,in_service
Q18-1100,2021-11-10,withdrawn
Q20-1625,2021-11-10,withdrawn
Q21-1926,2021-11-11,queued
Q16-0679,2021-11-12,in_service
Q21-1927,2021-11-12,queued
Q17-0806,2021-11-14,in_service
Q21-1928,2021-11-14,queued
Q21-1929,2021-11-14,queued
Q21-1930,2021-11-15,queued
Q21-1931,2021-11-15,queued
Q17-0781,2021-11-16,in_service
Q18-0939,2021-11-16,in_service
Q21-1932,2021-11-16,queued
Q18-0978,2021-11-17,in_service
Q21-1933,2021-11-17,queued
Q18-0969,2021-11-19,in_service
Q21-1934,2021-11-20,queued
Q18-0963,2021-11-24,in_service
Q21-1687,2021-11-24,withdrawn
Q21-1935,2021-11-25,queued
Q21-1936,2021-11-25,queued
Q21-1937,2021-11-25,queued
Q21-1938,2021-11-25,queued
Q21-1939,2021-11-26,queued
Q21-1940,2021-11-26,queued
Q21-1941,2021-11-26,queued
Q21-1942,2021-11-27,queued
Q21-1943,2021-11-27,queued
Q18-1099,2021-11-28,in_service
Q21-1675,2021-11-28,withdrawn
Q21-1773,2021-11-28,withdrawn
Q21-1944,2021-11-29,queued
Q21-1945,2021-11-29,queued
Q21-1946,2021-11-30,queued
Q21-1947,2021-11-30,queued
Q19-1205,2021-12-01,in_service
Q19-1312,2021-12-01,withdrawn
Q21-1948,2021-12-01,queued
Q21-1949,2021-12-01,queued
Q17-0841,2021-12-02,in_service
Q21-1950,2021-12-02,queued
Q21-1779,2021-12-03,withdrawn
Q16-0647,2021-12-06,in_service
Q21-1951,2021-12-06,queued
Q20-1579,2021-12-07,withdrawn
Q21-1952,2021-12-07,queued
Q21-1953,2021-12-08,queued
Q21-1954,2021-12-08,queued
Q17-0768,2021-12-09,in_service
Q18-0950,2021-12-09,in_service
Q21-1955,2021-12-10,queued
Q18-1114,2021-12-11,withdrawn
Q21-1956,2021-12-11,queued
Q21-1957,2021-12-11,queued
Q19-1282,2021-12-12,withdrawn
Q20-1460,2021-12-12,withdrawn
Q21-1958,2021-12-12,queued
Q21-1959,2021-12-13,queued
Q17-0729,2021-12-15,in_service
Q18-0970,2021-12-15,in_service
Q21-1960,2021-12-15,queued
Q21-1961,2021-12-16,queued
Q20-1442,2021-12-17,withdrawn
Q21-1962,2021-12-17,queued
Q21-1963,2021-12-18,queued
Q20-1637,2021-12-19,withdrawn
Q20-1407,2021-12-20,withdrawn
Q17-0846,2021-12-23,in_service
Q21-1964,2021-12-24,queued
Q18-1130,2021-12-25,in_service
Q21-1965,2021-12-25,queued
Q21-1966,2021-12-27,queued
Q21-1967,2021-12-27,queued
Q21-1968,2021-12-28,queued
Q21-1969,2021-12-28,queued
Q19-1241,2021-12-29,withdrawn
Q21-1970,2021-12-29,queued
Q22-1971,2022-01-01,queued
Q21-1736,2022-01-02,withdrawn
Q22-1972,2022-01-02,queued
Q22-1973,2022-01-02,queued
Q22-1974,2022-01-02,queued
Q22-1975,2022-01-05,queued
Q22-1976,2022-01-06,queued
Q22-1977,2022-01-06,queued
Q19-1139,2022-01-07,in_service
Q22-1978,2022-01-07,queued
Q19-1248,2022-01-09,withdrawn
Q22-1979,2022-01-09,queued
Q22-1980,2022-01-10,queued
Q18-1113,2022-01-11,in_service
Q22-1981,2022-01-11,queued
Q22-1982,2022-01-11,queued
Q22-1983,2022-01-12,queued
Q18-1071,2022-01-13,in_service
Q22-1984,2022-01-13,queued
Q19-1259,2022-01-14,withdrawn
Q17-0820,2022-01-15,in_service
Q20-1428,2022-01-15,withdrawn
Q22-1985,2022-01-15,queued
Q22-1986,2022-01-16,queued
Q16-0576,2022-01-17,in_service
Q17-0759,2022-01-17,in_service
Q22-1987,2022-01-17,queued
Q22-1988,2022-01-18,queued
Q17-0809,2022-01-21,in_service
Q22-1989,2022-01-21,queued
Q21-1645,2022-01-22,withdrawn
Q22-1990,2022-01-22,queued
Q22-1991,2022-01-22,queued
Q17-0854,2022-01-23,in_service
Q22-1992,2022-01-23,queued
Q17-0855,2022-01-24,in_service
Q22-1993,2022-01-25,queued
Q22-1994,2022-01-26,queued
Q17-0909,2022-01-27,in_service
Q17-0779,2022-01-30,in_service
Q19-1277,2022-01-31,withdrawn
Q22-1995,2022-01-31,queued
Q17-0750,2022-02-03,in_service
Q22-1996,2022-02-03,queued
Q18-0994,2022-02-04,in_service
Q22-1997,2022-02-04,queued
Q22-1998,2022-02-04,queued
Q21-1682,2022-02-05,withdrawn
Q22-1999,2022-02-05,queued
Q18-1006,2022-02-06,in_service
Q19-1327,2022-02-06,withdrawn
Q22-2000,2022-02-06,queued
Q22-2001,2022-02-06,queued
Q22-2002,2022-02-06,queued
Q22-2003,2022-02-06,queued
Q22-2004,2022-02-07,queued
Q18-1105,2022-02-08,in_service
Q19-1171,2022-02-08,in_service
Q22-2005,2022-02-08,queued
Q22-2006,2022-02-08,queued
Q22-2007,2022-02-09,queued
Q17-0853,2022-02-10,in_service
Q17-0883,2022-02-10,in_service
Q18-0989,2022-02-11,in_service
Q20-1624,2022-02-13,withdrawn
Q21-1827,2022-02-14,withdrawn
Q22-2008,2022-02-16,queued
Q22-2009,2022-02-17,queued
Q22-2010,2022-02-19,queued
Q22-2011,2022-02-20,queued
Q22-2012,2022-02-21,queued
Q22-2013,2022-02-23,queued
Q21-1884,2022-02-24,withdrawn
Q21-1919,2022-02-24,withdrawn
Q22-2014,2022-02-24,queued
Q17-0814,2022-02-26,in_service
Q18-1007,2022-02-26,in_service
Q17-0840,2022-02-27,in_service
Q22-2015,2022-02-28,queued
Q21-1744,2022-03-01,withdrawn
Q22-2016,2022-03-01,queued
Q22-2017,2022-03-01,queued
Q22-2018,2022-03-02,queued
Q22-2019,2022-03-03,queued
Q22-2020,2022-03-04,queued
Q18-0982,2022-03-05,in_service
Q19-1145,2022-03-06,in_service
Q22-2021,2022-03-06,queued
Q22-2022,2022-03-06,queued
Q22-2023,2022-03-06,queued
Q22-2024,2022-03-07,queued
Q16-0678,2022-03-08,in_service
Q22-2025,2022-03-08,queued
Q19-1176,2022-03-10,in_service
Q20-1411,2022-03-10,withdrawn
Q20-1474,2022-03-10,withdrawn
Q17-0740,2022-03-11,in_service
Q22-2026,2022-03-11,queued
Q20-1594,2022-03-13,withdrawn
Q22-2027,2022-03-14,queued
Q22-2028,2022-03-14,queued
Q19-1196,2022-03-15,in_service
Q22-2029,2022-03-16,queued
Q22-2030,2022-03-17,queued
Q22-2031,2022-03-19,queued
Q22-2032,2022-03-20,queued
Q18-0942,2022-03-21,in_service
Q18-1052,2022-03-21,in_service
Q22-2033,2022-03-22,queued
Q22-2034,2022-03-22,queued
Q22-2035,2022-03-23,queued
Q18-0946,2022-03-24,in_service
Q19-1340,2022-03-24,withdrawn
Q20-1597,2022-03-24,withdrawn
Q21-1940,2022-03-24,withdrawn
Q22-2036,2022-03-24,queued
Q22-2037,2022-03-24,queued
Q17-0757,2022-03-25,in_service
Q22-2038,2022-03-26,queued
Q22-2039,2022-03-26,queued
Q22-2040,2022-03-29,queued
Q22-2041,2022-03-30,queued
Q17-0879,2022-03-31,in_service
Q19-1281,2022-03-31,in_service
Q20-1568,2022-03-31,withdrawn
Q22-2042,2022-03-31,queued
Q19-1242,2022-04-01,in_service
Q22-2043,2022-04-01,queued
Q22-2044,2022-04-01,queued
Q17-0824,2022-04-02,in_service
Q20-1588,2022-04-02,withdrawn
Q22-2045,2022-04-02,queued
Q22-2046,2022-04-03,queued
Q22-2047,2022-04-04,queued
Q22-2048,2022-04-04,queued
Q22-2049,2022-04-04,queued
Q19-1263,2022-04-05,in_service
Q22-2050,2022-04-05,queued
Q17-0817,2022-04-06,in_service
Q22-2051,2022-04-06,queued
Q22-2052,2022-04-06,queued
Q18-1036,2022-04-07,in_service
Q21-1830,2022-04-07,withdrawn
Q22-2053,2022-04-08,queued
Q22-2054,2022-04-08,queued
Q17-0900,2022-04-09,in_service
Q22-2055,2022-04-09,queued
Q22-2056,2022-04-09,queued
Q17-0872,2022-04-10,in_service
Q18-1032,2022-04-10,in_service
Q18-1123,2022-04-11,in_service
Q22-2057,2022-04-11,queued
Q22-2058,2022-04-12,queued
Q22-2059,2022-04-13,queued
Q16-0677,2022-04-14,in_service
Q21-1759,2022-04-14,withdrawn
Q22-2060,2022-04-14,queued
Q22-2061,2022-04-14,queued
Q17-0822,2022-04-15,in_service
Q17-0770,2022-04-16,in_service
Q22-2062,2022-04-16,queued
Q20-1559,2022-04-17,withdrawn
Q21-1920,2022-04-17,withdrawn
Q17-0890,2022-04-18,in_service
Q22-2063,2022-04-18,queued
Q22-2064,2022-04-18,queued
Q17-0904,2022-04-19,in_service
Q18-0913,2022-04-19,in_service
Q18-1034,2022-04-19,in_service
Q19-1305,2022-04-20,withdrawn
Q22-2065,2022-04-20,queued
Q19-1143,2022-04-21,in_service
Q22-2066,2022-04-21,queued
Q22-2067,2022-04-21,queued
Q17-0886,2022-04-24,in_service
Q20-1406,2022-04-24,withdrawn
Q22-2068,2022-04-24,queued
Q22-2069,2022-04-25,queued
Q22-2070,2022-04-25,queued
Q17-0844,2022-04-27,in_service
Q22-2071,2022-04-27,queued
Q17-0827,2022-04-28,in_service
Q22-2072,2022-04-29,queued
Q21-1671,2022-04-30,withdrawn
Q22-2073,2022-04-30,queued
Q20-1639,2022-05-01,withdrawn
Q19-1287,2022-05-02,withdrawn
Q22-2074,2022-05-02,queued
Q18-1046,2022-05-04,in_service
Q22-2075,2022-05-04,queued
Q17-0723,2022-05-05,in_service
Q22-2076,2022-05-05,queued
Q20-1538,2022-05-07,withdrawn
Q22-2077,2022-05-08,queued
Q22-2078,2022-05-09,queued
Q20-1569,2022-05-11,withdrawn
Q22-2079,2022-05-11,queued
Q22-2080,2022-05-11,queued
Q22-2081,2022-05-12,queued
Q22-2082,2022-05-12,queued
Q22-2083,2022-05-13,queued
Q19-1370,2022-05-14,withdrawn
Q22-2084,2022-05-15,queued
Q21-1669,2022-05-16,withdrawn
Q22-2085,2022-05-16,queued
Q17-0850,2022-05-17,in_service
Q18-0962,2022-05-19,in_service
Q22-2086,2022-05-20,queued
Q22-2087,2022-05-20,queued
Q17-0885,2022-05-21,in_service
Q20-1499,2022-05-21,withdrawn
Q17-0837,2022-05-22,in_service
Q18-0937,2022-05-22,in_service
Q22-2088,2022-05-22,queued
Q19-1156,2022-05-23,in_service
Q22-2089,2022-05-23,queued
Q22-2090,2022-05-23,queued
Q22-2091,2022-05-23,queued
Q22-2092,2022-05-23,queued
Q22-2093,2022-05-24,queued
Q20-1415,2022-05-26,withdrawn
Q22-2094,2022-05-26,queued
Q22-2095,2022-05-26,queued
Q22-2096,2022-05-27,queued
Q22-2097,2022-05-29,queued
Q18-1070,2022-05-30,in_service
Q21-1689,2022-05-30,withdrawn
Q22-2098,2022-05-31,queued
Q22-2099,2022-05-31,queued
Q22-2100,2022-06-01,queued
Q22-2101,2022-06-01,queued
Q17-0737,2022-06-02,in_service
Q20-1593,2022-06-02,withdrawn
Q17-0896,2022-06-03,in_service
Q22-2102,2022-06-03,queued
Q22-2103,2022-06-05,queued
Q20-1408,2022-06-06,withdrawn
Q19-1206,2022-06-07,in_service
Q16-0703,2022-06-08,in_service
Q17-0825,2022-06-08,in_service
Q22-2104,2022-06-08,queued
Q19-1193,2022-06-09,in_service
Q22-2105,2022-06-10,queued
Q22-2106,2022-06-10,queued
Q22-2107,2022-06-11,queued
Q22-2108,2022-06-11,queued
Q19-1280,2022-06-12,withdrawn
Q22-2109,2022-06-12,queued
Q18-1027,2022-06-13,in_service
Q17-0810,2022-06-14,in_service
Q20-1558,2022-06-14,withdrawn
Q22-2110,2022-06-15,queued
Q21-1950,2022-06-16,withdrawn
Q22-2111,2022-06-16,queued
Q18-0961,2022-06-17,in_service
Q19-1180,2022-06-17,in_service
Q21-1742,2022-06-17,withdrawn
Q22-2112,2022-06-17,queued
Q22-2113,2022-06-18,queued
Q16-0695,2022-06-19,in_service
Q22-2114,2022-06-19,queued
Q18-1074,2022-06-20,in_service
Q22-2115,2022-06-20,queued
Q17-0899,2022-06-21,in_service
Q22-2027,2022-06-21,withdrawn
Q22-2116,2022-06-21,queued
Q18-0930,2022-06-22,in_service
Q21-1852,2022-06-22,withdrawn
Q22-2117,2022-06-22,queued
Q19-1296,2022-06-23,withdrawn
Q21-1930,2022-06-23,withdrawn
Q22-2118,2022-06-24,queued
Q22-2119,2022-06-25,queued
Q21-1854,2022-06-26,withdrawn
Q18-1094,2022-06-27,in_service
Q22-2120,2022-06-30,queued
Q22-2121,2022-06-30,queued
Q22-2122,2022-07-01,queued
Q21-1834,2022-07-02,withdrawn
Q22-2123,2022-07-02,queued
Q18-1061,2022-07-03,in_service
Q19-1220,2022-07-04,in_service
Q19-1160,2022-07-05,in_service
Q17-0889,2022-07-06,in_service
Q22-2124,2022-07-06,queued
Q22-2125,2022-07-06,queued
Q21-1907,2022-07-07,withdrawn
Q22-2126,2022-07-07,queued
Q18-1018,2022-07-08,in_service
Q18-1008,2022-07-09,in_service
Q20-1578,2022-07-09,withdrawn
Q18-0960,2022-07-10,in_service
Q22-2127,2022-07-10,queued
Q19-1207,2022-07-11,in_service
Q22-2128,2022-07-12,queued
Q22-2129,2022-07-12,queued
Q22-2130,2022-07-13,queued
Q22-2131,2022-07-13,queued
Q17-0753,2022-07-14,in_service
Q20-1410,2022-07-14,withdrawn
Q22-2132,2022-07-14,queued
Q22-2133,2022-07-15,queued
Q22-2134,2022-07-16,queued
Q22-2135,2022-07-16,queued
Q18-1112,2022-07-18,in_service
Q22-2136,2022-07-20,queued
Q22-2137,2022-07-20,queued
Q22-2138,2022-07-21,queued
Q22-2139,2022-07-21,queued
Q22-2140,2022-07-21,queued
Q22-2141,2022-07-22,queued
Q18-0973,2022-07-24,in_service
Q19-1273,2022-07-24,in_service
Q22-2142,2022-07-24,queued
Q20-1421,2022-07-25,withdrawn
Q20-1585,2022-07-25,withdrawn
Q22-2143,2022-07-26,queued
Q19-1202,2022-07-28,in_service
Q22-2144,2022-07-28,queued
Q22-2145,2022-07-29,queued
Q22-2146,2022-07-29,queued
Q19-1354,2022-07-30,withdrawn
Q21-1699,2022-07-31,withdrawn
Q18-1073,2022-08-02,in_service
Q20-1414,2022-08-02,withdrawn
Q20-1546,2022-08-02,withdrawn
Q18-1041,2022-08-03,in_service
Q19-1172,2022-08-03,in_service
Q21-1802,2022-08-03,withdrawn
Q20-1561,2022-08-04,withdrawn
Q22-2147,2022-08-05,queued
Q22-2148,2022-08-05,queued
Q22-2149,2022-08-05,queued
Q18-1024,2022-08-06,in_service
Q22-2150,2022-08-06,queued
Q18-1014,2022-08-09,in_service
Q21-1942,2022-08-09,withdrawn
Q22-2151,2022-08-10,queued
Q19-1161,2022-08-11,in_service
Q22-2152,2022-08-11,queued
Q22-2153,2022-08-11,queued
Q21-1731,2022-08-12,withdrawn
Q22-2009,2022-08-12,withdrawn
Q22-2154,2022-08-12,queued
Q19-1185,2022-08-13,in_service
Q22-2155,2022-08-14,queued
Q22-2156,2022-08-14,queued
Q22-2157,2022-08-14,queued
Q18-0949,2022-08-15,in_service
Q19-1233,2022-08-15,in_service
Q17-0794,2022-08-16,in_service
Q22-2158,2022-08-16,queued
Q22-2159,2022-08-16,queued
Q18-0956,2022-08-17,in_service
Q20-1532,2022-08-19,withdrawn
Q19-1293,2022-08-20,in_service
Q18-1022,2022-08-21,in_service
Q22-2160,2022-08-22,queued
Q22-2161,2022-08-22,queued
Q19-1313,2022-08-23,in_service
Q22-2162,2022-08-23,queued
Q22-2163,2022-08-23,queued
Q17-0828,2022-08-24,in_service
Q19-1169,2022-08-25,in_service
Q20-1417,2022-08-25,withdrawn
Q22-2164,2022-08-25,queued
Q22-2165,2022-08-26,queued
Q22-2166,2022-08-26,queued
Q20-1549,2022-08-28,withdrawn
Q22-2039,2022-08-28,withdrawn
Q22-2167,2022-08-28,queued
Q22-2168,2022-08-29,queued
Q20-1583,2022-08-31,withdrawn
Q22-2169,2022-08-31,queued
Q22-2170,2022-08-31,queued
Q17-0813,2022-09-01,in_service
Q17-0821,2022-09-01,in_service
Q22-2171,2022-09-01,queued
Q18-0983,2022-09-02,in_service
Q22-2172,2022-09-02,queued
Q22-2173,2022-09-02,queued
Q18-0916,2022-09-03,in_service
Q21-1926,2022-09-03,withdrawn
Q20-1599,2022-09-05,withdrawn
Q19-1342,2022-09-06,in_service
Q20-1485,2022-09-06,withdrawn
Q22-2174,2022-09-06,queued
Q22-2175,2022-09-07,queued
Q22-2176,2022-09-07,queued
Q19-1330,2022-09-08,withdrawn
Q22-2177,2022-09-08,queued
Q19-1159,2022-09-09,in_service
Q19-1203,2022-09-09,in_service
Q19-1249,2022-09-09,in_service
Q22-2178,2022-09-09,queued
Q22-2179,2022-09-09,queued
Q22-2180,2022-09-09,queued
Q22-2181,2022-09-09,queued
Q22-2182,2022-09-10,queued
Q22-2183,2022-09-11,queued
Q18-1087,2022-09-14,in_service
Q20-1528,2022-09-14,withdrawn
Q17-0738,2022-09-16,in_service
Q19-1240,2022-09-16,in_service
Q19-1231,2022-09-17,in_service
Q22-2184,2022-09-18,queued
Q20-1433,2022-09-20,withdrawn
Q22-2185,2022-09-22,queued
Q18-1019,2022-09-23,in_service
Q22-1972,2022-09-23,withdrawn
Q22-2186,2022-09-23,queued
Q22-2187,2022-09-23,queued
Q22-2188,2022-09-25,queued
Q22-2189,2022-09-25,queued
Q20-1390,2022-09-26,withdrawn
Q22-2190,2022-09-26,queued
Q17-0816,2022-09-27,in_service
Q22-2191,2022-09-27,queued
Q16-0719,2022-09-28,in_service
Q22-2192,2022-09-29,queued
Q22-2193,2022-09-30,queued
Q17-0901,2022-10-01,in_service
Q19-1232,2022-10-01,in_service
Q22-2194,2022-10-01,queued
Q18-1117,2022-10-02,in_service
Q22-2195,2022-10-02,queued
Q22-2196,2022-10-02,queued
Q22-2197,2022-10-03,queued
Q22-2198,2022-10-04,queued
Q19-1269,2022-10-05,in_service
Q22-2199,2022-10-05,queued
Q22-2200,2022-10-05,queued
Q22-2201,2022-10-05,queued
Q22-2202,2022-10-07,queued
Q18-1078,2022-10-08,in_service
Q20-1413,2022-10-08,in_service
Q20-1618,2022-10-08,withdrawn
Q17-0804,2022-10-09,in_service
Q22-2203,2022-10-10,queued
Q22-2204,2022-10-10,queued
Q22-2018,2022-10-11,withdrawn
Q22-2205,2022-10-11,queued
Q22-2206,2022-10-11,queued
Q22-2207,2022-10-11,queued
Q20-1640,2022-10-12,withdrawn
Q22-2208,2022-10-12,queued
Q19-1309,2022-10-16,in_service
Q18-1106,2022-10-18,in_service
Q21-1785,2022-10-18,withdrawn
Q22-1987,2022-10-18,withdrawn
Q17-0852,2022-10-20,in_service
Q22-2209,2022-10-20,queued
Q22-2210,2022-10-21,queued
Q22-2211,2022-10-22,queued
Q19-1252,2022-10-23,in_service
Q22-2212,2022-10-23,queued
Q22-2213,2022-10-23,queued
Q22-2214,2022-10-23,queued
Q19-1343,2022-10-24,in_service
Q21-1801,2022-10-24,withdrawn
Q19-1174,2022-10-25,in_service
Q18-1043,2022-10-26,in_service
Q19-1283,2022-10-26,in_service
Q22-2215,2022-10-26,queued
Q22-2216,2022-10-26,queued
Q20-1566,2022-10-27,withdrawn
Q22-2217,2022-10-27,queued
Q22-2218,2022-10-27,queued
Q22-2219,2022-10-28,queued
Q22-2220,2022-10-28,queued
Q22-2221,2022-10-30,queued
Q22-2222,2022-10-30,queued
Q22-2223,2022-11-01,queued
Q22-2114,2022-11-02,withdrawn
Q22-2224,2022-11-02,queued
Q17-0745,2022-11-03,in_service
Q22-2225,2022-11-03,queued
Q21-1762,2022-11-04,withdrawn
Q22-2226,2022-11-05,queued
Q18-1016,2022-11-07,in_service
Q19-1245,2022-11-07,in_service
Q19-1363,2022-11-07,in_service
Q22-2227,2022-11-07,queued
Q22-2228,2022-11-07,queued
Q19-1208,2022-11-08,in_service
Q22-2229,2022-11-09,queued
Q22-2230,2022-11-09,queued
Q22-2231,2022-11-11,queued
Q22-2232,2022-11-12,queued
Q22-2233,2022-11-13,queued
Q20-1488,2022-11-14,withdrawn
Q22-2234,2022-11-14,queued
Q22-2035,2022-11-15,withdrawn
Q22-2093,2022-11-16,withdrawn
Q22-2235,2022-11-16,queued
Q22-2236,2022-11-16,queued
Q19-1181,2022-11-18,in_service
Q22-2237,2022-11-18,queued
Q18-1116,2022-11-19,in_service
Q19-1201,2022-11-20,in_service
Q22-2238,2022-11-20,queued
Q18-0995,2022-11-21,in_service
Q21-1714,2022-11-21,withdrawn
Q22-2239,2022-11-21,queued
Q22-2240,2022-11-21,queued
Q22-2241,2022-11-21,queued
Q22-2242,2022-11-23,queued
Q17-0774,2022-11-24,in_service
Q22-2243,2022-11-24,queued
Q22-2244,2022-11-25,queued
Q18-1129,2022-11-28,in_service
Q22-2245,2022-11-29,queued
Q22-2246,2022-11-29,queued
Q22-2247,2022-11-30,queued
Q19-1218,2022-12-01,in_service
Q18-0951,2022-12-03,in_service
Q22-2248,2022-12-03,queued
Q22-2249,2022-12-03,queued
Q22-2250,2022-12-04,queued
Q19-1135,2022-12-05,in_service
Q22-2251,2022-12-08,queued
Q17-0857,2022-12-09,in_service
Q19-1184,2022-12-09,in_service
Q17-0722,2022-12-10,in_service
Q22-2131,2022-12-11,withdrawn
Q22-2252,2022-12-12,queued
Q22-2253,2022-12-12,queued
Q22-2254,2022-12-12,queued
Q19-1195,2022-12-14,in_service
Q22-2255,2022-12-14,queued
Q21-1658,2022-12-15,withdrawn
Q22-2256,2022-12-15,queued
Q22-2257,2022-12-16,queued
Q22-2258,2022-12-16,queued
Q22-2259,2022-12-16,queued
Q18-1067,2022-12-17,in_service
Q22-2260,2022-12-18,queued
Q22-2261,2022-12-19,queued
Q18-1040,2022-12-20,in_service
Q22-2262,2022-12-20,queued
Q21-1753,2022-12-22,withdrawn
Q22-2263,2022-12-24,queued
Q22-2264,2022-12-24,queued
Q20-1376,2022-12-25,withdrawn
Q22-2265,2022-12-26,queued
Q22-2266,2022-12-26,queued
Q18-1059,2022-12-27,in_service
Q22-2267,2022-12-28,queued
Q22-2268,2022-12-28,queued
Q19-1364,2022-12-29,in_service
Q22-2269,2022-12-29,queued
Q22-2270,2022-12-29,queued
Q19-1261,2022-12-30,in_service
Q21-1668,2023-01-04,withdrawn
Q23-2271,2023-01-06,queued
Q23-2272,2023-01-07,queued
Q23-2273,2023-01-08,queued
Q21-1819,2023-01-10,withdrawn
Q18-1035,2023-01-11,in_service
Q23-2274,2023-01-11,queued
Q23-2275,2023-01-13,queued
Q23-2276,2023-01-13,queued
Q23-2277,2023-01-14,queued
Q23-2278,2023-01-18,queued
Q18-0940,2023-01-19,in_service
Q18-1101,2023-01-19,in_service
Q22-2132,2023-01-19,withdrawn
Q18-1045,2023-01-21,in_service
Q19-1332,2023-01-21,in_service
Q21-1915,2023-01-22,withdrawn
Q22-2065,2023-01-22,withdrawn
Q19-1148,2023-01-23,in_service
Q20-1539,2023-01-23,withdrawn
Q23-2279,2023-01-23,queued
Q19-1235,2023-01-24,in_service
Q23-2280,2023-01-24,queued
Q20-1560,2023-01-25,withdrawn
Q18-1039,2023-01-26,in_service
Q19-1234,2023-01-26,in_service
Q22-1994,2023-01-27,withdrawn
Q23-2281,2023-01-27,queued
Q20-1381,2023-02-01,in_service
Q18-1120,2023-02-02,in_service
Q23-2282,2023-02-05,queued
Q23-2283,2023-02-07,queued
Q20-1431,2023-02-08,in_service
Q20-1537,2023-02-08,withdrawn
Q21-1959,2023-02-08,withdrawn
Q23-2284,2023-02-09,queued
Q19-1210,2023-02-10,in_service
Q21-1659,2023-02-11,withdrawn
Q19-1311,2023-02-12,in_service
Q22-2197,2023-02-12,withdrawn
Q23-2285,2023-02-12,queued
Q21-1725,2023-02-13,withdrawn
Q19-1244,2023-02-15,in_service
Q23-2286,2023-02-15,queued
Q23-2287,2023-02-16,queued
Q18-0922,2023-02-18,in_service
Q23-2288,2023-02-18,queued
Q18-0912,2023-02-20,in_service
Q23-2289,2023-02-20,queued
Q17-0808,2023-02-21,in_service
Q20-1572,2023-02-22,withdrawn
Q17-0864,2023-02-23,in_service
Q18-1118,2023-02-23,in_service
Q19-1155,2023-02-24,in_service
Q19-1291,2023-02-24,in_service
Q21-1749,2023-02-24,withdrawn
Q20-1493,2023-02-25,in_service
Q19-1308,2023-03-03,withdrawn
Q23-2290,2023-03-03,queued
Q18-0931,2023-03-04,in_service
Q20-1607,2023-03-04,withdrawn
Q23-2291,2023-03-05,queued
Q23-2292,2023-03-06,queued
Q21-1927,2023-03-07,withdrawn
Q19-1344,2023-03-08,in_service
Q21-1846,2023-03-11,withdrawn
Q20-1458,2023-03-13,in_service
Q18-1069,2023-03-15,in_service
Q20-1608,2023-03-15,withdrawn
Q23-2293,2023-03-15,queued
Q18-0955,2023-03-16,in_service
Q17-0835,2023-03-20,in_service
Q19-1294,2023-03-20,in_service
Q23-2294,2023-03-21,queued
Q19-1154,2023-03-22,in_service
Q20-1420,2023-03-22,in_service
Q23-2295,2023-03-22,queued
Q21-1798,2023-03-23,withdrawn
Q21-1967,2023-03-23,withdrawn
Q23-2296,2023-03-25,queued
Q20-1500,2023-03-26,in_service
Q20-1534,2023-03-26,in_service
Q23-2297,2023-03-27,queued
Q19-1224,2023-03-28,in_service
Q18-1005,2023-03-29,in_service
Q18-1079,2023-03-29,in_service
Q19-1369,2023-03-29,in_service
Q19-1341,2023-03-30,in_service
Q19-1274,2023-04-02,in_service
Q18-1075,2023-04-03,in_service
Q22-2192,2023-04-03,withdrawn
Q22-2229,2023-04-04,withdrawn
Q23-2298,2023-04-04,queued
Q22-2096,2023-04-06,withdrawn
Q20-1439,2023-04-07,in_service
Q23-2299,2023-04-07,queued
Q20-1478,2023-04-09,withdrawn
Q18-1098,2023-04-11,in_service
Q21-1864,2023-04-11,withdrawn
Q23-2300,2023-04-13,queued
Q23-2301,2023-04-13,queued
Q19-1267,2023-04-15,in_service
Q23-2302,2023-04-15,queued
Q23-2303,2023-04-16,queued
Q23-2304,2023-04-16,queued
Q23-2305,2023-04-16,queued
Q18-1065,2023-04-17,in_service
Q23-2306,2023-04-17,queued
Q19-1301,2023-04-18,in_service
Q18-1028,2023-04-21,in_service
Q23-2307,2023-04-21,queued
Q20-1631,2023-04-22,withdrawn
Q21-1656,2023-04-22,withdrawn
Q18-0976,2023-04-23,in_service
Q19-1270,2023-04-23,in_service
Q20-1567,2023-04-23,in_service
Q23-2308,2023-04-23,queued
Q19-1131,2023-04-24,in_service
Q19-1223,2023-04-24,in_service
Q19-1334,2023-04-24,in_service
Q19-1350,2023-04-24,in_service
Q23-2309,2023-04-24,queued
Q22-2063,2023-04-25,withdrawn
Q19-1222,2023-04-28,in_service
Q18-1111,2023-04-29,in_service
Q20-1423,2023-04-29,in_service
Q20-1562,2023-05-04,in_service
Q18-0941,2023-05-05,in_service
Q18-1126,2023-05-05,in_service
Q20-1375,2023-05-05,in_service
Q21-1698,2023-05-05,withdrawn
Q23-2310,2023-05-05,queued
Q21-1922,2023-05-06,withdrawn
Q20-1432,2023-05-07,withdrawn
Q23-2311,2023-05-07,queued
Q19-1348,2023-05-10,in_service
Q18-0915,2023-05-11,in_service
Q22-1979,2023-05-12,withdrawn
Q23-2312,2023-05-12,queued
Q20-1447,2023-05-13,withdrawn
Q18-1063,2023-05-14,in_service
Q19-1228,2023-05-14,in_service
Q20-1409,2023-05-15,in_service
Q22-2036,2023-05-17,withdrawn
Q20-1615,2023-05-18,in_service
Q19-1300,2023-05-20,in_service
Q21-1881,2023-05-20,withdrawn
Q23-2313,2023-05-22,queued
Q21-1643,2023-05-23,withdrawn
Q22-2186,2023-05-24,withdrawn
Q22-2205,2023-05-25,withdrawn
Q23-2314,2023-05-25,queued
Q22-2171,2023-05-26,withdrawn
Q23-2315,2023-05-26,queued
Q19-1285,2023-05-27,in_service
Q21-1941,2023-05-28,withdrawn
Q19-1268,2023-05-29,in_service
Q20-1391,2023-05-30,in_service
Q21-1655,2023-06-01,withdrawn
Q20-1551,2023-06-02,in_service
Q18-0975,2023-06-05,in_service
Q18-1097,2023-06-06,in_service
Q20-1511,2023-06-06,in_service
Q19-1189,2023-06-07,in_service
Q23-2316,2023-06-08,queued
Q23-2317,2023-06-10,queued
Q21-1771,2023-06-11,withdrawn
Q23-2318,2023-06-11,queued
Q17-0818,2023-06-12,in_service
Q21-1874,2023-06-13,withdrawn
Q23-2319,2023-06-13,queued
Q23-2320,2023-06-14,queued
Q18-1110,2023-06-16,in_service
Q19-1163,2023-06-16,in_service
Q20-1514,2023-06-16,in_service
Q20-1444,2023-06-20,withdrawn
Q23-2321,2023-06-21,queued
Q20-1494,2023-06-22,withdrawn
Q22-2208,2023-06-22,withdrawn
Q23-2322,2023-06-23,queued
Q23-2323,2023-06-23,queued
Q18-1009,2023-06-25,in_service
Q21-1737,2023-06-25,withdrawn
Q20-1398,2023-06-26,in_service
Q23-2324,2023-06-26,queued
Q20-1419,2023-06-27,withdrawn
Q19-1194,2023-06-28,in_service
Q18-0980,2023-06-29,in_service
Q23-2325,2023-06-29,queued
Q20-1395,2023-07-02,in_service
Q19-1360,2023-07-08,in_service
Q20-1506,2023-07-08,in_service
Q18-0945,2023-07-10,in_service
Q18-1062,2023-07-10,in_service
Q20-1498,2023-07-10,in_service
Q21-1863,2023-07-10,withdrawn
Q20-1581,2023-07-11,withdrawn
Q21-1938,2023-07-12,withdrawn
Q19-1157,2023-07-13,in_service
Q20-1612,2023-07-13,in_service
Q18-0936,2023-07-16,in_service
Q19-1353,2023-07-16,in_service
Q20-1379,2023-07-17,in_service
Q20-1605,2023-07-17,withdrawn
Q21-1795,2023-07-18,withdrawn
Q20-1589,2023-07-22,withdrawn
Q23-2326,2023-07-24,queued
Q23-2327,2023-07-25,queued
Q23-2328,2023-07-25,queued
Q19-1366,2023-07-29,in_service
Q23-2329,2023-08-03,queued
Q23-2330,2023-08-03,queued
Q19-1219,2023-08-04,in_service
Q18-0914,2023-08-05,in_service
Q18-0943,2023-08-05,in_service
Q19-1165,2023-08-05,in_service
Q19-1255,2023-08-05,in_service
Q20-1422,2023-08-05,in_service
Q23-2306,2023-08-05,withdrawn
Q20-1621,2023-08-06,withdrawn
Q20-1496,2023-08-07,in_service
Q21-1890,2023-08-10,withdrawn
Q22-2235,2023-08-10,withdrawn
Q23-2331,2023-08-12,queued
Q19-1211,2023-08-13,in_service
Q18-1051,2023-08-14,in_service
Q23-2332,2023-08-15,queued
Q17-0871,2023-08-16,in_service
Q21-1968,2023-08-16,withdrawn
Q20-1416,2023-08-17,in_service
Q18-0933,2023-08-19,in_service
Q19-1197,2023-08-19,in_service
Q22-2196,2023-08-22,withdrawn
Q19-1225,2023-08-23,in_service
Q23-2333,2023-08-23,queued
Q20-1522,2023-08-24,withdrawn
Q20-1533,2023-08-25,in_service
Q19-1338,2023-08-26,in_service
Q18-1125,2023-08-27,in_service
Q20-1387,2023-08-27,in_service
Q23-2293,2023-08-28,withdrawn
Q23-2334,2023-08-28,queued
Q23-2335,2023-08-28,queued
Q18-1124,2023-08-31,in_service
Q18-1060,2023-09-01,in_service
Q18-1090,2023-09-01,in_service
Q18-1089,2023-09-02,in_service
Q21-1716,2023-09-03,withdrawn
Q19-1138,2023-09-04,in_service
Q23-2336,2023-09-04,queued
Q23-2337,2023-09-04,queued
Q19-1299,2023-09-08,in_service
Q23-2338,2023-09-09,queued
Q20-1459,2023-09-10,in_service
Q20-1575,2023-09-10,withdrawn
Q23-2339,2023-09-10,queued
Q23-2340,2023-09-10,queued
Q20-1430,2023-09-14,in_service
Q21-1709,2023-09-14,withdrawn
Q23-2341,2023-09-15,queued
Q18-1119,2023-09-16,in_service
Q20-1400,2023-09-16,in_service
Q20-1426,2023-09-16,in_service
Q20-1526,2023-09-16,in_service
Q20-1550,2023-09-16,withdrawn
Q20-1510,2023-09-19,in_service
Q22-1996,2023-09-19,withdrawn
Q23-2342,2023-09-19,queued
Q23-2343,2023-09-19,queued
Q22-1978,2023-09-20,withdrawn
Q21-1934,2023-09-21,withdrawn
Q18-1037,2023-09-23,in_service
Q20-1412,2023-09-23,in_service
Q19-1217,2023-09-24,in_service
Q19-1264,2023-09-24,in_service
Q20-1384,2023-09-25,in_service
Q21-1860,2023-09-25,withdrawn
Q23-2344,2023-09-25,queued
Q21-1706,2023-09-26,withdrawn
Q21-1912,2023-09-27,withdrawn
Q18-0938,2023-09-28,in_service
Q17-0898,2023-09-30,in_service
Q18-1033,2023-09-30,in_service
Q21-1858,2023-09-30,withdrawn
Q21-1722,2023-10-01,withdrawn
Q20-1504,2023-10-02,in_service
Q18-0918,2023-10-03,in_service
Q19-1290,2023-10-04,in_service
Q23-2345,2023-10-04,queued
Q18-1013,2023-10-06,in_service
Q20-1548,2023-10-08,withdrawn
Q18-0998,2023-10-09,in_service
Q19-1367,2023-10-11,in_service
Q23-2346,2023-10-12,queued
Q23-2347,2023-10-13,queued
Q22-1971,2023-10-14,withdrawn
Q23-2348,2023-10-14,queued
Q23-2349,2023-10-15,queued
Q22-2150,2023-10-16,withdrawn
Q20-1452,2023-10-18,in_service
Q21-1692,2023-10-22,withdrawn
Q20-1515,2023-10-25,in_service
Q19-1298,2023-10-28,in_service
Q23-2350,2023-10-29,queued
Q19-1192,2023-10-31,in_service
Q23-2351,2023-10-31,queued
Q23-2352,2023-10-31,queued
Q19-1251,2023-11-01,in_service
Q23-2353,2023-11-01,queued
Q21-1837,2023-11-02,withdrawn
Q19-1230,2023-11-04,in_service
Q22-2214,2023-11-04,withdrawn
Q20-1393,2023-11-06,in_service
Q22-2239,2023-11-06,withdrawn
Q22-2008,2023-11-07,withdrawn
Q20-1436,2023-11-08,in_service
Q23-2354,2023-11-09,queued
Q20-1541,2023-11-11,in_service
Q21-1769,2023-11-11,in_service
Q21-1946,2023-11-11,withdrawn
Q20-1634,2023-11-12,in_service
Q23-2324,2023-11-12,withdrawn
Q20-1455,2023-11-15,in_service
Q23-2355,2023-11-16,queued
Q22-2258,2023-11-18,withdrawn
Q21-1644,2023-11-19,in_service
Q22-2127,2023-11-19,withdrawn
Q23-2297,2023-11-19,withdrawn
Q23-2356,2023-11-19,queued
Q18-1010,2023-11-20,in_service
Q20-1509,2023-11-20,withdrawn
Q23-2292,2023-11-20,withdrawn
Q23-2357,2023-11-20,queued
Q21-1767,2023-11-22,withdrawn
Q22-2124,2023-11-24,withdrawn
Q22-2266,2023-11-24,withdrawn
Q20-1582,2023-11-26,in_service
Q23-2358,2023-11-26,queued
Q23-2359,2023-11-26,queued
Q18-0985,2023-11-28,in_service
Q19-1320,2023-11-28,in_service
Q20-1490,2023-12-01,in_service
Q20-1425,2023-12-03,in_service
Q19-1190,2023-12-04,in_service
Q20-1613,2023-12-05,in_service
Q19-1238,2023-12-06,in_service
Q21-1691,2023-12-06,withdrawn
Q21-1882,2023-12-07,withdrawn
Q19-1325,2023-12-10,in_service
Q21-1905,2023-12-10,withdrawn
Q23-2360,2023-12-10,queued
Q19-1260,2023-12-11,in_service
Q23-2361,2023-12-11,queued
Q23-2362,2023-12-13,queued
Q18-1109,2023-12-17,in_service
Q20-1497,2023-12-17,in_service
Q22-2094,2023-12-17,withdrawn
Q23-2363,2023-12-17,queued
Q21-1686,2023-12-18,withdrawn
Q23-2364,2023-12-19,queued
Q19-1166,2023-12-20,in_service
Q23-2365,2023-12-22,queued
Q20-1591,2023-12-23,in_service
Q23-2366,2023-12-24,queued
Q20-1580,2023-12-25,in_service
Q23-2367,2023-12-25,queued
Q20-1473,2023-12-27,in_service
Q23-2368,2023-12-27,queued
Q23-2369,2023-12-29,queued
Q19-1162,2023-12-30,in_service
Q19-1284,2023-12-30,in_service
Q23-2370,2023-12-30,queued
Q20-1396,2023-12-31,in_service
Q24-2371,2024-01-01,queued
Q19-1322,2024-01-06,in_service
Q21-1831,2024-01-07,withdrawn
Q21-1910,2024-01-07,withdrawn
Q20-1482,2024-01-10,in_service
Q24-2372,2024-01-10,queued
Q24-2373,2024-01-12,queued
Q23-2329,2024-01-13,withdrawn
Q21-1685,2024-01-16,in_service
Q21-1740,2024-01-17,in_service
Q18-1092,2024-01-19,in_service
Q19-1310,2024-01-19,in_service
Q19-1236,2024-01-20,in_service
Q19-1324,2024-01-20,in_service
Q21-1732,2024-01-20,withdrawn
Q24-2374,2024-01-20,queued
Q19-1221,2024-01-21,in_service
Q19-1142,2024-01-23,in_service
Q21-1790,2024-01-23,withdrawn
Q20-1434,2024-01-24,in_service
Q20-1491,2024-01-24,in_service
Q24-2375,2024-01-24,queued
Q20-1438,2024-01-27,in_service
Q21-1822,2024-01-27,withdrawn
Q24-2376,2024-01-27,queued
Q24-2377,2024-01-28,queued
Q19-1365,2024-02-04,in_service
Q20-1371,2024-02-05,in_service
Q20-1595,2024-02-05,in_service
Q21-1733,2024-02-06,in_service
Q24-2378,2024-02-06,queued
Q24-2379,2024-02-06,queued
Q24-2380,2024-02-08,queued
Q20-1519,2024-02-09,in_service
Q24-2381,2024-02-09,queued
Q19-1276,2024-02-12,in_service
Q24-2382,2024-02-12,queued
Q20-1453,2024-02-14,in_service
Q24-2383,2024-02-16,queued
Q24-2384,2024-02-17,queued
Q24-2385,2024-02-18,queued
Q18-1103,2024-02-20,in_service
Q19-1177,2024-02-20,in_service
Q21-1710,2024-02-20,withdrawn
Q20-1399,2024-02-23,in_service
Q20-1456,2024-02-24,in_service
Q18-1064,2024-02-26,in_service
Q20-1552,2024-02-26,in_service
Q20-1553,2024-02-26,in_service
Q22-2101,2024-02-26,withdrawn
Q21-1673,2024-02-27,withdrawn
Q21-1718,2024-02-27,in_service
Q21-1931,2024-03-01,withdrawn
Q21-1787,2024-03-02,withdrawn
Q22-1974,2024-03-02,withdrawn
Q24-2386,2024-03-04,queued
Q22-2153,2024-03-05,withdrawn
Q18-0992,2024-03-06,in_service
Q21-1904,2024-03-07,withdrawn
Q24-2387,2024-03-07,queued
Q19-1257,2024-03-08,in_service
Q19-1272,2024-03-08,in_service
Q20-1603,2024-03-08,in_service
Q21-1896,2024-03-10,withdrawn
Q24-2388,2024-03-10,queued
Q20-1476,2024-03-11,in_service
Q20-1394,2024-03-12,in_service
Q24-2389,2024-03-12,queued
Q22-2253,2024-03-13,withdrawn
Q24-2390,2024-03-13,queued
Q20-1508,2024-03-14,in_service
Q22-2012,2024-03-14,withdrawn
Q20-1544,2024-03-16,in_service
Q22-2080,2024-03-17,withdrawn
Q22-2240,2024-03-17,withdrawn
Q19-1182,2024-03-18,in_service
Q19-1191,2024-03-20,in_service
Q24-2391,2024-03-20,queued
Q24-2392,2024-03-20,queued
Q20-1611,2024-03-21,in_service
Q24-2393,2024-03-21,queued
Q18-1025,2024-03-23,in_service
Q21-1715,2024-03-23,withdrawn
Q23-2289,2024-03-23,withdrawn
Q20-1573,2024-03-24,in_service
Q22-2193,2024-03-25,withdrawn
Q24-2394,2024-03-25,queued
Q24-2395,2024-03-26,queued
Q24-2396,2024-03-27,queued
Q24-2397,2024-03-30,queued
Q23-2334,2024-03-31,withdrawn
Q24-2398,2024-03-31,queued
Q18-1029,2024-04-01,in_service
Q19-1133,2024-04-01,in_service
Q24-2399,2024-04-03,queued
Q20-1513,2024-04-04,in_service
Q19-1178,2024-04-05,in_service
Q24-2400,2024-04-08,queued
Q21-1679,2024-04-10,in_service
Q20-1418,2024-04-11,in_service
Q22-2176,2024-04-11,withdrawn
Q22-2139,2024-04-12,withdrawn
Q20-1378,2024-04-13,in_service
Q20-1480,2024-04-13,in_service
Q20-1626,2024-04-13,in_service
Q20-1563,2024-04-14,in_service
Q20-1402,2024-04-15,in_service
Q21-1851,2024-04-16,withdrawn
Q21-1817,2024-04-17,withdrawn
Q24-2401,2024-04-17,queued
Q18-1115,2024-04-18,in_service
Q21-1969,2024-04-18,withdrawn
Q20-1535,2024-04-19,in_service
Q21-1796,2024-04-19,withdrawn
Q21-1835,2024-04-20,withdrawn
Q19-1151,2024-04-21,in_service
Q20-1404,2024-04-22,in_service
Q18-1076,2024-04-24,in_service
Q19-1333,2024-04-25,in_service
Q21-1680,2024-04-26,in_service
Q21-1794,2024-04-27,withdrawn
Q24-2402,2024-04-27,queued
Q24-2403,2024-04-27,queued
Q19-1357,2024-04-28,in_service
Q20-1521,2024-04-29,in_service
Q21-1734,2024-04-29,in_service
Q24-2404,2024-04-29,queued
Q22-2185,2024-04-30,withdrawn
Q24-2405,2024-05-01,queued
Q22-2086,2024-05-03,withdrawn
Q21-1885,2024-05-04,withdrawn
Q24-2406,2024-05-04,queued
Q21-1899,2024-05-05,in_service
Q20-1475,2024-05-06,in_service
Q24-2407,2024-05-06,queued
Q23-2321,2024-05-07,withdrawn
Q24-2408,2024-05-07,queued
Q21-1880,2024-05-09,withdrawn
Q24-2409,2024-05-11,queued
Q24-2410,2024-05-11,queued
Q24-2411,2024-05-14,queued
Q24-2412,2024-05-15,queued
Q24-2413,2024-05-15,queued
Q20-1523,2024-05-16,in_service
Q19-1258,2024-05-17,in_service
Q24-2414,2024-05-19,queued
Q22-1988,2024-05-20,withdrawn
Q24-2415,2024-05-20,queued
Q24-2416,2024-05-21,queued
Q19-1304,2024-05-26,in_service
Q20-1512,2024-05-26,in_service
Q19-1136,2024-05-27,in_service
Q19-1253,2024-05-27,in_service
Q21-1954,2024-05-28,withdrawn
Q18-1057,2024-05-29,in_service
Q21-1751,2024-05-29,in_service
Q24-2417,2024-05-29,queued
Q22-2003,2024-05-30,withdrawn
Q24-2418,2024-05-30,queued
Q19-1278,2024-06-01,in_service
Q24-2419,2024-06-01,queued
Q22-1993,2024-06-02,withdrawn
Q22-2002,2024-06-02,withdrawn
Q24-2420,2024-06-02,queued
Q22-2076,2024-06-04,withdrawn
Q20-1392,2024-06-06,in_service
Q21-1828,2024-06-06,in_service
Q24-2421,2024-06-07,queued
Q24-2422,2024-06-07,queued
Q24-2423,2024-06-07,queued
Q24-2424,2024-06-08,queued
Q19-1134,2024-06-11,in_service
Q21-1947,2024-06-11,in_service
Q24-2425,2024-06-11,queued
Q24-2426,2024-06-11,queued
Q23-2326,2024-06-12,withdrawn
Q20-1405,2024-06-13,in_service
Q21-1951,2024-06-14,withdrawn
Q24-2427,2024-06-18,queued
Q22-2037,2024-06-20,withdrawn
Q19-1329,2024-06-21,in_service
Q21-1704,2024-06-21,in_service
Q23-2366,2024-06-21,withdrawn
Q24-2428,2024-06-22,queued
Q24-2429,2024-06-22,queued
Q19-1331,2024-06-24,in_service
Q22-2102,2024-06-24,withdrawn
Q21-1845,2024-06-29,withdrawn
Q20-1586,2024-07-01,in_service
Q21-1674,2024-07-01,in_service
Q24-2430,2024-07-02,queued
Q24-2431,2024-07-02,queued
Q24-2432,2024-07-03,queued
Q19-1243,2024-07-04,in_service
Q21-1702,2024-07-05,withdrawn
Q22-2090,2024-07-05,withdrawn
Q22-2099,2024-07-05,withdrawn
Q20-1617,2024-07-06,in_service
Q24-2433,2024-07-07,queued
Q20-1427,2024-07-08,in_service
Q21-1833,2024-07-08,in_service
Q24-2434,2024-07-08,queued
Q24-2435,2024-07-08,queued
Q21-1908,2024-07-11,in_service
Q24-2436,2024-07-11,queued
Q20-1616,2024-07-12,in_service
Q21-1806,2024-07-12,in_service
Q24-2437,2024-07-14,queued
Q18-1107,2024-07-15,in_service
Q24-2438,2024-07-15,queued
Q24-2439,2024-07-16,queued
Q24-2440,2024-07-17,queued
Q24-2441,2024-07-17,queued
Q20-1501,2024-07-19,in_service
Q21-1818,2024-07-20,withdrawn
Q22-2191,2024-07-20,withdrawn
Q24-2442,2024-07-20,queued
Q22-2183,2024-07-21,withdrawn
Q24-2443,2024-07-21,queued
Q21-1741,2024-07-22,in_service
Q22-2077,2024-07-22,withdrawn
Q24-2444,2024-07-27,queued
Q20-1397,2024-07-28,in_service
Q24-2445,2024-07-28,queued
Q24-2446,2024-07-29,queued
Q21-1876,2024-07-30,in_service
Q21-1688,2024-07-31,withdrawn
Q20-1577,2024-08-02,in_service
Q21-1875,2024-08-02,in_service
Q24-2447,2024-08-03,queued
Q21-1696,2024-08-04,in_service
Q22-1999,2024-08-04,withdrawn
Q22-2006,2024-08-05,withdrawn
Q24-2448,2024-08-05,queued
Q24-2449,2024-08-05,queued
Q20-1564,2024-08-06,in_service
Q21-1841,2024-08-06,withdrawn
Q24-2450,2024-08-06,queued
Q21-1708,2024-08-07,in_service
Q21-1856,2024-08-08,withdrawn
Q21-1965,2024-08-09,in_service
Q19-1152,2024-08-10,in_service
Q19-1246,2024-08-10,in_service
Q24-2451,2024-08-10,queued
Q18-1095,2024-08-14,in_service
Q19-1335,2024-08-14,in_service
Q24-2452,2024-08-16,queued
Q24-2453,2024-08-17,queued
Q21-1667,2024-08-19,in_service
Q19-1226,2024-08-22,in_service
Q19-1144,2024-08-23,in_service
Q22-2069,2024-08-23,withdrawn
Q20-1424,2024-08-24,in_service
Q19-1209,2024-08-25,in_service
Q19-1339,2024-08-25,in_service
Q21-1650,2024-08-26,in_service
Q19-1314,2024-08-27,in_service
Q19-1355,2024-08-27,in_service
Q21-1666,2024-08-28,in_service
Q20-1602,2024-08-29,in_service
Q21-1761,2024-08-30,in_service
Q21-1955,2024-08-30,in_service
Q19-1212,2024-08-31,in_service
Q21-1663,2024-09-01,in_service
Q24-2454,2024-09-01,queued
Q24-2394,2024-09-03,withdrawn
Q20-1587,2024-09-08,in_service
Q20-1380,2024-09-09,in_service
Q20-1596,2024-09-10,in_service
Q21-1886,2024-09-10,withdrawn
Q20-1633,2024-09-11,in_service
Q20-1570,2024-09-12,in_service
Q22-2142,2024-09-12,withdrawn
Q22-2043,2024-09-13,withdrawn
Q24-2455,2024-09-16,queued
Q21-1765,2024-09-17,in_service
Q20-1635,2024-09-18,in_service
Q21-1756,2024-09-18,in_service
Q24-2399,2024-09-18,withdrawn
Q24-2456,2024-09-18,queued
Q24-2457,2024-09-19,queued
Q20-1464,2024-09-20,in_service
Q20-1469,2024-09-21,in_service
Q21-1936,2024-09-23,withdrawn
Q22-2028,2024-09-24,in_service
Q24-2458,2024-09-24,queued
Q24-2459,2024-09-26,queued
Q24-2460,2024-09-26,queued
Q24-2461,2024-09-27,queued
Q18-1082,2024-09-29,in_service
Q21-1717,2024-09-29,in_service
Q21-1776,2024-09-30,in_service
Q19-1175,2024-10-01,in_service
Q20-1383,2024-10-04,in_service
Q23-2275,2024-10-04,withdrawn
Q21-1665,2024-10-05,in_service
Q22-2138,2024-10-05,withdrawn
Q24-2462,2024-10-05,queued
Q18-1128,2024-10-06,in_service
Q24-2463,2024-10-06,queued
Q24-2464,2024-10-07,queued
Q24-2465,2024-10-07,queued
Q20-1484,2024-10-08,in_service
Q20-1547,2024-10-08,in_service
Q21-1861,2024-10-10,in_service
Q23-2278,2024-10-10,withdrawn
Q24-2466,2024-10-12,queued
Q24-2467,2024-10-12,queued
Q24-2468,2024-10-16,queued
Q22-2228,2024-10-17,withdrawn
Q20-1382,2024-10-18,in_service
Q22-2062,2024-10-18,withdrawn
Q21-1928,2024-10-19,withdrawn
Q19-1346,2024-10-22,in_service
Q24-2469,2024-10-23,queued
Q19-1318,2024-10-25,in_service
Q24-2470,2024-10-25,queued
Q24-2471,2024-10-27,queued
Q20-1592,2024-10-29,in_service
Q21-1849,2024-10-31,in_service
Q20-1446,2024-11-02,in_service
Q24-2472,2024-11-03,queued
Q24-2473,2024-11-03,queued
Q21-1651,2024-11-04,in_service
Q24-2474,2024-11-04,queued
Q20-1403,2024-11-07,in_service
Q24-2475,2024-11-08,queued
Q23-2308,2024-11-09,withdrawn
Q24-2476,2024-11-09,queued
Q20-1529,2024-11-11,in_service
Q20-1472,2024-11-12,in_service
Q20-1527,2024-11-12,in_service
Q24-2477,2024-11-13,queued
Q24-2478,2024-11-13,queued
Q21-1719,2024-11-14,in_service
Q24-2479,2024-11-14,queued
Q24-2480,2024-11-16,queued
Q24-2481,2024-11-18,queued
Q21-1825,2024-11-19,in_service
Q19-1215,2024-11-22,in_service
Q21-1678,2024-11-24,in_service
Q22-2175,2024-11-25,withdrawn
Q21-1660,2024-11-26,in_service
Q22-1990,2024-11-26,withdrawn
Q24-2482,2024-11-26,queued
Q22-2017,2024-11-27,in_service
Q19-1250,2024-11-29,in_service
Q22-2070,2024-12-01,withdrawn
Q21-1712,2024-12-05,in_service
Q21-1893,2024-12-05,withdrawn
Q21-1900,2024-12-06,in_service
Q21-1832,2024-12-11,withdrawn
Q24-2483,2024-12-12,queued
Q21-1918,2024-12-13,in_service
Q20-1525,2024-12-14,in_service
Q21-1791,2024-12-15,in_service
Q24-2484,2024-12-16,queued
Q24-2485,2024-12-17,queued
Q24-2486,2024-12-19,queued
Q20-1388,2024-12-20,in_service
Q24-2487,2024-12-20,queued
Q24-2488,2024-12-27,queued
Q24-2489,2024-12-28,queued
Q24-2490,2024-12-29,queued
Q19-1347,2024-12-30,in_service
Q24-2461,2024-12-30,withdrawn
Q19-1279,2024-12-31,in_service
Q22-2169,2025-01-01,withdrawn
Q25-2491,2025-01-01,queued
Q19-1337,2025-01-02,in_service
Q19-1237,2025-01-03,in_service
Q20-1385,2025-01-03,in_service
Q22-2234,2025-01-05,withdrawn
Q22-2052,2025-01-06,withdrawn
Q19-1239,2025-01-07,in_service
Q20-1598,2025-01-09,in_service
Q21-1760,2025-01-12,in_service
Q21-1935,2025-01-12,in_service
Q21-1723,2025-01-14,in_service
Q20-1445,2025-01-15,in_service
Q21-1803,2025-01-16,in_service
Q22-2156,2025-01-16,withdrawn
Q22-2237,2025-01-16,withdrawn
Q23-2345,2025-01-16,withdrawn
Q25-2492,2025-01-16,queued
Q20-1479,2025-01-18,in_service
Q25-2493,2025-01-18,queued
Q21-1859,2025-01-20,in_service
Q25-2494,2025-01-20,queued
Q25-2495,2025-01-21,queued
Q25-2496,2025-01-22,queued
Q25-2497,2025-01-23,queued
Q21-1829,2025-01-24,in_service
Q25-2498,2025-01-24,queued
Q20-1520,2025-01-25,in_service
Q25-2499,2025-01-28,queued
Q21-1730,2025-01-30,in_service
Q21-1815,2025-01-30,in_service
Q23-2299,2025-01-30,withdrawn
Q20-1401,2025-01-31,in_service
Q24-2410,2025-01-31,withdrawn
Q25-2500,2025-01-31,queued
Q21-1752,2025-02-01,in_service
Q25-2501,2025-02-01,queued
Q25-2502,2025-02-04,queued
Q25-2503,2025-02-06,queued
Q21-1648,2025-02-07,in_service
Q22-2179,2025-02-07,withdrawn
Q25-2504,2025-02-07,queued
Q19-1358,2025-02-10,in_service
Q19-1352,2025-02-11,in_service
Q23-2311,2025-02-11,withdrawn
Q25-2505,2025-02-11,queued
Q20-1454,2025-02-13,in_service
Q20-1531,2025-02-13,in_service
Q21-1836,2025-02-13,in_service
Q21-1906,2025-02-13,in_service
Q25-2506,2025-02-13,queued
Q25-2507,2025-02-14,queued
Q19-1288,2025-02-16,in_service
Q20-1557,2025-02-16,in_service
Q22-2248,2025-02-17,withdrawn
Q21-1763,2025-02-18,in_service
Q25-2508,2025-02-18,queued
Q20-1576,2025-02-23,in_service
Q25-2509,2025-02-23,queued
Q19-1351,2025-02-24,in_service
Q25-2510,2025-02-24,queued
Q25-2511,2025-02-26,queued
Q19-1349,2025-02-27,in_service
Q25-2512,2025-02-27,queued
Q21-1891,2025-02-28,in_service
Q25-2513,2025-03-02,queued
Q19-1292,2025-03-03,in_service
Q25-2514,2025-03-04,queued
Q19-1214,2025-03-05,in_service
Q20-1437,2025-03-05,in_service
Q25-2515,2025-03-06,queued
Q25-2516,2025-03-06,queued
Q21-1694,2025-03-08,in_service
Q25-2517,2025-03-11,queued
Q20-1555,2025-03-13,in_service
Q25-2518,2025-03-14,queued
Q24-2429,2025-03-15,withdrawn
Q25-2519,2025-03-15,queued
Q25-2520,2025-03-16,queued
Q21-1676,2025-03-18,in_service
Q20-1389,2025-03-19,in_service
Q25-2521,2025-03-21,queued
Q25-2522,2025-03-21,queued
Q20-1470,2025-03-23,in_service
Q25-2523,2025-03-23,queued
Q21-1869,2025-03-24,in_service
Q25-2524,2025-03-24,queued
Q22-1992,2025-03-25,withdrawn
Q21-1847,2025-03-26,in_service
Q20-1486,2025-03-27,in_service
Q24-2463,2025-03-28,withdrawn
Q25-2525,2025-03-30,queued
Q21-1703,2025-03-31,in_service
Q21-1887,2025-03-31,in_service
Q20-1543,2025-04-02,in_service
Q22-2110,2025-04-05,in_service
Q25-2526,2025-04-05,queued
Q21-1711,2025-04-06,in_service
Q22-2107,2025-04-08,withdrawn
Q19-1213,2025-04-09,in_service
Q25-2527,2025-04-10,queued
Q25-2528,2025-04-10,queued
Q25-2529,2025-04-12,queued
Q22-2081,2025-04-15,in_service
Q21-1839,2025-04-16,in_service
Q25-2530,2025-04-16,queued
Q20-1463,2025-04-17,in_service
Q20-1600,2025-04-17,in_service
Q21-1820,2025-04-17,in_service
Q24-2415,2025-04-18,withdrawn
Q25-2531,2025-04-20,queued
Q25-2532,2025-04-20,queued
Q21-1850,2025-04-21,in_service
Q20-1429,2025-04-23,in_service
Q25-2533,2025-04-24,queued
Q20-1443,2025-04-26,in_service
Q21-1670,2025-04-26,in_service
Q24-2389,2025-04-26,withdrawn
Q25-2534,2025-04-27,queued
Q20-1545,2025-04-29,in_service
Q25-2535,2025-04-30,queued
Q21-1728,2025-05-01,in_service
Q25-2536,2025-05-01,queued
Q21-1746,2025-05-02,in_service
Q25-2537,2025-05-02,queued
Q25-2538,2025-05-02,queued
Q25-2539,2025-05-03,queued
Q20-1386,2025-05-04,in_service
Q25-2540,2025-05-04,queued
Q19-1227,2025-05-05,in_service
Q22-2188,2025-05-06,withdrawn
Q23-2331,2025-05-06,withdrawn
Q25-2541,2025-05-07,queued
Q21-1897,2025-05-08,in_service
Q25-2542,2025-05-08,queued
Q21-1811,2025-05-10,in_service
Q24-2376,2025-05-11,withdrawn
Q25-2543,2025-05-11,queued
Q22-1976,2025-05-12,in_service
Q25-2544,2025-05-12,queued
Q21-1768,2025-05-15,in_service
Q22-2109,2025-05-15,in_service
Q21-1823,2025-05-18,in_service
Q24-2400,2025-05-18,withdrawn
Q22-2089,2025-05-20,in_service
Q25-2545,2025-05-21,queued
Q22-2025,2025-05-22,in_service
Q25-2546,2025-05-22,queued
Q21-1646,2025-05-23,in_service
Q21-1661,2025-05-24,in_service
Q22-2270,2025-05-25,withdrawn
Q25-2547,2025-05-25,queued
Q21-1883,2025-05-26,in_service
Q22-1986,2025-05-26,in_service
Q25-2548,2025-05-26,queued
Q20-1377,2025-05-27,in_service
Q25-2549,2025-05-27,queued
Q22-2140,2025-05-28,withdrawn
Q25-2550,2025-05-28,queued
Q22-1977,2025-05-31,in_service
Q22-2097,2025-05-31,in_service
Q25-2551,2025-05-31,queued
Q25-2552,2025-06-01,queued
Q25-2553,2025-06-01,queued
Q25-2554,2025-06-03,queued
Q25-2555,2025-06-03,queued
Q25-2556,2025-06-03,queued
Q21-1735,2025-06-05,in_service
Q21-1747,2025-06-06,in_service
Q21-1812,2025-06-08,in_service
Q21-1764,2025-06-09,in_service
Q25-2557,2025-06-09,queued
Q20-1604,2025-06-10,in_service
Q19-1359,2025-06-11,in_service
Q21-1824,2025-06-14,in_service
Q22-2119,2025-06-14,in_service
Q25-2558,2025-06-14,queued
Q20-1451,2025-06-16,in_service
Q25-2559,2025-06-16,queued
Q20-1584,2025-06-17,in_service
Q20-1502,2025-06-19,in_service
Q21-1758,2025-06-19,in_service
Q21-1878,2025-06-20,in_service
Q21-1842,2025-06-21,in_service
Q21-1925,2025-06-21,in_service
Q20-1440,2025-06-22,in_service
Q21-1727,2025-06-22,in_service
Q20-1495,2025-06-23,in_service
Q21-1867,2025-06-25,in_service
Q25-2560,2025-06-25,queued
Q21-1966,2025-06-26,in_service
Q25-2561,2025-06-26,queued
Q25-2562,2025-06-27,queued
Q25-2563,2025-06-29,queued
Q21-1821,2025-06-30,in_service
Q19-1254,2025-07-02,in_service
Q21-1923,2025-07-02,in_service
Q25-2564,2025-07-02,queued
Q21-1690,2025-07-04,in_service
Q22-2030,2025-07-04,in_service
Q23-2335,2025-07-04,withdrawn
Q20-1638,2025-07-05,in_service
Q21-1677,2025-07-09,in_service
Q24-2384,2025-07-11,withdrawn
Q25-2565,2025-07-11,queued
Q25-2566,2025-07-11,queued
Q21-1895,2025-07-12,in_service
Q25-2567,2025-07-16,queued
Q20-1517,2025-07-17,in_service
Q25-2568,2025-07-17,queued
Q25-2569,2025-07-17,queued
Q21-1681,2025-07-20,in_service
Q21-1707,2025-07-21,in_service
Q25-2570,2025-07-22,queued
Q20-1467,2025-07-24,in_service
Q25-2571,2025-07-24,queued
Q25-2572,2025-07-25,queued
Q25-2573,2025-07-26,queued
Q19-1315,2025-07-28,in_service
Q22-2164,2025-07-29,in_service
Q25-2574,2025-07-29,queued
Q21-1844,2025-07-30,in_service
Q25-2575,2025-07-30,queued
Q20-1632,2025-07-31,in_service
Q25-2576,2025-07-31,queued
Q25-2577,2025-07-31,queued
Q21-1970,2025-08-01,in_service
Q25-2578,2025-08-02,queued
Q24-2462,2025-08-03,withdrawn
Q25-2579,2025-08-03,queued
Q19-1286,2025-08-04,in_service
Q21-1781,2025-08-04,in_service
Q22-2091,2025-08-05,in_service
Q21-1866,2025-08-06,in_service
Q21-1903,2025-08-07,in_service
Q22-2075,2025-08-09,in_service
Q24-2460,2025-08-11,withdrawn
Q25-2580,2025-08-13,queued
Q25-2581,2025-08-13,queued
Q25-2582,2025-08-14,queued
Q21-1933,2025-08-15,in_service
Q22-2071,2025-08-15,in_service
Q25-2583,2025-08-16,queued
Q21-1840,2025-08-17,in_service
Q25-2584,2025-08-18,queued
Q24-2448,2025-08-19,withdrawn
Q25-2585,2025-08-19,queued
Q21-1894,2025-08-20,in_service
Q25-2586,2025-08-20,queued
Q25-2587,2025-08-21,queued
Q24-2401,2025-08-22,withdrawn
Q25-2588,2025-08-26,queued
Q21-1917,2025-08-29,in_service
Q22-2221,2025-08-29,withdrawn
Q25-2589,2025-08-29,queued
Q25-2590,2025-08-30,queued
Q25-2591,2025-08-30,queued
Q24-2489,2025-08-31,withdrawn
Q25-2592,2025-08-31,queued
Q20-1542,2025-09-01,in_service
Q22-2202,2025-09-01,withdrawn
Q22-2141,2025-09-03,in_service
Q20-1536,2025-09-04,in_service
Q22-2212,2025-09-04,in_service
Q21-1857,2025-09-05,in_service
Q21-1700,2025-09-06,in_service
Q21-1786,2025-09-06,in_service
Q21-1872,2025-09-06,in_service
Q25-2593,2025-09-06,queued
Q20-1466,2025-09-07,in_service
Q20-1477,2025-09-08,in_service
Q21-1808,2025-09-10,in_service
Q21-1877,2025-09-10,in_service
Q21-1662,2025-09-11,in_service
Q21-1800,2025-09-11,in_service
Q25-2594,2025-09-11,queued
Q25-2595,2025-09-11,queued
Q21-1945,2025-09-12,in_service
Q22-2032,2025-09-12,in_service
Q22-2173,2025-09-13,in_service
Q22-2222,2025-09-14,withdrawn
Q24-2392,2025-09-14,withdrawn
Q25-2596,2025-09-14,queued
Q21-1962,2025-09-15,in_service
Q21-1964,2025-09-16,in_service
Q22-2057,2025-09-16,in_service
Q25-2597,2025-09-16,queued
Q21-1810,2025-09-17,in_service
Q25-2598,2025-09-17,queued
Q25-2599,2025-09-18,queued
Q22-2058,2025-09-22,in_service
Q25-2600,2025-09-22,queued
Q21-1804,2025-09-25,in_service
Q25-2601,2025-09-25,queued
Q25-2557,2025-09-26,withdrawn
Q25-2602,2025-09-28,queued
Q21-1937,2025-09-29,in_service
Q22-2085,2025-09-29,withdrawn
Q25-2603,2025-09-29,queued
Q20-1636,2025-10-01,in_service
Q22-2162,2025-10-04,in_service
Q25-2604,2025-10-06,queued
Q22-2022,2025-10-07,in_service
Q25-2494,2025-10-07,withdrawn
Q22-2137,2025-10-08,in_service
Q25-2605,2025-10-08,queued
Q25-2606,2025-10-08,queued
Q25-2607,2025-10-09,queued
Q22-2143,2025-10-10,in_service
Q25-2608,2025-10-10,queued
Q21-1664,2025-10-11,in_service
Q25-2609,2025-10-11,queued
Q25-2538,2025-10-13,withdrawn
Q22-2029,2025-10-14,in_service
Q25-2521,2025-10-15,withdrawn
Q25-2610,2025-10-15,queued
Q20-1565,2025-10-16,in_service
Q22-2044,2025-10-16,in_service
Q21-1724,2025-10-17,in_service
Q22-2015,2025-10-17,in_service
Q25-2611,2025-10-18,queued
Q23-2277,2025-10-19,withdrawn
Q24-2421,2025-10-20,withdrawn
Q25-2612,2025-10-21,queued
Q21-1641,2025-10-23,in_service
Q22-2014,2025-10-23,in_service
Q22-2211,2025-10-23,in_service
Q25-2613,2025-10-23,queued
Q25-2614,2025-10-24,queued
Q25-2615,2025-10-26,queued
Q21-1797,2025-10-27,in_service
Q24-2426,2025-10-27,withdrawn
Q25-2616,2025-10-27,queued
Q21-1944,2025-10-29,in_service
Q25-2617,2025-10-31,queued
Q25-2618,2025-11-01,queued
Q25-2619,2025-11-04,queued
Q25-2620,2025-11-05,queued
Q25-2621,2025-11-08,queued
Q20-1492,2025-11-09,in_service
Q21-1909,2025-11-10,in_service
Q22-2053,2025-11-10,in_service
Q20-1590,2025-11-14,in_service
Q21-1892,2025-11-14,in_service
Q22-2105,2025-11-14,withdrawn
Q25-2622,2025-11-15,queued
Q20-1448,2025-11-16,in_service
Q24-2455,2025-11-16,withdrawn
Q25-2623,2025-11-16,queued
Q20-1622,2025-11-19,in_service
Q25-2624,2025-11-19,queued
Q20-1518,2025-11-20,in_service
Q21-1770,2025-11-20,in_service
Q25-2625,2025-11-20,queued
Q25-2626,2025-11-20,queued
Q22-2056,2025-11-21,in_service
Q25-2627,2025-11-21,queued
Q25-2628,2025-11-21,queued
Q25-2629,2025-11-21,queued
Q21-1777,2025-11-24,in_service
Q25-2630,2025-11-26,queued
Q22-2152,2025-11-30,withdrawn
Q25-2631,2025-11-30,queued
Q22-2005,2025-12-02,in_service
Q25-2632,2025-12-02,queued
Q25-2633,2025-12-03,queued
Q22-2046,2025-12-05,in_service
Q25-2510,2025-12-05,withdrawn
Q25-2634,2025-12-06,queued
Q24-2451,2025-12-08,withdrawn
Q22-2023,2025-12-09,in_service
Q25-2533,2025-12-09,withdrawn
Q22-2166,2025-12-10,in_service
Q25-2635,2025-12-10,queued
Q21-1902,2025-12-11,in_service
Q22-2128,2025-12-13,in_service
Q24-2385,2025-12-14,withdrawn
Q25-2636,2025-12-14,queued
Q22-2092,2025-12-15,in_service
Q20-1468,2025-12-16,in_service
Q22-2236,2025-12-19,in_service
Q22-1980,2025-12-20,in_service
Q25-2637,2025-12-20,queued
Q21-1743,2025-12-22,in_service
Q25-2638,2025-12-23,queued
Q21-1750,2025-12-26,in_service
Q25-2639,2025-12-27,queued
Q25-2640,2025-12-31,queued
Q21-1924,2026-01-01,in_service
Q21-1898,2026-01-03,in_service
Q22-2117,2026-01-05,in_service
Q21-1939,2026-01-07,in_service
Q22-2019,2026-01-07,in_service
Q22-2129,2026-01-07,in_service
Q25-2524,2026-01-10,withdrawn
Q21-1848,2026-01-13,in_service
Q25-2573,2026-01-13,withdrawn
Q22-2265,2026-01-14,in_service
Q21-1793,2026-01-15,in_service
Q25-2550,2026-01-15,withdrawn
Q20-1629,2026-01-17,in_service
Q22-2040,2026-01-19,in_service
Q21-1713,2026-01-22,in_service
Q22-2261,2026-01-22,in_service
Q22-2206,2026-01-25,in_service
Q24-2396,2026-01-26,withdrawn
Q20-1505,2026-01-30,in_service
Q21-1807,2026-01-30,in_service
Q22-2160,2026-01-30,in_service
Q23-2361,2026-02-01,withdrawn
Q21-1683,2026-02-02,in_service
Q22-2033,2026-02-02,in_service
Q20-1489,2026-02-04,in_service
Q22-2257,2026-02-05,in_service
Q21-1958,2026-02-06,in_service
Q21-1862,2026-02-08,in_service
Q21-1961,2026-02-11,in_service
Q22-2004,2026-02-13,in_service
Q22-2147,2026-02-13,in_service
Q24-2425,2026-02-13,withdrawn
Q22-2177,2026-02-14,withdrawn
Q22-2195,2026-02-20,withdrawn
Q22-2224,2026-02-21,in_service
Q20-1450,2026-02-23,in_service
Q22-2034,2026-02-23,in_service
Q21-1916,2026-02-24,in_service
Q23-2300,2026-02-26,withdrawn
Q23-2317,2026-02-28,in_service
Q21-1745,2026-03-01,in_service
Q22-2026,2026-03-01,in_service
Q21-1684,2026-03-02,in_service
Q22-2064,2026-03-03,in_service
Q23-2319,2026-03-03,in_service
Q20-1619,2026-03-04,in_service
Q21-1754,2026-03-07,in_service
Q22-2042,2026-03-08,in_service
Q22-2007,2026-03-09,in_service
Q21-1957,2026-03-10,in_service
Q21-1772,2026-03-12,in_service
Q21-1721,2026-03-14,in_service
Q22-2113,2026-03-15,in_service
Q20-1516,2026-03-16,in_service
Q21-1788,2026-03-17,in_service
Q23-2357,2026-03-17,withdrawn
Q21-1720,2026-03-23,in_service
Q24-2374,2026-03-23,withdrawn
Q22-2203,2026-03-24,in_service
Q21-1697,2026-03-30,in_service
Q21-1871,2026-03-30,in_service
Q22-2126,2026-03-30,in_service
Q20-1610,2026-04-01,in_service
Q22-2111,2026-04-02,in_service
Q21-1757,2026-04-05,in_service
Q21-1865,2026-04-06,in_service
Q21-1653,2026-04-08,in_service
Q21-1889,2026-04-10,in_service
Q22-2116,2026-04-10,in_service
Q24-2487,2026-04-13,withdrawn
Q20-1524,2026-04-14,in_service
Q21-1805,2026-04-14,in_service
Q22-2049,2026-04-15,in_service
Q22-2041,2026-04-16,in_service
Q21-1855,2026-04-17,in_service
Q21-1913,2026-04-18,in_service
Q22-2217,2026-04-21,in_service
Q25-2539,2026-04-22,withdrawn
Q24-2371,2026-04-23,withdrawn
Q24-2430,2026-04-25,withdrawn
Q22-2174,2026-04-28,in_service
Q20-1530,2026-04-29,in_service
Q21-1783,2026-04-29,in_service
Q22-2038,2026-04-29,in_service
Q22-2238,2026-04-30,in_service
Q20-1471,2026-05-02,in_service
Q24-2443,2026-05-09,withdrawn
Q22-2066,2026-05-10,in_service
Q20-1606,2026-05-11,in_service
Q22-1991,2026-05-11,in_service
Q23-2295,2026-05-12,in_service
Q22-2181,2026-05-13,in_service
Q24-2442,2026-05-16,withdrawn
Q20-1574,2026-05-19,in_service
Q21-1780,2026-05-21,in_service
Q22-1989,2026-05-21,in_service
Q24-2379,2026-05-22,withdrawn
Q21-1956,2026-05-24,in_service
Q21-1953,2026-05-25,in_service
Q22-2120,2026-05-25,in_service
Q21-1654,2026-05-30,in_service
Q24-2372,2026-05-31,withdrawn
Q21-1657,2026-06-07,in_service
Q20-1483,2026-06-12,in_service
Q21-1914,2026-06-13,in_service
Q22-1985,2026-06-14,in_service
Q22-2190,2026-06-14,in_service
Q21-1695,2026-06-15,in_service
Q24-2380,2026-06-16,withdrawn
Q23-2362,2026-06-19,withdrawn
Q24-2377,2026-06-19,withdrawn
Q22-2210,2026-06-20,in_service
Q21-1853,2026-06-21,in_service
Q22-2084,2026-06-22,in_service
Q23-2282,2026-06-26,in_service
Q22-2207,2026-06-28,in_service
Q22-2167,2026-06-30,in_service
Q24-2444,2026-06-30,withdrawn
Q23-2307,2026-07-01,in_service
Q22-1995,2026-07-03,in_service
Q23-2320,2026-07-03,in_service
Q23-2336,2026-07-08,in_service
Q21-1738,2026-07-12,in_service
Q23-2301,2026-07-13,in_service
Q21-1782,2026-07-14,in_service
Q22-2016,2026-07-14,in_service
Q21-1766,2026-07-17,in_service
Q22-2061,2026-07-17,in_service
Q23-2332,2026-07-21,in_service
Q20-1614,2026-07-22,in_service
Q22-2204,2026-07-22,in_service
Q23-2290,2026-07-22,in_service
Q22-2031,2026-07-23,in_service
Q22-2088,2026-07-25,in_service
Q23-2348,2026-07-26,in_service
Q20-1630,2026-07-29,in_service
Q22-2231,2026-07-31,in_service
Q23-2305,2026-07-31,in_service
Q22-2154,2026-08-01,in_service
Q21-1870,2026-08-04,in_service
Q21-1816,2026-08-08,in_service
Q21-1652,2026-08-17,in_service
Q22-2079,2026-08-20,in_service
Q21-1705,2026-08-22,in_service
Q22-1982,2026-08-25,in_service
Q23-2323,2026-08-25,in_service
Q23-2368,2026-08-26,withdrawn
Q23-2337,2026-08-27,in_service
Q22-2249,2026-08-28,in_service
Q21-1813,2026-08-30,in_service
Q21-1921,2026-09-01,in_service
Q21-1873,2026-09-02,in_service
Q25-2593,2026-09-03,withdrawn
Q21-1789,2026-09-06,in_service
Q21-1838,2026-09-09,in_service
Q22-2260,2026-09-13,in_service
Q22-2218,2026-09-15,in_service
Q21-1948,2026-09-18,in_service
Q21-1809,2026-09-19,in_service
Q21-1775,2026-09-22,in_service
Q22-2001,2026-09-22,in_service
Q21-1693,2026-09-24,in_service
Q22-2215,2026-09-25,in_service
Q22-2219,2026-09-29,in_service
Q21-1755,2026-10-01,in_service
Q22-2106,2026-10-01,in_service
Q21-1729,2026-10-06,in_service
Q24-2475,2026-10-06,withdrawn
Q21-1911,2026-10-08,in_service
Q21-1826,2026-10-14,in_service
Q22-2201,2026-10-15,in_service
Q22-2078,2026-10-18,in_service
Q22-2263,2026-10-21,in_service
Q22-2225,2026-10-26,in_service
Q21-1949,2026-10-27,in_service
Q23-2279,2026-10-27,in_service
Q23-2291,2026-10-27,in_service
Q22-2067,2026-10-28,in_service
Q22-2268,2026-10-28,in_service
Q22-2163,2026-10-31,in_service
Q22-2021,2026-11-01,in_service
Q25-2638,2026-11-06,withdrawn
Q23-2313,2026-11-07,in_service
Q20-1627,2026-11-09,in_service
Q22-1983,2026-11-10,in_service
Q24-2445,2026-11-11,withdrawn
Q23-2304,2026-11-13,in_service
Q22-1997,2026-11-22,in_service
Q22-2115,2026-11-22,in_service
Q24-2402,2026-11-26,withdrawn
Q21-1929,2026-11-27,in_service
Q23-2318,2026-11-27,in_service
Q22-2168,2026-11-28,in_service
Q22-2226,2026-12-06,in_service
Q21-1778,2026-12-07,in_service
Q22-2145,2026-12-07,in_service
Q21-1888,2026-12-10,in_service
Q22-1981,2026-12-12,in_service
Q23-2285,2026-12-14,in_service
Q25-2610,2026-12-16,withdrawn
Q21-1843,2026-12-18,in_service
Q22-2121,2026-12-20,in_service
Q21-1952,2026-12-25,in_service
Q25-2574,2026-12-31,withdrawn
Q21-1748,2027-01-06,in_service
Q22-2095,2027-01-06,in_service
Q24-2378,2027-01-07,in_service
Q22-1973,2027-01-11,in_service
Q22-2045,2027-01-19,in_service
Q21-1868,2027-01-20,in_service
Q23-2284,2027-01-24,in_service
Q24-2427,2027-01-24,withdrawn
Q22-1998,2027-01-28,in_service
Q22-2146,2027-01-28,in_service
Q21-1774,2027-01-30,in_service
Q22-2251,2027-02-02,in_service
Q21-1739,2027-02-08,in_service
Q21-1647,2027-02-10,in_service
Q21-1649,2027-02-11,in_service
Q22-2047,2027-02-11,in_service
Q21-1784,2027-02-12,in_service
Q22-2051,2027-02-15,in_service
Q23-2281,2027-02-17,in_service
Q22-2072,2027-02-18,in_service
Q22-2130,2027-02-20,in_service
Q22-2020,2027-02-21,in_service
Q22-2108,2027-02-23,in_service
Q24-2409,2027-02-23,withdrawn
Q25-2632,2027-02-25,withdrawn
Q24-2433,2027-02-28,in_service
Q24-2417,2027-03-03,in_service
Q23-2325,2027-03-04,in_service
Q22-2048,2027-03-06,in_service
Q22-2054,2027-03-07,in_service
Q23-2271,2027-03-13,in_service
Q23-2339,2027-03-13,in_service
Q22-2082,2027-03-19,in_service
Q22-2024,2027-03-24,in_service
Q24-2383,2027-03-28,in_service
Q22-2180,2027-03-29,in_service
Q22-2223,2027-03-30,in_service
Q23-2280,2027-04-02,in_service
Q22-1975,2027-04-03,in_service
Q23-2333,2027-04-06,withdrawn
Q23-2286,2027-04-08,in_service
Q23-2349,2027-04-11,in_service
Q22-2074,2027-04-12,in_service
Q22-2230,2027-04-12,in_service
Q22-2134,2027-04-13,in_service
Q22-2059,2027-04-16,in_service
Q22-2118,2027-04-16,in_service
Q22-2255,2027-04-19,in_service
Q22-2227,2027-04-20,in_service
Q22-2011,2027-04-21,in_service
Q22-2245,2027-04-25,in_service
Q23-2346,2027-04-26,withdrawn
Q24-2375,2027-04-27,in_service
Q22-2010,2027-04-29,in_service
Q22-2199,2027-04-29,in_service
Q23-2294,2027-05-03,in_service
Q22-2172,2027-05-05,in_service
Q22-2241,2027-05-11,in_service
Q23-2316,2027-05-11,in_service
Q22-2000,2027-05-25,in_service
Q21-1901,2027-05-28,in_service
Q24-2416,2027-05-29,in_service
Q25-2577,2027-05-30,withdrawn
Q21-1963,2027-05-31,in_service
Q22-2161,2027-06-06,in_service
Q24-2387,2027-06-06,in_service
Q23-2355,2027-06-16,in_service
Q22-1984,2027-06-22,in_service
Q23-2338,2027-06-23,in_service
Q22-2104,2027-06-24,in_service
Q22-2050,2027-06-26,in_service
Q21-1932,2027-06-27,in_service
Q23-2350,2027-06-29,in_service
Q22-2073,2027-07-03,in_service
Q21-1799,2027-07-07,in_service
Q21-1879,2027-07-10,in_service
Q22-2013,2027-07-10,in_service
Q22-2158,2027-07-16,in_service
Q22-2243,2027-07-20,in_service
Q22-2244,2027-07-20,in_service
Q24-2484,2027-07-24,in_service
Q23-2273,2027-08-03,in_service
Q22-2151,2027-08-06,in_service
Q24-2482,2027-08-06,in_service
Q24-2485,2027-08-10,in_service
Q22-2055,2027-08-12,in_service
Q22-2103,2027-08-13,in_service
Q22-2264,2027-08-14,in_service
Q23-2310,2027-08-20,in_service
Q22-2157,2027-08-23,in_service
Q22-2259,2027-08-28,in_service
Q21-1960,2027-08-29,in_service
Q22-2148,2027-09-03,in_service
Q22-2155,2027-09-07,in_service
Q25-2614,2027-09-09,withdrawn
Q22-2256,2027-09-11,in_service
Q22-2200,2027-09-14,in_service
Q22-2198,2027-09-17,in_service
Q22-2112,2027-09-20,in_service
Q22-2184,2027-09-20,in_service
Q22-2122,2027-09-26,in_service
Q22-2144,2027-09-26,in_service
Q23-2287,2027-09-26,in_service
Q22-2123,2027-09-28,in_service
Q22-2247,2027-10-08,in_service
Q24-2466,2027-10-08,in_service
Q22-2060,2027-10-14,in_service
Q24-2398,2027-10-14,in_service
Q23-2358,2027-10-17,in_service
Q22-2165,2027-10-24,in_service
Q23-2302,2027-10-26,in_service
Q23-2353,2027-10-27,in_service
Q22-2242,2027-10-31,in_service
Q21-1943,2027-11-01,in_service
Q22-2135,2027-11-02,in_service
Q22-2087,2027-11-06,in_service
Q24-2393,2027-11-08,in_service
Q22-2178,2027-11-11,in_service
Q22-2232,2027-11-13,in_service
Q22-2083,2027-11-18,in_service
Q22-2187,2027-11-22,in_service
Q22-2068,2027-11-23,in_service
Q22-2262,2027-11-23,in_service
Q22-2209,2027-11-24,in_service
Q22-2189,2027-12-12,in_service
Q23-2283,2027-12-18,in_service
Q22-2098,2027-12-22,in_service
Q23-2343,2027-12-26,in_service
Q22-2213,2027-12-28,in_service
Q22-2133,2027-12-30,in_service
Q22-2182,2028-01-03,in_service
Q24-2453,2028-01-03,in_service
Q22-2125,2028-01-06,in_service
Q22-2216,2028-01-07,in_service
Q22-2194,2028-01-09,in_service
Q23-2359,2028-01-18,in_service
Q23-2303,2028-01-20,in_service
Q22-2100,2028-01-27,in_service
Q23-2330,2028-02-06,in_service
Q23-2296,2028-02-10,in_service
Q23-2352,2028-02-14,in_service
Q23-2365,2028-02-19,in_service
Q24-2382,2028-02-26,in_service
Q22-2159,2028-03-01,in_service
Q24-2395,2028-03-18,in_service
Q23-2328,2028-03-22,in_service
Q22-2220,2028-03-26,in_service
Q24-2420,2028-03-26,in_service
Q24-2419,2028-04-06,in_service
Q22-2267,2028-04-17,in_service
Q22-2246,2028-04-19,in_service
Q24-2412,2028-04-25,in_service
Q22-2252,2028-04-28,in_service
Q23-2272,2028-04-30,in_service
Q22-2136,2028-05-03,in_service
Q24-2439,2028-05-06,in_service
Q23-2309,2028-05-08,in_service
Q23-2354,2028-05-10,in_service
Q23-2276,2028-05-11,in_service
Q24-2388,2028-05-16,in_service
Q22-2269,2028-05-22,in_service
Q23-2327,2028-06-04,in_service
Q23-2274,2028-06-07,in_service
Q23-2315,2028-06-14,in_service
Q22-2170,2028-06-18,in_service
Q24-2438,2028-07-04,in_service
Q23-2298,2028-07-17,in_service
Q23-2340,2028-07-20,in_service
Q22-2233,2028-09-02,in_service
Q23-2322,2028-09-04,in_service
Q23-2370,2028-09-04,in_service
Q23-2364,2028-09-07,in_service
Q24-2457,2028-09-09,in_service
Q22-2250,2028-09-28,in_service
Q22-2149,2028-09-29,in_service
Q24-2490,2028-10-02,in_service
Q22-2254,2028-10-05,in_service
Q24-2447,2028-10-09,in_service
Q25-2491,2028-10-11,in_service
Q23-2288,2028-10-22,in_service
Q23-2347,2028-11-27,in_service
Q24-2480,2028-12-08,in_service
Q23-2314,2028-12-09,in_service
Q24-2386,2028-12-21,in_service
Q24-2391,2028-12-22,in_service
Q23-2351,2028-12-25,in_service
Q23-2342,2028-12-26,in_service
Q24-2431,2029-01-22,in_service
Q24-2471,2029-02-02,in_service
Q24-2381,2029-02-06,in_service
Q23-2312,2029-02-09,in_service
Q24-2404,2029-03-02,in_service
Q23-2344,2029-03-09,in_service
Q23-2360,2029-03-10,in_service
Q24-2397,2029-03-10,in_service
Q24-2405,2029-04-06,in_service
Q24-2403,2029-04-09,in_service
Q24-2390,2029-05-13,in_service
Q24-2446,2029-05-28,in_service
Q24-2476,2029-06-19,in_service
Q24-2473,2029-06-20,in_service
Q23-2341,2029-06-22,in_service
Q24-2373,2029-07-27,in_service
Q23-2369,2029-07-29,in_service
Q23-2363,2029-08-20,in_service
Q23-2367,2029-09-14,in_service
Q24-2440,2029-10-31,in_service
