project_id,study_type,publication_date,template,pdf_path
Q11-0004,system_impact,2011-12-02,C,data/studies/pdf/q110004_imp.pdf
Q11-0001,system_impact,2012-01-25,B,data/studies/pdf/q110001_imp.pdf
Q11-0014,system_impact,2012-02-03,B,data/studies/pdf/q110014_imp.pdf
Q11-0018,system_impact,2012-02-26,B,data/studies/pdf/q110018_imp.pdf
Q11-0006,system_impact,2012-05-03,A,data/studies/pdf/q110006_imp.pdf
Q11-0017,system_impact,2012-05-30,C,data/studies/pdf/q110017_imp.pdf
Q11-0036,system_impact,2012-05-27,C,data/studies/pdf/q110036_imp.pdf
Q11-0030,system_impact,2012-06-25,A,data/studies/pdf/q110030_imp.pdf
Q11-0034,system_impact,2012-06-28,C,data/studies/pdf/q110034_imp.pdf
Q11-0019,system_impact,2012-07-26,C,data/studies/pdf/q110019_imp.pdf
Q11-0024,system_impact,2012-07-28,B,data/studies/pdf/q110024_imp.pdf
Q11-0052,system_impact,2012-07-31,C,data/studies/pdf/q110052_imp.pdf
Q11-0003,system_impact,2012-08-24,B,data/studies/pdf/q110003_imp.pdf
Q11-0016,system_impact,2012-08-21,B,data/studies/pdf/q110016_imp.pdf
Q11-0070,system_impact,2012-08-24,C,data/studies/pdf/q110070_imp.pdf
Q11-0010,system_impact,2012-09-16,C,data/studies/pdf/q110010_imp.pdf
Q11-0011,system_impact,2012-10-02,A,data/studies/pdf/q110011_imp.pdf
Q11-0033,system_impact,2012-10-02,B,data/studies/pdf/q110033_imp.pdf
Q11-0037,system_impact,2012-10-02,A,data/studies/pdf/q110037_imp.pdf
Q11-0046,system_impact,2012-09-23,B,data/studies/pdf/q110046_imp.pdf
Q11-0005,system_impact,2012-10-17,B,data/studies/pdf/q110005_imp.pdf
Q11-0009,system_impact,2012-10-28,C,data/studies/pdf/q110009_imp.pdf
Q11-0012,system_impact,2012-10-23,B,data/studies/pdf/q110012_imp.pdf
Q11-0020,system_impact,2012-10-27,C,data/studies/pdf/q110020_imp.pdf
Q11-0026,system_impact,2012-10-16,B,data/studies/pdf/q110026_imp.pdf
Q11-0035,system_impact,2012-10-30,B,data/studies/pdf/q110035_imp.pdf
Q11-0038,system_impact,2012-10-17,C,data/studies/pdf/q110038_imp.pdf
Q11-0042,system_impact,2012-10-20,B,data/studies/pdf/q110042_imp.pdf
Q11-0044,system_impact,2012-10-15,B,data/studies/pdf/q110044_imp.pdf
Q11-0082,system_impact,2012-10-22,C,data/studies/pdf/q110082_imp.pdf
Q11-0056,system_impact,2012-12-04,B,data/studies/pdf/q110056_imp.pdf
Q11-0066,system_impact,2012-11-16,C,data/studies/pdf/q110066_imp.pdf
Q11-0072,system_impact,2012-11-28,C,data/studies/pdf/q110072_imp.pdf
Q11-0073,system_impact,2012-11-18,B,data/studies/pdf/q110073_imp.pdf
Q11-0077,system_impact,2012-11-17,A,data/studies/pdf/q110077_imp.pdf
Q11-0085,system_impact,2012-11-18,B,data/studies/pdf/q110085_imp.pdf
Q11-0090,system_impact,2012-11-18,C,data/studies/pdf/q110090_imp.pdf
Q12-0096,system_impact,2012-11-30,C,data/studies/pdf/q120096_imp.pdf
Q11-0002,system_impact,2012-12-15,A,data/studies/pdf/q110002_imp.pdf
Q11-0007,system_impact,2012-12-23,C,data/studies/pdf/q110007_imp.pdf
Q11-0013,system_impact,2012-12-19,B,data/studies/pdf/q110013_imp.pdf
Q11-0015,system_impact,2012-12-19,B,data/studies/pdf/q110015_imp.pdf
Q11-0031,system_impact,2012-12-26,C,data/studies/pdf/q110031_imp.pdf
Q11-0043,system_impact,2012-12-24,B,data/studies/pdf/q110043_imp.pdf
Q11-0054,system_impact,2012-12-22,B,data/studies/pdf/q110054_imp.pdf
Q11-0021,system_impact,2013-02-02,C,data/studies/pdf/q110021_imp.pdf
Q11-0045,system_impact,2013-01-28,B,data/studies/pdf/q110045_imp.pdf
Q11-0053,system_impact,2013-02-02,B,data/studies/pdf/q110053_imp.pdf
Q11-0055,system_impact,2013-01-17,B,data/studies/pdf/q110055_imp.pdf
Q11-0064,system_impact,2013-01-16,B,data/studies/pdf/q110064_imp.pdf
Q11-0071,system_impact,2013-01-23,C,data/studies/pdf/q110071_imp.pdf
Q11-0089,system_impact,2013-01-29,B,data/studies/pdf/q110089_imp.pdf
Q12-0097,system_impact,2013-01-30,B,data/studies/pdf/q120097_imp.pdf
Q11-0025,system_impact,2013-02-27,A,data/studies/pdf/q110025_imp.pdf
Q11-0041,system_impact,2013-02-22,C,data/studies/pdf/q110041_imp.pdf
Q11-0049,system_impact,2013-03-01,B,data/studies/pdf/q110049_imp.pdf
Q11-0062,system_impact,2013-02-27,B,data/studies/pdf/q110062_imp.pdf
Q11-0074,system_impact,2013-03-05,C,data/studies/pdf/q110074_imp.pdf
Q11-0083,system_impact,2013-02-19,C,data/studies/pdf/q110083_imp.pdf
Q11-0086,system_impact,2013-03-06,B,data/studies/pdf/q110086_imp.pdf
Q12-0107,system_impact,2013-03-04,B,data/studies/pdf/q120107_imp.pdf
Q11-0028,system_impact,2013-03-15,A,data/studies/pdf/q110028_imp.pdf
Q11-0032,system_impact,2013-03-19,B,data/studies/pdf/q110032_imp.pdf
Q11-0067,system_impact,2013-03-22,B,data/studies/pdf/q110067_imp.pdf
Q11-0069,system_impact,2013-03-19,B,data/studies/pdf/q110069_imp.pdf
Q11-0088,system_impact,2013-03-21,B,data/studies/pdf/q110088_imp.pdf
Q12-0091,system_impact,2013-03-22,C,data/studies/pdf/q120091_imp.pdf
Q12-0101,system_impact,2013-03-16,B,data/studies/pdf/q120101_imp.pdf
Q12-0111,system_impact,2013-03-16,B,data/studies/pdf/q120111_imp.pdf
Q12-0112,system_impact,2013-03-17,C,data/studies/pdf/q120112_imp.pdf
Q12-0115,system_impact,2013-04-03,B,data/studies/pdf/q120115_imp.pdf
Q11-0027,system_impact,2013-04-23,B,data/studies/pdf/q110027_imp.pdf
Q11-0061,system_impact,2013-04-30,B,data/studies/pdf/q110061_imp.pdf
Q12-0094,system_impact,2013-04-15,B,data/studies/pdf/q120094_imp.pdf
Q12-0116,system_impact,2013-04-24,B,data/studies/pdf/q120116_imp.pdf
Q12-0122,system_impact,2013-04-20,B,data/studies/pdf/q120122_imp.pdf
Q11-0039,system_impact,2013-05-28,C,data/studies/pdf/q110039_imp.pdf
Q11-0057,system_impact,2013-05-15,B,data/studies/pdf/q110057_imp.pdf
Q11-0059,system_impact,2013-05-19,B,data/studies/pdf/q110059_imp.pdf
Q11-0080,system_impact,2013-06-03,B,data/studies/pdf/q110080_imp.pdf
Q12-0106,system_impact,2013-06-03,B,data/studies/pdf/q120106_imp.pdf
Q12-0118,system_impact,2013-05-15,A,data/studies/pdf/q120118_imp.pdf
Q11-0040,system_impact,2013-06-25,C,data/studies/pdf/q110040_imp.pdf
Q11-0065,system_impact,2013-06-18,A,data/studies/pdf/q110065_imp.pdf
Q11-0076,system_impact,2013-07-04,B,data/studies/pdf/q110076_imp.pdf
Q12-0103,system_impact,2013-07-04,B,data/studies/pdf/q120103_imp.pdf
Q12-0127,system_impact,2013-06-17,A,data/studies/pdf/q120127_imp.pdf
Q12-0121,system_impact,2013-07-28,C,data/studies/pdf/q120121_imp.pdf
Q12-0142,system_impact,2013-07-20,B,data/studies/pdf/q120142_imp.pdf
Q11-0048,system_impact,2013-08-21,C,data/studies/pdf/q110048_imp.pdf
Q11-0050,system_impact,2013-08-15,A,data/studies/pdf/q110050_imp.pdf
Q11-0081,system_impact,2013-08-24,B,data/studies/pdf/q110081_imp.pdf
Q12-0095,system_impact,2013-08-30,B,data/studies/pdf/q120095_imp.pdf
Q12-0132,system_impact,2013-08-24,C,data/studies/pdf/q120132_imp.pdf
Q12-0151,system_impact,2013-08-26,B,data/studies/pdf/q120151_imp.pdf
Q12-0154,system_impact,2013-09-01,C,data/studies/pdf/q120154_imp.pdf
Q12-0157,system_impact,2013-09-01,C,data/studies/pdf/q120157_imp.pdf
Q12-0161,system_impact,2013-08-16,A,data/studies/pdf/q120161_imp.pdf
Q11-0051,system_impact,2013-09-30,B,data/studies/pdf/q110051_imp.pdf
Q11-0079,system_impact,2013-09-28,A,data/studies/pdf/q110079_imp.pdf
Q12-0098,system_impact,2013-09-15,A,data/studies/pdf/q120098_imp.pdf
Q12-0100,system_impact,2013-09-16,B,data/studies/pdf/q120100_imp.pdf
Q11-0058,system_impact,2013-10-27,B,data/studies/pdf/q110058_imp.pdf
Q11-0078,system_impact,2013-11-03,C,data/studies/pdf/q110078_imp.pdf
Q12-0131,system_impact,2013-10-15,C,data/studies/pdf/q120131_imp.pdf
Q12-0182,system_impact,2013-10-18,B,data/studies/pdf/q120182_imp.pdf
Q12-0102,system_impact,2013-11-25,B,data/studies/pdf/q120102_imp.pdf
Q12-0126,system_impact,2013-11-21,B,data/studies/pdf/q120126_imp.pdf
Q12-0141,system_impact,2013-11-25,B,data/studies/pdf/q120141_imp.pdf
Q12-0155,system_impact,2013-11-20,A,data/studies/pdf/q120155_imp.pdf
Q12-0108,system_impact,2013-12-22,C,data/studies/pdf/q120108_imp.pdf
Q12-0158,system_impact,2013-12-23,C,data/studies/pdf/q120158_imp.pdf
Q12-0167,system_impact,2013-12-19,B,data/studies/pdf/q120167_imp.pdf
Q12-0170,system_impact,2013-12-24,B,data/studies/pdf/q120170_imp.pdf
Q12-0171,system_impact,2013-12-21,B,data/studies/pdf/q120171_imp.pdf
Q12-0172,system_impact,2014-01-03,B,data/studies/pdf/q120172_imp.pdf
Q13-0198,system_impact,2013-12-19,B,data/studies/pdf/q130198_imp.pdf
Q11-0084,system_impact,2014-02-01,C,data/studies/pdf/q110084_imp.pdf
Q12-0092,system_impact,2014-01-27,B,data/studies/pdf/q120092_imp.pdf
Q12-0109,system_impact,2014-01-24,A,data/studies/pdf/q120109_imp.pdf
Q12-0110,system_impact,2014-01-26,A,data/studies/pdf/q120110_imp.pdf
Q12-0119,system_impact,2014-01-26,C,data/studies/pdf/q120119_imp.pdf
Q12-0139,system_impact,2014-01-21,B,data/studies/pdf/q120139_imp.pdf
Q12-0140,system_impact,2014-01-23,B,data/studies/pdf/q120140_imp.pdf
Q12-0147,system_impact,2014-01-31,A,data/studies/pdf/q120147_imp.pdf
Q12-0152,system_impact,2014-02-03,B,data/studies/pdf/q120152_imp.pdf
Q12-0160,system_impact,2014-01-31,B,data/studies/pdf/q120160_imp.pdf
Q12-0163,system_impact,2014-01-25,C,data/studies/pdf/q120163_imp.pdf
Q12-0164,system_impact,2014-02-02,C,data/studies/pdf/q120164_imp.pdf
Q12-0174,system_impact,2014-01-22,B,data/studies/pdf/q120174_imp.pdf
Q13-0191,system_impact,2014-01-19,B,data/studies/pdf/q130191_imp.pdf
Q12-0146,system_impact,2014-02-20,A,data/studies/pdf/q120146_imp.pdf
Q12-0186,system_impact,2014-02-25,C,data/studies/pdf/q120186_imp.pdf
Q12-0187,system_impact,2014-02-28,B,data/studies/pdf/q120187_imp.pdf
Q12-0190,system_impact,2014-02-16,A,data/studies/pdf/q120190_imp.pdf
Q13-0225,system_impact,2014-02-15,A,data/studies/pdf/q130225_imp.pdf
Q12-0099,system_impact,2014-03-25,B,data/studies/pdf/q120099_imp.pdf
Q12-0128,system_impact,2014-04-03,B,data/studies/pdf/q120128_imp.pdf
Q12-0150,system_impact,2014-03-30,B,data/studies/pdf/q120150_imp.pdf
Q12-0166,system_impact,2014-03-20,C,data/studies/pdf/q120166_imp.pdf
Q13-0208,system_impact,2014-03-17,B,data/studies/pdf/q130208_imp.pdf
Q13-0223,system_impact,2014-03-25,C,data/studies/pdf/q130223_imp.pdf
Q12-0113,system_impact,2014-04-16,B,data/studies/pdf/q120113_imp.pdf
Q12-0117,system_impact,2014-05-28,B,data/studies/pdf/q120117_imp.pdf
Q12-0120,system_impact,2014-05-28,C,data/studies/pdf/q120120_imp.pdf
Q12-0129,system_impact,2014-05-17,B,data/studies/pdf/q120129_imp.pdf
Q12-0137,system_impact,2014-05-26,A,data/studies/pdf/q120137_imp.pdf
Q12-0144,system_impact,2014-05-17,B,data/studies/pdf/q120144_imp.pdf
Q12-0145,system_impact,2014-05-29,C,data/studies/pdf/q120145_imp.pdf
Q12-0169,system_impact,2014-05-26,B,data/studies/pdf/q120169_imp.pdf
Q13-0199,system_impact,2014-05-20,B,data/studies/pdf/q130199_imp.pdf
Q13-0206,system_impact,2014-05-29,B,data/studies/pdf/q130206_imp.pdf
Q13-0222,system_impact,2014-05-15,B,data/studies/pdf/q130222_imp.pdf
Q13-0243,system_impact,2014-06-02,B,data/studies/pdf/q130243_imp.pdf
Q13-0253,system_impact,2014-05-18,B,data/studies/pdf/q130253_imp.pdf
Q12-0123,system_impact,2014-06-27,C,data/studies/pdf/q120123_imp.pdf
Q12-0130,system_impact,2014-07-02,B,data/studies/pdf/q120130_imp.pdf
Q12-0133,system_impact,2014-06-17,A,data/studies/pdf/q120133_imp.pdf
Q12-0138,system_impact,2014-07-04,A,data/studies/pdf/q120138_imp.pdf
Q13-0204,system_impact,2014-06-23,C,data/studies/pdf/q130204_imp.pdf
Q13-0224,system_impact,2014-06-29,C,data/studies/pdf/q130224_imp.pdf
Q13-0254,system_impact,2014-06-23,A,data/studies/pdf/q130254_imp.pdf
Q12-0136,system_impact,2014-07-28,C,data/studies/pdf/q120136_imp.pdf
Q12-0149,system_impact,2014-07-29,B,data/studies/pdf/q120149_imp.pdf
Q12-0159,system_impact,2014-07-23,A,data/studies/pdf/q120159_imp.pdf
Q12-0162,system_impact,2014-07-18,B,data/studies/pdf/q120162_imp.pdf
Q12-0183,system_impact,2014-07-15,B,data/studies/pdf/q120183_imp.pdf
Q13-0202,system_impact,2014-07-30,B,data/studies/pdf/q130202_imp.pdf
Q13-0205,system_impact,2014-07-31,C,data/studies/pdf/q130205_imp.pdf
Q13-0209,system_impact,2014-07-21,C,data/studies/pdf/q130209_imp.pdf
Q13-0235,system_impact,2014-07-28,B,data/studies/pdf/q130235_imp.pdf
Q13-0241,system_impact,2014-07-27,B,data/studies/pdf/q130241_imp.pdf
Q12-0135,system_impact,2014-08-31,A,data/studies/pdf/q120135_imp.pdf
Q12-0143,system_impact,2014-08-19,C,data/studies/pdf/q120143_imp.pdf
Q12-0173,system_impact,2014-08-20,B,data/studies/pdf/q120173_imp.pdf
Q12-0175,system_impact,2014-08-26,B,data/studies/pdf/q120175_imp.pdf
Q13-0207,system_impact,2014-08-18,B,data/studies/pdf/q130207_imp.pdf
Q13-0261,system_impact,2014-08-29,C,data/studies/pdf/q130261_imp.pdf
Q13-0274,system_impact,2014-08-19,A,data/studies/pdf/q130274_imp.pdf
Q13-0275,system_impact,2014-08-15,A,data/studies/pdf/q130275_imp.pdf
Q13-0282,system_impact,2014-08-25,B,data/studies/pdf/q130282_imp.pdf
Q12-0156,system_impact,2014-09-21,B,data/studies/pdf/q120156_imp.pdf
Q12-0168,system_impact,2014-09-22,B,data/studies/pdf/q120168_imp.pdf
Q12-0178,system_impact,2014-09-17,A,data/studies/pdf/q120178_imp.pdf
Q13-0193,system_impact,2014-09-23,A,data/studies/pdf/q130193_imp.pdf
Q13-0251,system_impact,2014-09-22,C,data/studies/pdf/q130251_imp.pdf
Q13-0271,system_impact,2014-09-30,B,data/studies/pdf/q130271_imp.pdf
Q13-0287,system_impact,2014-09-24,A,data/studies/pdf/q130287_imp.pdf
Q12-0181,system_impact,2014-10-31,C,data/studies/pdf/q120181_imp.pdf
Q12-0185,system_impact,2014-10-24,C,data/studies/pdf/q120185_imp.pdf
Q13-0196,system_impact,2014-10-31,B,data/studies/pdf/q130196_imp.pdf
Q13-0200,system_impact,2014-10-18,A,data/studies/pdf/q130200_imp.pdf
Q13-0214,system_impact,2014-10-26,B,data/studies/pdf/q130214_imp.pdf
Q13-0216,system_impact,2014-10-15,A,data/studies/pdf/q130216_imp.pdf
Q13-0217,system_impact,2014-10-29,B,data/studies/pdf/q130217_imp.pdf
Q13-0231,system_impact,2014-10-25,B,data/studies/pdf/q130231_imp.pdf
Q13-0288,system_impact,2014-10-31,B,data/studies/pdf/q130288_imp.pdf
Q13-0220,system_impact,2014-11-17,C,data/studies/pdf/q130220_imp.pdf
Q12-0165,system_impact,2014-12-20,B,data/studies/pdf/q120165_imp.pdf
Q13-0195,system_impact,2014-12-20,C,data/studies/pdf/q130195_imp.pdf
Q13-0221,system_impact,2014-12-30,B,data/studies/pdf/q130221_imp.pdf
Q13-0236,system_impact,2014-12-28,C,data/studies/pdf/q130236_imp.pdf
Q13-0237,system_impact,2014-12-16,B,data/studies/pdf/q130237_imp.pdf
Q13-0240,system_impact,2014-12-28,C,data/studies/pdf/q130240_imp.pdf
Q13-0256,system_impact,2015-01-01,B,data/studies/pdf/q130256_imp.pdf
Q13-0269,system_impact,2014-12-30,B,data/studies/pdf/q130269_imp.pdf
Q13-0278,system_impact,2014-12-19,C,data/studies/pdf/q130278_imp.pdf
Q13-0299,system_impact,2014-12-27,B,data/studies/pdf/q130299_imp.pdf
Q14-0320,system_impact,2015-01-01,B,data/studies/pdf/q140320_imp.pdf
Q12-0179,system_impact,2015-01-17,C,data/studies/pdf/q120179_imp.pdf
Q12-0180,system_impact,2015-01-27,C,data/studies/pdf/q120180_imp.pdf
Q12-0189,system_impact,2015-01-22,A,data/studies/pdf/q120189_imp.pdf
Q13-0194,system_impact,2015-02-01,A,data/studies/pdf/q130194_imp.pdf
Q13-0197,system_impact,2015-02-02,B,data/studies/pdf/q130197_imp.pdf
Q13-0201,system_impact,2015-01-30,B,data/studies/pdf/q130201_imp.pdf
Q13-0211,system_impact,2015-01-23,B,data/studies/pdf/q130211_imp.pdf
Q13-0212,system_impact,2015-01-27,B,data/studies/pdf/q130212_imp.pdf
Q13-0228,system_impact,2015-01-28,B,data/studies/pdf/q130228_imp.pdf
Q13-0234,system_impact,2015-01-31,B,data/studies/pdf/q130234_imp.pdf
Q13-0286,system_impact,2015-01-27,A,data/studies/pdf/q130286_imp.pdf
Q13-0297,system_impact,2015-01-23,C,data/studies/pdf/q130297_imp.pdf
Q14-0312,system_impact,2015-01-24,B,data/studies/pdf/q140312_imp.pdf
Q13-0192,system_impact,2015-02-18,B,data/studies/pdf/q130192_imp.pdf
Q13-0203,system_impact,2015-02-26,B,data/studies/pdf/q130203_imp.pdf
Q13-0215,system_impact,2015-03-03,B,data/studies/pdf/q130215_imp.pdf
Q13-0218,system_impact,2015-02-16,A,data/studies/pdf/q130218_imp.pdf
Q13-0229,system_impact,2015-02-27,B,data/studies/pdf/q130229_imp.pdf
Q14-0332,system_impact,2015-02-24,B,data/studies/pdf/q140332_imp.pdf
Q13-0213,system_impact,2015-04-02,A,data/studies/pdf/q130213_imp.pdf
Q13-0219,system_impact,2015-03-20,B,data/studies/pdf/q130219_imp.pdf
Q13-0226,system_impact,2015-03-16,C,data/studies/pdf/q130226_imp.pdf
Q13-0232,system_impact,2015-03-18,B,data/studies/pdf/q130232_imp.pdf
Q13-0249,system_impact,2015-04-02,B,data/studies/pdf/q130249_imp.pdf
Q13-0267,system_impact,2015-03-30,B,data/studies/pdf/q130267_imp.pdf
Q13-0268,system_impact,2015-03-19,B,data/studies/pdf/q130268_imp.pdf
Q13-0277,system_impact,2015-03-28,C,data/studies/pdf/q130277_imp.pdf
Q13-0298,system_impact,2015-04-03,B,data/studies/pdf/q130298_imp.pdf
Q14-0306,system_impact,2015-03-17,B,data/studies/pdf/q140306_imp.pdf
Q14-0317,system_impact,2015-03-29,C,data/studies/pdf/q140317_imp.pdf
Q14-0321,system_impact,2015-03-17,B,data/studies/pdf/q140321_imp.pdf
Q14-0329,system_impact,2015-03-17,B,data/studies/pdf/q140329_imp.pdf
Q14-0334,system_impact,2015-03-21,B,data/studies/pdf/q140334_imp.pdf
Q14-0345,system_impact,2015-03-30,B,data/studies/pdf/q140345_imp.pdf
Q13-0210,system_impact,2015-05-01,B,data/studies/pdf/q130210_imp.pdf
Q13-0230,system_impact,2015-04-22,B,data/studies/pdf/q130230_imp.pdf
Q13-0238,system_impact,2015-04-21,C,data/studies/pdf/q130238_imp.pdf
Q13-0246,system_impact,2015-04-22,B,data/studies/pdf/q130246_imp.pdf
Q13-0276,system_impact,2015-04-21,B,data/studies/pdf/q130276_imp.pdf
Q13-0280,system_impact,2015-05-02,B,data/studies/pdf/q130280_imp.pdf
Q13-0293,system_impact,2015-04-26,A,data/studies/pdf/q130293_imp.pdf
Q14-0336,system_impact,2015-04-26,B,data/studies/pdf/q140336_imp.pdf
Q13-0242,system_impact,2015-05-16,B,data/studies/pdf/q130242_imp.pdf
Q13-0244,system_impact,2015-05-19,B,data/studies/pdf/q130244_imp.pdf
Q13-0265,system_impact,2015-05-22,A,data/studies/pdf/q130265_imp.pdf
Q13-0272,system_impact,2015-05-30,B,data/studies/pdf/q130272_imp.pdf
Q14-0318,system_impact,2015-06-01,C,data/studies/pdf/q140318_imp.pdf
Q14-0328,system_impact,2015-05-22,A,data/studies/pdf/q140328_imp.pdf
Q13-0233,system_impact,2015-06-16,A,data/studies/pdf/q130233_imp.pdf
Q13-0245,system_impact,2015-06-27,B,data/studies/pdf/q130245_imp.pdf
Q13-0257,system_impact,2015-06-24,A,data/studies/pdf/q130257_imp.pdf
Q13-0283,system_impact,2015-06-28,B,data/studies/pdf/q130283_imp.pdf
Q13-0292,system_impact,2015-06-21,B,data/studies/pdf/q130292_imp.pdf
Q14-0311,system_impact,2015-07-01,C,data/studies/pdf/q140311_imp.pdf
Q14-0319,system_impact,2015-07-03,C,data/studies/pdf/q140319_imp.pdf
Q13-0248,system_impact,2015-07-26,B,data/studies/pdf/q130248_imp.pdf
Q13-0270,system_impact,2015-07-21,C,data/studies/pdf/q130270_imp.pdf
Q13-0279,system_impact,2015-07-22,B,data/studies/pdf/q130279_imp.pdf
Q13-0285,system_impact,2015-07-22,B,data/studies/pdf/q130285_imp.pdf
Q13-0290,system_impact,2015-07-20,B,data/studies/pdf/q130290_imp.pdf
Q14-0325,system_impact,2015-07-16,B,data/studies/pdf/q140325_imp.pdf
Q14-0341,system_impact,2015-07-26,B,data/studies/pdf/q140341_imp.pdf
Q14-0356,system_impact,2015-08-02,C,data/studies/pdf/q140356_imp.pdf
Q14-0363,system_impact,2015-07-16,C,data/studies/pdf/q140363_imp.pdf
Q14-0369,system_impact,2015-07-16,C,data/studies/pdf/q140369_imp.pdf
Q14-0380,system_impact,2015-08-02,B,data/studies/pdf/q140380_imp.pdf
Q13-0247,system_impact,2015-08-25,B,data/studies/pdf/q130247_imp.pdf
Q13-0250,system_impact,2015-08-29,B,data/studies/pdf/q130250_imp.pdf
Q13-0252,system_impact,2015-08-25,B,data/studies/pdf/q130252_imp.pdf
Q13-0258,system_impact,2015-08-22,B,data/studies/pdf/q130258_imp.pdf
Q13-0294,system_impact,2015-08-21,B,data/studies/pdf/q130294_imp.pdf
Q14-0301,system_impact,2015-08-26,A,data/studies/pdf/q140301_imp.pdf
Q14-0305,system_impact,2015-08-26,C,data/studies/pdf/q140305_imp.pdf
Q14-0307,system_impact,2015-08-24,B,data/studies/pdf/q140307_imp.pdf
Q14-0313,system_impact,2015-08-28,B,data/studies/pdf/q140313_imp.pdf
Q14-0355,system_impact,2015-08-15,C,data/studies/pdf/q140355_imp.pdf
Q14-0379,system_impact,2015-08-27,C,data/studies/pdf/q140379_imp.pdf
Q14-0388,system_impact,2015-09-02,A,data/studies/pdf/q140388_imp.pdf
Q13-0281,system_impact,2015-09-27,B,data/studies/pdf/q130281_imp.pdf
Q14-0303,system_impact,2015-09-29,B,data/studies/pdf/q140303_imp.pdf
Q14-0314,system_impact,2015-09-27,A,data/studies/pdf/q140314_imp.pdf
Q14-0316,system_impact,2015-09-26,C,data/studies/pdf/q140316_imp.pdf
Q14-0340,system_impact,2015-09-21,C,data/studies/pdf/q140340_imp.pdf
Q14-0366,system_impact,2015-09-25,B,data/studies/pdf/q140366_imp.pdf
Q14-0370,system_impact,2015-10-01,C,data/studies/pdf/q140370_imp.pdf
Q14-0374,system_impact,2015-09-15,B,data/studies/pdf/q140374_imp.pdf
Q14-0375,system_impact,2015-09-25,B,data/studies/pdf/q140375_imp.pdf
Q14-0377,system_impact,2015-09-17,C,data/studies/pdf/q140377_imp.pdf
Q14-0384,system_impact,2015-09-25,B,data/studies/pdf/q140384_imp.pdf
Q13-0262,system_impact,2015-10-23,B,data/studies/pdf/q130262_imp.pdf
Q13-0289,system_impact,2015-10-20,B,data/studies/pdf/q130289_imp.pdf
Q13-0295,system_impact,2015-10-15,A,data/studies/pdf/q130295_imp.pdf
Q13-0296,system_impact,2015-11-02,C,data/studies/pdf/q130296_imp.pdf
Q14-0327,system_impact,2015-10-20,B,data/studies/pdf/q140327_imp.pdf
Q14-0330,system_impact,2015-10-16,C,data/studies/pdf/q140330_imp.pdf
Q14-0354,system_impact,2015-10-23,B,data/studies/pdf/q140354_imp.pdf
Q13-0291,system_impact,2015-11-30,B,data/studies/pdf/q130291_imp.pdf
Q14-0357,system_impact,2015-12-03,B,data/studies/pdf/q140357_imp.pdf
Q14-0391,system_impact,2015-11-30,B,data/studies/pdf/q140391_imp.pdf
Q14-0396,system_impact,2015-11-26,B,data/studies/pdf/q140396_imp.pdf
Q14-0404,system_impact,2015-11-30,A,data/studies/pdf/q140404_imp.pdf
Q15-0423,system_impact,2015-11-15,B,data/studies/pdf/q150423_imp.pdf
Q15-0430,system_impact,2015-11-24,C,data/studies/pdf/q150430_imp.pdf
Q13-0300,system_impact,2016-01-01,A,data/studies/pdf/q130300_imp.pdf
Q14-0331,system_impact,2015-12-30,B,data/studies/pdf/q140331_imp.pdf
Q14-0373,system_impact,2015-12-16,A,data/studies/pdf/q140373_imp.pdf
Q14-0382,system_impact,2015-12-25,B,data/studies/pdf/q140382_imp.pdf
Q14-0390,system_impact,2015-12-28,B,data/studies/pdf/q140390_imp.pdf
Q14-0302,system_impact,2016-01-31,C,data/studies/pdf/q140302_imp.pdf
Q14-0322,system_impact,2016-01-16,A,data/studies/pdf/q140322_imp.pdf
Q14-0335,system_impact,2016-01-31,A,data/studies/pdf/q140335_imp.pdf
Q14-0346,system_impact,2016-01-31,A,data/studies/pdf/q140346_imp.pdf
Q14-0347,system_impact,2016-01-23,B,data/studies/pdf/q140347_imp.pdf
Q14-0350,system_impact,2016-01-16,A,data/studies/pdf/q140350_imp.pdf
Q14-0395,system_impact,2016-01-27,A,data/studies/pdf/q140395_imp.pdf
Q14-0416,system_impact,2016-01-18,C,data/studies/pdf/q140416_imp.pdf
Q14-0304,system_impact,2016-02-25,C,data/studies/pdf/q140304_imp.pdf
Q14-0339,system_impact,2016-02-20,A,data/studies/pdf/q140339_imp.pdf
Q14-0352,system_impact,2016-02-24,A,data/studies/pdf/q140352_imp.pdf
Q14-0353,system_impact,2016-03-03,A,data/studies/pdf/q140353_imp.pdf
Q14-0367,system_impact,2016-02-26,A,data/studies/pdf/q140367_imp.pdf
Q14-0385,system_impact,2016-02-18,B,data/studies/pdf/q140385_imp.pdf
Q14-0405,system_impact,2016-02-20,C,data/studies/pdf/q140405_imp.pdf
Q14-0406,system_impact,2016-02-18,B,data/studies/pdf/q140406_imp.pdf
Q15-0426,system_impact,2016-02-27,C,data/studies/pdf/q150426_imp.pdf
Q15-0429,system_impact,2016-03-04,B,data/studies/pdf/q150429_imp.pdf
Q15-0440,system_impact,2016-03-03,C,data/studies/pdf/q150440_imp.pdf
Q15-0447,system_impact,2016-02-22,B,data/studies/pdf/q150447_imp.pdf
Q15-0452,system_impact,2016-02-22,B,data/studies/pdf/q150452_imp.pdf
Q14-0324,system_impact,2016-04-01,B,data/studies/pdf/q140324_imp.pdf
Q14-0351,system_impact,2016-04-03,A,data/studies/pdf/q140351_imp.pdf
Q14-0358,system_impact,2016-03-28,B,data/studies/pdf/q140358_imp.pdf
Q15-0424,system_impact,2016-03-16,C,data/studies/pdf/q150424_imp.pdf
Q15-0432,system_impact,2016-04-01,C,data/studies/pdf/q150432_imp.pdf
Q14-0326,system_impact,2016-04-29,C,data/studies/pdf/q140326_imp.pdf
Q14-0342,system_impact,2016-04-23,A,data/studies/pdf/q140342_imp.pdf
Q14-0364,system_impact,2016-04-18,A,data/studies/pdf/q140364_imp.pdf
Q14-0383,system_impact,2016-05-04,A,data/studies/pdf/q140383_imp.pdf
Q14-0389,system_impact,2016-04-18,A,data/studies/pdf/q140389_imp.pdf
Q14-0407,system_impact,2016-05-03,B,data/studies/pdf/q140407_imp.pdf
Q14-0411,system_impact,2016-04-20,C,data/studies/pdf/q140411_imp.pdf
Q15-0446,system_impact,2016-04-23,A,data/studies/pdf/q150446_imp.pdf
Q15-0450,system_impact,2016-04-28,A,data/studies/pdf/q150450_imp.pdf
Q15-0462,system_impact,2016-04-25,A,data/studies/pdf/q150462_imp.pdf
Q15-0475,system_impact,2016-04-19,A,data/studies/pdf/q150475_imp.pdf
Q14-0360,system_impact,2016-05-21,C,data/studies/pdf/q140360_imp.pdf
Q14-0381,system_impact,2016-06-02,A,data/studies/pdf/q140381_imp.pdf
Q14-0397,system_impact,2016-05-23,C,data/studies/pdf/q140397_imp.pdf
Q14-0402,system_impact,2016-05-31,A,data/studies/pdf/q140402_imp.pdf
Q15-0473,system_impact,2016-05-21,A,data/studies/pdf/q150473_imp.pdf
Q15-0479,system_impact,2016-05-21,A,data/studies/pdf/q150479_imp.pdf
Q14-0337,system_impact,2016-06-20,C,data/studies/pdf/q140337_imp.pdf
Q14-0343,system_impact,2016-06-19,C,data/studies/pdf/q140343_imp.pdf
Q14-0348,system_impact,2016-06-30,A,data/studies/pdf/q140348_imp.pdf
Q14-0361,system_impact,2016-06-25,A,data/studies/pdf/q140361_imp.pdf
Q14-0386,system_impact,2016-06-24,A,data/studies/pdf/q140386_imp.pdf
Q14-0410,system_impact,2016-07-01,B,data/studies/pdf/q140410_imp.pdf
Q15-0422,system_impact,2016-06-25,B,data/studies/pdf/q150422_imp.pdf
Q15-0428,system_impact,2016-06-15,B,data/studies/pdf/q150428_imp.pdf
Q15-0474,system_impact,2016-06-23,C,data/studies/pdf/q150474_imp.pdf
Q15-0484,system_impact,2016-06-24,A,data/studies/pdf/q150484_imp.pdf
Q15-0502,system_impact,2016-06-18,C,data/studies/pdf/q150502_imp.pdf
Q14-0368,system_impact,2016-07-29,C,data/studies/pdf/q140368_imp.pdf
Q14-0371,system_impact,2016-07-26,A,data/studies/pdf/q140371_imp.pdf
Q14-0398,system_impact,2016-07-26,C,data/studies/pdf/q140398_imp.pdf
Q14-0399,system_impact,2016-07-18,A,data/studies/pdf/q140399_imp.pdf
Q15-0483,system_impact,2016-07-21,A,data/studies/pdf/q150483_imp.pdf
Q15-0488,system_impact,2016-07-20,B,data/studies/pdf/q150488_imp.pdf
Q14-0365,system_impact,2016-09-03,C,data/studies/pdf/q140365_imp.pdf
Q14-0372,system_impact,2016-08-18,C,data/studies/pdf/q140372_imp.pdf
Q14-0376,system_impact,2016-08-30,A,data/studies/pdf/q140376_imp.pdf
Q14-0393,system_impact,2016-08-26,C,data/studies/pdf/q140393_imp.pdf
Q15-0425,system_impact,2016-08-26,B,data/studies/pdf/q150425_imp.pdf
Q15-0427,system_impact,2016-08-26,A,data/studies/pdf/q150427_imp.pdf
Q15-0436,system_impact,2016-08-21,C,data/studies/pdf/q150436_imp.pdf
Q15-0448,system_impact,2016-08-31,B,data/studies/pdf/q150448_imp.pdf
Q15-0477,system_impact,2016-08-16,A,data/studies/pdf/q150477_imp.pdf
Q15-0490,system_impact,2016-08-24,B,data/studies/pdf/q150490_imp.pdf
Q15-0506,system_impact,2016-08-15,A,data/studies/pdf/q150506_imp.pdf
Q15-0517,system_impact,2016-08-19,A,data/studies/pdf/q150517_imp.pdf
Q14-0403,system_impact,2016-09-30,A,data/studies/pdf/q140403_imp.pdf
Q15-0421,system_impact,2016-09-24,A,data/studies/pdf/q150421_imp.pdf
Q15-0454,system_impact,2016-10-01,C,data/studies/pdf/q150454_imp.pdf
Q15-0466,system_impact,2016-09-30,A,data/studies/pdf/q150466_imp.pdf
Q15-0540,system_impact,2016-10-04,A,data/studies/pdf/q150540_imp.pdf
Q14-0400,system_impact,2016-10-23,C,data/studies/pdf/q140400_imp.pdf
Q15-0439,system_impact,2016-11-02,A,data/studies/pdf/q150439_imp.pdf
Q15-0485,system_impact,2016-10-22,C,data/studies/pdf/q150485_imp.pdf
Q15-0489,system_impact,2016-10-25,A,data/studies/pdf/q150489_imp.pdf
Q15-0528,system_impact,2016-10-23,C,data/studies/pdf/q150528_imp.pdf
Q14-0419,system_impact,2016-11-29,A,data/studies/pdf/q140419_imp.pdf
Q15-0431,system_impact,2016-12-02,A,data/studies/pdf/q150431_imp.pdf
Q15-0435,system_impact,2016-12-01,C,data/studies/pdf/q150435_imp.pdf
Q15-0476,system_impact,2016-12-03,C,data/studies/pdf/q150476_imp.pdf
Q15-0478,system_impact,2016-11-18,A,data/studies/pdf/q150478_imp.pdf
Q15-0487,system_impact,2016-11-22,A,data/studies/pdf/q150487_imp.pdf
Q15-0494,system_impact,2016-11-17,A,data/studies/pdf/q150494_imp.pdf
Q15-0513,system_impact,2016-11-23,A,data/studies/pdf/q150513_imp.pdf
Q15-0535,system_impact,2016-11-26,A,data/studies/pdf/q150535_imp.pdf
Q14-0401,system_impact,2017-01-01,A,data/studies/pdf/q140401_imp.pdf
Q14-0412,system_impact,2017-01-02,C,data/studies/pdf/q140412_imp.pdf
Q14-0413,system_impact,2016-12-19,A,data/studies/pdf/q140413_imp.pdf
Q14-0414,system_impact,2016-12-27,A,data/studies/pdf/q140414_imp.pdf
Q14-0417,system_impact,2016-12-21,A,data/studies/pdf/q140417_imp.pdf
Q15-0433,system_impact,2016-12-23,A,data/studies/pdf/q150433_imp.pdf
Q15-0442,system_impact,2017-01-03,C,data/studies/pdf/q150442_imp.pdf
Q15-0451,system_impact,2016-12-16,C,data/studies/pdf/q150451_imp.pdf
Q15-0453,system_impact,2016-12-30,A,data/studies/pdf/q150453_imp.pdf
Q15-0458,system_impact,2016-12-20,A,data/studies/pdf/q150458_imp.pdf
Q15-0470,system_impact,2016-12-20,C,data/studies/pdf/q150470_imp.pdf
Q15-0471,system_impact,2016-12-25,A,data/studies/pdf/q150471_imp.pdf
Q15-0498,system_impact,2016-12-19,C,data/studies/pdf/q150498_imp.pdf
Q15-0499,system_impact,2016-12-18,A,data/studies/pdf/q150499_imp.pdf
Q15-0530,system_impact,2017-01-01,A,data/studies/pdf/q150530_imp.pdf
Q15-0560,system_impact,2016-12-17,C,data/studies/pdf/q150560_imp.pdf
Q16-0562,system_impact,2016-12-31,A,data/studies/pdf/q160562_imp.pdf
Q16-0570,system_impact,2016-12-22,A,data/studies/pdf/q160570_imp.pdf
Q16-0571,system_impact,2017-01-03,B,data/studies/pdf/q160571_imp.pdf
Q16-0583,system_impact,2016-12-20,A,data/studies/pdf/q160583_imp.pdf
Q14-0409,system_impact,2017-02-01,A,data/studies/pdf/q140409_imp.pdf
Q14-0415,system_impact,2017-01-28,A,data/studies/pdf/q140415_imp.pdf
Q14-0420,system_impact,2017-01-17,A,data/studies/pdf/q140420_imp.pdf
Q15-0464,system_impact,2017-01-21,A,data/studies/pdf/q150464_imp.pdf
Q15-0481,system_impact,2017-01-25,A,data/studies/pdf/q150481_imp.pdf
Q15-0511,system_impact,2017-01-22,C,data/studies/pdf/q150511_imp.pdf
Q15-0536,system_impact,2017-01-24,C,data/studies/pdf/q150536_imp.pdf
Q15-0538,system_impact,2017-01-29,B,data/studies/pdf/q150538_imp.pdf
Q15-0553,system_impact,2017-02-02,A,data/studies/pdf/q150553_imp.pdf
Q15-0555,system_impact,2017-01-30,A,data/studies/pdf/q150555_imp.pdf
Q16-0579,system_impact,2017-01-24,C,data/studies/pdf/q160579_imp.pdf
Q15-0445,system_impact,2017-03-04,A,data/studies/pdf/q150445_imp.pdf
Q15-0463,system_impact,2017-02-19,C,data/studies/pdf/q150463_imp.pdf
Q15-0493,system_impact,2017-02-19,A,data/studies/pdf/q150493_imp.pdf
Q15-0501,system_impact,2017-02-15,C,data/studies/pdf/q150501_imp.pdf
Q15-0509,system_impact,2017-02-18,B,data/studies/pdf/q150509_imp.pdf
Q15-0516,system_impact,2017-03-05,C,data/studies/pdf/q150516_imp.pdf
Q15-0519,system_impact,2017-02-27,A,data/studies/pdf/q150519_imp.pdf
Q15-0524,system_impact,2017-02-19,B,data/studies/pdf/q150524_imp.pdf
Q16-0586,system_impact,2017-03-03,A,data/studies/pdf/q160586_imp.pdf
Q15-0434,system_impact,2017-04-03,B,data/studies/pdf/q150434_imp.pdf
Q15-0460,system_impact,2017-03-25,C,data/studies/pdf/q150460_imp.pdf
Q15-0468,system_impact,2017-04-02,A,data/studies/pdf/q150468_imp.pdf
Q15-0469,system_impact,2017-03-19,A,data/studies/pdf/q150469_imp.pdf
Q15-0529,system_impact,2017-03-18,C,data/studies/pdf/q150529_imp.pdf
Q16-0567,system_impact,2017-03-15,A,data/studies/pdf/q160567_imp.pdf
Q16-0568,system_impact,2017-03-20,A,data/studies/pdf/q160568_imp.pdf
Q16-0580,system_impact,2017-04-02,A,data/studies/pdf/q160580_imp.pdf
Q16-0585,system_impact,2017-03-28,A,data/studies/pdf/q160585_imp.pdf
Q16-0609,system_impact,2017-03-28,A,data/studies/pdf/q160609_imp.pdf
Q16-0614,system_impact,2017-03-16,A,data/studies/pdf/q160614_imp.pdf
Q15-0441,system_impact,2017-04-16,A,data/studies/pdf/q150441_imp.pdf
Q15-0443,system_impact,2017-05-02,A,data/studies/pdf/q150443_imp.pdf
Q15-0449,system_impact,2017-04-30,A,data/studies/pdf/q150449_imp.pdf
Q15-0455,system_impact,2017-04-23,A,data/studies/pdf/q150455_imp.pdf
Q15-0456,system_impact,2017-05-01,C,data/studies/pdf/q150456_imp.pdf
Q15-0467,system_impact,2017-04-27,C,data/studies/pdf/q150467_imp.pdf
Q15-0492,system_impact,2017-05-02,C,data/studies/pdf/q150492_imp.pdf
Q15-0500,system_impact,2017-04-22,C,data/studies/pdf/q150500_imp.pdf
Q15-0510,system_impact,2017-04-20,C,data/studies/pdf/q150510_imp.pdf
Q15-0512,system_impact,2017-04-25,A,data/studies/pdf/q150512_imp.pdf
Q15-0523,system_impact,2017-04-23,A,data/studies/pdf/q150523_imp.pdf
Q15-0543,system_impact,2017-04-29,C,data/studies/pdf/q150543_imp.pdf
Q15-0550,system_impact,2017-04-17,A,data/studies/pdf/q150550_imp.pdf
Q15-0558,system_impact,2017-04-20,A,data/studies/pdf/q150558_imp.pdf
Q16-0563,system_impact,2017-04-20,C,data/studies/pdf/q160563_imp.pdf
Q16-0565,system_impact,2017-04-24,A,data/studies/pdf/q160565_imp.pdf
Q16-0591,system_impact,2017-04-19,A,data/studies/pdf/q160591_imp.pdf
Q15-0461,system_impact,2017-05-29,C,data/studies/pdf/q150461_imp.pdf
Q15-0496,system_impact,2017-05-19,C,data/studies/pdf/q150496_imp.pdf
Q15-0497,system_impact,2017-05-16,A,data/studies/pdf/q150497_imp.pdf
Q16-0577,system_impact,2017-05-19,A,data/studies/pdf/q160577_imp.pdf
Q16-0623,system_impact,2017-06-03,A,data/studies/pdf/q160623_imp.pdf
Q16-0631,system_impact,2017-05-15,A,data/studies/pdf/q160631_imp.pdf
Q16-0638,system_impact,2017-05-26,A,data/studies/pdf/q160638_imp.pdf
Q15-0482,system_impact,2017-06-26,C,data/studies/pdf/q150482_imp.pdf
Q15-0548,system_impact,2017-06-21,C,data/studies/pdf/q150548_imp.pdf
Q16-0578,system_impact,2017-06-15,B,data/studies/pdf/q160578_imp.pdf
Q16-0581,system_impact,2017-06-19,C,data/studies/pdf/q160581_imp.pdf
Q16-0582,system_impact,2017-06-15,A,data/studies/pdf/q160582_imp.pdf
Q16-0651,system_impact,2017-06-16,B,data/studies/pdf/q160651_imp.pdf
Q16-0653,system_impact,2017-06-29,A,data/studies/pdf/q160653_imp.pdf
Q16-0661,system_impact,2017-06-25,A,data/studies/pdf/q160661_imp.pdf
Q15-0503,system_impact,2017-07-18,C,data/studies/pdf/q150503_imp.pdf
Q15-0504,system_impact,2017-07-20,C,data/studies/pdf/q150504_imp.pdf
Q15-0507,system_impact,2017-07-16,A,data/studies/pdf/q150507_imp.pdf
Q15-0527,system_impact,2017-07-27,C,data/studies/pdf/q150527_imp.pdf
Q15-0532,system_impact,2017-07-17,C,data/studies/pdf/q150532_imp.pdf
Q15-0534,system_impact,2017-07-19,A,data/studies/pdf/q150534_imp.pdf
Q15-0544,system_impact,2017-07-19,C,data/studies/pdf/q150544_imp.pdf
Q16-0575,system_impact,2017-07-15,A,data/studies/pdf/q160575_imp.pdf
Q16-0593,system_impact,2017-07-16,C,data/studies/pdf/q160593_imp.pdf
Q16-0603,system_impact,2017-07-28,C,data/studies/pdf/q160603_imp.pdf
Q16-0604,system_impact,2017-07-22,A,data/studies/pdf/q160604_imp.pdf
Q16-0624,system_impact,2017-07-25,A,data/studies/pdf/q160624_imp.pdf
Q16-0643,system_impact,2017-07-21,A,data/studies/pdf/q160643_imp.pdf
Q16-0657,system_impact,2017-08-02,A,data/studies/pdf/q160657_imp.pdf
Q16-0660,system_impact,2017-07-25,A,data/studies/pdf/q160660_imp.pdf
Q15-0486,system_impact,2017-08-28,A,data/studies/pdf/q150486_imp.pdf
Q15-0505,system_impact,2017-08-24,A,data/studies/pdf/q150505_imp.pdf
Q15-0508,system_impact,2017-08-20,A,data/studies/pdf/q150508_imp.pdf
Q15-0551,system_impact,2017-09-02,A,data/studies/pdf/q150551_imp.pdf
Q15-0552,system_impact,2017-09-01,A,data/studies/pdf/q150552_imp.pdf
Q15-0557,system_impact,2017-08-25,A,data/studies/pdf/q150557_imp.pdf
Q16-0564,system_impact,2017-09-01,B,data/studies/pdf/q160564_imp.pdf
Q16-0598,system_impact,2017-08-17,A,data/studies/pdf/q160598_imp.pdf
Q16-0649,system_impact,2017-08-29,C,data/studies/pdf/q160649_imp.pdf
Q16-0658,system_impact,2017-08-23,C,data/studies/pdf/q160658_imp.pdf
Q16-0666,system_impact,2017-08-26,A,data/studies/pdf/q160666_imp.pdf
Q16-0681,system_impact,2017-08-24,B,data/studies/pdf/q160681_imp.pdf
Q15-0495,system_impact,2017-09-19,A,data/studies/pdf/q150495_imp.pdf
Q15-0520,system_impact,2017-09-30,C,data/studies/pdf/q150520_imp.pdf
Q15-0521,system_impact,2017-10-03,A,data/studies/pdf/q150521_imp.pdf
Q16-0600,system_impact,2017-09-29,B,data/studies/pdf/q160600_imp.pdf
Q16-0605,system_impact,2017-09-23,A,data/studies/pdf/q160605_imp.pdf
Q16-0620,system_impact,2017-09-25,C,data/studies/pdf/q160620_imp.pdf
Q16-0621,system_impact,2017-09-29,B,data/studies/pdf/q160621_imp.pdf
Q16-0655,system_impact,2017-09-25,C,data/studies/pdf/q160655_imp.pdf
Q16-0662,system_impact,2017-10-04,B,data/studies/pdf/q160662_imp.pdf
Q16-0682,system_impact,2017-09-25,A,data/studies/pdf/q160682_imp.pdf
Q16-0683,system_impact,2017-09-16,A,data/studies/pdf/q160683_imp.pdf
Q16-0698,system_impact,2017-09-29,B,data/studies/pdf/q160698_imp.pdf
Q16-0702,system_impact,2017-09-20,A,data/studies/pdf/q160702_imp.pdf
Q15-0514,system_impact,2017-10-27,A,data/studies/pdf/q150514_imp.pdf
Q15-0525,system_impact,2017-10-19,A,data/studies/pdf/q150525_imp.pdf
Q15-0533,system_impact,2017-10-27,A,data/studies/pdf/q150533_imp.pdf
Q16-0587,system_impact,2017-10-25,C,data/studies/pdf/q160587_imp.pdf
Q16-0594,system_impact,2017-10-16,A,data/studies/pdf/q160594_imp.pdf
Q16-0612,system_impact,2017-11-02,A,data/studies/pdf/q160612_imp.pdf
Q16-0627,system_impact,2017-10-24,B,data/studies/pdf/q160627_imp.pdf
Q16-0629,system_impact,2017-10-16,C,data/studies/pdf/q160629_imp.pdf
Q16-0633,system_impact,2017-10-17,A,data/studies/pdf/q160633_imp.pdf
Q16-0665,system_impact,2017-10-21,A,data/studies/pdf/q160665_imp.pdf
Q16-0668,system_impact,2017-10-17,A,data/studies/pdf/q160668_imp.pdf
Q16-0675,system_impact,2017-10-30,C,data/studies/pdf/q160675_imp.pdf
Q16-0691,system_impact,2017-10-21,A,data/studies/pdf/q160691_imp.pdf
Q16-0706,system_impact,2017-10-31,C,data/studies/pdf/q160706_imp.pdf
Q16-0707,system_impact,2017-10-26,C,data/studies/pdf/q160707_imp.pdf
Q15-0526,system_impact,2017-11-27,A,data/studies/pdf/q150526_imp.pdf
Q15-0531,system_impact,2017-11-15,C,data/studies/pdf/q150531_imp.pdf
Q15-0542,system_impact,2017-12-02,C,data/studies/pdf/q150542_imp.pdf
Q15-0545,system_impact,2017-11-27,A,data/studies/pdf/q150545_imp.pdf
Q16-0566,system_impact,2017-11-23,B,data/studies/pdf/q160566_imp.pdf
Q16-0601,system_impact,2017-11-30,C,data/studies/pdf/q160601_imp.pdf
Q16-0641,system_impact,2017-11-29,C,data/studies/pdf/q160641_imp.pdf
Q16-0671,system_impact,2017-11-16,B,data/studies/pdf/q160671_imp.pdf
Q15-0546,system_impact,2017-12-22,C,data/studies/pdf/q150546_imp.pdf
Q16-0572,system_impact,2017-12-20,A,data/studies/pdf/q160572_imp.pdf
Q16-0574,system_impact,2017-12-20,A,data/studies/pdf/q160574_imp.pdf
Q16-0596,system_impact,2017-12-26,B,data/studies/pdf/q160596_imp.pdf
Q16-0616,system_impact,2017-12-21,C,data/studies/pdf/q160616_imp.pdf
Q16-0619,system_impact,2018-01-02,A,data/studies/pdf/q160619_imp.pdf
Q16-0635,system_impact,2017-12-20,A,data/studies/pdf/q160635_imp.pdf
Q16-0687,system_impact,2017-12-28,A,data/studies/pdf/q160687_imp.pdf
Q16-0689,system_impact,2017-12-27,C,data/studies/pdf/q160689_imp.pdf
Q16-0710,system_impact,2017-12-17,B,data/studies/pdf/q160710_imp.pdf
Q17-0725,system_impact,2018-01-02,C,data/studies/pdf/q170725_imp.pdf
Q17-0726,system_impact,2017-12-20,A,data/studies/pdf/q170726_imp.pdf
Q17-0741,system_impact,2017-12-21,B,data/studies/pdf/q170741_imp.pdf
Q15-0554,system_impact,2018-02-02,A,data/studies/pdf/q150554_imp.pdf
Q16-0592,system_impact,2018-01-30,A,data/studies/pdf/q160592_imp.pdf
Q16-0597,system_impact,2018-01-26,A,data/studies/pdf/q160597_imp.pdf
Q16-0599,system_impact,2018-01-18,C,data/studies/pdf/q160599_imp.pdf
Q16-0602,system_impact,2018-01-18,A,data/studies/pdf/q160602_imp.pdf
Q16-0610,system_impact,2018-01-18,A,data/studies/pdf/q160610_imp.pdf
Q16-0628,system_impact,2018-01-22,B,data/studies/pdf/q160628_imp.pdf
Q16-0645,system_impact,2018-01-31,A,data/studies/pdf/q160645_imp.pdf
Q16-0654,system_impact,2018-01-25,A,data/studies/pdf/q160654_imp.pdf
Q16-0667,system_impact,2018-01-21,A,data/studies/pdf/q160667_imp.pdf
Q16-0688,system_impact,2018-01-29,A,data/studies/pdf/q160688_imp.pdf
Q16-0693,system_impact,2018-02-01,A,data/studies/pdf/q160693_imp.pdf
Q17-0763,system_impact,2018-01-31,A,data/studies/pdf/q170763_imp.pdf
Q15-0559,system_impact,2018-02-17,A,data/studies/pdf/q150559_imp.pdf
Q16-0576,system_impact,2018-02-21,C,data/studies/pdf/q160576_imp.pdf
Q16-0634,system_impact,2018-03-01,A,data/studies/pdf/q160634_imp.pdf
Q16-0636,system_impact,2018-03-04,C,data/studies/pdf/q160636_imp.pdf
Q16-0673,system_impact,2018-02-15,A,data/studies/pdf/q160673_imp.pdf
Q16-0674,system_impact,2018-03-04,A,data/studies/pdf/q160674_imp.pdf
Q16-0697,system_impact,2018-03-06,B,data/studies/pdf/q160697_imp.pdf
Q16-0715,system_impact,2018-02-23,A,data/studies/pdf/q160715_imp.pdf
Q17-0735,system_impact,2018-03-05,C,data/studies/pdf/q170735_imp.pdf
Q16-0584,system_impact,2018-03-28,C,data/studies/pdf/q160584_imp.pdf
Q16-0588,system_impact,2018-03-22,B,data/studies/pdf/q160588_imp.pdf
Q16-0650,system_impact,2018-03-24,C,data/studies/pdf/q160650_imp.pdf
Q16-0659,system_impact,2018-03-18,C,data/studies/pdf/q160659_imp.pdf
Q16-0664,system_impact,2018-03-22,A,data/studies/pdf/q160664_imp.pdf
Q16-0686,system_impact,2018-03-28,A,data/studies/pdf/q160686_imp.pdf
Q16-0694,system_impact,2018-04-02,C,data/studies/pdf/q160694_imp.pdf
Q16-0696,system_impact,2018-03-29,C,data/studies/pdf/q160696_imp.pdf
Q16-0714,system_impact,2018-03-27,C,data/studies/pdf/q160714_imp.pdf
Q16-0717,system_impact,2018-04-02,A,data/studies/pdf/q160717_imp.pdf
Q17-0742,system_impact,2018-04-02,C,data/studies/pdf/q170742_imp.pdf
Q17-0754,system_impact,2018-03-16,B,data/studies/pdf/q170754_imp.pdf
Q17-0761,system_impact,2018-03-17,C,data/studies/pdf/q170761_imp.pdf
Q17-0781,system_impact,2018-03-28,A,data/studies/pdf/q170781_imp.pdf
Q16-0589,system_impact,2018-04-19,A,data/studies/pdf/q160589_imp.pdf
Q16-0615,system_impact,2018-04-16,A,data/studies/pdf/q160615_imp.pdf
Q16-0617,system_impact,2018-04-17,C,data/studies/pdf/q160617_imp.pdf
Q16-0618,system_impact,2018-04-15,A,data/studies/pdf/q160618_imp.pdf
Q16-0626,system_impact,2018-04-30,B,data/studies/pdf/q160626_imp.pdf
Q16-0642,system_impact,2018-04-28,A,data/studies/pdf/q160642_imp.pdf
Q16-0648,system_impact,2018-05-03,C,data/studies/pdf/q160648_imp.pdf
Q16-0656,system_impact,2018-04-20,A,data/studies/pdf/q160656_imp.pdf
Q16-0676,system_impact,2018-04-21,A,data/studies/pdf/q160676_imp.pdf
Q16-0704,system_impact,2018-04-30,A,data/studies/pdf/q160704_imp.pdf
Q16-0716,system_impact,2018-04-25,A,data/studies/pdf/q160716_imp.pdf
Q17-0788,system_impact,2018-04-17,C,data/studies/pdf/q170788_imp.pdf
Q17-0792,system_impact,2018-04-22,A,data/studies/pdf/q170792_imp.pdf
Q16-0611,system_impact,2018-05-31,B,data/studies/pdf/q160611_imp.pdf
Q16-0678,system_impact,2018-05-21,B,data/studies/pdf/q160678_imp.pdf
Q17-0772,system_impact,2018-06-02,B,data/studies/pdf/q170772_imp.pdf
Q17-0802,system_impact,2018-05-22,C,data/studies/pdf/q170802_imp.pdf
Q17-0832,system_impact,2018-05-23,B,data/studies/pdf/q170832_imp.pdf
Q16-0606,system_impact,2018-07-01,A,data/studies/pdf/q160606_imp.pdf
Q16-0613,system_impact,2018-06-25,C,data/studies/pdf/q160613_imp.pdf
Q16-0632,system_impact,2018-06-15,C,data/studies/pdf/q160632_imp.pdf
Q16-0646,system_impact,2018-06-25,C,data/studies/pdf/q160646_imp.pdf
Q16-0647,system_impact,2018-06-30,C,data/studies/pdf/q160647_imp.pdf
Q16-0711,system_impact,2018-06-22,A,data/studies/pdf/q160711_imp.pdf
Q17-0743,system_impact,2018-06-21,C,data/studies/pdf/q170743_imp.pdf
Q17-0750,system_impact,2018-06-21,A,data/studies/pdf/q170750_imp.pdf
Q17-0785,system_impact,2018-06-20,C,data/studies/pdf/q170785_imp.pdf
Q17-0795,system_impact,2018-07-02,A,data/studies/pdf/q170795_imp.pdf
Q17-0801,system_impact,2018-07-04,A,data/studies/pdf/q170801_imp.pdf
Q17-0814,system_impact,2018-06-26,A,data/studies/pdf/q170814_imp.pdf
Q17-0837,system_impact,2018-06-18,A,data/studies/pdf/q170837_imp.pdf
Q16-0630,system_impact,2018-08-03,A,data/studies/pdf/q160630_imp.pdf
Q16-0640,system_impact,2018-07-19,C,data/studies/pdf/q160640_imp.pdf
Q16-0663,system_impact,2018-07-22,A,data/studies/pdf/q160663_imp.pdf
Q16-0705,system_impact,2018-07-15,A,data/studies/pdf/q160705_imp.pdf
Q17-0734,system_impact,2018-07-26,A,data/studies/pdf/q170734_imp.pdf
Q17-0747,system_impact,2018-08-03,A,data/studies/pdf/q170747_imp.pdf
Q17-0757,system_impact,2018-07-19,A,data/studies/pdf/q170757_imp.pdf
Q17-0767,system_impact,2018-07-28,C,data/studies/pdf/q170767_imp.pdf
Q17-0797,system_impact,2018-07-25,C,data/studies/pdf/q170797_imp.pdf
Q17-0811,system_impact,2018-07-28,A,data/studies/pdf/q170811_imp.pdf
Q17-0815,system_impact,2018-07-30,C,data/studies/pdf/q170815_imp.pdf
Q17-0819,system_impact,2018-07-21,A,data/studies/pdf/q170819_imp.pdf
Q17-0840,system_impact,2018-08-02,C,data/studies/pdf/q170840_imp.pdf
Q17-0843,system_impact,2018-08-01,C,data/studies/pdf/q170843_imp.pdf
Q17-0866,system_impact,2018-08-01,A,data/studies/pdf/q170866_imp.pdf
Q16-0637,system_impact,2018-08-18,C,data/studies/pdf/q160637_imp.pdf
Q16-0652,system_impact,2018-08-18,C,data/studies/pdf/q160652_imp.pdf
Q16-0677,system_impact,2018-08-24,C,data/studies/pdf/q160677_imp.pdf
Q16-0679,system_impact,2018-08-17,A,data/studies/pdf/q160679_imp.pdf
Q16-0680,system_impact,2018-08-21,A,data/studies/pdf/q160680_imp.pdf
Q16-0692,system_impact,2018-08-30,C,data/studies/pdf/q160692_imp.pdf
Q16-0695,system_impact,2018-08-26,B,data/studies/pdf/q160695_imp.pdf
Q16-0703,system_impact,2018-08-28,A,data/studies/pdf/q160703_imp.pdf
Q16-0709,system_impact,2018-08-22,C,data/studies/pdf/q160709_imp.pdf
Q17-0728,system_impact,2018-08-24,C,data/studies/pdf/q170728_imp.pdf
Q17-0729,system_impact,2018-08-28,A,data/studies/pdf/q170729_imp.pdf
Q17-0753,system_impact,2018-08-22,A,data/studies/pdf/q170753_imp.pdf
Q17-0764,system_impact,2018-08-27,B,data/studies/pdf/q170764_imp.pdf
Q17-0768,system_impact,2018-08-30,A,data/studies/pdf/q170768_imp.pdf
Q17-0770,system_impact,2018-08-25,A,data/studies/pdf/q170770_imp.pdf
Q17-0777,system_impact,2018-08-17,A,data/studies/pdf/q170777_imp.pdf
Q17-0800,system_impact,2018-08-15,C,data/studies/pdf/q170800_imp.pdf
Q17-0823,system_impact,2018-08-29,C,data/studies/pdf/q170823_imp.pdf
Q17-0851,system_impact,2018-08-25,A,data/studies/pdf/q170851_imp.pdf
Q17-0858,system_impact,2018-08-19,C,data/studies/pdf/q170858_imp.pdf
Q17-0863,system_impact,2018-09-03,C,data/studies/pdf/q170863_imp.pdf
Q17-0877,system_impact,2018-08-30,B,data/studies/pdf/q170877_imp.pdf
Q17-0884,system_impact,2018-08-24,B,data/studies/pdf/q170884_imp.pdf
Q16-0670,system_impact,2018-09-27,A,data/studies/pdf/q160670_imp.pdf
Q16-0699,system_impact,2018-10-02,A,data/studies/pdf/q160699_imp.pdf
Q16-0700,system_impact,2018-09-26,C,data/studies/pdf/q160700_imp.pdf
Q16-0712,system_impact,2018-09-16,A,data/studies/pdf/q160712_imp.pdf
Q17-0727,system_impact,2018-09-25,C,data/studies/pdf/q170727_imp.pdf
Q17-0756,system_impact,2018-09-25,B,data/studies/pdf/q170756_imp.pdf
Q17-0760,system_impact,2018-09-15,C,data/studies/pdf/q170760_imp.pdf
Q17-0793,system_impact,2018-09-29,A,data/studies/pdf/q170793_imp.pdf
Q17-0850,system_impact,2018-09-22,B,data/studies/pdf/q170850_imp.pdf
Q17-0887,system_impact,2018-09-22,C,data/studies/pdf/q170887_imp.pdf
Q17-0894,system_impact,2018-09-19,C,data/studies/pdf/q170894_imp.pdf
Q16-0685,system_impact,2018-10-21,C,data/studies/pdf/q160685_imp.pdf
Q16-0708,system_impact,2018-10-27,A,data/studies/pdf/q160708_imp.pdf
Q17-0736,system_impact,2018-10-16,A,data/studies/pdf/q170736_imp.pdf
Q17-0737,system_impact,2018-10-17,A,data/studies/pdf/q170737_imp.pdf
Q17-0749,system_impact,2018-10-28,A,data/studies/pdf/q170749_imp.pdf
Q17-0751,system_impact,2018-10-20,C,data/studies/pdf/q170751_imp.pdf
Q17-0766,system_impact,2018-10-21,A,data/studies/pdf/q170766_imp.pdf
Q17-0775,system_impact,2018-10-24,A,data/studies/pdf/q170775_imp.pdf
Q17-0778,system_impact,2018-10-29,A,data/studies/pdf/q170778_imp.pdf
Q17-0799,system_impact,2018-10-16,A,data/studies/pdf/q170799_imp.pdf
Q17-0806,system_impact,2018-10-25,A,data/studies/pdf/q170806_imp.pdf
Q17-0831,system_impact,2018-10-16,A,data/studies/pdf/q170831_imp.pdf
Q17-0834,system_impact,2018-10-18,A,data/studies/pdf/q170834_imp.pdf
Q17-0844,system_impact,2018-11-03,A,data/studies/pdf/q170844_imp.pdf
Q17-0860,system_impact,2018-11-02,A,data/studies/pdf/q170860_imp.pdf
Q17-0873,system_impact,2018-10-25,A,data/studies/pdf/q170873_imp.pdf
Q16-0701,system_impact,2018-11-27,C,data/studies/pdf/q160701_imp.pdf
Q16-0719,system_impact,2018-11-29,C,data/studies/pdf/q160719_imp.pdf
Q17-0721,system_impact,2018-11-15,B,data/studies/pdf/q170721_imp.pdf
Q17-0723,system_impact,2018-12-04,C,data/studies/pdf/q170723_imp.pdf
Q17-0744,system_impact,2018-11-24,A,data/studies/pdf/q170744_imp.pdf
Q17-0745,system_impact,2018-11-25,C,data/studies/pdf/q170745_imp.pdf
Q17-0786,system_impact,2018-11-24,B,data/studies/pdf/q170786_imp.pdf
Q17-0820,system_impact,2018-11-16,A,data/studies/pdf/q170820_imp.pdf
Q17-0839,system_impact,2018-12-02,C,data/studies/pdf/q170839_imp.pdf
Q17-0854,system_impact,2018-11-19,C,data/studies/pdf/q170854_imp.pdf
Q17-0867,system_impact,2018-11-24,A,data/studies/pdf/q170867_imp.pdf
Q17-0748,system_impact,2018-12-26,A,data/studies/pdf/q170748_imp.pdf
Q17-0752,system_impact,2018-12-28,A,data/studies/pdf/q170752_imp.pdf
Q17-0816,system_impact,2018-12-24,C,data/studies/pdf/q170816_imp.pdf
Q17-0817,system_impact,2018-12-27,A,data/studies/pdf/q170817_imp.pdf
Q17-0824,system_impact,2018-12-27,C,data/studies/pdf/q170824_imp.pdf
Q17-0828,system_impact,2019-01-03,A,data/studies/pdf/q170828_imp.pdf
Q17-0838,system_impact,2018-12-15,A,data/studies/pdf/q170838_imp.pdf
Q17-0876,system_impact,2019-01-03,C,data/studies/pdf/q170876_imp.pdf
Q17-0904,system_impact,2019-01-02,A,data/studies/pdf/q170904_imp.pdf
Q18-0917,system_impact,2018-12-31,B,data/studies/pdf/q180917_imp.pdf
Q16-0720,system_impact,2019-01-23,A,data/studies/pdf/q160720_imp.pdf
Q17-0732,system_impact,2019-01-23,C,data/studies/pdf/q170732_imp.pdf
Q17-0733,system_impact,2019-01-28,C,data/studies/pdf/q170733_imp.pdf
Q17-0790,system_impact,2019-01-27,C,data/studies/pdf/q170790_imp.pdf
Q17-0809,system_impact,2019-01-17,A,data/studies/pdf/q170809_imp.pdf
Q17-0829,system_impact,2019-01-23,C,data/studies/pdf/q170829_imp.pdf
Q17-0830,system_impact,2019-01-24,A,data/studies/pdf/q170830_imp.pdf
Q17-0842,system_impact,2019-01-27,A,data/studies/pdf/q170842_imp.pdf
Q17-0845,system_impact,2019-01-17,B,data/studies/pdf/q170845_imp.pdf
Q17-0862,system_impact,2019-02-02,A,data/studies/pdf/q170862_imp.pdf
Q17-0880,system_impact,2019-01-26,C,data/studies/pdf/q170880_imp.pdf
Q18-0957,system_impact,2019-02-02,A,data/studies/pdf/q180957_imp.pdf
Q18-0960,system_impact,2019-01-30,A,data/studies/pdf/q180960_imp.pdf
Q17-0722,system_impact,2019-02-21,A,data/studies/pdf/q170722_imp.pdf
Q17-0731,system_impact,2019-03-01,A,data/studies/pdf/q170731_imp.pdf
Q17-0739,system_impact,2019-02-18,C,data/studies/pdf/q170739_imp.pdf
Q17-0740,system_impact,2019-03-03,B,data/studies/pdf/q170740_imp.pdf
Q17-0755,system_impact,2019-03-06,A,data/studies/pdf/q170755_imp.pdf
Q17-0857,system_impact,2019-03-04,C,data/studies/pdf/q170857_imp.pdf
Q17-0870,system_impact,2019-02-25,C,data/studies/pdf/q170870_imp.pdf
Q17-0882,system_impact,2019-02-17,B,data/studies/pdf/q170882_imp.pdf
Q17-0724,system_impact,2019-03-17,A,data/studies/pdf/q170724_imp.pdf
Q17-0738,system_impact,2019-03-27,A,data/studies/pdf/q170738_imp.pdf
Q17-0808,system_impact,2019-03-29,C,data/studies/pdf/q170808_imp.pdf
Q17-0810,system_impact,2019-03-20,B,data/studies/pdf/q170810_imp.pdf
Q17-0821,system_impact,2019-03-31,A,data/studies/pdf/q170821_imp.pdf
Q17-0822,system_impact,2019-03-15,A,data/studies/pdf/q170822_imp.pdf
Q17-0841,system_impact,2019-03-20,A,data/studies/pdf/q170841_imp.pdf
Q17-0847,system_impact,2019-03-26,B,data/studies/pdf/q170847_imp.pdf
Q17-0853,system_impact,2019-03-17,C,data/studies/pdf/q170853_imp.pdf
Q17-0869,system_impact,2019-03-15,A,data/studies/pdf/q170869_imp.pdf
Q18-0924,system_impact,2019-03-27,A,data/studies/pdf/q180924_imp.pdf
Q18-0930,system_impact,2019-03-16,A,data/studies/pdf/q180930_imp.pdf
Q18-0994,system_impact,2019-03-21,A,data/studies/pdf/q180994_imp.pdf
Q17-0759,system_impact,2019-04-30,C,data/studies/pdf/q170759_imp.pdf
Q17-0762,system_impact,2019-04-28,C,data/studies/pdf/q170762_imp.pdf
Q17-0765,system_impact,2019-04-26,C,data/studies/pdf/q170765_imp.pdf
Q17-0774,system_impact,2019-04-22,B,data/studies/pdf/q170774_imp.pdf
Q17-0776,system_impact,2019-04-19,A,data/studies/pdf/q170776_imp.pdf
Q17-0784,system_impact,2019-04-29,C,data/studies/pdf/q170784_imp.pdf
Q17-0789,system_impact,2019-04-23,A,data/studies/pdf/q170789_imp.pdf
Q17-0791,system_impact,2019-05-02,C,data/studies/pdf/q170791_imp.pdf
Q17-0825,system_impact,2019-04-24,A,data/studies/pdf/q170825_imp.pdf
Q17-0852,system_impact,2019-04-18,A,data/studies/pdf/q170852_imp.pdf
Q17-0861,system_impact,2019-04-26,A,data/studies/pdf/q170861_imp.pdf
Q17-0875,system_impact,2019-04-21,C,data/studies/pdf/q170875_imp.pdf
Q17-0879,system_impact,2019-04-28,C,data/studies/pdf/q170879_imp.pdf
Q17-0883,system_impact,2019-04-21,A,data/studies/pdf/q170883_imp.pdf
Q17-0896,system_impact,2019-04-15,A,data/studies/pdf/q170896_imp.pdf
Q18-0920,system_impact,2019-04-29,C,data/studies/pdf/q180920_imp.pdf
Q18-0921,system_impact,2019-04-29,A,data/studies/pdf/q180921_imp.pdf
Q18-0929,system_impact,2019-04-21,C,data/studies/pdf/q180929_imp.pdf
Q18-0931,system_impact,2019-05-02,A,data/studies/pdf/q180931_imp.pdf
Q18-0954,system_impact,2019-04-15,B,data/studies/pdf/q180954_imp.pdf
Q18-0964,system_impact,2019-04-20,A,data/studies/pdf/q180964_imp.pdf
Q18-0973,system_impact,2019-04-15,C,data/studies/pdf/q180973_imp.pdf
Q18-0977,system_impact,2019-05-01,A,data/studies/pdf/q180977_imp.pdf
Q17-0783,system_impact,2019-05-29,C,data/studies/pdf/q170783_imp.pdf
Q17-0787,system_impact,2019-05-31,A,data/studies/pdf/q170787_imp.pdf
Q17-0872,system_impact,2019-05-16,B,data/studies/pdf/q170872_imp.pdf
Q17-0892,system_impact,2019-06-02,A,data/studies/pdf/q170892_imp.pdf
Q17-0910,system_impact,2019-05-25,C,data/studies/pdf/q170910_imp.pdf
Q18-0913,system_impact,2019-05-24,C,data/studies/pdf/q180913_imp.pdf
Q18-0927,system_impact,2019-06-01,C,data/studies/pdf/q180927_imp.pdf
Q18-0934,system_impact,2019-05-15,A,data/studies/pdf/q180934_imp.pdf
Q18-0970,system_impact,2019-05-19,A,data/studies/pdf/q180970_imp.pdf
Q18-0974,system_impact,2019-05-17,A,data/studies/pdf/q180974_imp.pdf
Q18-0989,system_impact,2019-05-26,A,data/studies/pdf/q180989_imp.pdf
Q18-0995,system_impact,2019-05-20,A,data/studies/pdf/q180995_imp.pdf
Q18-1014,system_impact,2019-06-02,A,data/studies/pdf/q181014_imp.pdf
Q17-0779,system_impact,2019-07-03,B,data/studies/pdf/q170779_imp.pdf
Q17-0794,system_impact,2019-06-23,C,data/studies/pdf/q170794_imp.pdf
Q17-0804,system_impact,2019-06-29,A,data/studies/pdf/q170804_imp.pdf
Q17-0807,system_impact,2019-06-19,C,data/studies/pdf/q170807_imp.pdf
Q17-0813,system_impact,2019-06-29,A,data/studies/pdf/q170813_imp.pdf
Q17-0849,system_impact,2019-06-28,C,data/studies/pdf/q170849_imp.pdf
Q17-0868,system_impact,2019-06-23,C,data/studies/pdf/q170868_imp.pdf
Q17-0878,system_impact,2019-07-01,C,data/studies/pdf/q170878_imp.pdf
Q18-0923,system_impact,2019-07-01,C,data/studies/pdf/q180923_imp.pdf
Q18-0926,system_impact,2019-06-17,A,data/studies/pdf/q180926_imp.pdf
Q18-0981,system_impact,2019-06-18,C,data/studies/pdf/q180981_imp.pdf
Q18-1011,system_impact,2019-07-03,A,data/studies/pdf/q181011_imp.pdf
Q18-1021,system_impact,2019-06-15,B,data/studies/pdf/q181021_imp.pdf
Q17-0798,system_impact,2019-07-15,C,data/studies/pdf/q170798_imp.pdf
Q17-0812,system_impact,2019-07-16,A,data/studies/pdf/q170812_imp.pdf
Q17-0818,system_impact,2019-07-17,A,data/studies/pdf/q170818_imp.pdf
Q17-0827,system_impact,2019-07-30,A,data/studies/pdf/q170827_imp.pdf
Q17-0835,system_impact,2019-07-29,B,data/studies/pdf/q170835_imp.pdf
Q17-0836,system_impact,2019-08-02,A,data/studies/pdf/q170836_imp.pdf
Q17-0855,system_impact,2019-07-18,A,data/studies/pdf/q170855_imp.pdf
Q17-0897,system_impact,2019-07-20,B,data/studies/pdf/q170897_imp.pdf
Q17-0900,system_impact,2019-07-28,A,data/studies/pdf/q170900_imp.pdf
Q17-0902,system_impact,2019-07-16,C,data/studies/pdf/q170902_imp.pdf
Q18-0939,system_impact,2019-07-17,C,data/studies/pdf/q180939_imp.pdf
Q18-0942,system_impact,2019-07-16,B,data/studies/pdf/q180942_imp.pdf
Q18-0967,system_impact,2019-07-25,B,data/studies/pdf/q180967_imp.pdf
Q18-0971,system_impact,2019-07-21,A,data/studies/pdf/q180971_imp.pdf
Q18-1000,system_impact,2019-07-19,A,data/studies/pdf/q181000_imp.pdf
Q18-1049,system_impact,2019-07-17,B,data/studies/pdf/q181049_imp.pdf
Q17-0848,system_impact,2019-08-31,C,data/studies/pdf/q170848_imp.pdf
Q17-0864,system_impact,2019-08-26,A,data/studies/pdf/q170864_imp.pdf
Q17-0886,system_impact,2019-08-23,A,data/studies/pdf/q170886_imp.pdf
Q17-0890,system_impact,2019-08-30,A,data/studies/pdf/q170890_imp.pdf
Q17-0906,system_impact,2019-09-03,B,data/studies/pdf/q170906_imp.pdf
Q18-0936,system_impact,2019-08-15,A,data/studies/pdf/q180936_imp.pdf
Q18-0962,system_impact,2019-08-21,B,data/studies/pdf/q180962_imp.pdf
Q18-0986,system_impact,2019-08-28,C,data/studies/pdf/q180986_imp.pdf
Q18-0990,system_impact,2019-08-29,A,data/studies/pdf/q180990_imp.pdf
Q18-0996,system_impact,2019-08-19,A,data/studies/pdf/q180996_imp.pdf
Q18-1040,system_impact,2019-09-02,A,data/studies/pdf/q181040_imp.pdf
Q18-1042,system_impact,2019-09-02,C,data/studies/pdf/q181042_imp.pdf
Q18-1065,system_impact,2019-08-24,A,data/studies/pdf/q181065_imp.pdf
Q18-1070,system_impact,2019-08-29,B,data/studies/pdf/q181070_imp.pdf
Q17-0846,system_impact,2019-09-15,A,data/studies/pdf/q170846_imp.pdf
Q17-0885,system_impact,2019-10-01,C,data/studies/pdf/q170885_imp.pdf
Q17-0908,system_impact,2019-09-20,A,data/studies/pdf/q170908_imp.pdf
Q18-0914,system_impact,2019-09-22,C,data/studies/pdf/q180914_imp.pdf
Q18-1041,system_impact,2019-09-24,A,data/studies/pdf/q181041_imp.pdf
Q18-1055,system_impact,2019-09-23,A,data/studies/pdf/q181055_imp.pdf
Q18-1067,system_impact,2019-09-28,A,data/studies/pdf/q181067_imp.pdf
Q18-1074,system_impact,2019-09-18,C,data/studies/pdf/q181074_imp.pdf
Q17-0871,system_impact,2019-10-27,B,data/studies/pdf/q170871_imp.pdf
Q17-0898,system_impact,2019-10-29,A,data/studies/pdf/q170898_imp.pdf
Q17-0899,system_impact,2019-10-20,A,data/studies/pdf/q170899_imp.pdf
Q18-0938,system_impact,2019-10-19,A,data/studies/pdf/q180938_imp.pdf
Q18-0940,system_impact,2019-10-25,C,data/studies/pdf/q180940_imp.pdf
Q18-0941,system_impact,2019-10-22,C,data/studies/pdf/q180941_imp.pdf
Q18-0961,system_impact,2019-10-27,C,data/studies/pdf/q180961_imp.pdf
Q18-0972,system_impact,2019-10-22,C,data/studies/pdf/q180972_imp.pdf
Q18-0983,system_impact,2019-10-23,B,data/studies/pdf/q180983_imp.pdf
Q18-1002,system_impact,2019-10-26,C,data/studies/pdf/q181002_imp.pdf
Q18-1036,system_impact,2019-10-16,A,data/studies/pdf/q181036_imp.pdf
Q18-1069,system_impact,2019-11-02,C,data/studies/pdf/q181069_imp.pdf
Q18-1106,system_impact,2019-10-15,B,data/studies/pdf/q181106_imp.pdf
Q17-0889,system_impact,2019-12-02,C,data/studies/pdf/q170889_imp.pdf
Q17-0895,system_impact,2019-12-03,A,data/studies/pdf/q170895_imp.pdf
Q18-0915,system_impact,2019-11-29,C,data/studies/pdf/q180915_imp.pdf
Q18-0925,system_impact,2019-12-01,A,data/studies/pdf/q180925_imp.pdf
Q18-0943,system_impact,2019-11-30,C,data/studies/pdf/q180943_imp.pdf
Q18-0950,system_impact,2019-11-23,A,data/studies/pdf/q180950_imp.pdf
Q18-0965,system_impact,2019-12-04,B,data/studies/pdf/q180965_imp.pdf
Q18-0976,system_impact,2019-11-24,A,data/studies/pdf/q180976_imp.pdf
Q18-0991,system_impact,2019-12-04,A,data/studies/pdf/q180991_imp.pdf
Q18-1007,system_impact,2019-11-21,C,data/studies/pdf/q181007_imp.pdf
Q18-1012,system_impact,2019-12-04,A,data/studies/pdf/q181012_imp.pdf
Q18-1016,system_impact,2019-12-03,C,data/studies/pdf/q181016_imp.pdf
Q18-1019,system_impact,2019-11-26,A,data/studies/pdf/q181019_imp.pdf
Q18-1045,system_impact,2019-11-17,C,data/studies/pdf/q181045_imp.pdf
Q18-1072,system_impact,2019-11-23,B,data/studies/pdf/q181072_imp.pdf
Q18-1110,system_impact,2019-11-16,A,data/studies/pdf/q181110_imp.pdf
Q18-1124,system_impact,2019-11-16,C,data/studies/pdf/q181124_imp.pdf
Q19-1138,system_impact,2019-11-29,A,data/studies/pdf/q191138_imp.pdf
Q17-0891,system_impact,2019-12-25,A,data/studies/pdf/q170891_imp.pdf
Q17-0901,system_impact,2019-12-25,A,data/studies/pdf/q170901_imp.pdf
Q18-0933,system_impact,2019-12-15,A,data/studies/pdf/q180933_imp.pdf
Q18-0949,system_impact,2019-12-19,A,data/studies/pdf/q180949_imp.pdf
Q18-0978,system_impact,2020-01-03,A,data/studies/pdf/q180978_imp.pdf
Q18-0998,system_impact,2020-01-02,A,data/studies/pdf/q180998_imp.pdf
Q18-1013,system_impact,2019-12-16,A,data/studies/pdf/q181013_imp.pdf
Q18-1050,system_impact,2019-12-17,C,data/studies/pdf/q181050_imp.pdf
Q18-1059,system_impact,2019-12-17,A,data/studies/pdf/q181059_imp.pdf
Q18-1071,system_impact,2019-12-17,A,data/studies/pdf/q181071_imp.pdf
Q18-1090,system_impact,2019-12-15,A,data/studies/pdf/q181090_imp.pdf
Q18-1099,system_impact,2019-12-28,A,data/studies/pdf/q181099_imp.pdf
Q18-1105,system_impact,2020-01-03,C,data/studies/pdf/q181105_imp.pdf
Q18-1118,system_impact,2019-12-31,A,data/studies/pdf/q181118_imp.pdf
Q18-1120,system_impact,2019-12-25,A,data/studies/pdf/q181120_imp.pdf
Q17-0903,system_impact,2020-01-16,B,data/studies/pdf/q170903_imp.pdf
Q18-0912,system_impact,2020-01-31,C,data/studies/pdf/q180912_imp.pdf
Q18-0918,system_impact,2020-01-22,A,data/studies/pdf/q180918_imp.pdf
Q18-0922,system_impact,2020-02-03,B,data/studies/pdf/q180922_imp.pdf
Q18-1003,system_impact,2020-01-25,C,data/studies/pdf/q181003_imp.pdf
Q18-1009,system_impact,2020-01-20,A,data/studies/pdf/q181009_imp.pdf
Q18-1035,system_impact,2020-01-27,C,data/studies/pdf/q181035_imp.pdf
Q18-1038,system_impact,2020-01-15,C,data/studies/pdf/q181038_imp.pdf
Q18-1052,system_impact,2020-01-20,A,data/studies/pdf/q181052_imp.pdf
Q18-1053,system_impact,2020-01-15,C,data/studies/pdf/q181053_imp.pdf
Q18-1058,system_impact,2020-01-31,A,data/studies/pdf/q181058_imp.pdf
Q18-1062,system_impact,2020-01-15,B,data/studies/pdf/q181062_imp.pdf
Q18-1088,system_impact,2020-02-02,A,data/studies/pdf/q181088_imp.pdf
Q19-1139,system_impact,2020-01-17,C,data/studies/pdf/q191139_imp.pdf
Q17-0909,system_impact,2020-02-28,A,data/studies/pdf/q170909_imp.pdf
Q18-0916,system_impact,2020-03-05,A,data/studies/pdf/q180916_imp.pdf
Q18-0928,system_impact,2020-03-05,A,data/studies/pdf/q180928_imp.pdf
Q18-0937,system_impact,2020-02-26,C,data/studies/pdf/q180937_imp.pdf
Q18-0944,system_impact,2020-02-20,A,data/studies/pdf/q180944_imp.pdf
Q18-0953,system_impact,2020-03-02,C,data/studies/pdf/q180953_imp.pdf
Q18-0975,system_impact,2020-02-27,C,data/studies/pdf/q180975_imp.pdf
Q18-0982,system_impact,2020-02-20,C,data/studies/pdf/q180982_imp.pdf
Q18-1010,system_impact,2020-02-20,C,data/studies/pdf/q181010_imp.pdf
Q18-1026,system_impact,2020-02-24,C,data/studies/pdf/q181026_imp.pdf
Q18-1032,system_impact,2020-02-22,A,data/studies/pdf/q181032_imp.pdf
Q18-1043,system_impact,2020-02-20,B,data/studies/pdf/q181043_imp.pdf
Q18-1068,system_impact,2020-02-15,A,data/studies/pdf/q181068_imp.pdf
Q18-1081,system_impact,2020-02-28,C,data/studies/pdf/q181081_imp.pdf
Q18-1087,system_impact,2020-02-28,B,data/studies/pdf/q181087_imp.pdf
Q18-1097,system_impact,2020-02-23,A,data/studies/pdf/q181097_imp.pdf
Q18-1102,system_impact,2020-02-16,A,data/studies/pdf/q181102_imp.pdf
Q19-1137,system_impact,2020-03-03,B,data/studies/pdf/q191137_imp.pdf
Q19-1146,system_impact,2020-02-15,A,data/studies/pdf/q191146_imp.pdf
Q19-1200,system_impact,2020-02-25,C,data/studies/pdf/q191200_imp.pdf
Q18-0945,system_impact,2020-03-17,C,data/studies/pdf/q180945_imp.pdf
Q18-0946,system_impact,2020-04-01,A,data/studies/pdf/q180946_imp.pdf
Q18-0948,system_impact,2020-03-22,A,data/studies/pdf/q180948_imp.pdf
Q18-0969,system_impact,2020-03-16,A,data/studies/pdf/q180969_imp.pdf
Q18-0980,system_impact,2020-03-29,B,data/studies/pdf/q180980_imp.pdf
Q18-1006,system_impact,2020-04-03,A,data/studies/pdf/q181006_imp.pdf
Q18-1008,system_impact,2020-03-19,C,data/studies/pdf/q181008_imp.pdf
Q18-1017,system_impact,2020-03-26,C,data/studies/pdf/q181017_imp.pdf
Q18-1027,system_impact,2020-03-31,A,data/studies/pdf/q181027_imp.pdf
Q18-1028,system_impact,2020-04-01,A,data/studies/pdf/q181028_imp.pdf
Q18-1034,system_impact,2020-03-20,A,data/studies/pdf/q181034_imp.pdf
Q18-1046,system_impact,2020-03-31,C,data/studies/pdf/q181046_imp.pdf
Q18-1047,system_impact,2020-03-18,A,data/studies/pdf/q181047_imp.pdf
Q18-1054,system_impact,2020-03-18,A,data/studies/pdf/q181054_imp.pdf
Q18-1084,system_impact,2020-03-29,A,data/studies/pdf/q181084_imp.pdf
Q18-1112,system_impact,2020-04-03,A,data/studies/pdf/q181112_imp.pdf
Q18-1119,system_impact,2020-04-01,C,data/studies/pdf/q181119_imp.pdf
Q19-1145,system_impact,2020-03-29,A,data/studies/pdf/q191145_imp.pdf
Q19-1150,system_impact,2020-03-22,A,data/studies/pdf/q191150_imp.pdf
Q19-1173,system_impact,2020-03-21,A,data/studies/pdf/q191173_imp.pdf
Q19-1188,system_impact,2020-03-29,A,data/studies/pdf/q191188_imp.pdf
Q19-1206,system_impact,2020-03-21,C,data/studies/pdf/q191206_imp.pdf
Q18-0951,system_impact,2020-04-20,A,data/studies/pdf/q180951_imp.pdf
Q18-0956,system_impact,2020-04-30,C,data/studies/pdf/q180956_imp.pdf
Q18-0958,system_impact,2020-04-15,B,data/studies/pdf/q180958_imp.pdf
Q18-0963,system_impact,2020-04-27,B,data/studies/pdf/q180963_imp.pdf
Q18-0988,system_impact,2020-05-04,A,data/studies/pdf/q180988_imp.pdf
Q18-1005,system_impact,2020-04-28,C,data/studies/pdf/q181005_imp.pdf
Q18-1022,system_impact,2020-04-18,A,data/studies/pdf/q181022_imp.pdf
Q18-1030,system_impact,2020-04-18,C,data/studies/pdf/q181030_imp.pdf
Q18-1044,system_impact,2020-04-26,A,data/studies/pdf/q181044_imp.pdf
Q18-1061,system_impact,2020-04-27,C,data/studies/pdf/q181061_imp.pdf
Q18-1080,system_impact,2020-04-23,C,data/studies/pdf/q181080_imp.pdf
Q18-1117,system_impact,2020-05-03,A,data/studies/pdf/q181117_imp.pdf
Q18-1121,system_impact,2020-04-27,C,data/studies/pdf/q181121_imp.pdf
Q19-1161,system_impact,2020-04-22,C,data/studies/pdf/q191161_imp.pdf
Q19-1176,system_impact,2020-04-19,C,data/studies/pdf/q191176_imp.pdf
Q19-1183,system_impact,2020-05-04,B,data/studies/pdf/q191183_imp.pdf
Q19-1197,system_impact,2020-04-28,C,data/studies/pdf/q191197_imp.pdf
Q19-1201,system_impact,2020-04-21,C,data/studies/pdf/q191201_imp.pdf
Q19-1202,system_impact,2020-04-24,A,data/studies/pdf/q191202_imp.pdf
Q19-1205,system_impact,2020-04-26,A,data/studies/pdf/q191205_imp.pdf
Q19-1216,system_impact,2020-04-21,C,data/studies/pdf/q191216_imp.pdf
Q19-1230,system_impact,2020-04-22,A,data/studies/pdf/q191230_imp.pdf
Q18-0955,system_impact,2020-05-29,A,data/studies/pdf/q180955_imp.pdf
Q18-1004,system_impact,2020-05-28,A,data/studies/pdf/q181004_imp.pdf
Q18-1039,system_impact,2020-05-27,A,data/studies/pdf/q181039_imp.pdf
Q18-1064,system_impact,2020-05-20,A,data/studies/pdf/q181064_imp.pdf
Q18-1094,system_impact,2020-05-27,C,data/studies/pdf/q181094_imp.pdf
Q18-1101,system_impact,2020-05-19,A,data/studies/pdf/q181101_imp.pdf
Q19-1153,system_impact,2020-05-22,A,data/studies/pdf/q191153_imp.pdf
Q19-1157,system_impact,2020-05-20,C,data/studies/pdf/q191157_imp.pdf
Q19-1174,system_impact,2020-05-21,C,data/studies/pdf/q191174_imp.pdf
Q19-1178,system_impact,2020-05-28,B,data/studies/pdf/q191178_imp.pdf
Q19-1195,system_impact,2020-05-18,C,data/studies/pdf/q191195_imp.pdf
Q19-1238,system_impact,2020-05-21,A,data/studies/pdf/q191238_imp.pdf
Q18-0985,system_impact,2020-06-20,C,data/studies/pdf/q180985_imp.pdf
Q18-0992,system_impact,2020-07-02,A,data/studies/pdf/q180992_imp.pdf
Q18-1051,system_impact,2020-06-29,C,data/studies/pdf/q181051_imp.pdf
Q18-1076,system_impact,2020-07-04,A,data/studies/pdf/q181076_imp.pdf
Q18-1098,system_impact,2020-06-26,A,data/studies/pdf/q181098_imp.pdf
Q18-1130,system_impact,2020-06-18,C,data/studies/pdf/q181130_imp.pdf
Q19-1158,system_impact,2020-07-03,A,data/studies/pdf/q191158_imp.pdf
Q19-1180,system_impact,2020-06-19,C,data/studies/pdf/q191180_imp.pdf
Q19-1203,system_impact,2020-06-25,B,data/studies/pdf/q191203_imp.pdf
Q19-1221,system_impact,2020-07-01,A,data/studies/pdf/q191221_imp.pdf
Q19-1225,system_impact,2020-07-03,B,data/studies/pdf/q191225_imp.pdf
Q19-1229,system_impact,2020-06-26,A,data/studies/pdf/q191229_imp.pdf
Q19-1244,system_impact,2020-06-26,C,data/studies/pdf/q191244_imp.pdf
Q18-0999,system_impact,2020-07-20,B,data/studies/pdf/q180999_imp.pdf
Q18-1020,system_impact,2020-07-19,A,data/studies/pdf/q181020_imp.pdf
Q18-1089,system_impact,2020-07-27,C,data/studies/pdf/q181089_imp.pdf
Q18-1091,system_impact,2020-07-29,A,data/studies/pdf/q181091_imp.pdf
Q18-1108,system_impact,2020-07-22,C,data/studies/pdf/q181108_imp.pdf
Q18-1113,system_impact,2020-07-23,A,data/studies/pdf/q181113_imp.pdf
Q18-1127,system_impact,2020-07-26,A,data/studies/pdf/q181127_imp.pdf
Q19-1135,system_impact,2020-08-03,A,data/studies/pdf/q191135_imp.pdf
Q19-1142,system_impact,2020-07-21,B,data/studies/pdf/q191142_imp.pdf
Q19-1155,system_impact,2020-07-20,C,data/studies/pdf/q191155_imp.pdf
Q19-1164,system_impact,2020-07-26,C,data/studies/pdf/q191164_imp.pdf
Q19-1171,system_impact,2020-07-29,A,data/studies/pdf/q191171_imp.pdf
Q19-1185,system_impact,2020-07-30,C,data/studies/pdf/q191185_imp.pdf
Q19-1231,system_impact,2020-07-26,C,data/studies/pdf/q191231_imp.pdf
Q19-1242,system_impact,2020-07-30,A,data/studies/pdf/q191242_imp.pdf
Q19-1253,system_impact,2020-07-26,A,data/studies/pdf/q191253_imp.pdf
Q19-1266,system_impact,2020-07-25,A,data/studies/pdf/q191266_imp.pdf
Q19-1298,system_impact,2020-07-31,A,data/studies/pdf/q191298_imp.pdf
Q18-1018,system_impact,2020-08-28,C,data/studies/pdf/q181018_imp.pdf
Q18-1023,system_impact,2020-08-22,A,data/studies/pdf/q181023_imp.pdf
Q18-1025,system_impact,2020-08-29,C,data/studies/pdf/q181025_imp.pdf
Q18-1029,system_impact,2020-08-25,A,data/studies/pdf/q181029_imp.pdf
Q18-1037,system_impact,2020-08-20,A,data/studies/pdf/q181037_imp.pdf
Q18-1057,system_impact,2020-08-30,A,data/studies/pdf/q181057_imp.pdf
Q18-1060,system_impact,2020-08-31,C,data/studies/pdf/q181060_imp.pdf
Q18-1073,system_impact,2020-08-29,A,data/studies/pdf/q181073_imp.pdf
Q18-1078,system_impact,2020-08-30,A,data/studies/pdf/q181078_imp.pdf
Q19-1131,system_impact,2020-08-17,A,data/studies/pdf/q191131_imp.pdf
Q19-1143,system_impact,2020-08-16,A,data/studies/pdf/q191143_imp.pdf
Q19-1156,system_impact,2020-08-20,C,data/studies/pdf/q191156_imp.pdf
Q19-1163,system_impact,2020-08-15,A,data/studies/pdf/q191163_imp.pdf
Q19-1167,system_impact,2020-08-18,A,data/studies/pdf/q191167_imp.pdf
Q19-1194,system_impact,2020-08-26,A,data/studies/pdf/q191194_imp.pdf
Q19-1196,system_impact,2020-08-25,B,data/studies/pdf/q191196_imp.pdf
Q19-1199,system_impact,2020-08-24,B,data/studies/pdf/q191199_imp.pdf
Q19-1255,system_impact,2020-08-16,A,data/studies/pdf/q191255_imp.pdf
Q19-1269,system_impact,2020-08-31,A,data/studies/pdf/q191269_imp.pdf
Q19-1281,system_impact,2020-08-28,A,data/studies/pdf/q191281_imp.pdf
Q18-1024,system_impact,2020-09-15,A,data/studies/pdf/q181024_imp.pdf
Q18-1033,system_impact,2020-09-21,C,data/studies/pdf/q181033_imp.pdf
Q18-1063,system_impact,2020-10-01,A,data/studies/pdf/q181063_imp.pdf
Q18-1111,system_impact,2020-09-27,C,data/studies/pdf/q181111_imp.pdf
Q18-1116,system_impact,2020-09-18,C,data/studies/pdf/q181116_imp.pdf
Q19-1140,system_impact,2020-09-16,A,data/studies/pdf/q191140_imp.pdf
Q19-1151,system_impact,2020-10-02,A,data/studies/pdf/q191151_imp.pdf
Q19-1159,system_impact,2020-09-23,A,data/studies/pdf/q191159_imp.pdf
Q19-1160,system_impact,2020-09-16,A,data/studies/pdf/q191160_imp.pdf
Q19-1168,system_impact,2020-09-28,A,data/studies/pdf/q191168_imp.pdf
Q19-1184,system_impact,2020-09-19,B,data/studies/pdf/q191184_imp.pdf
Q19-1209,system_impact,2020-09-29,C,data/studies/pdf/q191209_imp.pdf
Q19-1219,system_impact,2020-09-30,B,data/studies/pdf/q191219_imp.pdf
Q19-1223,system_impact,2020-09-26,A,data/studies/pdf/q191223_imp.pdf
Q19-1261,system_impact,2020-10-02,C,data/studies/pdf/q191261_imp.pdf
Q19-1263,system_impact,2020-09-27,A,data/studies/pdf/q191263_imp.pdf
Q19-1306,system_impact,2020-10-01,A,data/studies/pdf/q191306_imp.pdf
Q19-1320,system_impact,2020-09-17,B,data/studies/pdf/q191320_imp.pdf
Q18-1079,system_impact,2020-11-03,A,data/studies/pdf/q181079_imp.pdf
Q18-1095,system_impact,2020-10-15,A,data/studies/pdf/q181095_imp.pdf
Q18-1109,system_impact,2020-10-22,A,data/studies/pdf/q181109_imp.pdf
Q18-1123,system_impact,2020-10-23,A,data/studies/pdf/q181123_imp.pdf
Q19-1132,system_impact,2020-10-20,A,data/studies/pdf/q191132_imp.pdf
Q19-1134,system_impact,2020-10-23,A,data/studies/pdf/q191134_imp.pdf
Q19-1136,system_impact,2020-10-31,A,data/studies/pdf/q191136_imp.pdf
Q19-1152,system_impact,2020-10-29,C,data/studies/pdf/q191152_imp.pdf
Q19-1162,system_impact,2020-10-31,A,data/studies/pdf/q191162_imp.pdf
Q19-1165,system_impact,2020-10-24,A,data/studies/pdf/q191165_imp.pdf
Q19-1177,system_impact,2020-10-22,C,data/studies/pdf/q191177_imp.pdf
Q19-1181,system_impact,2020-10-25,B,data/studies/pdf/q191181_imp.pdf
Q19-1198,system_impact,2020-11-03,C,data/studies/pdf/q191198_imp.pdf
Q19-1220,system_impact,2020-11-01,A,data/studies/pdf/q191220_imp.pdf
Q19-1234,system_impact,2020-10-31,A,data/studies/pdf/q191234_imp.pdf
Q19-1243,system_impact,2020-10-26,A,data/studies/pdf/q191243_imp.pdf
Q19-1267,system_impact,2020-10-20,C,data/studies/pdf/q191267_imp.pdf
Q19-1268,system_impact,2020-10-25,A,data/studies/pdf/q191268_imp.pdf
Q19-1282,system_impact,2020-10-25,C,data/studies/pdf/q191282_imp.pdf
Q19-1293,system_impact,2020-10-17,C,data/studies/pdf/q191293_imp.pdf
Q19-1342,system_impact,2020-10-19,C,data/studies/pdf/q191342_imp.pdf
Q18-1075,system_impact,2020-12-01,A,data/studies/pdf/q181075_imp.pdf
Q18-1077,system_impact,2020-11-26,C,data/studies/pdf/q181077_imp.pdf
Q18-1082,system_impact,2020-11-21,A,data/studies/pdf/q181082_imp.pdf
Q18-1100,system_impact,2020-12-01,C,data/studies/pdf/q181100_imp.pdf
Q18-1126,system_impact,2020-11-15,B,data/studies/pdf/q181126_imp.pdf
Q19-1144,system_impact,2020-11-25,B,data/studies/pdf/q191144_imp.pdf
Q19-1148,system_impact,2020-11-23,A,data/studies/pdf/q191148_imp.pdf
Q19-1179,system_impact,2020-11-30,A,data/studies/pdf/q191179_imp.pdf
Q19-1228,system_impact,2020-11-23,C,data/studies/pdf/q191228_imp.pdf
Q19-1232,system_impact,2020-11-24,B,data/studies/pdf/q191232_imp.pdf
Q19-1252,system_impact,2020-11-17,C,data/studies/pdf/q191252_imp.pdf
Q19-1273,system_impact,2020-11-16,A,data/studies/pdf/q191273_imp.pdf
Q19-1275,system_impact,2020-11-24,A,data/studies/pdf/q191275_imp.pdf
Q19-1276,system_impact,2020-12-02,A,data/studies/pdf/q191276_imp.pdf
Q19-1302,system_impact,2020-12-02,C,data/studies/pdf/q191302_imp.pdf
Q19-1313,system_impact,2020-11-27,A,data/studies/pdf/q191313_imp.pdf
Q19-1314,system_impact,2020-12-03,B,data/studies/pdf/q191314_imp.pdf
Q19-1323,system_impact,2020-11-28,B,data/studies/pdf/q191323_imp.pdf
Q19-1325,system_impact,2020-11-24,C,data/studies/pdf/q191325_imp.pdf
Q19-1327,system_impact,2020-11-20,C,data/studies/pdf/q191327_imp.pdf
Q19-1328,system_impact,2020-11-20,A,data/studies/pdf/q191328_imp.pdf
Q19-1335,system_impact,2020-11-29,A,data/studies/pdf/q191335_imp.pdf
Q19-1344,system_impact,2020-11-15,A,data/studies/pdf/q191344_imp.pdf
Q18-1092,system_impact,2020-12-31,A,data/studies/pdf/q181092_imp.pdf
Q18-1103,system_impact,2020-12-16,C,data/studies/pdf/q181103_imp.pdf
Q19-1133,system_impact,2020-12-24,B,data/studies/pdf/q191133_imp.pdf
Q19-1169,system_impact,2020-12-18,B,data/studies/pdf/q191169_imp.pdf
Q19-1191,system_impact,2020-12-29,A,data/studies/pdf/q191191_imp.pdf
Q19-1193,system_impact,2020-12-16,A,data/studies/pdf/q191193_imp.pdf
Q19-1207,system_impact,2020-12-26,C,data/studies/pdf/q191207_imp.pdf
Q19-1247,system_impact,2020-12-19,B,data/studies/pdf/q191247_imp.pdf
Q19-1264,system_impact,2020-12-18,A,data/studies/pdf/q191264_imp.pdf
Q19-1274,system_impact,2020-12-22,A,data/studies/pdf/q191274_imp.pdf
Q19-1277,system_impact,2020-12-24,C,data/studies/pdf/q191277_imp.pdf
Q19-1305,system_impact,2021-01-03,A,data/studies/pdf/q191305_imp.pdf
Q19-1350,system_impact,2020-12-19,B,data/studies/pdf/q191350_imp.pdf
Q19-1364,system_impact,2020-12-17,A,data/studies/pdf/q191364_imp.pdf
Q20-1381,system_impact,2020-12-19,A,data/studies/pdf/q201381_imp.pdf
Q20-1382,system_impact,2020-12-17,A,data/studies/pdf/q201382_imp.pdf
Q20-1405,system_impact,2020-12-25,C,data/studies/pdf/q201405_imp.pdf
Q18-1107,system_impact,2021-01-15,A,data/studies/pdf/q181107_imp.pdf
Q18-1114,system_impact,2021-02-01,B,data/studies/pdf/q181114_imp.pdf
Q18-1115,system_impact,2021-01-31,A,data/studies/pdf/q181115_imp.pdf
Q18-1125,system_impact,2021-01-29,C,data/studies/pdf/q181125_imp.pdf
Q18-1128,system_impact,2021-01-28,A,data/studies/pdf/q181128_imp.pdf
Q18-1129,system_impact,2021-01-17,A,data/studies/pdf/q181129_imp.pdf
Q19-1172,system_impact,2021-01-25,C,data/studies/pdf/q191172_imp.pdf
Q19-1190,system_impact,2021-01-22,A,data/studies/pdf/q191190_imp.pdf
Q19-1192,system_impact,2021-01-18,A,data/studies/pdf/q191192_imp.pdf
Q19-1218,system_impact,2021-02-01,C,data/studies/pdf/q191218_imp.pdf
Q19-1237,system_impact,2021-01-19,B,data/studies/pdf/q191237_imp.pdf
Q19-1246,system_impact,2021-01-28,A,data/studies/pdf/q191246_imp.pdf
Q19-1249,system_impact,2021-01-20,A,data/studies/pdf/q191249_imp.pdf
Q19-1251,system_impact,2021-01-28,C,data/studies/pdf/q191251_imp.pdf
Q19-1309,system_impact,2021-01-21,C,data/studies/pdf/q191309_imp.pdf
Q19-1312,system_impact,2021-01-21,A,data/studies/pdf/q191312_imp.pdf
Q19-1332,system_impact,2021-01-16,A,data/studies/pdf/q191332_imp.pdf
Q19-1343,system_impact,2021-01-21,C,data/studies/pdf/q191343_imp.pdf
Q19-1368,system_impact,2021-01-26,C,data/studies/pdf/q191368_imp.pdf
Q20-1413,system_impact,2021-01-29,A,data/studies/pdf/q201413_imp.pdf
Q20-1424,system_impact,2021-01-20,A,data/studies/pdf/q201424_imp.pdf
Q20-1428,system_impact,2021-01-26,A,data/studies/pdf/q201428_imp.pdf
Q19-1210,system_impact,2021-02-18,A,data/studies/pdf/q191210_imp.pdf
Q19-1212,system_impact,2021-03-01,B,data/studies/pdf/q191212_imp.pdf
Q19-1233,system_impact,2021-02-27,A,data/studies/pdf/q191233_imp.pdf
Q19-1256,system_impact,2021-03-01,A,data/studies/pdf/q191256_imp.pdf
Q19-1257,system_impact,2021-02-23,B,data/studies/pdf/q191257_imp.pdf
Q19-1259,system_impact,2021-03-04,B,data/studies/pdf/q191259_imp.pdf
Q19-1265,system_impact,2021-02-23,A,data/studies/pdf/q191265_imp.pdf
Q19-1300,system_impact,2021-02-28,A,data/studies/pdf/q191300_imp.pdf
Q19-1322,system_impact,2021-02-28,A,data/studies/pdf/q191322_imp.pdf
Q19-1324,system_impact,2021-02-17,C,data/studies/pdf/q191324_imp.pdf
Q19-1345,system_impact,2021-03-02,B,data/studies/pdf/q191345_imp.pdf
Q19-1354,system_impact,2021-03-03,C,data/studies/pdf/q191354_imp.pdf
Q20-1402,system_impact,2021-02-20,A,data/studies/pdf/q201402_imp.pdf
Q20-1407,system_impact,2021-02-15,B,data/studies/pdf/q201407_imp.pdf
Q20-1412,system_impact,2021-02-20,A,data/studies/pdf/q201412_imp.pdf
Q20-1423,system_impact,2021-02-15,C,data/studies/pdf/q201423_imp.pdf
Q19-1154,system_impact,2021-03-23,B,data/studies/pdf/q191154_imp.pdf
Q19-1175,system_impact,2021-03-18,A,data/studies/pdf/q191175_imp.pdf
Q19-1182,system_impact,2021-03-26,A,data/studies/pdf/q191182_imp.pdf
Q19-1189,system_impact,2021-04-03,C,data/studies/pdf/q191189_imp.pdf
Q19-1211,system_impact,2021-03-31,A,data/studies/pdf/q191211_imp.pdf
Q19-1240,system_impact,2021-03-24,A,data/studies/pdf/q191240_imp.pdf
Q19-1245,system_impact,2021-03-24,A,data/studies/pdf/q191245_imp.pdf
Q19-1283,system_impact,2021-03-16,C,data/studies/pdf/q191283_imp.pdf
Q19-1318,system_impact,2021-03-18,A,data/studies/pdf/q191318_imp.pdf
Q19-1326,system_impact,2021-03-29,C,data/studies/pdf/q191326_imp.pdf
Q20-1388,system_impact,2021-03-30,A,data/studies/pdf/q201388_imp.pdf
Q20-1397,system_impact,2021-03-31,A,data/studies/pdf/q201397_imp.pdf
Q20-1414,system_impact,2021-03-17,A,data/studies/pdf/q201414_imp.pdf
Q20-1441,system_impact,2021-03-16,C,data/studies/pdf/q201441_imp.pdf
Q20-1446,system_impact,2021-03-24,A,data/studies/pdf/q201446_imp.pdf
Q19-1166,system_impact,2021-04-24,A,data/studies/pdf/q191166_imp.pdf
Q19-1214,system_impact,2021-04-25,A,data/studies/pdf/q191214_imp.pdf
Q19-1215,system_impact,2021-04-21,A,data/studies/pdf/q191215_imp.pdf
Q19-1222,system_impact,2021-04-30,A,data/studies/pdf/q191222_imp.pdf
Q19-1226,system_impact,2021-05-04,A,data/studies/pdf/q191226_imp.pdf
Q19-1236,system_impact,2021-04-19,B,data/studies/pdf/q191236_imp.pdf
Q19-1241,system_impact,2021-04-26,B,data/studies/pdf/q191241_imp.pdf
Q19-1248,system_impact,2021-04-17,A,data/studies/pdf/q191248_imp.pdf
Q19-1278,system_impact,2021-04-30,A,data/studies/pdf/q191278_imp.pdf
Q19-1279,system_impact,2021-04-23,A,data/studies/pdf/q191279_imp.pdf
Q19-1285,system_impact,2021-04-27,A,data/studies/pdf/q191285_imp.pdf
Q19-1304,system_impact,2021-04-24,A,data/studies/pdf/q191304_imp.pdf
Q19-1329,system_impact,2021-05-02,B,data/studies/pdf/q191329_imp.pdf
Q19-1341,system_impact,2021-04-15,A,data/studies/pdf/q191341_imp.pdf
Q19-1356,system_impact,2021-04-22,A,data/studies/pdf/q191356_imp.pdf
Q19-1363,system_impact,2021-05-04,A,data/studies/pdf/q191363_imp.pdf
Q19-1365,system_impact,2021-04-26,A,data/studies/pdf/q191365_imp.pdf
Q19-1370,system_impact,2021-05-03,A,data/studies/pdf/q191370_imp.pdf
Q20-1375,system_impact,2021-04-15,A,data/studies/pdf/q201375_imp.pdf
Q20-1406,system_impact,2021-05-01,A,data/studies/pdf/q201406_imp.pdf
Q20-1421,system_impact,2021-04-22,C,data/studies/pdf/q201421_imp.pdf
Q20-1427,system_impact,2021-04-15,A,data/studies/pdf/q201427_imp.pdf
Q20-1437,system_impact,2021-04-25,C,data/studies/pdf/q201437_imp.pdf
Q20-1462,system_impact,2021-04-29,B,data/studies/pdf/q201462_imp.pdf
Q20-1480,system_impact,2021-05-02,A,data/studies/pdf/q201480_imp.pdf
Q19-1208,system_impact,2021-06-03,A,data/studies/pdf/q191208_imp.pdf
Q19-1213,system_impact,2021-05-20,A,data/studies/pdf/q191213_imp.pdf
Q19-1217,system_impact,2021-05-19,C,data/studies/pdf/q191217_imp.pdf
Q19-1224,system_impact,2021-06-01,C,data/studies/pdf/q191224_imp.pdf
Q19-1250,system_impact,2021-05-22,B,data/studies/pdf/q191250_imp.pdf
Q19-1280,system_impact,2021-05-24,A,data/studies/pdf/q191280_imp.pdf
Q19-1284,system_impact,2021-05-27,A,data/studies/pdf/q191284_imp.pdf
Q19-1310,system_impact,2021-05-22,C,data/studies/pdf/q191310_imp.pdf
Q19-1311,system_impact,2021-06-01,A,data/studies/pdf/q191311_imp.pdf
Q19-1334,system_impact,2021-06-02,C,data/studies/pdf/q191334_imp.pdf
Q19-1346,system_impact,2021-05-31,A,data/studies/pdf/q191346_imp.pdf
Q19-1348,system_impact,2021-05-25,A,data/studies/pdf/q191348_imp.pdf
Q20-1384,system_impact,2021-05-21,C,data/studies/pdf/q201384_imp.pdf
Q20-1387,system_impact,2021-05-25,B,data/studies/pdf/q201387_imp.pdf
Q20-1400,system_impact,2021-05-22,B,data/studies/pdf/q201400_imp.pdf
Q20-1401,system_impact,2021-05-16,A,data/studies/pdf/q201401_imp.pdf
Q20-1409,system_impact,2021-05-29,A,data/studies/pdf/q201409_imp.pdf
Q20-1416,system_impact,2021-05-16,C,data/studies/pdf/q201416_imp.pdf
Q20-1425,system_impact,2021-05-18,A,data/studies/pdf/q201425_imp.pdf
Q20-1426,system_impact,2021-05-31,A,data/studies/pdf/q201426_imp.pdf
Q20-1433,system_impact,2021-05-20,A,data/studies/pdf/q201433_imp.pdf
Q20-1436,system_impact,2021-05-22,C,data/studies/pdf/q201436_imp.pdf
Q20-1442,system_impact,2021-05-30,B,data/studies/pdf/q201442_imp.pdf
Q20-1443,system_impact,2021-05-21,A,data/studies/pdf/q201443_imp.pdf
Q20-1454,system_impact,2021-06-03,A,data/studies/pdf/q201454_imp.pdf
Q20-1515,system_impact,2021-05-26,A,data/studies/pdf/q201515_imp.pdf
Q19-1235,system_impact,2021-06-26,C,data/studies/pdf/q191235_imp.pdf
Q19-1239,system_impact,2021-06-23,A,data/studies/pdf/q191239_imp.pdf
Q19-1260,system_impact,2021-06-15,A,data/studies/pdf/q191260_imp.pdf
Q19-1296,system_impact,2021-06-29,C,data/studies/pdf/q191296_imp.pdf
Q19-1351,system_impact,2021-06-23,A,data/studies/pdf/q191351_imp.pdf
Q19-1352,system_impact,2021-06-21,A,data/studies/pdf/q191352_imp.pdf
Q19-1359,system_impact,2021-06-30,B,data/studies/pdf/q191359_imp.pdf
Q20-1420,system_impact,2021-06-26,A,data/studies/pdf/q201420_imp.pdf
Q20-1431,system_impact,2021-06-26,A,data/studies/pdf/q201431_imp.pdf
Q20-1455,system_impact,2021-07-02,C,data/studies/pdf/q201455_imp.pdf
Q20-1460,system_impact,2021-07-04,A,data/studies/pdf/q201460_imp.pdf
Q20-1473,system_impact,2021-06-23,A,data/studies/pdf/q201473_imp.pdf
Q20-1488,system_impact,2021-06-26,C,data/studies/pdf/q201488_imp.pdf
Q20-1493,system_impact,2021-07-03,A,data/studies/pdf/q201493_imp.pdf
Q20-1500,system_impact,2021-06-26,A,data/studies/pdf/q201500_imp.pdf
Q20-1520,system_impact,2021-06-21,A,data/studies/pdf/q201520_imp.pdf
Q19-1227,system_impact,2021-08-03,A,data/studies/pdf/q191227_imp.pdf
Q19-1254,system_impact,2021-07-27,B,data/studies/pdf/q191254_imp.pdf
Q19-1258,system_impact,2021-08-01,A,data/studies/pdf/q191258_imp.pdf
Q19-1270,system_impact,2021-07-25,A,data/studies/pdf/q191270_imp.pdf
Q19-1272,system_impact,2021-07-18,B,data/studies/pdf/q191272_imp.pdf
Q19-1291,system_impact,2021-07-18,A,data/studies/pdf/q191291_imp.pdf
Q19-1319,system_impact,2021-07-20,C,data/studies/pdf/q191319_imp.pdf
Q19-1337,system_impact,2021-07-21,C,data/studies/pdf/q191337_imp.pdf
Q19-1339,system_impact,2021-07-21,A,data/studies/pdf/q191339_imp.pdf
Q19-1360,system_impact,2021-07-31,A,data/studies/pdf/q191360_imp.pdf
Q19-1366,system_impact,2021-07-28,B,data/studies/pdf/q191366_imp.pdf
Q20-1374,system_impact,2021-07-29,C,data/studies/pdf/q201374_imp.pdf
Q20-1378,system_impact,2021-07-31,A,data/studies/pdf/q201378_imp.pdf
Q20-1391,system_impact,2021-07-24,A,data/studies/pdf/q201391_imp.pdf
Q20-1399,system_impact,2021-08-01,A,data/studies/pdf/q201399_imp.pdf
Q20-1411,system_impact,2021-07-26,A,data/studies/pdf/q201411_imp.pdf
Q20-1429,system_impact,2021-07-31,B,data/studies/pdf/q201429_imp.pdf
Q20-1465,system_impact,2021-07-20,B,data/studies/pdf/q201465_imp.pdf
Q20-1498,system_impact,2021-08-03,C,data/studies/pdf/q201498_imp.pdf
Q20-1504,system_impact,2021-08-01,A,data/studies/pdf/q201504_imp.pdf
Q20-1521,system_impact,2021-07-27,A,data/studies/pdf/q201521_imp.pdf
Q20-1534,system_impact,2021-07-21,B,data/studies/pdf/q201534_imp.pdf
Q20-1553,system_impact,2021-07-23,C,data/studies/pdf/q201553_imp.pdf
Q20-1562,system_impact,2021-08-03,C,data/studies/pdf/q201562_imp.pdf
Q20-1567,system_impact,2021-07-24,A,data/studies/pdf/q201567_imp.pdf
Q19-1288,system_impact,2021-08-20,C,data/studies/pdf/q191288_imp.pdf
Q19-1290,system_impact,2021-08-25,A,data/studies/pdf/q191290_imp.pdf
Q19-1292,system_impact,2021-08-21,C,data/studies/pdf/q191292_imp.pdf
Q19-1295,system_impact,2021-08-16,A,data/studies/pdf/q191295_imp.pdf
Q19-1358,system_impact,2021-08-24,B,data/studies/pdf/q191358_imp.pdf
Q19-1369,system_impact,2021-09-02,A,data/studies/pdf/q191369_imp.pdf
Q20-1379,system_impact,2021-08-19,A,data/studies/pdf/q201379_imp.pdf
Q20-1404,system_impact,2021-08-30,A,data/studies/pdf/q201404_imp.pdf
Q20-1439,system_impact,2021-08-20,A,data/studies/pdf/q201439_imp.pdf
Q20-1470,system_impact,2021-09-01,C,data/studies/pdf/q201470_imp.pdf
Q20-1491,system_impact,2021-08-20,C,data/studies/pdf/q201491_imp.pdf
Q20-1506,system_impact,2021-09-01,B,data/studies/pdf/q201506_imp.pdf
Q20-1511,system_impact,2021-09-03,A,data/studies/pdf/q201511_imp.pdf
Q20-1514,system_impact,2021-08-25,A,data/studies/pdf/q201514_imp.pdf
Q20-1547,system_impact,2021-08-19,A,data/studies/pdf/q201547_imp.pdf
Q20-1556,system_impact,2021-08-31,A,data/studies/pdf/q201556_imp.pdf
Q20-1558,system_impact,2021-08-30,C,data/studies/pdf/q201558_imp.pdf
Q20-1582,system_impact,2021-08-29,B,data/studies/pdf/q201582_imp.pdf
Q19-1286,system_impact,2021-09-28,C,data/studies/pdf/q191286_imp.pdf
Q19-1287,system_impact,2021-10-01,C,data/studies/pdf/q191287_imp.pdf
Q19-1294,system_impact,2021-09-20,A,data/studies/pdf/q191294_imp.pdf
Q19-1331,system_impact,2021-10-01,B,data/studies/pdf/q191331_imp.pdf
Q19-1353,system_impact,2021-09-18,A,data/studies/pdf/q191353_imp.pdf
Q20-1376,system_impact,2021-09-21,A,data/studies/pdf/q201376_imp.pdf
Q20-1377,system_impact,2021-09-30,C,data/studies/pdf/q201377_imp.pdf
Q20-1390,system_impact,2021-09-22,C,data/studies/pdf/q201390_imp.pdf
Q20-1392,system_impact,2021-10-03,A,data/studies/pdf/q201392_imp.pdf
Q20-1395,system_impact,2021-09-18,B,data/studies/pdf/q201395_imp.pdf
Q20-1417,system_impact,2021-09-22,B,data/studies/pdf/q201417_imp.pdf
Q20-1445,system_impact,2021-09-24,B,data/studies/pdf/q201445_imp.pdf
Q20-1458,system_impact,2021-10-02,A,data/studies/pdf/q201458_imp.pdf
Q20-1523,system_impact,2021-09-21,A,data/studies/pdf/q201523_imp.pdf
Q20-1544,system_impact,2021-10-04,C,data/studies/pdf/q201544_imp.pdf
Q20-1596,system_impact,2021-10-03,A,data/studies/pdf/q201596_imp.pdf
Q19-1299,system_impact,2021-10-22,A,data/studies/pdf/q191299_imp.pdf
Q19-1301,system_impact,2021-10-26,C,data/studies/pdf/q191301_imp.pdf
Q19-1308,system_impact,2021-11-02,C,data/studies/pdf/q191308_imp.pdf
Q19-1333,system_impact,2021-10-25,B,data/studies/pdf/q191333_imp.pdf
Q19-1338,system_impact,2021-10-27,C,data/studies/pdf/q191338_imp.pdf
Q20-1398,system_impact,2021-11-02,A,data/studies/pdf/q201398_imp.pdf
Q20-1418,system_impact,2021-10-31,A,data/studies/pdf/q201418_imp.pdf
Q20-1438,system_impact,2021-10-29,C,data/studies/pdf/q201438_imp.pdf
Q20-1464,system_impact,2021-10-19,A,data/studies/pdf/q201464_imp.pdf
Q20-1485,system_impact,2021-10-23,A,data/studies/pdf/q201485_imp.pdf
Q20-1527,system_impact,2021-10-20,C,data/studies/pdf/q201527_imp.pdf
Q20-1528,system_impact,2021-10-28,A,data/studies/pdf/q201528_imp.pdf
Q20-1533,system_impact,2021-10-25,A,data/studies/pdf/q201533_imp.pdf
Q20-1538,system_impact,2021-11-02,A,data/studies/pdf/q201538_imp.pdf
Q20-1539,system_impact,2021-10-25,A,data/studies/pdf/q201539_imp.pdf
Q20-1566,system_impact,2021-10-17,C,data/studies/pdf/q201566_imp.pdf
Q20-1568,system_impact,2021-11-03,A,data/studies/pdf/q201568_imp.pdf
Q20-1583,system_impact,2021-10-23,B,data/studies/pdf/q201583_imp.pdf
Q20-1584,system_impact,2021-10-21,B,data/studies/pdf/q201584_imp.pdf
Q20-1594,system_impact,2021-11-01,A,data/studies/pdf/q201594_imp.pdf
Q20-1595,system_impact,2021-10-31,C,data/studies/pdf/q201595_imp.pdf
Q20-1600,system_impact,2021-10-31,A,data/studies/pdf/q201600_imp.pdf
Q20-1615,system_impact,2021-10-30,C,data/studies/pdf/q201615_imp.pdf
Q20-1371,system_impact,2021-12-02,A,data/studies/pdf/q201371_imp.pdf
Q20-1408,system_impact,2021-12-02,A,data/studies/pdf/q201408_imp.pdf
Q20-1410,system_impact,2021-11-23,A,data/studies/pdf/q201410_imp.pdf
Q20-1415,system_impact,2021-11-26,A,data/studies/pdf/q201415_imp.pdf
Q20-1430,system_impact,2021-11-19,A,data/studies/pdf/q201430_imp.pdf
Q20-1551,system_impact,2021-12-01,C,data/studies/pdf/q201551_imp.pdf
Q20-1555,system_impact,2021-11-24,C,data/studies/pdf/q201555_imp.pdf
Q20-1572,system_impact,2021-11-22,A,data/studies/pdf/q201572_imp.pdf
Q20-1591,system_impact,2021-11-23,A,data/studies/pdf/q201591_imp.pdf
Q20-1607,system_impact,2021-12-02,A,data/studies/pdf/q201607_imp.pdf
Q20-1612,system_impact,2021-11-27,C,data/studies/pdf/q201612_imp.pdf
Q20-1616,system_impact,2021-11-26,A,data/studies/pdf/q201616_imp.pdf
Q20-1624,system_impact,2021-11-27,A,data/studies/pdf/q201624_imp.pdf
Q19-1315,system_impact,2021-12-22,C,data/studies/pdf/q191315_imp.pdf
Q19-1330,system_impact,2022-01-01,A,data/studies/pdf/q191330_imp.pdf
Q19-1340,system_impact,2021-12-25,A,data/studies/pdf/q191340_imp.pdf
Q19-1347,system_impact,2021-12-18,A,data/studies/pdf/q191347_imp.pdf
Q19-1357,system_impact,2021-12-18,C,data/studies/pdf/q191357_imp.pdf
Q19-1367,system_impact,2021-12-23,B,data/studies/pdf/q191367_imp.pdf
Q20-1380,system_impact,2021-12-30,B,data/studies/pdf/q201380_imp.pdf
Q20-1385,system_impact,2021-12-26,C,data/studies/pdf/q201385_imp.pdf
Q20-1432,system_impact,2021-12-22,A,data/studies/pdf/q201432_imp.pdf
Q20-1451,system_impact,2021-12-24,C,data/studies/pdf/q201451_imp.pdf
Q20-1459,system_impact,2021-12-26,B,data/studies/pdf/q201459_imp.pdf
Q20-1474,system_impact,2021-12-21,A,data/studies/pdf/q201474_imp.pdf
Q20-1526,system_impact,2021-12-29,A,data/studies/pdf/q201526_imp.pdf
Q20-1560,system_impact,2021-12-31,A,data/studies/pdf/q201560_imp.pdf
Q20-1570,system_impact,2021-12-16,C,data/studies/pdf/q201570_imp.pdf
Q20-1578,system_impact,2022-01-03,A,data/studies/pdf/q201578_imp.pdf
Q20-1580,system_impact,2021-12-27,A,data/studies/pdf/q201580_imp.pdf
Q20-1613,system_impact,2021-12-31,A,data/studies/pdf/q201613_imp.pdf
Q20-1617,system_impact,2021-12-26,A,data/studies/pdf/q201617_imp.pdf
Q20-1636,system_impact,2022-01-01,A,data/studies/pdf/q201636_imp.pdf
Q19-1349,system_impact,2022-01-23,B,data/studies/pdf/q191349_imp.pdf
Q19-1355,system_impact,2022-01-30,C,data/studies/pdf/q191355_imp.pdf
Q20-1383,system_impact,2022-01-30,A,data/studies/pdf/q201383_imp.pdf
Q20-1389,system_impact,2022-01-19,A,data/studies/pdf/q201389_imp.pdf
Q20-1403,system_impact,2022-01-24,B,data/studies/pdf/q201403_imp.pdf
Q20-1422,system_impact,2022-02-02,B,data/studies/pdf/q201422_imp.pdf
Q20-1448,system_impact,2022-01-25,A,data/studies/pdf/q201448_imp.pdf
Q20-1466,system_impact,2022-01-25,A,data/studies/pdf/q201466_imp.pdf
Q20-1484,system_impact,2022-01-31,C,data/studies/pdf/q201484_imp.pdf
Q20-1496,system_impact,2022-01-23,C,data/studies/pdf/q201496_imp.pdf
Q20-1546,system_impact,2022-02-02,C,data/studies/pdf/q201546_imp.pdf
Q20-1602,system_impact,2022-01-20,B,data/studies/pdf/q201602_imp.pdf
Q20-1618,system_impact,2022-01-16,C,data/studies/pdf/q201618_imp.pdf
Q21-1663,system_impact,2022-01-24,B,data/studies/pdf/q211663_imp.pdf
Q21-1666,system_impact,2022-01-30,C,data/studies/pdf/q211666_imp.pdf
Q21-1674,system_impact,2022-01-18,C,data/studies/pdf/q211674_imp.pdf
Q21-1681,system_impact,2022-01-16,A,data/studies/pdf/q211681_imp.pdf
Q20-1386,system_impact,2022-02-25,A,data/studies/pdf/q201386_imp.pdf
Q20-1393,system_impact,2022-03-03,C,data/studies/pdf/q201393_imp.pdf
Q20-1394,system_impact,2022-02-20,A,data/studies/pdf/q201394_imp.pdf
Q20-1396,system_impact,2022-02-17,C,data/studies/pdf/q201396_imp.pdf
Q20-1434,system_impact,2022-02-24,C,data/studies/pdf/q201434_imp.pdf
Q20-1440,system_impact,2022-02-16,B,data/studies/pdf/q201440_imp.pdf
Q20-1444,system_impact,2022-02-16,A,data/studies/pdf/q201444_imp.pdf
Q20-1477,system_impact,2022-03-02,A,data/studies/pdf/q201477_imp.pdf
Q20-1486,system_impact,2022-02-25,C,data/studies/pdf/q201486_imp.pdf
Q20-1490,system_impact,2022-02-26,A,data/studies/pdf/q201490_imp.pdf
Q20-1518,system_impact,2022-02-15,A,data/studies/pdf/q201518_imp.pdf
Q20-1531,system_impact,2022-02-22,A,data/studies/pdf/q201531_imp.pdf
Q20-1532,system_impact,2022-02-26,A,data/studies/pdf/q201532_imp.pdf
Q20-1561,system_impact,2022-03-06,B,data/studies/pdf/q201561_imp.pdf
Q20-1593,system_impact,2022-03-02,A,data/studies/pdf/q201593_imp.pdf
Q20-1599,system_impact,2022-02-27,C,data/studies/pdf/q201599_imp.pdf
Q20-1603,system_impact,2022-02-23,C,data/studies/pdf/q201603_imp.pdf
Q20-1608,system_impact,2022-02-20,A,data/studies/pdf/q201608_imp.pdf
Q20-1639,system_impact,2022-02-19,A,data/studies/pdf/q201639_imp.pdf
Q21-1641,system_impact,2022-02-24,A,data/studies/pdf/q211641_imp.pdf
Q21-1643,system_impact,2022-02-27,B,data/studies/pdf/q211643_imp.pdf
Q21-1662,system_impact,2022-03-02,A,data/studies/pdf/q211662_imp.pdf
Q21-1683,system_impact,2022-02-20,A,data/studies/pdf/q211683_imp.pdf
Q21-1689,system_impact,2022-03-06,A,data/studies/pdf/q211689_imp.pdf
Q21-1712,system_impact,2022-02-23,B,data/studies/pdf/q211712_imp.pdf
Q20-1419,system_impact,2022-04-03,A,data/studies/pdf/q201419_imp.pdf
Q20-1452,system_impact,2022-03-19,C,data/studies/pdf/q201452_imp.pdf
Q20-1453,system_impact,2022-03-31,A,data/studies/pdf/q201453_imp.pdf
Q20-1478,system_impact,2022-03-17,A,data/studies/pdf/q201478_imp.pdf
Q20-1502,system_impact,2022-03-16,A,data/studies/pdf/q201502_imp.pdf
Q20-1510,system_impact,2022-04-01,A,data/studies/pdf/q201510_imp.pdf
Q20-1519,system_impact,2022-03-30,A,data/studies/pdf/q201519_imp.pdf
Q20-1552,system_impact,2022-03-30,C,data/studies/pdf/q201552_imp.pdf
Q20-1557,system_impact,2022-03-30,A,data/studies/pdf/q201557_imp.pdf
Q20-1559,system_impact,2022-03-31,A,data/studies/pdf/q201559_imp.pdf
Q20-1590,system_impact,2022-04-03,A,data/studies/pdf/q201590_imp.pdf
Q20-1626,system_impact,2022-03-21,A,data/studies/pdf/q201626_imp.pdf
Q21-1644,system_impact,2022-03-22,A,data/studies/pdf/q211644_imp.pdf
Q21-1646,system_impact,2022-03-31,C,data/studies/pdf/q211646_imp.pdf
Q21-1665,system_impact,2022-03-15,A,data/studies/pdf/q211665_imp.pdf
Q21-1668,system_impact,2022-03-21,C,data/studies/pdf/q211668_imp.pdf
Q21-1671,system_impact,2022-03-18,C,data/studies/pdf/q211671_imp.pdf
Q21-1685,system_impact,2022-03-30,C,data/studies/pdf/q211685_imp.pdf
Q21-1698,system_impact,2022-03-29,A,data/studies/pdf/q211698_imp.pdf
Q21-1716,system_impact,2022-03-15,A,data/studies/pdf/q211716_imp.pdf
Q21-1740,system_impact,2022-03-21,C,data/studies/pdf/q211740_imp.pdf
Q20-1447,system_impact,2022-04-26,C,data/studies/pdf/q201447_imp.pdf
Q20-1450,system_impact,2022-04-27,C,data/studies/pdf/q201450_imp.pdf
Q20-1456,system_impact,2022-04-27,A,data/studies/pdf/q201456_imp.pdf
Q20-1467,system_impact,2022-04-20,C,data/studies/pdf/q201467_imp.pdf
Q20-1469,system_impact,2022-04-18,B,data/studies/pdf/q201469_imp.pdf
Q20-1472,system_impact,2022-05-01,A,data/studies/pdf/q201472_imp.pdf
Q20-1489,system_impact,2022-04-18,A,data/studies/pdf/q201489_imp.pdf
Q20-1497,system_impact,2022-04-27,C,data/studies/pdf/q201497_imp.pdf
Q20-1522,system_impact,2022-04-15,A,data/studies/pdf/q201522_imp.pdf
Q20-1535,system_impact,2022-05-04,C,data/studies/pdf/q201535_imp.pdf
Q20-1537,system_impact,2022-04-26,A,data/studies/pdf/q201537_imp.pdf
Q20-1549,system_impact,2022-04-21,A,data/studies/pdf/q201549_imp.pdf
Q20-1575,system_impact,2022-04-17,A,data/studies/pdf/q201575_imp.pdf
Q20-1577,system_impact,2022-05-04,B,data/studies/pdf/q201577_imp.pdf
Q20-1635,system_impact,2022-04-17,A,data/studies/pdf/q201635_imp.pdf
Q21-1659,system_impact,2022-04-25,C,data/studies/pdf/q211659_imp.pdf
Q21-1669,system_impact,2022-05-03,C,data/studies/pdf/q211669_imp.pdf
Q21-1679,system_impact,2022-04-17,B,data/studies/pdf/q211679_imp.pdf
Q21-1690,system_impact,2022-04-27,C,data/studies/pdf/q211690_imp.pdf
Q21-1694,system_impact,2022-04-24,C,data/studies/pdf/q211694_imp.pdf
Q21-1708,system_impact,2022-04-19,A,data/studies/pdf/q211708_imp.pdf
Q21-1721,system_impact,2022-04-21,C,data/studies/pdf/q211721_imp.pdf
Q21-1723,system_impact,2022-04-25,A,data/studies/pdf/q211723_imp.pdf
Q21-1743,system_impact,2022-04-18,A,data/studies/pdf/q211743_imp.pdf
Q21-1769,system_impact,2022-04-23,A,data/studies/pdf/q211769_imp.pdf
Q20-1463,system_impact,2022-05-25,A,data/studies/pdf/q201463_imp.pdf
Q20-1468,system_impact,2022-05-20,A,data/studies/pdf/q201468_imp.pdf
Q20-1494,system_impact,2022-05-18,A,data/studies/pdf/q201494_imp.pdf
Q20-1517,system_impact,2022-05-31,C,data/studies/pdf/q201517_imp.pdf
Q20-1524,system_impact,2022-06-02,B,data/studies/pdf/q201524_imp.pdf
Q20-1536,system_impact,2022-05-27,B,data/studies/pdf/q201536_imp.pdf
Q20-1541,system_impact,2022-05-24,B,data/studies/pdf/q201541_imp.pdf
Q20-1543,system_impact,2022-05-20,B,data/studies/pdf/q201543_imp.pdf
Q20-1548,system_impact,2022-06-03,A,data/studies/pdf/q201548_imp.pdf
Q20-1587,system_impact,2022-05-26,A,data/studies/pdf/q201587_imp.pdf
Q20-1592,system_impact,2022-05-20,A,data/studies/pdf/q201592_imp.pdf
Q20-1629,system_impact,2022-05-16,C,data/studies/pdf/q201629_imp.pdf
Q20-1634,system_impact,2022-05-31,C,data/studies/pdf/q201634_imp.pdf
Q21-1699,system_impact,2022-05-16,A,data/studies/pdf/q211699_imp.pdf
Q21-1700,system_impact,2022-05-20,C,data/studies/pdf/q211700_imp.pdf
Q21-1713,system_impact,2022-05-18,A,data/studies/pdf/q211713_imp.pdf
Q21-1714,system_impact,2022-05-29,B,data/studies/pdf/q211714_imp.pdf
Q21-1768,system_impact,2022-05-22,A,data/studies/pdf/q211768_imp.pdf
Q20-1471,system_impact,2022-06-21,A,data/studies/pdf/q201471_imp.pdf
Q20-1482,system_impact,2022-06-28,B,data/studies/pdf/q201482_imp.pdf
Q20-1483,system_impact,2022-06-27,A,data/studies/pdf/q201483_imp.pdf
Q20-1495,system_impact,2022-06-17,A,data/studies/pdf/q201495_imp.pdf
Q20-1509,system_impact,2022-06-15,A,data/studies/pdf/q201509_imp.pdf
Q20-1513,system_impact,2022-06-18,A,data/studies/pdf/q201513_imp.pdf
Q20-1529,system_impact,2022-07-04,C,data/studies/pdf/q201529_imp.pdf
Q20-1530,system_impact,2022-06-28,C,data/studies/pdf/q201530_imp.pdf
Q20-1581,system_impact,2022-06-15,A,data/studies/pdf/q201581_imp.pdf
Q20-1585,system_impact,2022-06-29,C,data/studies/pdf/q201585_imp.pdf
Q20-1605,system_impact,2022-07-02,C,data/studies/pdf/q201605_imp.pdf
Q20-1611,system_impact,2022-07-01,B,data/studies/pdf/q201611_imp.pdf
Q20-1640,system_impact,2022-06-22,A,data/studies/pdf/q201640_imp.pdf
Q21-1651,system_impact,2022-06-26,C,data/studies/pdf/q211651_imp.pdf
Q21-1696,system_impact,2022-06-25,A,data/studies/pdf/q211696_imp.pdf
Q21-1746,system_impact,2022-06-22,A,data/studies/pdf/q211746_imp.pdf
Q21-1751,system_impact,2022-06-20,A,data/studies/pdf/q211751_imp.pdf
Q21-1752,system_impact,2022-07-03,A,data/studies/pdf/q211752_imp.pdf
Q21-1771,system_impact,2022-06-17,A,data/studies/pdf/q211771_imp.pdf
Q21-1780,system_impact,2022-06-29,A,data/studies/pdf/q211780_imp.pdf
Q21-1785,system_impact,2022-06-30,C,data/studies/pdf/q211785_imp.pdf
Q21-1786,system_impact,2022-06-15,A,data/studies/pdf/q211786_imp.pdf
Q21-1798,system_impact,2022-06-21,A,data/studies/pdf/q211798_imp.pdf
Q21-1825,system_impact,2022-06-21,C,data/studies/pdf/q211825_imp.pdf
Q21-1836,system_impact,2022-06-20,A,data/studies/pdf/q211836_imp.pdf
Q20-1475,system_impact,2022-07-30,B,data/studies/pdf/q201475_imp.pdf
Q20-1476,system_impact,2022-07-30,C,data/studies/pdf/q201476_imp.pdf
Q20-1479,system_impact,2022-07-28,A,data/studies/pdf/q201479_imp.pdf
Q20-1492,system_impact,2022-07-29,A,data/studies/pdf/q201492_imp.pdf
Q20-1501,system_impact,2022-07-21,A,data/studies/pdf/q201501_imp.pdf
Q20-1508,system_impact,2022-08-01,B,data/studies/pdf/q201508_imp.pdf
Q20-1550,system_impact,2022-07-30,B,data/studies/pdf/q201550_imp.pdf
Q20-1565,system_impact,2022-07-19,A,data/studies/pdf/q201565_imp.pdf
Q20-1573,system_impact,2022-08-02,A,data/studies/pdf/q201573_imp.pdf
Q21-1655,system_impact,2022-07-22,C,data/studies/pdf/q211655_imp.pdf
Q21-1656,system_impact,2022-07-22,C,data/studies/pdf/q211656_imp.pdf
Q21-1680,system_impact,2022-07-29,A,data/studies/pdf/q211680_imp.pdf
Q21-1738,system_impact,2022-07-19,C,data/studies/pdf/q211738_imp.pdf
Q21-1754,system_impact,2022-07-17,A,data/studies/pdf/q211754_imp.pdf
Q21-1758,system_impact,2022-07-26,A,data/studies/pdf/q211758_imp.pdf
Q21-1761,system_impact,2022-07-29,A,data/studies/pdf/q211761_imp.pdf
Q21-1804,system_impact,2022-07-29,A,data/studies/pdf/q211804_imp.pdf
Q21-1858,system_impact,2022-07-25,A,data/studies/pdf/q211858_imp.pdf
Q20-1505,system_impact,2022-08-19,A,data/studies/pdf/q201505_imp.pdf
Q20-1512,system_impact,2022-08-15,A,data/studies/pdf/q201512_imp.pdf
Q20-1516,system_impact,2022-08-23,B,data/studies/pdf/q201516_imp.pdf
Q20-1525,system_impact,2022-08-18,C,data/studies/pdf/q201525_imp.pdf
Q20-1574,system_impact,2022-08-29,A,data/studies/pdf/q201574_imp.pdf
Q20-1586,system_impact,2022-08-26,A,data/studies/pdf/q201586_imp.pdf
Q20-1604,system_impact,2022-08-21,A,data/studies/pdf/q201604_imp.pdf
Q20-1606,system_impact,2022-08-17,C,data/studies/pdf/q201606_imp.pdf
Q20-1621,system_impact,2022-08-23,C,data/studies/pdf/q201621_imp.pdf
Q21-1653,system_impact,2022-09-01,C,data/studies/pdf/q211653_imp.pdf
Q21-1677,system_impact,2022-08-30,A,data/studies/pdf/q211677_imp.pdf
Q21-1692,system_impact,2022-08-18,C,data/studies/pdf/q211692_imp.pdf
Q21-1706,system_impact,2022-08-27,B,data/studies/pdf/q211706_imp.pdf
Q21-1718,system_impact,2022-08-23,B,data/studies/pdf/q211718_imp.pdf
Q21-1720,system_impact,2022-09-03,C,data/studies/pdf/q211720_imp.pdf
Q21-1732,system_impact,2022-08-28,C,data/studies/pdf/q211732_imp.pdf
Q21-1733,system_impact,2022-09-01,B,data/studies/pdf/q211733_imp.pdf
Q21-1745,system_impact,2022-09-03,C,data/studies/pdf/q211745_imp.pdf
Q21-1772,system_impact,2022-08-19,A,data/studies/pdf/q211772_imp.pdf
Q21-1791,system_impact,2022-08-18,A,data/studies/pdf/q211791_imp.pdf
Q21-1797,system_impact,2022-08-25,A,data/studies/pdf/q211797_imp.pdf
Q21-1806,system_impact,2022-08-21,C,data/studies/pdf/q211806_imp.pdf
Q21-1828,system_impact,2022-09-03,A,data/studies/pdf/q211828_imp.pdf
Q21-1855,system_impact,2022-08-31,A,data/studies/pdf/q211855_imp.pdf
Q21-1876,system_impact,2022-08-31,A,data/studies/pdf/q211876_imp.pdf
Q20-1545,system_impact,2022-09-18,A,data/studies/pdf/q201545_imp.pdf
Q20-1598,system_impact,2022-09-22,B,data/studies/pdf/q201598_imp.pdf
Q20-1610,system_impact,2022-10-04,C,data/studies/pdf/q201610_imp.pdf
Q20-1614,system_impact,2022-10-04,A,data/studies/pdf/q201614_imp.pdf
Q20-1630,system_impact,2022-09-16,C,data/studies/pdf/q201630_imp.pdf
Q20-1633,system_impact,2022-09-17,C,data/studies/pdf/q201633_imp.pdf
Q21-1648,system_impact,2022-10-01,B,data/studies/pdf/q211648_imp.pdf
Q21-1657,system_impact,2022-10-04,C,data/studies/pdf/q211657_imp.pdf
Q21-1658,system_impact,2022-09-17,C,data/studies/pdf/q211658_imp.pdf
Q21-1686,system_impact,2022-09-29,A,data/studies/pdf/q211686_imp.pdf
Q21-1757,system_impact,2022-09-22,A,data/studies/pdf/q211757_imp.pdf
Q21-1819,system_impact,2022-09-18,A,data/studies/pdf/q211819_imp.pdf
Q21-1820,system_impact,2022-10-02,A,data/studies/pdf/q211820_imp.pdf
Q21-1853,system_impact,2022-09-24,A,data/studies/pdf/q211853_imp.pdf
Q21-1862,system_impact,2022-09-16,A,data/studies/pdf/q211862_imp.pdf
Q21-1892,system_impact,2022-09-21,B,data/studies/pdf/q211892_imp.pdf
Q21-1904,system_impact,2022-09-22,C,data/studies/pdf/q211904_imp.pdf
Q21-1906,system_impact,2022-09-27,A,data/studies/pdf/q211906_imp.pdf
Q21-1927,system_impact,2022-09-18,B,data/studies/pdf/q211927_imp.pdf
Q21-1937,system_impact,2022-09-20,A,data/studies/pdf/q211937_imp.pdf
Q20-1542,system_impact,2022-10-21,C,data/studies/pdf/q201542_imp.pdf
Q20-1563,system_impact,2022-10-18,C,data/studies/pdf/q201563_imp.pdf
Q20-1564,system_impact,2022-10-31,A,data/studies/pdf/q201564_imp.pdf
Q20-1576,system_impact,2022-11-02,A,data/studies/pdf/q201576_imp.pdf
Q20-1619,system_impact,2022-11-03,B,data/studies/pdf/q201619_imp.pdf
Q20-1632,system_impact,2022-10-15,A,data/studies/pdf/q201632_imp.pdf
Q21-1667,system_impact,2022-10-17,C,data/studies/pdf/q211667_imp.pdf
Q21-1676,system_impact,2022-10-19,C,data/studies/pdf/q211676_imp.pdf
Q21-1684,system_impact,2022-11-02,A,data/studies/pdf/q211684_imp.pdf
Q21-1697,system_impact,2022-10-23,A,data/studies/pdf/q211697_imp.pdf
Q21-1704,system_impact,2022-10-25,C,data/studies/pdf/q211704_imp.pdf
Q21-1707,system_impact,2022-10-25,A,data/studies/pdf/q211707_imp.pdf
Q21-1727,system_impact,2022-10-26,B,data/studies/pdf/q211727_imp.pdf
Q21-1728,system_impact,2022-10-26,C,data/studies/pdf/q211728_imp.pdf
Q21-1729,system_impact,2022-10-17,A,data/studies/pdf/q211729_imp.pdf
Q21-1734,system_impact,2022-10-15,A,data/studies/pdf/q211734_imp.pdf
Q21-1741,system_impact,2022-11-02,B,data/studies/pdf/q211741_imp.pdf
Q21-1756,system_impact,2022-10-28,C,data/studies/pdf/q211756_imp.pdf
Q21-1763,system_impact,2022-10-18,B,data/studies/pdf/q211763_imp.pdf
Q21-1770,system_impact,2022-10-19,C,data/studies/pdf/q211770_imp.pdf
Q21-1789,system_impact,2022-10-30,C,data/studies/pdf/q211789_imp.pdf
Q21-1800,system_impact,2022-10-30,A,data/studies/pdf/q211800_imp.pdf
Q21-1807,system_impact,2022-10-21,C,data/studies/pdf/q211807_imp.pdf
Q21-1813,system_impact,2022-10-21,A,data/studies/pdf/q211813_imp.pdf
Q21-1842,system_impact,2022-10-22,C,data/studies/pdf/q211842_imp.pdf
Q21-1861,system_impact,2022-10-29,C,data/studies/pdf/q211861_imp.pdf
Q21-1867,system_impact,2022-10-27,A,data/studies/pdf/q211867_imp.pdf
Q21-1899,system_impact,2022-11-03,A,data/studies/pdf/q211899_imp.pdf
Q21-1912,system_impact,2022-11-02,A,data/studies/pdf/q211912_imp.pdf
Q21-1918,system_impact,2022-10-21,A,data/studies/pdf/q211918_imp.pdf
Q21-1947,system_impact,2022-10-16,A,data/studies/pdf/q211947_imp.pdf
Q20-1631,system_impact,2022-11-20,A,data/studies/pdf/q201631_imp.pdf
Q20-1638,system_impact,2022-11-25,B,data/studies/pdf/q201638_imp.pdf
Q21-1661,system_impact,2022-11-24,A,data/studies/pdf/q211661_imp.pdf
Q21-1691,system_impact,2022-11-19,C,data/studies/pdf/q211691_imp.pdf
Q21-1693,system_impact,2022-11-26,B,data/studies/pdf/q211693_imp.pdf
Q21-1695,system_impact,2022-11-25,A,data/studies/pdf/q211695_imp.pdf
Q21-1709,system_impact,2022-11-30,A,data/studies/pdf/q211709_imp.pdf
Q21-1735,system_impact,2022-11-26,A,data/studies/pdf/q211735_imp.pdf
Q21-1767,system_impact,2022-12-03,A,data/studies/pdf/q211767_imp.pdf
Q21-1833,system_impact,2022-11-23,A,data/studies/pdf/q211833_imp.pdf
Q21-1838,system_impact,2022-11-20,A,data/studies/pdf/q211838_imp.pdf
Q21-1863,system_impact,2022-11-19,A,data/studies/pdf/q211863_imp.pdf
Q21-1900,system_impact,2022-12-02,C,data/studies/pdf/q211900_imp.pdf
Q21-1903,system_impact,2022-11-23,C,data/studies/pdf/q211903_imp.pdf
Q21-1908,system_impact,2022-11-24,B,data/studies/pdf/q211908_imp.pdf
Q21-1909,system_impact,2022-11-19,A,data/studies/pdf/q211909_imp.pdf
Q21-1915,system_impact,2022-11-23,A,data/studies/pdf/q211915_imp.pdf
Q21-1922,system_impact,2022-11-15,A,data/studies/pdf/q211922_imp.pdf
Q21-1941,system_impact,2022-11-17,B,data/studies/pdf/q211941_imp.pdf
Q21-1955,system_impact,2022-11-15,A,data/studies/pdf/q211955_imp.pdf
Q21-1962,system_impact,2022-12-04,A,data/studies/pdf/q211962_imp.pdf
Q21-1968,system_impact,2022-11-29,A,data/studies/pdf/q211968_imp.pdf
Q22-1977,system_impact,2022-11-20,A,data/studies/pdf/q221977_imp.pdf
Q22-1979,system_impact,2022-12-04,B,data/studies/pdf/q221979_imp.pdf
Q20-1589,system_impact,2022-12-21,A,data/studies/pdf/q201589_imp.pdf
Q20-1622,system_impact,2022-12-18,B,data/studies/pdf/q201622_imp.pdf
Q20-1627,system_impact,2022-12-27,A,data/studies/pdf/q201627_imp.pdf
Q21-1650,system_impact,2022-12-16,C,data/studies/pdf/q211650_imp.pdf
Q21-1652,system_impact,2022-12-15,A,data/studies/pdf/q211652_imp.pdf
Q21-1664,system_impact,2022-12-15,A,data/studies/pdf/q211664_imp.pdf
Q21-1719,system_impact,2022-12-17,A,data/studies/pdf/q211719_imp.pdf
Q21-1725,system_impact,2022-12-19,A,data/studies/pdf/q211725_imp.pdf
Q21-1730,system_impact,2023-01-02,A,data/studies/pdf/q211730_imp.pdf
Q21-1749,system_impact,2022-12-27,A,data/studies/pdf/q211749_imp.pdf
Q21-1790,system_impact,2022-12-25,C,data/studies/pdf/q211790_imp.pdf
Q21-1793,system_impact,2022-12-19,A,data/studies/pdf/q211793_imp.pdf
Q21-1794,system_impact,2022-12-30,C,data/studies/pdf/q211794_imp.pdf
Q21-1808,system_impact,2022-12-22,A,data/studies/pdf/q211808_imp.pdf
Q21-1811,system_impact,2022-12-16,A,data/studies/pdf/q211811_imp.pdf
Q21-1824,system_impact,2022-12-26,C,data/studies/pdf/q211824_imp.pdf
Q21-1839,system_impact,2022-12-28,C,data/studies/pdf/q211839_imp.pdf
Q21-1847,system_impact,2023-01-02,C,data/studies/pdf/q211847_imp.pdf
Q21-1875,system_impact,2022-12-26,A,data/studies/pdf/q211875_imp.pdf
Q21-1883,system_impact,2022-12-27,A,data/studies/pdf/q211883_imp.pdf
Q21-1890,system_impact,2023-01-02,B,data/studies/pdf/q211890_imp.pdf
Q21-1891,system_impact,2023-01-03,C,data/studies/pdf/q211891_imp.pdf
Q21-1917,system_impact,2022-12-25,B,data/studies/pdf/q211917_imp.pdf
Q21-1938,system_impact,2022-12-31,A,data/studies/pdf/q211938_imp.pdf
Q21-1958,system_impact,2022-12-30,C,data/studies/pdf/q211958_imp.pdf
Q21-1967,system_impact,2022-12-25,C,data/studies/pdf/q211967_imp.pdf
Q22-1978,system_impact,2022-12-27,C,data/studies/pdf/q221978_imp.pdf
Q22-1981,system_impact,2022-12-19,A,data/studies/pdf/q221981_imp.pdf
Q22-1983,system_impact,2022-12-31,A,data/studies/pdf/q221983_imp.pdf
Q21-1705,system_impact,2023-01-25,A,data/studies/pdf/q211705_imp.pdf
Q21-1765,system_impact,2023-01-26,A,data/studies/pdf/q211765_imp.pdf
Q21-1787,system_impact,2023-02-02,A,data/studies/pdf/q211787_imp.pdf
Q21-1805,system_impact,2023-02-01,B,data/studies/pdf/q211805_imp.pdf
Q21-1837,system_impact,2023-01-20,A,data/studies/pdf/q211837_imp.pdf
Q21-1849,system_impact,2023-01-26,C,data/studies/pdf/q211849_imp.pdf
Q21-1859,system_impact,2023-01-18,C,data/studies/pdf/q211859_imp.pdf
Q21-1864,system_impact,2023-01-18,A,data/studies/pdf/q211864_imp.pdf
Q21-1880,system_impact,2023-01-30,C,data/studies/pdf/q211880_imp.pdf
Q21-1905,system_impact,2023-01-30,A,data/studies/pdf/q211905_imp.pdf
Q21-1946,system_impact,2023-01-19,C,data/studies/pdf/q211946_imp.pdf
Q21-1952,system_impact,2023-02-02,B,data/studies/pdf/q211952_imp.pdf
Q21-1953,system_impact,2023-01-23,A,data/studies/pdf/q211953_imp.pdf
Q21-1965,system_impact,2023-01-16,C,data/studies/pdf/q211965_imp.pdf
Q22-2005,system_impact,2023-01-23,C,data/studies/pdf/q222005_imp.pdf
Q22-2008,system_impact,2023-01-19,C,data/studies/pdf/q222008_imp.pdf
Q21-1647,system_impact,2023-02-17,A,data/studies/pdf/q211647_imp.pdf
Q21-1654,system_impact,2023-03-04,A,data/studies/pdf/q211654_imp.pdf
Q21-1678,system_impact,2023-03-06,A,data/studies/pdf/q211678_imp.pdf
Q21-1688,system_impact,2023-02-28,C,data/studies/pdf/q211688_imp.pdf
Q21-1710,system_impact,2023-03-06,A,data/studies/pdf/q211710_imp.pdf
Q21-1715,system_impact,2023-02-26,A,data/studies/pdf/q211715_imp.pdf
Q21-1764,system_impact,2023-02-17,A,data/studies/pdf/q211764_imp.pdf
Q21-1766,system_impact,2023-03-01,A,data/studies/pdf/q211766_imp.pdf
Q21-1775,system_impact,2023-02-25,C,data/studies/pdf/q211775_imp.pdf
Q21-1776,system_impact,2023-02-17,A,data/studies/pdf/q211776_imp.pdf
Q21-1782,system_impact,2023-02-16,C,data/studies/pdf/q211782_imp.pdf
Q21-1843,system_impact,2023-03-01,A,data/studies/pdf/q211843_imp.pdf
Q21-1857,system_impact,2023-02-18,A,data/studies/pdf/q211857_imp.pdf
Q21-1866,system_impact,2023-02-15,C,data/studies/pdf/q211866_imp.pdf
Q21-1871,system_impact,2023-03-06,A,data/studies/pdf/q211871_imp.pdf
Q21-1874,system_impact,2023-02-15,A,data/studies/pdf/q211874_imp.pdf
Q21-1911,system_impact,2023-02-17,A,data/studies/pdf/q211911_imp.pdf
Q21-1935,system_impact,2023-03-02,A,data/studies/pdf/q211935_imp.pdf
Q22-2028,system_impact,2023-02-24,C,data/studies/pdf/q222028_imp.pdf
Q22-2030,system_impact,2023-03-01,A,data/studies/pdf/q222030_imp.pdf
Q21-1649,system_impact,2023-03-22,A,data/studies/pdf/q211649_imp.pdf
Q21-1660,system_impact,2023-03-24,B,data/studies/pdf/q211660_imp.pdf
Q21-1670,system_impact,2023-04-01,A,data/studies/pdf/q211670_imp.pdf
Q21-1673,system_impact,2023-03-30,C,data/studies/pdf/q211673_imp.pdf
Q21-1717,system_impact,2023-03-18,A,data/studies/pdf/q211717_imp.pdf
Q21-1724,system_impact,2023-03-25,A,data/studies/pdf/q211724_imp.pdf
Q21-1748,system_impact,2023-03-15,A,data/studies/pdf/q211748_imp.pdf
Q21-1795,system_impact,2023-03-24,A,data/studies/pdf/q211795_imp.pdf
Q21-1809,system_impact,2023-03-26,A,data/studies/pdf/q211809_imp.pdf
Q21-1810,system_impact,2023-03-22,B,data/studies/pdf/q211810_imp.pdf
Q21-1815,system_impact,2023-03-25,A,data/studies/pdf/q211815_imp.pdf
Q21-1831,system_impact,2023-03-16,C,data/studies/pdf/q211831_imp.pdf
Q21-1850,system_impact,2023-03-17,A,data/studies/pdf/q211850_imp.pdf
Q21-1851,system_impact,2023-03-18,A,data/studies/pdf/q211851_imp.pdf
Q21-1860,system_impact,2023-03-20,A,data/studies/pdf/q211860_imp.pdf
Q21-1885,system_impact,2023-03-20,A,data/studies/pdf/q211885_imp.pdf
Q21-1896,system_impact,2023-03-30,A,data/studies/pdf/q211896_imp.pdf
Q21-1910,system_impact,2023-03-31,A,data/studies/pdf/q211910_imp.pdf
Q21-1916,system_impact,2023-03-17,C,data/studies/pdf/q211916_imp.pdf
Q21-1957,system_impact,2023-03-22,C,data/studies/pdf/q211957_imp.pdf
Q21-1961,system_impact,2023-03-29,A,data/studies/pdf/q211961_imp.pdf
Q21-1966,system_impact,2023-03-27,A,data/studies/pdf/q211966_imp.pdf
Q22-1982,system_impact,2023-03-27,A,data/studies/pdf/q221982_imp.pdf
Q22-2012,system_impact,2023-03-25,C,data/studies/pdf/q222012_imp.pdf
Q22-2031,system_impact,2023-04-02,A,data/studies/pdf/q222031_imp.pdf
Q22-2045,system_impact,2023-03-21,B,data/studies/pdf/q222045_imp.pdf
Q22-2051,system_impact,2023-03-17,C,data/studies/pdf/q222051_imp.pdf
Q22-2058,system_impact,2023-03-18,A,data/studies/pdf/q222058_imp.pdf
Q22-2063,system_impact,2023-03-28,A,data/studies/pdf/q222063_imp.pdf
Q22-2078,system_impact,2023-03-22,A,data/studies/pdf/q222078_imp.pdf
Q21-1737,system_impact,2023-04-19,A,data/studies/pdf/q211737_imp.pdf
Q21-1739,system_impact,2023-04-18,A,data/studies/pdf/q211739_imp.pdf
Q21-1747,system_impact,2023-04-29,A,data/studies/pdf/q211747_imp.pdf
Q21-1774,system_impact,2023-04-19,A,data/studies/pdf/q211774_imp.pdf
Q21-1777,system_impact,2023-04-19,C,data/studies/pdf/q211777_imp.pdf
Q21-1784,system_impact,2023-04-20,A,data/studies/pdf/q211784_imp.pdf
Q21-1821,system_impact,2023-04-29,C,data/studies/pdf/q211821_imp.pdf
Q21-1877,system_impact,2023-04-29,C,data/studies/pdf/q211877_imp.pdf
Q21-1925,system_impact,2023-04-23,C,data/studies/pdf/q211925_imp.pdf
Q21-1951,system_impact,2023-04-19,A,data/studies/pdf/q211951_imp.pdf
Q22-1988,system_impact,2023-04-23,A,data/studies/pdf/q221988_imp.pdf
Q22-2020,system_impact,2023-04-18,C,data/studies/pdf/q222020_imp.pdf
Q22-2032,system_impact,2023-05-01,A,data/studies/pdf/q222032_imp.pdf
Q22-2064,system_impact,2023-04-25,A,data/studies/pdf/q222064_imp.pdf
Q22-2076,system_impact,2023-04-28,A,data/studies/pdf/q222076_imp.pdf
Q22-2081,system_impact,2023-04-25,C,data/studies/pdf/q222081_imp.pdf
Q22-2090,system_impact,2023-05-04,C,data/studies/pdf/q222090_imp.pdf
Q22-2095,system_impact,2023-04-18,A,data/studies/pdf/q222095_imp.pdf
Q22-2108,system_impact,2023-04-22,B,data/studies/pdf/q222108_imp.pdf
Q22-2109,system_impact,2023-04-18,A,data/studies/pdf/q222109_imp.pdf
Q21-1702,system_impact,2023-05-20,A,data/studies/pdf/q211702_imp.pdf
Q21-1703,system_impact,2023-05-23,C,data/studies/pdf/q211703_imp.pdf
Q21-1711,system_impact,2023-05-25,C,data/studies/pdf/q211711_imp.pdf
Q21-1722,system_impact,2023-05-16,C,data/studies/pdf/q211722_imp.pdf
Q21-1778,system_impact,2023-05-15,B,data/studies/pdf/q211778_imp.pdf
Q21-1781,system_impact,2023-05-22,B,data/studies/pdf/q211781_imp.pdf
Q21-1803,system_impact,2023-05-23,A,data/studies/pdf/q211803_imp.pdf
Q21-1817,system_impact,2023-05-21,A,data/studies/pdf/q211817_imp.pdf
Q21-1818,system_impact,2023-05-26,A,data/studies/pdf/q211818_imp.pdf
Q21-1835,system_impact,2023-05-16,A,data/studies/pdf/q211835_imp.pdf
Q21-1841,system_impact,2023-06-03,C,data/studies/pdf/q211841_imp.pdf
Q21-1848,system_impact,2023-06-03,C,data/studies/pdf/q211848_imp.pdf
Q21-1869,system_impact,2023-05-20,A,data/studies/pdf/q211869_imp.pdf
Q21-1882,system_impact,2023-05-30,C,data/studies/pdf/q211882_imp.pdf
Q21-1888,system_impact,2023-05-23,A,data/studies/pdf/q211888_imp.pdf
Q21-1914,system_impact,2023-05-30,C,data/studies/pdf/q211914_imp.pdf
Q21-1928,system_impact,2023-05-19,C,data/studies/pdf/q211928_imp.pdf
Q21-1933,system_impact,2023-05-31,A,data/studies/pdf/q211933_imp.pdf
Q21-1936,system_impact,2023-05-28,A,data/studies/pdf/q211936_imp.pdf
Q22-1976,system_impact,2023-05-25,A,data/studies/pdf/q221976_imp.pdf
Q22-2007,system_impact,2023-05-18,A,data/studies/pdf/q222007_imp.pdf
Q22-2011,system_impact,2023-05-17,A,data/studies/pdf/q222011_imp.pdf
Q22-2017,system_impact,2023-05-24,A,data/studies/pdf/q222017_imp.pdf
Q22-2025,system_impact,2023-05-15,A,data/studies/pdf/q222025_imp.pdf
Q22-2042,system_impact,2023-05-26,A,data/studies/pdf/q222042_imp.pdf
Q22-2043,system_impact,2023-05-27,A,data/studies/pdf/q222043_imp.pdf
Q22-2067,system_impact,2023-05-27,A,data/studies/pdf/q222067_imp.pdf
Q22-2074,system_impact,2023-06-02,C,data/studies/pdf/q222074_imp.pdf
Q22-2077,system_impact,2023-05-24,C,data/studies/pdf/q222077_imp.pdf
Q22-2082,system_impact,2023-05-21,B,data/studies/pdf/q222082_imp.pdf
Q21-1750,system_impact,2023-06-23,B,data/studies/pdf/q211750_imp.pdf
Q21-1755,system_impact,2023-06-24,A,data/studies/pdf/q211755_imp.pdf
Q21-1760,system_impact,2023-06-30,A,data/studies/pdf/q211760_imp.pdf
Q21-1796,system_impact,2023-06-27,C,data/studies/pdf/q211796_imp.pdf
Q21-1816,system_impact,2023-06-26,C,data/studies/pdf/q211816_imp.pdf
Q21-1840,system_impact,2023-06-23,C,data/studies/pdf/q211840_imp.pdf
Q21-1865,system_impact,2023-06-25,A,data/studies/pdf/q211865_imp.pdf
Q21-1873,system_impact,2023-07-03,A,data/studies/pdf/q211873_imp.pdf
Q21-1887,system_impact,2023-07-02,B,data/studies/pdf/q211887_imp.pdf
Q21-1901,system_impact,2023-06-24,A,data/studies/pdf/q211901_imp.pdf
Q21-1923,system_impact,2023-07-02,A,data/studies/pdf/q211923_imp.pdf
Q21-1948,system_impact,2023-06-21,C,data/studies/pdf/q211948_imp.pdf
Q21-1954,system_impact,2023-06-30,A,data/studies/pdf/q211954_imp.pdf
Q21-1970,system_impact,2023-06-22,A,data/studies/pdf/q211970_imp.pdf
Q22-1974,system_impact,2023-06-19,A,data/studies/pdf/q221974_imp.pdf
Q22-1975,system_impact,2023-06-22,A,data/studies/pdf/q221975_imp.pdf
Q22-1996,system_impact,2023-06-30,C,data/studies/pdf/q221996_imp.pdf
Q22-2071,system_impact,2023-06-21,A,data/studies/pdf/q222071_imp.pdf
Q22-2075,system_impact,2023-06-16,C,data/studies/pdf/q222075_imp.pdf
Q22-2086,system_impact,2023-06-25,C,data/studies/pdf/q222086_imp.pdf
Q22-2091,system_impact,2023-07-02,B,data/studies/pdf/q222091_imp.pdf
Q22-2099,system_impact,2023-06-25,B,data/studies/pdf/q222099_imp.pdf
Q22-2121,system_impact,2023-06-29,C,data/studies/pdf/q222121_imp.pdf
Q22-2141,system_impact,2023-06-19,C,data/studies/pdf/q222141_imp.pdf
Q21-1783,system_impact,2023-07-15,A,data/studies/pdf/q211783_imp.pdf
Q21-1788,system_impact,2023-07-22,C,data/studies/pdf/q211788_imp.pdf
Q21-1812,system_impact,2023-07-26,C,data/studies/pdf/q211812_imp.pdf
Q21-1829,system_impact,2023-07-25,A,data/studies/pdf/q211829_imp.pdf
Q21-1844,system_impact,2023-07-21,A,data/studies/pdf/q211844_imp.pdf
Q21-1845,system_impact,2023-07-27,C,data/studies/pdf/q211845_imp.pdf
Q21-1870,system_impact,2023-07-18,C,data/studies/pdf/q211870_imp.pdf
Q21-1872,system_impact,2023-07-28,C,data/studies/pdf/q211872_imp.pdf
Q21-1878,system_impact,2023-07-27,C,data/studies/pdf/q211878_imp.pdf
Q21-1894,system_impact,2023-07-31,A,data/studies/pdf/q211894_imp.pdf
Q21-1895,system_impact,2023-07-27,B,data/studies/pdf/q211895_imp.pdf
Q21-1902,system_impact,2023-07-15,A,data/studies/pdf/q211902_imp.pdf
Q21-1932,system_impact,2023-07-20,C,data/studies/pdf/q211932_imp.pdf
Q21-1934,system_impact,2023-07-20,C,data/studies/pdf/q211934_imp.pdf
Q21-1963,system_impact,2023-08-03,C,data/studies/pdf/q211963_imp.pdf
Q21-1964,system_impact,2023-08-02,C,data/studies/pdf/q211964_imp.pdf
Q22-1971,system_impact,2023-07-21,A,data/studies/pdf/q221971_imp.pdf
Q22-2004,system_impact,2023-07-31,A,data/studies/pdf/q222004_imp.pdf
Q22-2044,system_impact,2023-07-22,A,data/studies/pdf/q222044_imp.pdf
Q22-2120,system_impact,2023-07-21,A,data/studies/pdf/q222120_imp.pdf
Q22-2134,system_impact,2023-07-30,C,data/studies/pdf/q222134_imp.pdf
Q22-2143,system_impact,2023-07-25,C,data/studies/pdf/q222143_imp.pdf
Q22-2161,system_impact,2023-08-03,A,data/studies/pdf/q222161_imp.pdf
Q22-2168,system_impact,2023-07-16,C,data/studies/pdf/q222168_imp.pdf
Q21-1799,system_impact,2023-08-15,C,data/studies/pdf/q211799_imp.pdf
Q21-1822,system_impact,2023-08-23,A,data/studies/pdf/q211822_imp.pdf
Q21-1823,system_impact,2023-08-22,A,data/studies/pdf/q211823_imp.pdf
Q21-1868,system_impact,2023-08-21,A,data/studies/pdf/q211868_imp.pdf
Q21-1879,system_impact,2023-08-27,C,data/studies/pdf/q211879_imp.pdf
Q21-1893,system_impact,2023-08-29,C,data/studies/pdf/q211893_imp.pdf
Q21-1897,system_impact,2023-08-30,C,data/studies/pdf/q211897_imp.pdf
Q21-1945,system_impact,2023-08-25,C,data/studies/pdf/q211945_imp.pdf
Q21-1949,system_impact,2023-08-26,B,data/studies/pdf/q211949_imp.pdf
Q22-1993,system_impact,2023-08-23,B,data/studies/pdf/q221993_imp.pdf
Q22-2010,system_impact,2023-08-18,C,data/studies/pdf/q222010_imp.pdf
Q22-2026,system_impact,2023-08-16,A,data/studies/pdf/q222026_imp.pdf
Q22-2049,system_impact,2023-08-23,A,data/studies/pdf/q222049_imp.pdf
Q22-2054,system_impact,2023-08-20,C,data/studies/pdf/q222054_imp.pdf
Q22-2056,system_impact,2023-08-31,C,data/studies/pdf/q222056_imp.pdf
Q22-2059,system_impact,2023-08-27,A,data/studies/pdf/q222059_imp.pdf
Q22-2084,system_impact,2023-08-24,B,data/studies/pdf/q222084_imp.pdf
Q22-2106,system_impact,2023-08-17,A,data/studies/pdf/q222106_imp.pdf
Q22-2110,system_impact,2023-08-23,C,data/studies/pdf/q222110_imp.pdf
Q22-2119,system_impact,2023-08-28,C,data/studies/pdf/q222119_imp.pdf
Q22-2137,system_impact,2023-08-29,C,data/studies/pdf/q222137_imp.pdf
Q22-2191,system_impact,2023-08-19,C,data/studies/pdf/q222191_imp.pdf
Q22-2217,system_impact,2023-08-27,A,data/studies/pdf/q222217_imp.pdf
Q21-1826,system_impact,2023-09-28,A,data/studies/pdf/q211826_imp.pdf
Q21-1832,system_impact,2023-10-04,C,data/studies/pdf/q211832_imp.pdf
Q21-1886,system_impact,2023-10-04,C,data/studies/pdf/q211886_imp.pdf
Q21-1924,system_impact,2023-09-26,C,data/studies/pdf/q211924_imp.pdf
Q21-1931,system_impact,2023-09-30,C,data/studies/pdf/q211931_imp.pdf
Q21-1956,system_impact,2023-09-23,B,data/studies/pdf/q211956_imp.pdf
Q21-1960,system_impact,2023-09-24,C,data/studies/pdf/q211960_imp.pdf
Q21-1969,system_impact,2023-09-15,A,data/studies/pdf/q211969_imp.pdf
Q22-1973,system_impact,2023-09-18,A,data/studies/pdf/q221973_imp.pdf
Q22-1985,system_impact,2023-10-03,C,data/studies/pdf/q221985_imp.pdf
Q22-2000,system_impact,2023-09-20,A,data/studies/pdf/q222000_imp.pdf
Q22-2089,system_impact,2023-09-30,B,data/studies/pdf/q222089_imp.pdf
Q22-2097,system_impact,2023-09-21,C,data/studies/pdf/q222097_imp.pdf
Q22-2154,system_impact,2023-09-30,A,data/studies/pdf/q222154_imp.pdf
Q22-2157,system_impact,2023-09-25,A,data/studies/pdf/q222157_imp.pdf
Q22-2162,system_impact,2023-09-18,A,data/studies/pdf/q222162_imp.pdf
Q22-2167,system_impact,2023-09-17,C,data/studies/pdf/q222167_imp.pdf
Q22-2199,system_impact,2023-10-04,A,data/studies/pdf/q222199_imp.pdf
Q21-1856,system_impact,2023-10-16,B,data/studies/pdf/q211856_imp.pdf
Q21-1889,system_impact,2023-10-20,B,data/studies/pdf/q211889_imp.pdf
Q21-1898,system_impact,2023-10-20,A,data/studies/pdf/q211898_imp.pdf
Q21-1913,system_impact,2023-11-01,C,data/studies/pdf/q211913_imp.pdf
Q21-1929,system_impact,2023-10-30,A,data/studies/pdf/q211929_imp.pdf
Q22-1986,system_impact,2023-10-24,C,data/studies/pdf/q221986_imp.pdf
Q22-1992,system_impact,2023-11-01,A,data/studies/pdf/q221992_imp.pdf
Q22-1999,system_impact,2023-10-25,A,data/studies/pdf/q221999_imp.pdf
Q22-2001,system_impact,2023-10-24,B,data/studies/pdf/q222001_imp.pdf
Q22-2021,system_impact,2023-11-03,C,data/studies/pdf/q222021_imp.pdf
Q22-2038,system_impact,2023-10-28,A,data/studies/pdf/q222038_imp.pdf
Q22-2052,system_impact,2023-10-31,B,data/studies/pdf/q222052_imp.pdf
Q22-2069,system_impact,2023-10-27,C,data/studies/pdf/q222069_imp.pdf
Q22-2102,system_impact,2023-10-16,A,data/studies/pdf/q222102_imp.pdf
Q22-2116,system_impact,2023-10-22,A,data/studies/pdf/q222116_imp.pdf
Q22-2117,system_impact,2023-11-02,A,data/studies/pdf/q222117_imp.pdf
Q22-2122,system_impact,2023-10-29,B,data/studies/pdf/q222122_imp.pdf
Q22-2124,system_impact,2023-10-26,A,data/studies/pdf/q222124_imp.pdf
Q22-2138,system_impact,2023-10-29,A,data/studies/pdf/q222138_imp.pdf
Q22-2172,system_impact,2023-10-30,A,data/studies/pdf/q222172_imp.pdf
Q22-2180,system_impact,2023-10-21,C,data/studies/pdf/q222180_imp.pdf
Q22-2190,system_impact,2023-10-25,A,data/studies/pdf/q222190_imp.pdf
Q22-2204,system_impact,2023-10-24,B,data/studies/pdf/q222204_imp.pdf
Q22-2234,system_impact,2023-10-31,B,data/studies/pdf/q222234_imp.pdf
Q22-2263,system_impact,2023-11-02,C,data/studies/pdf/q222263_imp.pdf
Q21-1921,system_impact,2023-12-03,A,data/studies/pdf/q211921_imp.pdf
Q22-1984,system_impact,2023-11-23,A,data/studies/pdf/q221984_imp.pdf
Q22-1989,system_impact,2023-11-20,A,data/studies/pdf/q221989_imp.pdf
Q22-1998,system_impact,2023-11-26,C,data/studies/pdf/q221998_imp.pdf
Q22-2003,system_impact,2023-11-19,A,data/studies/pdf/q222003_imp.pdf
Q22-2016,system_impact,2023-11-16,B,data/studies/pdf/q222016_imp.pdf
Q22-2023,system_impact,2023-11-18,B,data/studies/pdf/q222023_imp.pdf
Q22-2037,system_impact,2023-11-15,A,data/studies/pdf/q222037_imp.pdf
Q22-2040,system_impact,2023-11-21,A,data/studies/pdf/q222040_imp.pdf
Q22-2041,system_impact,2023-12-02,A,data/studies/pdf/q222041_imp.pdf
Q22-2053,system_impact,2023-11-15,A,data/studies/pdf/q222053_imp.pdf
Q22-2066,system_impact,2023-11-21,B,data/studies/pdf/q222066_imp.pdf
Q22-2080,system_impact,2023-11-20,C,data/studies/pdf/q222080_imp.pdf
Q22-2092,system_impact,2023-11-21,B,data/studies/pdf/q222092_imp.pdf
Q22-2128,system_impact,2023-11-16,C,data/studies/pdf/q222128_imp.pdf
Q22-2151,system_impact,2023-11-24,C,data/studies/pdf/q222151_imp.pdf
Q22-2155,system_impact,2023-11-16,B,data/studies/pdf/q222155_imp.pdf
Q22-2166,system_impact,2023-11-19,A,data/studies/pdf/q222166_imp.pdf
Q22-2184,system_impact,2023-11-22,C,data/studies/pdf/q222184_imp.pdf
Q22-2185,system_impact,2023-11-15,A,data/studies/pdf/q222185_imp.pdf
Q22-2212,system_impact,2023-11-21,A,data/studies/pdf/q222212_imp.pdf
Q22-2240,system_impact,2023-11-29,B,data/studies/pdf/q222240_imp.pdf
Q22-2260,system_impact,2023-11-27,C,data/studies/pdf/q222260_imp.pdf
Q23-2278,system_impact,2023-11-16,C,data/studies/pdf/q232278_imp.pdf
Q21-1943,system_impact,2023-12-31,A,data/studies/pdf/q211943_imp.pdf
Q21-1944,system_impact,2023-12-24,A,data/studies/pdf/q211944_imp.pdf
Q22-2002,system_impact,2023-12-20,A,data/studies/pdf/q222002_imp.pdf
Q22-2006,system_impact,2023-12-20,A,data/studies/pdf/q222006_imp.pdf
Q22-2013,system_impact,2023-12-15,A,data/studies/pdf/q222013_imp.pdf
Q22-2055,system_impact,2023-12-31,A,data/studies/pdf/q222055_imp.pdf
Q22-2123,system_impact,2023-12-19,A,data/studies/pdf/q222123_imp.pdf
Q22-2126,system_impact,2023-12-22,A,data/studies/pdf/q222126_imp.pdf
Q22-2135,system_impact,2023-12-21,A,data/studies/pdf/q222135_imp.pdf
Q22-2164,system_impact,2023-12-23,C,data/studies/pdf/q222164_imp.pdf
Q22-2174,system_impact,2023-12-29,C,data/studies/pdf/q222174_imp.pdf
Q22-2175,system_impact,2023-12-27,C,data/studies/pdf/q222175_imp.pdf
Q22-2206,system_impact,2023-12-26,C,data/studies/pdf/q222206_imp.pdf
Q22-2211,system_impact,2024-01-03,C,data/studies/pdf/q222211_imp.pdf
Q22-2231,system_impact,2023-12-17,A,data/studies/pdf/q222231_imp.pdf
Q22-2236,system_impact,2023-12-27,A,data/studies/pdf/q222236_imp.pdf
Q22-2242,system_impact,2023-12-27,C,data/studies/pdf/q222242_imp.pdf
Q22-2244,system_impact,2023-12-31,C,data/studies/pdf/q222244_imp.pdf
Q22-2249,system_impact,2023-12-28,A,data/studies/pdf/q222249_imp.pdf
Q22-2265,system_impact,2024-01-01,A,data/studies/pdf/q222265_imp.pdf
Q23-2280,system_impact,2023-12-20,C,data/studies/pdf/q232280_imp.pdf
Q23-2284,system_impact,2023-12-22,A,data/studies/pdf/q232284_imp.pdf
Q21-1939,system_impact,2024-01-29,A,data/studies/pdf/q211939_imp.pdf
Q22-1997,system_impact,2024-01-26,B,data/studies/pdf/q221997_imp.pdf
Q22-2014,system_impact,2024-01-22,A,data/studies/pdf/q222014_imp.pdf
Q22-2019,system_impact,2024-01-20,A,data/studies/pdf/q222019_imp.pdf
Q22-2022,system_impact,2024-01-24,A,data/studies/pdf/q222022_imp.pdf
Q22-2087,system_impact,2024-01-31,A,data/studies/pdf/q222087_imp.pdf
Q22-2101,system_impact,2024-01-23,A,data/studies/pdf/q222101_imp.pdf
Q22-2107,system_impact,2024-01-31,A,data/studies/pdf/q222107_imp.pdf
Q22-2118,system_impact,2024-01-18,A,data/studies/pdf/q222118_imp.pdf
Q22-2160,system_impact,2024-01-31,C,data/studies/pdf/q222160_imp.pdf
Q22-2194,system_impact,2024-01-31,A,data/studies/pdf/q222194_imp.pdf
Q22-2228,system_impact,2024-01-21,A,data/studies/pdf/q222228_imp.pdf
Q23-2273,system_impact,2024-01-19,B,data/studies/pdf/q232273_imp.pdf
Q22-1980,system_impact,2024-02-17,A,data/studies/pdf/q221980_imp.pdf
Q22-1990,system_impact,2024-03-03,C,data/studies/pdf/q221990_imp.pdf
Q22-2046,system_impact,2024-02-27,A,data/studies/pdf/q222046_imp.pdf
Q22-2050,system_impact,2024-02-26,C,data/studies/pdf/q222050_imp.pdf
Q22-2057,system_impact,2024-03-05,A,data/studies/pdf/q222057_imp.pdf
Q22-2061,system_impact,2024-02-28,C,data/studies/pdf/q222061_imp.pdf
Q22-2062,system_impact,2024-02-17,A,data/studies/pdf/q222062_imp.pdf
Q22-2070,system_impact,2024-02-19,A,data/studies/pdf/q222070_imp.pdf
Q22-2073,system_impact,2024-02-26,C,data/studies/pdf/q222073_imp.pdf
Q22-2100,system_impact,2024-02-28,A,data/studies/pdf/q222100_imp.pdf
Q22-2139,system_impact,2024-02-29,C,data/studies/pdf/q222139_imp.pdf
Q22-2147,system_impact,2024-02-26,C,data/studies/pdf/q222147_imp.pdf
Q22-2182,system_impact,2024-02-26,A,data/studies/pdf/q222182_imp.pdf
Q22-2187,system_impact,2024-02-29,A,data/studies/pdf/q222187_imp.pdf
Q22-2189,system_impact,2024-03-05,B,data/studies/pdf/q222189_imp.pdf
Q22-2193,system_impact,2024-02-29,A,data/studies/pdf/q222193_imp.pdf
Q22-2210,system_impact,2024-02-20,A,data/studies/pdf/q222210_imp.pdf
Q22-2213,system_impact,2024-03-05,A,data/studies/pdf/q222213_imp.pdf
Q22-2216,system_impact,2024-03-04,A,data/studies/pdf/q222216_imp.pdf
Q22-2232,system_impact,2024-02-17,A,data/studies/pdf/q222232_imp.pdf
Q22-2237,system_impact,2024-03-01,C,data/studies/pdf/q222237_imp.pdf
Q22-2257,system_impact,2024-02-18,A,data/studies/pdf/q222257_imp.pdf
Q22-2261,system_impact,2024-03-05,A,data/studies/pdf/q222261_imp.pdf
Q23-2271,system_impact,2024-03-04,A,data/studies/pdf/q232271_imp.pdf
Q22-1991,system_impact,2024-04-03,B,data/studies/pdf/q221991_imp.pdf
Q22-1995,system_impact,2024-03-22,A,data/studies/pdf/q221995_imp.pdf
Q22-2024,system_impact,2024-04-01,B,data/studies/pdf/q222024_imp.pdf
Q22-2029,system_impact,2024-03-30,A,data/studies/pdf/q222029_imp.pdf
Q22-2033,system_impact,2024-04-02,B,data/studies/pdf/q222033_imp.pdf
Q22-2068,system_impact,2024-03-31,B,data/studies/pdf/q222068_imp.pdf
Q22-2072,system_impact,2024-03-20,A,data/studies/pdf/q222072_imp.pdf
Q22-2104,system_impact,2024-03-17,A,data/studies/pdf/q222104_imp.pdf
Q22-2113,system_impact,2024-03-22,C,data/studies/pdf/q222113_imp.pdf
Q22-2115,system_impact,2024-04-02,A,data/studies/pdf/q222115_imp.pdf
Q22-2129,system_impact,2024-03-21,A,data/studies/pdf/q222129_imp.pdf
Q22-2145,system_impact,2024-03-20,B,data/studies/pdf/q222145_imp.pdf
Q22-2146,system_impact,2024-03-18,A,data/studies/pdf/q222146_imp.pdf
Q22-2158,system_impact,2024-04-03,A,data/studies/pdf/q222158_imp.pdf
Q22-2163,system_impact,2024-03-22,A,data/studies/pdf/q222163_imp.pdf
Q22-2173,system_impact,2024-03-26,A,data/studies/pdf/q222173_imp.pdf
Q22-2200,system_impact,2024-04-02,C,data/studies/pdf/q222200_imp.pdf
Q22-2224,system_impact,2024-03-29,A,data/studies/pdf/q222224_imp.pdf
Q23-2275,system_impact,2024-03-28,C,data/studies/pdf/q232275_imp.pdf
Q23-2286,system_impact,2024-03-28,B,data/studies/pdf/q232286_imp.pdf
Q23-2295,system_impact,2024-03-23,C,data/studies/pdf/q232295_imp.pdf
Q23-2307,system_impact,2024-03-23,A,data/studies/pdf/q232307_imp.pdf
Q22-2015,system_impact,2024-04-29,A,data/studies/pdf/q222015_imp.pdf
Q22-2048,system_impact,2024-04-17,A,data/studies/pdf/q222048_imp.pdf
Q22-2060,system_impact,2024-04-23,C,data/studies/pdf/q222060_imp.pdf
Q22-2083,system_impact,2024-04-28,C,data/studies/pdf/q222083_imp.pdf
Q22-2088,system_impact,2024-04-27,A,data/studies/pdf/q222088_imp.pdf
Q22-2098,system_impact,2024-04-23,C,data/studies/pdf/q222098_imp.pdf
Q22-2103,system_impact,2024-04-22,A,data/studies/pdf/q222103_imp.pdf
Q22-2178,system_impact,2024-04-17,A,data/studies/pdf/q222178_imp.pdf
Q22-2219,system_impact,2024-05-03,A,data/studies/pdf/q222219_imp.pdf
Q23-2291,system_impact,2024-05-02,A,data/studies/pdf/q232291_imp.pdf
Q23-2302,system_impact,2024-04-20,A,data/studies/pdf/q232302_imp.pdf
Q22-2034,system_impact,2024-06-03,A,data/studies/pdf/q222034_imp.pdf
Q22-2047,system_impact,2024-05-30,A,data/studies/pdf/q222047_imp.pdf
Q22-2085,system_impact,2024-05-29,C,data/studies/pdf/q222085_imp.pdf
Q22-2111,system_impact,2024-05-16,A,data/studies/pdf/q222111_imp.pdf
Q22-2144,system_impact,2024-05-29,C,data/studies/pdf/q222144_imp.pdf
Q22-2156,system_impact,2024-06-02,C,data/studies/pdf/q222156_imp.pdf
Q22-2165,system_impact,2024-05-29,B,data/studies/pdf/q222165_imp.pdf
Q22-2203,system_impact,2024-05-22,A,data/studies/pdf/q222203_imp.pdf
Q22-2218,system_impact,2024-06-03,C,data/studies/pdf/q222218_imp.pdf
Q23-2277,system_impact,2024-05-29,A,data/studies/pdf/q232277_imp.pdf
Q23-2299,system_impact,2024-05-22,C,data/studies/pdf/q232299_imp.pdf
Q23-2316,system_impact,2024-05-20,A,data/studies/pdf/q232316_imp.pdf
Q23-2317,system_impact,2024-05-31,A,data/studies/pdf/q232317_imp.pdf
Q23-2319,system_impact,2024-05-28,A,data/studies/pdf/q232319_imp.pdf
Q23-2325,system_impact,2024-05-23,C,data/studies/pdf/q232325_imp.pdf
Q22-2112,system_impact,2024-07-03,A,data/studies/pdf/q222112_imp.pdf
Q22-2125,system_impact,2024-06-23,A,data/studies/pdf/q222125_imp.pdf
Q22-2130,system_impact,2024-06-23,A,data/studies/pdf/q222130_imp.pdf
Q22-2142,system_impact,2024-06-15,B,data/studies/pdf/q222142_imp.pdf
Q22-2198,system_impact,2024-06-21,A,data/studies/pdf/q222198_imp.pdf
Q22-2223,system_impact,2024-06-30,A,data/studies/pdf/q222223_imp.pdf
Q22-2255,system_impact,2024-06-27,A,data/studies/pdf/q222255_imp.pdf
Q22-2270,system_impact,2024-06-16,A,data/studies/pdf/q222270_imp.pdf
Q23-2290,system_impact,2024-07-03,A,data/studies/pdf/q232290_imp.pdf
Q23-2301,system_impact,2024-06-16,C,data/studies/pdf/q232301_imp.pdf
Q22-2079,system_impact,2024-07-19,C,data/studies/pdf/q222079_imp.pdf
Q22-2105,system_impact,2024-07-24,A,data/studies/pdf/q222105_imp.pdf
Q22-2140,system_impact,2024-07-22,A,data/studies/pdf/q222140_imp.pdf
Q22-2201,system_impact,2024-08-01,A,data/studies/pdf/q222201_imp.pdf
Q22-2202,system_impact,2024-08-01,C,data/studies/pdf/q222202_imp.pdf
Q22-2220,system_impact,2024-07-28,A,data/studies/pdf/q222220_imp.pdf
Q22-2238,system_impact,2024-08-01,A,data/studies/pdf/q222238_imp.pdf
Q22-2241,system_impact,2024-07-17,A,data/studies/pdf/q222241_imp.pdf
Q22-2262,system_impact,2024-07-19,A,data/studies/pdf/q222262_imp.pdf
Q23-2276,system_impact,2024-07-24,B,data/studies/pdf/q232276_imp.pdf
Q23-2304,system_impact,2024-08-02,A,data/studies/pdf/q232304_imp.pdf
Q23-2315,system_impact,2024-07-21,A,data/studies/pdf/q232315_imp.pdf
Q22-2133,system_impact,2024-09-02,C,data/studies/pdf/q222133_imp.pdf
Q22-2148,system_impact,2024-08-25,C,data/studies/pdf/q222148_imp.pdf
Q22-2209,system_impact,2024-08-27,B,data/studies/pdf/q222209_imp.pdf
Q22-2222,system_impact,2024-08-21,A,data/studies/pdf/q222222_imp.pdf
Q22-2248,system_impact,2024-08-26,A,data/studies/pdf/q222248_imp.pdf
Q23-2281,system_impact,2024-08-26,C,data/studies/pdf/q232281_imp.pdf
Q23-2336,system_impact,2024-08-19,A,data/studies/pdf/q232336_imp.pdf
Q22-2136,system_impact,2024-09-23,A,data/studies/pdf/q222136_imp.pdf
Q22-2152,system_impact,2024-10-04,C,data/studies/pdf/q222152_imp.pdf
Q22-2159,system_impact,2024-09-19,C,data/studies/pdf/q222159_imp.pdf
Q22-2177,system_impact,2024-09-29,A,data/studies/pdf/q222177_imp.pdf
Q22-2181,system_impact,2024-09-19,C,data/studies/pdf/q222181_imp.pdf
Q22-2188,system_impact,2024-10-01,C,data/studies/pdf/q222188_imp.pdf
Q22-2207,system_impact,2024-09-15,A,data/studies/pdf/q222207_imp.pdf
Q22-2225,system_impact,2024-09-22,A,data/studies/pdf/q222225_imp.pdf
Q22-2226,system_impact,2024-09-17,A,data/studies/pdf/q222226_imp.pdf
Q22-2233,system_impact,2024-09-17,C,data/studies/pdf/q222233_imp.pdf
Q22-2245,system_impact,2024-09-25,C,data/studies/pdf/q222245_imp.pdf
Q22-2256,system_impact,2024-09-21,C,data/studies/pdf/q222256_imp.pdf
Q23-2272,system_impact,2024-09-16,B,data/studies/pdf/q232272_imp.pdf
Q23-2298,system_impact,2024-09-17,A,data/studies/pdf/q232298_imp.pdf
Q23-2313,system_impact,2024-09-25,A,data/studies/pdf/q232313_imp.pdf
Q23-2331,system_impact,2024-10-01,C,data/studies/pdf/q232331_imp.pdf
Q23-2350,system_impact,2024-09-17,B,data/studies/pdf/q232350_imp.pdf
Q22-2149,system_impact,2024-11-01,C,data/studies/pdf/q222149_imp.pdf
Q22-2169,system_impact,2024-10-22,C,data/studies/pdf/q222169_imp.pdf
Q22-2170,system_impact,2024-10-26,A,data/studies/pdf/q222170_imp.pdf
Q22-2179,system_impact,2024-10-20,A,data/studies/pdf/q222179_imp.pdf
Q22-2215,system_impact,2024-10-19,A,data/studies/pdf/q222215_imp.pdf
Q22-2246,system_impact,2024-10-25,A,data/studies/pdf/q222246_imp.pdf
Q22-2250,system_impact,2024-10-27,A,data/studies/pdf/q222250_imp.pdf
Q22-2268,system_impact,2024-10-17,A,data/studies/pdf/q222268_imp.pdf
Q22-2269,system_impact,2024-11-03,A,data/studies/pdf/q222269_imp.pdf
Q23-2274,system_impact,2024-10-23,A,data/studies/pdf/q232274_imp.pdf
Q23-2282,system_impact,2024-10-29,A,data/studies/pdf/q232282_imp.pdf
Q23-2296,system_impact,2024-10-20,A,data/studies/pdf/q232296_imp.pdf
Q23-2303,system_impact,2024-10-27,C,data/studies/pdf/q232303_imp.pdf
Q23-2318,system_impact,2024-10-25,B,data/studies/pdf/q232318_imp.pdf
Q23-2335,system_impact,2024-10-18,C,data/studies/pdf/q232335_imp.pdf
Q23-2337,system_impact,2024-10-17,A,data/studies/pdf/q232337_imp.pdf
Q23-2338,system_impact,2024-10-26,C,data/studies/pdf/q232338_imp.pdf
Q23-2353,system_impact,2024-10-18,C,data/studies/pdf/q232353_imp.pdf
Q22-2195,system_impact,2024-11-29,B,data/studies/pdf/q222195_imp.pdf
Q22-2221,system_impact,2024-12-03,A,data/studies/pdf/q222221_imp.pdf
Q22-2243,system_impact,2024-11-20,A,data/studies/pdf/q222243_imp.pdf
Q23-2285,system_impact,2024-11-24,C,data/studies/pdf/q232285_imp.pdf
Q23-2332,system_impact,2024-11-23,A,data/studies/pdf/q232332_imp.pdf
Q23-2358,system_impact,2024-12-03,B,data/studies/pdf/q232358_imp.pdf
Q23-2364,system_impact,2024-12-01,B,data/studies/pdf/q232364_imp.pdf
Q22-2230,system_impact,2024-12-21,A,data/studies/pdf/q222230_imp.pdf
Q22-2251,system_impact,2024-12-19,A,data/studies/pdf/q222251_imp.pdf
Q22-2252,system_impact,2024-12-20,A,data/studies/pdf/q222252_imp.pdf
Q22-2254,system_impact,2024-12-25,A,data/studies/pdf/q222254_imp.pdf
Q22-2264,system_impact,2024-12-21,C,data/studies/pdf/q222264_imp.pdf
Q23-2320,system_impact,2025-01-03,B,data/studies/pdf/q232320_imp.pdf
Q23-2323,system_impact,2024-12-29,C,data/studies/pdf/q232323_imp.pdf
Q23-2328,system_impact,2024-12-26,C,data/studies/pdf/q232328_imp.pdf
Q23-2340,system_impact,2025-01-01,A,data/studies/pdf/q232340_imp.pdf
Q24-2374,system_impact,2024-12-17,A,data/studies/pdf/q242374_imp.pdf
Q22-2227,system_impact,2025-01-31,A,data/studies/pdf/q222227_imp.pdf
Q22-2247,system_impact,2025-01-31,A,data/studies/pdf/q222247_imp.pdf
Q22-2267,system_impact,2025-01-24,A,data/studies/pdf/q222267_imp.pdf
Q23-2305,system_impact,2025-02-01,A,data/studies/pdf/q232305_imp.pdf
Q23-2348,system_impact,2025-01-18,A,data/studies/pdf/q232348_imp.pdf
Q23-2354,system_impact,2025-01-17,C,data/studies/pdf/q232354_imp.pdf
Q23-2361,system_impact,2025-01-21,A,data/studies/pdf/q232361_imp.pdf
Q23-2362,system_impact,2025-02-01,B,data/studies/pdf/q232362_imp.pdf
Q24-2386,system_impact,2025-01-28,A,data/studies/pdf/q242386_imp.pdf
Q22-2259,system_impact,2025-02-20,C,data/studies/pdf/q222259_imp.pdf
Q23-2294,system_impact,2025-03-02,A,data/studies/pdf/q232294_imp.pdf
Q23-2300,system_impact,2025-02-25,B,data/studies/pdf/q232300_imp.pdf
Q23-2343,system_impact,2025-02-18,A,data/studies/pdf/q232343_imp.pdf
Q23-2349,system_impact,2025-02-26,C,data/studies/pdf/q232349_imp.pdf
Q23-2351,system_impact,2025-02-26,B,data/studies/pdf/q232351_imp.pdf
Q23-2357,system_impact,2025-02-17,A,data/studies/pdf/q232357_imp.pdf
Q24-2376,system_impact,2025-02-15,C,data/studies/pdf/q242376_imp.pdf
Q24-2381,system_impact,2025-03-02,A,data/studies/pdf/q242381_imp.pdf
Q24-2385,system_impact,2025-03-01,C,data/studies/pdf/q242385_imp.pdf
Q24-2398,system_impact,2025-02-22,C,data/studies/pdf/q242398_imp.pdf
Q24-2401,system_impact,2025-02-21,A,data/studies/pdf/q242401_imp.pdf
Q23-2279,system_impact,2025-04-03,C,data/studies/pdf/q232279_imp.pdf
Q23-2288,system_impact,2025-04-01,C,data/studies/pdf/q232288_imp.pdf
Q23-2339,system_impact,2025-03-27,A,data/studies/pdf/q232339_imp.pdf
Q23-2370,system_impact,2025-03-23,A,data/studies/pdf/q232370_imp.pdf
Q24-2378,system_impact,2025-03-31,C,data/studies/pdf/q242378_imp.pdf
Q24-2416,system_impact,2025-03-17,A,data/studies/pdf/q242416_imp.pdf
Q23-2283,system_impact,2025-04-21,B,data/studies/pdf/q232283_imp.pdf
Q23-2287,system_impact,2025-04-27,A,data/studies/pdf/q232287_imp.pdf
Q23-2309,system_impact,2025-04-25,A,data/studies/pdf/q232309_imp.pdf
Q23-2310,system_impact,2025-04-20,C,data/studies/pdf/q232310_imp.pdf
Q23-2312,system_impact,2025-04-29,B,data/studies/pdf/q232312_imp.pdf
Q23-2360,system_impact,2025-04-26,C,data/studies/pdf/q232360_imp.pdf
Q24-2379,system_impact,2025-04-25,A,data/studies/pdf/q242379_imp.pdf
Q24-2419,system_impact,2025-04-21,A,data/studies/pdf/q242419_imp.pdf
Q23-2314,system_impact,2025-05-23,B,data/studies/pdf/q232314_imp.pdf
Q23-2322,system_impact,2025-05-29,C,data/studies/pdf/q232322_imp.pdf
Q23-2352,system_impact,2025-06-02,B,data/studies/pdf/q232352_imp.pdf
Q24-2371,system_impact,2025-05-22,A,data/studies/pdf/q242371_imp.pdf
Q24-2372,system_impact,2025-05-21,A,data/studies/pdf/q242372_imp.pdf
Q24-2431,system_impact,2025-06-01,A,data/studies/pdf/q242431_imp.pdf
Q23-2365,system_impact,2025-06-28,A,data/studies/pdf/q232365_imp.pdf
Q24-2380,system_impact,2025-06-27,A,data/studies/pdf/q242380_imp.pdf
Q24-2392,system_impact,2025-06-21,B,data/studies/pdf/q242392_imp.pdf
Q24-2417,system_impact,2025-06-26,A,data/studies/pdf/q242417_imp.pdf
Q24-2442,system_impact,2025-06-22,A,data/studies/pdf/q242442_imp.pdf
Q23-2330,system_impact,2025-07-24,C,data/studies/pdf/q232330_imp.pdf
Q24-2387,system_impact,2025-07-15,B,data/studies/pdf/q242387_imp.pdf
Q24-2396,system_impact,2025-07-28,C,data/studies/pdf/q242396_imp.pdf
Q24-2403,system_impact,2025-07-18,A,data/studies/pdf/q242403_imp.pdf
Q24-2405,system_impact,2025-08-03,A,data/studies/pdf/q242405_imp.pdf
Q24-2443,system_impact,2025-07-22,A,data/studies/pdf/q242443_imp.pdf
Q24-2445,system_impact,2025-08-01,C,data/studies/pdf/q242445_imp.pdf
Q24-2447,system_impact,2025-07-30,A,data/studies/pdf/q242447_imp.pdf
Q23-2327,system_impact,2025-08-30,A,data/studies/pdf/q232327_imp.pdf
Q23-2342,system_impact,2025-08-23,B,data/studies/pdf/q232342_imp.pdf
Q24-2383,system_impact,2025-08-15,A,data/studies/pdf/q242383_imp.pdf
Q24-2390,system_impact,2025-08-22,C,data/studies/pdf/q242390_imp.pdf
Q24-2412,system_impact,2025-08-18,C,data/studies/pdf/q242412_imp.pdf
Q24-2425,system_impact,2025-09-01,A,data/studies/pdf/q242425_imp.pdf
Q24-2427,system_impact,2025-08-25,A,data/studies/pdf/q242427_imp.pdf
Q24-2430,system_impact,2025-09-01,C,data/studies/pdf/q242430_imp.pdf
Q24-2433,system_impact,2025-08-19,C,data/studies/pdf/q242433_imp.pdf
Q24-2438,system_impact,2025-08-30,C,data/studies/pdf/q242438_imp.pdf
Q24-2439,system_impact,2025-08-30,A,data/studies/pdf/q242439_imp.pdf
Q24-2455,system_impact,2025-09-02,C,data/studies/pdf/q242455_imp.pdf
Q23-2341,system_impact,2025-09-28,C,data/studies/pdf/q232341_imp.pdf
Q23-2344,system_impact,2025-10-02,A,data/studies/pdf/q232344_imp.pdf
Q23-2347,system_impact,2025-09-27,B,data/studies/pdf/q232347_imp.pdf
Q23-2368,system_impact,2025-10-03,A,data/studies/pdf/q232368_imp.pdf
Q23-2369,system_impact,2025-09-25,B,data/studies/pdf/q232369_imp.pdf
Q24-2375,system_impact,2025-09-22,A,data/studies/pdf/q242375_imp.pdf
Q24-2391,system_impact,2025-09-22,C,data/studies/pdf/q242391_imp.pdf
Q24-2397,system_impact,2025-10-02,A,data/studies/pdf/q242397_imp.pdf
Q24-2404,system_impact,2025-09-15,A,data/studies/pdf/q242404_imp.pdf
Q24-2444,system_impact,2025-09-21,A,data/studies/pdf/q242444_imp.pdf
Q24-2446,system_impact,2025-09-26,C,data/studies/pdf/q242446_imp.pdf
Q24-2453,system_impact,2025-10-01,A,data/studies/pdf/q242453_imp.pdf
Q23-2333,system_impact,2025-10-26,B,data/studies/pdf/q232333_imp.pdf
Q23-2363,system_impact,2025-10-23,A,data/studies/pdf/q232363_imp.pdf
Q24-2377,system_impact,2025-10-22,A,data/studies/pdf/q242377_imp.pdf
Q24-2395,system_impact,2025-11-02,A,data/studies/pdf/q242395_imp.pdf
Q24-2402,system_impact,2025-10-22,A,data/studies/pdf/q242402_imp.pdf
Q24-2420,system_impact,2025-11-01,A,data/studies/pdf/q242420_imp.pdf
Q24-2457,system_impact,2025-10-25,A,data/studies/pdf/q242457_imp.pdf
Q24-2473,system_impact,2025-10-22,A,data/studies/pdf/q242473_imp.pdf
Q23-2346,system_impact,2025-11-29,C,data/studies/pdf/q232346_imp.pdf
Q23-2355,system_impact,2025-11-24,C,data/studies/pdf/q232355_imp.pdf
Q24-2373,system_impact,2025-12-04,C,data/studies/pdf/q242373_imp.pdf
Q24-2382,system_impact,2025-11-30,C,data/studies/pdf/q242382_imp.pdf
Q24-2393,system_impact,2025-11-26,A,data/studies/pdf/q242393_imp.pdf
Q24-2440,system_impact,2025-12-04,C,data/studies/pdf/q242440_imp.pdf
Q24-2466,system_impact,2025-11-21,A,data/studies/pdf/q242466_imp.pdf
Q24-2471,system_impact,2025-11-29,C,data/studies/pdf/q242471_imp.pdf
Q24-2482,system_impact,2025-11-23,A,data/studies/pdf/q242482_imp.pdf
Q24-2484,system_impact,2025-11-24,B,data/studies/pdf/q242484_imp.pdf
Q24-2490,system_impact,2025-11-28,C,data/studies/pdf/q242490_imp.pdf
Q25-2491,system_impact,2025-11-23,A,data/studies/pdf/q252491_imp.pdf
Q23-2359,system_impact,2026-01-01,C,data/studies/pdf/q232359_imp.pdf
Q23-2367,system_impact,2025-12-30,B,data/studies/pdf/q232367_imp.pdf
Q24-2388,system_impact,2025-12-17,A,data/studies/pdf/q242388_imp.pdf
Q24-2409,system_impact,2025-12-20,C,data/studies/pdf/q242409_imp.pdf
Q24-2475,system_impact,2025-12-21,A,data/studies/pdf/q242475_imp.pdf
Q24-2476,system_impact,2026-01-01,C,data/studies/pdf/q242476_imp.pdf
Q24-2480,system_impact,2025-12-31,C,data/studies/pdf/q242480_imp.pdf
Q24-2485,system_impact,2025-12-16,C,data/studies/pdf/q242485_imp.pdf
