sub_id,name,lat,lon,state,zone_id,max_kv,min_kv
2597,Ss3145,40.9484,-73.995,New York,7,161.0,161.0
2601,Gary Works,40.7977,-73.9932,New York,7,161.0,161.0
2619,El Reno,40.9001,-73.962,New York,7,161.0,161.0
2620,North Lakes,40.7989,-74.0018,New York,7,161.0,161.0
2621,Suncrest,40.8535,-73.9809,New York,7,161.0,161.0
2622,Cahone,40.8418,-73.978,New York,7,161.0,161.0
2625,Piute,40.8704,-73.946,New York,7,161.0,1.0
2631,Aecc Hydro Station 2,40.8173,-73.9877,New York,7,161.0,161.0
2634,Hvdc B2B Station Hudson,40.8393,-74.0046,New York,7,161.0,161.0
2635,Plaza Walmart,40.8821,-73.9661,New York,7,161.0,161.0
2648,West Boylston,40.8838,-73.9346,New York,7,161.0,161.0
2650,Kirby,40.8833,-73.9548,New York,7,161.0,138.0
2722,Molino,40.8102,-73.9961,New York,7,161.0,161.0
2734,Walteria,40.7274,-74.0531,New York,7,161.0,161.0
2755,Ottawa Avenue,40.7046,-74.0442,New York,7,161.0,161.0
2756,Newport,40.7389,-74.0469,New York,7,161.0,161.0
2768,Roark,40.7352,-74.0352,New York,7,161.0,161.0
2769,Mink Street,40.7485,-74.0423,New York,7,161.0,161.0
2773,Arkwright,40.6804,-74.0738,New York,7,161.0,161.0
2774,He Ramsey,40.6876,-74.0406,New York,7,161.0,161.0
2775,Plank Road,40.7365,-74.131,New York,7,161.0,161.0
2796,Cougar Solar Llc,40.6577,-74.0918,New York,7,161.0,161.0
2797,Blakeslee Junction,40.6653,-74.0675,New York,7,161.0,1.0
2921,S. Macon,40.8313,-73.9631,New York,7,161.0,1.0
2928,Leonia,40.8635,-73.993,New York,7,161.0,161.0
2933,Killingsworth,40.8322,-73.9863,New York,7,161.0,161.0
2936,Westfield Village,40.9051,-74.004,New York,7,161.0,161.0
2937,Auburndale Peaker Energy Center,40.8442,-74.0558,New York,7,161.0,161.0
2940,Bergen,40.8309,-74.0175,New York,7,161.0,161.0
2941,Flowood,40.8774,-73.9775,New York,7,161.0,161.0
2942,Jacobs Corner,40.7773,-74.0705,New York,7,161.0,161.0
2943,Lasel Tap,40.8013,-74.0417,New York,7,161.0,161.0
2948,Junction,40.8247,-73.9798,New York,7,161.0,161.0
2954,North Bergen,40.8038,-74.0193,New York,7,161.0,161.0
2955,Rose,40.7626,-74.0784,New York,7,161.0,161.0
2957,Gila,40.7243,-74.0667,New York,7,161.0,161.0
2958,Warren Solar Farm Llc,40.8729,-74.038,New York,7,161.0,161.0
2961,Sandia,40.7489,-74.052,New York,7,161.0,161.0
2964,International Paper Riverdale Mill,40.8104,-74.0823,New York,7,161.0,161.0
2965,Penhorn,40.7468,-74.0736,New York,7,161.0,161.0
2967,Ocoee 2,40.7627,-74.0613,New York,7,161.0,161.0
2968,Seminole,40.7119,-74.0318,New York,7,161.0,161.0
2970,Homestead,40.7697,-74.0374,New York,7,161.0,161.0
2971,Dallas,40.8293,-74.0479,New York,7,161.0,161.0
2980,Verde,40.7825,-74.0177,New York,7,161.0,161.0
2991,Eastport,41.0879,-74.3241,New York,7,161.0,161.0
3036,Trabuco,41.2621,-74.5517,New York,7,161.0,161.0
3053,Lafayette,40.7545,-74.031,New York,7,161.0,161.0
3146,Georgia Mountain,40.713,-74.144,New York,7,161.0,161.0
3147,Kern Water,40.6689,-74.1466,New York,7,161.0,161.0
3150,Jordan River,40.6171,-74.2354,New York,7,161.0,161.0
3151,Greenville,40.6715,-74.0862,New York,7,161.0,161.0
3154,Grace,40.7024,-74.0859,New York,7,161.0,161.0
3160,Plaza Del Norte 8013,40.6627,-74.126,New York,7,161.0,161.0
3171,Mccabe,40.5653,-74.2139,New York,7,161.0,161.0
3175,Stanley,40.5299,-74.2501,New York,7,161.0,161.0
3184,Manvel,41.079,-74.0895,New York,7,161.0,161.0
3186,Swan,41.076,-74.1251,New York,7,161.0,161.0
3197,Santan,41.0622,-74.1445,New York,7,161.0,161.0
3350,Hudson,41.4668,-74.9328,New York,7,161.0,138.0
3352,W Hamlin,41.7142,-75.0609,New York,7,161.0,1.0
3353,Merrimac,41.4199,-74.8064,New York,7,161.0,138.0
3442,Closter,40.9822,-73.9803,New York,7,161.0,161.0
3448,Grand Haven Diesel Plant,40.988,-74.0172,New York,7,500.0,1.0
3481,Hillburn,41.0979,-74.1517,New York,7,161.0,13.8
3508,Minue Street,40.5803,-74.2199,New York,7,161.0,161.0
3541,Pseg Linden Generating Station,40.6094,-74.2187,New York,7,500.0,13.8
3646,Fulton Mo,41.9976,-78.2729,New York,8,161.0,138.0
3650,North Gila,41.993,-77.6958,New York,8,161.0,161.0
3667,Garrison,41.9753,-75.9115,New York,8,161.0,161.0
3669,Putnam,41.9939,-75.7664,New York,8,161.0,138.0
3697,Teichert,41.9971,-75.6159,New York,8,161.0,161.0
3828,Colburn Street,41.9933,-76.7907,New York,8,161.0,1.0
3836,Lawrence County Station,41.9907,-76.8571,New York,8,161.0,138.0
3849,Pensacola Florida Plant,41.9982,-76.5114,New York,8,161.0,161.0
3850,Ruthbelle,42.0468,-76.5298,New York,8,161.0,161.0
3938,Jones Canyon,41.9557,-75.3741,New York,8,161.0,161.0
4818,South Windsor,41.9718,-77.1881,New York,8,161.0,138.0
5117,Lewis,39.421,-74.5501,New Jersey,9,138.0,138.0
5118,Big Eddy,39.543,-74.4334,New Jersey,9,138.0,138.0
5119,Lake Riverside,39.4789,-74.4112,New Jersey,9,138.0,138.0
5120,Oneida,39.4485,-74.5136,New Jersey,9,345.0,1.0
5121,Geysers Tap 9,39.4763,-74.44,New Jersey,9,138.0,138.0
5122,Mayaguez,39.4935,-74.5264,New Jersey,9,138.0,138.0
5123,Falls City,39.3588,-74.42,New Jersey,9,138.0,138.0
5124,Byllesby 2,39.4116,-74.4924,New Jersey,9,138.0,138.0
5125,Collins Creek,39.4244,-74.4173,New Jersey,9,138.0,138.0
5126,Mauckport,39.334,-74.5061,New Jersey,9,138.0,138.0
5127,Alcoa Primary,39.5102,-74.4131,New Jersey,9,138.0,138.0
5128,Allegany Cogen,39.6351,-74.5381,New Jersey,9,138.0,138.0
5129,Apple River,39.5086,-74.623,New Jersey,9,138.0,138.0
5130,West Asheville,39.5603,-74.5829,New Jersey,9,138.0,138.0
5131,Cardiff,39.4355,-74.6732,New Jersey,9,345.0,138.0
5132,Scull,39.3525,-74.6159,New Jersey,9,138.0,138.0
5133,Bedford Rural,39.3486,-74.5615,New Jersey,9,345.0,138.0
5134,Fountain City,39.4245,-74.6958,New Jersey,9,138.0,138.0
5135,California,39.7215,-74.7518,New Jersey,9,138.0,138.0
5136,Medical Center,39.5597,-74.8035,New Jersey,9,345.0,138.0
5137,Matt Funk,39.6446,-74.7677,New Jersey,9,138.0,138.0
5138,Juneau,39.5224,-74.8001,New Jersey,9,138.0,138.0
5139,Phillippi,39.3977,-74.6428,New Jersey,9,138.0,138.0
5140,Dorothy,39.4698,-74.7599,New Jersey,9,138.0,138.0
5141,Olmos,39.5546,-74.8236,New Jersey,9,138.0,138.0
5142,Woolworth Road Co Op,39.5774,-74.6825,New Jersey,9,138.0,138.0
5143,Minotola Station,39.5314,-74.9256,New Jersey,9,138.0,138.0
5145,Hawkins,39.4502,-74.5558,New Jersey,9,138.0,138.0
5146,Cuero,39.3784,-74.5379,New Jersey,9,138.0,138.0
5149,Navy Mole,39.3813,-74.5045,New Jersey,9,138.0,138.0
5150,Coconino,39.4198,-74.9775,New Jersey,9,138.0,138.0
5151,Cedarsauk,39.4708,-75.0085,New Jersey,9,138.0,138.0
5152,Lincoln Station,39.4417,-75.0041,New Jersey,9,138.0,138.0
5153,Rosa Road,39.463,-74.9782,New Jersey,9,138.0,138.0
5154,Northwest Texarkana,39.5831,-74.962,New Jersey,9,138.0,138.0
5155,Lysander,39.6101,-74.9225,New Jersey,9,138.0,138.0
5156,Fox Hill,39.684,-74.939,New Jersey,9,138.0,138.0
5157,Kasson Tap 2,39.643,-74.9332,New Jersey,9,345.0,138.0
5158,Shadow,39.2635,-74.8162,New Jersey,9,138.0,138.0
5159,Barnesville,39.3115,-74.7181,New Jersey,9,138.0,138.0
5160,Foundry Street,39.2793,-74.775,New Jersey,9,138.0,138.0
5161,Goal Line,40.925,-74.07,New Jersey,9,138.0,138.0
5162,Hillcrest Solar,40.8962,-73.9719,New Jersey,9,138.0,138.0
5163,Mcpherson 2,40.9012,-74.0448,New Jersey,9,138.0,138.0
5164,Pajuil 7702,41.0005,-73.947,New Jersey,9,138.0,138.0
5166,Far Rockaway,40.8329,-74.0591,New Jersey,9,138.0,138.0
5168,New Milford,40.9231,-74.0127,New Jersey,9,138.0,138.0
5170,Maywood,40.9055,-74.0714,New Jersey,9,138.0,138.0
5171,Danskammer,41.0421,-74.1034,New Jersey,9,138.0,138.0
5172,Rhode Island State Energy Center,41.0316,-74.0535,New Jersey,9,138.0,138.0
5173,Buffalo,40.7997,-74.0403,New Jersey,9,138.0,138.0
5175,Garfield,40.891,-74.0802,New Jersey,9,138.0,138.0
5177,Campo Fresco 1,40.877,-74.0017,New Jersey,9,138.0,138.0
5179,Amargo,40.9784,-74.2482,New Jersey,9,138.0,138.0
5180,Long Lake,40.8335,-74.1127,New Jersey,9,138.0,138.0
5181,White Feather Generating Station,40.9655,-74.1031,New Jersey,9,138.0,138.0
5182,Hillsdale,40.9902,-74.0463,New Jersey,9,138.0,138.0
5183,Smiley,40.9535,-74.1572,New Jersey,9,138.0,138.0
5184,Norwell,40.8782,-74.0459,New Jersey,9,138.0,138.0
5185,Claus,40.908,-74.0149,New Jersey,9,138.0,138.0
5186,Columbus City,40.9027,-74.0932,New Jersey,9,138.0,138.0
5187,Peachland,40.8429,-74.0726,New Jersey,9,138.0,138.0
5188,Waldwick,41.0157,-74.094,New Jersey,9,138.0,138.0
5189,Bailly,41.0168,-73.9964,New Jersey,9,138.0,138.0
5190,Cresskill,40.9572,-73.9344,New Jersey,9,138.0,138.0
5191,Granville,40.8952,-74.1601,New Jersey,9,138.0,138.0
5192,Peterson,41.0615,-74.2677,New Jersey,9,345.0,138.0
5195,Meadow Lane Tap,40.8804,-74.082,New Jersey,9,138.0,138.0
5196,Willow Run,40.9816,-73.9102,New Jersey,9,138.0,138.0
5198,Comerio 9703,41.0798,-74.2794,New Jersey,9,138.0,138.0
5199,Jamacha Tap,40.8836,-73.9564,New Jersey,9,138.0,138.0
5200,Chauvin,40.8653,-74.0384,New Jersey,9,138.0,138.0
5201,Grand Gulf,40.9611,-74.0447,New Jersey,9,138.0,138.0
5202,Downtown,40.9814,-74.0696,New Jersey,9,138.0,138.0
5203,Altamont,40.8945,-74.1254,New Jersey,9,138.0,138.0
5204,Quogue,40.9351,-74.0993,New Jersey,9,138.0,138.0
5205,Octol,41.0908,-74.2189,New Jersey,9,138.0,138.0
5206,Macksburg,40.9771,-74.1854,New Jersey,9,138.0,138.0
5207,Monroe Central,41.0807,-74.1683,New Jersey,9,138.0,138.0
5208,Haskill,41.0629,-74.2185,New Jersey,9,138.0,138.0
5209,Fair Lawn,40.9543,-74.1318,New Jersey,9,138.0,138.0
5210,Huffman,40.8547,-74.1289,New Jersey,9,138.0,138.0
5211,Shelby Tie,40.9753,-73.9965,New Jersey,9,138.0,138.0
5212,Tweedy,40.9864,-74.1037,New Jersey,9,138.0,138.0
5213,Council Creek,40.8618,-73.9621,New Jersey,9,138.0,138.0
5214,Seagoville Sw,40.9729,-74.0199,New Jersey,9,500.0,138.0
5215,Iron Mountain,40.9454,-74.057,New Jersey,9,138.0,138.0
5216,Triune,40.8421,-73.9817,New Jersey,9,138.0,138.0
5217,Hollister,40.9255,-73.9191,New Jersey,9,138.0,138.0
5220,Cayetano,41.0136,-74.1763,New Jersey,9,138.0,138.0
5221,Singleton,41.0055,-73.9824,New Jersey,9,138.0,138.0
5222,Haworth Water Treatment Plant,40.9478,-74.0005,New Jersey,9,138.0,138.0
5223,Middleburg,40.0956,-74.6159,New Jersey,9,138.0,138.0
5224,Seven Mile,39.9716,-74.9163,New Jersey,9,138.0,138.0
5225,Alvin,40.074,-74.9913,New Jersey,9,138.0,138.0
5226,Nexen Chemicals,40.0196,-74.635,New Jersey,9,345.0,138.0
5227,Middletown Junction,40.1004,-74.7263,New Jersey,9,138.0,138.0
5228,Santa Rosa,39.8771,-74.4575,New Jersey,9,138.0,138.0
5229,Everett,39.9066,-74.5779,New Jersey,9,345.0,138.0
5230,Hendron,39.971,-74.5128,New Jersey,9,138.0,138.0
5231,Mount Jackson D.P,39.9248,-74.5601,New Jersey,9,138.0,138.0
5232,Bustleton,40.0852,-74.8037,New Jersey,9,138.0,138.0
5233,Mt Poso,40.0185,-74.8163,New Jersey,9,138.0,138.0
5234,Anacacho,40.0551,-74.7734,New Jersey,9,138.0,138.0
5235,Sooner,40.038,-74.7052,New Jersey,9,138.0,138.0
5236,T.S. Power,39.898,-74.5192,New Jersey,9,138.0,138.0
5237,Mount Laurel,39.9631,-74.8524,New Jersey,9,345.0,138.0
5238,Naples,40.0242,-74.76,New Jersey,9,138.0,138.0
5239,Sand Creek,39.8557,-74.9331,New Jersey,9,345.0,1.0
5240,Sanders,39.8893,-74.9429,New Jersey,9,138.0,138.0
5241,New Freedom,39.7546,-74.9573,New Jersey,9,138.0,138.0
5242,Lammers,39.7867,-74.8581,New Jersey,9,138.0,138.0
5243,Calpeak Pe 7,39.8537,-74.9482,New Jersey,9,138.0,138.0
5244,Foreman Cement,39.9093,-74.9117,New Jersey,9,138.0,138.0
5245,Ashland City,39.8692,-74.7462,New Jersey,9,138.0,138.0
5246,Kettle Morraine,39.8301,-74.8122,New Jersey,9,138.0,138.0
5247,Herrin,39.8581,-74.8973,New Jersey,9,138.0,138.0
5248,Stelling,39.9708,-74.969,New Jersey,9,138.0,138.0
5249,Port Acres Bulk,40.0029,-74.865,New Jersey,9,138.0,138.0
5250,Altadena,40.0021,-74.8091,New Jersey,9,138.0,138.0
5251,Hilgard,40.074,-74.7568,New Jersey,9,138.0,138.0
5252,Salton Sea 2,39.9812,-74.7085,New Jersey,9,138.0,138.0
5253,Chevgen,39.9242,-74.9589,New Jersey,9,138.0,138.0
5254,Marlton,39.8942,-74.917,New Jersey,9,138.0,138.0
5255,Lumberton,39.9369,-74.8432,New Jersey,9,138.0,138.0
5256,Levittown,40.0266,-74.9078,New Jersey,9,138.0,138.0
5257,Walmart,39.8319,-74.6417,New Jersey,9,138.0,138.0
5258,Terrace,39.9135,-74.7159,New Jersey,9,138.0,138.0
5259,Eddington,40.0807,-74.933,New Jersey,9,138.0,138.0
5260,Ibm Cottle,40.0249,-74.9373,New Jersey,9,138.0,138.0
5261,Cinnaminson,40.0008,-74.9628,New Jersey,9,138.0,138.0
5262,Burlington,40.0722,-74.8731,New Jersey,9,138.0,138.0
5263,Apache,39.9965,-75.0078,New Jersey,9,138.0,138.0
5264,Kuser Road,40.2064,-74.6891,New Jersey,9,138.0,138.0
5265,Lawrence Sw,40.271,-74.7518,New Jersey,9,138.0,138.0
5266,Yardville,40.1806,-74.6606,New Jersey,9,138.0,138.0
5267,Uleta,40.221,-74.6288,New Jersey,9,138.0,138.0
5269,Orondo,39.5244,-74.3147,New Jersey,9,345.0,138.0
5270,Cedar,39.5891,-74.4252,New Jersey,9,138.0,138.0
5271,Queen Creek,39.5976,-74.3839,New Jersey,9,138.0,138.0
5272,Desoto Next Generation Solar Energy,39.794,-74.6715,New Jersey,9,138.0,138.0
5273,Waterford 3,39.9545,-74.6564,New Jersey,9,138.0,138.0
5274,Medford,39.8939,-74.787,New Jersey,9,138.0,138.0
5275,South Cairo,39.8284,-74.7861,New Jersey,9,138.0,138.0
5276,Holcomb,40.072,-74.9148,New Jersey,9,138.0,138.0
5277,Ochoa,40.0456,-74.8481,New Jersey,9,138.0,138.0
5278,Bogalusa,40.0644,-74.8482,New Jersey,9,138.0,138.0
5279,Cii Carbon Llc,40.1236,-74.5346,New Jersey,9,138.0,138.0
5280,Gaylord Container Bogalusa,40.0295,-74.5847,New Jersey,9,138.0,138.0
5281,Dawson County,39.6337,-74.8699,New Jersey,9,138.0,138.0
5282,Lonsdale,39.7081,-74.9062,New Jersey,9,138.0,138.0
5283,Spanish Springs,39.8301,-74.9509,New Jersey,9,138.0,138.0
5284,Sickler,39.7256,-75.0169,New Jersey,9,138.0,138.0
5285,Sienna,39.8636,-75.0164,New Jersey,9,138.0,138.0
5286,Eureka Sta E,39.7547,-75.042,New Jersey,9,138.0,138.0
5287,Hidden Valley,39.8345,-75.0477,New Jersey,9,138.0,138.0
5288,Mosher,39.9551,-75.1788,New Jersey,9,138.0,138.0
5289,Deerfield 4,39.9336,-75.1058,New Jersey,9,138.0,138.0
5290,Sunny Isles,39.9862,-75.203,New Jersey,9,138.0,138.0
5291,Medway Hydro,39.9569,-75.1095,New Jersey,9,138.0,138.0
5292,Sub 5292,39.9288,-75.0764,New Jersey,9,138.0,138.0
5293,Gloucester,39.901,-75.1022,New Jersey,9,138.0,138.0
5294,Waneeta,40.0125,-75.0948,New Jersey,9,138.0,138.0
5295,Targhee Tap,39.8854,-75.0741,New Jersey,9,138.0,138.0
5296,Murray,40.05,-75.0219,New Jersey,9,138.0,138.0
5297,Taylor Switching,39.8956,-75.0029,New Jersey,9,138.0,138.0
5298,Swaggertown,39.9472,-75.0275,New Jersey,9,138.0,138.0
5299,Gulfway,39.8578,-74.9831,New Jersey,9,138.0,138.0
5300,Gvrd Sewage,39.8962,-74.958,New Jersey,9,138.0,138.0
5301,Strahan,39.9489,-74.9938,New Jersey,9,138.0,138.0
5302,Wheeler Mt,39.8375,-75.1092,New Jersey,9,138.0,138.0
5303,Sparwood,39.7864,-75.0479,New Jersey,9,138.0,138.0
5304,Ephraim Cemetery,39.8832,-74.9818,New Jersey,9,138.0,138.0
5305,Midsun,39.8824,-75.0539,New Jersey,9,138.0,138.0
5306,Coffee Port,39.7661,-74.9325,New Jersey,9,500.0,138.0
5307,Beaver Brook,39.857,-75.0678,New Jersey,9,138.0,138.0
5308,Wayne Junction,40.0274,-75.15,New Jersey,9,138.0,138.0
5309,Station G Atwater,40.009,-75.0435,New Jersey,9,138.0,138.0
5310,Clear Lake,39.9806,-75.1013,New Jersey,9,138.0,138.0
5311,Chase,39.9771,-75.0607,New Jersey,9,138.0,138.0
5312,Yuma Palms,39.9091,-75.0357,New Jersey,9,138.0,138.0
5313,Abernethy,39.9315,-75.1551,New Jersey,9,138.0,138.0
5314,Atwater,40.0736,-75.0712,New Jersey,9,138.0,138.0
5315,Pine Hill,39.7935,-74.9907,New Jersey,9,138.0,138.0
5316,Clay City,39.7821,-74.9966,New Jersey,9,138.0,138.0
5317,Silver Lake,39.8016,-74.971,New Jersey,9,138.0,138.0
5318,Oak Villa,39.7944,-75.024,New Jersey,9,345.0,138.0
5319,N. Lee,39.7508,-74.9127,New Jersey,9,138.0,138.0
5320,Cartwright,39.8289,-74.9966,New Jersey,9,138.0,138.0
5321,Hidalgo,39.8792,-74.9052,New Jersey,9,138.0,138.0
5322,Madison Park,39.9041,-75.0516,New Jersey,9,138.0,138.0
5323,Bozeman South,39.7902,-74.9334,New Jersey,9,138.0,138.0
5328,Archer,39.1328,-74.8182,New Jersey,9,138.0,138.0
5329,Tipton,39.2141,-74.8935,New Jersey,9,138.0,138.0
5330,Bearden,39.2459,-74.6254,New Jersey,9,138.0,138.0
5331,Elk River City Of,39.2522,-74.6888,New Jersey,9,138.0,138.0
5332,Elk Grove-Colton,39.1096,-74.8837,New Jersey,9,138.0,138.0
5333,Aeropuerto,39.0713,-74.8488,New Jersey,9,138.0,138.0
5335,Shenandoah,39.033,-74.771,New Jersey,9,138.0,138.0
5336,Ladore Falls,39.016,-74.7906,New Jersey,9,138.0,138.0
5337,Hooterville,38.9716,-74.8293,New Jersey,9,138.0,138.0
5338,Texum,39.4776,-75.3446,New Jersey,9,138.0,138.0
5339,Clayburn,39.4229,-75.2823,New Jersey,9,138.0,138.0
5340,Leavitt,39.4376,-75.1623,New Jersey,9,138.0,138.0
5341,West Darien,39.4536,-75.2698,New Jersey,9,138.0,138.0
5342,Parkrose,39.3945,-75.2537,New Jersey,9,138.0,138.0
5343,Wilis,39.2992,-75.2474,New Jersey,9,138.0,138.0
5344,Mcqueeney,39.5154,-75.2326,New Jersey,9,138.0,138.0
5345,Upper Pittsgrove,39.5313,-75.2046,New Jersey,9,138.0,138.0
5346,Fort Rock,39.2914,-74.9719,New Jersey,9,138.0,138.0
5347,Woodstock,39.3964,-75.0608,New Jersey,9,138.0,138.0
5348,Sunbeam,39.4037,-75.0239,New Jersey,9,138.0,138.0
5349,Silver Star,39.3193,-74.9882,New Jersey,9,138.0,138.0
5350,Blountsville,39.2382,-75.1134,New Jersey,9,138.0,138.0
5351,Maunabo 4301,39.4243,-74.9029,New Jersey,9,138.0,138.0
5352,Jones Cove,39.4523,-74.9387,New Jersey,9,138.0,138.0
5353,Unioin Station,39.3715,-74.9348,New Jersey,9,138.0,138.0
5354,Jet,40.8143,-74.1291,New Jersey,9,138.0,138.0
5355,Abbott,40.7885,-74.1763,New Jersey,9,138.0,138.0
5356,Hodenpyl,40.784,-74.076,New Jersey,9,138.0,138.0
5357,Cypress,40.8281,-74.2578,New Jersey,9,138.0,138.0
5358,Cedar Grove,40.8517,-74.2185,New Jersey,9,138.0,138.0
5359,Athenia,40.8648,-74.1494,New Jersey,9,138.0,138.0
5360,Colchester 16,40.8831,-74.187,New Jersey,9,138.0,138.0
5361,Darby,40.9074,-74.3074,New Jersey,9,138.0,138.0
5362,Federal Square,40.7232,-74.1738,New Jersey,9,138.0,138.0
5363,Stanley Terrace,40.7188,-74.2666,New Jersey,9,138.0,138.0
5364,Motorola,40.7752,-74.2243,New Jersey,9,138.0,138.0
5365,Flanders,40.8032,-74.1995,New Jersey,9,138.0,138.0
5366,Belleville,40.8075,-74.1547,New Jersey,9,138.0,138.0
5367,Paper,40.6289,-74.2598,New Jersey,9,345.0,138.0
5368,Lake Park,40.6794,-74.1933,New Jersey,9,138.0,138.0
5369,Pit 7 Tap,40.6596,-74.2435,New Jersey,9,138.0,138.0
5370,Goldfield,40.7805,-74.304,New Jersey,9,138.0,138.0
5371,Whippany,40.8029,-74.3697,New Jersey,9,138.0,138.0
5372,Laurel Ave,40.811,-74.2954,New Jersey,9,345.0,138.0
5373,Casto,40.8376,-74.1941,New Jersey,9,138.0,138.0
5374,Yauco Plaza,40.8309,-74.2986,New Jersey,9,138.0,138.0
5375,Miller St,40.7138,-74.1906,New Jersey,9,138.0,138.0
5376,Turnpike,40.7652,-74.126,New Jersey,9,138.0,138.0
5377,Marion Drive,40.7906,-74.2617,New Jersey,9,138.0,138.0
5378,Enid,40.8208,-74.1089,New Jersey,9,138.0,138.0
5379,Dower,40.777,-74.1764,New Jersey,9,138.0,138.0
5380,Steamboat,40.6908,-74.1583,New Jersey,9,138.0,138.0
5381,Pca,40.752,-74.1321,New Jersey,9,138.0,138.0
5382,Bethpage Power Plant,40.7219,-74.2575,New Jersey,9,138.0,138.0
5383,Diamond Bar,40.662,-74.1566,New Jersey,9,138.0,138.0
5384,Rockford,40.8599,-74.1805,New Jersey,9,138.0,138.0
5385,Amistad,40.6993,-74.1827,New Jersey,9,138.0,138.0
5386,Walerga- Antelope,40.7901,-74.2194,New Jersey,9,138.0,138.0
5387,Doremus Place,40.6999,-74.2352,New Jersey,9,138.0,138.0
5388,Santa Ynez Switch,40.8214,-74.2288,New Jersey,9,138.0,138.0
5389,Ocotillo,40.7079,-74.2113,New Jersey,9,138.0,138.0
5390,Polk St,40.8015,-74.2298,New Jersey,9,138.0,138.0
5391,University Wps,40.6644,-74.2252,New Jersey,9,138.0,138.0
5392,Cook Road,40.8072,-74.1746,New Jersey,9,138.0,138.0
5393,Mt Hope,40.7535,-74.3061,New Jersey,9,138.0,138.0
5394,Los Angeles 1617,40.7,-74.3527,New Jersey,9,138.0,138.0
5395,Forbestown,40.7643,-74.4092,New Jersey,9,138.0,138.0
5396,New Melones,40.7104,-74.3263,New Jersey,9,138.0,138.0
5397,Mandalay,40.6727,-74.3026,New Jersey,9,138.0,138.0
5398,Naval Air Station,40.7445,-74.2924,New Jersey,9,138.0,138.0
5399,Aldene,40.6529,-74.2733,New Jersey,9,138.0,138.0
5400,Blackwell Street,40.739,-74.2392,New Jersey,9,138.0,138.0
5401,Edes Tap 2,40.9331,-74.3156,New Jersey,9,345.0,1.0
5402,Rinehart,40.6835,-74.1469,New Jersey,9,138.0,138.0
5403,Barre City,40.7892,-74.2715,New Jersey,9,138.0,138.0
5404,West Orange,40.7826,-74.2356,New Jersey,9,138.0,138.0
5405,New River,39.6098,-75.0589,New Jersey,9,138.0,138.0
5406,West Kelso,39.6408,-75.0483,New Jersey,9,138.0,138.0
5407,Malabar,39.6353,-74.9941,New Jersey,9,138.0,138.0
5408,Belcher,39.8741,-75.3086,New Jersey,9,138.0,138.0
5409,Brinkley East,39.6553,-75.1518,New Jersey,9,138.0,138.0
5410,Eridu,39.7132,-75.2233,New Jersey,9,138.0,138.0
5411,Punta Gorda,39.6701,-75.0857,New Jersey,9,345.0,138.0
5412,North Champaign,39.8393,-75.2112,New Jersey,9,138.0,138.0
5413,Tomac,39.7962,-75.1536,New Jersey,9,138.0,1.0
5414,Dane,39.6052,-75.2111,New Jersey,9,138.0,138.0
5415,Orchard Station,39.6091,-75.2416,New Jersey,9,138.0,138.0
5416,Sea Land 1910,39.8905,-75.2409,New Jersey,9,138.0,138.0
5417,Bowen,39.7398,-75.1886,New Jersey,9,138.0,138.0
5418,Zion Hill,39.7606,-75.1117,New Jersey,9,138.0,138.0
5419,Henning,39.7733,-75.1895,New Jersey,9,138.0,138.0
5420,North Plains,39.7496,-75.1145,New Jersey,9,138.0,138.0
5421,Apple Data Center Pv,39.6935,-75.2805,New Jersey,9,138.0,138.0
5422,Calpine Corp,39.7372,-75.2671,New Jersey,9,138.0,138.0
5423,Tolo,39.7579,-75.305,New Jersey,9,138.0,138.0
5424,Meadow,39.6882,-75.3578,New Jersey,9,138.0,138.0
5425,Canadys,39.7651,-75.2259,New Jersey,9,138.0,138.0
5426,Merrill,39.8842,-75.1704,New Jersey,9,138.0,138.0
5427,Cantua,39.7776,-75.1308,New Jersey,9,345.0,138.0
5428,Deptford,39.8444,-75.135,New Jersey,9,138.0,138.0
5429,Bowman,40.6968,-74.121,New Jersey,9,138.0,138.0
5430,Palmer Tc,40.7699,-74.1165,New Jersey,9,138.0,138.0
5434,Transclosure,40.7304,-74.07,New Jersey,9,138.0,138.0
5440,Newark Bay Cogeneration Partnership Lp,40.7183,-74.1348,New Jersey,9,138.0,138.0
5441,Aqueduct,40.7903,-74.0564,New Jersey,9,138.0,138.0
5442,Herring,40.7063,-74.0801,New Jersey,9,138.0,138.0
5444,Clay Street,40.7516,-74.1711,New Jersey,9,138.0,138.0
5445,Bayonne Mua- Leitner-Poma Wind Turbine,40.6522,-74.127,New Jersey,9,138.0,138.0
5446,North Avenue,40.6615,-74.1742,New Jersey,9,138.0,138.0
5447,Candelaria Arenas 1718,40.6888,-74.0617,New Jersey,9,138.0,138.0
5448,Northside,40.7526,-74.0855,New Jersey,9,138.0,138.0
5449,Tower Road,40.8137,-73.9918,New Jersey,9,138.0,138.0
5450,Grayling Generating Station,40.8352,-74.1388,New Jersey,9,138.0,138.0
5451,Cymric,40.7475,-74.0326,New Jersey,9,138.0,138.0
5452,Yacht Club D.S,40.7595,-74.1038,New Jersey,9,138.0,138.0
5453,12Th St,40.8319,-73.9612,New Jersey,9,138.0,138.0
5454,South Vicksburg,40.6657,-74.0696,New Jersey,9,138.0,138.0
5455,Airport,40.8325,-74.0911,New Jersey,9,138.0,138.0
5456,Gannon,40.7859,-74.0175,New Jersey,9,138.0,138.0
5457,Greers Ferry,40.8281,-74.0265,New Jersey,9,138.0,138.0
5459,Federal Heights,40.8374,-74.1576,New Jersey,9,138.0,138.0
5460,East Portal,40.7805,-74.055,New Jersey,9,138.0,138.0
5461,Ultra Power,40.7691,-74.0537,New Jersey,9,138.0,138.0
5463,Kingsland,40.7779,-74.0913,New Jersey,9,138.0,138.0
5464,Repro,40.8257,-73.9825,New Jersey,9,138.0,138.0
5465,Carlstadt,40.8086,-74.0596,New Jersey,9,138.0,138.0
5468,Port Street,40.7039,-74.1517,New Jersey,9,138.0,138.0
5469,Segs 6,40.7701,-74.095,New Jersey,9,138.0,138.0
5470,Lejeune,40.8251,-74.0839,New Jersey,9,138.0,138.0
5473,Harden,40.7594,-74.075,New Jersey,9,138.0,138.0
5474,Higgins,40.8043,-73.9986,New Jersey,9,138.0,138.0
5475,Plastic,40.6048,-74.9024,New Jersey,9,138.0,138.0
5476,Mabton,40.6428,-74.752,New Jersey,9,138.0,138.0
5477,Sabic Innovative Plastics Mt. Vernon,40.5836,-74.8877,New Jersey,9,138.0,138.0
5478,Woodring,40.5319,-74.8306,New Jersey,9,138.0,138.0
5479,Shawsville,40.5025,-74.9013,New Jersey,9,138.0,138.0
5480,Glencliff,40.5183,-74.8481,New Jersey,9,345.0,138.0
5481,Pearl Plant,40.5895,-75.0444,New Jersey,9,138.0,138.0
5482,Quail,40.7412,-74.8999,New Jersey,9,138.0,138.0
5483,Alameda,40.6987,-74.9334,New Jersey,9,138.0,138.0
5484,Lemolo No 1 Hydro,40.6412,-74.9942,New Jersey,9,138.0,138.0
5485,Mayfair,40.3562,-74.8751,New Jersey,9,138.0,138.0
5486,Gilmore,40.6048,-74.8222,New Jersey,9,138.0,138.0
5487,Gilbert,40.5708,-75.1441,New Jersey,9,138.0,138.0
5488,Turtle,40.6336,-75.1357,New Jersey,9,138.0,138.0
5489,Greening,40.5001,-74.9742,New Jersey,9,138.0,138.0
5490,Car Care,40.6397,-74.6566,New Jersey,9,138.0,138.0
5491,Hare,40.6343,-74.5973,New Jersey,9,138.0,138.0
5492,Engle-Eastern,40.4838,-74.657,New Jersey,9,138.0,138.0
5493,Fair Oaks,40.5836,-74.6781,New Jersey,9,138.0,138.0
5494,Rittenhouse,40.4451,-75.086,New Jersey,9,138.0,138.0
5495,Edward L. Addison Generating Plant,40.3241,-75.1065,New Jersey,9,138.0,138.0
5496,Covanta Tulsa Renewable Energy Llc,40.7099,-75.013,New Jersey,9,138.0,138.0
5497,Prairie State Station,40.6894,-75.0612,New Jersey,9,138.0,138.0
5498,Greenfield,40.7079,-75.0721,New Jersey,9,138.0,138.0
5499,Phelon Parts,40.6166,-74.7255,New Jersey,9,138.0,138.0
5500,Forward Energy Center,40.6512,-74.7087,New Jersey,9,138.0,138.0
5501,Stella,40.6847,-74.8366,New Jersey,9,138.0,138.0
5502,Freeman Dp,40.3389,-74.4332,New Jersey,9,138.0,138.0
5503,Henderson,40.3043,-74.5634,New Jersey,9,138.0,1.0
5504,Whitwell,40.1912,-74.4738,New Jersey,9,138.0,138.0
5505,East Windsor,40.2625,-74.5282,New Jersey,9,138.0,138.0
5506,Lake,40.3024,-74.5219,New Jersey,9,345.0,138.0
5507,Egin,40.2186,-74.5375,New Jersey,9,138.0,138.0
5508,Siloam Springs Southwest,40.268,-74.7157,New Jersey,9,138.0,138.0
5509,Playas,40.3068,-74.7679,New Jersey,9,138.0,138.0
5510,Trenton,40.2285,-74.6867,New Jersey,9,138.0,138.0
5511,Hanford,40.2235,-74.7553,New Jersey,9,138.0,138.0
5512,New Barnesville,40.3857,-74.8172,New Jersey,9,138.0,138.0
5513,Colorado Powerstation,40.4301,-74.6602,New Jersey,9,138.0,138.0
5514,Charlton Street,40.3551,-74.6582,New Jersey,9,500.0,1.0
5515,Ash Street,40.3489,-74.6843,New Jersey,9,138.0,138.0
5516,Keene,40.3748,-74.6718,New Jersey,9,138.0,138.0
5517,Dpc Platteville,40.2754,-74.5811,New Jersey,9,138.0,138.0
5518,Windsor,40.2433,-74.5836,New Jersey,9,138.0,138.0
5519,Fowler,40.4323,-74.7869,New Jersey,9,138.0,138.0
5520,Northern,40.2747,-74.7875,New Jersey,9,138.0,138.0
5521,Walnut,40.1874,-74.7405,New Jersey,9,138.0,138.0
5522,Fairless Energy Center,40.1572,-74.7229,New Jersey,9,138.0,138.0
5523,Twin Falls Sw Sta,40.1632,-74.7895,New Jersey,9,138.0,138.0
5524,Springfield,40.153,-74.6705,New Jersey,9,138.0,138.0
5525,Range Line Dist,40.1277,-74.6714,New Jersey,9,138.0,138.0
5526,Sperryville,40.2689,-74.8277,New Jersey,9,345.0,138.0
5527,Gl Dairy Biogas,40.2931,-74.8179,New Jersey,9,138.0,138.0
5528,Emilie,40.1421,-74.8262,New Jersey,9,138.0,138.0
5529,Langley,40.3386,-74.7776,New Jersey,9,138.0,138.0
5530,Sara-1,40.2603,-74.6665,New Jersey,9,138.0,138.0
5531,Lobelville,40.3034,-74.6921,New Jersey,9,138.0,138.0
5532,Lutesville,40.3075,-74.9111,New Jersey,9,138.0,138.0
5533,Parkway,40.3222,-74.8479,New Jersey,9,138.0,138.0
5534,Revelstoke,40.3023,-74.7162,New Jersey,9,138.0,138.0
5535,Planta Tratamiento A.A.A,40.23,-74.8299,New Jersey,9,138.0,138.0
5536,I-94,40.247,-74.7942,New Jersey,9,138.0,138.0
5537,Hi Desert,40.1817,-74.5895,New Jersey,9,138.0,138.0
5538,Freeway Park,40.1573,-74.5644,New Jersey,9,138.0,138.0
5539,Milton R Young,40.0773,-74.5842,New Jersey,9,138.0,138.0
5541,Springfield Dist,40.5877,-74.2663,New Jersey,9,138.0,138.0
5543,Barnabie Cable Sta,40.6903,-74.3252,New Jersey,9,345.0,138.0
5544,South 2Nd Stree,40.5903,-74.4469,New Jersey,9,138.0,138.0
5545,Terra Bella,40.3505,-74.4535,New Jersey,9,138.0,138.0
5546,Highline,40.4634,-74.3584,New Jersey,9,138.0,138.0
5547,Peach Orchard,40.4324,-74.3871,New Jersey,9,138.0,138.0
5548,South Kirkland,40.4045,-74.3592,New Jersey,9,138.0,1.0
5549,Stephensburg,40.5283,-74.3072,New Jersey,9,138.0,138.0
5550,Amelia 1803,40.6032,-74.4062,New Jersey,9,138.0,138.0
5551,Busch,40.4142,-74.3802,New Jersey,9,345.0,138.0
5552,Gallagher,40.5676,-74.3644,New Jersey,9,138.0,138.0
5553,Lafayette Road Station,40.5566,-74.336,New Jersey,9,138.0,138.0
5554,Metuchen,40.5445,-74.3507,New Jersey,9,138.0,138.0
5555,Brunswick,40.4571,-74.4526,New Jersey,9,138.0,138.0
5556,Hyland Lfgte Facility,40.5873,-74.3819,New Jersey,9,345.0,138.0
5557,Beardsley Tap,40.4802,-74.5865,New Jersey,9,138.0,138.0
5559,Honey,40.3966,-74.0652,New Jersey,9,138.0,138.0
5560,Clayben,40.3539,-74.2339,New Jersey,9,138.0,138.0
5561,Segs 7,40.3865,-74.2254,New Jersey,9,138.0,138.0
5562,Marfa Alamito Creek,40.4078,-74.5805,New Jersey,9,138.0,138.0
5563,Jamestown,40.3953,-74.6365,New Jersey,9,138.0,138.0
5564,Holland Station,40.3144,-74.6159,New Jersey,9,138.0,138.0
5565,Englishtown,40.3015,-74.3685,New Jersey,9,138.0,138.0
5566,Milhurst Solar,40.2522,-74.441,New Jersey,9,138.0,138.0
5567,Fort Mccoy Ocb Electric,40.4198,-74.4221,New Jersey,9,138.0,138.0
5568,La Jara,40.3923,-74.5144,New Jersey,9,138.0,138.0
5569,Big Foot,40.3832,-74.3934,New Jersey,9,138.0,138.0
5570,Meadow Road,40.512,-74.4016,New Jersey,9,138.0,138.0
5571,Sayreville Cogeneration Facility,40.4281,-74.3709,New Jersey,9,138.0,138.0
5572,Barnegat,40.4242,-74.4118,New Jersey,9,138.0,138.0
5573,Nola,40.5548,-74.5321,New Jersey,9,138.0,138.0
5574,Deans,40.4187,-74.4678,New Jersey,9,138.0,138.0
5575,Winslow,40.3941,-74.3781,New Jersey,9,138.0,138.0
5576,Middlesex,40.5524,-74.5109,New Jersey,9,138.0,138.0
5577,Dodgeville,40.4328,-74.4717,New Jersey,9,138.0,138.0
5578,Jersey Avenue,40.4747,-74.489,New Jersey,9,138.0,138.0
5579,Double Bridges,40.3617,-74.3597,New Jersey,9,138.0,138.0
5580,Midwind,40.385,-74.2542,New Jersey,9,138.0,138.0
5581,Beardsley St,40.4709,-74.2699,New Jersey,9,138.0,138.0
5582,Njt Aberdeen,40.436,-74.2429,New Jersey,9,138.0,138.0
5583,Parlin Power Plant,40.4557,-74.3262,New Jersey,9,138.0,138.0
5584,Sayreville,40.4826,-74.3575,New Jersey,9,138.0,138.0
5586,Front Street,40.4949,-74.4528,New Jersey,9,138.0,138.0
5587,Industrial Way,40.3998,-74.2751,New Jersey,9,138.0,138.0
5589,Tremval,40.5714,-74.401,New Jersey,9,138.0,138.0
5590,Greenbrook,40.5843,-74.4856,New Jersey,9,138.0,138.0
5591,Grimes,40.5098,-74.4529,New Jersey,9,138.0,138.0
5592,Brownlee,40.476,-74.6269,New Jersey,9,138.0,138.0
5593,Thetford,40.3309,-74.6196,New Jersey,9,138.0,138.0
5594,Ampor,40.4286,-74.5946,New Jersey,9,138.0,138.0
5595,Franklin,40.3589,-74.5465,New Jersey,9,138.0,138.0
5596,Laurel City,40.4553,-74.406,New Jersey,9,138.0,138.0
5597,North Beach,40.4542,-74.3728,New Jersey,9,138.0,138.0
5598,Don Marquis,40.5138,-74.2703,New Jersey,9,138.0,138.0
5599,Midulla Generating Station,40.4216,-74.2753,New Jersey,9,138.0,1.0
5600,Decherd,40.4401,-74.1233,New Jersey,9,345.0,138.0
5602,Seagoville,40.6122,-74.3037,New Jersey,9,138.0,138.0
5603,Lake Nelson,40.5324,-74.4781,New Jersey,9,138.0,138.0
5604,Woodbridge,40.5589,-74.295,New Jersey,9,138.0,138.0
5605,Lidford,40.5354,-74.3305,New Jersey,9,138.0,138.0
5606,Kettleman Hills,40.1769,-74.1439,New Jersey,9,138.0,138.0
5607,Oceanview,40.2211,-74.057,New Jersey,9,138.0,138.0
5608,Leslie Metering,40.212,-74.0015,New Jersey,9,138.0,138.0
5609,Renaissance Station,40.2659,-74.0349,New Jersey,9,345.0,138.0
5610,Jack County,40.3322,-74.0352,New Jersey,9,138.0,138.0
5612,Osceola,40.0171,-74.1599,New Jersey,9,138.0,138.0
5613,San Justo,40.0755,-74.0409,New Jersey,9,345.0,138.0
5614,Lakewood,40.0576,-74.1531,New Jersey,9,138.0,138.0
5615,Warne Tap,40.0494,-74.1073,New Jersey,9,138.0,138.0
5616,Lombardy Ln,40.3339,-74.1779,New Jersey,9,138.0,138.0
5617,Halfmoon Bay,40.307,-74.1847,New Jersey,9,138.0,138.0
5618,Chief Brady,40.2523,-74.0822,New Jersey,9,138.0,138.0
5619,Skaggs Island Junction 1,40.1991,-74.1631,New Jersey,9,138.0,138.0
5620,Ludlow,40.3348,-74.3293,New Jersey,9,138.0,138.0
5621,Hat Rapids,40.3272,-74.3541,New Jersey,9,345.0,1.0
5622,Smithburg,40.2184,-74.3672,New Jersey,9,138.0,138.0
5623,Esc Industrial M. Such 1423,40.248,-74.2602,New Jersey,9,138.0,138.0
5624,Serramonte,40.1459,-74.2907,New Jersey,9,138.0,138.0
5625,Tomahawk-Atc,40.3019,-74.2678,New Jersey,9,138.0,138.0
5626,No Wall,40.1945,-74.2483,New Jersey,9,345.0,1.0
5627,Coyote Creek,40.2122,-74.2933,New Jersey,9,138.0,138.0
5628,Lincolnville,40.2399,-74.2339,New Jersey,9,138.0,138.0
5629,Milagro,40.416,-74.1765,New Jersey,9,138.0,138.0
5630,Apra Hts,40.3869,-74.1147,New Jersey,9,138.0,138.0
5631,Dow Chemical,40.2179,-74.1893,New Jersey,9,138.0,138.0
5632,Larrabee,40.122,-74.2051,New Jersey,9,138.0,138.0
5633,St George,40.1936,-74.2269,New Jersey,9,138.0,138.0
5634,Atlantic,40.2541,-74.1369,New Jersey,9,138.0,138.0
5635,Brentwood,40.3457,-74.1449,New Jersey,9,138.0,138.0
5637,Louetta,40.2989,-73.9988,New Jersey,9,138.0,138.0
5638,Sells,40.222,-73.9983,New Jersey,9,138.0,138.0
5639,Embarcadero,40.3546,-74.0004,New Jersey,9,345.0,138.0
5640,Kingston,40.1077,-74.0694,New Jersey,9,138.0,138.0
5642,North Denver,40.1416,-74.097,New Jersey,9,138.0,138.0
5643,Deep Run,40.3833,-74.337,New Jersey,9,138.0,138.0
5644,Huiskamp,40.2848,-74.2762,New Jersey,9,138.0,138.0
5645,Edwardsport Station,40.3627,-74.0308,New Jersey,9,138.0,138.0
5646,Wixom,40.3162,-74.1512,New Jersey,9,345.0,138.0
5647,North Camas,40.4024,-74.0337,New Jersey,9,138.0,138.0
5648,Shell,40.3099,-74.09,New Jersey,9,138.0,138.0
5649,Murdock Rd,40.3154,-74.2388,New Jersey,9,138.0,138.0
5650,San Andreas Tap,40.4145,-74.3154,New Jersey,9,138.0,138.0
5651,Freneau,40.4069,-74.2404,New Jersey,9,138.0,138.0
5652,Pinckneyville,40.3616,-74.3324,New Jersey,9,138.0,138.0
5653,Kellerville,40.276,-74.0564,New Jersey,9,138.0,138.0
5654,Air Products 2,40.1058,-74.1148,New Jersey,9,138.0,138.0
5655,Woodcreek,40.2227,-74.1343,New Jersey,9,500.0,138.0
5656,Monmouth Landfill Gas To Energy,40.2283,-74.1046,New Jersey,9,138.0,138.0
5657,5204 Big K-Mart,40.4128,-74.0152,New Jersey,9,138.0,138.0
5658,Rio Bayamon Dev 1709,40.3539,-74.0929,New Jersey,9,138.0,138.0
5659,Table Mt,40.4213,-74.0857,New Jersey,9,138.0,138.0
5662,Seatac,40.2458,-73.991,New Jersey,9,138.0,138.0
5663,Magnolia,40.6915,-74.5633,New Jersey,9,138.0,138.0
5664,Cavendish,40.6859,-74.5168,New Jersey,9,138.0,138.0
5665,Linde,40.7126,-74.5382,New Jersey,9,138.0,138.0
5666,Billings,40.6347,-74.5724,New Jersey,9,138.0,138.0
5667,Deer Rips,40.9621,-74.4123,New Jersey,9,138.0,138.0
5668,Montville,40.9033,-74.3786,New Jersey,9,138.0,138.0
5669,Hemphill,40.8912,-74.7258,New Jersey,9,138.0,138.0
5670,Big Creek,40.88,-74.7021,New Jersey,9,138.0,138.0
5671,Needham,41.0142,-74.3684,New Jersey,9,500.0,138.0
5672,Post Rock,40.9899,-74.4168,New Jersey,9,138.0,138.0
5673,Murray Hill Solar,40.6702,-74.4271,New Jersey,9,138.0,138.0
5674,San German 6401,40.8783,-74.4942,New Jersey,9,138.0,138.0
5675,Cheatham,40.8967,-74.6199,New Jersey,9,138.0,138.0
5676,North Mountain,40.9667,-74.4568,New Jersey,9,138.0,138.0
5677,Hayfork,40.837,-74.5425,New Jersey,9,345.0,1.0
5678,Mayberry Tap,40.9308,-74.5565,New Jersey,9,138.0,138.0
5679,Wingra,40.8474,-74.3791,New Jersey,9,138.0,138.0
5680,Jones Bluff,40.9464,-74.5873,New Jersey,9,138.0,1.0
5681,Minden,40.7277,-74.7239,New Jersey,9,138.0,138.0
5682,Arroyo Hondo,40.7645,-74.6906,New Jersey,9,138.0,138.0
5683,Weber,40.8176,-74.8006,New Jersey,9,500.0,138.0
5684,Juncos Tc,40.8629,-74.9304,New Jersey,9,138.0,138.0
5685,Willows A,40.8722,-74.7902,New Jersey,9,138.0,138.0
5686,Fort Sage,40.8389,-74.8673,New Jersey,9,138.0,138.0
5687,Canton Street,40.9735,-74.5183,New Jersey,9,138.0,138.0
5688,Society Hill,41.0376,-74.3016,New Jersey,9,138.0,138.0
5689,Carter,40.9262,-74.412,New Jersey,9,138.0,138.0
5690,Wynantskill,40.7246,-74.6676,New Jersey,9,138.0,138.0
5691,Gillette,40.6955,-74.4717,New Jersey,9,138.0,138.0
5692,Biglow Canyon,40.6746,-74.3711,New Jersey,9,138.0,138.0
5693,Jcpl,40.8144,-74.4635,New Jersey,9,138.0,138.0
5694,Tortoise,40.8508,-74.4369,New Jersey,9,138.0,138.0
5695,Mc Mullin,40.7354,-74.4895,New Jersey,9,138.0,138.0
5696,Nassau,40.7663,-74.6135,New Jersey,9,345.0,138.0
5697,West Johnson City,40.733,-74.5767,New Jersey,9,138.0,138.0
5698,Salisbury,40.8416,-74.5254,New Jersey,9,138.0,138.0
5699,Widows Creek,41.0291,-74.5016,New Jersey,9,138.0,138.0
5700,Hcf,41.0023,-74.5441,New Jersey,9,138.0,138.0
5701,Morgan Energy Center,40.8634,-74.4207,New Jersey,9,138.0,138.0
5702,Slater,40.9242,-74.3535,New Jersey,9,138.0,138.0
5703,No Mans Land,40.9031,-74.3487,New Jersey,9,138.0,138.0
5704,Roy,40.8347,-74.3925,New Jersey,9,500.0,138.0
5705,Rocky Run,40.9723,-74.3219,New Jersey,9,138.0,138.0
5706,Geneva Border City,40.8471,-74.6164,New Jersey,9,138.0,138.0
5707,Hickory Withe,40.8513,-74.5423,New Jersey,9,138.0,138.0
5708,Bear River,40.7606,-74.4931,New Jersey,9,138.0,138.0
5709,Hallandale,40.7991,-74.6074,New Jersey,9,138.0,138.0
5710,Bosque,40.9286,-74.5034,New Jersey,9,345.0,138.0
5711,Dpc Oakdale,40.906,-74.5262,New Jersey,9,138.0,138.0
5712,Carreon,40.8745,-74.4475,New Jersey,9,138.0,138.0
5713,Underground Tap,41.0786,-74.4328,New Jersey,9,138.0,138.0
5714,Railroad,40.7605,-74.643,New Jersey,9,138.0,138.0
5715,North Bartow,39.7533,-74.3631,New Jersey,9,138.0,138.0
5716,Cedar Creek,39.7478,-74.2447,New Jersey,9,138.0,138.0
5717,Ohio Falls,39.7927,-74.3976,New Jersey,9,138.0,138.0
5719,Nucor,39.9539,-74.1342,New Jersey,9,138.0,138.0
5721,Kansas River Project,39.9118,-74.2251,New Jersey,9,138.0,138.0
5722,Clovis,39.848,-74.1823,New Jersey,9,138.0,138.0
5723,Dinner Lake,40.047,-74.1462,New Jersey,9,138.0,138.0
5724,Peyton,40.0739,-74.135,New Jersey,9,138.0,138.0
5725,Elk Mound,40.0718,-74.0657,New Jersey,9,138.0,138.0
5726,Cecil Field,40.0831,-74.1039,New Jersey,9,138.0,138.0
5727,Neset,39.8814,-74.2322,New Jersey,9,138.0,138.0
5728,Turkey Hill,39.8084,-74.2835,New Jersey,9,138.0,138.0
5729,Waunakee Municipal 2,39.7803,-74.2749,New Jersey,9,138.0,138.0
5730,Dalreed,39.8517,-74.2743,New Jersey,9,138.0,138.0
5731,Hughes,40.1261,-74.4491,New Jersey,9,138.0,138.0
5732,Woodside,40.1503,-74.3665,New Jersey,9,345.0,138.0
5733,Jetport,40.0948,-74.4387,New Jersey,9,138.0,138.0
5734,Pine Hills,40.009,-74.2911,New Jersey,9,138.0,138.0
5735,Centro Judicial,40.1318,-74.3907,New Jersey,9,138.0,138.0
5736,Hobe,40.1239,-74.1623,New Jersey,9,138.0,138.0
5737,N. Holly Springs,40.1137,-74.2901,New Jersey,9,138.0,138.0
5738,Thayer Drive,40.0407,-74.2783,New Jersey,9,138.0,138.0
5739,Murfreesboro Road,40.0701,-74.2187,New Jersey,9,138.0,138.0
5740,Carrollton-Tarpley Road,40.1026,-74.2043,New Jersey,9,138.0,138.0
5741,Naea Ocean Peaking Power Llc,40.0701,-74.1647,New Jersey,9,138.0,138.0
5742,South Haven,39.9438,-74.1805,New Jersey,9,138.0,138.0
5743,Chippewa Falls,39.8964,-74.1375,New Jersey,9,138.0,138.0
5744,Southampton Solar Llc,39.7828,-74.2435,New Jersey,9,138.0,138.0
5745,Panther,39.6815,-74.2359,New Jersey,9,138.0,138.0
5746,Sulphur,39.6627,-74.3353,New Jersey,9,138.0,138.0
5747,Lake Creek,39.7015,-74.2206,New Jersey,9,138.0,138.0
5748,Thornydale,40.0665,-74.2928,New Jersey,9,138.0,138.0
5749,Valhalla,39.8851,-74.376,New Jersey,9,138.0,138.0
5750,Russellville North,39.9692,-74.3262,New Jersey,9,345.0,138.0
5751,Somerset,39.9438,-74.3038,New Jersey,9,138.0,138.0
5752,Neff,40.0086,-74.057,New Jersey,9,138.0,138.0
5753,Markham,40.0996,-74.1355,New Jersey,9,138.0,138.0
5754,Hood River,40.0209,-74.2158,New Jersey,9,138.0,138.0
5755,Mount Tom,39.9789,-74.1259,New Jersey,9,345.0,1.0
5756,Manitous,39.9537,-74.2221,New Jersey,9,138.0,138.0
5757,Garvins Falls,39.9966,-74.1867,New Jersey,9,138.0,138.0
5758,Goose Haven,40.0387,-74.198,New Jersey,9,138.0,138.0
5759,Lake Chelan Project,39.9235,-74.2441,New Jersey,9,138.0,138.0
5760,Vieques 2501,39.942,-74.286,New Jersey,9,138.0,138.0
5761,Leisure Village,40.0331,-74.1734,New Jersey,9,138.0,138.0
5762,Capitola,39.992,-74.2791,New Jersey,9,138.0,138.0
5764,Bremerton,40.8973,-74.174,New Jersey,9,138.0,138.0
5765,Saddle Brook,40.8933,-74.114,New Jersey,9,138.0,138.0
5766,Round Valley,40.8211,-74.1643,New Jersey,9,138.0,138.0
5767,Wine Creek Station,40.9514,-74.0769,New Jersey,9,138.0,138.0
5768,Little Ogeechee,40.7865,-74.16,New Jersey,9,138.0,138.0
5769,Jackson Road,40.9024,-74.2257,New Jersey,9,138.0,138.0
5770,Snettisham,41.0431,-74.1397,New Jersey,9,345.0,138.0
5771,West Caldwell,40.8709,-74.3029,New Jersey,9,138.0,138.0
5772,Poplar Creek,41.0536,-74.1925,New Jersey,9,138.0,138.0
5773,Rivera,41.1901,-74.3493,New Jersey,9,138.0,138.0
5774,Alsea,40.8151,-74.2104,New Jersey,9,138.0,138.0
5775,Prairie,40.7798,-74.1972,New Jersey,9,138.0,138.0
5776,Montclair Cogen Facility,40.869,-74.1956,New Jersey,9,138.0,138.0
5777,Bryant,40.8322,-74.1749,New Jersey,9,138.0,138.0
5778,Eastridge,40.8663,-74.0108,New Jersey,9,138.0,138.0
5779,San Luis 5,40.8742,-74.1433,New Jersey,9,138.0,138.0
5780,Hawthorne,40.9692,-74.157,New Jersey,9,138.0,1.0
5781,Shelbyville South,40.8664,-74.1149,New Jersey,9,138.0,138.0
5782,Pringle,40.926,-74.1702,New Jersey,9,138.0,138.0
5783,Payette,40.8938,-74.2742,New Jersey,9,138.0,138.0
5784,County Line,40.9181,-74.1957,New Jersey,9,138.0,138.0
5785,Calectric,41.011,-74.2139,New Jersey,9,138.0,138.0
5786,Passaic Valley Water Commission,40.8978,-74.2006,New Jersey,9,138.0,138.0
5787,Bluebell,41.1062,-74.3107,New Jersey,9,138.0,138.0
5788,Pleasant Street,41.1079,-74.3703,New Jersey,9,138.0,138.0
5790,East Spartanburg,40.9754,-74.2866,New Jersey,9,138.0,138.0
5791,Ogdensburg,40.945,-74.22,New Jersey,9,138.0,138.0
5792,Jefferies Station,40.9268,-74.2966,New Jersey,9,138.0,138.0
5793,Wolf Creek Generator,40.8522,-74.2538,New Jersey,9,138.0,138.0
5794,Artesia,40.9149,-74.2669,New Jersey,9,138.0,138.0
5795,Nagel,41.0503,-74.3895,New Jersey,9,138.0,138.0
5796,Indiana,41.0202,-74.2532,New Jersey,9,138.0,138.0
5797,Garcia,41.1305,-74.4176,New Jersey,9,138.0,138.0
5798,Merriam,39.6311,-75.4277,New Jersey,9,138.0,138.0
5799,Pennsgrove,39.7189,-75.4586,New Jersey,9,138.0,138.0
5800,Amargosa,39.7662,-75.474,New Jersey,9,138.0,138.0
5801,Churchtown,39.6465,-75.4991,New Jersey,9,138.0,138.0
5802,Roe,39.5482,-75.5263,New Jersey,9,138.0,138.0
5803,Deepwater,39.6959,-75.5329,New Jersey,9,138.0,138.0
5804,Chisago,39.5159,-75.4501,New Jersey,9,138.0,138.0
5805,Hatchet Ridge Wind,39.5453,-75.4497,New Jersey,9,138.0,138.0
5806,St. Johns,39.5712,-75.4753,New Jersey,9,138.0,138.0
5807,Section,39.5693,-75.3404,New Jersey,9,138.0,138.0
5808,Cushman,40.5424,-74.6644,New Jersey,9,138.0,138.0
5809,Vista,40.457,-74.6947,New Jersey,9,138.0,138.0
5810,Fish Creek 138,40.3714,-74.7632,New Jersey,9,138.0,138.0
5811,Bennetts Lane,40.509,-74.5555,New Jersey,9,138.0,138.0
5812,Big Bar,40.5871,-74.5954,New Jersey,9,138.0,138.0
5813,Mccook,40.5524,-74.6283,New Jersey,9,138.0,138.0
5814,Pawnee,40.5927,-74.5746,New Jersey,9,138.0,138.0
5815,Willow Glen,40.509,-74.6988,New Jersey,9,345.0,138.0
5816,Manchaca,40.5132,-74.6779,New Jersey,9,138.0,138.0
5817,Underground Tap 1,40.499,-74.7566,New Jersey,9,138.0,138.0
5818,Sunnymeade,40.528,-74.6105,New Jersey,9,138.0,138.0
5819,Camp Far West,40.652,-74.3965,New Jersey,9,500.0,138.0
5820,Destileri A Serralles,40.5896,-74.5273,New Jersey,9,138.0,138.0
5821,Kilner,40.5238,-74.412,New Jersey,9,345.0,138.0
5822,Fort Bidwell,40.6426,-74.3562,New Jersey,9,138.0,138.0
5823,Vt Hanlon,40.4637,-74.5017,New Jersey,9,138.0,138.0
5824,Rex Brown,40.5649,-74.6231,New Jersey,9,500.0,1.0
5825,Ione Energy,40.4302,-74.5169,New Jersey,9,138.0,138.0
5826,Mallard,40.5374,-74.5318,New Jersey,9,345.0,1.0
5827,Chesterville,40.4132,-74.5234,New Jersey,9,345.0,1.0
5828,Gould City Sw Sta,40.6357,-74.5353,New Jersey,9,138.0,138.0
5829,North Endicott,40.8458,-74.7314,New Jersey,9,138.0,138.0
5830,Webre,40.9303,-74.8192,New Jersey,9,138.0,138.0
5831,Pearl,41.1944,-74.8592,New Jersey,9,138.0,138.0
5832,Odin,41.2493,-74.7859,New Jersey,9,138.0,138.0
5833,Tokio,41.0935,-74.6289,New Jersey,9,138.0,138.0
5834,Edenvale Tap,41.2174,-74.4448,New Jersey,9,138.0,138.0
5835,Nunn,41.2467,-74.5814,New Jersey,9,138.0,138.0
5836,Rubidoux,40.9748,-74.6346,New Jersey,9,138.0,138.0
5837,Vera,40.9652,-74.6558,New Jersey,9,138.0,138.0
5838,Arizona,40.9609,-74.6888,New Jersey,9,345.0,138.0
5839,Barnett Shoals,41.3176,-74.7682,New Jersey,9,138.0,138.0
5840,Mill Cteek,41.139,-74.8192,New Jersey,9,138.0,138.0
5841,West Ooltewah,41.0535,-74.7446,New Jersey,9,138.0,138.0
5842,Biola,40.9822,-74.7555,New Jersey,9,138.0,138.0
5843,Piney Road,40.9728,-74.8477,New Jersey,9,138.0,138.0
5844,Schoharie,41.1134,-74.6779,New Jersey,9,345.0,138.0
5845,Carolina Pueblo 1602,41.1888,-74.5967,New Jersey,9,138.0,138.0
5846,Jose,41.0111,-74.6224,New Jersey,9,138.0,138.0
5847,Quaker,40.8915,-74.6567,New Jersey,9,138.0,138.0
5848,Orono Hydro Station,41.3125,-74.6104,New Jersey,9,138.0,138.0
5849,Blackwater Tie,41.2404,-74.6413,New Jersey,9,138.0,138.0
5850,Sjve Madera,41.1623,-74.5495,New Jersey,9,500.0,138.0
5851,Mammoth Pacific 2,41.1896,-74.5498,New Jersey,9,138.0,138.0
5853,Polyester Ps,40.6074,-74.2745,New Jersey,9,138.0,138.0
5854,Woodard,40.6184,-74.4295,New Jersey,9,138.0,138.0
5855,Cordova,40.6435,-74.2209,New Jersey,9,138.0,138.0
5856,Irvington,40.7265,-74.2214,New Jersey,9,138.0,138.0
5858,Tittabawassee,40.6029,-74.2923,New Jersey,9,138.0,138.0
5859,15Th Street,40.7599,-74.1986,New Jersey,9,138.0,138.0
5860,Flagstaff,40.7115,-74.2495,New Jersey,9,138.0,138.0
5861,Uvalde Reit,40.7598,-74.2927,New Jersey,9,138.0,138.0
5862,West Side,40.6963,-74.2563,New Jersey,9,138.0,138.0
5863,Howland Hook,40.6523,-74.1732,New Jersey,9,138.0,138.0
5864,Pathfinder,40.6068,-74.2083,New Jersey,9,138.0,138.0
5865,Tecumseh Rd,40.6372,-74.249,New Jersey,9,138.0,138.0
5866,Traynor,40.7205,-74.352,New Jersey,9,138.0,138.0
5867,Copco 1,40.582,-74.3201,New Jersey,9,138.0,138.0
5868,Bayway,40.6479,-74.205,New Jersey,9,138.0,138.0
5870,Rolette,40.6708,-74.3219,New Jersey,9,138.0,138.0
5871,New Dover,40.6002,-74.3439,New Jersey,9,138.0,138.0
5873,Ross,40.6136,-74.2546,New Jersey,9,138.0,138.0
5874,Fanwood,40.6324,-74.3758,New Jersey,9,138.0,138.0
5875,Shelby,40.6592,-74.4587,New Jersey,9,138.0,138.0
5876,Cleveland,40.7312,-74.4085,New Jersey,9,138.0,138.0
5877,Tennessee,40.725,-74.4533,New Jersey,9,345.0,138.0
5878,West Montgomery,40.5694,-74.2643,New Jersey,9,138.0,138.0
5879,Summit,40.7255,-74.3795,New Jersey,9,138.0,138.0
5880,Roosevelt County,40.8638,-75.0069,New Jersey,9,138.0,138.0
5881,Metomen,40.8623,-75.0718,New Jersey,9,138.0,138.0
5882,Martins Creek,40.7964,-75.1051,New Jersey,9,138.0,138.0
5883,Benewah,41.0242,-74.9667,New Jersey,9,138.0,138.0
5884,Pomelo,40.9867,-74.9622,New Jersey,9,138.0,138.0
5885,Racetrack,40.9591,-75.106,New Jersey,9,138.0,138.0
5886,Mc Farlnd,40.9151,-74.8983,New Jersey,9,138.0,138.0
5887,Hickory Forest,40.7036,-75.122,New Jersey,9,138.0,138.0
5888,Crowsnest,40.6473,-75.0788,New Jersey,9,138.0,138.0
5889,Horicon,40.6601,-75.1686,New Jersey,9,138.0,138.0
5890,Flatwood,40.6872,-75.1571,New Jersey,9,345.0,138.0
5891,Dist 1000,39.4216,-75.5448,New Jersey,9,500.0,13.8
5892,Mt Pleasant,40.2287,-74.6682,New Jersey,9,345.0,13.8
5893,Fargo,39.3894,-75.2215,New Jersey,9,138.0,138.0
5894,Enka,40.306,-74.5038,New Jersey,9,138.0,1.0
5895,Durham,39.2991,-74.6167,New Jersey,9,138.0,18.0
5896,Tilcon,40.0799,-74.1631,New Jersey,9,500.0,1.0
5897,Mickleton,39.8211,-75.2423,New Jersey,9,138.0,138.0
5898,Klein,40.6189,-74.6237,New Jersey,9,138.0,1.0
5899,Henry Road,39.9435,-75.1151,New Jersey,9,138.0,13.8
5900,Daffin Gin,39.8694,-75.1884,New Jersey,9,138.0,138.0
5901,Oyster Creek,39.8217,-74.2128,New Jersey,9,138.0,138.0
5902,Talentino Sw Sta,40.6299,-74.2837,New Jersey,9,138.0,1.0
5903,Don Henry,40.8732,-74.846,New Jersey,9,138.0,13.8
5904,Blodgett,40.3549,-74.4693,New Jersey,9,138.0,13.8
5906,Harris,39.4416,-75.045,New Jersey,9,138.0,138.0
5907,Portland,40.6849,-74.3047,New Jersey,9,138.0,13.8
5908,Old Bridge Clean Energy Center,40.4408,-74.2944,New Jersey,9,138.0,13.8
5910,Njt Meadowlands Rail Substaion,40.7476,-74.0956,New Jersey,9,138.0,13.8
5911,Alessandro,40.4956,-74.3111,New Jersey,9,138.0,13.8
5912,O'Neil,39.4832,-75.5199,New Jersey,9,138.0,13.8
5913,Agrico,39.8334,-75.2484,New Jersey,9,138.0,18.0
5914,Seaside Heights Power Plant,39.9618,-74.0675,New Jersey,9,138.0,138.0
5915,South Columbia,40.181,-74.6999,New Jersey,9,138.0,13.8
5916,Suntree,40.2725,-74.8538,New Jersey,9,138.0,13.8
5917,Earlimart,39.8183,-75.2679,New Jersey,9,500.0,138.0
5918,Alamitos,40.2607,-74.3195,New Jersey,9,138.0,1.0
5919,Southwood,40.307,-74.0779,New Jersey,9,138.0,138.0
5920,Patton Chapel,40.475,-75.0006,New Jersey,9,138.0,13.2
5921,Hope Creek,39.478,-75.5431,New Jersey,9,500.0,18.0
5922,Mill,39.3971,-74.623,New Jersey,9,138.0,1.0
5923,Palmer Lake,40.5208,-74.4023,New Jersey,9,138.0,138.0
5924,Rochester,39.821,-74.2206,New Jersey,9,500.0,1.0
5925,Glen Gardner,40.6946,-74.9282,New Jersey,9,500.0,13.8
5926,Queensbury,40.2162,-74.2335,New Jersey,9,138.0,1.0
5927,24Th & Gardendale,40.5006,-74.2728,New Jersey,9,500.0,1.0
5928,Lake Marion,40.0408,-74.8201,New Jersey,9,138.0,1.0
5929,Fairground,40.6823,-75.1595,New Jersey,9,138.0,138.0
5930,Tulare,40.0463,-74.166,New Jersey,9,500.0,1.0
5931,Read Oak Station,40.4447,-74.35,New Jersey,9,500.0,13.8
5932,Milligan,40.3697,-74.5672,New Jersey,9,138.0,138.0
5933,Dell City,39.7809,-75.4359,New Jersey,9,345.0,13.8
5934,Acec Friendship,40.6838,-74.117,New Jersey,9,138.0,13.8
5935,Bayonne,40.7014,-74.1117,New Jersey,9,138.0,1.0
5936,Sherman Station,39.4601,-75.0642,New Jersey,9,138.0,13.8
5937,Ols Energy Chino,40.2754,-74.3292,New Jersey,9,138.0,138.0
5938,Johnson,40.5614,-74.3872,New Jersey,9,138.0,138.0
5939,Latham,40.6675,-74.0665,New Jersey,9,138.0,138.0
5940,Dilley,39.3792,-74.404,New Jersey,9,138.0,13.8
5941,Second Fork,40.0024,-74.7407,New Jersey,9,138.0,1.0
5942,Depere,40.4893,-74.3378,New Jersey,9,138.0,138.0
5943,Hutchinson Plant 2,40.5456,-75.1095,New Jersey,9,345.0,13.2
5944,Halsey,40.9374,-74.5059,New Jersey,9,138.0,1.0
5945,Bl England Station,39.2818,-74.6181,New Jersey,9,500.0,138.0
5946,Carlls Corner,39.4701,-75.1953,New Jersey,9,345.0,1.0
5947,Terry,40.5579,-75.1489,New Jersey,9,500.0,1.0
5948,Uc Davis,40.4692,-74.8741,New Jersey,9,138.0,18.0
5949,Fain,39.4948,-75.0037,New Jersey,9,138.0,138.0
5950,Orange Park,40.3794,-74.4688,New Jersey,9,138.0,138.0
5952,Howard Down,39.482,-75.0268,New Jersey,9,345.0,138.0
5953,Branchburg,40.5611,-74.7295,New Jersey,9,138.0,138.0
5954,Savannah,40.5337,-74.2566,New Jersey,9,138.0,1.0
5955,Yardville Solar Farm,40.174,-74.6393,New Jersey,9,138.0,138.0
5956,Switzerland,40.8364,-74.153,New Jersey,9,138.0,13.8
5957,Coxs Corner,39.9059,-74.8399,New Jersey,9,138.0,1.0
5958,Cimarron,40.1026,-74.807,New Jersey,9,500.0,138.0
5959,Flint,39.8628,-75.1842,New Jersey,9,138.0,138.0
5960,Edison,40.4733,-74.4011,New Jersey,9,500.0,13.8
5961,Riverbend,40.8565,-74.0259,New Jersey,9,138.0,138.0
5962,Chester,40.7863,-74.7328,New Jersey,9,138.0,13.8
5963,Mercer,40.1851,-74.7271,New Jersey,9,500.0,13.8
5964,Waveland,40.8948,-74.129,New Jersey,9,138.0,13.8
5965,Pleasant Valley Mn,41.2173,-74.5963,New Jersey,9,138.0,138.0
5966,West Crossville,40.9007,-74.1857,New Jersey,9,138.0,13.2
5967,Lawrence,40.2915,-74.7737,New Jersey,9,138.0,1.0
5968,Linden Cogen Plant,40.6327,-74.2201,New Jersey,9,138.0,138.0
5970,St. Clair,39.7569,-75.3857,New Jersey,9,500.0,18.0
5971,Chambers,39.6813,-75.4732,New Jersey,9,500.0,13.8
5972,Yards Creek,40.9999,-75.0493,New Jersey,9,500.0,1.0
5973,Francis,40.011,-74.6295,New Jersey,9,138.0,138.0
5974,Middle Station,39.0186,-74.8878,New Jersey,9,500.0,138.0
5975,West Deptford Energy Station,39.8364,-75.2276,New Jersey,9,138.0,138.0
5976,Cusick,40.4681,-74.4629,New Jersey,9,138.0,18.0
5977,Raceway,40.0873,-74.5893,New Jersey,9,138.0,13.8
5978,Wolfskill,39.4445,-75.0853,New Jersey,9,500.0,1.0
5979,Fort Bliss,40.5083,-74.3292,New Jersey,9,345.0,138.0
5980,District 100 Transco Gas Pipe Line,40.2074,-74.7912,New Jersey,9,138.0,138.0
5981,Pirkey,39.8322,-75.2077,New Jersey,9,138.0,138.0
5982,Sewaren,40.5511,-74.246,New Jersey,9,138.0,13.8
5983,Peninsula Park,40.4158,-74.3168,New Jersey,9,500.0,13.8
5984,Cedar Station,39.6957,-74.2764,New Jersey,9,500.0,138.0
5985,Patton Lane,39.9043,-74.1911,New Jersey,9,138.0,138.0
5986,Sherwin,40.2214,-74.5852,New Jersey,9,138.0,1.0
5987,Ralph,40.2838,-74.5325,New Jersey,9,138.0,138.0
5988,Benndale,39.8251,-75.2126,New Jersey,9,138.0,13.8
5989,Cumberland Nj,39.3653,-74.9783,New Jersey,9,500.0,13.8
5990,Fay Street,40.5917,-74.6604,New Jersey,9,138.0,138.0
5991,Marion,40.7488,-74.0666,New Jersey,9,138.0,13.8
5993,Copans,39.8672,-75.1727,New Jersey,9,138.0,13.8
5994,Bergen Generating Station,40.8428,-74.0239,New Jersey,9,138.0,13.8
5995,Acb Energy Parntners Llc - Mtf Cogen,39.3832,-74.4232,New Jersey,9,500.0,1.0
5996,North Oaks,40.5279,-74.4492,New Jersey,9,138.0,138.0
5997,Salmon Creek,39.4682,-75.0355,New Jersey,9,138.0,13.8
5998,Viridity Energy Solutions Acua,39.3964,-74.4511,New Jersey,9,138.0,138.0
5999,Cummings,40.0782,-74.8399,New Jersey,9,345.0,13.8
6000,Grayson,40.6381,-74.2029,New Jersey,9,138.0,13.8
6001,Pioneer,40.723,-74.1245,New Jersey,9,138.0,138.0
6002,Rec Laprairie,39.8963,-75.1172,New Jersey,9,138.0,13.2
6003,Hoyt,40.7588,-74.1481,New Jersey,9,138.0,138.0
6004,Clarksville,40.2847,-74.7132,New Jersey,9,138.0,1.0
6005,Woodstown,39.6256,-75.299,New Jersey,9,345.0,1.0
6006,Berthoud,39.9671,-77.3871,Pennsylvania,10,138.0,138.0
6007,Craven,40.0755,-77.0104,Pennsylvania,10,138.0,138.0
6008,Auld,40.0089,-77.0554,Pennsylvania,10,138.0,138.0
6009,Lost Hillstexaco,40.0576,-77.087,Pennsylvania,10,138.0,138.0
6010,Faulkner,40.0415,-77.0563,Pennsylvania,10,138.0,138.0
6011,Herricks,39.909,-77.0868,Pennsylvania,10,138.0,138.0
6012,West Receiving,39.9732,-77.0038,Pennsylvania,10,138.0,138.0
6013,Pulpgen,39.7646,-77.3471,Pennsylvania,10,138.0,138.0
6014,Five Falls,39.7996,-77.4365,Pennsylvania,10,138.0,138.0
6015,Hanes,39.8656,-77.3113,Pennsylvania,10,138.0,138.0
6016,Missouri City,39.9063,-77.5116,Pennsylvania,10,138.0,138.0
6017,Galt,39.8693,-77.4993,Pennsylvania,10,138.0,1.0
6018,Pleasant Grove,39.9061,-77.478,Pennsylvania,10,138.0,138.0
6019,Blythewood,39.9636,-77.2534,Pennsylvania,10,138.0,138.0
6020,Rotary Park,39.7946,-77.2255,Pennsylvania,10,138.0,138.0
6021,Stonebridge,39.8583,-77.1858,Pennsylvania,10,138.0,138.0
6022,Cape Canaveral,39.8198,-77.2208,Pennsylvania,10,138.0,138.0
6023,Hunterstown Power Plant,39.8748,-77.2162,Pennsylvania,10,138.0,138.0
6024,Northview,39.7961,-77.0524,Pennsylvania,10,138.0,138.0
6025,River Hills,39.7641,-76.9869,Pennsylvania,10,138.0,138.0
6026,Caledonia Alte,39.8313,-76.9531,Pennsylvania,10,345.0,1.0
6027,Burr Oak,39.8333,-76.9379,Pennsylvania,10,138.0,138.0
6028,Ogallala,39.781,-76.9271,Pennsylvania,10,138.0,138.0
6029,Cove Avenue,39.7047,-77.2118,Pennsylvania,10,138.0,138.0
6030,Walla Walla,39.7487,-77.1177,Pennsylvania,10,138.0,1.0
6031,Mckellar,39.6941,-77.135,Pennsylvania,10,138.0,138.0
6032,Coly,39.8635,-77.0676,Pennsylvania,10,138.0,138.0
6033,Dixon Tap,39.8926,-77.0374,Pennsylvania,10,138.0,138.0
6034,Holloman A.F.B,39.9504,-77.3338,Pennsylvania,10,138.0,138.0
6035,Ojus,40.5676,-75.6865,Pennsylvania,10,138.0,138.0
6036,Valley Springs,40.5222,-75.676,Pennsylvania,10,138.0,138.0
6037,Crag View,40.3622,-76.1761,Pennsylvania,10,138.0,138.0
6038,Ochiltree,40.281,-75.7908,Pennsylvania,10,138.0,138.0
6039,Bluff Creek,40.2474,-75.8794,Pennsylvania,10,138.0,138.0
6040,Mayport,40.3877,-75.7087,Pennsylvania,10,138.0,138.0
6041,Hatillo 7701,40.3459,-75.7331,Pennsylvania,10,138.0,138.0
6042,Hospital San Cristobal,40.5136,-75.5743,Pennsylvania,10,138.0,138.0
6043,Edwards,40.6188,-75.659,Pennsylvania,10,138.0,138.0
6044,International Paper Red River Mill,40.2548,-75.7823,Pennsylvania,10,138.0,138.0
6045,Quicksilver,40.1928,-75.8392,Pennsylvania,10,138.0,138.0
6046,Gibralter Cust,40.2293,-75.8117,Pennsylvania,10,345.0,1.0
6047,Plaquemine Cogeneration Plant,40.3855,-75.4282,Pennsylvania,10,138.0,138.0
6048,Keahole,40.141,-75.8271,Pennsylvania,10,138.0,1.0
6049,Hockinson,40.3479,-75.8186,Pennsylvania,10,138.0,138.0
6050,Little Spadra Creek,40.5069,-75.8444,Pennsylvania,10,138.0,138.0
6051,South Cape,40.4438,-75.7803,Pennsylvania,10,138.0,138.0
6052,Folsom Prison,40.5296,-75.9394,Pennsylvania,10,345.0,138.0
6053,West Mcallen,40.5791,-75.8995,Pennsylvania,10,138.0,138.0
6054,Overton,40.5555,-75.9442,Pennsylvania,10,138.0,138.0
6055,North Lake,40.4355,-75.6818,Pennsylvania,10,138.0,138.0
6056,Converse Flats,40.5399,-75.7831,Pennsylvania,10,138.0,138.0
6057,Joshua Falls,40.5549,-75.8444,Pennsylvania,10,138.0,138.0
6058,Hutchinson Energy Center,40.649,-75.8387,Pennsylvania,10,138.0,138.0
6059,Brand,40.5042,-75.9838,Pennsylvania,10,138.0,138.0
6060,Strawberry Belt,40.5854,-75.5865,Pennsylvania,10,138.0,138.0
6061,Alamogordo,40.4545,-75.5926,Pennsylvania,10,345.0,138.0
6062,Alburtis,40.4762,-75.5942,Pennsylvania,10,138.0,138.0
6063,Eight Flags Energy,40.4212,-75.6507,Pennsylvania,10,138.0,138.0
6064,Brodhead Central,40.2646,-75.9676,Pennsylvania,10,138.0,138.0
6065,Carl Bailey,40.2262,-76.0382,Pennsylvania,10,345.0,1.0
6066,Bird,40.192,-75.7862,Pennsylvania,10,138.0,138.0
6067,Carson Creek,40.3321,-76.2678,Pennsylvania,10,138.0,138.0
6068,Sperry,40.3548,-76.2866,Pennsylvania,10,138.0,138.0
6069,Ashley,40.3534,-76.3842,Pennsylvania,10,138.0,138.0
6070,South Beaver Dam,40.1008,-75.9425,Pennsylvania,10,138.0,138.0
6071,East 83Rd Street,40.2531,-75.6239,Pennsylvania,10,138.0,138.0
6072,Oregon City,40.3136,-75.5637,Pennsylvania,10,345.0,1.0
6073,North Chelsea,40.3275,-75.5625,Pennsylvania,10,138.0,138.0
6074,Limerick,40.215,-75.6008,Pennsylvania,10,138.0,138.0
6075,Coast Guard 7005,40.27,-75.6548,Pennsylvania,10,138.0,138.0
6076,Elkhorn City,40.2579,-75.9331,Pennsylvania,10,138.0,138.0
6077,Horse Ranch,40.3425,-75.8674,Pennsylvania,10,138.0,138.0
6078,Evergreen Community Power,40.3375,-75.9185,Pennsylvania,10,138.0,138.0
6079,Pine Street,40.2109,-75.8473,Pennsylvania,10,138.0,138.0
6080,Almeda,40.3655,-75.8981,Pennsylvania,10,138.0,138.0
6081,East Bench,40.3536,-75.8862,Pennsylvania,10,138.0,138.0
6082,West,40.3425,-75.9319,Pennsylvania,10,138.0,138.0
6083,Colvard,40.2191,-75.9096,Pennsylvania,10,138.0,138.0
6084,North Longwood,40.3126,-75.8769,Pennsylvania,10,138.0,138.0
6085,Richard Lake,40.4128,-76.0059,Pennsylvania,10,345.0,138.0
6086,Kings River,40.3418,-75.9536,Pennsylvania,10,138.0,138.0
6087,Conrad,40.3307,-75.9486,Pennsylvania,10,138.0,138.0
6088,Hospital Distrito 7003,40.2902,-75.9192,Pennsylvania,10,345.0,138.0
6089,Book Cliffs,40.3972,-75.9083,Pennsylvania,10,138.0,138.0
6090,Kennedy,40.275,-76.0049,Pennsylvania,10,138.0,138.0
6091,Simpson Lumber,40.4581,-75.9018,Pennsylvania,10,138.0,138.0
6092,Mount Elbert Powerplant,40.3875,-76.0193,Pennsylvania,10,138.0,138.0
6093,Woodland,40.4335,-76.0041,Pennsylvania,10,138.0,138.0
6094,New Gulf,40.2921,-75.8786,Pennsylvania,10,138.0,138.0
6095,Multitrade Of Pittsylvania Lp,40.2466,-75.9086,Pennsylvania,10,138.0,138.0
6096,Sherwood,40.2994,-75.9436,Pennsylvania,10,138.0,138.0
6097,Vermillion Energy Facility,40.3205,-75.9834,Pennsylvania,10,138.0,138.0
6098,Fourth Avenue,40.3362,-76.0681,Pennsylvania,10,138.0,138.0
6099,Pilot Knob,40.4313,-76.0478,Pennsylvania,10,138.0,138.0
6100,Lake Forrest,40.2284,-75.9994,Pennsylvania,10,138.0,138.0
6101,Lullwater,40.2452,-76.0763,Pennsylvania,10,138.0,138.0
6102,Borel,40.3763,-76.1172,Pennsylvania,10,138.0,138.0
6103,Port Allen La,40.2977,-76.0663,Pennsylvania,10,138.0,138.0
6104,Crawfish River,40.3569,-75.9639,Pennsylvania,10,138.0,138.0
6105,Mjmeuc Generating Station 1,40.4723,-76.3253,Pennsylvania,10,138.0,138.0
6106,Florida Avenue,40.4878,-75.9344,Pennsylvania,10,138.0,138.0
6107,Jordan Narrows,40.2658,-76.0773,Pennsylvania,10,138.0,138.0
6108,Tokay,40.3774,-76.2373,Pennsylvania,10,138.0,138.0
6109,Washington,40.4789,-76.2119,Pennsylvania,10,138.0,138.0
6110,William F Wyman,41.9062,-76.478,Pennsylvania,10,138.0,138.0
6111,Brindley,41.9491,-76.582,Pennsylvania,10,138.0,138.0
6112,Central,41.6381,-76.7964,Pennsylvania,10,138.0,138.0
6113,Grover,41.6108,-76.8555,Pennsylvania,10,138.0,138.0
6114,Martel,41.6843,-76.837,Pennsylvania,10,138.0,138.0
6115,Litchfield Street,41.8501,-76.7353,Pennsylvania,10,138.0,138.0
6116,Cedar Ridge Wind Alte,41.9674,-76.8127,Pennsylvania,10,138.0,138.0
6117,Harvey Couch,41.5739,-76.1588,Pennsylvania,10,138.0,138.0
6118,Sumiden Wire,41.7425,-76.1019,Pennsylvania,10,138.0,138.0
6119,Oro Grande,41.9801,-76.9666,Pennsylvania,10,138.0,138.0
6120,Arcelormittal Burns Harbor,41.5993,-76.6051,Pennsylvania,10,138.0,138.0
6121,Jefferson,41.8818,-76.2486,Pennsylvania,10,138.0,138.0
6122,General Electric,41.9425,-76.2777,Pennsylvania,10,138.0,138.0
6123,Friendswood Reit,41.8979,-76.5481,Pennsylvania,10,138.0,138.0
6124,Sheyenne,41.9438,-76.516,Pennsylvania,10,345.0,138.0
6125,Acec Roslin,41.7569,-76.5031,Pennsylvania,10,345.0,138.0
6126,Palm,41.7293,-76.4729,Pennsylvania,10,138.0,1.0
6127,Mouton,41.6893,-76.4837,Pennsylvania,10,138.0,138.0
6128,Armenia Mountain Wind Farm,41.7542,-76.856,Pennsylvania,10,138.0,138.0
6129,Fort Davis,41.6969,-76.7049,Pennsylvania,10,138.0,138.0
6130,Halls Flat,41.7634,-76.766,Pennsylvania,10,138.0,138.0
6131,Kimberly,41.8163,-76.5508,Pennsylvania,10,138.0,138.0
6132,Video Pd,41.7208,-76.2167,Pennsylvania,10,138.0,138.0
6133,High Hill,41.721,-76.3081,Pennsylvania,10,138.0,138.0
6134,Neshaminy,40.1446,-74.9541,Pennsylvania,10,138.0,138.0
6135,Mayberry,40.1552,-74.944,Pennsylvania,10,138.0,138.0
6136,Melrose,40.1753,-74.9817,Pennsylvania,10,138.0,138.0
6137,Second Imperial Geothermal,40.0695,-74.9228,Pennsylvania,10,138.0,138.0
6138,Colgate,40.1265,-74.8447,Pennsylvania,10,138.0,138.0
6139,Wilmarth,40.1567,-74.8955,Pennsylvania,10,138.0,138.0
6140,Planta Santurce,40.0968,-74.8378,Pennsylvania,10,138.0,138.0
6141,Tuttle,40.2493,-75.2666,Pennsylvania,10,138.0,138.0
6142,Fairway Tap,40.2975,-75.2272,Pennsylvania,10,138.0,138.0
6143,Highland Hills,40.3311,-75.2154,Pennsylvania,10,138.0,138.0
6144,Holt T.S,40.4841,-75.3464,Pennsylvania,10,138.0,138.0
6145,Health Administrative Service,40.4998,-75.4646,Pennsylvania,10,138.0,138.0
6146,Tidewater,40.0582,-74.7932,Pennsylvania,10,138.0,138.0
6147,Columbia Falls,40.2978,-75.0959,Pennsylvania,10,138.0,138.0
6148,Eagle Mountain,40.3623,-75.1538,Pennsylvania,10,138.0,138.0
6149,Wolcott,40.3252,-75.0913,Pennsylvania,10,138.0,138.0
6150,Annapolis,40.2699,-75.0032,Pennsylvania,10,138.0,138.0
6151,Fort Ross,40.3489,-75.1167,Pennsylvania,10,138.0,138.0
6152,Buckingham,40.2693,-75.0598,Pennsylvania,10,138.0,138.0
6153,Hf Lee Plant,40.3148,-75.0262,Pennsylvania,10,138.0,138.0
6154,Pruitt Escalante Pegs,40.3234,-75.1483,Pennsylvania,10,138.0,138.0
6155,Linton,40.2301,-74.907,Pennsylvania,10,138.0,138.0
6156,Des Moines,40.1387,-75.0226,Pennsylvania,10,138.0,138.0
6157,Warrington,40.2364,-75.1442,Pennsylvania,10,345.0,138.0
6158,Mitchell Gardens,40.5641,-75.2702,Pennsylvania,10,138.0,138.0
6159,Ocean Road,40.1773,-74.9398,Pennsylvania,10,138.0,138.0
6160,Glen Head,40.2426,-74.8965,Pennsylvania,10,138.0,138.0
6161,Horse Heaven,40.2067,-74.962,Pennsylvania,10,138.0,138.0
6162,Charlotte,40.1743,-74.8421,Pennsylvania,10,138.0,138.0
6163,Kinder Morgan,40.162,-74.8174,Pennsylvania,10,138.0,138.0
6164,Thalmann,40.2568,-74.8116,Pennsylvania,10,138.0,138.0
6165,Boyntonville,40.1053,-74.7744,Pennsylvania,10,138.0,138.0
6166,Wheelabrator Falls,40.1601,-74.7839,Pennsylvania,10,138.0,138.0
6167,Mcdowell,40.1366,-74.7398,Pennsylvania,10,138.0,138.0
6168,Elm Creek,40.1137,-74.8764,Pennsylvania,10,345.0,138.0
6169,Estherville,40.199,-74.7901,Pennsylvania,10,138.0,138.0
6170,Mesa,40.2254,-74.8633,Pennsylvania,10,138.0,138.0
6171,Falls,40.1802,-74.7723,Pennsylvania,10,138.0,138.0
6172,Westbrook,40.2255,-74.8403,Pennsylvania,10,138.0,138.0
6173,Yauco,40.1954,-74.8439,Pennsylvania,10,138.0,138.0
6174,George Street,40.1804,-74.9149,Pennsylvania,10,138.0,138.0
6175,East Dublin Tap,40.3182,-74.9965,Pennsylvania,10,138.0,138.0
6176,Wallops Island,40.3268,-74.9494,Pennsylvania,10,138.0,138.0
6177,Mckee,40.3705,-75.0537,Pennsylvania,10,138.0,138.0
6178,34Th & E,40.2505,-74.9591,Pennsylvania,10,138.0,138.0
6179,Poston,40.2125,-74.8641,Pennsylvania,10,345.0,1.0
6180,Dana,40.2148,-74.88,Pennsylvania,10,138.0,138.0
6181,Gaa,40.2029,-74.9017,Pennsylvania,10,138.0,138.0
6182,Arcade,40.5295,-75.2087,Pennsylvania,10,138.0,138.0
6183,Worthington,40.3369,-75.46,Pennsylvania,10,138.0,138.0
6184,Raceland,40.3119,-75.3338,Pennsylvania,10,138.0,138.0
6185,Plainfield Renewable Energy Llc,40.4629,-75.2708,Pennsylvania,10,138.0,138.0
6186,Kirtland Tap,40.4165,-75.2071,Pennsylvania,10,138.0,138.0
6187,Doucette,40.3763,-75.2768,Pennsylvania,10,138.0,138.0
6188,Sun City,40.4559,-75.0969,Pennsylvania,10,138.0,138.0
6189,Line Creek Coal,40.5178,-75.2935,Pennsylvania,10,138.0,138.0
6190,La Salle,40.4585,-75.3428,Pennsylvania,10,138.0,138.0
6191,West Fresno,40.5635,-75.3106,Pennsylvania,10,138.0,138.0
6192,Williston,40.4407,-75.3484,Pennsylvania,10,345.0,138.0
6193,Decatur Co. Solar Res In,40.2064,-75.0465,Pennsylvania,10,138.0,138.0
6194,Eastern-Marconi,40.2587,-75.3951,Pennsylvania,10,138.0,138.0
6195,Lancaster,40.4089,-75.2966,Pennsylvania,10,138.0,138.0
6196,America,40.3725,-75.357,Pennsylvania,10,138.0,138.0
6197,Tahitian Village,40.3916,-75.1633,Pennsylvania,10,138.0,138.0
6198,Utica Junction,40.1658,-74.9213,Pennsylvania,10,500.0,138.0
6199,Pelton,40.1965,-75.0303,Pennsylvania,10,138.0,138.0
6200,Forest City Light Plant,40.202,-74.9843,Pennsylvania,10,345.0,1.0
6201,Driftwood,40.1446,-74.9676,Pennsylvania,10,138.0,138.0
6202,Buxmont,40.3498,-75.3293,Pennsylvania,10,138.0,138.0
6203,Dpc Elroy,40.502,-75.1536,Pennsylvania,10,138.0,138.0
6204,Una,40.5932,-75.1328,Pennsylvania,10,138.0,138.0
6205,Kegonsa,40.3336,-75.1186,Pennsylvania,10,345.0,1.0
6206,Powell,40.1847,-74.9848,Pennsylvania,10,138.0,138.0
6207,East Leesville,40.1736,-75.0501,Pennsylvania,10,138.0,138.0
6208,Frogtown,40.2169,-75.1079,Pennsylvania,10,138.0,138.0
6209,Jarrett,40.1799,-75.1716,Pennsylvania,10,138.0,138.0
6210,Nordheim,40.209,-75.1171,Pennsylvania,10,138.0,138.0
6211,Vega Alta 9101-9105,40.4002,-74.8343,Pennsylvania,10,138.0,138.0
6212,Caverns Road,40.9638,-75.6519,Pennsylvania,10,138.0,138.0
6213,West Yates Tap,41.0011,-75.5599,Pennsylvania,10,138.0,138.0
6214,Proler,41.0324,-75.481,Pennsylvania,10,138.0,138.0
6215,Mona,41.0589,-75.596,Pennsylvania,10,138.0,138.0
6216,Union Hills,41.1298,-75.508,Pennsylvania,10,138.0,138.0
6217,Maynardville,40.899,-75.9408,Pennsylvania,10,138.0,138.0
6218,Sistrunk,40.8951,-75.9222,Pennsylvania,10,138.0,138.0
6219,Murrin,40.9436,-75.92,Pennsylvania,10,138.0,1.0
6220,Dunn Siding,41.0009,-75.6524,Pennsylvania,10,138.0,138.0
6221,Reventure Park,40.9251,-75.6552,Pennsylvania,10,138.0,138.0
6222,New Hanover County Wastec,40.9404,-75.4847,Pennsylvania,10,138.0,138.0
6223,Panther Creek Energy Facility,40.8585,-75.8758,Pennsylvania,10,138.0,138.0
6224,North Market,40.7756,-75.8434,Pennsylvania,10,138.0,138.0
6225,Mill Seat Renewable Energy Facility,40.8484,-75.6607,Pennsylvania,10,345.0,138.0
6226,Marysville,40.8412,-75.7394,Pennsylvania,10,138.0,138.0
6227,Oxford,40.8829,-75.6912,Pennsylvania,10,138.0,138.0
6228,Alamorio,40.9176,-75.8727,Pennsylvania,10,138.0,1.0
6229,Springer,40.9078,-75.6155,Pennsylvania,10,138.0,138.0
6230,Big Creek 4,40.868,-75.5666,Pennsylvania,10,138.0,138.0
6231,Switch,40.7952,-75.5419,Pennsylvania,10,138.0,138.0
6232,Wilmington Station C,40.9586,-75.8037,Pennsylvania,10,138.0,138.0
6233,Snarr,41.0697,-75.7268,Pennsylvania,10,138.0,138.0
6234,Barberton,40.9394,-77.4782,Pennsylvania,10,138.0,138.0
6235,Milltown,39.7257,-75.6629,Pennsylvania,10,138.0,138.0
6236,Sewell Creek Energy,39.8421,-75.5658,Pennsylvania,10,138.0,138.0
6237,North Marion,40.0887,-75.6346,Pennsylvania,10,138.0,138.0
6238,Big Hanaford,39.9515,-75.826,Pennsylvania,10,138.0,138.0
6239,Kathleen,39.8624,-75.8187,Pennsylvania,10,138.0,138.0
6240,Gabriel,39.9648,-75.7912,Pennsylvania,10,345.0,138.0
6241,Newlinville,39.9759,-75.8406,Pennsylvania,10,138.0,138.0
6242,El Camino Tap,39.9779,-75.7659,Pennsylvania,10,138.0,138.0
6243,Arden,40.1873,-75.4854,Pennsylvania,10,138.0,138.0
6244,Satsuma,39.9563,-75.7842,Pennsylvania,10,138.0,138.0
6245,E. Whitley,39.9572,-75.7666,Pennsylvania,10,138.0,138.0
6246,Glenwood Hydro,40.0261,-75.7543,Pennsylvania,10,138.0,138.0
6247,Louisiana Pacific,39.9457,-75.7545,Pennsylvania,10,138.0,138.0
6248,South Beaumont,40.0633,-75.6984,Pennsylvania,10,138.0,138.0
6249,Primm,40.1712,-75.7048,Pennsylvania,10,138.0,138.0
6250,Horse Flat,40.0309,-75.6977,Pennsylvania,10,138.0,138.0
6251,Dallman,39.9701,-75.991,Pennsylvania,10,138.0,138.0
6252,Everest,39.8425,-75.5113,Pennsylvania,10,138.0,1.0
6253,Northwest Beloit,39.8631,-75.5046,Pennsylvania,10,138.0,138.0
6254,Scarcello,40.0513,-75.8134,Pennsylvania,10,138.0,138.0
6255,Adelaide,40.0952,-75.7059,Pennsylvania,10,138.0,138.0
6256,Wallisville,40.0557,-75.9961,Pennsylvania,10,138.0,138.0
6257,Miner,40.1682,-75.9361,Pennsylvania,10,138.0,138.0
6258,West Brookfield,40.1049,-75.7965,Pennsylvania,10,138.0,138.0
6259,Kelso,39.9214,-75.7146,Pennsylvania,10,138.0,138.0
6260,Soda Springs Power Plant,39.8752,-75.6782,Pennsylvania,10,138.0,138.0
6261,Victoria,39.8791,-75.7499,Pennsylvania,10,138.0,138.0
6262,Clay,39.7934,-75.8221,Pennsylvania,10,138.0,138.0
6263,Lawther Dr,39.8168,-75.7693,Pennsylvania,10,138.0,138.0
6264,Hazel,39.8097,-75.9174,Pennsylvania,10,138.0,138.0
6265,Bell-Winters,39.7539,-75.8853,Pennsylvania,10,138.0,138.0
6266,Tyrone,39.9517,-75.4613,Pennsylvania,10,138.0,138.0
6267,Greenland,40.086,-75.5077,Pennsylvania,10,138.0,138.0
6268,La Quinta,40.089,-75.4576,Pennsylvania,10,138.0,138.0
6269,Nixon Road,39.9991,-75.4619,Pennsylvania,10,138.0,138.0
6270,Station E. West,39.9332,-75.4529,Pennsylvania,10,138.0,138.0
6271,Lakeshore,39.7367,-76.0214,Pennsylvania,10,138.0,138.0
6272,Orfordville,39.6991,-76.0435,Pennsylvania,10,138.0,138.0
6273,Serpent,39.8427,-76.0071,Pennsylvania,10,138.0,138.0
6274,Hoover,39.859,-76.0497,Pennsylvania,10,138.0,138.0
6275,North East,39.716,-75.9343,Pennsylvania,10,138.0,138.0
6276,Eagle Creek,40.0032,-76.0733,Pennsylvania,10,138.0,138.0
6277,Clearview,39.9754,-75.9063,Pennsylvania,10,138.0,138.0
6278,Fountain,40.0564,-75.5601,Pennsylvania,10,138.0,138.0
6279,Pine Bluff West,40.1129,-75.4749,Pennsylvania,10,138.0,138.0
6280,Cromby,40.1275,-75.5304,Pennsylvania,10,345.0,138.0
6281,Catawba,40.2417,-75.5256,Pennsylvania,10,138.0,138.0
6282,Joes,40.1959,-75.7139,Pennsylvania,10,138.0,138.0
6283,Del Rosa,40.181,-75.6525,Pennsylvania,10,138.0,138.0
6284,Woonsocket,40.2206,-75.6867,Pennsylvania,10,138.0,138.0
6285,Straits,40.2812,-75.5987,Pennsylvania,10,138.0,138.0
6286,Durango,40.1546,-75.5778,Pennsylvania,10,138.0,138.0
6287,Arena,40.026,-75.3723,Pennsylvania,10,138.0,138.0
6288,Russell Fork,40.0173,-75.3395,Pennsylvania,10,138.0,138.0
6289,Rio Hondo,40.0979,-75.3703,Pennsylvania,10,138.0,138.0
6290,Burgess Biopower,40.0444,-75.422,Pennsylvania,10,138.0,138.0
6291,Marana Tap,40.0056,-75.6023,Pennsylvania,10,138.0,138.0
6292,Station Fg,40.0182,-75.6617,Pennsylvania,10,138.0,138.0
6293,Bradford,39.9741,-75.6438,Pennsylvania,10,138.0,138.0
6294,Braunig,40.0221,-75.5596,Pennsylvania,10,138.0,138.0
6295,Royalty,39.9255,-75.5393,Pennsylvania,10,138.0,138.0
6296,Lenape,39.9134,-75.6317,Pennsylvania,10,138.0,138.0
6297,South Whitehall,39.8829,-75.5876,Pennsylvania,10,138.0,138.0
6298,Mesa View,40.0185,-75.5767,Pennsylvania,10,345.0,138.0
6299,Hicross,39.884,-75.6198,Pennsylvania,10,345.0,138.0
6300,Lake June Pump,40.0064,-75.7133,Pennsylvania,10,500.0,138.0
6301,East Cool Springs,39.8364,-75.8027,Pennsylvania,10,345.0,138.0
6302,Village,39.9024,-75.8392,Pennsylvania,10,138.0,138.0
6303,Fruitland,41.1524,-77.3123,Pennsylvania,10,138.0,138.0
6304,York Creek,41.2429,-77.2389,Pennsylvania,10,138.0,138.0
6305,Mauston,41.3069,-77.2832,Pennsylvania,10,138.0,138.0
6306,El Dorado Refinery,41.2734,-77.2337,Pennsylvania,10,138.0,138.0
6307,Kenosha,41.33,-77.464,Pennsylvania,10,138.0,138.0
6308,E.E. Stevenson,41.3051,-77.398,Pennsylvania,10,138.0,138.0
6309,Hailesboro 4 Plant,41.2671,-77.4514,Pennsylvania,10,345.0,1.0
6310,Blackstone Junction,41.2898,-77.4562,Pennsylvania,10,138.0,138.0
6311,Grays River,41.0218,-77.3239,Pennsylvania,10,138.0,138.0
6312,Redondo 1,40.9558,-77.3325,Pennsylvania,10,138.0,138.0
6313,Duval Clear,40.745,-76.4137,Pennsylvania,10,138.0,138.0
6314,Falling Water,40.7418,-76.3643,Pennsylvania,10,138.0,138.0
6315,Union Carbide,41.2949,-76.4027,Pennsylvania,10,138.0,138.0
6316,Koenig Lane,41.2037,-76.3688,Pennsylvania,10,138.0,138.0
6317,Schultz,41.0713,-76.2891,Pennsylvania,10,138.0,138.0
6318,Red Mountain,41.093,-76.2486,Pennsylvania,10,138.0,138.0
6319,Cienega,41.0513,-76.1995,Pennsylvania,10,138.0,138.0
6320,North Bonneville,41.0936,-76.2973,Pennsylvania,10,138.0,138.0
6321,South Street,40.9953,-76.4644,Pennsylvania,10,138.0,138.0
6322,Bear Garden,41.0318,-76.4382,Pennsylvania,10,138.0,138.0
6323,Pg Pulp,41.034,-76.3889,Pennsylvania,10,138.0,138.0
6324,Olympus,41.0942,-76.3916,Pennsylvania,10,345.0,1.0
6325,Yamato,40.8108,-76.3652,Pennsylvania,10,138.0,138.0
6326,Lynn Valley,40.8646,-76.4624,Pennsylvania,10,138.0,138.0
6327,Regal,40.8831,-76.5808,Pennsylvania,10,138.0,138.0
6328,Mossyrock Pp,40.9634,-76.6815,Pennsylvania,10,138.0,138.0
6329,Pheasant Branch,40.9884,-76.6628,Pennsylvania,10,138.0,138.0
6330,Newton,41.0062,-76.5667,Pennsylvania,10,138.0,138.0
6331,Shelton,40.8379,-76.5282,Pennsylvania,10,138.0,138.0
6332,Menton,40.9221,-76.5089,Pennsylvania,10,138.0,138.0
6333,Bayou Cove Peaking Power,41.1043,-76.5778,Pennsylvania,10,138.0,138.0
6334,Beaverton,41.1691,-76.4896,Pennsylvania,10,138.0,138.0
6335,Sampson,41.1428,-76.7674,Pennsylvania,10,138.0,138.0
6336,Rutherford Farm,41.2169,-76.7148,Pennsylvania,10,138.0,138.0
6337,Rose Garden,41.2236,-76.6601,Pennsylvania,10,138.0,138.0
6338,Scripps,40.9942,-76.24,Pennsylvania,10,138.0,138.0
6339,Norwalk,41.1734,-76.2168,Pennsylvania,10,138.0,138.0
6340,Fountain Head,41.1595,-76.1606,Pennsylvania,10,138.0,138.0
6341,Susquehanna,41.1043,-76.1642,Pennsylvania,10,138.0,138.0
6342,Olympic Vail Pipeline,40.0607,-77.1676,Pennsylvania,10,138.0,138.0
6343,North Sweetwater,40.2859,-76.9134,Pennsylvania,10,138.0,138.0
6344,Paradise,40.1422,-77.0156,Pennsylvania,10,138.0,138.0
6345,Grant,40.1884,-76.9129,Pennsylvania,10,138.0,138.0
6346,Mcfadden,40.2327,-77.2316,Pennsylvania,10,345.0,138.0
6347,Oil Shale,40.24,-77.18,Pennsylvania,10,138.0,138.0
6348,Monte Rio,40.2955,-77.2281,Pennsylvania,10,138.0,138.0
6349,Caldwell,40.2912,-77.2754,Pennsylvania,10,138.0,138.0
6350,Tinnin Road,40.1818,-77.2405,Pennsylvania,10,138.0,138.0
6351,Port Hudson,40.1951,-77.2656,Pennsylvania,10,138.0,138.0
6352,Sunset,40.2225,-77.2059,Pennsylvania,10,138.0,138.0
6353,Reta,40.1569,-77.2041,Pennsylvania,10,138.0,138.0
6354,Archer Daniels Midland Cedar Rapids,40.2487,-76.9942,Pennsylvania,10,138.0,138.0
6355,Sidney A Murray Jr Hydroelectric,40.2003,-77.0037,Pennsylvania,10,138.0,138.0
6356,Rubber Roller,40.4065,-77.0175,Pennsylvania,10,138.0,138.0
6357,Duckabush,40.3091,-77.0338,Pennsylvania,10,138.0,138.0
6358,Atchelitz,40.237,-76.9432,Pennsylvania,10,138.0,138.0
6359,East Fayetteville,40.1792,-77.0747,Pennsylvania,10,138.0,138.0
6360,Cemex,40.0978,-77.042,Pennsylvania,10,345.0,138.0
6361,Cebolla,40.2405,-77.0837,Pennsylvania,10,345.0,1.0
6362,Point Of Rocks,40.2503,-76.9343,Pennsylvania,10,138.0,138.0
6363,Lone Butte,40.2428,-77.0991,Pennsylvania,10,138.0,138.0
6364,Nef,40.2238,-77.0044,Pennsylvania,10,138.0,138.0
6365,Station 255,40.2064,-77.0874,Pennsylvania,10,138.0,138.0
6366,Ridge,40.0138,-77.1874,Pennsylvania,10,138.0,138.0
6367,Arburua,40.0497,-77.31,Pennsylvania,10,138.0,138.0
6368,Moses Lake,40.1478,-76.7959,Pennsylvania,10,138.0,138.0
6369,Camas,40.2014,-77.3524,Pennsylvania,10,138.0,138.0
6370,Brookings County,40.2074,-77.4798,Pennsylvania,10,138.0,138.0
6371,Chickahominy,40.1283,-77.318,Pennsylvania,10,138.0,138.0
6372,Mexico,40.125,-77.472,Pennsylvania,10,345.0,138.0
6373,Wrightsville,40.1036,-77.4356,Pennsylvania,10,138.0,138.0
6374,Serra,40.0841,-77.4036,Pennsylvania,10,138.0,138.0
6375,Pinola 09,40.0215,-77.5385,Pennsylvania,10,138.0,138.0
6376,Check Point,40.4262,-76.8921,Pennsylvania,10,138.0,138.0
6377,Crivitz,40.4338,-76.8111,Pennsylvania,10,138.0,138.0
6378,Lares 7901 7903,40.4381,-77.033,Pennsylvania,10,138.0,138.0
6379,Hilltop Tap,40.3699,-77.0534,Pennsylvania,10,138.0,138.0
6380,Guanica Pueblo 5601,40.427,-76.9942,Pennsylvania,10,138.0,138.0
6381,Beeline,40.1522,-76.6293,Pennsylvania,10,138.0,138.0
6382,Camp Gary,40.0997,-76.6352,Pennsylvania,10,138.0,138.0
6383,Griffiss Air Base,40.1019,-76.5767,Pennsylvania,10,138.0,138.0
6384,East 61St Street,40.1116,-76.5901,Pennsylvania,10,138.0,138.0
6385,Arapahoe,40.5141,-76.8562,Pennsylvania,10,138.0,138.0
6386,Gloria,40.4997,-76.9258,Pennsylvania,10,138.0,138.0
6387,Shepherd Center,40.3716,-76.6917,Pennsylvania,10,138.0,138.0
6388,Priceville,40.3578,-76.8547,Pennsylvania,10,345.0,138.0
6389,Valley Road,40.328,-76.767,Pennsylvania,10,138.0,138.0
6390,Parish,40.3708,-76.8646,Pennsylvania,10,138.0,138.0
6391,Irran,40.2662,-76.845,Pennsylvania,10,138.0,138.0
6392,Kellnersville,40.2213,-76.7808,Pennsylvania,10,138.0,138.0
6393,Grantsburg Diesel,40.2542,-76.8194,Pennsylvania,10,138.0,138.0
6394,Westwood,40.2405,-76.8299,Pennsylvania,10,138.0,138.0
6395,Agua Fria,40.3149,-76.8875,Pennsylvania,10,138.0,138.0
6396,Harrisburg Facility,40.2338,-76.8758,Pennsylvania,10,138.0,138.0
6397,Beattty,40.3047,-76.9039,Pennsylvania,10,138.0,138.0
6398,La Jolla,40.2762,-76.7845,Pennsylvania,10,138.0,138.0
6399,Carmi,40.1593,-76.8799,Pennsylvania,10,138.0,138.0
6400,Dte Pontiac North Llc,40.1357,-76.933,Pennsylvania,10,138.0,138.0
6401,Lemolo Powerplant Number 2,40.3744,-76.8327,Pennsylvania,10,138.0,138.0
6402,Paxton Creek Cogeneration,40.2872,-76.8822,Pennsylvania,10,138.0,138.0
6403,Findlay,40.3256,-76.8592,Pennsylvania,10,138.0,138.0
6404,Parachute,40.3076,-76.8626,Pennsylvania,10,138.0,138.0
6405,Woodmont,40.2206,-76.8577,Pennsylvania,10,138.0,138.0
6406,Sundance,40.3231,-76.595,Pennsylvania,10,138.0,138.0
6407,Royal,40.2378,-76.6277,Pennsylvania,10,138.0,138.0
6408,Willett Street,40.3834,-76.582,Pennsylvania,10,138.0,138.0
6409,Choupique,40.317,-76.6757,Pennsylvania,10,138.0,138.0
6410,Hathaway,40.2188,-76.6583,Pennsylvania,10,138.0,138.0
6411,Blakely Mountain,40.2748,-76.6605,Pennsylvania,10,345.0,138.0
6412,Del Norte,40.2745,-76.6961,Pennsylvania,10,138.0,138.0
6413,Brule,40.236,-76.7879,Pennsylvania,10,138.0,138.0
6414,Jones,40.6255,-76.8281,Pennsylvania,10,138.0,138.0
6415,Hemlock,40.5938,-76.7622,Pennsylvania,10,138.0,138.0
6416,Covanta Indianapolis Energy,40.2504,-76.7777,Pennsylvania,10,138.0,138.0
6417,Wilde,40.2065,-76.6755,Pennsylvania,10,138.0,138.0
6418,Browntown,40.2219,-76.7188,Pennsylvania,10,138.0,138.0
6419,Borough Of Middletown Mill Street,40.182,-76.7404,Pennsylvania,10,138.0,138.0
6420,Fulton,40.5476,-76.9214,Pennsylvania,10,138.0,138.0
6421,Bayshore,40.5563,-76.9633,Pennsylvania,10,500.0,138.0
6422,Calumet,40.3552,-76.5974,Pennsylvania,10,138.0,138.0
6423,Ohioville,40.2946,-76.5657,Pennsylvania,10,138.0,138.0
6424,Hummelstown,40.2505,-76.7106,Pennsylvania,10,138.0,138.0
6425,Sunshine Valley,39.9903,-75.255,Pennsylvania,10,138.0,138.0
6426,Chittenden,39.8848,-75.4551,Pennsylvania,10,138.0,138.0
6427,Wabasso,39.8773,-75.3885,Pennsylvania,10,138.0,138.0
6428,Middletown,39.9316,-75.401,Pennsylvania,10,138.0,138.0
6429,Saville,39.8611,-75.3596,Pennsylvania,10,345.0,1.0
6430,Phantom Lake,39.9089,-75.4898,Pennsylvania,10,138.0,138.0
6431,Edic,39.9838,-75.3297,Pennsylvania,10,138.0,138.0
6432,Grand Coulee,39.9868,-75.3825,Pennsylvania,10,138.0,138.0
6433,Goose Creek,39.9517,-75.386,Pennsylvania,10,138.0,138.0
6434,Gregg,39.7301,-75.4012,Pennsylvania,10,138.0,138.0
6435,Ross Avenue,39.9408,-75.4771,Pennsylvania,10,138.0,138.0
6436,Foulk,39.8585,-75.4528,Pennsylvania,10,138.0,138.0
6437,Beresford,39.8441,-75.3073,Pennsylvania,10,138.0,138.0
6438,Concho,39.8905,-75.288,Pennsylvania,10,138.0,138.0
6439,Snow Canyon,39.9672,-75.2776,Pennsylvania,10,138.0,138.0
6440,Lolita,40.0377,-75.3004,Pennsylvania,10,138.0,138.0
6441,Las Piedras,40.0604,-75.383,Pennsylvania,10,138.0,138.0
6442,Loraine County Project,39.9308,-75.3743,Pennsylvania,10,138.0,138.0
6443,Sharon Hill,39.9019,-75.2745,Pennsylvania,10,138.0,138.0
6444,Stockton Wyndham,39.8799,-75.4855,Pennsylvania,10,138.0,138.0
6445,Highlands,39.8989,-75.3656,Pennsylvania,10,138.0,138.0
6446,Cedarville,39.8721,-75.2991,Pennsylvania,10,138.0,138.0
6447,Modern Innovative Energy Llc,39.8956,-75.4304,Pennsylvania,10,138.0,138.0
6448,Bryn Mawr,40.006,-75.3098,Pennsylvania,10,138.0,138.0
6449,Buford,40.0165,-75.2826,Pennsylvania,10,138.0,138.0
6450,South Fork,39.9527,-75.4093,Pennsylvania,10,345.0,138.0
6451,Rocky Hill,39.9464,-75.3331,Pennsylvania,10,138.0,138.0
6452,Mortan,39.9149,-75.259,Pennsylvania,10,138.0,138.0
6453,Sandpiper,39.951,-75.3005,Pennsylvania,10,138.0,138.0
6454,Point Beach Station,39.9363,-75.3015,Pennsylvania,10,138.0,138.0
6455,Chichester,39.8658,-75.4075,Pennsylvania,10,138.0,138.0
6456,Trainer,39.8184,-75.3958,Pennsylvania,10,138.0,138.0
6457,Bridgeport,39.7989,-75.3956,Pennsylvania,10,138.0,138.0
6458,Blaine,39.7517,-75.4444,Pennsylvania,10,138.0,138.0
6459,Johnson Dp,39.892,-75.4155,Pennsylvania,10,138.0,138.0
6460,Beverly,39.9051,-75.3849,Pennsylvania,10,345.0,1.0
6461,Casa Grande,39.9402,-75.4389,Pennsylvania,10,138.0,138.0
6462,Alcoa Sw Station,39.955,-75.4354,Pennsylvania,10,138.0,138.0
6463,Liberty Electric Power Plant,39.8833,-75.3288,Pennsylvania,10,138.0,138.0
6464,Rivergate,39.9911,-75.4022,Pennsylvania,10,138.0,138.0
6465,Paxson Dirve,39.9164,-75.3769,Pennsylvania,10,138.0,138.0
6466,Mcpherson 3,40.0386,-75.3837,Pennsylvania,10,138.0,138.0
6467,Eklutna Generation Station,39.8027,-75.6099,Pennsylvania,10,138.0,138.0
6468,Orange,39.9401,-75.3111,Pennsylvania,10,138.0,138.0
6469,Llanerch,39.9782,-75.3003,Pennsylvania,10,138.0,138.0
6470,Upper Darby,39.9556,-75.2745,Pennsylvania,10,138.0,138.0
6471,Kifer,39.9623,-75.3536,Pennsylvania,10,138.0,138.0
6472,Lakeside 1,40.6214,-77.072,Pennsylvania,10,138.0,138.0
6473,Supermercados Selectos,40.5568,-77.3824,Pennsylvania,10,138.0,138.0
6474,Pinckard,40.6836,-77.4502,Pennsylvania,10,138.0,138.0
6475,Ge Alachua,40.6369,-77.2716,Pennsylvania,10,345.0,1.0
6476,Park City,40.6008,-77.1883,Pennsylvania,10,138.0,138.0
6477,Maljamar,40.7802,-77.0308,Pennsylvania,10,138.0,138.0
6478,Kieler,40.4547,-77.4885,Pennsylvania,10,138.0,138.0
6479,Robiedale,40.7282,-77.106,Pennsylvania,10,138.0,138.0
6480,Red Bluff,41.4763,-75.5071,Pennsylvania,10,138.0,138.0
6481,Kincheloe Housing,41.5256,-75.5487,Pennsylvania,10,138.0,138.0
6482,Puente Hills,41.5359,-75.4978,Pennsylvania,10,138.0,138.0
6483,Cambridge Ct,41.662,-75.5895,Pennsylvania,10,138.0,138.0
6484,South Monroe,41.4203,-75.7834,Pennsylvania,10,138.0,138.0
6485,Manhattan,41.5193,-75.7451,Pennsylvania,10,138.0,138.0
6486,Spinninng Spur I,41.4673,-75.6929,Pennsylvania,10,138.0,138.0
6487,Seattle City East Pine,41.5917,-75.7239,Pennsylvania,10,138.0,138.0
6488,Devine,41.5674,-75.8143,Pennsylvania,10,138.0,138.0
6489,Maple Ridge,41.7966,-75.5309,Pennsylvania,10,138.0,138.0
6490,Minn Valley,41.7366,-75.5475,Pennsylvania,10,138.0,138.0
6491,Kinney,41.7011,-75.4607,Pennsylvania,10,138.0,138.0
6492,Amfor,41.2371,-75.4912,Pennsylvania,10,138.0,138.0
6493,Hammondsville,41.6343,-75.4834,Pennsylvania,10,138.0,138.0
6494,Quendall Cable Sta,41.5601,-75.6355,Pennsylvania,10,138.0,138.0
6495,Vernon Vt,41.5422,-75.3393,Pennsylvania,10,138.0,138.0
6496,Protein,41.4449,-75.4521,Pennsylvania,10,138.0,138.0
6497,O'Gara,41.4202,-75.3971,Pennsylvania,10,138.0,138.0
6498,Swampy Acres,41.329,-75.5621,Pennsylvania,10,138.0,138.0
6499,Herndon,41.3039,-75.6389,Pennsylvania,10,138.0,138.0
6500,Laguna Pointe-Franklin,41.3134,-75.5409,Pennsylvania,10,138.0,138.0
6501,Bunker 2 Tap,41.685,-75.7891,Pennsylvania,10,138.0,138.0
6502,Lieberman,41.3958,-75.7184,Pennsylvania,10,138.0,138.0
6503,Walton Bainbridge Power Facility,41.3463,-75.7205,Pennsylvania,10,138.0,138.0
6504,Condon Wind,41.5933,-75.638,Pennsylvania,10,138.0,138.0
6505,Moffet Field Tap,41.5531,-75.5448,Pennsylvania,10,138.0,138.0
6506,Peckville,41.4651,-75.5585,Pennsylvania,10,138.0,138.0
6507,Lackawanna,41.5022,-75.6019,Pennsylvania,10,138.0,138.0
6508,Ronkonkoma,41.4423,-75.5855,Pennsylvania,10,138.0,138.0
6509,Kilvert Street,41.38,-75.5992,Pennsylvania,10,138.0,138.0
6510,Church Street,41.4117,-75.5835,Pennsylvania,10,138.0,138.0
6511,Emigration,41.3259,-75.6711,Pennsylvania,10,345.0,138.0
6512,Edgewater,41.4223,-75.6654,Pennsylvania,10,138.0,138.0
6513,Market St,41.4513,-75.6778,Pennsylvania,10,345.0,1.0
6514,King Street,41.2832,-75.6813,Pennsylvania,10,138.0,138.0
6515,Stockhouse Rd,41.4367,-75.6455,Pennsylvania,10,138.0,138.0
6516,Kyles Ford,41.4183,-75.6319,Pennsylvania,10,138.0,138.0
6517,Stamey,41.4945,-75.659,Pennsylvania,10,138.0,138.0
6518,Eureka Reit,41.3954,-75.778,Pennsylvania,10,138.0,138.0
6519,Weatherspoon Plant Station,41.4567,-75.7486,Pennsylvania,10,138.0,138.0
6520,Recway,41.466,-75.6067,Pennsylvania,10,138.0,138.0
6521,Hedges,39.909,-76.0172,Pennsylvania,10,345.0,138.0
6522,Centralf,40.0374,-76.5292,Pennsylvania,10,138.0,138.0
6523,Roza,39.9985,-76.5021,Pennsylvania,10,138.0,138.0
6524,San Luis Obispo,39.9897,-76.5335,Pennsylvania,10,138.0,138.0
6525,Livingston Ridge,39.8953,-76.3122,Pennsylvania,10,138.0,138.0
6526,Fish Creek,39.9554,-76.3946,Pennsylvania,10,138.0,138.0
6527,Pipers Gap,40.2036,-76.0258,Pennsylvania,10,138.0,138.0
6528,East City,40.305,-76.0105,Pennsylvania,10,138.0,138.0
6529,Highgrove,40.1078,-76.0591,Pennsylvania,10,138.0,138.0
6530,Poncha Junction,40.1962,-76.1503,Pennsylvania,10,138.0,138.0
6531,Trentwood,40.2428,-76.2096,Pennsylvania,10,345.0,138.0
6532,Ykk Usa Chestney,40.2649,-76.1956,Pennsylvania,10,138.0,138.0
6533,Eagle,40.1631,-76.1536,Pennsylvania,10,500.0,1.0
6534,Pacheco,40.1554,-76.2497,Pennsylvania,10,138.0,138.0
6535,Lawrence Road,39.975,-76.2875,Pennsylvania,10,345.0,138.0
6536,Millwood,39.9956,-76.2994,Pennsylvania,10,138.0,138.0
6537,Engleside,40.0133,-76.2801,Pennsylvania,10,138.0,138.0
6538,Burle,40.0823,-76.2617,Pennsylvania,10,138.0,138.0
6539,Blooming Prairie,40.1661,-76.2716,Pennsylvania,10,138.0,138.0
6540,Jordan,40.0137,-76.3351,Pennsylvania,10,138.0,138.0
6541,N. Sardis,40.0735,-76.362,Pennsylvania,10,138.0,138.0
6542,South Camano,40.11,-76.3075,Pennsylvania,10,138.0,138.0
6543,West Point,39.9779,-76.2053,Pennsylvania,10,138.0,138.0
6544,Bird City,40.038,-76.3345,Pennsylvania,10,138.0,138.0
6545,Leola,40.0487,-76.2129,Pennsylvania,10,138.0,138.0
6546,Rohrerstown,40.054,-76.3649,Pennsylvania,10,345.0,138.0
6547,Underwood,40.0155,-76.37,Pennsylvania,10,138.0,138.0
6548,Neely,40.1003,-76.121,Pennsylvania,10,138.0,138.0
6549,High Falls,40.2546,-76.2271,Pennsylvania,10,138.0,138.0
6550,Chattahoochee Energy Facility,40.1698,-76.3025,Pennsylvania,10,345.0,138.0
6551,Unionville,40.2214,-76.3177,Pennsylvania,10,138.0,138.0
6552,Sprinkle,40.1586,-76.3145,Pennsylvania,10,138.0,138.0
6553,Hygiene,40.1916,-76.4572,Pennsylvania,10,138.0,138.0
6554,Mt Joy,40.1246,-76.4541,Pennsylvania,10,138.0,138.0
6555,Mira Loma,40.2381,-76.4977,Pennsylvania,10,138.0,138.0
6556,Fuller Tap,40.1392,-76.4131,Pennsylvania,10,138.0,138.0
6557,Teal,39.9377,-76.2808,Pennsylvania,10,138.0,138.0
6558,Patterson,39.9655,-76.3342,Pennsylvania,10,138.0,138.0
6559,Donerville,40.018,-76.4081,Pennsylvania,10,138.0,138.0
6560,Kimball,40.0295,-76.6028,Pennsylvania,10,138.0,138.0
6561,Donegal,40.0752,-76.5724,Pennsylvania,10,138.0,138.0
6562,North Hendrickson,40.1522,-76.5018,Pennsylvania,10,138.0,138.0
6563,Lancaster Air Products,40.0566,-76.4099,Pennsylvania,10,138.0,138.0
6564,West Hempfield,40.0093,-76.4471,Pennsylvania,10,138.0,138.0
6565,Caveman,40.1582,-76.0975,Pennsylvania,10,138.0,138.0
6566,Cuartel Drogas Y Narcoticos,40.0974,-76.0142,Pennsylvania,10,138.0,138.0
6567,Golden Ponds Tap,40.1318,-76.1061,Pennsylvania,10,138.0,138.0
6568,Capay,40.3021,-76.2582,Pennsylvania,10,138.0,138.0
6569,Lost Hillschevron,40.033,-76.1029,Pennsylvania,10,138.0,138.0
6570,Banta Carbona,39.946,-76.1062,Pennsylvania,10,138.0,138.0
6571,Filtrotec,39.8134,-76.1685,Pennsylvania,10,138.0,138.0
6572,Decorative Panels Intl,39.9176,-76.1951,Pennsylvania,10,138.0,138.0
6573,Pineview,39.8798,-76.2585,Pennsylvania,10,138.0,138.0
6574,Bloomington Whitehall Pike,39.8917,-76.1558,Pennsylvania,10,138.0,138.0
6575,Uknown12262,39.9875,-76.1463,Pennsylvania,10,138.0,138.0
6576,Airway Heights,39.9709,-76.246,Pennsylvania,10,138.0,138.0
6577,Lewisburg,40.3437,-76.6541,Pennsylvania,10,138.0,138.0
6578,Loganville,40.5234,-76.5913,Pennsylvania,10,138.0,138.0
6579,Montefiore,40.4827,-76.5833,Pennsylvania,10,138.0,138.0
6580,Golden Gate,40.5189,-76.5133,Pennsylvania,10,138.0,138.0
6581,Sockanosset,40.301,-76.4587,Pennsylvania,10,138.0,138.0
6582,Rock-Tenn Mill,40.2961,-76.4821,Pennsylvania,10,138.0,138.0
6583,Overton 2,40.3317,-76.4168,Pennsylvania,10,138.0,138.0
6584,Chemawa,40.3249,-76.4688,Pennsylvania,10,138.0,138.0
6585,Industry,40.4257,-76.4561,Pennsylvania,10,345.0,1.0
6586,Collierville,40.3978,-76.4205,Pennsylvania,10,138.0,138.0
6587,Don Pedro,40.4062,-76.4345,Pennsylvania,10,138.0,138.0
6588,Blue Lake,40.452,-76.4604,Pennsylvania,10,138.0,138.0
6589,Pinnacle Peak Walc,40.5683,-76.3977,Pennsylvania,10,138.0,138.0
6590,Maple Lake,40.5289,-76.4231,Pennsylvania,10,138.0,138.0
6591,Greynolds,40.4959,-76.4362,Pennsylvania,10,138.0,138.0
6592,Greenwood Mi,40.7191,-75.4391,Pennsylvania,10,138.0,138.0
6593,Spencer Hydro,40.5092,-75.3465,Pennsylvania,10,138.0,138.0
6594,Fred H. Smith,40.5477,-75.5007,Pennsylvania,10,138.0,138.0
6595,Phelps Dodge,40.69,-75.5437,Pennsylvania,10,138.0,138.0
6596,Talenenergy Martin Creek Llc Allentown,40.62,-75.4715,Pennsylvania,10,138.0,138.0
6597,Boyer,40.6688,-75.4782,Pennsylvania,10,138.0,138.0
6598,Ruch,40.5037,-75.4298,Pennsylvania,10,500.0,138.0
6599,Arcata,40.5746,-75.3957,Pennsylvania,10,138.0,138.0
6600,Flagami,40.6501,-75.4158,Pennsylvania,10,138.0,138.0
6601,Brodhead,40.5408,-75.4217,Pennsylvania,10,138.0,138.0
6602,Dornyville,40.5763,-75.5326,Pennsylvania,10,138.0,138.0
6603,Pecho Valley,40.5276,-75.4733,Pennsylvania,10,138.0,138.0
6604,Wakefield Junction,40.638,-75.4437,Pennsylvania,10,138.0,138.0
6605,Del Bac,40.6129,-75.5826,Pennsylvania,10,138.0,138.0
6606,Point Street,40.6615,-75.5863,Pennsylvania,10,138.0,138.0
6607,Plattsburgh,40.6063,-75.5369,Pennsylvania,10,345.0,1.0
6608,Lancaster Distribution,40.5977,-75.3548,Pennsylvania,10,138.0,138.0
6609,Warm Springs,40.6273,-75.4503,Pennsylvania,10,138.0,138.0
6610,Quarry,40.6069,-75.3722,Pennsylvania,10,138.0,138.0
6611,Rialto,40.5548,-75.3728,Pennsylvania,10,138.0,138.0
6612,Sunlake,40.667,-75.4164,Pennsylvania,10,138.0,138.0
6613,Fiddyment,40.6112,-75.3852,Pennsylvania,10,138.0,138.0
6614,North Bloomfield,40.6737,-75.3871,Pennsylvania,10,138.0,138.0
6615,Oakes,40.6378,-75.3128,Pennsylvania,10,138.0,138.0
6616,Northampton Generating Company Lp,40.6919,-75.4615,Pennsylvania,10,138.0,138.0
6617,San Fernando,40.7049,-75.3123,Pennsylvania,10,138.0,138.0
6618,Freeman,40.5929,-75.4708,Pennsylvania,10,138.0,138.0
6619,Red Hills Generating Facility,40.5937,-75.3684,Pennsylvania,10,138.0,138.0
6620,Olney,40.7489,-75.4945,Pennsylvania,10,138.0,138.0
6621,Hosensack,40.4937,-75.5031,Pennsylvania,10,138.0,138.0
6622,Wescosville,40.5657,-75.5675,Pennsylvania,10,138.0,138.0
6623,Embudo,40.6622,-75.7473,Pennsylvania,10,138.0,138.0
6624,Claude Vandyke,40.6259,-75.7242,Pennsylvania,10,138.0,138.0
6625,Elgin,40.564,-75.6018,Pennsylvania,10,138.0,138.0
6626,Luling,40.7221,-75.6472,Pennsylvania,10,138.0,138.0
6627,Hamilton A,40.8142,-75.684,Pennsylvania,10,138.0,138.0
6628,Wilson,40.7581,-75.6688,Pennsylvania,10,138.0,138.0
6629,Lakehead Cambridge,40.7691,-75.5735,Pennsylvania,10,138.0,138.0
6630,Tascaderos,40.6484,-75.5711,Pennsylvania,10,138.0,138.0
6631,Siegfried,40.7038,-75.5505,Pennsylvania,10,138.0,138.0
6632,Bradley Lake,40.6112,-75.5122,Pennsylvania,10,138.0,138.0
6633,Desal,41.3336,-76.0659,Pennsylvania,10,138.0,138.0
6634,Frontier Windpower,41.255,-76.0428,Pennsylvania,10,138.0,138.0
6635,Lookingglass,41.304,-76.052,Pennsylvania,10,138.0,138.0
6636,Erie St,41.3379,-75.9916,Pennsylvania,10,138.0,138.0
6637,Van Buren,41.0849,-75.9987,Pennsylvania,10,138.0,138.0
6638,Glen Carter,41.1219,-76.0429,Pennsylvania,10,138.0,138.0
6639,Cameron,41.0694,-75.7967,Pennsylvania,10,138.0,138.0
6640,Cedarvale,41.0036,-75.884,Pennsylvania,10,138.0,138.0
6641,Wood River,41.4949,-76.0998,Pennsylvania,10,138.0,138.0
6642,Grove,40.8916,-76.0839,Pennsylvania,10,138.0,138.0
6643,Costa Sur Plant,41.0129,-76.0624,Pennsylvania,10,138.0,138.0
6644,Black River,40.9453,-75.9773,Pennsylvania,10,138.0,138.0
6645,East Grangeville,41.0909,-76.0774,Pennsylvania,10,138.0,138.0
6646,Rio,41.3395,-76.1236,Pennsylvania,10,138.0,138.0
6647,Sub 6647,41.2326,-75.8898,Pennsylvania,10,138.0,138.0
6648,Vfw Park,41.1474,-75.9606,Pennsylvania,10,345.0,1.0
6649,Mt. Olive,41.2884,-75.9118,Pennsylvania,10,138.0,138.0
6650,Kiefer Landfill,41.2522,-75.8376,Pennsylvania,10,138.0,138.0
6651,Abilene Maple Street,41.084,-75.9479,Pennsylvania,10,138.0,138.0
6652,Osawatomie Power Plant North,41.054,-75.9625,Pennsylvania,10,138.0,138.0
6653,Moab Salt,41.1321,-75.8706,Pennsylvania,10,138.0,138.0
6654,Forge 2,41.1362,-76.0843,Pennsylvania,10,138.0,138.0
6655,Calvo,41.2124,-75.9814,Pennsylvania,10,138.0,138.0
6656,James River Power Station,41.2633,-75.7236,Pennsylvania,10,138.0,138.0
6657,Wapato,41.308,-75.7025,Pennsylvania,10,138.0,138.0
6658,Oakland L,41.3106,-75.7582,Pennsylvania,10,138.0,138.0
6659,Spencer Switch,41.2162,-75.766,Pennsylvania,10,138.0,138.0
6660,Sithe Independence Station,41.31,-75.8152,Pennsylvania,10,138.0,138.0
6661,Wren,41.4114,-75.8523,Pennsylvania,10,138.0,138.0
6662,Bearwallow,41.4231,-75.8979,Pennsylvania,10,138.0,138.0
6663,North Mesa,41.2838,-76.023,Pennsylvania,10,138.0,138.0
6664,Dumbarton,41.3504,-75.9585,Pennsylvania,10,138.0,138.0
6665,Northport,41.1645,-75.9221,Pennsylvania,10,138.0,138.0
6666,Abilene Industrial Park,41.2468,-75.9704,Pennsylvania,10,138.0,138.0
6667,Fulford,41.3056,-75.9715,Pennsylvania,10,138.0,138.0
6668,Manor,40.9448,-76.1349,Pennsylvania,10,138.0,138.0
6669,Forest Hill,40.9908,-76.1412,Pennsylvania,10,138.0,138.0
6670,Wheelabrator North Broward,41.4058,-76.2557,Pennsylvania,10,138.0,138.0
6671,Limestone,41.2161,-75.7103,Pennsylvania,10,345.0,138.0
6672,Leesburg Picciola,41.1762,-75.7196,Pennsylvania,10,138.0,138.0
6673,Midlake,41.176,-75.8068,Pennsylvania,10,138.0,138.0
6674,Sandy Valley,41.2213,-75.82,Pennsylvania,10,138.0,138.0
6675,Miguel Lujan Tap Ns Line,41.2691,-75.8533,Pennsylvania,10,138.0,138.0
6676,Usaa 2,41.3314,-75.8009,Pennsylvania,10,138.0,138.0
6677,Kirker Tap 2,41.3096,-75.8441,Pennsylvania,10,138.0,138.0
6678,Ltg Pleasant Hill,41.1427,-76.0022,Pennsylvania,10,138.0,138.0
6679,Strathcona,41.1942,-75.9336,Pennsylvania,10,138.0,138.0
6680,Pauline,41.3466,-75.8491,Pennsylvania,10,138.0,138.0
6681,Springhill,41.066,-77.0805,Pennsylvania,10,138.0,138.0
6682,Elk Falls Mill,41.2693,-77.1266,Pennsylvania,10,138.0,138.0
6683,Nile Creek Terminal,41.389,-77.1072,Pennsylvania,10,138.0,138.0
6684,Nepco,41.3854,-77.0296,Pennsylvania,10,138.0,138.0
6685,Basscreek,41.2935,-76.7567,Pennsylvania,10,138.0,138.0
6686,Melones Tap 1,41.6509,-77.018,Pennsylvania,10,138.0,138.0
6687,Elimsport,41.1861,-76.9614,Pennsylvania,10,138.0,138.0
6688,Napa,41.2989,-76.8469,Pennsylvania,10,138.0,138.0
6689,Tropico,41.2558,-76.9028,Pennsylvania,10,138.0,138.0
6690,Van Horne,41.5711,-76.9706,Pennsylvania,10,138.0,138.0
6691,North Saraland,41.463,-77.0179,Pennsylvania,10,138.0,138.0
6692,Santeetlah,41.3678,-76.8455,Pennsylvania,10,138.0,138.0
6693,Rosemark,41.3817,-76.839,Pennsylvania,10,345.0,138.0
6694,Seminola,41.4017,-76.8097,Pennsylvania,10,138.0,138.0
6695,Trentville,41.3327,-76.8824,Pennsylvania,10,138.0,138.0
6696,Mirage,41.1351,-77.1098,Pennsylvania,10,138.0,138.0
6697,Lycoming,41.2257,-77.0572,Pennsylvania,10,138.0,138.0
6698,Chelsea,41.1769,-77.1344,Pennsylvania,10,138.0,138.0
6699,Second Avenue,40.7074,-77.3659,Pennsylvania,10,138.0,138.0
6700,Marcus Hook Refinery Cogen,40.8214,-77.3868,Pennsylvania,10,138.0,138.0
6701,Colorado River,40.7122,-77.274,Pennsylvania,10,138.0,138.0
6702,Garibaldi,40.7997,-77.5109,Pennsylvania,10,138.0,138.0
6703,Honey Lake,41.1805,-75.0178,Pennsylvania,10,345.0,138.0
6704,Rio Bravo Poso,41.1411,-75.0007,Pennsylvania,10,138.0,138.0
6705,Perez,41.1879,-75.2594,Pennsylvania,10,138.0,138.0
6706,Weiner,41.0335,-75.0624,Pennsylvania,10,138.0,138.0
6707,Salmon Creek 1,41.1354,-75.0463,Pennsylvania,10,138.0,138.0
6708,White Mt. Radio,41.1355,-75.1822,Pennsylvania,10,138.0,138.0
6709,Ayer,41.1506,-75.1519,Pennsylvania,10,138.0,138.0
6710,G.E. Control,41.0598,-75.1592,Pennsylvania,10,138.0,138.0
6711,Tule,41.1018,-75.1236,Pennsylvania,10,138.0,138.0
6712,Grouse Creek,41.0438,-75.1515,Pennsylvania,10,345.0,138.0
6713,Carmichael,41.0793,-75.1496,Pennsylvania,10,138.0,138.0
6714,Blue Mountain,40.8988,-75.4647,Pennsylvania,10,345.0,1.0
6715,Bollman,41.0441,-75.4268,Pennsylvania,10,138.0,138.0
6716,Astro,40.9017,-75.5134,Pennsylvania,10,138.0,138.0
6717,Truman,41.1158,-75.624,Pennsylvania,10,138.0,138.0
6718,Hemingway,40.9658,-75.319,Pennsylvania,10,138.0,138.0
6719,Cwec Iola,40.8626,-75.4497,Pennsylvania,10,138.0,138.0
6720,Floral Hills,40.8335,-75.3027,Pennsylvania,10,138.0,138.0
6721,Whisman,41.0903,-75.3087,Pennsylvania,10,138.0,138.0
6722,Sandhill,41.0501,-75.3137,Pennsylvania,10,138.0,138.0
6723,Tenth St,40.9326,-75.3357,Pennsylvania,10,138.0,138.0
6724,Winder,40.9319,-75.3867,Pennsylvania,10,138.0,138.0
6725,Glory Rd,41.0791,-75.3937,Pennsylvania,10,500.0,138.0
6726,Tazewell,41.2077,-75.3671,Pennsylvania,10,345.0,138.0
6727,Wiota,41.2082,-75.3995,Pennsylvania,10,138.0,138.0
6728,Texaco Trading,41.2324,-75.4061,Pennsylvania,10,138.0,138.0
6729,Southeast,40.16,-75.1873,Pennsylvania,10,138.0,138.0
6730,Stony Point Tap,40.1451,-75.1553,Pennsylvania,10,138.0,138.0
6731,Leakesville Goab,40.2559,-75.2402,Pennsylvania,10,138.0,138.0
6732,Middle Fork,40.1114,-75.1048,Pennsylvania,10,138.0,138.0
6733,Cavanaugh,40.053,-75.2197,Pennsylvania,10,138.0,138.0
6734,Silver Peak,40.1707,-75.3516,Pennsylvania,10,138.0,138.0
6735,Moneta,40.2594,-75.17,Pennsylvania,10,138.0,138.0
6736,Blanchard,40.1676,-75.2745,Pennsylvania,10,138.0,138.0
6737,Los Molinos,40.1257,-75.5614,Pennsylvania,10,138.0,138.0
6738,Centerpoint,40.2208,-75.332,Pennsylvania,10,138.0,138.0
6739,Channel Island,40.1924,-75.4233,Pennsylvania,10,138.0,138.0
6740,North Branch Mn,40.2458,-75.3957,Pennsylvania,10,138.0,138.0
6741,Ottauquechee Hydro,40.0783,-75.3412,Pennsylvania,10,138.0,138.0
6742,Kent,40.0953,-75.2656,Pennsylvania,10,138.0,138.0
6743,Heaton,40.1314,-75.1263,Pennsylvania,10,138.0,138.0
6744,Wolf Point,40.4182,-75.5738,Pennsylvania,10,138.0,138.0
6745,North Boyertown,40.3484,-75.6043,Pennsylvania,10,138.0,138.0
6746,Petersburg Station,40.2932,-75.5584,Pennsylvania,10,138.0,138.0
6747,Tarlett,40.1321,-75.1716,Pennsylvania,10,138.0,138.0
6748,North Moscow,40.0366,-75.1666,Pennsylvania,10,138.0,138.0
6749,Fox Chase,40.066,-75.079,Pennsylvania,10,138.0,138.0
6750,Depoe Bay,40.1521,-75.17,Pennsylvania,10,138.0,138.0
6751,Merritt,40.3543,-75.4419,Pennsylvania,10,138.0,138.0
6752,Calaveras,40.3005,-75.3802,Pennsylvania,10,138.0,1.0
6753,Fredonia,40.2765,-75.3896,Pennsylvania,10,345.0,138.0
6754,Broadway In,40.0831,-75.2359,Pennsylvania,10,138.0,138.0
6755,Warminster,40.1865,-75.0988,Pennsylvania,10,138.0,138.0
6756,Kingstree,40.1363,-75.0859,Pennsylvania,10,138.0,138.0
6757,Pulaski,40.034,-75.1888,Pennsylvania,10,138.0,138.0
6758,Barbadoes,40.1099,-75.3543,Pennsylvania,10,138.0,138.0
6759,Hobart,40.063,-75.4166,Pennsylvania,10,345.0,138.0
6760,Synata Hugoton,40.1659,-75.2481,Pennsylvania,10,138.0,138.0
6761,Shady Glen,40.1797,-75.2113,Pennsylvania,10,138.0,138.0
6762,Denton Dr,40.2901,-75.2559,Pennsylvania,10,500.0,138.0
6763,Elroy,40.2717,-75.3085,Pennsylvania,10,138.0,138.0
6764,North Wales,40.2047,-75.2669,Pennsylvania,10,345.0,138.0
6765,Covanta Plymouth Renewable Energy,40.0738,-75.3093,Pennsylvania,10,138.0,138.0
6766,Whitpain,40.189,-75.3114,Pennsylvania,10,138.0,138.0
6767,Victor,40.0519,-75.3279,Pennsylvania,10,138.0,138.0
6768,Shellburn,40.0617,-75.3035,Pennsylvania,10,138.0,138.0
6769,Perkiomen,40.2065,-75.4294,Pennsylvania,10,138.0,138.0
6770,Dexter Tap,40.1914,-75.3545,Pennsylvania,10,138.0,138.0
6771,Betzwood,40.1149,-75.4155,Pennsylvania,10,138.0,138.0
6772,Okay,40.1535,-75.3469,Pennsylvania,10,345.0,138.0
6773,Hartman,40.2361,-75.2278,Pennsylvania,10,138.0,138.0
6774,Ramos,40.2327,-75.2012,Pennsylvania,10,138.0,138.0
6775,Racer,40.282,-75.2832,Pennsylvania,10,138.0,138.0
6776,Jack Creek,40.2663,-75.226,Pennsylvania,10,138.0,138.0
6777,Encinitas,40.3578,-75.4972,Pennsylvania,10,138.0,138.0
6778,Papago Buttes,40.0921,-75.1842,Pennsylvania,10,138.0,138.0
6779,Technical Ecological S. R. Research Center,40.0945,-75.218,Pennsylvania,10,138.0,138.0
6780,Elks,40.1193,-75.2641,Pennsylvania,10,138.0,138.0
6781,Anthony,40.1843,-75.2396,Pennsylvania,10,138.0,138.0
6782,Plymouth Meeting,40.1217,-75.3012,Pennsylvania,10,138.0,138.0
6783,Upper Providence,40.2001,-75.53,Pennsylvania,10,138.0,138.0
6784,Walnut Wind Farm,40.165,-75.4374,Pennsylvania,10,138.0,138.0
6785,Cibolo Creek,40.251,-75.5449,Pennsylvania,10,138.0,138.0
6786,Tompkinsville,40.2684,-75.4596,Pennsylvania,10,138.0,138.0
6787,Silver Bow,40.9779,-76.8398,Pennsylvania,10,345.0,1.0
6788,Blue Water,40.9835,-76.8034,Pennsylvania,10,138.0,138.0
6789,Poncha,41.1192,-76.6748,Pennsylvania,10,138.0,138.0
6790,Panda Patriot Generation Plant,41.2016,-76.8378,Pennsylvania,10,138.0,138.0
6791,Waldrip,40.8214,-75.2126,Pennsylvania,10,138.0,138.0
6792,Border Steel,40.7688,-75.2338,Pennsylvania,10,138.0,138.0
6793,Rolling Hills,40.8704,-75.1935,Pennsylvania,10,138.0,138.0
6794,Pilgrim,40.7693,-75.3577,Pennsylvania,10,138.0,138.0
6795,Pomaria,40.7182,-75.3737,Pennsylvania,10,138.0,138.0
6796,Niceville,40.7496,-75.4245,Pennsylvania,10,138.0,138.0
6797,Wild Rose,40.6586,-75.3713,Pennsylvania,10,138.0,138.0
6798,High Bridge,40.7013,-75.2582,Pennsylvania,10,138.0,138.0
6799,Verde Creek,40.6994,-75.0909,Pennsylvania,10,138.0,138.0
6800,Glendon,40.6745,-75.2015,Pennsylvania,10,138.0,138.0
6801,Catrons Creek,40.6362,-75.2443,Pennsylvania,10,138.0,138.0
6802,Shoreline,40.6803,-75.2841,Pennsylvania,10,138.0,138.0
6803,Hubbard,40.8324,-75.2592,Pennsylvania,10,138.0,138.0
6804,Cimarron River,40.7672,-75.1928,Pennsylvania,10,138.0,138.0
6805,Belfast,40.7594,-75.2757,Pennsylvania,10,138.0,138.0
6806,Holmes,40.6577,-75.2669,Pennsylvania,10,138.0,138.0
6807,Kirkwall,40.696,-75.2858,Pennsylvania,10,138.0,138.0
6808,San Andreas,40.6439,-75.2921,Pennsylvania,10,138.0,138.0
6809,Lexington,40.9176,-75.0859,Pennsylvania,10,138.0,138.0
6810,Fargo 2,40.8332,-75.0498,Pennsylvania,10,138.0,138.0
6811,Sierra Pacific Lumber,40.8597,-75.2832,Pennsylvania,10,138.0,138.0
6812,Barnham,40.7411,-75.3175,Pennsylvania,10,345.0,138.0
6813,Spring Creek,40.8497,-75.3964,Pennsylvania,10,138.0,138.0
6814,Santa Isabel,40.6127,-75.412,Pennsylvania,10,138.0,138.0
6815,New Orleans,40.8277,-75.4126,Pennsylvania,10,138.0,138.0
6816,Sno-King,40.7041,-75.495,Pennsylvania,10,138.0,138.0
6817,Gold River,40.8282,-75.5148,Pennsylvania,10,138.0,138.0
6818,Country Club,40.7388,-75.5694,Pennsylvania,10,138.0,138.0
6819,Oakley,40.7756,-76.5482,Pennsylvania,10,138.0,138.0
6820,Evergreen Tap 2,40.8589,-76.6243,Pennsylvania,10,138.0,138.0
6821,Rosita Creek,40.6857,-76.5794,Pennsylvania,10,138.0,138.0
6822,Century,40.7989,-76.5063,Pennsylvania,10,138.0,138.0
6823,Fox Creek,40.772,-76.4468,Pennsylvania,10,138.0,138.0
6824,Barrick,40.7539,-76.4973,Pennsylvania,10,138.0,138.0
6825,Pine Tree Acres Wm Lfgte,40.9321,-76.7146,Pennsylvania,10,138.0,138.0
6826,Lena,41.0073,-76.6978,Pennsylvania,10,138.0,138.0
6827,Fillmore,40.7909,-76.7592,Pennsylvania,10,138.0,138.0
6828,Marsh Run Ct,40.7282,-76.6872,Pennsylvania,10,138.0,138.0
6829,Newdale,40.8167,-76.7151,Pennsylvania,10,138.0,138.0
6830,Dilley Switching,40.852,-76.7502,Pennsylvania,10,138.0,138.0
6831,Anheuser-Busch,40.801,-76.8057,Pennsylvania,10,138.0,138.0
6832,George Johnson,40.4281,-77.3547,Pennsylvania,10,138.0,138.0
6833,Hazelton,40.3921,-77.4814,Pennsylvania,10,138.0,138.0
6834,Turkey Ford,40.5321,-77.1959,Pennsylvania,10,138.0,138.0
6835,Carcel Guayama,40.3735,-77.2105,Pennsylvania,10,138.0,138.0
6836,Juniata,40.4031,-77.1646,Pennsylvania,10,138.0,138.0
6837,San Lorenzo,40.5607,-77.1529,Pennsylvania,10,138.0,138.0
6838,Cully,40.4602,-77.0957,Pennsylvania,10,138.0,138.0
6839,Lake Road Mo,40.323,-77.1406,Pennsylvania,10,138.0,138.0
6840,Nashville,40.3313,-77.2716,Pennsylvania,10,138.0,138.0
6841,Apollo,40.1356,-74.9992,Pennsylvania,10,138.0,138.0
6842,Woodbourne,40.1834,-74.8854,Pennsylvania,10,138.0,138.0
6843,Skyline,40.0646,-75.016,Pennsylvania,10,138.0,138.0
6844,West Frankfort,40.1176,-74.9866,Pennsylvania,10,138.0,138.0
6845,Baird,40.0191,-75.0227,Pennsylvania,10,138.0,138.0
6846,Thornhill,40.0842,-74.9948,Pennsylvania,10,138.0,138.0
6847,Bluegrass,40.0683,-75.04,Pennsylvania,10,138.0,138.0
6848,Fort Nelson,40.1063,-74.9608,Pennsylvania,10,138.0,138.0
6849,Indego,39.951,-75.0233,Pennsylvania,10,138.0,138.0
6850,Swift,39.9975,-75.0441,Pennsylvania,10,138.0,138.0
6851,West Jax,40.0258,-74.9615,Pennsylvania,10,138.0,138.0
6852,Palm Village,40.0034,-74.9926,Pennsylvania,10,138.0,138.0
6853,Sandstone Rapids Hy,40.0903,-75.0628,Pennsylvania,10,138.0,138.0
6854,Richmond Generating Station,39.9933,-75.065,Pennsylvania,10,138.0,138.0
6855,Dike,40.1004,-75.0828,Pennsylvania,10,138.0,138.0
6856,Dowell,40.086,-75.042,Pennsylvania,10,138.0,138.0
6857,Laurel Wind Farm,40.0762,-75.0507,Pennsylvania,10,138.0,138.0
6858,Virginia Key,40.0393,-75.0145,Pennsylvania,10,138.0,138.0
6859,Windy Gap,40.0845,-75.0927,Pennsylvania,10,138.0,138.0
6860,E Batavia,40.1019,-75.0624,Pennsylvania,10,138.0,138.0
6861,South Gorham,40.0139,-74.9654,Pennsylvania,10,138.0,138.0
6862,Delaware,39.9523,-75.1183,Pennsylvania,10,138.0,138.0
6863,Duson,40.0284,-75.1458,Pennsylvania,10,138.0,138.0
6864,Squaw Valley,39.9533,-75.035,Pennsylvania,10,138.0,138.0
6865,Meyer,40.0432,-75.0568,Pennsylvania,10,138.0,138.0
6866,Byberry,40.129,-75.0099,Pennsylvania,10,138.0,138.0
6867,Miramar,40.0518,-75.0003,Pennsylvania,10,138.0,138.0
6868,Tolson Solar,40.1696,-75.0172,Pennsylvania,10,138.0,138.0
6869,Sandy Run,40.1192,-75.0289,Pennsylvania,10,138.0,138.0
6870,North Wayne,40.0583,-74.9972,Pennsylvania,10,138.0,138.0
6871,Sargent,40.0572,-75.1514,Pennsylvania,10,138.0,138.0
6872,Owens Illinois,39.9942,-75.0245,Pennsylvania,10,138.0,138.0
6873,Wekiwa,40.0307,-75.0517,Pennsylvania,10,138.0,138.0
6874,Catoosa,40.0728,-75.0913,Pennsylvania,10,138.0,138.0
6875,Fitzgerald,39.9674,-75.1728,Pennsylvania,10,138.0,138.0
6876,Camden,39.9747,-75.0536,Pennsylvania,10,138.0,138.0
6877,Adair,39.9394,-75.0133,Pennsylvania,10,138.0,138.0
6878,Ottawa,39.9488,-75.1056,Pennsylvania,10,138.0,138.0
6879,Cascade,39.9595,-75.1444,Pennsylvania,10,138.0,138.0
6880,Morgan Community Solar,40.0488,-75.1499,Pennsylvania,10,138.0,138.0
6881,Crescentville,40.0374,-75.1041,Pennsylvania,10,138.0,138.0
6882,Mint Farm,40.0526,-75.1707,Pennsylvania,10,138.0,138.0
6883,Burholme,40.034,-75.0822,Pennsylvania,10,138.0,138.0
6884,Monroe Mo,40.0216,-75.1655,Pennsylvania,10,138.0,138.0
6885,Southwark,39.9133,-75.1439,Pennsylvania,10,138.0,138.0
6886,Bell Shoals,39.9702,-75.1591,Pennsylvania,10,138.0,1.0
6887,Freewater,40.0849,-75.1178,Pennsylvania,10,138.0,138.0
6888,Eagle Point Power Generation,39.8646,-75.1531,Pennsylvania,10,138.0,138.0
6889,Bamber Valley,40.0057,-75.0769,Pennsylvania,10,138.0,138.0
6890,Cooley Landing,40.0144,-75.27,Pennsylvania,10,138.0,138.0
6891,Cuthbert,39.9169,-75.0603,Pennsylvania,10,138.0,138.0
6892,Riggsville,39.9648,-75.0598,Pennsylvania,10,138.0,138.0
6893,Tuna,39.9649,-75.0971,Pennsylvania,10,138.0,138.0
6894,Jones Fork,40.0032,-75.134,Pennsylvania,10,138.0,138.0
6895,Jenkintown,40.1122,-75.1388,Pennsylvania,10,138.0,138.0
6896,Pw Pipe,40.0625,-75.0962,Pennsylvania,10,138.0,138.0
6897,Schuylkill,39.9462,-75.1885,Pennsylvania,10,138.0,138.0
6898,Don,39.932,-75.167,Pennsylvania,10,138.0,138.0
6899,Woodlynne,39.923,-75.0951,Pennsylvania,10,138.0,138.0
6900,Milagro Cogeneration,39.8246,-75.1306,Pennsylvania,10,138.0,138.0
6901,Cosmar,39.9318,-75.1052,Pennsylvania,10,138.0,138.0
6902,Passyunk,39.9177,-75.1831,Pennsylvania,10,138.0,138.0
6903,Clayton,39.8127,-75.0807,Pennsylvania,10,138.0,138.0
6904,Mcwilliams,39.9861,-75.0971,Pennsylvania,10,138.0,138.0
6905,Fox Lake,39.8998,-75.1464,Pennsylvania,10,138.0,138.0
6906,Rudd,39.893,-75.1572,Pennsylvania,10,138.0,138.0
6907,Taft Cogeneration Facility,40.0039,-75.2036,Pennsylvania,10,138.0,138.0
6908,Oneta Energy Center,40.0721,-75.1689,Pennsylvania,10,138.0,138.0
6909,Pinedale,40.1215,-75.1831,Pennsylvania,10,138.0,138.0
6910,Saxon Pump,39.9612,-75.0791,Pennsylvania,10,138.0,138.0
6911,New Hogan,39.8343,-75.2782,Pennsylvania,10,138.0,138.0
6912,Callowhill,39.9593,-75.1559,Pennsylvania,10,138.0,138.0
6913,Castaic,40.1514,-75.2103,Pennsylvania,10,138.0,138.0
6914,Leidesdorff-Coloma,40.0857,-75.1634,Pennsylvania,10,138.0,138.0
6915,Bullmoose,40.0559,-75.1222,Pennsylvania,10,138.0,138.0
6916,Westmoreland,40.0099,-75.1792,Pennsylvania,10,138.0,138.0
6917,Island Road,39.9011,-75.2455,Pennsylvania,10,138.0,138.0
6918,Zumbro Falls,39.8559,-75.1175,Pennsylvania,10,138.0,138.0
6919,Angora,39.9527,-75.2376,Pennsylvania,10,138.0,138.0
6920,Tabor,40.028,-75.1323,Pennsylvania,10,138.0,138.0
6921,Master,39.9822,-75.1787,Pennsylvania,10,138.0,138.0
6922,Jefferson Tap,39.815,-75.209,Pennsylvania,10,138.0,138.0
6923,Greys Ferry,39.931,-75.2001,Pennsylvania,10,138.0,138.0
6924,Reclaim,40.0171,-75.215,Pennsylvania,10,138.0,138.0
6925,El Porta,40.0738,-75.2064,Pennsylvania,10,138.0,138.0
6926,Wakarusa,40.1222,-75.1524,Pennsylvania,10,138.0,138.0
6927,North Gate Riverside Alte,39.9363,-75.2509,Pennsylvania,10,138.0,138.0
6928,Municipal Light,39.88,-75.198,Pennsylvania,10,138.0,138.0
6929,Dahlberg,39.9136,-75.2195,Pennsylvania,10,138.0,138.0
6930,Penrose,39.8943,-75.2059,Pennsylvania,10,138.0,138.0
6931,Thorofare,39.8304,-75.1566,Pennsylvania,10,138.0,138.0
6932,Warren,40.0261,-75.119,Pennsylvania,10,138.0,138.0
6933,Wheatland Station,40.0573,-75.1365,Pennsylvania,10,138.0,138.0
6934,North Philadelphia,39.9995,-75.1611,Pennsylvania,10,138.0,138.0
6935,Gibsonton,39.9142,-75.2769,Pennsylvania,10,138.0,138.0
6936,Robbie,40.068,-75.2926,Pennsylvania,10,138.0,1.0
6937,Vero Beach,40.1031,-75.2413,Pennsylvania,10,138.0,138.0
6938,Bala,39.9931,-75.2264,Pennsylvania,10,138.0,138.0
6939,Bemidji,39.9184,-75.2453,Pennsylvania,10,138.0,138.0
6940,Hunt,39.97,-75.2355,Pennsylvania,10,138.0,138.0
6941,Perry Street,39.8783,-75.2157,Pennsylvania,10,138.0,138.0
6942,Saragosa,39.9161,-75.1705,Pennsylvania,10,138.0,138.0
6943,Morgan,39.9149,-75.1996,Pennsylvania,10,138.0,138.0
6944,Indian Springs,40.0542,-75.2053,Pennsylvania,10,138.0,138.0
6945,Santa Ana 3,40.1594,-75.2108,Pennsylvania,10,138.0,138.0
6946,Tunnel,39.938,-75.2066,Pennsylvania,10,138.0,138.0
6947,Annacis Island,39.875,-75.2721,Pennsylvania,10,138.0,138.0
6948,Morton,39.9106,-75.3356,Pennsylvania,10,138.0,138.0
6949,Clinton Battery,39.9209,-75.2668,Pennsylvania,10,138.0,138.0
6950,Majestic,39.8631,-75.2493,Pennsylvania,10,138.0,138.0
6951,Waverly,39.9438,-75.1529,Pennsylvania,10,138.0,138.0
6952,Scyene Rd Tap,40.0215,-75.2464,Pennsylvania,10,138.0,138.0
6953,Warner,39.9931,-75.306,Pennsylvania,10,138.0,138.0
6954,Seminoe,39.9867,-75.206,Pennsylvania,10,138.0,138.0
6955,North Proctorville,41.469,-75.0317,Pennsylvania,10,138.0,138.0
6956,St. John,41.6062,-75.1496,Pennsylvania,10,138.0,138.0
6957,St Francis Energy Facility,41.1875,-74.9262,Pennsylvania,10,138.0,138.0
6958,Denver Terminal,41.2578,-75.0222,Pennsylvania,10,138.0,138.0
6959,Sheldon Springs Hydroelectric,41.3081,-75.3455,Pennsylvania,10,138.0,138.0
6960,Watercure,41.2827,-75.2631,Pennsylvania,10,138.0,138.0
6961,Blooming Grove,41.3899,-75.1979,Pennsylvania,10,138.0,138.0
6962,Brandford Rr,41.4283,-75.173,Pennsylvania,10,138.0,138.0
6963,Monrovia,41.3574,-75.0688,Pennsylvania,10,138.0,138.0
6965,Ward,41.2157,-74.7822,Pennsylvania,10,138.0,138.0
6967,Putnam Pike,41.2657,-74.8302,Pennsylvania,10,138.0,138.0
6968,Nesbit,41.3809,-74.8674,Pennsylvania,10,345.0,138.0
6969,Paragould Reciprocating,41.3218,-74.9237,Pennsylvania,10,138.0,138.0
6971,John B Rich Memorial Power Station,40.8013,-76.2016,Pennsylvania,10,138.0,138.0
6972,Elephant Butte,40.8735,-76.1241,Pennsylvania,10,138.0,138.0
6973,West Jordan,40.6201,-76.5014,Pennsylvania,10,138.0,138.0
6974,Shelline,40.8417,-76.0248,Pennsylvania,10,138.0,138.0
6975,Noxon,40.6737,-76.281,Pennsylvania,10,138.0,138.0
6976,Mesquite,40.7438,-75.9177,Pennsylvania,10,138.0,138.0
6977,Compo,40.6369,-76.0182,Pennsylvania,10,138.0,138.0
6978,Asbury,40.6024,-76.0932,Pennsylvania,10,138.0,138.0
6979,Quindaro,40.6769,-76.0557,Pennsylvania,10,138.0,138.0
6980,Comerford,40.7171,-76.2454,Pennsylvania,10,138.0,138.0
6981,Frackville,40.7655,-76.2208,Pennsylvania,10,138.0,138.0
6982,Quartz Creek,40.7039,-76.3226,Pennsylvania,10,138.0,138.0
6983,Gaston Rd,40.5832,-76.3136,Pennsylvania,10,138.0,138.0
6984,Rio Verde,40.7575,-76.1196,Pennsylvania,10,138.0,138.0
6985,Proctor Valley,40.5666,-76.1937,Pennsylvania,10,138.0,138.0
6986,Block Island,40.4983,-76.1618,Pennsylvania,10,138.0,138.0
6987,Epsy,40.6423,-76.3148,Pennsylvania,10,138.0,138.0
6988,Marengo-Sprr,40.8381,-76.1948,Pennsylvania,10,138.0,138.0
6989,Locust Ridge Ii Llc,40.8447,-76.2555,Pennsylvania,10,138.0,138.0
6990,Yelm Pp,40.7245,-75.9667,Pennsylvania,10,138.0,1.0
6991,Sunol,40.8371,-75.9726,Pennsylvania,10,138.0,1.0
6992,Eau Gallie,40.8187,-75.9226,Pennsylvania,10,138.0,138.0
6993,Camgen,40.8482,-77.1074,Pennsylvania,10,138.0,138.0
6994,Brier,40.8227,-77.0714,Pennsylvania,10,138.0,138.0
6995,Crockett,40.7762,-76.9446,Pennsylvania,10,138.0,138.0
6996,Little Goose,40.7977,-76.8998,Pennsylvania,10,138.0,138.0
6997,Placer,40.7799,-76.9088,Pennsylvania,10,138.0,138.0
6998,North Slidell,40.8556,-76.9459,Pennsylvania,10,138.0,138.0
6999,Hamilton,41.4757,-76.6052,Pennsylvania,10,138.0,138.0
7000,Rolling,41.4985,-76.4861,Pennsylvania,10,138.0,138.0
7001,Wheelabrator Millbury Facility,41.9692,-76.006,Pennsylvania,10,138.0,138.0
7003,Avenue N,41.9685,-75.8039,Pennsylvania,10,138.0,138.0
7004,Applegate,41.996,-75.7172,Pennsylvania,10,138.0,138.0
7005,Procter & Gamble Mehoopany Mill,41.5731,-76.0363,Pennsylvania,10,138.0,138.0
7006,Kokomo Highland Park,41.754,-75.9804,Pennsylvania,10,138.0,138.0
7007,Fayette,41.8785,-75.9194,Pennsylvania,10,138.0,138.0
7008,John Hart,41.8282,-75.9688,Pennsylvania,10,345.0,138.0
7009,Green Valley,41.7833,-75.7202,Pennsylvania,10,138.0,138.0
7010,Lambie,41.9973,-75.5433,Pennsylvania,10,138.0,138.0
7011,Sub 7011,41.8487,-75.5916,Pennsylvania,10,345.0,138.0
7012,Milliken,41.9206,-75.6132,Pennsylvania,10,138.0,138.0
7014,North Alvin,41.9037,-77.291,Pennsylvania,10,138.0,138.0
7015,Silver,41.9799,-77.4051,Pennsylvania,10,138.0,138.0
7016,Holbrook,41.957,-77.1502,Pennsylvania,10,138.0,138.0
7017,Metro,41.7375,-76.9776,Pennsylvania,10,138.0,138.0
7018,Standard Oil 3,41.754,-77.08,Pennsylvania,10,138.0,138.0
7019,Lane,41.8336,-77.081,Pennsylvania,10,138.0,138.0
7020,Stuart,41.6515,-77.3561,Pennsylvania,10,138.0,138.0
7021,Zenith,41.711,-77.2462,Pennsylvania,10,138.0,138.0
7022,Shell Chemical,41.0307,-76.9214,Pennsylvania,10,138.0,138.0
7023,Woodleaf,40.8916,-76.9553,Pennsylvania,10,138.0,138.0
7024,Dawson Creek,40.9585,-76.9206,Pennsylvania,10,138.0,138.0
7025,Yabucoa Pueblo 2901,41.0042,-76.8708,Pennsylvania,10,138.0,138.0
7026,Cucamonga,40.9418,-77.0654,Pennsylvania,10,138.0,138.0
7027,West Gilman Road,40.9702,-77.1011,Pennsylvania,10,345.0,1.0
7028,Andrew York &,40.8307,-77.2395,Pennsylvania,10,138.0,138.0
7029,Kings Fork,41.0797,-76.9566,Pennsylvania,10,138.0,138.0
7030,Keller,41.7664,-75.1562,Pennsylvania,10,138.0,138.0
7031,Hickox Pnm,41.7088,-75.3519,Pennsylvania,10,138.0,138.0
7032,El Casco,41.5424,-75.2948,Pennsylvania,10,138.0,138.0
7033,Fairdale,41.902,-75.3248,Pennsylvania,10,138.0,138.0
7034,Waymart Wind,41.5739,-75.425,Pennsylvania,10,138.0,138.0
7035,Klondike,41.5968,-75.3694,Pennsylvania,10,138.0,1.0
7036,Belen,41.5675,-75.2534,Pennsylvania,10,138.0,138.0
7037,E J West,41.4637,-75.9955,Pennsylvania,10,138.0,138.0
7038,Chevron Kettleman,41.5457,-75.9648,Pennsylvania,10,138.0,138.0
7039,Spinning Spur Ii,41.4961,-75.9521,Pennsylvania,10,138.0,138.0
7040,Apple Valley,39.7859,-76.4337,Pennsylvania,10,138.0,138.0
7041,Arpin Dam,39.9022,-76.7047,Pennsylvania,10,138.0,138.0
7042,Ripon Ind Park,39.7702,-76.303,Pennsylvania,10,138.0,138.0
7043,Muddy Run,39.7975,-76.2791,Pennsylvania,10,138.0,138.0
7044,Mason St,39.9605,-76.8721,Pennsylvania,10,138.0,138.0
7045,East Broad,40.0521,-76.8675,Pennsylvania,10,138.0,138.0
7046,12Th Avenue,40.063,-76.8383,Pennsylvania,10,138.0,138.0
7047,Illinois 4,40.026,-76.8493,Pennsylvania,10,138.0,138.0
7048,Seely,40.1159,-76.789,Pennsylvania,10,138.0,138.0
7049,Brandow,40.0992,-76.859,Pennsylvania,10,138.0,138.0
7050,Nolensville,40.1242,-76.8605,Pennsylvania,10,138.0,138.0
7051,Vernal,39.778,-76.4843,Pennsylvania,10,138.0,138.0
7052,Equestrian,39.7108,-76.6296,Pennsylvania,10,138.0,138.0
7053,Forman,39.8445,-76.8637,Pennsylvania,10,138.0,138.0
7054,Culberson,39.6526,-76.9009,Pennsylvania,10,138.0,138.0
7055,Martin Creek,40.0013,-76.7469,Pennsylvania,10,138.0,138.0
7056,La Muda 1343,40.0774,-76.7852,Pennsylvania,10,138.0,138.0
7057,Lancaster County Resource Recovery,40.0552,-76.6471,Pennsylvania,10,138.0,138.0
7058,Twisp,39.7305,-76.6899,Pennsylvania,10,138.0,138.0
7059,Osceola Solar Facility,39.6273,-76.5985,Pennsylvania,10,138.0,138.0
7060,East Knoxville,39.6078,-76.6785,Pennsylvania,10,138.0,138.0
7061,Highlands Park,39.8852,-76.5725,Pennsylvania,10,138.0,138.0
7062,Milford Depot,39.9098,-76.5465,Pennsylvania,10,138.0,138.0
7063,Massachusetts Street,39.9457,-76.6274,Pennsylvania,10,138.0,138.0
7064,Otter Creek,39.885,-76.4988,Pennsylvania,10,138.0,138.0
7065,Comanche,39.7554,-76.7648,Pennsylvania,10,138.0,138.0
7066,Piedmont Green Power,39.7909,-76.6121,Pennsylvania,10,138.0,138.0
7067,P H Glatfelter,39.8722,-76.8553,Pennsylvania,10,138.0,138.0
7068,Casky,39.9322,-76.9722,Pennsylvania,10,138.0,138.0
7069,Joppa Station,39.7585,-76.5604,Pennsylvania,10,138.0,138.0
7070,Wray,39.8025,-76.6678,Pennsylvania,10,138.0,138.0
7071,Channing,39.7432,-76.634,Pennsylvania,10,138.0,138.0
7072,Eight Mile Creek,39.9596,-76.4924,Pennsylvania,10,138.0,138.0
7073,Sheldon,40.0095,-76.6079,Pennsylvania,10,138.0,138.0
7074,York Generation Company Llc,39.9829,-76.6925,Pennsylvania,10,138.0,138.0
7075,Holladay,40.0038,-76.5582,Pennsylvania,10,138.0,138.0
7076,Northfield,39.9608,-76.6394,Pennsylvania,10,138.0,138.0
7077,Rancho Carmel,39.9324,-76.7217,Pennsylvania,10,138.0,138.0
7078,Blair,39.9474,-76.6883,Pennsylvania,10,138.0,138.0
7079,Purdue Northwest,40.0085,-76.6508,Pennsylvania,10,138.0,138.0
7080,Hinton,39.9001,-76.6458,Pennsylvania,10,138.0,138.0
7081,Wautoma,39.9301,-76.7376,Pennsylvania,10,138.0,138.0
7082,Oreana,39.827,-76.7266,Pennsylvania,10,138.0,138.0
7083,Lincoln Beach,39.92,-76.7251,Pennsylvania,10,345.0,138.0
7084,Gentleman,39.8976,-76.623,Pennsylvania,10,138.0,138.0
7085,West Phoenix,39.8498,-76.7163,Pennsylvania,10,138.0,138.0
7086,Invermere,39.9546,-76.7307,Pennsylvania,10,138.0,138.0
7087,Minnesota River,40.0431,-76.7764,Pennsylvania,10,138.0,138.0
7088,Northern Hills,40.0493,-76.8084,Pennsylvania,10,345.0,1.0
7089,Stadium,40.0701,-76.7376,Pennsylvania,10,138.0,138.0
7090,Yorkana,39.9738,-76.6237,Pennsylvania,10,345.0,138.0
7091,Trinity Bay,39.8805,-76.8134,Pennsylvania,10,138.0,138.0
7092,Newberry Vlg,39.9203,-76.7701,Pennsylvania,10,138.0,138.0
7093,Kenneth Ford,39.9372,-76.7902,Pennsylvania,10,138.0,138.0
7094,Los Mirasoles,39.9384,-76.8101,Pennsylvania,10,138.0,138.0
7095,Mohler,40.1079,-76.7125,Pennsylvania,10,138.0,138.0
7096,Archbald Power Station,41.4923,-75.5398,Pennsylvania,10,500.0,20.0
7097,52Nd Street,39.8075,-75.3909,Pennsylvania,10,138.0,22.0
7098,Bluestem,40.2018,-74.791,Pennsylvania,10,138.0,18.0
7099,Eddystone,39.8476,-75.3136,Pennsylvania,10,138.0,13.8
7100,Mountain,40.1211,-77.1999,Pennsylvania,10,500.0,1.0
7101,St Nicholas Cogen Project,40.8319,-76.1554,Pennsylvania,10,138.0,13.8
7102,Quincy,40.7485,-75.2308,Pennsylvania,10,138.0,13.2
7103,Coggon,40.0838,-76.7359,Pennsylvania,10,500.0,1.0
7104,Cachete 1529,41.2147,-76.0804,Pennsylvania,10,500.0,1.0
7105,Kalamazoo-San Juan,41.5507,-77.0263,Pennsylvania,10,500.0,13.8
7106,Wesco,40.874,-75.8577,Pennsylvania,10,138.0,13.8
7107,Hurley Avenue,39.989,-75.0532,Pennsylvania,10,138.0,138.0
7108,Peach Bottom,39.7442,-76.2793,Pennsylvania,10,500.0,13.8
7109,Yermo,41.1085,-76.1722,Pennsylvania,10,500.0,13.8
7110,Menger Creek,40.1189,-75.8615,Pennsylvania,10,138.0,138.0
7111,Michigan Avenue,40.8005,-75.1011,Pennsylvania,10,500.0,13.8
7112,Talenenergy Martins Creek Llc Harwood,40.9467,-76.0217,Pennsylvania,10,500.0,1.0
7113,Jenkins,41.2847,-75.8274,Pennsylvania,10,500.0,13.8
7114,Montour Station,41.085,-76.6643,Pennsylvania,10,500.0,13.8
7115,Hamilton Pa,39.907,-76.9909,Pennsylvania,10,138.0,138.0
7116,Lcec No. 5,39.8578,-77.1828,Pennsylvania,10,500.0,13.8
7117,Inver Hills,41.7051,-77.1008,Pennsylvania,10,345.0,138.0
7118,Face Rock,39.866,-76.3226,Pennsylvania,10,500.0,138.0
7119,Griswald,39.7811,-75.3906,Pennsylvania,10,138.0,1.0
7120,Janesville General Sw Yd,39.9401,-75.1784,Pennsylvania,10,138.0,138.0
7121,Sumner,40.6009,-75.4896,Pennsylvania,10,138.0,18.0
7122,Talenenergy Martins Creek Llc Harrisburg,40.2627,-76.85,Pennsylvania,10,500.0,1.0
7123,Foster Wheeler Mt Carmel Cogen,40.8258,-76.4478,Pennsylvania,10,500.0,138.0
7124,Big Tree,40.6722,-75.4857,Pennsylvania,10,500.0,13.8
7125,Shawnee,41.0807,-75.0746,Pennsylvania,10,138.0,13.8
7126,Limerick 2,40.2306,-75.5708,Pennsylvania,10,500.0,13.8
7127,Amps,39.7667,-76.2536,Pennsylvania,10,500.0,13.8
7128,Garden City,39.9366,-75.1608,Pennsylvania,10,138.0,138.0
7129,Portland Station,40.9136,-75.0915,Pennsylvania,10,500.0,13.8
7130,Talenenergy Martins Creek Llc Williamsport,41.2683,-77.0241,Pennsylvania,10,500.0,13.8
7131,Pedricktown,39.7585,-75.4412,Pennsylvania,10,138.0,13.8
7132,Plant 31 Paper Mill,39.7466,-76.6185,Pennsylvania,10,500.0,13.8
7133,Eielson Afb Central Heat & Power Plant,41.5807,-75.4312,Pennsylvania,10,500.0,13.8
7134,Ontelaunee Energy Center,40.3959,-75.9179,Pennsylvania,10,500.0,13.8
7135,Shred,40.8795,-75.9025,Pennsylvania,10,500.0,13.2
7136,Visalia,40.1126,-74.7544,Pennsylvania,10,500.0,1.0
7137,Kline Township Cogen Facility,40.8496,-76.0105,Pennsylvania,10,345.0,138.0
7138,West Lafayette,40.683,-76.1828,Pennsylvania,10,345.0,1.0
7139,Northwest Tap,39.8336,-76.8572,Pennsylvania,10,500.0,138.0
7140,Bucks Creek,39.8719,-75.3113,Pennsylvania,10,138.0,13.8
7141,Derby,41.7479,-76.8436,Pennsylvania,10,500.0,13.8
7142,Lyons,40.9584,-76.0223,Pennsylvania,10,138.0,138.0
7143,Little Mountain,40.1202,-76.7085,Pennsylvania,10,138.0,138.0
7144,Wheelabrator Frackville Energy,40.7799,-76.1578,Pennsylvania,10,500.0,1.0
7145,Sunbury,40.8353,-76.843,Pennsylvania,10,500.0,138.0
7146,Peno Creek,40.932,-75.0932,Pennsylvania,10,138.0,13.8
7147,Parrish,39.9582,-75.203,Pennsylvania,10,138.0,138.0
7148,York County Resource Recovery,39.9842,-76.7118,Pennsylvania,10,138.0,13.8
7149,Steel City,40.6261,-75.3083,Pennsylvania,10,500.0,1.0
7150,Edens Ridge,40.8055,-76.2009,Pennsylvania,10,138.0,138.0
7151,Englewood,41.3834,-76.0708,Pennsylvania,10,500.0,13.8
7152,Isp Switching,40.7952,-75.0866,Pennsylvania,10,138.0,1.0
7153,Joshua,41.2568,-75.7884,Pennsylvania,10,138.0,20.0
7154,Grizzly,40.8598,-76.1574,Pennsylvania,10,345.0,13.8
7155,Indiantown Cogeneration Lp,39.7687,-76.2981,Pennsylvania,10,500.0,13.8
7156,Croydon,40.0909,-74.8856,Pennsylvania,10,138.0,138.0
7157,Eagle Point,39.872,-75.1303,Pennsylvania,10,138.0,13.8
7158,York Haven,40.1161,-76.7078,Pennsylvania,10,138.0,13.8
7159,Brunner Island,40.1053,-76.7022,Pennsylvania,10,500.0,13.8
7160,Woodbury,40.8626,-76.1296,Pennsylvania,10,138.0,138.0
7161,Talenenergy Martins Creek Llc Lock Haven,41.0877,-77.4481,Pennsylvania,10,138.0,13.2
7162,N. Shannon,40.7867,-75.0799,Pennsylvania,10,500.0,1.0
7163,Marcus Hook Energy Lp,39.8063,-75.4156,Pennsylvania,10,500.0,13.8
7164,Orrtanna,39.8667,-77.3471,Pennsylvania,10,345.0,13.8
7165,Talenenergy Martins Creek Llc West Shore,40.1889,-76.9689,Pennsylvania,10,345.0,138.0
7166,South Bloomington,41.5642,-76.0326,Pennsylvania,10,500.0,13.8
7167,Hunterstown,39.8565,-77.1781,Pennsylvania,10,138.0,138.0
7168,Westwood Generation Llc,40.5859,-76.4589,Pennsylvania,10,500.0,1.0
7169,Ironwood Llc,40.3392,-76.3719,Pennsylvania,10,500.0,13.8
7170,Hunlock Unit 4,41.1947,-76.0775,Pennsylvania,10,138.0,138.0
7171,Wallenpaupack,41.4661,-75.1096,Pennsylvania,10,500.0,1.0
7172,Moser Generating Station,40.2473,-75.6347,Pennsylvania,10,345.0,138.0
7173,Cal Sierra Development,39.9883,-75.1577,Pennsylvania,10,138.0,138.0
7174,South Reading,40.2989,-75.9252,Pennsylvania,10,138.0,13.8
7175,Safe Harbor,39.9279,-76.3721,Pennsylvania,10,500.0,138.0
7176,Vamo,40.6396,-79.9988,Pennsylvania,11,138.0,138.0
7177,Sagamore Plant Cogeneration,40.5744,-79.9573,Pennsylvania,11,138.0,138.0
7178,Scanlon,40.6281,-79.9217,Pennsylvania,11,138.0,138.0
7179,Elm Street,40.6114,-79.9486,Pennsylvania,11,138.0,138.0
7180,North Findlay,40.7037,-80.226,Pennsylvania,11,138.0,138.0
7181,Coronet,40.6385,-80.248,Pennsylvania,11,138.0,138.0
7182,Alhambra,40.6158,-80.0838,Pennsylvania,11,138.0,138.0
7183,Weyerhaeuser White River,40.5436,-80.1572,Pennsylvania,11,138.0,138.0
7184,Bauer,40.5974,-80.0804,Pennsylvania,11,345.0,138.0
7185,Swan Falls,40.6114,-80.2006,Pennsylvania,11,138.0,138.0
7186,Danskammer Generating Station,40.3178,-80.1205,Pennsylvania,11,138.0,138.0
7187,Stratt,40.3448,-79.9539,Pennsylvania,11,138.0,138.0
7188,Webbers Falls,40.2799,-79.9151,Pennsylvania,11,138.0,138.0
7189,Great Divide,40.3364,-79.9962,Pennsylvania,11,138.0,138.0
7190,Elk Garden,40.4593,-79.8812,Pennsylvania,11,138.0,138.0
7191,Kaukauna City Hydro,40.4031,-79.7563,Pennsylvania,11,138.0,138.0
7192,West Riverside,40.3471,-80.1308,Pennsylvania,11,138.0,138.0
7193,Syl Laskin,40.3114,-80.1494,Pennsylvania,11,345.0,138.0
7194,Collier,40.4169,-80.1363,Pennsylvania,11,138.0,138.0
7195,West Branch,40.2795,-80.0689,Pennsylvania,11,345.0,138.0
7196,Minette,40.4171,-80.0735,Pennsylvania,11,138.0,138.0
7197,Blue River,40.4712,-80.1525,Pennsylvania,11,138.0,138.0
7198,Orange Grove-Watt,40.4159,-80.1806,Pennsylvania,11,138.0,138.0
7199,Duguao 2101,40.3489,-80.0307,Pennsylvania,11,138.0,138.0
7200,Ager,40.7017,-79.9306,Pennsylvania,11,138.0,1.0
7201,Dolphus M Grainger,40.5894,-79.8773,Pennsylvania,11,138.0,138.0
7202,Quinn,40.6316,-79.8814,Pennsylvania,11,138.0,138.0
7203,Argo,40.2692,-79.999,Pennsylvania,11,138.0,138.0
7204,Rancho Vistoso,40.261,-79.933,Pennsylvania,11,138.0,138.0
7205,Lsp-Cottage Grove Lp,40.3506,-79.8949,Pennsylvania,11,138.0,138.0
7206,Cayuga,40.4651,-80.4051,Pennsylvania,11,138.0,138.0
7207,Ivar,40.5054,-80.3905,Pennsylvania,11,138.0,138.0
7208,Ross Prairie,40.4896,-80.2897,Pennsylvania,11,138.0,138.0
7209,Zellwood,40.506,-80.198,Pennsylvania,11,138.0,138.0
7210,Great Bend - Sunflower,40.5991,-80.1695,Pennsylvania,11,138.0,138.0
7211,Crescent,40.5783,-80.2077,Pennsylvania,11,138.0,138.0
7212,Forman 2,40.49,-80.225,Pennsylvania,11,138.0,138.0
7213,Twin Branch,40.346,-79.8596,Pennsylvania,11,138.0,138.0
7214,Zeno,40.2154,-79.8629,Pennsylvania,11,138.0,138.0
7215,Gwinn,40.2576,-79.8659,Pennsylvania,11,138.0,138.0
7216,Algona,40.1754,-79.9358,Pennsylvania,11,138.0,138.0
7217,Jerusalem,40.2355,-80.0262,Pennsylvania,11,138.0,138.0
7218,Michigamme Falls Hy,40.6317,-79.9677,Pennsylvania,11,138.0,138.0
7219,Inverness,40.675,-80.08,Pennsylvania,11,138.0,138.0
7220,Imhoff Tap 2,40.5877,-79.9234,Pennsylvania,11,138.0,138.0
7221,Martin Lakes,40.6493,-79.9906,Pennsylvania,11,345.0,138.0
7222,Walton Discover Power Facility,40.518,-79.9156,Pennsylvania,11,138.0,138.0
7223,North,40.551,-79.9992,Pennsylvania,11,138.0,138.0
7224,Watkins Rd,40.3982,-79.8965,Pennsylvania,11,138.0,138.0
7225,Valley Children'S Hospital,40.3773,-79.9998,Pennsylvania,11,138.0,138.0
7226,Station D,40.3324,-79.9546,Pennsylvania,11,138.0,138.0
7227,Thompson Peak Tap,40.4377,-79.861,Pennsylvania,11,138.0,138.0
7228,Shiloah Iv,40.4526,-80.2686,Pennsylvania,11,138.0,138.0
7229,Port Edwards,40.4132,-80.3273,Pennsylvania,11,138.0,138.0
7230,Main Street Mo,40.326,-79.8343,Pennsylvania,11,138.0,138.0
7231,Wilmerding,40.402,-79.7708,Pennsylvania,11,138.0,138.0
7232,Bullard,40.3089,-79.6483,Pennsylvania,11,138.0,138.0
7233,Thayer,40.361,-79.7092,Pennsylvania,11,500.0,138.0
7234,Air Liquide,40.3442,-79.6792,Pennsylvania,11,138.0,138.0
7235,Eastwood,40.6424,-80.1015,Pennsylvania,11,138.0,138.0
7236,Unc,40.6964,-80.0406,Pennsylvania,11,138.0,138.0
7237,Wrenshall,40.7417,-79.9822,Pennsylvania,11,138.0,138.0
7238,Diamond Hill,40.4307,-80.2457,Pennsylvania,11,138.0,138.0
7239,Smith,40.4093,-80.3682,Pennsylvania,11,345.0,138.0
7240,Tocaloma Junction,40.3838,-80.2461,Pennsylvania,11,138.0,138.0
7241,Newberg Water Treatment Plant,40.4773,-80.0312,Pennsylvania,11,138.0,138.0
7242,Montour,40.4863,-80.1338,Pennsylvania,11,138.0,138.0
7243,Quail Valley,40.4299,-80.1282,Pennsylvania,11,138.0,138.0
7244,East Montevallo,40.4477,-80.0942,Pennsylvania,11,138.0,138.0
7245,Hill Country 345,40.3365,-79.7701,Pennsylvania,11,138.0,138.0
7246,Aberdeen,40.3792,-79.7089,Pennsylvania,11,138.0,1.0
7247,Glacier,40.2659,-79.8405,Pennsylvania,11,138.0,138.0
7248,Yulee,40.3117,-79.835,Pennsylvania,11,138.0,138.0
7249,Pecospnm,40.4049,-79.924,Pennsylvania,11,138.0,138.0
7250,Kimberley,40.2905,-79.8624,Pennsylvania,11,138.0,138.0
7251,Charleroi,40.1431,-79.9187,Pennsylvania,11,138.0,138.0
7252,Southeast Gate,40.1102,-79.914,Pennsylvania,11,345.0,138.0
7253,Mcclellan-Bell,40.271,-79.8726,Pennsylvania,11,345.0,138.0
7254,Clubhouse,40.493,-79.8091,Pennsylvania,11,138.0,138.0
7255,Brownfield Switching,40.454,-79.8267,Pennsylvania,11,138.0,138.0
7256,Plum,40.4728,-79.755,Pennsylvania,11,138.0,138.0
7257,Campus,40.4483,-79.692,Pennsylvania,11,138.0,138.0
7258,Hostos 5011,40.4995,-79.6334,Pennsylvania,11,138.0,138.0
7259,Zamora,40.4932,-79.6776,Pennsylvania,11,138.0,138.0
7260,Giffin,40.589,-79.7102,Pennsylvania,11,138.0,138.0
7261,Rockport,40.6925,-79.7486,Pennsylvania,11,138.0,138.0
7262,Roxy Ann,40.597,-79.7015,Pennsylvania,11,138.0,138.0
7263,Tucson,40.6909,-79.7872,Pennsylvania,11,138.0,138.0
7264,Hanover,40.5483,-79.8601,Pennsylvania,11,138.0,138.0
7265,Gobain,40.5736,-79.7649,Pennsylvania,11,138.0,138.0
7266,Claremont And Montano Tap,40.5952,-79.7548,Pennsylvania,11,138.0,138.0
7267,Teichert Aggregates,40.5127,-79.6949,Pennsylvania,11,138.0,138.0
7268,Wrightwood,40.3468,-79.8731,Pennsylvania,11,138.0,138.0
7269,Morgan Hill,40.3766,-79.7462,Pennsylvania,11,138.0,138.0
7270,Mon Valley Works,40.4211,-79.8661,Pennsylvania,11,138.0,138.0
7271,Biomass One Power Plant,40.3893,-80.1606,Pennsylvania,11,138.0,1.0
7272,Airport Industrial Park,40.4084,-80.1967,Pennsylvania,11,138.0,138.0
7273,Kettner,40.3905,-80.2139,Pennsylvania,11,345.0,1.0
7274,Guardian And Eastbank,40.4696,-79.8474,Pennsylvania,11,138.0,138.0
7275,Midvale,40.5166,-79.8263,Pennsylvania,11,138.0,138.0
7276,Yukon,40.2321,-79.7349,Pennsylvania,11,138.0,138.0
7277,Firstenergy Springdale Power Station,40.5555,-79.7371,Pennsylvania,11,138.0,138.0
7278,Universal,40.4508,-79.7828,Pennsylvania,11,138.0,138.0
7279,Murder Creek,40.4557,-79.655,Pennsylvania,11,138.0,138.0
7280,Herlong,40.4978,-79.7218,Pennsylvania,11,138.0,138.0
7281,Mcclure,40.4418,-79.7524,Pennsylvania,11,138.0,138.0
7282,Pinkerton,40.4613,-79.806,Pennsylvania,11,138.0,138.0
7283,Cheswick Power Plant,40.5475,-79.7913,Pennsylvania,11,138.0,138.0
7284,2Nd St,40.466,-79.869,Pennsylvania,11,138.0,138.0
7285,Big River,40.3355,-79.8898,Pennsylvania,11,138.0,138.0
7286,Ss3143,40.4976,-79.7554,Pennsylvania,11,345.0,1.0
7287,Eden Prairie,40.3481,-79.9665,Pennsylvania,11,138.0,138.0
7288,Spencer,40.3348,-79.7318,Pennsylvania,11,138.0,138.0
7289,Pine Creek,40.5501,-79.8716,Pennsylvania,11,138.0,138.0
7290,Cimmaron-E Natamos,40.605,-79.8748,Pennsylvania,11,345.0,138.0
7291,Christie,40.5312,-79.8697,Pennsylvania,11,138.0,138.0
7292,Sorrell Hill,40.4175,-79.7653,Pennsylvania,11,138.0,138.0
7293,Otay Tap,40.4611,-79.9451,Pennsylvania,11,138.0,138.0
7294,Fairmont,40.4127,-79.8951,Pennsylvania,11,138.0,138.0
7295,Cuyamungue Tap Jmec,40.5129,-79.8885,Pennsylvania,11,138.0,138.0
7296,Carson,40.4153,-79.9633,Pennsylvania,11,138.0,138.0
7297,Arsenal,40.4654,-79.9564,Pennsylvania,11,138.0,138.0
7298,Winchester,40.4449,-79.9446,Pennsylvania,11,138.0,138.0
7299,Oakland,40.436,-79.9672,Pennsylvania,11,138.0,138.0
7300,Mon Valley Works Illinois,40.3793,-79.8505,Pennsylvania,11,138.0,138.0
7301,St Albans,40.4111,-79.948,Pennsylvania,11,138.0,138.0
7302,Elbe,40.4582,-79.9325,Pennsylvania,11,138.0,138.0
7303,Dravosburg,40.3777,-79.8876,Pennsylvania,11,138.0,138.0
7304,Archer Daniels Midland Lincoln,40.3679,-79.9713,Pennsylvania,11,138.0,138.0
7305,Cottage Brook,40.4772,-79.8092,Pennsylvania,11,138.0,138.0
7306,Longview2,40.5453,-79.9469,Pennsylvania,11,138.0,138.0
7307,Highland,40.4773,-79.896,Pennsylvania,11,138.0,138.0
7308,James E. Rogers Energy Complex,40.4818,-79.9094,Pennsylvania,11,138.0,138.0
7309,Railyard,40.512,-79.8587,Pennsylvania,11,138.0,138.0
7310,Loughridge,40.5187,-79.9486,Pennsylvania,11,138.0,138.0
7311,Puddledock Rd,40.484,-79.9339,Pennsylvania,11,138.0,138.0
7312,Sugar Island,40.5542,-79.9803,Pennsylvania,11,138.0,138.0
7313,Bad Creek,40.482,-79.8754,Pennsylvania,11,138.0,138.0
7314,Indian Mesa,40.4937,-79.9169,Pennsylvania,11,138.0,138.0
7315,Roselle,40.5044,-79.9451,Pennsylvania,11,138.0,138.0
7316,Chelatchie,40.3809,-79.9562,Pennsylvania,11,138.0,138.0
7317,Dormont,40.4011,-80.022,Pennsylvania,11,138.0,138.0
7318,Bellevue,40.3963,-79.9802,Pennsylvania,11,138.0,138.0
7319,Harts Island,40.3935,-79.9906,Pennsylvania,11,138.0,138.0
7320,Hartsville,40.3073,-79.976,Pennsylvania,11,138.0,138.0
7321,Westdale,40.3189,-79.8687,Pennsylvania,11,138.0,138.0
7322,Ash,40.5811,-80.0691,Pennsylvania,11,138.0,138.0
7323,Redondo,40.4436,-79.9308,Pennsylvania,11,138.0,138.0
7324,Danz Ave Sw Sta,40.3464,-80.0027,Pennsylvania,11,138.0,138.0
7325,Lake Agnes,40.4082,-80.0419,Pennsylvania,11,138.0,138.0
7326,Racoon Bend,40.3744,-79.9219,Pennsylvania,11,138.0,138.0
7327,Concourse,40.4312,-79.9149,Pennsylvania,11,138.0,138.0
7328,Statesville Highway 64,40.3522,-79.956,Pennsylvania,11,138.0,138.0
7329,Herdlyn,40.4993,-80.0097,Pennsylvania,11,138.0,138.0
7330,West -Station,40.4902,-80.0438,Pennsylvania,11,138.0,138.0
7331,Martin Dam,40.3662,-79.9959,Pennsylvania,11,138.0,1.0
7332,Marshall Wind Farm,40.3929,-80.0152,Pennsylvania,11,138.0,138.0
7333,Brunot Island,40.4661,-80.0472,Pennsylvania,11,138.0,138.0
7334,Smith Lake,40.4623,-80.0261,Pennsylvania,11,138.0,138.0
7335,Cartanza,40.4578,-80.0019,Pennsylvania,11,138.0,138.0
7336,Sandy,40.4301,-80.1154,Pennsylvania,11,138.0,138.0
7337,Riverside,40.4329,-80.0432,Pennsylvania,11,138.0,138.0
7338,Natchez,40.5502,-79.9605,Pennsylvania,11,138.0,138.0
7339,Elk Horn,40.4521,-80.1375,Pennsylvania,11,138.0,138.0
7340,Leeds,40.3283,-80.0133,Pennsylvania,11,138.0,138.0
7341,Syracuse 2,40.2861,-79.9236,Pennsylvania,11,138.0,138.0
7342,Saline,40.4235,-79.9348,Pennsylvania,11,138.0,138.0
7343,Euclid,40.4901,-79.9677,Pennsylvania,11,138.0,138.0
7344,Barton,40.3377,-79.9662,Pennsylvania,11,138.0,138.0
7345,Anton,40.406,-79.9926,Pennsylvania,11,138.0,138.0
7346,Boulder Creek,40.3861,-80.0495,Pennsylvania,11,138.0,138.0
7347,Silver Cliff,40.3237,-80.0368,Pennsylvania,11,138.0,138.0
7348,Spillway,40.3162,-79.993,Pennsylvania,11,138.0,138.0
7349,Lawndale,40.3542,-80.065,Pennsylvania,11,138.0,138.0
7350,West New Madrid,40.4709,-80.0694,Pennsylvania,11,138.0,138.0
7351,Bondurant,40.5168,-80.0233,Pennsylvania,11,138.0,138.0
7352,Canyonlands,40.4995,-80.0909,Pennsylvania,11,138.0,138.0
7353,Lake Superior Paper,40.537,-80.1115,Pennsylvania,11,138.0,138.0
7354,Kennedy Drive,40.5131,-80.0614,Pennsylvania,11,138.0,138.0
7355,Terror Lake Microgrid,40.4365,-80.0274,Pennsylvania,11,138.0,1.0
7356,Cargill,40.362,-80.1086,Pennsylvania,11,138.0,138.0
7357,Hospers,40.3826,-80.0311,Pennsylvania,11,138.0,138.0
7358,Leesburg East,40.3002,-80.0457,Pennsylvania,11,138.0,138.0
7359,Forbes,40.4201,-80.0039,Pennsylvania,11,138.0,138.0
7360,Davie,40.5022,-80.0451,Pennsylvania,11,138.0,138.0
7361,Mural,40.5544,-80.099,Pennsylvania,11,138.0,138.0
7362,Rouse,40.4547,-80.0618,Pennsylvania,11,138.0,138.0
7363,Capilano,40.5082,-80.0588,Pennsylvania,11,138.0,138.0
7364,Kiamichi Station,40.5048,-80.0669,Pennsylvania,11,138.0,138.0
7365,Chatom,40.3676,-80.0814,Pennsylvania,11,138.0,138.0
7366,Archibald,40.2815,-80.1165,Pennsylvania,11,138.0,138.0
7367,Pine Forest,40.447,-80.0847,Pennsylvania,11,138.0,138.0
7368,Napoleonville,40.3807,-80.0594,Pennsylvania,11,138.0,138.0
7369,Skiland,40.2998,-80.0165,Pennsylvania,11,138.0,138.0
7370,Potlatch,40.3033,-80.1498,Pennsylvania,11,138.0,138.0
7371,Cabinet Gorge,40.3405,-80.0188,Pennsylvania,11,138.0,138.0
7372,Bruckner,40.4851,-80.1008,Pennsylvania,11,138.0,138.0
7373,Logan Martin Dam,40.4543,-80.0878,Pennsylvania,11,138.0,138.0
7374,Snohomish County Hilton Lake,40.5115,-80.081,Pennsylvania,11,138.0,138.0
7375,Woodville,40.3809,-80.0713,Pennsylvania,11,138.0,138.0
7376,Whillock,40.6414,-79.7764,Pennsylvania,11,138.0,138.0
7377,Watertown Power Plant,40.7068,-79.7923,Pennsylvania,11,138.0,138.0
7378,Avon Park North,40.8336,-79.7616,Pennsylvania,11,138.0,138.0
7379,Winkler,40.6194,-80.1511,Pennsylvania,11,138.0,138.0
7380,Tonopah,40.5414,-80.1999,Pennsylvania,11,138.0,138.0
7381,Aguada 7201,40.5979,-80.2055,Pennsylvania,11,138.0,138.0
7382,Willow Lawn,40.2911,-80.0002,Pennsylvania,11,138.0,138.0
7383,Solomon Forks Wind Project Llc,40.3307,-79.9424,Pennsylvania,11,138.0,138.0
7384,Alabama Switch,40.2932,-79.9608,Pennsylvania,11,138.0,138.0
7385,Telegraph,40.5613,-79.7014,Pennsylvania,11,138.0,138.0
7386,Harwick,40.5358,-79.822,Pennsylvania,11,138.0,138.0
7387,Wolfe,40.6362,-79.7985,Pennsylvania,11,138.0,138.0
7388,La Pointe,40.669,-79.8812,Pennsylvania,11,138.0,138.0
7389,Goodyear Lake Plant,40.412,-79.7382,Pennsylvania,11,345.0,138.0
7390,Fairview,40.2798,-79.735,Pennsylvania,11,138.0,138.0
7391,Georgia-Pacific Consr Prods Lp-Naheola,40.4297,-79.8405,Pennsylvania,11,138.0,138.0
7392,North Fork Dam,40.6596,-79.8402,Pennsylvania,11,138.0,138.0
7393,St. Louis Park,40.7072,-79.9152,Pennsylvania,11,138.0,138.0
7394,Millstone,40.6575,-79.9757,Pennsylvania,11,138.0,138.0
7395,Lakegen,40.5035,-79.7292,Pennsylvania,11,138.0,138.0
7396,Ainsworth,40.4861,-79.8303,Pennsylvania,11,138.0,138.0
7397,Riverview Energy Systems,40.4535,-79.7651,Pennsylvania,11,138.0,138.0
7398,Patterson Pass,40.3644,-79.8209,Pennsylvania,11,138.0,138.0
7399,West Mifflin,40.3022,-79.9094,Pennsylvania,11,138.0,138.0
7400,Koksilah Tap,40.4,-79.9077,Pennsylvania,11,138.0,138.0
7401,Elkhorn,40.4473,-79.8289,Pennsylvania,11,138.0,138.0
7402,Reno,40.2291,-79.6784,Pennsylvania,11,138.0,138.0
7403,Tenaska Westmoreland Generating Station,40.1734,-79.7073,Pennsylvania,11,138.0,138.0
7404,Westraver,40.1875,-79.7727,Pennsylvania,11,138.0,138.0
7405,Heyburn,40.6324,-80.0767,Pennsylvania,11,138.0,138.0
7406,Scottville,40.6505,-80.0448,Pennsylvania,11,138.0,1.0
7407,Lemay Lake,40.6165,-80.1051,Pennsylvania,11,138.0,138.0
7408,Rawsonville,40.6367,-80.1851,Pennsylvania,11,138.0,138.0
7409,800900 Network,40.5816,-79.5813,Pennsylvania,11,138.0,138.0
7410,Paul,40.6275,-79.5957,Pennsylvania,11,345.0,1.0
7411,Parsons,40.478,-79.5474,Pennsylvania,11,138.0,138.0
7412,Catawba 2,40.943,-79.7932,Pennsylvania,11,138.0,138.0
7413,Waterloo,40.9042,-79.7997,Pennsylvania,11,138.0,138.0
7414,Simpson,40.94,-79.7096,Pennsylvania,11,138.0,138.0
7415,Fuller,40.874,-79.2852,Pennsylvania,11,138.0,138.0
7416,Federalgen Tap,40.7274,-79.4589,Pennsylvania,11,138.0,138.0
7417,Four Mile Hydropower Project,40.7523,-79.5096,Pennsylvania,11,138.0,138.0
7418,Maunabo Tc,40.7279,-79.5042,Pennsylvania,11,138.0,138.0
7419,Allegheny No. 5 Hydro Station,40.6693,-79.6334,Pennsylvania,11,138.0,138.0
7420,Daleville,40.8015,-79.6244,Pennsylvania,11,138.0,138.0
7421,Sylvan,41.0357,-79.7429,Pennsylvania,11,138.0,138.0
7422,Mid America,40.8189,-79.4546,Pennsylvania,11,138.0,138.0
7423,Bear Canyon,40.8047,-79.4751,Pennsylvania,11,138.0,138.0
7424,Collville,40.7854,-79.4822,Pennsylvania,11,138.0,138.0
7425,Cranbrook,40.878,-79.4382,Pennsylvania,11,138.0,138.0
7426,Bryan,40.7463,-79.6309,Pennsylvania,11,138.0,138.0
7427,Tulare Lake,40.6463,-79.6131,Pennsylvania,11,138.0,138.0
7428,Hanville,40.7046,-79.7215,Pennsylvania,11,138.0,138.0
7429,Cooley,41.0324,-79.197,Pennsylvania,11,138.0,138.0
7430,Mabury Tap,40.9674,-79.2822,Pennsylvania,11,138.0,138.0
7431,Cumberland,40.9594,-79.374,Pennsylvania,11,138.0,138.0
7432,Cold Spring Rd,41.0757,-79.5893,Pennsylvania,11,138.0,138.0
7433,Ralph Green,41.022,-79.6721,Pennsylvania,11,138.0,138.0
7434,Forsyth,41.0713,-79.6757,Pennsylvania,11,138.0,138.0
7435,Manville,40.7274,-79.3229,Pennsylvania,11,138.0,138.0
7436,Bronson,40.6822,-79.3724,Pennsylvania,11,138.0,138.0
7437,Watertown,40.6216,-79.2973,Pennsylvania,11,138.0,138.0
7438,Collins,40.6968,-79.2453,Pennsylvania,11,138.0,138.0
7439,Marshall Il,40.575,-79.354,Pennsylvania,11,138.0,138.0
7440,Sub 7440,40.9924,-79.4639,Pennsylvania,11,138.0,138.0
7441,Atoka,40.7745,-79.5153,Pennsylvania,11,138.0,138.0
7442,Sacheen,40.64,-79.522,Pennsylvania,11,138.0,138.0
7443,Sweet Gum Flats,40.6142,-79.526,Pennsylvania,11,138.0,138.0
7444,Georgetown,40.8847,-79.641,Pennsylvania,11,138.0,138.0
7445,Spicewood,40.8966,-79.7078,Pennsylvania,11,138.0,138.0
7446,G F Weaton Power Station,40.6928,-80.3498,Pennsylvania,11,138.0,138.0
7447,Chesterfield,40.5712,-80.2763,Pennsylvania,11,138.0,138.0
7448,Lone Pine,40.5521,-80.4147,Pennsylvania,11,138.0,138.0
7449,Martin,40.6192,-80.2365,Pennsylvania,11,138.0,138.0
7450,Northeast Mo,40.7753,-80.3883,Pennsylvania,11,138.0,138.0
7451,Montpellier,40.6809,-80.388,Pennsylvania,11,138.0,138.0
7452,Mansfield Station,40.6331,-80.4035,Pennsylvania,11,138.0,138.0
7453,Power Inn,40.7171,-80.3522,Pennsylvania,11,138.0,138.0
7454,Tanguisson,40.7492,-80.3528,Pennsylvania,11,138.0,138.0
7455,Jasper,40.7317,-80.4025,Pennsylvania,11,138.0,138.0
7456,Cadwell,40.7406,-80.3348,Pennsylvania,11,345.0,138.0
7457,North Havasu,40.8242,-80.3804,Pennsylvania,11,138.0,138.0
7458,Wesbasin,40.7531,-80.5414,Pennsylvania,11,138.0,138.0
7459,Craggy,40.8536,-80.3966,Pennsylvania,11,138.0,138.0
7460,Negley,40.7846,-80.5045,Pennsylvania,11,138.0,138.0
7461,Hoytdale,40.8548,-80.3542,Pennsylvania,11,138.0,138.0
7462,Stump Creek,40.8409,-80.3153,Pennsylvania,11,138.0,138.0
7463,Molex,40.8312,-80.2286,Pennsylvania,11,138.0,138.0
7464,Freeport,40.8663,-80.2488,Pennsylvania,11,138.0,138.0
7465,Kingsburg,40.8539,-80.4585,Pennsylvania,11,138.0,100.0
7466,Taber,40.6972,-80.1384,Pennsylvania,11,138.0,138.0
7467,East Liverpool,40.6172,-80.5429,Pennsylvania,11,138.0,138.0
7468,Blackburn,40.5265,-80.4605,Pennsylvania,11,138.0,138.0
7469,Northwind,40.9013,-80.101,Pennsylvania,11,138.0,138.0
7470,Red Maple,40.8303,-80.1778,Pennsylvania,11,138.0,138.0
7471,Michigan,40.5811,-80.4623,Pennsylvania,11,138.0,138.0
7472,Centennial Wind Farm,40.6707,-80.4273,Pennsylvania,11,138.0,138.0
7473,Edison-Ball,40.7172,-80.4367,Pennsylvania,11,138.0,138.0
7474,Richland Chambers,40.6857,-80.5431,Pennsylvania,11,138.0,138.0
7475,Highland City,40.6655,-80.4771,Pennsylvania,11,138.0,138.0
7476,East Port Orchard,40.639,-80.362,Pennsylvania,11,138.0,138.0
7477,Owens Brockway,40.5143,-80.1905,Pennsylvania,11,345.0,138.0
7478,Raccoon,40.6231,-80.3504,Pennsylvania,11,138.0,138.0
7479,Pine Bluff I.P Sw Sta,40.6462,-80.2317,Pennsylvania,11,138.0,138.0
7480,Yates,40.7197,-80.2771,Pennsylvania,11,138.0,138.0
7481,South Lake Geneva,40.8608,-80.5482,Pennsylvania,11,138.0,100.0
7482,Russellville,40.7088,-80.1863,Pennsylvania,11,138.0,138.0
7483,Valley,40.7178,-80.305,Pennsylvania,11,138.0,138.0
7484,Bond-Elk Grove Florin,40.7932,-80.2483,Pennsylvania,11,138.0,138.0
7485,Badger,40.9316,-80.4338,Pennsylvania,11,138.0,138.0
7486,Chaffins,40.7966,-80.1149,Pennsylvania,11,138.0,138.0
7487,Walter Hardman,40.7818,-80.1801,Pennsylvania,11,138.0,138.0
7488,Ta53,40.2152,-78.6559,Pennsylvania,11,138.0,138.0
7489,Whitestown,39.9982,-78.505,Pennsylvania,11,138.0,138.0
7490,Igo,39.8442,-78.6104,Pennsylvania,11,138.0,138.0
7491,Prospect,39.9061,-78.5178,Pennsylvania,11,345.0,138.0
7492,Minco,39.9501,-78.2352,Pennsylvania,11,138.0,138.0
7493,Bison,40.2281,-78.5396,Pennsylvania,11,138.0,138.0
7494,Johnsonville,40.2842,-78.4925,Pennsylvania,11,138.0,138.0
7495,Grasmoen,40.2015,-78.4688,Pennsylvania,11,138.0,138.0
7496,Kenowa,39.8059,-78.4441,Pennsylvania,11,138.0,138.0
7497,Seven Springs,39.7934,-78.373,Pennsylvania,11,138.0,138.0
7498,Valencia,40.0079,-78.4395,Pennsylvania,11,138.0,138.0
7499,Coitsville,39.9473,-78.3972,Pennsylvania,11,138.0,138.0
7500,Jackson,39.9567,-78.3301,Pennsylvania,11,138.0,138.0
7501,32Nd St,40.0695,-78.2799,Pennsylvania,11,138.0,138.0
7502,Gulfgate,40.1913,-78.3356,Pennsylvania,11,138.0,138.0
7503,Sandy Hook,39.7078,-78.7957,Pennsylvania,11,138.0,138.0
7504,Sewall,39.7735,-78.7427,Pennsylvania,11,138.0,138.0
7505,Princeton,40.0405,-78.6253,Pennsylvania,11,138.0,138.0
7506,Oxford Dam,39.9813,-78.7124,Pennsylvania,11,138.0,138.0
7507,Mt. Rose,40.3461,-78.2909,Pennsylvania,11,138.0,138.0
7508,Barnett,40.304,-78.284,Pennsylvania,11,138.0,138.0
7509,Seguin West,40.2234,-78.254,Pennsylvania,11,345.0,138.0
7510,Big Hill,40.1522,-78.4172,Pennsylvania,11,138.0,138.0
7511,Muscoda,40.2283,-78.3836,Pennsylvania,11,138.0,138.0
7512,Kenedy,40.1648,-78.5775,Pennsylvania,11,138.0,138.0
7513,Woodlands,40.1498,-78.6273,Pennsylvania,11,138.0,138.0
7514,Spring Valley,40.1109,-78.6626,Pennsylvania,11,138.0,138.0
7515,Lytton Springs,40.3999,-78.5862,Pennsylvania,11,138.0,138.0
7516,Isanti,40.3177,-78.6327,Pennsylvania,11,138.0,138.0
7517,Urbana Perkins Road,40.4,-78.6314,Pennsylvania,11,138.0,138.0
7518,Gillis,40.4049,-78.4381,Pennsylvania,11,138.0,138.0
7519,Almyra,40.332,-78.4862,Pennsylvania,11,138.0,138.0
7520,Belvedere,40.3375,-78.3651,Pennsylvania,11,138.0,138.0
7521,Fisher Road,40.2498,-78.1935,Pennsylvania,11,138.0,138.0
7522,Eagle Lake,40.2883,-78.2619,Pennsylvania,11,138.0,138.0
7523,Ocean Ave,40.1815,-78.2823,Pennsylvania,11,138.0,138.0
7524,Skidaway,40.0621,-78.7383,Pennsylvania,11,138.0,138.0
7525,Boomerang,40.5273,-78.2791,Pennsylvania,11,500.0,138.0
7526,Frank Jenkins,40.5057,-78.4218,Pennsylvania,11,138.0,138.0
7527,Altoona,40.5198,-78.3832,Pennsylvania,11,138.0,138.0
7528,Williams,40.5488,-78.2798,Pennsylvania,11,138.0,138.0
7529,Sundstrand,40.5041,-78.4615,Pennsylvania,11,138.0,138.0
7530,Nantahala,40.569,-78.3234,Pennsylvania,11,138.0,138.0
7531,Kennecott,40.5438,-78.3197,Pennsylvania,11,138.0,138.0
7532,Dpc New Lisbon,40.4877,-78.4127,Pennsylvania,11,345.0,1.0
7533,Colonial Village,40.6544,-78.3696,Pennsylvania,11,138.0,138.0
7534,Stilwell,40.6394,-78.2681,Pennsylvania,11,138.0,138.0
7535,Merced,40.4174,-78.5723,Pennsylvania,11,138.0,138.0
7536,Howard Beach,40.44,-78.5854,Pennsylvania,11,138.0,138.0
7537,Dysart,40.3726,-78.4541,Pennsylvania,11,138.0,138.0
7538,Alabaster,40.2947,-78.4386,Pennsylvania,11,138.0,138.0
7539,Calistoga,40.5793,-78.4635,Pennsylvania,11,138.0,138.0
7540,Penn Zeir,40.4666,-78.499,Pennsylvania,11,138.0,1.0
7541,Mauka Fit One,40.469,-78.4318,Pennsylvania,11,138.0,138.0
7542,46Th Street,40.4867,-78.3021,Pennsylvania,11,138.0,138.0
7543,Lynnwood,40.3755,-78.2894,Pennsylvania,11,138.0,138.0
7544,Slayden,40.5091,-78.287,Pennsylvania,11,138.0,138.0
7545,Porter,40.6796,-78.2766,Pennsylvania,11,138.0,138.0
7546,Columbus South,40.6454,-78.1538,Pennsylvania,11,138.0,138.0
7547,Ruth,40.6743,-78.2618,Pennsylvania,11,138.0,138.0
7548,Huron,40.4413,-78.1906,Pennsylvania,11,138.0,138.0
7549,J H Campbell,40.4864,-78.2647,Pennsylvania,11,138.0,138.0
7550,Midway Lane Prairie,41.1199,-79.8364,Pennsylvania,11,138.0,138.0
7551,Sand Dunes,40.7692,-80.0081,Pennsylvania,11,138.0,138.0
7552,Gallagher Road,40.8335,-79.8248,Pennsylvania,11,138.0,138.0
7553,Butler,40.8331,-79.8969,Pennsylvania,11,138.0,138.0
7554,Cabot,40.8211,-79.8194,Pennsylvania,11,138.0,138.0
7555,Lions Road,40.8762,-79.9458,Pennsylvania,11,500.0,138.0
7556,Avra Valley,40.964,-79.831,Pennsylvania,11,138.0,138.0
7557,Norfolk Street,40.9504,-80.0333,Pennsylvania,11,345.0,138.0
7558,Bullick Hollow,40.8828,-79.8009,Pennsylvania,11,345.0,1.0
7559,Horseshoe,40.7313,-79.6871,Pennsylvania,11,138.0,138.0
7560,Siphon Drop,40.8243,-79.6345,Pennsylvania,11,138.0,138.0
7561,Harrington,40.7954,-79.7499,Pennsylvania,11,138.0,138.0
7562,Poly,40.6481,-80.2491,Pennsylvania,11,345.0,138.0
7563,Nottely,40.7042,-80.1685,Pennsylvania,11,138.0,138.0
7564,Cranberry,40.7215,-80.089,Pennsylvania,11,500.0,1.0
7565,Reynolds,40.7109,-80.1299,Pennsylvania,11,138.0,1.0
7566,Mooreland,41.1528,-79.7046,Pennsylvania,11,138.0,138.0
7567,Pelham,41.2439,-79.7056,Pennsylvania,11,138.0,138.0
7568,Secord,41.1714,-79.6846,Pennsylvania,11,138.0,138.0
7569,Plum Point Energy Station,40.767,-80.0931,Pennsylvania,11,138.0,138.0
7570,Puntledge,40.8112,-80.057,Pennsylvania,11,138.0,138.0
7571,Powers,40.8395,-79.9722,Pennsylvania,11,138.0,138.0
7572,Vegas,41.2084,-80.001,Pennsylvania,11,138.0,138.0
7573,Campbell,41.1549,-80.0897,Pennsylvania,11,138.0,138.0
7574,Callaway,41.2472,-80.0033,Pennsylvania,11,138.0,138.0
7575,Meadow Lake Wind Farm Ii Llc,41.1411,-80.1164,Pennsylvania,11,345.0,1.0
7576,Morton Court,41.0951,-79.9817,Pennsylvania,11,138.0,138.0
7577,Fairlawn,41.1964,-79.9048,Pennsylvania,11,138.0,138.0
7578,Himes,41.2108,-79.9446,Pennsylvania,11,138.0,138.0
7579,North Slope Llc,41.0326,-80.1137,Pennsylvania,11,138.0,138.0
7580,Midway-Siena,40.8846,-80.171,Pennsylvania,11,138.0,138.0
7581,Munising,40.8884,-79.9849,Pennsylvania,11,138.0,138.0
7582,5069 Univ. Catolica,40.7834,-79.9526,Pennsylvania,11,138.0,138.0
7583,Houseville,40.6874,-79.8465,Pennsylvania,11,138.0,138.0
7584,Irasburg,40.7869,-79.8603,Pennsylvania,11,138.0,138.0
7585,Keister,41.0261,-79.9946,Pennsylvania,11,138.0,138.0
7586,Mac Heights,40.985,-80.1535,Pennsylvania,11,138.0,138.0
7587,Webster Ic,40.9788,-80.0357,Pennsylvania,11,138.0,138.0
7588,Dierks,40.9909,-79.896,Pennsylvania,11,138.0,138.0
7589,West Cedar,41.0342,-79.9049,Pennsylvania,11,138.0,138.0
7590,Hedda,40.7389,-78.8201,Pennsylvania,11,138.0,138.0
7591,Elk Plain,40.8131,-78.4539,Pennsylvania,11,138.0,138.0
7592,Isabela Planta 7504,40.7908,-78.5383,Pennsylvania,11,138.0,138.0
7593,Dairy Road,40.7749,-78.4714,Pennsylvania,11,138.0,138.0
7594,Parr,40.4406,-78.6877,Pennsylvania,11,138.0,138.0
7595,West Jackson,40.5583,-78.7412,Pennsylvania,11,138.0,138.0
7596,Ebensburg Power,40.4696,-78.7857,Pennsylvania,11,138.0,138.0
7597,Colver Power Project,40.5252,-78.8046,Pennsylvania,11,138.0,138.0
7598,Tuckasegee,40.7072,-78.4096,Pennsylvania,11,138.0,138.0
7599,Dodge Bridge,40.6299,-78.4564,Pennsylvania,11,138.0,138.0
7600,Hogback,40.656,-78.7246,Pennsylvania,11,138.0,138.0
7601,Land O Lakes,40.7367,-78.7511,Pennsylvania,11,138.0,138.0
7602,Cadyville,40.3024,-78.8366,Pennsylvania,11,138.0,138.0
7603,Kerman,40.3103,-78.8587,Pennsylvania,11,138.0,138.0
7604,Univ Of Nc Chapel Hill Cogen Facility,40.2428,-78.7971,Pennsylvania,11,138.0,138.0
7605,Oasis,40.3241,-78.9463,Pennsylvania,11,345.0,138.0
7606,Castro Valley,40.4114,-78.8601,Pennsylvania,11,138.0,138.0
7607,Johnstown,40.3958,-78.9226,Pennsylvania,11,138.0,138.0
7608,Timberline,40.349,-78.8835,Pennsylvania,11,138.0,138.0
7609,Spring City,40.3383,-78.8087,Pennsylvania,11,138.0,138.0
7610,Wasson Switching,40.3888,-78.8772,Pennsylvania,11,138.0,138.0
7611,Greenbush,40.3322,-78.9665,Pennsylvania,11,138.0,138.0
7612,Garnet Mesa,40.4465,-78.9204,Pennsylvania,11,138.0,138.0
7613,Rattlesnake Creek Wind Project,40.342,-78.9594,Pennsylvania,11,138.0,138.0
7614,Mcindoes,40.291,-79.0245,Pennsylvania,11,138.0,138.0
7615,Intermountain,40.1964,-79.0063,Pennsylvania,11,138.0,138.0
7616,Smoky Hill,40.3031,-79.0162,Pennsylvania,11,138.0,138.0
7617,Vernon Terminal,40.265,-79.0015,Pennsylvania,11,138.0,138.0
7618,Dynegy Oakland Power Plant,40.5953,-78.6466,Pennsylvania,11,138.0,138.0
7619,Whitehall,40.5002,-78.6131,Pennsylvania,11,138.0,138.0
7620,Keokuk,40.4728,-78.5393,Pennsylvania,11,138.0,138.0
7621,Lake Pulaski,40.5475,-78.8899,Pennsylvania,11,138.0,138.0
7622,Carraizo 1201,40.4682,-78.8361,Pennsylvania,11,138.0,138.0
7623,Milford Power Project,40.6319,-78.8718,Pennsylvania,11,138.0,138.0
7624,Toyota,40.5998,-78.8282,Pennsylvania,11,138.0,138.0
7625,White Lake,40.598,-78.8539,Pennsylvania,11,138.0,138.0
7626,Newbury,40.6454,-78.5641,Pennsylvania,11,138.0,138.0
7627,Aecc Jonesboro North,40.6398,-78.6302,Pennsylvania,11,138.0,138.0
7628,Eliot,40.5433,-78.6131,Pennsylvania,11,138.0,138.0
7629,Highland Wind Project Pa,40.294,-78.6726,Pennsylvania,11,138.0,138.0
7630,Marshall Dam,40.383,-78.7705,Pennsylvania,11,138.0,138.0
7631,Philip,40.3851,-78.7034,Pennsylvania,11,138.0,138.0
7632,Grandfather Falls,40.4167,-78.7315,Pennsylvania,11,138.0,138.0
7633,La Neuville,40.22,-78.7516,Pennsylvania,11,138.0,138.0
7634,Bridgeville,40.278,-78.7354,Pennsylvania,11,138.0,138.0
7635,Gmp Solar - Richmond,40.3123,-78.7507,Pennsylvania,11,138.0,138.0
7636,Forest Lake,41.6119,-78.0502,Pennsylvania,11,138.0,138.0
7637,Viejo,41.5936,-77.9103,Pennsylvania,11,138.0,138.0
7638,Shooks Gap,41.3467,-78.164,Pennsylvania,11,138.0,138.0
7639,International Falls Power,41.605,-78.319,Pennsylvania,11,138.0,138.0
7640,Potato Rapids,41.5009,-78.3563,Pennsylvania,11,138.0,138.0
7641,Roberts,41.1857,-77.6455,Pennsylvania,11,138.0,138.0
7642,Horizon,41.186,-77.7503,Pennsylvania,11,138.0,138.0
7643,Delsur,41.1148,-77.7025,Pennsylvania,11,138.0,138.0
7644,Petersburg,40.9749,-77.7776,Pennsylvania,11,138.0,138.0
7645,Portland Fl,40.9326,-77.7024,Pennsylvania,11,138.0,138.0
7646,Milesburg,40.9174,-77.7775,Pennsylvania,11,138.0,138.0
7647,Salado Tap,40.9135,-77.7958,Pennsylvania,11,345.0,138.0
7648,Marlette,40.7183,-77.6727,Pennsylvania,11,138.0,138.0
7649,Eastmont,40.8106,-77.697,Pennsylvania,11,138.0,138.0
7650,Rhodes Lake,40.8266,-77.6298,Pennsylvania,11,138.0,138.0
7651,Floresville,40.7223,-77.7599,Pennsylvania,11,138.0,138.0
7652,Auburn-Watt,41.0636,-77.8581,Pennsylvania,11,138.0,138.0
7653,Stewart,41.0178,-77.582,Pennsylvania,11,138.0,138.0
7654,Anson Abenaki Hydros,40.998,-77.7254,Pennsylvania,11,138.0,138.0
7655,Eaton,40.8664,-77.9316,Pennsylvania,11,138.0,138.0
7656,Delta,40.944,-77.9725,Pennsylvania,11,138.0,138.0
7657,Alder Creek-Bradshaw,41.088,-78.0016,Pennsylvania,11,138.0,138.0
7658,Wharton,41.2078,-78.0902,Pennsylvania,11,138.0,138.0
7659,Lascassas,40.8102,-78.2324,Pennsylvania,11,138.0,138.0
7660,Hirsch Road,40.8092,-78.3216,Pennsylvania,11,138.0,138.0
7661,Cedar Cliff,40.6701,-78.0119,Pennsylvania,11,138.0,138.0
7662,Eel Weir,40.8569,-78.205,Pennsylvania,11,138.0,138.0
7663,Station 153,40.7934,-78.1177,Pennsylvania,11,138.0,138.0
7664,Algoma,40.9111,-78.2722,Pennsylvania,11,345.0,138.0
7665,Cardinal,40.761,-78.0654,Pennsylvania,11,138.0,138.0
7666,South Baltimore,40.8337,-78.0719,Pennsylvania,11,138.0,138.0
7667,Bairoa 3008,40.8729,-78.0072,Pennsylvania,11,138.0,138.0
7668,Montaguecabot,40.9899,-77.9708,Pennsylvania,11,138.0,138.0
7669,G E Turner,40.8001,-77.5366,Pennsylvania,11,138.0,1.0
7670,Big Hollow Road,40.8182,-77.9123,Pennsylvania,11,138.0,138.0
7671,Casey West,40.7997,-77.796,Pennsylvania,11,138.0,138.0
7672,Orchard Road,40.8233,-77.8242,Pennsylvania,11,500.0,138.0
7673,West Campus,40.7938,-77.8979,Pennsylvania,11,345.0,138.0
7674,Warehouse Electric,40.8732,-77.9848,Pennsylvania,11,138.0,138.0
7675,Matanzas,40.7017,-77.9701,Pennsylvania,11,138.0,138.0
7676,Canyon Dam,40.8507,-77.7878,Pennsylvania,11,138.0,138.0
7677,Glendale,40.6456,-77.9495,Pennsylvania,11,345.0,138.0
7678,Tilbury Cement,40.7893,-77.9298,Pennsylvania,11,138.0,138.0
7679,Mequon,40.7551,-77.9792,Pennsylvania,11,138.0,138.0
7680,Taylor West,41.2543,-79.3776,Pennsylvania,11,138.0,138.0
7681,Piney,41.2105,-79.4027,Pennsylvania,11,138.0,138.0
7682,Maquoketa,41.3331,-79.4147,Pennsylvania,11,138.0,138.0
7683,Madison-Kenneth,41.3101,-79.6517,Pennsylvania,11,138.0,138.0
7684,Deltaport Tap,41.1891,-79.6238,Pennsylvania,11,138.0,138.0
7685,Jim Ready,41.2178,-79.5194,Pennsylvania,11,138.0,138.0
7686,Powersville Road,41.1177,-79.5839,Pennsylvania,11,138.0,138.0
7687,North Mullet River,41.3691,-79.2489,Pennsylvania,11,138.0,138.0
7688,Packard,41.0693,-79.5276,Pennsylvania,11,138.0,138.0
7689,Allegheny Hydro No 9,40.982,-79.5643,Pennsylvania,11,138.0,138.0
7690,Circle 1,41.1245,-79.4719,Pennsylvania,11,138.0,138.0
7691,56Th,41.3156,-79.4894,Pennsylvania,11,138.0,138.0
7692,Meadow Lane,41.2705,-79.4146,Pennsylvania,11,138.0,138.0
7693,Gran Grae,41.1763,-79.489,Pennsylvania,11,138.0,138.0
7694,Round Rock South,41.3445,-78.9597,Pennsylvania,11,138.0,138.0
7695,S. Land Park,41.0578,-79.3696,Pennsylvania,11,138.0,138.0
7696,Western,41.2043,-79.2451,Pennsylvania,11,138.0,138.0
7697,Hilmar,41.1588,-79.3166,Pennsylvania,11,138.0,138.0
7698,Corinth,41.1091,-79.2412,Pennsylvania,11,138.0,138.0
7699,Live Oak,41.4375,-79.3077,Pennsylvania,11,345.0,138.0
7700,Valley We,41.4392,-79.3754,Pennsylvania,11,138.0,138.0
7701,Ironbound,41.4687,-79.3668,Pennsylvania,11,138.0,138.0
7702,San German Tc 6406,41.2455,-78.8882,Pennsylvania,11,345.0,138.0
7703,Lauderdale,41.2637,-78.9095,Pennsylvania,11,138.0,138.0
7704,Blockhouse,40.9941,-78.3877,Pennsylvania,11,138.0,138.0
7705,Calpeak,41.0488,-78.4804,Pennsylvania,11,138.0,138.0
7706,Pilot Rock,41.0037,-78.5275,Pennsylvania,11,138.0,138.0
7707,Bellis,40.9584,-78.6673,Pennsylvania,11,138.0,138.0
7708,Glenannan,40.9259,-78.5895,Pennsylvania,11,138.0,138.0
7709,Stegall,41.0569,-78.6764,Pennsylvania,11,345.0,138.0
7710,Foothill,41.0722,-78.7088,Pennsylvania,11,138.0,138.0
7711,Punta Del Mar 7302,41.1075,-78.6523,Pennsylvania,11,138.0,138.0
7712,Repetto,41.2053,-78.6086,Pennsylvania,11,138.0,138.0
7713,Johanna,41.1138,-78.8384,Pennsylvania,11,138.0,138.0
7714,Mich Transmitter Facility,41.2169,-78.8253,Pennsylvania,11,138.0,138.0
7715,Moshannon,41.1613,-78.2352,Pennsylvania,11,138.0,138.0
7716,Celery,41.0122,-78.6739,Pennsylvania,11,138.0,138.0
7717,Churchs Ferry,40.8679,-78.4185,Pennsylvania,11,138.0,138.0
7718,Edge Moor,40.8531,-78.3626,Pennsylvania,11,138.0,138.0
7719,Antelope,40.9029,-78.4053,Pennsylvania,11,138.0,138.0
7720,Southwest Jackson,40.8721,-78.4956,Pennsylvania,11,138.0,138.0
7721,South Plant,40.8775,-78.7125,Pennsylvania,11,138.0,138.0
7722,Santa Maria 5008,41.0772,-78.2036,Pennsylvania,11,138.0,138.0
7723,Philipsburg,40.9205,-78.2256,Pennsylvania,11,138.0,138.0
7724,Woodpecker,41.1502,-78.4717,Pennsylvania,11,138.0,138.0
7725,Red Oak Ap,40.9728,-78.9117,Pennsylvania,11,138.0,138.0
7726,Byron Bethany,40.9407,-79.0362,Pennsylvania,11,138.0,138.0
7727,Lemon Cove,40.9752,-79.0504,Pennsylvania,11,345.0,138.0
7728,Mann,40.9699,-78.2938,Pennsylvania,11,138.0,138.0
7729,Fort Clarke,41.0161,-78.1356,Pennsylvania,11,138.0,138.0
7730,Employee,41.0163,-78.3465,Pennsylvania,11,138.0,138.0
7731,Tropical,41.0886,-77.574,Pennsylvania,11,345.0,1.0
7732,Bridge River,41.1588,-77.4383,Pennsylvania,11,138.0,138.0
7733,Kendall,41.1219,-77.5318,Pennsylvania,11,138.0,138.0
7734,Malden,41.435,-77.6949,Pennsylvania,11,138.0,138.0
7735,Malta,41.3138,-77.8489,Pennsylvania,11,138.0,138.0
7736,Crystal Valley,41.3779,-77.7981,Pennsylvania,11,138.0,138.0
7737,Judd Brook,41.9235,-80.4642,Pennsylvania,11,138.0,138.0
7738,Karn,41.7908,-80.4189,Pennsylvania,11,345.0,1.0
7739,Three Points,41.8999,-80.3869,Pennsylvania,11,138.0,138.0
7740,Fort Payne Primary,41.8773,-79.9901,Pennsylvania,11,138.0,138.0
7741,Garland,41.7238,-80.0284,Pennsylvania,11,138.0,138.0
7742,Capacitor,41.8462,-80.0505,Pennsylvania,11,138.0,138.0
7743,St. Augustine,41.743,-79.7773,Pennsylvania,11,138.0,138.0
7744,The Mosaic Company Plant City Facility,41.6911,-79.7961,Pennsylvania,11,138.0,138.0
7745,Freezeout,41.7903,-79.8289,Pennsylvania,11,138.0,138.0
7746,Skylark,41.5029,-80.1506,Pennsylvania,11,138.0,138.0
7747,Carnestown,41.5432,-80.0843,Pennsylvania,11,138.0,138.0
7748,Kempster,41.5643,-80.05,Pennsylvania,11,138.0,138.0
7749,Cochrane Dam,41.5661,-80.3741,Pennsylvania,11,138.0,138.0
7750,Military Highway,41.5706,-80.3398,Pennsylvania,11,138.0,138.0
7751,Beechwood Dp,41.6225,-80.2908,Pennsylvania,11,138.0,138.0
7752,Carrizo Plains,41.7304,-80.3948,Pennsylvania,11,138.0,138.0
7753,Abilene Energy Center Combustion Turbine,41.7191,-80.3342,Pennsylvania,11,138.0,138.0
7754,Twenty Nine Palms,41.5599,-79.872,Pennsylvania,11,138.0,138.0
7755,Wine Country,41.8761,-79.6436,Pennsylvania,11,345.0,138.0
7756,D'Hanis,41.872,-79.5493,Pennsylvania,11,138.0,138.0
7758,Muscoda Industrial,41.9501,-80.1143,Pennsylvania,11,138.0,138.0
7759,South Fifth Street,41.9663,-80.2231,Pennsylvania,11,138.0,138.0
7760,Las Colinas,41.8793,-80.2216,Pennsylvania,11,138.0,138.0
7761,Tulsa North,41.4043,-80.3647,Pennsylvania,11,138.0,138.0
7762,Kossuth,41.4325,-80.4731,Pennsylvania,11,138.0,138.0
7763,Norris Dam,41.384,-80.4071,Pennsylvania,11,138.0,138.0
7764,Western Fher,41.5517,-80.3498,Pennsylvania,11,345.0,138.0
7765,Citrus-Coloma,41.6436,-80.0528,Pennsylvania,11,138.0,138.0
7766,Alberta,41.667,-80.0031,Pennsylvania,11,138.0,138.0
7767,Brassua Hydroelectric Project,41.508,-80.4964,Pennsylvania,11,138.0,138.0
7768,Cairo Bend,41.5641,-80.4562,Pennsylvania,11,138.0,138.0
7769,Timnath,41.4959,-80.3699,Pennsylvania,11,138.0,138.0
7770,Milstead,41.7376,-80.4667,Pennsylvania,11,138.0,138.0
7771,Bandini,41.7166,-80.4439,Pennsylvania,11,138.0,138.0
7772,Cypress Gardens,41.6841,-80.53,Pennsylvania,11,138.0,138.0
7773,Crist,41.6594,-80.129,Pennsylvania,11,138.0,138.0
7774,Albertville,41.6104,-80.0922,Pennsylvania,11,138.0,138.0
7775,Trezevant,41.6086,-80.0737,Pennsylvania,11,500.0,138.0
7776,Hollywood,41.6073,-80.1786,Pennsylvania,11,138.0,138.0
7777,Reedsburg,41.811,-80.0691,Pennsylvania,11,138.0,138.0
7778,Blountville Sw Station,41.8254,-80.1662,Pennsylvania,11,138.0,138.0
7779,Sewalls,41.6276,-80.1701,Pennsylvania,11,138.0,138.0
7780,Nichols,41.7308,-79.671,Pennsylvania,11,138.0,138.0
7781,Inez,41.8326,-79.6497,Pennsylvania,11,138.0,138.0
7782,Broad Street,41.858,-79.691,Pennsylvania,11,138.0,138.0
7783,Orangevale,41.8359,-80.4795,Pennsylvania,11,138.0,138.0
7784,Cortland,41.5717,-79.7222,Pennsylvania,11,138.0,138.0
7785,Morris,41.6118,-79.6312,Pennsylvania,11,138.0,138.0
7786,Homestead Wind Llc,41.5462,-79.7257,Pennsylvania,11,138.0,138.0
7787,Mcinnes,41.8036,-79.8972,Pennsylvania,11,138.0,1.0
7788,Flathead,41.876,-79.7408,Pennsylvania,11,138.0,138.0
7789,Brookhurst,41.8678,-79.9095,Pennsylvania,11,138.0,138.0
7790,East Calamus,41.8948,-79.821,Pennsylvania,11,138.0,138.0
7791,Little Rock Roland Road,41.9054,-79.9491,Pennsylvania,11,138.0,138.0
7792,Osborne,42.0126,-80.0251,Pennsylvania,11,138.0,138.0
7793,White River,41.9506,-80.0074,Pennsylvania,11,138.0,138.0
7794,Chilcoot,40.211,-77.4919,Pennsylvania,11,138.0,138.0
7795,Ninth Street Hydropower Project,40.1703,-77.4922,Pennsylvania,11,138.0,138.0
7796,Casaloma,40.2859,-77.5739,Pennsylvania,11,138.0,138.0
7797,Dugas,41.2094,-78.7266,Pennsylvania,11,138.0,138.0
7798,West Diesel Generation Unit,41.4343,-78.5941,Pennsylvania,11,138.0,138.0
7799,Databank,41.5277,-78.6675,Pennsylvania,11,138.0,138.0
7800,Johnsonburg Mill,41.459,-78.6602,Pennsylvania,11,138.0,138.0
7801,Austin Dam,41.6206,-78.8063,Pennsylvania,11,138.0,138.0
7802,Hidalgo Smelter,41.6127,-78.8846,Pennsylvania,11,345.0,138.0
7803,Lehigh,41.5724,-78.8712,Pennsylvania,11,138.0,138.0
7804,Mianus,41.2934,-78.6275,Pennsylvania,11,138.0,138.0
7805,Battle Creek,41.3353,-78.58,Pennsylvania,11,138.0,138.0
7806,Browns Falls,41.4275,-78.796,Pennsylvania,11,138.0,138.0
7807,Gateway,41.3837,-78.7841,Pennsylvania,11,138.0,138.0
7808,Holt Dam,41.3807,-78.8558,Pennsylvania,11,138.0,1.0
7809,Carbon Center,41.3949,-78.5637,Pennsylvania,11,500.0,138.0
7810,Southwick,41.3989,-78.4211,Pennsylvania,11,138.0,138.0
7811,Daves Falls,41.3763,-78.5555,Pennsylvania,11,138.0,138.0
7812,Marinette,41.3398,-78.2869,Pennsylvania,11,138.0,138.0
7813,Spencer Reit,41.2272,-78.324,Pennsylvania,11,138.0,138.0
7814,Kahe 2,41.5956,-78.5529,Pennsylvania,11,138.0,138.0
7815,Ranchtown,41.6792,-78.5199,Pennsylvania,11,138.0,138.0
7816,Hyde Park,42.1164,-79.9131,Pennsylvania,11,138.0,138.0
7817,Brooksville West,42.0192,-79.9927,Pennsylvania,11,138.0,138.0
7818,Cactus,42.0954,-79.8757,Pennsylvania,11,138.0,138.0
7819,Boulevard,42.1975,-79.9344,Pennsylvania,11,500.0,138.0
7820,Friendship,42.186,-79.9717,Pennsylvania,11,138.0,138.0
7821,Arpin,41.9916,-80.05,Pennsylvania,11,138.0,138.0
7822,Eerie South,42.0868,-80.0501,Pennsylvania,11,138.0,138.0
7823,Rush Citycaps,42.0437,-80.0914,Pennsylvania,11,345.0,1.0
7824,Skito,41.9676,-79.9657,Pennsylvania,11,345.0,138.0
7825,Hammerhill,42.1453,-80.0655,Pennsylvania,11,138.0,138.0
7826,Goshen,42.0238,-80.105,Pennsylvania,11,138.0,138.0
7827,Newhall,42.1679,-79.9989,Pennsylvania,11,138.0,138.0
7828,Ray,42.1277,-80.0524,Pennsylvania,11,138.0,138.0
7829,Qualitech,42.0993,-80.0288,Pennsylvania,11,138.0,138.0
7830,Columbia Mo,42.1058,-80.0389,Pennsylvania,11,138.0,138.0
7831,Necanicum,42.1451,-80.0466,Pennsylvania,11,138.0,138.0
7832,Sanderson,42.1379,-80.0772,Pennsylvania,11,138.0,138.0
7833,Columbine,42.0844,-80.0942,Pennsylvania,11,138.0,138.0
7834,Franklin Drive,42.0393,-80.1056,Pennsylvania,11,138.0,138.0
7835,Retah,42.1783,-79.9868,Pennsylvania,11,138.0,138.0
7836,Standard Oil 1,42.0939,-80.1651,Pennsylvania,11,138.0,138.0
7837,Bethel Road,42.0635,-80.1124,Pennsylvania,11,138.0,138.0
7838,Crmwa4,42.0532,-80.0036,Pennsylvania,11,138.0,138.0
7839,Geysers Tap 1,42.0796,-80.0766,Pennsylvania,11,138.0,138.0
7840,Universal Studios Studio Master,42.0354,-80.1186,Pennsylvania,11,138.0,138.0
7841,Getz,42.1616,-80.0993,Pennsylvania,11,345.0,138.0
7843,Lammers Tap,42.113,-80.1543,Pennsylvania,11,138.0,138.0
7844,Malaspina,42.099,-80.1389,Pennsylvania,11,138.0,138.0
7845,Hastings,42.0358,-80.146,Pennsylvania,11,138.0,138.0
7846,Saylor,42.0551,-80.1858,Pennsylvania,11,138.0,138.0
7847,Lower Ollala,42.0624,-80.1593,Pennsylvania,11,500.0,138.0
7848,Greenwell,42.0011,-80.1602,Pennsylvania,11,138.0,138.0
7849,Geer,42.0209,-80.2229,Pennsylvania,11,138.0,138.0
7850,Lexington Health Center,42.0437,-80.2673,Pennsylvania,11,138.0,138.0
7851,Acec Chateau,42.0711,-80.1495,Pennsylvania,11,138.0,138.0
7852,Hanson,41.9091,-80.2575,Pennsylvania,11,138.0,138.0
7853,Portuguez,41.9992,-80.3494,Pennsylvania,11,138.0,138.0
7854,Erie West,41.9441,-80.4164,Pennsylvania,11,345.0,1.0
7855,Lake Tarpon,42.1455,-79.922,Pennsylvania,11,138.0,138.0
7856,Sanford,42.0348,-80.3344,Pennsylvania,11,138.0,138.0
7857,Webster City,41.9753,-80.4474,Pennsylvania,11,138.0,138.0
7858,Stiles Sw Sta,41.9746,-80.297,Pennsylvania,11,138.0,138.0
7859,Fairport,41.9725,-80.1074,Pennsylvania,11,138.0,138.0
7860,Deer Park,42.1223,-79.8743,Pennsylvania,11,138.0,138.0
7861,Sleepy Eye,42.1653,-79.8111,Pennsylvania,11,138.0,138.0
7863,Hills Creek,42.0311,-79.9045,Pennsylvania,11,138.0,138.0
7864,El Monte,42.0616,-79.8064,Pennsylvania,11,138.0,138.0
7865,Edgewater Station,41.9842,-79.7865,Pennsylvania,11,138.0,138.0
7866,Turkey Point,40.1286,-79.4284,Pennsylvania,11,138.0,138.0
7867,W.E. Williams,40.2375,-79.8557,Pennsylvania,11,138.0,138.0
7868,South Agawam,40.1156,-79.8225,Pennsylvania,11,138.0,138.0
7869,John Lawson,40.0925,-79.751,Pennsylvania,11,138.0,138.0
7870,Apple Inc,40.1661,-79.8272,Pennsylvania,11,138.0,138.0
7871,Greenhorn,40.0655,-79.9473,Pennsylvania,11,138.0,138.0
7872,Adobe,40.0032,-79.8896,Pennsylvania,11,138.0,138.0
7873,West Mcintosh,39.9435,-79.9472,Pennsylvania,11,138.0,138.0
7874,Great Falls Vt,40.0826,-79.2845,Pennsylvania,11,138.0,138.0
7875,Thomson Primary,39.837,-79.4215,Pennsylvania,11,138.0,138.0
7876,Tivy Valley,39.7984,-79.3601,Pennsylvania,11,138.0,138.0
7877,Driscoll,40.0453,-79.4636,Pennsylvania,11,138.0,138.0
7878,Iron Bridge,40.1165,-79.5356,Pennsylvania,11,138.0,138.0
7879,Connellsville,40.0259,-79.5761,Pennsylvania,11,138.0,138.0
7880,Station L Scattergood,40.0862,-79.4975,Pennsylvania,11,345.0,138.0
7881,Gibson,40.0678,-79.667,Pennsylvania,11,138.0,138.0
7882,Bluff,39.8777,-79.539,Pennsylvania,11,138.0,138.0
7883,Angleton,39.865,-79.5965,Pennsylvania,11,138.0,138.0
7884,Sotex5,39.9592,-79.585,Pennsylvania,11,138.0,138.0
7885,Turin,39.8108,-79.786,Pennsylvania,11,138.0,138.0
7886,Fleming Island,39.7557,-79.6729,Pennsylvania,11,138.0,138.0
7887,Indeck Silver Springs Energy Center,39.7301,-79.718,Pennsylvania,11,138.0,138.0
7888,Necessity,39.7823,-79.5873,Pennsylvania,11,138.0,138.0
7889,Drusilla,40.0691,-79.8965,Pennsylvania,11,138.0,138.0
7890,Azusa,39.9514,-79.8072,Pennsylvania,11,138.0,138.0
7891,Schick,39.9988,-79.836,Pennsylvania,11,138.0,138.0
7892,Palm Canyon,39.9184,-79.5849,Pennsylvania,11,138.0,138.0
7893,Tayshell,39.9543,-80.0879,Pennsylvania,11,138.0,138.0
7894,Umatac,39.8537,-79.555,Pennsylvania,11,138.0,138.0
7895,Welfare,39.8793,-79.6705,Pennsylvania,11,138.0,138.0
7896,Greenwood,39.6835,-79.5009,Pennsylvania,11,138.0,138.0
7897,Heye Meyer,39.7383,-79.4751,Pennsylvania,11,138.0,138.0
7898,Toro Negro 2 9901,39.8813,-79.9123,Pennsylvania,11,138.0,138.0
7899,Prairie Sky Solar Farm,39.9346,-79.8442,Pennsylvania,11,138.0,138.0
7900,Hatfield,39.8603,-79.9686,Pennsylvania,11,138.0,138.0
7901,Tans Mtn Oil Cust Tap,39.9188,-79.4182,Pennsylvania,11,138.0,138.0
7902,Domtar 2,40.1759,-79.5246,Pennsylvania,11,138.0,138.0
7903,Switchback,40.155,-79.5644,Pennsylvania,11,138.0,138.0
7904,North Quincy,40.1785,-79.4822,Pennsylvania,11,138.0,138.0
7905,Galloway,40.0881,-79.5368,Pennsylvania,11,138.0,138.0
7906,Huber,39.9069,-79.8766,Pennsylvania,11,138.0,138.0
7907,Livingston,39.9935,-79.4058,Pennsylvania,11,138.0,138.0
7908,Antigo,40.0722,-79.7881,Pennsylvania,11,138.0,138.0
7909,No Maries,39.9669,-79.7777,Pennsylvania,11,138.0,138.0
7910,Mahoning,39.8419,-79.8579,Pennsylvania,11,138.0,138.0
7911,Wascott,39.8952,-79.1669,Pennsylvania,11,138.0,138.0
7912,Arnold,39.9232,-79.2543,Pennsylvania,11,138.0,138.0
7913,Wateree Hydro,39.889,-79.265,Pennsylvania,11,138.0,138.0
7914,119Th Street,40.0923,-79.626,Pennsylvania,11,138.0,138.0
7915,Raccoon Creek,40.0518,-79.595,Pennsylvania,11,138.0,138.0
7916,Taloga,40.1589,-79.6734,Pennsylvania,11,138.0,138.0
7917,Westfield,39.8178,-79.8371,Pennsylvania,11,138.0,138.0
7918,Pueblo,39.7832,-79.8753,Pennsylvania,11,138.0,138.0
7919,Gans,39.7806,-79.8151,Pennsylvania,11,138.0,138.0
7920,Pratt 2,39.9775,-79.6851,Pennsylvania,11,138.0,138.0
7921,East Hampton,39.841,-79.7257,Pennsylvania,11,138.0,138.0
7922,Gratigny,39.9971,-79.7382,Pennsylvania,11,345.0,1.0
7923,Texas Eastern 5,39.9132,-79.6775,Pennsylvania,11,500.0,1.0
7924,Bethelboro,39.9352,-79.7134,Pennsylvania,11,138.0,138.0
7925,Round Rock Westinghouse,41.4888,-79.1059,Pennsylvania,11,138.0,138.0
7926,Temes,41.5,-79.1663,Pennsylvania,11,138.0,138.0
7927,Heybourne,41.6234,-79.4866,Pennsylvania,11,138.0,138.0
7928,Duwamish,41.5634,-79.5257,Pennsylvania,11,138.0,138.0
7929,Mukonago,41.6486,-79.0546,Pennsylvania,11,138.0,138.0
7930,Hoku,41.6511,-79.432,Pennsylvania,11,138.0,138.0
7931,La Conner,39.8059,-77.5427,Pennsylvania,11,138.0,138.0
7932,Grand Point,39.9077,-77.6114,Pennsylvania,11,138.0,138.0
7933,Gum Street,39.8629,-77.574,Pennsylvania,11,138.0,138.0
7934,Elgin Switching,39.8709,-77.5891,Pennsylvania,11,138.0,138.0
7935,New Vt Hanlon,39.9863,-77.7922,Pennsylvania,11,345.0,138.0
7936,Uncer,39.8815,-77.6011,Pennsylvania,11,138.0,138.0
7937,Texas Eastern,39.9082,-77.7102,Pennsylvania,11,138.0,138.0
7938,Fayetteville,39.929,-77.5572,Pennsylvania,11,138.0,138.0
7939,Warren Canyon Tap,40.2986,-77.6563,Pennsylvania,11,345.0,138.0
7940,Hickory Creek,40.0475,-77.8934,Pennsylvania,11,138.0,138.0
7941,Mountain View,39.8072,-77.8024,Pennsylvania,11,138.0,138.0
7942,Mwd Eastside Res,39.8173,-77.8975,Pennsylvania,11,345.0,138.0
7943,Antrim,39.8208,-77.704,Pennsylvania,11,138.0,138.0
7944,Round Rock Northeast,39.7796,-77.7634,Pennsylvania,11,138.0,138.0
7945,Bitter Creek,39.8099,-77.9149,Pennsylvania,11,138.0,138.0
7946,Tornado,39.7582,-77.9231,Pennsylvania,11,138.0,138.0
7947,Roxbury,40.0984,-77.6427,Pennsylvania,11,138.0,138.0
7948,Ne Benton,39.956,-77.8738,Pennsylvania,11,138.0,138.0
7949,Holly Pond,39.8629,-77.9047,Pennsylvania,11,138.0,138.0
7950,Trenton South,40.2057,-77.6902,Pennsylvania,11,138.0,138.0
7951,Zoar,39.8049,-77.6201,Pennsylvania,11,138.0,138.0
7952,West Waynesboro,39.7388,-77.5957,Pennsylvania,11,345.0,138.0
7953,Montauk,39.7224,-77.5998,Pennsylvania,11,138.0,138.0
7954,Reid,39.7211,-77.6693,Pennsylvania,11,138.0,138.0
7955,Flare Ave,40.0401,-78.0191,Pennsylvania,11,138.0,138.0
7956,Colstrip,40.0646,-78.1284,Pennsylvania,11,138.0,138.0
7957,Hintz,40.1961,-77.9662,Pennsylvania,11,138.0,138.0
7958,Mcconnellsburg,39.929,-78.0187,Pennsylvania,11,138.0,138.0
7959,Sub 7959,39.9803,-77.9839,Pennsylvania,11,138.0,138.0
7960,West Buxton,39.9653,-77.9266,Pennsylvania,11,138.0,138.0
7961,Nyssa,39.8631,-78.1891,Pennsylvania,11,138.0,138.0
7962,Franklin Ny,40.1411,-78.1553,Pennsylvania,11,138.0,138.0
7963,May Street,40.1973,-77.9192,Pennsylvania,11,138.0,1.0
7964,Sifton,40.1192,-78.0166,Pennsylvania,11,138.0,138.0
7965,Warfordsburg,39.7626,-78.2428,Pennsylvania,11,138.0,138.0
7966,Mason Road,39.8284,-78.1871,Pennsylvania,11,138.0,138.0
7967,Westt Lexington Chesterfield,39.8946,-79.9536,Pennsylvania,11,138.0,138.0
7968,Mangum,39.9302,-80.053,Pennsylvania,11,138.0,138.0
7969,East Clovis,39.8836,-79.9923,Pennsylvania,11,138.0,138.0
7970,Middlesex 2,39.9603,-80.4734,Pennsylvania,11,138.0,138.0
7971,Hat Creek 2,39.7435,-79.9072,Pennsylvania,11,138.0,138.0
7972,Dayton District,39.7721,-80.02,Pennsylvania,11,138.0,138.0
7973,East Campus,39.9514,-80.1768,Pennsylvania,11,138.0,138.0
7974,Lake Alfred,39.75,-80.1018,Pennsylvania,11,138.0,138.0
7975,Bourne,39.7649,-80.3811,Pennsylvania,11,138.0,138.0
7976,South,39.9474,-80.3416,Pennsylvania,11,138.0,138.0
7977,Mustang Bayou,39.9784,-80.2645,Pennsylvania,11,138.0,138.0
7978,Arverne,39.9481,-79.9871,Pennsylvania,11,138.0,138.0
7979,Kingsley,39.843,-80.1,Pennsylvania,11,345.0,138.0
7980,Croton Falls,39.8635,-80.1057,Pennsylvania,11,138.0,138.0
7981,Daggett,39.8574,-80.1521,Pennsylvania,11,138.0,138.0
7982,Union,39.867,-80.5185,Pennsylvania,11,138.0,138.0
7983,Kearney,40.5954,-78.0734,Pennsylvania,11,138.0,138.0
7984,Medina,40.1938,-78.0859,Pennsylvania,11,138.0,138.0
7985,Hanford No.2 Construction,40.3826,-78.143,Pennsylvania,11,138.0,138.0
7986,Warrior Ridge Hydro,40.5493,-78.0247,Pennsylvania,11,138.0,138.0
7987,Rogers Lake,40.4001,-77.9883,Pennsylvania,11,138.0,138.0
7988,Holiday,40.4336,-77.9195,Pennsylvania,11,138.0,138.0
7989,Roselawn,40.6118,-77.9436,Pennsylvania,11,138.0,138.0
7990,Colonial,40.2529,-77.9964,Pennsylvania,11,138.0,138.0
7991,Corrales Bluff,40.3289,-77.9147,Pennsylvania,11,138.0,138.0
7992,Millennium Power,40.4938,-77.8842,Pennsylvania,11,138.0,138.0
7993,Tolson,40.5683,-77.8784,Pennsylvania,11,138.0,138.0
7994,Devil'S Slide,40.3216,-77.8355,Pennsylvania,11,138.0,138.0
7995,Cobble Hill,40.449,-77.9415,Pennsylvania,11,138.0,138.0
7996,Chevmain,40.3869,-77.9286,Pennsylvania,11,138.0,138.0
7997,Arroyo Tap,40.1915,-77.8429,Pennsylvania,11,138.0,138.0
7998,Placentia,40.6712,-77.8437,Pennsylvania,11,138.0,138.0
7999,Garden Villas,40.2672,-77.8405,Pennsylvania,11,138.0,138.0
8000,Dayton Bulk,40.4718,-79.2198,Pennsylvania,11,138.0,138.0
8001,Afton,40.4042,-79.2252,Pennsylvania,11,138.0,138.0
8002,Turner Shoals,40.4303,-79.2585,Pennsylvania,11,138.0,138.0
8003,East Arlington,40.6772,-78.9275,Pennsylvania,11,138.0,138.0
8004,Talley Road,40.6586,-78.8868,Pennsylvania,11,138.0,138.0
8005,St Johns,40.7132,-78.8805,Pennsylvania,11,138.0,138.0
8006,Vitulli,40.5533,-79.0204,Pennsylvania,11,138.0,138.0
8007,Albatross Tap,40.4766,-79.0743,Pennsylvania,11,138.0,138.0
8008,Lowndes,40.5958,-79.0518,Pennsylvania,11,138.0,138.0
8009,Rosholt,40.65,-79.1145,Pennsylvania,11,138.0,138.0
8010,Shiprock,40.6979,-79.1801,Pennsylvania,11,138.0,138.0
8011,Florida 8602,40.6354,-79.1044,Pennsylvania,11,345.0,138.0
8012,Indiana University Of Pennsylvania,40.6169,-79.1539,Pennsylvania,11,138.0,138.0
8013,Alma,40.7303,-79.0929,Pennsylvania,11,138.0,138.0
8014,Green Island Hydroelectric Station,40.8258,-78.9846,Pennsylvania,11,138.0,138.0
8015,Fair Drive,40.4426,-79.0755,Pennsylvania,11,138.0,138.0
8016,Conemaugh,40.3654,-79.0769,Pennsylvania,11,138.0,138.0
8017,Carbondale Nw,40.5846,-78.9902,Pennsylvania,11,138.0,138.0
8018,Miller Coors Eden Llc,40.8488,-78.8942,Pennsylvania,11,138.0,138.0
8019,Kem,40.5361,-79.4898,Pennsylvania,11,138.0,138.0
8020,Ranch,40.5529,-79.4266,Pennsylvania,11,138.0,138.0
8021,Pantego Distribution,40.5543,-79.4807,Pennsylvania,11,138.0,138.0
8022,Ulmerton Transfer Center,40.4167,-78.9723,Pennsylvania,11,138.0,138.0
8023,491 E 48Th Street,40.9336,-79.1942,Pennsylvania,11,138.0,138.0
8024,Double C,40.8015,-79.1273,Pennsylvania,11,138.0,138.0
8025,Sleight Rd,41.1835,-79.0646,Pennsylvania,11,138.0,138.0
8026,Alley Park,41.1049,-79.027,Pennsylvania,11,138.0,138.0
8027,New Hollandale,41.1552,-79.0284,Pennsylvania,11,138.0,138.0
8028,Los Coches,41.1115,-78.919,Pennsylvania,11,138.0,138.0
8029,Battenkill,41.0817,-78.9284,Pennsylvania,11,138.0,138.0
8030,Copper Mountain Solar 2,41.0495,-78.844,Pennsylvania,11,138.0,138.0
8031,Sarival,40.4884,-77.5434,Pennsylvania,11,138.0,138.0
8032,Big Stone,40.4473,-77.6008,Pennsylvania,11,138.0,138.0
8033,New Hope,40.8911,-80.6333,Pennsylvania,11,138.0,138.0
8034,New Castle Plant,40.9317,-80.3831,Pennsylvania,11,138.0,138.0
8035,Shenango,41.1171,-80.4414,Pennsylvania,11,138.0,138.0
8036,North Road Peak,41.0724,-80.3049,Pennsylvania,11,138.0,138.0
8037,Ponderosa,40.8791,-80.2895,Pennsylvania,11,345.0,1.0
8038,Dragon St,41.0131,-80.2181,Pennsylvania,11,345.0,1.0
8039,Helotes,40.9605,-80.3273,Pennsylvania,11,138.0,138.0
8040,Jemez Jmec,40.9632,-80.3604,Pennsylvania,11,138.0,138.0
8041,Chaves,41.0874,-80.2006,Pennsylvania,11,138.0,138.0
8042,253Rd Place,41.0076,-80.3288,Pennsylvania,11,138.0,138.0
8043,Bonnie Nook,41.0693,-80.4302,Pennsylvania,11,138.0,138.0
8044,Zona Libre 6007,40.9753,-80.4156,Pennsylvania,11,138.0,138.0
8045,Carbon Limestone,40.9947,-80.5417,Pennsylvania,11,138.0,138.0
8046,Moriarity,41.032,-80.4102,Pennsylvania,11,138.0,138.0
8047,Miami Beach,41.1052,-80.3979,Pennsylvania,11,138.0,138.0
8048,Blount,41.1607,-80.3362,Pennsylvania,11,138.0,138.0
8049,Morgan'S Corner,41.1622,-80.4246,Pennsylvania,11,138.0,138.0
8050,Lowellville,41.0597,-80.4996,Pennsylvania,11,138.0,138.0
8051,Tahkenitch,41.0989,-80.4995,Pennsylvania,11,138.0,138.0
8052,Spanish Fork,41.1364,-80.3931,Pennsylvania,11,138.0,138.0
8053,Tempe,41.9462,-78.8095,Pennsylvania,11,138.0,138.0
8054,Sixth Street,41.9059,-78.7625,Pennsylvania,11,138.0,138.0
8055,Bayou Marcus,41.9102,-78.7096,Pennsylvania,11,138.0,138.0
8056,Gurley,41.9333,-78.769,Pennsylvania,11,345.0,138.0
8057,Dakota,41.8741,-78.5394,Pennsylvania,11,138.0,138.0
8059,Bastrop West,41.9508,-78.3028,Pennsylvania,11,138.0,138.0
8060,Bingham Pumps,41.9278,-78.3373,Pennsylvania,11,138.0,138.0
8061,Reenergy Ashland,41.8269,-78.6554,Pennsylvania,11,138.0,138.0
8062,Mcclain Energy Facility,41.6884,-78.8324,Pennsylvania,11,138.0,138.0
8063,Roosevelt Dam,41.6926,-78.6784,Pennsylvania,11,138.0,138.0
8064,Macarthur,41.7426,-78.3293,Pennsylvania,11,345.0,1.0
8065,Leadville,41.7369,-78.2711,Pennsylvania,11,138.0,138.0
8066,Jamaica Bay Peaking,41.7997,-78.2599,Pennsylvania,11,138.0,138.0
8067,Parsons Street,41.9047,-78.1298,Pennsylvania,11,138.0,138.0
8068,Canandaigua,41.9725,-78.1745,Pennsylvania,11,138.0,138.0
8069,Addison,41.9624,-78.2224,Pennsylvania,11,138.0,138.0
8070,Farmers Valley,41.8315,-78.4733,Pennsylvania,11,138.0,138.0
8071,Essex,41.7679,-78.4434,Pennsylvania,11,138.0,138.0
8072,Pierce Brook,41.8286,-78.4118,Pennsylvania,11,138.0,138.0
8073,Gillett,41.1752,-80.5471,Pennsylvania,11,138.0,1.0
8074,Fondo Del Seguro Del Estado,41.1512,-80.5855,Pennsylvania,11,138.0,100.0
8075,Paxton,41.1349,-80.5019,Pennsylvania,11,138.0,138.0
8076,Deerfield 2,41.367,-80.2993,Pennsylvania,11,138.0,138.0
8077,Ruby Street,41.2538,-80.2495,Pennsylvania,11,138.0,138.0
8078,Preble,41.4907,-80.2397,Pennsylvania,11,138.0,138.0
8079,Jeanetta,41.4019,-80.2301,Pennsylvania,11,138.0,138.0
8080,Brandon,41.4473,-80.1878,Pennsylvania,11,138.0,138.0
8081,Boswell,41.1825,-80.3588,Pennsylvania,11,138.0,138.0
8082,Ridgelawn,41.2205,-80.4147,Pennsylvania,11,138.0,138.0
8083,Gordon,41.2186,-80.4033,Pennsylvania,11,345.0,138.0
8084,Oracle,41.1623,-80.4779,Pennsylvania,11,138.0,100.0
8085,Essex Junction 19,41.1943,-80.3396,Pennsylvania,11,138.0,138.0
8086,Walsingham,41.2534,-80.1812,Pennsylvania,11,138.0,138.0
8087,Etiwanda,41.1623,-80.212,Pennsylvania,11,138.0,138.0
8088,Whiteside,41.3043,-79.9358,Pennsylvania,11,138.0,138.0
8089,Division,41.4218,-79.9774,Pennsylvania,11,138.0,138.0
8090,Divide,41.3385,-80.0386,Pennsylvania,11,138.0,138.0
8091,Tiptonville,41.4438,-80.0465,Pennsylvania,11,138.0,138.0
8092,Galaxy,41.2839,-80.4774,Pennsylvania,11,138.0,138.0
8093,Milford,41.3229,-80.5099,Pennsylvania,11,500.0,138.0
8094,Old Hickory,41.2584,-80.5613,Pennsylvania,11,138.0,100.0
8095,Razorback,41.2787,-80.3742,Pennsylvania,11,138.0,138.0
8096,Palmer,41.2435,-80.4887,Pennsylvania,11,138.0,138.0
8097,Marshall Street,41.3431,-80.5219,Pennsylvania,11,138.0,138.0
8098,Beverly Park,41.4004,-80.1115,Pennsylvania,11,138.0,138.0
8099,Nivo,41.3971,-80.0407,Pennsylvania,11,138.0,138.0
8100,Market,41.3084,-80.3877,Pennsylvania,11,138.0,138.0
8101,Camden South Carolina,40.6864,-77.7438,Pennsylvania,11,138.0,138.0
8102,Kingfisher,40.6223,-77.7255,Pennsylvania,11,138.0,138.0
8103,Peoria,40.6134,-77.616,Pennsylvania,11,500.0,138.0
8104,Delaney,40.5521,-77.5697,Pennsylvania,11,138.0,138.0
8105,Mertens,40.5586,-77.6243,Pennsylvania,11,138.0,138.0
8106,Yeagertown,40.6289,-77.5503,Pennsylvania,11,138.0,138.0
8107,Longmire,40.4377,-77.6823,Pennsylvania,11,138.0,138.0
8108,Wold,40.4742,-77.7244,Pennsylvania,11,138.0,138.0
8109,Kennewick,40.3749,-77.8432,Pennsylvania,11,138.0,138.0
8110,Hurricane Creek,40.816,-77.5952,Pennsylvania,11,138.0,138.0
8111,Lewistown,40.584,-77.5877,Pennsylvania,11,138.0,138.0
8112,Anchor Energy,41.8088,-78.0356,Pennsylvania,11,138.0,138.0
8113,Port Madison,41.7257,-77.9857,Pennsylvania,11,138.0,138.0
8114,Glen Avon,41.6955,-78.0359,Pennsylvania,11,138.0,138.0
8115,Greenhills,41.7269,-77.7228,Pennsylvania,11,138.0,138.0
8116,Minico,41.5846,-77.6054,Pennsylvania,11,138.0,138.0
8117,Gis,41.6347,-77.7333,Pennsylvania,11,138.0,138.0
8118,Amco,41.9851,-77.8728,Pennsylvania,11,138.0,138.0
8119,Folsom-Iron Point,41.933,-77.9573,Pennsylvania,11,138.0,138.0
8120,Cristianitos,41.9728,-77.5891,Pennsylvania,11,138.0,138.0
8121,Laguna Niguel,41.8523,-78.1409,Pennsylvania,11,138.0,138.0
8122,Valley City,41.8448,-77.7322,Pennsylvania,11,138.0,138.0
8123,Covington,41.9003,-77.8105,Pennsylvania,11,138.0,138.0
8124,Sykes Creek,41.9205,-77.4818,Pennsylvania,11,138.0,138.0
8125,Jefferson Smurfit Corp,41.8928,-77.4573,Pennsylvania,11,138.0,138.0
8126,Welport,41.88,-77.5569,Pennsylvania,11,345.0,1.0
8127,Harris Branch,39.8466,-78.9627,Pennsylvania,11,138.0,138.0
8128,88Th & Mingo,39.8667,-78.9057,Pennsylvania,11,138.0,138.0
8129,Marathon,39.9151,-78.8748,Pennsylvania,11,138.0,138.0
8130,Gm Alison,40.2302,-79.1636,Pennsylvania,11,138.0,138.0
8131,Westfork,40.1822,-79.0984,Pennsylvania,11,138.0,138.0
8132,Eldredge Formby,39.9424,-78.8206,Pennsylvania,11,138.0,138.0
8133,Marsh Fork,40.0813,-78.8548,Pennsylvania,11,138.0,138.0
8134,La Porte,40.027,-78.9724,Pennsylvania,11,138.0,138.0
8135,Apalachia,40.0787,-78.9941,Pennsylvania,11,138.0,138.0
8136,Hooversville,40.1498,-78.9381,Pennsylvania,11,138.0,138.0
8137,Eld Inlet,39.8008,-79.0127,Pennsylvania,11,138.0,138.0
8138,San Ramon,39.7493,-78.9898,Pennsylvania,11,138.0,138.0
8139,Segs 4,39.7803,-78.9649,Pennsylvania,11,138.0,138.0
8140,Michigan St,39.6736,-79.1268,Pennsylvania,11,138.0,138.0
8141,New Denver,39.7363,-79.0826,Pennsylvania,11,138.0,138.0
8142,Rossview,39.7372,-79.2242,Pennsylvania,11,138.0,138.0
8143,White Rock,39.9275,-78.9748,Pennsylvania,11,138.0,138.0
8144,Wind Farm,39.8924,-79.0997,Pennsylvania,11,138.0,138.0
8145,Oakboro,39.977,-79.1981,Pennsylvania,11,138.0,138.0
8146,Medco,40.0442,-79.0688,Pennsylvania,11,138.0,138.0
8147,Brooks Hill,39.9749,-79.1125,Pennsylvania,11,138.0,138.0
8148,Southgate,40.0645,-79.1832,Pennsylvania,11,345.0,138.0
8149,Panno,40.141,-79.0249,Pennsylvania,11,138.0,138.0
8150,Peach Valley Tie,40.0687,-78.9403,Pennsylvania,11,138.0,138.0
8151,Attala,40.1028,-78.9184,Pennsylvania,11,138.0,138.0
8152,Rankin,41.6738,-77.5133,Pennsylvania,11,138.0,138.0
8153,Blue,41.4035,-79.8038,Pennsylvania,11,138.0,138.0
8154,Curry Road,41.4291,-79.8905,Pennsylvania,11,138.0,138.0
8155,Shelton Road,41.4211,-79.7341,Pennsylvania,11,138.0,138.0
8156,Beargrass,41.3504,-79.8729,Pennsylvania,11,138.0,138.0
8157,American Crystal Sugar Drayton,41.1891,-79.8131,Pennsylvania,11,138.0,138.0
8158,Libby,41.4458,-79.568,Pennsylvania,11,138.0,138.0
8159,Karns,41.3963,-79.6596,Pennsylvania,11,138.0,138.0
8160,Douglas,41.4313,-79.7241,Pennsylvania,11,345.0,1.0
8161,Florida,41.4896,-79.679,Pennsylvania,11,138.0,138.0
8162,Rothwood,41.9344,-79.4987,Pennsylvania,11,138.0,138.0
8163,Kamwood,41.7552,-79.3629,Pennsylvania,11,138.0,138.0
8164,Palo Verde,41.7629,-79.4546,Pennsylvania,11,138.0,138.0
8166,Whitney,41.9517,-78.9862,Pennsylvania,11,138.0,138.0
8168,Willis,41.913,-79.3358,Pennsylvania,11,138.0,138.0
8169,Stoddard,41.7743,-79.2183,Pennsylvania,11,138.0,138.0
8170,Toone,41.7969,-79.1978,Pennsylvania,11,138.0,138.0
8171,Lone Peak,41.7904,-79.1106,Pennsylvania,11,138.0,138.0
8172,Bonnet Creek,41.8905,-79.0966,Pennsylvania,11,138.0,138.0
8173,Knob,41.8423,-79.4407,Pennsylvania,11,138.0,138.0
8174,Ishua Switch Tower,41.8942,-79.2967,Pennsylvania,11,138.0,138.0
8175,East Levee,41.8161,-79.3369,Pennsylvania,11,138.0,138.0
8176,Firestone,40.32,-80.5146,Pennsylvania,11,138.0,138.0
8177,Simmons,40.2079,-80.4197,Pennsylvania,11,138.0,138.0
8178,Ripple,40.131,-80.1101,Pennsylvania,11,138.0,138.0
8179,Frankenheimer,40.1107,-80.0146,Pennsylvania,11,138.0,138.0
8180,Carlsbad Waterfield,40.3747,-80.4853,Pennsylvania,11,138.0,138.0
8181,Water Street,40.3668,-80.3763,Pennsylvania,11,138.0,138.0
8182,Power Inn-Elsie,40.4319,-80.3446,Pennsylvania,11,138.0,138.0
8183,Delray,40.0257,-79.9441,Pennsylvania,11,138.0,138.0
8184,Lake City,40.0395,-79.8659,Pennsylvania,11,138.0,138.0
8185,Brent,40.3049,-80.2054,Pennsylvania,11,138.0,138.0
8186,Upper Malad,40.2116,-80.0937,Pennsylvania,11,138.0,138.0
8187,Station S Van Nuys,40.2449,-80.2119,Pennsylvania,11,138.0,138.0
8188,Sagola,40.2491,-80.1172,Pennsylvania,11,138.0,138.0
8189,Woods,40.0661,-80.0322,Pennsylvania,11,138.0,138.0
8190,Curry Ford,40.1562,-79.9287,Pennsylvania,11,138.0,138.0
8191,Montgomery County Resource Recovery,40.1061,-79.8544,Pennsylvania,11,138.0,138.0
8192,Whispering Willow North,40.2495,-80.3753,Pennsylvania,11,138.0,138.0
8193,Fort Gibson,40.1409,-80.4182,Pennsylvania,11,138.0,138.0
8194,Kaiser,40.1433,-79.8322,Pennsylvania,11,138.0,138.0
8195,Mighoward,40.1965,-79.8157,Pennsylvania,11,138.0,138.0
8196,Ivanpah,40.0713,-80.1716,Pennsylvania,11,138.0,138.0
8197,Crane,40.1666,-80.0866,Pennsylvania,11,138.0,138.0
8198,Cowlitz,40.3149,-80.3145,Pennsylvania,11,138.0,138.0
8199,Manifold,40.1944,-80.1948,Pennsylvania,11,138.0,138.0
8200,Blanchardville,40.2793,-80.1921,Pennsylvania,11,138.0,138.0
8201,Glen Ullin Station 6,40.0287,-80.0176,Pennsylvania,11,138.0,138.0
8202,Firstenergy Mitchell Power Station,40.2054,-79.9996,Pennsylvania,11,138.0,138.0
8203,East Tawas,40.2554,-80.0754,Pennsylvania,11,138.0,138.0
8204,Bellingham Cogeneration Facility,40.0369,-80.1957,Pennsylvania,11,500.0,138.0
8205,Nebo,40.1383,-80.2782,Pennsylvania,11,138.0,138.0
8206,Hato Rey Gis 1403-1404,40.2131,-80.3162,Pennsylvania,11,500.0,138.0
8207,Audobon,40.2306,-80.3111,Pennsylvania,11,138.0,138.0
8208,International Paper Jay Hydro,40.2024,-80.2763,Pennsylvania,11,138.0,138.0
8209,Creston,40.0362,-80.5474,Pennsylvania,11,138.0,138.0
8210,Coso 8-9,40.1206,-80.4611,Pennsylvania,11,138.0,138.0
8211,Berlin,40.4064,-79.1515,Pennsylvania,11,138.0,138.0
8212,Goldtree,40.3353,-79.1589,Pennsylvania,11,138.0,138.0
8213,Hesperia,40.3511,-79.6045,Pennsylvania,11,138.0,138.0
8214,Lawrence Hill,40.3088,-79.2369,Pennsylvania,11,138.0,138.0
8215,Fox Hills,40.3156,-79.2605,Pennsylvania,11,138.0,138.0
8216,Conemaugh Hydro Plant,40.4708,-79.3298,Pennsylvania,11,138.0,138.0
8217,Cholame,40.3981,-79.5518,Pennsylvania,11,138.0,138.0
8218,Armawalk,40.4354,-79.5829,Pennsylvania,11,345.0,138.0
8219,University Of Northern Iowa,40.2617,-79.4957,Pennsylvania,11,138.0,138.0
8220,Youngwood,40.2411,-79.5791,Pennsylvania,11,500.0,138.0
8221,Frederic Diesel,40.2386,-79.4526,Pennsylvania,11,345.0,1.0
8222,Luxor,40.32,-79.5287,Pennsylvania,11,345.0,1.0
8223,Dowling,40.2419,-79.5673,Pennsylvania,11,138.0,138.0
8224,Bell,40.4066,-79.6241,Pennsylvania,11,138.0,138.0
8225,Deadhead,40.2773,-79.5702,Pennsylvania,11,138.0,138.0
8226,Pacific Ethanol,40.3279,-79.5804,Pennsylvania,11,138.0,138.0
8227,Bristol - Hewitt Road,40.3133,-79.6619,Pennsylvania,11,138.0,138.0
8228,Sevierville,40.2211,-79.6953,Pennsylvania,11,345.0,138.0
8229,Productos Electricos 2,40.3293,-79.4062,Pennsylvania,11,138.0,138.0
8230,Idaho Springs,40.316,-79.3538,Pennsylvania,11,138.0,138.0
8231,Northeastern,40.2274,-79.3995,Pennsylvania,11,138.0,138.0
8232,Pantex South,40.2485,-79.4169,Pennsylvania,11,138.0,138.0
8233,Three Peaks,40.2234,-79.2371,Pennsylvania,11,138.0,138.0
8234,Woodsville,40.2643,-79.2833,Pennsylvania,11,138.0,138.0
8235,Florence,40.288,-79.2389,Pennsylvania,11,345.0,138.0
8236,Irasville,40.2097,-79.9034,Pennsylvania,11,138.0,138.0
8237,Monongahela L&D4 Hydroelectric Project,40.1768,-79.8912,Pennsylvania,11,138.0,138.0
8238,Westley,40.4021,-79.4184,Pennsylvania,11,138.0,138.0
8239,Drexel,40.3896,-79.4716,Pennsylvania,11,138.0,138.0
8240,General Dynamics,40.201,-79.6506,Pennsylvania,11,138.0,138.0
8241,Kleen,40.1291,-79.6545,Pennsylvania,11,138.0,138.0
8242,Livingston Westside,40.1591,-79.3066,Pennsylvania,11,138.0,138.0
8243,Wasco,40.2669,-79.6599,Pennsylvania,11,138.0,138.0
8244,Aes Beaver Valley Partners Beaver Valley,40.6466,-80.3574,Pennsylvania,11,500.0,138.0
8245,Seward,40.4165,-79.0281,Pennsylvania,11,500.0,1.0
8246,Handsome Lake,41.3056,-79.8071,Pennsylvania,11,500.0,13.8
8247,Harwood,40.4874,-78.7227,Pennsylvania,11,500.0,1.0
8248,Herbster Dpc,39.8897,-79.0619,Pennsylvania,11,138.0,20.0
8249,Shawville Station,41.0507,-78.3555,Pennsylvania,11,500.0,13.8
8250,William F Matson Generating Station,40.4068,-77.9876,Pennsylvania,11,500.0,1.0
8251,Waterside,40.6947,-78.1955,Pennsylvania,11,345.0,138.0
8252,West Medway,40.7265,-78.326,Pennsylvania,11,500.0,1.0
8253,Piney Creek Project,41.1798,-79.4375,Pennsylvania,11,500.0,13.8
8254,Pontotoc,39.8844,-78.9188,Pennsylvania,11,345.0,138.0
8255,Scrubgrass Generating Plant,41.274,-79.8169,Pennsylvania,11,345.0,138.0
8256,Granada,40.3094,-78.7316,Pennsylvania,11,345.0,138.0
8257,Westland,40.96,-80.3845,Pennsylvania,11,500.0,13.2
8258,Glade,41.8317,-79.0435,Pennsylvania,11,345.0,13.8
8259,Deer Park Energy Center,40.4047,-78.5483,Pennsylvania,11,138.0,22.0
8260,Jamaica,40.6585,-78.7109,Pennsylvania,11,345.0,1.0
8261,Magnesium Plant,40.0906,-78.8917,Pennsylvania,11,345.0,13.8
8262,Dessau,39.738,-79.737,Pennsylvania,11,345.0,138.0
8263,Nietos,40.5754,-79.7987,Pennsylvania,11,138.0,1.0
8264,Picnic Point,40.4551,-80.0852,Pennsylvania,11,138.0,138.0
8265,Allegheny Energy Units 3 4 & 5,40.5539,-79.7805,Pennsylvania,11,500.0,1.0
8266,Keystone,40.6776,-79.3275,Pennsylvania,11,500.0,13.8
8267,Love Bird,40.5192,-78.8103,Pennsylvania,11,500.0,13.8
8268,Detroit,39.4537,-79.0209,Pennsylvania,11,500.0,138.0
8269,Logans Ferry,40.5141,-79.7805,Pennsylvania,11,138.0,18.0
8270,Midland,40.6291,-80.4481,Pennsylvania,11,500.0,13.8
8271,North Lebanon,39.8405,-79.1585,Pennsylvania,11,500.0,138.0
8272,Blackstone,39.7746,-79.0279,Pennsylvania,11,138.0,13.8
8273,Beaver Valley,40.6046,-80.4321,Pennsylvania,11,500.0,1.0
8274,Chambersburg,39.8685,-77.6554,Pennsylvania,11,500.0,1.0
8275,Norfork,39.7117,-79.854,Pennsylvania,11,500.0,13.8
8276,Victoria Tc 7001-7007-7008,40.3177,-78.6614,Pennsylvania,11,500.0,138.0
8277,Hyak,40.3602,-79.0422,Pennsylvania,11,500.0,13.8
8278,Amfrac,40.5521,-78.4621,Pennsylvania,11,138.0,138.0
8279,Homer City,40.5263,-79.2025,Pennsylvania,11,500.0,13.8
8280,Ronco,39.8643,-79.9176,Pennsylvania,11,500.0,13.8
8281,Allegheny Hydro No 8,40.88,-79.488,Pennsylvania,11,500.0,138.0
8282,Orchard Park,39.9185,-77.6895,Pennsylvania,11,138.0,138.0
8283,Southbend,40.6502,-79.3563,Pennsylvania,11,138.0,13.2
8284,Shoals,40.7029,-79.6362,Pennsylvania,11,500.0,138.0
8285,Cambria Cogen,40.4759,-78.7261,Pennsylvania,11,138.0,138.0
8286,Lsu,39.7812,-78.9046,Pennsylvania,11,500.0,1.0
8287,South San Antonio,41.8018,-79.1858,Pennsylvania,11,345.0,20.0
8288,North Allegheny Windpower Project,40.3957,-78.5693,Pennsylvania,11,500.0,138.0
8289,Lake Lynn Hydro Station,39.717,-79.8582,Pennsylvania,11,138.0,13.8
8290,Zebra,40.439,-80.0357,Pennsylvania,11,138.0,138.0
8291,Armstrong,40.6436,-79.3752,Pennsylvania,11,500.0,13.8
8292,Blue Ravine-School,40.0209,-78.8126,Pennsylvania,11,500.0,138.0
8293,Asphalt Mines,39.0771,-75.6235,Delaware,12,138.0,138.0
8294,Twin Lakes-Main,39.2089,-75.6701,Delaware,12,138.0,138.0
8295,Culebra 3801,39.2403,-75.542,Delaware,12,138.0,138.0
8296,Reata,39.2608,-75.4298,Delaware,12,138.0,138.0
8297,Dover Sun Park,39.165,-75.4987,Delaware,12,138.0,138.0
8298,Fajardo Tc 2001 2004,39.0781,-75.5104,Delaware,12,138.0,138.0
8299,Roseton,39.1348,-75.698,Delaware,12,138.0,138.0
8300,Mckee Run,39.1735,-75.5279,Delaware,12,138.0,138.0
8301,Holcombe,39.3002,-75.5889,Delaware,12,138.0,138.0
8302,Indian Flat,38.9095,-75.721,Delaware,12,138.0,138.0
8303,Vaughn,39.0307,-75.5552,Delaware,12,138.0,138.0
8304,St Johns Dp,39.047,-75.6521,Delaware,12,138.0,138.0
8305,Greenbrae,38.8234,-75.6372,Delaware,12,138.0,138.0
8306,Vernon,38.9536,-75.6379,Delaware,12,138.0,138.0
8307,Norcross,38.9991,-75.6667,Delaware,12,138.0,138.0
8308,Honcut,39.1265,-75.4787,Delaware,12,138.0,138.0
8309,Main,38.9065,-75.3626,Delaware,12,138.0,138.0
8310,Bowling Green Peaking,38.9639,-75.3725,Delaware,12,138.0,138.0
8311,Stranger Creek,39.0027,-75.3286,Delaware,12,138.0,138.0
8312,Bandera Road,38.9683,-75.3285,Delaware,12,138.0,138.0
8313,Springfield - Nichols Street,39.3577,-75.5595,Delaware,12,138.0,138.0
8314,Hogal,39.2531,-75.589,Delaware,12,138.0,138.0
8315,Escuela Urbana,39.3299,-75.6166,Delaware,12,138.0,138.0
8316,Sylvarena,39.5683,-75.6982,Delaware,12,138.0,138.0
8317,Keeney,39.626,-75.7382,Delaware,12,138.0,138.0
8318,Mt. Pleasant,39.4992,-75.7392,Delaware,12,138.0,138.0
8319,Sunset Lake,39.6207,-75.704,Delaware,12,138.0,138.0
8320,Belfry,39.4636,-75.6308,Delaware,12,138.0,1.0
8321,Peavine,39.4513,-75.6639,Delaware,12,138.0,138.0
8322,Astoria,39.4425,-75.6395,Delaware,12,138.0,138.0
8323,Firstenergy Albright,39.5908,-75.5609,Delaware,12,138.0,138.0
8324,Pensacola,39.6546,-75.5713,Delaware,12,138.0,138.0
8325,Harmony,39.6719,-75.7214,Delaware,12,138.0,138.0
8326,Cottonwood,39.7213,-75.6021,Delaware,12,138.0,138.0
8327,Waterloo Solar Llc,39.6277,-75.5673,Delaware,12,138.0,138.0
8328,Met Center,39.6003,-75.7285,Delaware,12,138.0,138.0
8329,Coffey,39.7112,-75.672,Delaware,12,138.0,138.0
8330,Enterprise,39.5752,-75.735,Delaware,12,138.0,138.0
8331,San Manuel,39.6912,-75.8318,Delaware,12,138.0,138.0
8332,Morganton Parker Road,39.7073,-75.7397,Delaware,12,138.0,138.0
8333,Rocky Mountain Hydroelectric Plant,39.7605,-75.753,Delaware,12,138.0,138.0
8334,Mooreville,39.6596,-75.6876,Delaware,12,138.0,1.0
8335,Lake Gum,39.7699,-75.7788,Delaware,12,138.0,138.0
8336,Kiamensi,39.7129,-75.6401,Delaware,12,138.0,138.0
8337,Wellman,39.4203,-75.5845,Delaware,12,138.0,138.0
8338,Cachete1 1526 1530,39.743,-75.5665,Delaware,12,138.0,138.0
8339,Edgemoor,39.7421,-75.5178,Delaware,12,138.0,138.0
8340,Willmar,39.7669,-75.4537,Delaware,12,138.0,138.0
8341,Citisteel,39.8115,-75.4486,Delaware,12,138.0,138.0
8342,Silver Side Road,39.7856,-75.4908,Delaware,12,138.0,138.0
8343,Brandywine,39.7565,-75.5299,Delaware,12,138.0,138.0
8344,Lieberman 2,39.7222,-75.7047,Delaware,12,138.0,138.0
8345,Silverbrook,39.7907,-75.5964,Delaware,12,138.0,138.0
8346,New Castle,39.6901,-75.5658,Delaware,12,138.0,138.0
8347,Eden,39.7877,-75.5387,Delaware,12,138.0,138.0
8348,Red Lion Energy Center,39.6092,-75.6554,Delaware,12,138.0,138.0
8349,Miles O'Malley,39.8055,-75.6542,Delaware,12,138.0,138.0
8350,Cocoa Beach,39.825,-75.6902,Delaware,12,138.0,138.0
8351,Darlington Road,39.6626,-75.6554,Delaware,12,138.0,138.0
8352,Queen City,39.6342,-75.6812,Delaware,12,138.0,138.0
8353,Wheeler Dam,39.8412,-75.5381,Delaware,12,138.0,138.0
8354,Menaul Tap,39.8522,-75.583,Delaware,12,138.0,138.0
8355,Silver City,39.8354,-75.4738,Delaware,12,138.0,138.0
8356,Flournoy,38.6941,-75.5225,Delaware,12,138.0,138.0
8357,Bethpage,38.425,-75.6843,Delaware,12,138.0,138.0
8358,Pepper,38.6641,-75.4288,Delaware,12,138.0,138.0
8359,Concord I,38.5965,-75.4697,Delaware,12,138.0,138.0
8360,Sagebrush,38.7636,-75.4576,Delaware,12,138.0,138.0
8361,Canadys Steam,38.5362,-75.5413,Delaware,12,138.0,138.0
8362,Delevan,38.5845,-75.553,Delaware,12,138.0,1.0
8364,Angola,38.6695,-75.1434,Delaware,12,138.0,138.0
8365,Robinsonville,38.6899,-75.2336,Delaware,12,138.0,138.0
8366,Ess Lewes,38.7825,-75.1368,Delaware,12,138.0,138.0
8367,Siggen,38.5364,-75.2588,Delaware,12,138.0,138.0
8368,Harvard,38.4951,-75.2422,Delaware,12,138.0,138.0
8369,Dorset,38.5115,-75.2784,Delaware,12,138.0,138.0
8370,Rhame,38.6075,-75.2562,Delaware,12,138.0,138.0
8371,Woodenshoe,38.7908,-75.2854,Delaware,12,138.0,138.0
8373,Rehoboth,38.7257,-75.077,Delaware,12,138.0,138.0
8374,Nine Mile,38.6542,-75.614,Delaware,12,138.0,138.0
8375,Ss3140,38.5279,-75.6554,Delaware,12,138.0,138.0
8376,Twin Cities-Snodgrass,38.6324,-75.5597,Delaware,12,138.0,138.0
8377,Westwego,38.6998,-75.6587,Delaware,12,138.0,138.0
8378,Lower Village Water Power Project,38.3841,-75.2316,Delaware,12,138.0,138.0
8379,Bayard,38.567,-75.1477,Delaware,12,138.0,138.0
8381,University Of Florida,38.6173,-75.2245,Delaware,12,138.0,18.0
8382,Milford Solar Farm,38.9103,-75.4755,Delaware,12,138.0,13.8
8383,Macomb,39.6387,-75.6331,Delaware,12,138.0,13.8
8384,Basin Road,39.7094,-75.5789,Delaware,12,138.0,13.8
8385,Park Ridge,39.1207,-75.5501,Delaware,12,138.0,138.0
8386,Warren F Sam Beasley Generation Station,39.2933,-75.6444,Delaware,12,138.0,13.8
8387,Nrg Energy Center Dover,39.1581,-75.5352,Delaware,12,138.0,138.0
8388,Carrcroft,39.7657,-75.4944,Delaware,12,138.0,13.8
8389,Highway M,39.1981,-75.5641,Delaware,12,138.0,18.0
8390,Delaware City Plant,39.5693,-75.6246,Delaware,12,138.0,138.0
8391,West 2,39.7351,-75.6135,Delaware,12,138.0,13.8
8392,Taftsville,38.6191,-75.2073,Delaware,12,138.0,13.8
8393,Van Sant Station,39.1295,-75.5647,Delaware,12,138.0,138.0
8394,Hay Road,39.7511,-75.4929,Delaware,12,138.0,13.8
8395,Monochem,39.5865,-78.8004,Maryland,13,138.0,138.0
8396,Atchison,39.7224,-78.7545,Maryland,13,138.0,138.0
8397,Bedford Road,39.7372,-78.748,Maryland,13,138.0,138.0
8398,Aes Warrior Run Cogeneration Facility,39.6117,-78.7605,Maryland,13,138.0,138.0
8399,Trego,39.6439,-78.5578,Maryland,13,138.0,138.0
8400,Txi,39.5595,-79.0053,Maryland,13,138.0,138.0
8401,Shunock,39.5528,-79.0469,Maryland,13,138.0,138.0
8402,Frostburg 1,39.6278,-78.9576,Maryland,13,138.0,138.0
8403,Chenoweth,39.5772,-78.958,Maryland,13,138.0,138.0
8404,Tecuya,39.5255,-78.6673,Maryland,13,138.0,138.0
8405,Torrey,38.9535,-76.6015,Maryland,13,138.0,138.0
8406,West Townsend,39.0438,-76.6323,Maryland,13,138.0,138.0
8407,Riva Road,38.9407,-76.6113,Maryland,13,345.0,1.0
8408,Leggett,39.015,-76.4991,Maryland,13,138.0,138.0
8409,Bay Ridge,38.9426,-76.4802,Maryland,13,138.0,138.0
8410,Vaca-Dixon,38.9734,-76.5282,Maryland,13,138.0,138.0
8413,Hunt Club,39.0429,-76.4218,Maryland,13,138.0,138.0
8414,San Angelo Jackson Street,39.0326,-76.4852,Maryland,13,138.0,138.0
8415,Valley Ese,39.0557,-76.5539,Maryland,13,138.0,138.0
8416,Draw,39.0065,-76.4243,Maryland,13,138.0,138.0
8417,Westhaven,39.2191,-76.7007,Maryland,13,138.0,138.0
8418,Black Hills Power,39.1828,-76.627,Maryland,13,138.0,138.0
8419,Irving,39.2179,-76.6031,Maryland,13,138.0,138.0
8420,Gove,38.8364,-76.5252,Maryland,13,138.0,138.0
8421,San Bernardino,39.0053,-76.7144,Maryland,13,138.0,138.0
8422,Border,39.1295,-76.6737,Maryland,13,138.0,138.0
8423,Stone Lake,38.9694,-76.6294,Maryland,13,138.0,138.0
8424,Melones Tap 2,38.9378,-76.6947,Maryland,13,138.0,138.0
8425,Bonnie Brae,38.7687,-76.6331,Maryland,13,138.0,138.0
8426,Chesapeake Beach,38.6952,-76.5325,Maryland,13,138.0,138.0
8427,Cuchilla Tap Rs Line,38.9202,-76.5206,Maryland,13,138.0,138.0
8428,Marriott Hill,38.903,-76.5846,Maryland,13,138.0,138.0
8429,South Gatlinburg,38.8931,-76.5089,Maryland,13,138.0,138.0
8430,Jenney,38.9411,-76.5462,Maryland,13,138.0,138.0
8431,Midtown,39.0745,-76.6258,Maryland,13,138.0,138.0
8432,El Paso Fs H-H,39.1016,-76.6018,Maryland,13,138.0,138.0
8433,Didion,39.1297,-76.5928,Maryland,13,138.0,138.0
8434,Walerga-Galbrath,39.1503,-76.5746,Maryland,13,138.0,138.0
8435,Glen Burnie,39.1539,-76.6058,Maryland,13,138.0,138.0
8436,Big Stone South,39.1017,-76.6933,Maryland,13,138.0,138.0
8437,14Th Street,39.1469,-76.7245,Maryland,13,138.0,138.0
8438,Bisti,39.1158,-76.5943,Maryland,13,138.0,138.0
8439,San Simeon-Stefano,39.1215,-76.5707,Maryland,13,138.0,138.0
8440,Sterlington,39.1172,-76.7132,Maryland,13,138.0,138.0
8441,No. Wall,39.1624,-76.8146,Maryland,13,138.0,138.0
8442,Lake Charles Polymers,39.1536,-76.7648,Maryland,13,138.0,138.0
8443,Sauk Dpc Solar,39.0319,-76.6549,Maryland,13,138.0,1.0
8445,Black Knight,38.9466,-76.7343,Maryland,13,138.0,138.0
8446,Priest Bridge,38.9754,-76.7022,Maryland,13,138.0,138.0
8447,Dunkirk,38.7319,-76.6109,Maryland,13,138.0,138.0
8448,Mount Harmony,38.6968,-76.6602,Maryland,13,138.0,138.0
8449,Gulf Breeze,39.1286,-76.5164,Maryland,13,138.0,138.0
8450,Hardwick,39.1006,-76.5202,Maryland,13,345.0,1.0
8451,Bankhead Dam,39.1017,-76.4705,Maryland,13,138.0,138.0
8453,South Perry,39.0602,-76.4452,Maryland,13,138.0,138.0
8454,Rogue River,39.2029,-76.7065,Maryland,13,138.0,138.0
8455,N Lakeville,39.1301,-76.6497,Maryland,13,138.0,138.0
8456,Rubicon,39.1503,-76.6473,Maryland,13,138.0,138.0
8457,Waugh Chapel,39.0648,-76.6837,Maryland,13,138.0,138.0
8458,Horno,39.0659,-76.5837,Maryland,13,138.0,138.0
8459,Tri-County,39.0862,-76.5785,Maryland,13,138.0,138.0
8460,Cordova-Folsom,38.9892,-76.6352,Maryland,13,138.0,138.0
8462,South Manchester,39.3,-76.4851,Maryland,13,138.0,138.0
8463,Berkeley F,39.2789,-76.4886,Maryland,13,138.0,138.0
8464,Kenyon,39.2899,-76.543,Maryland,13,138.0,138.0
8465,Erdman,39.3067,-76.5778,Maryland,13,138.0,138.0
8466,Bge Timonium,39.4192,-76.6063,Maryland,13,138.0,138.0
8467,Eaymond,39.4147,-76.6506,Maryland,13,138.0,138.0
8468,Westport,39.2668,-76.6315,Maryland,13,138.0,138.0
8469,Texas,39.4708,-76.6139,Maryland,13,138.0,138.0
8470,Dos Palos,39.4866,-76.5904,Maryland,13,138.0,138.0
8471,Clinton Power Station,39.3587,-76.5802,Maryland,13,138.0,138.0
8472,Scoggin,39.3145,-76.6689,Maryland,13,138.0,138.0
8473,Cosumnes,39.3607,-76.7171,Maryland,13,138.0,138.0
8474,Jeffrey,39.3469,-76.6944,Maryland,13,138.0,138.0
8475,Weston Village,39.4138,-76.6714,Maryland,13,138.0,138.0
8476,Thelma Aep,39.2581,-76.6538,Maryland,13,138.0,138.0
8477,Riverside 2,39.2358,-76.4977,Maryland,13,138.0,138.0
8479,Garberville,39.2733,-76.5577,Maryland,13,138.0,138.0
8480,Dinosaur,39.3184,-76.4579,Maryland,13,138.0,138.0
8481,New Iberia,39.3251,-76.7642,Maryland,13,138.0,138.0
8482,Davidson,39.1898,-76.6449,Maryland,13,138.0,138.0
8483,Bull Sluice,39.3393,-76.5704,Maryland,13,138.0,138.0
8484,Torrington Terminal,39.2882,-76.721,Maryland,13,138.0,138.0
8485,Vicker,39.3048,-76.8372,Maryland,13,138.0,138.0
8486,Frederick Road,39.2744,-76.7964,Maryland,13,138.0,138.0
8487,Bowen Street,39.2875,-76.6925,Maryland,13,138.0,138.0
8488,Valley Way,39.5091,-76.7279,Maryland,13,345.0,138.0
8489,6Th South,39.5545,-76.5837,Maryland,13,138.0,138.0
8490,Ripp,39.5203,-76.652,Maryland,13,138.0,138.0
8493,Sparrows Point,39.2112,-76.4597,Maryland,13,138.0,138.0
8494,Riverside 3,39.2542,-76.5182,Maryland,13,138.0,138.0
8495,Eastpoint,39.2954,-76.5217,Maryland,13,138.0,138.0
8496,Hacienda Las Carolinas,39.1723,-76.7363,Maryland,13,138.0,138.0
8497,Dumas,39.2103,-76.8448,Maryland,13,138.0,138.0
8498,Mission,39.2599,-76.8338,Maryland,13,138.0,138.0
8499,Redman,39.3505,-76.9176,Maryland,13,345.0,1.0
8500,Androscoggin Energy Center,39.2908,-76.4083,Maryland,13,138.0,138.0
8501,Nortech,39.2719,-76.4104,Maryland,13,138.0,138.0
8502,Earl F Wisdom,39.2864,-76.4427,Maryland,13,138.0,138.0
8503,Amazon Maryland Dca1,39.2415,-76.4463,Maryland,13,138.0,138.0
8504,Pingree,39.8025,-76.6103,Maryland,13,138.0,138.0
8505,Goudchaux,39.4314,-76.6972,Maryland,13,138.0,138.0
8506,Karcher,39.2842,-76.8351,Maryland,13,138.0,138.0
8507,Wilkens,39.29,-76.647,Maryland,13,138.0,138.0
8508,Pleasentville,39.3062,-76.7075,Maryland,13,138.0,138.0
8509,Travis,39.2735,-76.7508,Maryland,13,138.0,138.0
8510,Camp Wisdom Rd,39.1755,-76.6442,Maryland,13,138.0,138.0
8511,Grant Hill,39.1723,-76.6629,Maryland,13,138.0,1.0
8512,Pumphrey,39.2244,-76.6153,Maryland,13,138.0,138.0
8513,Viaduct Avenue,39.2161,-76.7191,Maryland,13,138.0,138.0
8514,Manteca,39.6656,-76.8355,Maryland,13,138.0,138.0
8515,Trumbull,39.5484,-76.8842,Maryland,13,138.0,138.0
8516,Plant Avenue,39.43,-76.3709,Maryland,13,345.0,1.0
8517,White Plains,39.5036,-76.6004,Maryland,13,138.0,138.0
8518,Mays Chapel,39.447,-76.665,Maryland,13,138.0,138.0
8519,7Th Street,39.4496,-76.7242,Maryland,13,138.0,138.0
8520,Macheche,39.7014,-76.937,Maryland,13,138.0,138.0
8521,Collin,39.712,-76.8496,Maryland,13,138.0,138.0
8522,Gas,39.6369,-76.8297,Maryland,13,138.0,138.0
8523,Falling Branch,39.4192,-76.2714,Maryland,13,138.0,138.0
8524,Fullerton,39.3742,-76.4882,Maryland,13,138.0,138.0
8525,Sulphur Springs,39.366,-76.3426,Maryland,13,345.0,1.0
8526,Middle River,39.3348,-76.4453,Maryland,13,138.0,138.0
8527,Belknap,39.4289,-76.4314,Maryland,13,138.0,138.0
8528,Hazelwood,39.3352,-76.5192,Maryland,13,138.0,138.0
8529,Pahokee,39.3491,-76.4588,Maryland,13,138.0,138.0
8530,Rosemore B,39.374,-76.7545,Maryland,13,138.0,138.0
8531,Dallam,39.4768,-76.8146,Maryland,13,138.0,138.0
8532,Wave,39.4298,-76.6607,Maryland,13,138.0,138.0
8533,Painters Mill,39.4171,-76.7577,Maryland,13,138.0,138.0
8534,St Bonifacius,39.678,-76.7269,Maryland,13,138.0,138.0
8535,Ealy,39.6486,-76.657,Maryland,13,138.0,138.0
8536,Gunpowder,39.4266,-76.4688,Maryland,13,138.0,138.0
8537,Tulloch Tap,39.3921,-76.5002,Maryland,13,138.0,138.0
8538,Hartley,39.3849,-76.4824,Maryland,13,138.0,138.0
8539,Notch Cliff,39.4189,-76.537,Maryland,13,138.0,138.0
8540,Newmark,39.3478,-76.3836,Maryland,13,138.0,138.0
8541,Joppatowne,39.4064,-76.3658,Maryland,13,138.0,138.0
8542,Raphael Road,39.4028,-76.4043,Maryland,13,138.0,138.0
8543,Kitimat,39.6053,-76.6655,Maryland,13,138.0,1.0
8544,Tovrea,39.4352,-76.8358,Maryland,13,138.0,138.0
8545,Norton,39.4132,-76.7291,Maryland,13,138.0,138.0
8546,Merchandise,39.4257,-76.7636,Maryland,13,138.0,138.0
8547,Austin,39.4599,-76.7139,Maryland,13,138.0,138.0
8548,Granite,39.3578,-76.8173,Maryland,13,138.0,138.0
8549,Lochern,39.333,-76.7307,Maryland,13,138.0,138.0
8550,Hollywood Park,39.381,-76.7821,Maryland,13,138.0,138.0
8551,National Welders Ind,39.5044,-76.77,Maryland,13,138.0,138.0
8552,Harlan Y,39.5385,-76.7573,Maryland,13,138.0,138.0
8553,Northwest,39.4676,-76.8257,Maryland,13,138.0,138.0
8554,Decatur Adm North,39.5245,-76.8973,Maryland,13,138.0,138.0
8556,Shawan Rd,39.5053,-76.6582,Maryland,13,138.0,138.0
8557,Shaw Road,39.4395,-76.5868,Maryland,13,138.0,138.0
8558,Rio Nogales,39.3736,-76.5642,Maryland,13,138.0,138.0
8559,Conastone,39.6525,-76.5493,Maryland,13,138.0,138.0
8560,Falls Hydro,39.7296,-76.5623,Maryland,13,138.0,138.0
8561,Hollofield,39.282,-76.8152,Maryland,13,138.0,138.0
8562,Dillard-Orange,39.3386,-76.7925,Maryland,13,138.0,138.0
8563,Rattlesnake,39.193,-76.7476,Maryland,13,138.0,138.0
8564,Plainfield,39.3883,-76.8737,Maryland,13,138.0,138.0
8565,Wolf Road,39.3179,-76.5217,Maryland,13,138.0,138.0
8566,Monument Street,39.2996,-76.5934,Maryland,13,138.0,138.0
8567,Oroville,39.3653,-76.5202,Maryland,13,138.0,138.0
8568,Orchard St,39.2943,-76.6196,Maryland,13,138.0,138.0
8569,Texlake,39.356,-76.5611,Maryland,13,138.0,138.0
8570,Pana,39.3302,-76.7469,Maryland,13,138.0,138.0
8571,Coldspring,39.3276,-76.6449,Maryland,13,138.0,138.0
8572,Tyhee,39.2976,-76.6528,Maryland,13,138.0,138.0
8573,Purewater,39.3609,-76.6182,Maryland,13,138.0,138.0
8574,Mount Washington,39.3793,-76.671,Maryland,13,138.0,1.0
8575,Shafter,39.2591,-76.5527,Maryland,13,138.0,138.0
8576,Barcelona,39.3699,-76.6312,Maryland,13,138.0,138.0
8577,Lilac,39.3189,-76.6017,Maryland,13,138.0,138.0
8578,Aj Swope,39.2764,-76.6928,Maryland,13,138.0,138.0
8579,Skaggs Branch,39.3085,-76.5418,Maryland,13,138.0,138.0
8580,Bunker Lake,39.3697,-76.5811,Maryland,13,138.0,138.0
8581,Yankee Doodle,39.2514,-76.6349,Maryland,13,138.0,138.0
8582,Center,39.3221,-76.6294,Maryland,13,138.0,138.0
8583,Sharon Spring,39.2252,-76.6687,Maryland,13,138.0,138.0
8584,Tudor,39.2397,-76.6136,Maryland,13,138.0,138.0
8585,Potholes,39.1784,-76.609,Maryland,13,138.0,138.0
8586,East Towson,39.393,-76.6082,Maryland,13,138.0,138.0
8587,Brandon Shores,39.1879,-76.5517,Maryland,13,138.0,138.0
8588,Knoble,38.7327,-76.5807,Maryland,13,138.0,138.0
8590,Sunderland,38.6663,-76.6005,Maryland,13,138.0,138.0
8591,Holland Cliff,38.6081,-76.6139,Maryland,13,138.0,138.0
8592,Roe'S Corner,38.5281,-76.6385,Maryland,13,138.0,138.0
8593,K Street,38.6398,-76.6199,Maryland,13,138.0,138.0
8594,Sollers Warf,38.4133,-76.4371,Maryland,13,138.0,138.0
8595,Clinton Lfgte,38.5179,-76.5113,Maryland,13,138.0,138.0
8597,Imperial Terminal Tower,38.5444,-76.6862,Maryland,13,138.0,138.0
8598,Grahamville,38.4184,-76.4848,Maryland,13,138.0,138.0
8599,Ripon,38.8916,-75.7953,Maryland,13,138.0,138.0
8600,Omro,38.8468,-75.8829,Maryland,13,138.0,138.0
8601,Cidra Pueblo,38.7334,-75.7637,Maryland,13,138.0,138.0
8602,Pasco Cnty Solid Waste Resource Recovery,38.7661,-75.8072,Maryland,13,138.0,138.0
8603,Burns Lake,38.8153,-75.7963,Maryland,13,138.0,138.0
8604,Alturas De Mayaguez 6012,39.0583,-75.7326,Maryland,13,138.0,138.0
8605,Hillsboro,38.9146,-75.886,Maryland,13,138.0,138.0
8606,Eagle Valley In,39.0975,-75.8458,Maryland,13,138.0,138.0
8607,Southcenter,38.9863,-75.8736,Maryland,13,138.0,138.0
8608,Frontier,39.5547,-76.929,Maryland,13,138.0,138.0
8609,Olivehurst,39.469,-76.9007,Maryland,13,138.0,138.0
8610,North Gatlinburg,39.3726,-77.1347,Maryland,13,138.0,138.0
8611,Weiser,39.423,-77.089,Maryland,13,138.0,138.0
8612,Vineyard Tap,39.3534,-77.2412,Maryland,13,345.0,1.0
8613,Alvin Auto,39.3442,-77.1795,Maryland,13,138.0,138.0
8614,Whitehurst,39.5444,-77.1475,Maryland,13,138.0,138.0
8615,Burke,39.4884,-77.0872,Maryland,13,138.0,138.0
8616,Seaway Sw,39.5683,-77.0535,Maryland,13,138.0,138.0
8617,Friendship Manor,39.3286,-76.9238,Maryland,13,138.0,138.0
8618,Colony-Woods,39.3994,-77.0011,Maryland,13,138.0,138.0
8619,Craighead,39.4043,-76.9621,Maryland,13,138.0,138.0
8620,Ussc,39.7231,-77.2022,Maryland,13,138.0,138.0
8621,Defrain,39.6472,-77.1464,Maryland,13,138.0,138.0
8622,Carle Place,39.7443,-77.1456,Maryland,13,138.0,138.0
8623,Cima,39.6059,-77.2527,Maryland,13,138.0,138.0
8624,Canton,39.5168,-77.2008,Maryland,13,138.0,138.0
8625,Jessup Tap 1,39.4841,-76.9618,Maryland,13,138.0,1.0
8626,Unisource Sq Hi,39.618,-76.9275,Maryland,13,138.0,138.0
8627,Littleton,39.5077,-77.02,Maryland,13,138.0,138.0
8628,San Demetrio 9002,39.5534,-76.9813,Maryland,13,138.0,138.0
8629,Athens,39.6532,-77.0209,Maryland,13,345.0,138.0
8630,Four Corners,39.6925,-76.9807,Maryland,13,138.0,138.0
8631,Chiloquin,39.6285,-77.051,Maryland,13,138.0,138.0
8632,Oliver Dam,39.3409,-77.0516,Maryland,13,138.0,138.0
8633,Marbach Road,39.2615,-77.0982,Maryland,13,138.0,138.0
8634,Rock Springs,39.7346,-76.1719,Maryland,13,138.0,138.0
8635,Prides Corner,39.3629,-76.0193,Maryland,13,138.0,138.0
8636,Methanex,39.4415,-75.8984,Maryland,13,138.0,138.0
8637,Salina,39.6739,-75.85,Maryland,13,345.0,138.0
8638,Glasgow,39.6113,-75.7629,Maryland,13,138.0,138.0
8639,Air Products 1,39.6889,-75.8855,Maryland,13,138.0,138.0
8640,Central Islip,39.6705,-75.8741,Maryland,13,138.0,138.0
8641,Perryville,39.5486,-76.0339,Maryland,13,138.0,138.0
8642,Boerne,39.5545,-75.9275,Maryland,13,138.0,138.0
8643,Holland,39.6109,-76.0178,Maryland,13,138.0,138.0
8644,Sky Ranch,39.5883,-76.045,Maryland,13,138.0,138.0
8645,Joppa 345,39.624,-76.0651,Maryland,13,138.0,138.0
8646,Pleasant,39.6665,-76.1574,Maryland,13,138.0,138.0
8647,Dumont,39.7263,-76.0372,Maryland,13,138.0,138.0
8648,Colora,39.6703,-76.0476,Maryland,13,138.0,138.0
8649,Guayanes 2902,39.678,-75.9868,Maryland,13,138.0,138.0
8650,Dunsmuir - Adjunct,39.8187,-76.0149,Maryland,13,138.0,138.0
8651,Sunbright,38.6824,-76.8383,Maryland,13,138.0,138.0
8652,Talbert Tap,38.7044,-76.8132,Maryland,13,138.0,138.0
8653,Aquasco,38.6165,-76.7079,Maryland,13,138.0,138.0
8654,Walden North Generation Station,38.6618,-77.0952,Maryland,13,138.0,138.0
8655,Blueridge,38.6107,-77.1248,Maryland,13,138.0,138.0
8656,Ryceville,38.4152,-76.7826,Maryland,13,138.0,138.0
8657,Great Falls Rainbow,38.4018,-76.9119,Maryland,13,138.0,138.0
8658,Chief,38.3001,-76.8793,Maryland,13,138.0,138.0
8659,Norway Hills,38.6103,-76.7608,Maryland,13,138.0,138.0
8660,North Nashville,38.5257,-76.7609,Maryland,13,138.0,138.0
8661,Sunny Dunes,38.5452,-77.2083,Maryland,13,138.0,138.0
8662,Tuckasegee Tie,38.4643,-77.2359,Maryland,13,138.0,138.0
8663,Lake Platte,38.4936,-77.0446,Maryland,13,138.0,138.0
8664,Raton,38.5238,-77.0567,Maryland,13,138.0,138.0
8665,Huntington Beach,38.5279,-77.0312,Maryland,13,138.0,138.0
8666,Bunker Tap,38.5521,-77.0022,Maryland,13,138.0,138.0
8667,Deerhaven,38.4248,-76.6902,Maryland,13,138.0,138.0
8668,Radnor,38.4444,-76.7076,Maryland,13,138.0,138.0
8669,Coachella Valley,38.447,-76.738,Maryland,13,138.0,138.0
8670,Fpl Energy Story Wind Llc,38.3425,-76.7664,Maryland,13,138.0,138.0
8671,York Canyon,38.4157,-77.1725,Maryland,13,138.0,138.0
8672,Panama,38.379,-77.0166,Maryland,13,138.0,138.0
8673,Westlake,38.6356,-76.9399,Maryland,13,138.0,138.0
8674,Stateline,38.6405,-76.862,Maryland,13,138.0,138.0
8675,Clintmoore,38.606,-76.8103,Maryland,13,138.0,138.0
8676,West Lafayette Cumberland Avenue,38.6552,-76.9105,Maryland,13,138.0,138.0
8677,Pit 7,38.5752,-76.8557,Maryland,13,138.0,138.0
8678,Rome,38.5883,-76.8767,Maryland,13,138.0,138.0
8679,Rossville,38.5936,-76.9243,Maryland,13,138.0,138.0
8680,Indian,38.574,-76.9831,Maryland,13,345.0,1.0
8681,Belagio,38.6551,-77.0332,Maryland,13,138.0,138.0
8682,Culleoka,38.6517,-76.9842,Maryland,13,138.0,138.0
8683,Red Willow,38.9383,-77.0221,Maryland,13,138.0,138.0
8684,North Alexandria,38.8207,-77.0531,Maryland,13,138.0,138.0
8685,Badrock,38.9091,-77.0818,Maryland,13,138.0,138.0
8686,Grand Teton,38.9131,-76.9252,Maryland,13,138.0,138.0
8687,Addy,38.8112,-77.0496,Maryland,13,138.0,138.0
8688,Tokoma,38.9665,-76.9876,Maryland,13,138.0,138.0
8689,Osage Ia,38.9236,-76.9379,Maryland,13,138.0,138.0
8690,Port Orford,38.8306,-76.9913,Maryland,13,138.0,138.0
8691,Dixieland,38.8731,-76.9396,Maryland,13,138.0,138.0
8692,Tuxedo,38.9044,-77.0009,Maryland,13,138.0,138.0
8693,Radnor Heights,38.8809,-77.0889,Maryland,13,138.0,138.0
8694,Normal West-Parkside Substaition,38.9631,-77.1016,Maryland,13,138.0,138.0
8695,Missle Site,38.9404,-77.0365,Maryland,13,138.0,138.0
8696,Grinding,38.8882,-77.0387,Maryland,13,138.0,138.0
8697,Grant Avenue,38.9783,-77.0086,Maryland,13,138.0,138.0
8698,O St,38.9123,-77.0511,Maryland,13,138.0,138.0
8699,Gmmm Westover,38.828,-77.0651,Maryland,13,138.0,138.0
8700,Pit 5 Tap,38.9852,-76.9745,Maryland,13,138.0,138.0
8701,Winter,38.9981,-77.0064,Maryland,13,138.0,138.0
8702,Pepco 117,38.895,-77.0193,Maryland,13,138.0,138.0
8703,Campus Drive,38.9849,-76.9564,Maryland,13,138.0,138.0
8704,Movie,38.9689,-77.0574,Maryland,13,138.0,138.0
8705,Cia,38.944,-77.148,Maryland,13,138.0,138.0
8706,Albatross,38.9219,-77.1241,Maryland,13,138.0,138.0
8707,Buzzard Point,38.8574,-77.0133,Maryland,13,138.0,138.0
8708,Alabama Avenue,38.8391,-76.9662,Maryland,13,138.0,138.0
8709,Seek Lane,38.9966,-76.9938,Maryland,13,138.0,138.0
8710,Kingswood,38.8453,-76.9124,Maryland,13,138.0,138.0
8711,Benning,38.9034,-76.9432,Maryland,13,138.0,138.0
8712,Lake Louise,38.9501,-76.9598,Maryland,13,138.0,138.0
8713,Southwest,38.8731,-76.997,Maryland,13,138.0,138.0
8714,Pepco Harvard,38.9165,-77.0314,Maryland,13,138.0,138.0
8715,Vaseaux Lake,38.7661,-76.9898,Maryland,13,138.0,138.0
8716,Memorial,38.9064,-76.9086,Maryland,13,138.0,138.0
8717,Grand Junction,38.8498,-76.9449,Maryland,13,138.0,138.0
8718,Arlington,38.8545,-77.0935,Maryland,13,138.0,138.0
8719,Dc Water Chp,38.8077,-77.0351,Maryland,13,138.0,138.0
8720,Palmers Corner,38.7659,-76.9699,Maryland,13,138.0,138.0
8721,East Stockton,38.7837,-77.0463,Maryland,13,138.0,138.0
8722,Lyonsdale Associates,38.8867,-77.0069,Maryland,13,138.0,138.0
8723,Thorntown,38.9252,-77.0674,Maryland,13,138.0,138.0
8724,Rosslyn,38.9006,-77.0639,Maryland,13,138.0,138.0
8725,Bellgreen,38.5425,-76.1414,Maryland,13,138.0,138.0
8726,Port Wing,38.442,-76.0725,Maryland,13,138.0,138.0
8727,Orrington,38.4797,-76.0362,Maryland,13,138.0,138.0
8728,Hammonds,38.4958,-76.0796,Maryland,13,138.0,138.0
8729,Tektronix,38.6086,-75.9064,Maryland,13,138.0,138.0
8730,Riley Generating Station,38.5857,-75.8177,Maryland,13,138.0,138.0
8731,Butler Ridge,38.6848,-75.8253,Maryland,13,138.0,138.0
8732,Ponce Cash & Carry,38.6972,-75.9295,Maryland,13,138.0,138.0
8733,Windover,39.2283,-77.4141,Maryland,13,138.0,138.0
8734,Jonesboro Spa,39.2498,-77.3644,Maryland,13,138.0,138.0
8735,Tyson,39.6564,-77.3143,Maryland,13,138.0,138.0
8736,Thurmont,39.6476,-77.3947,Maryland,13,138.0,138.0
8737,Kansas West,39.4903,-77.3959,Maryland,13,138.0,138.0
8738,Rock Spring,39.4438,-77.346,Maryland,13,138.0,138.0
8739,Walkersville,39.4712,-77.3524,Maryland,13,138.0,138.0
8740,Frederick,39.3947,-77.377,Maryland,13,138.0,138.0
8741,Yost Bridge,39.5189,-77.4964,Maryland,13,138.0,138.0
8742,Huntingdon,39.4546,-77.4763,Maryland,13,345.0,138.0
8743,North Alderwood,39.493,-77.4789,Maryland,13,138.0,138.0
8744,Chipeta Lake,39.2895,-77.4269,Maryland,13,138.0,138.0
8745,Coconut Grove,39.3559,-77.5241,Maryland,13,138.0,138.0
8746,Norgate,39.4696,-77.4735,Maryland,13,138.0,138.0
8747,Badger Creek,39.2866,-77.3958,Maryland,13,138.0,138.0
8748,Mccain,39.4124,-77.4735,Maryland,13,138.0,138.0
8749,Wissota,39.2948,-77.3108,Maryland,13,138.0,138.0
8750,Westside,39.3565,-77.3747,Maryland,13,138.0,138.0
8751,Lovettsville,39.2784,-77.6285,Maryland,13,138.0,138.0
8752,Mead Rumford Cogen,39.3672,-77.7778,Maryland,13,138.0,138.0
8753,Bowman Street,39.3709,-77.6133,Maryland,13,138.0,138.0
8754,Twin Bridges,39.4537,-77.5932,Maryland,13,138.0,138.0
8755,Kramer,39.5048,-77.5719,Maryland,13,138.0,138.0
8756,Ferncliff,39.4794,-77.5581,Maryland,13,138.0,138.0
8757,Leaf River Cellulose Llc,39.4429,-77.2204,Maryland,13,138.0,138.0
8758,Sunny Hills,39.3848,-77.2768,Maryland,13,138.0,138.0
8759,Calera D.S,39.612,-77.5319,Maryland,13,138.0,138.0
8760,North Strasburg,39.5807,-77.5275,Maryland,13,138.0,138.0
8761,Miller,39.538,-77.3682,Maryland,13,138.0,138.0
8762,Catoctin,39.5833,-77.4404,Maryland,13,138.0,138.0
8763,Kerr,39.5487,-77.3161,Maryland,13,138.0,138.0
8764,Monocacy,39.4442,-77.3908,Maryland,13,138.0,138.0
8765,Crowleys,39.6463,-79.2423,Maryland,13,138.0,138.0
8766,Metonga,39.667,-79.3687,Maryland,13,138.0,138.0
8767,Panoche,39.6802,-79.1489,Maryland,13,138.0,138.0
8768,Heardmont,39.4521,-79.3905,Maryland,13,138.0,138.0
8769,Las Cruces 3602,39.4293,-79.4485,Maryland,13,138.0,138.0
8770,Pixley,39.3505,-79.38,Maryland,13,138.0,138.0
8771,Nauvoo,39.5229,-79.1733,Maryland,13,138.0,138.0
8772,Waupun Correctional Central Heating Plt,39.4613,-79.2496,Maryland,13,138.0,138.0
8773,Lawrence Livermore,39.5903,-76.2055,Maryland,13,138.0,138.0
8774,Marcola,39.5476,-76.2609,Maryland,13,138.0,138.0
8775,Rocky Ford,39.4567,-76.2683,Maryland,13,138.0,138.0
8776,Kaweah 2,39.4083,-76.1498,Maryland,13,138.0,138.0
8777,Aibonito Pds,39.4768,-76.2514,Maryland,13,138.0,138.0
8778,Cloverdale East,39.5208,-76.2711,Maryland,13,138.0,138.0
8779,Moreland,39.4991,-76.2376,Maryland,13,138.0,138.0
8780,Quilcene,39.4777,-76.3786,Maryland,13,138.0,138.0
8781,Lake Tradition,39.4935,-76.3743,Maryland,13,138.0,138.0
8782,Soport,39.5495,-76.3511,Maryland,13,138.0,138.0
8783,Keystone Heights Electric,39.5884,-76.3834,Maryland,13,345.0,138.0
8784,Berkshire,39.6343,-76.312,Maryland,13,138.0,138.0
8785,White Trail,39.5477,-76.2192,Maryland,13,138.0,138.0
8786,Hampton,39.5208,-76.3305,Maryland,13,138.0,138.0
8787,Harford,39.489,-76.2108,Maryland,13,138.0,138.0
8788,Bagley,39.5101,-76.3803,Maryland,13,138.0,138.0
8789,Neosho,39.4221,-76.3117,Maryland,13,138.0,138.0
8790,Crandall,39.4866,-76.3155,Maryland,13,138.0,138.0
8791,Tucannon River,39.4352,-76.331,Maryland,13,138.0,138.0
8792,Melbourne,39.4381,-76.4005,Maryland,13,138.0,138.0
8793,Winton,39.4885,-76.5012,Maryland,13,138.0,138.0
8794,El Cerrito Sta G,39.5791,-76.4704,Maryland,13,138.0,138.0
8795,Ford Drive,39.6405,-76.3801,Maryland,13,138.0,138.0
8796,Preston North,39.5974,-76.4162,Maryland,13,138.0,138.0
8797,Julia,39.5816,-76.2329,Maryland,13,138.0,138.0
8798,Crestbrook,39.556,-76.3161,Maryland,13,138.0,138.0
8799,Dixon,39.469,-76.0752,Maryland,13,138.0,138.0
8800,Mio,39.5402,-76.2017,Maryland,13,138.0,1.0
8802,Ucsd,39.5689,-76.5451,Maryland,13,138.0,138.0
8803,Fiskville,39.6436,-76.4574,Maryland,13,138.0,138.0
8804,Nordic,39.75,-76.4361,Maryland,13,138.0,138.0
8805,Graceton,39.7076,-76.3549,Maryland,13,138.0,138.0
8806,Tesoro,39.2704,-77.0598,Maryland,13,138.0,138.0
8807,Brighton,39.1891,-77.0198,Maryland,13,138.0,138.0
8808,Labelle,39.2583,-76.9798,Maryland,13,138.0,138.0
8809,Columbia,39.2001,-76.8209,Maryland,13,138.0,138.0
8810,Riverplace,39.1202,-76.901,Maryland,13,138.0,138.0
8811,Kern Canyon,39.21,-76.8245,Maryland,13,138.0,138.0
8812,Alpla Caribe,39.2106,-76.7559,Maryland,13,138.0,138.0
8813,High Ridge,39.136,-76.8804,Maryland,13,138.0,138.0
8814,Captive,39.1816,-76.84,Maryland,13,138.0,138.0
8815,Long Reach,39.209,-76.8051,Maryland,13,138.0,138.0
8816,Park Ave,39.1684,-76.8756,Maryland,13,138.0,138.0
8817,Hunters Point,39.1868,-76.7102,Maryland,13,138.0,138.0
8818,East,39.1847,-76.7693,Maryland,13,138.0,138.0
8819,Bethany,39.2819,-76.873,Maryland,13,138.0,138.0
8820,United Power,39.2307,-76.8491,Maryland,13,138.0,138.0
8821,Wilde Lake,39.2248,-76.8956,Maryland,13,138.0,138.0
8822,Laurel,39.1027,-76.8307,Maryland,13,138.0,138.0
8823,St Crispin,39.1198,-76.7615,Maryland,13,345.0,138.0
8824,Pluess,39.1835,-76.8693,Maryland,13,345.0,138.0
8825,Howard,39.2216,-76.7751,Maryland,13,138.0,138.0
8826,South Butler,39.2291,-76.1178,Maryland,13,345.0,138.0
8827,Pine Bluff 34Th & Main,39.18,-76.1436,Maryland,13,138.0,138.0
8828,Bronx,39.2125,-76.1721,Maryland,13,138.0,1.0
8829,Gentilly Road,39.336,-75.8234,Maryland,13,138.0,138.0
8830,Lea National,39.2699,-75.898,Maryland,13,138.0,138.0
8831,Rosecrans,39.1173,-76.2043,Maryland,13,138.0,138.0
8832,Ackley,39.1579,-76.8725,Maryland,13,138.0,138.0
8833,Beltsville,39.0301,-76.8911,Maryland,13,138.0,138.0
8834,Kleber,38.8981,-77.1502,Maryland,13,138.0,138.0
8835,Wood Acres,38.972,-77.142,Maryland,13,138.0,138.0
8836,Bethesda,38.9818,-77.0941,Maryland,13,138.0,138.0
8837,Bells Mill,39.0283,-77.1452,Maryland,13,138.0,138.0
8838,Wallace,39.1654,-77.3504,Maryland,13,138.0,138.0
8839,Tech Park,39.1384,-76.9672,Maryland,13,138.0,138.0
8840,Villisca Municipal Power Plant,38.9361,-77.1039,Maryland,13,138.0,138.0
8841,Twinbrook,39.0569,-77.1341,Maryland,13,345.0,138.0
8842,Alumax,38.9105,-77.1786,Maryland,13,138.0,138.0
8843,Emory Grove,39.1832,-77.1755,Maryland,13,138.0,138.0
8844,Swinks Mill,38.9491,-77.2117,Maryland,13,138.0,138.0
8845,Rockville,39.0871,-77.1316,Maryland,13,138.0,138.0
8846,Longwood,39.0175,-77.1719,Maryland,13,138.0,138.0
8847,Engle-Eastern Tap,39.1073,-77.2588,Maryland,13,345.0,138.0
8848,Portal,39.0941,-77.3502,Maryland,13,138.0,138.0
8849,Tap,39.1596,-77.1982,Maryland,13,345.0,138.0
8850,Lakeland Solar Energy Llc,39.1117,-77.1816,Maryland,13,138.0,138.0
8851,Hunting Hill,39.0944,-77.246,Maryland,13,138.0,138.0
8852,Kenilworth,39.075,-77.1811,Maryland,13,138.0,138.0
8853,International Paper Eastover Facility,39.1369,-77.0152,Maryland,13,138.0,138.0
8854,Lower Middlebury,39.0808,-77.1577,Maryland,13,138.0,138.0
8855,Mcmillan,39.2699,-77.1632,Maryland,13,138.0,138.0
8856,Clarksburg,39.2428,-77.2825,Maryland,13,138.0,138.0
8857,Chilhowee,39.0808,-77.3597,Maryland,13,138.0,138.0
8858,Standard Oil 5,39.1228,-77.2576,Maryland,13,138.0,138.0
8859,West Somerville,39.1792,-77.2809,Maryland,13,138.0,138.0
8860,Germantown,39.1979,-77.2443,Maryland,13,138.0,138.0
8861,Power Station,39.0758,-77.3109,Maryland,13,138.0,138.0
8862,Middlebrook,39.1644,-77.2392,Maryland,13,138.0,138.0
8863,Borrego,39.2092,-77.3359,Maryland,13,138.0,138.0
8864,Mattoon West,39.0669,-77.0534,Maryland,13,138.0,138.0
8865,Syosset,39.0495,-76.7994,Maryland,13,138.0,138.0
8866,Pomerado,39.1014,-76.7245,Maryland,13,138.0,138.0
8867,Duval,39.1051,-76.8662,Maryland,13,138.0,138.0
8868,John P Madgett,39.1568,-77.2125,Maryland,13,138.0,138.0
8869,Montgomery Village,39.1714,-77.1969,Maryland,13,138.0,138.0
8870,Moonstone,39.2082,-77.2336,Maryland,13,138.0,138.0
8871,Mount Zion,39.184,-77.0754,Maryland,13,138.0,138.0
8872,Monta Vista Upper,39.1266,-77.1,Maryland,13,138.0,138.0
8873,Norbeck,39.1384,-77.0693,Maryland,13,138.0,138.0
8874,Devil'S Hill,39.1723,-77.4063,Maryland,13,138.0,138.0
8875,Cal Poly,39.1218,-77.3911,Maryland,13,138.0,138.0
8876,Kingsberry,38.9835,-77.2429,Maryland,13,345.0,138.0
8877,Richburg,38.9709,-77.1718,Maryland,13,138.0,138.0
8878,Searsburg,39.0479,-77.2289,Maryland,13,138.0,138.0
8879,West Pawhuska,39.0743,-77.2471,Maryland,13,138.0,138.0
8880,Ramsey,38.9952,-77.3445,Maryland,13,138.0,138.0
8881,Derwood,39.1145,-77.1622,Maryland,13,138.0,138.0
8882,Centennial,39.0807,-77.2613,Maryland,13,138.0,138.0
8883,Bureau Of Standards,39.1227,-77.2018,Maryland,13,138.0,138.0
8884,Beverly Farms,39.0511,-77.1731,Maryland,13,138.0,138.0
8885,Poplar Avenue,39.0314,-77.1291,Maryland,13,138.0,138.0
8886,East Cullman,39.0701,-77.1085,Maryland,13,138.0,138.0
8887,Parklawn,39.0366,-77.1156,Maryland,13,138.0,138.0
8888,Alden,39.0104,-77.1271,Maryland,13,138.0,138.0
8889,Summit Lake Wps,39.1055,-77.1162,Maryland,13,138.0,138.0
8890,Montezuma,39.0987,-76.9927,Maryland,13,138.0,138.0
8891,Kensington,39.0151,-77.0718,Maryland,13,138.0,138.0
8892,Fort Slocum,38.9463,-77.0097,Maryland,13,138.0,138.0
8893,Veirs Mill,39.0563,-77.0933,Maryland,13,138.0,138.0
8894,Nih,39.0164,-77.1051,Maryland,13,138.0,138.0
8895,Havana,39.1232,-77.0444,Maryland,13,138.0,138.0
8896,Subestacion Escuela I,39.029,-77.0353,Maryland,13,138.0,138.0
8897,Ina,39.0883,-76.9736,Maryland,13,345.0,138.0
8898,Pangborn,39.0607,-77.0173,Maryland,13,138.0,138.0
8899,Mitchell Northwest,38.9756,-77.0276,Maryland,13,138.0,138.0
8900,Solar,38.9725,-76.913,Maryland,13,138.0,138.0
8901,North Ogden,39.0473,-76.9568,Maryland,13,138.0,138.0
8902,Bancroft,39.061,-76.981,Maryland,13,138.0,138.0
8903,Wheaton,39.0477,-77.0542,Maryland,13,138.0,138.0
8904,Oaks,39.0295,-76.9616,Maryland,13,138.0,138.0
8905,Black Mesa,39.0713,-77.0704,Maryland,13,138.0,138.0
8906,Rossmoor South,39.1025,-77.0858,Maryland,13,138.0,138.0
8907,Happy Lane,39.0514,-77.0215,Maryland,13,138.0,138.0
8908,Potomac,39.0219,-77.2084,Maryland,13,138.0,138.0
8909,Sligo,39.0044,-77.0369,Maryland,13,138.0,138.0
8910,Sans Souci,38.9394,-77.0525,Maryland,13,138.0,138.0
8911,Glenwood,39.098,-77.1353,Maryland,13,138.0,138.0
8912,Van Ness,38.9433,-77.0775,Maryland,13,138.0,138.0
8913,Carquinez Tap,38.9387,-76.8085,Maryland,13,138.0,138.0
8914,Buena Vista,38.9702,-76.7944,Maryland,13,138.0,138.0
8915,Mcdowell Creek,38.9946,-76.7358,Maryland,13,138.0,138.0
8916,Bowie,38.9962,-76.7938,Maryland,13,138.0,1.0
8917,Mitchellville,38.9056,-76.7079,Maryland,13,138.0,138.0
8918,Japanese Mesa,38.852,-76.6502,Maryland,13,138.0,138.0
8919,Levitt,38.9787,-76.7461,Maryland,13,138.0,138.0
8920,Huntsville,38.8929,-76.824,Maryland,13,138.0,138.0
8921,Black Lake,38.8611,-76.7521,Maryland,13,138.0,1.0
8922,Asheville,38.9963,-76.9074,Maryland,13,138.0,138.0
8923,Seat Pleasant,38.9026,-76.895,Maryland,13,138.0,138.0
8924,Benning 2,38.9184,-76.9503,Maryland,13,138.0,138.0
8925,Smarr Energy Center,38.7401,-76.9423,Maryland,13,138.0,138.0
8926,Burches Hill,38.7422,-76.8976,Maryland,13,138.0,138.0
8927,Bouse Pumping Station,38.8334,-76.9462,Maryland,13,138.0,138.0
8928,Happy Valley,38.7309,-76.907,Maryland,13,138.0,138.0
8929,Mohave Electric,39.0259,-76.8799,Maryland,13,138.0,138.0
8930,Burtonsville,39.0953,-76.9268,Maryland,13,138.0,138.0
8931,Metzerott Road,39.0176,-76.9617,Maryland,13,138.0,138.0
8932,Suitland,38.8522,-76.9235,Maryland,13,138.0,138.0
8933,Central Avenue,38.8938,-76.8766,Maryland,13,138.0,138.0
8934,Steed Road,38.7706,-76.9283,Maryland,13,138.0,138.0
8935,Farmington,38.6922,-77.0054,Maryland,13,138.0,138.0
8936,Livingston Road,38.7667,-77.0051,Maryland,13,138.0,138.0
8937,Redwood City,38.7368,-76.9831,Maryland,13,345.0,138.0
8938,Gallahan Road,38.7107,-76.9839,Maryland,13,138.0,138.0
8939,Cloverbank,38.7488,-76.9855,Maryland,13,138.0,138.0
8940,North Greenwich,38.9921,-76.9359,Maryland,13,138.0,138.0
8941,Riverdale,38.9668,-76.9325,Maryland,13,138.0,138.0
8942,Linden,39.0063,-77.0522,Maryland,13,138.0,138.0
8943,Sandy Spring,39.1083,-76.8902,Maryland,13,138.0,138.0
8944,Southtown,38.9208,-77.012,Maryland,13,138.0,138.0
8945,Montpelier,39.059,-76.8388,Maryland,13,138.0,138.0
8946,Cranston,38.9648,-76.9625,Maryland,13,138.0,138.0
8947,Brevard,38.7884,-76.8421,Maryland,13,138.0,138.0
8948,Toaping Castle,38.9795,-76.8791,Maryland,13,138.0,138.0
8949,Columbus Denois Creek,38.9804,-76.8041,Maryland,13,345.0,138.0
8950,Wildercroft,38.9646,-76.8813,Maryland,13,138.0,138.0
8951,Prairie Wind Farm,38.991,-76.7694,Maryland,13,138.0,138.0
8952,Boulder Basin,39.0111,-76.8171,Maryland,13,138.0,138.0
8953,Nasa,39.013,-76.8468,Maryland,13,138.0,138.0
8954,Crystal Springs,39.1308,-76.8032,Maryland,13,138.0,138.0
8955,South Carlyle,38.8094,-77.077,Maryland,13,138.0,138.0
8956,Walker Mill Road,38.8792,-76.9198,Maryland,13,138.0,138.0
8957,Waterford,38.9291,-76.96,Maryland,13,138.0,138.0
8958,Bladensburg,38.9345,-76.9458,Maryland,13,138.0,138.0
8959,Geismar Cogen,39.0472,-76.8965,Maryland,13,138.0,138.0
8960,River,38.86,-76.8865,Maryland,13,138.0,138.0
8961,Oak Grove,38.8616,-76.8282,Maryland,13,138.0,138.0
8962,Fry,38.7787,-76.8942,Maryland,13,138.0,138.0
8963,Camp Springs,38.8017,-76.8966,Maryland,13,138.0,138.0
8964,Waitsburg,38.7547,-76.945,Maryland,13,138.0,138.0
8965,Benning 3,38.8705,-76.9599,Maryland,13,138.0,138.0
8966,De Zavala Road,38.825,-76.8847,Maryland,13,138.0,138.0
8967,Los Angeles Heights,38.7639,-76.8293,Maryland,13,138.0,138.0
8968,Jason,38.8174,-76.8246,Maryland,13,345.0,138.0
8969,Crain Highway,38.7651,-76.7703,Maryland,13,138.0,138.0
8970,Carpinteria,38.7695,-76.7423,Maryland,13,138.0,138.0
8971,Logan Aluminum,38.849,-76.7197,Maryland,13,138.0,138.0
8972,Ritchie,38.8706,-76.8491,Maryland,13,138.0,138.0
8973,Lanpri,38.9011,-76.7436,Maryland,13,138.0,138.0
8974,Industrial,38.8349,-76.7287,Maryland,13,138.0,138.0
8975,Price,39.0852,-75.9968,Maryland,13,138.0,138.0
8976,Villa Mar 2 1658,39.0487,-76.0643,Maryland,13,138.0,138.0
8977,Grasonville,38.9491,-76.2791,Maryland,13,138.0,138.0
8978,Control Gorge,39.142,-75.9071,Maryland,13,138.0,138.0
8979,Bozman,38.8106,-76.2522,Maryland,13,138.0,138.0
8981,Columbus West,38.9702,-76.1239,Maryland,13,138.0,138.0
8982,Coronado,38.8832,-76.3528,Maryland,13,138.0,138.0
8983,Marble,38.9124,-76.3002,Maryland,13,138.0,138.0
8985,East Hartford,39.1744,-75.7876,Maryland,13,138.0,138.0
8986,Malin,37.9742,-75.8068,Maryland,13,138.0,138.0
8987,Roosevelt,38.0171,-75.8074,Maryland,13,138.0,138.0
8988,Liberty Street,38.166,-75.9289,Maryland,13,138.0,138.0
8989,Airco,38.0852,-75.5699,Maryland,13,138.0,138.0
8990,Alder Creek,38.0363,-75.5314,Maryland,13,138.0,138.0
8991,Mcclung,38.0657,-75.6272,Maryland,13,138.0,138.0
8992,Crater,38.1926,-75.7569,Maryland,13,138.0,138.0
8993,Carpenter Hill,38.1644,-75.6981,Maryland,13,138.0,138.0
8994,E.B. Eddy Paper Inc,38.2953,-76.5713,Maryland,13,138.0,138.0
8995,Walpole,38.3768,-76.5698,Maryland,13,138.0,138.0
8996,Montano,38.1734,-76.543,Maryland,13,138.0,138.0
8997,Scottsdale,38.2808,-76.7571,Maryland,13,138.0,138.0
8998,Lorida,38.2385,-76.5194,Maryland,13,138.0,138.0
9000,Saratoga,38.3674,-76.532,Maryland,13,138.0,138.0
9001,Fostoria Central,38.3934,-76.6355,Maryland,13,138.0,138.0
9002,Greenbrier,38.1636,-76.825,Maryland,13,138.0,138.0
9003,Drop 2,38.2587,-76.6247,Maryland,13,138.0,138.0
9004,Hewitt Road,38.3007,-76.4806,Maryland,13,138.0,138.0
9005,Whitman,38.1392,-76.3439,Maryland,13,138.0,138.0
9006,Fmc,38.2294,-76.3944,Maryland,13,138.0,138.0
9007,Hutchins,38.1486,-76.3981,Maryland,13,345.0,138.0
9008,Wye Mills,38.9337,-76.0229,Maryland,13,138.0,138.0
9009,International Paper Co. - New Bern Mill,38.7151,-76.0783,Maryland,13,138.0,138.0
9010,Pleasant Garden,38.8518,-76.0983,Maryland,13,138.0,138.0
9011,Easton,38.745,-76.0963,Maryland,13,138.0,138.0
9012,Lava,38.6568,-76.0595,Maryland,13,138.0,138.0
9013,Downey,38.5682,-76.057,Maryland,13,138.0,138.0
9014,Onion Creek,39.5754,-77.5771,Maryland,13,138.0,138.0
9015,Senate Wind,39.581,-77.7215,Maryland,13,138.0,138.0
9016,Fletcher,39.6692,-77.8624,Maryland,13,138.0,138.0
9017,Antietam,39.6701,-77.7196,Maryland,13,138.0,138.0
9018,Ess Wesel,39.6347,-77.7735,Maryland,13,138.0,138.0
9019,Jollyville,39.6077,-77.7167,Maryland,13,345.0,138.0
9020,Merritt Park,39.7105,-77.7492,Maryland,13,138.0,138.0
9021,East Hagerstown,39.5995,-77.6551,Maryland,13,138.0,138.0
9022,East Waynesboro,39.7486,-77.5162,Maryland,13,138.0,138.0
9023,De Sabla,39.5082,-77.6267,Maryland,13,138.0,138.0
9024,Boundary,39.7158,-77.662,Maryland,13,138.0,138.0
9025,Big Bend,39.6697,-78.1921,Maryland,13,138.0,138.0
9026,Cherry Run,39.6105,-78.1325,Maryland,13,138.0,138.0
9027,Salton Sea 3,39.5103,-77.7097,Maryland,13,138.0,138.0
9028,Hergett Jcwl,39.4482,-77.7325,Maryland,13,138.0,138.0
9029,Firstenergy R Paul Smith Power Station,39.5648,-77.8321,Maryland,13,138.0,138.0
9030,Dam No. 4 Hydro Station,39.532,-77.8321,Maryland,13,138.0,138.0
9031,Stockton-Sheldon,38.4931,-75.5058,Maryland,13,138.0,138.0
9032,Florida Power West,38.459,-75.7451,Maryland,13,138.0,138.0
9033,East Webster,38.4019,-75.7807,Maryland,13,138.0,138.0
9035,North Rutland,38.4074,-75.4077,Maryland,13,138.0,138.0
9036,Bishop Creek 3,38.3555,-75.3818,Maryland,13,138.0,138.0
9037,Elmo,38.2637,-75.6551,Maryland,13,138.0,138.0
9038,Big Creek 3,38.3525,-75.6396,Maryland,13,138.0,138.0
9039,Luquillo 2201,38.4317,-75.5942,Maryland,13,138.0,138.0
9040,Sierra,38.3345,-75.6067,Maryland,13,138.0,138.0
9041,Auburn,38.2994,-75.6119,Maryland,13,138.0,138.0
9042,Dpc Bell Center,38.3348,-75.5211,Maryland,13,138.0,138.0
9043,Clermont East,38.3003,-75.5799,Maryland,13,345.0,138.0
9044,E B Harris Electric Generating Plant,38.2315,-75.5452,Maryland,13,138.0,138.0
9046,Ubc South Campus,38.3425,-75.2686,Maryland,13,345.0,138.0
9047,Manistique,38.3615,-75.2055,Maryland,13,138.0,138.0
9048,Harbor,38.3113,-75.1637,Maryland,13,138.0,138.0
9049,Pikeville,38.4058,-75.1415,Maryland,13,138.0,138.0
9050,Ocean City,38.3287,-75.1275,Maryland,13,138.0,138.0
9052,Us Windpower,38.0972,-75.4316,Maryland,13,138.0,138.0
9053,Fort Worth,38.2768,-75.3702,Maryland,13,138.0,138.0
9054,Levee,38.1454,-75.3794,Maryland,13,138.0,138.0
9055,Vienna Operations,38.4815,-75.8455,Maryland,13,345.0,1.0
9056,Jackson Mo,39.2294,-77.4576,Maryland,13,345.0,13.8
9057,Perryman,39.4654,-76.2168,Maryland,13,138.0,13.8
9058,Wheelabrator Baltimore Refuse,39.2737,-76.6365,Maryland,13,138.0,13.8
9059,Calvert Cliffs,38.4219,-76.4276,Maryland,13,345.0,18.0
9060,Crystal River Wrec,38.9016,-76.8875,Maryland,13,138.0,138.0
9062,Colesville,39.0614,-77.0002,Maryland,13,138.0,138.0
9063,Fairland,39.0607,-76.9794,Maryland,13,138.0,1.0
9064,Deep Creek,39.5047,-79.4299,Maryland,13,138.0,138.0
9065,Highway 46,39.2742,-79.4652,Maryland,13,138.0,18.0
9066,Caledonia Switching Yard,39.6928,-77.3553,Maryland,13,138.0,13.8
9067,Desert Shores,39.2779,-76.6132,Maryland,13,138.0,13.8
9068,Easton 2,38.8156,-76.0783,Maryland,13,345.0,1.0
9069,Westrock Southeast Llc,39.578,-78.728,Maryland,13,345.0,18.0
9070,Brandywine Power Facility,38.6687,-76.8651,Maryland,13,345.0,1.0
9071,Ascutney,39.6151,-78.9738,Maryland,13,345.0,13.8
9072,Goddard Steam Plant,38.5656,-77.1457,Maryland,13,138.0,1.0
9073,Branchville,38.9916,-76.9142,Maryland,13,138.0,138.0
9074,White Oak,39.0248,-76.9753,Maryland,13,138.0,138.0
9075,Martinsville,39.3795,-79.3225,Maryland,13,345.0,20.0
9076,Queensbridge,38.389,-76.4166,Maryland,13,138.0,1.0
9077,Morgantown Generating Plant,38.3642,-76.9722,Maryland,13,138.0,1.0
9078,Hogan,39.7396,-76.1985,Maryland,13,345.0,13.8
9079,Wagner,39.1715,-76.5395,Maryland,13,138.0,13.8
9080,Maryland Solar,39.557,-77.7225,Maryland,13,138.0,138.0
9081,Whatshan,39.1471,-76.5188,Maryland,13,138.0,13.8
9082,Johnson Hill,39.1958,-76.5434,Maryland,13,138.0,13.8
9083,Dickerson,39.2084,-77.4665,Maryland,13,138.0,138.0
9084,Hwy 90,39.2933,-76.112,Maryland,13,138.0,1.0
9085,Krugerville,39.1894,-77.4924,Maryland,13,345.0,18.0
9086,Highlandtown,39.2901,-76.5785,Maryland,13,138.0,1.0
9087,Gray Manor,39.2715,-76.5084,Maryland,13,138.0,13.8
9088,Portner,39.2561,-76.4784,Maryland,13,138.0,1.0
9089,Chalk Point,38.5722,-76.6943,Maryland,13,345.0,13.8
9090,Crisfield,37.9826,-75.8309,Maryland,13,138.0,138.0
9091,Morgantown,38.3754,-76.9466,Maryland,13,345.0,13.8
9092,Herbert A Wagner,39.1632,-76.5277,Maryland,13,138.0,13.8
9093,Harbeson,38.5472,-76.8222,Maryland,13,138.0,138.0
9094,Bengies,39.3467,-76.3853,Maryland,13,138.0,138.0
9095,Eldorado,38.3657,-75.1906,Maryland,13,138.0,1.0
9096,Greene Street Station,39.283,-76.612,Maryland,13,138.0,13.8
9097,Oakland I,38.8247,-76.0767,Maryland,13,138.0,1.0
9098,Monroe St,38.5517,-76.7025,Maryland,13,345.0,13.8
9099,Windy Edge Station,39.3968,-76.5091,Maryland,13,138.0,138.0
9100,Summit Lake,38.9563,-76.922,Maryland,13,138.0,18.0
9101,Baker St,39.472,-79.0996,Maryland,13,138.0,138.0
9102,Flatiron,39.2545,-79.4725,Maryland,13,138.0,13.8
9103,Sharon Amtrak,39.4784,-76.2186,Maryland,13,345.0,138.0
9104,Conowingo,39.6542,-76.1669,Maryland,13,345.0,138.0
9105,Arco Bp-Willard,39.0416,-76.9528,Maryland,13,138.0,138.0
9106,Hot Wells,37.9753,-78.7165,Virginia,14,138.0,138.0
9107,Centennial Generating Station,38.0094,-78.7881,Virginia,14,138.0,138.0
9108,Cedar Hill Switching,38.291,-78.3413,Virginia,14,138.0,138.0
9109,Little York,38.0083,-78.6632,Virginia,14,138.0,138.0
9110,Superstition,37.9304,-78.6136,Virginia,14,138.0,138.0
9111,Red Hill,37.9755,-78.6261,Virginia,14,345.0,138.0
9112,J B Sims,38.0274,-78.6067,Virginia,14,138.0,138.0
9113,Hard Rock,38.1555,-78.4797,Virginia,14,138.0,138.0
9114,Solano Irrigation Dist,38.098,-78.5838,Virginia,14,138.0,138.0
9115,Red Hills,38.1062,-78.6186,Virginia,14,138.0,138.0
9116,Barracks Road,38.0675,-78.5058,Virginia,14,138.0,138.0
9117,Watt Road,37.979,-78.5838,Virginia,14,138.0,138.0
9118,Canal,37.8308,-78.4212,Virginia,14,138.0,138.0
9119,Booneville,37.8923,-78.5281,Virginia,14,138.0,138.0
9120,Huntley,37.8705,-78.5793,Virginia,14,138.0,138.0
9121,Wichita Plant,37.9414,-78.4709,Virginia,14,138.0,138.0
9122,Charlottesville,38.0119,-78.4386,Virginia,14,138.0,138.0
9123,Purcell,38.0371,-78.4116,Virginia,14,138.0,138.0
9124,Proffit,38.1021,-78.372,Virginia,14,138.0,138.0
9125,Remington,38.1064,-78.3102,Virginia,14,138.0,138.0
9126,Crozet,38.1132,-78.7333,Virginia,14,138.0,138.0
9127,Involta,38.1633,-78.5736,Virginia,14,138.0,138.0
9128,Allegheny No 6 Hydro Station,38.13,-78.5239,Virginia,14,138.0,138.0
9129,Reiner Road,38.2031,-78.5077,Virginia,14,138.0,138.0
9130,Gordonsville,38.1666,-78.2472,Virginia,14,138.0,138.0
9131,Gordonsville Energy Lp,38.1002,-78.1754,Virginia,14,138.0,138.0
9132,Nevada Solar One,38.0635,-78.1563,Virginia,14,138.0,138.0
9133,Palm Springs,38.3191,-78.4036,Virginia,14,138.0,138.0
9134,Newburg,38.2353,-78.4556,Virginia,14,138.0,138.0
9135,Kyrene,38.2089,-78.3977,Virginia,14,138.0,138.0
9136,Ault,37.7086,-78.5499,Virginia,14,138.0,138.0
9137,Scottsville,37.7587,-78.4983,Virginia,14,138.0,138.0
9138,Walnut Creek Pp,38.0208,-78.2497,Virginia,14,138.0,138.0
9139,Humbug,37.8376,-79.7661,Virginia,14,138.0,1.0
9140,Clifton Forge,37.8106,-79.7944,Virginia,14,138.0,138.0
9141,East Longmeadow,37.85,-79.6749,Virginia,14,138.0,138.0
9142,Hoot Lake,37.8585,-80.0894,Virginia,14,138.0,138.0
9143,Story,37.7471,-80.0814,Virginia,14,138.0,138.0
9144,East Meriden,37.8045,-80.1467,Virginia,14,138.0,138.0
9145,Injection,37.6623,-79.8001,Virginia,14,138.0,138.0
9146,Heights Reit,37.9004,-79.9024,Virginia,14,138.0,138.0
9147,Pecos,37.3001,-78.2528,Virginia,14,138.0,138.0
9148,Ingledow,37.6903,-79.1384,Virginia,14,138.0,138.0
9149,Timberwolf,37.7126,-79.0856,Virginia,14,138.0,138.0
9150,Houston,37.6776,-79.1086,Virginia,14,138.0,138.0
9151,Guaynabo Pueblo 1901 1904,37.6224,-78.96,Virginia,14,138.0,138.0
9152,Viking,37.5249,-79.122,Virginia,14,138.0,138.0
9153,Muck Valley,37.5335,-79.1484,Virginia,14,138.0,138.0
9154,Monel,37.4808,-79.0857,Virginia,14,138.0,138.0
9155,Kay,37.5626,-79.2472,Virginia,14,138.0,138.0
9156,Daytona Beach,37.6288,-79.2792,Virginia,14,138.0,138.0
9157,Richardson Collins Boulevard,37.8828,-78.9512,Virginia,14,138.0,138.0
9158,Hazelwood Station,37.5088,-78.8159,Virginia,14,138.0,138.0
9159,Deen,37.3584,-78.6645,Virginia,14,138.0,138.0
9160,Navajo Dam,37.4063,-78.7551,Virginia,14,138.0,138.0
9161,Del Cerro,37.248,-78.9452,Virginia,14,138.0,138.0
9162,South Creek,37.3434,-78.9029,Virginia,14,138.0,138.0
9163,Macks Inn,37.4181,-78.9441,Virginia,14,138.0,138.0
9164,South Lynchburg,37.3515,-79.1769,Virginia,14,138.0,138.0
9165,Russell Downtown,37.348,-79.0519,Virginia,14,138.0,138.0
9166,Coygen,37.279,-78.6542,Virginia,14,138.0,138.0
9167,City Point,37.2074,-78.517,Virginia,14,138.0,138.0
9168,Hermanas Davila 1705,38.4078,-79.0228,Virginia,14,138.0,138.0
9169,Goodman Energy Center,38.412,-79.0723,Virginia,14,138.0,138.0
9170,North River D.P,38.3382,-78.911,Virginia,14,138.0,138.0
9171,Tenaya,38.2171,-79.215,Virginia,14,138.0,138.0
9172,Phillips,38.2174,-79.2867,Virginia,14,138.0,138.0
9173,Moly Mills,38.2845,-79.1695,Virginia,14,138.0,138.0
9174,Craigsville,38.0614,-79.3393,Virginia,14,138.0,138.0
9175,Church,38.1512,-78.8137,Virginia,14,138.0,138.0
9176,Fishersville,38.0781,-78.9789,Virginia,14,138.0,138.0
9177,Alliance,38.029,-79.4699,Virginia,14,138.0,138.0
9178,Johns Island,37.976,-79.2022,Virginia,14,138.0,138.0
9179,Nm Potash 1,38.2243,-78.799,Virginia,14,138.0,138.0
9180,Grottoes,38.2648,-78.8393,Virginia,14,138.0,138.0
9181,Seguin,37.9989,-79.2652,Virginia,14,138.0,138.0
9182,Barneys,38.1619,-79.0595,Virginia,14,138.0,138.0
9183,Pavant,38.0579,-79.0766,Virginia,14,138.0,138.0
9184,Mentone,38.1695,-79.0782,Virginia,14,138.0,138.0
9185,Hood,38.1191,-79.0821,Virginia,14,345.0,138.0
9186,Andersen,37.9856,-78.9735,Virginia,14,138.0,138.0
9187,Stuarts Draft,38.0337,-79.0096,Virginia,14,138.0,138.0
9188,Verona,38.2167,-79.0136,Virginia,14,138.0,138.0
9189,Weyers Cave,38.271,-78.9397,Virginia,14,138.0,138.0
9190,Ellis Hydro,38.2494,-78.9899,Virginia,14,138.0,138.0
9191,Windermere,38.0683,-78.9406,Virginia,14,138.0,138.0
9192,W.A. Parish,38.1117,-79.0329,Virginia,14,138.0,138.0
9193,Pinto,38.0089,-78.9009,Virginia,14,138.0,138.0
9194,Waynesboro,38.0321,-78.8364,Virginia,14,138.0,138.0
9195,Miners,38.3554,-79.0149,Virginia,14,138.0,138.0
9196,Las Monjas 1416,38.0809,-79.6414,Virginia,14,138.0,138.0
9197,Verdant,37.3019,-79.5566,Virginia,14,138.0,138.0
9198,De Solar 1725 Drywall Dr,37.3509,-79.5136,Virginia,14,138.0,138.0
9199,Revere,37.4429,-79.4276,Virginia,14,138.0,138.0
9200,Caguas Tc,37.3347,-79.4908,Virginia,14,138.0,138.0
9201,Tanglewilde,37.4055,-79.7384,Virginia,14,138.0,138.0
9202,Takelma,37.3762,-79.6712,Virginia,14,138.0,138.0
9203,Ross Fork,37.1854,-79.2249,Virginia,14,138.0,138.0
9204,Campville,37.2174,-79.2902,Virginia,14,138.0,138.0
9205,Wind Driver,37.2558,-79.2206,Virginia,14,138.0,138.0
9206,East Berkshire,37.3826,-79.3585,Virginia,14,138.0,138.0
9207,Bovine,37.3381,-79.3665,Virginia,14,138.0,138.0
9208,Hollybrook,37.2958,-79.4158,Virginia,14,138.0,138.0
9209,White Clay,37.3211,-79.37,Virginia,14,138.0,138.0
9210,Barre,37.1989,-79.7289,Virginia,14,138.0,138.0
9211,Santee Cooper,37.2468,-79.7182,Virginia,14,138.0,138.0
9212,Crusher,37.2082,-79.7859,Virginia,14,138.0,138.0
9213,Shepherds North,37.1603,-79.8381,Virginia,14,138.0,138.0
9214,Island Phoenix,37.1665,-79.4673,Virginia,14,138.0,138.0
9215,Calipatria,37.4922,-79.2102,Virginia,14,138.0,138.0
9216,Walls,37.5091,-79.1721,Virginia,14,138.0,138.0
9217,Ivy Hill,37.3992,-79.3351,Virginia,14,138.0,138.0
9218,Boonsboro,37.4363,-79.2313,Virginia,14,138.0,138.0
9219,Reusens,37.4466,-79.1856,Virginia,14,345.0,1.0
9220,Brush Tavern,37.304,-79.2335,Virginia,14,138.0,138.0
9221,Brookville,37.3803,-79.2029,Virginia,14,138.0,138.0
9222,Rustburg,37.2902,-79.0989,Virginia,14,138.0,138.0
9223,Carters,37.0908,-79.6613,Virginia,14,138.0,138.0
9224,Kirtland,37.0964,-79.6977,Virginia,14,138.0,138.0
9225,Blue Ridge,37.3714,-79.7995,Virginia,14,138.0,138.0
9226,Sithe,37.3129,-79.8378,Virginia,14,138.0,138.0
9227,Desmet,37.3214,-79.7969,Virginia,14,138.0,138.0
9228,Dunnellon,37.1591,-81.2041,Virginia,14,138.0,138.0
9229,Nelson Dewey Sw Yd,37.1271,-81.0553,Virginia,14,138.0,138.0
9230,Santa Maria Cogen,37.2257,-81.1105,Virginia,14,138.0,138.0
9231,Wylie Hydro,37.1525,-80.8405,Virginia,14,138.0,138.0
9232,Ashby,37.1708,-80.8846,Virginia,14,138.0,138.0
9233,Laguna Beach,37.1134,-80.8245,Virginia,14,138.0,138.0
9234,South Texa,37.3207,-80.8754,Virginia,14,138.0,138.0
9235,Wagenhals,37.5183,-79.6434,Virginia,14,138.0,138.0
9236,Green Mountain,37.5832,-79.6536,Virginia,14,138.0,138.0
9237,Albany,37.5188,-79.8897,Virginia,14,138.0,138.0
9238,Cloverdale,37.3994,-79.9119,Virginia,14,138.0,138.0
9239,Ingersoll Rand,37.3532,-79.925,Virginia,14,138.0,138.0
9240,Ss3142,37.3691,-80.0086,Virginia,14,138.0,138.0
9241,Carquille,37.1846,-79.9776,Virginia,14,138.0,138.0
9242,Obion,37.3206,-79.966,Virginia,14,138.0,138.0
9243,Huntington Court,37.3138,-79.9134,Virginia,14,345.0,138.0
9244,Lewis River,37.2263,-79.8894,Virginia,14,138.0,138.0
9245,Ralston Tap,37.3956,-79.9761,Virginia,14,138.0,138.0
9246,Salem Electric Department,37.295,-80.0689,Virginia,14,138.0,138.0
9247,Stony Brook,37.3395,-80.1205,Virginia,14,138.0,138.0
9248,Willard Johnson,37.2291,-80.0964,Virginia,14,138.0,138.0
9249,Ramey Field 1 7004,37.3906,-80.1614,Virginia,14,138.0,138.0
9250,Bethlehem Power Plant,37.3525,-79.9571,Virginia,14,138.0,138.0
9251,Mt. Union,37.4548,-79.9588,Virginia,14,138.0,138.0
9252,Sanborn,36.5661,-82.206,Virginia,14,138.0,138.0
9253,Grantsdale,36.6792,-82.2813,Virginia,14,138.0,138.0
9254,Horseshoe Lake,36.6723,-82.1465,Virginia,14,138.0,138.0
9255,Beebee Island Hydro Plant,36.6029,-82.148,Virginia,14,138.0,138.0
9256,Sherwood Forest,36.6713,-82.2331,Virginia,14,138.0,138.0
9257,Rosebud Creek,36.6088,-82.1122,Virginia,14,138.0,138.0
9258,Vicco,36.5854,-82.1981,Virginia,14,138.0,138.0
9259,Hatfields Ferry Power Station,36.5777,-78.1297,Virginia,14,138.0,138.0
9260,Brodnax,36.7401,-77.97,Virginia,14,138.0,138.0
9261,Haddam,37.3818,-82.1599,Virginia,14,138.0,138.0
9262,Looney Creek,37.2999,-82.0415,Virginia,14,138.0,138.0
9263,Turkey Pen,37.2032,-82.109,Virginia,14,138.0,138.0
9264,Knotty Poplar,37.2658,-82.1294,Virginia,14,138.0,138.0
9265,Haysi,37.2177,-82.3177,Virginia,14,138.0,138.0
9266,Rosalia,37.1278,-82.256,Virginia,14,138.0,138.0
9267,Duvall,37.0086,-82.0332,Virginia,14,138.0,138.0
9268,Norco,37.3985,-81.9705,Virginia,14,138.0,138.0
9269,Permac,37.1291,-81.9754,Virginia,14,138.0,138.0
9270,Garden Creek,37.205,-82.0186,Virginia,14,138.0,138.0
9271,Pipeline,37.7221,-78.6221,Virginia,14,138.0,138.0
9272,Felipe,37.4646,-78.2453,Virginia,14,138.0,138.0
9273,Edward Pike,37.5364,-78.175,Virginia,14,138.0,138.0
9274,Coso 1-3,37.4911,-78.4744,Virginia,14,138.0,138.0
9275,Borger,37.5551,-78.4967,Virginia,14,138.0,138.0
9276,Station G,37.2544,-78.4088,Virginia,14,345.0,138.0
9277,Clement,37.3861,-78.3779,Virginia,14,138.0,138.0
9278,Vedder,37.2683,-78.4263,Virginia,14,138.0,138.0
9279,Farmville,37.3101,-78.4361,Virginia,14,138.0,138.0
9280,George,37.664,-79.437,Virginia,14,138.0,138.0
9281,Culver,37.6646,-79.397,Virginia,14,138.0,138.0
9282,Universiity,37.6973,-79.2889,Virginia,14,138.0,138.0
9283,Evington,37.2552,-79.3214,Virginia,14,138.0,138.0
9284,Waterford 1 & 2,37.153,-79.1879,Virginia,14,138.0,138.0
9285,Otter River,37.0612,-79.2478,Virginia,14,138.0,138.0
9286,Pe Ell,37.0121,-78.8972,Virginia,14,138.0,138.0
9287,Station N Airport,37.1887,-78.8743,Virginia,14,138.0,138.0
9288,Cadillac Renewable Energy,37.0845,-79.0986,Virginia,14,138.0,138.0
9289,Mecca,37.1064,-79.0405,Virginia,14,138.0,138.0
9290,Hypoluxo,37.3203,-79.1094,Virginia,14,138.0,138.0
9291,Allens Falls,37.3909,-79.2067,Virginia,14,138.0,138.0
9292,Candlers Mountain,37.3332,-79.1335,Virginia,14,138.0,138.0
9293,Carite,37.3154,-79.0694,Virginia,14,138.0,138.0
9294,Rainey,37.2072,-79.0993,Virginia,14,138.0,138.0
9295,Opossum Creek,37.3411,-79.0823,Virginia,14,138.0,138.0
9296,Ottumwa Generation Station,36.5658,-80.4967,Virginia,14,138.0,138.0
9297,Jacksons Ferry,36.8798,-80.8207,Virginia,14,138.0,138.0
9298,Cordelia,36.5821,-80.6858,Virginia,14,138.0,138.0
9299,Sunnybrook,36.7089,-81.0126,Virginia,14,138.0,138.0
9300,Circuit 40,36.6233,-80.9306,Virginia,14,138.0,138.0
9301,Woodchuck Hill,36.7259,-80.8465,Virginia,14,345.0,138.0
9302,Corona,36.6187,-81.0723,Virginia,14,138.0,138.0
9303,Safeway Stores,36.5977,-80.9704,Virginia,14,138.0,138.0
9304,Petaluma Sta A,36.8215,-80.7604,Virginia,14,138.0,138.0
9305,Breckwood,36.7027,-80.646,Virginia,14,138.0,138.0
9306,Whitestone,36.6372,-80.4007,Virginia,14,138.0,138.0
9307,North Huntington,36.908,-80.5514,Virginia,14,138.0,138.0
9308,Santa Fe Station Pnm,36.811,-80.4977,Virginia,14,138.0,138.0
9309,Strip,37.0587,-78.6976,Virginia,14,138.0,138.0
9310,Chase City,36.8042,-78.4548,Virginia,14,138.0,138.0
9311,Compton,36.8913,-78.395,Virginia,14,138.0,138.0
9312,Tarkio,36.9224,-78.5244,Virginia,14,138.0,138.0
9313,Hugo,36.9553,-78.4022,Virginia,14,138.0,138.0
9314,West Nashville,37.0321,-78.44,Virginia,14,138.0,138.0
9315,Vallejo C,37.0013,-78.479,Virginia,14,138.0,138.0
9316,Warrenton,37.114,-78.7972,Virginia,14,138.0,138.0
9317,Asheboro,36.7104,-78.6151,Virginia,14,138.0,138.0
9318,Old Chapel,39.1504,-77.9987,Virginia,14,138.0,138.0
9319,Randolph Field,38.8938,-78.1648,Virginia,14,138.0,138.0
9320,Riverton,38.9581,-78.2158,Virginia,14,138.0,138.0
9321,Waupun,38.9996,-78.1744,Virginia,14,138.0,138.0
9322,Domtar 2 Tap,39.0284,-78.1929,Virginia,14,138.0,138.0
9323,Hill,37.4647,-80.2406,Virginia,14,138.0,138.0
9324,Point Pinole,37.3392,-80.2302,Virginia,14,138.0,138.0
9325,Melones,38.7382,-78.0028,Virginia,14,138.0,138.0
9326,Silvergate,38.6691,-78.0182,Virginia,14,138.0,138.0
9327,Ardmore,38.3272,-77.9375,Virginia,14,138.0,138.0
9328,Nine Mile Creek,38.5344,-78.1569,Virginia,14,138.0,138.0
9329,Armory,38.4964,-78.0699,Virginia,14,138.0,138.0
9330,Potash Junction,38.5507,-78.0441,Virginia,14,138.0,138.0
9331,Viewland-Hoffman,38.5854,-78.295,Virginia,14,138.0,138.0
9332,Jaffrey,37.7143,-78.1276,Virginia,14,138.0,138.0
9333,East Krok,36.6212,-79.5876,Virginia,14,138.0,138.0
9334,Pearsall Power Plant,36.6518,-79.5986,Virginia,14,138.0,138.0
9335,Moonshine,36.5771,-79.6126,Virginia,14,345.0,1.0
9336,Skungamaug,36.5547,-79.5916,Virginia,14,138.0,138.0
9339,Danville New Design Plant,36.6558,-79.4017,Virginia,14,138.0,138.0
9341,French Landing Dam,37.1776,-82.5476,Virginia,14,138.0,138.0
9342,Du Pont,37.1885,-82.49,Virginia,14,138.0,138.0
9343,Cedarlake,37.1241,-82.4935,Virginia,14,138.0,138.0
9344,Volta 1,36.9782,-82.4259,Virginia,14,138.0,138.0
9345,West Shackelford,36.9524,-82.4811,Virginia,14,138.0,138.0
9346,Scenic,36.8859,-82.4713,Virginia,14,138.0,138.0
9347,Totem,37.0738,-82.2242,Virginia,14,138.0,138.0
9348,Brown,36.9698,-82.316,Virginia,14,138.0,138.0
9349,Canal St,38.9956,-77.9489,Virginia,14,138.0,138.0
9350,Praxair Tap Station,38.955,-78.0257,Virginia,14,138.0,138.0
9351,Wansley Combined Cycle,36.9738,-80.3191,Virginia,14,138.0,138.0
9352,Zanja,36.8873,-80.4124,Virginia,14,138.0,138.0
9353,Floyd,36.8941,-80.285,Virginia,14,138.0,138.0
9354,Claytor,37.0625,-80.5842,Virginia,14,138.0,138.0
9355,Hebron,37.0421,-80.4271,Virginia,14,138.0,138.0
9356,Ingles St,37.109,-80.5893,Virginia,14,138.0,138.0
9357,North Claytor,37.1351,-80.5506,Virginia,14,138.0,138.0
9358,South Canton,37.0381,-80.3542,Virginia,14,138.0,138.0
9359,22Nd St,37.0732,-80.2626,Virginia,14,138.0,138.0
9360,Lagoon Creek,37.7351,-78.2329,Virginia,14,138.0,138.0
9361,Bear,37.8864,-78.1316,Virginia,14,138.0,138.0
9362,Chanute 3,37.9859,-78.1304,Virginia,14,138.0,138.0
9363,Balch,37.9813,-78.0708,Virginia,14,138.0,138.0
9364,Gallatin Tn,37.9564,-78.0296,Virginia,14,138.0,138.0
9365,Flambeau River Papers,37.8734,-78.2889,Virginia,14,138.0,138.0
9366,Robert J Brewer,37.8378,-78.3309,Virginia,14,138.0,138.0
9367,Brownfield City,37.9781,-78.2853,Virginia,14,138.0,138.0
9368,Hall,37.8726,-78.2372,Virginia,14,138.0,138.0
9369,West Bassett,36.7838,-80.0022,Virginia,14,345.0,138.0
9370,Portable Generator 3,36.8035,-80.0866,Virginia,14,138.0,138.0
9371,Louisiana Avenue,37.1009,-80.0684,Virginia,14,138.0,138.0
9372,Golden 69,37.0868,-79.9519,Virginia,14,138.0,138.0
9373,Oak Level,36.8366,-79.9597,Virginia,14,138.0,138.0
9374,Brodhead South,36.9277,-80.0776,Virginia,14,138.0,1.0
9375,Amdee,36.7926,-79.83,Virginia,14,138.0,138.0
9376,Astoria Generating Station,36.6719,-79.8417,Virginia,14,138.0,138.0
9377,Potter,36.7809,-79.869,Virginia,14,138.0,138.0
9378,Ward Switch,36.7026,-79.8069,Virginia,14,138.0,138.0
9379,Hoosier Fairview,36.8584,-79.6631,Virginia,14,138.0,138.0
9380,Penhook,36.9692,-79.5711,Virginia,14,138.0,138.0
9381,Rose Park,36.967,-79.6622,Virginia,14,138.0,138.0
9382,Wta,36.7749,-79.9198,Virginia,14,138.0,138.0
9383,Kelim,36.9736,-79.8497,Virginia,14,138.0,1.0
9384,Rock Hill,36.9252,-79.9882,Virginia,14,138.0,138.0
9385,Mcminnville,36.8869,-79.8374,Virginia,14,138.0,138.0
9386,International Paper Livermore Hydro,37.0001,-79.7688,Virginia,14,138.0,138.0
9387,Galesburg Monmouth Boulevard,37.0808,-79.7928,Virginia,14,138.0,138.0
9388,Stonewall,39.2746,-78.0633,Virginia,14,138.0,138.0
9389,Ogden St,39.3045,-78.4351,Virginia,14,138.0,138.0
9390,Thurlow Dam,39.3949,-78.2293,Virginia,14,138.0,138.0
9391,Bellville South,39.4343,-78.3294,Virginia,14,138.0,138.0
9392,Woodland Tap,38.9987,-78.2681,Virginia,14,138.0,138.0
9393,Double Toll Gate,39.0307,-78.1691,Virginia,14,138.0,138.0
9394,Antelope Mine,39.0941,-78.2191,Virginia,14,138.0,138.0
9395,Hp Hood Ct,39.0955,-78.1852,Virginia,14,138.0,138.0
9396,North Pole,39.1501,-78.3445,Virginia,14,138.0,138.0
9397,West Winchester,39.1433,-78.2402,Virginia,14,138.0,138.0
9398,Hanger,39.141,-78.2878,Virginia,14,138.0,138.0
9399,Chaparral,39.1433,-78.2669,Virginia,14,345.0,138.0
9400,Easy Springfield,39.2876,-78.2195,Virginia,14,138.0,138.0
9401,Anniston,39.2923,-78.1086,Virginia,14,138.0,138.0
9402,Redbud,39.2304,-78.1443,Virginia,14,138.0,138.0
9403,Underground,39.2097,-78.2366,Virginia,14,138.0,138.0
9404,College,39.1987,-78.1548,Virginia,14,138.0,138.0
9405,Siloam Springs,39.2658,-78.2189,Virginia,14,138.0,138.0
9406,Blacksmith,37.3067,-80.7509,Virginia,14,138.0,138.0
9407,Grand Island,37.2303,-80.7456,Virginia,14,138.0,138.0
9408,Greater Detroit Resource Recovery,37.2531,-80.8879,Virginia,14,138.0,138.0
9409,Mount Si,37.2811,-80.6403,Virginia,14,138.0,138.0
9410,Allerton,37.3688,-80.6626,Virginia,14,138.0,138.0
9411,Us Gypsum,37.7929,-78.0233,Virginia,14,138.0,138.0
9412,Riverton 11534 Kv,37.7211,-78.0027,Virginia,14,138.0,138.0
9413,Moore Rd,37.6092,-78.0307,Virginia,14,138.0,138.0
9414,Melrose 4,36.6947,-81.1376,Virginia,14,138.0,138.0
9415,Schafrath Switch,36.6518,-81.2375,Virginia,14,138.0,138.0
9417,Pacific Pipeline,36.6372,-81.435,Virginia,14,138.0,138.0
9418,North Network,38.3426,-78.4963,Virginia,14,138.0,138.0
9419,Lolo,38.2537,-78.5521,Virginia,14,138.0,138.0
9420,Coopers Corner,36.5842,-78.9693,Virginia,14,138.0,138.0
9421,Plaster City,36.8782,-78.7966,Virginia,14,138.0,138.0
9422,Watermill,36.9154,-79.3026,Virginia,14,138.0,138.0
9423,Rapson,36.9675,-79.4164,Virginia,14,138.0,138.0
9424,Covanta Southeastern Connecticut Company,36.9164,-79.2583,Virginia,14,138.0,138.0
9425,Hanover St,36.8195,-78.926,Virginia,14,138.0,138.0
9426,Halifax,36.7779,-78.9042,Virginia,14,138.0,138.0
9427,North Mercedes,36.9192,-78.9866,Virginia,14,138.0,138.0
9428,Perth,37.0325,-79.0558,Virginia,14,138.0,138.0
9429,Union Valley,36.7583,-78.7252,Virginia,14,138.0,138.0
9430,Sinai,36.7506,-78.9573,Virginia,14,138.0,138.0
9431,Wec 3,36.6065,-78.8567,Virginia,14,138.0,138.0
9432,Welco,36.6887,-78.9612,Virginia,14,138.0,138.0
9433,Jajome 3403,36.7339,-79.209,Virginia,14,138.0,138.0
9434,Grand Ave Plant,36.7463,-79.0797,Virginia,14,138.0,138.0
9435,Champaign Oak Street,36.499,-78.7668,Virginia,14,138.0,138.0
9436,Dayton,38.4158,-78.9199,Virginia,14,345.0,138.0
9437,Trincomali,38.3307,-78.8479,Virginia,14,138.0,138.0
9438,Mckamy,38.3161,-78.8343,Virginia,14,138.0,138.0
9439,Chewelah,38.4524,-78.8164,Virginia,14,138.0,138.0
9440,Guadalupe Generating,38.4254,-78.9545,Virginia,14,138.0,138.0
9441,Long Beach,38.5277,-78.8388,Virginia,14,138.0,138.0
9442,Mount Clinton,38.4776,-78.8917,Virginia,14,138.0,138.0
9443,Warrick,38.5419,-78.91,Virginia,14,138.0,138.0
9444,Axton,36.6111,-79.6783,Virginia,14,138.0,138.0
9445,Stockton,36.7153,-79.7511,Virginia,14,138.0,138.0
9446,Fieldale,36.7331,-79.9155,Virginia,14,138.0,138.0
9447,M105,36.7237,-79.864,Virginia,14,138.0,138.0
9448,San Bernard,36.676,-79.9467,Virginia,14,138.0,138.0
9449,Raymond,36.5825,-79.935,Virginia,14,138.0,138.0
9450,Ridgeway,36.6167,-79.8676,Virginia,14,138.0,138.0
9451,Myakka,38.3291,-79.6107,Virginia,14,138.0,138.0
9452,Meadowbrook Hospital,36.7822,-82.7811,Virginia,14,138.0,138.0
9453,Stafford,36.9702,-82.7314,Virginia,14,138.0,138.0
9454,Imboden,36.8781,-82.7572,Virginia,14,138.0,138.0
9457,Fremont Canyon,36.7268,-82.7245,Virginia,14,138.0,138.0
9458,Rodburn,36.7162,-82.7822,Virginia,14,138.0,138.0
9466,Meadow Lake Wind Farm Llc,37.7365,-79.4593,Virginia,14,138.0,138.0
9467,Eagle Point Power Plant,37.7409,-79.4956,Virginia,14,345.0,138.0
9468,Coldwater,37.7213,-79.5234,Virginia,14,138.0,138.0
9469,Beach Grove,37.7905,-79.5508,Virginia,14,138.0,138.0
9470,Fort Rock Midstate,36.8708,-78.1231,Virginia,14,138.0,138.0
9471,Menomonie,36.9303,-78.0588,Virginia,14,138.0,138.0
9472,Mandan Junction,37.1198,-78.3262,Virginia,14,138.0,138.0
9473,Ontario,36.8308,-78.2727,Virginia,14,138.0,138.0
9474,Copco,36.681,-78.1334,Virginia,14,138.0,138.0
9475,Finney,36.7851,-78.2337,Virginia,14,138.0,138.0
9476,Cottage Grove,37.0364,-78.2679,Virginia,14,138.0,138.0
9477,White Creek,36.975,-78.3291,Virginia,14,138.0,138.0
9478,Kenbridge,36.9847,-78.166,Virginia,14,138.0,138.0
9479,Harmony Hills,38.3714,-78.1437,Virginia,14,138.0,138.0
9480,Page,38.662,-78.4185,Virginia,14,138.0,138.0
9481,Eisenhower,38.6371,-78.459,Virginia,14,138.0,138.0
9482,Franklin-Laguna,38.5798,-78.5156,Virginia,14,345.0,138.0
9483,Pratt'S,38.3521,-78.2715,Virginia,14,138.0,138.0
9484,Sweden Switches,38.4633,-78.2958,Virginia,14,138.0,138.0
9485,Meldrim,38.2171,-78.0764,Virginia,14,138.0,138.0
9486,Covanta Essex Company,38.1822,-78.1549,Virginia,14,138.0,138.0
9487,Auburn Lfg Energy Facility,36.6528,-78.427,Virginia,14,138.0,138.0
9488,Batesville,36.6845,-78.3425,Virginia,14,138.0,138.0
9489,J Woodruff,36.5814,-78.5567,Virginia,14,138.0,138.0
9490,Campus Commons,36.5843,-78.6857,Virginia,14,138.0,138.0
9491,Mount View,37.2481,-80.445,Virginia,14,138.0,138.0
9492,Virginia Tech Power Plant,37.2405,-80.3926,Virginia,14,138.0,138.0
9493,Clarkwild,37.2813,-80.4197,Virginia,14,345.0,1.0
9494,Midway,37.1819,-80.4271,Virginia,14,138.0,138.0
9495,Meeker,37.2347,-80.5275,Virginia,14,138.0,138.0
9496,Los Banos,37.072,-80.4037,Virginia,14,138.0,138.0
9497,South Christiansburg,37.1057,-80.3914,Virginia,14,138.0,138.0
9498,Pella Peaking,37.101,-80.4404,Virginia,14,138.0,138.0
9499,Edgemont,37.0963,-80.4584,Virginia,14,138.0,138.0
9500,Kumis,37.2456,-80.204,Virginia,14,138.0,138.0
9501,La Virgencita 9404,37.7019,-78.8023,Virginia,14,138.0,138.0
9502,Pardeville,37.8365,-78.7659,Virginia,14,138.0,138.0
9503,Buckhorn,37.1894,-78.2426,Virginia,14,138.0,138.0
9504,Jetersville,37.2428,-78.0896,Virginia,14,138.0,138.0
9505,Crewe,37.1464,-78.1817,Virginia,14,138.0,138.0
9506,Checkpoint,38.4437,-78.7275,Virginia,14,138.0,138.0
9507,Caledonia,38.3557,-78.6104,Virginia,14,138.0,138.0
9508,Kings,38.3954,-78.6264,Virginia,14,138.0,138.0
9509,Porterville,38.4169,-78.5363,Virginia,14,138.0,138.0
9510,Suncor,38.4738,-78.6145,Virginia,14,138.0,138.0
9511,Siuc,38.5396,-78.5258,Virginia,14,138.0,138.0
9512,Madison West,36.6135,-80.1477,Virginia,14,138.0,138.0
9513,Elm St,36.7126,-80.1549,Virginia,14,138.0,138.0
9514,Shepaug,36.6828,-80.268,Virginia,14,138.0,138.0
9515,East Sidney,36.6936,-80.3039,Virginia,14,138.0,1.0
9516,Wickett Gulf,36.728,-80.2262,Virginia,14,138.0,138.0
9517,Salton Sea 1,36.718,-79.3539,Virginia,14,138.0,138.0
9518,Bearskin,36.8533,-79.4908,Virginia,14,138.0,138.0
9519,Chatham,36.8467,-79.4115,Virginia,14,138.0,138.0
9520,Barnhart,36.7028,-79.4952,Virginia,14,138.0,138.0
9521,Otter,37.1506,-79.2983,Virginia,14,138.0,138.0
9522,San Jose Sta. A,37.0158,-79.2952,Virginia,14,138.0,138.0
9524,Balta,36.6215,-79.2596,Virginia,14,138.0,138.0
9525,Urban,36.9404,-80.7052,Virginia,14,138.0,138.0
9526,Southard,36.9863,-80.7975,Virginia,14,138.0,138.0
9527,West Loop,37.132,-80.7067,Virginia,14,138.0,138.0
9528,Buckley,37.0982,-80.7745,Virginia,14,138.0,138.0
9529,Chisholm,36.9587,-80.8641,Virginia,14,138.0,138.0
9530,Kenmore,38.7815,-78.0898,Virginia,14,138.0,138.0
9531,Stratford,37.2203,-80.0421,Virginia,14,138.0,138.0
9532,Starkey,37.2277,-79.9861,Virginia,14,138.0,138.0
9533,Nashua Street,37.149,-80.0689,Virginia,14,138.0,138.0
9534,Hancock,37.2544,-80.015,Virginia,14,345.0,138.0
9535,Poages Mill,37.1793,-80.0303,Virginia,14,138.0,138.0
9536,Woodward-Tap1,37.267,-80.0666,Virginia,14,138.0,138.0
9537,Bonsack,37.325,-79.8835,Virginia,14,138.0,138.0
9538,Clearbrook,37.1986,-79.957,Virginia,14,138.0,138.0
9539,Venture,37.2051,-79.84,Virginia,14,138.0,138.0
9540,Shute,37.2837,-79.9837,Virginia,14,138.0,138.0
9541,Roanoke Electric Steel,37.277,-79.9973,Virginia,14,138.0,138.0
9542,Roanoke,37.251,-79.9308,Virginia,14,138.0,138.0
9543,Vinton,37.2891,-79.8692,Virginia,14,138.0,138.0
9544,Fairfield,37.8316,-79.3034,Virginia,14,138.0,138.0
9545,Balcony Falls,37.5905,-79.4469,Virginia,14,138.0,138.0
9546,Sweetwater,38.7138,-78.8395,Virginia,14,138.0,138.0
9547,Rock Cut,38.7365,-78.8869,Virginia,14,138.0,138.0
9548,Darbytown Cts,38.7031,-78.7699,Virginia,14,138.0,138.0
9549,Tuolumne,38.4961,-79.1379,Virginia,14,138.0,138.0
9550,Kenneth-Garfield,38.4336,-79.2266,Virginia,14,138.0,138.0
9551,Mt. View,38.6533,-78.9577,Virginia,14,138.0,138.0
9552,Unh 1 & Unh 2,38.3513,-78.6917,Virginia,14,138.0,138.0
9553,Rice,38.396,-78.7523,Virginia,14,138.0,138.0
9554,Texaco Bt,38.6552,-78.6021,Virginia,14,138.0,138.0
9555,Bushnell East,38.6129,-78.6468,Virginia,14,138.0,138.0
9556,Mathew,38.6621,-78.839,Virginia,14,138.0,138.0
9557,3014 Rio Canas,38.5859,-78.7354,Virginia,14,138.0,138.0
9558,Timberville,38.6457,-78.7631,Virginia,14,138.0,138.0
9559,Ashfield,36.9153,-82.3188,Virginia,14,138.0,138.0
9560,Dickens,36.8267,-82.2769,Virginia,14,138.0,138.0
9561,Landsville,36.788,-82.3041,Virginia,14,138.0,138.0
9562,Claypool Hill,37.011,-81.7979,Virginia,14,138.0,138.0
9563,Seattle City North,37.0049,-81.838,Virginia,14,138.0,138.0
9564,San Xavier,36.8998,-81.8888,Virginia,14,138.0,138.0
9565,Lebanon,36.9055,-82.0803,Virginia,14,138.0,138.0
9566,Shiloh,36.8966,-82.1331,Virginia,14,138.0,138.0
9567,Girvan,36.7758,-82.1445,Virginia,14,138.0,138.0
9568,Yanke,36.6372,-82.6686,Virginia,14,138.0,138.0
9569,Mccullough,36.6438,-82.574,Virginia,14,138.0,138.0
9570,Bauxite,36.6746,-82.5752,Virginia,14,138.0,138.0
9571,Midpoint,36.7055,-82.4261,Virginia,14,138.0,138.0
9572,Port Ludlow,38.8394,-78.6672,Virginia,14,138.0,138.0
9573,Carson Ice,38.816,-78.6234,Virginia,14,138.0,138.0
9574,Mount Jackson,38.7188,-78.676,Virginia,14,138.0,138.0
9575,Upper Mechanicville,38.7538,-78.8121,Virginia,14,138.0,138.0
9576,Valley View,38.8829,-78.3796,Virginia,14,138.0,138.0
9577,Carroll,39.0449,-78.3859,Virginia,14,138.0,138.0
9578,Thunder,38.9263,-78.4912,Virginia,14,138.0,138.0
9579,Henry Station,38.9741,-78.4253,Virginia,14,138.0,138.0
9580,Vancouver Shipyard,38.963,-78.5706,Virginia,14,138.0,138.0
9581,Edinburg,38.8257,-78.5473,Virginia,14,138.0,138.0
9582,Rec Clinton,36.8666,-81.4412,Virginia,14,138.0,138.0
9583,Philpott,36.8353,-81.6353,Virginia,14,138.0,138.0
9584,Kasson-Banta Carbona Junction,36.8129,-81.7215,Virginia,14,138.0,138.0
9585,Roseville,36.664,-81.7231,Virginia,14,138.0,138.0
9586,Nogales,36.9272,-81.5622,Virginia,14,138.0,138.0
9587,Bon Aqua,36.7926,-81.5522,Virginia,14,345.0,138.0
9588,White Mesa,36.8813,-81.5383,Virginia,14,138.0,138.0
9589,Macon Energy Center,36.8576,-81.2091,Virginia,14,138.0,138.0
9590,Hartford,36.9134,-81.2732,Virginia,14,138.0,138.0
9591,Shrewsbury,36.8487,-81.255,Virginia,14,138.0,138.0
9592,West Siloam Springs,36.885,-81.6397,Virginia,14,138.0,138.0
9593,Red Lion,36.9894,-81.6896,Virginia,14,138.0,138.0
9594,Broadford,36.9432,-81.6665,Virginia,14,138.0,138.0
9595,Faraday,37.2056,-81.6872,Virginia,14,138.0,138.0
9596,Lonesome Pine,37.2689,-81.3387,Virginia,14,138.0,138.0
9597,Empire Energy Center,37.1886,-81.3358,Virginia,14,345.0,1.0
9598,Okeechobee,37.1978,-81.4233,Virginia,14,138.0,138.0
9599,Team,37.0882,-81.4807,Virginia,14,138.0,138.0
9600,Carberry,37.3401,-81.3195,Virginia,14,138.0,138.0
9601,Woods Lake,37.1044,-81.7284,Virginia,14,138.0,138.0
9602,Sandy Ridge,37.1655,-81.8281,Virginia,14,138.0,138.0
9603,Coal Creek,37.1232,-81.8532,Virginia,14,138.0,138.0
9604,Carrollton Country Club,37.204,-81.8412,Virginia,14,138.0,138.0
9605,Smith College Central Heating Plant,37.0386,-81.4327,Virginia,14,138.0,138.0
9606,Georgia,37.0929,-81.5278,Virginia,14,138.0,138.0
9607,North Delphos,38.8222,-78.3506,Virginia,14,138.0,138.0
9608,Ou Spirit Wind Farm,36.7122,-81.9641,Virginia,14,138.0,138.0
9609,Wakefield,36.7409,-81.9881,Virginia,14,138.0,138.0
9610,Dennis Station,36.7844,-81.991,Virginia,14,138.0,138.0
9611,Abingdon,36.7128,-81.9959,Virginia,14,138.0,138.0
9612,Pyote,36.5892,-81.9388,Virginia,14,138.0,138.0
9613,Elverta-Cherrybrooke,36.6396,-82.0375,Virginia,14,138.0,138.0
9614,Rector,36.6116,-81.9346,Virginia,14,138.0,138.0
9615,Browns Crossing,36.7517,-81.6773,Virginia,14,138.0,138.0
9616,Goulding,36.642,-81.7793,Virginia,14,138.0,138.0
9617,Wylie,36.751,-81.8307,Virginia,14,138.0,138.0
9618,Coolidge,36.7059,-81.8318,Virginia,14,138.0,138.0
9619,Burtt Road,36.8054,-81.82,Virginia,14,138.0,138.0
9620,Alief,36.7741,-81.8722,Virginia,14,138.0,138.0
9621,Rosholt Cwec,37.0671,-82.6486,Virginia,14,138.0,138.0
9622,Amity,37.0534,-82.7175,Virginia,14,138.0,1.0
9623,Stockton Cogen,37.0746,-82.5502,Virginia,14,138.0,138.0
9624,Henry Co,37.0111,-82.502,Virginia,14,138.0,138.0
9625,North Dublin,36.9955,-82.63,Virginia,14,345.0,138.0
9626,Hartman Creek,36.9745,-80.898,Virginia,14,138.0,138.0
9627,Weston,37.0134,-80.9568,Virginia,14,138.0,138.0
9628,Spring Street,37.0563,-81.0717,Virginia,14,138.0,138.0
9629,Glen Lake,36.9301,-81.1502,Virginia,14,138.0,138.0
9630,Merret,36.9013,-81.2001,Virginia,14,138.0,138.0
9631,Fluvanna P.S,37.8463,-78.4134,Virginia,14,345.0,13.8
9632,Seneca Terminal,37.2636,-80.0595,Virginia,14,138.0,13.8
9633,Kean Mtn And Grassy Creek,37.188,-81.9334,Virginia,14,345.0,1.0
9635,Buck Hydro,36.8067,-80.952,Virginia,14,138.0,138.0
9636,Yemassee,37.2849,-80.0529,Virginia,14,138.0,20.0
9637,Franks,37.0621,-80.5585,Virginia,14,345.0,138.0
9638,Clinch River,36.9434,-82.1951,Virginia,14,345.0,13.8
9639,Denver City,36.6586,-79.8896,Virginia,14,138.0,138.0
9640,Bandhead,37.2452,-79.8603,Virginia,14,138.0,138.0
9641,Bremo Bluff,37.7011,-78.3013,Virginia,14,138.0,13.8
9642,Haymarket Square,38.3582,-78.6388,Virginia,14,138.0,138.0
9643,Louisa Generation Facility,38.1035,-78.2099,Virginia,14,345.0,13.8
9644,Airport Rd 1,38.4361,-78.8897,Virginia,14,138.0,13.8
9645,Harrisonburg,38.423,-78.8953,Virginia,14,138.0,13.8
9646,Glen Haven,36.7939,-78.9421,Virginia,14,138.0,13.8
9647,Luray Hydro Station,38.6655,-78.5073,Virginia,14,138.0,13.8
9648,Glen Lyn,37.3702,-80.8777,Virginia,14,345.0,1.0
9649,Westcott,37.0921,-80.5969,Virginia,14,138.0,138.0
9650,Mecklenburg Power Station,36.6185,-78.5271,Virginia,14,345.0,138.0
9651,Elkton D.P,38.3613,-78.6773,Virginia,14,138.0,138.0
9652,Twin Branch 2,38.4358,-78.8512,Virginia,14,138.0,13.8
9653,Jim Branch,38.0874,-78.2315,Virginia,14,138.0,13.8
9654,Bath County,38.197,-79.7844,Virginia,14,345.0,13.8
9655,Jacalitio,37.5441,-79.3067,Virginia,14,138.0,13.8
9656,Pinnacles,36.6484,-80.416,Virginia,14,138.0,138.0
9657,Ralston,37.4928,-79.1928,Virginia,14,138.0,13.8
9658,Buhl,37.727,-78.3164,Virginia,14,345.0,13.8
9659,Celanese Acetate Llc,37.372,-80.7508,Virginia,14,138.0,13.8
9660,Radford Army Ammunition Plant,37.1658,-80.5468,Virginia,14,138.0,1.0
9661,Skimmer,37.5355,-79.3564,Virginia,14,138.0,138.0
9662,Farrell,36.9108,-82.3124,Virginia,14,345.0,1.0
9663,Cushaw,37.6202,-79.3721,Virginia,14,138.0,138.0
9664,Avon Park,37.5114,-79.2838,Virginia,14,138.0,1.0
9665,Norway Point Hydropower Project,36.8231,-80.9504,Virginia,14,138.0,138.0
9666,Lowmoor,37.7939,-79.8874,Virginia,14,345.0,1.0
9667,Leesville,37.091,-79.397,Virginia,14,345.0,13.8
9668,Snowden,37.5728,-79.3419,Virginia,14,138.0,138.0
9669,Clover,36.8871,-78.6881,Virginia,14,345.0,13.8
9670,Wolf Hills Energy,36.6652,-82.1211,Virginia,14,345.0,138.0
9671,Keswick,36.7829,-79.9891,Virginia,14,138.0,138.0
9672,Fudge Hollow,37.7694,-80.0035,Virginia,14,138.0,13.8
9673,Fries,36.7012,-80.9731,Virginia,14,138.0,138.0
9674,Front Royal,38.9922,-78.1975,Virginia,14,345.0,13.8
9675,Sub 9675,37.2863,-80.076,Virginia,14,138.0,18.0
9676,Kerr Dam,36.602,-78.3026,Virginia,14,345.0,13.8
9677,Port Costa Brick Tap,37.6551,-75.654,Virginia,15,138.0,138.0
9678,New Port Richey,37.8785,-75.6715,Virginia,15,138.0,138.0
9679,Oyehut,38.0022,-75.4105,Virginia,15,138.0,138.0
9680,Wattsville,37.9106,-75.475,Virginia,15,138.0,138.0
9681,Almaville,37.6837,-75.774,Virginia,15,138.0,138.0
9683,Belle Haven Diesel Generation Facility,37.5171,-75.8162,Virginia,15,138.0,138.0
9684,Perdue Diesel Generation Facility,37.7318,-75.6503,Virginia,15,138.0,138.0
9685,Chincoteague,37.845,-75.5481,Virginia,15,138.0,138.0
9686,New Plymounth,38.717,-77.153,Virginia,15,138.0,138.0
9687,Hayfield,38.7725,-77.1482,Virginia,15,138.0,138.0
9688,Clarendon,38.8759,-77.1057,Virginia,15,138.0,138.0
9689,Battle Ground,38.8173,-77.0844,Virginia,15,138.0,138.0
9690,Morony Dam,38.8594,-77.1831,Virginia,15,138.0,138.0
9691,Jefferson Street,38.7961,-77.0413,Virginia,15,138.0,138.0
9692,Albert Pike,38.7153,-77.1228,Virginia,15,138.0,138.0
9693,Wethersfield,38.7128,-77.047,Virginia,15,138.0,138.0
9694,Annandale,38.827,-77.168,Virginia,15,138.0,138.0
9695,Moorhead,38.7783,-77.0357,Virginia,15,138.0,138.0
9696,Belle Haven,38.7752,-77.0645,Virginia,15,138.0,138.0
9697,Meadow Woods South,38.9349,-77.098,Virginia,15,138.0,138.0
9698,Inyokern Town,38.8677,-76.9819,Virginia,15,138.0,138.0
9699,Warthen,37.3391,-77.9282,Virginia,15,138.0,138.0
9700,Kapstone,37.4127,-77.8309,Virginia,15,138.0,138.0
9701,Willamina,37.3599,-77.9745,Virginia,15,138.0,138.0
9702,32Nd Street,38.9405,-77.0451,Virginia,15,138.0,138.0
9703,Deepcreek,38.8324,-77.1495,Virginia,15,138.0,138.0
9704,Falls Church,38.8843,-77.1683,Virginia,15,138.0,138.0
9705,Alto,38.9421,-77.1222,Virginia,15,138.0,138.0
9706,Glen Carlyn,38.8473,-77.1367,Virginia,15,138.0,138.0
9707,F St,38.9009,-77.1581,Virginia,15,138.0,138.0
9708,Tulloch,38.8771,-77.0716,Virginia,15,138.0,138.0
9709,Squamish,38.8767,-77.0328,Virginia,15,138.0,138.0
9710,Luxemburg 24.9,38.8528,-77.0085,Virginia,15,138.0,138.0
9711,Humboldt,38.823,-77.1152,Virginia,15,138.0,138.0
9712,Westone Sw Yd,38.8046,-77.0942,Virginia,15,138.0,138.0
9713,Potomac River,38.824,-77.0346,Virginia,15,138.0,138.0
9714,Pentagon,38.8574,-77.0493,Virginia,15,138.0,138.0
9715,Carderock,38.982,-77.2097,Virginia,15,138.0,138.0
9716,Oliver Street,38.9698,-77.0775,Virginia,15,138.0,138.0
9717,Cherrydale,38.9228,-77.121,Virginia,15,138.0,138.0
9718,North Canaan,38.9412,-77.2052,Virginia,15,138.0,138.0
9719,Acec Arrowhead,36.88,-77.9381,Virginia,15,138.0,138.0
9720,Montverde,37.0895,-77.8891,Virginia,15,138.0,138.0
9721,Wooton,37.0819,-77.9736,Virginia,15,138.0,138.0
9722,Balfour,36.7413,-77.947,Virginia,15,138.0,138.0
9723,San Joaquin,36.6446,-78.0496,Virginia,15,138.0,138.0
9724,Nexen Tap,36.6497,-77.4754,Virginia,15,138.0,138.0
9725,Miller Redwood,36.6986,-77.4674,Virginia,15,345.0,1.0
9726,Emporia,36.7081,-77.5461,Virginia,15,138.0,138.0
9727,Beach Haven,36.6233,-77.7973,Virginia,15,138.0,138.0
9728,Lawrenceville,36.7166,-77.8504,Virginia,15,138.0,138.0
9729,Colton,36.7529,-77.7846,Virginia,15,138.0,138.0
9730,Ladysmith,38.0442,-77.5694,Virginia,15,138.0,138.0
9731,Enron,38.0617,-77.3125,Virginia,15,138.0,138.0
9732,Capitol,38.1917,-77.4848,Virginia,15,138.0,138.0
9733,Slabtown,38.2314,-77.4569,Virginia,15,138.0,138.0
9734,Fredericksburg,38.3103,-77.4892,Virginia,15,345.0,1.0
9735,Shullsburg,37.9409,-77.4545,Virginia,15,138.0,138.0
9736,Lake Charles Plant,37.9471,-77.4961,Virginia,15,138.0,138.0
9737,North Doswell,37.9106,-77.4407,Virginia,15,138.0,138.0
9738,Lytle,37.9819,-77.3464,Virginia,15,138.0,138.0
9739,Ladysmith Ct,38.0715,-77.4756,Virginia,15,138.0,138.0
9740,National City,37.3823,-77.0573,Virginia,15,138.0,138.0
9741,Turner Road,37.4164,-77.2842,Virginia,15,138.0,138.0
9742,Jameson,37.4321,-77.3746,Virginia,15,138.0,138.0
9743,Clearwater,37.3481,-77.3811,Virginia,15,138.0,138.0
9744,Shively,37.364,-77.3847,Virginia,15,138.0,138.0
9745,Brockport,37.4484,-77.0203,Virginia,15,138.0,138.0
9746,King'S Mill,37.265,-76.6556,Virginia,15,138.0,138.0
9747,Agana,37.1437,-76.6716,Virginia,15,138.0,138.0
9748,G G Allen,37.3531,-76.6852,Virginia,15,138.0,138.0
9749,Ione,37.2417,-76.8529,Virginia,15,138.0,138.0
9750,Watsonville,37.2844,-76.6607,Virginia,15,138.0,138.0
9751,Oshkosh,36.8367,-76.5028,Virginia,15,138.0,138.0
9752,Rio Grande Estates 2306,36.7939,-76.4694,Virginia,15,138.0,138.0
9753,Crittenden,36.8697,-76.5135,Virginia,15,138.0,138.0
9754,R D Morrow,36.7388,-76.3614,Virginia,15,138.0,138.0
9755,Cordova Park,36.7061,-76.3197,Virginia,15,138.0,138.0
9756,Puna Geothermal Venture I,36.716,-76.4259,Virginia,15,138.0,138.0
9757,Yadkin,36.7629,-76.3607,Virginia,15,138.0,138.0
9758,A Whoch,36.7184,-76.4798,Virginia,15,138.0,138.0
9759,Wheelabrator Portsmouth,36.8014,-76.2966,Virginia,15,138.0,138.0
9760,Cato,36.7703,-76.2803,Virginia,15,138.0,138.0
9761,Reeves Ave,36.8401,-76.2998,Virginia,15,138.0,138.0
9762,Bayamon,36.5683,-76.2751,Virginia,15,138.0,138.0
9763,India,36.596,-76.2129,Virginia,15,138.0,138.0
9764,Kansas,36.6236,-76.2563,Virginia,15,138.0,138.0
9765,Hickory,36.6305,-76.2257,Virginia,15,138.0,138.0
9766,Benton,36.757,-76.1768,Virginia,15,138.0,138.0
9767,Fentress,36.7099,-76.1954,Virginia,15,138.0,138.0
9768,Thrasher,36.7407,-76.2477,Virginia,15,138.0,138.0
9769,Olympic Pipe,37.4026,-77.4421,Virginia,15,138.0,138.0
9770,Walthall,37.3009,-77.4012,Virginia,15,138.0,138.0
9771,Dunn Rd,37.281,-77.4803,Virginia,15,138.0,138.0
9772,Potter County,37.2867,-77.669,Virginia,15,138.0,138.0
9773,Paso Robles,37.3049,-77.7852,Virginia,15,138.0,138.0
9774,Danville Westover Plant,37.304,-77.5961,Virginia,15,138.0,138.0
9775,Cornell-Up,37.3979,-77.5917,Virginia,15,138.0,1.0
9776,Hull Street Road,37.4463,-77.5886,Virginia,15,345.0,138.0
9777,Harrisburg,37.4269,-77.6061,Virginia,15,138.0,138.0
9778,Barlow,37.3817,-77.5091,Virginia,15,138.0,138.0
9779,Harvell,37.2601,-77.3895,Virginia,15,138.0,138.0
9780,Tanners Lake,37.3144,-77.4594,Virginia,15,138.0,138.0
9781,Harrowgate,37.2878,-77.4281,Virginia,15,138.0,138.0
9782,Lakemont,37.2405,-77.4058,Virginia,15,138.0,138.0
9783,Briarwood,37.502,-77.6476,Virginia,15,138.0,138.0
9784,Sub 9784,37.6316,-77.7061,Virginia,15,138.0,138.0
9785,Trabue,37.4944,-77.6221,Virginia,15,138.0,138.0
9786,Big Creek 1,37.4289,-77.7201,Virginia,15,138.0,138.0
9787,Westchase,37.4417,-77.6065,Virginia,15,138.0,138.0
9788,Jim Creek,37.3727,-77.7471,Virginia,15,138.0,138.0
9789,Holden,37.4194,-77.6992,Virginia,15,138.0,138.0
9790,Winterpock,37.4185,-77.6543,Virginia,15,138.0,138.0
9791,Dolgeville Hydro,37.4286,-77.5457,Virginia,15,138.0,138.0
9792,Freiheit,37.5487,-77.7233,Virginia,15,138.0,138.0
9793,Baraga Vlg,37.1077,-77.5094,Virginia,15,345.0,138.0
9794,Alkali,37.2645,-77.5616,Virginia,15,138.0,138.0
9795,Walton Street,37.2293,-77.4712,Virginia,15,138.0,138.0
9796,Locks,37.2306,-77.4524,Virginia,15,138.0,138.0
9797,Whiting Refinery,37.5199,-77.6624,Virginia,15,138.0,138.0
9798,Ensign Wind Llc,37.5401,-77.5774,Virginia,15,138.0,1.0
9799,River Road,37.5831,-77.5766,Virginia,15,138.0,138.0
9800,Andrews,37.5188,-77.5769,Virginia,15,138.0,138.0
9801,Retrieve,37.5261,-77.5559,Virginia,15,138.0,138.0
9802,Superior Falls,37.554,-77.6176,Virginia,15,138.0,138.0
9803,Edina,37.4336,-77.4736,Virginia,15,138.0,138.0
9804,Station H,37.4609,-77.5178,Virginia,15,138.0,138.0
9805,Collins Lake,37.4645,-77.5814,Virginia,15,138.0,138.0
9806,Carver,37.5501,-77.4454,Virginia,15,138.0,138.0
9807,Shockoe,37.5472,-77.4238,Virginia,15,138.0,138.0
9808,Centralia,37.3896,-77.4436,Virginia,15,138.0,138.0
9809,Ironwood Wind,37.4823,-77.5009,Virginia,15,138.0,138.0
9810,Mountain Lake,37.417,-77.3999,Virginia,15,138.0,138.0
9811,Basin,37.4893,-77.4387,Virginia,15,138.0,138.0
9812,Marlboro,37.4695,-77.408,Virginia,15,138.0,138.0
9813,Acca,37.5855,-77.441,Virginia,15,138.0,138.0
9814,Plaza,37.4748,-77.4801,Virginia,15,138.0,138.0
9815,Waldron,37.427,-77.426,Virginia,15,138.0,138.0
9816,Anasco 6101,37.4496,-77.3558,Virginia,15,345.0,138.0
9817,Duck Creek,39.2221,-77.9933,Virginia,15,138.0,138.0
9818,Lusk,39.1433,-78.0106,Virginia,15,138.0,138.0
9819,Buttercup,39.0379,-77.8592,Virginia,15,138.0,138.0
9820,Sanger Power And Feed,38.4122,-77.9462,Virginia,15,138.0,138.0
9821,East Bernard,38.4567,-78.0644,Virginia,15,138.0,138.0
9822,Oak Green,38.3378,-77.9838,Virginia,15,138.0,138.0
9823,Station Q Harbor,38.3448,-78.0936,Virginia,15,138.0,138.0
9824,North Valley,38.7112,-77.8786,Virginia,15,138.0,138.0
9825,Yauco Hidro 2,38.6638,-77.9227,Virginia,15,138.0,138.0
9826,Imperial Valley,38.6249,-77.8702,Virginia,15,138.0,138.0
9827,Agua Mansa,37.5562,-77.923,Virginia,15,138.0,138.0
9828,7Th Avenue North,37.5366,-77.9513,Virginia,15,138.0,138.0
9829,Sherman Road,36.9468,-77.5772,Virginia,15,138.0,138.0
9830,Fort White,36.9908,-77.8024,Virginia,15,138.0,138.0
9831,Ormond,37.0481,-77.3947,Virginia,15,138.0,138.0
9832,Uknown,37.1265,-77.4124,Virginia,15,138.0,138.0
9833,Cy-Fair,37.0837,-77.3051,Virginia,15,138.0,138.0
9834,Cedar Bayou Plant,37.2071,-77.4142,Virginia,15,138.0,138.0
9835,Gilboa,36.9584,-77.4095,Virginia,15,138.0,138.0
9836,Racine,36.882,-77.4819,Virginia,15,138.0,138.0
9837,Sechelt,37.0964,-77.602,Virginia,15,138.0,138.0
9838,Mackay,37.8125,-76.8775,Virginia,15,138.0,138.0
9839,Winger,37.9114,-77.1257,Virginia,15,138.0,138.0
9840,Jardines Metropolitanos 1310,37.9759,-76.9567,Virginia,15,138.0,138.0
9841,Guadalupe,37.8629,-76.968,Virginia,15,138.0,138.0
9842,Wright Avenue,38.8374,-77.0981,Virginia,15,138.0,138.0
9843,Belvoir,38.7501,-77.1353,Virginia,15,138.0,138.0
9844,Van Dom,38.7859,-77.1597,Virginia,15,138.0,138.0
9845,Thurston,38.7934,-77.1266,Virginia,15,138.0,138.0
9846,Harewood,38.7364,-77.0459,Virginia,15,345.0,1.0
9847,Gum Springs,38.757,-77.0744,Virginia,15,138.0,138.0
9848,Butt Valley,38.7079,-77.176,Virginia,15,138.0,138.0
9849,Rock Lake Ct,38.7586,-77.0527,Virginia,15,138.0,138.0
9850,Viriginia Hills,38.7774,-77.1015,Virginia,15,138.0,138.0
9851,Canadian Hills Wind,38.6995,-77.154,Virginia,15,138.0,138.0
9852,Devon,38.6876,-77.1774,Virginia,15,345.0,138.0
9853,Westwing,38.7421,-76.9593,Virginia,15,138.0,138.0
9854,Colleyville,38.7811,-77.2835,Virginia,15,138.0,138.0
9855,Idylwood,38.877,-77.1992,Virginia,15,138.0,138.0
9856,Quaker Hill,38.9269,-77.1918,Virginia,15,138.0,138.0
9857,Crane Gulf 2,38.8327,-77.2582,Virginia,15,138.0,138.0
9858,Green Springs,38.8585,-77.2899,Virginia,15,138.0,138.0
9859,Sideburn,38.8038,-77.2921,Virginia,15,138.0,138.0
9860,Arrowhead,38.8205,-77.2777,Virginia,15,138.0,138.0
9861,Shawnigan Lake,38.7454,-77.2465,Virginia,15,138.0,138.0
9862,Fruitridge & S. Land Park,38.9077,-77.2121,Virginia,15,138.0,138.0
9863,Cleary Flood,38.8894,-77.5045,Virginia,15,138.0,138.0
9864,Loudon,38.9145,-77.5516,Virginia,15,345.0,138.0
9865,Raven Farm,38.8103,-77.5063,Virginia,15,138.0,138.0
9866,Bull Run,38.8202,-77.426,Virginia,15,138.0,138.0
9867,Greenwater,38.8592,-77.4036,Virginia,15,138.0,138.0
9868,Clifton,38.7758,-77.4018,Virginia,15,138.0,138.0
9869,Corvallis,38.7438,-77.3975,Virginia,15,138.0,138.0
9870,Honeygo,38.9473,-77.3786,Virginia,15,138.0,138.0
9871,Sprecher,38.866,-77.4284,Virginia,15,138.0,138.0
9872,Ellerbe Road,38.9065,-77.3256,Virginia,15,138.0,138.0
9873,Riley,38.7089,-77.3403,Virginia,15,138.0,138.0
9874,Sub 9874,38.756,-77.3119,Virginia,15,138.0,138.0
9875,Tony Lappos,38.7889,-77.3736,Virginia,15,138.0,138.0
9876,Burke-Sideburn,38.8224,-77.3207,Virginia,15,138.0,138.0
9877,Waterport,38.8852,-77.3147,Virginia,15,138.0,138.0
9878,Keene Mill,38.7838,-77.2619,Virginia,15,138.0,138.0
9879,Sugar Grove,38.8434,-77.2853,Virginia,15,138.0,138.0
9880,Air Force Base,38.9225,-77.1676,Virginia,15,138.0,138.0
9881,Alexandria,38.7671,-77.326,Virginia,15,138.0,138.0
9882,Station 138,38.8076,-77.2179,Virginia,15,138.0,138.0
9883,Stepdown,38.8812,-77.1448,Virginia,15,138.0,138.0
9884,Braddock,38.8275,-77.2207,Virginia,15,345.0,1.0
9885,Gallows Road,38.8676,-77.213,Virginia,15,138.0,138.0
9886,Tysons,38.945,-77.2665,Virginia,15,138.0,138.0
9887,West Lebanon,38.9673,-77.1686,Virginia,15,138.0,138.0
9888,Port Allen Hi,38.8649,-77.2515,Virginia,15,138.0,138.0
9889,Friona Rural,38.8212,-77.0653,Virginia,15,138.0,138.0
9890,Cape Gas Turbine,39.0586,-77.2946,Virginia,15,138.0,138.0
9891,Wells,38.8949,-77.4443,Virginia,15,138.0,138.0
9892,Davis Drive,38.9826,-77.3914,Virginia,15,138.0,138.0
9893,Poland Rd,38.9054,-77.4608,Virginia,15,138.0,138.0
9894,Dulles,38.9397,-77.4175,Virginia,15,138.0,138.0
9895,Ballston,38.8418,-77.3425,Virginia,15,138.0,138.0
9896,Dranesville,38.9761,-77.3687,Virginia,15,345.0,138.0
9897,Reston,38.9367,-77.353,Virginia,15,138.0,138.0
9898,Hemdon,38.9633,-77.3976,Virginia,15,138.0,138.0
9899,Louisville,38.6701,-77.1208,Virginia,15,138.0,138.0
9900,Bridge,38.6318,-77.1907,Virginia,15,138.0,138.0
9901,Masonville Uppco,38.9899,-77.2636,Virginia,15,138.0,138.0
9902,Floraday,39.0015,-77.2344,Virginia,15,138.0,138.0
9903,Forward,38.9812,-77.297,Virginia,15,138.0,138.0
9904,Rainbow Falls Hydro,38.9278,-77.362,Virginia,15,138.0,138.0
9905,Sully,38.9172,-77.3936,Virginia,15,138.0,138.0
9906,New Lisbon,39.0047,-77.3308,Virginia,15,138.0,1.0
9907,Walney,38.8846,-77.3829,Virginia,15,138.0,138.0
9908,San Carlos,39.0312,-77.3386,Virginia,15,138.0,138.0
9909,Rio Piedras Heights83 1345,38.6544,-77.2654,Virginia,15,138.0,138.0
9910,South Miami,38.7209,-77.2154,Virginia,15,138.0,138.0
9911,Country Club 2,38.7546,-77.2322,Virginia,15,138.0,138.0
9912,Sub 9912,38.7284,-77.2354,Virginia,15,138.0,138.0
9913,Occoquan,38.7198,-77.2685,Virginia,15,138.0,138.0
9914,Franconia,38.7269,-77.1902,Virginia,15,138.0,138.0
9915,Pomona Heights,38.9054,-77.2536,Virginia,15,345.0,1.0
9916,Clark,38.8998,-77.2859,Virginia,15,138.0,138.0
9917,Remington Ct,38.5379,-77.7582,Virginia,15,138.0,138.0
9918,Morrisville,38.5386,-77.6869,Virginia,15,138.0,138.0
9919,Sowego Dp,38.6058,-77.6156,Virginia,15,138.0,138.0
9920,Arvah B Hopkins,38.4229,-77.5781,Virginia,15,138.0,138.0
9921,Redbed Plains Wind Farm,38.8115,-77.9658,Virginia,15,138.0,138.0
9922,Depot,38.8359,-77.8571,Virginia,15,138.0,138.0
9923,Sub 9923,38.7345,-77.9885,Virginia,15,138.0,138.0
9924,Chandler,38.7096,-77.4948,Virginia,15,138.0,138.0
9925,Gastonia Duke Street,38.6136,-77.7689,Virginia,15,138.0,138.0
9926,Dafter,38.7565,-77.7555,Virginia,15,138.0,138.0
9927,Wheeler,38.7489,-77.648,Virginia,15,138.0,138.0
9928,South Christianburg,38.7071,-77.7006,Virginia,15,138.0,138.0
9929,St. Joseph,36.5969,-76.9323,Virginia,15,138.0,138.0
9930,Southampton Power Station,36.6319,-76.979,Virginia,15,138.0,138.0
9931,Brigham,36.6902,-76.8242,Virginia,15,138.0,138.0
9932,Oak Lawn,38.3798,-77.4764,Virginia,15,138.0,138.0
9933,Sandpoint,38.3341,-77.5156,Virginia,15,138.0,138.0
9934,Mears Corners,37.4143,-76.5288,Virginia,15,138.0,138.0
9935,Plumas Sierra Rea,37.4165,-76.5753,Virginia,15,138.0,138.0
9936,Livermore,37.4415,-76.4417,Virginia,15,138.0,138.0
9937,Geigy,37.3519,-76.5441,Virginia,15,138.0,138.0
9939,Heber,37.3264,-76.4311,Virginia,15,138.0,138.0
9940,Milaca,37.5658,-76.5856,Virginia,15,138.0,138.0
9941,Gustine,37.8127,-77.9449,Virginia,15,138.0,138.0
9942,Blackjack,37.6885,-77.701,Virginia,15,138.0,138.0
9943,Frenchtown,37.659,-77.6665,Virginia,15,138.0,138.0
9944,Challenge,37.6793,-77.6612,Virginia,15,345.0,138.0
9945,South Augusta,37.5416,-77.6478,Virginia,15,138.0,138.0
9946,Short Pump,37.6901,-77.6233,Virginia,15,138.0,138.0
9947,Smallwood,37.6064,-77.5752,Virginia,15,138.0,138.0
9948,Perrine,37.7072,-77.6753,Virginia,15,138.0,138.0
9949,West Hastings,37.6323,-77.6488,Virginia,15,138.0,138.0
9950,Thomson Reuters Campus Bldg A-D,37.7269,-77.9061,Virginia,15,138.0,138.0
9951,Borden,37.6824,-77.7801,Virginia,15,138.0,138.0
9952,Weadock,38.0123,-77.8345,Virginia,15,138.0,138.0
9953,Verndale,37.8588,-77.8328,Virginia,15,138.0,138.0
9954,Ninnescah Wind Energy Llc,37.0008,-76.3808,Virginia,15,138.0,138.0
9955,Whealton,37.0315,-76.4282,Virginia,15,138.0,138.0
9956,Webster Street,37.0198,-76.449,Virginia,15,138.0,138.0
9957,Slocum,37.0737,-76.4338,Virginia,15,138.0,138.0
9958,Tanners Point,36.9089,-76.309,Virginia,15,138.0,138.0
9959,Newport News,36.9941,-76.4342,Virginia,15,345.0,1.0
9960,Shellbank,37.0237,-76.3493,Virginia,15,138.0,138.0
9961,Bloxoms Corner,37.0625,-76.3174,Virginia,15,138.0,138.0
9962,Potrero,37.0935,-76.3505,Virginia,15,138.0,138.0
9963,Ennis,37.0501,-76.3476,Virginia,15,138.0,138.0
9964,Macneil,37.7517,-77.4028,Virginia,15,138.0,138.0
9965,South Glens Falls Hydroelectric,37.7879,-77.5379,Virginia,15,138.0,138.0
9966,Finley Combustion,37.7156,-77.5103,Virginia,15,138.0,138.0
9967,Tres Vias,37.9486,-77.9052,Virginia,15,138.0,138.0
9968,Elizabeth Lake,37.9221,-77.752,Virginia,15,138.0,138.0
9969,Mountain Road,37.6693,-77.508,Virginia,15,138.0,138.0
9970,Bristow,37.6226,-77.6106,Virginia,15,138.0,138.0
9971,Trask,37.7463,-77.5545,Virginia,15,138.0,138.0
9972,Footville,37.6964,-77.4369,Virginia,15,138.0,138.0
9973,Williamson,37.6783,-77.3041,Virginia,15,138.0,138.0
9974,Lost City,37.7176,-77.3,Virginia,15,138.0,138.0
9975,Whirlwind,37.6565,-77.3156,Virginia,15,345.0,1.0
9976,Old Church,37.6573,-77.228,Virginia,15,138.0,138.0
9977,Del Rio,37.5697,-77.2792,Virginia,15,138.0,138.0
9978,Highway 22,37.6474,-77.186,Virginia,15,138.0,138.0
9979,East Astoria,37.8178,-77.6272,Virginia,15,138.0,138.0
9980,Arriba,37.6734,-77.5546,Virginia,15,138.0,138.0
9981,Holland Energy Facility,37.6355,-77.5719,Virginia,15,138.0,138.0
9982,Elmont,37.7119,-77.4686,Virginia,15,138.0,138.0
9983,Running Springs,37.5947,-77.5245,Virginia,15,138.0,138.0
9984,Beanblossom-Sw Sta,37.5895,-77.6063,Virginia,15,138.0,138.0
9985,Dismal River,37.5254,-77.6311,Virginia,15,138.0,138.0
9986,Loving South,37.7094,-77.5743,Virginia,15,138.0,138.0
9987,Lakeside,37.6109,-77.4791,Virginia,15,138.0,138.0
9988,Brick Church,37.667,-77.4794,Virginia,15,345.0,138.0
9989,Hawkins Gate,37.67,-77.4477,Virginia,15,138.0,138.0
9990,Butte,37.5784,-77.3494,Virginia,15,138.0,138.0
9991,Brookwood,37.5494,-77.5283,Virginia,15,138.0,138.0
9992,Procal,37.6395,-77.4968,Virginia,15,138.0,138.0
9993,Palm Valley,37.6111,-77.4224,Virginia,15,138.0,138.0
9994,Rawhide,37.6023,-77.2907,Virginia,15,138.0,138.0
9995,Northeast,37.5464,-77.3574,Virginia,15,138.0,138.0
9996,Kern Front,37.5351,-77.3262,Virginia,15,138.0,138.0
9997,Nameless,37.6178,-77.3954,Virginia,15,138.0,138.0
9998,Greenleaf,37.5785,-77.2556,Virginia,15,138.0,138.0
9999,Elko,37.4563,-77.2528,Virginia,15,138.0,138.0
10000,Barland,37.1905,-77.2124,Virginia,15,138.0,138.0
10001,Cogentrix,37.2726,-77.2455,Virginia,15,138.0,138.0
10002,Bigelow,37.2818,-77.3052,Virginia,15,138.0,138.0
10003,Camino,37.2806,-77.1576,Virginia,15,138.0,138.0
10004,Mercy Springs,36.8342,-76.9305,Virginia,15,138.0,138.0
10005,Yuba Gold Fields,36.9191,-76.8196,Virginia,15,138.0,138.0
10006,Smithfield,36.9666,-76.6825,Virginia,15,138.0,138.0
10007,Olympia Heights,36.9812,-76.634,Virginia,15,138.0,138.0
10008,Calmat,36.9969,-76.6876,Virginia,15,138.0,138.0
10009,Windsor Dp,36.825,-76.7401,Virginia,15,138.0,138.0
10010,Berkley Road,36.8731,-76.7023,Virginia,15,138.0,138.0
10011,Dyer Creek,37.4301,-76.84,Virginia,15,138.0,138.0
10012,Lanexa,37.4043,-76.9391,Virginia,15,138.0,138.0
10013,Lightfoot,37.3284,-76.7742,Virginia,15,138.0,138.0
10014,Toano,37.3528,-76.8064,Virginia,15,345.0,1.0
10015,Fox Hollow,37.3803,-76.6809,Virginia,15,138.0,138.0
10016,Etna,38.2422,-77.2495,Virginia,15,138.0,138.0
10017,Comorn Dp,38.2516,-77.1837,Virginia,15,138.0,138.0
10018,Bollman Tap 1,38.2272,-77.1772,Virginia,15,138.0,138.0
10019,Maiden Finger Street,38.3273,-77.1636,Virginia,15,138.0,138.0
10020,Ocoee 3,37.7896,-77.1047,Virginia,15,138.0,138.0
10021,Nrg Rockford Ii Energy Center,37.7448,-77.1641,Virginia,15,138.0,138.0
10022,Bobville,37.5936,-76.8158,Virginia,15,138.0,138.0
10023,American Creek Capacitor Station,37.5719,-76.8892,Virginia,15,138.0,138.0
10024,Morrison,37.9446,-76.4658,Virginia,15,138.0,138.0
10025,Santee,37.8641,-76.361,Virginia,15,138.0,138.0
10026,Pearsall,37.818,-76.5077,Virginia,15,138.0,138.0
10027,Sisk,37.7057,-76.4956,Virginia,15,138.0,138.0
10028,White Stone,37.6891,-76.4059,Virginia,15,138.0,138.0
10029,New Road,38.9317,-77.6214,Virginia,15,138.0,138.0
10030,Lockhart,38.9247,-77.5731,Virginia,15,138.0,138.0
10031,Brambleton,38.9624,-77.5762,Virginia,15,138.0,138.0
10032,Eastgate,38.9844,-77.6358,Virginia,15,138.0,138.0
10033,Yardley Ridge,38.9393,-77.539,Virginia,15,138.0,138.0
10034,Moore St,39.133,-77.463,Virginia,15,138.0,138.0
10035,Santa Fe,39.0914,-77.4164,Virginia,15,138.0,138.0
10036,Amarillo South,39.0046,-77.5177,Virginia,15,138.0,138.0
10037,Spring Gap,39.1135,-77.4535,Virginia,15,138.0,138.0
10038,Arcogen,38.977,-77.4713,Virginia,15,138.0,138.0
10039,Greenway,38.9805,-77.4967,Virginia,15,138.0,138.0
10040,Haulover,38.9373,-77.4449,Virginia,15,138.0,138.0
10041,Pleasant Valley,38.8466,-77.5063,Virginia,15,138.0,138.0
10042,Hickory St,38.9822,-77.5217,Virginia,15,138.0,138.0
10043,Mejia Tap Ns Line,39.0125,-77.6581,Virginia,15,138.0,138.0
10044,Lime Creek,39.0875,-77.6646,Virginia,15,138.0,138.0
10045,Freestone,39.1835,-77.5932,Virginia,15,138.0,138.0
10046,Leesburg,39.1433,-77.5202,Virginia,15,138.0,138.0
10047,Chub Lake,39.183,-77.5419,Virginia,15,138.0,138.0
10048,Southaven,39.1676,-77.5484,Virginia,15,345.0,1.0
10049,Urich Tap,39.1572,-77.493,Virginia,15,138.0,138.0
10050,Leyendecker,39.1924,-77.5635,Virginia,15,138.0,138.0
10051,White City,39.2185,-77.5455,Virginia,15,138.0,138.0
10052,Knox-Florin,39.3215,-77.6244,Virginia,15,138.0,138.0
10053,Doubs,39.2833,-77.5418,Virginia,15,138.0,138.0
10054,Hicks,39.1558,-77.7413,Virginia,15,138.0,138.0
10055,Stoughton,39.2001,-77.7712,Virginia,15,138.0,138.0
10056,R.D. Wells Interchange,39.1062,-77.7075,Virginia,15,138.0,138.0
10057,Wilson Dam,39.202,-77.7195,Virginia,15,138.0,138.0
10058,White Tanks Srp,39.1615,-77.8098,Virginia,15,138.0,138.0
10059,Sterling Park,39.0099,-77.4037,Virginia,15,138.0,138.0
10060,Pine Bend,39.055,-77.3999,Virginia,15,138.0,138.0
10061,Riteaid,38.9596,-77.4156,Virginia,15,138.0,138.0
10062,Beco,39.0163,-77.4283,Virginia,15,138.0,138.0
10063,Hunter,38.9567,-77.3155,Virginia,15,138.0,138.0
10064,Pleasant View,39.0911,-77.4847,Virginia,15,138.0,138.0
10065,Pine Tree Acres,38.7482,-77.5842,Virginia,15,138.0,138.0
10066,Cub-Run Dp,38.8703,-77.4746,Virginia,15,138.0,138.0
10067,Novec Paradise,38.7727,-77.5513,Virginia,15,138.0,138.0
10068,Usaa 1,38.7906,-77.5035,Virginia,15,138.0,138.0
10069,Patillas,38.8035,-77.528,Virginia,15,138.0,138.0
10070,Corners,38.7961,-77.4868,Virginia,15,345.0,138.0
10071,Wells Ic,38.8026,-77.557,Virginia,15,138.0,138.0
10072,Fletchers Ridge,38.7585,-77.4973,Virginia,15,138.0,138.0
10073,West Garrard,38.7659,-77.4405,Virginia,15,138.0,138.0
10074,Royse,38.8134,-77.3379,Virginia,15,138.0,138.0
10075,Locust Valley,38.6696,-77.3856,Virginia,15,138.0,138.0
10076,Sebastian,37.3739,-76.3391,Virginia,15,138.0,138.0
10077,Norris City North,37.5174,-76.4494,Virginia,15,138.0,138.0
10078,4602 Coamo,37.5473,-76.3103,Virginia,15,138.0,1.0
10079,Kanaka,37.6683,-76.6768,Virginia,15,138.0,138.0
10080,Curran,37.6114,-76.979,Virginia,15,138.0,138.0
10081,Little Falls Mn,37.5112,-77.1549,Virginia,15,138.0,138.0
10082,Vapor,37.6112,-77.1189,Virginia,15,138.0,138.0
10084,Hylebos,37.1313,-76.4719,Virginia,15,138.0,138.0
10085,Anatolia,37.0946,-76.5768,Virginia,15,138.0,138.0
10086,Hughson,37.1004,-76.5544,Virginia,15,138.0,138.0
10087,Fort Eustis,37.1527,-76.5375,Virginia,15,138.0,138.0
10089,Colony,37.0987,-76.499,Virginia,15,138.0,138.0
10090,Dow,37.1956,-76.5745,Virginia,15,138.0,138.0
10091,Magdalena,37.0122,-76.5695,Virginia,15,138.0,138.0
10092,Warwick,37.0967,-76.4459,Virginia,15,138.0,138.0
10093,Prince,37.0001,-76.5541,Virginia,15,138.0,138.0
10094,Tamarisk,36.9647,-76.4108,Virginia,15,138.0,138.0
10095,Vesper,37.0631,-76.4537,Virginia,15,138.0,138.0
10096,Craney Island,36.9161,-76.3527,Virginia,15,138.0,138.0
10097,Warner Pnm,36.9416,-76.486,Virginia,15,138.0,138.0
10098,Ruritan,36.8263,-76.2518,Virginia,15,138.0,138.0
10099,South Bellevue,36.8649,-76.3642,Virginia,15,138.0,138.0
10100,Upalco,36.8376,-76.4254,Virginia,15,138.0,138.0
10101,Schnitzer Steel,36.8736,-76.2375,Virginia,15,138.0,138.0
10102,Sewell'S Point,36.94,-76.3166,Virginia,15,138.0,1.0
10103,Frio Town,36.9594,-76.3268,Virginia,15,138.0,138.0
10104,S. Land Park & 35Th Ave,36.8739,-76.3273,Virginia,15,138.0,138.0
10105,Monohans,36.9568,-76.2968,Virginia,15,138.0,138.0
10107,Springbank,37.0384,-76.2914,Virginia,15,138.0,138.0
10108,Thole Street,36.9069,-76.2579,Virginia,15,138.0,138.0
10109,North Madison 345138Kv,36.8818,-76.2655,Virginia,15,138.0,138.0
10111,Alvey,36.9476,-76.2579,Virginia,15,138.0,138.0
10112,Cherrydale Solar Power Facility,37.3552,-75.9644,Virginia,15,138.0,138.0
10113,Redhawk,37.1851,-75.9898,Virginia,15,138.0,138.0
10114,Bayview,37.2636,-75.9927,Virginia,15,138.0,138.0
10115,Jolly Hill,37.5924,-75.9139,Virginia,15,138.0,1.0
10116,Zeeland Farm Services,38.1408,-76.5096,Virginia,15,138.0,138.0
10117,Holly Springs,37.9206,-76.5928,Virginia,15,138.0,138.0
10118,Wilderness Dp,38.3848,-77.7226,Virginia,15,138.0,138.0
10119,Indrio,38.2676,-77.7762,Virginia,15,138.0,138.0
10120,Harris Lake,38.4266,-77.755,Virginia,15,138.0,138.0
10121,Yates Dam,38.2728,-77.9209,Virginia,15,138.0,138.0
10122,Medtronic,38.2524,-78.0358,Virginia,15,138.0,1.0
10123,Shipyard,37.1214,-76.3738,Virginia,15,138.0,138.0
10125,Cal City,37.1615,-76.3443,Virginia,15,138.0,138.0
10126,Sonterra,36.8854,-76.4344,Virginia,15,138.0,138.0
10127,Ubc North Campus,36.8277,-76.358,Virginia,15,138.0,138.0
10128,Princeton Mn,36.783,-76.3858,Virginia,15,345.0,138.0
10129,Churchland,36.8332,-76.3713,Virginia,15,138.0,138.0
10130,Elizabeth River Power Station,36.7757,-76.3062,Virginia,15,138.0,138.0
10131,Rec Shaw,36.7813,-76.4392,Virginia,15,138.0,138.0
10132,Gosport,36.8076,-76.3318,Virginia,15,138.0,138.0
10133,Disputanta,37.0883,-77.1771,Virginia,15,138.0,138.0
10134,Clay Creek,37.2323,-77.2645,Virginia,15,138.0,138.0
10135,Stover,37.1543,-77.1957,Virginia,15,138.0,138.0
10136,Poe,37.2263,-77.3458,Virginia,15,138.0,138.0
10137,Northern Steel Casting,37.1927,-77.0282,Virginia,15,138.0,138.0
10138,Marquette Energy Center,38.7141,-77.5633,Virginia,15,138.0,138.0
10139,Gainesville,38.7845,-77.573,Virginia,15,138.0,138.0
10140,Caney Creek,38.8013,-77.5797,Virginia,15,138.0,138.0
10141,Dumfries,38.5596,-77.3324,Virginia,15,138.0,138.0
10142,Bridle Trails,38.5524,-77.2831,Virginia,15,138.0,138.0
10143,La Brea,38.7998,-77.7274,Virginia,15,138.0,138.0
10144,Vmea Peaking Gen,38.728,-77.55,Virginia,15,138.0,138.0
10145,Arcola,38.8975,-77.6044,Virginia,15,138.0,138.0
10146,Southwest Research Institute,38.9976,-77.6096,Virginia,15,138.0,138.0
10147,Calaveras 345,38.8412,-77.6919,Virginia,15,138.0,138.0
10148,Otten,38.8992,-77.6681,Virginia,15,138.0,138.0
10149,Independent Hill D.P,38.6329,-77.439,Virginia,15,138.0,138.0
10150,Cornelius,38.6992,-77.3924,Virginia,15,138.0,138.0
10151,Harbour Pointe,38.5558,-77.3983,Virginia,15,138.0,138.0
10152,Baseline,38.5332,-77.4904,Virginia,15,138.0,138.0
10153,Oakdale Power Station,38.6263,-77.3641,Virginia,15,138.0,138.0
10154,Elmer Smith,38.6161,-77.3997,Virginia,15,138.0,138.0
10155,Rienzi,38.6748,-77.3469,Virginia,15,345.0,138.0
10156,Dell Rapids,38.6212,-77.3907,Virginia,15,138.0,138.0
10157,Plano,38.5894,-77.4258,Virginia,15,138.0,138.0
10158,Wiccopee,38.8014,-77.3563,Virginia,15,138.0,138.0
10159,Covanta Fairfax Energy,38.6883,-77.2313,Virginia,15,138.0,138.0
10160,Novec Country Club,38.6041,-77.3147,Virginia,15,138.0,138.0
10161,Lindendale D.P,38.6659,-77.3334,Virginia,15,138.0,138.0
10162,Keuka,38.6385,-77.2304,Virginia,15,138.0,138.0
10163,Lakeridge,38.6931,-77.3081,Virginia,15,138.0,138.0
10164,Riverview,38.6668,-77.1597,Virginia,15,138.0,138.0
10165,Entergy Station South,38.676,-77.299,Virginia,15,138.0,138.0
10166,Novec Smoketown,38.6341,-77.2979,Virginia,15,138.0,138.0
10167,Edgehill,37.8236,-76.6684,Virginia,15,138.0,138.0
10168,Middleburgh,37.9136,-76.7408,Virginia,15,138.0,138.0
10169,Condon,37.9511,-76.7789,Virginia,15,138.0,138.0
10170,Dunnsville,37.8901,-76.8011,Virginia,15,138.0,138.0
10171,Johnson Falls,37.5036,-77.5264,Virginia,15,138.0,138.0
10172,Luke Street,37.5931,-77.412,Virginia,15,138.0,138.0
10173,Richmond Energy,37.513,-77.379,Virginia,15,138.0,138.0
10174,Roundtop,37.5607,-77.468,Virginia,15,138.0,138.0
10175,Laguna,36.7435,-77.2122,Virginia,15,138.0,138.0
10176,Longfalls Facility,36.6846,-77.2796,Virginia,15,138.0,138.0
10177,Willow,36.6874,-77.0561,Virginia,15,138.0,138.0
10178,Chancellor,38.2573,-77.5412,Virginia,15,138.0,138.0
10179,Drayton,38.1907,-77.5405,Virginia,15,138.0,138.0
10180,Lamar,38.1688,-77.5814,Virginia,15,138.0,138.0
10181,Todds Tavern Dp,38.243,-77.6422,Virginia,15,138.0,138.0
10182,Youngcane,38.2877,-77.5518,Virginia,15,138.0,138.0
10183,Blackfoot,38.191,-77.6674,Virginia,15,138.0,138.0
10184,Vereda 3103,38.1087,-77.7187,Virginia,15,138.0,138.0
10185,Edenville,38.2062,-77.7077,Virginia,15,138.0,138.0
10186,Collierville Gate,38.0253,-77.7296,Virginia,15,138.0,138.0
10187,Ni River Dp,38.2344,-77.5993,Virginia,15,138.0,138.0
10188,Germann,38.3,-77.7061,Virginia,15,138.0,138.0
10189,Cranes Corner,38.3385,-77.4228,Virginia,15,138.0,138.0
10190,Stillwater,38.2116,-77.3827,Virginia,15,138.0,138.0
10191,Jocassee,38.3774,-77.4138,Virginia,15,138.0,138.0
10192,Lone Tree,38.2607,-77.4018,Virginia,15,138.0,138.0
10193,Trans Bay Cable Facility,38.4997,-77.5979,Virginia,15,138.0,138.0
10194,North Butte,38.4822,-77.516,Virginia,15,138.0,138.0
10195,Garrisonville,38.4484,-77.4841,Virginia,15,138.0,138.0
10196,Blue Lagoon,38.4304,-77.4757,Virginia,15,138.0,138.0
10197,Dewing,38.517,-77.2901,Virginia,15,138.0,138.0
10198,Fuller Road,38.5113,-77.3567,Virginia,15,138.0,138.0
10199,Haines City,38.3788,-77.3598,Virginia,15,138.0,138.0
10200,Havre Assinniboine,38.4325,-77.3316,Virginia,15,138.0,138.0
10201,Roney,38.3957,-77.3807,Virginia,15,138.0,138.0
10202,Kofa,36.5783,-76.7616,Virginia,15,138.0,138.0
10203,Suffolk,36.7268,-76.5933,Virginia,15,138.0,138.0
10204,Spiritwood Station,36.6722,-76.6123,Virginia,15,138.0,138.0
10205,Grayland,36.7151,-76.5503,Virginia,15,345.0,1.0
10206,Waters,36.6257,-76.6464,Virginia,15,138.0,138.0
10207,Myrtle,36.7424,-76.6696,Virginia,15,138.0,138.0
10208,Solway,36.9096,-76.3813,Virginia,15,138.0,138.0
10209,Chuckatuck,36.8669,-76.6086,Virginia,15,138.0,138.0
10210,Grantsville,36.7882,-76.496,Virginia,15,138.0,138.0
10211,High Springs,36.9934,-77.1453,Virginia,15,138.0,138.0
10212,Bogue,36.9395,-77.0743,Virginia,15,138.0,138.0
10213,Brandy Branch,36.7363,-76.1494,Virginia,15,138.0,138.0
10214,Macho Springs,36.7097,-76.2273,Virginia,15,138.0,138.0
10215,Greenwich,36.814,-76.187,Virginia,15,138.0,138.0
10216,Wilkins Slough,36.7398,-76.1956,Virginia,15,138.0,138.0
10217,Diamond Springs,36.8776,-76.2171,Virginia,15,138.0,138.0
10218,Davis,36.854,-76.1791,Virginia,15,138.0,138.0
10219,Comox,36.8705,-76.1642,Virginia,15,138.0,138.0
10220,Stumpy Lake,36.7809,-76.1419,Virginia,15,138.0,138.0
10221,Nugget,36.7489,-76.1359,Virginia,15,138.0,138.0
10222,Fayette Plant 2,36.9162,-76.1184,Virginia,15,138.0,138.0
10223,Thalia,36.8589,-76.1146,Virginia,15,138.0,138.0
10224,Potter Station 2,36.9282,-76.0416,Virginia,15,138.0,138.0
10225,Orsted,36.8767,-76.1483,Virginia,15,138.0,138.0
10226,Lynnhaven,36.8521,-76.0827,Virginia,15,138.0,138.0
10227,Oakwood,36.939,-76.2249,Virginia,15,138.0,138.0
10228,Seminole Electric Cooperative,36.9147,-76.0661,Virginia,15,345.0,138.0
10229,Weed Junction,36.7864,-76.0664,Virginia,15,138.0,138.0
10230,Pasadena,36.7592,-76.1554,Virginia,15,138.0,138.0
10231,Willow Glen 2,36.7524,-76.083,Virginia,15,138.0,138.0
10232,Green Run,36.8058,-76.1415,Virginia,15,138.0,138.0
10233,St. Martins,36.6631,-76.0434,Virginia,15,138.0,138.0
10234,Sherbino I,36.7429,-76.0549,Virginia,15,138.0,138.0
10235,4Th Avenue North,36.6971,-76.1031,Virginia,15,138.0,138.0
10236,National,36.7726,-76.0543,Virginia,15,138.0,138.0
10237,Upsco,36.6347,-76.0063,Virginia,15,138.0,138.0
10238,Spencer Interchange,36.7498,-75.9932,Virginia,15,138.0,138.0
10239,Puerrtorican Cement,36.7239,-76.0172,Virginia,15,138.0,138.0
10240,Burris Pit,36.8946,-75.987,Virginia,15,138.0,138.0
10241,Basf,36.8074,-76.0251,Virginia,15,138.0,138.0
10242,Virginia Beach,36.8478,-75.9933,Virginia,15,138.0,138.0
10243,Landstown,36.7713,-76.0708,Virginia,15,138.0,138.0
10244,Evansville Muni,36.8088,-76.0523,Virginia,15,138.0,138.0
10245,Rosiere,36.538,-76.0902,Virginia,15,345.0,138.0
10246,London Bridge,36.7658,-76.0301,Virginia,15,138.0,138.0
10247,Cherry,36.868,-75.9794,Virginia,15,138.0,138.0
10248,Tricou,38.1284,-77.0001,Virginia,15,138.0,138.0
10250,Kingston Station,38.0645,-76.6853,Virginia,15,138.0,138.0
10251,Burns,38.1512,-76.7898,Virginia,15,138.0,138.0
10252,Ravalli,38.0751,-76.81,Virginia,15,138.0,138.0
10253,Seaford,37.1687,-76.4858,Virginia,15,138.0,138.0
10254,Ponnequin,37.1855,-76.5379,Virginia,15,138.0,138.0
10255,Western Sugar Coop - Scottsbluff,37.2638,-76.4466,Virginia,15,138.0,138.0
10256,Valley Home Tap 2,37.1638,-76.4338,Virginia,15,138.0,138.0
10258,Mccoy,37.2294,-77.5057,Virginia,15,138.0,24.0
10259,Four Rivers,37.8263,-77.4847,Virginia,15,138.0,24.0
10260,Hopewell,37.2893,-77.2825,Virginia,15,138.0,138.0
10261,Nottoway Diesel Generating Facility,37.3143,-77.9765,Virginia,15,138.0,18.0
10262,Electric Avenue Facility,38.4533,-77.9905,Virginia,15,138.0,13.8
10263,Arcadia,37.2819,-75.9377,Virginia,15,138.0,1.0
10264,Bear Island,37.8282,-77.4208,Virginia,15,345.0,1.0
10265,Geysers Tap 2,37.3533,-77.3914,Virginia,15,345.0,13.8
10266,Dean Drive Area Electric Generators,38.7533,-77.5095,Virginia,15,138.0,1.0
10267,Tyler,37.3503,-77.391,Virginia,15,138.0,13.8
10268,Sharpe,38.0447,-77.8053,Virginia,15,138.0,138.0
10269,Chesapeake Energy Center,36.7702,-76.2993,Virginia,15,138.0,24.0
10270,Quantico,38.5152,-77.2952,Virginia,15,138.0,13.8
10271,Central Beach,37.7936,-75.6135,Virginia,15,138.0,138.0
10272,Prince William Dp,38.7504,-77.4882,Virginia,15,138.0,138.0
10273,Pacheco Wind Power,36.6791,-77.5639,Virginia,15,138.0,138.0
10274,Philip Morris,37.3407,-77.2909,Virginia,15,138.0,13.8
10275,Battery Heights Dp,38.7704,-77.4516,Virginia,15,138.0,1.0
10276,Denny Terrace,37.6843,-77.6788,Virginia,15,138.0,1.0
10277,Possum Point,38.5383,-77.2813,Virginia,15,345.0,13.8
10278,Northern Neck,37.9351,-76.7132,Virginia,15,345.0,138.0
10279,North Anna,38.0749,-77.7834,Virginia,15,345.0,13.8
10280,New Albany,38.7109,-77.478,Virginia,15,138.0,138.0
10281,Jesse L Terry,38.0991,-77.5446,Virginia,15,345.0,13.8
10282,Manchester,37.5008,-77.423,Virginia,15,138.0,13.8
10283,Commonwealth Chesapeake,38.0042,-75.5587,Virginia,15,345.0,1.0
10284,Butternut,36.7325,-77.1328,Virginia,15,138.0,138.0
10285,Jennings Lodge,37.1403,-76.6885,Virginia,15,138.0,13.8
10286,Pillar,36.7648,-76.3228,Virginia,15,138.0,13.8
10287,Gleneden,36.6884,-76.939,Virginia,15,138.0,22.0
10288,Merriam Park,38.2847,-78.0299,Virginia,15,138.0,138.0
10289,Thorndike,38.5538,-77.2708,Virginia,15,138.0,13.8
10290,Birchwood,38.2718,-77.295,Virginia,15,345.0,24.0
10291,Idalia,38.5413,-77.7488,Virginia,15,345.0,1.0
10292,Harris Hydro,38.5495,-77.7471,Virginia,15,138.0,13.8
10293,Clover Hill,38.7251,-77.5029,Virginia,15,138.0,1.0
10294,Colville,37.1971,-77.469,Virginia,15,138.0,13.8
10295,Surry,37.1806,-76.6865,Virginia,15,345.0,13.8
10296,Coffeeville,36.7203,-76.9541,Virginia,15,138.0,13.8
10297,Ag Reliant,36.6987,-76.9062,Virginia,15,345.0,18.0
10298,Tasley,37.7082,-75.7265,Virginia,15,345.0,138.0
10299,Irvine,37.1942,-76.4584,Virginia,15,138.0,13.2
10300,Mwd Etiwanda,36.7531,-76.3084,Virginia,15,138.0,13.8
10301,Yorktown,37.2087,-76.4416,Virginia,15,345.0,13.8
10302,Lucky,37.4926,-77.3836,Virginia,15,138.0,138.0
10303,Woods Dp,38.7688,-77.486,Virginia,15,138.0,138.0
10304,Lake Kingman,36.8776,-76.3553,Virginia,15,138.0,138.0
10305,Hilltop 230115Kv,37.1842,-76.6935,Virginia,15,138.0,13.8
10306,Comal,38.72,-77.4565,Virginia,15,138.0,138.0
10307,Cwec Dewey,38.7779,-77.4702,Virginia,15,138.0,13.8
10308,Alpine,37.3249,-77.2602,Virginia,15,345.0,1.0
10309,Kevlar,37.4499,-77.4477,Virginia,15,138.0,13.8
10344,Mckenzie,35.3294,-76.8123,North Carolina,16,69.0,69.0
10345,Crosstown Cascade,35.5252,-76.8124,North Carolina,16,69.0,69.0
10346,East Garden City,35.501,-76.4899,North Carolina,16,138.0,1.0
10347,Bay Branch Solar,35.4799,-77.1547,North Carolina,16,69.0,69.0
10352,Blouder Park,35.6868,-76.6512,North Carolina,16,69.0,69.0
10353,Felt,35.33,-77.1524,North Carolina,16,138.0,69.0
10354,Greens Road,35.6577,-77.0147,North Carolina,16,345.0,1.0
10355,Mira Vista,35.5853,-77.068,North Carolina,16,69.0,69.0
10356,Tilton,35.5522,-77.0372,North Carolina,16,138.0,69.0
10357,Indeck Olean Energy Center,35.7328,-77.0479,North Carolina,16,69.0,69.0
10358,Tollgate,35.8281,-76.97,North Carolina,16,138.0,1.0
10359,Asarco,35.8001,-77.1746,North Carolina,16,69.0,69.0
10360,Hothouse,35.8129,-77.038,North Carolina,16,69.0,69.0
10361,Nm Potash 2,36.3449,-76.9857,North Carolina,16,138.0,69.0
10362,Ontonagon,36.3224,-76.9416,North Carolina,16,69.0,69.0
10363,Indian Harbour,36.2816,-77.005,North Carolina,16,69.0,69.0
10364,Fraley,36.2122,-77.1836,North Carolina,16,138.0,1.0
10365,Escondido,36.2107,-76.8666,North Carolina,16,69.0,69.0
10366,Sharon,36.0251,-77.159,North Carolina,16,69.0,69.0
10367,Wyman Hydro,35.9884,-76.8609,North Carolina,16,138.0,138.0
10368,Duffin,35.9531,-76.9108,North Carolina,16,69.0,69.0
10445,Tekoppel,36.418,-76.1219,North Carolina,16,69.0,69.0
10446,Barnhill Road Solar Llc,36.2633,-76.2689,North Carolina,16,69.0,69.0
10447,Cayucos,36.2124,-76.3349,North Carolina,16,138.0,69.0
10448,Dos Marinas 2003,36.313,-76.2227,North Carolina,16,345.0,138.0
10449,Ladysmith Hydro,36.286,-76.2117,North Carolina,16,69.0,69.0
10450,Curtis,36.4662,-76.3073,North Carolina,16,69.0,69.0
10457,Las Mercedes 2403,36.243,-79.0526,North Carolina,16,69.0,69.0
10495,El Capitan,36.0759,-76.6781,North Carolina,16,69.0,69.0
10496,Wind Ridge,36.0745,-76.5539,North Carolina,16,69.0,69.0
10497,Parkers Lake,36.1163,-76.5771,North Carolina,16,138.0,69.0
10505,Mapleton,35.0181,-76.8521,North Carolina,16,69.0,69.0
10512,Antonito,35.1491,-76.9899,North Carolina,16,138.0,1.0
10513,New Bern,35.1608,-77.1368,North Carolina,16,69.0,69.0
10514,Orcogen,35.1277,-77.0263,North Carolina,16,69.0,69.0
10515,Santiago,35.0664,-77.0215,North Carolina,16,69.0,69.0
10516,Longmont Powerplant,35.0901,-76.9812,North Carolina,16,69.0,69.0
10546,Red Oak Electric,36.2203,-75.8934,North Carolina,16,69.0,69.0
10547,Lallie,36.4175,-75.9626,North Carolina,16,69.0,69.0
10548,Summit Farms Solar,36.5046,-76.174,North Carolina,16,138.0,138.0
10551,La Cienega,35.9992,-75.7047,North Carolina,16,345.0,138.0
10553,Carrabelle,35.7358,-75.8859,North Carolina,16,69.0,69.0
10640,Wendson,35.7811,-77.651,North Carolina,16,69.0,69.0
10643,Filer,35.9471,-77.7264,North Carolina,16,138.0,138.0
10644,Dooley,35.9371,-77.4745,North Carolina,16,138.0,138.0
10645,Us Hydro 9 & 10,35.8959,-77.4397,North Carolina,16,69.0,69.0
10646,Samuels,35.8952,-77.5152,North Carolina,16,69.0,69.0
10647,Winterhaven,35.9279,-77.5503,North Carolina,16,69.0,69.0
10648,Little Rock,36.1344,-77.6963,North Carolina,16,69.0,69.0
10674,Midlothian,36.1762,-78.4478,North Carolina,16,69.0,69.0
10676,Pine Grove,36.3583,-78.462,North Carolina,16,138.0,69.0
10677,East Wooster,36.3496,-78.3515,North Carolina,16,69.0,69.0
10678,Diablo,36.404,-78.3822,North Carolina,16,69.0,69.0
10679,Sanguinetti,36.3363,-78.309,North Carolina,16,69.0,69.0
10689,Pilot Butte,36.3242,-78.1597,North Carolina,16,138.0,69.0
10690,Kettle,36.2432,-78.0907,North Carolina,16,69.0,69.0
10694,Useras,36.4785,-76.7067,North Carolina,16,69.0,69.0
10695,Marathon Generating Plant,36.5176,-76.8814,North Carolina,16,69.0,69.0
10696,Ghost Ranch,36.3381,-76.5955,North Carolina,16,138.0,138.0
10697,Look Out,36.4405,-76.5158,North Carolina,16,69.0,69.0
10698,Salinas River,36.5805,-78.5923,North Carolina,16,69.0,69.0
10700,Cobble Mountain,36.2069,-78.6606,North Carolina,16,69.0,69.0
10701,East Avenue,36.149,-78.6327,North Carolina,16,69.0,69.0
10703,Wigwam,36.3975,-78.6841,North Carolina,16,69.0,69.0
10704,Quantum Pasco Power Lp,36.3407,-78.5943,North Carolina,16,69.0,69.0
10705,Giargulo,36.3352,-78.6785,North Carolina,16,138.0,69.0
10706,Marco,35.3676,-77.274,North Carolina,16,69.0,69.0
10748,Ralls,36.3087,-77.7312,North Carolina,16,69.0,69.0
10749,Webber,36.2783,-77.5299,North Carolina,16,69.0,69.0
10751,Coal Mtn,36.3183,-77.8357,North Carolina,16,69.0,69.0
10752,Oakwind,36.3632,-77.6545,North Carolina,16,138.0,69.0
10753,Belle Meade,36.3844,-77.7317,North Carolina,16,69.0,69.0
10754,Union Oil,36.4063,-77.7708,North Carolina,16,69.0,69.0
10778,Sub 10778,36.3912,-76.8924,North Carolina,16,69.0,69.0
10787,Kaukauna,35.6231,-76.2678,North Carolina,16,69.0,69.0
10928,Brockway,36.3944,-77.1888,North Carolina,16,69.0,69.0
10929,Weyerhaeuser Pine Hill Operations,36.3106,-77.4006,North Carolina,16,69.0,69.0
10930,Planta De Cal,36.4837,-77.3662,North Carolina,16,69.0,69.0
10952,Lost Horizon Tap,36.2636,-78.8974,North Carolina,16,69.0,69.0
10953,Watts Bar Fossil,35.0981,-76.6549,North Carolina,16,69.0,69.0
10954,Shredder,35.2643,-76.6586,North Carolina,16,69.0,69.0
10962,Winfall,36.2116,-76.4621,North Carolina,16,69.0,69.0
10963,Floydada,36.1383,-76.3737,North Carolina,16,69.0,69.0
10964,Selma,36.3637,-78.927,North Carolina,16,69.0,69.0
10965,North Blacksburg,36.3148,-78.8937,North Carolina,16,138.0,69.0
10966,Curecanti,36.4366,-79.0561,North Carolina,16,69.0,69.0
10967,Pineville Delivery 1,36.5377,-78.9416,North Carolina,16,69.0,69.0
10968,Mayo,36.5353,-78.8901,North Carolina,16,69.0,69.0
10969,Pound,36.4714,-78.848,North Carolina,16,69.0,69.0
11047,Willow Lake,35.883,-76.2623,North Carolina,16,138.0,138.0
11063,South Oak Cliff,36.4207,-78.3323,North Carolina,16,345.0,138.0
11064,Newberg,36.3901,-78.4395,North Carolina,16,69.0,69.0
11065,Warrens,36.4075,-78.2659,North Carolina,16,69.0,69.0
11098,Pickwick Landing Dam,35.7614,-76.7574,North Carolina,16,69.0,69.0
11099,Trowbridge,35.8274,-76.7269,North Carolina,16,138.0,69.0
11114,South Pacheco,36.5072,-77.0346,North Carolina,16,345.0,1.0
11121,North Staunton,35.8882,-76.713,North Carolina,16,69.0,69.0
11129,Elmendorf,36.4481,-77.7274,North Carolina,16,69.0,69.0
11130,Roanoke Rapids,36.4829,-77.6562,North Carolina,16,345.0,13.2
11132,Thermo,35.5164,-77.0762,North Carolina,16,69.0,13.8
11140,Counce,35.8104,-77.3796,North Carolina,16,69.0,13.8
11146,Person,36.459,-79.0542,North Carolina,16,345.0,1.0
11151,Manawa,36.0017,-76.8915,North Carolina,16,69.0,18.0
11153,Edgecombe Genco Llc,36.0218,-77.7688,North Carolina,16,345.0,138.0
11154,Mcclellan-Adc,36.5735,-78.9102,North Carolina,16,345.0,18.0
11158,Eastside,35.4787,-76.8683,North Carolina,16,69.0,69.0
11159,Cpi Usa Nc Roxboro,36.4262,-78.9483,North Carolina,16,69.0,13.8
11181,Roanoke Valley Energy Facility I,36.4499,-77.6054,North Carolina,16,69.0,69.0
11185,Cabrillo,36.2693,-78.3524,North Carolina,16,69.0,69.0
11189,Rowe Tap,36.1408,-77.235,North Carolina,16,69.0,69.0
11190,Tyrone Phelps Dodge,36.3902,-78.1162,North Carolina,16,69.0,1.0
11193,Ridley Coal,35.5505,-77.0543,North Carolina,16,69.0,13.8
11197,Rosemary Power Station,36.4415,-77.6714,North Carolina,16,138.0,69.0
11198,Bluemound,36.4543,-77.6107,North Carolina,16,138.0,1.0
11200,Berwind,35.5246,-76.8545,North Carolina,16,138.0,1.0
11201,Goosport,35.4497,-77.0885,North Carolina,16,69.0,69.0
11206,Mayflower,35.4687,-76.8169,North Carolina,16,69.0,69.0
11209,Gaston,36.514,-77.8011,North Carolina,16,345.0,1.0
11217,Gaviota,36.2963,-78.3876,North Carolina,16,69.0,13.8
11223,Hillman Power Llc,35.7741,-77.0449,North Carolina,16,69.0,69.0
11224,Trona,35.874,-77.0705,North Carolina,16,69.0,20.0
16190,Key Largo,36.2692,-82.3616,Tennessee,26,138.0,138.0
16191,Lake Mine,36.3724,-82.4455,Tennessee,26,138.0,138.0
16192,Vilas,36.2236,-82.5085,Tennessee,26,138.0,138.0
16193,North Johnson,36.3753,-82.3652,Tennessee,26,138.0,138.0
16370,Thompson Falls,36.6273,-85.1441,Tennessee,26,138.0,138.0
16413,Alexander,36.3389,-83.1134,Tennessee,26,138.0,138.0
16416,Battlefield,36.1544,-82.6331,Tennessee,26,138.0,138.0
16479,Donaldson Creek,36.6386,-82.7433,Tennessee,26,138.0,138.0
16480,Phillips Bend,36.4282,-82.7738,Tennessee,26,138.0,138.0
16481,Pine Ridge,36.521,-82.7428,Tennessee,26,138.0,138.0
16482,Bertwood,36.5101,-82.517,Tennessee,26,138.0,138.0
16483,East Millinocket Mill,36.5481,-82.6346,Tennessee,26,138.0,138.0
16484,Cumberland 2,36.5665,-82.6031,Tennessee,26,138.0,138.0
16485,Cold Creek,36.5067,-82.5996,Tennessee,26,138.0,138.0
16486,Deedsville,36.5781,-82.823,Tennessee,26,138.0,138.0
16487,Rogersville,36.4302,-82.9994,Tennessee,26,138.0,138.0
16488,Monsanto,36.487,-82.8829,Tennessee,26,138.0,138.0
16489,Montrose,36.4116,-82.9113,Tennessee,26,138.0,138.0
16490,Mar,36.4835,-82.9534,Tennessee,26,138.0,138.0
16714,Cornville,36.6089,-84.6562,Tennessee,26,138.0,138.0
16715,Rugby,36.5985,-84.3462,Tennessee,26,138.0,138.0
16802,Winona,36.492,-82.3526,Tennessee,26,138.0,138.0
16803,Rapids,36.5358,-82.1683,Tennessee,26,138.0,138.0
16804,Sullivan,36.4595,-82.2593,Tennessee,26,138.0,138.0
16805,The Dalles,36.5714,-82.0955,Tennessee,26,345.0,138.0
16806,North Bristol,36.6252,-82.1519,Tennessee,26,138.0,138.0
16807,Friendswood,36.6999,-81.992,Tennessee,26,138.0,138.0
16808,Central Hudson Beacon,36.5873,-82.2322,Tennessee,26,138.0,138.0
16809,Rainsville,36.252,-82.5555,Tennessee,26,138.0,138.0
16810,Walters,36.2293,-82.4592,Tennessee,26,138.0,138.0
16811,Craig Road Limit,36.2313,-82.5687,Tennessee,26,345.0,345.0
16812,Jonesborough,36.3003,-82.4586,Tennessee,26,138.0,138.0
16813,King City,36.494,-82.407,Tennessee,26,138.0,138.0
16814,Monserate,36.4768,-82.4907,Tennessee,26,138.0,138.0
16815,Boone Dam,36.4499,-82.4226,Tennessee,26,138.0,138.0
16816,Short Hills,36.562,-82.5149,Tennessee,26,138.0,138.0
16817,Bayport,36.6226,-82.5498,Tennessee,26,138.0,138.0
16831,Arrowhead Lake,36.17,-82.528,Tennessee,26,138.0,138.0
16834,Mitchell,36.3874,-82.5798,Tennessee,26,138.0,138.0
16835,Mooney,36.3992,-82.4181,Tennessee,26,138.0,138.0
16836,High Falls - Saranac Ny,36.329,-82.4834,Tennessee,26,138.0,1.0
16876,Westboro,36.4165,-82.4663,Tennessee,26,345.0,1.0
16877,John Sevier,36.3622,-82.9596,Tennessee,26,345.0,13.8
16884,Riviera,36.5257,-83.039,Tennessee,26,138.0,1.0
16888,Pacificorp,36.5492,-82.5115,Tennessee,26,138.0,13.8
16895,Sullivan Gardens,36.497,-82.5945,Tennessee,26,345.0,345.0
16896,Fort Patrick Henry,36.4934,-82.5234,Tennessee,26,138.0,138.0
16913,Inskip,37.0544,-85.34,Kentucky,27,138.0,138.0
16914,Smithtool,37.082,-85.2817,Kentucky,27,138.0,138.0
16915,Opp,37.1656,-85.3964,Kentucky,27,138.0,138.0
16916,Cico,37.1184,-85.3615,Kentucky,27,345.0,138.0
16917,Frost Bridge,37.238,-85.1014,Kentucky,27,138.0,138.0
16919,Calpine King Energy,37.0243,-85.5542,Kentucky,27,138.0,138.0
16920,Monta Vista,37.3315,-85.1847,Kentucky,27,138.0,138.0
16921,Biddeford Ip,37.2485,-85.4901,Kentucky,27,138.0,138.0
16922,Eddy Ac-Dc-Ac Tie,37.2713,-85.5752,Kentucky,27,138.0,138.0
16923,Raintree,37.2434,-85.5252,Kentucky,27,138.0,138.0
16924,American,37.3436,-85.0105,Kentucky,27,138.0,138.0
16925,Sahtlam,37.3093,-85.041,Kentucky,27,138.0,138.0
16926,Smi,37.2576,-84.9469,Kentucky,27,138.0,138.0
16927,Appleway,37.1245,-85.0436,Kentucky,27,138.0,138.0
16928,Fennimore,37.0904,-84.9872,Kentucky,27,138.0,138.0
16929,Vec Underhill,37.0072,-85.0932,Kentucky,27,138.0,138.0
16941,Mid City,37.9956,-84.8807,Kentucky,27,138.0,138.0
16942,Clifton Creek Loafer,38.0383,-84.9499,Kentucky,27,138.0,138.0
16943,Boomer Lake Station,37.9672,-84.9696,Kentucky,27,138.0,138.0
16944,North Little Rock Levy,37.9297,-84.9592,Kentucky,27,138.0,138.0
16945,Us Ord Depot-Herlong,38.043,-85.0289,Kentucky,27,138.0,138.0
16952,Astra Wind Farm,37.0543,-85.8998,Kentucky,27,138.0,138.0
16953,Ncpa 1&2,37.1807,-85.9931,Kentucky,27,138.0,138.0
16954,Fratt,37.0888,-85.8272,Kentucky,27,138.0,138.0
16955,Mcleansboro,36.8739,-85.9587,Kentucky,27,138.0,138.0
16956,Glaslow,36.9748,-85.9962,Kentucky,27,138.0,138.0
16957,Denton North Interchange,36.9937,-85.9408,Kentucky,27,345.0,345.0
16958,Juan Domingo 1903,36.9704,-85.9194,Kentucky,27,138.0,138.0
16959,Mtu,37.3014,-85.926,Kentucky,27,138.0,138.0
16961,Fort Garland,37.1465,-85.8676,Kentucky,27,138.0,138.0
16964,Summer Shade,36.8667,-85.679,Kentucky,27,138.0,138.0
16969,Huntersville Delivery No 2,38.0325,-83.7284,Kentucky,27,138.0,138.0
16970,Graceville,38.1936,-83.847,Kentucky,27,138.0,138.0
16971,Kern River 3,38.1889,-83.8012,Kentucky,27,138.0,1.0
16972,Cartersville,38.154,-83.8208,Kentucky,27,138.0,138.0
16973,Corydon,38.0519,-83.5357,Kentucky,27,138.0,138.0
16974,South Batesville,38.1139,-83.606,Kentucky,27,138.0,138.0
16975,Mckinley 6002,38.265,-83.8096,Kentucky,27,138.0,138.0
16982,La Plata Mine,36.7074,-83.8143,Kentucky,27,138.0,138.0
16983,Boeing Longacres,39.0232,-84.7939,Kentucky,27,138.0,138.0
16984,Bullittsville,39.0589,-84.7252,Kentucky,27,138.0,138.0
16985,Tanners Creek,39.0556,-84.8364,Kentucky,27,138.0,138.0
16986,Saugerties,38.9677,-84.8045,Kentucky,27,138.0,138.0
16987,Youngsville,38.7863,-84.5791,Kentucky,27,138.0,138.0
16988,Number 43,39.0105,-84.4825,Kentucky,27,138.0,138.0
16989,Hickory Star,38.9613,-84.635,Kentucky,27,138.0,138.0
16990,Encina,39.0837,-84.6616,Kentucky,27,138.0,138.0
16991,Richardson,38.9513,-84.5368,Kentucky,27,138.0,138.0
16992,Douglas Dam,39.0371,-84.6593,Kentucky,27,138.0,100.0
16993,Ala-5,38.9785,-84.6927,Kentucky,27,345.0,1.0
16994,Big Cajun 1,39.0457,-84.69,Kentucky,27,138.0,138.0
16995,Belle Plaine,38.998,-84.6348,Kentucky,27,138.0,138.0
16996,Santa Juanita-Canyon Fall,39.1452,-84.6569,Kentucky,27,138.0,138.0
16997,Dearington,39.0986,-84.6253,Kentucky,27,138.0,138.0
16998,Bedford,39.135,-84.6872,Kentucky,27,138.0,138.0
17000,Timber,38.8897,-84.729,Kentucky,27,138.0,138.0
17001,Barstow,38.9158,-84.6839,Kentucky,27,138.0,138.0
17002,Cortez,38.8374,-84.7585,Kentucky,27,138.0,138.0
17003,Ge3,38.83,-84.5808,Kentucky,27,138.0,138.0
17004,Thumsgen,38.9805,-84.6638,Kentucky,27,138.0,138.0
17005,Manati 8404,38.8517,-84.5169,Kentucky,27,138.0,138.0
17006,C D Mcintosh Jr,38.3189,-84.0254,Kentucky,27,138.0,138.0
17007,Union Center,38.277,-83.9596,Kentucky,27,138.0,138.0
17008,Bradshaw-Grant Line,38.426,-84.0928,Kentucky,27,138.0,138.0
17009,Burton Dam,38.5014,-84.332,Kentucky,27,138.0,138.0
17010,University Of Colorado,38.3656,-84.3268,Kentucky,27,138.0,138.0
17011,Bladenboro Solar 2,38.4665,-84.2391,Kentucky,27,138.0,138.0
17012,Mansfield,38.4851,-84.3321,Kentucky,27,345.0,345.0
17014,Corral,38.3704,-84.5089,Kentucky,27,138.0,138.0
17015,Preacher Canyon,38.3061,-84.5325,Kentucky,27,138.0,138.0
17024,Ryder,38.2719,-84.2464,Kentucky,27,138.0,138.0
17025,Princess,38.4157,-82.7244,Kentucky,27,138.0,138.0
17026,Crown Road,38.5242,-82.6773,Kentucky,27,138.0,138.0
17027,Walnut-Engle Tap,38.4341,-82.6734,Kentucky,27,138.0,138.0
17028,Chadwick,38.3805,-82.6356,Kentucky,27,138.0,138.0
17029,Alibates,38.4364,-82.7293,Kentucky,27,345.0,1.0
17030,Powhaton,38.4109,-82.6881,Kentucky,27,138.0,138.0
17031,Oxnard,38.4777,-82.6763,Kentucky,27,138.0,138.0
17032,Forest Hills,38.482,-82.7494,Kentucky,27,138.0,138.0
17033,Marine Air Base,38.2998,-82.6565,Kentucky,27,138.0,138.0
17034,Big Sandy Peaker Plant,38.3129,-82.5891,Kentucky,27,138.0,138.0
17035,Peebles,38.2739,-82.5696,Kentucky,27,138.0,138.0
17036,Palaau Power,38.2587,-82.7759,Kentucky,27,138.0,138.0
17037,Strasburg,37.5751,-84.853,Kentucky,27,138.0,138.0
17039,Nebraska City 2,37.6892,-84.8795,Kentucky,27,138.0,138.0
17040,Kimberly Clark,37.6624,-84.8507,Kentucky,27,138.0,138.0
17041,North Creek,37.6053,-84.9474,Kentucky,27,138.0,138.0
17042,68Th Street,37.5541,-85.0307,Kentucky,27,138.0,138.0
17043,North Tower,38.7119,-83.9732,Kentucky,27,138.0,138.0
17044,Llano Estacado,38.6579,-83.9853,Kentucky,27,138.0,138.0
17045,Cooper Ranch,38.6191,-84.0958,Kentucky,27,138.0,138.0
17046,Allston,38.5509,-84.1169,Kentucky,27,138.0,138.0
17047,Ocoee,38.6354,-84.34,Kentucky,27,138.0,138.0
17048,West Ina,38.613,-84.3188,Kentucky,27,138.0,138.0
17049,Wheatland,38.5674,-84.2981,Kentucky,27,138.0,138.0
17050,Carntown,38.8243,-84.2258,Kentucky,27,138.0,138.0
17051,Dixie Valley,37.6085,-83.7391,Kentucky,27,138.0,138.0
17052,Norseal,37.5583,-83.6921,Kentucky,27,138.0,1.0
17053,Covanta Lake County Energy,37.5463,-83.8074,Kentucky,27,138.0,138.0
17054,Cow Creek,37.4116,-83.6677,Kentucky,27,138.0,138.0
17055,Compton Road,37.6705,-83.4823,Kentucky,27,138.0,138.0
17056,Happy Canyon,37.7037,-83.5092,Kentucky,27,138.0,138.0
17057,Brookridge,37.7581,-83.5444,Kentucky,27,138.0,138.0
17058,Knott,37.4848,-83.2246,Kentucky,27,138.0,138.0
17059,Stirling,37.4152,-83.2807,Kentucky,27,138.0,138.0
17060,Peaksview,37.5343,-83.2142,Kentucky,27,138.0,138.0
17078,Bloomfield,37.9205,-85.4568,Kentucky,27,138.0,138.0
17079,Sycamore,37.8592,-85.5048,Kentucky,27,138.0,138.0
17080,Hesperus,37.8414,-85.8005,Kentucky,27,138.0,138.0
17081,Mainwaring,37.9747,-85.7621,Kentucky,27,138.0,138.0
17083,Las Lomas 1525,38.012,-85.6062,Kentucky,27,138.0,138.0
17085,Brooks,38.0459,-85.7028,Kentucky,27,138.0,138.0
17093,Franklin Square,38.0841,-85.4567,Kentucky,27,138.0,138.0
17094,Burnt Church,37.9408,-85.5173,Kentucky,27,138.0,138.0
17095,Fayetteville East,38.0127,-85.4872,Kentucky,27,138.0,138.0
17096,Central Campus,38.0585,-85.4582,Kentucky,27,138.0,138.0
17097,Gwf 4,38.0027,-85.507,Kentucky,27,138.0,138.0
17098,Unionville City Of,37.9644,-85.6517,Kentucky,27,138.0,138.0
17100,Decatur Route 51,37.9764,-85.6418,Kentucky,27,138.0,138.0
17101,Thermas,37.8945,-85.7098,Kentucky,27,138.0,138.0
17102,Euclidocwa,38.0989,-85.448,Kentucky,27,138.0,138.0
17103,Weldon,38.0253,-85.3669,Kentucky,27,138.0,1.0
17104,Waterbury Generation,37.9549,-85.3516,Kentucky,27,138.0,138.0
17145,Charleston,39.0208,-84.3052,Kentucky,27,138.0,138.0
17146,North Oxford,38.9424,-84.3365,Kentucky,27,138.0,138.0
17147,Education,38.8017,-84.364,Kentucky,27,138.0,138.0
17148,Lone Pine 2,38.866,-84.4517,Kentucky,27,138.0,138.0
17149,Climax,38.7431,-84.314,Kentucky,27,138.0,138.0
17150,Spring Green,38.8356,-84.3358,Kentucky,27,138.0,138.0
17151,Babcock,39.142,-84.4571,Kentucky,27,138.0,100.0
17152,99 Islands,39.202,-84.458,Kentucky,27,138.0,138.0
17153,Fort Lancaster,39.0805,-84.487,Kentucky,27,138.0,138.0
17154,Hale,39.0474,-84.3853,Kentucky,27,138.0,100.0
17155,Brittany Woods,39.0976,-84.4874,Kentucky,27,138.0,138.0
17156,Acec Doylestown,39.0969,-84.4286,Kentucky,27,138.0,138.0
17157,Bonwood,39.0669,-84.5048,Kentucky,27,138.0,138.0
17158,Station 140,39.116,-84.5918,Kentucky,27,138.0,138.0
17159,Front,39.0949,-84.522,Kentucky,27,138.0,138.0
17160,Carmenita,39.0153,-84.5083,Kentucky,27,138.0,1.0
17161,Acec Sherwood,38.9061,-84.3651,Kentucky,27,138.0,138.0
17162,Malibu,38.9831,-84.4055,Kentucky,27,138.0,138.0
17165,Tolt,38.5593,-85.2964,Kentucky,27,138.0,138.0
17166,Lakefield Junction,38.606,-85.4149,Kentucky,27,138.0,138.0
17167,Tims Ford,38.5488,-85.1505,Kentucky,27,138.0,138.0
17169,Fortistar North Tonawanda,38.6581,-85.1411,Kentucky,27,138.0,138.0
17170,Biomass To Energy Facility Kauai,38.6805,-85.3646,Kentucky,27,138.0,138.0
17171,Clifty Creek,38.7307,-85.386,Kentucky,27,138.0,138.0
17172,Willow Creek,38.6888,-84.966,Kentucky,27,138.0,138.0
17173,Russ Ranch,38.3321,-82.9878,Kentucky,27,138.0,138.0
17174,Se Polk,38.3864,-83.0152,Kentucky,27,138.0,138.0
17175,Ten Mile,38.3213,-82.9585,Kentucky,27,138.0,138.0
17176,Lore,38.1419,-83.4146,Kentucky,27,138.0,138.0
17177,Auburn 2,38.2212,-83.3122,Kentucky,27,138.0,138.0
17178,Nelson Cable,38.2458,-83.3298,Kentucky,27,138.0,138.0
17179,Sapony,38.1414,-83.4337,Kentucky,27,345.0,138.0
17180,Escanaba Steam Plant,38.3743,-83.1678,Kentucky,27,138.0,138.0
17181,Warvue,38.2361,-83.1356,Kentucky,27,138.0,138.0
17182,Edgar,38.367,-83.2362,Kentucky,27,138.0,138.0
17183,Blountstown,38.0626,-82.816,Kentucky,27,138.0,138.0
17184,Moshers,37.4918,-84.8525,Kentucky,27,138.0,138.0
17185,Lenkurt,37.4008,-84.8358,Kentucky,27,138.0,138.0
17186,Concord Sw Yd,37.4224,-84.9215,Kentucky,27,138.0,138.0
17187,Division Creek,37.3496,-84.72,Kentucky,27,138.0,138.0
17207,Laurinburg,37.8227,-84.3442,Kentucky,27,138.0,138.0
17208,Formosa Plastics,37.9273,-84.5066,Kentucky,27,345.0,345.0
17209,Elkhart Lake,37.8182,-84.4048,Kentucky,27,138.0,138.0
17210,Seneca,37.8874,-84.4651,Kentucky,27,138.0,138.0
17211,San Angelo Ben Ficklin,37.9259,-84.1341,Kentucky,27,138.0,138.0
17212,3007 And 3015 Gautier Benitez,37.9547,-84.0416,Kentucky,27,138.0,138.0
17215,Interchange,37.1394,-84.0885,Kentucky,27,138.0,138.0
17216,Wolfcamp,37.0605,-84.0672,Kentucky,27,138.0,138.0
17217,Buckeye Canada,37.127,-84.081,Kentucky,27,345.0,345.0
17218,Complejo De Aguirre 230,37.1696,-84.1121,Kentucky,27,138.0,138.0
17219,Butte Des Morts,37.0899,-84.0903,Kentucky,27,138.0,138.0
17220,Grand Avenue,37.0329,-84.1265,Kentucky,27,138.0,138.0
17221,Sharp,37.0305,-84.1103,Kentucky,27,138.0,138.0
17222,Niagara,37.0166,-84.0679,Kentucky,27,138.0,138.0
17223,S O Purdom,37.1686,-83.821,Kentucky,27,138.0,138.0
17224,Capitol Heat And Power,37.1689,-83.8013,Kentucky,27,138.0,138.0
17225,Bellview,37.1488,-83.6825,Kentucky,27,138.0,138.0
17226,Carrollwood Village,37.1036,-83.7432,Kentucky,27,138.0,138.0
17227,Gerald Eagle Electric,37.2617,-83.5846,Kentucky,27,138.0,138.0
17228,Upland,37.4018,-83.8433,Kentucky,27,138.0,138.0
17229,Richard M Flynn,36.8319,-84.9745,Kentucky,27,138.0,138.0
17230,Oak Creek,36.6911,-85.0836,Kentucky,27,138.0,138.0
17231,Cheney,36.8416,-85.0441,Kentucky,27,138.0,138.0
17235,George Neal North,36.7036,-84.7879,Kentucky,27,138.0,138.0
17236,Skunk Creek,36.934,-84.831,Kentucky,27,138.0,138.0
17237,Tumbler Ridge,36.8411,-84.8134,Kentucky,27,138.0,138.0
17238,Phoenix,36.8125,-84.7883,Kentucky,27,138.0,138.0
17271,Dickinson,38.0418,-83.1661,Kentucky,27,138.0,138.0
17272,Yarmouth,38.0719,-83.0933,Kentucky,27,138.0,138.0
17273,West Point Municipal,38.035,-83.1126,Kentucky,27,138.0,138.0
17274,Oak Harbor,38.0021,-83.1696,Kentucky,27,138.0,138.0
17275,Madisonville,37.8942,-83.2381,Kentucky,27,138.0,138.0
17276,Bonny Brook,37.8636,-83.2788,Kentucky,27,138.0,138.0
17277,Batesville Generation Facility,37.7139,-84.0539,Kentucky,27,138.0,138.0
17278,Grs C&C,37.8049,-84.0393,Kentucky,27,138.0,138.0
17279,Blewett,37.7107,-83.9767,Kentucky,27,138.0,138.0
17285,Goward,37.8929,-84.4986,Kentucky,27,138.0,138.0
17298,Bay Hill,37.9379,-84.3071,Kentucky,27,138.0,138.0
17303,Augusta,37.9174,-84.4408,Kentucky,27,138.0,138.0
17305,Schodack,37.9717,-84.4449,Kentucky,27,138.0,138.0
17308,Lebec,38.4606,-83.9172,Kentucky,27,138.0,138.0
17309,Sisquoc,38.4084,-83.9942,Kentucky,27,138.0,138.0
17310,Great Bend - Midwest Energy,38.374,-83.7777,Kentucky,27,138.0,138.0
17311,Gaffney,38.4303,-83.787,Kentucky,27,138.0,138.0
17312,C W Tippy,38.4631,-83.7479,Kentucky,27,138.0,138.0
17313,Mount Olive,38.2772,-83.6427,Kentucky,27,138.0,138.0
17314,Narod,38.6456,-83.8447,Kentucky,27,138.0,138.0
17315,Westville,38.3339,-83.603,Kentucky,27,138.0,138.0
17316,Stanville,37.6027,-82.6663,Kentucky,27,138.0,138.0
17317,Beaver Creek,37.4109,-82.7418,Kentucky,27,138.0,138.0
17318,North Mccamey,37.428,-82.5879,Kentucky,27,138.0,138.0
17319,Morgan Fork,37.4847,-82.6667,Kentucky,27,138.0,1.0
17320,Drop 5,37.4915,-83.0492,Kentucky,27,138.0,138.0
17321,St. Helens,37.5826,-82.8475,Kentucky,27,138.0,138.0
17322,Milwaukee County,37.5507,-82.7443,Kentucky,27,138.0,138.0
17323,4 Ac Station,37.5318,-82.8035,Kentucky,27,138.0,138.0
17324,Galion,37.6433,-82.7365,Kentucky,27,138.0,138.0
17325,Bear Creek Dam,37.5876,-82.7234,Kentucky,27,138.0,138.0
17326,Grassland,37.6343,-82.765,Kentucky,27,138.0,138.0
17327,Dewey,37.7723,-82.7116,Kentucky,27,138.0,138.0
17328,Five Mile,38.249,-84.894,Kentucky,27,345.0,138.0
17332,Kingsley Lake,38.2787,-84.8672,Kentucky,27,138.0,138.0
17335,Haines City East,38.3336,-84.6405,Kentucky,27,138.0,138.0
17345,Socrates 19,38.7182,-84.8019,Kentucky,27,138.0,138.0
17347,Holder,37.6105,-84.336,Kentucky,27,138.0,1.0
17348,Mosaic Co Tampa Facility,37.62,-84.2464,Kentucky,27,138.0,138.0
17349,Kaycee,37.5549,-84.3485,Kentucky,27,138.0,138.0
17350,Chattanooga Pscc,37.4356,-84.4635,Kentucky,27,138.0,1.0
17351,Pechanga,37.512,-84.4645,Kentucky,27,138.0,138.0
17352,Lawrence Energy Center,37.4753,-84.4839,Kentucky,27,138.0,138.0
17353,Cornuta,37.6847,-84.5343,Kentucky,27,138.0,138.0
17354,Vierra,37.6958,-84.5848,Kentucky,27,138.0,138.0
17355,South Sheboygan Falls,37.7178,-84.6072,Kentucky,27,138.0,138.0
17356,Spinning Spur Iii,37.5417,-84.4139,Kentucky,27,138.0,138.0
17357,North City,37.5229,-84.7081,Kentucky,27,138.0,138.0
17358,Capistrano,37.5965,-84.6869,Kentucky,27,138.0,138.0
17359,Sugarmill,37.4758,-84.6746,Kentucky,27,138.0,138.0
17360,Araby,38.4871,-84.4685,Kentucky,27,138.0,138.0
17361,Ponca City,38.5708,-84.3953,Kentucky,27,138.0,138.0
17362,Francis And Cedar,38.5422,-84.6589,Kentucky,27,138.0,138.0
17363,Baxter Wilson,38.3966,-84.602,Kentucky,27,138.0,138.0
17364,Brusbay,38.5553,-84.587,Kentucky,27,138.0,138.0
17365,Wilder,38.6581,-84.7219,Kentucky,27,138.0,138.0
17366,Beneva,38.7318,-84.6983,Kentucky,27,138.0,138.0
17367,Munk,38.7662,-84.7134,Kentucky,27,138.0,138.0
17368,Burnsville,38.6323,-84.5601,Kentucky,27,138.0,138.0
17369,Nashua,38.6934,-84.5625,Kentucky,27,138.0,138.0
17370,Columbus,38.6609,-84.5659,Kentucky,27,138.0,138.0
17385,Yale,37.2565,-85.3726,Kentucky,27,138.0,138.0
17386,Factory,37.3665,-85.4504,Kentucky,27,138.0,138.0
17387,Webb,37.4067,-85.4156,Kentucky,27,138.0,138.0
17388,Acacia,37.3915,-85.3121,Kentucky,27,138.0,138.0
17389,Lime Saddle,37.0489,-85.7159,Kentucky,27,138.0,138.0
17390,Monticello,37.2555,-85.6862,Kentucky,27,138.0,138.0
17391,Harris Dam,37.4289,-85.7854,Kentucky,27,138.0,138.0
17392,Fort Churchill,37.3313,-85.6643,Kentucky,27,138.0,138.0
17393,Fort Myers,37.3728,-85.7126,Kentucky,27,138.0,138.0
17394,Hilltop,38.3631,-82.8531,Kentucky,27,138.0,138.0
17395,Russell,38.5102,-82.728,Kentucky,27,138.0,138.0
17396,Bellefonte,38.5039,-82.6638,Kentucky,27,138.0,138.0
17397,Yellowcake,38.4855,-83.1512,Kentucky,27,138.0,138.0
17398,Austin Northeast,38.5435,-83.0084,Kentucky,27,345.0,230.0
17399,Mountain Avenue,38.5414,-82.9654,Kentucky,27,138.0,138.0
17400,Hibbert,38.5707,-82.8244,Kentucky,27,138.0,138.0
17401,Makalapa,38.5496,-82.727,Kentucky,27,138.0,138.0
17402,Hanging Rock Energy Facility,38.588,-82.7868,Kentucky,27,138.0,138.0
17403,Portsmouth,38.6992,-83.0242,Kentucky,27,138.0,138.0
17404,Sol,38.6763,-82.9262,Kentucky,27,138.0,138.0
17405,Simon Fraser,38.6319,-82.9711,Kentucky,27,138.0,138.0
17411,Ditmar,37.6253,-85.8206,Kentucky,27,138.0,138.0
17412,Bellvue,37.7794,-85.8581,Kentucky,27,138.0,138.0
17413,Bloomington,37.6462,-85.8021,Kentucky,27,138.0,138.0
17414,Hardin,37.6762,-85.8925,Kentucky,27,138.0,138.0
17415,Deferiet,37.692,-85.8409,Kentucky,27,345.0,345.0
17419,Lake Blaine,37.6749,-85.5196,Kentucky,27,138.0,138.0
17420,Parks,37.7167,-85.4946,Kentucky,27,138.0,138.0
17421,Darien,37.7608,-85.5542,Kentucky,27,138.0,138.0
17423,Raco,37.715,-85.8674,Kentucky,27,138.0,138.0
17427,Hiatus,37.5005,-85.8867,Kentucky,27,138.0,138.0
17428,Briar,37.555,-85.9554,Kentucky,27,138.0,138.0
17429,Bloomburg M.P,37.5063,-85.9859,Kentucky,27,138.0,138.0
17430,Pachmann,37.4346,-85.884,Kentucky,27,138.0,138.0
17432,Bettas Road,36.9104,-83.3741,Kentucky,27,138.0,138.0
17443,Banning,36.8619,-83.4411,Kentucky,27,138.0,138.0
17444,Unimed,38.3491,-84.408,Kentucky,27,138.0,138.0
17445,Garrott,37.3584,-85.9507,Kentucky,27,138.0,138.0
17446,Rosedale,37.3779,-86.0131,Kentucky,27,138.0,138.0
17458,Hutchinson County,38.5162,-85.4162,Kentucky,27,138.0,138.0
17460,Copper Ridge,38.492,-85.2813,Kentucky,27,138.0,138.0
17461,Acec Wild Rose Pump,38.4217,-85.0383,Kentucky,27,138.0,138.0
17462,Jamacha,38.2927,-85.0039,Kentucky,27,138.0,138.0
17470,Positronic,37.3346,-83.9441,Kentucky,27,138.0,138.0
17471,Las Cruces,37.2708,-83.849,Kentucky,27,138.0,138.0
17472,Hawaiian Comm & Sugar Puunene Mill,37.4706,-84.0102,Kentucky,27,138.0,138.0
17473,Salt Fork Wind,37.4942,-84.0653,Kentucky,27,138.0,138.0
17521,Tyee,38.0231,-85.6494,Kentucky,27,345.0,345.0
17556,Hardy Reit,37.838,-84.574,Kentucky,27,138.0,138.0
17558,Edgewood,37.8348,-84.6544,Kentucky,27,138.0,138.0
17561,Rockdale,37.9948,-84.7791,Kentucky,27,138.0,138.0
17564,E. Fishkill,37.8796,-84.6627,Kentucky,27,138.0,138.0
17565,Darfield Tap,37.8606,-84.7225,Kentucky,27,138.0,138.0
17566,Left Fork,38.0,-82.9349,Kentucky,27,138.0,138.0
17567,Corson Station,37.7092,-82.9137,Kentucky,27,138.0,138.0
17568,Trashers,37.7331,-82.827,Kentucky,27,138.0,138.0
17569,Devils Den,37.7886,-82.8234,Kentucky,27,138.0,138.0
17570,West Paintsville,37.8396,-82.8333,Kentucky,27,345.0,138.0
17571,Elsinore Tap,37.8912,-82.9151,Kentucky,27,138.0,138.0
17572,Lark Ellen,37.7951,-82.9809,Kentucky,27,138.0,138.0
17573,Apline,39.04,-84.4867,Kentucky,27,138.0,138.0
17574,West Fork,39.0355,-84.6044,Kentucky,27,138.0,138.0
17575,Riding And Receiving,39.0962,-84.5729,Kentucky,27,138.0,1.0
17576,Magruder,39.1122,-84.4872,Kentucky,27,138.0,138.0
17577,Gallatin Mo,39.0884,-84.5509,Kentucky,27,138.0,138.0
17578,Wachtel-Oak,39.1562,-84.5773,Kentucky,27,138.0,1.0
17579,Kiya,39.1306,-84.5415,Kentucky,27,138.0,138.0
17580,Coachella City,38.9404,-84.5331,Kentucky,27,138.0,138.0
17581,Hotchkiss,39.0519,-84.6147,Kentucky,27,138.0,138.0
17582,Weyerhaeuser Co,38.9015,-84.5752,Kentucky,27,138.0,138.0
17583,Badoura 230115 Kv,38.9048,-84.5353,Kentucky,27,345.0,138.0
17584,Mwd Temescal,38.9917,-84.5269,Kentucky,27,138.0,138.0
17585,Estes,38.7745,-84.5277,Kentucky,27,138.0,138.0
17586,White Tanks Aps,39.003,-84.5053,Kentucky,27,138.0,138.0
17587,Brigham Rd,39.0308,-84.4597,Kentucky,27,138.0,138.0
17588,Jacinto,38.9682,-84.4488,Kentucky,27,138.0,138.0
17589,Kidd No. 1,39.0485,-84.4358,Kentucky,27,138.0,138.0
17590,Moulton,37.2938,-83.0124,Kentucky,27,138.0,138.0
17591,Trading Post,37.2192,-83.2222,Kentucky,27,138.0,138.0
17592,Bulan,37.2782,-83.1951,Kentucky,27,345.0,138.0
17593,Hazard,37.2675,-83.1546,Kentucky,27,138.0,138.0
17594,Harbert,37.4002,-83.0452,Kentucky,27,138.0,138.0
17595,Hausen Creek,37.2972,-82.7491,Kentucky,27,138.0,138.0
17596,Consolidated Coal,37.4316,-82.9082,Kentucky,27,138.0,138.0
17597,Topmost,37.3631,-82.8361,Kentucky,27,138.0,138.0
17599,Station B,36.8137,-83.8919,Kentucky,27,138.0,138.0
17600,Wildwood Mewd,36.8759,-83.9967,Kentucky,27,138.0,138.0
17601,Selkirk,36.8688,-83.7915,Kentucky,27,138.0,138.0
17602,Conair,36.9129,-84.1951,Kentucky,27,138.0,138.0
17603,El Centro,36.9027,-84.2016,Kentucky,27,345.0,345.0
17604,Solstice,36.9478,-84.1803,Kentucky,27,138.0,138.0
17605,Tupman,36.8735,-84.2051,Kentucky,27,138.0,138.0
17606,Irving Belt Line,36.9784,-83.5796,Kentucky,27,138.0,138.0
17608,Marble Tie,36.9591,-83.9007,Kentucky,27,138.0,138.0
17609,Lake Serene,36.8154,-84.0336,Kentucky,27,138.0,138.0
17610,Broadview,37.5495,-85.6696,Kentucky,27,138.0,138.0
17611,Hillje,37.5129,-85.6082,Kentucky,27,138.0,138.0
17612,Cordrey,37.3542,-84.1405,Kentucky,27,138.0,138.0
17613,Wayside,37.305,-84.1005,Kentucky,27,138.0,138.0
17614,Smoky Hills,37.224,-84.1425,Kentucky,27,138.0,138.0
17615,Halona Pnm,36.9818,-84.0437,Kentucky,27,138.0,138.0
17616,Current Creek,38.0323,-82.6258,Kentucky,27,138.0,1.0
17617,Kce Ny 1,38.0264,-82.712,Kentucky,27,138.0,138.0
17618,Busseyville,38.1047,-82.6791,Kentucky,27,138.0,138.0
17619,Tukwila Station,37.2533,-83.4709,Kentucky,27,138.0,138.0
17620,Nickajack Dam,37.2086,-83.4546,Kentucky,27,138.0,138.0
17621,Manis Road,37.2136,-83.3613,Kentucky,27,138.0,138.0
17623,Leslie,37.1507,-83.3516,Kentucky,27,138.0,138.0
17624,Ovenfork,37.0439,-82.8358,Kentucky,27,138.0,138.0
17625,Taos,37.1717,-82.5189,Kentucky,27,138.0,138.0
17626,Flora East,37.1697,-82.6889,Kentucky,27,345.0,345.0
17627,E Dunkirk,37.1919,-82.6383,Kentucky,27,138.0,138.0
17628,Shawmut,37.1881,-82.958,Kentucky,27,138.0,138.0
17629,Hansford,37.0723,-82.6956,Kentucky,27,138.0,138.0
17630,Rafter J,37.1004,-82.8796,Kentucky,27,138.0,138.0
17631,Wapello,37.2138,-82.8585,Kentucky,27,138.0,138.0
17632,Narrows,37.1392,-82.8547,Kentucky,27,138.0,138.0
17633,Geysers Tap 3,38.4584,-83.4794,Kentucky,27,138.0,138.0
17634,Amoco,38.5564,-83.6528,Kentucky,27,138.0,138.0
17635,Washington Street,38.5929,-83.497,Kentucky,27,138.0,138.0
17636,Villa Del Carmen,38.5333,-83.2752,Kentucky,27,138.0,138.0
17637,Laclede,37.2401,-84.649,Kentucky,27,138.0,138.0
17638,Albreda Tans Mtn Tap,37.2933,-84.682,Kentucky,27,138.0,138.0
17639,Koda Biomass Plant,37.3796,-84.5314,Kentucky,27,138.0,138.0
17653,Pt Morett,37.7479,-84.3339,Kentucky,27,138.0,138.0
17654,Jerome Prairie,37.8379,-84.3557,Kentucky,27,138.0,138.0
17656,Howland Rd,37.7128,-84.1652,Kentucky,27,138.0,138.0
17657,Willowbrook,37.7501,-83.0747,Kentucky,27,138.0,138.0
17658,Kooskia,37.6522,-83.074,Kentucky,27,138.0,138.0
17659,New Haven Harbor,37.7763,-83.0788,Kentucky,27,138.0,138.0
17660,Berlin 5,37.5196,-85.2819,Kentucky,27,138.0,138.0
17661,Shotgun Creek,37.5288,-85.3344,Kentucky,27,345.0,345.0
17662,Hernando,37.4649,-85.1923,Kentucky,27,138.0,138.0
17663,Erin,37.6233,-85.393,Kentucky,27,138.0,138.0
17664,Pocket North,37.5909,-85.542,Kentucky,27,138.0,138.0
17665,Lone Rock,37.7206,-85.2779,Kentucky,27,138.0,138.0
17666,Holly Power Plant,37.6635,-85.1807,Kentucky,27,138.0,138.0
17667,Cannonsburg,37.7476,-85.1621,Kentucky,27,138.0,138.0
17673,Locusst,37.8382,-82.6272,Kentucky,27,138.0,138.0
17674,Orick,37.7658,-82.6228,Kentucky,27,138.0,138.0
17675,Greenacres,37.7815,-82.5892,Kentucky,27,138.0,138.0
17676,International Paper Vicksburg Mill,37.9082,-82.6973,Kentucky,27,138.0,138.0
17677,Lovely,37.8128,-82.4022,Kentucky,27,138.0,138.0
17678,Cedar Mountain,38.5893,-83.8096,Kentucky,27,138.0,138.0
17679,Pines,38.5042,-83.8178,Kentucky,27,138.0,138.0
17680,Randolph Road,38.5223,-83.7927,Kentucky,27,138.0,138.0
17691,Zobel,36.8842,-84.4247,Kentucky,27,138.0,138.0
17692,Hortontown,36.687,-84.4118,Kentucky,27,138.0,138.0
17693,Mccreary County,36.6567,-84.4541,Kentucky,27,138.0,138.0
17694,Simpson Stuart Tap,36.7231,-84.6152,Kentucky,27,138.0,138.0
17695,Lemon Gulch,36.6621,-84.5811,Kentucky,27,138.0,138.0
17697,Calistoga 199,36.835,-84.465,Kentucky,27,138.0,138.0
17698,Leake,36.8081,-84.5031,Kentucky,27,138.0,138.0
17699,Brokaw,36.7545,-84.5477,Kentucky,27,138.0,138.0
17702,Warnerville,36.7032,-84.2864,Kentucky,27,138.0,138.0
17703,Lapeer,36.7653,-84.1817,Kentucky,27,138.0,138.0
17709,Mill C,37.9003,-83.7043,Kentucky,27,138.0,138.0
17710,Henpeck,37.9679,-83.5977,Kentucky,27,138.0,138.0
17711,Cwec Scandinavia,37.8125,-83.8619,Kentucky,27,138.0,138.0
17712,Avon,37.8217,-83.7401,Kentucky,27,138.0,1.0
17713,Saltery Bay,37.7874,-83.7578,Kentucky,27,345.0,345.0
17714,Iron Mt,37.9205,-83.5258,Kentucky,27,138.0,138.0
17715,Marathon Electric,37.8227,-84.79,Kentucky,27,138.0,138.0
17717,State St,37.7397,-84.9383,Kentucky,27,138.0,138.0
17718,Philo,37.7286,-84.8985,Kentucky,27,138.0,138.0
17720,Chemolite,37.9548,-83.8546,Kentucky,27,138.0,138.0
17721,Crabb River Road,37.899,-83.9943,Kentucky,27,138.0,138.0
17722,Finley Point,37.8754,-83.9119,Kentucky,27,138.0,138.0
17723,Carodean,37.8254,-83.3507,Kentucky,27,138.0,138.0
17734,Butts,37.7972,-85.4984,Kentucky,27,138.0,1.0
17735,Paul Sweet,37.8049,-85.4102,Kentucky,27,138.0,138.0
17736,Allings Crossing,37.8187,-85.542,Kentucky,27,345.0,138.0
17737,North Randolph,37.9142,-85.2821,Kentucky,27,138.0,138.0
17738,Eagle Bend,37.9925,-85.3312,Kentucky,27,138.0,138.0
17739,Campo Fresco 2,37.9596,-85.196,Kentucky,27,138.0,138.0
17748,Lucerne Park,38.2965,-85.376,Kentucky,27,138.0,138.0
17749,School Street,38.5635,-84.9217,Kentucky,27,138.0,138.0
17750,Crawfordsville Power Plant,38.4367,-84.8741,Kentucky,27,138.0,138.0
17751,Lone Oak,37.3379,-83.258,Kentucky,27,138.0,138.0
17752,Scott Street,37.1619,-83.1212,Kentucky,27,138.0,138.0
17753,Bailey,37.0978,-83.1781,Kentucky,27,138.0,138.0
17754,Coulee Ave,37.7499,-82.3487,Kentucky,27,138.0,138.0
17755,Fort Dodge,37.7159,-82.4152,Kentucky,27,138.0,138.0
17756,Conoco South,37.6553,-82.3138,Kentucky,27,138.0,138.0
17757,Cowan,37.2401,-82.3966,Kentucky,27,138.0,138.0
17758,Draffin,37.3764,-82.404,Kentucky,27,138.0,138.0
17759,Tom Watkins,37.5622,-82.244,Kentucky,27,138.0,138.0
17760,Kimper,37.4901,-82.3029,Kentucky,27,138.0,138.0
17761,Boscobel Muni,37.4642,-82.0604,Kentucky,27,138.0,138.0
17762,Coleman,37.4968,-82.1886,Kentucky,27,138.0,138.0
17763,Fishtrap,37.4156,-82.2844,Kentucky,27,138.0,138.0
17764,Batavia Power Plant,37.5,-82.4846,Kentucky,27,345.0,138.0
17765,Tarzanastation U,37.4514,-82.4529,Kentucky,27,138.0,138.0
17766,Scott Branch,37.5869,-82.491,Kentucky,27,138.0,138.0
17767,East Kingston,37.3865,-82.4783,Kentucky,27,138.0,138.0
17768,Barrensh,37.5542,-82.1234,Kentucky,27,138.0,138.0
17769,Sunnyslope,37.3137,-82.6653,Kentucky,27,138.0,138.0
17770,West Adamsville,37.2342,-82.6534,Kentucky,27,138.0,138.0
17771,Scovill Rock,37.3623,-82.7768,Kentucky,27,138.0,138.0
17772,Rhinelander Paper,37.8479,-84.0238,Kentucky,27,138.0,138.0
17773,Copco 2,37.9074,-83.8773,Kentucky,27,138.0,138.0
17774,Dixieland Prison,37.8384,-83.9557,Kentucky,27,138.0,138.0
17775,Osgood,36.8902,-84.6429,Kentucky,27,138.0,138.0
17776,Bennett,36.9483,-84.5727,Kentucky,27,138.0,138.0
17777,Pitts,36.9636,-84.4798,Kentucky,27,138.0,138.0
17778,Grafton,37.0542,-84.7559,Kentucky,27,138.0,138.0
17779,Naselle,37.0609,-84.9274,Kentucky,27,138.0,138.0
17780,Creedmoor,36.9931,-84.8935,Kentucky,27,138.0,138.0
17781,Santiam,37.1294,-84.6827,Kentucky,27,138.0,138.0
17782,West County Energy Center,37.143,-84.7264,Kentucky,27,138.0,138.0
17783,New London Avenue,37.1394,-84.6169,Kentucky,27,138.0,138.0
17784,Third & Hatch,37.0598,-84.4844,Kentucky,27,138.0,138.0
17785,Lampson,37.0455,-84.4726,Kentucky,27,138.0,138.0
17786,Rio Bravo,37.0629,-84.4287,Kentucky,27,138.0,138.0
17787,Siletz,37.1155,-84.3896,Kentucky,27,138.0,138.0
17788,Danish Creamery,37.1196,-84.5521,Kentucky,27,345.0,138.0
17789,Beckham,37.1784,-84.5123,Kentucky,27,138.0,138.0
17790,Ponchatoula,37.1422,-84.5516,Kentucky,27,138.0,138.0
17791,Sub 17791,37.1394,-84.4655,Kentucky,27,138.0,138.0
17792,Marshall Ford,37.3741,-84.2322,Kentucky,27,138.0,138.0
17793,Quartz Hill,37.3921,-84.2804,Kentucky,27,138.0,1.0
17794,Hauser-Cl,37.375,-84.315,Kentucky,27,138.0,138.0
17795,Golo,38.147,-83.3148,Kentucky,27,138.0,138.0
17796,Stone,36.8129,-85.1489,Kentucky,27,138.0,138.0
17797,West Fairbault,36.9436,-85.1181,Kentucky,27,138.0,138.0
17799,Starr Rd,38.246,-85.2164,Kentucky,27,138.0,138.0
17800,Comfort,38.2794,-85.2462,Kentucky,27,138.0,138.0
17801,Egan,38.3178,-85.2093,Kentucky,27,138.0,138.0
17802,Hot Spring Generating Facility,38.309,-85.3143,Kentucky,27,138.0,138.0
17804,Oak St,38.2299,-85.3115,Kentucky,27,138.0,138.0
17826,Tuller Hill,37.8489,-85.1769,Kentucky,27,138.0,138.0
17834,Mcclellan Ar,38.6609,-85.4266,Kentucky,27,345.0,13.8
17835,J K Smith,37.9132,-84.0818,Kentucky,27,345.0,13.2
17841,West Ravenna,38.6916,-83.8245,Kentucky,27,345.0,13.8
17843,Hubbardstown,38.1718,-82.5944,Kentucky,27,345.0,13.8
17847,Port Ewards,37.7902,-84.6716,Kentucky,27,345.0,13.2
17850,Red Mesa,38.903,-84.8233,Kentucky,27,345.0,13.8
17857,Cooper,36.9918,-84.6377,Kentucky,27,345.0,13.8
17860,Baker,38.1838,-82.6202,Kentucky,27,345.0,18.0
17865,Laurel Dam,36.9692,-84.2657,Kentucky,27,138.0,138.0
17868,Wolf Creek,36.8801,-85.1533,Kentucky,27,345.0,13.8
17871,Delight,38.9643,-79.9939,West Virginia,28,138.0,138.0
17872,Bluff Point Wind Facility,39.0772,-79.8902,West Virginia,28,138.0,138.0
17873,Coyote,39.0266,-80.0291,West Virginia,28,138.0,138.0
17874,Middlebury,39.2723,-80.1965,West Virginia,28,138.0,138.0
17875,East Manhattan,39.2692,-80.1847,West Virginia,28,138.0,138.0
17876,Ketchum,39.3793,-80.2972,West Virginia,28,138.0,138.0
17877,Cawelo B,39.0615,-80.0927,West Virginia,28,138.0,138.0
17878,San Angelo Red Creek,39.036,-80.2064,West Virginia,28,138.0,138.0
17879,Wallingford,39.0534,-80.1899,West Virginia,28,345.0,345.0
17880,Gaines Co,39.0536,-80.213,West Virginia,28,138.0,138.0
17881,Mammoth,39.3103,-80.1352,West Virginia,28,138.0,138.0
17882,Arch Creek,39.2851,-79.8734,West Virginia,28,138.0,138.0
17883,Idaho Falls,39.1232,-79.7582,West Virginia,28,138.0,138.0
17884,Kraft,38.9978,-79.9309,West Virginia,28,138.0,138.0
17885,Mcclelland,39.1095,-79.9571,West Virginia,28,138.0,138.0
17886,Greenstone,39.2548,-80.1681,West Virginia,28,138.0,138.0
17887,Mike Donteen,39.1666,-80.0433,West Virginia,28,138.0,138.0
17888,Hecata,39.3585,-79.9739,West Virginia,28,138.0,138.0
17889,Heskett,39.1287,-80.1258,West Virginia,28,138.0,138.0
17890,Three Lakes,39.2872,-78.123,West Virginia,28,138.0,138.0
17891,Folsom,39.2594,-77.9452,West Virginia,28,138.0,138.0
17892,Kenova,39.3221,-78.078,West Virginia,28,138.0,138.0
17893,Yorkshire,39.5697,-77.9501,West Virginia,28,138.0,138.0
17894,Nipetown,39.5575,-77.8752,West Virginia,28,138.0,138.0
17895,Horn Lake,39.5709,-77.935,West Virginia,28,138.0,138.0
17896,Greens Bayou 69,39.3902,-78.1289,West Virginia,28,138.0,138.0
17897,Sunny Slope,39.3871,-78.0872,West Virginia,28,138.0,138.0
17898,Callender,39.326,-78.1237,West Virginia,28,138.0,138.0
17899,Miles City,39.4997,-78.0487,West Virginia,28,138.0,138.0
17900,R S Nelson,39.5176,-78.0989,West Virginia,28,138.0,138.0
17901,Oreg 3 Inc,39.5609,-78.0668,West Virginia,28,138.0,138.0
17902,Millbrae Tap,39.3539,-77.9334,West Virginia,28,138.0,138.0
17903,Elliot Park,39.3893,-78.0641,West Virginia,28,138.0,138.0
17904,Shack Mills Station,39.362,-78.0633,West Virginia,28,138.0,138.0
17905,Beechhurst,39.3381,-77.9138,West Virginia,28,138.0,138.0
17906,Bayboro,39.4738,-77.9651,West Virginia,28,138.0,138.0
17907,Monroe Ne,39.3624,-77.9927,West Virginia,28,138.0,138.0
17908,Caribbean University,39.4437,-77.9853,West Virginia,28,345.0,1.0
17909,Scio,39.4,-77.9531,West Virginia,28,138.0,138.0
17910,Kearneyville,39.3692,-77.9206,West Virginia,28,345.0,345.0
17911,Roadway,39.4816,-77.9859,West Virginia,28,138.0,138.0
17912,Lone Star,39.4261,-77.9796,West Virginia,28,138.0,138.0
17913,Damon,39.4783,-78.0295,West Virginia,28,138.0,138.0
17914,Westhill,39.5309,-77.8691,West Virginia,28,138.0,138.0
17915,Hospital Regional,39.4184,-78.0124,West Virginia,28,138.0,138.0
17916,Bedington,39.4847,-77.9342,West Virginia,28,138.0,138.0
17917,Dam No. 5 Hydro Station,39.5757,-77.9138,West Virginia,28,138.0,138.0
17918,Polk,39.3422,-77.992,West Virginia,28,138.0,138.0
17919,Sevier,39.3476,-77.8848,West Virginia,28,138.0,138.0
17920,Opequon,39.4411,-77.942,West Virginia,28,138.0,138.0
17921,Shepherdstown,39.4388,-77.8235,West Virginia,28,138.0,138.0
17922,Keene Road,39.4165,-77.861,West Virginia,28,138.0,138.0
17923,Timber Swamp,39.4572,-77.8374,West Virginia,28,138.0,138.0
17924,Badoura 11534 Kv,38.1768,-81.765,West Virginia,28,138.0,138.0
17925,Shabdue,38.128,-81.6974,West Virginia,28,138.0,138.0
17926,Station F,38.04,-82.089,West Virginia,28,138.0,138.0
17927,Tahoe City,38.0428,-82.0739,West Virginia,28,138.0,138.0
17928,Devers,37.9779,-81.9595,West Virginia,28,138.0,138.0
17929,Northeast Gate,38.0507,-81.5234,West Virginia,28,138.0,138.0
17930,Hewett,37.9755,-81.7697,West Virginia,28,138.0,138.0
17931,Hopkins,38.1097,-81.8943,West Virginia,28,138.0,138.0
17932,Maricao 6301,38.0533,-81.9334,West Virginia,28,138.0,138.0
17933,18Th Avenue North,38.074,-81.7837,West Virginia,28,138.0,138.0
17934,Santa Rosa Top O' Da Hill,38.0234,-81.6765,West Virginia,28,138.0,138.0
17935,Daly City Tap,37.9303,-81.7025,West Virginia,28,138.0,138.0
17936,Falls Village,38.1253,-81.9731,West Virginia,28,138.0,138.0
17937,Shaw,38.0381,-81.7879,West Virginia,28,345.0,345.0
17938,La Sierra,38.04,-81.7556,West Virginia,28,138.0,138.0
17939,La Bajada,38.0538,-81.6934,West Virginia,28,138.0,138.0
17940,Boone,38.193,-81.6799,West Virginia,28,138.0,138.0
17941,Peytona,38.14,-81.6199,West Virginia,28,138.0,138.0
17942,Marianna,38.0214,-81.5786,West Virginia,28,138.0,138.0
17943,Volusia,38.0915,-81.6535,West Virginia,28,138.0,138.0
17944,12Th Avenue South,38.08,-81.6135,West Virginia,28,138.0,138.0
17945,San Jacinto,37.8491,-81.5834,West Virginia,28,138.0,138.0
17946,Dale Mabry,37.9758,-81.4483,West Virginia,28,138.0,138.0
17947,Napavine,38.8169,-80.6228,West Virginia,28,138.0,138.0
17948,Seagraves,38.8637,-80.693,West Virginia,28,138.0,138.0
17949,Dun Glenn,38.6114,-80.9058,West Virginia,28,138.0,138.0
17950,Vermont Yankee,38.5555,-80.9552,West Virginia,28,138.0,138.0
17951,Chimacum,38.5848,-80.9872,West Virginia,28,138.0,138.0
17952,Lomas Verdes 1706,38.7353,-80.562,West Virginia,28,138.0,138.0
17953,Branch Brook,38.5897,-80.7944,West Virginia,28,138.0,138.0
17954,Rec Red Hawk,38.7156,-80.9156,West Virginia,28,138.0,138.0
17955,Gilmer,38.7729,-80.8895,West Virginia,28,138.0,138.0
17956,San Miguel,38.8272,-80.8022,West Virginia,28,138.0,138.0
17957,Petro Canada,38.7709,-80.7446,West Virginia,28,138.0,138.0
17958,Cleburne,38.7444,-80.4842,West Virginia,28,138.0,138.0
17959,Murphy,38.8889,-80.5259,West Virginia,28,138.0,138.0
17960,University Of Washington Power Plant,38.6677,-80.6493,West Virginia,28,138.0,138.0
17961,Kettle Creek Primary,38.6395,-80.5847,West Virginia,28,345.0,345.0
17962,Butterfield,40.2356,-80.7009,West Virginia,28,138.0,100.0
17963,Oleum,40.2009,-80.4844,West Virginia,28,138.0,138.0
17964,Lost Horizon,40.389,-80.4699,West Virginia,28,138.0,138.0
17965,Weirton,40.3806,-80.5381,West Virginia,28,138.0,138.0
17966,Richmond Q,40.3087,-80.5166,West Virginia,28,138.0,138.0
17967,Chocolate Bayou,40.3025,-80.5837,West Virginia,28,138.0,138.0
17968,Firstenergy Toronto,40.4767,-80.5938,West Virginia,28,345.0,230.0
17969,Fix,40.4443,-80.6043,West Virginia,28,138.0,138.0
17970,Wylie Ridge,40.4501,-80.5445,West Virginia,28,138.0,138.0
17971,Decatur Energy Center,40.4559,-80.5241,West Virginia,28,138.0,138.0
17972,Whittemore,40.1953,-80.5703,West Virginia,28,138.0,138.0
17973,Mahans Lane,40.3139,-80.5733,West Virginia,28,138.0,138.0
17974,Copco 2 2,40.2127,-80.5626,West Virginia,28,138.0,138.0
17975,Fairbanks,40.1132,-80.6819,West Virginia,28,138.0,138.0
17976,County Line Wp,40.0472,-80.6296,West Virginia,28,138.0,138.0
17977,Pinehurst,40.0414,-80.6134,West Virginia,28,345.0,138.0
17978,Pedley,40.1409,-80.7038,West Virginia,28,138.0,100.0
17979,Iep,38.3501,-82.3788,West Virginia,28,138.0,138.0
17980,Granby,38.3754,-82.304,West Virginia,28,138.0,138.0
17981,Trumbo,38.317,-82.2054,West Virginia,28,138.0,138.0
17982,Sheridan,38.2518,-82.174,West Virginia,28,138.0,138.0
17983,Gravel Ridge,38.2386,-82.1861,West Virginia,28,138.0,138.0
17984,Mountain Springs,38.216,-82.1621,West Virginia,28,138.0,138.0
17985,Hurricane,38.4342,-82.0228,West Virginia,28,138.0,138.0
17986,Culloden,38.4121,-82.0947,West Virginia,28,138.0,138.0
17987,Linwood,38.3768,-82.1283,West Virginia,28,138.0,138.0
17988,H Allen Franklin Combined Cycle,38.576,-82.0993,West Virginia,28,138.0,138.0
17989,Flowind Corp,38.6127,-82.1938,West Virginia,28,138.0,138.0
17990,East Huntington,38.4203,-82.4304,West Virginia,28,138.0,138.0
17991,Faircrest,38.3126,-82.4633,West Virginia,28,138.0,138.0
17992,Main Line,38.4368,-82.3512,West Virginia,28,345.0,1.0
17993,Debeque,38.3916,-82.4509,West Virginia,28,138.0,138.0
17994,Sauk City Phillips St,38.5127,-82.3333,West Virginia,28,138.0,138.0
17995,Dry Gulch,38.3384,-82.2674,West Virginia,28,138.0,138.0
17996,Coppermine,38.3778,-82.2186,West Virginia,28,138.0,138.0
17997,West Huntington,38.4034,-82.4741,West Virginia,28,138.0,138.0
17998,Port Angeles,38.39,-82.3882,West Virginia,28,138.0,138.0
17999,Wynn Joyce,38.2719,-82.4429,West Virginia,28,138.0,138.0
18000,Willits A,38.3238,-82.5022,West Virginia,28,138.0,138.0
18001,Pearsall Road,38.2932,-82.5413,West Virginia,28,138.0,138.0
18002,Heidelbach,38.3797,-82.4977,West Virginia,28,138.0,138.0
18003,East Proctorville,38.4464,-82.3703,West Virginia,28,138.0,138.0
18004,South Jefferson,38.4233,-82.3612,West Virginia,28,138.0,138.0
18005,Covanta Delaware Valley,38.4477,-82.3419,West Virginia,28,138.0,138.0
18006,Darrah,38.4383,-82.3974,West Virginia,28,138.0,138.0
18007,Bracketville,38.5445,-82.245,West Virginia,28,138.0,1.0
18008,Round Rock,38.576,-82.2706,West Virginia,28,138.0,100.0
18009,Texon Hydroelectric Project,38.4834,-82.2261,West Virginia,28,138.0,138.0
18010,Bowdle Jct,38.5028,-82.1172,West Virginia,28,138.0,138.0
18011,Tuscola Station,38.4087,-82.2186,West Virginia,28,138.0,138.0
18012,Milton,38.4427,-82.1729,West Virginia,28,138.0,138.0
18013,Lakehead Delavan,38.4945,-82.1588,West Virginia,28,138.0,138.0
18014,Christiana,38.4336,-82.2972,West Virginia,28,138.0,138.0
18015,Market Street,38.7659,-81.1496,West Virginia,28,138.0,138.0
18016,Venwind,38.8241,-81.0666,West Virginia,28,138.0,138.0
18017,Lee,38.8652,-81.1601,West Virginia,28,138.0,138.0
18018,Oak Hall,39.028,-81.175,West Virginia,28,138.0,138.0
18019,Ben Lomond,39.0471,-81.0668,West Virginia,28,138.0,138.0
18020,American River Parkway,38.6858,-81.0262,West Virginia,28,138.0,138.0
18021,Federalgen,38.9891,-81.3605,West Virginia,28,138.0,138.0
18022,Story 2,39.0944,-81.4065,West Virginia,28,138.0,138.0
18023,Ringling,39.1427,-81.3413,West Virginia,28,138.0,138.0
18024,Warren Canyon,38.9583,-81.0938,West Virginia,28,138.0,138.0
18025,Cullman,39.0723,-81.1342,West Virginia,28,138.0,138.0
18026,Hayesville,38.8589,-81.0271,West Virginia,28,138.0,138.0
18027,George Dickie,38.9419,-81.2812,West Virginia,28,138.0,138.0
18028,Nixon,38.8166,-80.974,West Virginia,28,138.0,138.0
18029,Hungry Horse,38.4342,-81.1015,West Virginia,28,138.0,138.0
18030,Mackinac,38.3522,-81.0115,West Virginia,28,138.0,138.0
18031,Mulberry Cogeneration Facility,38.4161,-81.3977,West Virginia,28,138.0,138.0
18032,Moval,38.4116,-81.374,West Virginia,28,138.0,138.0
18033,Clendenin,38.5257,-81.3558,West Virginia,28,138.0,138.0
18034,Gold Hill,38.2803,-81.1797,West Virginia,28,138.0,138.0
18035,Leonard Road,38.5393,-81.0932,West Virginia,28,138.0,138.0
18036,Kcp&L Smartgrid Innovation Park,38.4564,-81.003,West Virginia,28,138.0,138.0
18037,Kent County,38.3733,-81.2258,West Virginia,28,138.0,138.0
18038,Knoxville Battery Energy Storage,38.5658,-81.1418,West Virginia,28,138.0,138.0
18039,Robins,38.5124,-81.2625,West Virginia,28,138.0,138.0
18040,Westmoreland North,39.1496,-80.7907,West Virginia,28,138.0,138.0
18041,Wartburg,39.3294,-80.9002,West Virginia,28,138.0,138.0
18042,El Dorado,39.2914,-81.0174,West Virginia,28,138.0,138.0
18043,Contra Costa 3,39.2745,-80.9585,West Virginia,28,138.0,138.0
18044,Green Lake Sw Sta,39.2494,-80.5957,West Virginia,28,138.0,138.0
18045,Railhead,39.2987,-80.603,West Virginia,28,138.0,138.0
18046,Sauk Trail,39.2803,-80.4925,West Virginia,28,138.0,138.0
18047,Roebuck,39.4041,-80.4728,West Virginia,28,138.0,138.0
18048,Beardsley,39.3491,-80.7377,West Virginia,28,138.0,138.0
18049,Moorepark,39.2636,-80.7531,West Virginia,28,138.0,138.0
18050,Lee Highway,39.3494,-80.7909,West Virginia,28,138.0,138.0
18051,Bain,38.1246,-81.1648,West Virginia,28,138.0,138.0
18052,French Meadows,38.2289,-81.1304,West Virginia,28,138.0,138.0
18053,Gauley Mountain,38.1761,-81.0799,West Virginia,28,138.0,138.0
18054,Greenbank,37.9375,-80.8434,West Virginia,28,138.0,138.0
18055,Dania,37.9958,-80.9113,West Virginia,28,138.0,138.0
18056,Gladeview,38.0922,-81.0841,West Virginia,28,138.0,138.0
18057,Hargis Herbert,38.0899,-81.1331,West Virginia,28,138.0,138.0
18058,Nacoochee,38.0577,-81.1535,West Virginia,28,138.0,138.0
18059,Pantego,38.1984,-80.9547,West Virginia,28,138.0,138.0
18060,Sweatt,38.1211,-81.2334,West Virginia,28,138.0,138.0
18061,Grade Lane,38.0243,-81.2853,West Virginia,28,138.0,138.0
18062,Gay Mills,37.8349,-80.8821,West Virginia,28,138.0,138.0
18063,Meadow Bridge,37.8807,-80.8448,West Virginia,28,138.0,138.0
18064,Hartsel,37.8218,-80.7974,West Virginia,28,138.0,138.0
18065,Amboy,38.1285,-81.4009,West Virginia,28,138.0,138.0
18066,Alloy Steam Station,38.1369,-81.2783,West Virginia,28,138.0,138.0
18067,Scarbro,37.9418,-81.1579,West Virginia,28,138.0,138.0
18068,Pax Branch,37.9444,-81.2546,West Virginia,28,138.0,138.0
18069,Homart,37.8752,-81.2947,West Virginia,28,138.0,138.0
18070,Carbondale,38.2006,-81.3073,West Virginia,28,138.0,138.0
18071,Beury Mountain,37.9679,-81.0395,West Virginia,28,138.0,138.0
18072,Cooper Creek,37.9725,-81.1376,West Virginia,28,138.0,138.0
18073,Pagosa,37.951,-81.0952,West Virginia,28,138.0,138.0
18074,Unity,37.9239,-80.7647,West Virginia,28,138.0,138.0
18075,Moraga,37.9618,-80.7855,West Virginia,28,138.0,138.0
18076,Mcross,38.0328,-80.7777,West Virginia,28,138.0,138.0
18077,Moyie Lake,37.9319,-81.1954,West Virginia,28,138.0,138.0
18078,Veterans Blvd,37.9931,-81.2022,West Virginia,28,138.0,138.0
18079,Lawrenceville South,38.004,-81.1409,West Virginia,28,138.0,138.0
18080,Brenas 9201,38.1832,-81.2182,West Virginia,28,138.0,138.0
18081,Coral Reef,38.1511,-81.0232,West Virginia,28,138.0,138.0
18082,East Lake Wales,38.9765,-80.857,West Virginia,28,138.0,138.0
18083,Gladiolus,39.0636,-80.8537,West Virginia,28,138.0,138.0
18084,Village Green,38.9002,-80.7827,West Virginia,28,138.0,138.0
18085,City Limits,38.9101,-80.7483,West Virginia,28,138.0,138.0
18086,Grants Pass,38.847,-80.8326,West Virginia,28,345.0,138.0
18087,Wesmer,39.2429,-79.0541,West Virginia,28,138.0,138.0
18088,Sawgrass,39.284,-78.9543,West Virginia,28,138.0,138.0
18089,Williams Bros,39.277,-78.9992,West Virginia,28,345.0,345.0
18090,Pinnacle Wind Force Llc,39.4137,-79.0207,West Virginia,28,138.0,138.0
18091,New Creek Wind,39.1714,-79.1363,West Virginia,28,138.0,138.0
18092,Yuba Co Water Agency,39.0024,-79.2269,West Virginia,28,138.0,138.0
18093,Culbertson,39.0466,-79.2265,West Virginia,28,138.0,138.0
18094,Mount Storm,39.2054,-79.2547,West Virginia,28,138.0,138.0
18095,Tesla,39.3449,-79.0978,West Virginia,28,138.0,138.0
18096,Marcy,38.9287,-79.0618,West Virginia,28,138.0,138.0
18097,Edgeley,38.892,-79.1348,West Virginia,28,138.0,138.0
18098,Canadaville,38.959,-79.1243,West Virginia,28,138.0,138.0
18099,George Afb,37.7612,-80.6875,West Virginia,28,138.0,138.0
18100,Hofman,37.7701,-80.6597,West Virginia,28,138.0,138.0
18101,Virgil Fodness,37.7357,-80.6605,West Virginia,28,138.0,138.0
18102,Cluff,37.6916,-80.3822,West Virginia,28,138.0,138.0
18103,Rio Pecos,37.9619,-80.581,West Virginia,28,138.0,138.0
18104,O Connor,37.9603,-80.374,West Virginia,28,138.0,138.0
18105,Camuy 7601,37.862,-80.379,West Virginia,28,138.0,138.0
18106,Phelan,37.7673,-80.4284,West Virginia,28,138.0,138.0
18107,Rustic,37.9205,-80.5922,West Virginia,28,138.0,138.0
18108,Dobbins,37.8583,-80.4585,West Virginia,28,138.0,138.0
18109,Andrew Square,38.1175,-80.6696,West Virginia,28,138.0,138.0
18110,Rio Blanco 2702,38.1017,-80.3106,West Virginia,28,138.0,138.0
18111,Brackens Creek Station,38.0437,-80.3656,West Virginia,28,138.0,138.0
18112,Parkin,38.0999,-80.4255,West Virginia,28,138.0,138.0
18113,Ray Braswell,38.2506,-80.5247,West Virginia,28,138.0,138.0
18114,Sandy Pond,38.2069,-80.5572,West Virginia,28,138.0,138.0
18115,Western Digital,38.1757,-80.4457,West Virginia,28,138.0,138.0
18116,Ravensworth,37.6848,-80.4671,West Virginia,28,138.0,138.0
18117,Modena,37.5932,-80.4003,West Virginia,28,345.0,345.0
18118,State Pen,37.7455,-80.5379,West Virginia,28,138.0,138.0
18119,Mc Arthur,38.0124,-80.6129,West Virginia,28,138.0,138.0
18120,Lockheed 2 Tap,37.9954,-80.5274,West Virginia,28,138.0,138.0
18121,North Bellevue,38.0385,-80.6512,West Virginia,28,138.0,138.0
18122,Roslyn,37.6467,-80.5139,West Virginia,28,138.0,138.0
18123,Diana Hydroelectric,37.8465,-80.0884,West Virginia,28,138.0,138.0
18124,Woodland Park,37.9628,-80.1796,West Virginia,28,138.0,138.0
18125,Rob Roy,37.9154,-80.0687,West Virginia,28,138.0,138.0
18126,Moss,39.2966,-78.6051,West Virginia,28,138.0,138.0
18127,Cason Lane,39.2913,-78.4996,West Virginia,28,345.0,345.0
18128,Florida City,39.2495,-78.6073,West Virginia,28,138.0,138.0
18129,Stelco,39.2208,-78.4095,West Virginia,28,138.0,138.0
18130,East Terra Haute,39.392,-78.581,West Virginia,28,138.0,138.0
18131,Kerrville Legion,39.5549,-78.3048,West Virginia,28,138.0,138.0
18132,Mommoth Pacific 1,39.4808,-78.3631,West Virginia,28,138.0,138.0
18133,Artesian,39.5415,-78.4364,West Virginia,28,138.0,138.0
18134,Dock,39.5505,-78.6313,West Virginia,28,138.0,138.0
18135,Phillips Pump 1,39.1866,-78.5227,West Virginia,28,138.0,138.0
18136,Modular Power Llc,39.4824,-78.4951,West Virginia,28,138.0,138.0
18137,2 Ac Station,39.4531,-78.4262,West Virginia,28,138.0,138.0
18138,Gardiner,39.3417,-78.5101,West Virginia,28,138.0,138.0
18139,Roeding,39.2159,-78.8711,West Virginia,28,138.0,138.0
18140,Laurelwood,39.2008,-78.7429,West Virginia,28,138.0,138.0
18141,Difficulty,39.2486,-78.7061,West Virginia,28,138.0,138.0
18142,East Winchendon,39.3488,-78.8178,West Virginia,28,138.0,138.0
18143,Granite Hills Tap,39.3912,-78.6581,West Virginia,28,138.0,138.0
18144,Vandolah Power Station,39.131,-78.6501,West Virginia,28,138.0,138.0
18145,Gears,39.0115,-78.5696,West Virginia,28,138.0,138.0
18146,Alpha Road,39.0474,-78.6094,West Virginia,28,138.0,138.0
18147,Portrero,40.6316,-80.4873,West Virginia,28,138.0,138.0
18148,Ipl Fit Monrovia I Llc,40.6231,-80.5851,West Virginia,28,138.0,138.0
18149,Big Basin,40.6008,-80.5024,West Virginia,28,138.0,138.0
18150,Circle Green,40.4318,-80.6397,West Virginia,28,138.0,1.0
18151,Oso,40.5304,-80.5949,West Virginia,28,138.0,1.0
18152,Tahsis Village,40.5519,-80.5002,West Virginia,28,138.0,138.0
18153,South Chester,40.5979,-80.5486,West Virginia,28,138.0,138.0
18154,Hitchcock,39.0558,-78.8997,West Virginia,28,138.0,138.0
18155,Yazoo,39.1037,-78.7308,West Virginia,28,138.0,138.0
18156,High Winds,38.8502,-78.799,West Virginia,28,138.0,138.0
18157,Port Neches,38.8675,-78.9071,West Virginia,28,138.0,138.0
18158,Rinn Valley,38.9322,-78.8603,West Virginia,28,138.0,138.0
18159,Donnells-Curtis,38.9969,-78.9544,West Virginia,28,138.0,138.0
18160,South Randolph,38.9612,-79.0588,West Virginia,28,345.0,138.0
18161,Cape Horn,39.0,-79.0407,West Virginia,28,138.0,138.0
18162,Falling Spring,39.1555,-78.9446,West Virginia,28,138.0,138.0
18163,Faron Street,39.3118,-80.384,West Virginia,28,138.0,138.0
18164,Bridgeport Energy,39.259,-80.4264,West Virginia,28,345.0,1.0
18165,Surf,39.3088,-80.341,West Virginia,28,138.0,138.0
18166,Abel,39.2811,-80.4117,West Virginia,28,138.0,138.0
18167,Five Corners,39.4864,-80.1631,West Virginia,28,138.0,138.0
18168,Rex Brown 2,39.4014,-80.1317,West Virginia,28,345.0,345.0
18169,Cedar Bayou,39.4258,-80.0823,West Virginia,28,138.0,138.0
18170,Killeen,39.498,-80.0997,West Virginia,28,138.0,138.0
18171,West Murray,39.0909,-80.4413,West Virginia,28,138.0,138.0
18172,North Springfield,39.1331,-80.4539,West Virginia,28,138.0,138.0
18173,Cooper Nuclear Station,39.1348,-80.3738,West Virginia,28,138.0,138.0
18174,Ratcliffe,39.2358,-80.3647,West Virginia,28,138.0,138.0
18175,Broadford 2,39.1804,-80.3658,West Virginia,28,138.0,138.0
18176,Anheuser Busch,39.357,-80.5449,West Virginia,28,138.0,138.0
18177,South Nile,39.4334,-80.4162,West Virginia,28,138.0,138.0
18178,Erath,39.512,-80.3112,West Virginia,28,138.0,138.0
18179,Cullman Industrial,39.4996,-80.4303,West Virginia,28,138.0,138.0
18180,Cheraw Reid Park,39.5123,-80.3917,West Virginia,28,138.0,138.0
18181,Glenn-Colusa Irrig,39.1585,-80.3338,West Virginia,28,138.0,138.0
18182,Northwoods,39.4305,-80.2895,West Virginia,28,138.0,138.0
18183,Roseland,39.409,-80.2605,West Virginia,28,138.0,138.0
18184,Firstenergy Harrison Power Station,39.4066,-80.335,West Virginia,28,138.0,138.0
18185,Aspen,39.4676,-80.3085,West Virginia,28,138.0,138.0
18186,Cottageville,38.8599,-81.8454,West Virginia,28,138.0,138.0
18187,Largo,38.8508,-81.7917,West Virginia,28,138.0,138.0
18188,Mt Gate Junction,38.7011,-81.5891,West Virginia,28,138.0,138.0
18189,Kelly 3,38.6018,-81.5699,West Virginia,28,138.0,138.0
18190,Lamontville Rd,38.6629,-81.655,West Virginia,28,138.0,138.0
18191,Pikes Creek,38.8966,-81.5112,West Virginia,28,138.0,138.0
18192,Clinton Lfgte Facility,38.6928,-81.7717,West Virginia,28,138.0,138.0
18193,Burley,39.0042,-81.7418,West Virginia,28,138.0,138.0
18194,Ravenswood,38.9712,-81.7493,West Virginia,28,138.0,138.0
18195,Templeton,39.0184,-81.6879,West Virginia,28,138.0,138.0
18196,Richlands,38.7636,-81.6992,West Virginia,28,138.0,138.0
18197,Ripley,38.82,-81.7024,West Virginia,28,138.0,138.0
18198,Azalea Solar Llc,38.7858,-81.6259,West Virginia,28,345.0,138.0
18199,Sargent Road,38.8264,-81.6022,West Virginia,28,138.0,138.0
18200,Soda Creek,38.8615,-81.585,West Virginia,28,138.0,138.0
18201,Blue Springs,38.9059,-81.6507,West Virginia,28,138.0,138.0
18202,Parkoaks-Hilltop,39.2042,-77.8448,West Virginia,28,138.0,138.0
18203,Lamar Hvdc Tie,39.2766,-77.9164,West Virginia,28,138.0,138.0
18204,Conifer,39.2068,-77.8709,West Virginia,28,138.0,138.0
18205,Holgate,39.3427,-77.8601,West Virginia,28,138.0,138.0
18206,Ritter Park,39.3596,-77.7782,West Virginia,28,138.0,138.0
18207,Millville,39.28,-77.7546,West Virginia,28,138.0,138.0
18208,Sleepy Hollow,39.3142,-77.826,West Virginia,28,138.0,138.0
18209,Carnal,39.4299,-77.797,West Virginia,28,138.0,138.0
18210,Orofina,39.3142,-77.8649,West Virginia,28,138.0,138.0
18211,Feagan'S Mill,39.2475,-77.8791,West Virginia,28,138.0,138.0
18212,Simpson Stuart,39.183,-78.0013,West Virginia,28,138.0,138.0
18213,Destrehan,39.2665,-78.0118,West Virginia,28,138.0,138.0
18214,Sapulpa Road,38.2888,-81.657,West Virginia,28,138.0,138.0
18215,Dunnigan,38.2709,-81.7803,West Virginia,28,138.0,138.0
18216,New Glarus,38.2438,-81.7678,West Virginia,28,138.0,138.0
18217,Kanawha River,38.2088,-81.4116,West Virginia,28,138.0,138.0
18218,Hopkinsville,38.2835,-81.4948,West Virginia,28,138.0,138.0
18219,Belle West Virginia Plant,38.2535,-81.5264,West Virginia,28,138.0,138.0
18220,Benbrook,38.1239,-81.4957,West Virginia,28,138.0,138.0
18221,Kelly Creek,38.2547,-81.3902,West Virginia,28,138.0,138.0
18222,Belfort,38.2382,-81.3327,West Virginia,28,138.0,138.0
18223,State,38.283,-81.3199,West Virginia,28,138.0,138.0
18224,Mres Alexandria,38.3957,-81.662,West Virginia,28,138.0,138.0
18225,Litchfield,38.3826,-81.5977,West Virginia,28,138.0,138.0
18226,Turquoise,38.3701,-81.567,West Virginia,28,138.0,138.0
18227,Washington St,38.3559,-81.6331,West Virginia,28,138.0,138.0
18228,Wards Hollow,38.3372,-81.6721,West Virginia,28,138.0,138.0
18229,Dalewood,38.4191,-81.7669,West Virginia,28,138.0,138.0
18230,Chemical,38.359,-81.6696,West Virginia,28,138.0,138.0
18231,Myers,38.2938,-81.569,West Virginia,28,138.0,138.0
18232,Hernshaw,38.2257,-81.6147,West Virginia,28,138.0,138.0
18233,Capitol Hill,38.3501,-81.5881,West Virginia,28,138.0,138.0
18234,Cox,38.3045,-81.5377,West Virginia,28,138.0,138.0
18235,Sabana Grande 6501,38.3299,-81.3832,West Virginia,28,138.0,138.0
18236,Millhopper,38.3693,-81.5481,West Virginia,28,138.0,138.0
18237,Turner,38.3799,-81.7741,West Virginia,28,138.0,138.0
18238,Pac Troutdale,38.4302,-81.7972,West Virginia,28,138.0,138.0
18239,Seward Junction,38.4243,-81.6441,West Virginia,28,138.0,138.0
18240,Runge,38.4519,-81.6168,West Virginia,28,138.0,138.0
18241,Sagehill,38.2895,-81.5438,West Virginia,28,345.0,345.0
18242,Westex,38.3154,-81.546,West Virginia,28,138.0,138.0
18243,Winterset Junction,38.481,-81.6222,West Virginia,28,138.0,138.0
18244,Nassau Energy Corp,38.4743,-81.6765,West Virginia,28,138.0,138.0
18245,Vina,38.4882,-81.5907,West Virginia,28,345.0,1.0
18246,South Ridge,38.3156,-81.727,West Virginia,28,138.0,138.0
18247,Harrison St,38.4353,-81.6874,West Virginia,28,138.0,138.0
18248,Robble Ave,38.4582,-81.7768,West Virginia,28,138.0,138.0
18249,Frankfort,38.3316,-81.7172,West Virginia,28,138.0,138.0
18250,Lansing Bwl Reo Town Plant,38.2407,-81.6936,West Virginia,28,138.0,138.0
18251,Chesterfield Ave,38.3523,-81.5675,West Virginia,28,138.0,138.0
18252,Days Creek,38.4702,-81.572,West Virginia,28,138.0,138.0
18253,Maries,38.5243,-81.648,West Virginia,28,138.0,138.0
18254,Industrial Acres,38.5337,-81.6084,West Virginia,28,138.0,138.0
18255,Alum Creek,38.2925,-81.7963,West Virginia,28,138.0,138.0
18256,Fords Branch,38.3474,-81.8149,West Virginia,28,138.0,138.0
18257,Mosaic Co Bartow Facility,38.4546,-81.6996,West Virginia,28,138.0,138.0
18258,Pipe Creek,38.457,-81.5941,West Virginia,28,138.0,138.0
18259,Randsburg,38.4676,-81.4602,West Virginia,28,138.0,138.0
18260,Tower Hill,38.5573,-81.495,West Virginia,28,138.0,138.0
18261,Camp,38.0286,-81.3832,West Virginia,28,138.0,138.0
18262,Boqueron 6702,38.1643,-81.4203,West Virginia,28,138.0,138.0
18263,East Sparta,38.2361,-81.2743,West Virginia,28,138.0,138.0
18264,Keifer-Jackson,38.5284,-81.823,West Virginia,28,138.0,138.0
18265,36Th Street,38.3409,-81.8823,West Virginia,28,138.0,138.0
18266,Filbert,38.4127,-81.9126,West Virginia,28,138.0,138.0
18267,Fourth Plain,38.3516,-81.849,West Virginia,28,345.0,345.0
18268,Illecillewaet,38.3314,-81.8373,West Virginia,28,138.0,138.0
18269,Cutrale Citrus Juices Usa Ii,38.3608,-81.9448,West Virginia,28,138.0,138.0
18270,Big Oaks,38.2555,-81.9044,West Virginia,28,138.0,138.0
18271,Tackett Creek,38.4355,-81.8494,West Virginia,28,138.0,138.0
18272,Hookdale,39.0425,-80.7164,West Virginia,28,138.0,138.0
18273,Station X,38.9977,-80.3356,West Virginia,28,138.0,138.0
18274,Cap Sandario,39.1245,-80.4976,West Virginia,28,138.0,138.0
18275,Nash,39.099,-80.5046,West Virginia,28,138.0,138.0
18276,South Summitville,38.9875,-80.5313,West Virginia,28,138.0,138.0
18277,Mayville,38.3301,-82.0163,West Virginia,28,138.0,138.0
18278,Imran Woods-Whyte,38.2296,-82.0784,West Virginia,28,138.0,138.0
18279,Cliffside,38.2008,-82.0141,West Virginia,28,138.0,138.0
18280,Victory,37.9344,-82.0903,West Virginia,28,138.0,138.0
18281,Oakdale,38.0271,-82.1115,West Virginia,28,138.0,138.0
18282,Fort St Vrain,38.0886,-82.0966,West Virginia,28,138.0,138.0
18283,Riverbank,38.0763,-82.2502,West Virginia,28,138.0,138.0
18284,East Franklin,38.0301,-82.166,West Virginia,28,138.0,138.0
18285,Birch Creek,38.2105,-81.8838,West Virginia,28,138.0,138.0
18286,South Meadow,38.167,-81.8669,West Virginia,28,138.0,138.0
18287,Electrifarm,38.3079,-82.1607,West Virginia,28,138.0,138.0
18288,Freeland,38.3068,-82.0665,West Virginia,28,138.0,138.0
18289,Elk Creek,37.7063,-81.8437,West Virginia,28,138.0,138.0
18290,Latrobe,37.7628,-81.7747,West Virginia,28,138.0,138.0
18291,Valleyview,37.8627,-81.7526,West Virginia,28,138.0,138.0
18292,Panda,37.6674,-81.7835,West Virginia,28,138.0,138.0
18293,Logan,37.8535,-81.9842,West Virginia,28,138.0,138.0
18294,Spruance Nug,37.8337,-82.0957,West Virginia,28,138.0,138.0
18295,Main St,37.9582,-81.8749,West Virginia,28,138.0,138.0
18296,Hart,37.909,-81.9346,West Virginia,28,138.0,138.0
18297,Mud Fork,37.8649,-82.0342,West Virginia,28,138.0,138.0
18298,Chauncey,37.7618,-82.009,West Virginia,28,138.0,138.0
18299,North Point,37.9021,-81.9984,West Virginia,28,345.0,138.0
18300,Becco,37.7722,-81.8253,West Virginia,28,138.0,138.0
18301,John Day Construction,37.7189,-81.9615,West Virginia,28,138.0,138.0
18302,Chauncey Tap,37.8047,-82.0168,West Virginia,28,138.0,138.0
18303,Rum Creek Tap,37.7973,-81.8764,West Virginia,28,138.0,138.0
18304,Electric Avenue,37.8309,-81.9565,West Virginia,28,138.0,138.0
18305,Hustisford,37.8883,-82.0821,West Virginia,28,138.0,138.0
18306,96Th St,37.8452,-82.0612,West Virginia,28,138.0,138.0
18307,Guyandotte,39.5468,-80.2656,West Virginia,28,138.0,138.0
18308,Helm'S Pumped Storage,39.4978,-80.1862,West Virginia,28,138.0,138.0
18309,Ave 52,39.651,-80.206,West Virginia,28,138.0,138.0
18310,Sub 18310,39.6895,-80.2636,West Virginia,28,138.0,138.0
18311,Broward,39.2872,-80.0064,West Virginia,28,138.0,138.0
18312,Stadium Reit,39.2894,-80.04,West Virginia,28,138.0,138.0
18313,Pruntytown,39.3591,-80.0729,West Virginia,28,138.0,138.0
18314,Firstenergy Rivesville,39.5616,-80.1004,West Virginia,28,138.0,138.0
18315,N Albertville,39.5243,-80.1621,West Virginia,28,138.0,138.0
18316,North White County,39.6014,-80.2117,West Virginia,28,138.0,138.0
18317,Benwood,39.9885,-80.7586,West Virginia,28,138.0,138.0
18318,Lindsey,39.9489,-80.5774,West Virginia,28,138.0,138.0
18319,North Shore,39.838,-80.4695,West Virginia,28,138.0,138.0
18320,Glendale Heights,39.9643,-80.7363,West Virginia,28,138.0,138.0
18321,Brues,40.0528,-80.7177,West Virginia,28,138.0,138.0
18322,Sand Hill,39.9891,-80.6499,West Virginia,28,138.0,138.0
18323,Wayman,39.9301,-80.6836,West Virginia,28,138.0,138.0
18324,Floyds Knobs,39.8561,-80.7405,West Virginia,28,138.0,138.0
18325,Moundsville,39.9377,-80.7303,West Virginia,28,138.0,138.0
18326,Rocky Reach,39.8725,-80.6747,West Virginia,28,138.0,138.0
18327,Barataria,39.6604,-80.7052,West Virginia,28,138.0,138.0
18328,Navy-1,39.5943,-80.6749,West Virginia,28,138.0,138.0
18329,Franz Holmes,39.5539,-80.7085,West Virginia,28,345.0,138.0
18330,Cross Park,39.7686,-80.7646,West Virginia,28,138.0,138.0
18331,Carlyss,39.8033,-80.791,West Virginia,28,138.0,100.0
18332,Griffin,38.671,-82.1018,West Virginia,28,138.0,138.0
18333,Solway Ct,38.5739,-82.0023,West Virginia,28,138.0,138.0
18334,Cantil,38.6307,-82.0681,West Virginia,28,138.0,138.0
18335,Decatur North 27Th Street,38.807,-82.2094,West Virginia,28,138.0,138.0
18336,Godfrey,38.7336,-82.1939,West Virginia,28,138.0,138.0
18337,Tendoy,38.7475,-82.1054,West Virginia,28,138.0,138.0
18338,Milroy,38.4503,-82.0369,West Virginia,28,345.0,1.0
18339,Sub 18339,38.4189,-81.9859,West Virginia,28,138.0,138.0
18340,Covanta Hennepin Energy,38.3891,-82.0708,West Virginia,28,138.0,1.0
18341,East Bowling Green,38.4522,-82.0614,West Virginia,28,138.0,138.0
18342,Chiriaco,38.6932,-81.8727,West Virginia,28,138.0,138.0
18343,Leon,38.7514,-81.9145,West Virginia,28,138.0,138.0
18344,Idahome,38.8243,-81.9663,West Virginia,28,138.0,138.0
18345,North Monroe,38.8086,-81.9112,West Virginia,28,138.0,138.0
18346,J Street,38.8892,-82.0239,West Virginia,28,138.0,138.0
18347,Racine Hydro,38.9222,-81.8841,West Virginia,28,138.0,138.0
18348,Progress Energy Electric-Belleview,38.9428,-81.9925,West Virginia,28,138.0,138.0
18349,Lakeport,39.0116,-81.9375,West Virginia,28,138.0,138.0
18350,Bringhurst,38.9736,-81.8713,West Virginia,28,138.0,138.0
18351,Keowee,38.8479,-82.1282,West Virginia,28,138.0,138.0
18352,Fiberglas,38.8058,-82.0838,West Virginia,28,138.0,138.0
18353,Vaseux,38.869,-82.1802,West Virginia,28,138.0,138.0
18354,Las Lomas,39.0281,-82.0257,West Virginia,28,138.0,138.0
18355,West Lane,37.2205,-81.6005,West Virginia,28,138.0,138.0
18356,Dry Fork,37.3284,-81.7643,West Virginia,28,138.0,138.0
18357,Acec Calamus,37.3319,-81.4424,West Virginia,28,138.0,138.0
18358,Laeger,37.4525,-81.8353,West Virginia,28,138.0,138.0
18359,Greenback-Fairoaks,37.4067,-81.7794,West Virginia,28,138.0,138.0
18360,Sherman Island,37.311,-81.914,West Virginia,28,138.0,138.0
18361,Sub 18361,37.1941,-81.8199,West Virginia,28,138.0,138.0
18362,Hurley,37.4018,-81.9745,West Virginia,28,138.0,138.0
18363,Bandera,37.5365,-81.3763,West Virginia,28,138.0,138.0
18364,Hamilton Wolfe Road,37.3743,-81.4818,West Virginia,28,138.0,138.0
18365,East Bridgewater,37.4891,-81.4098,West Virginia,28,138.0,138.0
18366,Bullock,37.3436,-81.6775,West Virginia,28,138.0,138.0
18367,Belcher Mtn,37.4044,-81.5219,West Virginia,28,138.0,138.0
18368,Wec,37.3215,-81.566,West Virginia,28,345.0,138.0
18369,Gary,37.3794,-81.5658,West Virginia,28,138.0,138.0
18370,Welch,37.4597,-81.5902,West Virginia,28,138.0,138.0
18371,Speedway,37.4639,-80.9709,West Virginia,28,138.0,138.0
18372,Coalinga 2,37.4905,-81.0469,West Virginia,28,138.0,138.0
18373,Dundee,37.4528,-81.087,West Virginia,28,138.0,138.0
18374,Magnolia 1708,37.3194,-81.3234,West Virginia,28,138.0,138.0
18375,East Amsterdam,37.418,-81.1905,West Virginia,28,138.0,138.0
18376,Bluefield Avenue,37.26,-81.2571,West Virginia,28,138.0,138.0
18377,New Hope Ap,37.3901,-81.184,West Virginia,28,345.0,1.0
18378,Quechan,37.5292,-81.1945,West Virginia,28,138.0,138.0
18379,Ball,37.4078,-81.4099,West Virginia,28,138.0,138.0
18380,Sanger,37.5032,-80.898,West Virginia,28,138.0,138.0
18381,Red Tail,37.4285,-80.982,West Virginia,28,345.0,138.0
18382,South Princeton,37.3633,-81.1046,West Virginia,28,138.0,138.0
18383,Freehold,37.4046,-80.9337,West Virginia,28,138.0,138.0
18384,Halls Ridge,37.3544,-81.0216,West Virginia,28,138.0,138.0
18385,Deluce,37.4273,-81.321,West Virginia,28,138.0,138.0
18386,Minnix Mountain,37.3909,-81.2985,West Virginia,28,138.0,138.0
18387,Mullens,37.5571,-81.313,West Virginia,28,138.0,138.0
18388,Royalton,39.4897,-78.7076,West Virginia,28,138.0,138.0
18389,Dos Condados,39.5133,-78.7876,West Virginia,28,138.0,138.0
18390,Black Oak,39.4599,-78.9161,West Virginia,28,138.0,138.0
18391,Heffley Tap,39.5082,-79.0601,West Virginia,28,138.0,138.0
18392,Mt Angel,39.6535,-78.8903,West Virginia,28,138.0,138.0
18393,Nicholson,39.5723,-78.8023,West Virginia,28,138.0,138.0
18394,Ridgeley,39.6298,-78.837,West Virginia,28,345.0,138.0
18395,Brady Heights,39.6631,-78.6821,West Virginia,28,138.0,138.0
18396,Shannon,37.5047,-81.9328,West Virginia,28,138.0,138.0
18397,Trisonic,37.569,-81.8823,West Virginia,28,138.0,138.0
18398,Staples,37.9672,-82.2747,West Virginia,28,138.0,138.0
18399,Ragland,37.6778,-82.132,West Virginia,28,345.0,138.0
18400,Cinder,37.7032,-82.2072,West Virginia,28,138.0,138.0
18401,Gate Ii,37.6899,-82.1582,West Virginia,28,138.0,138.0
18402,Shandin,37.8453,-82.244,West Virginia,28,138.0,138.0
18403,Hood Mesa,37.9115,-82.2144,West Virginia,28,138.0,138.0
18404,Ibm Bailey Tap,37.6588,-81.9307,West Virginia,28,138.0,138.0
18405,Briar Mountain,37.5969,-81.9777,West Virginia,28,138.0,138.0
18406,Hoggard,37.6397,-81.9051,West Virginia,28,138.0,138.0
18407,Iron Belt,37.8867,-82.3762,West Virginia,28,138.0,138.0
18408,Savage Road,37.8412,-82.3526,West Virginia,28,138.0,138.0
18409,Slaughter Lane,37.8879,-82.3344,West Virginia,28,138.0,138.0
18410,Sacramento,37.7567,-82.1924,West Virginia,28,138.0,138.0
18411,White River Power Plant,37.732,-82.1306,West Virginia,28,138.0,138.0
18412,Evergreen,37.5058,-82.1288,West Virginia,28,138.0,138.0
18413,Mckinley Wind Park,37.482,-82.0227,West Virginia,28,138.0,138.0
18414,Apison Pike,37.5426,-82.0169,West Virginia,28,138.0,138.0
18415,Sprigg,37.6509,-82.1941,West Virginia,28,138.0,138.0
18416,Sidney Coal,37.6523,-82.4062,West Virginia,28,138.0,138.0
18417,Turkey Creek,37.6626,-82.3174,West Virginia,28,138.0,138.0
18418,Fairbury,39.4506,-79.9295,West Virginia,28,138.0,138.0
18419,Dragon Court,39.7126,-80.2225,West Virginia,28,138.0,138.0
18420,Bluestone,39.6758,-80.1576,West Virginia,28,138.0,138.0
18421,Mcneil,39.561,-79.7657,West Virginia,28,138.0,138.0
18422,Rockland,39.5884,-79.8346,West Virginia,28,138.0,138.0
18423,Enosburg,39.5313,-79.7796,West Virginia,28,138.0,138.0
18424,Osage,39.6508,-80.0572,West Virginia,28,138.0,138.0
18425,Westover,39.6284,-80.035,West Virginia,28,138.0,138.0
18426,Trinidad,39.5943,-80.1121,West Virginia,28,138.0,138.0
18427,Fort Martin,39.7354,-79.9625,West Virginia,28,138.0,138.0
18428,Mclellan,39.6227,-79.9478,West Virginia,28,138.0,138.0
18429,Collins Ferry,39.6585,-79.9836,West Virginia,28,138.0,138.0
18430,West Run,39.6629,-79.9397,West Virginia,28,138.0,138.0
18431,Action,39.6802,-80.0065,West Virginia,28,138.0,138.0
18432,Longview Power Plant,39.7259,-79.9669,West Virginia,28,138.0,138.0
18433,Serfgen,39.5736,-79.8736,West Virginia,28,138.0,138.0
18434,Ta3,39.5252,-79.8608,West Virginia,28,345.0,1.0
18435,University Hospital,39.6457,-79.8826,West Virginia,28,138.0,138.0
18436,Hickory Valley,39.6038,-80.3963,West Virginia,28,138.0,138.0
18437,Katonah,37.4911,-80.7893,West Virginia,28,138.0,138.0
18438,Fishers Road,37.5536,-80.6566,West Virginia,28,138.0,138.0
18439,Suwannee River,37.4571,-80.6439,West Virginia,28,138.0,138.0
18440,Kimballton,37.3621,-80.6628,West Virginia,28,138.0,138.0
18441,Jones Street,37.4627,-80.7319,West Virginia,28,138.0,138.0
18442,Svp,37.5746,-80.7337,West Virginia,28,138.0,138.0
18443,Gray'S Flat,37.4268,-80.8141,West Virginia,28,138.0,138.0
18444,Cheraw Cash Road,37.6093,-80.5609,West Virginia,28,138.0,138.0
18445,Ecoelectrica,37.5767,-80.564,West Virginia,28,138.0,138.0
18446,Houghton,37.5618,-80.4649,West Virginia,28,138.0,138.0
18447,Bahia,39.5125,-78.1727,West Virginia,28,138.0,138.0
18448,Angle Lake,39.5876,-78.2502,West Virginia,28,138.0,138.0
18449,Gill,39.4855,-78.2809,West Virginia,28,138.0,138.0
18450,Burlington Ks,38.4781,-80.7536,West Virginia,28,138.0,138.0
18451,Kent County Waste To Energy Facility,38.4105,-80.7298,West Virginia,28,138.0,138.0
18452,Turning Stone,38.3145,-80.5018,West Virginia,28,138.0,138.0
18453,Nine Canyon,38.2417,-80.6996,West Virginia,28,138.0,138.0
18454,Rubonia,38.3055,-80.6607,West Virginia,28,138.0,138.0
18455,Sanitreat,38.3039,-80.729,West Virginia,28,138.0,138.0
18456,Wing River,38.1432,-80.9482,West Virginia,28,138.0,138.0
18457,Recovery Soco,38.1643,-80.828,West Virginia,28,138.0,138.0
18458,Reedsport,38.0888,-80.8631,West Virginia,28,138.0,138.0
18459,Crossover,38.2021,-80.7722,West Virginia,28,138.0,138.0
18460,Haefling,38.2273,-80.8125,West Virginia,28,138.0,138.0
18461,San Lorenzo 3301,38.1639,-80.7135,West Virginia,28,138.0,138.0
18462,Prior,38.2305,-80.8974,West Virginia,28,138.0,138.0
18463,Doreen,38.3275,-80.92,West Virginia,28,138.0,138.0
18464,Myrtle-Date,38.2842,-80.8616,West Virginia,28,138.0,138.0
18465,Rubart,40.11,-80.524,West Virginia,28,138.0,138.0
18466,Etowah,40.0978,-80.5475,West Virginia,28,138.0,138.0
18467,Newman,40.056,-80.5401,West Virginia,28,138.0,138.0
18468,Boston Bar,39.9905,-80.5515,West Virginia,28,138.0,138.0
18469,Ilion,40.267,-80.6134,West Virginia,28,138.0,138.0
18470,Stoughton South,38.6101,-79.237,West Virginia,28,138.0,138.0
18471,Cibolo,38.6256,-79.1585,West Virginia,28,138.0,138.0
18472,Pidgeon,38.7006,-79.1984,West Virginia,28,138.0,138.0
18473,Mohicanville,38.5516,-79.6106,West Virginia,28,138.0,138.0
18474,Custer Term,38.6473,-79.4293,West Virginia,28,138.0,138.0
18475,Greenville Steam,38.7127,-79.2994,West Virginia,28,138.0,138.0
18476,Cane Run Switching,38.8814,-79.4373,West Virginia,28,138.0,138.0
18477,Dresden Drive,38.5239,-79.3487,West Virginia,28,138.0,138.0
18478,Elk City Llc,38.8038,-79.2503,West Virginia,28,138.0,138.0
18479,Sand Station,39.4568,-81.1402,West Virginia,28,138.0,138.0
18480,San German 6403,39.3413,-81.1818,West Virginia,28,138.0,138.0
18481,Campbelltown,39.4516,-81.05,West Virginia,28,138.0,138.0
18482,Taft,39.3551,-81.158,West Virginia,28,138.0,138.0
18483,Pleasants Energy Llc,39.3457,-81.3654,West Virginia,28,138.0,138.0
18484,Firstenergy Willow Island,39.3838,-81.3106,West Virginia,28,138.0,138.0
18485,Tulucay,39.2867,-81.4139,West Virginia,28,138.0,138.0
18486,Southwind,38.5288,-79.757,West Virginia,28,138.0,138.0
18487,Decker Lake,38.342,-79.9019,West Virginia,28,138.0,138.0
18488,Pittsfield Generating Lp,38.4178,-79.7914,West Virginia,28,138.0,138.0
18489,Butano,38.1863,-80.3326,West Virginia,28,138.0,138.0
18490,Fordham,38.2328,-80.2549,West Virginia,28,138.0,138.0
18491,Ladd,38.1453,-80.0943,West Virginia,28,138.0,138.0
18492,Randolf Center,38.2488,-80.0871,West Virginia,28,138.0,138.0
18493,Murphy Creek,38.2257,-80.01,West Virginia,28,138.0,138.0
18494,Norwood,39.5761,-79.6859,West Virginia,28,138.0,138.0
18495,North Batesville,39.5612,-79.6002,West Virginia,28,138.0,138.0
18496,P.T.S,39.346,-79.6391,West Virginia,28,138.0,138.0
18497,Littlefork,39.3135,-79.5285,West Virginia,28,138.0,138.0
18498,Peaceable,39.6361,-79.6445,West Virginia,28,138.0,138.0
18499,Brandonville,39.6509,-79.5743,West Virginia,28,138.0,138.0
18500,Forest,39.6077,-79.6581,West Virginia,28,138.0,138.0
18501,Roth Rock North Wind Farm Llc,39.2678,-79.4521,West Virginia,28,138.0,138.0
18502,Thatcher Junction,39.5054,-79.7904,West Virginia,28,138.0,138.0
18503,Carancahua,39.4854,-79.7074,West Virginia,28,138.0,138.0
18504,K I Sawyer,39.5151,-79.7001,West Virginia,28,138.0,138.0
18505,Wauzeka,39.4644,-79.7764,West Virginia,28,138.0,138.0
18506,Cape Coral,39.2768,-79.7744,West Virginia,28,138.0,138.0
18507,Soldotna,39.4186,-79.5456,West Virginia,28,138.0,138.0
18508,White Sands Missile Range,39.4404,-79.4924,West Virginia,28,138.0,138.0
18509,Johnsville,39.501,-79.558,West Virginia,28,138.0,138.0
18510,China,39.466,-79.8171,West Virginia,28,138.0,138.0
18511,Northwood Cust,39.313,-79.7265,West Virginia,28,138.0,138.0
18512,Meadowview,39.4089,-79.8629,West Virginia,28,138.0,138.0
18513,Robinson Road,38.6671,-81.8468,West Virginia,28,138.0,138.0
18514,Osawatomie,38.6183,-81.9415,West Virginia,28,138.0,138.0
18515,Lemon Creek,38.5387,-81.9593,West Virginia,28,138.0,138.0
18516,John Amos,38.4902,-81.8751,West Virginia,28,138.0,138.0
18517,Consumers Energy,38.4585,-81.7505,West Virginia,28,138.0,138.0
18518,Little River,38.5535,-81.9096,West Virginia,28,138.0,138.0
18519,Alfalfa,38.5786,-81.8697,West Virginia,28,138.0,138.0
18520,Roberts Bills-Wilmont,38.505,-81.9103,West Virginia,28,138.0,138.0
18521,Cpi Usa Nc Southport,38.4404,-81.8982,West Virginia,28,138.0,138.0
18522,Orange Bulk,38.4463,-81.9652,West Virginia,28,138.0,138.0
18523,Ramey Field 2 7006,38.5012,-81.9602,West Virginia,28,138.0,138.0
18524,Ball Park,38.5807,-81.9498,West Virginia,28,138.0,138.0
18525,Peters Mountain,38.5353,-81.8385,West Virginia,28,138.0,138.0
18526,Dunlavy,37.847,-81.1076,West Virginia,28,138.0,138.0
18527,Phillips Petroleum,37.7571,-80.954,West Virginia,28,138.0,138.0
18528,Devils Lake,37.7147,-81.1495,West Virginia,28,138.0,138.0
18529,Warner Lambert,37.9204,-81.2974,West Virginia,28,138.0,138.0
18530,Bethlehem,37.8366,-81.2563,West Virginia,28,138.0,138.0
18531,Bradley,37.869,-81.246,West Virginia,28,138.0,138.0
18532,Jersey,37.8497,-81.2667,West Virginia,28,345.0,345.0
18533,Stanhill,37.6926,-81.0362,West Virginia,28,138.0,138.0
18534,Sophia,37.6824,-81.1957,West Virginia,28,138.0,138.0
18535,Gadsden,37.6045,-81.0943,West Virginia,28,138.0,138.0
18536,West Palm Beach,37.6156,-80.9748,West Virginia,28,138.0,138.0
18537,Affinity,37.7389,-81.2557,West Virginia,28,138.0,138.0
18538,Palm Aire,37.7561,-81.3063,West Virginia,28,138.0,138.0
18539,South Meadow 2,37.6721,-81.1013,West Virginia,28,138.0,138.0
18540,Cherry Creek,37.6892,-81.0947,West Virginia,28,138.0,138.0
18541,Domtar - Woodland Mill,37.6569,-81.041,West Virginia,28,138.0,138.0
18542,Niagra Paper Of Wisconsin,37.7909,-81.4775,West Virginia,28,138.0,138.0
18543,Thief River Falls,37.6857,-80.9154,West Virginia,28,138.0,138.0
18544,Hinton Ap,37.6591,-80.8739,West Virginia,28,345.0,138.0
18545,Schertz,37.6502,-80.8054,West Virginia,28,138.0,138.0
18546,Poplar Gap,37.7214,-81.4097,West Virginia,28,138.0,138.0
18547,Hoefsroa2,37.7903,-81.3762,West Virginia,28,138.0,138.0
18548,Dyer Rd. Altamont,37.8909,-81.5205,West Virginia,28,138.0,138.0
18549,Stony Point,37.8709,-81.3826,West Virginia,28,138.0,138.0
18550,Betsy Layne,37.8141,-81.0352,West Virginia,28,138.0,138.0
18551,Dawn,37.7489,-80.9879,West Virginia,28,138.0,138.0
18552,Drain,37.705,-80.9762,West Virginia,28,138.0,138.0
18553,Camanche,37.697,-81.3631,West Virginia,28,138.0,138.0
18554,Stotesbury,37.699,-81.276,West Virginia,28,138.0,138.0
18555,Eaton Park,37.7736,-81.3378,West Virginia,28,138.0,138.0
18556,Delco Tap,38.7887,-79.8861,West Virginia,28,138.0,138.0
18557,Hialeah,38.8352,-79.8292,West Virginia,28,138.0,138.0
18558,Glenshire,38.7496,-79.8415,West Virginia,28,345.0,138.0
18559,Alamogordo Solar Energy Center,38.8228,-80.019,West Virginia,28,138.0,138.0
18560,Pingston,39.0014,-79.777,West Virginia,28,138.0,138.0
18561,North Edinburg,38.972,-79.8551,West Virginia,28,138.0,138.0
18562,Lcec No. 25,38.9819,-79.7412,West Virginia,28,138.0,138.0
18563,Essex Hilltop,38.9738,-79.5904,West Virginia,28,138.0,138.0
18564,Butler Municipal Power Plant,38.8025,-79.5702,West Virginia,28,138.0,138.0
18565,Piper,38.5852,-79.9293,West Virginia,28,138.0,138.0
18566,Mcgen,38.6768,-79.8808,West Virginia,28,138.0,138.0
18567,Rainberry,38.5978,-79.972,West Virginia,28,138.0,138.0
18568,M.L. Hibbard S.E. Station,38.7296,-80.0561,West Virginia,28,138.0,138.0
18569,Graham,38.6924,-80.1046,West Virginia,28,138.0,138.0
18570,Deridder Mill,38.4968,-80.0579,West Virginia,28,138.0,138.0
18571,Tichigan,39.2483,-81.1679,West Virginia,28,138.0,138.0
18572,Sandario,39.1675,-81.0738,West Virginia,28,138.0,138.0
18573,John Street 1 3 4 & 5,39.0659,-81.0325,West Virginia,28,138.0,138.0
18574,Randall Street,39.2955,-81.083,West Virginia,28,138.0,138.0
18575,Fiberboard,38.7077,-81.4637,West Virginia,28,138.0,138.0
18576,Airchem,38.6322,-81.1832,West Virginia,28,138.0,138.0
18577,Gales Ferry,38.6378,-81.2697,West Virginia,28,138.0,138.0
18578,Windrock,38.8204,-81.3569,West Virginia,28,138.0,138.0
18579,Las Vegas 6306,38.7979,-81.5188,West Virginia,28,138.0,138.0
18580,Walter Scott Energy Center,38.6794,-81.3627,West Virginia,28,138.0,138.0
18581,Yelm,38.7983,-81.3017,West Virginia,28,345.0,345.0
18582,Rensselaer Cogen,38.7361,-81.2663,West Virginia,28,138.0,138.0
18583,Gainesville Renewable Energy Center,38.6163,-81.4499,West Virginia,28,138.0,138.0
18584,Tarpon Springs,38.7376,-81.3925,West Virginia,28,138.0,138.0
18585,Wimbledon,37.5842,-81.0322,West Virginia,28,138.0,138.0
18586,Wfec Genco Llc,39.1009,-79.4483,West Virginia,28,138.0,138.0
18587,Bee Creek,39.1092,-79.3593,West Virginia,28,138.0,138.0
18588,Anita,39.0272,-79.4747,West Virginia,28,138.0,138.0
18589,Paddy'S Run,39.1294,-79.5608,West Virginia,28,138.0,138.0
18590,Bodo,39.1654,-79.7596,West Virginia,28,138.0,138.0
18591,Titans,39.1872,-79.6898,West Virginia,28,138.0,138.0
18592,Mass,39.1064,-79.6367,West Virginia,28,138.0,138.0
18593,Ellington,39.4206,-80.8137,West Virginia,28,138.0,138.0
18594,Pomona Park,39.5279,-80.7408,West Virginia,28,138.0,138.0
18595,Scobie Pond,39.549,-80.8517,West Virginia,28,138.0,138.0
18596,First St Tap,39.6192,-80.9213,West Virginia,28,138.0,138.0
18597,Exeter Energy Lp,39.5008,-80.9453,West Virginia,28,138.0,138.0
18598,Blackrock,39.5789,-80.9718,West Virginia,28,138.0,138.0
18599,Eastom,39.4755,-81.0362,West Virginia,28,138.0,138.0
18600,Bel Air,38.9293,-80.4328,West Virginia,28,138.0,138.0
18601,Ojo,38.8815,-80.2787,West Virginia,28,138.0,138.0
18602,U.T.S.A,38.737,-80.3002,West Virginia,28,138.0,138.0
18603,Stanford,38.8124,-80.3426,West Virginia,28,138.0,138.0
18604,Grand Ronde,38.7507,-80.1769,West Virginia,28,138.0,138.0
18605,Whites Creek,38.8573,-80.1652,West Virginia,28,138.0,138.0
18606,South Point,38.4171,-82.5682,West Virginia,28,138.0,138.0
18607,40Th Street,37.9323,-82.3676,West Virginia,28,138.0,138.0
18608,Surrey,38.0507,-82.3291,West Virginia,28,138.0,138.0
18609,Ordway,38.2485,-82.3511,West Virginia,28,138.0,138.0
18610,Walton,38.1688,-82.4593,West Virginia,28,138.0,138.0
18611,Piercefield,38.1504,-82.5355,West Virginia,28,138.0,138.0
18612,Freeborn,38.1739,-82.4902,West Virginia,28,138.0,138.0
18613,Packaging Of America Tomahawk Mill,38.0863,-82.512,West Virginia,28,138.0,138.0
18614,Smithtown,38.0927,-82.3997,West Virginia,28,138.0,138.0
18615,Ceredo Generating Station,38.3681,-82.5515,West Virginia,28,138.0,138.0
18616,Washington Parish Energy Center,38.3864,-82.5191,West Virginia,28,138.0,138.0
18617,Mcgill,38.3498,-82.4852,West Virginia,28,138.0,138.0
18618,Mattoon East,38.3506,-82.4343,West Virginia,28,138.0,138.0
18619,Big Sandy,38.1483,-82.632,West Virginia,28,138.0,138.0
18620,Fortson,38.1827,-82.5848,West Virginia,28,138.0,138.0
18621,Kernville,38.2535,-82.5311,West Virginia,28,138.0,138.0
18622,Glennville,38.1663,-82.3878,West Virginia,28,345.0,138.0
18623,South Canton 2,38.2423,-82.4435,West Virginia,28,138.0,138.0
18624,Holtsville Mgu,38.2022,-82.4511,West Virginia,28,138.0,138.0
18625,Livingston County,38.4003,-80.555,West Virginia,28,138.0,138.0
18626,Alger,38.4454,-80.4329,West Virginia,28,138.0,138.0
18627,R Gallagher,38.3662,-80.5463,West Virginia,28,138.0,138.0
18628,Elliott,38.6362,-80.4263,West Virginia,28,138.0,138.0
18629,Las Pulgas,38.5927,-80.3012,West Virginia,28,138.0,138.0
18630,Loon Lake,38.5348,-80.2487,West Virginia,28,138.0,138.0
18631,East Plant,38.5925,-80.3453,West Virginia,28,138.0,138.0
18632,Scranton,39.6856,-80.5221,West Virginia,28,138.0,138.0
18633,Dupont,39.6711,-80.4066,West Virginia,28,138.0,138.0
18634,Kaukauna Paper Mill,39.613,-80.5203,West Virginia,28,138.0,138.0
18635,Emerald Lake,39.7551,-80.5842,West Virginia,28,138.0,138.0
18636,Lakeover,39.4364,-80.6365,West Virginia,28,138.0,138.0
18637,Alliant Sbd 9801 Aegon Martha'S Way,39.4989,-80.599,West Virginia,28,138.0,138.0
18638,East County,38.8918,-81.4053,West Virginia,28,138.0,138.0
18639,Progress Park,39.1692,-81.275,West Virginia,28,138.0,138.0
18640,Thermopolis,39.1794,-81.4503,West Virginia,28,138.0,138.0
18641,Dluzerne,39.2474,-81.38,West Virginia,28,138.0,138.0
18642,Rindal,39.0807,-81.7652,West Virginia,28,138.0,138.0
18643,North Salt Lake,39.1289,-81.7463,West Virginia,28,138.0,138.0
18644,Nilles Corner,39.1504,-81.4008,West Virginia,28,138.0,138.0
18645,Amea Peaking,39.2225,-81.4507,West Virginia,28,138.0,138.0
18646,Brookfield Power Glen Falls Hydro,38.9981,-81.5481,West Virginia,28,138.0,138.0
18647,Poynette,39.1333,-81.5792,West Virginia,28,138.0,138.0
18648,Poole Ph,39.1513,-81.5672,West Virginia,28,138.0,138.0
18649,Oelwein,39.2005,-81.6341,West Virginia,28,138.0,138.0
18650,Charca,39.1885,-81.5177,West Virginia,28,138.0,138.0
18651,Orenco,39.1901,-81.5984,West Virginia,28,345.0,345.0
18652,Wnp 1,39.2486,-81.5633,West Virginia,28,138.0,138.0
18653,Richard Gorsuch,39.3766,-81.4884,West Virginia,28,138.0,138.0
18654,Deltrail,39.2314,-81.4845,West Virginia,28,138.0,138.0
18655,Chilliwick,39.3084,-81.5328,West Virginia,28,345.0,345.0
18656,Roaring Fork,39.3149,-81.507,West Virginia,28,138.0,1.0
18657,Kernridge,39.36,-81.567,West Virginia,28,138.0,138.0
18658,Diablo Canyon,39.4003,-81.5552,West Virginia,28,138.0,138.0
18659,Villa Prades 1335,39.1518,-81.666,West Virginia,28,138.0,138.0
18660,White Pine,39.2634,-81.6003,West Virginia,28,138.0,138.0
18661,Richardsville,39.3035,-81.6795,West Virginia,28,138.0,138.0
18662,Zeeland Generating Station,39.3448,-81.4553,West Virginia,28,138.0,138.0
18663,Trinity,39.3292,-81.5124,West Virginia,28,138.0,138.0
18664,Martinez,39.394,-81.4955,West Virginia,28,138.0,138.0
18665,Baileysville,37.5637,-81.6483,West Virginia,28,138.0,138.0
18666,56Th Street,37.8026,-81.7128,West Virginia,28,138.0,138.0
18667,Oceana,37.6653,-81.6555,West Virginia,28,138.0,138.0
18668,Taylorville South,37.5643,-81.7649,West Virginia,28,138.0,138.0
18669,Pad Fork,37.5291,-81.7318,West Virginia,28,138.0,138.0
18670,Minot Wind Project,37.7601,-81.6513,West Virginia,28,138.0,138.0
18671,Itmann,37.5957,-81.4712,West Virginia,28,138.0,138.0
18672,Clam River Dam,37.651,-81.4337,West Virginia,28,138.0,138.0
18673,Sea Island,37.6238,-81.4045,West Virginia,28,138.0,138.0
18674,Kopperston,37.7504,-81.5108,West Virginia,28,138.0,138.0
18675,Park,37.8322,-81.4506,West Virginia,28,138.0,138.0
18676,Mcgraws,37.7039,-81.5067,West Virginia,28,345.0,345.0
18677,Mullensville,37.5791,-81.5376,West Virginia,28,138.0,138.0
18678,Crows Landing,37.5181,-81.5724,West Virginia,28,138.0,138.0
18679,Jewfish Creek,37.6999,-81.5709,West Virginia,28,138.0,138.0
18680,Hughesair,38.4007,-81.7402,West Virginia,28,138.0,1.0
18681,Renton Junction,38.2535,-81.5851,West Virginia,28,138.0,13.8
18682,Brooks Field,39.1748,-79.2228,West Virginia,28,138.0,13.8
18683,Jim Hill,39.7521,-80.837,West Virginia,28,345.0,1.0
18684,Hannibal Port Power Project,39.6754,-80.861,West Virginia,28,138.0,13.8
18685,Buckley Current,38.2434,-80.8677,West Virginia,28,345.0,13.8
18686,Amos,38.4579,-81.8228,West Virginia,28,345.0,13.8
18687,South Milford,38.988,-81.9103,West Virginia,28,345.0,13.8
18688,Firstenergy Fort Martin Power Station,39.708,-79.9404,West Virginia,28,345.0,13.8
18689,Morgantown Energy Facility,39.6359,-79.9638,West Virginia,28,345.0,138.0
18690,Winfield,38.5186,-81.9039,West Virginia,28,138.0,13.8
18691,Greenland Gap,39.2103,-79.2136,West Virginia,28,345.0,1.0
18692,State Line Combined Cycle,39.3476,-81.2713,West Virginia,28,345.0,13.8
18693,Harrison,39.3786,-80.3321,West Virginia,28,345.0,1.0
18694,Cabin Creek,38.2197,-81.454,West Virginia,28,345.0,13.8
18695,Hawks Nest Hydro,38.1402,-81.1963,West Virginia,28,345.0,13.8
18696,Mountaineer Wind Energy Center,39.175,-79.5355,West Virginia,28,345.0,13.8
18697,Stevensville,39.1891,-79.2597,West Virginia,28,345.0,13.8
18698,Kammer,39.8671,-80.8274,West Virginia,28,345.0,13.8
18699,Hassayampa Tap,39.6846,-79.9192,West Virginia,28,345.0,1.0
18700,Grant Town Power Plant,39.5625,-80.1507,West Virginia,28,345.0,13.8
18701,London,38.231,-81.3544,West Virginia,28,138.0,138.0
18702,Castle Gardens,38.9968,-79.8653,West Virginia,28,345.0,345.0
18703,Dean Forest,39.1075,-81.7313,West Virginia,28,138.0,1.0
18704,Beech Ridge Energy Llc,38.0491,-80.4961,West Virginia,28,345.0,1.0
18705,Tristate,38.3511,-82.545,West Virginia,28,345.0,1.0
18706,Dollarhide,39.3499,-81.3671,West Virginia,28,345.0,13.8
18707,Sporn,38.955,-81.9475,West Virginia,28,345.0,13.8
18708,Prison Hill,39.8218,-80.8229,West Virginia,28,345.0,13.8
18709,Pleasant Valley Pumps,38.3438,-82.644,West Virginia,28,345.0,345.0
18710,Huston,38.7057,-83.3956,Ohio,29,100.0,100.0
18711,Spearman City,38.7167,-83.6897,Ohio,29,100.0,100.0
18712,J M Stuart,38.648,-83.6997,Ohio,29,100.0,100.0
18713,Mount Horeb,38.8543,-83.2194,Ohio,29,100.0,100.0
18714,Allendale Biomass,39.0014,-83.3755,Ohio,29,230.0,230.0
18715,Mannum,39.0484,-83.3229,Ohio,29,100.0,100.0
18716,Pittsburg,38.672,-83.2415,Ohio,29,100.0,100.0
18717,Moscow,38.7858,-83.5759,Ohio,29,100.0,100.0
18718,Barron,38.8799,-83.5479,Ohio,29,100.0,100.0
18719,Harvest Power Orlando,39.0282,-83.6116,Ohio,29,100.0,100.0
18720,Crawfordville,38.9179,-83.6441,Ohio,29,100.0,100.0
18721,Willakenzie,39.1725,-82.2555,Ohio,29,100.0,100.0
18722,Pigeon Creek Trans,39.1733,-82.3212,Ohio,29,100.0,100.0
18723,Mcdonald,39.2795,-82.0617,Ohio,29,100.0,100.0
18724,Moapa,39.3206,-82.1663,Ohio,29,100.0,100.0
18725,Wagon Mound,39.3401,-82.0013,Ohio,29,100.0,100.0
18726,Vernon Hill,39.3638,-82.0725,Ohio,29,230.0,1.0
18727,Meridian Street,39.2359,-81.874,Ohio,29,100.0,100.0
18728,Vacaville Tap,39.2763,-81.8101,Ohio,29,100.0,100.0
18729,Trimble,39.5002,-82.0573,Ohio,29,100.0,100.0
18730,Plains,39.4799,-82.1262,Ohio,29,100.0,100.0
18731,Lucas Co,39.2592,-81.6632,Ohio,29,100.0,100.0
18732,North Haven,39.4399,-82.2431,Ohio,29,100.0,100.0
18733,Greens Bayou 345,39.5131,-82.1827,Ohio,29,100.0,100.0
18734,Poplar-Antelope,39.4001,-82.2575,Ohio,29,100.0,1.0
18735,Ellensburg,39.4273,-82.0936,Ohio,29,100.0,100.0
18736,Cole,40.3044,-84.349,Ohio,29,100.0,100.0
18737,Model City Energy Facility,40.396,-83.9876,Ohio,29,100.0,100.0
18738,Higg,40.6171,-83.9166,Ohio,29,100.0,100.0
18739,Amsterdam,40.444,-84.407,Ohio,29,100.0,100.0
18740,West Moulton,40.5809,-84.3398,Ohio,29,100.0,100.0
18741,Mcewen,40.5587,-84.3875,Ohio,29,100.0,100.0
18742,St. Thomas Hospital,40.5329,-84.3879,Ohio,29,230.0,100.0
18743,Peru,40.5723,-84.1937,Ohio,29,100.0,100.0
18744,North Weslaco,40.5905,-84.1698,Ohio,29,230.0,230.0
18745,Kalamazoo,40.5816,-84.2489,Ohio,29,100.0,100.0
18746,Raymond F. Barker,40.4748,-84.148,Ohio,29,100.0,100.0
18747,Stuart Ne,39.9356,-81.1436,Ohio,29,230.0,230.0
18748,Amherst,40.0678,-81.1281,Ohio,29,100.0,100.0
18749,Speidel,40.0116,-81.1461,Ohio,29,100.0,100.0
18750,West Bellaire,40.0015,-80.8061,Ohio,29,230.0,1.0
18751,Bellaire Op,40.0639,-80.7632,Ohio,29,100.0,100.0
18752,Pocket,39.9688,-81.0347,Ohio,29,100.0,100.0
18753,Gable,40.2739,-80.766,Ohio,29,100.0,100.0
18754,Wise,40.1873,-81.1043,Ohio,29,100.0,100.0
18755,Orovada,39.8578,-80.9512,Ohio,29,100.0,100.0
18756,Overlake,40.1253,-80.7172,Ohio,29,100.0,100.0
18757,Hollis,40.136,-80.7766,Ohio,29,230.0,230.0
18758,Kammer 2,39.8266,-80.8027,Ohio,29,100.0,1.0
18759,Pisgah,40.1944,-80.7387,Ohio,29,100.0,100.0
18760,Ryegate Power Station,40.0695,-80.9251,Ohio,29,100.0,100.0
18761,Glencoe,40.0397,-80.9183,Ohio,29,100.0,100.0
18762,Honeyville,40.1026,-80.8481,Ohio,29,100.0,100.0
18763,Cuyamungue,40.1276,-80.9414,Ohio,29,100.0,100.0
18764,Aidlin,39.9311,-80.8826,Ohio,29,100.0,100.0
18765,Villa Terrace Wrec,38.9159,-84.0427,Ohio,29,100.0,100.0
18766,White Springs,38.9622,-84.1107,Ohio,29,100.0,100.0
18767,Larrabee Road,38.9941,-84.0969,Ohio,29,100.0,100.0
18768,Pinetree,39.3572,-84.0196,Ohio,29,230.0,230.0
18769,Church Rock,39.2184,-83.9719,Ohio,29,100.0,100.0
18770,South Park,38.8473,-84.1883,Ohio,29,100.0,100.0
18771,Avery Ranch,39.0087,-83.9755,Ohio,29,100.0,100.0
18772,Pleasure Ridge,38.8391,-83.8889,Ohio,29,230.0,230.0
18773,Galeville,39.1432,-83.5503,Ohio,29,230.0,230.0
18774,Villas De Castro 3013,39.1623,-83.5312,Ohio,29,100.0,100.0
18775,Hospital,39.1437,-83.5734,Ohio,29,100.0,100.0
18776,Foothill Placer,39.2157,-83.5931,Ohio,29,100.0,100.0
18777,Broomfield,39.2386,-83.821,Ohio,29,100.0,100.0
18778,Luna,39.2447,-83.7212,Ohio,29,100.0,100.0
18779,Pinckneyville Station,39.1337,-83.8237,Ohio,29,100.0,100.0
18780,Wps Power Niagara,39.0608,-83.9758,Ohio,29,100.0,100.0
18781,Southwest Hartford,38.8093,-83.7872,Ohio,29,100.0,100.0
18782,Orinda,38.7541,-83.7523,Ohio,29,100.0,100.0
18783,Seco,39.046,-83.8167,Ohio,29,100.0,100.0
18784,Berkeley,39.0452,-84.0723,Ohio,29,100.0,100.0
18785,Adirondack,39.174,-84.4406,Ohio,29,100.0,100.0
18786,Cougar,39.2474,-84.462,Ohio,29,100.0,100.0
18787,Priest River,39.3359,-84.293,Ohio,29,100.0,100.0
18788,Stock Island,39.2978,-84.4448,Ohio,29,100.0,100.0
18789,Limon Wind 1,39.3346,-84.3709,Ohio,29,100.0,100.0
18790,San Bruno,39.2298,-84.3918,Ohio,29,100.0,100.0
18791,Becker,39.3215,-84.5031,Ohio,29,100.0,100.0
18792,Rio Vista,39.2984,-84.5876,Ohio,29,100.0,100.0
18793,Guion,39.2834,-84.5564,Ohio,29,100.0,100.0
18794,Medicine Lake,39.4023,-84.4742,Ohio,29,100.0,100.0
18795,Church Rock Tap,39.6766,-84.4201,Ohio,29,100.0,100.0
18796,Quartz,39.4688,-84.4622,Ohio,29,100.0,100.0
18797,Boost,39.4035,-84.508,Ohio,29,100.0,100.0
18798,Scottsboro,39.3752,-84.4226,Ohio,29,100.0,100.0
18799,Hamilton Peaking,39.365,-84.5006,Ohio,29,230.0,100.0
18800,Kirksville,39.3789,-84.4496,Ohio,29,100.0,100.0
18801,Wellington 1,39.4622,-84.7184,Ohio,29,230.0,230.0
18802,Midpoint 2,39.4352,-84.6442,Ohio,29,100.0,100.0
18803,O'Brien,39.3975,-84.6725,Ohio,29,230.0,230.0
18804,Mccoll Road,39.4302,-84.6867,Ohio,29,100.0,100.0
18805,Hamilton Hydro,39.4118,-84.5502,Ohio,29,100.0,100.0
18806,Ibm Cottle Tap,39.5001,-84.5709,Ohio,29,100.0,100.0
18807,Glebe,39.4131,-84.5811,Ohio,29,100.0,100.0
18808,Salt Wells,39.5584,-84.4754,Ohio,29,100.0,100.0
18809,Jewett,39.5721,-84.3738,Ohio,29,230.0,100.0
18810,Morristown,39.4899,-84.4028,Ohio,29,100.0,100.0
18811,Middletown Coke Company Llc,39.4668,-84.3937,Ohio,29,100.0,100.0
18812,Louis Doc Bonin,39.4961,-84.3936,Ohio,29,100.0,100.0
18813,Wheelabrator Bridgeport,39.4896,-84.4481,Ohio,29,100.0,100.0
18814,Wausau Paper Middletown,39.5235,-84.3779,Ohio,29,100.0,1.0
18815,Cle Elum,39.4137,-84.3583,Ohio,29,100.0,100.0
18816,Railway,39.4389,-84.7689,Ohio,29,100.0,100.0
18817,Havasu,39.4925,-84.7401,Ohio,29,100.0,100.0
18818,Donner,39.5033,-84.6211,Ohio,29,100.0,100.0
18819,Anaconda,39.4355,-84.5132,Ohio,29,100.0,100.0
18820,Ossining,39.5126,-84.4632,Ohio,29,100.0,100.0
18821,Kemah,39.3302,-84.4649,Ohio,29,100.0,100.0
18822,Eastland Dist,39.4588,-84.4428,Ohio,29,100.0,100.0
18823,Port Union,39.3269,-84.4402,Ohio,29,230.0,230.0
18824,Contra Costa,39.3233,-84.5318,Ohio,29,100.0,100.0
18825,Tuscaloosa T.S,40.3327,-80.8638,Ohio,29,100.0,100.0
18826,Carrollton,40.5833,-81.0907,Ohio,29,100.0,100.0
18827,Aqualinda,40.5959,-81.05,Ohio,29,230.0,100.0
18828,Mckinney,40.3085,-81.1925,Ohio,29,100.0,100.0
18829,Domhill,40.5005,-81.2532,Ohio,29,100.0,100.0
18830,Washington Avenue,40.5751,-81.2686,Ohio,29,100.0,100.0
18831,Desert Road,40.4209,-81.1133,Ohio,29,100.0,100.0
18832,Robbinsville,40.1347,-83.5782,Ohio,29,100.0,100.0
18833,Boyds Mill Hydro,40.2208,-83.9304,Ohio,29,100.0,100.0
18834,Sutter,40.0883,-83.4798,Ohio,29,100.0,100.0
18835,Mechanicsburg,40.0697,-83.5702,Ohio,29,100.0,100.0
18836,Stagg,39.986,-83.9986,Ohio,29,100.0,100.0
18837,Tomball,39.9718,-84.0855,Ohio,29,100.0,100.0
18838,Barnes,40.23,-83.8299,Ohio,29,100.0,100.0
18839,Loma Vista,40.0458,-83.8867,Ohio,29,100.0,100.0
18840,Indian River,40.0254,-84.0117,Ohio,29,100.0,100.0
18841,Rapid City Dc Tie,40.3203,-84.2274,Ohio,29,100.0,100.0
18842,Firstenergy R E Burger,40.2177,-84.1776,Ohio,29,100.0,100.0
18843,Wagley Robertson,40.3171,-84.1451,Ohio,29,500.0,100.0
18844,East Springfield,39.9234,-83.7643,Ohio,29,100.0,100.0
18845,Windhub,40.1427,-83.7033,Ohio,29,100.0,100.0
18846,Tennessee Ave,40.1093,-83.7762,Ohio,29,100.0,100.0
18847,North Oakland,40.129,-83.8179,Ohio,29,230.0,100.0
18848,Dps Ocean Spray,40.2007,-83.7299,Ohio,29,100.0,100.0
18849,Picante,39.7235,-83.7219,Ohio,29,100.0,100.0
18850,Salt Wells Tap,39.8856,-83.99,Ohio,29,100.0,100.0
18851,Farmersville,39.8671,-84.0915,Ohio,29,100.0,100.0
18852,Yellow Springs,39.8102,-83.9642,Ohio,29,100.0,100.0
18853,Enon,39.8255,-84.0043,Ohio,29,230.0,1.0
18854,East Marysville,39.8047,-83.4643,Ohio,29,230.0,1.0
18855,La Joie,39.9518,-83.4361,Ohio,29,100.0,100.0
18856,Sugarloaf,39.829,-83.4718,Ohio,29,100.0,100.0
18857,Central Ephrata,39.8901,-83.5387,Ohio,29,100.0,100.0
18858,Calapooya,39.9832,-83.5882,Ohio,29,100.0,100.0
18859,Ludington,39.9042,-83.7356,Ohio,29,230.0,230.0
18860,Bluebonnet,39.9965,-83.7204,Ohio,29,100.0,100.0
18861,Urbana,40.0853,-83.8141,Ohio,29,100.0,100.0
18862,Cedar Hill,39.9123,-83.8912,Ohio,29,500.0,100.0
18863,Denton West Interchange,39.8622,-83.8393,Ohio,29,100.0,100.0
18864,Pinedale-Rio Linda,39.9997,-83.8235,Ohio,29,100.0,100.0
18865,Hamilton St,40.0206,-83.8233,Ohio,29,100.0,100.0
18866,Fayette Plant 1,39.9641,-83.9347,Ohio,29,100.0,100.0
18867,Great Falls Sc,39.8916,-83.8587,Ohio,29,100.0,100.0
18868,Firstenergy Mad River,39.9036,-83.8203,Ohio,29,100.0,100.0
18869,Pelicano,39.8592,-83.6957,Ohio,29,100.0,100.0
18870,Golden Ring,39.8665,-83.7717,Ohio,29,100.0,100.0
18871,La Grande,39.8296,-83.7028,Ohio,29,100.0,100.0
18872,Brodhead North,39.8742,-83.7462,Ohio,29,100.0,100.0
18873,Pratt,39.7964,-83.8341,Ohio,29,100.0,100.0
18874,Elk Wind Farm,39.002,-84.2571,Ohio,29,230.0,230.0
18875,Pierce,38.9719,-84.3026,Ohio,29,100.0,100.0
18876,Ammonia,38.9592,-84.1845,Ohio,29,100.0,100.0
18877,Woodlawn,39.094,-83.9919,Ohio,29,230.0,230.0
18878,Cherry Grove Switching,39.0712,-84.1768,Ohio,29,500.0,1.0
18879,Thomas,39.0826,-84.0844,Ohio,29,100.0,100.0
18880,Key Biscayne,39.0805,-84.1413,Ohio,29,100.0,100.0
18881,Dead River,39.1084,-84.3254,Ohio,29,100.0,100.0
18882,Fourth Branch Hydroelectric Facility,39.1145,-84.3938,Ohio,29,100.0,100.0
18883,Montana,39.1116,-84.2477,Ohio,29,100.0,100.0
18884,Poteet,39.1549,-84.3961,Ohio,29,100.0,100.0
18885,Golden Sands,39.0693,-84.3151,Ohio,29,100.0,100.0
18886,Paia Hydroelectric Plant,39.0655,-84.3611,Ohio,29,230.0,230.0
18887,Beckjord,39.0077,-84.2966,Ohio,29,100.0,100.0
18888,Rosendale,39.0853,-84.2214,Ohio,29,100.0,100.0
18889,Brook Road,39.019,-84.265,Ohio,29,100.0,100.0
18890,Blackwell,39.2926,-84.0379,Ohio,29,100.0,100.0
18891,Broadway,39.2131,-84.1022,Ohio,29,100.0,100.0
18892,Shredder Tap,39.2355,-84.0745,Ohio,29,100.0,100.0
18893,Andersonville,39.2424,-84.3165,Ohio,29,100.0,100.0
18894,Spence,39.3432,-84.2352,Ohio,29,500.0,1.0
18895,Foster,39.296,-84.2677,Ohio,29,100.0,100.0
18896,Wesmeco,39.3034,-84.1799,Ohio,29,100.0,100.0
18897,New Scotland,39.2716,-84.2891,Ohio,29,230.0,230.0
18898,Idle Hour,39.147,-84.252,Ohio,29,230.0,230.0
18899,Soda Lake,39.167,-84.2374,Ohio,29,100.0,100.0
18900,Cumberland Wi,39.2304,-84.2857,Ohio,29,100.0,100.0
18901,Key West Diesel,39.2606,-84.2057,Ohio,29,100.0,100.0
18902,Loveridge Rd,38.9128,-84.1771,Ohio,29,100.0,100.0
18903,Buda,39.0186,-84.2175,Ohio,29,100.0,100.0
18904,Zimmer,38.8868,-84.2014,Ohio,29,100.0,100.0
18905,Se. Oxford,39.3812,-83.95,Ohio,29,100.0,100.0
18906,Moweaqua,39.6366,-83.7075,Ohio,29,100.0,100.0
18907,Magella,39.6329,-83.7973,Ohio,29,100.0,100.0
18908,Shepard,39.6811,-83.669,Ohio,29,100.0,100.0
18909,Rosenberg,39.4106,-83.4343,Ohio,29,100.0,100.0
18910,Biers Run,39.3256,-83.6005,Ohio,29,100.0,100.0
18911,Dexter,39.306,-83.6796,Ohio,29,100.0,100.0
18912,Forest Avenue Station,39.5223,-83.6369,Ohio,29,100.0,1.0
18913,C.H. Dexter,39.4506,-83.6407,Ohio,29,100.0,100.0
18914,Station F Velasco & Kinetic,39.5235,-84.0464,Ohio,29,100.0,100.0
18915,Sila Ray,39.4414,-83.8003,Ohio,29,100.0,100.0
18916,Wagner Lake,39.4722,-83.9509,Ohio,29,100.0,100.0
18917,Ballinger Humble Pump Exxon,39.4167,-83.8621,Ohio,29,100.0,100.0
18918,Mcgregor Alte,39.4544,-83.8824,Ohio,29,230.0,100.0
18919,Doyle Energy Facility,40.4595,-81.6632,Ohio,29,100.0,100.0
18920,Simms,40.4245,-81.7626,Ohio,29,100.0,100.0
18921,Amherst Jct,40.2696,-81.8406,Ohio,29,100.0,100.0
18922,South Coshocton,40.2596,-81.8711,Ohio,29,100.0,100.0
18923,Rocktenn Coshocton Mill,40.2865,-81.8563,Ohio,29,230.0,230.0
18924,West Coshocton,40.3123,-81.9087,Ohio,29,100.0,100.0
18925,Westover Hills,40.1558,-82.0358,Ohio,29,100.0,100.0
18926,Central Florida,40.0752,-81.9665,Ohio,29,100.0,100.0
18927,Thompson Street,40.1841,-82.2265,Ohio,29,100.0,100.0
18928,Stanton,40.1469,-82.1314,Ohio,29,100.0,100.0
18929,Eklutna,40.4603,-82.0678,Ohio,29,100.0,100.0
18930,Gansner,40.2727,-81.4857,Ohio,29,100.0,100.0
18931,West Millersburg,40.581,-81.907,Ohio,29,230.0,230.0
18932,Lapham,40.5073,-81.8375,Ohio,29,100.0,100.0
18933,Fitchburg,40.5708,-81.8806,Ohio,29,100.0,100.0
18934,West Milersburg,40.5465,-81.9268,Ohio,29,100.0,100.0
18935,Burleson,40.2073,-81.5492,Ohio,29,100.0,100.0
18936,Sub 18936,40.3703,-81.518,Ohio,29,100.0,100.0
18937,Kimball Road,40.343,-82.0377,Ohio,29,100.0,100.0
18938,Calmar,40.2934,-81.7817,Ohio,29,100.0,100.0
18939,Granite Falls,40.2601,-81.6946,Ohio,29,100.0,100.0
18940,Boudoin,40.5163,-83.0927,Ohio,29,100.0,100.0
18941,Sylvan-Antelope,40.6424,-83.1323,Ohio,29,100.0,100.0
18942,Waldo,40.4866,-83.1257,Ohio,29,500.0,230.0
18943,Moss Lake,40.628,-83.1174,Ohio,29,230.0,230.0
18944,Whirlpool Corporation - Marion Wind Farm,40.5887,-83.1564,Ohio,29,100.0,100.0
18945,Rec Bradford,39.9444,-84.4946,Ohio,29,100.0,100.0
18946,Longview,39.9099,-84.5408,Ohio,29,100.0,100.0
18947,Lake Bryan,40.0385,-84.5617,Ohio,29,100.0,100.0
18948,Striker Ind,40.1038,-84.4961,Ohio,29,100.0,100.0
18949,Coyote Point,39.8721,-84.4344,Ohio,29,230.0,100.0
18950,Poso Mountain,40.2041,-84.3675,Ohio,29,100.0,100.0
18951,Animas,40.0642,-84.3912,Ohio,29,100.0,100.0
18952,Bair,40.3825,-84.8141,Ohio,29,100.0,100.0
18953,Arco,40.0967,-84.6456,Ohio,29,100.0,100.0
18954,Indeck Corinth Energy Center,40.1306,-84.619,Ohio,29,100.0,100.0
18955,Union Ridge,40.1417,-84.6583,Ohio,29,100.0,100.0
18958,Websterville,39.97,-84.6724,Ohio,29,100.0,100.0
18959,Wauneta,40.1772,-84.7093,Ohio,29,100.0,100.0
18960,Oconto Falls Upper,40.2745,-84.7598,Ohio,29,100.0,100.0
18961,La Canada,40.3003,-84.5053,Ohio,29,230.0,230.0
18962,Roeder,40.2556,-84.4291,Ohio,29,100.0,100.0
18963,Monte Cristo,40.2122,-84.5354,Ohio,29,100.0,100.0
18964,Grantline-Siefker,40.4613,-82.961,Ohio,29,100.0,100.0
18965,Geysers Tap 7,40.2668,-82.7133,Ohio,29,100.0,100.0
18966,Carmel 146Th St,40.2711,-82.6311,Ohio,29,100.0,100.0
18967,Georgia-Pacific Brewton Mill,40.3126,-82.6812,Ohio,29,100.0,100.0
18968,Shouns,40.3409,-83.1186,Ohio,29,100.0,100.0
18969,Speed,40.3709,-83.0291,Ohio,29,100.0,100.0
18970,Knoll,40.3393,-83.0787,Ohio,29,230.0,230.0
18971,East Holbrook,40.3094,-83.0427,Ohio,29,100.0,100.0
18972,Muddy Ridge,40.2979,-83.142,Ohio,29,100.0,100.0
18973,Hayden,40.0851,-83.172,Ohio,29,100.0,100.0
18974,Pitchgen,40.1238,-83.1622,Ohio,29,100.0,100.0
18975,Puerto De Ponce,40.1569,-83.1441,Ohio,29,100.0,100.0
18976,Big Valley Lumber Co,40.109,-83.1548,Ohio,29,100.0,100.0
18977,Lompoc,40.109,-83.2433,Ohio,29,100.0,100.0
18978,Nelway,40.1448,-83.1159,Ohio,29,100.0,100.0
18979,Ne Irving,40.1764,-82.9311,Ohio,29,100.0,100.0
18980,New Spackenkill,40.1411,-82.573,Ohio,29,100.0,100.0
18981,Rec Newark,40.1592,-82.6362,Ohio,29,230.0,1.0
18982,Owatonna,40.2159,-82.6493,Ohio,29,100.0,100.0
18983,Berrywood,40.2612,-82.9786,Ohio,29,100.0,100.0
18984,Le Grand,40.2411,-82.9584,Ohio,29,100.0,100.0
18985,Lim Rock,40.2104,-82.9658,Ohio,29,100.0,100.0
18986,Gates Wellhead,40.3893,-82.8298,Ohio,29,100.0,100.0
18987,South Knoxville,40.4094,-82.7743,Ohio,29,100.0,100.0
18988,Lyons Falls Hydroelectric,40.1635,-83.3656,Ohio,29,100.0,100.0
18989,Duke,40.2432,-83.4638,Ohio,29,100.0,100.0
18990,Lake Hodges,40.1516,-83.3386,Ohio,29,230.0,230.0
18991,West Gardner,40.225,-83.4029,Ohio,29,100.0,100.0
18992,Toketee,40.331,-83.2344,Ohio,29,100.0,100.0
18993,Hyatt,40.2069,-83.0851,Ohio,29,100.0,100.0
18994,Pacolet Tie,40.1465,-83.068,Ohio,29,100.0,100.0
18995,Allatoona,40.1122,-83.0953,Ohio,29,100.0,100.0
18996,Mustang,40.1294,-83.1113,Ohio,29,100.0,100.0
18997,Oahe,40.3846,-83.309,Ohio,29,100.0,100.0
18998,North Bench,40.4136,-83.2496,Ohio,29,100.0,100.0
18999,Bellingham,40.448,-83.2992,Ohio,29,100.0,100.0
19000,Ellison,40.267,-82.8511,Ohio,29,100.0,100.0
19001,Exceksuir,40.346,-82.8127,Ohio,29,100.0,100.0
19002,Sperling,40.2209,-82.887,Ohio,29,100.0,100.0
19003,Rhinebeck,40.3003,-82.8737,Ohio,29,230.0,230.0
19004,V C Summer,40.1835,-82.8309,Ohio,29,100.0,100.0
19005,Millers Ferry,40.1453,-82.9424,Ohio,29,100.0,100.0
19006,Tulu,39.6435,-82.76,Ohio,29,100.0,100.0
19007,Powerline Elkhorn,39.6863,-82.8429,Ohio,29,100.0,100.0
19008,Westrock Hodge La,39.9131,-82.6223,Ohio,29,100.0,100.0
19009,West Millersport,39.8712,-82.5929,Ohio,29,100.0,100.0
19010,Randle,39.8933,-82.8511,Ohio,29,100.0,100.0
19011,Chapman,39.8247,-82.7415,Ohio,29,100.0,100.0
19012,Welton Mohawk,39.8098,-82.8675,Ohio,29,230.0,230.0
19013,Rancho Santa Fe,39.7429,-82.7375,Ohio,29,100.0,100.0
19014,Circleville,39.5939,-82.9438,Ohio,29,100.0,100.0
19015,Vineyard,39.5624,-82.9762,Ohio,29,100.0,100.0
19016,Cwec Whittenberg,39.5673,-82.8911,Ohio,29,230.0,230.0
19017,15Th Avenue South,39.6132,-82.9233,Ohio,29,100.0,100.0
19018,Benton Harbor,39.6941,-82.4891,Ohio,29,100.0,100.0
19019,Dodd Road,39.7477,-82.5907,Ohio,29,100.0,1.0
19020,Wahiawa,39.7642,-82.5792,Ohio,29,230.0,230.0
19021,Post,39.6666,-82.6098,Ohio,29,100.0,100.0
19022,West Lancaster,39.7108,-82.6661,Ohio,29,100.0,100.0
19023,Millersport,39.896,-82.5336,Ohio,29,100.0,100.0
19024,Interstate,40.045,-82.7237,Ohio,29,100.0,100.0
19025,T.R.A,40.076,-82.7327,Ohio,29,100.0,100.0
19026,Jug Street,40.1033,-82.7339,Ohio,29,100.0,100.0
19027,Tulsa North 2,39.9303,-82.6647,Ohio,29,230.0,100.0
19028,Gosling,39.834,-82.7078,Ohio,29,100.0,100.0
19029,Winding Way-New York,39.8856,-82.7544,Ohio,29,100.0,100.0
19030,Goethe-Mayhew,39.8742,-82.7758,Ohio,29,500.0,230.0
19031,Crescent City,39.9465,-82.7429,Ohio,29,100.0,100.0
19032,Paterson Ferry,39.9101,-82.7524,Ohio,29,100.0,100.0
19033,Cocoplum,39.8583,-82.7864,Ohio,29,100.0,100.0
19034,Wadsworth,39.966,-82.8656,Ohio,29,100.0,100.0
19035,Hiwasee River,39.9859,-82.8931,Ohio,29,230.0,230.0
19036,Chipola,39.9974,-82.7909,Ohio,29,100.0,100.0
19037,Texas Research,39.5948,-82.5327,Ohio,29,100.0,100.0
19038,Mcintosh Combined Cycle Facility,39.8121,-82.3645,Ohio,29,100.0,100.0
19039,Gaucho,39.8894,-82.4064,Ohio,29,100.0,100.0
19040,Sudbury,39.3891,-83.3393,Ohio,29,100.0,100.0
19041,Wyandotte,39.2689,-83.432,Ohio,29,100.0,100.0
19042,Pigeon Forge,39.6566,-83.5378,Ohio,29,100.0,100.0
19043,Caryville,39.7052,-83.3107,Ohio,29,100.0,100.0
19044,Talega,39.6489,-83.3377,Ohio,29,100.0,100.0
19045,Port Edwards Mill,39.479,-83.5037,Ohio,29,100.0,100.0
19046,Calhoun City,39.5197,-83.406,Ohio,29,100.0,100.0
19047,Williams Field,39.5994,-83.4535,Ohio,29,100.0,100.0
19048,Jacks Creek,39.5171,-83.4593,Ohio,29,230.0,1.0
19049,Ductile,39.9618,-82.8016,Ohio,29,100.0,100.0
19050,Kirk,39.9931,-82.6701,Ohio,29,100.0,100.0
19051,Curlew,39.9892,-82.7374,Ohio,29,100.0,100.0
19052,Blue Ribbon,40.0603,-82.7637,Ohio,29,230.0,230.0
19053,Corridor,40.1776,-83.0041,Ohio,29,230.0,230.0
19054,Sugarcreek,40.1092,-83.0675,Ohio,29,230.0,100.0
19055,Huntington,40.0602,-83.0014,Ohio,29,100.0,100.0
19056,Ainsworth Wind,40.0402,-82.9969,Ohio,29,100.0,100.0
19057,Black Creek,40.0865,-82.9902,Ohio,29,100.0,100.0
19058,South Bay,40.1234,-83.0474,Ohio,29,100.0,100.0
19059,North Park,40.1056,-83.0363,Ohio,29,100.0,100.0
19060,Ironwood,40.0442,-82.8973,Ohio,29,100.0,100.0
19061,Penobscot Energy Recovery,40.0372,-82.972,Ohio,29,100.0,100.0
19062,Little Union,40.0133,-83.0197,Ohio,29,100.0,100.0
19063,Morgan County,40.0401,-82.9295,Ohio,29,100.0,1.0
19064,Greg Stbella Vista,40.0005,-82.9154,Ohio,29,100.0,100.0
19065,Fall City,40.0458,-83.0763,Ohio,29,100.0,100.0
19066,Johnair,40.0154,-82.9651,Ohio,29,100.0,100.0
19067,Vernon Street,40.1966,-82.9997,Ohio,29,100.0,100.0
19068,Short Mountain,40.0608,-83.064,Ohio,29,100.0,100.0
19069,East Ridge,40.0801,-83.0997,Ohio,29,100.0,100.0
19070,Ludlow Route 103,40.0215,-82.9458,Ohio,29,100.0,100.0
19071,Parker,40.0843,-82.8694,Ohio,29,100.0,100.0
19072,East Broad Street,39.9828,-82.8349,Ohio,29,100.0,100.0
19073,Hawkins Street,40.1198,-83.0049,Ohio,29,100.0,100.0
19074,Santa Maria,40.1103,-82.8145,Ohio,29,100.0,100.0
19075,Gurabo 3101,40.0357,-82.8211,Ohio,29,100.0,100.0
19076,Taylor,39.9827,-82.7847,Ohio,29,100.0,1.0
19077,Great Works Hydro,40.0626,-82.916,Ohio,29,100.0,100.0
19078,Richard,40.0955,-82.9157,Ohio,29,100.0,100.0
19079,South Broadway,40.0701,-82.9772,Ohio,29,100.0,100.0
19080,Hammer,39.9611,-83.1022,Ohio,29,100.0,100.0
19081,Goodman,39.9866,-82.9878,Ohio,29,100.0,100.0
19082,Halfway,40.0808,-83.0485,Ohio,29,100.0,100.0
19083,North Silver,40.1083,-82.9716,Ohio,29,100.0,100.0
19084,Westinghouse,39.9736,-83.045,Ohio,29,100.0,100.0
19085,Santa Teresa,40.0344,-83.0598,Ohio,29,100.0,100.0
19086,Mariposa,39.9472,-83.0556,Ohio,29,100.0,100.0
19087,Dilles Bottom,40.086,-82.9541,Ohio,29,100.0,100.0
19088,Rush Island,39.9883,-82.9605,Ohio,29,100.0,100.0
19089,Maraschino,39.9663,-83.0691,Ohio,29,100.0,100.0
19090,Talpa,39.9267,-82.9682,Ohio,29,100.0,100.0
19091,Keyes-Fibre Co,40.0101,-83.0427,Ohio,29,230.0,230.0
19092,Reaver,39.9381,-83.0296,Ohio,29,100.0,100.0
19093,Haveda,40.0185,-83.0945,Ohio,29,100.0,100.0
19094,Lucent,39.9787,-82.8059,Ohio,29,230.0,100.0
19095,Rincon,39.9454,-82.8328,Ohio,29,100.0,100.0
19096,Brimley,39.894,-82.7977,Ohio,29,100.0,100.0
19097,West Vaco,39.9154,-83.1464,Ohio,29,100.0,100.0
19098,Pearl Ave,39.9235,-83.0748,Ohio,29,100.0,100.0
19099,St Cloud,39.984,-83.152,Ohio,29,100.0,100.0
19100,Flambeau Solar Partners,39.9994,-83.0677,Ohio,29,100.0,100.0
19101,Sydney Road,39.9589,-83.1236,Ohio,29,100.0,100.0
19102,Estacada,39.9833,-83.0814,Ohio,29,100.0,100.0
19103,Reenergy Black River,39.961,-83.0007,Ohio,29,100.0,100.0
19104,Smith Electrical,39.9899,-83.0124,Ohio,29,100.0,100.0
19105,Vallejo B,40.0127,-82.8908,Ohio,29,100.0,100.0
19106,Rankin Lake,39.9615,-82.9769,Ohio,29,100.0,100.0
19107,Blackberry,39.9096,-82.9017,Ohio,29,100.0,100.0
19108,Caterpillar,39.9623,-82.9364,Ohio,29,100.0,100.0
19109,Wilmington Station C Tap,40.0086,-82.983,Ohio,29,100.0,100.0
19110,Kleburg,39.8737,-83.0215,Ohio,29,100.0,100.0
19111,Carborundum,39.9509,-82.8949,Ohio,29,100.0,100.0
19112,J P Priest,39.9377,-82.913,Ohio,29,230.0,230.0
19113,Avera,39.8347,-82.8701,Ohio,29,100.0,100.0
19114,Chowchilla,39.9625,-82.8938,Ohio,29,100.0,100.0
19115,Central Ohio Bioenergy Plant 1,39.9008,-83.0448,Ohio,29,100.0,100.0
19116,Belridge 1B,39.8543,-83.0344,Ohio,29,100.0,100.0
19117,Salt Springs,39.8962,-82.9873,Ohio,29,100.0,100.0
19118,East Hills,39.982,-82.91,Ohio,29,100.0,100.0
19119,Bixby,39.8971,-82.9241,Ohio,29,100.0,100.0
19120,Pioneer Generating Station,39.9298,-83.2403,Ohio,29,100.0,100.0
19121,Rocky River,39.8975,-83.2497,Ohio,29,100.0,100.0
19122,Cold River,39.9642,-83.2303,Ohio,29,100.0,100.0
19123,Murrietta 2,39.974,-83.2065,Ohio,29,100.0,100.0
19124,Beatty,39.8774,-83.0717,Ohio,29,230.0,230.0
19125,Picway,39.788,-83.0509,Ohio,29,100.0,100.0
19126,Norwich,39.7714,-83.1126,Ohio,29,100.0,100.0
19127,South Side,39.9308,-83.1451,Ohio,29,100.0,100.0
19128,Bolton,39.8911,-83.1283,Ohio,29,100.0,100.0
19129,South Bay 2,39.7629,-82.9067,Ohio,29,100.0,100.0
19130,Brownsville Indl.Pk,40.0974,-83.1706,Ohio,29,230.0,230.0
19131,Getchel,39.9468,-83.1125,Ohio,29,230.0,100.0
19132,Hiawatha,39.9999,-83.1929,Ohio,29,100.0,100.0
19133,Wansley,40.0509,-83.1476,Ohio,29,100.0,100.0
19134,Fishhawk,40.0239,-83.1687,Ohio,29,500.0,1.0
19135,Eugene,39.8262,-82.9751,Ohio,29,100.0,100.0
19136,Mazomanie,40.0337,-82.8672,Ohio,29,100.0,100.0
19137,Schoolcraft,40.042,-82.759,Ohio,29,100.0,100.0
19138,Star City,39.7924,-83.1239,Ohio,29,100.0,100.0
19139,Ballah Switch,39.7911,-83.2156,Ohio,29,100.0,100.0
19140,Skin Fork,39.6921,-83.1776,Ohio,29,100.0,100.0
19141,Seaway,40.1447,-83.2969,Ohio,29,100.0,100.0
19142,Orange Cogeneration Facility,40.1713,-83.2256,Ohio,29,100.0,100.0
19143,Palo Seco,40.0394,-83.2967,Ohio,29,100.0,100.0
19144,New Ulm,40.1372,-82.894,Ohio,29,100.0,100.0
19145,Walsenburg,40.1236,-82.8688,Ohio,29,500.0,1.0
19146,Shingle Creek,40.0601,-82.9668,Ohio,29,230.0,230.0
19147,International Paper Valliant Ok,40.0707,-82.9003,Ohio,29,100.0,100.0
19148,Mesa Heights,38.9355,-82.2065,Ohio,29,100.0,100.0
19149,Metrowest,38.9517,-82.3124,Ohio,29,100.0,100.0
19150,Kenzig,38.5694,-82.2392,Ohio,29,100.0,100.0
19151,Pinn Road,38.716,-82.2474,Ohio,29,100.0,100.0
19152,Willimantic,38.8095,-82.2994,Ohio,29,100.0,100.0
19153,Lafayatte Concord Road,38.7928,-82.2429,Ohio,29,100.0,100.0
19154,Sierra Pacific Industries Bfp,38.8589,-82.3208,Ohio,29,230.0,230.0
19155,Skelton,38.8878,-82.6299,Ohio,29,100.0,100.0
19156,Tiger Tie,38.8535,-82.4282,Ohio,29,100.0,100.0
19157,Hay Mill,38.7236,-82.4003,Ohio,29,100.0,100.0
19158,Jocassee Tie,39.0061,-82.4664,Ohio,29,100.0,100.0
19159,Centerville,39.6282,-84.1464,Ohio,29,100.0,100.0
19160,Sub 19160,39.6313,-83.9714,Ohio,29,100.0,100.0
19161,Sangar,39.8345,-84.1088,Ohio,29,230.0,230.0
19162,Berkeley T,39.8306,-84.0617,Ohio,29,100.0,100.0
19163,New Carlisle,39.9422,-84.0393,Ohio,29,100.0,100.0
19164,Airway,39.8006,-84.0604,Ohio,29,100.0,100.0
19165,Ncpa 3&4,39.8301,-84.1207,Ohio,29,100.0,100.0
19166,Jarales Tap,39.8025,-84.1224,Ohio,29,100.0,100.0
19167,Deshler,39.8167,-84.1725,Ohio,29,100.0,100.0
19168,Ellsworth Hydro Station,39.7421,-84.0355,Ohio,29,100.0,100.0
19169,Bellbrook,39.6397,-84.0905,Ohio,29,100.0,100.0
19170,Trebein,39.6943,-83.9714,Ohio,29,100.0,100.0
19171,Colusa Junction,39.7243,-84.0835,Ohio,29,100.0,100.0
19172,Greene,39.709,-84.0141,Ohio,29,100.0,100.0
19173,Alpha,39.6692,-84.0578,Ohio,29,100.0,100.0
19174,Overlook,39.7282,-84.1481,Ohio,29,100.0,100.0
19175,Bertram,39.6031,-84.0576,Ohio,29,100.0,100.0
19176,Beulah,39.6198,-84.2126,Ohio,29,100.0,100.0
19177,Greenwood Solar Farm,39.6466,-84.1459,Ohio,29,100.0,100.0
19178,Sobrante,39.6668,-84.1406,Ohio,29,100.0,100.0
19179,Sugar Creek,39.5989,-84.1028,Ohio,29,230.0,100.0
19180,Yankee Street,39.5972,-84.199,Ohio,29,100.0,100.0
19181,Fern Street,39.5668,-84.0711,Ohio,29,100.0,100.0
19182,Calderwood,39.6126,-84.0979,Ohio,29,100.0,100.0
19183,West Rutland,39.6052,-83.8566,Ohio,29,100.0,100.0
19184,North Main,39.6519,-83.8788,Ohio,29,100.0,100.0
19185,Guernsey,39.5913,-83.9084,Ohio,29,100.0,100.0
19186,Arab,39.6505,-83.8962,Ohio,29,230.0,230.0
19187,F B Culley,39.8738,-81.5892,Ohio,29,100.0,100.0
19188,Barrett,39.9881,-81.563,Ohio,29,230.0,230.0
19189,Avena Tap 2,40.0581,-81.4713,Ohio,29,100.0,100.0
19190,Westcoast Cellufibre,40.0642,-81.615,Ohio,29,100.0,100.0
19191,Orange River,40.0773,-81.5277,Ohio,29,100.0,100.0
19192,Stafford Junction,40.1924,-81.2974,Ohio,29,100.0,100.0
19193,Browns Valley,40.0876,-81.8069,Ohio,29,100.0,100.0
19194,Fritch,40.0902,-81.7432,Ohio,29,100.0,100.0
19195,Rockingham,39.9886,-81.7031,Ohio,29,100.0,100.0
19196,Mishicot,40.0151,-81.3739,Ohio,29,100.0,100.0
19197,Bodcau Road,39.8951,-81.2433,Ohio,29,100.0,100.0
19198,Wally Road,39.8552,-81.3987,Ohio,29,100.0,1.0
19199,Walnut City,39.2892,-84.6028,Ohio,29,100.0,100.0
19200,Innovation,39.2151,-84.5233,Ohio,29,100.0,100.0
19201,Ely,39.3095,-84.4874,Ohio,29,100.0,100.0
19202,Rochester Hydro,39.2839,-84.3904,Ohio,29,100.0,100.0
19203,Indeck West Enfield Energy Center,39.2367,-84.3593,Ohio,29,100.0,100.0
19204,California Ave,39.3431,-84.61,Ohio,29,100.0,100.0
19205,Five Points,39.2973,-84.639,Ohio,29,100.0,100.0
19206,Odessa,39.2543,-84.551,Ohio,29,100.0,100.0
19207,Terminal,39.2113,-84.4748,Ohio,29,100.0,100.0
19208,Dpc Argyle,39.2555,-84.5255,Ohio,29,230.0,100.0
19209,Rochelle,39.1372,-84.5178,Ohio,29,100.0,100.0
19210,Watson,39.2603,-84.6105,Ohio,29,100.0,100.0
19211,Finneytown,39.2428,-84.4961,Ohio,29,100.0,100.0
19212,Odessa Southwest,39.2154,-84.351,Ohio,29,100.0,100.0
19213,Wood,39.1975,-84.3545,Ohio,29,230.0,230.0
19214,Sonora,39.2641,-84.3596,Ohio,29,100.0,100.0
19215,Fayetteville South,39.2183,-84.4046,Ohio,29,100.0,100.0
19216,Great Lakes Hydro America - Me,39.1944,-84.4452,Ohio,29,100.0,100.0
19217,Willey Battery Utility,39.2854,-84.7007,Ohio,29,100.0,100.0
19218,Mcadams,39.148,-84.6813,Ohio,29,100.0,100.0
19219,Cheek,39.0727,-84.6277,Ohio,29,100.0,100.0
19220,Texsul,39.2183,-84.3243,Ohio,29,100.0,100.0
19221,Gibsonia,39.2033,-84.4354,Ohio,29,230.0,1.0
19222,Deerfield 5,39.1744,-84.5889,Ohio,29,100.0,100.0
19223,Clarence,39.2023,-84.5396,Ohio,29,100.0,100.0
19224,John R Kelly,39.1953,-84.5617,Ohio,29,100.0,100.0
19225,David Swinford,39.1825,-84.5762,Ohio,29,100.0,100.0
19226,Meadowdale,39.1492,-84.536,Ohio,29,230.0,138.0
19227,Bel-Aire,39.2443,-84.2607,Ohio,29,100.0,100.0
19228,Viscount,39.1738,-84.3349,Ohio,29,100.0,100.0
19229,Bridgewater,39.1935,-84.2915,Ohio,29,100.0,100.0
19230,Kenzie Creek,39.1666,-84.5308,Ohio,29,100.0,100.0
19231,Rock Tavern,39.0676,-84.5606,Ohio,29,100.0,100.0
19232,Lucerne,39.2026,-84.6578,Ohio,29,100.0,100.0
19233,Florida'S Natural Growers,39.1599,-84.6407,Ohio,29,100.0,100.0
19234,Sunrise Power,39.1968,-84.6993,Ohio,29,100.0,100.0
19235,Kinmundy,39.0622,-84.7036,Ohio,29,100.0,100.0
19236,Pit 1,39.1023,-84.4651,Ohio,29,100.0,100.0
19237,30Th Ave,39.1275,-84.4582,Ohio,29,100.0,100.0
19238,Ashland,39.1412,-84.4722,Ohio,29,100.0,100.0
19239,Bayou Chico,39.1304,-84.5706,Ohio,29,100.0,100.0
19240,Broken Bow,39.1451,-84.6097,Ohio,29,100.0,100.0
19241,Airport Lane,39.0773,-84.5167,Ohio,29,230.0,1.0
19242,Deland West,39.2163,-84.686,Ohio,29,230.0,230.0
19243,North Belt,39.1536,-84.4197,Ohio,29,230.0,230.0
19244,Ash Street Station 223,39.0712,-84.4136,Ohio,29,100.0,100.0
19245,Charles,39.1069,-84.5231,Ohio,29,100.0,100.0
19246,Lobo,39.186,-84.4711,Ohio,29,100.0,100.0
19247,Ehrlich Road,39.1539,-84.5027,Ohio,29,100.0,100.0
19248,Grs Lyon,39.2661,-84.6662,Ohio,29,100.0,100.0
19249,Teche,39.143,-84.308,Ohio,29,100.0,100.0
19250,Silver Creek,39.0171,-84.7127,Ohio,29,100.0,100.0
19251,Interbay,39.1498,-84.7222,Ohio,29,100.0,100.0
19252,Wagon Wheel,39.2054,-84.5076,Ohio,29,100.0,100.0
19253,Plymouth 3,39.15,-84.5738,Ohio,29,100.0,100.0
19254,Boswell Dairy Ave,39.0198,-84.5071,Ohio,29,100.0,100.0
19255,Oulu,39.0946,-84.5729,Ohio,29,100.0,100.0
19256,Refinery,39.0343,-84.6659,Ohio,29,100.0,100.0
19257,Oak Park,39.0815,-84.6637,Ohio,29,230.0,138.0
19258,P & W Aircraft,39.1357,-84.6705,Ohio,29,230.0,138.0
19259,Upr,39.1056,-84.5577,Ohio,29,100.0,100.0
19260,Gleason,39.1164,-84.3747,Ohio,29,100.0,100.0
19261,Silver Grove,39.0144,-84.3867,Ohio,29,100.0,100.0
19262,Everglades City,39.0511,-84.3799,Ohio,29,100.0,100.0
19263,Plant X,39.0198,-84.4203,Ohio,29,100.0,100.0
19264,Mwd Eastside Res Tap,39.2604,-84.7872,Ohio,29,100.0,100.0
19265,Southpac,39.1725,-84.713,Ohio,29,100.0,100.0
19266,Stevens Drive,39.3126,-84.7333,Ohio,29,100.0,100.0
19267,Bridgehampton,39.181,-84.7672,Ohio,29,100.0,1.0
19268,South Mission,39.1332,-84.8098,Ohio,29,100.0,100.0
19269,Sun Harbor,40.5272,-83.7372,Ohio,29,100.0,100.0
19270,Cherokee County Cogen,40.5725,-83.3764,Ohio,29,100.0,100.0
19271,Plaster,40.5364,-83.5006,Ohio,29,100.0,100.0
19272,East Orange,40.436,-80.9311,Ohio,29,100.0,100.0
19273,South Cadiz,40.2305,-80.9873,Ohio,29,100.0,100.0
19274,Steensen Ss 109,40.2986,-80.9853,Ohio,29,230.0,230.0
19275,Drouet,40.3384,-81.2935,Ohio,29,230.0,230.0
19276,Dennison,40.3777,-81.3375,Ohio,29,100.0,100.0
19277,Goodrich,39.1644,-83.3574,Ohio,29,100.0,100.0
19278,Radfords Run Wind Farm,39.2145,-83.2154,Ohio,29,100.0,100.0
19279,Chouteau,39.4186,-82.6624,Ohio,29,100.0,100.0
19280,Cal Cement,39.4543,-82.7224,Ohio,29,100.0,100.0
19281,Jack Ramey Wind,39.4839,-82.4495,Ohio,29,500.0,230.0
19282,Charco Hondo 8008,39.4656,-82.4395,Ohio,29,100.0,100.0
19283,Steel Sun,39.5455,-82.3277,Ohio,29,100.0,100.0
19284,Sasco Creek,40.5253,-81.6953,Ohio,29,100.0,100.0
19285,Fort King,40.5657,-81.6528,Ohio,29,100.0,100.0
19286,Bandy,39.2501,-83.0497,Ohio,29,100.0,100.0
19287,Ames Gt,39.3426,-82.9691,Ohio,29,100.0,100.0
19288,Great Lakes,39.2473,-82.9478,Ohio,29,500.0,230.0
19289,Harding,39.3355,-83.0575,Ohio,29,100.0,100.0
19290,Southside Tap,39.3458,-83.0199,Ohio,29,230.0,230.0
19291,Janesville General,39.0879,-82.5998,Ohio,29,230.0,230.0
19292,Descanso,38.8791,-82.751,Ohio,29,100.0,100.0
19293,Sunnyvale,39.0587,-82.7515,Ohio,29,100.0,100.0
19294,Parkchester,39.0298,-82.6732,Ohio,29,100.0,100.0
19295,20Th St,39.1591,-82.5814,Ohio,29,100.0,100.0
19296,Roman Nose,39.0941,-82.6431,Ohio,29,100.0,100.0
19297,Castle,39.0689,-82.5004,Ohio,29,100.0,100.0
19298,Holt Switch,40.5189,-80.7831,Ohio,29,100.0,100.0
19299,Twin Lakes,40.4711,-80.7295,Ohio,29,100.0,100.0
19300,Rigby,40.455,-80.6747,Ohio,29,100.0,100.0
19301,Valmy,40.3634,-80.6987,Ohio,29,100.0,100.0
19302,Hammond Station,40.3942,-80.7243,Ohio,29,100.0,1.0
19303,Blue Plains,40.2299,-80.6856,Ohio,29,100.0,100.0
19304,Grs Richmond,40.3395,-80.6568,Ohio,29,100.0,100.0
19305,Ingalis,40.4907,-80.6781,Ohio,29,100.0,100.0
19306,Firstenergy W H Sammis,40.5199,-80.6237,Ohio,29,100.0,100.0
19307,Bay Meadows,40.5621,-82.5973,Ohio,29,100.0,100.0
19308,Sweeny,40.496,-82.5878,Ohio,29,100.0,100.0
19309,Sam Dam,40.5336,-82.3453,Ohio,29,100.0,100.0
19310,Collinsville,40.5377,-82.1684,Ohio,29,100.0,100.0
19311,Paine Field,40.5327,-82.5204,Ohio,29,100.0,100.0
19312,24Th St,40.4622,-82.5249,Ohio,29,100.0,100.0
19313,Haining Road,40.3455,-82.3291,Ohio,29,100.0,100.0
19314,Placid 12,40.4231,-82.279,Ohio,29,230.0,230.0
19315,White House,40.4776,-82.3428,Ohio,29,100.0,100.0
19316,Hillsdale Junction,40.4278,-82.478,Ohio,29,100.0,100.0
19317,Ringgold,40.4938,-82.4714,Ohio,29,230.0,230.0
19318,White Rock-Folsom,40.2617,-82.4773,Ohio,29,100.0,100.0
19319,Cheboygan,40.3544,-82.5128,Ohio,29,100.0,100.0
19320,River Oaks,38.4649,-82.4647,Ohio,29,100.0,100.0
19321,Meade County,38.5251,-82.5376,Ohio,29,100.0,100.0
19322,Grooms Road,38.568,-82.3653,Ohio,29,100.0,100.0
19323,West Hills,38.4943,-82.7391,Ohio,29,100.0,100.0
19324,Beaumont,38.6157,-82.7123,Ohio,29,100.0,100.0
19325,Lakehead Naubinway,38.5866,-82.7494,Ohio,29,100.0,100.0
19326,Eustis,38.5228,-82.652,Ohio,29,230.0,100.0
19327,Pantano,38.4835,-82.3124,Ohio,29,100.0,100.0
19328,Capitan,38.4751,-82.3505,Ohio,29,230.0,1.0
19329,College Lakes,38.4438,-82.5289,Ohio,29,100.0,100.0
19330,Earleys,38.505,-82.618,Ohio,29,100.0,100.0
19331,Lee Vining,38.466,-82.6923,Ohio,29,100.0,100.0
19332,Cagnon Road,39.904,-82.2605,Ohio,29,100.0,100.0
19333,New Holstein Sw Sta,40.0771,-82.5493,Ohio,29,100.0,100.0
19334,Caples,40.1236,-82.5239,Ohio,29,100.0,100.0
19335,Circle Blvd,40.0054,-82.2984,Ohio,29,100.0,100.0
19336,Wyoming,39.9783,-82.3775,Ohio,29,100.0,100.0
19337,Martin Luther King,40.0588,-82.2165,Ohio,29,100.0,100.0
19338,Sw 5Th,39.95,-82.3421,Ohio,29,230.0,230.0
19339,Monet,39.9805,-82.5547,Ohio,29,100.0,100.0
19340,West Hebron,39.9839,-82.4776,Ohio,29,100.0,100.0
19341,Power Delivery Point,40.0373,-82.0875,Ohio,29,100.0,100.0
19342,Lake Hubbard Pump Station,40.0989,-82.1174,Ohio,29,100.0,100.0
19343,Gilroy Food,40.112,-82.4501,Ohio,29,100.0,100.0
19344,Larsen Memorial,40.1534,-82.4,Ohio,29,500.0,1.0
19345,Orange Blossom Electric,40.0831,-82.2603,Ohio,29,230.0,1.0
19346,St. Lawrence,40.1349,-82.3455,Ohio,29,100.0,100.0
19347,Zephyhills,40.1425,-82.4128,Ohio,29,100.0,100.0
19348,Blue Racer,40.3337,-83.806,Ohio,29,230.0,100.0
19349,Arco Western Energy,40.3081,-83.8057,Ohio,29,100.0,100.0
19350,Muskogee,40.3282,-83.7382,Ohio,29,100.0,100.0
19351,Okawville,40.3366,-83.6331,Ohio,29,100.0,100.0
19352,John Day 2,40.4172,-83.8189,Ohio,29,100.0,100.0
19353,San Ysidro,40.3932,-83.5773,Ohio,29,100.0,100.0
19354,Shaleton,40.0698,-83.3379,Ohio,29,100.0,100.0
19355,Medtronics,39.9697,-83.2976,Ohio,29,100.0,100.0
19356,Cane Run,40.5038,-82.8673,Ohio,29,100.0,100.0
19357,Buck Creek,40.518,-82.8081,Ohio,29,100.0,100.0
19358,North Knox,40.4352,-82.8284,Ohio,29,100.0,100.0
19359,Lakin,38.9615,-82.0975,Ohio,29,100.0,100.0
19360,Pockrus,39.0205,-82.2425,Ohio,29,100.0,100.0
19361,Harvalum,39.1246,-82.1736,Ohio,29,100.0,100.0
19362,Central Plains Wind Farm,39.126,-82.0013,Ohio,29,100.0,100.0
19363,City Of Aztec,39.0382,-82.0776,Ohio,29,100.0,100.0
19364,Mill Run,38.8892,-81.8584,Ohio,29,100.0,100.0
19365,Mountainteer,38.9807,-81.9516,Ohio,29,100.0,100.0
19366,Johnson Road,39.0765,-81.8126,Ohio,29,100.0,100.0
19367,Plainfield South,40.5125,-84.5594,Ohio,29,100.0,100.0
19368,Stephenson,40.5921,-84.5756,Ohio,29,100.0,100.0
19369,Liberty,40.5169,-84.6126,Ohio,29,100.0,100.0
19370,Tonawanda,40.5179,-84.643,Ohio,29,230.0,230.0
19371,Firehole,40.4413,-84.6345,Ohio,29,100.0,100.0
19372,Dadeland,40.4614,-84.7321,Ohio,29,100.0,1.0
19373,Ambrosia,40.5698,-84.6434,Ohio,29,100.0,100.0
19374,Getwell,40.4476,-84.4883,Ohio,29,100.0,100.0
19375,Derbigny,40.356,-84.639,Ohio,29,100.0,100.0
19376,Ventura,39.8634,-84.2673,Ohio,29,100.0,100.0
19377,Jal,39.8955,-84.3431,Ohio,29,100.0,100.0
19378,Polaris,39.9442,-84.377,Ohio,29,100.0,100.0
19379,West Milton,39.945,-84.3195,Ohio,29,100.0,100.0
19380,Eldean,40.0631,-84.2217,Ohio,29,100.0,100.0
19381,Hyampom,40.151,-84.3114,Ohio,29,100.0,100.0
19382,Transwind,40.1406,-84.1687,Ohio,29,100.0,100.0
19383,Wirt,40.1579,-84.2146,Ohio,29,100.0,100.0
19384,Trout Lake Ese,39.9218,-84.2215,Ohio,29,100.0,100.0
19385,Rock Island,40.0055,-84.1148,Ohio,29,100.0,100.0
19386,Rockwood,39.9927,-84.2119,Ohio,29,100.0,100.0
19387,Hillsborough County Resource Recovery,40.0954,-84.184,Ohio,29,100.0,100.0
19388,Rozellville,40.0487,-84.1666,Ohio,29,100.0,100.0
19389,Staunton,40.0247,-84.1745,Ohio,29,230.0,230.0
19390,Blount Street,40.0378,-84.3738,Ohio,29,100.0,100.0
19391,Bowles,39.5469,-81.3529,Ohio,29,100.0,100.0
19392,Palmyra,39.4908,-81.1584,Ohio,29,100.0,1.0
19393,Hiawatha Ese,39.6489,-80.9453,Ohio,29,100.0,100.0
19394,30Th Street,39.7108,-81.1225,Ohio,29,100.0,100.0
19395,Heisson,39.7457,-81.1347,Ohio,29,230.0,1.0
19396,Tc Water,39.8937,-84.2215,Ohio,29,230.0,1.0
19397,Waterfront,39.8597,-84.2394,Ohio,29,100.0,100.0
19398,S. Baldwyn,39.8041,-84.2526,Ohio,29,100.0,100.0
19399,Mormon Flat Dam,39.9603,-84.2888,Ohio,29,100.0,100.0
19400,South Cannon Falls,39.8325,-84.3192,Ohio,29,100.0,100.0
19401,Snohomish County 52Nd Street,39.7614,-84.2978,Ohio,29,100.0,100.0
19402,Barceloneta 8504,39.7941,-84.2903,Ohio,29,100.0,100.0
19403,Webster,39.7945,-84.1796,Ohio,29,100.0,100.0
19404,Hamakua Energy Plant,39.7716,-84.2031,Ohio,29,100.0,100.0
19405,Southfield,39.857,-84.127,Ohio,29,100.0,100.0
19406,Lea Co. Waits,39.8163,-84.2196,Ohio,29,100.0,100.0
19407,Detroit Edison King Road,39.6869,-84.2342,Ohio,29,100.0,100.0
19408,Acadia,39.7552,-84.329,Ohio,29,100.0,100.0
19409,Hell Creek,39.8188,-84.2798,Ohio,29,100.0,100.0
19410,Monument,39.7762,-84.1677,Ohio,29,230.0,230.0
19411,Victorville,39.6704,-84.2358,Ohio,29,100.0,100.0
19412,Ciales 8701,39.6708,-84.2575,Ohio,29,100.0,100.0
19413,Hailey,39.787,-84.359,Ohio,29,500.0,230.0
19414,Taunton Tap,39.7554,-84.2471,Ohio,29,100.0,100.0
19415,Arro,39.8361,-84.1802,Ohio,29,100.0,100.0
19416,Hempstead,39.6932,-84.1083,Ohio,29,100.0,100.0
19417,Knollwood,39.7192,-84.0508,Ohio,29,230.0,1.0
19418,Normandy,39.6176,-84.1872,Ohio,29,100.0,100.0
19419,Sterling Power Plant,39.5925,-84.175,Ohio,29,100.0,100.0
19420,Tait Electric Generating Station,39.727,-84.201,Ohio,29,100.0,100.0
19421,Minnehaha,39.7094,-84.1316,Ohio,29,100.0,100.0
19422,Santa Rose Geothermal,39.6557,-84.206,Ohio,29,100.0,100.0
19423,Midlothian South,39.7129,-84.1818,Ohio,29,100.0,100.0
19424,Cane Island,39.4478,-84.25,Ohio,29,100.0,100.0
19425,Lucas,39.5056,-84.285,Ohio,29,100.0,100.0
19426,Iona,39.5029,-84.2427,Ohio,29,100.0,100.0
19427,O. H. Hutchings Station,39.6087,-84.301,Ohio,29,100.0,100.0
19428,Cooks Pond,39.5703,-84.2946,Ohio,29,100.0,100.0
19429,King,39.6193,-84.3279,Ohio,29,100.0,100.0
19430,E J Stoneman Station,39.6221,-84.2349,Ohio,29,100.0,100.0
19431,Md 1,39.6938,-84.3695,Ohio,29,100.0,100.0
19432,Blackhawk Sw Yd,39.5067,-84.1832,Ohio,29,100.0,100.0
19433,Winsor,39.5471,-84.2049,Ohio,29,100.0,100.0
19434,Elizabeth Creek,39.5315,-84.2191,Ohio,29,100.0,100.0
19435,Miami,39.9327,-84.1805,Ohio,29,100.0,100.0
19436,Dewitt,39.8838,-84.149,Ohio,29,100.0,100.0
19437,Energy Shelby County,39.7585,-84.5815,Ohio,29,230.0,230.0
19438,Menlo,39.5949,-81.6425,Ohio,29,100.0,100.0
19439,Urich,39.74,-81.4846,Ohio,29,100.0,100.0
19440,Corona Ave,39.7193,-81.516,Ohio,29,100.0,100.0
19441,Glenns Ferry,39.5908,-81.4955,Ohio,29,100.0,100.0
19442,West Yaphank,39.636,-82.0585,Ohio,29,100.0,100.0
19443,Waymark,39.7108,-82.0466,Ohio,29,100.0,100.0
19444,Dead End,39.777,-81.728,Ohio,29,100.0,100.0
19445,Douglas Street,39.6978,-81.8865,Ohio,29,100.0,100.0
19446,Loud,39.538,-81.8901,Ohio,29,100.0,100.0
19447,Red,39.5076,-81.5982,Ohio,29,100.0,100.0
19448,Cannon Falls Trans,39.4422,-81.669,Ohio,29,100.0,100.0
19449,Glendale South Tap 3,40.6401,-82.6881,Ohio,29,100.0,100.0
19450,Sylvan Lake,40.474,-82.7188,Ohio,29,100.0,100.0
19451,Chaska Sw Station,40.6112,-82.6842,Ohio,29,230.0,230.0
19452,Chandlersville,39.8887,-81.8535,Ohio,29,100.0,100.0
19453,Oakmont South,39.821,-82.1648,Ohio,29,100.0,100.0
19454,Big Grassy,39.8817,-82.053,Ohio,29,100.0,100.0
19455,Judith Gap,40.0095,-81.9639,Ohio,29,230.0,230.0
19456,Juan Tabo,39.9969,-81.9763,Ohio,29,100.0,100.0
19457,Walnut Grove,39.9307,-81.9317,Ohio,29,100.0,100.0
19458,Carrollton-Upfield,39.9842,-82.0554,Ohio,29,100.0,100.0
19459,Bernis,39.9819,-82.0202,Ohio,29,100.0,100.0
19460,Black Rock,39.5884,-82.154,Ohio,29,100.0,100.0
19461,Brinkerhoff,39.6971,-82.1611,Ohio,29,100.0,100.0
19462,G-P Gypsum,39.6751,-82.2199,Ohio,29,230.0,230.0
19463,North Boulevard,39.7568,-82.3433,Ohio,29,100.0,100.0
19464,Caruthers,39.7941,-82.2904,Ohio,29,100.0,100.0
19465,West Station,39.7173,-82.9486,Ohio,29,100.0,100.0
19466,Tillman,39.7307,-82.8776,Ohio,29,100.0,100.0
19467,Athena,39.5002,-82.8302,Ohio,29,100.0,100.0
19468,Cpu Silicon,39.4491,-82.88,Ohio,29,100.0,100.0
19469,Atlanta,39.5822,-83.19,Ohio,29,100.0,100.0
19470,Vasco,38.8079,-83.0366,Ohio,29,100.0,100.0
19471,Payne,38.9125,-82.9768,Ohio,29,100.0,100.0
19472,Cajalco,38.8495,-83.0871,Ohio,29,230.0,100.0
19473,Marana,38.9896,-83.0801,Ohio,29,100.0,100.0
19474,Yaleville,39.1117,-83.1485,Ohio,29,100.0,100.0
19475,Don Marquis 2,39.0482,-83.0216,Ohio,29,100.0,100.0
19476,Clymer,39.1394,-83.119,Ohio,29,100.0,100.0
19477,Granite Ridge,39.0756,-82.9993,Ohio,29,230.0,230.0
19478,Shirland Ave,39.5953,-84.7382,Ohio,29,100.0,100.0
19479,Landmark,39.5865,-84.626,Ohio,29,100.0,100.0
19480,Kirkwood,39.765,-84.645,Ohio,29,100.0,100.0
19481,Como Lake,39.7133,-84.5935,Ohio,29,100.0,100.0
19482,Mcbryde,39.7336,-84.7388,Ohio,29,100.0,100.0
19483,Walker,39.7348,-84.6791,Ohio,29,100.0,100.0
19484,Townsend,39.851,-84.6105,Ohio,29,100.0,100.0
19485,Kentucky Dam,39.7985,-84.5398,Ohio,29,100.0,100.0
19486,Claymont,39.279,-83.1389,Ohio,29,100.0,100.0
19487,Mesa Rim,39.4405,-83.2322,Ohio,29,100.0,100.0
19488,Cobb Creek,39.4564,-83.1568,Ohio,29,100.0,100.0
19489,Gwf Tracy,39.2194,-82.8045,Ohio,29,100.0,100.0
19490,Holly Hill,38.9858,-82.8494,Ohio,29,100.0,100.0
19491,Mayfield,38.8064,-82.9483,Ohio,29,100.0,100.0
19492,Tenth St 2,38.8142,-82.8934,Ohio,29,230.0,230.0
19493,College Lake,38.8609,-82.9016,Ohio,29,100.0,100.0
19494,Certainteed,38.7181,-82.8318,Ohio,29,230.0,100.0
19495,Honk Falls,38.7477,-83.0827,Ohio,29,100.0,100.0
19496,Valley Switch,38.7502,-82.7465,Ohio,29,100.0,100.0
19497,Stinson,38.8067,-82.8153,Ohio,29,100.0,100.0
19498,Pine Island,38.6821,-82.7872,Ohio,29,100.0,100.0
19499,Santa Isabel Tc,40.4193,-84.2286,Ohio,29,100.0,100.0
19500,Pioneer Coop Honda,40.3942,-84.152,Ohio,29,100.0,100.0
19501,Du Bay,40.6795,-81.4852,Ohio,29,100.0,100.0
19502,West Yates Switch,40.5249,-81.4929,Ohio,29,100.0,100.0
19503,Niland,40.6028,-81.4724,Ohio,29,100.0,100.0
19504,West New Philadelphia,40.4583,-81.5133,Ohio,29,100.0,100.0
19505,Arabi,40.4256,-81.485,Ohio,29,100.0,100.0
19506,Wallaceville,40.4771,-81.3993,Ohio,29,100.0,100.0
19507,Kodak Road,40.4003,-81.3793,Ohio,29,100.0,100.0
19508,Dover,40.5158,-81.467,Ohio,29,100.0,100.0
19509,Patchogue,39.3061,-82.5387,Ohio,29,100.0,100.0
19510,Frazier,39.3388,-82.4231,Ohio,29,100.0,100.0
19511,Grannis,39.3785,-84.2337,Ohio,29,100.0,100.0
19512,Star Peak,39.4575,-84.2801,Ohio,29,100.0,100.0
19513,Union Falls,39.4035,-84.1802,Ohio,29,100.0,100.0
19514,Weyerhauser,39.4355,-84.2594,Ohio,29,230.0,230.0
19515,Fern Hill,39.3258,-84.2677,Ohio,29,100.0,100.0
19516,Burrows Crossing Road,39.3911,-84.2268,Ohio,29,100.0,100.0
19517,Todhunter,39.4483,-84.3357,Ohio,29,100.0,100.0
19518,Santa Fe Energy,39.3991,-84.259,Ohio,29,100.0,100.0
19519,John Day,39.4188,-84.2125,Ohio,29,100.0,100.0
19520,Dacono,39.4584,-84.0885,Ohio,29,100.0,100.0
19521,Vlsi,39.34,-84.0942,Ohio,29,100.0,100.0
19522,Montello,39.4195,-84.1531,Ohio,29,100.0,100.0
19523,Colorado Green,39.2101,-81.5818,Ohio,29,100.0,100.0
19524,Wolverine Creek,39.3393,-81.7047,Ohio,29,230.0,100.0
19525,Huson,39.4328,-81.8592,Ohio,29,100.0,100.0
19526,Devola,39.4577,-81.4592,Ohio,29,100.0,100.0
19527,Sayville,39.4036,-81.4087,Ohio,29,230.0,230.0
19528,East Murray,39.392,-81.436,Ohio,29,100.0,100.0
19529,Hayward O,39.4687,-81.4166,Ohio,29,100.0,100.0
19530,Austrop,38.6931,-83.4417,Ohio,29,100.0,100.0
19531,Bristers,38.9047,-81.9636,Ohio,29,230.0,18.0
19532,Avola,39.4273,-84.2407,Ohio,29,100.0,100.0
19533,Usk,40.4673,-80.6438,Ohio,29,500.0,13.8
19534,Natomas Crossing,40.5289,-81.5028,Ohio,29,100.0,100.0
19535,Millercoors Trenton Brewery,39.4422,-84.4829,Ohio,29,500.0,1.0
19536,Dodge Park Engine No 1,39.9605,-83.0144,Ohio,29,100.0,100.0
19537,Washington Energy Facility,39.5777,-81.6555,Ohio,29,500.0,13.8
19538,Helberg,38.6082,-82.8806,Ohio,29,230.0,13.8
19539,Sykes Road,40.4314,-83.2187,Ohio,29,100.0,1.0
19540,Killen,38.7071,-83.4588,Ohio,29,500.0,1.0
19541,Naranjo 5804,38.6191,-83.6801,Ohio,29,500.0,13.8
19542,Jackson Cntr Peaking,40.4596,-84.0049,Ohio,29,100.0,13.8
19543,Gavin Power Llc,38.9225,-82.0932,Ohio,29,500.0,13.8
19544,Waterford Power Llc,39.5356,-81.7201,Ohio,29,500.0,1.0
19545,Celina Solar Project 1 Llc,40.5529,-84.575,Ohio,29,100.0,100.0
19546,Burlington Dp,39.9893,-83.0903,Ohio,29,100.0,100.0
19547,Grand Coulee 2,40.5201,-81.4585,Ohio,29,100.0,13.8
19548,Hanging Rock,38.5761,-82.7702,Ohio,29,500.0,13.8
19549,Tuscola East,39.3905,-84.5628,Ohio,29,100.0,100.0
19550,Thelma Ekpc,39.7319,-84.2315,Ohio,29,100.0,100.0
19551,Milvon,39.6366,-84.2385,Ohio,29,100.0,13.8
19552,Piqua Power Plant,40.12,-84.2339,Ohio,29,230.0,13.8
19553,North Intertie,40.5319,-81.4964,Ohio,29,100.0,1.0
19554,Dresden,40.1012,-82.0272,Ohio,29,500.0,13.8
19555,Southwest Shreveport,39.3898,-84.5587,Ohio,29,100.0,100.0
19556,Arcanum Peaking,40.0071,-84.5621,Ohio,29,100.0,13.8
19557,Conesville Station,40.1512,-81.8986,Ohio,29,500.0,13.8
19558,H B Robinson,40.126,-83.1403,Ohio,29,100.0,1.0
19559,Oceanside,39.1466,-84.516,Ohio,29,100.0,13.8
19560,Clint,40.5376,-84.4104,Ohio,29,100.0,100.0
19561,Dicks Creek,39.4615,-84.3763,Ohio,29,100.0,18.0
19562,Pawtucket Power Associates,39.7031,-84.1499,Ohio,29,500.0,100.0
19563,Spatsum Lornex,39.2865,-82.9567,Ohio,29,100.0,13.8
19564,Eschinger-Bruceville,39.5555,-84.4008,Ohio,29,100.0,100.0
19565,Reedy Creek,39.8102,-83.0063,Ohio,29,500.0,13.8
19566,Gist Creek,39.7106,-84.2145,Ohio,29,500.0,230.0
19567,Lick,39.0509,-82.6202,Ohio,29,100.0,100.0
19568,Akron,39.806,-84.0871,Ohio,29,100.0,100.0
19569,Wingate,39.6168,-84.2243,Ohio,29,230.0,1.0
19570,Sidney,40.2907,-84.169,Ohio,29,100.0,100.0
19571,Flatlick,39.0729,-82.3446,Ohio,29,500.0,1.0
19572,Jersey Holdings,38.8944,-82.166,Ohio,29,500.0,1.0
19573,Fern Valley,39.7707,-84.1509,Ohio,29,100.0,13.8
19574,St Marys,40.5376,-84.3986,Ohio,29,100.0,100.0
19575,Woodsdale,39.4514,-84.4444,Ohio,29,500.0,1.0
19576,Larson Street,40.0543,-84.6117,Ohio,29,500.0,230.0
19577,Ozark Beach,39.9455,-83.0843,Ohio,29,100.0,100.0
19578,A East Term,39.6057,-84.2531,Ohio,29,500.0,13.8
19579,Tidd,40.2741,-80.6382,Ohio,29,500.0,13.8
19580,Woodland Biomass Tap,39.3923,-84.582,Ohio,29,500.0,1.0
19581,Big Shanty,39.8935,-83.799,Ohio,29,100.0,100.0
19582,Yellow Creek,39.7369,-83.8179,Ohio,29,100.0,13.8
19583,Telegraph Rd,39.9583,-83.0905,Ohio,29,100.0,13.8
19584,Tande,40.4352,-83.8795,Ohio,29,100.0,100.0
19585,Tunica,39.7599,-81.0975,Ohio,29,100.0,100.0
19586,Adkins,39.7039,-83.1927,Ohio,29,500.0,1.0
19587,Inyokern,40.5033,-81.4557,Ohio,29,500.0,1.0
19588,Lockwood,39.9103,-80.754,Ohio,29,100.0,13.8
19589,Wall St,40.5206,-80.6093,Ohio,29,100.0,100.0
19590,Burbank,38.6263,-83.7043,Ohio,29,100.0,100.0
19591,Harmon,39.37,-84.5096,Ohio,29,100.0,13.8
19592,Brewster,39.4635,-84.3809,Ohio,29,230.0,13.8
19593,Versailles Peaking,40.2263,-84.4738,Ohio,29,100.0,100.0
19594,Muskingum River,39.6017,-81.704,Ohio,29,500.0,13.8
19595,Centerville Sw,40.7213,-83.8375,Ohio,30,100.0,100.0
19596,Root River,40.8098,-83.8248,Ohio,30,100.0,100.0
19597,Aldrich,40.7778,-83.6391,Ohio,30,100.0,100.0
19598,Summer Street,40.8858,-83.9335,Ohio,30,100.0,100.0
19599,Pinto Valley,40.9534,-83.8712,Ohio,30,100.0,100.0
19600,Buffton,40.894,-83.8532,Ohio,30,100.0,100.0
19601,East Lima,40.8134,-84.0093,Ohio,30,100.0,100.0
19602,Whirlpool Corporation - Ottawa Wind Farm,40.9707,-84.0339,Ohio,30,100.0,100.0
19603,Lost Canyon,40.7952,-84.3718,Ohio,30,230.0,230.0
19604,West Dallas Tap,40.8718,-84.4609,Ohio,30,100.0,100.0
19605,Beloit Gateway,40.8204,-84.3809,Ohio,30,100.0,100.0
19606,Four Hills,40.9935,-84.235,Ohio,30,100.0,100.0
19607,Shoshone Falls,41.0412,-84.2982,Ohio,30,100.0,100.0
19608,Ridgecrest,40.62,-83.8709,Ohio,30,100.0,100.0
19609,Eastown Road,40.7504,-84.1651,Ohio,30,230.0,1.0
19610,Nathan,40.7378,-84.2147,Ohio,30,100.0,100.0
19611,Northwest Lima,40.7978,-84.1228,Ohio,30,100.0,100.0
19612,Ford Lima,40.7714,-84.048,Ohio,30,100.0,100.0
19613,Schumansville,40.8291,-84.1261,Ohio,30,100.0,100.0
19614,Pine River Alte,40.8435,-84.0617,Ohio,30,100.0,100.0
19615,East Side Lima,40.751,-84.0772,Ohio,30,100.0,100.0
19616,Spurlock,40.8117,-84.2169,Ohio,30,100.0,100.0
19617,Garnet,40.8235,-84.1452,Ohio,30,500.0,230.0
19618,Cornell-Milwaukee,40.7632,-84.1903,Ohio,30,100.0,100.0
19619,Sterling,40.694,-84.0595,Ohio,30,100.0,100.0
19620,Nord,40.6388,-84.0319,Ohio,30,230.0,230.0
19621,Southwest Lima,40.7059,-84.1953,Ohio,30,100.0,100.0
19622,Clackamas,40.6505,-84.2515,Ohio,30,100.0,100.0
19623,Frostkraft,40.724,-84.0865,Ohio,30,100.0,100.0
19624,B C Cobb,40.6586,-84.3865,Ohio,30,100.0,100.0
19625,Stephentown,40.722,-84.3175,Ohio,30,100.0,100.0
19626,Dorchester,40.908,-82.3795,Ohio,30,230.0,100.0
19627,Delta Person Llc,40.8393,-82.2218,Ohio,30,100.0,100.0
19628,Todd,40.8809,-82.349,Ohio,30,100.0,100.0
19629,Forest Grove,40.8994,-82.4181,Ohio,30,100.0,100.0
19630,40Th Place,41.0476,-82.4854,Ohio,30,100.0,100.0
19631,Otsego,40.6849,-82.3107,Ohio,30,100.0,100.0
19632,Drake Valley,40.5526,-82.1837,Ohio,30,100.0,100.0
19633,Elma,40.6587,-82.1841,Ohio,30,100.0,100.0
19634,Altrus,40.7316,-82.5179,Ohio,30,100.0,100.0
19635,Brightwater,40.802,-82.5268,Ohio,30,100.0,100.0
19636,Findlay Wind Farm,40.6803,-82.4897,Ohio,30,230.0,100.0
19637,Midvalley,40.7567,-82.5571,Ohio,30,230.0,230.0
19638,West Akron,41.1186,-82.3892,Ohio,30,100.0,100.0
19639,Berlin Gorham,41.0201,-82.368,Ohio,30,100.0,100.0
19640,U.S. Gypsum,40.9808,-82.4738,Ohio,30,100.0,100.0
19641,Brownstown,41.0333,-82.1943,Ohio,30,100.0,100.0
19642,West Salem,40.9529,-82.0694,Ohio,30,100.0,100.0
19643,Canal Road,40.8154,-81.8963,Ohio,30,230.0,230.0
19644,Wooster,40.765,-81.9139,Ohio,30,100.0,100.0
19645,Demoss,40.8516,-82.0626,Ohio,30,230.0,100.0
19646,Madisonburg,40.8699,-81.9389,Ohio,30,100.0,100.0
19647,Andover,41.5949,-80.6052,Ohio,30,100.0,100.0
19648,Aes Columbia Power,41.5309,-80.5198,Ohio,30,230.0,1.0
19649,Story City,41.8214,-80.793,Ohio,30,100.0,100.0
19651,Battery Energy Storage System,41.8602,-80.6589,Ohio,30,230.0,100.0
19652,Joe Ast,41.8777,-80.6508,Ohio,30,100.0,100.0
19653,Navajo Malaga,41.872,-80.4972,Ohio,30,100.0,100.0
19654,Range Line Sw,41.7959,-80.6783,Ohio,30,100.0,100.0
19656,Waimea,41.9615,-80.5713,Ohio,30,100.0,100.0
19657,Seney Uppco,41.7815,-81.0225,Ohio,30,100.0,100.0
19658,Oregon Basin,41.691,-80.9442,Ohio,30,230.0,230.0
19659,North Adams,41.7965,-80.9343,Ohio,30,100.0,100.0
19660,Anson County Generation Facility,41.7867,-80.726,Ohio,30,100.0,100.0
19661,Trichel Street,41.717,-80.6899,Ohio,30,100.0,100.0
19662,Stark,41.6744,-80.7245,Ohio,30,100.0,100.0
19663,Belleair,41.4806,-80.611,Ohio,30,100.0,100.0
19664,Saint Landry,41.4084,-80.5003,Ohio,30,100.0,100.0
19665,Perry,41.8067,-81.138,Ohio,30,100.0,100.0
19666,Valley Home,41.8014,-81.105,Ohio,30,100.0,100.0
19667,Pierremont,41.4745,-81.101,Ohio,30,100.0,100.0
19668,Aes Shady Point Llc,41.4374,-80.9991,Ohio,30,100.0,100.0
19669,First Ave,41.4155,-81.0779,Ohio,30,230.0,230.0
19670,Babine Lake,41.5071,-80.8415,Ohio,30,100.0,100.0
19671,W K Sanders,41.4595,-80.7701,Ohio,30,100.0,100.0
19672,Richfield,41.5863,-80.843,Ohio,30,100.0,100.0
19673,Sundance Hill,40.7688,-81.205,Ohio,30,100.0,100.0
19674,Redmond,40.5683,-81.2648,Ohio,30,100.0,100.0
19675,Mohawk,40.6702,-81.253,Ohio,30,100.0,100.0
19676,Knox,40.7937,-81.074,Ohio,30,230.0,230.0
19677,Minerva,40.6878,-81.1291,Ohio,30,100.0,100.0
19678,Salineville,40.622,-80.8887,Ohio,30,100.0,100.0
19679,Terrell,40.8535,-81.0646,Ohio,30,100.0,100.0
19680,Beechwood,40.8587,-81.1573,Ohio,30,100.0,100.0
19681,Chicopee Hydroelectric Station,40.9289,-81.2217,Ohio,30,230.0,230.0
19682,Alliance Castings,40.9163,-81.1202,Ohio,30,100.0,100.0
19683,Unocal Dollarhide,40.8287,-80.9548,Ohio,30,100.0,100.0
19684,Grand Prairie,40.8508,-80.634,Ohio,30,100.0,100.0
19685,Leetonia,40.9038,-80.7129,Ohio,30,230.0,138.0
19686,Hill City,40.7402,-80.5083,Ohio,30,100.0,100.0
19687,Tenaya-Northgate,40.741,-80.5572,Ohio,30,230.0,1.0
19688,Celina,40.6669,-80.5265,Ohio,30,100.0,100.0
19689,Tamuning,40.7055,-80.6776,Ohio,30,100.0,100.0
19690,Oso Blanco,40.8036,-80.623,Ohio,30,100.0,100.0
19691,Russel Term,40.8503,-80.4579,Ohio,30,100.0,100.0
19692,Zane,40.8517,-80.5383,Ohio,30,100.0,100.0
19693,Tsawassen,40.7501,-80.9881,Ohio,30,100.0,100.0
19694,Oxanna,40.7208,-80.8258,Ohio,30,100.0,100.0
19695,Stillwater Hydro Electric Project,40.8232,-80.7756,Ohio,30,100.0,100.0
19696,Thomaston,40.7085,-80.7286,Ohio,30,230.0,230.0
19697,Brier Hill,40.688,-80.7896,Ohio,30,100.0,100.0
19698,Newark,40.8912,-80.9053,Ohio,30,100.0,100.0
19699,Sunflower Wind Project,40.9535,-80.9702,Ohio,30,100.0,100.0
19700,Salem,40.9155,-80.8579,Ohio,30,100.0,100.0
19701,N. Haven,40.9566,-80.8775,Ohio,30,230.0,230.0
19702,Arroyo,40.5837,-80.6085,Ohio,30,100.0,100.0
19703,Eighteenth Street,40.6012,-80.7196,Ohio,30,100.0,100.0
19704,Camel Back,41.0378,-83.0251,Ohio,30,100.0,100.0
19705,Miguel,40.8113,-82.9962,Ohio,30,230.0,230.0
19706,Ninemile Point,40.7878,-82.9408,Ohio,30,100.0,100.0
19707,Warrensburg,40.8477,-82.9828,Ohio,30,100.0,100.0
19708,Los Medanos,40.6744,-82.961,Ohio,30,100.0,100.0
19709,Rockview,40.8703,-82.8194,Ohio,30,100.0,100.0
19710,Niguel,40.786,-82.7731,Ohio,30,100.0,100.0
19711,Elm,40.7382,-82.8349,Ohio,30,100.0,100.0
19712,Vanderbilt University Power Plant,40.725,-82.7592,Ohio,30,100.0,100.0
19713,Celilo,40.6261,-82.8638,Ohio,30,100.0,100.0
19714,Kamiah,40.8264,-83.156,Ohio,30,100.0,100.0
19715,Charles R Lowman,40.952,-82.7855,Ohio,30,100.0,100.0
19716,Houma,40.9024,-82.6606,Ohio,30,100.0,100.0
19717,Eagle Rock,40.824,-82.679,Ohio,30,230.0,230.0
19718,Carquinez,40.8467,-82.4679,Ohio,30,100.0,100.0
19719,Spring Draw,41.4652,-81.404,Ohio,30,500.0,230.0
19720,Dpc Shullsburg,41.4383,-81.4048,Ohio,30,100.0,100.0
19721,Hunter Creek,41.42,-81.5769,Ohio,30,100.0,100.0
19722,Keith,41.4364,-81.4776,Ohio,30,100.0,100.0
19723,6Th Street,41.4449,-81.5914,Ohio,30,100.0,100.0
19724,Macedonia,41.3266,-81.5436,Ohio,30,100.0,100.0
19725,Judson,41.2457,-81.5725,Ohio,30,100.0,100.0
19726,Cypress-Manzanita,41.2742,-81.6439,Ohio,30,100.0,100.0
19727,Juniper,41.3667,-81.5637,Ohio,30,100.0,100.0
19728,Ix Center,41.3827,-81.8609,Ohio,30,100.0,100.0
19729,Moorlands,41.4137,-81.9302,Ohio,30,100.0,100.0
19730,Luttrell,41.3999,-81.8285,Ohio,30,100.0,100.0
19731,Plumas,41.3858,-81.9236,Ohio,30,100.0,100.0
19732,Nelson,41.4868,-81.3469,Ohio,30,100.0,100.0
19733,Eagle Eye,41.5246,-81.5226,Ohio,30,100.0,100.0
19734,Progressive,41.556,-81.4428,Ohio,30,100.0,100.0
19735,Seal Rock,41.6002,-81.3847,Ohio,30,100.0,100.0
19736,Lark,41.5296,-81.4228,Ohio,30,100.0,100.0
19738,Macon Solar Power Project,41.586,-81.5613,Ohio,30,230.0,230.0
19739,University Circle,41.5116,-81.6018,Ohio,30,100.0,1.0
19740,Nottingham,41.5892,-81.5218,Ohio,30,100.0,100.0
19741,Fap,41.5449,-81.5841,Ohio,30,100.0,100.0
19742,Sierraville,41.4983,-81.5032,Ohio,30,100.0,100.0
19743,Collinwood,41.5678,-81.5899,Ohio,30,100.0,100.0
19744,Canyon,41.5261,-81.6736,Ohio,30,100.0,100.0
19745,Tocoi,41.5483,-81.561,Ohio,30,100.0,100.0
19746,Jarvis,41.4935,-81.5749,Ohio,30,230.0,100.0
19747,Massena Energy Facility,41.4584,-81.6093,Ohio,30,100.0,100.0
19748,Sun Valley,41.5541,-81.5184,Ohio,30,100.0,100.0
19749,Baldwin,41.4967,-81.6094,Ohio,30,100.0,100.0
19750,Barceloneta Tc,41.4947,-81.441,Ohio,30,100.0,100.0
19751,Kepler,41.5141,-81.4693,Ohio,30,100.0,100.0
19752,Reach,41.5071,-81.4134,Ohio,30,100.0,100.0
19753,Brigatano,41.5355,-81.5315,Ohio,30,230.0,100.0
19754,Firstenergy Lake Shore,41.5267,-81.6339,Ohio,30,100.0,100.0
19755,Monterey,41.4689,-81.659,Ohio,30,100.0,100.0
19756,West 41St Street,41.4555,-81.7172,Ohio,30,100.0,100.0
19757,Parma,41.4969,-81.7178,Ohio,30,100.0,100.0
19758,Burro Canyon,41.3792,-81.7289,Ohio,30,100.0,100.0
19759,Horsehoe,41.3542,-81.7004,Ohio,30,100.0,100.0
19760,Kelly,41.4368,-81.528,Ohio,30,230.0,230.0
19761,Ohmstead,41.4659,-81.5806,Ohio,30,100.0,100.0
19762,Reeves,41.5098,-81.5785,Ohio,30,100.0,100.0
19763,Crystal,41.4422,-81.8572,Ohio,30,100.0,100.0
19764,La Parguera 6603,41.3716,-81.7714,Ohio,30,100.0,100.0
19766,Roundpond,41.4147,-81.6438,Ohio,30,100.0,100.0
19767,Rabbit Creek,41.5358,-81.6163,Ohio,30,100.0,100.0
19768,Chetwynd,41.4265,-81.6969,Ohio,30,100.0,100.0
19769,D B Wilson,41.4931,-81.7816,Ohio,30,100.0,100.0
19770,Moab,41.4494,-81.6878,Ohio,30,100.0,100.0
19771,Cleveland Thermal,41.5181,-81.6633,Ohio,30,100.0,100.0
19772,Gerald Andrus Station,41.3473,-81.5223,Ohio,30,100.0,100.0
19773,Lents,41.5303,-81.497,Ohio,30,100.0,100.0
19774,Blue Ravine,41.4844,-81.5521,Ohio,30,100.0,100.0
19775,Glendale South Tap 5,41.4792,-81.8054,Ohio,30,100.0,100.0
19776,Conroe Bulk,41.4713,-81.9215,Ohio,30,100.0,100.0
19778,Calden,41.382,-81.6063,Ohio,30,100.0,100.0
19779,Lester,41.3825,-81.495,Ohio,30,100.0,100.0
19780,Imperial,41.3355,-81.6302,Ohio,30,500.0,100.0
19781,West Memphis,41.2981,-81.8017,Ohio,30,100.0,100.0
19782,Manslick,41.3403,-81.7088,Ohio,30,100.0,100.0
19783,Oncor Mason,41.3015,-81.7073,Ohio,30,100.0,100.0
19784,Amador,41.4011,-81.6931,Ohio,30,230.0,230.0
19785,Saltspring Tap,41.312,-81.6506,Ohio,30,100.0,100.0
19786,Combee Road,41.4872,-81.7448,Ohio,30,100.0,100.0
19787,Boonville,41.4005,-81.7764,Ohio,30,100.0,100.0
19788,Dimple Dell,41.3865,-81.7407,Ohio,30,100.0,100.0
19789,Medina Base,41.2538,-81.8478,Ohio,30,100.0,100.0
19790,Cannon,41.4116,-81.7244,Ohio,30,100.0,100.0
19791,Goose Lake,41.3811,-81.8025,Ohio,30,230.0,230.0
19792,Lake Geneva,41.6232,-81.5009,Ohio,30,100.0,100.0
19793,Eastlake Station,41.6519,-81.4507,Ohio,30,100.0,100.0
19794,Ninemile,41.5566,-81.6066,Ohio,30,100.0,100.0
19795,Lake Of The Woods Dp,41.4862,-81.6819,Ohio,30,100.0,100.0
19797,Beatrice,41.489,-81.7548,Ohio,30,230.0,100.0
19798,Fox,41.4351,-81.7734,Ohio,30,100.0,100.0
19799,Portside Energy,41.4522,-81.5496,Ohio,30,100.0,100.0
19800,Hernandez,41.3396,-81.5685,Ohio,30,100.0,100.0
19802,Jackie Howard,41.491,-81.9818,Ohio,30,100.0,100.0
19803,South Rapid City,41.3285,-81.9594,Ohio,30,100.0,100.0
19804,Goodpasture,41.3145,-81.9962,Ohio,30,100.0,100.0
19805,West Richfield,41.2458,-81.6728,Ohio,30,100.0,100.0
19806,Jarrell East,41.2712,-81.6896,Ohio,30,100.0,100.0
19807,Bayou Vista,41.2712,-81.7113,Ohio,30,230.0,230.0
19808,Hopson,41.3458,-81.8054,Ohio,30,100.0,1.0
19809,Fowles,41.3639,-81.8303,Ohio,30,100.0,100.0
19810,88Th-Fruitridge,41.4367,-81.8813,Ohio,30,100.0,100.0
19811,Alford,41.3673,-81.9098,Ohio,30,100.0,100.0
19812,Velva Wind Interconnection,41.4118,-81.9682,Ohio,30,100.0,100.0
19813,Golflinks,41.4597,-81.8053,Ohio,30,100.0,100.0
19814,Interlaken,41.3471,-81.4576,Ohio,30,100.0,100.0
19815,Norway,41.4476,-81.3237,Ohio,30,100.0,1.0
19816,Treat,41.3689,-81.3213,Ohio,30,230.0,230.0
19817,Delta Energy,41.2567,-81.7995,Ohio,30,100.0,100.0
19818,Lewisville,41.2821,-81.857,Ohio,30,100.0,100.0
19819,Coos Bay,41.2549,-81.9122,Ohio,30,100.0,100.0
19820,Brush,41.2478,-81.6381,Ohio,30,100.0,100.0
19821,Mcclain,41.3118,-81.8325,Ohio,30,100.0,100.0
19822,Quaker Oats,41.4404,-81.979,Ohio,30,230.0,100.0
19823,Winter Park East,41.4569,-81.9026,Ohio,30,100.0,1.0
19824,Chevron,41.4605,-81.9449,Ohio,30,100.0,100.0
19825,Craven County Wood Energy Lp,41.2435,-84.7152,Ohio,30,100.0,100.0
19826,Rancho Vista,41.4479,-84.6574,Ohio,30,230.0,230.0
19827,City Of Bryan,41.4537,-84.5151,Ohio,30,100.0,100.0
19828,Ellendale,41.1133,-84.2562,Ohio,30,100.0,100.0
19829,Davson,41.3359,-84.3515,Ohio,30,100.0,100.0
19830,Pgg - Prince G,41.286,-84.4195,Ohio,30,100.0,100.0
19831,Twin Lake,41.2719,-84.3436,Ohio,30,100.0,100.0
19832,Fairmount,41.3983,-84.381,Ohio,30,100.0,100.0
19833,Whitestone Branch,41.4772,-84.7825,Ohio,30,100.0,100.0
19834,Autaugaville,41.3388,-84.8055,Ohio,30,100.0,100.0
19835,Ss3145Eagle Rock Tap 1,41.3866,-84.6532,Ohio,30,100.0,100.0
19836,Laporte Switch &,41.2132,-84.1545,Ohio,30,100.0,100.0
19837,Memphis,41.3204,-84.1312,Ohio,30,100.0,100.0
19838,Eastsound,41.445,-84.1057,Ohio,30,100.0,100.0
19839,Lockwood Rd,41.2868,-84.565,Ohio,30,100.0,100.0
19840,Flat Rock,41.23,-82.9017,Ohio,30,100.0,100.0
19841,Fischer,41.1534,-82.7891,Ohio,30,100.0,100.0
19842,Harkness,41.249,-82.8065,Ohio,30,100.0,100.0
19843,Shinrock,41.3159,-82.5247,Ohio,30,100.0,100.0
19844,Avery,41.3199,-82.6165,Ohio,30,100.0,100.0
19845,Mcminn,41.3468,-82.5933,Ohio,30,100.0,100.0
19846,Adams,41.2414,-82.6085,Ohio,30,230.0,230.0
19847,Hondo,41.2061,-82.5576,Ohio,30,100.0,100.0
19848,James B. Black,41.1812,-82.5466,Ohio,30,100.0,100.0
19849,Belfair,41.3967,-82.7517,Ohio,30,100.0,100.0
19850,Clear Crossing,41.3636,-82.7905,Ohio,30,100.0,100.0
19851,Carrollton Frankford,41.3787,-82.7391,Ohio,30,100.0,100.0
19852,New Departure,41.4142,-82.7471,Ohio,30,230.0,230.0
19853,Caribou Generation Station,41.3873,-82.4496,Ohio,30,100.0,100.0
19855,Axtel,41.3979,-82.3445,Ohio,30,100.0,100.0
19856,Lake Juliana,41.2109,-82.4092,Ohio,30,100.0,100.0
19857,Poust,41.5631,-84.3476,Ohio,30,100.0,100.0
19858,Crystal Mountain Generation,41.5743,-84.0549,Ohio,30,100.0,100.0
19859,Oakhurst,41.6465,-84.0492,Ohio,30,100.0,100.0
19860,Red Granite,41.3871,-83.9692,Ohio,30,100.0,100.0
19861,Anaverde,41.4688,-84.3958,Ohio,30,100.0,100.0
19862,Icegen,41.5806,-83.8562,Ohio,30,230.0,100.0
19863,Greenport,41.6,-83.9336,Ohio,30,100.0,100.0
19864,Milam,41.7072,-84.1437,Ohio,30,100.0,100.0
19865,Trigen St. Louis,41.6856,-84.1429,Ohio,30,230.0,230.0
19866,Lodi Stig,41.5815,-84.1953,Ohio,30,100.0,100.0
19867,De Queen,41.6083,-84.5007,Ohio,30,100.0,100.0
19868,St Stephen,41.63,-84.296,Ohio,30,100.0,100.0
19869,Case,41.2922,-81.4018,Ohio,30,100.0,100.0
19870,Norfolk,41.3275,-81.387,Ohio,30,100.0,100.0
19871,La Vernia,41.3167,-81.3374,Ohio,30,100.0,100.0
19872,Helena,41.3764,-81.264,Ohio,30,100.0,100.0
19873,Holly Sugar,41.392,-81.1431,Ohio,30,100.0,100.0
19874,Aztec Tap,41.3962,-81.3273,Ohio,30,100.0,100.0
19875,Mantua,41.2926,-81.2249,Ohio,30,100.0,100.0
19876,El Sobrante,41.5475,-81.1394,Ohio,30,100.0,100.0
19877,Brookhaven,41.5621,-81.2394,Ohio,30,100.0,100.0
19878,South Elma,41.6175,-81.2361,Ohio,30,100.0,100.0
19879,Angel Mounds,41.5542,-81.2747,Ohio,30,100.0,100.0
19880,Wintun,41.461,-81.2691,Ohio,30,100.0,100.0
19881,Garrettsville,41.2622,-81.0994,Ohio,30,100.0,100.0
19882,Ledges,41.308,-81.055,Ohio,30,230.0,230.0
19883,Georgia Pacific,41.6265,-80.9934,Ohio,30,100.0,100.0
19884,Yauco Pueblo 2,41.6872,-81.3356,Ohio,30,100.0,100.0
19885,Midset,41.6789,-81.3297,Ohio,30,100.0,100.0
19886,Lila Canyon Metering,41.699,-81.3773,Ohio,30,100.0,100.0
19887,Barret,41.676,-81.2973,Ohio,30,100.0,100.0
19888,Waterloo Hydroelectric Project,41.6539,-81.3744,Ohio,30,100.0,100.0
19889,Orangetree,41.2801,-83.5225,Ohio,30,100.0,100.0
19890,St. Cloud,40.9434,-83.2941,Ohio,30,100.0,100.0
19891,South Berwick,40.9927,-83.3318,Ohio,30,100.0,100.0
19892,Sigel,41.2762,-83.9314,Ohio,30,100.0,100.0
19893,Tecumseh,40.9594,-83.5681,Ohio,30,500.0,1.0
19894,Plaza Street,41.0353,-83.6277,Ohio,30,100.0,100.0
19895,East Findlay,40.9893,-83.5785,Ohio,30,100.0,100.0
19896,York Center,41.0281,-83.6449,Ohio,30,100.0,100.0
19897,West Melrose,41.0324,-83.6613,Ohio,30,230.0,100.0
19898,Estero,40.7533,-83.5025,Ohio,30,100.0,100.0
19899,Mcgulpin,41.2231,-83.4196,Ohio,30,100.0,100.0
19900,Martha Lake,41.2047,-83.3576,Ohio,30,230.0,230.0
19901,Big Fish,41.2291,-83.3706,Ohio,30,100.0,100.0
19902,Fostoria,41.1402,-83.3889,Ohio,30,100.0,100.0
19903,Pitchfork,41.1624,-84.0224,Ohio,30,100.0,100.0
19904,Clearwater Paper App Cb,41.1286,-83.8932,Ohio,30,100.0,100.0
19905,Greer,41.002,-83.8258,Ohio,30,100.0,100.0
19906,North Beaver Dam,40.88,-83.4765,Ohio,30,100.0,100.0
19907,Buena Vista Pumps,41.1588,-83.6381,Ohio,30,100.0,100.0
19908,Rec Harmony,40.6971,-83.6553,Ohio,30,100.0,100.0
19909,Pennsuco,40.6894,-83.629,Ohio,30,230.0,230.0
19910,Trail,40.6062,-81.6682,Ohio,30,100.0,100.0
19911,Philadelphia,40.5564,-81.7409,Ohio,30,100.0,100.0
19912,Walsh,40.6195,-81.8753,Ohio,30,100.0,100.0
19913,Whiskeytown,40.6745,-81.997,Ohio,30,100.0,100.0
19914,Martinsville East,40.6208,-82.0661,Ohio,30,230.0,100.0
19915,Germantown Sw Yd,41.0996,-82.7393,Ohio,30,100.0,100.0
19916,Sierra Pine,41.155,-82.655,Ohio,30,100.0,100.0
19917,West Batesville,41.0841,-82.6787,Ohio,30,230.0,1.0
19918,White,41.6051,-81.4396,Ohio,30,100.0,100.0
19919,Power Inn-Geneva Pointe,41.5962,-81.5523,Ohio,30,100.0,100.0
19920,Stent Tap,41.6132,-81.3558,Ohio,30,230.0,100.0
19921,Leroy Center,41.6784,-81.1386,Ohio,30,100.0,100.0
19922,Fort,41.7289,-81.2221,Ohio,30,100.0,100.0
19923,Colorado,41.6955,-81.2863,Ohio,30,100.0,100.0
19924,Imperial Dam,41.6757,-81.2786,Ohio,30,230.0,230.0
19926,South Dakota Wind Energy Cente,41.7141,-81.1304,Ohio,30,100.0,100.0
19927,Carencro,41.6037,-81.5149,Ohio,30,100.0,100.0
19928,St. Charles Power Plant,41.598,-81.4577,Ohio,30,100.0,100.0
19929,Hutchinson Plant 1,41.587,-81.3112,Ohio,30,100.0,100.0
19930,Hell Gate,41.6961,-81.2594,Ohio,30,100.0,100.0
19931,Moorcroft,41.6438,-81.3441,Ohio,30,100.0,100.0
19932,North Shore Beach,41.3318,-82.3906,Ohio,30,100.0,100.0
19933,Azalea,41.3771,-82.3125,Ohio,30,100.0,100.0
19934,Columbus St,41.3496,-82.1883,Ohio,30,100.0,100.0
19935,Denmark,41.4404,-82.2426,Ohio,30,100.0,100.0
19936,Tewksbury,41.458,-82.0568,Ohio,30,100.0,100.0
19937,Hartwell Avenue,41.4979,-81.9564,Ohio,30,100.0,100.0
19938,Somis & Shellsom,41.4257,-82.0626,Ohio,30,100.0,100.0
19939,River Street,41.4149,-82.0053,Ohio,30,100.0,100.0
19940,Bear Creek Solar,41.3572,-82.0184,Ohio,30,100.0,100.0
19941,Calera T.S,41.332,-82.1383,Ohio,30,230.0,100.0
19942,Tallassee Hydro Project,41.3512,-82.2318,Ohio,30,100.0,100.0
19943,Gilstrap,41.3439,-82.123,Ohio,30,100.0,100.0
19944,Homestake,41.477,-82.1565,Ohio,30,100.0,100.0
19945,Sand Dock,41.412,-82.2545,Ohio,30,100.0,100.0
19946,Menands,41.1806,-82.0205,Ohio,30,100.0,100.0
19947,White Bluff,41.1953,-82.0945,Ohio,30,100.0,100.0
19948,Sierra Linda 1704,41.2737,-82.1047,Ohio,30,100.0,100.0
19949,Arvada,41.2006,-82.1715,Ohio,30,100.0,100.0
19950,Baumhart,41.4286,-82.2945,Ohio,30,100.0,100.0
19951,Firstenergy Edgewater,41.4608,-82.2009,Ohio,30,100.0,100.0
19952,Barnes Junction,41.449,-82.1689,Ohio,30,230.0,100.0
19953,Columbia Energy Center Sc,41.4142,-82.1297,Ohio,30,100.0,100.0
19954,Rapide Croche,41.4064,-82.1657,Ohio,30,100.0,100.0
19955,Mcintosh,41.1307,-81.7778,Ohio,30,100.0,100.0
19956,Stoney,41.2156,-81.7659,Ohio,30,100.0,100.0
19957,West Medina,41.1481,-81.8725,Ohio,30,100.0,100.0
19958,Ryan,41.0869,-81.8863,Ohio,30,230.0,1.0
19959,Heritage,41.0999,-81.935,Ohio,30,100.0,100.0
19960,Sylmar East,41.4522,-82.0249,Ohio,30,100.0,100.0
19961,Abbe,41.3499,-82.0699,Ohio,30,100.0,100.0
19962,Patterson Road,41.3138,-82.0153,Ohio,30,230.0,230.0
19963,Bellows Falls,41.3275,-82.0469,Ohio,30,100.0,100.0
19964,Oberlin Oh,41.2772,-82.2076,Ohio,30,100.0,100.0
19965,Sour Lake,41.2756,-82.2499,Ohio,30,100.0,100.0
19966,Kirtland Air Force Base 3,41.1239,-82.2105,Ohio,30,230.0,230.0
19967,Salado,41.1877,-82.3088,Ohio,30,100.0,100.0
19968,Bedford 2,41.6559,-83.2473,Ohio,30,100.0,100.0
19969,Pampanos,41.6002,-83.8322,Ohio,30,100.0,100.0
19970,Aerojet,41.5961,-83.7621,Ohio,30,100.0,100.0
19971,Waterville,41.5467,-83.7157,Ohio,30,100.0,100.0
19972,Universal Studios Tap,41.639,-83.7345,Ohio,30,500.0,230.0
19973,Arkansas Nuclear One,41.5869,-83.659,Ohio,30,100.0,100.0
19974,Santo Domingo,41.628,-83.8092,Ohio,30,100.0,100.0
19975,Cambridge,41.571,-83.4792,Ohio,30,100.0,100.0
19977,New Camp,41.5936,-83.3838,Ohio,30,230.0,100.0
19978,Electra Tap 1,41.6925,-83.4709,Ohio,30,100.0,100.0
19979,Bass Lake,41.6568,-83.7341,Ohio,30,100.0,100.0
19980,Allen Junction,41.7023,-83.7491,Ohio,30,100.0,100.0
19981,Yaphank,41.7233,-83.7217,Ohio,30,100.0,100.0
19982,Northern States Flambeau,41.6729,-83.7672,Ohio,30,100.0,100.0
19983,Remsburg,41.682,-83.5866,Ohio,30,100.0,100.0
19984,West Lima,41.6868,-83.5261,Ohio,30,100.0,100.0
19985,Sutliff,41.763,-83.51,Ohio,30,100.0,100.0
19986,Tejon,41.7849,-83.542,Ohio,30,500.0,230.0
19987,Moss Landing,41.7037,-83.6073,Ohio,30,100.0,100.0
19988,Oneta,41.6507,-83.5752,Ohio,30,100.0,100.0
19989,Decant,41.6654,-83.3275,Ohio,30,100.0,100.0
19990,Cross Reactors,41.6637,-83.5012,Ohio,30,100.0,100.0
19991,High Falls - Croghan Ny,41.6499,-83.3938,Ohio,30,100.0,100.0
19992,Leesburg Central,41.7499,-83.6232,Ohio,30,100.0,100.0
19993,Kitty Hawk,41.6577,-83.672,Ohio,30,100.0,100.0
19994,Frisco,41.7116,-83.6474,Ohio,30,100.0,100.0
19995,Maclean,41.6161,-83.5014,Ohio,30,100.0,100.0
19996,Hillabee Station,41.5805,-83.6324,Ohio,30,100.0,100.0
19997,Brackenridge,41.6496,-83.6251,Ohio,30,100.0,100.0
19998,Daniel Siding,41.6758,-83.6268,Ohio,30,230.0,100.0
19999,Newark Energy Center,41.6855,-83.6608,Ohio,30,100.0,100.0
20000,Tracy,41.6258,-83.5424,Ohio,30,100.0,100.0
20001,Frey,41.5823,-83.4225,Ohio,30,100.0,100.0
20002,Bowline Point,41.6655,-83.5875,Ohio,30,100.0,100.0
20003,Q & Watt,41.6461,-83.5314,Ohio,30,100.0,100.0
20004,Helicon,41.7438,-83.4364,Ohio,30,100.0,100.0
20005,Kemmerer,41.6702,-83.5544,Ohio,30,230.0,230.0
20006,U S Alliance Coosa Pines,41.6445,-83.493,Ohio,30,100.0,100.0
20007,Gould,41.6025,-83.6002,Ohio,30,230.0,100.0
20008,Mcdonnell,41.5397,-83.5862,Ohio,30,100.0,100.0
20009,Olympia,41.5988,-83.6297,Ohio,30,100.0,100.0
20010,Ford,41.5907,-83.5669,Ohio,30,100.0,100.0
20011,Greenspot,41.507,-83.7558,Ohio,30,100.0,100.0
20012,Algood,41.4434,-83.826,Ohio,30,100.0,1.0
20013,Massey Road,41.0189,-80.7869,Ohio,30,100.0,100.0
20014,Jonesboro,40.9457,-80.7249,Ohio,30,100.0,100.0
20015,Ellis,40.9973,-80.7879,Ohio,30,100.0,100.0
20016,Masury,41.1859,-80.5578,Ohio,30,100.0,100.0
20017,Maine Yankee,41.1525,-80.4681,Ohio,30,100.0,100.0
20018,Brookfield,41.2175,-80.5514,Ohio,30,230.0,100.0
20019,Anp Blackstone Energy Project,41.0401,-80.4614,Ohio,30,100.0,100.0
20020,Parr Gt,41.1407,-80.9641,Ohio,30,100.0,100.0
20021,Newton Falls,41.2053,-80.9241,Ohio,30,100.0,100.0
20022,Windham,41.2517,-81.0242,Ohio,30,100.0,100.0
20023,Cashion,40.9998,-81.0526,Ohio,30,100.0,100.0
20024,Yorba Linda,41.1115,-80.6291,Ohio,30,100.0,100.0
20025,St Croix Falls,41.2111,-80.9883,Ohio,30,100.0,100.0
20026,Ellsworth,41.0115,-80.8948,Ohio,30,100.0,100.0
20027,Lincoln Park,41.1441,-80.5959,Ohio,30,100.0,100.0
20028,Niles Power Plant,41.1848,-80.7223,Ohio,30,100.0,100.0
20029,Mosier,41.1484,-80.6767,Ohio,30,100.0,100.0
20030,Indianola,41.0797,-80.6675,Ohio,30,100.0,100.0
20031,Calhoun Energy Center,41.044,-80.6603,Ohio,30,100.0,100.0
20032,Belmont,41.102,-80.6466,Ohio,30,230.0,230.0
20033,West Austintown,41.1251,-80.8206,Ohio,30,230.0,230.0
20034,Canfield,41.029,-80.7555,Ohio,30,230.0,230.0
20035,Belle Vista,41.0909,-80.6974,Ohio,30,100.0,100.0
20036,Cornersburg,41.0482,-80.7082,Ohio,30,100.0,100.0
20037,Lawson Rd,40.9718,-80.7133,Ohio,30,100.0,100.0
20038,Petro Lewis,41.0546,-80.7299,Ohio,30,100.0,100.0
20039,Clairemont,41.011,-80.678,Ohio,30,100.0,100.0
20040,Tartesso,40.9946,-80.6108,Ohio,30,500.0,100.0
20041,Boardman,41.0145,-80.6573,Ohio,30,100.0,100.0
20042,Empire,40.9187,-80.6356,Ohio,30,100.0,100.0
20043,North Lima,40.9538,-80.6113,Ohio,30,100.0,100.0
20044,Zedaker,41.0505,-80.6222,Ohio,30,100.0,100.0
20045,Granger,41.1262,-81.725,Ohio,30,100.0,100.0
20046,Bath,41.2051,-81.6234,Ohio,30,100.0,100.0
20047,Rosemont,41.1262,-81.6457,Ohio,30,100.0,100.0
20048,El Patio,41.0109,-81.732,Ohio,30,100.0,100.0
20049,Raber,40.9125,-81.6514,Ohio,30,100.0,100.0
20050,Tusc,41.0569,-81.5865,Ohio,30,100.0,100.0
20051,B&W Susbtation,40.9989,-81.6112,Ohio,30,100.0,100.0
20052,Silver Spur,41.0502,-81.6172,Ohio,30,100.0,100.0
20053,Gallo,41.322,-81.7722,Ohio,30,100.0,100.0
20054,Williams Lake,41.2825,-81.8191,Ohio,30,230.0,230.0
20055,Union Chemical,41.2677,-81.7238,Ohio,30,100.0,100.0
20056,North Medina,41.2011,-81.8968,Ohio,30,230.0,230.0
20057,Acme Hill,41.0215,-81.9153,Ohio,30,100.0,100.0
20058,Intalco,40.9529,-81.8728,Ohio,30,100.0,100.0
20059,Fishhole,41.1023,-82.0411,Ohio,30,100.0,100.0
20060,Wisdom,40.9629,-82.1605,Ohio,30,100.0,100.0
20061,Keystone Heights Electrical,40.8967,-81.7575,Ohio,30,100.0,100.0
20062,Sub 20062,41.0717,-81.7315,Ohio,30,100.0,100.0
20063,Running Y,41.0717,-81.7843,Ohio,30,500.0,230.0
20064,Star,41.0313,-81.7076,Ohio,30,100.0,100.0
20065,Dickson,40.6628,-84.6169,Ohio,30,100.0,100.0
20066,Dixie College,40.7484,-84.7782,Ohio,30,100.0,100.0
20067,Golden Valley,40.6189,-82.6231,Ohio,30,100.0,100.0
20068,Crisp Plant,40.5699,-82.6564,Ohio,30,100.0,100.0
20069,Pocatello,40.7087,-82.5699,Ohio,30,100.0,100.0
20070,Bravo Dome,41.5051,-83.4765,Ohio,30,100.0,100.0
20071,Carr,41.4813,-83.3522,Ohio,30,100.0,100.0
20072,Castalia,41.4263,-82.8126,Ohio,30,100.0,100.0
20074,Cache Slough,41.5009,-82.8038,Ohio,30,100.0,100.0
20075,White Rock-Nike,41.4964,-83.0768,Ohio,30,100.0,100.0
20076,Saugus,41.533,-83.1318,Ohio,30,100.0,100.0
20077,Chico A,41.4981,-83.2313,Ohio,30,100.0,100.0
20079,Lakeview,41.4894,-82.899,Ohio,30,100.0,100.0
20080,Thunderbird,41.3835,-83.0219,Ohio,30,100.0,100.0
20081,R.P.Mone,40.9522,-84.734,Ohio,30,100.0,100.0
20082,Mccall Substtaion,41.0845,-84.3801,Ohio,30,100.0,100.0
20083,Scituate,41.087,-84.6279,Ohio,30,100.0,100.0
20084,Pearland,41.1603,-84.6006,Ohio,30,100.0,100.0
20085,Sandune,41.0664,-84.724,Ohio,30,100.0,100.0
20086,Portage Lakes,41.0023,-81.576,Ohio,30,230.0,1.0
20087,Green,40.9385,-81.4807,Ohio,30,100.0,100.0
20088,Sobieski,41.1114,-81.43,Ohio,30,100.0,100.0
20089,Randolph,41.0197,-81.1546,Ohio,30,100.0,100.0
20090,Ashdown 69,41.0631,-81.0624,Ohio,30,100.0,100.0
20091,Chamberlin,41.3226,-81.4862,Ohio,30,230.0,100.0
20092,Darrow,41.1918,-81.4563,Ohio,30,100.0,100.0
20093,Chillicothe,41.282,-81.3693,Ohio,30,100.0,100.0
20094,Dashville,41.2574,-81.4252,Ohio,30,100.0,100.0
20095,Summit Street Power Plant,41.1343,-81.3596,Ohio,30,100.0,100.0
20096,Old Forge,41.0886,-81.3739,Ohio,30,230.0,230.0
20097,Ravenna,41.1634,-81.2338,Ohio,30,500.0,1.0
20098,Mt. Vernon,41.1739,-81.293,Ohio,30,100.0,100.0
20099,Don Julio-Lorac Vista,41.3327,-81.2305,Ohio,30,100.0,100.0
20100,Hiram,41.2922,-81.1317,Ohio,30,100.0,100.0
20101,Congress,41.0024,-81.3311,Ohio,30,100.0,100.0
20102,Lakemore,40.9819,-81.3823,Ohio,30,100.0,100.0
20103,Otter Valley,41.0587,-81.3147,Ohio,30,100.0,100.0
20104,Hanna,41.139,-81.2224,Ohio,30,100.0,100.0
20105,Sub 20105,41.2697,-81.2399,Ohio,30,100.0,100.0
20106,Benndale 230,41.1906,-81.1567,Ohio,30,100.0,100.0
20107,Wyoga,41.2047,-81.4827,Ohio,30,100.0,100.0
20108,No Troy,41.2281,-81.3976,Ohio,30,230.0,230.0
20109,Detour,41.1614,-81.4593,Ohio,30,100.0,100.0
20110,Rutherford,41.2414,-81.3764,Ohio,30,100.0,100.0
20111,Brady,41.1527,-81.3381,Ohio,30,100.0,100.0
20112,Eric,41.1021,-81.3996,Ohio,30,100.0,100.0
20113,Scotland Dam,41.0424,-84.072,Ohio,30,100.0,100.0
20114,Deerfield,41.0574,-84.1047,Ohio,30,230.0,100.0
20115,Minuteman,41.0015,-83.9653,Ohio,30,100.0,100.0
20116,Forbing Road,40.6789,-82.4274,Ohio,30,100.0,100.0
20117,Molalla,40.8053,-82.4162,Ohio,30,100.0,100.0
20118,Hambrick,40.7636,-82.455,Ohio,30,100.0,100.0
20119,West Mount Vernon,40.7695,-82.6193,Ohio,30,100.0,100.0
20120,Alum Ridge,40.6508,-82.5573,Ohio,30,100.0,100.0
20121,Creelman,40.745,-82.4329,Ohio,30,100.0,100.0
20122,N. Truckee,41.3491,-83.0031,Ohio,30,100.0,100.0
20123,Seasons-Bruceville,41.2801,-83.0226,Ohio,30,100.0,100.0
20124,Belle Glade,41.4324,-83.007,Ohio,30,100.0,100.0
20125,San Rafael,41.3876,-83.1541,Ohio,30,100.0,100.0
20126,Fremont Energy Center,41.3669,-83.1698,Ohio,30,100.0,100.0
20127,Rathdrum,41.3402,-83.1442,Ohio,30,100.0,100.0
20128,Telkwa,41.3823,-83.1012,Ohio,30,100.0,100.0
20129,Nooksett Hydro,41.3747,-83.3257,Ohio,30,100.0,100.0
20130,Clyde Hill,41.3214,-83.4021,Ohio,30,100.0,100.0
20131,Dayton'S Bluff,41.3578,-83.2356,Ohio,30,100.0,100.0
20132,J.M. Shafer,41.1906,-83.0195,Ohio,30,100.0,100.0
20133,Alleghany,41.1538,-83.0946,Ohio,30,230.0,230.0
20134,Praire Creek,41.0289,-83.1432,Ohio,30,100.0,100.0
20135,Christmas Valley,41.1417,-83.1464,Ohio,30,100.0,100.0
20136,Incline,41.1071,-83.0627,Ohio,30,100.0,100.0
20137,Bolivar,40.6408,-81.4767,Ohio,30,100.0,100.0
20138,Waters River,40.8415,-81.5346,Ohio,30,230.0,230.0
20139,Marion N,40.8652,-81.6208,Ohio,30,100.0,100.0
20140,Delvo,40.9085,-81.5641,Ohio,30,100.0,100.0
20141,Hartville,40.9427,-81.3526,Ohio,30,100.0,100.0
20142,Cahullia,40.9217,-81.2895,Ohio,30,100.0,100.0
20143,Greenidge Generation Llc,40.8715,-81.5398,Ohio,30,100.0,100.0
20144,Belden Village,40.8547,-81.4207,Ohio,30,100.0,100.0
20145,Charity Rotch,40.8322,-81.4916,Ohio,30,100.0,100.0
20146,Oakwood Street,40.8178,-81.3632,Ohio,30,100.0,100.0
20147,Northeast Canton,40.8507,-81.3303,Ohio,30,100.0,100.0
20148,Canas Tc,40.8914,-81.3003,Ohio,30,100.0,100.0
20149,Pawling,40.8924,-81.3912,Ohio,30,100.0,100.0
20150,Belding,40.7713,-81.3724,Ohio,30,100.0,100.0
20151,Twisselman,40.8478,-81.4718,Ohio,30,100.0,100.0
20152,Sunnyside,40.7845,-81.3543,Ohio,30,230.0,230.0
20153,Shady Grove,40.7724,-81.5147,Ohio,30,100.0,100.0
20154,South East Canton,40.7545,-81.3059,Ohio,30,100.0,100.0
20155,West Middleton,40.8655,-81.3592,Ohio,30,100.0,100.0
20156,South Canton 3,40.7159,-81.3802,Ohio,30,100.0,100.0
20157,Seymour,40.705,-81.468,Ohio,30,100.0,100.0
20158,Reedurban,40.7914,-81.4632,Ohio,30,100.0,100.0
20159,Timken,40.779,-81.3924,Ohio,30,100.0,100.0
20160,Mulligan,40.9487,-81.5762,Ohio,30,100.0,100.0
20161,Fruitridge & 28Th,40.7099,-81.6799,Ohio,30,100.0,100.0
20162,Colby City Of,40.9021,-81.2082,Ohio,30,100.0,100.0
20163,Savona,40.8616,-81.2377,Ohio,30,100.0,100.0
20164,Sawtelle,40.8246,-81.2745,Ohio,30,100.0,100.0
20165,Wayview,40.8954,-81.4581,Ohio,30,100.0,100.0
20166,Katella,40.813,-81.5467,Ohio,30,100.0,100.0
20167,Dublin,40.8123,-81.6,Ohio,30,100.0,100.0
20168,Timken Richville,40.7479,-81.4613,Ohio,30,230.0,230.0
20169,Simon Street,40.7669,-81.6269,Ohio,30,230.0,230.0
20170,Mcintosh Al,40.7506,-81.5922,Ohio,30,100.0,100.0
20171,Dalton,40.8192,-81.6622,Ohio,30,100.0,100.0
20172,Electrical,40.6872,-81.5208,Ohio,30,100.0,100.0
20173,Magas Collores 5805,40.9054,-81.4953,Ohio,30,100.0,100.0
20174,West Canton,40.8459,-81.4319,Ohio,30,500.0,230.0
20175,Mcknights,41.0353,-81.4328,Ohio,30,100.0,100.0
20176,Greentown,40.9543,-81.4014,Ohio,30,100.0,100.0
20177,Dededo,40.9175,-81.4259,Ohio,30,230.0,230.0
20178,Volcano,40.8584,-81.4442,Ohio,30,100.0,100.0
20179,Maricopa,40.904,-81.3611,Ohio,30,100.0,100.0
20180,Quintana 1418,40.9493,-81.4362,Ohio,30,100.0,100.0
20181,Pine,41.1045,-81.5874,Ohio,30,100.0,100.0
20182,Sackett,41.1377,-81.5212,Ohio,30,100.0,100.0
20183,Saint Just 1203,41.1741,-81.5871,Ohio,30,100.0,100.0
20184,Tallmadge,41.1065,-81.4548,Ohio,30,100.0,100.0
20185,East Akron,41.0672,-81.4543,Ohio,30,230.0,1.0
20186,Coventry,41.0368,-81.5608,Ohio,30,100.0,100.0
20187,Thornton,41.0703,-81.5567,Ohio,30,100.0,100.0
20188,Edgerton,41.0981,-81.531,Ohio,30,100.0,100.0
20189,Sourek,41.1529,-81.5624,Ohio,30,100.0,100.0
20190,Johnsons Corners,40.9802,-81.6495,Ohio,30,100.0,100.0
20191,Krumroy,41.0121,-81.4787,Ohio,30,100.0,100.0
20192,Copley,41.0922,-81.6359,Ohio,30,100.0,100.0
20193,Evans,41.1009,-81.4882,Ohio,30,100.0,100.0
20194,Towne,41.0286,-81.4744,Ohio,30,100.0,100.0
20195,Outfall,41.0644,-81.4786,Ohio,30,100.0,100.0
20196,Moore,40.9757,-81.507,Ohio,30,100.0,100.0
20197,South Akron,41.0146,-81.5085,Ohio,30,100.0,100.0
20198,Nimisila,40.9277,-81.5271,Ohio,30,100.0,100.0
20199,Ruskin,41.193,-81.5885,Ohio,30,230.0,230.0
20200,Thrive Fontana,41.234,-81.5984,Ohio,30,100.0,100.0
20201,Tibbits,41.1485,-81.4561,Ohio,30,100.0,100.0
20202,Gilchrist,41.0691,-81.4032,Ohio,30,100.0,100.0
20203,Water,41.0769,-81.5293,Ohio,30,230.0,100.0
20204,Genoa,41.3365,-81.5987,Ohio,30,100.0,100.0
20205,Hills,41.2962,-81.5767,Ohio,30,100.0,100.0
20206,Twinsburg,41.3077,-81.4449,Ohio,30,100.0,100.0
20207,Nordonia,41.293,-81.5062,Ohio,30,100.0,100.0
20208,Maxwell,41.3782,-81.3694,Ohio,30,100.0,100.0
20209,Shalersville,41.2207,-81.3642,Ohio,30,100.0,100.0
20210,Geauga,41.3265,-81.4278,Ohio,30,100.0,100.0
20211,Stallings,41.398,-80.8258,Ohio,30,100.0,100.0
20212,Laporte,41.3273,-80.6492,Ohio,30,100.0,100.0
20213,Agness Ave,41.3492,-80.7011,Ohio,30,100.0,100.0
20214,Spring Grove,41.3722,-80.7511,Ohio,30,100.0,100.0
20215,Hooker,41.1611,-80.6373,Ohio,30,100.0,100.0
20216,Girard,41.1974,-80.6963,Ohio,30,230.0,100.0
20217,Cassidy,41.3205,-80.5557,Ohio,30,100.0,100.0
20218,Tualatin,41.2494,-80.5761,Ohio,30,100.0,100.0
20219,Aero,41.2282,-80.6751,Ohio,30,100.0,100.0
20220,Black Ranch,41.2052,-80.776,Ohio,30,100.0,100.0
20221,Anadardko-Chapita,41.3334,-80.9791,Ohio,30,100.0,100.0
20222,Walter F George,41.2823,-80.8313,Ohio,30,100.0,100.0
20223,Williamsport,41.3083,-80.8117,Ohio,30,230.0,230.0
20224,Newton Bulk,41.2017,-80.6733,Ohio,30,100.0,100.0
20225,Oak Ridge,41.1673,-80.8907,Ohio,30,100.0,100.0
20226,Crane Creek,41.3333,-80.8426,Ohio,30,100.0,100.0
20227,Gas Turbine Ia,41.2836,-80.9299,Ohio,30,100.0,100.0
20228,Saguaro,41.3066,-80.7725,Ohio,30,100.0,100.0
20229,Placid Lake,41.2367,-80.7803,Ohio,30,100.0,100.0
20230,Hustburg,41.2152,-80.7432,Ohio,30,100.0,100.0
20231,Rivermine,41.2603,-80.7544,Ohio,30,100.0,100.0
20232,Woodhaven,40.6297,-81.5871,Ohio,30,100.0,100.0
20233,North Branch,40.9689,-84.6043,Ohio,30,100.0,100.0
20234,Mccartney,40.9253,-84.5754,Ohio,30,100.0,100.0
20235,Wisconsin Rapids,40.9056,-84.6477,Ohio,30,100.0,100.0
20236,Marys River,40.6717,-81.7445,Ohio,30,100.0,100.0
20237,Calero,40.7097,-81.8046,Ohio,30,100.0,100.0
20238,Rodeo,40.7827,-81.7829,Ohio,30,100.0,100.0
20239,Sepluveda,40.8088,-81.7494,Ohio,30,100.0,100.0
20240,Halls,40.9014,-81.7155,Ohio,30,100.0,100.0
20241,Smuckers,40.8415,-81.7459,Ohio,30,100.0,100.0
20242,Bruce Crossing,41.5699,-84.7684,Ohio,30,100.0,100.0
20243,Speen Street,41.5112,-84.6274,Ohio,30,100.0,100.0
20244,Higley,41.6941,-84.5536,Ohio,30,100.0,100.0
20245,Tanner Street Generation,41.6216,-84.6467,Ohio,30,100.0,100.0
20246,Ford City,41.4464,-83.6593,Ohio,30,100.0,100.0
20247,Bowling Green Generating Station,41.3982,-83.6969,Ohio,30,100.0,100.0
20248,Iola,41.4856,-83.5915,Ohio,30,100.0,100.0
20249,East Jackson 1&2,41.449,-83.6206,Ohio,30,100.0,100.0
20250,Portage,41.3167,-83.6352,Ohio,30,100.0,100.0
20251,Lemoyne,41.4359,-83.4634,Ohio,30,100.0,100.0
20252,Wing Lane,41.4831,-83.6603,Ohio,30,100.0,100.0
20253,Seneca City Of,41.5261,-83.5564,Ohio,30,100.0,100.0
20254,Big Horn,41.537,-83.6018,Ohio,30,230.0,230.0
20255,Banner,41.4768,-83.557,Ohio,30,100.0,100.0
20256,Neligh,41.3474,-83.8417,Ohio,30,100.0,100.0
20257,Lion Mountain,40.7977,-83.3172,Ohio,30,100.0,100.0
20258,Sycamore Canyon,40.8221,-83.3052,Ohio,30,230.0,230.0
20259,Plum Street,40.8773,-83.2287,Ohio,30,100.0,100.0
20260,Avon Lake,41.4984,-82.076,Ohio,30,100.0,13.8
20261,Galion Generating Station,40.7193,-82.8037,Ohio,30,500.0,230.0
20263,Stryker,41.4824,-84.4177,Ohio,30,100.0,24.0
20264,Beaver,41.4218,-82.2674,Ohio,30,500.0,1.0
20265,Bloomington Rogers St,40.8918,-84.6125,Ohio,30,100.0,100.0
20266,Siler City,41.4923,-82.0216,Ohio,30,500.0,1.0
20267,Napoleon Peaking Station,41.3967,-84.1132,Ohio,30,230.0,13.8
20268,Strawton,40.7639,-82.5646,Ohio,30,100.0,1.0
20269,Spanish Creek,40.9025,-84.7396,Ohio,30,500.0,18.0
20270,Mead,41.3998,-84.0804,Ohio,30,100.0,1.0
20272,Lacombe,41.4215,-84.767,Ohio,30,100.0,13.8
20273,Rittman,40.9861,-81.7651,Ohio,30,100.0,100.0
20274,Thomas Fitzhugh,40.7486,-82.7906,Ohio,30,100.0,13.8
20275,Taum Sauk,41.6775,-83.4692,Ohio,30,100.0,13.8
20276,Saint Cloud,41.2526,-82.2322,Ohio,30,100.0,100.0
20277,Seaside,41.6323,-81.4535,Ohio,30,230.0,13.8
20278,Moffett,41.4528,-84.5381,Ohio,30,230.0,13.8
20279,Aneth,41.4983,-81.6527,Ohio,30,100.0,13.8
20280,Troy Energy Llc,41.4737,-83.4585,Ohio,30,500.0,18.0
20281,Lake Catherine,40.8992,-81.766,Ohio,30,100.0,100.0
20282,Northwest Mandan Swicthing Station,41.4398,-84.1023,Ohio,30,100.0,13.8
20283,Bowling Green Electric No 4,41.389,-83.6099,Ohio,30,100.0,1.0
20284,Jordan Park,41.1594,-81.3381,Ohio,30,100.0,13.8
20285,Jm Manufacturing,41.5268,-81.5606,Ohio,30,100.0,18.0
20286,Marbo,41.3725,-83.6164,Ohio,30,230.0,1.0
20288,Temple Switching,41.8623,-80.7991,Ohio,30,100.0,1.0
20289,Glen,41.7224,-83.4536,Ohio,30,100.0,100.0
20290,Portage Uppco,41.723,-81.238,Ohio,30,230.0,13.8
20292,City Of Shelby Electric Distribution,40.8933,-82.6685,Ohio,30,100.0,18.0
20293,Metalcan,41.396,-84.0959,Ohio,30,100.0,13.8
20294,Mason,41.405,-82.2858,Ohio,30,100.0,100.0
20295,Canyonville,41.3075,-84.3137,Ohio,30,100.0,13.8
20296,Northward,41.7696,-81.1502,Ohio,30,500.0,24.0
20297,Los Reales,41.447,-84.5104,Ohio,30,100.0,1.0
20298,Lake Lure,41.5886,-84.531,Ohio,30,230.0,230.0
20299,Hagan,41.3996,-83.1682,Ohio,30,500.0,13.8
20300,Firstenergy Bay Shore,41.6859,-83.4586,Ohio,30,230.0,24.0
20301,Seville,41.0558,-81.8663,Ohio,30,100.0,1.0
20302,Loyola,41.5339,-81.6293,Ohio,30,230.0,18.0
20303,Chartley Pond,40.8244,-81.7532,Ohio,30,500.0,230.0
20304,Haviland,41.021,-84.5941,Ohio,30,100.0,100.0
20305,Harelson,41.646,-83.454,Ohio,30,100.0,100.0
20306,Mineral Ridge,41.1445,-80.7474,Ohio,30,100.0,13.8
20307,Ulrich,41.5143,-83.3795,Ohio,30,100.0,100.0
20308,Black Canyon,41.3914,-84.0863,Ohio,30,100.0,100.0
20309,Richland,41.3019,-84.3495,Ohio,30,500.0,230.0
20310,Meander,41.1696,-80.7846,Ohio,30,100.0,18.0
20311,Perry 162,41.264,-82.2193,Ohio,30,100.0,13.8
20312,Cottonwood Creek,40.8728,-83.3074,Ohio,30,100.0,13.8
20313,Cecil,41.3538,-83.7232,Ohio,30,100.0,1.0
20314,Statesville Delivery No 3,41.3972,-83.6196,Ohio,30,100.0,100.0
20315,Timber Switch,41.0434,-84.7582,Ohio,30,230.0,24.0
20316,Dixon Landing,41.1187,-81.4609,Ohio,30,100.0,100.0
20945,Katy,42.3768,-85.8817,Michigan,32,100.0,100.0
20946,Lake Placid,42.2541,-86.0511,Michigan,32,100.0,100.0
20947,Island,42.382,-85.9987,Michigan,32,100.0,100.0
20962,Helm,42.3784,-85.6179,Michigan,32,100.0,100.0
20965,Cruce Davila 8501,42.4022,-86.1974,Michigan,32,100.0,100.0
20982,Keystone Dam,42.0725,-86.3642,Michigan,32,100.0,100.0
20983,North Bluff,42.043,-86.4305,Michigan,32,100.0,100.0
20984,Ncah Central Utility Plant,42.1028,-86.2206,Michigan,32,100.0,100.0
20985,Hagar,42.171,-86.3797,Michigan,32,100.0,100.0
20986,Grays Harbor,41.9801,-86.3729,Michigan,32,100.0,100.0
20987,Port Of Stockton,42.1463,-86.2952,Michigan,32,100.0,100.0
20988,Locust Grove,41.8862,-86.441,Michigan,32,100.0,100.0
20989,Boggy Brook,42.2767,-86.3425,Michigan,32,100.0,100.0
20990,Hettinger,42.0192,-86.0663,Michigan,32,100.0,100.0
20991,Sister Lakes,42.0497,-86.1647,Michigan,32,100.0,100.0
20992,Aep Colby,41.9965,-86.1217,Michigan,32,100.0,100.0
20993,Marcos,41.7544,-86.7009,Michigan,32,100.0,100.0
20994,Wauna,41.7575,-86.2338,Michigan,32,100.0,100.0
20995,Oak Knoll,41.849,-86.319,Michigan,32,500.0,100.0
20996,Poinsett,41.8336,-86.3126,Michigan,32,100.0,100.0
20997,Lone Pine 3,41.7857,-86.2317,Michigan,32,100.0,100.0
20998,Sacramento Regional Wwtp,41.9902,-86.4963,Michigan,32,100.0,100.0
21000,Oregon,42.0054,-86.4584,Michigan,32,100.0,100.0
21001,Alabama River Pulp,42.0878,-86.4358,Michigan,32,100.0,100.0
21002,Schuylerville,42.012,-86.5486,Michigan,32,100.0,100.0
21003,Pentland,41.8542,-86.5569,Michigan,32,100.0,100.0
21004,Glasscock,41.8457,-86.6783,Michigan,32,100.0,100.0
21035,Milton Lawns,41.9043,-85.9388,Michigan,32,100.0,100.0
21036,Canovanas Pueblo 2401,42.1098,-85.9654,Michigan,32,100.0,100.0
21037,El Sol,41.8338,-86.0211,Michigan,32,230.0,1.0
21038,Corey,41.9151,-85.7271,Michigan,32,100.0,100.0
21039,Llorens Torres 1106-1118,42.0299,-85.6542,Michigan,32,100.0,100.0
21040,Flowerfield,41.9823,-85.6836,Michigan,32,100.0,100.0
21041,Three Rivers,41.9395,-85.6299,Michigan,32,230.0,100.0
21042,Leupp,41.79,-85.732,Michigan,32,100.0,100.0
21043,Constantine Hydro,41.8469,-85.6306,Michigan,32,100.0,100.0
21131,Gray,41.668,-84.5322,Michigan,32,100.0,100.0
21174,Nicola,42.0379,-84.2894,Michigan,32,100.0,100.0
21192,Treaschwig,42.3019,-85.4125,Michigan,32,100.0,100.0
21194,Harney,42.3353,-85.5494,Michigan,32,100.0,100.0
21195,Parkview Battery,42.2488,-85.648,Michigan,32,230.0,100.0
21196,Segs 5,42.2594,-85.6859,Michigan,32,100.0,100.0
21197,Marble River Hatch,42.158,-85.6641,Michigan,32,100.0,100.0
21198,Texas Cryptologic Center,42.3364,-85.66,Michigan,32,100.0,100.0
21199,Western Michigan University Power Plant,42.2778,-85.6233,Michigan,32,100.0,100.0
21200,Louisiana 1,42.2641,-85.4538,Michigan,32,100.0,100.0
21201,Kalamazoo River Generating Station,42.3021,-85.4995,Michigan,32,100.0,100.0
21202,Revital,42.1884,-85.5192,Michigan,32,100.0,100.0
21203,Dow St Charles Operations,42.3899,-85.5111,Michigan,32,100.0,100.0
21204,West Vicksburg,42.2249,-85.5376,Michigan,32,100.0,100.0
21205,San Gerardo 1342,42.2806,-85.5679,Michigan,32,100.0,100.0
21206,Romeo,42.1509,-85.7815,Michigan,32,100.0,100.0
21207,Almena,42.2039,-85.8718,Michigan,32,100.0,100.0
21208,Hermanas Columbus,42.1837,-85.6887,Michigan,32,100.0,100.0
21209,Weeds Lake,42.2557,-85.717,Michigan,32,100.0,100.0
21210,Kings Dominion,42.1945,-85.6028,Michigan,32,100.0,100.0
21211,Wickett,42.2362,-85.6206,Michigan,32,100.0,100.0
21212,Vicksburg,42.154,-85.5272,Michigan,32,100.0,100.0
21213,Ramon,42.0968,-85.4182,Michigan,32,100.0,100.0
21214,Cf Industries Yazoo City Complex,42.0576,-85.4526,Michigan,32,100.0,100.0
21271,Waconda,41.9281,-84.0817,Michigan,32,100.0,100.0
21272,Hunter'S Creek,41.8582,-84.1122,Michigan,32,230.0,230.0
21273,Sioux,41.8276,-84.0749,Michigan,32,100.0,100.0
21274,Kearny,41.9318,-84.1142,Michigan,32,100.0,100.0
21275,Midlothian Energy Facility,41.7869,-83.9448,Michigan,32,100.0,100.0
21276,Morocco,41.7923,-83.7981,Michigan,32,100.0,100.0
21277,General Motors,41.9127,-83.8734,Michigan,32,100.0,100.0
21278,Platt,42.062,-83.9981,Michigan,32,100.0,100.0
21279,Weslaco,41.7438,-84.1111,Michigan,32,100.0,100.0
21280,Lake Mirror,42.0198,-84.1746,Michigan,32,100.0,100.0
21283,Alta,42.001,-83.9753,Michigan,32,100.0,100.0
21284,University Of South Florida,41.9535,-84.0133,Michigan,32,100.0,100.0
21375,Albany Green Energy,42.0311,-83.3705,Michigan,32,100.0,100.0
21376,Cathedral Square,41.9149,-83.7026,Michigan,32,100.0,100.0
21377,Darlington County,41.9641,-83.7679,Michigan,32,100.0,100.0
21378,Lashaway,41.7256,-83.549,Michigan,32,100.0,100.0
21379,Hamlet Generating Facility,42.0464,-83.26,Michigan,32,100.0,100.0
21380,Candelaria,41.6943,-83.6172,Michigan,32,100.0,100.0
21381,Picu,41.9748,-83.5988,Michigan,32,100.0,100.0
21383,Breese,41.9298,-83.4575,Michigan,32,100.0,100.0
21384,Station 54,41.9601,-83.4024,Michigan,32,100.0,100.0
21385,Air Products,41.8985,-83.3639,Michigan,32,100.0,100.0
21387,Shuffleton,41.891,-83.4412,Michigan,32,100.0,100.0
21388,Lunar,41.8376,-83.4925,Michigan,32,100.0,100.0
21389,Buttermilk,41.9719,-83.4742,Michigan,32,100.0,100.0
21390,Monroe,41.9369,-83.3672,Michigan,32,100.0,100.0
21392,Fremont,42.0599,-83.31,Michigan,32,100.0,100.0
21393,Silicon Ranch Millington,41.9849,-83.355,Michigan,32,100.0,100.0
21394,Mt.Pleasant,41.773,-83.6285,Michigan,32,230.0,100.0
21395,Brawley,41.8636,-83.5363,Michigan,32,100.0,100.0
21396,Samaria,41.8186,-83.6146,Michigan,32,100.0,100.0
21397,Salinas,41.776,-83.5815,Michigan,32,100.0,100.0
21398,Peterboro,42.0484,-83.5639,Michigan,32,100.0,100.0
21514,Canonicus,41.8032,-85.5222,Michigan,32,100.0,100.0
21515,2 Generating Station,41.8611,-85.513,Michigan,32,100.0,100.0
21516,Sturgis,41.7906,-85.4355,Michigan,32,100.0,100.0
21517,Stubey Road,41.7808,-85.4917,Michigan,32,100.0,100.0
21518,Rainsville Tap,42.3181,-86.0678,Michigan,32,100.0,100.0
21519,Norwood Sw,42.3116,-86.1796,Michigan,32,100.0,100.0
21520,Aep East Watervliet,42.2173,-86.2321,Michigan,32,100.0,100.0
21521,Fenton,42.1632,-86.1664,Michigan,32,100.0,100.0
21522,Vasallo,42.1079,-85.8365,Michigan,32,100.0,100.0
21523,Arkansas,42.1876,-85.836,Michigan,32,100.0,100.0
21524,St Louis,42.3059,-85.8845,Michigan,32,100.0,100.0
21631,Rancho Mission Viejo,42.0353,-83.2162,Michigan,32,100.0,100.0
21655,Papermate,41.913,-83.3444,Michigan,32,500.0,13.2
21664,Palisades,42.3075,-86.3238,Michigan,32,500.0,1.0
21675,Mottville,41.812,-85.745,Michigan,32,100.0,100.0
21678,Buchanan Mi,41.8179,-86.3707,Michigan,32,100.0,100.0
21681,Monroe Mi,41.8927,-83.3356,Michigan,32,100.0,100.0
21682,Fermi,41.9869,-83.2291,Michigan,32,500.0,18.0
21691,Contra Costa 4,41.8247,-85.4157,Michigan,32,100.0,18.0
21696,Ridgeline,42.2963,-86.3306,Michigan,32,230.0,13.8
21698,Venice,42.3075,-85.6035,Michigan,32,100.0,1.0
21704,Hydro Plant,41.9859,-85.5571,Michigan,32,100.0,13.8
21708,Toll Road,41.9751,-83.2804,Michigan,32,100.0,13.8
21710,Berrien Springs,41.9479,-86.3301,Michigan,32,100.0,100.0
21716,Cook,41.9846,-86.5633,Michigan,32,500.0,18.0
21719,Caliente,42.2526,-85.4852,Michigan,32,500.0,230.0
21726,J R Whiting,41.827,-83.453,Michigan,32,500.0,1.0
21738,Graphic Packaging,42.3145,-85.5806,Michigan,32,100.0,22.0
21744,River Bend,40.6242,-84.8973,Indiana,33,230.0,230.0
21745,Dairymans,40.6682,-85.0148,Indiana,33,100.0,100.0
21746,Bluffton,40.7561,-85.167,Indiana,33,100.0,100.0
21747,Rockair,40.7489,-85.2224,Indiana,33,100.0,100.0
21748,Santa Fe Springs,40.6719,-85.117,Indiana,33,100.0,100.0
21749,Westgate,40.8309,-84.8607,Indiana,33,100.0,100.0
21750,Decatur,40.8283,-84.9565,Indiana,33,100.0,100.0
21751,Vischer Ferry,40.8546,-84.8679,Indiana,33,100.0,100.0
21752,South Decatur,40.7746,-84.9191,Indiana,33,100.0,100.0
21753,Monroeville,40.9897,-84.8654,Indiana,33,100.0,100.0
21754,East Loop,40.8668,-85.1145,Indiana,33,100.0,100.0
21755,Velasco,40.9144,-85.1579,Indiana,33,100.0,100.0
21756,Jack Primus,40.7957,-85.0775,Indiana,33,100.0,100.0
21757,Auburn 3,41.3878,-85.0741,Indiana,33,100.0,100.0
21758,Collingwood,41.2747,-85.0824,Indiana,33,100.0,100.0
21759,Dekalb,41.4127,-85.0361,Indiana,33,500.0,1.0
21760,Lake Preston,41.3807,-84.9995,Indiana,33,100.0,100.0
21761,Ege,41.3069,-85.3413,Indiana,33,100.0,100.0
21762,Palm Harbor,41.2695,-85.3772,Indiana,33,100.0,100.0
21763,Waynedale,41.0406,-85.1627,Indiana,33,230.0,100.0
21764,Rose Hill,41.062,-85.085,Indiana,33,100.0,100.0
21765,Illinois Road,41.0866,-85.3111,Indiana,33,100.0,100.0
21766,Kampsville,41.13,-85.1683,Indiana,33,100.0,100.0
21767,Crowfoot Valley,41.0247,-85.3078,Indiana,33,100.0,100.0
21768,13Th South,41.0374,-85.2583,Indiana,33,100.0,100.0
21769,Huntertown,41.2082,-85.1558,Indiana,33,100.0,100.0
21770,Moog,41.1597,-85.2148,Indiana,33,100.0,100.0
21771,Salinas Rural,41.1283,-85.1299,Indiana,33,100.0,100.0
21772,Hillcrest,41.0151,-85.105,Indiana,33,100.0,100.0
21773,Wayne Trace,41.0079,-85.0819,Indiana,33,100.0,100.0
21774,State Street,41.0982,-85.0488,Indiana,33,230.0,100.0
21775,Copus,41.0072,-85.2101,Indiana,33,100.0,100.0
21776,Flora Site B,40.9702,-85.2089,Indiana,33,100.0,100.0
21777,Hassen Cassel,40.9844,-85.0433,Indiana,33,100.0,100.0
21778,Arden Hills,41.0831,-85.2671,Indiana,33,100.0,100.0
21779,Mckinley,41.0762,-85.227,Indiana,33,100.0,100.0
21780,Bass,41.0845,-85.1657,Indiana,33,100.0,100.0
21781,Kapaia Power Station,41.1459,-85.1916,Indiana,33,100.0,100.0
21782,Saturn,41.0752,-85.3465,Indiana,33,100.0,100.0
21783,Brasada,40.9672,-85.284,Indiana,33,100.0,100.0
21784,Moreau,41.0968,-85.0881,Indiana,33,100.0,100.0
21785,Trier,41.1218,-85.044,Indiana,33,100.0,100.0
21786,Aep Pettit Avenue,41.0587,-85.1359,Indiana,33,100.0,100.0
21787,Allen,41.0275,-85.0049,Indiana,33,100.0,100.0
21788,Tonasket,40.9283,-85.0947,Indiana,33,100.0,100.0
21789,Ss3144 Tap,41.0222,-85.0492,Indiana,33,100.0,100.0
21790,Cheyene,41.1843,-85.2682,Indiana,33,100.0,100.0
21791,Vc Porterdale Hydroelectric,41.1845,-85.2387,Indiana,33,100.0,100.0
21792,Muldoon Mill,40.9432,-85.0469,Indiana,33,100.0,100.0
21793,Spy Run,41.1041,-85.1471,Indiana,33,100.0,100.0
21794,Sicamous,41.0904,-85.0197,Indiana,33,100.0,100.0
21795,Industrial Park,41.115,-85.172,Indiana,33,100.0,100.0
21796,Robison Park,41.1638,-85.0993,Indiana,33,230.0,230.0
21797,Stolle Road,41.2043,-85.0469,Indiana,33,100.0,100.0
21798,South Springfield,41.1741,-85.0218,Indiana,33,100.0,100.0
21799,Janes Creek,41.1778,-84.9084,Indiana,33,100.0,100.0
21800,Robison Park 2,41.183,-85.1172,Indiana,33,100.0,100.0
21801,Jemison,41.0922,-85.1172,Indiana,33,100.0,100.0
21802,Mitchell Creek,41.291,-85.1879,Indiana,33,100.0,100.0
21803,Wallen,41.1725,-85.1828,Indiana,33,100.0,100.0
21804,Nambe,41.3261,-84.8652,Indiana,33,100.0,100.0
21805,Laotto,41.2642,-85.2502,Indiana,33,100.0,100.0
21806,East Mesa 2,41.2311,-84.9803,Indiana,33,100.0,100.0
21807,Carmel Hill,41.127,-84.9291,Indiana,33,100.0,100.0
21808,Harper,41.0931,-84.9634,Indiana,33,100.0,100.0
21809,Grabill,41.1824,-84.968,Indiana,33,100.0,100.0
21810,Brunswick Nuclear,40.9051,-85.4597,Indiana,33,100.0,100.0
21811,Sorenson,40.9824,-85.3331,Indiana,33,100.0,100.0
21812,Woodburn,41.1125,-84.864,Indiana,33,100.0,100.0
21834,Sacajawea,40.4054,-85.1621,Indiana,33,100.0,100.0
21835,Hartford City,40.4598,-85.3533,Indiana,33,100.0,100.0
21836,Bow Lake,40.4268,-85.4226,Indiana,33,100.0,100.0
21837,Harvey,40.4378,-85.3024,Indiana,33,100.0,100.0
21838,Masspower,40.594,-85.6391,Indiana,33,100.0,100.0
21839,Indiana Harbor E 5 Ac Station,40.5526,-85.6191,Indiana,33,100.0,100.0
21840,Carnation Dairy,40.6369,-85.6225,Indiana,33,100.0,100.0
21841,Freedom Power Project,40.6106,-85.616,Indiana,33,100.0,100.0
21842,Tennoll,40.5239,-85.2635,Indiana,33,100.0,100.0
21950,Permian Basin,39.0612,-84.8931,Indiana,33,100.0,100.0
21955,28Th St,39.1434,-84.8094,Indiana,33,100.0,100.0
21962,Coso 7,39.4138,-84.7907,Indiana,33,100.0,100.0
21963,Northstar,39.3621,-84.7705,Indiana,33,100.0,100.0
21974,Hulbert,41.4671,-84.9026,Indiana,33,100.0,100.0
21975,Noble,41.3478,-85.1753,Indiana,33,100.0,100.0
21977,Villa Mar 1657,41.3845,-85.2787,Indiana,33,100.0,100.0
21978,Colegio 6006,41.4453,-85.2132,Indiana,33,100.0,100.0
21979,Kendallville,41.4661,-85.3019,Indiana,33,100.0,100.0
21980,Howard Bend,41.4258,-85.3225,Indiana,33,100.0,100.0
21981,Seventy Second,40.338,-85.3055,Indiana,33,100.0,100.0
21982,Aladdin,40.2346,-85.7,Indiana,33,100.0,100.0
21983,Delena,40.2213,-85.6558,Indiana,33,230.0,230.0
21984,Anderson Webster Street,40.1375,-85.6577,Indiana,33,100.0,100.0
21985,Madison,40.0712,-85.6418,Indiana,33,100.0,100.0
21986,Rerc,40.0983,-85.5414,Indiana,33,100.0,100.0
21987,Yreka,40.0381,-85.559,Indiana,33,100.0,100.0
21988,Labarre,39.98,-85.5077,Indiana,33,100.0,100.0
21989,Canamah,40.1254,-85.372,Indiana,33,230.0,1.0
21990,Burke Mountain,40.1173,-85.406,Indiana,33,100.0,100.0
21991,Erie,40.2175,-85.4392,Indiana,33,100.0,100.0
21992,Aep Medford,40.1502,-85.3745,Indiana,33,100.0,100.0
21993,Nuclear Fuels,40.264,-85.3708,Indiana,33,100.0,100.0
21994,Columbia Hills,40.1418,-85.4573,Indiana,33,100.0,100.0
21995,Desoto,40.2562,-85.3538,Indiana,33,230.0,100.0
21996,Jones Creek,40.2301,-85.5422,Indiana,33,100.0,100.0
21997,Sibley No Two,40.1439,-85.4898,Indiana,33,100.0,100.0
21998,Crystal Falls,40.2223,-85.3598,Indiana,33,100.0,100.0
21999,Pineville,40.1769,-85.2592,Indiana,33,100.0,100.0
22000,Lorin Industries,40.4112,-85.4701,Indiana,33,100.0,100.0
22001,Earlham,40.2696,-85.4466,Indiana,33,100.0,100.0
22013,Grimley Road,41.6729,-85.844,Indiana,33,100.0,100.0
22014,Station A St. John,41.7231,-85.9075,Indiana,33,100.0,100.0
22015,Freemont,41.7272,-86.0295,Indiana,33,100.0,100.0
22016,Dunlap,41.6385,-85.8807,Indiana,33,100.0,100.0
22017,Lusher,41.6685,-85.9392,Indiana,33,100.0,100.0
22018,Yahuecas 8203,41.7061,-85.9679,Indiana,33,100.0,100.0
22019,Highway 123,41.6448,-86.0455,Indiana,33,100.0,100.0
22020,Trap Falls,41.7136,-85.9966,Indiana,33,100.0,100.0
22021,Rossmoor Tap 2,41.6747,-85.8761,Indiana,33,100.0,100.0
22022,Concord,41.659,-85.9896,Indiana,33,230.0,100.0
22023,Sage,41.5607,-86.1043,Indiana,33,100.0,100.0
22024,Mt. Harris,41.5299,-85.8616,Indiana,33,230.0,230.0
22025,Shawboro,41.5513,-85.8589,Indiana,33,100.0,100.0
22026,German Church,41.5274,-85.8951,Indiana,33,100.0,100.0
22027,Lehma,41.5932,-85.7015,Indiana,33,100.0,100.0
22028,Huntingdon District,41.5898,-85.7684,Indiana,33,100.0,100.0
22029,West Liberty,41.5846,-85.8175,Indiana,33,100.0,100.0
22030,Lake Crystal,41.5303,-85.832,Indiana,33,100.0,100.0
22031,Tech Center,41.7122,-86.0949,Indiana,33,100.0,100.0
22032,University,41.7165,-86.2129,Indiana,33,500.0,1.0
22033,W. El Camino-15,41.7503,-86.1588,Indiana,33,100.0,100.0
22034,Twin Branch 3,41.6538,-86.1204,Indiana,33,100.0,100.0
22035,Mcmichen,41.5295,-85.5217,Indiana,33,500.0,230.0
22036,Ligonier,41.411,-85.5695,Indiana,33,100.0,100.0
22037,Adams St,41.682,-85.8026,Indiana,33,100.0,100.0
22038,Hillcroft,41.6724,-85.6522,Indiana,33,100.0,100.0
22041,Elkins Generating Center,41.4533,-85.9964,Indiana,33,100.0,100.0
22043,Sumpter,41.5873,-86.1369,Indiana,33,100.0,1.0
22044,Abilene Elmcreek,41.4496,-85.7531,Indiana,33,100.0,100.0
22093,Maud,40.2499,-85.8494,Indiana,33,100.0,100.0
22095,Emrld,40.4221,-85.6799,Indiana,33,100.0,100.0
22096,Juno Beach,40.475,-85.5289,Indiana,33,100.0,100.0
22097,Vail,40.3645,-85.6919,Indiana,33,100.0,100.0
22098,Dooville,40.5465,-85.5864,Indiana,33,230.0,230.0
22099,Dug Gap,40.4927,-85.6096,Indiana,33,100.0,100.0
22100,Deer Creek,40.5419,-85.6536,Indiana,33,100.0,100.0
22101,Williams Hydro,40.3994,-85.6041,Indiana,33,100.0,100.0
22172,Decatur East Main Street,39.9025,-85.5677,Indiana,33,100.0,100.0
22203,Anson North,39.9288,-85.2069,Indiana,33,100.0,100.0
22207,Greensboro,39.887,-85.4906,Indiana,33,100.0,100.0
22208,Headwaters Wind Farm Ii Llc,40.0548,-85.2092,Indiana,33,100.0,100.0
22209,Semiahmoo,39.9151,-85.4168,Indiana,33,100.0,100.0
22210,90Th South,39.9134,-85.3256,Indiana,33,100.0,100.0
22220,Eupora,40.874,-85.5391,Indiana,33,230.0,100.0
22221,Mittry,40.8501,-85.5053,Indiana,33,100.0,100.0
22222,Port Calcite,40.9769,-85.3871,Indiana,33,100.0,100.0
22223,Flaming Gorge,40.8442,-85.5482,Indiana,33,100.0,100.0
22224,West Plano,40.8918,-85.2821,Indiana,33,100.0,100.0
22225,West Hill,40.6408,-85.3712,Indiana,33,100.0,100.0
22226,South Rutland,40.7039,-85.4112,Indiana,33,100.0,100.0
22243,Hale Co,40.5461,-85.0612,Indiana,33,100.0,100.0
22244,Aic,40.4219,-84.9691,Indiana,33,100.0,100.0
22245,Sneath-Pacifica Tap,40.4934,-84.9388,Indiana,33,100.0,100.0
22246,South Bremerton,40.269,-84.8214,Indiana,33,100.0,100.0
22247,Silver Hawk,40.1115,-84.8895,Indiana,33,100.0,100.0
22248,Kayenta,40.3257,-84.8024,Indiana,33,100.0,100.0
22292,Elk River,41.3221,-85.6154,Indiana,33,100.0,100.0
22294,Contee Road,41.0164,-85.7679,Indiana,33,100.0,100.0
22295,Oregon Trail,40.9814,-85.8279,Indiana,33,100.0,1.0
22296,Casa Diablo,41.1965,-85.6212,Indiana,33,100.0,100.0
22297,Hondo Creek,41.1252,-85.6816,Indiana,33,100.0,100.0
22299,North Tomah,41.009,-85.6734,Indiana,33,100.0,100.0
22305,Quinnipiac,41.7036,-85.2008,Indiana,33,100.0,100.0
22306,Modesto Energy,41.6134,-85.3607,Indiana,33,100.0,100.0
22307,French Camp,41.5663,-85.338,Indiana,33,100.0,100.0
22308,Lagrange,41.6596,-85.3818,Indiana,33,100.0,100.0
22309,Palmyra Municipal 2,41.639,-85.5795,Indiana,33,100.0,100.0
22310,Mclain,41.5125,-85.6272,Indiana,33,100.0,100.0
22311,Walnut Creek,41.5561,-85.4021,Indiana,33,100.0,100.0
22325,River Mill,41.5652,-87.5498,Indiana,33,100.0,100.0
22332,Calumet Energy Team Llc,41.7074,-87.5956,Indiana,33,100.0,100.0
22333,Vasquez,41.8449,-87.6093,Indiana,33,100.0,100.0
22336,Country Club 3,41.4551,-87.5736,Indiana,33,100.0,100.0
22338,Ferguson Avenue,41.7433,-87.5347,Indiana,33,100.0,100.0
22345,Colusa,41.584,-87.5324,Indiana,33,100.0,100.0
22365,Deland,41.6155,-87.5289,Indiana,33,100.0,100.0
22376,Olive,41.6858,-86.4946,Indiana,33,100.0,100.0
22377,Southside Generating Station,41.7247,-86.6212,Indiana,33,100.0,100.0
22380,North Generator,41.5729,-86.422,Indiana,33,100.0,100.0
22381,Smyrna,41.5294,-86.4566,Indiana,33,100.0,100.0
22393,Ga Square,40.1996,-85.7752,Indiana,33,100.0,100.0
22394,Winterset,40.1985,-85.661,Indiana,33,100.0,100.0
22395,Makahoy,40.2418,-85.7682,Indiana,33,100.0,100.0
22396,Millbrae,40.0745,-85.7979,Indiana,33,100.0,100.0
22397,Recker,40.0127,-85.676,Indiana,33,100.0,100.0
22398,San Felipe,40.174,-85.7181,Indiana,33,100.0,100.0
22399,Meadowbrook,40.0416,-85.6395,Indiana,33,100.0,100.0
22400,Pendleton,40.0852,-85.7079,Indiana,33,100.0,100.0
22401,Anderson,40.0508,-85.7135,Indiana,33,100.0,100.0
22468,Marshall,41.4648,-86.3294,Indiana,33,100.0,100.0
22491,Exxon,41.4319,-85.4589,Indiana,33,100.0,100.0
22492,Red Cloud,41.1499,-85.433,Indiana,33,100.0,100.0
22493,Buckeye,41.2095,-85.5174,Indiana,33,230.0,230.0
22494,Meridian,41.0682,-85.4345,Indiana,33,100.0,100.0
22495,Elyslan,41.1734,-85.5352,Indiana,33,100.0,100.0
22497,Desert View,38.9308,-84.8448,Indiana,33,100.0,100.0
22549,Baywood,40.1281,-85.1282,Indiana,33,100.0,100.0
22551,Central Bluff,40.1153,-85.0063,Indiana,33,100.0,100.0
22552,Carbona,40.2468,-85.0837,Indiana,33,100.0,100.0
22553,Anchor Hocking,40.1755,-84.9684,Indiana,33,100.0,100.0
22574,Stave Falls,41.6567,-86.1833,Indiana,33,100.0,100.0
22575,Hayden Bridge,41.6319,-86.0907,Indiana,33,100.0,100.0
22576,Hinkley,41.5755,-86.1698,Indiana,33,100.0,100.0
22577,Cobre,41.6126,-86.0998,Indiana,33,100.0,100.0
22578,Twin Branch Pv,41.6863,-86.1056,Indiana,33,100.0,100.0
22579,Weleetka,41.7135,-86.1429,Indiana,33,100.0,100.0
22580,Prairie Creek Sw,41.569,-86.2644,Indiana,33,100.0,100.0
22581,Ravendale,41.6493,-86.2346,Indiana,33,100.0,100.0
22582,Gravel Pit,41.6357,-86.3571,Indiana,33,100.0,100.0
22583,Calvert,41.6516,-86.2716,Indiana,33,100.0,100.0
22584,Locust,41.6533,-86.3549,Indiana,33,230.0,230.0
22585,Booster,41.605,-86.3678,Indiana,33,100.0,100.0
22586,South Bend,41.6814,-86.1756,Indiana,33,100.0,100.0
22587,Buffalo Road,41.6425,-86.207,Indiana,33,100.0,100.0
22588,Drewry,41.7004,-86.2787,Indiana,33,100.0,100.0
22589,Salamancafrank St,41.6305,-86.3037,Indiana,33,100.0,100.0
22590,Rittenhouse Tap 2,41.6814,-86.4064,Indiana,33,100.0,100.0
22591,Shroud,41.7223,-86.429,Indiana,33,100.0,100.0
22592,7Th Avenue,41.794,-86.332,Indiana,33,100.0,100.0
22593,German,41.719,-86.2991,Indiana,33,100.0,100.0
22594,Factor 1 8011,41.6861,-86.3513,Indiana,33,100.0,100.0
22595,Grandview Ave,41.6882,-86.3108,Indiana,33,100.0,100.0
22596,Cambria,41.8166,-86.2638,Indiana,33,100.0,100.0
22597,Deltona,41.7488,-86.2554,Indiana,33,100.0,100.0
22598,Marley,41.8232,-86.2238,Indiana,33,100.0,100.0
22599,Pokagon,41.8599,-86.2021,Indiana,33,100.0,100.0
22673,Gruver,40.7478,-85.7659,Indiana,33,100.0,100.0
22674,Lake Hemet,40.8811,-85.7859,Indiana,33,100.0,100.0
22708,Montpelier Electric Generating Station,40.6558,-85.3266,Indiana,33,500.0,1.0
22721,Northeast Mi,40.3549,-85.8583,Indiana,33,500.0,13.8
22725,Elkhart Hydro,41.697,-85.962,Indiana,33,100.0,1.0
22739,Henry County,39.9433,-85.5028,Indiana,33,500.0,230.0
22742,Wabash,40.7796,-85.8122,Indiana,33,500.0,13.8
22749,San Marcos,40.047,-85.0255,Indiana,33,500.0,13.8
22751,Castle Hills,41.6627,-86.1738,Indiana,33,100.0,1.0
22765,Mount Holly,40.0588,-85.7127,Indiana,33,500.0,13.8
22766,Colfax,41.6845,-86.2492,Indiana,33,100.0,13.8
22767,Krumkill,41.7377,-86.2473,Indiana,33,100.0,13.8
22777,Whitewater,42.3011,-88.8232,Illinois,34,100.0,100.0
22778,43Rd & S. Land,42.2378,-88.844,Illinois,34,500.0,230.0
22779,Hatfield Kp,42.2846,-88.8688,Illinois,34,100.0,100.0
22780,Patroon,42.2138,-88.7904,Illinois,34,100.0,1.0
22781,Abilene South,42.3539,-88.6689,Illinois,34,100.0,100.0
22782,Friendsville,42.4947,-88.6446,Illinois,34,100.0,100.0
22783,Newberry,42.4093,-88.6218,Illinois,34,100.0,100.0
22784,Geysers Tap 6,42.3461,-88.9741,Illinois,34,100.0,100.0
22785,Middlesboro,42.3023,-89.0063,Illinois,34,100.0,100.0
22786,Freehaven-Lakepark,42.3705,-88.9965,Illinois,34,100.0,100.0
22787,Port Robson,42.2737,-88.9722,Illinois,34,100.0,100.0
22788,Talcville,42.4366,-88.8806,Illinois,34,100.0,100.0
22789,Arsenal Hill,42.371,-88.8952,Illinois,34,100.0,100.0
22790,Timberlake,42.4041,-88.8224,Illinois,34,100.0,100.0
22791,Central Ferry,42.2914,-89.07,Illinois,34,100.0,100.0
22792,Wheelabrator Saugus,42.3203,-89.0093,Illinois,34,100.0,100.0
22793,Cave Junction,42.2916,-88.9398,Illinois,34,100.0,100.0
22794,White Bluffs,42.3339,-89.0437,Illinois,34,100.0,100.0
22795,Roman Juarez,42.3507,-88.937,Illinois,34,100.0,100.0
22796,Tompkinsville Ps,42.3236,-88.9508,Illinois,34,100.0,100.0
22797,East Beloit,42.4932,-88.9885,Illinois,34,230.0,230.0
22798,East Rockton,42.4472,-89.0333,Illinois,34,100.0,100.0
22799,Cosmic,42.433,-88.9314,Illinois,34,100.0,100.0
22801,North Mesquite,41.6118,-89.0866,Illinois,34,100.0,100.0
22802,Gertie,41.5616,-89.0297,Illinois,34,100.0,100.0
22804,Big Creek 2,41.2272,-89.0492,Illinois,34,100.0,100.0
22805,Sub 22805,41.4022,-89.1204,Illinois,34,100.0,100.0
22806,Dog Creek,41.514,-89.3718,Illinois,34,100.0,100.0
22811,Westpoint,41.8577,-90.1197,Illinois,34,100.0,100.0
22812,Young Rw,41.7834,-90.0345,Illinois,34,100.0,100.0
22813,Estill Springs,42.1082,-89.8268,Illinois,34,100.0,100.0
22814,Station L Scattergood Tap,42.1073,-89.9496,Illinois,34,100.0,100.0
22815,Basic Vegtable,42.247,-89.7979,Illinois,34,100.0,100.0
22817,Vilas Road,42.1165,-87.972,Illinois,34,100.0,100.0
22818,Green Bluff,42.1892,-87.9837,Illinois,34,100.0,100.0
22819,South Eloise,42.1988,-87.9382,Illinois,34,100.0,100.0
22820,Ciniza,42.0651,-87.9348,Illinois,34,100.0,100.0
22821,Pateros,42.1493,-87.9077,Illinois,34,100.0,100.0
22822,Murfreesboro,42.0574,-87.9828,Illinois,34,100.0,100.0
22823,Rock Rapids,42.1468,-88.1572,Illinois,34,100.0,100.0
22824,Acec Spring Lake,42.1434,-88.131,Illinois,34,100.0,100.0
22825,Archie,42.1705,-88.2274,Illinois,34,100.0,100.0
22826,Dodge Junction,41.9386,-88.1887,Illinois,34,100.0,100.0
22827,Seymour Johnson,41.9799,-88.179,Illinois,34,230.0,1.0
22828,Prevost,41.8237,-87.8313,Illinois,34,100.0,100.0
22829,Medina Lake,41.8341,-87.835,Illinois,34,100.0,100.0
22830,Temblor,41.7237,-87.7711,Illinois,34,100.0,100.0
22831,Polson,41.7696,-87.853,Illinois,34,100.0,100.0
22832,Nelson Road,42.1649,-87.9825,Illinois,34,100.0,100.0
22833,Edison Solar Ii,42.1683,-87.9075,Illinois,34,100.0,100.0
22834,Gwynneville,42.1802,-87.8774,Illinois,34,100.0,100.0
22835,West Station Nj,42.068,-88.0125,Illinois,34,100.0,100.0
22836,Morganville,41.7506,-87.8077,Illinois,34,100.0,100.0
22837,North Vernon,41.6716,-87.8658,Illinois,34,100.0,100.0
22838,South Holland,41.6202,-87.5853,Illinois,34,100.0,100.0
22839,Sand Ridge,41.5834,-87.557,Illinois,34,100.0,100.0
22840,Rogers,41.6027,-87.6411,Illinois,34,100.0,100.0
22841,April,42.0261,-87.6678,Illinois,34,230.0,1.0
22842,Cuba City South,42.1104,-87.7269,Illinois,34,100.0,100.0
22843,North Troy,42.0718,-87.7404,Illinois,34,100.0,100.0
22844,Jax Heights,41.9635,-87.8709,Illinois,34,100.0,100.0
22845,Hydeville,41.9705,-87.7806,Illinois,34,100.0,100.0
22846,Prosser,42.0399,-87.6955,Illinois,34,100.0,100.0
22847,Niles,42.0334,-87.7687,Illinois,34,100.0,100.0
22848,Maximo,41.9434,-87.8069,Illinois,34,100.0,100.0
22849,Moreno Tap,41.978,-87.7134,Illinois,34,230.0,100.0
22850,Cataract Hydro,42.0279,-87.7067,Illinois,34,100.0,100.0
22851,Sysquoc,41.9742,-87.6893,Illinois,34,100.0,100.0
22852,Southside,41.9978,-87.6936,Illinois,34,100.0,100.0
22853,Comed Devon,41.9988,-87.7383,Illinois,34,100.0,100.0
22854,Scyene Rd,41.962,-87.6944,Illinois,34,100.0,100.0
22855,Vancouver Airport,41.873,-87.6887,Illinois,34,100.0,100.0
22856,Lomas,41.9565,-87.6706,Illinois,34,100.0,100.0
22857,Sandown,42.0075,-87.6604,Illinois,34,100.0,100.0
22858,Deer Valley,41.935,-87.6828,Illinois,34,100.0,100.0
22859,Lind,41.9898,-87.7626,Illinois,34,100.0,100.0
22860,Renwind,41.882,-87.7731,Illinois,34,100.0,100.0
22861,Station 204,41.9314,-87.8208,Illinois,34,100.0,100.0
22862,Philadlephia,41.9885,-87.7092,Illinois,34,100.0,100.0
22864,Addis,42.0884,-87.7116,Illinois,34,100.0,100.0
22865,Hwy 87 & S. Selwyn Rd,41.9654,-87.7396,Illinois,34,100.0,100.0
22866,Mcloughlin,42.0261,-87.6864,Illinois,34,100.0,100.0
22868,Wommack,41.9914,-87.8543,Illinois,34,100.0,100.0
22869,South Bradley,41.932,-87.7526,Illinois,34,100.0,100.0
22870,Blue Goose,41.9124,-87.7628,Illinois,34,100.0,100.0
22871,Woodchuck,41.9316,-87.7789,Illinois,34,100.0,100.0
22872,Sun Prairie,41.8525,-87.7569,Illinois,34,230.0,100.0
22873,Clifton Wilson,41.9973,-87.8242,Illinois,34,230.0,100.0
22874,Trienda,41.8255,-87.7843,Illinois,34,100.0,100.0
22875,Olds Station,41.9192,-87.6331,Illinois,34,100.0,100.0
22876,Bradenton,41.9099,-87.6254,Illinois,34,100.0,100.0
22878,Getty Oil,41.7666,-87.6813,Illinois,34,100.0,100.0
22880,Harewood West,41.8803,-87.6165,Illinois,34,100.0,100.0
22881,North Meshoppen,41.8507,-87.611,Illinois,34,100.0,100.0
22882,Grassmere,41.9112,-87.6995,Illinois,34,100.0,100.0
22883,Henley Tap,41.834,-87.666,Illinois,34,100.0,100.0
22884,Comed,41.9,-87.6607,Illinois,34,230.0,100.0
22885,Richmond Park,41.9435,-87.6351,Illinois,34,100.0,100.0
22886,Flax Hill,41.9292,-87.7644,Illinois,34,230.0,1.0
22887,Burwell,41.9154,-87.8191,Illinois,34,230.0,230.0
22888,Henagar,41.8003,-87.8242,Illinois,34,100.0,100.0
22889,Higbee,41.9025,-87.7581,Illinois,34,100.0,100.0
22890,East Sanger,41.9147,-87.8065,Illinois,34,100.0,100.0
22891,Indian Lake,41.8244,-87.7997,Illinois,34,100.0,100.0
22892,Santa Clara,41.9023,-87.6822,Illinois,34,100.0,100.0
22893,Bakersfield,41.8976,-87.7278,Illinois,34,100.0,100.0
22894,Lincoln St South,42.0033,-87.7176,Illinois,34,100.0,100.0
22895,Boyles,41.878,-87.7485,Illinois,34,100.0,100.0
22896,Coulter,41.8905,-87.7018,Illinois,34,100.0,100.0
22897,Lawnwood,41.8892,-87.6128,Illinois,34,100.0,100.0
22898,Guardian Glass,41.8608,-87.6965,Illinois,34,100.0,100.0
22899,Southwestern,41.8744,-87.656,Illinois,34,100.0,100.0
22900,Lamping Station,41.9627,-87.7184,Illinois,34,100.0,100.0
22901,Fruit Industries,41.7865,-87.6956,Illinois,34,100.0,100.0
22902,Albion Road,41.8848,-87.6527,Illinois,34,100.0,100.0
22903,Gamebird,41.8376,-87.7252,Illinois,34,100.0,100.0
22904,Solemint,41.8097,-87.7618,Illinois,34,100.0,100.0
22905,White Pine Vlg,41.9067,-87.6649,Illinois,34,100.0,100.0
22906,Coto Laurel,41.8686,-87.7281,Illinois,34,100.0,100.0
22907,Groton Muni,41.8725,-87.67,Illinois,34,100.0,100.0
22908,George Neal South,41.775,-87.7371,Illinois,34,100.0,100.0
22909,Telluride,41.8175,-87.7033,Illinois,34,100.0,100.0
22910,Amalia,41.7558,-87.6754,Illinois,34,100.0,100.0
22912,Indian Head,41.8449,-87.6925,Illinois,34,100.0,100.0
22913,Dahlia,41.7934,-87.6018,Illinois,34,100.0,100.0
22914,Ketchikan,41.7635,-87.6945,Illinois,34,100.0,100.0
22915,Salinas Urbano,41.7327,-87.644,Illinois,34,100.0,100.0
22916,Bedford Park,41.7623,-87.7808,Illinois,34,100.0,100.0
22917,Chalk Hills Hy,41.7179,-87.7489,Illinois,34,100.0,100.0
22918,Peetz,41.7246,-87.6677,Illinois,34,100.0,100.0
22919,Us Gypsum Oakfield,41.7941,-87.7501,Illinois,34,100.0,100.0
22920,Uncasville,41.8361,-87.605,Illinois,34,100.0,100.0
22921,Edwardsport Station 2,41.8077,-87.5839,Illinois,34,100.0,100.0
22922,Cascade Steel,41.7275,-87.6076,Illinois,34,100.0,100.0
22923,Duley,41.8124,-87.6059,Illinois,34,100.0,100.0
22924,Hayford,41.7508,-87.7052,Illinois,34,100.0,100.0
22925,Marks,41.7937,-87.6801,Illinois,34,100.0,100.0
22926,Los Esteros,41.7576,-87.7513,Illinois,34,100.0,100.0
22927,Olinda,41.7512,-87.6087,Illinois,34,100.0,100.0
22928,Opal Cliffs,41.7181,-87.6375,Illinois,34,100.0,100.0
22929,Hog Bayou Energy Center,41.7138,-87.6705,Illinois,34,100.0,1.0
22930,Canreed,41.8518,-87.7478,Illinois,34,100.0,100.0
22931,Ashe,41.7923,-87.6691,Illinois,34,100.0,100.0
22932,Falu 1334,41.7779,-87.6486,Illinois,34,100.0,100.0
22933,Storage Tek I,41.8433,-87.7037,Illinois,34,100.0,100.0
22934,South Jackson,41.845,-87.7844,Illinois,34,100.0,100.0
22935,Bordertown,41.8081,-87.7437,Illinois,34,230.0,230.0
22936,Urquhart,41.7925,-87.6368,Illinois,34,100.0,100.0
22937,Bryan St,41.7801,-87.7173,Illinois,34,100.0,100.0
22938,Gamer,41.8038,-87.6999,Illinois,34,100.0,100.0
22939,West Memphis Gateway,41.7958,-87.7217,Illinois,34,100.0,100.0
22940,Havelock,41.8231,-87.6524,Illinois,34,100.0,100.0
22941,Southeast Chicago Energy Project,41.72,-87.559,Illinois,34,100.0,100.0
22943,Winthrop,41.747,-87.5545,Illinois,34,100.0,100.0
22944,Saint Joseph,41.8221,-87.7204,Illinois,34,100.0,100.0
22945,Bingen,41.7559,-87.6239,Illinois,34,100.0,100.0
22946,Robbins Community Power Llc,41.6882,-87.6816,Illinois,34,100.0,100.0
22947,Carbonic,41.7381,-87.6689,Illinois,34,100.0,100.0
22948,Unibon 9501,41.7072,-87.6223,Illinois,34,100.0,100.0
22949,Goat Rock,41.7472,-87.6384,Illinois,34,100.0,100.0
22950,Sky Lake,41.8156,-87.6259,Illinois,34,100.0,100.0
22951,Jim Christal,41.6016,-87.6766,Illinois,34,500.0,1.0
22952,Surprise,41.6642,-87.5985,Illinois,34,100.0,100.0
22953,Peachton,41.7618,-87.6121,Illinois,34,100.0,100.0
22955,Wildwood,41.6582,-87.6267,Illinois,34,100.0,100.0
22956,Janson Ln,41.7376,-87.5962,Illinois,34,100.0,100.0
22957,Morganton Station 5,41.771,-87.5645,Illinois,34,100.0,100.0
22958,Tower Automotive,41.6777,-87.5422,Illinois,34,100.0,100.0
22959,Dal Grauer,41.6558,-87.6649,Illinois,34,100.0,100.0
22960,Drummond,41.6067,-87.6555,Illinois,34,100.0,100.0
22961,Washington Park,41.7955,-87.6195,Illinois,34,230.0,230.0
22962,Poplar Bluff Generating Station,41.7457,-87.6591,Illinois,34,230.0,230.0
22963,Hegewisch,41.6628,-87.5738,Illinois,34,100.0,100.0
22964,Blue Island,41.6349,-87.6491,Illinois,34,100.0,100.0
22965,Lower Granite,41.5303,-87.6101,Illinois,34,230.0,100.0
22966,Florida Power Development,41.6409,-87.5915,Illinois,34,100.0,100.0
22967,Rock Tavern 2,41.5176,-87.6152,Illinois,34,100.0,100.0
22968,Lansing,41.5658,-87.5774,Illinois,34,100.0,100.0
22969,Segs 3,41.5858,-87.5766,Illinois,34,100.0,100.0
22970,Pittsford,41.8597,-87.8172,Illinois,34,100.0,100.0
22971,Sunrise,41.8317,-87.7099,Illinois,34,100.0,100.0
22972,Las Palmas,41.881,-87.7601,Illinois,34,100.0,100.0
22973,Burro Bridge,41.8763,-87.7934,Illinois,34,100.0,100.0
22974,Line Creek,41.8472,-87.8288,Illinois,34,230.0,100.0
22975,Valerie,41.5264,-87.6557,Illinois,34,100.0,100.0
22976,Forest Junction,42.1109,-87.8964,Illinois,34,100.0,100.0
22977,Tejas,42.202,-87.8843,Illinois,34,100.0,100.0
22978,Clifford,41.9836,-87.9097,Illinois,34,100.0,100.0
22979,Felida,42.1493,-87.8867,Illinois,34,230.0,230.0
22980,New London,41.9997,-87.8486,Illinois,34,100.0,100.0
22981,Brookdale,42.101,-87.9204,Illinois,34,100.0,100.0
22982,Commonwealth Edison Des Plaines,42.0704,-87.9115,Illinois,34,230.0,230.0
22983,Commonwealth Edison Des Plaines 2,42.0247,-87.908,Illinois,34,100.0,100.0
22984,Selle,42.0632,-88.1512,Illinois,34,100.0,100.0
22985,Keelers,41.9597,-88.1276,Illinois,34,100.0,100.0
22986,Eastern Office,42.0859,-88.1703,Illinois,34,100.0,100.0
22987,Greeley,42.0706,-88.2179,Illinois,34,100.0,100.0
22988,Doodridge,41.9876,-88.2841,Illinois,34,100.0,100.0
22989,Itasca,41.9811,-87.9779,Illinois,34,100.0,100.0
22990,Carmel Rohrer,42.0242,-87.9395,Illinois,34,100.0,100.0
22991,Bel Air Tap,42.0236,-87.9684,Illinois,34,100.0,100.0
22992,West Charleston,41.8593,-87.8607,Illinois,34,100.0,100.0
22993,Gray Summit,41.9413,-87.9331,Illinois,34,230.0,230.0
22994,Oak Brook,41.8547,-87.9093,Illinois,34,100.0,100.0
22995,Acec Wildrose,41.8752,-87.9565,Illinois,34,100.0,100.0
22996,Halesite,41.795,-87.8817,Illinois,34,100.0,100.0
22997,Montibello,41.8955,-87.8357,Illinois,34,100.0,100.0
22998,Crown,41.9459,-87.7731,Illinois,34,100.0,100.0
22999,Sim Gideon,41.906,-87.7829,Illinois,34,100.0,100.0
23000,Lost Hills,41.9223,-87.7913,Illinois,34,100.0,100.0
23001,Skokie,42.037,-87.7475,Illinois,34,100.0,100.0
23002,San Juan,42.0124,-87.6888,Illinois,34,100.0,100.0
23004,Skokie 2,42.0645,-87.7592,Illinois,34,100.0,100.0
23005,Moize Creek,42.1164,-87.7636,Illinois,34,500.0,1.0
23006,Camanche Dam,41.5158,-87.7935,Illinois,34,100.0,100.0
23007,Airport Road,41.4504,-87.799,Illinois,34,100.0,100.0
23008,Northrop,41.4846,-87.8661,Illinois,34,100.0,100.0
23009,East Frankfort,41.5115,-87.8481,Illinois,34,100.0,100.0
23010,Lake Asbury,41.9063,-87.8811,Illinois,34,100.0,100.0
23011,Valley Home Tap 1,42.0231,-87.8645,Illinois,34,100.0,100.0
23012,Mccarthy,42.0697,-87.7989,Illinois,34,100.0,100.0
23013,Mancos,42.0156,-88.1582,Illinois,34,100.0,100.0
23014,Lacey,41.9855,-88.1034,Illinois,34,100.0,100.0
23015,Scot,42.0317,-88.0661,Illinois,34,230.0,100.0
23016,Chaffee Gas Recovery,41.9765,-88.1552,Illinois,34,100.0,100.0
23017,Balch 1,41.5812,-87.6415,Illinois,34,100.0,100.0
23018,Brea,41.6212,-87.7511,Illinois,34,100.0,100.0
23019,Northbrook,42.1253,-87.8045,Illinois,34,100.0,100.0
23020,Cliff Drive,42.1078,-88.0055,Illinois,34,100.0,100.0
23021,Price Road,41.4519,-87.6259,Illinois,34,100.0,100.0
23022,Salmon Arm,41.5183,-87.7487,Illinois,34,100.0,100.0
23023,Matteson,41.4792,-87.72,Illinois,34,100.0,100.0
23024,Electric,41.8028,-87.9305,Illinois,34,100.0,100.0
23025,Spruce,41.7321,-87.8764,Illinois,34,100.0,100.0
23026,Fenner,41.8185,-87.8714,Illinois,34,100.0,100.0
23027,Arbors,41.5447,-87.5885,Illinois,34,100.0,1.0
23028,Alpaugh,41.5246,-87.5534,Illinois,34,100.0,100.0
23029,Central Tie,41.6798,-88.0152,Illinois,34,100.0,100.0
23030,West Clovis,41.5847,-87.6672,Illinois,34,100.0,100.0
23031,Burnett 11514 Kv,41.4916,-87.7583,Illinois,34,100.0,100.0
23032,Wellsville,41.5247,-87.6981,Illinois,34,100.0,100.0
23033,Eufaula,41.8455,-87.8495,Illinois,34,100.0,100.0
23034,Bellwood,41.8849,-87.8763,Illinois,34,100.0,100.0
23035,Memphis Junction,41.5837,-87.8328,Illinois,34,100.0,100.0
23036,Bellaire,41.5749,-87.7512,Illinois,34,100.0,100.0
23037,East 64Th Street,42.1097,-87.8359,Illinois,34,100.0,100.0
23038,Prospect Heights,42.1104,-87.9292,Illinois,34,100.0,100.0
23039,Mejia,41.9466,-88.0102,Illinois,34,100.0,100.0
23040,Ioco,42.0495,-87.861,Illinois,34,100.0,100.0
23041,Hawthorne Ocb Electric,42.1505,-87.7822,Illinois,34,100.0,100.0
23042,Stuttgart Ricuskey,42.08,-87.8295,Illinois,34,100.0,100.0
23043,Wilson 1&2,42.091,-87.7368,Illinois,34,100.0,100.0
23044,Thayer North,42.0791,-87.8835,Illinois,34,100.0,100.0
23045,Georgia-Pacific Corp - Nekoosa Mill,42.1362,-87.9049,Illinois,34,100.0,100.0
23046,San Francisquito 1,41.5924,-87.7141,Illinois,34,100.0,1.0
23047,Hiwassee Dam,41.6152,-87.701,Illinois,34,100.0,100.0
23048,Stauffer,41.6348,-87.7936,Illinois,34,100.0,100.0
23049,Alsip,41.6827,-87.7529,Illinois,34,100.0,100.0
23050,Old Mead Road,41.7408,-87.7437,Illinois,34,100.0,100.0
23051,Cochise,41.7078,-87.7303,Illinois,34,100.0,100.0
23052,Crestwood,41.6523,-87.7392,Illinois,34,100.0,100.0
23053,Evergreen Park,41.7206,-87.7291,Illinois,34,230.0,230.0
23054,Upper Gorge,41.9864,-87.8197,Illinois,34,100.0,100.0
23055,Kewaunee,41.8963,-87.8055,Illinois,34,100.0,100.0
23056,Guilbeau Electric,41.6727,-87.8203,Illinois,34,230.0,230.0
23057,Arch Smith,41.6414,-87.8442,Illinois,34,100.0,100.0
23058,Bridgeport Station,41.6874,-87.7946,Illinois,34,100.0,100.0
23059,La Cygne,41.5719,-87.8699,Illinois,34,100.0,100.0
23060,Conrath Dpc Solar,41.5346,-87.8724,Illinois,34,100.0,100.0
23061,Goodings Grove,41.6008,-87.9291,Illinois,34,100.0,100.0
23062,Hills Chapel,42.1416,-88.103,Illinois,34,100.0,100.0
23063,Trinity Dam,42.1682,-88.0396,Illinois,34,100.0,100.0
23064,Baja Tap,42.1126,-88.0704,Illinois,34,100.0,100.0
23065,Presque Isle Station,42.0495,-88.1213,Illinois,34,100.0,100.0
23066,Oakland D,42.0609,-88.0682,Illinois,34,100.0,100.0
23067,Burnt Mill,42.0874,-88.0922,Illinois,34,100.0,100.0
23068,Rhodendron Switching,41.4013,-87.6504,Illinois,34,100.0,100.0
23069,Benson,41.4547,-87.6763,Illinois,34,100.0,100.0
23070,Harllee Branch,42.0829,-87.778,Illinois,34,100.0,100.0
23071,Wauchula,41.9919,-87.7859,Illinois,34,100.0,100.0
23072,Golf Mill,42.0565,-87.8412,Illinois,34,100.0,100.0
23073,North Branch Wv,42.0949,-87.7918,Illinois,34,100.0,100.0
23074,Wilkins,41.5533,-87.6981,Illinois,34,100.0,100.0
23075,Arlington Heights,42.1086,-87.9861,Illinois,34,100.0,100.0
23076,Pleasant Hill,41.8992,-88.1224,Illinois,34,100.0,100.0
23077,Derby Hill,41.8662,-88.1149,Illinois,34,100.0,100.0
23078,Rosebluff,41.9798,-88.0711,Illinois,34,100.0,100.0
23079,East Jackson,42.0,-88.0905,Illinois,34,100.0,100.0
23080,Mogen,42.0184,-88.1151,Illinois,34,100.0,100.0
23081,Longhouse Valley,42.0598,-87.6763,Illinois,34,100.0,100.0
23083,Larned,41.9963,-88.1494,Illinois,34,100.0,100.0
23084,South Colton,41.9582,-88.1015,Illinois,34,100.0,100.0
23085,Wayne,41.9834,-88.2219,Illinois,34,100.0,100.0
23086,Sub 23086,41.6671,-87.923,Illinois,34,100.0,100.0
23087,North Cambridge,41.5612,-87.7746,Illinois,34,230.0,100.0
23088,Tinley Park,41.5985,-87.8127,Illinois,34,100.0,100.0
23089,Jeffersonville Kentucky Avenue,41.6663,-87.8091,Illinois,34,100.0,100.0
23090,Delta Power,41.5501,-87.8443,Illinois,34,100.0,100.0
23091,Lake Hubbard,41.5301,-87.8197,Illinois,34,100.0,100.0
23092,Tri-Corner,42.1464,-87.9974,Illinois,34,100.0,100.0
23093,Bixby Hill,42.1737,-87.8503,Illinois,34,100.0,100.0
23094,Francisco,42.2048,-87.9908,Illinois,34,230.0,230.0
23095,San Andres,41.8235,-87.9017,Illinois,34,230.0,100.0
23096,Spills,41.7008,-87.8643,Illinois,34,100.0,100.0
23097,South Shreveport,41.6995,-87.9244,Illinois,34,100.0,100.0
23098,Haslerud,41.7553,-87.916,Illinois,34,100.0,100.0
23101,Madison Windpower Llc,41.8281,-88.6756,Illinois,34,100.0,100.0
23102,Rio Grande City,41.9453,-88.7225,Illinois,34,100.0,100.0
23103,Sponge,41.9451,-88.7728,Illinois,34,100.0,100.0
23104,Pontchartrain Park,41.9631,-88.7721,Illinois,34,230.0,100.0
23105,Lanham,41.6415,-88.9655,Illinois,34,100.0,100.0
23106,Rockledge,42.0385,-88.4822,Illinois,34,100.0,100.0
23107,Storey,42.1372,-88.4594,Illinois,34,100.0,100.0
23108,Argenta,42.1994,-88.6541,Illinois,34,100.0,100.0
23109,Viking Energy Of Mcbain,42.2737,-88.6111,Illinois,34,100.0,100.0
23110,Gonzales,42.1444,-88.604,Illinois,34,100.0,100.0
23111,Ocracoke,41.9294,-89.0967,Illinois,34,100.0,100.0
23112,Wells St,41.9001,-89.0998,Illinois,34,100.0,100.0
23113,Acec Afriesland,41.928,-89.0124,Illinois,34,100.0,100.0
23114,Weimar,41.6925,-88.7263,Illinois,34,100.0,100.0
23115,Floral Park,41.6083,-88.6348,Illinois,34,100.0,100.0
23116,New Madrid,41.6521,-88.7425,Illinois,34,100.0,100.0
23117,Tahiti,41.7837,-88.8568,Illinois,34,100.0,100.0
23118,Davey Town,42.0133,-88.7592,Illinois,34,100.0,100.0
23119,Brightwaters,42.0858,-88.7385,Illinois,34,100.0,100.0
23120,Zack,41.9667,-88.6632,Illinois,34,100.0,100.0
23121,West Shawano,41.9686,-88.711,Illinois,34,100.0,100.0
23122,Elmhurst,41.928,-87.9358,Illinois,34,100.0,100.0
23123,Orcasan,41.9579,-88.0231,Illinois,34,100.0,100.0
23124,Saxon Creek,41.9337,-87.9856,Illinois,34,100.0,100.0
23125,Tiana,41.8979,-88.2265,Illinois,34,100.0,100.0
23126,Aurora,41.8161,-88.2225,Illinois,34,100.0,100.0
23127,Goodhue Solar,41.6505,-88.2246,Illinois,34,100.0,100.0
23128,Sherman St,41.6871,-88.3158,Illinois,34,100.0,100.0
23129,Wolfs Crossing,41.6849,-88.2654,Illinois,34,100.0,100.0
23130,Dells,41.8168,-88.3747,Illinois,34,100.0,100.0
23131,Geneva Generation Facility,41.8819,-88.2688,Illinois,34,100.0,100.0
23132,Van Buren St,41.7914,-88.3215,Illinois,34,230.0,1.0
23133,Anp Bellingham Energy Project,41.9565,-87.9445,Illinois,34,100.0,100.0
23134,Lombard,41.9055,-88.0534,Illinois,34,100.0,100.0
23135,Royce,41.724,-88.1254,Illinois,34,100.0,100.0
23136,Nebraska City,41.7903,-87.9999,Illinois,34,100.0,100.0
23137,Meadows,41.7412,-88.1352,Illinois,34,230.0,230.0
23138,Bushkill,41.6963,-88.1364,Illinois,34,100.0,100.0
23139,Bruceville,41.7655,-88.0553,Illinois,34,100.0,100.0
23140,Rapides,41.9123,-88.0908,Illinois,34,230.0,100.0
23141,Fort Gage,41.9008,-88.1506,Illinois,34,100.0,100.0
23142,Prager,41.8433,-88.207,Illinois,34,100.0,100.0
23143,Lisle,41.791,-88.0363,Illinois,34,100.0,100.0
23144,Saddle Creek,41.8209,-87.9696,Illinois,34,100.0,100.0
23145,Capri,41.7333,-88.0212,Illinois,34,230.0,1.0
23146,Chensource,41.7943,-87.9739,Illinois,34,100.0,100.0
23147,Fall River,41.8437,-88.0396,Illinois,34,100.0,100.0
23148,Picadilly,41.7589,-88.0956,Illinois,34,100.0,100.0
23149,South Carthage,41.7645,-87.9966,Illinois,34,100.0,100.0
23150,Slocum Terminal,41.7771,-87.9433,Illinois,34,100.0,100.0
23151,Penryn,41.8622,-88.0794,Illinois,34,100.0,100.0
23152,Ponoma,41.8087,-88.0131,Illinois,34,100.0,100.0
23153,Southwyck,41.8975,-88.0935,Illinois,34,100.0,100.0
23154,Bollingbrook,41.7337,-88.0578,Illinois,34,100.0,100.0
23155,Aec 300,42.0138,-88.0866,Illinois,34,100.0,1.0
23156,James De Young,41.9412,-88.0827,Illinois,34,100.0,100.0
23157,Deposit,41.9407,-88.0527,Illinois,34,100.0,100.0
23158,Gibson Station,41.7432,-88.1873,Illinois,34,100.0,100.0
23159,Acec Winnebago,41.8715,-88.0579,Illinois,34,100.0,100.0
23160,El Cajon,41.8685,-87.9762,Illinois,34,100.0,100.0
23161,Turley,41.8191,-88.0334,Illinois,34,500.0,230.0
23162,Cinder Butte,41.8726,-88.0089,Illinois,34,100.0,100.0
23163,Big Lake Phillips Pump,41.8313,-88.261,Illinois,34,100.0,100.0
23164,Los Altos,41.7422,-88.161,Illinois,34,100.0,100.0
23165,West Sparta,41.7921,-88.1477,Illinois,34,100.0,100.0
23166,La Veta,41.6106,-88.2224,Illinois,34,100.0,100.0
23167,Spring Brook,41.7259,-88.1586,Illinois,34,100.0,100.0
23168,Rockaway Beach,41.6716,-88.1365,Illinois,34,100.0,100.0
23169,Lockport,41.6331,-88.0961,Illinois,34,100.0,100.0
23170,Putts Bridge,41.6547,-88.117,Illinois,34,100.0,100.0
23171,Endako Cust,41.7291,-88.226,Illinois,34,230.0,100.0
23172,Wappingers Falls,41.8336,-88.4116,Illinois,34,100.0,100.0
23173,Brook Street,41.8643,-88.2699,Illinois,34,100.0,100.0
23174,Millbury No. 3,41.8692,-88.3272,Illinois,34,100.0,100.0
23175,Military Trail,41.894,-87.9786,Illinois,34,100.0,100.0
23176,Bonney Lake,41.9163,-87.9079,Illinois,34,100.0,100.0
23177,Subestacion Escuela Ii,41.854,-88.2363,Illinois,34,100.0,100.0
23178,Alire Pnm,41.9285,-88.2693,Illinois,34,100.0,100.0
23179,Bonanza,41.9263,-88.3092,Illinois,34,100.0,100.0
23180,Byhalia,41.7867,-87.9167,Illinois,34,100.0,100.0
23181,Eastshore,41.8172,-87.9213,Illinois,34,100.0,100.0
23182,Baker River,41.8685,-88.1889,Illinois,34,100.0,100.0
23183,Warrenville,41.839,-88.1483,Illinois,34,100.0,100.0
23184,South Shaftbury,41.9566,-88.1697,Illinois,34,100.0,100.0
23185,Frontenac,41.7598,-88.2199,Illinois,34,100.0,100.0
23186,Monroe Tic,41.8867,-88.0181,Illinois,34,100.0,100.0
23187,Maguire Road,41.7741,-88.1873,Illinois,34,100.0,100.0
23188,Bayfield,41.7402,-87.9735,Illinois,34,100.0,100.0
23189,Route 59,41.7094,-88.1923,Illinois,34,100.0,100.0
23190,West Vernon,41.7088,-88.0271,Illinois,34,100.0,100.0
23191,Dresden Station,41.406,-88.2742,Illinois,34,100.0,100.0
23192,Moshier,41.5299,-88.3483,Illinois,34,100.0,100.0
23193,La Grange,41.4959,-88.2969,Illinois,34,100.0,100.0
23194,Scott,41.5103,-88.5843,Illinois,34,100.0,100.0
23195,Saginaw Sw,41.3123,-88.472,Illinois,34,100.0,100.0
23196,Billeaud,41.3725,-88.4853,Illinois,34,100.0,100.0
23197,Vancouver Island,41.3956,-88.4381,Illinois,34,100.0,100.0
23198,Toray Plastic America'S Chp Plant,41.4209,-89.94,Illinois,34,100.0,100.0
23201,20 Plant,41.6874,-90.122,Illinois,34,100.0,100.0
23202,Beaver Cove,41.5206,-90.2163,Illinois,34,100.0,100.0
23204,Burrard Thermal,41.5072,-90.1728,Illinois,34,100.0,100.0
23205,Ankeny,41.6598,-89.8957,Illinois,34,100.0,100.0
23212,Gibsons,42.2459,-90.016,Illinois,34,100.0,100.0
23213,Waiau 1,42.3749,-90.0557,Illinois,34,100.0,100.0
23214,St Francois,42.1428,-88.3086,Illinois,34,100.0,100.0
23215,Lay Dam,42.2873,-88.3112,Illinois,34,100.0,100.0
23216,Sequoyah,42.1206,-88.3355,Illinois,34,100.0,100.0
23217,Offerman,41.7351,-88.3246,Illinois,34,100.0,100.0
23218,Givens Pioneer Coop,41.8318,-88.296,Illinois,34,100.0,100.0
23219,Montgomery,41.7242,-88.347,Illinois,34,100.0,100.0
23220,Bernardo,41.7956,-88.3526,Illinois,34,100.0,100.0
23221,Gates,41.7158,-88.2733,Illinois,34,100.0,100.0
23222,Imhoff Tap 1,41.753,-88.3156,Illinois,34,100.0,100.0
23223,Mexico Intertie,41.7147,-88.3241,Illinois,34,100.0,100.0
23224,Brevort,41.7859,-88.1681,Illinois,34,100.0,100.0
23225,Stockton Hydro,41.7832,-88.2422,Illinois,34,100.0,100.0
23226,West Pine,41.8163,-88.1911,Illinois,34,100.0,100.0
23227,Mason Creek,42.1258,-88.2942,Illinois,34,230.0,230.0
23228,Parksville,42.0378,-88.3215,Illinois,34,100.0,100.0
23229,Tollway,42.072,-88.2595,Illinois,34,100.0,100.0
23230,Parkland,42.0755,-88.3918,Illinois,34,100.0,100.0
23231,Kingman Municipal Power And Light Plant,41.8432,-88.5109,Illinois,34,100.0,100.0
23232,St Johnsbury,41.9791,-88.3446,Illinois,34,230.0,230.0
23233,Cambie,42.0537,-88.2785,Illinois,34,100.0,100.0
23234,Henry D King,42.0081,-88.1751,Illinois,34,100.0,100.0
23235,Mid-Georgia Cogeneration Facility,42.023,-88.2525,Illinois,34,100.0,100.0
23236,Bicknell,41.9789,-88.3865,Illinois,34,100.0,100.0
23237,Last Chance,41.907,-88.3341,Illinois,34,100.0,100.0
23238,Plum Point,41.9367,-88.3609,Illinois,34,100.0,100.0
23239,Red Butte,41.9527,-88.2936,Illinois,34,100.0,100.0
23240,Hideaway,42.2094,-88.4592,Illinois,34,100.0,100.0
23241,Rodessa,42.136,-88.5304,Illinois,34,100.0,100.0
23242,Sibley,42.1207,-88.408,Illinois,34,100.0,100.0
23243,Kirker,42.1483,-88.3626,Illinois,34,100.0,100.0
23244,Tenaja,41.6165,-88.3039,Illinois,34,100.0,100.0
23245,Drum,41.7615,-88.3332,Illinois,34,100.0,100.0
23246,Valley Stream,41.6255,-88.336,Illinois,34,100.0,100.0
23247,Oswego,41.7222,-88.295,Illinois,34,100.0,100.0
23248,East Cortez,41.8968,-88.5029,Illinois,34,100.0,100.0
23249,Mountain Center,41.9742,-88.4696,Illinois,34,100.0,100.0
23250,La Plata,42.0126,-88.3802,Illinois,34,100.0,100.0
23251,Acton,41.9606,-88.3241,Illinois,34,100.0,100.0
23252,Sawyer Ave,41.7858,-88.4255,Illinois,34,100.0,100.0
23253,Tanker,41.7796,-88.4843,Illinois,34,100.0,100.0
23254,Orland B,41.2962,-87.6377,Illinois,34,100.0,100.0
23255,Kendall County Generation Facility,41.4664,-88.2526,Illinois,34,100.0,100.0
23256,Toston,41.4759,-88.1417,Illinois,34,100.0,100.0
23257,Aguilita 5817,41.6135,-88.2457,Illinois,34,100.0,100.0
23258,Yabucoa,41.529,-88.2254,Illinois,34,100.0,100.0
23259,Snyder,41.6362,-88.1502,Illinois,34,100.0,100.0
23260,Leon 6003,41.5787,-88.3021,Illinois,34,100.0,100.0
23261,Reid Gardner,41.5558,-88.2391,Illinois,34,100.0,100.0
23262,Rancho Seco,41.5807,-88.2466,Illinois,34,100.0,100.0
23263,Los Ositos,41.6368,-88.3073,Illinois,34,500.0,100.0
23264,Nance,41.7686,-88.527,Illinois,34,100.0,100.0
23265,Gray Summit 2,41.6256,-88.5239,Illinois,34,100.0,100.0
23266,Plano 2,41.7319,-88.4857,Illinois,34,100.0,100.0
23267,Carmichael Id,41.6673,-88.3392,Illinois,34,100.0,100.0
23268,Gavilan Peak,41.6255,-88.4235,Illinois,34,100.0,100.0
23269,Monterey Naval Lab,41.6669,-88.3892,Illinois,34,100.0,100.0
23270,Admin,41.5419,-88.5249,Illinois,34,230.0,230.0
23271,Boeing Renton 1,42.4851,-88.0919,Illinois,34,100.0,100.0
23272,Croft,42.4923,-88.1387,Illinois,34,100.0,100.0
23273,Walnut Energy,42.1324,-88.1736,Illinois,34,100.0,100.0
23274,Seaton,42.251,-88.151,Illinois,34,100.0,100.0
23275,Colwood Tap,42.2473,-88.2101,Illinois,34,100.0,100.0
23276,Bear Creek,42.399,-88.1328,Illinois,34,100.0,100.0
23277,Iatan,42.4299,-88.2284,Illinois,34,100.0,100.0
23278,Libertyville,42.3185,-87.9843,Illinois,34,100.0,100.0
23279,Akzo Salt,42.3607,-88.0598,Illinois,34,100.0,100.0
23280,Tulsa Southeast,42.4109,-88.0164,Illinois,34,100.0,100.0
23281,Central Campus Unm,42.3906,-87.9259,Illinois,34,100.0,100.0
23282,Defiance,42.3545,-87.913,Illinois,34,100.0,100.0
23283,Belridge 1A,42.3871,-87.8452,Illinois,34,100.0,100.0
23284,North Yuma,42.1971,-87.793,Illinois,34,100.0,100.0
23285,Guayama Pds,42.2311,-87.9421,Illinois,34,100.0,100.0
23286,Okray,42.304,-88.1813,Illinois,34,100.0,100.0
23287,Middleton,42.4654,-88.0076,Illinois,34,100.0,100.0
23288,Thibodaux,42.4784,-88.0354,Illinois,34,230.0,230.0
23289,Pinal,42.1926,-88.1367,Illinois,34,100.0,100.0
23290,Harmony Village,42.2185,-88.1145,Illinois,34,100.0,100.0
23291,Covanta Wallingford Energy,42.262,-88.0357,Illinois,34,100.0,100.0
23292,Ramer,42.1867,-88.0516,Illinois,34,100.0,100.0
23293,Smelter,42.2767,-87.9499,Illinois,34,100.0,100.0
23294,Bogard,42.2609,-87.9268,Illinois,34,100.0,100.0
23295,East Side,42.2818,-88.1384,Illinois,34,100.0,100.0
23296,Vincent,42.3852,-88.2486,Illinois,34,100.0,100.0
23297,Peosta,42.2766,-88.2659,Illinois,34,100.0,100.0
23298,Mars Hill,42.3573,-88.3021,Illinois,34,100.0,100.0
23299,North Wenatchee,42.3359,-88.2827,Illinois,34,100.0,100.0
23300,Delgen,42.3148,-88.0093,Illinois,34,100.0,100.0
23301,Hibbing,42.1978,-88.0871,Illinois,34,100.0,100.0
23302,South Hall,42.29,-88.0372,Illinois,34,500.0,100.0
23303,St Clair,42.4393,-88.1642,Illinois,34,100.0,100.0
23304,Tate & Lyle Decatur Plant Cogen,42.2614,-88.1244,Illinois,34,230.0,100.0
23305,Elk Grove,42.3978,-88.0421,Illinois,34,100.0,100.0
23306,Iron River,42.2769,-88.0862,Illinois,34,100.0,100.0
23307,Saunders Creek,42.3774,-88.1794,Illinois,34,230.0,230.0
23309,Baja,42.258,-87.849,Illinois,34,100.0,100.0
23310,Deep Springs,42.2674,-88.0053,Illinois,34,100.0,100.0
23311,Duke Springboro,42.4118,-87.8905,Illinois,34,100.0,100.0
23313,Playas Tap2,42.3862,-87.8679,Illinois,34,100.0,100.0
23314,Crist Road,42.3261,-87.8699,Illinois,34,100.0,100.0
23316,Clearlake,42.3861,-87.8172,Illinois,34,100.0,100.0
23317,Quantum Lake Power Lp,42.3488,-87.8692,Illinois,34,230.0,100.0
23318,Havenside,42.4831,-87.8411,Illinois,34,100.0,100.0
23320,Alder,42.4125,-87.8568,Illinois,34,100.0,100.0
23322,Jameson Energy Center,41.4051,-89.0348,Illinois,34,100.0,100.0
23323,Marseilles Lock And Dam Hydro,41.3267,-88.712,Illinois,34,100.0,100.0
23324,Station A,41.3833,-88.6344,Illinois,34,100.0,100.0
23325,Quantum,41.425,-88.7573,Illinois,34,100.0,100.0
23326,Tuco,41.329,-88.9209,Illinois,34,100.0,100.0
23327,Geismar,41.408,-88.8898,Illinois,34,100.0,100.0
23328,Hinsons Crossroads,41.3485,-88.8312,Illinois,34,230.0,230.0
23329,Shaky Joe Swamp Tap,41.5316,-88.6851,Illinois,34,100.0,100.0
23330,Lake Ida,41.6801,-89.3015,Illinois,34,100.0,100.0
23331,South Scottsvile,41.8282,-89.4766,Illinois,34,100.0,100.0
23332,Grand Ave,41.7481,-89.4525,Illinois,34,100.0,100.0
23333,Invenergy Nelson Expansion Llc,41.7933,-89.5549,Illinois,34,100.0,100.0
23334,Mulberry,41.8671,-89.5126,Illinois,34,100.0,100.0
23335,Strathmore,41.778,-89.0726,Illinois,34,100.0,100.0
23336,Mabelvale,42.0792,-89.5711,Illinois,34,100.0,100.0
23337,Imc 3,41.9877,-89.6397,Illinois,34,100.0,100.0
23338,Vineland,41.6491,-89.6568,Illinois,34,100.0,100.0
23339,Boykins,41.7468,-89.7568,Illinois,34,100.0,100.0
23340,Wilsona,41.9099,-89.7775,Illinois,34,230.0,230.0
23341,Ware Shoals Hydro Project,41.9219,-89.7251,Illinois,34,100.0,100.0
23342,Sinnott,41.8851,-89.7809,Illinois,34,100.0,100.0
23343,Energizer,41.8592,-89.7302,Illinois,34,100.0,100.0
23344,Sage Road,42.2237,-88.3274,Illinois,34,100.0,100.0
23345,Monitor,42.217,-88.2413,Illinois,34,100.0,100.0
23346,Mile-Hi,42.2244,-88.2712,Illinois,34,100.0,100.0
23347,Cromo,42.2073,-88.3003,Illinois,34,100.0,100.0
23348,Iris,42.2383,-88.371,Illinois,34,100.0,100.0
23349,Applied Materials,42.1947,-88.3558,Illinois,34,100.0,100.0
23350,Sprintbrook,42.1038,-88.3353,Illinois,34,100.0,100.0
23351,Horne Payne,42.1743,-88.3217,Illinois,34,100.0,100.0
23352,Jepson,42.2407,-88.3315,Illinois,34,230.0,100.0
23353,Station 11,42.4097,-88.3834,Illinois,34,100.0,100.0
23354,Skaggs Island,42.2779,-88.3939,Illinois,34,100.0,100.0
23355,Pioneer Prairie Phase I,42.2981,-88.4153,Illinois,34,100.0,100.0
23356,Sellwood,42.2723,-88.5454,Illinois,34,100.0,100.0
23357,Markland,42.3315,-88.3731,Illinois,34,230.0,100.0
23360,Redding Power,42.133,-89.3218,Illinois,34,100.0,100.0
23361,Gulf City,42.183,-89.2948,Illinois,34,100.0,100.0
23362,Livonia Avenue,42.0448,-89.4326,Illinois,34,100.0,100.0
23363,Stillwell,41.9475,-89.3399,Illinois,34,100.0,100.0
23364,Shutesbury,42.1835,-89.1961,Illinois,34,100.0,100.0
23365,Boca Teeca,42.3201,-89.1463,Illinois,34,100.0,100.0
23366,Easy Valley,42.1274,-89.0305,Illinois,34,100.0,100.0
23367,3 Mile Knoll,42.1944,-89.131,Illinois,34,100.0,100.0
23368,Neset 2,42.2499,-89.0255,Illinois,34,100.0,100.0
23369,Channelview,42.0794,-89.1761,Illinois,34,100.0,100.0
23383,Robertson-Fairoaks,42.4673,-89.3903,Illinois,34,100.0,100.0
23384,Korona,42.3452,-89.6365,Illinois,34,100.0,100.0
23385,Reenergy Fort Fairfield,42.2752,-89.6188,Illinois,34,100.0,100.0
23386,East Clearwater Subdivision,42.4143,-89.6558,Illinois,34,100.0,100.0
23387,Ultragen,42.3774,-89.7154,Illinois,34,230.0,100.0
23388,Amelia Bulk,42.3219,-89.4081,Illinois,34,100.0,100.0
23389,Lake Village Bagby,42.4283,-89.2795,Illinois,34,100.0,100.0
23390,West Hempstead,42.2156,-89.4667,Illinois,34,100.0,100.0
23391,Felton,41.7802,-89.9117,Illinois,34,100.0,100.0
23392,Reasnor,41.8391,-89.9695,Illinois,34,100.0,100.0
23393,Panguitch,41.3745,-87.6429,Illinois,34,100.0,100.0
23394,W Cullman,41.4107,-87.5891,Illinois,34,100.0,100.0
23395,West River Road,41.3772,-87.5814,Illinois,34,100.0,100.0
23396,L V Sutton Combined Cycle,41.499,-87.9876,Illinois,34,100.0,100.0
23397,Starkey Gulch,41.5159,-88.1447,Illinois,34,100.0,100.0
23398,Gualala,41.6451,-88.175,Illinois,34,230.0,230.0
23399,Rapids Energy Center,41.6095,-88.167,Illinois,34,100.0,1.0
23400,Joliet,41.5029,-88.0914,Illinois,34,100.0,100.0
23401,Lockport Powerhouse,41.5517,-88.1015,Illinois,34,100.0,100.0
23402,Terminous,41.4414,-88.1098,Illinois,34,100.0,100.0
23403,Brodie Lane,41.5852,-88.1315,Illinois,34,100.0,100.0
23404,Hoist,41.6257,-88.0114,Illinois,34,100.0,100.0
23405,Douglaston,41.6014,-88.0394,Illinois,34,100.0,100.0
23406,Basalt,41.4691,-88.0386,Illinois,34,100.0,100.0
23407,Wilton,41.4124,-87.9799,Illinois,34,100.0,100.0
23408,Craryville,41.3133,-88.0526,Illinois,34,100.0,100.0
23409,Bay De Noc,41.5586,-87.9553,Illinois,34,100.0,100.0
23410,Industrial Boulevard Sw,41.4834,-87.903,Illinois,34,100.0,100.0
23411,Bathurst,41.3876,-87.756,Illinois,34,100.0,100.0
23412,Big Timber Auto,41.4189,-87.7984,Illinois,34,100.0,100.0
23413,Fall Creek,41.3769,-87.8259,Illinois,34,100.0,100.0
23414,Peabody,41.4584,-88.0195,Illinois,34,100.0,100.0
23415,Marys Rvier,41.52,-87.969,Illinois,34,100.0,100.0
23416,Grove Street,41.5259,-87.9111,Illinois,34,230.0,1.0
23417,Beck Street,41.5752,-88.0286,Illinois,34,100.0,100.0
23418,Will County,41.6691,-88.0783,Illinois,34,100.0,100.0
23419,Mcreynolds,41.6038,-88.0855,Illinois,34,100.0,100.0
23420,East Ellensburg,41.5702,-88.1806,Illinois,34,100.0,100.0
23421,San Leandro U,41.4494,-88.1728,Illinois,34,100.0,100.0
23422,Pico,42.4158,-89.0515,Illinois,34,100.0,100.0
23423,Aidlin Tap,42.273,-89.1824,Illinois,34,100.0,100.0
23424,Sara,42.3681,-89.1438,Illinois,34,100.0,100.0
23425,Sewanee,42.1869,-89.047,Illinois,34,100.0,100.0
23426,Antioch,42.2341,-89.1835,Illinois,34,100.0,100.0
23427,Faribault,42.3689,-89.096,Illinois,34,100.0,100.0
23428,Winston,42.2918,-89.0384,Illinois,34,230.0,100.0
23429,Cayey Tc,42.2501,-88.9973,Illinois,34,100.0,100.0
23430,Cherry Valley,42.1992,-88.9732,Illinois,34,100.0,100.0
23431,Gila River,42.2192,-89.0363,Illinois,34,100.0,100.0
23432,Kilarc,42.2658,-89.1378,Illinois,34,100.0,100.0
23433,Sabrooke,42.2118,-89.0971,Illinois,34,100.0,100.0
23435,Mauerman,42.4201,-89.1908,Illinois,34,100.0,100.0
23436,Wempletown,42.3345,-89.2353,Illinois,34,100.0,100.0
23437,Electric Light,41.8018,-88.2403,Illinois,34,100.0,13.8
23438,Albeni Falls,41.8365,-87.6312,Illinois,34,100.0,22.0
23439,Tyco Electronics,41.8501,-88.3547,Illinois,34,100.0,13.8
23440,Bethel,42.3778,-89.8079,Illinois,34,100.0,18.0
23441,Lakeside 2,42.0151,-88.0146,Illinois,34,100.0,1.0
23442,Nrg Rockford I,42.244,-89.1131,Illinois,34,230.0,24.0
23444,Edwards Street,41.5482,-87.7869,Illinois,34,100.0,1.0
23445,Manson,41.4653,-88.1214,Illinois,34,230.0,13.8
23446,Elgin Energy Center Llc,42.0088,-88.2435,Illinois,34,500.0,1.0
23447,Fruithill,41.8604,-87.6164,Illinois,34,100.0,100.0
23448,Upper Salmon Falls,41.7564,-88.2733,Illinois,34,100.0,13.8
23449,Joliet 29,41.4876,-88.125,Illinois,34,230.0,13.8
23450,Franklin Park,41.9274,-87.8519,Illinois,34,100.0,1.0
23451,Morrison Lane,41.7748,-88.0668,Illinois,34,100.0,18.0
23452,Easy Road,41.8335,-89.3941,Illinois,34,500.0,13.8
23453,Meyer Rd,41.6506,-89.4569,Illinois,34,500.0,1.0
23454,Guayama Rural 4001,41.7058,-90.3072,Illinois,34,500.0,13.8
23455,Manlove-Folsom,41.4154,-87.746,Illinois,34,230.0,13.8
23456,Lasalle,41.8775,-87.6164,Illinois,34,100.0,100.0
23458,Big Lake,42.4731,-89.8551,Illinois,34,500.0,13.2
23459,Terrora,41.606,-88.0836,Illinois,34,230.0,1.0
23460,Intercession City Pl,42.4793,-87.8633,Illinois,34,500.0,13.8
23463,Kattelville,41.8096,-89.6821,Illinois,34,100.0,1.0
23464,Goldmine,41.8791,-89.0264,Illinois,34,100.0,1.0
23465,Hitchland,41.6934,-88.3512,Illinois,34,100.0,100.0
23466,Ce Turbo,41.9022,-87.8094,Illinois,34,100.0,13.8
23467,Maxwelton,42.0514,-87.6958,Illinois,34,100.0,13.8
23470,Gronmeyer,41.5708,-87.6034,Illinois,34,100.0,13.8
23473,Riverside Ga,41.6783,-87.6379,Illinois,34,100.0,13.8
23474,Foreman North,42.3889,-87.831,Illinois,34,100.0,13.8
23475,Morris Cogeneration Llc,41.3916,-88.3441,Illinois,34,230.0,230.0
23477,Grand Ridge Battery Projects,41.2321,-88.6823,Illinois,34,500.0,13.8
23478,Dixleta,41.774,-89.6616,Illinois,34,100.0,100.0
23479,Balboa,42.2818,-89.066,Illinois,34,100.0,100.0
23480,Crete Energy Venture Llc,41.4212,-87.6348,Illinois,34,500.0,13.8
23481,Biport,42.3365,-87.8301,Illinois,34,100.0,100.0
23482,Wainiha Hydro,41.9031,-87.7015,Illinois,34,100.0,1.0
23483,Lakehead Vesper,41.9776,-87.7037,Illinois,34,100.0,100.0
23484,Southpoint,41.7478,-89.0832,Illinois,34,100.0,13.8
23485,Aaa,41.385,-88.7859,Illinois,34,100.0,13.8
23486,Ronceverte,41.9202,-89.0434,Illinois,34,100.0,20.0
23487,East Omak,41.9606,-88.2766,Illinois,34,100.0,100.0
23488,Desert Springs,41.6553,-87.5727,Illinois,34,230.0,18.0
23489,Frederickson,41.8708,-88.2153,Illinois,34,100.0,13.8
23490,Blythe,41.4541,-90.1351,Illinois,34,230.0,1.0
23491,Fisk Street,41.8525,-87.6669,Illinois,34,230.0,100.0
23492,Nw Term,41.776,-87.7961,Illinois,34,100.0,13.8
23493,Laporte Junction,41.9168,-89.0495,Illinois,34,100.0,100.0
23494,Capsule,41.6488,-89.2546,Illinois,34,100.0,13.8
23495,Rocky Road Power Llc,42.1066,-88.2245,Illinois,34,500.0,13.8
23496,Sunset Point,41.5094,-88.226,Illinois,34,230.0,13.8
23497,Sterling Steel,41.7895,-89.6699,Illinois,34,100.0,1.0
23498,Hooksink,42.2227,-89.0541,Illinois,34,230.0,24.0
23499,Georgia Pacific Paper,42.0973,-87.7396,Illinois,34,100.0,1.0
23500,Messick,41.6171,-87.5765,Illinois,34,100.0,100.0
23501,Suter,41.907,-87.795,Illinois,34,100.0,100.0
23502,Rockton,42.4378,-89.0678,Illinois,34,100.0,1.0
23503,Taylor 138 &,41.8698,-87.6475,Illinois,34,100.0,100.0
23504,Ustick,41.8659,-87.6721,Illinois,34,100.0,13.8
23505,University Park North,41.4412,-87.7495,Illinois,34,500.0,13.8
23506,Lincoln,41.3849,-87.9485,Illinois,34,500.0,1.0
23507,Wilton 2,42.2985,-88.4564,Illinois,34,100.0,1.0
23508,Dresden Generating Station,41.4065,-88.2612,Illinois,34,500.0,18.0
23509,Pratts Junction,41.6262,-89.1679,Illinois,34,230.0,230.0
23510,Shady Oaks Wind Farm,41.6678,-89.0139,Illinois,34,500.0,18.0
23511,Rangely,41.4907,-90.1128,Illinois,34,100.0,1.0
23512,Zion,42.4048,-87.8129,Illinois,34,500.0,13.8
23513,Huebner,41.9009,-88.2811,Illinois,34,100.0,100.0
23514,Mi-Wuk,41.7136,-87.5804,Illinois,34,230.0,13.2
23515,Savage Rapids,41.4639,-90.1683,Illinois,34,100.0,22.0
23516,Alchem,41.9044,-89.0517,Illinois,34,100.0,1.0
23517,Dixon Hydroelectric Dam,41.8499,-89.4924,Illinois,34,100.0,100.0
23518,Progress Energy Clermont,41.9987,-87.8165,Illinois,34,100.0,13.8
23519,Shiprock Tap,41.5864,-88.0554,Illinois,34,100.0,13.8
23520,Big Meadows,41.9079,-89.061,Illinois,34,230.0,1.0
23521,Simplot,42.1963,-89.073,Illinois,34,100.0,100.0
23522,Rhome,41.8222,-88.2078,Illinois,34,230.0,13.8
23523,Byron,42.093,-89.2781,Illinois,34,500.0,1.0
23524,Haines,41.8885,-89.0794,Illinois,34,100.0,1.0
23525,White Heath,41.8502,-88.15,Illinois,34,100.0,100.0
23526,Mesquite Town East,42.298,-87.8341,Illinois,34,100.0,1.0
23527,Richardson Woodhaven,41.7763,-88.9045,Illinois,34,500.0,13.8
23528,Aiyansh,41.8098,-87.82,Illinois,34,100.0,100.0
23530,Elwood,41.4435,-88.117,Illinois,34,230.0,13.8
23820,Spartanburg Water System,40.8749,-88.33,Illinois,35,100.0,100.0
23876,Fort Atkinson,41.1983,-88.2183,Illinois,35,100.0,100.0
23877,Leander,41.2725,-88.2623,Illinois,35,100.0,100.0
23878,Fouke,41.3152,-88.2796,Illinois,35,100.0,100.0
23879,Navy 1,41.0854,-88.4751,Illinois,35,100.0,100.0
23880,Drift Sand Wind Project Llc,41.154,-88.4591,Illinois,35,100.0,1.0
23881,Rexburg,41.1814,-88.3207,Illinois,35,100.0,100.0
23882,Fremont Community Digester Llc,41.1355,-88.3079,Illinois,35,100.0,100.0
23883,Bolton Falls,41.2405,-88.3508,Illinois,35,100.0,100.0
23884,Carson County,41.1859,-88.5935,Illinois,35,100.0,100.0
23885,Bark River,41.269,-88.0151,Illinois,35,100.0,100.0
23886,Saltville,41.3464,-88.1216,Illinois,35,100.0,100.0
23887,Cherokee,41.2882,-88.1892,Illinois,35,100.0,100.0
23937,Old Smyrna Road,40.9855,-87.9061,Illinois,35,100.0,100.0
23942,First Lift,40.9932,-88.0253,Illinois,35,100.0,100.0
23946,South Edwards,41.0687,-88.065,Illinois,35,100.0,100.0
23947,Prairiecreek,40.9752,-88.1321,Illinois,35,100.0,100.0
23954,Custer,41.0066,-87.766,Illinois,35,100.0,100.0
23955,Riverville,41.0259,-87.7005,Illinois,35,100.0,100.0
24024,Beech Bluff,41.2108,-87.8711,Illinois,35,100.0,100.0
24025,North Omaha,41.2241,-87.8715,Illinois,35,100.0,100.0
24026,Humbolt Term,41.1615,-87.7916,Illinois,35,100.0,100.0
24027,Tsawassen Beach Terminal,41.2187,-87.8778,Illinois,35,230.0,1.0
24028,Hay Canyon,41.1849,-87.7438,Illinois,35,230.0,230.0
24029,Goodyear,41.2154,-87.7425,Illinois,35,100.0,100.0
24030,East Redding,41.0074,-88.204,Illinois,35,100.0,100.0
24031,Reenergy Stratton Llc,41.2896,-87.5527,Illinois,35,100.0,100.0
24032,Fresh Meadows,41.2477,-87.5964,Illinois,35,100.0,100.0
24033,Fitch Road,41.1406,-87.8624,Illinois,35,100.0,100.0
24034,Rio Linda,41.1632,-87.9245,Illinois,35,100.0,100.0
24035,Washington Park Ds,41.035,-87.8253,Illinois,35,500.0,100.0
24036,Davis Creek,41.2181,-87.9024,Illinois,35,100.0,100.0
24037,Wilmot,41.2678,-87.8546,Illinois,35,100.0,100.0
24038,Hoodoo Wash,41.2985,-87.8146,Illinois,35,100.0,100.0
24039,Rumford Industrial Park,41.2476,-87.8852,Illinois,35,100.0,100.0
24040,George Tripp,41.1606,-87.6282,Illinois,35,100.0,100.0
24041,Iron Works,41.1765,-87.7077,Illinois,35,100.0,100.0
24042,Hudson Avenue,40.9735,-87.5891,Illinois,35,100.0,100.0
24061,Convention Center,41.2551,-89.0123,Illinois,35,100.0,100.0
24062,Bonners Ferry,41.2057,-88.7496,Illinois,35,100.0,100.0
24063,Jones Road 30,41.1538,-88.8933,Illinois,35,100.0,100.0
24064,Glenbrook,41.0718,-88.8914,Illinois,35,100.0,100.0
24065,Amo,41.2151,-88.8681,Illinois,35,230.0,100.0
24066,Shoreham Power Station,41.1828,-89.0656,Illinois,35,100.0,100.0
24067,Quil Ceda,41.0794,-88.9727,Illinois,35,100.0,100.0
24077,Sheepskin,40.9412,-88.7513,Illinois,35,100.0,100.0
24078,Greeneville,41.0537,-88.7212,Illinois,35,100.0,100.0
24079,North Wellsville,40.6802,-88.5415,Illinois,35,100.0,100.0
24080,Paul D. Johnson,40.6921,-88.5018,Illinois,35,230.0,100.0
24081,Gratis Road Solar Facility,40.9217,-88.8876,Illinois,35,100.0,100.0
24082,Engadine,40.6744,-88.3768,Illinois,35,100.0,100.0
24083,West Dover,40.7634,-88.3825,Illinois,35,100.0,100.0
24086,South Millersburg,40.9211,-88.5089,Illinois,35,100.0,100.0
24087,Pontiac Midpoint,40.8618,-88.6247,Illinois,35,100.0,100.0
24088,Distrito 5012,40.9391,-88.662,Illinois,35,100.0,100.0
24089,Alachua,40.9096,-88.609,Illinois,35,230.0,230.0
24205,Amos Cwlp,40.8853,-89.0854,Illinois,35,100.0,100.0
24206,Certified,40.9526,-89.1022,Illinois,35,100.0,100.0
24207,Coleman Hatchery,40.8518,-88.9508,Illinois,35,100.0,100.0
24208,Stiles,41.0567,-89.1288,Illinois,35,100.0,100.0
24211,Ocana,41.0237,-89.2626,Illinois,35,100.0,100.0
24250,Clearwater Powerplant Number 1,40.7719,-88.9482,Illinois,35,100.0,100.0
24252,Jewell,40.8,-88.9677,Illinois,35,100.0,100.0
24569,Braidwood,41.2439,-88.2363,Illinois,35,100.0,100.0
24570,Revere Co,41.228,-88.1337,Illinois,35,100.0,100.0
24592,Maalaea,40.9871,-88.5039,Illinois,35,500.0,20.0
24599,Telegraph Canyon,41.1968,-87.8564,Illinois,35,100.0,100.0
24600,Farragut,41.2577,-88.2179,Illinois,35,500.0,18.0
24606,Top Crop,41.1446,-88.5357,Illinois,35,500.0,13.8
24609,Naguabo 2701,41.1696,-87.8501,Illinois,35,100.0,13.8
24612,Cadiz,41.2278,-88.6802,Illinois,35,500.0,1.0
24640,Anza,41.1698,-88.6382,Illinois,35,230.0,13.8
24642,Minonk Wind Farm,40.8866,-88.9811,Illinois,35,500.0,13.8
25101,Bonneville,42.4422,-88.3481,Wisconsin,36,100.0,100.0
25115,Elm West,42.4628,-87.8534,Wisconsin,36,100.0,100.0
25117,Zion Energy Center,42.4704,-87.9156,Wisconsin,36,100.0,100.0
25468,Tiger,42.4831,-88.8725,Wisconsin,36,100.0,100.0
27340,Cordova Energy,41.7352,-90.2631,Iowa,39,69.0,69.0
28028,Quad Cities,41.7348,-90.3046,Iowa,39,161.0,69.0
